id,component,petal_index,zone_tag,faculty_name,u,v,x_m,y_m,z_m,clearance_gap_m,nx,ny,nz,subcouncil
0,Petal,0,ZONE_CLEARANCE_WATERWAY,Faculty of Oceanic Engineering & Power,0.0,-1.0,150.0,0.0,0.0,114.81,0.115,0.0,0.9934,1
1,Petal,0,ZONE_FACULTY_OCEANIC,Faculty of Oceanic Engineering & Power,0.0,-0.875,150.0,0.0,0.0,114.81,0.058,0.0,0.9983,1
2,Petal,0,ZONE_FACULTY_OCEANIC,Faculty of Oceanic Engineering & Power,0.0,-0.75,150.0,0.0,0.0,114.81,0.004,0.0,1.0,1
3,Petal,0,ZONE_FACULTY_OCEANIC,Faculty of Oceanic Engineering & Power,0.0,-0.625,150.0,0.0,0.0,114.81,-0.0463,-0.0,0.9989,1
4,Petal,0,ZONE_FACULTY_OCEANIC,Faculty of Oceanic Engineering & Power,0.0,-0.5,150.0,0.0,0.0,114.81,-0.0928,-0.0,0.9957,1
5,Petal,0,ZONE_FACULTY_OCEANIC,Faculty of Oceanic Engineering & Power,0.0,-0.375,150.0,0.0,0.0,114.81,-0.1351,-0.0,0.9908,1
6,Petal,0,ZONE_FACULTY_OCEANIC,Faculty of Oceanic Engineering & Power,0.0,-0.25,150.0,0.0,0.0,114.81,-0.1733,-0.0,0.9849,1
7,Petal,0,ZONE_FACULTY_OCEANIC,Faculty of Oceanic Engineering & Power,0.0,-0.125,150.0,0.0,0.0,114.81,-0.2073,-0.0,0.9783,1
8,Petal,0,ZONE_FACULTY_OCEANIC,Faculty of Oceanic Engineering & Power,0.0,0.0,150.0,0.0,0.0,114.81,-0.2373,-0.0,0.9714,1
9,Petal,0,ZONE_FACULTY_OCEANIC,Faculty of Oceanic Engineering & Power,0.0,0.125,150.0,0.0,0.0,114.81,-0.2073,-0.0,0.9783,1
10,Petal,0,ZONE_FACULTY_OCEANIC,Faculty of Oceanic Engineering & Power,0.0,0.25,150.0,0.0,0.0,114.81,-0.1733,-0.0,0.9849,1
11,Petal,0,ZONE_FACULTY_OCEANIC,Faculty of Oceanic Engineering & Power,0.0,0.375,150.0,0.0,0.0,114.81,-0.1351,-0.0,0.9908,1
12,Petal,0,ZONE_FACULTY_OCEANIC,Faculty of Oceanic Engineering & Power,0.0,0.5,150.0,0.0,0.0,114.81,-0.0928,-0.0,0.9957,1
13,Petal,0,ZONE_FACULTY_OCEANIC,Faculty of Oceanic Engineering & Power,0.0,0.625,150.0,0.0,0.0,114.81,-0.0463,-0.0,0.9989,1
14,Petal,0,ZONE_FACULTY_OCEANIC,Faculty of Oceanic Engineering & Power,0.0,0.75,150.0,0.0,0.0,114.81,0.004,0.0,1.0,1
15,Petal,0,ZONE_FACULTY_OCEANIC,Faculty of Oceanic Engineering & Power,0.0,0.875,150.0,0.0,0.0,114.81,0.058,0.0,0.9983,1
16,Petal,0,ZONE_CLEARANCE_WATERWAY,Faculty of Oceanic Engineering & Power,0.0,1.0,150.0,0.0,0.0,114.81,0.115,0.0,0.9934,1
17,Petal,0,ZONE_CLEARANCE_WATERWAY,Faculty of Oceanic Engineering & Power,0.0333,-1.0,181.637,-47.021,-2.277,45.0,0.0908,0.9328,0.3487,1
18,Petal,0,ZONE_FACULTY_OCEANIC,Faculty of Oceanic Engineering & Power,0.0333,-0.875,181.637,-41.143,-0.786,45.0,0.0767,0.9348,0.3469,1
19,Petal,0,ZONE_FACULTY_OCEANIC,Faculty of Oceanic Engineering & Power,0.0333,-0.75,181.637,-35.266,0.591,45.0,0.064,0.9364,0.345,1
20,Petal,0,ZONE_FACULTY_OCEANIC,Faculty of Oceanic Engineering & Power,0.0333,-0.625,181.637,-29.388,1.853,45.0,0.0526,0.9378,0.3431,1
21,Petal,0,ZONE_FACULTY_OCEANIC,Faculty of Oceanic Engineering & Power,0.0333,-0.5,181.637,-23.51,3.001,45.0,0.0426,0.9391,0.3411,1
22,Petal,0,ZONE_FACULTY_OCEANIC,Faculty of Oceanic Engineering & Power,0.0333,-0.375,181.637,-17.633,4.035,45.0,0.0339,0.9401,0.3391,1
23,Petal,0,ZONE_FACULTY_OCEANIC,Faculty of Oceanic Engineering & Power,0.0333,-0.25,181.637,-11.755,4.954,45.0,0.0265,0.9411,0.3371,1
24,Petal,0,ZONE_FACULTY_OCEANIC,Faculty of Oceanic Engineering & Power,0.0333,-0.125,181.637,-5.878,5.76,45.0,0.0204,0.942,0.3351,1
25,Petal,0,ZONE_FACULTY_OCEANIC,Faculty of Oceanic Engineering & Power,0.0333,0.0,181.637,0.0,6.45,45.0,0.0146,0.95,0.3119,1
26,Petal,0,ZONE_FACULTY_OCEANIC,Faculty of Oceanic Engineering & Power,0.0333,0.125,181.637,5.878,5.76,45.0,0.0189,0.9505,0.3101,1
27,Petal,0,ZONE_FACULTY_OCEANIC,Faculty of Oceanic Engineering & Power,0.0333,0.25,181.637,11.755,4.954,45.0,0.0242,0.951,0.3083,1
28,Petal,0,ZONE_FACULTY_OCEANIC,Faculty of Oceanic Engineering & Power,0.0333,0.375,181.637,17.633,4.035,45.0,0.0306,0.9514,0.3065,1
29,Petal,0,ZONE_FACULTY_OCEANIC,Faculty of Oceanic Engineering & Power,0.0333,0.5,181.637,23.51,3.001,45.0,0.038,0.9517,0.3046,1
30,Petal,0,ZONE_FACULTY_OCEANIC,Faculty of Oceanic Engineering & Power,0.0333,0.625,181.637,29.388,1.853,45.0,0.0464,0.9519,0.3028,1
31,Petal,0,ZONE_FACULTY_OCEANIC,Faculty of Oceanic Engineering & Power,0.0333,0.75,181.637,35.266,0.591,45.0,0.0558,0.952,0.301,1
32,Petal,0,ZONE_FACULTY_OCEANIC,Faculty of Oceanic Engineering & Power,0.0333,0.875,181.637,41.143,-0.786,45.0,0.0661,0.9519,0.2991,1
33,Petal,0,ZONE_CLEARANCE_WATERWAY,Faculty of Oceanic Engineering & Power,0.0333,1.0,181.637,47.021,-2.277,45.0,0.0836,0.9433,0.3211,1
34,Petal,0,ZONE_CLEARANCE_WATERWAY,Faculty of Oceanic Engineering & Power,0.0667,-1.0,213.273,-59.139,-4.514,45.0,0.0912,0.9699,0.2259,1
35,Petal,0,ZONE_FACULTY_OCEANIC,Faculty of Oceanic Engineering & Power,0.0667,-0.875,213.273,-51.747,-1.818,45.0,0.0825,0.971,0.2246,1
36,Petal,0,ZONE_FACULTY_OCEANIC,Faculty of Oceanic Engineering & Power,0.0667,-0.75,213.273,-44.354,0.651,45.0,0.0747,0.9719,0.2232,1
37,Petal,0,ZONE_FACULTY_OCEANIC,Faculty of Oceanic Engineering & Power,0.0667,-0.625,213.273,-36.962,2.892,45.0,0.0678,0.9727,0.2218,1
38,Petal,0,ZONE_FACULTY_OCEANIC,Faculty of Oceanic Engineering & Power,0.0667,-0.5,213.273,-29.57,4.906,45.0,0.0617,0.9734,0.2205,1
39,Petal,0,ZONE_FACULTY_OCEANIC,Faculty of Oceanic Engineering & Power,0.0667,-0.375,213.273,-22.177,6.693,45.0,0.0565,0.9741,0.2191,1
40,Petal,0,ZONE_FACULTY_OCEANIC,Faculty of Oceanic Engineering & Power,0.0667,-0.25,213.273,-14.785,8.252,45.0,0.0521,0.9746,0.2177,1
41,Petal,0,ZONE_FACULTY_OCEANIC,Faculty of Oceanic Engineering & Power,0.0667,-0.125,213.273,-7.392,9.584,45.0,0.0485,0.9751,0.2163,1
42,Petal,0,ZONE_FACULTY_OCEANIC,Faculty of Oceanic Engineering & Power,0.0667,0.0,213.273,0.0,10.688,45.0,0.0433,0.9781,0.2035,1
43,Petal,0,ZONE_FACULTY_OCEANIC,Faculty of Oceanic Engineering & Power,0.0667,0.125,213.273,7.392,9.584,45.0,0.0454,0.9783,0.2022,1
44,Petal,0,ZONE_FACULTY_OCEANIC,Faculty of Oceanic Engineering & Power,0.0667,0.25,213.273,14.785,8.252,45.0,0.0481,0.9784,0.201,1
45,Petal,0,ZONE_FACULTY_OCEANIC,Faculty of Oceanic Engineering & Power,0.0667,0.375,213.273,22.177,6.693,45.0,0.0515,0.9785,0.1997,1
46,Petal,0,ZONE_FACULTY_OCEANIC,Faculty of Oceanic Engineering & Power,0.0667,0.5,213.273,29.57,4.906,45.0,0.0556,0.9785,0.1985,1
47,Petal,0,ZONE_FACULTY_OCEANIC,Faculty of Oceanic Engineering & Power,0.0667,0.625,213.273,36.962,2.892,45.0,0.0603,0.9785,0.1973,1
48,Petal,0,ZONE_FACULTY_OCEANIC,Faculty of Oceanic Engineering & Power,0.0667,0.75,213.273,44.354,0.651,45.0,0.0656,0.9784,0.196,1
49,Petal,0,ZONE_FACULTY_OCEANIC,Faculty of Oceanic Engineering & Power,0.0667,0.875,213.273,51.747,-1.818,45.0,0.0716,0.9782,0.1948,1
50,Petal,0,ZONE_CLEARANCE_WATERWAY,Faculty of Oceanic Engineering & Power,0.0667,1.0,213.273,59.139,-4.514,45.0,0.0842,0.9744,0.2086,1
51,Petal,0,ZONE_CLEARANCE_WATERWAY,Faculty of Oceanic Engineering & Power,0.1,-1.0,244.91,-71.257,-6.672,45.0,0.0994,0.9782,0.1822,1
52,Petal,0,ZONE_FACULTY_OCEANIC,Faculty of Oceanic Engineering & Power,0.1,-0.875,244.91,-62.35,-2.855,45.0,0.0927,0.9791,0.1811,1
53,Petal,0,ZONE_FACULTY_OCEANIC,Faculty of Oceanic Engineering & Power,0.1,-0.75,244.91,-53.443,0.624,45.0,0.0866,0.9799,0.1799,1
54,Petal,0,ZONE_FACULTY_OCEANIC,Faculty of Oceanic Engineering & Power,0.1,-0.625,244.91,-44.536,3.764,45.0,0.0812,0.9805,0.1788,1
55,Petal,0,ZONE_FACULTY_OCEANIC,Faculty of Oceanic Engineering & Power,0.1,-0.5,244.91,-35.629,6.567,45.0,0.0765,0.9811,0.1777,1
56,Petal,0,ZONE_FACULTY_OCEANIC,Faculty of Oceanic Engineering & Power,0.1,-0.375,244.91,-26.722,9.032,45.0,0.0724,0.9816,0.1766,1
57,Petal,0,ZONE_FACULTY_OCEANIC,Faculty of Oceanic Engineering & Power,0.1,-0.25,244.91,-17.814,11.159,45.0,0.069,0.9821,0.1755,1
58,Petal,0,ZONE_FACULTY_OCEANIC,Faculty of Oceanic Engineering & Power,0.1,-0.125,244.91,-8.907,12.947,45.0,0.0662,0.9825,0.1743,1
59,Petal,0,ZONE_FACULTY_OCEANIC,Faculty of Oceanic Engineering & Power,0.1,0.0,244.91,0.0,14.398,45.0,0.0611,0.9844,0.1651,1
60,Petal,0,ZONE_FACULTY_OCEANIC,Faculty of Oceanic Engineering & Power,0.1,0.125,244.91,8.907,12.947,45.0,0.0623,0.9845,0.1641,1
61,Petal,0,ZONE_FACULTY_OCEANIC,Faculty of Oceanic Engineering & Power,0.1,0.25,244.91,17.814,11.159,45.0,0.0641,0.9845,0.1631,1
62,Petal,0,ZONE_FACULTY_OCEANIC,Faculty of Oceanic Engineering & Power,0.1,0.375,244.91,26.722,9.032,45.0,0.0665,0.9845,0.1621,1
63,Petal,0,ZONE_FACULTY_OCEANIC,Faculty of Oceanic Engineering & Power,0.1,0.5,244.91,35.629,6.567,45.0,0.0693,0.9845,0.1611,1
64,Petal,0,ZONE_FACULTY_OCEANIC,Faculty of Oceanic Engineering & Power,0.1,0.625,244.91,44.536,3.764,45.0,0.0727,0.9844,0.1601,1
65,Petal,0,ZONE_FACULTY_OCEANIC,Faculty of Oceanic Engineering & Power,0.1,0.75,244.91,53.443,0.624,45.0,0.0765,0.9843,0.1591,1
66,Petal,0,ZONE_FACULTY_OCEANIC,Faculty of Oceanic Engineering & Power,0.1,0.875,244.91,62.35,-2.855,45.0,0.0809,0.9841,0.1581,1
67,Petal,0,ZONE_CLEARANCE_WATERWAY,Faculty of Oceanic Engineering & Power,0.1,1.0,244.91,71.257,-6.672,45.0,0.0921,0.9813,0.1688,1
68,Petal,0,ZONE_CLEARANCE_WATERWAY,Faculty of Oceanic Engineering & Power,0.1333,-1.0,276.546,-83.376,-8.711,45.0,0.1097,0.981,0.1598,1
69,Petal,0,ZONE_FACULTY_OCEANIC,Faculty of Oceanic Engineering & Power,0.1333,-0.875,276.546,-72.954,-3.842,45.0,0.104,0.9818,0.1588,1
70,Petal,0,ZONE_FACULTY_OCEANIC,Faculty of Oceanic Engineering & Power,0.1333,-0.75,276.546,-62.532,0.582,45.0,0.0988,0.9825,0.1578,1
71,Petal,0,ZONE_FACULTY_OCEANIC,Faculty of Oceanic Engineering & Power,0.1333,-0.625,276.546,-52.11,4.562,45.0,0.0942,0.9831,0.1568,1
72,Petal,0,ZONE_FACULTY_OCEANIC,Faculty of Oceanic Engineering & Power,0.1333,-0.5,276.546,-41.688,8.096,45.0,0.0902,0.9836,0.1559,1
73,Petal,0,ZONE_FACULTY_OCEANIC,Faculty of Oceanic Engineering & Power,0.1333,-0.375,276.546,-31.266,11.185,45.0,0.0868,0.9841,0.1549,1
74,Petal,0,ZONE_FACULTY_OCEANIC,Faculty of Oceanic Engineering & Power,0.1333,-0.25,276.546,-20.844,13.83,45.0,0.0838,0.9845,0.1539,1
75,Petal,0,ZONE_FACULTY_OCEANIC,Faculty of Oceanic Engineering & Power,0.1333,-0.125,276.546,-10.422,16.03,45.0,0.0814,0.9849,0.153,1
76,Petal,0,ZONE_FACULTY_OCEANIC,Faculty of Oceanic Engineering & Power,0.1333,0.0,276.546,0.0,17.785,45.0,0.0762,0.9864,0.1456,1
77,Petal,0,ZONE_FACULTY_OCEANIC,Faculty of Oceanic Engineering & Power,0.1333,0.125,276.546,10.422,16.03,45.0,0.077,0.9865,0.1447,1
78,Petal,0,ZONE_FACULTY_OCEANIC,Faculty of Oceanic Engineering & Power,0.1333,0.25,276.546,20.844,13.83,45.0,0.0783,0.9865,0.1438,1
79,Petal,0,ZONE_FACULTY_OCEANIC,Faculty of Oceanic Engineering & Power,0.1333,0.375,276.546,31.266,11.185,45.0,0.08,0.9865,0.1429,1
80,Petal,0,ZONE_FACULTY_OCEANIC,Faculty of Oceanic Engineering & Power,0.1333,0.5,276.546,41.688,8.096,45.0,0.0822,0.9864,0.142,1
81,Petal,0,ZONE_FACULTY_OCEANIC,Faculty of Oceanic Engineering & Power,0.1333,0.625,276.546,52.11,4.562,45.0,0.0848,0.9864,0.1411,1
82,Petal,0,ZONE_FACULTY_OCEANIC,Faculty of Oceanic Engineering & Power,0.1333,0.75,276.546,62.532,0.582,45.0,0.0878,0.9862,0.1403,1
83,Petal,0,ZONE_FACULTY_OCEANIC,Faculty of Oceanic Engineering & Power,0.1333,0.875,276.546,72.954,-3.842,45.0,0.0913,0.986,0.1394,1
84,Petal,0,ZONE_CLEARANCE_WATERWAY,Faculty of Oceanic Engineering & Power,0.1333,1.0,276.546,83.376,-8.711,45.0,0.1019,0.9837,0.1484,1
85,Petal,0,ZONE_CLEARANCE_WATERWAY,Faculty of Oceanic Engineering & Power,0.1667,-1.0,308.183,-95.494,-10.594,45.0,0.1207,0.9819,0.1461,1
86,Petal,0,ZONE_FACULTY_OCEANIC,Faculty of Oceanic Engineering & Power,0.1667,-0.875,308.183,-83.557,-4.74,45.0,0.1157,0.9826,0.1452,1
87,Petal,0,ZONE_FACULTY_OCEANIC,Faculty of Oceanic Engineering & Power,0.1667,-0.75,308.183,-71.621,0.568,45.0,0.1111,0.9833,0.1443,1
88,Petal,0,ZONE_FACULTY_OCEANIC,Faculty of Oceanic Engineering & Power,0.1667,-0.625,308.183,-59.684,5.328,45.0,0.1071,0.9838,0.1435,1
89,Petal,0,ZONE_FACULTY_OCEANIC,Faculty of Oceanic Engineering & Power,0.1667,-0.5,308.183,-47.747,9.541,45.0,0.1035,0.9844,0.1426,1
90,Petal,0,ZONE_FACULTY_OCEANIC,Faculty of Oceanic Engineering & Power,0.1667,-0.375,308.183,-35.81,13.208,45.0,0.1005,0.9848,0.1417,1
91,Petal,0,ZONE_FACULTY_OCEANIC,Faculty of Oceanic Engineering & Power,0.1667,-0.25,308.183,-23.874,16.328,45.0,0.0978,0.9852,0.1408,1
92,Petal,0,ZONE_FACULTY_OCEANIC,Faculty of Oceanic Engineering & Power,0.1667,-0.125,308.183,-11.937,18.901,45.0,0.0957,0.9855,0.14,1
93,Petal,0,ZONE_FACULTY_OCEANIC,Faculty of Oceanic Engineering & Power,0.1667,0.0,308.183,0.0,20.927,45.0,0.0904,0.9869,0.1337,1
94,Petal,0,ZONE_FACULTY_OCEANIC,Faculty of Oceanic Engineering & Power,0.1667,0.125,308.183,11.937,18.901,45.0,0.0909,0.987,0.1329,1
95,Petal,0,ZONE_FACULTY_OCEANIC,Faculty of Oceanic Engineering & Power,0.1667,0.25,308.183,23.874,16.328,45.0,0.0918,0.987,0.1321,1
96,Petal,0,ZONE_FACULTY_OCEANIC,Faculty of Oceanic Engineering & Power,0.1667,0.375,308.183,35.81,13.208,45.0,0.0931,0.987,0.1313,1
97,Petal,0,ZONE_FACULTY_OCEANIC,Faculty of Oceanic Engineering & Power,0.1667,0.5,308.183,47.747,9.541,45.0,0.0947,0.9869,0.1305,1
98,Petal,0,ZONE_FACULTY_OCEANIC,Faculty of Oceanic Engineering & Power,0.1667,0.625,308.183,59.684,5.328,45.0,0.0968,0.9868,0.1297,1
99,Petal,0,ZONE_FACULTY_OCEANIC,Faculty of Oceanic Engineering & Power,0.1667,0.75,308.183,71.621,0.568,45.0,0.0992,0.9867,0.1289,1
100,Petal,0,ZONE_FACULTY_OCEANIC,Faculty of Oceanic Engineering & Power,0.1667,0.875,308.183,83.557,-4.74,45.0,0.102,0.9865,0.1281,1
101,Petal,0,ZONE_CLEARANCE_WATERWAY,Faculty of Oceanic Engineering & Power,0.1667,1.0,308.183,95.494,-10.594,45.0,0.1125,0.9843,0.1361,1
102,Petal,0,ZONE_CLEARANCE_WATERWAY,Faculty of Oceanic Engineering & Power,0.2,-1.0,339.819,-107.612,-12.285,45.0,0.132,0.9818,0.1368,1
103,Petal,0,ZONE_FACULTY_OCEANIC,Faculty of Oceanic Engineering & Power,0.2,-0.875,339.819,-94.161,-5.516,45.0,0.1275,0.9825,0.136,1
104,Petal,0,ZONE_FACULTY_OCEANIC,Faculty of Oceanic Engineering & Power,0.2,-0.75,339.819,-80.709,0.609,45.0,0.1235,0.9831,0.1352,1
105,Petal,0,ZONE_FACULTY_OCEANIC,Faculty of Oceanic Engineering & Power,0.2,-0.625,339.819,-67.258,6.092,45.0,0.1198,0.9837,0.1344,1
106,Petal,0,ZONE_FACULTY_OCEANIC,Faculty of Oceanic Engineering & Power,0.2,-0.5,339.819,-53.806,10.932,45.0,0.1166,0.9842,0.1336,1
107,Petal,0,ZONE_FACULTY_OCEANIC,Faculty of Oceanic Engineering & Power,0.2,-0.375,339.819,-40.355,15.129,45.0,0.1138,0.9846,0.1328,1
108,Petal,0,ZONE_FACULTY_OCEANIC,Faculty of Oceanic Engineering & Power,0.2,-0.25,339.819,-26.903,18.683,45.0,0.1114,0.985,0.132,1
109,Petal,0,ZONE_FACULTY_OCEANIC,Faculty of Oceanic Engineering & Power,0.2,-0.125,339.819,-13.452,21.594,45.0,0.1094,0.9853,0.1312,1
110,Petal,0,ZONE_FACULTY_OCEANIC,Faculty of Oceanic Engineering & Power,0.2,0.0,339.819,0.0,23.862,45.0,0.104,0.9866,0.1257,1
111,Petal,0,ZONE_FACULTY_OCEANIC,Faculty of Oceanic Engineering & Power,0.2,0.125,339.819,13.452,21.594,45.0,0.1043,0.9867,0.125,1
112,Petal,0,ZONE_FACULTY_OCEANIC,Faculty of Oceanic Engineering & Power,0.2,0.25,339.819,26.903,18.683,45.0,0.1049,0.9867,0.1242,1
113,Petal,0,ZONE_FACULTY_OCEANIC,Faculty of Oceanic Engineering & Power,0.2,0.375,339.819,40.355,15.129,45.0,0.1058,0.9867,0.1235,1
114,Petal,0,ZONE_FACULTY_OCEANIC,Faculty of Oceanic Engineering & Power,0.2,0.5,339.819,53.806,10.932,45.0,0.1071,0.9866,0.1227,1
115,Petal,0,ZONE_FACULTY_OCEANIC,Faculty of Oceanic Engineering & Power,0.2,0.625,339.819,67.258,6.092,45.0,0.1088,0.9866,0.122,1
116,Petal,0,ZONE_FACULTY_OCEANIC,Faculty of Oceanic Engineering & Power,0.2,0.75,339.819,80.709,0.609,45.0,0.1107,0.9864,0.1213,1
117,Petal,0,ZONE_FACULTY_OCEANIC,Faculty of Oceanic Engineering & Power,0.2,0.875,339.819,94.161,-5.516,45.0,0.113,0.9863,0.1205,1
118,Petal,0,ZONE_CLEARANCE_WATERWAY,Faculty of Oceanic Engineering & Power,0.2,1.0,339.819,107.612,-12.285,45.0,0.1233,0.9841,0.1278,1
119,Petal,0,ZONE_CLEARANCE_WATERWAY,Faculty of Oceanic Engineering & Power,0.2333,-1.0,371.456,-119.731,-13.751,45.0,0.1434,0.9811,0.13,1
120,Petal,0,ZONE_FACULTY_OCEANIC,Faculty of Oceanic Engineering & Power,0.2333,-0.875,371.456,-104.764,-6.144,45.0,0.1393,0.9818,0.1293,1
121,Petal,0,ZONE_FACULTY_OCEANIC,Faculty of Oceanic Engineering & Power,0.2333,-0.75,371.456,-89.798,0.731,45.0,0.1357,0.9824,0.1285,1
122,Petal,0,ZONE_FACULTY_OCEANIC,Faculty of Oceanic Engineering & Power,0.2333,-0.625,371.456,-74.832,6.875,45.0,0.1324,0.9829,0.1278,1
123,Petal,0,ZONE_FACULTY_OCEANIC,Faculty of Oceanic Engineering & Power,0.2333,-0.5,371.456,-59.865,12.286,45.0,0.1295,0.9834,0.127,1
124,Petal,0,ZONE_FACULTY_OCEANIC,Faculty of Oceanic Engineering & Power,0.2333,-0.375,371.456,-44.899,16.965,45.0,0.1269,0.9838,0.1263,1
125,Petal,0,ZONE_FACULTY_OCEANIC,Faculty of Oceanic Engineering & Power,0.2333,-0.25,371.456,-29.933,20.913,45.0,0.1247,0.9842,0.1256,1
126,Petal,0,ZONE_FACULTY_OCEANIC,Faculty of Oceanic Engineering & Power,0.2333,-0.125,371.456,-14.966,24.129,45.0,0.1229,0.9845,0.1248,1
127,Petal,0,ZONE_FACULTY_OCEANIC,Faculty of Oceanic Engineering & Power,0.2333,0.0,371.456,0.0,26.613,45.0,0.1173,0.9858,0.1199,1
128,Petal,0,ZONE_FACULTY_OCEANIC,Faculty of Oceanic Engineering & Power,0.2333,0.125,371.456,14.966,24.129,45.0,0.1174,0.9859,0.1192,1
129,Petal,0,ZONE_FACULTY_OCEANIC,Faculty of Oceanic Engineering & Power,0.2333,0.25,371.456,29.933,20.913,45.0,0.1178,0.9859,0.1185,1
130,Petal,0,ZONE_FACULTY_OCEANIC,Faculty of Oceanic Engineering & Power,0.2333,0.375,371.456,44.899,16.965,45.0,0.1184,0.9859,0.1179,1
131,Petal,0,ZONE_FACULTY_OCEANIC,Faculty of Oceanic Engineering & Power,0.2333,0.5,371.456,59.865,12.286,45.0,0.1194,0.9859,0.1172,1
132,Petal,0,ZONE_FACULTY_OCEANIC,Faculty of Oceanic Engineering & Power,0.2333,0.625,371.456,74.832,6.875,45.0,0.1207,0.9858,0.1165,1
133,Petal,0,ZONE_FACULTY_OCEANIC,Faculty of Oceanic Engineering & Power,0.2333,0.75,371.456,89.798,0.731,45.0,0.1222,0.9857,0.1158,1
134,Petal,0,ZONE_FACULTY_OCEANIC,Faculty of Oceanic Engineering & Power,0.2333,0.875,371.456,104.764,-6.144,45.0,0.1241,0.9856,0.1151,1
135,Petal,0,ZONE_CLEARANCE_WATERWAY,Faculty of Oceanic Engineering & Power,0.2333,1.0,371.456,119.731,-13.751,45.0,0.1343,0.9834,0.1218,1
136,Petal,0,ZONE_CLEARANCE_WATERWAY,Faculty of Oceanic Engineering & Power,0.2667,-1.0,403.092,-131.849,-14.96,45.0,0.1547,0.98,0.1248,1
137,Petal,0,ZONE_FACULTY_OCEANIC,Faculty of Oceanic Engineering & Power,0.2667,-0.875,403.092,-115.368,-6.596,45.0,0.1511,0.9807,0.1241,1
138,Petal,0,ZONE_FACULTY_OCEANIC,Faculty of Oceanic Engineering & Power,0.2667,-0.75,403.092,-98.887,0.954,45.0,0.1478,0.9813,0.1234,1
139,Petal,0,ZONE_FACULTY_OCEANIC,Faculty of Oceanic Engineering & Power,0.2667,-0.625,403.092,-82.406,7.692,45.0,0.1448,0.9818,0.1227,1
140,Petal,0,ZONE_FACULTY_OCEANIC,Faculty of Oceanic Engineering & Power,0.2667,-0.5,403.092,-65.924,13.617,45.0,0.1422,0.9823,0.1221,1
141,Petal,0,ZONE_FACULTY_OCEANIC,Faculty of Oceanic Engineering & Power,0.2667,-0.375,403.092,-49.443,18.73,45.0,0.1399,0.9827,0.1214,1
142,Petal,0,ZONE_FACULTY_OCEANIC,Faculty of Oceanic Engineering & Power,0.2667,-0.25,403.092,-32.962,23.029,45.0,0.1378,0.9831,0.1207,1
143,Petal,0,ZONE_FACULTY_OCEANIC,Faculty of Oceanic Engineering & Power,0.2667,-0.125,403.092,-16.481,26.516,45.0,0.1361,0.9834,0.12,1
144,Petal,0,ZONE_FACULTY_OCEANIC,Faculty of Oceanic Engineering & Power,0.2667,0.0,403.092,0.0,29.19,45.0,0.1305,0.9847,0.1156,1
145,Petal,0,ZONE_FACULTY_OCEANIC,Faculty of Oceanic Engineering & Power,0.2667,0.125,403.092,16.481,26.516,45.0,0.1304,0.9848,0.1149,1
146,Petal,0,ZONE_FACULTY_OCEANIC,Faculty of Oceanic Engineering & Power,0.2667,0.25,403.092,32.962,23.029,45.0,0.1305,0.9848,0.1143,1
147,Petal,0,ZONE_FACULTY_OCEANIC,Faculty of Oceanic Engineering & Power,0.2667,0.375,403.092,49.443,18.73,45.0,0.1309,0.9849,0.1136,1
148,Petal,0,ZONE_FACULTY_OCEANIC,Faculty of Oceanic Engineering & Power,0.2667,0.5,403.092,65.924,13.617,45.0,0.1316,0.9848,0.113,1
149,Petal,0,ZONE_FACULTY_OCEANIC,Faculty of Oceanic Engineering & Power,0.2667,0.625,403.092,82.406,7.692,45.0,0.1326,0.9848,0.1123,1
150,Petal,0,ZONE_FACULTY_OCEANIC,Faculty of Oceanic Engineering & Power,0.2667,0.75,403.092,98.887,0.954,45.0,0.1337,0.9847,0.1117,1
151,Petal,0,ZONE_FACULTY_OCEANIC,Faculty of Oceanic Engineering & Power,0.2667,0.875,403.092,115.368,-6.596,45.0,0.1352,0.9846,0.1111,1
152,Petal,0,ZONE_CLEARANCE_WATERWAY,Faculty of Oceanic Engineering & Power,0.2667,1.0,403.092,131.849,-14.96,45.0,0.1453,0.9824,0.1172,1
153,Petal,0,ZONE_CLEARANCE_WATERWAY,Faculty of Oceanic Engineering & Power,0.3,-1.0,434.729,-143.967,-15.884,45.0,0.1659,0.9787,0.1207,1
154,Petal,0,ZONE_FACULTY_OCEANIC,Faculty of Oceanic Engineering & Power,0.3,-0.875,434.729,-125.971,-6.852,45.0,0.1627,0.9793,0.12,1
155,Petal,0,ZONE_FACULTY_OCEANIC,Faculty of Oceanic Engineering & Power,0.3,-0.75,434.729,-107.975,1.296,45.0,0.1598,0.9799,0.1194,1
156,Petal,0,ZONE_FACULTY_OCEANIC,Faculty of Oceanic Engineering & Power,0.3,-0.625,434.729,-89.98,8.559,45.0,0.1571,0.9804,0.1187,1
157,Petal,0,ZONE_FACULTY_OCEANIC,Faculty of Oceanic Engineering & Power,0.3,-0.5,434.729,-71.984,14.937,45.0,0.1548,0.9809,0.1181,1
158,Petal,0,ZONE_FACULTY_OCEANIC,Faculty of Oceanic Engineering & Power,0.3,-0.375,434.729,-53.988,20.43,45.0,0.1526,0.9813,0.1174,1
159,Petal,0,ZONE_FACULTY_OCEANIC,Faculty of Oceanic Engineering & Power,0.3,-0.25,434.729,-35.992,25.038,45.0,0.1508,0.9816,0.1168,1
160,Petal,0,ZONE_FACULTY_OCEANIC,Faculty of Oceanic Engineering & Power,0.3,-0.125,434.729,-17.996,28.762,45.0,0.1491,0.982,0.1161,1
161,Petal,0,ZONE_FACULTY_OCEANIC,Faculty of Oceanic Engineering & Power,0.3,0.0,434.729,0.0,31.6,45.0,0.1434,0.9833,0.1121,1
162,Petal,0,ZONE_FACULTY_OCEANIC,Faculty of Oceanic Engineering & Power,0.3,0.125,434.729,17.996,28.762,45.0,0.1432,0.9834,0.1115,1
163,Petal,0,ZONE_FACULTY_OCEANIC,Faculty of Oceanic Engineering & Power,0.3,0.25,434.729,35.992,25.038,45.0,0.1432,0.9835,0.1109,1
164,Petal,0,ZONE_FACULTY_OCEANIC,Faculty of Oceanic Engineering & Power,0.3,0.375,434.729,53.988,20.43,45.0,0.1433,0.9835,0.1103,1
165,Petal,0,ZONE_FACULTY_OCEANIC,Faculty of Oceanic Engineering & Power,0.3,0.5,434.729,71.984,14.937,45.0,0.1438,0.9835,0.1097,1
166,Petal,0,ZONE_FACULTY_OCEANIC,Faculty of Oceanic Engineering & Power,0.3,0.625,434.729,89.98,8.559,45.0,0.1444,0.9835,0.1091,1
167,Petal,0,ZONE_FACULTY_OCEANIC,Faculty of Oceanic Engineering & Power,0.3,0.75,434.729,107.975,1.296,45.0,0.1452,0.9834,0.1085,1
168,Petal,0,ZONE_FACULTY_OCEANIC,Faculty of Oceanic Engineering & Power,0.3,0.875,434.729,125.971,-6.852,45.0,0.1463,0.9833,0.1079,1
169,Petal,0,ZONE_CLEARANCE_WATERWAY,Faculty of Oceanic Engineering & Power,0.3,1.0,434.729,143.967,-15.884,45.0,0.1563,0.9812,0.1136,1
170,Petal,0,ZONE_CLEARANCE_WATERWAY,Faculty of Oceanic Engineering & Power,0.3333,-1.0,466.365,-156.086,-16.498,45.0,0.1771,0.9772,0.1172,1
171,Petal,0,ZONE_FACULTY_OCEANIC,Faculty of Oceanic Engineering & Power,0.3333,-0.875,466.365,-136.575,-6.889,45.0,0.1743,0.9778,0.1166,1
172,Petal,0,ZONE_FACULTY_OCEANIC,Faculty of Oceanic Engineering & Power,0.3333,-0.75,466.365,-117.064,1.772,45.0,0.1717,0.9783,0.116,1
173,Petal,0,ZONE_FACULTY_OCEANIC,Faculty of Oceanic Engineering & Power,0.3333,-0.625,466.365,-97.554,9.486,45.0,0.1693,0.9788,0.1154,1
174,Petal,0,ZONE_FACULTY_OCEANIC,Faculty of Oceanic Engineering & Power,0.3333,-0.5,466.365,-78.043,16.253,45.0,0.1672,0.9792,0.1148,1
175,Petal,0,ZONE_FACULTY_OCEANIC,Faculty of Oceanic Engineering & Power,0.3333,-0.375,466.365,-58.532,22.073,45.0,0.1652,0.9796,0.1142,1
176,Petal,0,ZONE_FACULTY_OCEANIC,Faculty of Oceanic Engineering & Power,0.3333,-0.25,466.365,-39.021,26.946,45.0,0.1635,0.98,0.1136,1
177,Petal,0,ZONE_FACULTY_OCEANIC,Faculty of Oceanic Engineering & Power,0.3333,-0.125,466.365,-19.511,30.871,45.0,0.162,0.9803,0.113,1
178,Petal,0,ZONE_FACULTY_OCEANIC,Faculty of Oceanic Engineering & Power,0.3333,0.0,466.365,0.0,33.849,45.0,0.1563,0.9816,0.1093,1
179,Petal,0,ZONE_FACULTY_OCEANIC,Faculty of Oceanic Engineering & Power,0.3333,0.125,466.365,19.511,30.871,45.0,0.1559,0.9818,0.1087,1
180,Petal,0,ZONE_FACULTY_OCEANIC,Faculty of Oceanic Engineering & Power,0.3333,0.25,466.365,39.021,26.946,45.0,0.1557,0.9819,0.1082,1
181,Petal,0,ZONE_FACULTY_OCEANIC,Faculty of Oceanic Engineering & Power,0.3333,0.375,466.365,58.532,22.073,45.0,0.1557,0.9819,0.1076,1
182,Petal,0,ZONE_FACULTY_OCEANIC,Faculty of Oceanic Engineering & Power,0.3333,0.5,466.365,78.043,16.253,45.0,0.1558,0.982,0.107,1
183,Petal,0,ZONE_FACULTY_OCEANIC,Faculty of Oceanic Engineering & Power,0.3333,0.625,466.365,97.554,9.486,45.0,0.1562,0.982,0.1065,1
184,Petal,0,ZONE_FACULTY_OCEANIC,Faculty of Oceanic Engineering & Power,0.3333,0.75,466.365,117.064,1.772,45.0,0.1567,0.9819,0.1059,1
185,Petal,0,ZONE_FACULTY_OCEANIC,Faculty of Oceanic Engineering & Power,0.3333,0.875,466.365,136.575,-6.889,45.0,0.1574,0.9819,0.1054,1
186,Petal,0,ZONE_CLEARANCE_WATERWAY,Faculty of Oceanic Engineering & Power,0.3333,1.0,466.365,156.086,-16.498,45.0,0.1672,0.9797,0.1107,1
187,Petal,0,ZONE_CLEARANCE_WATERWAY,Faculty of Oceanic Engineering & Power,0.3667,-1.0,498.002,-168.204,-16.78,45.0,0.1881,0.9755,0.1143,1
188,Petal,0,ZONE_FACULTY_OCEANIC,Faculty of Oceanic Engineering & Power,0.3667,-0.875,498.002,-147.178,-6.693,45.0,0.1856,0.976,0.1138,1
189,Petal,0,ZONE_FACULTY_OCEANIC,Faculty of Oceanic Engineering & Power,0.3667,-0.75,498.002,-126.153,2.395,45.0,0.1834,0.9765,0.1132,1
190,Petal,0,ZONE_FACULTY_OCEANIC,Faculty of Oceanic Engineering & Power,0.3667,-0.625,498.002,-105.127,10.483,45.0,0.1813,0.977,0.1126,1
191,Petal,0,ZONE_FACULTY_OCEANIC,Faculty of Oceanic Engineering & Power,0.3667,-0.5,498.002,-84.102,17.573,45.0,0.1794,0.9774,0.1121,1
192,Petal,0,ZONE_FACULTY_OCEANIC,Faculty of Oceanic Engineering & Power,0.3667,-0.375,498.002,-63.076,23.663,45.0,0.1777,0.9777,0.1115,1
193,Petal,0,ZONE_FACULTY_OCEANIC,Faculty of Oceanic Engineering & Power,0.3667,-0.25,498.002,-42.051,28.754,45.0,0.1762,0.9781,0.1109,1
194,Petal,0,ZONE_FACULTY_OCEANIC,Faculty of Oceanic Engineering & Power,0.3667,-0.125,498.002,-21.025,32.846,45.0,0.1748,0.9784,0.1104,1
195,Petal,0,ZONE_FACULTY_OCEANIC,Faculty of Oceanic Engineering & Power,0.3667,0.0,498.002,0.0,35.938,45.0,0.1691,0.9798,0.107,1
196,Petal,0,ZONE_FACULTY_OCEANIC,Faculty of Oceanic Engineering & Power,0.3667,0.125,498.002,21.025,32.846,45.0,0.1685,0.9799,0.1064,1
197,Petal,0,ZONE_FACULTY_OCEANIC,Faculty of Oceanic Engineering & Power,0.3667,0.25,498.002,42.051,28.754,45.0,0.1682,0.9801,0.1059,1
198,Petal,0,ZONE_FACULTY_OCEANIC,Faculty of Oceanic Engineering & Power,0.3667,0.375,498.002,63.076,23.663,45.0,0.168,0.9801,0.1054,1
199,Petal,0,ZONE_FACULTY_OCEANIC,Faculty of Oceanic Engineering & Power,0.3667,0.5,498.002,84.102,17.573,45.0,0.1679,0.9802,0.1049,1
200,Petal,0,ZONE_FACULTY_OCEANIC,Faculty of Oceanic Engineering & Power,0.3667,0.625,498.002,105.127,10.483,45.0,0.168,0.9803,0.1043,1
201,Petal,0,ZONE_FACULTY_OCEANIC,Faculty of Oceanic Engineering & Power,0.3667,0.75,498.002,126.153,2.395,45.0,0.1682,0.9803,0.1038,1
202,Petal,0,ZONE_FACULTY_OCEANIC,Faculty of Oceanic Engineering & Power,0.3667,0.875,498.002,147.178,-6.693,45.0,0.1685,0.9803,0.1033,1
203,Petal,0,ZONE_CLEARANCE_WATERWAY,Faculty of Oceanic Engineering & Power,0.3667,1.0,498.002,168.204,-16.78,45.0,0.1781,0.978,0.1083,1
204,Petal,0,ZONE_CLEARANCE_WATERWAY,Faculty of Oceanic Engineering & Power,0.4,-1.0,529.638,-180.322,-16.712,45.0,0.1989,0.9736,0.1118,1
205,Petal,0,ZONE_FACULTY_OCEANIC,Faculty of Oceanic Engineering & Power,0.4,-0.875,529.638,-157.782,-6.248,45.0,0.1969,0.9741,0.1113,1
206,Petal,0,ZONE_FACULTY_OCEANIC,Faculty of Oceanic Engineering & Power,0.4,-0.75,529.638,-135.242,3.175,45.0,0.195,0.9745,0.1108,1
207,Petal,0,ZONE_FACULTY_OCEANIC,Faculty of Oceanic Engineering & Power,0.4,-0.625,529.638,-112.701,11.558,45.0,0.1932,0.9749,0.1102,1
208,Petal,0,ZONE_FACULTY_OCEANIC,Faculty of Oceanic Engineering & Power,0.4,-0.5,529.638,-90.161,18.901,45.0,0.1916,0.9753,0.1097,1
209,Petal,0,ZONE_FACULTY_OCEANIC,Faculty of Oceanic Engineering & Power,0.4,-0.375,529.638,-67.621,25.203,45.0,0.19,0.9757,0.1092,1
210,Petal,0,ZONE_FACULTY_OCEANIC,Faculty of Oceanic Engineering & Power,0.4,-0.25,529.638,-45.081,30.465,45.0,0.1886,0.976,0.1086,1
211,Petal,0,ZONE_FACULTY_OCEANIC,Faculty of Oceanic Engineering & Power,0.4,-0.125,529.638,-22.54,34.687,45.0,0.1874,0.9763,0.1081,1
212,Petal,0,ZONE_FACULTY_OCEANIC,Faculty of Oceanic Engineering & Power,0.4,0.0,529.638,0.0,37.869,45.0,0.1817,0.9777,0.105,1
213,Petal,0,ZONE_FACULTY_OCEANIC,Faculty of Oceanic Engineering & Power,0.4,0.125,529.638,22.54,34.687,45.0,0.1811,0.9779,0.1045,1
214,Petal,0,ZONE_FACULTY_OCEANIC,Faculty of Oceanic Engineering & Power,0.4,0.25,529.638,45.081,30.465,45.0,0.1806,0.978,0.104,1
215,Petal,0,ZONE_FACULTY_OCEANIC,Faculty of Oceanic Engineering & Power,0.4,0.375,529.638,67.621,25.203,45.0,0.1802,0.9782,0.1035,1
216,Petal,0,ZONE_FACULTY_OCEANIC,Faculty of Oceanic Engineering & Power,0.4,0.5,529.638,90.161,18.901,45.0,0.1799,0.9783,0.103,1
217,Petal,0,ZONE_FACULTY_OCEANIC,Faculty of Oceanic Engineering & Power,0.4,0.625,529.638,112.701,11.558,45.0,0.1797,0.9784,0.1025,1
218,Petal,0,ZONE_FACULTY_OCEANIC,Faculty of Oceanic Engineering & Power,0.4,0.75,529.638,135.242,3.175,45.0,0.1796,0.9784,0.102,1
219,Petal,0,ZONE_FACULTY_OCEANIC,Faculty of Oceanic Engineering & Power,0.4,0.875,529.638,157.782,-6.248,45.0,0.1797,0.9785,0.1016,1
220,Petal,0,ZONE_CLEARANCE_WATERWAY,Faculty of Oceanic Engineering & Power,0.4,1.0,529.638,180.322,-16.712,45.0,0.1889,0.9762,0.1062,1
221,Petal,0,ZONE_CLEARANCE_WATERWAY,Faculty of Oceanic Engineering & Power,0.4333,-1.0,561.275,-183.761,-16.279,62.36,0.2007,0.974,0.1049,1
222,Petal,0,ZONE_FACULTY_OCEANIC,Faculty of Oceanic Engineering & Power,0.4333,-0.875,561.275,-160.791,-5.544,62.36,0.1991,0.9744,0.1044,1
223,Petal,0,ZONE_FACULTY_OCEANIC,Faculty of Oceanic Engineering & Power,0.4333,-0.75,561.275,-137.821,4.121,62.36,0.1976,0.9748,0.104,1
224,Petal,0,ZONE_FACULTY_OCEANIC,Faculty of Oceanic Engineering & Power,0.4333,-0.625,561.275,-114.851,12.716,62.36,0.1961,0.9751,0.1035,1
225,Petal,0,ZONE_FACULTY_OCEANIC,Faculty of Oceanic Engineering & Power,0.4333,-0.5,561.275,-91.881,20.241,62.36,0.1948,0.9754,0.103,1
226,Petal,0,ZONE_FACULTY_OCEANIC,Faculty of Oceanic Engineering & Power,0.4333,-0.375,561.275,-68.911,26.696,62.36,0.1935,0.9757,0.1025,1
227,Petal,0,ZONE_FACULTY_OCEANIC,Faculty of Oceanic Engineering & Power,0.4333,-0.25,561.275,-45.94,32.082,62.36,0.1924,0.976,0.1021,1
228,Petal,0,ZONE_FACULTY_OCEANIC,Faculty of Oceanic Engineering & Power,0.4333,-0.125,561.275,-22.97,36.397,62.36,0.1913,0.9763,0.1016,1
229,Petal,0,ZONE_FACULTY_OCEANIC,Faculty of Oceanic Engineering & Power,0.4333,0.0,561.275,0.0,39.643,62.36,0.1859,0.9776,0.0988,1
230,Petal,0,ZONE_FACULTY_OCEANIC,Faculty of Oceanic Engineering & Power,0.4333,0.125,561.275,22.97,36.397,62.36,0.1852,0.9778,0.0984,1
231,Petal,0,ZONE_FACULTY_OCEANIC,Faculty of Oceanic Engineering & Power,0.4333,0.25,561.275,45.94,32.082,62.36,0.1846,0.9779,0.0979,1
232,Petal,0,ZONE_FACULTY_OCEANIC,Faculty of Oceanic Engineering & Power,0.4333,0.375,561.275,68.911,26.696,62.36,0.184,0.9781,0.0975,1
233,Petal,0,ZONE_FACULTY_OCEANIC,Faculty of Oceanic Engineering & Power,0.4333,0.5,561.275,91.881,20.241,62.36,0.1836,0.9782,0.0971,1
234,Petal,0,ZONE_FACULTY_OCEANIC,Faculty of Oceanic Engineering & Power,0.4333,0.625,561.275,114.851,12.716,62.36,0.1832,0.9783,0.0966,1
235,Petal,0,ZONE_FACULTY_OCEANIC,Faculty of Oceanic Engineering & Power,0.4333,0.75,561.275,137.821,4.121,62.36,0.1828,0.9784,0.0962,1
236,Petal,0,ZONE_FACULTY_OCEANIC,Faculty of Oceanic Engineering & Power,0.4333,0.875,561.275,160.791,-5.544,62.36,0.1825,0.9785,0.0958,1
237,Petal,0,ZONE_CLEARANCE_WATERWAY,Faculty of Oceanic Engineering & Power,0.4333,1.0,561.275,183.761,-16.279,62.36,0.1911,0.9765,0.0999,1
238,Petal,0,ZONE_CLEARANCE_WATERWAY,Faculty of Oceanic Engineering & Power,0.4667,-1.0,592.911,-174.314,-15.47,105.49,0.1892,0.9776,0.0925,1
239,Petal,0,ZONE_FACULTY_OCEANIC,Faculty of Oceanic Engineering & Power,0.4667,-0.875,592.911,-152.525,-4.572,105.49,0.1881,0.9778,0.0921,1
240,Petal,0,ZONE_FACULTY_OCEANIC,Faculty of Oceanic Engineering & Power,0.4667,-0.75,592.911,-130.735,5.239,105.49,0.187,0.9781,0.0917,1
241,Petal,0,ZONE_FACULTY_OCEANIC,Faculty of Oceanic Engineering & Power,0.4667,-0.625,592.911,-108.946,13.962,105.49,0.186,0.9783,0.0913,1
242,Petal,0,ZONE_FACULTY_OCEANIC,Faculty of Oceanic Engineering & Power,0.4667,-0.5,592.911,-87.157,21.597,105.49,0.185,0.9785,0.0909,1
243,Petal,0,ZONE_FACULTY_OCEANIC,Faculty of Oceanic Engineering & Power,0.4667,-0.375,592.911,-65.368,28.144,105.49,0.184,0.9788,0.0905,1
244,Petal,0,ZONE_FACULTY_OCEANIC,Faculty of Oceanic Engineering & Power,0.4667,-0.25,592.911,-43.578,33.604,105.49,0.1831,0.979,0.0901,1
245,Petal,0,ZONE_FACULTY_OCEANIC,Faculty of Oceanic Engineering & Power,0.4667,-0.125,592.911,-21.789,37.975,105.49,0.1822,0.9792,0.0897,1
246,Petal,0,ZONE_FACULTY_OCEANIC,Faculty of Oceanic Engineering & Power,0.4667,0.0,592.911,0.0,41.26,105.49,0.1774,0.9802,0.0874,1
247,Petal,0,ZONE_FACULTY_OCEANIC,Faculty of Oceanic Engineering & Power,0.4667,0.125,592.911,21.789,37.975,105.49,0.1768,0.9804,0.087,1
248,Petal,0,ZONE_FACULTY_OCEANIC,Faculty of Oceanic Engineering & Power,0.4667,0.25,592.911,43.578,33.604,105.49,0.1761,0.9806,0.0866,1
249,Petal,0,ZONE_FACULTY_OCEANIC,Faculty of Oceanic Engineering & Power,0.4667,0.375,592.911,65.368,28.144,105.49,0.1755,0.9807,0.0862,1
250,Petal,0,ZONE_FACULTY_OCEANIC,Faculty of Oceanic Engineering & Power,0.4667,0.5,592.911,87.157,21.597,105.49,0.1749,0.9808,0.0859,1
251,Petal,0,ZONE_FACULTY_OCEANIC,Faculty of Oceanic Engineering & Power,0.4667,0.625,592.911,108.946,13.962,105.49,0.1743,0.981,0.0855,1
252,Petal,0,ZONE_FACULTY_OCEANIC,Faculty of Oceanic Engineering & Power,0.4667,0.75,592.911,130.735,5.239,105.49,0.1737,0.9811,0.0852,1
253,Petal,0,ZONE_FACULTY_OCEANIC,Faculty of Oceanic Engineering & Power,0.4667,0.875,592.911,152.525,-4.572,105.49,0.1732,0.9812,0.0848,1
254,Petal,0,ZONE_CLEARANCE_WATERWAY,Faculty of Oceanic Engineering & Power,0.4667,1.0,592.911,174.314,-15.47,105.49,0.1806,0.9796,0.0883,1
255,Petal,0,ZONE_CLEARANCE_WATERWAY,Faculty of Oceanic Engineering & Power,0.5,-1.0,624.548,-164.009,-14.281,150.34,0.177,0.9808,0.0812,1
256,Petal,0,ZONE_FACULTY_OCEANIC,Faculty of Oceanic Engineering & Power,0.5,-0.875,624.548,-143.508,-3.328,150.34,0.1763,0.981,0.0809,1
257,Petal,0,ZONE_FACULTY_OCEANIC,Faculty of Oceanic Engineering & Power,0.5,-0.75,624.548,-123.007,6.532,150.34,0.1756,0.9812,0.0805,1
258,Petal,0,ZONE_FACULTY_OCEANIC,Faculty of Oceanic Engineering & Power,0.5,-0.625,624.548,-102.506,15.297,150.34,0.1749,0.9813,0.0802,1
259,Petal,0,ZONE_FACULTY_OCEANIC,Faculty of Oceanic Engineering & Power,0.5,-0.5,624.548,-82.005,22.969,150.34,0.1742,0.9815,0.0799,1
260,Petal,0,ZONE_FACULTY_OCEANIC,Faculty of Oceanic Engineering & Power,0.5,-0.375,624.548,-61.503,29.547,150.34,0.1735,0.9816,0.0795,1
261,Petal,0,ZONE_FACULTY_OCEANIC,Faculty of Oceanic Engineering & Power,0.5,-0.25,624.548,-41.002,35.032,150.34,0.1728,0.9818,0.0792,1
262,Petal,0,ZONE_FACULTY_OCEANIC,Faculty of Oceanic Engineering & Power,0.5,-0.125,624.548,-20.501,39.422,150.34,0.1721,0.9819,0.0789,1
263,Petal,0,ZONE_FACULTY_OCEANIC,Faculty of Oceanic Engineering & Power,0.5,0.0,624.548,0.0,42.719,150.34,0.1679,0.9828,0.077,1
264,Petal,0,ZONE_FACULTY_OCEANIC,Faculty of Oceanic Engineering & Power,0.5,0.125,624.548,20.501,39.422,150.34,0.1672,0.9829,0.0767,1
265,Petal,0,ZONE_FACULTY_OCEANIC,Faculty of Oceanic Engineering & Power,0.5,0.25,624.548,41.002,35.032,150.34,0.1665,0.9831,0.0763,1
266,Petal,0,ZONE_FACULTY_OCEANIC,Faculty of Oceanic Engineering & Power,0.5,0.375,624.548,61.503,29.547,150.34,0.1659,0.9832,0.076,1
267,Petal,0,ZONE_FACULTY_OCEANIC,Faculty of Oceanic Engineering & Power,0.5,0.5,624.548,82.005,22.969,150.34,0.1652,0.9833,0.0757,1
268,Petal,0,ZONE_FACULTY_OCEANIC,Faculty of Oceanic Engineering & Power,0.5,0.625,624.548,102.506,15.297,150.34,0.1645,0.9835,0.0754,1
269,Petal,0,ZONE_FACULTY_OCEANIC,Faculty of Oceanic Engineering & Power,0.5,0.75,624.548,123.007,6.532,150.34,0.1638,0.9836,0.0751,1
270,Petal,0,ZONE_FACULTY_OCEANIC,Faculty of Oceanic Engineering & Power,0.5,0.875,624.548,143.508,-3.328,150.34,0.1632,0.9838,0.0749,1
271,Petal,0,ZONE_CLEARANCE_WATERWAY,Faculty of Oceanic Engineering & Power,0.5,1.0,624.548,164.009,-14.281,150.34,0.1695,0.9825,0.0778,1
272,Petal,0,ZONE_CLEARANCE_WATERWAY,Faculty of Oceanic Engineering & Power,0.5333,-1.0,656.184,-153.024,-12.708,196.54,0.1643,0.9838,0.0711,1
273,Petal,0,ZONE_FACULTY_OCEANIC,Faculty of Oceanic Engineering & Power,0.5333,-0.875,656.184,-133.896,-1.809,196.54,0.1639,0.9839,0.0708,1
274,Petal,0,ZONE_FACULTY_OCEANIC,Faculty of Oceanic Engineering & Power,0.5333,-0.75,656.184,-114.768,8.001,196.54,0.1635,0.984,0.0705,1
275,Petal,0,ZONE_FACULTY_OCEANIC,Faculty of Oceanic Engineering & Power,0.5333,-0.625,656.184,-95.64,16.724,196.54,0.1631,0.9841,0.0702,1
276,Petal,0,ZONE_FACULTY_OCEANIC,Faculty of Oceanic Engineering & Power,0.5333,-0.5,656.184,-76.512,24.359,196.54,0.1626,0.9842,0.0699,1
277,Petal,0,ZONE_FACULTY_OCEANIC,Faculty of Oceanic Engineering & Power,0.5333,-0.375,656.184,-57.384,30.907,196.54,0.1622,0.9843,0.0697,1
278,Petal,0,ZONE_FACULTY_OCEANIC,Faculty of Oceanic Engineering & Power,0.5333,-0.25,656.184,-38.256,36.366,196.54,0.1616,0.9844,0.0694,1
279,Petal,0,ZONE_FACULTY_OCEANIC,Faculty of Oceanic Engineering & Power,0.5333,-0.125,656.184,-19.128,40.738,196.54,0.1611,0.9845,0.0691,1
280,Petal,0,ZONE_FACULTY_OCEANIC,Faculty of Oceanic Engineering & Power,0.5333,0.0,656.184,0.0,44.022,196.54,0.1575,0.9852,0.0675,1
281,Petal,0,ZONE_FACULTY_OCEANIC,Faculty of Oceanic Engineering & Power,0.5333,0.125,656.184,19.128,40.738,196.54,0.1568,0.9853,0.0673,1
282,Petal,0,ZONE_FACULTY_OCEANIC,Faculty of Oceanic Engineering & Power,0.5333,0.25,656.184,38.256,36.366,196.54,0.1562,0.9855,0.067,1
283,Petal,0,ZONE_FACULTY_OCEANIC,Faculty of Oceanic Engineering & Power,0.5333,0.375,656.184,57.384,30.907,196.54,0.1555,0.9856,0.0668,1
284,Petal,0,ZONE_FACULTY_OCEANIC,Faculty of Oceanic Engineering & Power,0.5333,0.5,656.184,76.512,24.359,196.54,0.1547,0.9857,0.0665,1
285,Petal,0,ZONE_FACULTY_OCEANIC,Faculty of Oceanic Engineering & Power,0.5333,0.625,656.184,95.64,16.724,196.54,0.154,0.9858,0.0663,1
286,Petal,0,ZONE_FACULTY_OCEANIC,Faculty of Oceanic Engineering & Power,0.5333,0.75,656.184,114.768,8.001,196.54,0.1532,0.986,0.066,1
287,Petal,0,ZONE_FACULTY_OCEANIC,Faculty of Oceanic Engineering & Power,0.5333,0.875,656.184,133.896,-1.809,196.54,0.1524,0.9861,0.0658,1
288,Petal,0,ZONE_CLEARANCE_WATERWAY,Faculty of Oceanic Engineering & Power,0.5333,1.0,656.184,153.024,-12.708,196.54,0.1577,0.9851,0.0682,1
289,Petal,0,ZONE_CLEARANCE_WATERWAY,Faculty of Oceanic Engineering & Power,0.5667,-1.0,687.821,-141.519,-10.753,243.79,0.1512,0.9866,0.0618,1
290,Petal,0,ZONE_FACULTY_OCEANIC,Faculty of Oceanic Engineering & Power,0.5667,-0.875,687.821,-123.83,-0.019,243.79,0.1511,0.9866,0.0616,1
291,Petal,0,ZONE_FACULTY_OCEANIC,Faculty of Oceanic Engineering & Power,0.5667,-0.75,687.821,-106.14,9.646,243.79,0.1509,0.9866,0.0614,1
292,Petal,0,ZONE_FACULTY_OCEANIC,Faculty of Oceanic Engineering & Power,0.5667,-0.625,687.821,-88.45,18.241,243.79,0.1507,0.9867,0.0611,1
293,Petal,0,ZONE_FACULTY_OCEANIC,Faculty of Oceanic Engineering & Power,0.5667,-0.5,687.821,-70.76,25.766,243.79,0.1505,0.9867,0.0609,1
294,Petal,0,ZONE_FACULTY_OCEANIC,Faculty of Oceanic Engineering & Power,0.5667,-0.375,687.821,-53.07,32.221,243.79,0.1502,0.9868,0.0607,1
295,Petal,0,ZONE_FACULTY_OCEANIC,Faculty of Oceanic Engineering & Power,0.5667,-0.25,687.821,-35.38,37.607,243.79,0.1498,0.9869,0.0605,1
296,Petal,0,ZONE_FACULTY_OCEANIC,Faculty of Oceanic Engineering & Power,0.5667,-0.125,687.821,-17.69,41.922,243.79,0.1495,0.9869,0.0602,1
297,Petal,0,ZONE_FACULTY_OCEANIC,Faculty of Oceanic Engineering & Power,0.5667,0.0,687.821,0.0,45.168,243.79,0.1464,0.9875,0.059,1
298,Petal,0,ZONE_FACULTY_OCEANIC,Faculty of Oceanic Engineering & Power,0.5667,0.125,687.821,17.69,41.922,243.79,0.1457,0.9876,0.0588,1
299,Petal,0,ZONE_FACULTY_OCEANIC,Faculty of Oceanic Engineering & Power,0.5667,0.25,687.821,35.38,37.607,243.79,0.1451,0.9877,0.0585,1
300,Petal,0,ZONE_FACULTY_OCEANIC,Faculty of Oceanic Engineering & Power,0.5667,0.375,687.821,53.07,32.221,243.79,0.1444,0.9878,0.0583,1
301,Petal,0,ZONE_FACULTY_OCEANIC,Faculty of Oceanic Engineering & Power,0.5667,0.5,687.821,70.76,25.766,243.79,0.1437,0.9879,0.0581,1
302,Petal,0,ZONE_FACULTY_OCEANIC,Faculty of Oceanic Engineering & Power,0.5667,0.625,687.821,88.45,18.241,243.79,0.1429,0.988,0.0579,1
303,Petal,0,ZONE_FACULTY_OCEANIC,Faculty of Oceanic Engineering & Power,0.5667,0.75,687.821,106.14,9.646,243.79,0.1421,0.9882,0.0578,1
304,Petal,0,ZONE_FACULTY_OCEANIC,Faculty of Oceanic Engineering & Power,0.5667,0.875,687.821,123.83,-0.019,243.79,0.1412,0.9883,0.0576,1
305,Petal,0,ZONE_CLEARANCE_WATERWAY,Faculty of Oceanic Engineering & Power,0.5667,1.0,687.821,141.519,-10.753,243.79,0.1456,0.9876,0.0595,1
306,Petal,0,ZONE_CLEARANCE_WATERWAY,Faculty of Oceanic Engineering & Power,0.6,-1.0,719.457,-129.637,-8.424,291.79,0.1379,0.989,0.0534,1
307,Petal,0,ZONE_FACULTY_OCEANIC,Faculty of Oceanic Engineering & Power,0.6,-0.875,719.457,-113.432,2.039,291.79,0.138,0.989,0.0533,1
308,Petal,0,ZONE_FACULTY_OCEANIC,Faculty of Oceanic Engineering & Power,0.6,-0.75,719.457,-97.228,11.463,291.79,0.138,0.989,0.0531,1
309,Petal,0,ZONE_FACULTY_OCEANIC,Faculty of Oceanic Engineering & Power,0.6,-0.625,719.457,-81.023,19.846,291.79,0.138,0.989,0.0529,1
310,Petal,0,ZONE_FACULTY_OCEANIC,Faculty of Oceanic Engineering & Power,0.6,-0.5,719.457,-64.819,27.188,291.79,0.1379,0.989,0.0527,1
311,Petal,0,ZONE_FACULTY_OCEANIC,Faculty of Oceanic Engineering & Power,0.6,-0.375,719.457,-48.614,33.491,291.79,0.1377,0.9891,0.0525,1
312,Petal,0,ZONE_FACULTY_OCEANIC,Faculty of Oceanic Engineering & Power,0.6,-0.25,719.457,-32.409,38.753,291.79,0.1375,0.9891,0.0524,1
313,Petal,0,ZONE_FACULTY_OCEANIC,Faculty of Oceanic Engineering & Power,0.6,-0.125,719.457,-16.205,42.975,291.79,0.1373,0.9892,0.0522,1
314,Petal,0,ZONE_FACULTY_OCEANIC,Faculty of Oceanic Engineering & Power,0.6,0.0,719.457,0.0,46.157,291.79,0.1347,0.9896,0.0512,1
315,Petal,0,ZONE_FACULTY_OCEANIC,Faculty of Oceanic Engineering & Power,0.6,0.125,719.457,16.205,42.975,291.79,0.1341,0.9897,0.051,1
316,Petal,0,ZONE_FACULTY_OCEANIC,Faculty of Oceanic Engineering & Power,0.6,0.25,719.457,32.409,38.753,291.79,0.1335,0.9897,0.0508,1
317,Petal,0,ZONE_FACULTY_OCEANIC,Faculty of Oceanic Engineering & Power,0.6,0.375,719.457,48.614,33.491,291.79,0.1328,0.9898,0.0507,1
318,Petal,0,ZONE_FACULTY_OCEANIC,Faculty of Oceanic Engineering & Power,0.6,0.5,719.457,64.819,27.188,291.79,0.1321,0.99,0.0505,1
319,Petal,0,ZONE_FACULTY_OCEANIC,Faculty of Oceanic Engineering & Power,0.6,0.625,719.457,81.023,19.846,291.79,0.1313,0.9901,0.0503,1
320,Petal,0,ZONE_FACULTY_OCEANIC,Faculty of Oceanic Engineering & Power,0.6,0.75,719.457,97.228,11.463,291.79,0.1305,0.9902,0.0502,1
321,Petal,0,ZONE_FACULTY_OCEANIC,Faculty of Oceanic Engineering & Power,0.6,0.875,719.457,113.432,2.039,291.79,0.1296,0.9903,0.05,1
322,Petal,0,ZONE_CLEARANCE_WATERWAY,Faculty of Oceanic Engineering & Power,0.6,1.0,719.457,129.637,-8.424,291.79,0.1331,0.9898,0.0516,1
323,Petal,0,ZONE_CLEARANCE_WATERWAY,Faculty of Oceanic Engineering & Power,0.6333,-1.0,751.094,-117.507,-5.73,340.29,0.1244,0.9912,0.0459,1
324,Petal,0,ZONE_FACULTY_OCEANIC,Faculty of Oceanic Engineering & Power,0.6333,-0.875,751.094,-102.819,4.357,340.29,0.1247,0.9911,0.0457,1
325,Petal,0,ZONE_FACULTY_OCEANIC,Faculty of Oceanic Engineering & Power,0.6333,-0.75,751.094,-88.13,13.445,340.29,0.1249,0.9911,0.0456,1
326,Petal,0,ZONE_FACULTY_OCEANIC,Faculty of Oceanic Engineering & Power,0.6333,-0.625,751.094,-73.442,21.534,340.29,0.125,0.9911,0.0454,1
327,Petal,0,ZONE_FACULTY_OCEANIC,Faculty of Oceanic Engineering & Power,0.6333,-0.5,751.094,-58.754,28.623,340.29,0.125,0.9911,0.0453,1
328,Petal,0,ZONE_FACULTY_OCEANIC,Faculty of Oceanic Engineering & Power,0.6333,-0.375,751.094,-44.065,34.713,340.29,0.125,0.9911,0.0451,1
329,Petal,0,ZONE_FACULTY_OCEANIC,Faculty of Oceanic Engineering & Power,0.6333,-0.25,751.094,-29.377,39.804,340.29,0.1249,0.9912,0.045,1
330,Petal,0,ZONE_FACULTY_OCEANIC,Faculty of Oceanic Engineering & Power,0.6333,-0.125,751.094,-14.688,43.896,340.29,0.1247,0.9912,0.0449,1
331,Petal,0,ZONE_FACULTY_OCEANIC,Faculty of Oceanic Engineering & Power,0.6333,0.0,751.094,0.0,46.989,340.29,0.1226,0.9915,0.044,1
332,Petal,0,ZONE_FACULTY_OCEANIC,Faculty of Oceanic Engineering & Power,0.6333,0.125,751.094,14.688,43.896,340.29,0.1221,0.9916,0.0439,1
333,Petal,0,ZONE_FACULTY_OCEANIC,Faculty of Oceanic Engineering & Power,0.6333,0.25,751.094,29.377,39.804,340.29,0.1215,0.9916,0.0438,1
334,Petal,0,ZONE_FACULTY_OCEANIC,Faculty of Oceanic Engineering & Power,0.6333,0.375,751.094,44.065,34.713,340.29,0.1209,0.9917,0.0437,1
335,Petal,0,ZONE_FACULTY_OCEANIC,Faculty of Oceanic Engineering & Power,0.6333,0.5,751.094,58.754,28.623,340.29,0.1202,0.9918,0.0435,1
336,Petal,0,ZONE_FACULTY_OCEANIC,Faculty of Oceanic Engineering & Power,0.6333,0.625,751.094,73.442,21.534,340.29,0.1194,0.9919,0.0434,1
337,Petal,0,ZONE_FACULTY_OCEANIC,Faculty of Oceanic Engineering & Power,0.6333,0.75,751.094,88.13,13.445,340.29,0.1186,0.992,0.0433,1
338,Petal,0,ZONE_FACULTY_OCEANIC,Faculty of Oceanic Engineering & Power,0.6333,0.875,751.094,102.819,4.357,340.29,0.1177,0.9921,0.0432,1
339,Petal,0,ZONE_CLEARANCE_WATERWAY,Faculty of Oceanic Engineering & Power,0.6333,1.0,751.094,117.507,-5.73,340.29,0.1205,0.9917,0.0444,1
340,Petal,0,ZONE_CLEARANCE_WATERWAY,Faculty of Oceanic Engineering & Power,0.6667,-1.0,782.731,-105.248,-2.685,389.04,0.111,0.9931,0.039,1
341,Petal,0,ZONE_FACULTY_OCEANIC,Faculty of Oceanic Engineering & Power,0.6667,-0.875,782.731,-92.092,6.923,389.04,0.1113,0.993,0.0389,1
342,Petal,0,ZONE_FACULTY_OCEANIC,Faculty of Oceanic Engineering & Power,0.6667,-0.75,782.731,-78.936,15.585,389.04,0.1116,0.993,0.0387,1
343,Petal,0,ZONE_FACULTY_OCEANIC,Faculty of Oceanic Engineering & Power,0.6667,-0.625,782.731,-65.78,23.299,389.04,0.1118,0.993,0.0386,1
344,Petal,0,ZONE_FACULTY_OCEANIC,Faculty of Oceanic Engineering & Power,0.6667,-0.5,782.731,-52.624,30.066,389.04,0.112,0.993,0.0385,1
345,Petal,0,ZONE_FACULTY_OCEANIC,Faculty of Oceanic Engineering & Power,0.6667,-0.375,782.731,-39.468,35.886,389.04,0.112,0.993,0.0384,1
346,Petal,0,ZONE_FACULTY_OCEANIC,Faculty of Oceanic Engineering & Power,0.6667,-0.25,782.731,-26.312,40.758,389.04,0.112,0.993,0.0383,1
347,Petal,0,ZONE_FACULTY_OCEANIC,Faculty of Oceanic Engineering & Power,0.6667,-0.125,782.731,-13.156,44.684,389.04,0.1119,0.993,0.0382,1
348,Petal,0,ZONE_FACULTY_OCEANIC,Faculty of Oceanic Engineering & Power,0.6667,0.0,782.731,0.0,47.662,389.04,0.1102,0.9932,0.0376,1
349,Petal,0,ZONE_FACULTY_OCEANIC,Faculty of Oceanic Engineering & Power,0.6667,0.125,782.731,13.156,44.684,389.04,0.1097,0.9933,0.0375,1
350,Petal,0,ZONE_FACULTY_OCEANIC,Faculty of Oceanic Engineering & Power,0.6667,0.25,782.731,26.312,40.758,389.04,0.1092,0.9933,0.0374,1
351,Petal,0,ZONE_FACULTY_OCEANIC,Faculty of Oceanic Engineering & Power,0.6667,0.375,782.731,39.468,35.886,389.04,0.1087,0.9934,0.0373,1
352,Petal,0,ZONE_FACULTY_OCEANIC,Faculty of Oceanic Engineering & Power,0.6667,0.5,782.731,52.624,30.066,389.04,0.108,0.9935,0.0372,1
353,Petal,0,ZONE_FACULTY_OCEANIC,Faculty of Oceanic Engineering & Power,0.6667,0.625,782.731,65.78,23.299,389.04,0.1073,0.9935,0.0371,1
354,Petal,0,ZONE_FACULTY_OCEANIC,Faculty of Oceanic Engineering & Power,0.6667,0.75,782.731,78.936,15.585,389.04,0.1065,0.9936,0.037,1
355,Petal,0,ZONE_FACULTY_OCEANIC,Faculty of Oceanic Engineering & Power,0.6667,0.875,782.731,92.092,6.923,389.04,0.1057,0.9937,0.0369,1
356,Petal,0,ZONE_CLEARANCE_WATERWAY,Faculty of Oceanic Engineering & Power,0.6667,1.0,782.731,105.248,-2.685,389.04,0.1078,0.9935,0.0378,1
357,Petal,0,ZONE_CLEARANCE_WATERWAY,Faculty of Oceanic Engineering & Power,0.7,-1.0,814.367,-92.97,0.691,437.83,0.0974,0.9947,0.0327,1
358,Petal,0,ZONE_FACULTY_OCEANIC,Faculty of Oceanic Engineering & Power,0.7,-0.875,814.367,-81.349,9.724,437.83,0.0979,0.9947,0.0327,1
359,Petal,0,ZONE_FACULTY_OCEANIC,Faculty of Oceanic Engineering & Power,0.7,-0.75,814.367,-69.728,17.872,437.83,0.0983,0.9946,0.0326,1
360,Petal,0,ZONE_FACULTY_OCEANIC,Faculty of Oceanic Engineering & Power,0.7,-0.625,814.367,-58.106,25.134,437.83,0.0986,0.9946,0.0325,1
361,Petal,0,ZONE_FACULTY_OCEANIC,Faculty of Oceanic Engineering & Power,0.7,-0.5,814.367,-46.485,31.512,437.83,0.0989,0.9946,0.0324,1
362,Petal,0,ZONE_FACULTY_OCEANIC,Faculty of Oceanic Engineering & Power,0.7,-0.375,814.367,-34.864,37.006,437.83,0.0991,0.9946,0.0323,1
363,Petal,0,ZONE_FACULTY_OCEANIC,Faculty of Oceanic Engineering & Power,0.7,-0.25,814.367,-23.243,41.614,437.83,0.0992,0.9945,0.0322,1
364,Petal,0,ZONE_FACULTY_OCEANIC,Faculty of Oceanic Engineering & Power,0.7,-0.125,814.367,-11.621,45.337,437.83,0.0992,0.9945,0.0322,1
365,Petal,0,ZONE_FACULTY_OCEANIC,Faculty of Oceanic Engineering & Power,0.7,0.0,814.367,0.0,48.176,437.83,0.0979,0.9947,0.0317,1
366,Petal,0,ZONE_FACULTY_OCEANIC,Faculty of Oceanic Engineering & Power,0.7,0.125,814.367,11.621,45.337,437.83,0.0975,0.9947,0.0316,1
367,Petal,0,ZONE_FACULTY_OCEANIC,Faculty of Oceanic Engineering & Power,0.7,0.25,814.367,23.243,41.614,437.83,0.097,0.9948,0.0315,1
368,Petal,0,ZONE_FACULTY_OCEANIC,Faculty of Oceanic Engineering & Power,0.7,0.375,814.367,34.864,37.006,437.83,0.0964,0.9948,0.0314,1
369,Petal,0,ZONE_FACULTY_OCEANIC,Faculty of Oceanic Engineering & Power,0.7,0.5,814.367,46.485,31.512,437.83,0.0958,0.9949,0.0314,1
370,Petal,0,ZONE_FACULTY_OCEANIC,Faculty of Oceanic Engineering & Power,0.7,0.625,814.367,58.106,25.134,437.83,0.095,0.995,0.0313,1
371,Petal,0,ZONE_FACULTY_OCEANIC,Faculty of Oceanic Engineering & Power,0.7,0.75,814.367,69.728,17.872,437.83,0.0942,0.9951,0.0312,1
372,Petal,0,ZONE_FACULTY_OCEANIC,Faculty of Oceanic Engineering & Power,0.7,0.875,814.367,81.349,9.724,437.83,0.0934,0.9951,0.0312,1
373,Petal,0,ZONE_CLEARANCE_WATERWAY,Faculty of Oceanic Engineering & Power,0.7,1.0,814.367,92.97,0.691,437.83,0.0949,0.995,0.0319,1
374,Petal,0,ZONE_CLEARANCE_WATERWAY,Faculty of Oceanic Engineering & Power,0.7333,-1.0,846.004,-80.775,4.228,486.46,0.0829,0.9962,0.0281,1
375,Petal,0,ZONE_FACULTY_OCEANIC,Faculty of Oceanic Engineering & Power,0.7333,-0.875,846.004,-70.678,12.305,486.46,0.0839,0.9961,0.028,1
376,Petal,0,ZONE_FACULTY_OCEANIC,Faculty of Oceanic Engineering & Power,0.7333,-0.75,846.004,-60.581,19.596,486.46,0.0847,0.996,0.0279,1
377,Petal,0,ZONE_FACULTY_OCEANIC,Faculty of Oceanic Engineering & Power,0.7333,-0.625,846.004,-50.484,26.103,486.46,0.0854,0.996,0.0279,1
378,Petal,0,ZONE_FACULTY_OCEANIC,Faculty of Oceanic Engineering & Power,0.7333,-0.5,846.004,-40.388,31.825,486.46,0.086,0.9959,0.0278,1
379,Petal,0,ZONE_FACULTY_OCEANIC,Faculty of Oceanic Engineering & Power,0.7333,-0.375,846.004,-30.291,36.762,486.46,0.0865,0.9959,0.0278,1
380,Petal,0,ZONE_FACULTY_OCEANIC,Faculty of Oceanic Engineering & Power,0.7333,-0.25,846.004,-20.194,40.914,486.46,0.0869,0.9958,0.0277,1
381,Petal,0,ZONE_FACULTY_OCEANIC,Faculty of Oceanic Engineering & Power,0.7333,-0.125,846.004,-10.097,44.281,486.46,0.0871,0.9958,0.0276,1
382,Petal,0,ZONE_FACULTY_OCEANIC,Faculty of Oceanic Engineering & Power,0.7333,0.0,846.004,0.0,46.863,486.46,0.0862,0.9959,0.0272,1
383,Petal,0,ZONE_FACULTY_OCEANIC,Faculty of Oceanic Engineering & Power,0.7333,0.125,846.004,10.097,44.281,486.46,0.0858,0.9959,0.0272,1
384,Petal,0,ZONE_FACULTY_OCEANIC,Faculty of Oceanic Engineering & Power,0.7333,0.25,846.004,20.194,40.914,486.46,0.0851,0.996,0.0271,1
385,Petal,0,ZONE_FACULTY_OCEANIC,Faculty of Oceanic Engineering & Power,0.7333,0.375,846.004,30.291,36.762,486.46,0.0844,0.9961,0.0271,1
386,Petal,0,ZONE_FACULTY_OCEANIC,Faculty of Oceanic Engineering & Power,0.7333,0.5,846.004,40.388,31.825,486.46,0.0836,0.9961,0.027,1
387,Petal,0,ZONE_FACULTY_OCEANIC,Faculty of Oceanic Engineering & Power,0.7333,0.625,846.004,50.484,26.103,486.46,0.0827,0.9962,0.027,1
388,Petal,0,ZONE_FACULTY_OCEANIC,Faculty of Oceanic Engineering & Power,0.7333,0.75,846.004,60.581,19.596,486.46,0.0816,0.9963,0.0269,1
389,Petal,0,ZONE_FACULTY_OCEANIC,Faculty of Oceanic Engineering & Power,0.7333,0.875,846.004,70.678,12.305,486.46,0.0804,0.9964,0.0269,1
390,Petal,0,ZONE_CLEARANCE_WATERWAY,Faculty of Oceanic Engineering & Power,0.7333,1.0,846.004,80.775,4.228,486.46,0.081,0.9963,0.0274,1
391,Petal,0,ZONE_CLEARANCE_WATERWAY,Faculty of Oceanic Engineering & Power,0.7667,-1.0,877.64,-68.76,7.296,534.73,0.0696,0.9973,0.0252,1
392,Petal,0,ZONE_FACULTY_OCEANIC,Faculty of Oceanic Engineering & Power,0.7667,-0.875,877.64,-60.165,13.943,534.73,0.0707,0.9972,0.0252,1
393,Petal,0,ZONE_FACULTY_OCEANIC,Faculty of Oceanic Engineering & Power,0.7667,-0.75,877.64,-51.57,19.95,534.73,0.0717,0.9971,0.0251,1
394,Petal,0,ZONE_FACULTY_OCEANIC,Faculty of Oceanic Engineering & Power,0.7667,-0.625,877.64,-42.975,25.318,534.73,0.0726,0.997,0.0251,1
395,Petal,0,ZONE_FACULTY_OCEANIC,Faculty of Oceanic Engineering & Power,0.7667,-0.5,877.64,-34.38,30.047,534.73,0.0733,0.997,0.025,1
396,Petal,0,ZONE_FACULTY_OCEANIC,Faculty of Oceanic Engineering & Power,0.7667,-0.375,877.64,-25.785,34.136,534.73,0.0739,0.997,0.025,1
397,Petal,0,ZONE_FACULTY_OCEANIC,Faculty of Oceanic Engineering & Power,0.7667,-0.25,877.64,-17.19,37.585,534.73,0.0744,0.9969,0.0249,1
398,Petal,0,ZONE_FACULTY_OCEANIC,Faculty of Oceanic Engineering & Power,0.7667,-0.125,877.64,-8.595,40.395,534.73,0.0748,0.9969,0.0249,1
399,Petal,0,ZONE_FACULTY_OCEANIC,Faculty of Oceanic Engineering & Power,0.7667,0.0,877.64,0.0,42.565,534.73,0.0742,0.9969,0.0246,1
400,Petal,0,ZONE_FACULTY_OCEANIC,Faculty of Oceanic Engineering & Power,0.7667,0.125,877.64,8.595,40.395,534.73,0.0737,0.997,0.0245,1
401,Petal,0,ZONE_FACULTY_OCEANIC,Faculty of Oceanic Engineering & Power,0.7667,0.25,877.64,17.19,37.585,534.73,0.0731,0.997,0.0245,1
402,Petal,0,ZONE_FACULTY_OCEANIC,Faculty of Oceanic Engineering & Power,0.7667,0.375,877.64,25.785,34.136,534.73,0.0723,0.9971,0.0244,1
403,Petal,0,ZONE_FACULTY_OCEANIC,Faculty of Oceanic Engineering & Power,0.7667,0.5,877.64,34.38,30.047,534.73,0.0715,0.9971,0.0244,1
404,Petal,0,ZONE_FACULTY_OCEANIC,Faculty of Oceanic Engineering & Power,0.7667,0.625,877.64,42.975,25.318,534.73,0.0705,0.9972,0.0243,1
405,Petal,0,ZONE_FACULTY_OCEANIC,Faculty of Oceanic Engineering & Power,0.7667,0.75,877.64,51.57,19.95,534.73,0.0694,0.9973,0.0243,1
406,Petal,0,ZONE_FACULTY_OCEANIC,Faculty of Oceanic Engineering & Power,0.7667,0.875,877.64,60.165,13.943,534.73,0.0682,0.9974,0.0243,1
407,Petal,0,ZONE_CLEARANCE_WATERWAY,Faculty of Oceanic Engineering & Power,0.7667,1.0,877.64,68.76,7.296,534.73,0.0682,0.9974,0.0247,1
408,Petal,0,ZONE_CLEARANCE_WATERWAY,Faculty of Oceanic Engineering & Power,0.8,-1.0,909.277,-57.02,9.317,582.44,0.0571,0.9981,0.0236,1
409,Petal,0,ZONE_FACULTY_OCEANIC,Faculty of Oceanic Engineering & Power,0.8,-0.875,909.277,-49.893,14.331,582.44,0.0582,0.998,0.0235,1
410,Petal,0,ZONE_FACULTY_OCEANIC,Faculty of Oceanic Engineering & Power,0.8,-0.75,909.277,-42.765,18.868,582.44,0.0592,0.998,0.0235,1
411,Petal,0,ZONE_FACULTY_OCEANIC,Faculty of Oceanic Engineering & Power,0.8,-0.625,909.277,-35.638,22.93,582.44,0.0601,0.9979,0.0235,1
412,Petal,0,ZONE_FACULTY_OCEANIC,Faculty of Oceanic Engineering & Power,0.8,-0.5,909.277,-28.51,26.515,582.44,0.0608,0.9979,0.0234,1
413,Petal,0,ZONE_FACULTY_OCEANIC,Faculty of Oceanic Engineering & Power,0.8,-0.375,909.277,-21.383,29.624,582.44,0.0615,0.9978,0.0234,1
414,Petal,0,ZONE_FACULTY_OCEANIC,Faculty of Oceanic Engineering & Power,0.8,-0.25,909.277,-14.255,32.256,582.44,0.062,0.9978,0.0234,1
415,Petal,0,ZONE_FACULTY_OCEANIC,Faculty of Oceanic Engineering & Power,0.8,-0.125,909.277,-7.128,34.413,582.44,0.0624,0.9978,0.0233,1
416,Petal,0,ZONE_FACULTY_OCEANIC,Faculty of Oceanic Engineering & Power,0.8,0.0,909.277,0.0,36.093,582.44,0.0621,0.9978,0.0231,1
417,Petal,0,ZONE_FACULTY_OCEANIC,Faculty of Oceanic Engineering & Power,0.8,0.125,909.277,7.128,34.413,582.44,0.0616,0.9978,0.023,1
418,Petal,0,ZONE_FACULTY_OCEANIC,Faculty of Oceanic Engineering & Power,0.8,0.25,909.277,14.255,32.256,582.44,0.061,0.9979,0.023,1
419,Petal,0,ZONE_FACULTY_OCEANIC,Faculty of Oceanic Engineering & Power,0.8,0.375,909.277,21.383,29.624,582.44,0.0603,0.9979,0.023,1
420,Petal,0,ZONE_FACULTY_OCEANIC,Faculty of Oceanic Engineering & Power,0.8,0.5,909.277,28.51,26.515,582.44,0.0595,0.998,0.0229,1
421,Petal,0,ZONE_FACULTY_OCEANIC,Faculty of Oceanic Engineering & Power,0.8,0.625,909.277,35.638,22.93,582.44,0.0586,0.998,0.0229,1
422,Petal,0,ZONE_FACULTY_OCEANIC,Faculty of Oceanic Engineering & Power,0.8,0.75,909.277,42.765,18.868,582.44,0.0576,0.9981,0.0229,1
423,Petal,0,ZONE_FACULTY_OCEANIC,Faculty of Oceanic Engineering & Power,0.8,0.875,909.277,49.893,14.331,582.44,0.0564,0.9981,0.0228,1
424,Petal,0,ZONE_CLEARANCE_WATERWAY,Faculty of Oceanic Engineering & Power,0.8,1.0,909.277,57.02,9.317,582.44,0.0561,0.9982,0.0232,1
425,Petal,0,ZONE_CLEARANCE_WATERWAY,Faculty of Oceanic Engineering & Power,0.8333,-1.0,940.913,-45.653,9.93,629.42,0.0453,0.9987,0.023,1
426,Petal,0,ZONE_FACULTY_OCEANIC,Faculty of Oceanic Engineering & Power,0.8333,-0.875,940.913,-39.946,13.342,629.42,0.0464,0.9987,0.0229,1
427,Petal,0,ZONE_FACULTY_OCEANIC,Faculty of Oceanic Engineering & Power,0.8333,-0.75,940.913,-34.24,16.436,629.42,0.0473,0.9986,0.0229,1
428,Petal,0,ZONE_FACULTY_OCEANIC,Faculty of Oceanic Engineering & Power,0.8333,-0.625,940.913,-28.533,19.212,629.42,0.0481,0.9986,0.0229,1
429,Petal,0,ZONE_FACULTY_OCEANIC,Faculty of Oceanic Engineering & Power,0.8333,-0.5,940.913,-22.826,21.668,629.42,0.0488,0.9985,0.0229,1
430,Petal,0,ZONE_FACULTY_OCEANIC,Faculty of Oceanic Engineering & Power,0.8333,-0.375,940.913,-17.12,23.806,629.42,0.0493,0.9985,0.0228,1
431,Petal,0,ZONE_FACULTY_OCEANIC,Faculty of Oceanic Engineering & Power,0.8333,-0.25,940.913,-11.413,25.624,629.42,0.0498,0.9985,0.0228,1
432,Petal,0,ZONE_FACULTY_OCEANIC,Faculty of Oceanic Engineering & Power,0.8333,-0.125,940.913,-5.707,27.124,629.42,0.0502,0.9985,0.0228,1
433,Petal,0,ZONE_FACULTY_OCEANIC,Faculty of Oceanic Engineering & Power,0.8333,0.0,940.913,0.0,28.305,629.42,0.0501,0.9985,0.0225,1
434,Petal,0,ZONE_FACULTY_OCEANIC,Faculty of Oceanic Engineering & Power,0.8333,0.125,940.913,5.707,27.124,629.42,0.0497,0.9985,0.0225,1
435,Petal,0,ZONE_FACULTY_OCEANIC,Faculty of Oceanic Engineering & Power,0.8333,0.25,940.913,11.413,25.624,629.42,0.0492,0.9985,0.0225,1
436,Petal,0,ZONE_FACULTY_OCEANIC,Faculty of Oceanic Engineering & Power,0.8333,0.375,940.913,17.12,23.806,629.42,0.0486,0.9986,0.0225,1
437,Petal,0,ZONE_FACULTY_OCEANIC,Faculty of Oceanic Engineering & Power,0.8333,0.5,940.913,22.826,21.668,629.42,0.0479,0.9986,0.0224,1
438,Petal,0,ZONE_FACULTY_OCEANIC,Faculty of Oceanic Engineering & Power,0.8333,0.625,940.913,28.533,19.212,629.42,0.0471,0.9986,0.0224,1
439,Petal,0,ZONE_FACULTY_OCEANIC,Faculty of Oceanic Engineering & Power,0.8333,0.75,940.913,34.24,16.436,629.42,0.0462,0.9987,0.0224,1
440,Petal,0,ZONE_FACULTY_OCEANIC,Faculty of Oceanic Engineering & Power,0.8333,0.875,940.913,39.946,13.342,629.42,0.0452,0.9987,0.0224,1
441,Petal,0,ZONE_CLEARANCE_WATERWAY,Faculty of Oceanic Engineering & Power,0.8333,1.0,940.913,45.653,9.93,629.42,0.0447,0.9987,0.0226,1
442,Petal,0,ZONE_CLEARANCE_WATERWAY,Faculty of Oceanic Engineering & Power,0.8667,-1.0,972.55,-34.761,9.04,675.44,0.0343,0.9991,0.0235,1
443,Petal,0,ZONE_HARBOR_BERTH,Faculty of Oceanic Engineering & Power,0.8667,-0.875,972.55,-30.416,11.07,675.44,0.0352,0.9991,0.0234,1
444,Petal,0,ZONE_HARBOR_BERTH,Faculty of Oceanic Engineering & Power,0.8667,-0.75,972.55,-26.07,12.915,675.44,0.0359,0.9991,0.0234,1
445,Petal,0,ZONE_HARBOR_BERTH,Faculty of Oceanic Engineering & Power,0.8667,-0.625,972.55,-21.725,14.574,675.44,0.0366,0.9991,0.0234,1
446,Petal,0,ZONE_HARBOR_BERTH,Faculty of Oceanic Engineering & Power,0.8667,-0.5,972.55,-17.38,16.048,675.44,0.0372,0.999,0.0234,1
447,Petal,0,ZONE_HARBOR_BERTH,Faculty of Oceanic Engineering & Power,0.8667,-0.375,972.55,-13.035,17.337,675.44,0.0377,0.999,0.0233,1
448,Petal,0,ZONE_HARBOR_BERTH,Faculty of Oceanic Engineering & Power,0.8667,-0.25,972.55,-8.69,18.439,675.44,0.0381,0.999,0.0233,1
449,Petal,0,ZONE_HARBOR_BERTH,Faculty of Oceanic Engineering & Power,0.8667,-0.125,972.55,-4.345,19.357,675.44,0.0384,0.999,0.0233,1
450,Petal,0,ZONE_HARBOR_BERTH,Faculty of Oceanic Engineering & Power,0.8667,0.0,972.55,0.0,20.089,675.44,0.0384,0.999,0.0231,1
451,Petal,0,ZONE_HARBOR_BERTH,Faculty of Oceanic Engineering & Power,0.8667,0.125,972.55,4.345,19.357,675.44,0.0381,0.999,0.0231,1
452,Petal,0,ZONE_HARBOR_BERTH,Faculty of Oceanic Engineering & Power,0.8667,0.25,972.55,8.69,18.439,675.44,0.0377,0.999,0.0231,1
453,Petal,0,ZONE_HARBOR_BERTH,Faculty of Oceanic Engineering & Power,0.8667,0.375,972.55,13.035,17.337,675.44,0.0372,0.999,0.023,1
454,Petal,0,ZONE_HARBOR_BERTH,Faculty of Oceanic Engineering & Power,0.8667,0.5,972.55,17.38,16.048,675.44,0.0366,0.9991,0.023,1
455,Petal,0,ZONE_HARBOR_BERTH,Faculty of Oceanic Engineering & Power,0.8667,0.625,972.55,21.725,14.574,675.44,0.036,0.9991,0.023,1
456,Petal,0,ZONE_HARBOR_BERTH,Faculty of Oceanic Engineering & Power,0.8667,0.75,972.55,26.07,12.915,675.44,0.0353,0.9991,0.023,1
457,Petal,0,ZONE_HARBOR_BERTH,Faculty of Oceanic Engineering & Power,0.8667,0.875,972.55,30.416,11.07,675.44,0.0345,0.9991,0.023,1
458,Petal,0,ZONE_CLEARANCE_WATERWAY,Faculty of Oceanic Engineering & Power,0.8667,1.0,972.55,34.761,9.04,675.44,0.0339,0.9992,0.0232,1
459,Petal,0,ZONE_CLEARANCE_WATERWAY,Faculty of Oceanic Engineering & Power,0.9,-1.0,1004.186,-24.466,6.865,720.26,0.0241,0.9994,0.0255,1
460,Petal,0,ZONE_HARBOR_BERTH,Faculty of Oceanic Engineering & Power,0.9,-0.875,1004.186,-21.408,7.854,720.26,0.0247,0.9994,0.0255,1
461,Petal,0,ZONE_HARBOR_BERTH,Faculty of Oceanic Engineering & Power,0.9,-0.75,1004.186,-18.35,8.756,720.26,0.0253,0.9994,0.0255,1
462,Petal,0,ZONE_HARBOR_BERTH,Faculty of Oceanic Engineering & Power,0.9,-0.625,1004.186,-15.291,9.571,720.26,0.0258,0.9993,0.0254,1
463,Petal,0,ZONE_HARBOR_BERTH,Faculty of Oceanic Engineering & Power,0.9,-0.5,1004.186,-12.233,10.297,720.26,0.0262,0.9993,0.0254,1
464,Petal,0,ZONE_HARBOR_BERTH,Faculty of Oceanic Engineering & Power,0.9,-0.375,1004.186,-9.175,10.936,720.26,0.0266,0.9993,0.0254,1
465,Petal,0,ZONE_HARBOR_BERTH,Faculty of Oceanic Engineering & Power,0.9,-0.25,1004.186,-6.117,11.488,720.26,0.0269,0.9993,0.0254,1
466,Petal,0,ZONE_HARBOR_BERTH,Faculty of Oceanic Engineering & Power,0.9,-0.125,1004.186,-3.058,11.951,720.26,0.0272,0.9993,0.0254,1
467,Petal,0,ZONE_HARBOR_BERTH,Faculty of Oceanic Engineering & Power,0.9,0.0,1004.186,0.0,12.328,720.26,0.0272,0.9993,0.0252,1
468,Petal,0,ZONE_HARBOR_BERTH,Faculty of Oceanic Engineering & Power,0.9,0.125,1004.186,3.058,11.951,720.26,0.027,0.9993,0.0252,1
469,Petal,0,ZONE_HARBOR_BERTH,Faculty of Oceanic Engineering & Power,0.9,0.25,1004.186,6.117,11.488,720.26,0.0267,0.9993,0.0252,1
470,Petal,0,ZONE_HARBOR_BERTH,Faculty of Oceanic Engineering & Power,0.9,0.375,1004.186,9.175,10.936,720.26,0.0263,0.9993,0.0252,1
471,Petal,0,ZONE_HARBOR_BERTH,Faculty of Oceanic Engineering & Power,0.9,0.5,1004.186,12.233,10.297,720.26,0.0259,0.9993,0.0251,1
472,Petal,0,ZONE_HARBOR_BERTH,Faculty of Oceanic Engineering & Power,0.9,0.625,1004.186,15.291,9.571,720.26,0.0254,0.9994,0.0251,1
473,Petal,0,ZONE_HARBOR_BERTH,Faculty of Oceanic Engineering & Power,0.9,0.75,1004.186,18.35,8.756,720.26,0.0249,0.9994,0.0251,1
474,Petal,0,ZONE_HARBOR_BERTH,Faculty of Oceanic Engineering & Power,0.9,0.875,1004.186,21.408,7.854,720.26,0.0243,0.9994,0.0251,1
475,Petal,0,ZONE_CLEARANCE_WATERWAY,Faculty of Oceanic Engineering & Power,0.9,1.0,1004.186,24.466,6.865,720.26,0.0239,0.9994,0.0253,1
476,Petal,0,ZONE_CLEARANCE_WATERWAY,Faculty of Oceanic Engineering & Power,0.9333,-1.0,1035.823,-14.934,3.963,763.56,0.0147,0.9994,0.0308,1
477,Petal,0,ZONE_HARBOR_BERTH,Faculty of Oceanic Engineering & Power,0.9333,-0.875,1035.823,-13.067,4.303,763.56,0.0151,0.9994,0.0307,1
478,Petal,0,ZONE_HARBOR_BERTH,Faculty of Oceanic Engineering & Power,0.9333,-0.75,1035.823,-11.201,4.614,763.56,0.0154,0.9994,0.0307,1
479,Petal,0,ZONE_HARBOR_BERTH,Faculty of Oceanic Engineering & Power,0.9333,-0.625,1035.823,-9.334,4.897,763.56,0.0158,0.9994,0.0307,1
480,Petal,0,ZONE_HARBOR_BERTH,Faculty of Oceanic Engineering & Power,0.9333,-0.5,1035.823,-7.467,5.151,763.56,0.016,0.9994,0.0307,1
481,Petal,0,ZONE_HARBOR_BERTH,Faculty of Oceanic Engineering & Power,0.9333,-0.375,1035.823,-5.6,5.377,763.56,0.0163,0.9994,0.0307,1
482,Petal,0,ZONE_HARBOR_BERTH,Faculty of Oceanic Engineering & Power,0.9333,-0.25,1035.823,-3.734,5.574,763.56,0.0165,0.9994,0.0307,1
483,Petal,0,ZONE_HARBOR_BERTH,Faculty of Oceanic Engineering & Power,0.9333,-0.125,1035.823,-1.867,5.742,763.56,0.0167,0.9994,0.0307,1
484,Petal,0,ZONE_HARBOR_BERTH,Faculty of Oceanic Engineering & Power,0.9333,0.0,1035.823,0.0,5.881,763.56,0.0167,0.9994,0.0305,1
485,Petal,0,ZONE_HARBOR_BERTH,Faculty of Oceanic Engineering & Power,0.9333,0.125,1035.823,1.867,5.742,763.56,0.0166,0.9994,0.0305,1
486,Petal,0,ZONE_HARBOR_BERTH,Faculty of Oceanic Engineering & Power,0.9333,0.25,1035.823,3.734,5.574,763.56,0.0164,0.9994,0.0305,1
487,Petal,0,ZONE_HARBOR_BERTH,Faculty of Oceanic Engineering & Power,0.9333,0.375,1035.823,5.6,5.377,763.56,0.0162,0.9994,0.0305,1
488,Petal,0,ZONE_HARBOR_BERTH,Faculty of Oceanic Engineering & Power,0.9333,0.5,1035.823,7.467,5.151,763.56,0.0159,0.9994,0.0305,1
489,Petal,0,ZONE_HARBOR_BERTH,Faculty of Oceanic Engineering & Power,0.9333,0.625,1035.823,9.334,4.897,763.56,0.0156,0.9994,0.0304,1
490,Petal,0,ZONE_HARBOR_BERTH,Faculty of Oceanic Engineering & Power,0.9333,0.75,1035.823,11.201,4.614,763.56,0.0153,0.9994,0.0304,1
491,Petal,0,ZONE_HARBOR_BERTH,Faculty of Oceanic Engineering & Power,0.9333,0.875,1035.823,13.067,4.303,763.56,0.0149,0.9994,0.0304,1
492,Petal,0,ZONE_CLEARANCE_WATERWAY,Faculty of Oceanic Engineering & Power,0.9333,1.0,1035.823,14.934,3.963,763.56,0.0146,0.9994,0.0306,1
493,Petal,0,ZONE_CLEARANCE_WATERWAY,Faculty of Oceanic Engineering & Power,0.9667,-1.0,1067.459,-6.448,1.248,804.77,0.0064,0.9989,0.047,1
494,Petal,0,ZONE_HARBOR_BERTH,Faculty of Oceanic Engineering & Power,0.9667,-0.875,1067.459,-5.642,1.299,804.77,0.0066,0.9989,0.047,1
495,Petal,0,ZONE_HARBOR_BERTH,Faculty of Oceanic Engineering & Power,0.9667,-0.75,1067.459,-4.836,1.347,804.77,0.0067,0.9989,0.047,1
496,Petal,0,ZONE_HARBOR_BERTH,Faculty of Oceanic Engineering & Power,0.9667,-0.625,1067.459,-4.03,1.39,804.77,0.0068,0.9989,0.047,1
497,Petal,0,ZONE_HARBOR_BERTH,Faculty of Oceanic Engineering & Power,0.9667,-0.5,1067.459,-3.224,1.429,804.77,0.007,0.9989,0.047,1
498,Petal,0,ZONE_HARBOR_BERTH,Faculty of Oceanic Engineering & Power,0.9667,-0.375,1067.459,-2.418,1.465,804.77,0.0071,0.9989,0.047,1
499,Petal,0,ZONE_HARBOR_BERTH,Faculty of Oceanic Engineering & Power,0.9667,-0.25,1067.459,-1.612,1.496,804.77,0.0072,0.9989,0.047,1
500,Petal,0,ZONE_HARBOR_BERTH,Faculty of Oceanic Engineering & Power,0.9667,-0.125,1067.459,-0.806,1.524,804.77,0.0072,0.9989,0.047,1
501,Petal,0,ZONE_HARBOR_BERTH,Faculty of Oceanic Engineering & Power,0.9667,0.0,1067.459,0.0,1.548,804.77,0.0073,0.9989,0.0468,1
502,Petal,0,ZONE_HARBOR_BERTH,Faculty of Oceanic Engineering & Power,0.9667,0.125,1067.459,0.806,1.524,804.77,0.0072,0.9989,0.0468,1
503,Petal,0,ZONE_HARBOR_BERTH,Faculty of Oceanic Engineering & Power,0.9667,0.25,1067.459,1.612,1.496,804.77,0.0071,0.9989,0.0468,1
504,Petal,0,ZONE_HARBOR_BERTH,Faculty of Oceanic Engineering & Power,0.9667,0.375,1067.459,2.418,1.465,804.77,0.007,0.9989,0.0468,1
505,Petal,0,ZONE_HARBOR_BERTH,Faculty of Oceanic Engineering & Power,0.9667,0.5,1067.459,3.224,1.429,804.77,0.0069,0.9989,0.0468,1
506,Petal,0,ZONE_HARBOR_BERTH,Faculty of Oceanic Engineering & Power,0.9667,0.625,1067.459,4.03,1.39,804.77,0.0068,0.9989,0.0468,1
507,Petal,0,ZONE_HARBOR_BERTH,Faculty of Oceanic Engineering & Power,0.9667,0.75,1067.459,4.836,1.347,804.77,0.0067,0.9989,0.0468,1
508,Petal,0,ZONE_HARBOR_BERTH,Faculty of Oceanic Engineering & Power,0.9667,0.875,1067.459,5.642,1.299,804.77,0.0065,0.9989,0.0468,1
509,Petal,0,ZONE_CLEARANCE_WATERWAY,Faculty of Oceanic Engineering & Power,0.9667,1.0,1067.459,6.448,1.248,804.77,0.0064,0.9989,0.0469,1
510,Petal,0,ZONE_CLEARANCE_WATERWAY,Faculty of Oceanic Engineering & Power,1.0,-1.0,1099.096,-0.0,0.0,841.9,0.0,0.0,1.0,1
511,Petal,0,ZONE_HARBOR_BERTH,Faculty of Oceanic Engineering & Power,1.0,-0.875,1099.096,-0.0,0.0,841.9,0.0,-0.0,1.0,1
512,Petal,0,ZONE_HARBOR_BERTH,Faculty of Oceanic Engineering & Power,1.0,-0.75,1099.096,-0.0,0.0,841.9,0.0,-0.0,1.0,1
513,Petal,0,ZONE_HARBOR_BERTH,Faculty of Oceanic Engineering & Power,1.0,-0.625,1099.096,-0.0,0.0,841.9,0.0,-0.0,1.0,1
514,Petal,0,ZONE_HARBOR_BERTH,Faculty of Oceanic Engineering & Power,1.0,-0.5,1099.096,-0.0,0.0,841.9,0.0,-0.0,1.0,1
515,Petal,0,ZONE_HARBOR_BERTH,Faculty of Oceanic Engineering & Power,1.0,-0.375,1099.096,-0.0,0.0,841.9,0.0,-0.0,1.0,1
516,Petal,0,ZONE_HARBOR_BERTH,Faculty of Oceanic Engineering & Power,1.0,-0.25,1099.096,-0.0,0.0,841.9,0.0,-0.0,1.0,1
517,Petal,0,ZONE_HARBOR_BERTH,Faculty of Oceanic Engineering & Power,1.0,-0.125,1099.096,-0.0,0.0,841.9,0.0,-0.0,1.0,1
518,Petal,0,ZONE_HARBOR_BERTH,Faculty of Oceanic Engineering & Power,1.0,0.0,1099.096,0.0,0.0,841.9,0.0,-0.0,1.0,1
519,Petal,0,ZONE_HARBOR_BERTH,Faculty of Oceanic Engineering & Power,1.0,0.125,1099.096,0.0,0.0,841.9,0.0,-0.0,1.0,1
520,Petal,0,ZONE_HARBOR_BERTH,Faculty of Oceanic Engineering & Power,1.0,0.25,1099.096,0.0,0.0,841.9,0.0,-0.0,1.0,1
521,Petal,0,ZONE_HARBOR_BERTH,Faculty of Oceanic Engineering & Power,1.0,0.375,1099.096,0.0,0.0,841.9,0.0,-0.0,1.0,1
522,Petal,0,ZONE_HARBOR_BERTH,Faculty of Oceanic Engineering & Power,1.0,0.5,1099.096,0.0,0.0,841.9,0.0,-0.0,1.0,1
523,Petal,0,ZONE_HARBOR_BERTH,Faculty of Oceanic Engineering & Power,1.0,0.625,1099.096,0.0,0.0,841.9,0.0,-0.0,1.0,1
524,Petal,0,ZONE_HARBOR_BERTH,Faculty of Oceanic Engineering & Power,1.0,0.75,1099.096,0.0,0.0,841.9,0.0,-0.0,1.0,1
525,Petal,0,ZONE_HARBOR_BERTH,Faculty of Oceanic Engineering & Power,1.0,0.875,1099.096,0.0,0.0,841.9,0.0,-0.0,1.0,1
526,Petal,0,ZONE_CLEARANCE_WATERWAY,Faculty of Oceanic Engineering & Power,1.0,1.0,1099.096,0.0,0.0,841.9,0.0,0.0,1.0,1
527,Petal,1,ZONE_CLEARANCE_WATERWAY,Faculty of Biosphere & Marine Biology,0.0,-1.0,106.066,106.066,0.0,114.81,0.0813,0.0813,0.9934,2
528,Petal,1,ZONE_FACULTY_BIOSPHERE,Faculty of Biosphere & Marine Biology,0.0,-0.875,106.066,106.066,0.0,114.81,0.041,0.041,0.9983,2
529,Petal,1,ZONE_FACULTY_BIOSPHERE,Faculty of Biosphere & Marine Biology,0.0,-0.75,106.066,106.066,0.0,114.81,0.0029,0.0029,1.0,2
530,Petal,1,ZONE_FACULTY_BIOSPHERE,Faculty of Biosphere & Marine Biology,0.0,-0.625,106.066,106.066,0.0,114.81,-0.0328,-0.0328,0.9989,2
531,Petal,1,ZONE_FACULTY_BIOSPHERE,Faculty of Biosphere & Marine Biology,0.0,-0.5,106.066,106.066,0.0,114.81,-0.0656,-0.0656,0.9957,2
532,Petal,1,ZONE_FACULTY_BIOSPHERE,Faculty of Biosphere & Marine Biology,0.0,-0.375,106.066,106.066,0.0,114.81,-0.0955,-0.0955,0.9908,2
533,Petal,1,ZONE_FACULTY_BIOSPHERE,Faculty of Biosphere & Marine Biology,0.0,-0.25,106.066,106.066,0.0,114.81,-0.1225,-0.1225,0.9849,2
534,Petal,1,ZONE_FACULTY_BIOSPHERE,Faculty of Biosphere & Marine Biology,0.0,-0.125,106.066,106.066,0.0,114.81,-0.1466,-0.1466,0.9783,2
535,Petal,1,ZONE_FACULTY_BIOSPHERE,Faculty of Biosphere & Marine Biology,0.0,0.0,106.066,106.066,0.0,114.81,-0.1678,-0.1678,0.9714,2
536,Petal,1,ZONE_FACULTY_BIOSPHERE,Faculty of Biosphere & Marine Biology,0.0,0.125,106.066,106.066,0.0,114.81,-0.1466,-0.1466,0.9783,2
537,Petal,1,ZONE_FACULTY_BIOSPHERE,Faculty of Biosphere & Marine Biology,0.0,0.25,106.066,106.066,0.0,114.81,-0.1225,-0.1225,0.9849,2
538,Petal,1,ZONE_FACULTY_BIOSPHERE,Faculty of Biosphere & Marine Biology,0.0,0.375,106.066,106.066,0.0,114.81,-0.0955,-0.0955,0.9908,2
539,Petal,1,ZONE_FACULTY_BIOSPHERE,Faculty of Biosphere & Marine Biology,0.0,0.5,106.066,106.066,0.0,114.81,-0.0656,-0.0656,0.9957,2
540,Petal,1,ZONE_FACULTY_BIOSPHERE,Faculty of Biosphere & Marine Biology,0.0,0.625,106.066,106.066,0.0,114.81,-0.0328,-0.0328,0.9989,2
541,Petal,1,ZONE_FACULTY_BIOSPHERE,Faculty of Biosphere & Marine Biology,0.0,0.75,106.066,106.066,0.0,114.81,0.0029,0.0029,1.0,2
542,Petal,1,ZONE_FACULTY_BIOSPHERE,Faculty of Biosphere & Marine Biology,0.0,0.875,106.066,106.066,0.0,114.81,0.041,0.041,0.9983,2
543,Petal,1,ZONE_CLEARANCE_WATERWAY,Faculty of Biosphere & Marine Biology,0.0,1.0,106.066,106.066,0.0,114.81,0.0813,0.0813,0.9934,2
544,Petal,1,ZONE_CLEARANCE_WATERWAY,Faculty of Biosphere & Marine Biology,0.0333,-1.0,161.685,95.188,-2.277,45.0,-0.5954,0.7238,0.3487,2
545,Petal,1,ZONE_FACULTY_BIOSPHERE,Faculty of Biosphere & Marine Biology,0.0333,-0.875,157.529,99.344,-0.786,45.0,-0.6067,0.7152,0.3469,2
546,Petal,1,ZONE_FACULTY_BIOSPHERE,Faculty of Biosphere & Marine Biology,0.0333,-0.75,153.373,103.5,0.591,45.0,-0.6169,0.7074,0.345,2
547,Petal,1,ZONE_FACULTY_BIOSPHERE,Faculty of Biosphere & Marine Biology,0.0333,-0.625,149.217,107.656,1.853,45.0,-0.626,0.7003,0.3431,2
548,Petal,1,ZONE_FACULTY_BIOSPHERE,Faculty of Biosphere & Marine Biology,0.0333,-0.5,145.061,111.812,3.001,45.0,-0.6339,0.6941,0.3411,2
549,Petal,1,ZONE_FACULTY_BIOSPHERE,Faculty of Biosphere & Marine Biology,0.0333,-0.375,140.905,115.968,4.035,45.0,-0.6408,0.6887,0.3391,2
550,Petal,1,ZONE_FACULTY_BIOSPHERE,Faculty of Biosphere & Marine Biology,0.0333,-0.25,136.749,120.124,4.954,45.0,-0.6467,0.6842,0.3371,2
551,Petal,1,ZONE_FACULTY_BIOSPHERE,Faculty of Biosphere & Marine Biology,0.0333,-0.125,132.593,124.28,5.76,45.0,-0.6517,0.6805,0.3351,2
552,Petal,1,ZONE_FACULTY_BIOSPHERE,Faculty of Biosphere & Marine Biology,0.0333,0.0,128.436,128.436,6.45,45.0,-0.6615,0.6821,0.3119,2
553,Petal,1,ZONE_FACULTY_BIOSPHERE,Faculty of Biosphere & Marine Biology,0.0333,0.125,124.28,132.593,5.76,45.0,-0.6588,0.6855,0.3101,2
554,Petal,1,ZONE_FACULTY_BIOSPHERE,Faculty of Biosphere & Marine Biology,0.0333,0.25,120.124,136.749,4.954,45.0,-0.6553,0.6896,0.3083,2
555,Petal,1,ZONE_FACULTY_BIOSPHERE,Faculty of Biosphere & Marine Biology,0.0333,0.375,115.968,140.905,4.035,45.0,-0.6511,0.6944,0.3065,2
556,Petal,1,ZONE_FACULTY_BIOSPHERE,Faculty of Biosphere & Marine Biology,0.0333,0.5,111.812,145.061,3.001,45.0,-0.6461,0.6998,0.3046,2
557,Petal,1,ZONE_FACULTY_BIOSPHERE,Faculty of Biosphere & Marine Biology,0.0333,0.625,107.656,149.217,1.853,45.0,-0.6403,0.7059,0.3028,2
558,Petal,1,ZONE_FACULTY_BIOSPHERE,Faculty of Biosphere & Marine Biology,0.0333,0.75,103.5,153.373,0.591,45.0,-0.6337,0.7126,0.301,2
559,Petal,1,ZONE_FACULTY_BIOSPHERE,Faculty of Biosphere & Marine Biology,0.0333,0.875,99.344,157.529,-0.786,45.0,-0.6264,0.7199,0.2991,2
560,Petal,1,ZONE_CLEARANCE_WATERWAY,Faculty of Biosphere & Marine Biology,0.0333,1.0,95.188,161.685,-2.277,45.0,-0.6079,0.7261,0.3211,2
561,Petal,1,ZONE_CLEARANCE_WATERWAY,Faculty of Biosphere & Marine Biology,0.0667,-1.0,192.625,108.989,-4.514,45.0,-0.6213,0.7503,0.2259,2
562,Petal,1,ZONE_FACULTY_BIOSPHERE,Faculty of Biosphere & Marine Biology,0.0667,-0.875,187.397,114.216,-1.818,45.0,-0.6282,0.7449,0.2246,2
563,Petal,1,ZONE_FACULTY_BIOSPHERE,Faculty of Biosphere & Marine Biology,0.0667,-0.75,182.17,119.444,0.651,45.0,-0.6344,0.7401,0.2232,2
564,Petal,1,ZONE_FACULTY_BIOSPHERE,Faculty of Biosphere & Marine Biology,0.0667,-0.625,176.943,124.671,2.892,45.0,-0.6399,0.7358,0.2218,2
565,Petal,1,ZONE_FACULTY_BIOSPHERE,Faculty of Biosphere & Marine Biology,0.0667,-0.5,171.716,129.898,4.906,45.0,-0.6447,0.732,0.2205,2
566,Petal,1,ZONE_FACULTY_BIOSPHERE,Faculty of Biosphere & Marine Biology,0.0667,-0.375,166.488,135.125,6.693,45.0,-0.6488,0.7287,0.2191,2
567,Petal,1,ZONE_FACULTY_BIOSPHERE,Faculty of Biosphere & Marine Biology,0.0667,-0.25,161.261,140.352,8.252,45.0,-0.6523,0.726,0.2177,2
568,Petal,1,ZONE_FACULTY_BIOSPHERE,Faculty of Biosphere & Marine Biology,0.0667,-0.125,156.034,145.58,9.584,45.0,-0.6552,0.7238,0.2163,2
569,Petal,1,ZONE_FACULTY_BIOSPHERE,Faculty of Biosphere & Marine Biology,0.0667,0.0,150.807,150.807,10.688,45.0,-0.661,0.7223,0.2035,2
570,Petal,1,ZONE_FACULTY_BIOSPHERE,Faculty of Biosphere & Marine Biology,0.0667,0.125,145.58,156.034,9.584,45.0,-0.6597,0.7238,0.2022,2
571,Petal,1,ZONE_FACULTY_BIOSPHERE,Faculty of Biosphere & Marine Biology,0.0667,0.25,140.352,161.261,8.252,45.0,-0.6578,0.7259,0.201,2
572,Petal,1,ZONE_FACULTY_BIOSPHERE,Faculty of Biosphere & Marine Biology,0.0667,0.375,135.125,166.488,6.693,45.0,-0.6555,0.7283,0.1997,2
573,Petal,1,ZONE_FACULTY_BIOSPHERE,Faculty of Biosphere & Marine Biology,0.0667,0.5,129.898,171.716,4.906,45.0,-0.6526,0.7312,0.1985,2
574,Petal,1,ZONE_FACULTY_BIOSPHERE,Faculty of Biosphere & Marine Biology,0.0667,0.625,124.671,176.943,2.892,45.0,-0.6493,0.7345,0.1973,2
575,Petal,1,ZONE_FACULTY_BIOSPHERE,Faculty of Biosphere & Marine Biology,0.0667,0.75,119.444,182.17,0.651,45.0,-0.6454,0.7382,0.196,2
576,Petal,1,ZONE_FACULTY_BIOSPHERE,Faculty of Biosphere & Marine Biology,0.0667,0.875,114.216,187.397,-1.818,45.0,-0.6411,0.7423,0.1948,2
577,Petal,1,ZONE_CLEARANCE_WATERWAY,Faculty of Biosphere & Marine Biology,0.0667,1.0,108.989,192.625,-4.514,45.0,-0.6295,0.7485,0.2086,2
578,Petal,1,ZONE_CLEARANCE_WATERWAY,Faculty of Biosphere & Marine Biology,0.1,-1.0,223.564,122.791,-6.672,45.0,-0.6214,0.762,0.1822,2
579,Petal,1,ZONE_FACULTY_BIOSPHERE,Faculty of Biosphere & Marine Biology,0.1,-0.875,217.266,129.089,-2.855,45.0,-0.6268,0.7578,0.1811,2
580,Petal,1,ZONE_FACULTY_BIOSPHERE,Faculty of Biosphere & Marine Biology,0.1,-0.75,210.967,135.387,0.624,45.0,-0.6316,0.7541,0.1799,2
581,Petal,1,ZONE_FACULTY_BIOSPHERE,Faculty of Biosphere & Marine Biology,0.1,-0.625,204.669,141.686,3.764,45.0,-0.6359,0.7508,0.1788,2
582,Petal,1,ZONE_FACULTY_BIOSPHERE,Faculty of Biosphere & Marine Biology,0.1,-0.5,198.371,147.984,6.567,45.0,-0.6397,0.7478,0.1777,2
583,Petal,1,ZONE_FACULTY_BIOSPHERE,Faculty of Biosphere & Marine Biology,0.1,-0.375,192.072,154.282,9.032,45.0,-0.6429,0.7453,0.1766,2
584,Petal,1,ZONE_FACULTY_BIOSPHERE,Faculty of Biosphere & Marine Biology,0.1,-0.25,185.774,160.581,11.159,45.0,-0.6456,0.7432,0.1755,2
585,Petal,1,ZONE_FACULTY_BIOSPHERE,Faculty of Biosphere & Marine Biology,0.1,-0.125,179.476,166.879,12.947,45.0,-0.6479,0.7415,0.1743,2
586,Petal,1,ZONE_FACULTY_BIOSPHERE,Faculty of Biosphere & Marine Biology,0.1,0.0,173.177,173.177,14.398,45.0,-0.6529,0.7392,0.1651,2
587,Petal,1,ZONE_FACULTY_BIOSPHERE,Faculty of Biosphere & Marine Biology,0.1,0.125,166.879,179.476,12.947,45.0,-0.652,0.7402,0.1641,2
588,Petal,1,ZONE_FACULTY_BIOSPHERE,Faculty of Biosphere & Marine Biology,0.1,0.25,160.581,185.774,11.159,45.0,-0.6508,0.7415,0.1631,2
589,Petal,1,ZONE_FACULTY_BIOSPHERE,Faculty of Biosphere & Marine Biology,0.1,0.375,154.282,192.072,9.032,45.0,-0.6492,0.7432,0.1621,2
590,Petal,1,ZONE_FACULTY_BIOSPHERE,Faculty of Biosphere & Marine Biology,0.1,0.5,147.984,198.371,6.567,45.0,-0.6471,0.7452,0.1611,2
591,Petal,1,ZONE_FACULTY_BIOSPHERE,Faculty of Biosphere & Marine Biology,0.1,0.625,141.686,204.669,3.764,45.0,-0.6447,0.7475,0.1601,2
592,Petal,1,ZONE_FACULTY_BIOSPHERE,Faculty of Biosphere & Marine Biology,0.1,0.75,135.387,210.967,0.624,45.0,-0.6419,0.7501,0.1591,2
593,Petal,1,ZONE_FACULTY_BIOSPHERE,Faculty of Biosphere & Marine Biology,0.1,0.875,129.089,217.266,-2.855,45.0,-0.6387,0.7531,0.1581,2
594,Petal,1,ZONE_CLEARANCE_WATERWAY,Faculty of Biosphere & Marine Biology,0.1,1.0,122.791,223.564,-6.672,45.0,-0.6288,0.759,0.1688,2
595,Petal,1,ZONE_CLEARANCE_WATERWAY,Faculty of Biosphere & Marine Biology,0.1333,-1.0,254.503,136.592,-8.711,45.0,-0.6161,0.7713,0.1598,2
596,Petal,1,ZONE_FACULTY_BIOSPHERE,Faculty of Biosphere & Marine Biology,0.1333,-0.875,247.134,143.962,-3.842,45.0,-0.6207,0.7678,0.1588,2
597,Petal,1,ZONE_FACULTY_BIOSPHERE,Faculty of Biosphere & Marine Biology,0.1333,-0.75,239.764,151.331,0.582,45.0,-0.6249,0.7646,0.1578,2
598,Petal,1,ZONE_FACULTY_BIOSPHERE,Faculty of Biosphere & Marine Biology,0.1333,-0.625,232.395,158.7,4.562,45.0,-0.6285,0.7618,0.1568,2
599,Petal,1,ZONE_FACULTY_BIOSPHERE,Faculty of Biosphere & Marine Biology,0.1333,-0.5,225.025,166.07,8.096,45.0,-0.6318,0.7593,0.1559,2
600,Petal,1,ZONE_FACULTY_BIOSPHERE,Faculty of Biosphere & Marine Biology,0.1333,-0.375,217.656,173.439,11.185,45.0,-0.6345,0.7572,0.1549,2
601,Petal,1,ZONE_FACULTY_BIOSPHERE,Faculty of Biosphere & Marine Biology,0.1333,-0.25,210.287,180.809,13.83,45.0,-0.6369,0.7554,0.1539,2
602,Petal,1,ZONE_FACULTY_BIOSPHERE,Faculty of Biosphere & Marine Biology,0.1333,-0.125,202.917,188.178,16.03,45.0,-0.6388,0.754,0.153,2
603,Petal,1,ZONE_FACULTY_BIOSPHERE,Faculty of Biosphere & Marine Biology,0.1333,0.0,195.548,195.548,17.785,45.0,-0.6436,0.7514,0.1456,2
604,Petal,1,ZONE_FACULTY_BIOSPHERE,Faculty of Biosphere & Marine Biology,0.1333,0.125,188.178,202.917,16.03,45.0,-0.6431,0.752,0.1447,2
605,Petal,1,ZONE_FACULTY_BIOSPHERE,Faculty of Biosphere & Marine Biology,0.1333,0.25,180.809,210.287,13.83,45.0,-0.6422,0.7529,0.1438,2
606,Petal,1,ZONE_FACULTY_BIOSPHERE,Faculty of Biosphere & Marine Biology,0.1333,0.375,173.439,217.656,11.185,45.0,-0.641,0.7541,0.1429,2
607,Petal,1,ZONE_FACULTY_BIOSPHERE,Faculty of Biosphere & Marine Biology,0.1333,0.5,166.07,225.025,8.096,45.0,-0.6394,0.7556,0.142,2
608,Petal,1,ZONE_FACULTY_BIOSPHERE,Faculty of Biosphere & Marine Biology,0.1333,0.625,158.7,232.395,4.562,45.0,-0.6375,0.7574,0.1411,2
609,Petal,1,ZONE_FACULTY_BIOSPHERE,Faculty of Biosphere & Marine Biology,0.1333,0.75,151.331,239.764,0.582,45.0,-0.6353,0.7595,0.1403,2
610,Petal,1,ZONE_FACULTY_BIOSPHERE,Faculty of Biosphere & Marine Biology,0.1333,0.875,143.962,247.134,-3.842,45.0,-0.6327,0.7618,0.1394,2
611,Petal,1,ZONE_CLEARANCE_WATERWAY,Faculty of Biosphere & Marine Biology,0.1333,1.0,136.592,254.503,-8.711,45.0,-0.6235,0.7676,0.1484,2
612,Petal,1,ZONE_CLEARANCE_WATERWAY,Faculty of Biosphere & Marine Biology,0.1667,-1.0,285.443,150.394,-10.594,45.0,-0.6089,0.7797,0.1461,2
613,Petal,1,ZONE_FACULTY_BIOSPHERE,Faculty of Biosphere & Marine Biology,0.1667,-0.875,277.002,158.834,-4.74,45.0,-0.613,0.7766,0.1452,2
614,Petal,1,ZONE_FACULTY_BIOSPHERE,Faculty of Biosphere & Marine Biology,0.1667,-0.75,268.561,167.275,0.568,45.0,-0.6167,0.7739,0.1443,2
615,Petal,1,ZONE_FACULTY_BIOSPHERE,Faculty of Biosphere & Marine Biology,0.1667,-0.625,260.121,175.715,5.328,45.0,-0.62,0.7714,0.1435,2
616,Petal,1,ZONE_FACULTY_BIOSPHERE,Faculty of Biosphere & Marine Biology,0.1667,-0.5,251.68,184.156,9.541,45.0,-0.6228,0.7693,0.1426,2
617,Petal,1,ZONE_FACULTY_BIOSPHERE,Faculty of Biosphere & Marine Biology,0.1667,-0.375,243.24,192.596,13.208,45.0,-0.6253,0.7674,0.1417,2
618,Petal,1,ZONE_FACULTY_BIOSPHERE,Faculty of Biosphere & Marine Biology,0.1667,-0.25,234.799,201.037,16.328,45.0,-0.6274,0.7658,0.1408,2
619,Petal,1,ZONE_FACULTY_BIOSPHERE,Faculty of Biosphere & Marine Biology,0.1667,-0.125,226.359,209.477,18.901,45.0,-0.6292,0.7645,0.14,2
620,Petal,1,ZONE_FACULTY_BIOSPHERE,Faculty of Biosphere & Marine Biology,0.1667,0.0,217.918,217.918,20.927,45.0,-0.6339,0.7617,0.1337,2
621,Petal,1,ZONE_FACULTY_BIOSPHERE,Faculty of Biosphere & Marine Biology,0.1667,0.125,209.477,226.359,18.901,45.0,-0.6336,0.7621,0.1329,2
622,Petal,1,ZONE_FACULTY_BIOSPHERE,Faculty of Biosphere & Marine Biology,0.1667,0.25,201.037,234.799,16.328,45.0,-0.633,0.7628,0.1321,2
623,Petal,1,ZONE_FACULTY_BIOSPHERE,Faculty of Biosphere & Marine Biology,0.1667,0.375,192.596,243.24,13.208,45.0,-0.6321,0.7637,0.1313,2
624,Petal,1,ZONE_FACULTY_BIOSPHERE,Faculty of Biosphere & Marine Biology,0.1667,0.5,184.156,251.68,9.541,45.0,-0.6309,0.7649,0.1305,2
625,Petal,1,ZONE_FACULTY_BIOSPHERE,Faculty of Biosphere & Marine Biology,0.1667,0.625,175.715,260.121,5.328,45.0,-0.6293,0.7662,0.1297,2
626,Petal,1,ZONE_FACULTY_BIOSPHERE,Faculty of Biosphere & Marine Biology,0.1667,0.75,167.275,268.561,0.568,45.0,-0.6275,0.7679,0.1289,2
627,Petal,1,ZONE_FACULTY_BIOSPHERE,Faculty of Biosphere & Marine Biology,0.1667,0.875,158.834,277.002,-4.74,45.0,-0.6254,0.7697,0.1281,2
628,Petal,1,ZONE_CLEARANCE_WATERWAY,Faculty of Biosphere & Marine Biology,0.1667,1.0,150.394,285.443,-10.594,45.0,-0.6165,0.7755,0.1361,2
629,Petal,1,ZONE_CLEARANCE_WATERWAY,Faculty of Biosphere & Marine Biology,0.2,-1.0,316.382,164.195,-12.285,45.0,-0.6009,0.7876,0.1368,2
630,Petal,1,ZONE_FACULTY_BIOSPHERE,Faculty of Biosphere & Marine Biology,0.2,-0.875,306.87,173.707,-5.516,45.0,-0.6045,0.7849,0.136,2
631,Petal,1,ZONE_FACULTY_BIOSPHERE,Faculty of Biosphere & Marine Biology,0.2,-0.75,297.359,183.218,0.609,45.0,-0.6079,0.7824,0.1352,2
632,Petal,1,ZONE_FACULTY_BIOSPHERE,Faculty of Biosphere & Marine Biology,0.2,-0.625,287.847,192.73,6.092,45.0,-0.6108,0.7803,0.1344,2
633,Petal,1,ZONE_FACULTY_BIOSPHERE,Faculty of Biosphere & Marine Biology,0.2,-0.5,278.335,202.242,10.932,45.0,-0.6134,0.7784,0.1336,2
634,Petal,1,ZONE_FACULTY_BIOSPHERE,Faculty of Biosphere & Marine Biology,0.2,-0.375,268.823,211.753,15.129,45.0,-0.6157,0.7767,0.1328,2
635,Petal,1,ZONE_FACULTY_BIOSPHERE,Faculty of Biosphere & Marine Biology,0.2,-0.25,259.312,221.265,18.683,45.0,-0.6177,0.7753,0.132,2
636,Petal,1,ZONE_FACULTY_BIOSPHERE,Faculty of Biosphere & Marine Biology,0.2,-0.125,249.8,230.777,21.594,45.0,-0.6193,0.7741,0.1312,2
637,Petal,1,ZONE_FACULTY_BIOSPHERE,Faculty of Biosphere & Marine Biology,0.2,0.0,240.288,240.288,23.862,45.0,-0.6241,0.7712,0.1257,2
638,Petal,1,ZONE_FACULTY_BIOSPHERE,Faculty of Biosphere & Marine Biology,0.2,0.125,230.777,249.8,21.594,45.0,-0.624,0.7714,0.125,2
639,Petal,1,ZONE_FACULTY_BIOSPHERE,Faculty of Biosphere & Marine Biology,0.2,0.25,221.265,259.312,18.683,45.0,-0.6235,0.7719,0.1242,2
640,Petal,1,ZONE_FACULTY_BIOSPHERE,Faculty of Biosphere & Marine Biology,0.2,0.375,211.753,268.823,15.129,45.0,-0.6229,0.7725,0.1235,2
641,Petal,1,ZONE_FACULTY_BIOSPHERE,Faculty of Biosphere & Marine Biology,0.2,0.5,202.242,278.335,10.932,45.0,-0.6219,0.7734,0.1227,2
642,Petal,1,ZONE_FACULTY_BIOSPHERE,Faculty of Biosphere & Marine Biology,0.2,0.625,192.73,287.847,6.092,45.0,-0.6207,0.7745,0.122,2
643,Petal,1,ZONE_FACULTY_BIOSPHERE,Faculty of Biosphere & Marine Biology,0.2,0.75,183.218,297.359,0.609,45.0,-0.6192,0.7758,0.1213,2
644,Petal,1,ZONE_FACULTY_BIOSPHERE,Faculty of Biosphere & Marine Biology,0.2,0.875,173.707,306.87,-5.516,45.0,-0.6175,0.7773,0.1205,2
645,Petal,1,ZONE_CLEARANCE_WATERWAY,Faculty of Biosphere & Marine Biology,0.2,1.0,164.195,316.382,-12.285,45.0,-0.6087,0.7831,0.1278,2
646,Petal,1,ZONE_CLEARANCE_WATERWAY,Faculty of Biosphere & Marine Biology,0.2333,-1.0,347.321,177.996,-13.751,45.0,-0.5924,0.7951,0.13,2
647,Petal,1,ZONE_FACULTY_BIOSPHERE,Faculty of Biosphere & Marine Biology,0.2333,-0.875,336.738,188.579,-6.144,45.0,-0.5957,0.7927,0.1293,2
648,Petal,1,ZONE_FACULTY_BIOSPHERE,Faculty of Biosphere & Marine Biology,0.2333,-0.75,326.156,199.162,0.731,45.0,-0.5987,0.7906,0.1285,2
649,Petal,1,ZONE_FACULTY_BIOSPHERE,Faculty of Biosphere & Marine Biology,0.2333,-0.625,315.573,209.745,6.875,45.0,-0.6014,0.7887,0.1278,2
650,Petal,1,ZONE_FACULTY_BIOSPHERE,Faculty of Biosphere & Marine Biology,0.2333,-0.5,304.99,220.328,12.286,45.0,-0.6038,0.7869,0.127,2
651,Petal,1,ZONE_FACULTY_BIOSPHERE,Faculty of Biosphere & Marine Biology,0.2333,-0.375,294.407,230.91,16.965,45.0,-0.6059,0.7854,0.1263,2
652,Petal,1,ZONE_FACULTY_BIOSPHERE,Faculty of Biosphere & Marine Biology,0.2333,-0.25,283.824,241.493,20.913,45.0,-0.6077,0.7841,0.1256,2
653,Petal,1,ZONE_FACULTY_BIOSPHERE,Faculty of Biosphere & Marine Biology,0.2333,-0.125,273.242,252.076,24.129,45.0,-0.6093,0.7831,0.1248,2
654,Petal,1,ZONE_FACULTY_BIOSPHERE,Faculty of Biosphere & Marine Biology,0.2333,0.0,262.659,262.659,26.613,45.0,-0.6141,0.78,0.1199,2
655,Petal,1,ZONE_FACULTY_BIOSPHERE,Faculty of Biosphere & Marine Biology,0.2333,0.125,252.076,273.242,24.129,45.0,-0.6141,0.7801,0.1192,2
656,Petal,1,ZONE_FACULTY_BIOSPHERE,Faculty of Biosphere & Marine Biology,0.2333,0.25,241.493,283.824,20.913,45.0,-0.6139,0.7804,0.1185,2
657,Petal,1,ZONE_FACULTY_BIOSPHERE,Faculty of Biosphere & Marine Biology,0.2333,0.375,230.91,294.407,16.965,45.0,-0.6134,0.7809,0.1179,2
658,Petal,1,ZONE_FACULTY_BIOSPHERE,Faculty of Biosphere & Marine Biology,0.2333,0.5,220.328,304.99,12.286,45.0,-0.6127,0.7816,0.1172,2
659,Petal,1,ZONE_FACULTY_BIOSPHERE,Faculty of Biosphere & Marine Biology,0.2333,0.625,209.745,315.573,6.875,45.0,-0.6118,0.7824,0.1165,2
660,Petal,1,ZONE_FACULTY_BIOSPHERE,Faculty of Biosphere & Marine Biology,0.2333,0.75,199.162,326.156,0.731,45.0,-0.6106,0.7834,0.1158,2
661,Petal,1,ZONE_FACULTY_BIOSPHERE,Faculty of Biosphere & Marine Biology,0.2333,0.875,188.579,336.738,-6.144,45.0,-0.6092,0.7846,0.1151,2
662,Petal,1,ZONE_CLEARANCE_WATERWAY,Faculty of Biosphere & Marine Biology,0.2333,1.0,177.996,347.321,-13.751,45.0,-0.6004,0.7903,0.1218,2
663,Petal,1,ZONE_CLEARANCE_WATERWAY,Faculty of Biosphere & Marine Biology,0.2667,-1.0,378.261,191.798,-14.96,45.0,-0.5836,0.8024,0.1248,2
664,Petal,1,ZONE_FACULTY_BIOSPHERE,Faculty of Biosphere & Marine Biology,0.2667,-0.875,366.607,203.452,-6.596,45.0,-0.5866,0.8003,0.1241,2
665,Petal,1,ZONE_FACULTY_BIOSPHERE,Faculty of Biosphere & Marine Biology,0.2667,-0.75,354.953,215.106,0.954,45.0,-0.5894,0.7984,0.1234,2
666,Petal,1,ZONE_FACULTY_BIOSPHERE,Faculty of Biosphere & Marine Biology,0.2667,-0.625,343.299,226.76,7.692,45.0,-0.5918,0.7967,0.1227,2
667,Petal,1,ZONE_FACULTY_BIOSPHERE,Faculty of Biosphere & Marine Biology,0.2667,-0.5,331.645,238.414,13.617,45.0,-0.594,0.7951,0.1221,2
668,Petal,1,ZONE_FACULTY_BIOSPHERE,Faculty of Biosphere & Marine Biology,0.2667,-0.375,319.991,250.067,18.73,45.0,-0.596,0.7938,0.1214,2
669,Petal,1,ZONE_FACULTY_BIOSPHERE,Faculty of Biosphere & Marine Biology,0.2667,-0.25,308.337,261.721,23.029,45.0,-0.5977,0.7926,0.1207,2
670,Petal,1,ZONE_FACULTY_BIOSPHERE,Faculty of Biosphere & Marine Biology,0.2667,-0.125,296.683,273.375,26.516,45.0,-0.5991,0.7916,0.12,2
671,Petal,1,ZONE_FACULTY_BIOSPHERE,Faculty of Biosphere & Marine Biology,0.2667,0.0,285.029,285.029,29.19,45.0,-0.604,0.7885,0.1156,2
672,Petal,1,ZONE_FACULTY_BIOSPHERE,Faculty of Biosphere & Marine Biology,0.2667,0.125,273.375,296.683,26.516,45.0,-0.6042,0.7885,0.1149,2
673,Petal,1,ZONE_FACULTY_BIOSPHERE,Faculty of Biosphere & Marine Biology,0.2667,0.25,261.721,308.337,23.029,45.0,-0.6041,0.7887,0.1143,2
674,Petal,1,ZONE_FACULTY_BIOSPHERE,Faculty of Biosphere & Marine Biology,0.2667,0.375,250.067,319.991,18.73,45.0,-0.6038,0.789,0.1136,2
675,Petal,1,ZONE_FACULTY_BIOSPHERE,Faculty of Biosphere & Marine Biology,0.2667,0.5,238.414,331.645,13.617,45.0,-0.6033,0.7895,0.113,2
676,Petal,1,ZONE_FACULTY_BIOSPHERE,Faculty of Biosphere & Marine Biology,0.2667,0.625,226.76,343.299,7.692,45.0,-0.6026,0.7901,0.1123,2
677,Petal,1,ZONE_FACULTY_BIOSPHERE,Faculty of Biosphere & Marine Biology,0.2667,0.75,215.106,354.953,0.954,45.0,-0.6017,0.7909,0.1117,2
678,Petal,1,ZONE_FACULTY_BIOSPHERE,Faculty of Biosphere & Marine Biology,0.2667,0.875,203.452,366.607,-6.596,45.0,-0.6006,0.7918,0.1111,2
679,Petal,1,ZONE_CLEARANCE_WATERWAY,Faculty of Biosphere & Marine Biology,0.2667,1.0,191.798,378.261,-14.96,45.0,-0.592,0.7974,0.1172,2
680,Petal,1,ZONE_CLEARANCE_WATERWAY,Faculty of Biosphere & Marine Biology,0.3,-1.0,409.2,205.599,-15.884,45.0,-0.5747,0.8094,0.1207,2
681,Petal,1,ZONE_FACULTY_BIOSPHERE,Faculty of Biosphere & Marine Biology,0.3,-0.875,396.475,218.324,-6.852,45.0,-0.5774,0.8076,0.12,2
682,Petal,1,ZONE_FACULTY_BIOSPHERE,Faculty of Biosphere & Marine Biology,0.3,-0.75,383.75,231.049,1.296,45.0,-0.5799,0.8059,0.1194,2
683,Petal,1,ZONE_FACULTY_BIOSPHERE,Faculty of Biosphere & Marine Biology,0.3,-0.625,371.025,243.774,8.559,45.0,-0.5821,0.8044,0.1187,2
684,Petal,1,ZONE_FACULTY_BIOSPHERE,Faculty of Biosphere & Marine Biology,0.3,-0.5,358.3,256.5,14.937,45.0,-0.5842,0.803,0.1181,2
685,Petal,1,ZONE_FACULTY_BIOSPHERE,Faculty of Biosphere & Marine Biology,0.3,-0.375,345.575,269.225,20.43,45.0,-0.5859,0.8018,0.1174,2
686,Petal,1,ZONE_FACULTY_BIOSPHERE,Faculty of Biosphere & Marine Biology,0.3,-0.25,332.85,281.95,25.038,45.0,-0.5875,0.8007,0.1168,2
687,Petal,1,ZONE_FACULTY_BIOSPHERE,Faculty of Biosphere & Marine Biology,0.3,-0.125,320.125,294.675,28.762,45.0,-0.5889,0.7998,0.1161,2
688,Petal,1,ZONE_FACULTY_BIOSPHERE,Faculty of Biosphere & Marine Biology,0.3,0.0,307.4,307.4,31.6,45.0,-0.5939,0.7967,0.1121,2
689,Petal,1,ZONE_FACULTY_BIOSPHERE,Faculty of Biosphere & Marine Biology,0.3,0.125,294.675,320.125,28.762,45.0,-0.5941,0.7966,0.1115,2
690,Petal,1,ZONE_FACULTY_BIOSPHERE,Faculty of Biosphere & Marine Biology,0.3,0.25,281.95,332.85,25.038,45.0,-0.5942,0.7966,0.1109,2
691,Petal,1,ZONE_FACULTY_BIOSPHERE,Faculty of Biosphere & Marine Biology,0.3,0.375,269.225,345.575,20.43,45.0,-0.5941,0.7968,0.1103,2
692,Petal,1,ZONE_FACULTY_BIOSPHERE,Faculty of Biosphere & Marine Biology,0.3,0.5,256.5,358.3,14.937,45.0,-0.5938,0.7971,0.1097,2
693,Petal,1,ZONE_FACULTY_BIOSPHERE,Faculty of Biosphere & Marine Biology,0.3,0.625,243.774,371.025,8.559,45.0,-0.5933,0.7975,0.1091,2
694,Petal,1,ZONE_FACULTY_BIOSPHERE,Faculty of Biosphere & Marine Biology,0.3,0.75,231.049,383.75,1.296,45.0,-0.5927,0.7981,0.1085,2
695,Petal,1,ZONE_FACULTY_BIOSPHERE,Faculty of Biosphere & Marine Biology,0.3,0.875,218.324,396.475,-6.852,45.0,-0.5919,0.7988,0.1079,2
696,Petal,1,ZONE_CLEARANCE_WATERWAY,Faculty of Biosphere & Marine Biology,0.3,1.0,205.599,409.2,-15.884,45.0,-0.5833,0.8043,0.1136,2
697,Petal,1,ZONE_CLEARANCE_WATERWAY,Faculty of Biosphere & Marine Biology,0.3333,-1.0,440.139,219.401,-16.498,45.0,-0.5658,0.8162,0.1172,2
698,Petal,1,ZONE_FACULTY_BIOSPHERE,Faculty of Biosphere & Marine Biology,0.3333,-0.875,426.343,233.197,-6.889,45.0,-0.5682,0.8146,0.1166,2
699,Petal,1,ZONE_FACULTY_BIOSPHERE,Faculty of Biosphere & Marine Biology,0.3333,-0.75,412.547,246.993,1.772,45.0,-0.5704,0.8132,0.116,2
700,Petal,1,ZONE_FACULTY_BIOSPHERE,Faculty of Biosphere & Marine Biology,0.3333,-0.625,398.751,260.789,9.486,45.0,-0.5724,0.8118,0.1154,2
701,Petal,1,ZONE_FACULTY_BIOSPHERE,Faculty of Biosphere & Marine Biology,0.3333,-0.5,384.955,274.585,16.253,45.0,-0.5742,0.8106,0.1148,2
702,Petal,1,ZONE_FACULTY_BIOSPHERE,Faculty of Biosphere & Marine Biology,0.3333,-0.375,371.158,288.382,22.073,45.0,-0.5759,0.8095,0.1142,2
703,Petal,1,ZONE_FACULTY_BIOSPHERE,Faculty of Biosphere & Marine Biology,0.3333,-0.25,357.362,302.178,26.946,45.0,-0.5773,0.8086,0.1136,2
704,Petal,1,ZONE_FACULTY_BIOSPHERE,Faculty of Biosphere & Marine Biology,0.3333,-0.125,343.566,315.974,30.871,45.0,-0.5786,0.8077,0.113,2
705,Petal,1,ZONE_FACULTY_BIOSPHERE,Faculty of Biosphere & Marine Biology,0.3333,0.0,329.77,329.77,33.849,45.0,-0.5836,0.8047,0.1093,2
706,Petal,1,ZONE_FACULTY_BIOSPHERE,Faculty of Biosphere & Marine Biology,0.3333,0.125,315.974,343.566,30.871,45.0,-0.584,0.8045,0.1087,2
707,Petal,1,ZONE_FACULTY_BIOSPHERE,Faculty of Biosphere & Marine Biology,0.3333,0.25,302.178,357.362,26.946,45.0,-0.5842,0.8044,0.1082,2
708,Petal,1,ZONE_FACULTY_BIOSPHERE,Faculty of Biosphere & Marine Biology,0.3333,0.375,288.382,371.158,22.073,45.0,-0.5842,0.8044,0.1076,2
709,Petal,1,ZONE_FACULTY_BIOSPHERE,Faculty of Biosphere & Marine Biology,0.3333,0.5,274.585,384.955,16.253,45.0,-0.5842,0.8046,0.107,2
710,Petal,1,ZONE_FACULTY_BIOSPHERE,Faculty of Biosphere & Marine Biology,0.3333,0.625,260.789,398.751,9.486,45.0,-0.5839,0.8048,0.1065,2
711,Petal,1,ZONE_FACULTY_BIOSPHERE,Faculty of Biosphere & Marine Biology,0.3333,0.75,246.993,412.547,1.772,45.0,-0.5835,0.8052,0.1059,2
712,Petal,1,ZONE_FACULTY_BIOSPHERE,Faculty of Biosphere & Marine Biology,0.3333,0.875,233.197,426.343,-6.889,45.0,-0.583,0.8056,0.1054,2
713,Petal,1,ZONE_CLEARANCE_WATERWAY,Faculty of Biosphere & Marine Biology,0.3333,1.0,219.401,440.139,-16.498,45.0,-0.5745,0.811,0.1107,2
714,Petal,1,ZONE_CLEARANCE_WATERWAY,Faculty of Biosphere & Marine Biology,0.3667,-1.0,471.079,233.202,-16.78,45.0,-0.5568,0.8227,0.1143,2
715,Petal,1,ZONE_FACULTY_BIOSPHERE,Faculty of Biosphere & Marine Biology,0.3667,-0.875,456.211,248.07,-6.693,45.0,-0.5589,0.8214,0.1138,2
716,Petal,1,ZONE_FACULTY_BIOSPHERE,Faculty of Biosphere & Marine Biology,0.3667,-0.75,441.344,262.937,2.395,45.0,-0.5608,0.8202,0.1132,2
717,Petal,1,ZONE_FACULTY_BIOSPHERE,Faculty of Biosphere & Marine Biology,0.3667,-0.625,426.477,277.804,10.483,45.0,-0.5626,0.819,0.1126,2
718,Petal,1,ZONE_FACULTY_BIOSPHERE,Faculty of Biosphere & Marine Biology,0.3667,-0.5,411.61,292.671,17.573,45.0,-0.5642,0.818,0.1121,2
719,Petal,1,ZONE_FACULTY_BIOSPHERE,Faculty of Biosphere & Marine Biology,0.3667,-0.375,396.742,307.539,23.663,45.0,-0.5657,0.817,0.1115,2
720,Petal,1,ZONE_FACULTY_BIOSPHERE,Faculty of Biosphere & Marine Biology,0.3667,-0.25,381.875,322.406,28.754,45.0,-0.5671,0.8162,0.1109,2
721,Petal,1,ZONE_FACULTY_BIOSPHERE,Faculty of Biosphere & Marine Biology,0.3667,-0.125,367.008,337.273,32.846,45.0,-0.5683,0.8154,0.1104,2
722,Petal,1,ZONE_FACULTY_BIOSPHERE,Faculty of Biosphere & Marine Biology,0.3667,0.0,352.14,352.14,35.938,45.0,-0.5733,0.8124,0.107,2
723,Petal,1,ZONE_FACULTY_BIOSPHERE,Faculty of Biosphere & Marine Biology,0.3667,0.125,337.273,367.008,32.846,45.0,-0.5737,0.8121,0.1064,2
724,Petal,1,ZONE_FACULTY_BIOSPHERE,Faculty of Biosphere & Marine Biology,0.3667,0.25,322.406,381.875,28.754,45.0,-0.5741,0.8119,0.1059,2
725,Petal,1,ZONE_FACULTY_BIOSPHERE,Faculty of Biosphere & Marine Biology,0.3667,0.375,307.539,396.742,23.663,45.0,-0.5743,0.8118,0.1054,2
726,Petal,1,ZONE_FACULTY_BIOSPHERE,Faculty of Biosphere & Marine Biology,0.3667,0.5,292.671,411.61,17.573,45.0,-0.5744,0.8118,0.1049,2
727,Petal,1,ZONE_FACULTY_BIOSPHERE,Faculty of Biosphere & Marine Biology,0.3667,0.625,277.804,426.477,10.483,45.0,-0.5744,0.8119,0.1043,2
728,Petal,1,ZONE_FACULTY_BIOSPHERE,Faculty of Biosphere & Marine Biology,0.3667,0.75,262.937,441.344,2.395,45.0,-0.5742,0.8121,0.1038,2
729,Petal,1,ZONE_FACULTY_BIOSPHERE,Faculty of Biosphere & Marine Biology,0.3667,0.875,248.07,456.211,-6.693,45.0,-0.574,0.8123,0.1033,2
730,Petal,1,ZONE_CLEARANCE_WATERWAY,Faculty of Biosphere & Marine Biology,0.3667,1.0,233.202,471.079,-16.78,45.0,-0.5657,0.8175,0.1083,2
731,Petal,1,ZONE_CLEARANCE_WATERWAY,Faculty of Biosphere & Marine Biology,0.4,-1.0,502.018,247.004,-16.712,45.0,-0.5478,0.8291,0.1118,2
732,Petal,1,ZONE_FACULTY_BIOSPHERE,Faculty of Biosphere & Marine Biology,0.4,-0.875,486.08,262.942,-6.248,45.0,-0.5496,0.828,0.1113,2
733,Petal,1,ZONE_FACULTY_BIOSPHERE,Faculty of Biosphere & Marine Biology,0.4,-0.75,470.141,278.881,3.175,45.0,-0.5512,0.827,0.1108,2
734,Petal,1,ZONE_FACULTY_BIOSPHERE,Faculty of Biosphere & Marine Biology,0.4,-0.625,454.203,294.819,11.558,45.0,-0.5528,0.826,0.1102,2
735,Petal,1,ZONE_FACULTY_BIOSPHERE,Faculty of Biosphere & Marine Biology,0.4,-0.5,438.264,310.757,18.901,45.0,-0.5542,0.8251,0.1097,2
736,Petal,1,ZONE_FACULTY_BIOSPHERE,Faculty of Biosphere & Marine Biology,0.4,-0.375,422.326,326.696,25.203,45.0,-0.5555,0.8243,0.1092,2
737,Petal,1,ZONE_FACULTY_BIOSPHERE,Faculty of Biosphere & Marine Biology,0.4,-0.25,406.388,342.634,30.465,45.0,-0.5568,0.8235,0.1086,2
738,Petal,1,ZONE_FACULTY_BIOSPHERE,Faculty of Biosphere & Marine Biology,0.4,-0.125,390.449,358.572,34.687,45.0,-0.5579,0.8229,0.1081,2
739,Petal,1,ZONE_FACULTY_BIOSPHERE,Faculty of Biosphere & Marine Biology,0.4,0.0,374.511,374.511,37.869,45.0,-0.5629,0.8198,0.105,2
740,Petal,1,ZONE_FACULTY_BIOSPHERE,Faculty of Biosphere & Marine Biology,0.4,0.125,358.572,390.449,34.687,45.0,-0.5634,0.8195,0.1045,2
741,Petal,1,ZONE_FACULTY_BIOSPHERE,Faculty of Biosphere & Marine Biology,0.4,0.25,342.634,406.388,30.465,45.0,-0.5639,0.8193,0.104,2
742,Petal,1,ZONE_FACULTY_BIOSPHERE,Faculty of Biosphere & Marine Biology,0.4,0.375,326.696,422.326,25.203,45.0,-0.5643,0.8191,0.1035,2
743,Petal,1,ZONE_FACULTY_BIOSPHERE,Faculty of Biosphere & Marine Biology,0.4,0.5,310.757,438.264,18.901,45.0,-0.5646,0.8189,0.103,2
744,Petal,1,ZONE_FACULTY_BIOSPHERE,Faculty of Biosphere & Marine Biology,0.4,0.625,294.819,454.203,11.558,45.0,-0.5647,0.8189,0.1025,2
745,Petal,1,ZONE_FACULTY_BIOSPHERE,Faculty of Biosphere & Marine Biology,0.4,0.75,278.881,470.141,3.175,45.0,-0.5648,0.8189,0.102,2
746,Petal,1,ZONE_FACULTY_BIOSPHERE,Faculty of Biosphere & Marine Biology,0.4,0.875,262.942,486.08,-6.248,45.0,-0.5649,0.8189,0.1016,2
747,Petal,1,ZONE_CLEARANCE_WATERWAY,Faculty of Biosphere & Marine Biology,0.4,1.0,247.004,502.018,-16.712,45.0,-0.5567,0.8239,0.1062,2
748,Petal,1,ZONE_CLEARANCE_WATERWAY,Faculty of Biosphere & Marine Biology,0.4333,-1.0,526.82,266.942,-16.279,62.36,-0.5468,0.8306,0.1049,2
749,Petal,1,ZONE_FACULTY_BIOSPHERE,Faculty of Biosphere & Marine Biology,0.4333,-0.875,510.578,283.185,-5.544,62.36,-0.5482,0.8298,0.1044,2
750,Petal,1,ZONE_FACULTY_BIOSPHERE,Faculty of Biosphere & Marine Biology,0.4333,-0.75,494.335,299.427,4.121,62.36,-0.5496,0.829,0.104,2
751,Petal,1,ZONE_FACULTY_BIOSPHERE,Faculty of Biosphere & Marine Biology,0.4333,-0.625,478.093,315.669,12.716,62.36,-0.5508,0.8282,0.1035,2
752,Petal,1,ZONE_FACULTY_BIOSPHERE,Faculty of Biosphere & Marine Biology,0.4333,-0.5,461.851,331.912,20.241,62.36,-0.552,0.8275,0.103,2
753,Petal,1,ZONE_FACULTY_BIOSPHERE,Faculty of Biosphere & Marine Biology,0.4333,-0.375,445.608,348.154,26.696,62.36,-0.5531,0.8268,0.1025,2
754,Petal,1,ZONE_FACULTY_BIOSPHERE,Faculty of Biosphere & Marine Biology,0.4333,-0.25,429.366,364.397,32.082,62.36,-0.5541,0.8262,0.1021,2
755,Petal,1,ZONE_FACULTY_BIOSPHERE,Faculty of Biosphere & Marine Biology,0.4333,-0.125,413.124,380.639,36.397,62.36,-0.5551,0.8256,0.1016,2
756,Petal,1,ZONE_FACULTY_BIOSPHERE,Faculty of Biosphere & Marine Biology,0.4333,0.0,396.881,396.881,39.643,62.36,-0.5598,0.8227,0.0988,2
757,Petal,1,ZONE_FACULTY_BIOSPHERE,Faculty of Biosphere & Marine Biology,0.4333,0.125,380.639,413.124,36.397,62.36,-0.5604,0.8223,0.0984,2
758,Petal,1,ZONE_FACULTY_BIOSPHERE,Faculty of Biosphere & Marine Biology,0.4333,0.25,364.397,429.366,32.082,62.36,-0.561,0.822,0.0979,2
759,Petal,1,ZONE_FACULTY_BIOSPHERE,Faculty of Biosphere & Marine Biology,0.4333,0.375,348.154,445.608,26.696,62.36,-0.5615,0.8217,0.0975,2
760,Petal,1,ZONE_FACULTY_BIOSPHERE,Faculty of Biosphere & Marine Biology,0.4333,0.5,331.912,461.851,20.241,62.36,-0.5619,0.8215,0.0971,2
761,Petal,1,ZONE_FACULTY_BIOSPHERE,Faculty of Biosphere & Marine Biology,0.4333,0.625,315.669,478.093,12.716,62.36,-0.5623,0.8213,0.0966,2
762,Petal,1,ZONE_FACULTY_BIOSPHERE,Faculty of Biosphere & Marine Biology,0.4333,0.75,299.427,494.335,4.121,62.36,-0.5626,0.8211,0.0962,2
763,Petal,1,ZONE_FACULTY_BIOSPHERE,Faculty of Biosphere & Marine Biology,0.4333,0.875,283.185,510.578,-5.544,62.36,-0.5628,0.821,0.0958,2
764,Petal,1,ZONE_CLEARANCE_WATERWAY,Faculty of Biosphere & Marine Biology,0.4333,1.0,266.942,526.82,-16.279,62.36,-0.5553,0.8256,0.0999,2
765,Petal,1,ZONE_CLEARANCE_WATERWAY,Faculty of Biosphere & Marine Biology,0.4667,-1.0,542.51,295.993,-15.47,105.49,-0.5575,0.825,0.0925,2
766,Petal,1,ZONE_FACULTY_BIOSPHERE,Faculty of Biosphere & Marine Biology,0.4667,-0.875,527.103,311.4,-4.572,105.49,-0.5584,0.8244,0.0921,2
767,Petal,1,ZONE_FACULTY_BIOSPHERE,Faculty of Biosphere & Marine Biology,0.4667,-0.75,511.696,326.808,5.239,105.49,-0.5594,0.8238,0.0917,2
768,Petal,1,ZONE_FACULTY_BIOSPHERE,Faculty of Biosphere & Marine Biology,0.4667,-0.625,496.288,342.215,13.962,105.49,-0.5603,0.8233,0.0913,2
769,Petal,1,ZONE_FACULTY_BIOSPHERE,Faculty of Biosphere & Marine Biology,0.4667,-0.5,480.881,357.622,21.597,105.49,-0.5611,0.8227,0.0909,2
770,Petal,1,ZONE_FACULTY_BIOSPHERE,Faculty of Biosphere & Marine Biology,0.4667,-0.375,465.474,373.03,28.144,105.49,-0.562,0.8222,0.0905,2
771,Petal,1,ZONE_FACULTY_BIOSPHERE,Faculty of Biosphere & Marine Biology,0.4667,-0.25,450.066,388.437,33.604,105.49,-0.5628,0.8217,0.0901,2
772,Petal,1,ZONE_FACULTY_BIOSPHERE,Faculty of Biosphere & Marine Biology,0.4667,-0.125,434.659,403.844,37.975,105.49,-0.5635,0.8212,0.0897,2
773,Petal,1,ZONE_FACULTY_BIOSPHERE,Faculty of Biosphere & Marine Biology,0.4667,0.0,419.252,419.252,41.26,105.49,-0.5677,0.8186,0.0874,2
774,Petal,1,ZONE_FACULTY_BIOSPHERE,Faculty of Biosphere & Marine Biology,0.4667,0.125,403.844,434.659,37.975,105.49,-0.5683,0.8182,0.087,2
775,Petal,1,ZONE_FACULTY_BIOSPHERE,Faculty of Biosphere & Marine Biology,0.4667,0.25,388.437,450.066,33.604,105.49,-0.5688,0.8179,0.0866,2
776,Petal,1,ZONE_FACULTY_BIOSPHERE,Faculty of Biosphere & Marine Biology,0.4667,0.375,373.03,465.474,28.144,105.49,-0.5694,0.8175,0.0862,2
777,Petal,1,ZONE_FACULTY_BIOSPHERE,Faculty of Biosphere & Marine Biology,0.4667,0.5,357.622,480.881,21.597,105.49,-0.5699,0.8172,0.0859,2
778,Petal,1,ZONE_FACULTY_BIOSPHERE,Faculty of Biosphere & Marine Biology,0.4667,0.625,342.215,496.288,13.962,105.49,-0.5704,0.8169,0.0855,2
779,Petal,1,ZONE_FACULTY_BIOSPHERE,Faculty of Biosphere & Marine Biology,0.4667,0.75,326.808,511.696,5.239,105.49,-0.5709,0.8166,0.0852,2
780,Petal,1,ZONE_FACULTY_BIOSPHERE,Faculty of Biosphere & Marine Biology,0.4667,0.875,311.4,527.103,-4.572,105.49,-0.5713,0.8163,0.0848,2
781,Petal,1,ZONE_CLEARANCE_WATERWAY,Faculty of Biosphere & Marine Biology,0.4667,1.0,295.993,542.51,-15.47,105.49,-0.5649,0.8204,0.0883,2
782,Petal,1,ZONE_CLEARANCE_WATERWAY,Faculty of Biosphere & Marine Biology,0.5,-1.0,557.594,325.65,-14.281,150.34,-0.5684,0.8187,0.0812,2
783,Petal,1,ZONE_FACULTY_BIOSPHERE,Faculty of Biosphere & Marine Biology,0.5,-0.875,543.097,340.147,-3.328,150.34,-0.569,0.8183,0.0809,2
784,Petal,1,ZONE_FACULTY_BIOSPHERE,Faculty of Biosphere & Marine Biology,0.5,-0.75,528.601,354.643,6.532,150.34,-0.5696,0.818,0.0805,2
785,Petal,1,ZONE_FACULTY_BIOSPHERE,Faculty of Biosphere & Marine Biology,0.5,-0.625,514.104,369.14,15.297,150.34,-0.5702,0.8176,0.0802,2
786,Petal,1,ZONE_FACULTY_BIOSPHERE,Faculty of Biosphere & Marine Biology,0.5,-0.5,499.608,383.636,22.969,150.34,-0.5708,0.8172,0.0799,2
787,Petal,1,ZONE_FACULTY_BIOSPHERE,Faculty of Biosphere & Marine Biology,0.5,-0.375,485.112,398.133,29.547,150.34,-0.5714,0.8168,0.0795,2
788,Petal,1,ZONE_FACULTY_BIOSPHERE,Faculty of Biosphere & Marine Biology,0.5,-0.25,470.615,412.629,35.032,150.34,-0.572,0.8164,0.0792,2
789,Petal,1,ZONE_FACULTY_BIOSPHERE,Faculty of Biosphere & Marine Biology,0.5,-0.125,456.119,427.126,39.422,150.34,-0.5726,0.816,0.0789,2
790,Petal,1,ZONE_FACULTY_BIOSPHERE,Faculty of Biosphere & Marine Biology,0.5,0.0,441.622,441.622,42.719,150.34,-0.5762,0.8137,0.077,2
791,Petal,1,ZONE_FACULTY_BIOSPHERE,Faculty of Biosphere & Marine Biology,0.5,0.125,427.126,456.119,39.422,150.34,-0.5768,0.8133,0.0767,2
792,Petal,1,ZONE_FACULTY_BIOSPHERE,Faculty of Biosphere & Marine Biology,0.5,0.25,412.629,470.615,35.032,150.34,-0.5774,0.8129,0.0763,2
793,Petal,1,ZONE_FACULTY_BIOSPHERE,Faculty of Biosphere & Marine Biology,0.5,0.375,398.133,485.112,29.547,150.34,-0.5779,0.8125,0.076,2
794,Petal,1,ZONE_FACULTY_BIOSPHERE,Faculty of Biosphere & Marine Biology,0.5,0.5,383.636,499.608,22.969,150.34,-0.5785,0.8121,0.0757,2
795,Petal,1,ZONE_FACULTY_BIOSPHERE,Faculty of Biosphere & Marine Biology,0.5,0.625,369.14,514.104,15.297,150.34,-0.5791,0.8118,0.0754,2
796,Petal,1,ZONE_FACULTY_BIOSPHERE,Faculty of Biosphere & Marine Biology,0.5,0.75,354.643,528.601,6.532,150.34,-0.5797,0.8114,0.0751,2
797,Petal,1,ZONE_FACULTY_BIOSPHERE,Faculty of Biosphere & Marine Biology,0.5,0.875,340.147,543.097,-3.328,150.34,-0.5803,0.811,0.0749,2
798,Petal,1,ZONE_CLEARANCE_WATERWAY,Faculty of Biosphere & Marine Biology,0.5,1.0,325.65,557.594,-14.281,150.34,-0.5749,0.8145,0.0778,2
799,Petal,1,ZONE_CLEARANCE_WATERWAY,Faculty of Biosphere & Marine Biology,0.5333,-1.0,572.197,355.788,-12.708,196.54,-0.5795,0.8119,0.0711,2
800,Petal,1,ZONE_FACULTY_BIOSPHERE,Faculty of Biosphere & Marine Biology,0.5333,-0.875,558.672,369.313,-1.809,196.54,-0.5798,0.8117,0.0708,2
801,Petal,1,ZONE_FACULTY_BIOSPHERE,Faculty of Biosphere & Marine Biology,0.5333,-0.75,545.146,382.839,8.001,196.54,-0.5802,0.8114,0.0705,2
802,Petal,1,ZONE_FACULTY_BIOSPHERE,Faculty of Biosphere & Marine Biology,0.5333,-0.625,531.62,396.365,16.724,196.54,-0.5805,0.8112,0.0702,2
803,Petal,1,ZONE_FACULTY_BIOSPHERE,Faculty of Biosphere & Marine Biology,0.5333,-0.5,518.095,409.89,24.359,196.54,-0.5809,0.8109,0.0699,2
804,Petal,1,ZONE_FACULTY_BIOSPHERE,Faculty of Biosphere & Marine Biology,0.5333,-0.375,504.569,423.416,30.907,196.54,-0.5813,0.8107,0.0697,2
805,Petal,1,ZONE_FACULTY_BIOSPHERE,Faculty of Biosphere & Marine Biology,0.5333,-0.25,491.044,436.941,36.366,196.54,-0.5818,0.8104,0.0694,2
806,Petal,1,ZONE_FACULTY_BIOSPHERE,Faculty of Biosphere & Marine Biology,0.5333,-0.125,477.518,450.467,40.738,196.54,-0.5822,0.8101,0.0691,2
807,Petal,1,ZONE_FACULTY_BIOSPHERE,Faculty of Biosphere & Marine Biology,0.5333,0.0,463.992,463.992,44.022,196.54,-0.5853,0.808,0.0675,2
808,Petal,1,ZONE_FACULTY_BIOSPHERE,Faculty of Biosphere & Marine Biology,0.5333,0.125,450.467,477.518,40.738,196.54,-0.5858,0.8076,0.0673,2
809,Petal,1,ZONE_FACULTY_BIOSPHERE,Faculty of Biosphere & Marine Biology,0.5333,0.25,436.941,491.044,36.366,196.54,-0.5864,0.8072,0.067,2
810,Petal,1,ZONE_FACULTY_BIOSPHERE,Faculty of Biosphere & Marine Biology,0.5333,0.375,423.416,504.569,30.907,196.54,-0.587,0.8068,0.0668,2
811,Petal,1,ZONE_FACULTY_BIOSPHERE,Faculty of Biosphere & Marine Biology,0.5333,0.5,409.89,518.095,24.359,196.54,-0.5876,0.8064,0.0665,2
812,Petal,1,ZONE_FACULTY_BIOSPHERE,Faculty of Biosphere & Marine Biology,0.5333,0.625,396.365,531.62,16.724,196.54,-0.5882,0.806,0.0663,2
813,Petal,1,ZONE_FACULTY_BIOSPHERE,Faculty of Biosphere & Marine Biology,0.5333,0.75,382.839,545.146,8.001,196.54,-0.5889,0.8055,0.066,2
814,Petal,1,ZONE_FACULTY_BIOSPHERE,Faculty of Biosphere & Marine Biology,0.5333,0.875,369.313,558.672,-1.809,196.54,-0.5895,0.8051,0.0658,2
815,Petal,1,ZONE_CLEARANCE_WATERWAY,Faculty of Biosphere & Marine Biology,0.5333,1.0,355.788,572.197,-12.708,196.54,-0.5851,0.8081,0.0682,2
816,Petal,1,ZONE_CLEARANCE_WATERWAY,Faculty of Biosphere & Marine Biology,0.5667,-1.0,586.432,386.293,-10.753,243.79,-0.5907,0.8045,0.0618,2
817,Petal,1,ZONE_FACULTY_BIOSPHERE,Faculty of Biosphere & Marine Biology,0.5667,-0.875,573.924,398.802,-0.019,243.79,-0.5908,0.8045,0.0616,2
818,Petal,1,ZONE_FACULTY_BIOSPHERE,Faculty of Biosphere & Marine Biology,0.5667,-0.75,561.415,411.311,9.646,243.79,-0.5909,0.8044,0.0614,2
819,Petal,1,ZONE_FACULTY_BIOSPHERE,Faculty of Biosphere & Marine Biology,0.5667,-0.625,548.906,423.82,18.241,243.79,-0.5911,0.8043,0.0611,2
820,Petal,1,ZONE_FACULTY_BIOSPHERE,Faculty of Biosphere & Marine Biology,0.5667,-0.5,536.398,436.328,25.766,243.79,-0.5913,0.8041,0.0609,2
821,Petal,1,ZONE_FACULTY_BIOSPHERE,Faculty of Biosphere & Marine Biology,0.5667,-0.375,523.889,448.837,32.221,243.79,-0.5916,0.804,0.0607,2
822,Petal,1,ZONE_FACULTY_BIOSPHERE,Faculty of Biosphere & Marine Biology,0.5667,-0.25,511.38,461.346,37.607,243.79,-0.5919,0.8038,0.0605,2
823,Petal,1,ZONE_FACULTY_BIOSPHERE,Faculty of Biosphere & Marine Biology,0.5667,-0.125,498.872,473.854,41.922,243.79,-0.5922,0.8035,0.0602,2
824,Petal,1,ZONE_FACULTY_BIOSPHERE,Faculty of Biosphere & Marine Biology,0.5667,0.0,486.363,486.363,45.168,243.79,-0.5948,0.8017,0.059,2
825,Petal,1,ZONE_FACULTY_BIOSPHERE,Faculty of Biosphere & Marine Biology,0.5667,0.125,473.854,498.872,41.922,243.79,-0.5953,0.8014,0.0588,2
826,Petal,1,ZONE_FACULTY_BIOSPHERE,Faculty of Biosphere & Marine Biology,0.5667,0.25,461.346,511.38,37.607,243.79,-0.5958,0.801,0.0585,2
827,Petal,1,ZONE_FACULTY_BIOSPHERE,Faculty of Biosphere & Marine Biology,0.5667,0.375,448.837,523.889,32.221,243.79,-0.5964,0.8006,0.0583,2
828,Petal,1,ZONE_FACULTY_BIOSPHERE,Faculty of Biosphere & Marine Biology,0.5667,0.5,436.328,536.398,25.766,243.79,-0.597,0.8001,0.0581,2
829,Petal,1,ZONE_FACULTY_BIOSPHERE,Faculty of Biosphere & Marine Biology,0.5667,0.625,423.82,548.906,18.241,243.79,-0.5976,0.7997,0.0579,2
830,Petal,1,ZONE_FACULTY_BIOSPHERE,Faculty of Biosphere & Marine Biology,0.5667,0.75,411.311,561.415,9.646,243.79,-0.5983,0.7992,0.0578,2
831,Petal,1,ZONE_FACULTY_BIOSPHERE,Faculty of Biosphere & Marine Biology,0.5667,0.875,398.802,573.924,-0.019,243.79,-0.599,0.7987,0.0576,2
832,Petal,1,ZONE_CLEARANCE_WATERWAY,Faculty of Biosphere & Marine Biology,0.5667,1.0,386.293,586.432,-10.753,243.79,-0.5954,0.8012,0.0595,2
833,Petal,1,ZONE_CLEARANCE_WATERWAY,Faculty of Biosphere & Marine Biology,0.6,-1.0,600.401,417.066,-8.424,291.79,-0.6018,0.7968,0.0534,2
834,Petal,1,ZONE_FACULTY_BIOSPHERE,Faculty of Biosphere & Marine Biology,0.6,-0.875,588.942,428.524,2.039,291.79,-0.6018,0.7969,0.0533,2
835,Petal,1,ZONE_FACULTY_BIOSPHERE,Faculty of Biosphere & Marine Biology,0.6,-0.75,577.484,439.983,11.463,291.79,-0.6017,0.7969,0.0531,2
836,Petal,1,ZONE_FACULTY_BIOSPHERE,Faculty of Biosphere & Marine Biology,0.6,-0.625,566.025,451.441,19.846,291.79,-0.6018,0.7969,0.0529,2
837,Petal,1,ZONE_FACULTY_BIOSPHERE,Faculty of Biosphere & Marine Biology,0.6,-0.5,554.567,462.9,27.188,291.79,-0.6019,0.7969,0.0527,2
838,Petal,1,ZONE_FACULTY_BIOSPHERE,Faculty of Biosphere & Marine Biology,0.6,-0.375,543.109,474.358,33.491,291.79,-0.602,0.7968,0.0525,2
839,Petal,1,ZONE_FACULTY_BIOSPHERE,Faculty of Biosphere & Marine Biology,0.6,-0.25,531.65,485.816,38.753,291.79,-0.6022,0.7967,0.0524,2
840,Petal,1,ZONE_FACULTY_BIOSPHERE,Faculty of Biosphere & Marine Biology,0.6,-0.125,520.192,497.275,42.975,291.79,-0.6024,0.7965,0.0522,2
841,Petal,1,ZONE_FACULTY_BIOSPHERE,Faculty of Biosphere & Marine Biology,0.6,0.0,508.733,508.733,46.157,291.79,-0.6045,0.795,0.0512,2
842,Petal,1,ZONE_FACULTY_BIOSPHERE,Faculty of Biosphere & Marine Biology,0.6,0.125,497.275,520.192,42.975,291.79,-0.605,0.7946,0.051,2
843,Petal,1,ZONE_FACULTY_BIOSPHERE,Faculty of Biosphere & Marine Biology,0.6,0.25,485.816,531.65,38.753,291.79,-0.6055,0.7942,0.0508,2
844,Petal,1,ZONE_FACULTY_BIOSPHERE,Faculty of Biosphere & Marine Biology,0.6,0.375,474.358,543.109,33.491,291.79,-0.606,0.7938,0.0507,2
845,Petal,1,ZONE_FACULTY_BIOSPHERE,Faculty of Biosphere & Marine Biology,0.6,0.5,462.9,554.567,27.188,291.79,-0.6066,0.7934,0.0505,2
846,Petal,1,ZONE_FACULTY_BIOSPHERE,Faculty of Biosphere & Marine Biology,0.6,0.625,451.441,566.025,19.846,291.79,-0.6072,0.7929,0.0503,2
847,Petal,1,ZONE_FACULTY_BIOSPHERE,Faculty of Biosphere & Marine Biology,0.6,0.75,439.983,577.484,11.463,291.79,-0.6079,0.7924,0.0502,2
848,Petal,1,ZONE_FACULTY_BIOSPHERE,Faculty of Biosphere & Marine Biology,0.6,0.875,428.524,588.942,2.039,291.79,-0.6086,0.7919,0.05,2
849,Petal,1,ZONE_CLEARANCE_WATERWAY,Faculty of Biosphere & Marine Biology,0.6,1.0,417.066,600.401,-8.424,291.79,-0.6057,0.794,0.0516,2
850,Petal,1,ZONE_CLEARANCE_WATERWAY,Faculty of Biosphere & Marine Biology,0.6333,-1.0,614.194,448.013,-5.73,340.29,-0.6129,0.7889,0.0459,2
851,Petal,1,ZONE_FACULTY_BIOSPHERE,Faculty of Biosphere & Marine Biology,0.6333,-0.875,603.808,458.4,4.357,340.29,-0.6127,0.789,0.0457,2
852,Petal,1,ZONE_FACULTY_BIOSPHERE,Faculty of Biosphere & Marine Biology,0.6333,-0.75,593.421,468.786,13.445,340.29,-0.6125,0.7891,0.0456,2
853,Petal,1,ZONE_FACULTY_BIOSPHERE,Faculty of Biosphere & Marine Biology,0.6333,-0.625,583.035,479.172,21.534,340.29,-0.6125,0.7892,0.0454,2
854,Petal,1,ZONE_FACULTY_BIOSPHERE,Faculty of Biosphere & Marine Biology,0.6333,-0.5,572.649,489.559,28.623,340.29,-0.6124,0.7892,0.0453,2
855,Petal,1,ZONE_FACULTY_BIOSPHERE,Faculty of Biosphere & Marine Biology,0.6333,-0.375,562.262,499.945,34.713,340.29,-0.6125,0.7892,0.0451,2
856,Petal,1,ZONE_FACULTY_BIOSPHERE,Faculty of Biosphere & Marine Biology,0.6333,-0.25,551.876,510.331,39.804,340.29,-0.6125,0.7892,0.045,2
857,Petal,1,ZONE_FACULTY_BIOSPHERE,Faculty of Biosphere & Marine Biology,0.6333,-0.125,541.49,520.717,43.896,340.29,-0.6127,0.7891,0.0449,2
858,Petal,1,ZONE_FACULTY_BIOSPHERE,Faculty of Biosphere & Marine Biology,0.6333,0.0,531.104,531.104,46.989,340.29,-0.6144,0.7878,0.044,2
859,Petal,1,ZONE_FACULTY_BIOSPHERE,Faculty of Biosphere & Marine Biology,0.6333,0.125,520.717,541.49,43.896,340.29,-0.6148,0.7874,0.0439,2
860,Petal,1,ZONE_FACULTY_BIOSPHERE,Faculty of Biosphere & Marine Biology,0.6333,0.25,510.331,551.876,39.804,340.29,-0.6153,0.7871,0.0438,2
861,Petal,1,ZONE_FACULTY_BIOSPHERE,Faculty of Biosphere & Marine Biology,0.6333,0.375,499.945,562.262,34.713,340.29,-0.6158,0.7867,0.0437,2
862,Petal,1,ZONE_FACULTY_BIOSPHERE,Faculty of Biosphere & Marine Biology,0.6333,0.5,489.559,572.649,28.623,340.29,-0.6163,0.7863,0.0435,2
863,Petal,1,ZONE_FACULTY_BIOSPHERE,Faculty of Biosphere & Marine Biology,0.6333,0.625,479.172,583.035,21.534,340.29,-0.6169,0.7858,0.0434,2
864,Petal,1,ZONE_FACULTY_BIOSPHERE,Faculty of Biosphere & Marine Biology,0.6333,0.75,468.786,593.421,13.445,340.29,-0.6176,0.7853,0.0433,2
865,Petal,1,ZONE_FACULTY_BIOSPHERE,Faculty of Biosphere & Marine Biology,0.6333,0.875,458.4,603.808,4.357,340.29,-0.6183,0.7848,0.0432,2
866,Petal,1,ZONE_CLEARANCE_WATERWAY,Faculty of Biosphere & Marine Biology,0.6333,1.0,448.013,614.194,-5.73,340.29,-0.616,0.7865,0.0444,2
867,Petal,1,ZONE_CLEARANCE_WATERWAY,Faculty of Biosphere & Marine Biology,0.6667,-1.0,627.896,479.052,-2.685,389.04,-0.6237,0.7807,0.039,2
868,Petal,1,ZONE_FACULTY_BIOSPHERE,Faculty of Biosphere & Marine Biology,0.6667,-0.875,618.593,488.355,6.923,389.04,-0.6234,0.7809,0.0389,2
869,Petal,1,ZONE_FACULTY_BIOSPHERE,Faculty of Biosphere & Marine Biology,0.6667,-0.75,609.291,497.658,15.585,389.04,-0.6232,0.7811,0.0387,2
870,Petal,1,ZONE_FACULTY_BIOSPHERE,Faculty of Biosphere & Marine Biology,0.6667,-0.625,599.988,506.96,23.299,389.04,-0.6231,0.7812,0.0386,2
871,Petal,1,ZONE_FACULTY_BIOSPHERE,Faculty of Biosphere & Marine Biology,0.6667,-0.5,590.685,516.263,30.066,389.04,-0.623,0.7813,0.0385,2
872,Petal,1,ZONE_FACULTY_BIOSPHERE,Faculty of Biosphere & Marine Biology,0.6667,-0.375,581.382,525.566,35.886,389.04,-0.6229,0.7813,0.0384,2
873,Petal,1,ZONE_FACULTY_BIOSPHERE,Faculty of Biosphere & Marine Biology,0.6667,-0.25,572.08,534.869,40.758,389.04,-0.6229,0.7813,0.0383,2
874,Petal,1,ZONE_FACULTY_BIOSPHERE,Faculty of Biosphere & Marine Biology,0.6667,-0.125,562.777,544.171,44.684,389.04,-0.623,0.7813,0.0382,2
875,Petal,1,ZONE_FACULTY_BIOSPHERE,Faculty of Biosphere & Marine Biology,0.6667,0.0,553.474,553.474,47.662,389.04,-0.6244,0.7802,0.0376,2
876,Petal,1,ZONE_FACULTY_BIOSPHERE,Faculty of Biosphere & Marine Biology,0.6667,0.125,544.171,562.777,44.684,389.04,-0.6247,0.7799,0.0375,2
877,Petal,1,ZONE_FACULTY_BIOSPHERE,Faculty of Biosphere & Marine Biology,0.6667,0.25,534.869,572.08,40.758,389.04,-0.6251,0.7796,0.0374,2
878,Petal,1,ZONE_FACULTY_BIOSPHERE,Faculty of Biosphere & Marine Biology,0.6667,0.375,525.566,581.382,35.886,389.04,-0.6256,0.7793,0.0373,2
879,Petal,1,ZONE_FACULTY_BIOSPHERE,Faculty of Biosphere & Marine Biology,0.6667,0.5,516.263,590.685,30.066,389.04,-0.6261,0.7789,0.0372,2
880,Petal,1,ZONE_FACULTY_BIOSPHERE,Faculty of Biosphere & Marine Biology,0.6667,0.625,506.96,599.988,23.299,389.04,-0.6267,0.7784,0.0371,2
881,Petal,1,ZONE_FACULTY_BIOSPHERE,Faculty of Biosphere & Marine Biology,0.6667,0.75,497.658,609.291,15.585,389.04,-0.6273,0.7779,0.037,2
882,Petal,1,ZONE_FACULTY_BIOSPHERE,Faculty of Biosphere & Marine Biology,0.6667,0.875,488.355,618.593,6.923,389.04,-0.6279,0.7774,0.0369,2
883,Petal,1,ZONE_CLEARANCE_WATERWAY,Faculty of Biosphere & Marine Biology,0.6667,1.0,479.052,627.896,-2.685,389.04,-0.6262,0.7787,0.0378,2
884,Petal,1,ZONE_CLEARANCE_WATERWAY,Faculty of Biosphere & Marine Biology,0.7,-1.0,641.584,510.105,0.691,437.83,-0.6345,0.7722,0.0327,2
885,Petal,1,ZONE_FACULTY_BIOSPHERE,Faculty of Biosphere & Marine Biology,0.7,-0.875,633.367,518.322,9.724,437.83,-0.6341,0.7725,0.0327,2
886,Petal,1,ZONE_FACULTY_BIOSPHERE,Faculty of Biosphere & Marine Biology,0.7,-0.75,625.149,526.54,17.872,437.83,-0.6338,0.7728,0.0326,2
887,Petal,1,ZONE_FACULTY_BIOSPHERE,Faculty of Biosphere & Marine Biology,0.7,-0.625,616.932,534.757,25.134,437.83,-0.6335,0.773,0.0325,2
888,Petal,1,ZONE_FACULTY_BIOSPHERE,Faculty of Biosphere & Marine Biology,0.7,-0.5,608.714,542.975,31.512,437.83,-0.6333,0.7732,0.0324,2
889,Petal,1,ZONE_FACULTY_BIOSPHERE,Faculty of Biosphere & Marine Biology,0.7,-0.375,600.497,551.192,37.006,437.83,-0.6332,0.7733,0.0323,2
890,Petal,1,ZONE_FACULTY_BIOSPHERE,Faculty of Biosphere & Marine Biology,0.7,-0.25,592.279,559.409,41.614,437.83,-0.6331,0.7734,0.0322,2
891,Petal,1,ZONE_FACULTY_BIOSPHERE,Faculty of Biosphere & Marine Biology,0.7,-0.125,584.062,567.627,45.337,437.83,-0.6331,0.7734,0.0322,2
892,Petal,1,ZONE_FACULTY_BIOSPHERE,Faculty of Biosphere & Marine Biology,0.7,0.0,575.844,575.844,48.176,437.83,-0.6341,0.7726,0.0317,2
893,Petal,1,ZONE_FACULTY_BIOSPHERE,Faculty of Biosphere & Marine Biology,0.7,0.125,567.627,584.062,45.337,437.83,-0.6345,0.7723,0.0316,2
894,Petal,1,ZONE_FACULTY_BIOSPHERE,Faculty of Biosphere & Marine Biology,0.7,0.25,559.409,592.279,41.614,437.83,-0.6349,0.772,0.0315,2
895,Petal,1,ZONE_FACULTY_BIOSPHERE,Faculty of Biosphere & Marine Biology,0.7,0.375,551.192,600.497,37.006,437.83,-0.6353,0.7716,0.0314,2
896,Petal,1,ZONE_FACULTY_BIOSPHERE,Faculty of Biosphere & Marine Biology,0.7,0.5,542.975,608.714,31.512,437.83,-0.6358,0.7712,0.0314,2
897,Petal,1,ZONE_FACULTY_BIOSPHERE,Faculty of Biosphere & Marine Biology,0.7,0.625,534.757,616.932,25.134,437.83,-0.6364,0.7708,0.0313,2
898,Petal,1,ZONE_FACULTY_BIOSPHERE,Faculty of Biosphere & Marine Biology,0.7,0.75,526.54,625.149,17.872,437.83,-0.637,0.7703,0.0312,2
899,Petal,1,ZONE_FACULTY_BIOSPHERE,Faculty of Biosphere & Marine Biology,0.7,0.875,518.322,633.367,9.724,437.83,-0.6376,0.7697,0.0312,2
900,Petal,1,ZONE_CLEARANCE_WATERWAY,Faculty of Biosphere & Marine Biology,0.7,1.0,510.105,641.584,0.691,437.83,-0.6365,0.7706,0.0319,2
901,Petal,1,ZONE_CLEARANCE_WATERWAY,Faculty of Biosphere & Marine Biology,0.7333,-1.0,655.331,541.098,4.228,486.46,-0.6458,0.763,0.0281,2
902,Petal,1,ZONE_FACULTY_BIOSPHERE,Faculty of Biosphere & Marine Biology,0.7333,-0.875,648.192,548.238,12.305,486.46,-0.645,0.7636,0.028,2
903,Petal,1,ZONE_FACULTY_BIOSPHERE,Faculty of Biosphere & Marine Biology,0.7333,-0.75,641.052,555.377,19.596,486.46,-0.6444,0.7642,0.0279,2
904,Petal,1,ZONE_FACULTY_BIOSPHERE,Faculty of Biosphere & Marine Biology,0.7333,-0.625,633.913,562.517,26.103,486.46,-0.6438,0.7647,0.0279,2
905,Petal,1,ZONE_FACULTY_BIOSPHERE,Faculty of Biosphere & Marine Biology,0.7333,-0.5,626.773,569.657,31.825,486.46,-0.6434,0.765,0.0278,2
906,Petal,1,ZONE_FACULTY_BIOSPHERE,Faculty of Biosphere & Marine Biology,0.7333,-0.375,619.634,576.796,36.762,486.46,-0.643,0.7654,0.0278,2
907,Petal,1,ZONE_FACULTY_BIOSPHERE,Faculty of Biosphere & Marine Biology,0.7333,-0.25,612.494,583.936,40.914,486.46,-0.6427,0.7656,0.0277,2
908,Petal,1,ZONE_FACULTY_BIOSPHERE,Faculty of Biosphere & Marine Biology,0.7333,-0.125,605.354,591.075,44.281,486.46,-0.6425,0.7658,0.0276,2
909,Petal,1,ZONE_FACULTY_BIOSPHERE,Faculty of Biosphere & Marine Biology,0.7333,0.0,598.215,598.215,46.863,486.46,-0.6432,0.7652,0.0272,2
910,Petal,1,ZONE_FACULTY_BIOSPHERE,Faculty of Biosphere & Marine Biology,0.7333,0.125,591.075,605.354,44.281,486.46,-0.6436,0.7649,0.0272,2
911,Petal,1,ZONE_FACULTY_BIOSPHERE,Faculty of Biosphere & Marine Biology,0.7333,0.25,583.936,612.494,40.914,486.46,-0.6441,0.7645,0.0271,2
912,Petal,1,ZONE_FACULTY_BIOSPHERE,Faculty of Biosphere & Marine Biology,0.7333,0.375,576.796,619.634,36.762,486.46,-0.6446,0.764,0.0271,2
913,Petal,1,ZONE_FACULTY_BIOSPHERE,Faculty of Biosphere & Marine Biology,0.7333,0.5,569.657,626.773,31.825,486.46,-0.6453,0.7635,0.027,2
914,Petal,1,ZONE_FACULTY_BIOSPHERE,Faculty of Biosphere & Marine Biology,0.7333,0.625,562.517,633.913,26.103,486.46,-0.646,0.7629,0.027,2
915,Petal,1,ZONE_FACULTY_BIOSPHERE,Faculty of Biosphere & Marine Biology,0.7333,0.75,555.377,641.052,19.596,486.46,-0.6468,0.7622,0.0269,2
916,Petal,1,ZONE_FACULTY_BIOSPHERE,Faculty of Biosphere & Marine Biology,0.7333,0.875,548.238,648.192,12.305,486.46,-0.6477,0.7614,0.0269,2
917,Petal,1,ZONE_CLEARANCE_WATERWAY,Faculty of Biosphere & Marine Biology,0.7333,1.0,541.098,655.331,4.228,486.46,-0.6472,0.7618,0.0274,2
918,Petal,1,ZONE_CLEARANCE_WATERWAY,Faculty of Biosphere & Marine Biology,0.7667,-1.0,669.206,571.965,7.296,534.73,-0.656,0.7544,0.0252,2
919,Petal,1,ZONE_FACULTY_BIOSPHERE,Faculty of Biosphere & Marine Biology,0.7667,-0.875,663.128,578.042,13.943,534.73,-0.6551,0.7551,0.0252,2
920,Petal,1,ZONE_FACULTY_BIOSPHERE,Faculty of Biosphere & Marine Biology,0.7667,-0.75,657.051,584.12,19.95,534.73,-0.6544,0.7558,0.0251,2
921,Petal,1,ZONE_FACULTY_BIOSPHERE,Faculty of Biosphere & Marine Biology,0.7667,-0.625,650.973,590.197,25.318,534.73,-0.6537,0.7563,0.0251,2
922,Petal,1,ZONE_FACULTY_BIOSPHERE,Faculty of Biosphere & Marine Biology,0.7667,-0.5,644.896,596.275,30.047,534.73,-0.6531,0.7568,0.025,2
923,Petal,1,ZONE_FACULTY_BIOSPHERE,Faculty of Biosphere & Marine Biology,0.7667,-0.375,638.818,602.353,34.136,534.73,-0.6527,0.7572,0.025,2
924,Petal,1,ZONE_FACULTY_BIOSPHERE,Faculty of Biosphere & Marine Biology,0.7667,-0.25,632.74,608.43,37.585,534.73,-0.6523,0.7575,0.0249,2
925,Petal,1,ZONE_FACULTY_BIOSPHERE,Faculty of Biosphere & Marine Biology,0.7667,-0.125,626.663,614.508,40.395,534.73,-0.652,0.7578,0.0249,2
926,Petal,1,ZONE_FACULTY_BIOSPHERE,Faculty of Biosphere & Marine Biology,0.7667,0.0,620.585,620.585,42.565,534.73,-0.6525,0.7574,0.0246,2
927,Petal,1,ZONE_FACULTY_BIOSPHERE,Faculty of Biosphere & Marine Biology,0.7667,0.125,614.508,626.663,40.395,534.73,-0.6528,0.7571,0.0245,2
928,Petal,1,ZONE_FACULTY_BIOSPHERE,Faculty of Biosphere & Marine Biology,0.7667,0.25,608.43,632.74,37.585,534.73,-0.6533,0.7567,0.0245,2
929,Petal,1,ZONE_FACULTY_BIOSPHERE,Faculty of Biosphere & Marine Biology,0.7667,0.375,602.353,638.818,34.136,534.73,-0.6539,0.7562,0.0244,2
930,Petal,1,ZONE_FACULTY_BIOSPHERE,Faculty of Biosphere & Marine Biology,0.7667,0.5,596.275,644.896,30.047,534.73,-0.6545,0.7556,0.0244,2
931,Petal,1,ZONE_FACULTY_BIOSPHERE,Faculty of Biosphere & Marine Biology,0.7667,0.625,590.197,650.973,25.318,534.73,-0.6553,0.755,0.0243,2
932,Petal,1,ZONE_FACULTY_BIOSPHERE,Faculty of Biosphere & Marine Biology,0.7667,0.75,584.12,657.051,19.95,534.73,-0.6561,0.7543,0.0243,2
933,Petal,1,ZONE_FACULTY_BIOSPHERE,Faculty of Biosphere & Marine Biology,0.7667,0.875,578.042,663.128,13.943,534.73,-0.657,0.7535,0.0243,2
934,Petal,1,ZONE_CLEARANCE_WATERWAY,Faculty of Biosphere & Marine Biology,0.7667,1.0,571.965,669.206,7.296,534.73,-0.657,0.7534,0.0247,2
935,Petal,1,ZONE_CLEARANCE_WATERWAY,Faculty of Biosphere & Marine Biology,0.8,-1.0,683.275,602.636,9.317,582.44,-0.6654,0.7461,0.0236,2
936,Petal,1,ZONE_FACULTY_BIOSPHERE,Faculty of Biosphere & Marine Biology,0.8,-0.875,678.235,607.676,14.331,582.44,-0.6646,0.7469,0.0235,2
937,Petal,1,ZONE_FACULTY_BIOSPHERE,Faculty of Biosphere & Marine Biology,0.8,-0.75,673.195,612.716,18.868,582.44,-0.6638,0.7475,0.0235,2
938,Petal,1,ZONE_FACULTY_BIOSPHERE,Faculty of Biosphere & Marine Biology,0.8,-0.625,668.155,617.756,22.93,582.44,-0.6631,0.7481,0.0235,2
939,Petal,1,ZONE_FACULTY_BIOSPHERE,Faculty of Biosphere & Marine Biology,0.8,-0.5,663.115,622.796,26.515,582.44,-0.6626,0.7486,0.0234,2
940,Petal,1,ZONE_FACULTY_BIOSPHERE,Faculty of Biosphere & Marine Biology,0.8,-0.375,658.076,627.836,29.624,582.44,-0.6621,0.749,0.0234,2
941,Petal,1,ZONE_FACULTY_BIOSPHERE,Faculty of Biosphere & Marine Biology,0.8,-0.25,653.036,632.876,32.256,582.44,-0.6617,0.7494,0.0234,2
942,Petal,1,ZONE_FACULTY_BIOSPHERE,Faculty of Biosphere & Marine Biology,0.8,-0.125,647.996,637.916,34.413,582.44,-0.6614,0.7497,0.0233,2
943,Petal,1,ZONE_FACULTY_BIOSPHERE,Faculty of Biosphere & Marine Biology,0.8,0.0,642.956,642.956,36.093,582.44,-0.6617,0.7495,0.0231,2
944,Petal,1,ZONE_FACULTY_BIOSPHERE,Faculty of Biosphere & Marine Biology,0.8,0.125,637.916,647.996,34.413,582.44,-0.662,0.7491,0.023,2
945,Petal,1,ZONE_FACULTY_BIOSPHERE,Faculty of Biosphere & Marine Biology,0.8,0.25,632.876,653.036,32.256,582.44,-0.6624,0.7488,0.023,2
946,Petal,1,ZONE_FACULTY_BIOSPHERE,Faculty of Biosphere & Marine Biology,0.8,0.375,627.836,658.076,29.624,582.44,-0.663,0.7483,0.023,2
947,Petal,1,ZONE_FACULTY_BIOSPHERE,Faculty of Biosphere & Marine Biology,0.8,0.5,622.796,663.115,26.515,582.44,-0.6636,0.7478,0.0229,2
948,Petal,1,ZONE_FACULTY_BIOSPHERE,Faculty of Biosphere & Marine Biology,0.8,0.625,617.756,668.155,22.93,582.44,-0.6643,0.7472,0.0229,2
949,Petal,1,ZONE_FACULTY_BIOSPHERE,Faculty of Biosphere & Marine Biology,0.8,0.75,612.716,673.195,18.868,582.44,-0.665,0.7465,0.0229,2
950,Petal,1,ZONE_FACULTY_BIOSPHERE,Faculty of Biosphere & Marine Biology,0.8,0.875,607.676,678.235,14.331,582.44,-0.6659,0.7457,0.0228,2
951,Petal,1,ZONE_CLEARANCE_WATERWAY,Faculty of Biosphere & Marine Biology,0.8,1.0,602.636,683.275,9.317,582.44,-0.6661,0.7455,0.0232,2
952,Petal,1,ZONE_CLEARANCE_WATERWAY,Faculty of Biosphere & Marine Biology,0.8333,-1.0,697.607,633.045,9.93,629.42,-0.6741,0.7383,0.023,2
953,Petal,1,ZONE_FACULTY_BIOSPHERE,Faculty of Biosphere & Marine Biology,0.8333,-0.875,693.572,637.08,13.342,629.42,-0.6734,0.7389,0.0229,2
954,Petal,1,ZONE_FACULTY_BIOSPHERE,Faculty of Biosphere & Marine Biology,0.8333,-0.75,689.537,641.115,16.436,629.42,-0.6727,0.7395,0.0229,2
955,Petal,1,ZONE_FACULTY_BIOSPHERE,Faculty of Biosphere & Marine Biology,0.8333,-0.625,685.502,645.15,19.212,629.42,-0.6721,0.7401,0.0229,2
956,Petal,1,ZONE_FACULTY_BIOSPHERE,Faculty of Biosphere & Marine Biology,0.8333,-0.5,681.467,649.185,21.668,629.42,-0.6716,0.7406,0.0229,2
957,Petal,1,ZONE_FACULTY_BIOSPHERE,Faculty of Biosphere & Marine Biology,0.8333,-0.375,677.432,653.221,23.806,629.42,-0.6712,0.741,0.0228,2
958,Petal,1,ZONE_FACULTY_BIOSPHERE,Faculty of Biosphere & Marine Biology,0.8333,-0.25,673.396,657.256,25.624,629.42,-0.6708,0.7413,0.0228,2
959,Petal,1,ZONE_FACULTY_BIOSPHERE,Faculty of Biosphere & Marine Biology,0.8333,-0.125,669.361,661.291,27.124,629.42,-0.6705,0.7415,0.0228,2
960,Petal,1,ZONE_FACULTY_BIOSPHERE,Faculty of Biosphere & Marine Biology,0.8333,0.0,665.326,665.326,28.305,629.42,-0.6706,0.7415,0.0225,2
961,Petal,1,ZONE_FACULTY_BIOSPHERE,Faculty of Biosphere & Marine Biology,0.8333,0.125,661.291,669.361,27.124,629.42,-0.6709,0.7412,0.0225,2
962,Petal,1,ZONE_FACULTY_BIOSPHERE,Faculty of Biosphere & Marine Biology,0.8333,0.25,657.256,673.396,25.624,629.42,-0.6713,0.7408,0.0225,2
963,Petal,1,ZONE_FACULTY_BIOSPHERE,Faculty of Biosphere & Marine Biology,0.8333,0.375,653.221,677.432,23.806,629.42,-0.6717,0.7404,0.0225,2
964,Petal,1,ZONE_FACULTY_BIOSPHERE,Faculty of Biosphere & Marine Biology,0.8333,0.5,649.185,681.467,21.668,629.42,-0.6723,0.74,0.0224,2
965,Petal,1,ZONE_FACULTY_BIOSPHERE,Faculty of Biosphere & Marine Biology,0.8333,0.625,645.15,685.502,19.212,629.42,-0.6729,0.7394,0.0224,2
966,Petal,1,ZONE_FACULTY_BIOSPHERE,Faculty of Biosphere & Marine Biology,0.8333,0.75,641.115,689.537,16.436,629.42,-0.6735,0.7388,0.0224,2
967,Petal,1,ZONE_FACULTY_BIOSPHERE,Faculty of Biosphere & Marine Biology,0.8333,0.875,637.08,693.572,13.342,629.42,-0.6743,0.7382,0.0224,2
968,Petal,1,ZONE_CLEARANCE_WATERWAY,Faculty of Biosphere & Marine Biology,0.8333,1.0,633.045,697.607,9.93,629.42,-0.6746,0.7378,0.0226,2
969,Petal,1,ZONE_CLEARANCE_WATERWAY,Faculty of Biosphere & Marine Biology,0.8667,-1.0,712.276,663.117,9.04,675.44,-0.6822,0.7308,0.0235,2
970,Petal,1,ZONE_HARBOR_BERTH,Faculty of Biosphere & Marine Biology,0.8667,-0.875,709.204,666.189,11.07,675.44,-0.6816,0.7313,0.0234,2
971,Petal,1,ZONE_HARBOR_BERTH,Faculty of Biosphere & Marine Biology,0.8667,-0.75,706.131,669.262,12.915,675.44,-0.6811,0.7319,0.0234,2
972,Petal,1,ZONE_HARBOR_BERTH,Faculty of Biosphere & Marine Biology,0.8667,-0.625,703.059,672.334,14.574,675.44,-0.6806,0.7323,0.0234,2
973,Petal,1,ZONE_HARBOR_BERTH,Faculty of Biosphere & Marine Biology,0.8667,-0.5,699.986,675.407,16.048,675.44,-0.6801,0.7327,0.0234,2
974,Petal,1,ZONE_HARBOR_BERTH,Faculty of Biosphere & Marine Biology,0.8667,-0.375,696.914,678.479,17.337,675.44,-0.6798,0.733,0.0233,2
975,Petal,1,ZONE_HARBOR_BERTH,Faculty of Biosphere & Marine Biology,0.8667,-0.25,693.841,681.552,18.439,675.44,-0.6795,0.7333,0.0233,2
976,Petal,1,ZONE_HARBOR_BERTH,Faculty of Biosphere & Marine Biology,0.8667,-0.125,690.769,684.624,19.357,675.44,-0.6792,0.7336,0.0233,2
977,Petal,1,ZONE_HARBOR_BERTH,Faculty of Biosphere & Marine Biology,0.8667,0.0,687.696,687.696,20.089,675.44,-0.6792,0.7335,0.0231,2
978,Petal,1,ZONE_HARBOR_BERTH,Faculty of Biosphere & Marine Biology,0.8667,0.125,684.624,690.769,19.357,675.44,-0.6795,0.7333,0.0231,2
979,Petal,1,ZONE_HARBOR_BERTH,Faculty of Biosphere & Marine Biology,0.8667,0.25,681.552,693.841,18.439,675.44,-0.6798,0.7331,0.0231,2
980,Petal,1,ZONE_HARBOR_BERTH,Faculty of Biosphere & Marine Biology,0.8667,0.375,678.479,696.914,17.337,675.44,-0.6801,0.7327,0.023,2
981,Petal,1,ZONE_HARBOR_BERTH,Faculty of Biosphere & Marine Biology,0.8667,0.5,675.407,699.986,16.048,675.44,-0.6805,0.7323,0.023,2
982,Petal,1,ZONE_HARBOR_BERTH,Faculty of Biosphere & Marine Biology,0.8667,0.625,672.334,703.059,14.574,675.44,-0.681,0.7319,0.023,2
983,Petal,1,ZONE_HARBOR_BERTH,Faculty of Biosphere & Marine Biology,0.8667,0.75,669.262,706.131,12.915,675.44,-0.6816,0.7314,0.023,2
984,Petal,1,ZONE_HARBOR_BERTH,Faculty of Biosphere & Marine Biology,0.8667,0.875,666.189,709.204,11.07,675.44,-0.6821,0.7309,0.023,2
985,Petal,1,ZONE_CLEARANCE_WATERWAY,Faculty of Biosphere & Marine Biology,0.8667,1.0,663.117,712.276,9.04,675.44,-0.6825,0.7305,0.0232,2
986,Petal,1,ZONE_CLEARANCE_WATERWAY,Faculty of Biosphere & Marine Biology,0.9,-1.0,727.367,692.767,6.865,720.26,-0.6896,0.7237,0.0255,2
987,Petal,1,ZONE_HARBOR_BERTH,Faculty of Biosphere & Marine Biology,0.9,-0.875,725.205,694.929,7.854,720.26,-0.6892,0.7241,0.0255,2
988,Petal,1,ZONE_HARBOR_BERTH,Faculty of Biosphere & Marine Biology,0.9,-0.75,723.042,697.092,8.756,720.26,-0.6888,0.7245,0.0255,2
989,Petal,1,ZONE_HARBOR_BERTH,Faculty of Biosphere & Marine Biology,0.9,-0.625,720.88,699.254,9.571,720.26,-0.6884,0.7249,0.0254,2
990,Petal,1,ZONE_HARBOR_BERTH,Faculty of Biosphere & Marine Biology,0.9,-0.5,718.717,701.417,10.297,720.26,-0.6881,0.7252,0.0254,2
991,Petal,1,ZONE_HARBOR_BERTH,Faculty of Biosphere & Marine Biology,0.9,-0.375,716.554,703.579,10.936,720.26,-0.6878,0.7254,0.0254,2
992,Petal,1,ZONE_HARBOR_BERTH,Faculty of Biosphere & Marine Biology,0.9,-0.25,714.392,705.742,11.488,720.26,-0.6876,0.7256,0.0254,2
993,Petal,1,ZONE_HARBOR_BERTH,Faculty of Biosphere & Marine Biology,0.9,-0.125,712.229,707.904,11.951,720.26,-0.6874,0.7258,0.0254,2
994,Petal,1,ZONE_HARBOR_BERTH,Faculty of Biosphere & Marine Biology,0.9,0.0,710.067,710.067,12.328,720.26,-0.6874,0.7259,0.0252,2
995,Petal,1,ZONE_HARBOR_BERTH,Faculty of Biosphere & Marine Biology,0.9,0.125,707.904,712.229,11.951,720.26,-0.6875,0.7257,0.0252,2
996,Petal,1,ZONE_HARBOR_BERTH,Faculty of Biosphere & Marine Biology,0.9,0.25,705.742,714.392,11.488,720.26,-0.6878,0.7255,0.0252,2
997,Petal,1,ZONE_HARBOR_BERTH,Faculty of Biosphere & Marine Biology,0.9,0.375,703.579,716.554,10.936,720.26,-0.688,0.7252,0.0252,2
998,Petal,1,ZONE_HARBOR_BERTH,Faculty of Biosphere & Marine Biology,0.9,0.5,701.417,718.717,10.297,720.26,-0.6883,0.725,0.0251,2
999,Petal,1,ZONE_HARBOR_BERTH,Faculty of Biosphere & Marine Biology,0.9,0.625,699.254,720.88,9.571,720.26,-0.6887,0.7246,0.0251,2
1000,Petal,1,ZONE_HARBOR_BERTH,Faculty of Biosphere & Marine Biology,0.9,0.75,697.092,723.042,8.756,720.26,-0.6891,0.7243,0.0251,2
1001,Petal,1,ZONE_HARBOR_BERTH,Faculty of Biosphere & Marine Biology,0.9,0.875,694.929,725.205,7.854,720.26,-0.6895,0.7239,0.0251,2
1002,Petal,1,ZONE_CLEARANCE_WATERWAY,Faculty of Biosphere & Marine Biology,0.9,1.0,692.767,727.367,6.865,720.26,-0.6898,0.7236,0.0253,2
1003,Petal,1,ZONE_CLEARANCE_WATERWAY,Faculty of Biosphere & Marine Biology,0.9333,-1.0,742.997,721.877,3.963,763.56,-0.6963,0.7171,0.0308,2
1004,Petal,1,ZONE_HARBOR_BERTH,Faculty of Biosphere & Marine Biology,0.9333,-0.875,741.677,723.197,4.303,763.56,-0.696,0.7174,0.0307,2
1005,Petal,1,ZONE_HARBOR_BERTH,Faculty of Biosphere & Marine Biology,0.9333,-0.75,740.357,724.517,4.614,763.56,-0.6958,0.7176,0.0307,2
1006,Petal,1,ZONE_HARBOR_BERTH,Faculty of Biosphere & Marine Biology,0.9333,-0.625,739.037,725.837,4.897,763.56,-0.6955,0.7178,0.0307,2
1007,Petal,1,ZONE_HARBOR_BERTH,Faculty of Biosphere & Marine Biology,0.9333,-0.5,737.717,727.157,5.151,763.56,-0.6953,0.718,0.0307,2
1008,Petal,1,ZONE_HARBOR_BERTH,Faculty of Biosphere & Marine Biology,0.9333,-0.375,736.397,728.477,5.377,763.56,-0.6952,0.7182,0.0307,2
1009,Petal,1,ZONE_HARBOR_BERTH,Faculty of Biosphere & Marine Biology,0.9333,-0.25,735.077,729.797,5.574,763.56,-0.695,0.7183,0.0307,2
1010,Petal,1,ZONE_HARBOR_BERTH,Faculty of Biosphere & Marine Biology,0.9333,-0.125,733.757,731.117,5.742,763.56,-0.6949,0.7185,0.0307,2
1011,Petal,1,ZONE_HARBOR_BERTH,Faculty of Biosphere & Marine Biology,0.9333,0.0,732.437,732.437,5.881,763.56,-0.6948,0.7185,0.0305,2
1012,Petal,1,ZONE_HARBOR_BERTH,Faculty of Biosphere & Marine Biology,0.9333,0.125,731.117,733.757,5.742,763.56,-0.695,0.7184,0.0305,2
1013,Petal,1,ZONE_HARBOR_BERTH,Faculty of Biosphere & Marine Biology,0.9333,0.25,729.797,735.077,5.574,763.56,-0.6951,0.7183,0.0305,2
1014,Petal,1,ZONE_HARBOR_BERTH,Faculty of Biosphere & Marine Biology,0.9333,0.375,728.477,736.397,5.377,763.56,-0.6953,0.7181,0.0305,2
1015,Petal,1,ZONE_HARBOR_BERTH,Faculty of Biosphere & Marine Biology,0.9333,0.5,727.157,737.717,5.151,763.56,-0.6954,0.7179,0.0305,2
1016,Petal,1,ZONE_HARBOR_BERTH,Faculty of Biosphere & Marine Biology,0.9333,0.625,725.837,739.037,4.897,763.56,-0.6956,0.7177,0.0304,2
1017,Petal,1,ZONE_HARBOR_BERTH,Faculty of Biosphere & Marine Biology,0.9333,0.75,724.517,740.357,4.614,763.56,-0.6959,0.7175,0.0304,2
1018,Petal,1,ZONE_HARBOR_BERTH,Faculty of Biosphere & Marine Biology,0.9333,0.875,723.197,741.677,4.303,763.56,-0.6961,0.7173,0.0304,2
1019,Petal,1,ZONE_CLEARANCE_WATERWAY,Faculty of Biosphere & Marine Biology,0.9333,1.0,721.877,742.997,3.963,763.56,-0.6964,0.717,0.0306,2
1020,Petal,1,ZONE_CLEARANCE_WATERWAY,Faculty of Biosphere & Marine Biology,0.9667,-1.0,759.367,750.248,1.248,804.77,-0.7018,0.7108,0.047,2
1021,Petal,1,ZONE_HARBOR_BERTH,Faculty of Biosphere & Marine Biology,0.9667,-0.875,758.797,750.818,1.299,804.77,-0.7017,0.7109,0.047,2
1022,Petal,1,ZONE_HARBOR_BERTH,Faculty of Biosphere & Marine Biology,0.9667,-0.75,758.227,751.388,1.347,804.77,-0.7016,0.711,0.047,2
1023,Petal,1,ZONE_HARBOR_BERTH,Faculty of Biosphere & Marine Biology,0.9667,-0.625,757.657,751.958,1.39,804.77,-0.7015,0.7111,0.047,2
1024,Petal,1,ZONE_HARBOR_BERTH,Faculty of Biosphere & Marine Biology,0.9667,-0.5,757.087,752.528,1.429,804.77,-0.7014,0.7112,0.047,2
1025,Petal,1,ZONE_HARBOR_BERTH,Faculty of Biosphere & Marine Biology,0.9667,-0.375,756.517,753.098,1.465,804.77,-0.7013,0.7113,0.047,2
1026,Petal,1,ZONE_HARBOR_BERTH,Faculty of Biosphere & Marine Biology,0.9667,-0.25,755.948,753.668,1.496,804.77,-0.7012,0.7114,0.047,2
1027,Petal,1,ZONE_HARBOR_BERTH,Faculty of Biosphere & Marine Biology,0.9667,-0.125,755.378,754.238,1.524,804.77,-0.7012,0.7114,0.047,2
1028,Petal,1,ZONE_HARBOR_BERTH,Faculty of Biosphere & Marine Biology,0.9667,0.0,754.808,754.808,1.548,804.77,-0.7012,0.7115,0.0468,2
1029,Petal,1,ZONE_HARBOR_BERTH,Faculty of Biosphere & Marine Biology,0.9667,0.125,754.238,755.378,1.524,804.77,-0.7012,0.7114,0.0468,2
1030,Petal,1,ZONE_HARBOR_BERTH,Faculty of Biosphere & Marine Biology,0.9667,0.25,753.668,755.948,1.496,804.77,-0.7013,0.7114,0.0468,2
1031,Petal,1,ZONE_HARBOR_BERTH,Faculty of Biosphere & Marine Biology,0.9667,0.375,753.098,756.517,1.465,804.77,-0.7013,0.7113,0.0468,2
1032,Petal,1,ZONE_HARBOR_BERTH,Faculty of Biosphere & Marine Biology,0.9667,0.5,752.528,757.087,1.429,804.77,-0.7014,0.7112,0.0468,2
1033,Petal,1,ZONE_HARBOR_BERTH,Faculty of Biosphere & Marine Biology,0.9667,0.625,751.958,757.657,1.39,804.77,-0.7015,0.7111,0.0468,2
1034,Petal,1,ZONE_HARBOR_BERTH,Faculty of Biosphere & Marine Biology,0.9667,0.75,751.388,758.227,1.347,804.77,-0.7016,0.711,0.0468,2
1035,Petal,1,ZONE_HARBOR_BERTH,Faculty of Biosphere & Marine Biology,0.9667,0.875,750.818,758.797,1.299,804.77,-0.7017,0.7109,0.0468,2
1036,Petal,1,ZONE_CLEARANCE_WATERWAY,Faculty of Biosphere & Marine Biology,0.9667,1.0,750.248,759.367,1.248,804.77,-0.7018,0.7108,0.0469,2
1037,Petal,1,ZONE_CLEARANCE_WATERWAY,Faculty of Biosphere & Marine Biology,1.0,-1.0,777.178,777.178,0.0,841.9,0.0,0.0,1.0,2
1038,Petal,1,ZONE_HARBOR_BERTH,Faculty of Biosphere & Marine Biology,1.0,-0.875,777.178,777.178,0.0,841.9,0.0,-0.0,1.0,2
1039,Petal,1,ZONE_HARBOR_BERTH,Faculty of Biosphere & Marine Biology,1.0,-0.75,777.178,777.178,0.0,841.9,0.0,-0.0,1.0,2
1040,Petal,1,ZONE_HARBOR_BERTH,Faculty of Biosphere & Marine Biology,1.0,-0.625,777.178,777.178,0.0,841.9,0.0,-0.0,1.0,2
1041,Petal,1,ZONE_HARBOR_BERTH,Faculty of Biosphere & Marine Biology,1.0,-0.5,777.178,777.178,0.0,841.9,0.0,-0.0,1.0,2
1042,Petal,1,ZONE_HARBOR_BERTH,Faculty of Biosphere & Marine Biology,1.0,-0.375,777.178,777.178,0.0,841.9,0.0,-0.0,1.0,2
1043,Petal,1,ZONE_HARBOR_BERTH,Faculty of Biosphere & Marine Biology,1.0,-0.25,777.178,777.178,0.0,841.9,0.0,-0.0,1.0,2
1044,Petal,1,ZONE_HARBOR_BERTH,Faculty of Biosphere & Marine Biology,1.0,-0.125,777.178,777.178,0.0,841.9,0.0,-0.0,1.0,2
1045,Petal,1,ZONE_HARBOR_BERTH,Faculty of Biosphere & Marine Biology,1.0,0.0,777.178,777.178,0.0,841.9,0.0,-0.0,1.0,2
1046,Petal,1,ZONE_HARBOR_BERTH,Faculty of Biosphere & Marine Biology,1.0,0.125,777.178,777.178,0.0,841.9,0.0,-0.0,1.0,2
1047,Petal,1,ZONE_HARBOR_BERTH,Faculty of Biosphere & Marine Biology,1.0,0.25,777.178,777.178,0.0,841.9,0.0,-0.0,1.0,2
1048,Petal,1,ZONE_HARBOR_BERTH,Faculty of Biosphere & Marine Biology,1.0,0.375,777.178,777.178,0.0,841.9,0.0,-0.0,1.0,2
1049,Petal,1,ZONE_HARBOR_BERTH,Faculty of Biosphere & Marine Biology,1.0,0.5,777.178,777.178,0.0,841.9,0.0,-0.0,1.0,2
1050,Petal,1,ZONE_HARBOR_BERTH,Faculty of Biosphere & Marine Biology,1.0,0.625,777.178,777.178,0.0,841.9,0.0,-0.0,1.0,2
1051,Petal,1,ZONE_HARBOR_BERTH,Faculty of Biosphere & Marine Biology,1.0,0.75,777.178,777.178,0.0,841.9,0.0,-0.0,1.0,2
1052,Petal,1,ZONE_HARBOR_BERTH,Faculty of Biosphere & Marine Biology,1.0,0.875,777.178,777.178,0.0,841.9,0.0,-0.0,1.0,2
1053,Petal,1,ZONE_CLEARANCE_WATERWAY,Faculty of Biosphere & Marine Biology,1.0,1.0,777.178,777.178,0.0,841.9,0.0,0.0,1.0,2
1054,Petal,2,ZONE_CLEARANCE_WATERWAY,Faculty of Geo-Atmospheric Stabilization,0.0,-1.0,0.0,150.0,0.0,114.81,0.0,0.115,0.9934,3
1055,Petal,2,ZONE_FACULTY_CLIMATE,Faculty of Geo-Atmospheric Stabilization,0.0,-0.875,0.0,150.0,0.0,114.81,0.0,0.058,0.9983,3
1056,Petal,2,ZONE_FACULTY_CLIMATE,Faculty of Geo-Atmospheric Stabilization,0.0,-0.75,0.0,150.0,0.0,114.81,0.0,0.004,1.0,3
1057,Petal,2,ZONE_FACULTY_CLIMATE,Faculty of Geo-Atmospheric Stabilization,0.0,-0.625,0.0,150.0,0.0,114.81,-0.0,-0.0463,0.9989,3
1058,Petal,2,ZONE_FACULTY_CLIMATE,Faculty of Geo-Atmospheric Stabilization,0.0,-0.5,0.0,150.0,0.0,114.81,-0.0,-0.0928,0.9957,3
1059,Petal,2,ZONE_FACULTY_CLIMATE,Faculty of Geo-Atmospheric Stabilization,0.0,-0.375,0.0,150.0,0.0,114.81,-0.0,-0.1351,0.9908,3
1060,Petal,2,ZONE_FACULTY_CLIMATE,Faculty of Geo-Atmospheric Stabilization,0.0,-0.25,0.0,150.0,0.0,114.81,-0.0,-0.1733,0.9849,3
1061,Petal,2,ZONE_FACULTY_CLIMATE,Faculty of Geo-Atmospheric Stabilization,0.0,-0.125,0.0,150.0,0.0,114.81,-0.0,-0.2073,0.9783,3
1062,Petal,2,ZONE_FACULTY_CLIMATE,Faculty of Geo-Atmospheric Stabilization,0.0,0.0,0.0,150.0,0.0,114.81,-0.0,-0.2373,0.9714,3
1063,Petal,2,ZONE_FACULTY_CLIMATE,Faculty of Geo-Atmospheric Stabilization,0.0,0.125,0.0,150.0,0.0,114.81,-0.0,-0.2073,0.9783,3
1064,Petal,2,ZONE_FACULTY_CLIMATE,Faculty of Geo-Atmospheric Stabilization,0.0,0.25,0.0,150.0,0.0,114.81,-0.0,-0.1733,0.9849,3
1065,Petal,2,ZONE_FACULTY_CLIMATE,Faculty of Geo-Atmospheric Stabilization,0.0,0.375,0.0,150.0,0.0,114.81,-0.0,-0.1351,0.9908,3
1066,Petal,2,ZONE_FACULTY_CLIMATE,Faculty of Geo-Atmospheric Stabilization,0.0,0.5,0.0,150.0,0.0,114.81,-0.0,-0.0928,0.9957,3
1067,Petal,2,ZONE_FACULTY_CLIMATE,Faculty of Geo-Atmospheric Stabilization,0.0,0.625,0.0,150.0,0.0,114.81,-0.0,-0.0463,0.9989,3
1068,Petal,2,ZONE_FACULTY_CLIMATE,Faculty of Geo-Atmospheric Stabilization,0.0,0.75,0.0,150.0,0.0,114.81,0.0,0.004,1.0,3
1069,Petal,2,ZONE_FACULTY_CLIMATE,Faculty of Geo-Atmospheric Stabilization,0.0,0.875,0.0,150.0,0.0,114.81,0.0,0.058,0.9983,3
1070,Petal,2,ZONE_CLEARANCE_WATERWAY,Faculty of Geo-Atmospheric Stabilization,0.0,1.0,0.0,150.0,0.0,114.81,0.0,0.115,0.9934,3
1071,Petal,2,ZONE_CLEARANCE_WATERWAY,Faculty of Geo-Atmospheric Stabilization,0.0333,-1.0,47.021,181.637,-2.277,45.0,-0.9328,0.0908,0.3487,3
1072,Petal,2,ZONE_FACULTY_CLIMATE,Faculty of Geo-Atmospheric Stabilization,0.0333,-0.875,41.143,181.637,-0.786,45.0,-0.9348,0.0767,0.3469,3
1073,Petal,2,ZONE_FACULTY_CLIMATE,Faculty of Geo-Atmospheric Stabilization,0.0333,-0.75,35.266,181.637,0.591,45.0,-0.9364,0.064,0.345,3
1074,Petal,2,ZONE_FACULTY_CLIMATE,Faculty of Geo-Atmospheric Stabilization,0.0333,-0.625,29.388,181.637,1.853,45.0,-0.9378,0.0526,0.3431,3
1075,Petal,2,ZONE_FACULTY_CLIMATE,Faculty of Geo-Atmospheric Stabilization,0.0333,-0.5,23.51,181.637,3.001,45.0,-0.9391,0.0426,0.3411,3
1076,Petal,2,ZONE_FACULTY_CLIMATE,Faculty of Geo-Atmospheric Stabilization,0.0333,-0.375,17.633,181.637,4.035,45.0,-0.9401,0.0339,0.3391,3
1077,Petal,2,ZONE_FACULTY_CLIMATE,Faculty of Geo-Atmospheric Stabilization,0.0333,-0.25,11.755,181.637,4.954,45.0,-0.9411,0.0265,0.3371,3
1078,Petal,2,ZONE_FACULTY_CLIMATE,Faculty of Geo-Atmospheric Stabilization,0.0333,-0.125,5.878,181.637,5.76,45.0,-0.942,0.0204,0.3351,3
1079,Petal,2,ZONE_FACULTY_CLIMATE,Faculty of Geo-Atmospheric Stabilization,0.0333,0.0,0.0,181.637,6.45,45.0,-0.95,0.0146,0.3119,3
1080,Petal,2,ZONE_FACULTY_CLIMATE,Faculty of Geo-Atmospheric Stabilization,0.0333,0.125,-5.878,181.637,5.76,45.0,-0.9505,0.0189,0.3101,3
1081,Petal,2,ZONE_FACULTY_CLIMATE,Faculty of Geo-Atmospheric Stabilization,0.0333,0.25,-11.755,181.637,4.954,45.0,-0.951,0.0242,0.3083,3
1082,Petal,2,ZONE_FACULTY_CLIMATE,Faculty of Geo-Atmospheric Stabilization,0.0333,0.375,-17.633,181.637,4.035,45.0,-0.9514,0.0306,0.3065,3
1083,Petal,2,ZONE_FACULTY_CLIMATE,Faculty of Geo-Atmospheric Stabilization,0.0333,0.5,-23.51,181.637,3.001,45.0,-0.9517,0.038,0.3046,3
1084,Petal,2,ZONE_FACULTY_CLIMATE,Faculty of Geo-Atmospheric Stabilization,0.0333,0.625,-29.388,181.637,1.853,45.0,-0.9519,0.0464,0.3028,3
1085,Petal,2,ZONE_FACULTY_CLIMATE,Faculty of Geo-Atmospheric Stabilization,0.0333,0.75,-35.266,181.637,0.591,45.0,-0.952,0.0558,0.301,3
1086,Petal,2,ZONE_FACULTY_CLIMATE,Faculty of Geo-Atmospheric Stabilization,0.0333,0.875,-41.143,181.637,-0.786,45.0,-0.9519,0.0661,0.2991,3
1087,Petal,2,ZONE_CLEARANCE_WATERWAY,Faculty of Geo-Atmospheric Stabilization,0.0333,1.0,-47.021,181.637,-2.277,45.0,-0.9433,0.0836,0.3211,3
1088,Petal,2,ZONE_CLEARANCE_WATERWAY,Faculty of Geo-Atmospheric Stabilization,0.0667,-1.0,59.139,213.273,-4.514,45.0,-0.9699,0.0912,0.2259,3
1089,Petal,2,ZONE_FACULTY_CLIMATE,Faculty of Geo-Atmospheric Stabilization,0.0667,-0.875,51.747,213.273,-1.818,45.0,-0.971,0.0825,0.2246,3
1090,Petal,2,ZONE_FACULTY_CLIMATE,Faculty of Geo-Atmospheric Stabilization,0.0667,-0.75,44.354,213.273,0.651,45.0,-0.9719,0.0747,0.2232,3
1091,Petal,2,ZONE_FACULTY_CLIMATE,Faculty of Geo-Atmospheric Stabilization,0.0667,-0.625,36.962,213.273,2.892,45.0,-0.9727,0.0678,0.2218,3
1092,Petal,2,ZONE_FACULTY_CLIMATE,Faculty of Geo-Atmospheric Stabilization,0.0667,-0.5,29.57,213.273,4.906,45.0,-0.9734,0.0617,0.2205,3
1093,Petal,2,ZONE_FACULTY_CLIMATE,Faculty of Geo-Atmospheric Stabilization,0.0667,-0.375,22.177,213.273,6.693,45.0,-0.9741,0.0565,0.2191,3
1094,Petal,2,ZONE_FACULTY_CLIMATE,Faculty of Geo-Atmospheric Stabilization,0.0667,-0.25,14.785,213.273,8.252,45.0,-0.9746,0.0521,0.2177,3
1095,Petal,2,ZONE_FACULTY_CLIMATE,Faculty of Geo-Atmospheric Stabilization,0.0667,-0.125,7.392,213.273,9.584,45.0,-0.9751,0.0485,0.2163,3
1096,Petal,2,ZONE_FACULTY_CLIMATE,Faculty of Geo-Atmospheric Stabilization,0.0667,0.0,0.0,213.273,10.688,45.0,-0.9781,0.0433,0.2035,3
1097,Petal,2,ZONE_FACULTY_CLIMATE,Faculty of Geo-Atmospheric Stabilization,0.0667,0.125,-7.392,213.273,9.584,45.0,-0.9783,0.0454,0.2022,3
1098,Petal,2,ZONE_FACULTY_CLIMATE,Faculty of Geo-Atmospheric Stabilization,0.0667,0.25,-14.785,213.273,8.252,45.0,-0.9784,0.0481,0.201,3
1099,Petal,2,ZONE_FACULTY_CLIMATE,Faculty of Geo-Atmospheric Stabilization,0.0667,0.375,-22.177,213.273,6.693,45.0,-0.9785,0.0515,0.1997,3
1100,Petal,2,ZONE_FACULTY_CLIMATE,Faculty of Geo-Atmospheric Stabilization,0.0667,0.5,-29.57,213.273,4.906,45.0,-0.9785,0.0556,0.1985,3
1101,Petal,2,ZONE_FACULTY_CLIMATE,Faculty of Geo-Atmospheric Stabilization,0.0667,0.625,-36.962,213.273,2.892,45.0,-0.9785,0.0603,0.1973,3
1102,Petal,2,ZONE_FACULTY_CLIMATE,Faculty of Geo-Atmospheric Stabilization,0.0667,0.75,-44.354,213.273,0.651,45.0,-0.9784,0.0656,0.196,3
1103,Petal,2,ZONE_FACULTY_CLIMATE,Faculty of Geo-Atmospheric Stabilization,0.0667,0.875,-51.747,213.273,-1.818,45.0,-0.9782,0.0716,0.1948,3
1104,Petal,2,ZONE_CLEARANCE_WATERWAY,Faculty of Geo-Atmospheric Stabilization,0.0667,1.0,-59.139,213.273,-4.514,45.0,-0.9744,0.0842,0.2086,3
1105,Petal,2,ZONE_CLEARANCE_WATERWAY,Faculty of Geo-Atmospheric Stabilization,0.1,-1.0,71.257,244.91,-6.672,45.0,-0.9782,0.0994,0.1822,3
1106,Petal,2,ZONE_FACULTY_CLIMATE,Faculty of Geo-Atmospheric Stabilization,0.1,-0.875,62.35,244.91,-2.855,45.0,-0.9791,0.0927,0.1811,3
1107,Petal,2,ZONE_FACULTY_CLIMATE,Faculty of Geo-Atmospheric Stabilization,0.1,-0.75,53.443,244.91,0.624,45.0,-0.9799,0.0866,0.1799,3
1108,Petal,2,ZONE_FACULTY_CLIMATE,Faculty of Geo-Atmospheric Stabilization,0.1,-0.625,44.536,244.91,3.764,45.0,-0.9805,0.0812,0.1788,3
1109,Petal,2,ZONE_FACULTY_CLIMATE,Faculty of Geo-Atmospheric Stabilization,0.1,-0.5,35.629,244.91,6.567,45.0,-0.9811,0.0765,0.1777,3
1110,Petal,2,ZONE_FACULTY_CLIMATE,Faculty of Geo-Atmospheric Stabilization,0.1,-0.375,26.722,244.91,9.032,45.0,-0.9816,0.0724,0.1766,3
1111,Petal,2,ZONE_FACULTY_CLIMATE,Faculty of Geo-Atmospheric Stabilization,0.1,-0.25,17.814,244.91,11.159,45.0,-0.9821,0.069,0.1755,3
1112,Petal,2,ZONE_FACULTY_CLIMATE,Faculty of Geo-Atmospheric Stabilization,0.1,-0.125,8.907,244.91,12.947,45.0,-0.9825,0.0662,0.1743,3
1113,Petal,2,ZONE_FACULTY_CLIMATE,Faculty of Geo-Atmospheric Stabilization,0.1,0.0,0.0,244.91,14.398,45.0,-0.9844,0.0611,0.1651,3
1114,Petal,2,ZONE_FACULTY_CLIMATE,Faculty of Geo-Atmospheric Stabilization,0.1,0.125,-8.907,244.91,12.947,45.0,-0.9845,0.0623,0.1641,3
1115,Petal,2,ZONE_FACULTY_CLIMATE,Faculty of Geo-Atmospheric Stabilization,0.1,0.25,-17.814,244.91,11.159,45.0,-0.9845,0.0641,0.1631,3
1116,Petal,2,ZONE_FACULTY_CLIMATE,Faculty of Geo-Atmospheric Stabilization,0.1,0.375,-26.722,244.91,9.032,45.0,-0.9845,0.0665,0.1621,3
1117,Petal,2,ZONE_FACULTY_CLIMATE,Faculty of Geo-Atmospheric Stabilization,0.1,0.5,-35.629,244.91,6.567,45.0,-0.9845,0.0693,0.1611,3
1118,Petal,2,ZONE_FACULTY_CLIMATE,Faculty of Geo-Atmospheric Stabilization,0.1,0.625,-44.536,244.91,3.764,45.0,-0.9844,0.0727,0.1601,3
1119,Petal,2,ZONE_FACULTY_CLIMATE,Faculty of Geo-Atmospheric Stabilization,0.1,0.75,-53.443,244.91,0.624,45.0,-0.9843,0.0765,0.1591,3
1120,Petal,2,ZONE_FACULTY_CLIMATE,Faculty of Geo-Atmospheric Stabilization,0.1,0.875,-62.35,244.91,-2.855,45.0,-0.9841,0.0809,0.1581,3
1121,Petal,2,ZONE_CLEARANCE_WATERWAY,Faculty of Geo-Atmospheric Stabilization,0.1,1.0,-71.257,244.91,-6.672,45.0,-0.9813,0.0921,0.1688,3
1122,Petal,2,ZONE_CLEARANCE_WATERWAY,Faculty of Geo-Atmospheric Stabilization,0.1333,-1.0,83.376,276.546,-8.711,45.0,-0.981,0.1097,0.1598,3
1123,Petal,2,ZONE_FACULTY_CLIMATE,Faculty of Geo-Atmospheric Stabilization,0.1333,-0.875,72.954,276.546,-3.842,45.0,-0.9818,0.104,0.1588,3
1124,Petal,2,ZONE_FACULTY_CLIMATE,Faculty of Geo-Atmospheric Stabilization,0.1333,-0.75,62.532,276.546,0.582,45.0,-0.9825,0.0988,0.1578,3
1125,Petal,2,ZONE_FACULTY_CLIMATE,Faculty of Geo-Atmospheric Stabilization,0.1333,-0.625,52.11,276.546,4.562,45.0,-0.9831,0.0942,0.1568,3
1126,Petal,2,ZONE_FACULTY_CLIMATE,Faculty of Geo-Atmospheric Stabilization,0.1333,-0.5,41.688,276.546,8.096,45.0,-0.9836,0.0902,0.1559,3
1127,Petal,2,ZONE_FACULTY_CLIMATE,Faculty of Geo-Atmospheric Stabilization,0.1333,-0.375,31.266,276.546,11.185,45.0,-0.9841,0.0868,0.1549,3
1128,Petal,2,ZONE_FACULTY_CLIMATE,Faculty of Geo-Atmospheric Stabilization,0.1333,-0.25,20.844,276.546,13.83,45.0,-0.9845,0.0838,0.1539,3
1129,Petal,2,ZONE_FACULTY_CLIMATE,Faculty of Geo-Atmospheric Stabilization,0.1333,-0.125,10.422,276.546,16.03,45.0,-0.9849,0.0814,0.153,3
1130,Petal,2,ZONE_FACULTY_CLIMATE,Faculty of Geo-Atmospheric Stabilization,0.1333,0.0,0.0,276.546,17.785,45.0,-0.9864,0.0762,0.1456,3
1131,Petal,2,ZONE_FACULTY_CLIMATE,Faculty of Geo-Atmospheric Stabilization,0.1333,0.125,-10.422,276.546,16.03,45.0,-0.9865,0.077,0.1447,3
1132,Petal,2,ZONE_FACULTY_CLIMATE,Faculty of Geo-Atmospheric Stabilization,0.1333,0.25,-20.844,276.546,13.83,45.0,-0.9865,0.0783,0.1438,3
1133,Petal,2,ZONE_FACULTY_CLIMATE,Faculty of Geo-Atmospheric Stabilization,0.1333,0.375,-31.266,276.546,11.185,45.0,-0.9865,0.08,0.1429,3
1134,Petal,2,ZONE_FACULTY_CLIMATE,Faculty of Geo-Atmospheric Stabilization,0.1333,0.5,-41.688,276.546,8.096,45.0,-0.9864,0.0822,0.142,3
1135,Petal,2,ZONE_FACULTY_CLIMATE,Faculty of Geo-Atmospheric Stabilization,0.1333,0.625,-52.11,276.546,4.562,45.0,-0.9864,0.0848,0.1411,3
1136,Petal,2,ZONE_FACULTY_CLIMATE,Faculty of Geo-Atmospheric Stabilization,0.1333,0.75,-62.532,276.546,0.582,45.0,-0.9862,0.0878,0.1403,3
1137,Petal,2,ZONE_FACULTY_CLIMATE,Faculty of Geo-Atmospheric Stabilization,0.1333,0.875,-72.954,276.546,-3.842,45.0,-0.986,0.0913,0.1394,3
1138,Petal,2,ZONE_CLEARANCE_WATERWAY,Faculty of Geo-Atmospheric Stabilization,0.1333,1.0,-83.376,276.546,-8.711,45.0,-0.9837,0.1019,0.1484,3
1139,Petal,2,ZONE_CLEARANCE_WATERWAY,Faculty of Geo-Atmospheric Stabilization,0.1667,-1.0,95.494,308.183,-10.594,45.0,-0.9819,0.1207,0.1461,3
1140,Petal,2,ZONE_FACULTY_CLIMATE,Faculty of Geo-Atmospheric Stabilization,0.1667,-0.875,83.557,308.183,-4.74,45.0,-0.9826,0.1157,0.1452,3
1141,Petal,2,ZONE_FACULTY_CLIMATE,Faculty of Geo-Atmospheric Stabilization,0.1667,-0.75,71.621,308.183,0.568,45.0,-0.9833,0.1111,0.1443,3
1142,Petal,2,ZONE_FACULTY_CLIMATE,Faculty of Geo-Atmospheric Stabilization,0.1667,-0.625,59.684,308.183,5.328,45.0,-0.9838,0.1071,0.1435,3
1143,Petal,2,ZONE_FACULTY_CLIMATE,Faculty of Geo-Atmospheric Stabilization,0.1667,-0.5,47.747,308.183,9.541,45.0,-0.9844,0.1035,0.1426,3
1144,Petal,2,ZONE_FACULTY_CLIMATE,Faculty of Geo-Atmospheric Stabilization,0.1667,-0.375,35.81,308.183,13.208,45.0,-0.9848,0.1005,0.1417,3
1145,Petal,2,ZONE_FACULTY_CLIMATE,Faculty of Geo-Atmospheric Stabilization,0.1667,-0.25,23.874,308.183,16.328,45.0,-0.9852,0.0978,0.1408,3
1146,Petal,2,ZONE_FACULTY_CLIMATE,Faculty of Geo-Atmospheric Stabilization,0.1667,-0.125,11.937,308.183,18.901,45.0,-0.9855,0.0957,0.14,3
1147,Petal,2,ZONE_FACULTY_CLIMATE,Faculty of Geo-Atmospheric Stabilization,0.1667,0.0,0.0,308.183,20.927,45.0,-0.9869,0.0904,0.1337,3
1148,Petal,2,ZONE_FACULTY_CLIMATE,Faculty of Geo-Atmospheric Stabilization,0.1667,0.125,-11.937,308.183,18.901,45.0,-0.987,0.0909,0.1329,3
1149,Petal,2,ZONE_FACULTY_CLIMATE,Faculty of Geo-Atmospheric Stabilization,0.1667,0.25,-23.874,308.183,16.328,45.0,-0.987,0.0918,0.1321,3
1150,Petal,2,ZONE_FACULTY_CLIMATE,Faculty of Geo-Atmospheric Stabilization,0.1667,0.375,-35.81,308.183,13.208,45.0,-0.987,0.0931,0.1313,3
1151,Petal,2,ZONE_FACULTY_CLIMATE,Faculty of Geo-Atmospheric Stabilization,0.1667,0.5,-47.747,308.183,9.541,45.0,-0.9869,0.0947,0.1305,3
1152,Petal,2,ZONE_FACULTY_CLIMATE,Faculty of Geo-Atmospheric Stabilization,0.1667,0.625,-59.684,308.183,5.328,45.0,-0.9868,0.0968,0.1297,3
1153,Petal,2,ZONE_FACULTY_CLIMATE,Faculty of Geo-Atmospheric Stabilization,0.1667,0.75,-71.621,308.183,0.568,45.0,-0.9867,0.0992,0.1289,3
1154,Petal,2,ZONE_FACULTY_CLIMATE,Faculty of Geo-Atmospheric Stabilization,0.1667,0.875,-83.557,308.183,-4.74,45.0,-0.9865,0.102,0.1281,3
1155,Petal,2,ZONE_CLEARANCE_WATERWAY,Faculty of Geo-Atmospheric Stabilization,0.1667,1.0,-95.494,308.183,-10.594,45.0,-0.9843,0.1125,0.1361,3
1156,Petal,2,ZONE_CLEARANCE_WATERWAY,Faculty of Geo-Atmospheric Stabilization,0.2,-1.0,107.612,339.819,-12.285,45.0,-0.9818,0.132,0.1368,3
1157,Petal,2,ZONE_FACULTY_CLIMATE,Faculty of Geo-Atmospheric Stabilization,0.2,-0.875,94.161,339.819,-5.516,45.0,-0.9825,0.1275,0.136,3
1158,Petal,2,ZONE_FACULTY_CLIMATE,Faculty of Geo-Atmospheric Stabilization,0.2,-0.75,80.709,339.819,0.609,45.0,-0.9831,0.1235,0.1352,3
1159,Petal,2,ZONE_FACULTY_CLIMATE,Faculty of Geo-Atmospheric Stabilization,0.2,-0.625,67.258,339.819,6.092,45.0,-0.9837,0.1198,0.1344,3
1160,Petal,2,ZONE_FACULTY_CLIMATE,Faculty of Geo-Atmospheric Stabilization,0.2,-0.5,53.806,339.819,10.932,45.0,-0.9842,0.1166,0.1336,3
1161,Petal,2,ZONE_FACULTY_CLIMATE,Faculty of Geo-Atmospheric Stabilization,0.2,-0.375,40.355,339.819,15.129,45.0,-0.9846,0.1138,0.1328,3
1162,Petal,2,ZONE_FACULTY_CLIMATE,Faculty of Geo-Atmospheric Stabilization,0.2,-0.25,26.903,339.819,18.683,45.0,-0.985,0.1114,0.132,3
1163,Petal,2,ZONE_FACULTY_CLIMATE,Faculty of Geo-Atmospheric Stabilization,0.2,-0.125,13.452,339.819,21.594,45.0,-0.9853,0.1094,0.1312,3
1164,Petal,2,ZONE_FACULTY_CLIMATE,Faculty of Geo-Atmospheric Stabilization,0.2,0.0,0.0,339.819,23.862,45.0,-0.9866,0.104,0.1257,3
1165,Petal,2,ZONE_FACULTY_CLIMATE,Faculty of Geo-Atmospheric Stabilization,0.2,0.125,-13.452,339.819,21.594,45.0,-0.9867,0.1043,0.125,3
1166,Petal,2,ZONE_FACULTY_CLIMATE,Faculty of Geo-Atmospheric Stabilization,0.2,0.25,-26.903,339.819,18.683,45.0,-0.9867,0.1049,0.1242,3
1167,Petal,2,ZONE_FACULTY_CLIMATE,Faculty of Geo-Atmospheric Stabilization,0.2,0.375,-40.355,339.819,15.129,45.0,-0.9867,0.1058,0.1235,3
1168,Petal,2,ZONE_FACULTY_CLIMATE,Faculty of Geo-Atmospheric Stabilization,0.2,0.5,-53.806,339.819,10.932,45.0,-0.9866,0.1071,0.1227,3
1169,Petal,2,ZONE_FACULTY_CLIMATE,Faculty of Geo-Atmospheric Stabilization,0.2,0.625,-67.258,339.819,6.092,45.0,-0.9866,0.1088,0.122,3
1170,Petal,2,ZONE_FACULTY_CLIMATE,Faculty of Geo-Atmospheric Stabilization,0.2,0.75,-80.709,339.819,0.609,45.0,-0.9864,0.1107,0.1213,3
1171,Petal,2,ZONE_FACULTY_CLIMATE,Faculty of Geo-Atmospheric Stabilization,0.2,0.875,-94.161,339.819,-5.516,45.0,-0.9863,0.113,0.1205,3
1172,Petal,2,ZONE_CLEARANCE_WATERWAY,Faculty of Geo-Atmospheric Stabilization,0.2,1.0,-107.612,339.819,-12.285,45.0,-0.9841,0.1233,0.1278,3
1173,Petal,2,ZONE_CLEARANCE_WATERWAY,Faculty of Geo-Atmospheric Stabilization,0.2333,-1.0,119.731,371.456,-13.751,45.0,-0.9811,0.1434,0.13,3
1174,Petal,2,ZONE_FACULTY_CLIMATE,Faculty of Geo-Atmospheric Stabilization,0.2333,-0.875,104.764,371.456,-6.144,45.0,-0.9818,0.1393,0.1293,3
1175,Petal,2,ZONE_FACULTY_CLIMATE,Faculty of Geo-Atmospheric Stabilization,0.2333,-0.75,89.798,371.456,0.731,45.0,-0.9824,0.1357,0.1285,3
1176,Petal,2,ZONE_FACULTY_CLIMATE,Faculty of Geo-Atmospheric Stabilization,0.2333,-0.625,74.832,371.456,6.875,45.0,-0.9829,0.1324,0.1278,3
1177,Petal,2,ZONE_FACULTY_CLIMATE,Faculty of Geo-Atmospheric Stabilization,0.2333,-0.5,59.865,371.456,12.286,45.0,-0.9834,0.1295,0.127,3
1178,Petal,2,ZONE_FACULTY_CLIMATE,Faculty of Geo-Atmospheric Stabilization,0.2333,-0.375,44.899,371.456,16.965,45.0,-0.9838,0.1269,0.1263,3
1179,Petal,2,ZONE_FACULTY_CLIMATE,Faculty of Geo-Atmospheric Stabilization,0.2333,-0.25,29.933,371.456,20.913,45.0,-0.9842,0.1247,0.1256,3
1180,Petal,2,ZONE_FACULTY_CLIMATE,Faculty of Geo-Atmospheric Stabilization,0.2333,-0.125,14.966,371.456,24.129,45.0,-0.9845,0.1229,0.1248,3
1181,Petal,2,ZONE_FACULTY_CLIMATE,Faculty of Geo-Atmospheric Stabilization,0.2333,0.0,0.0,371.456,26.613,45.0,-0.9858,0.1173,0.1199,3
1182,Petal,2,ZONE_FACULTY_CLIMATE,Faculty of Geo-Atmospheric Stabilization,0.2333,0.125,-14.966,371.456,24.129,45.0,-0.9859,0.1174,0.1192,3
1183,Petal,2,ZONE_FACULTY_CLIMATE,Faculty of Geo-Atmospheric Stabilization,0.2333,0.25,-29.933,371.456,20.913,45.0,-0.9859,0.1178,0.1185,3
1184,Petal,2,ZONE_FACULTY_CLIMATE,Faculty of Geo-Atmospheric Stabilization,0.2333,0.375,-44.899,371.456,16.965,45.0,-0.9859,0.1184,0.1179,3
1185,Petal,2,ZONE_FACULTY_CLIMATE,Faculty of Geo-Atmospheric Stabilization,0.2333,0.5,-59.865,371.456,12.286,45.0,-0.9859,0.1194,0.1172,3
1186,Petal,2,ZONE_FACULTY_CLIMATE,Faculty of Geo-Atmospheric Stabilization,0.2333,0.625,-74.832,371.456,6.875,45.0,-0.9858,0.1207,0.1165,3
1187,Petal,2,ZONE_FACULTY_CLIMATE,Faculty of Geo-Atmospheric Stabilization,0.2333,0.75,-89.798,371.456,0.731,45.0,-0.9857,0.1222,0.1158,3
1188,Petal,2,ZONE_FACULTY_CLIMATE,Faculty of Geo-Atmospheric Stabilization,0.2333,0.875,-104.764,371.456,-6.144,45.0,-0.9856,0.1241,0.1151,3
1189,Petal,2,ZONE_CLEARANCE_WATERWAY,Faculty of Geo-Atmospheric Stabilization,0.2333,1.0,-119.731,371.456,-13.751,45.0,-0.9834,0.1343,0.1218,3
1190,Petal,2,ZONE_CLEARANCE_WATERWAY,Faculty of Geo-Atmospheric Stabilization,0.2667,-1.0,131.849,403.092,-14.96,45.0,-0.98,0.1547,0.1248,3
1191,Petal,2,ZONE_FACULTY_CLIMATE,Faculty of Geo-Atmospheric Stabilization,0.2667,-0.875,115.368,403.092,-6.596,45.0,-0.9807,0.1511,0.1241,3
1192,Petal,2,ZONE_FACULTY_CLIMATE,Faculty of Geo-Atmospheric Stabilization,0.2667,-0.75,98.887,403.092,0.954,45.0,-0.9813,0.1478,0.1234,3
1193,Petal,2,ZONE_FACULTY_CLIMATE,Faculty of Geo-Atmospheric Stabilization,0.2667,-0.625,82.406,403.092,7.692,45.0,-0.9818,0.1448,0.1227,3
1194,Petal,2,ZONE_FACULTY_CLIMATE,Faculty of Geo-Atmospheric Stabilization,0.2667,-0.5,65.924,403.092,13.617,45.0,-0.9823,0.1422,0.1221,3
1195,Petal,2,ZONE_FACULTY_CLIMATE,Faculty of Geo-Atmospheric Stabilization,0.2667,-0.375,49.443,403.092,18.73,45.0,-0.9827,0.1399,0.1214,3
1196,Petal,2,ZONE_FACULTY_CLIMATE,Faculty of Geo-Atmospheric Stabilization,0.2667,-0.25,32.962,403.092,23.029,45.0,-0.9831,0.1378,0.1207,3
1197,Petal,2,ZONE_FACULTY_CLIMATE,Faculty of Geo-Atmospheric Stabilization,0.2667,-0.125,16.481,403.092,26.516,45.0,-0.9834,0.1361,0.12,3
1198,Petal,2,ZONE_FACULTY_CLIMATE,Faculty of Geo-Atmospheric Stabilization,0.2667,0.0,0.0,403.092,29.19,45.0,-0.9847,0.1305,0.1156,3
1199,Petal,2,ZONE_FACULTY_CLIMATE,Faculty of Geo-Atmospheric Stabilization,0.2667,0.125,-16.481,403.092,26.516,45.0,-0.9848,0.1304,0.1149,3
1200,Petal,2,ZONE_FACULTY_CLIMATE,Faculty of Geo-Atmospheric Stabilization,0.2667,0.25,-32.962,403.092,23.029,45.0,-0.9848,0.1305,0.1143,3
1201,Petal,2,ZONE_FACULTY_CLIMATE,Faculty of Geo-Atmospheric Stabilization,0.2667,0.375,-49.443,403.092,18.73,45.0,-0.9849,0.1309,0.1136,3
1202,Petal,2,ZONE_FACULTY_CLIMATE,Faculty of Geo-Atmospheric Stabilization,0.2667,0.5,-65.924,403.092,13.617,45.0,-0.9848,0.1316,0.113,3
1203,Petal,2,ZONE_FACULTY_CLIMATE,Faculty of Geo-Atmospheric Stabilization,0.2667,0.625,-82.406,403.092,7.692,45.0,-0.9848,0.1326,0.1123,3
1204,Petal,2,ZONE_FACULTY_CLIMATE,Faculty of Geo-Atmospheric Stabilization,0.2667,0.75,-98.887,403.092,0.954,45.0,-0.9847,0.1337,0.1117,3
1205,Petal,2,ZONE_FACULTY_CLIMATE,Faculty of Geo-Atmospheric Stabilization,0.2667,0.875,-115.368,403.092,-6.596,45.0,-0.9846,0.1352,0.1111,3
1206,Petal,2,ZONE_CLEARANCE_WATERWAY,Faculty of Geo-Atmospheric Stabilization,0.2667,1.0,-131.849,403.092,-14.96,45.0,-0.9824,0.1453,0.1172,3
1207,Petal,2,ZONE_CLEARANCE_WATERWAY,Faculty of Geo-Atmospheric Stabilization,0.3,-1.0,143.967,434.729,-15.884,45.0,-0.9787,0.1659,0.1207,3
1208,Petal,2,ZONE_FACULTY_CLIMATE,Faculty of Geo-Atmospheric Stabilization,0.3,-0.875,125.971,434.729,-6.852,45.0,-0.9793,0.1627,0.12,3
1209,Petal,2,ZONE_FACULTY_CLIMATE,Faculty of Geo-Atmospheric Stabilization,0.3,-0.75,107.975,434.729,1.296,45.0,-0.9799,0.1598,0.1194,3
1210,Petal,2,ZONE_FACULTY_CLIMATE,Faculty of Geo-Atmospheric Stabilization,0.3,-0.625,89.98,434.729,8.559,45.0,-0.9804,0.1571,0.1187,3
1211,Petal,2,ZONE_FACULTY_CLIMATE,Faculty of Geo-Atmospheric Stabilization,0.3,-0.5,71.984,434.729,14.937,45.0,-0.9809,0.1548,0.1181,3
1212,Petal,2,ZONE_FACULTY_CLIMATE,Faculty of Geo-Atmospheric Stabilization,0.3,-0.375,53.988,434.729,20.43,45.0,-0.9813,0.1526,0.1174,3
1213,Petal,2,ZONE_FACULTY_CLIMATE,Faculty of Geo-Atmospheric Stabilization,0.3,-0.25,35.992,434.729,25.038,45.0,-0.9816,0.1508,0.1168,3
1214,Petal,2,ZONE_FACULTY_CLIMATE,Faculty of Geo-Atmospheric Stabilization,0.3,-0.125,17.996,434.729,28.762,45.0,-0.982,0.1491,0.1161,3
1215,Petal,2,ZONE_FACULTY_CLIMATE,Faculty of Geo-Atmospheric Stabilization,0.3,0.0,0.0,434.729,31.6,45.0,-0.9833,0.1434,0.1121,3
1216,Petal,2,ZONE_FACULTY_CLIMATE,Faculty of Geo-Atmospheric Stabilization,0.3,0.125,-17.996,434.729,28.762,45.0,-0.9834,0.1432,0.1115,3
1217,Petal,2,ZONE_FACULTY_CLIMATE,Faculty of Geo-Atmospheric Stabilization,0.3,0.25,-35.992,434.729,25.038,45.0,-0.9835,0.1432,0.1109,3
1218,Petal,2,ZONE_FACULTY_CLIMATE,Faculty of Geo-Atmospheric Stabilization,0.3,0.375,-53.988,434.729,20.43,45.0,-0.9835,0.1433,0.1103,3
1219,Petal,2,ZONE_FACULTY_CLIMATE,Faculty of Geo-Atmospheric Stabilization,0.3,0.5,-71.984,434.729,14.937,45.0,-0.9835,0.1438,0.1097,3
1220,Petal,2,ZONE_FACULTY_CLIMATE,Faculty of Geo-Atmospheric Stabilization,0.3,0.625,-89.98,434.729,8.559,45.0,-0.9835,0.1444,0.1091,3
1221,Petal,2,ZONE_FACULTY_CLIMATE,Faculty of Geo-Atmospheric Stabilization,0.3,0.75,-107.975,434.729,1.296,45.0,-0.9834,0.1452,0.1085,3
1222,Petal,2,ZONE_FACULTY_CLIMATE,Faculty of Geo-Atmospheric Stabilization,0.3,0.875,-125.971,434.729,-6.852,45.0,-0.9833,0.1463,0.1079,3
1223,Petal,2,ZONE_CLEARANCE_WATERWAY,Faculty of Geo-Atmospheric Stabilization,0.3,1.0,-143.967,434.729,-15.884,45.0,-0.9812,0.1563,0.1136,3
1224,Petal,2,ZONE_CLEARANCE_WATERWAY,Faculty of Geo-Atmospheric Stabilization,0.3333,-1.0,156.086,466.365,-16.498,45.0,-0.9772,0.1771,0.1172,3
1225,Petal,2,ZONE_FACULTY_CLIMATE,Faculty of Geo-Atmospheric Stabilization,0.3333,-0.875,136.575,466.365,-6.889,45.0,-0.9778,0.1743,0.1166,3
1226,Petal,2,ZONE_FACULTY_CLIMATE,Faculty of Geo-Atmospheric Stabilization,0.3333,-0.75,117.064,466.365,1.772,45.0,-0.9783,0.1717,0.116,3
1227,Petal,2,ZONE_FACULTY_CLIMATE,Faculty of Geo-Atmospheric Stabilization,0.3333,-0.625,97.554,466.365,9.486,45.0,-0.9788,0.1693,0.1154,3
1228,Petal,2,ZONE_FACULTY_CLIMATE,Faculty of Geo-Atmospheric Stabilization,0.3333,-0.5,78.043,466.365,16.253,45.0,-0.9792,0.1672,0.1148,3
1229,Petal,2,ZONE_FACULTY_CLIMATE,Faculty of Geo-Atmospheric Stabilization,0.3333,-0.375,58.532,466.365,22.073,45.0,-0.9796,0.1652,0.1142,3
1230,Petal,2,ZONE_FACULTY_CLIMATE,Faculty of Geo-Atmospheric Stabilization,0.3333,-0.25,39.021,466.365,26.946,45.0,-0.98,0.1635,0.1136,3
1231,Petal,2,ZONE_FACULTY_CLIMATE,Faculty of Geo-Atmospheric Stabilization,0.3333,-0.125,19.511,466.365,30.871,45.0,-0.9803,0.162,0.113,3
1232,Petal,2,ZONE_FACULTY_CLIMATE,Faculty of Geo-Atmospheric Stabilization,0.3333,0.0,0.0,466.365,33.849,45.0,-0.9816,0.1563,0.1093,3
1233,Petal,2,ZONE_FACULTY_CLIMATE,Faculty of Geo-Atmospheric Stabilization,0.3333,0.125,-19.511,466.365,30.871,45.0,-0.9818,0.1559,0.1087,3
1234,Petal,2,ZONE_FACULTY_CLIMATE,Faculty of Geo-Atmospheric Stabilization,0.3333,0.25,-39.021,466.365,26.946,45.0,-0.9819,0.1557,0.1082,3
1235,Petal,2,ZONE_FACULTY_CLIMATE,Faculty of Geo-Atmospheric Stabilization,0.3333,0.375,-58.532,466.365,22.073,45.0,-0.9819,0.1557,0.1076,3
1236,Petal,2,ZONE_FACULTY_CLIMATE,Faculty of Geo-Atmospheric Stabilization,0.3333,0.5,-78.043,466.365,16.253,45.0,-0.982,0.1558,0.107,3
1237,Petal,2,ZONE_FACULTY_CLIMATE,Faculty of Geo-Atmospheric Stabilization,0.3333,0.625,-97.554,466.365,9.486,45.0,-0.982,0.1562,0.1065,3
1238,Petal,2,ZONE_FACULTY_CLIMATE,Faculty of Geo-Atmospheric Stabilization,0.3333,0.75,-117.064,466.365,1.772,45.0,-0.9819,0.1567,0.1059,3
1239,Petal,2,ZONE_FACULTY_CLIMATE,Faculty of Geo-Atmospheric Stabilization,0.3333,0.875,-136.575,466.365,-6.889,45.0,-0.9819,0.1574,0.1054,3
1240,Petal,2,ZONE_CLEARANCE_WATERWAY,Faculty of Geo-Atmospheric Stabilization,0.3333,1.0,-156.086,466.365,-16.498,45.0,-0.9797,0.1672,0.1107,3
1241,Petal,2,ZONE_CLEARANCE_WATERWAY,Faculty of Geo-Atmospheric Stabilization,0.3667,-1.0,168.204,498.002,-16.78,45.0,-0.9755,0.1881,0.1143,3
1242,Petal,2,ZONE_FACULTY_CLIMATE,Faculty of Geo-Atmospheric Stabilization,0.3667,-0.875,147.178,498.002,-6.693,45.0,-0.976,0.1856,0.1138,3
1243,Petal,2,ZONE_FACULTY_CLIMATE,Faculty of Geo-Atmospheric Stabilization,0.3667,-0.75,126.153,498.002,2.395,45.0,-0.9765,0.1834,0.1132,3
1244,Petal,2,ZONE_FACULTY_CLIMATE,Faculty of Geo-Atmospheric Stabilization,0.3667,-0.625,105.127,498.002,10.483,45.0,-0.977,0.1813,0.1126,3
1245,Petal,2,ZONE_FACULTY_CLIMATE,Faculty of Geo-Atmospheric Stabilization,0.3667,-0.5,84.102,498.002,17.573,45.0,-0.9774,0.1794,0.1121,3
1246,Petal,2,ZONE_FACULTY_CLIMATE,Faculty of Geo-Atmospheric Stabilization,0.3667,-0.375,63.076,498.002,23.663,45.0,-0.9777,0.1777,0.1115,3
1247,Petal,2,ZONE_FACULTY_CLIMATE,Faculty of Geo-Atmospheric Stabilization,0.3667,-0.25,42.051,498.002,28.754,45.0,-0.9781,0.1762,0.1109,3
1248,Petal,2,ZONE_FACULTY_CLIMATE,Faculty of Geo-Atmospheric Stabilization,0.3667,-0.125,21.025,498.002,32.846,45.0,-0.9784,0.1748,0.1104,3
1249,Petal,2,ZONE_FACULTY_CLIMATE,Faculty of Geo-Atmospheric Stabilization,0.3667,0.0,0.0,498.002,35.938,45.0,-0.9798,0.1691,0.107,3
1250,Petal,2,ZONE_FACULTY_CLIMATE,Faculty of Geo-Atmospheric Stabilization,0.3667,0.125,-21.025,498.002,32.846,45.0,-0.9799,0.1685,0.1064,3
1251,Petal,2,ZONE_FACULTY_CLIMATE,Faculty of Geo-Atmospheric Stabilization,0.3667,0.25,-42.051,498.002,28.754,45.0,-0.9801,0.1682,0.1059,3
1252,Petal,2,ZONE_FACULTY_CLIMATE,Faculty of Geo-Atmospheric Stabilization,0.3667,0.375,-63.076,498.002,23.663,45.0,-0.9801,0.168,0.1054,3
1253,Petal,2,ZONE_FACULTY_CLIMATE,Faculty of Geo-Atmospheric Stabilization,0.3667,0.5,-84.102,498.002,17.573,45.0,-0.9802,0.1679,0.1049,3
1254,Petal,2,ZONE_FACULTY_CLIMATE,Faculty of Geo-Atmospheric Stabilization,0.3667,0.625,-105.127,498.002,10.483,45.0,-0.9803,0.168,0.1043,3
1255,Petal,2,ZONE_FACULTY_CLIMATE,Faculty of Geo-Atmospheric Stabilization,0.3667,0.75,-126.153,498.002,2.395,45.0,-0.9803,0.1682,0.1038,3
1256,Petal,2,ZONE_FACULTY_CLIMATE,Faculty of Geo-Atmospheric Stabilization,0.3667,0.875,-147.178,498.002,-6.693,45.0,-0.9803,0.1685,0.1033,3
1257,Petal,2,ZONE_CLEARANCE_WATERWAY,Faculty of Geo-Atmospheric Stabilization,0.3667,1.0,-168.204,498.002,-16.78,45.0,-0.978,0.1781,0.1083,3
1258,Petal,2,ZONE_CLEARANCE_WATERWAY,Faculty of Geo-Atmospheric Stabilization,0.4,-1.0,180.322,529.638,-16.712,45.0,-0.9736,0.1989,0.1118,3
1259,Petal,2,ZONE_FACULTY_CLIMATE,Faculty of Geo-Atmospheric Stabilization,0.4,-0.875,157.782,529.638,-6.248,45.0,-0.9741,0.1969,0.1113,3
1260,Petal,2,ZONE_FACULTY_CLIMATE,Faculty of Geo-Atmospheric Stabilization,0.4,-0.75,135.242,529.638,3.175,45.0,-0.9745,0.195,0.1108,3
1261,Petal,2,ZONE_FACULTY_CLIMATE,Faculty of Geo-Atmospheric Stabilization,0.4,-0.625,112.701,529.638,11.558,45.0,-0.9749,0.1932,0.1102,3
1262,Petal,2,ZONE_FACULTY_CLIMATE,Faculty of Geo-Atmospheric Stabilization,0.4,-0.5,90.161,529.638,18.901,45.0,-0.9753,0.1916,0.1097,3
1263,Petal,2,ZONE_FACULTY_CLIMATE,Faculty of Geo-Atmospheric Stabilization,0.4,-0.375,67.621,529.638,25.203,45.0,-0.9757,0.19,0.1092,3
1264,Petal,2,ZONE_FACULTY_CLIMATE,Faculty of Geo-Atmospheric Stabilization,0.4,-0.25,45.081,529.638,30.465,45.0,-0.976,0.1886,0.1086,3
1265,Petal,2,ZONE_FACULTY_CLIMATE,Faculty of Geo-Atmospheric Stabilization,0.4,-0.125,22.54,529.638,34.687,45.0,-0.9763,0.1874,0.1081,3
1266,Petal,2,ZONE_FACULTY_CLIMATE,Faculty of Geo-Atmospheric Stabilization,0.4,0.0,0.0,529.638,37.869,45.0,-0.9777,0.1817,0.105,3
1267,Petal,2,ZONE_FACULTY_CLIMATE,Faculty of Geo-Atmospheric Stabilization,0.4,0.125,-22.54,529.638,34.687,45.0,-0.9779,0.1811,0.1045,3
1268,Petal,2,ZONE_FACULTY_CLIMATE,Faculty of Geo-Atmospheric Stabilization,0.4,0.25,-45.081,529.638,30.465,45.0,-0.978,0.1806,0.104,3
1269,Petal,2,ZONE_FACULTY_CLIMATE,Faculty of Geo-Atmospheric Stabilization,0.4,0.375,-67.621,529.638,25.203,45.0,-0.9782,0.1802,0.1035,3
1270,Petal,2,ZONE_FACULTY_CLIMATE,Faculty of Geo-Atmospheric Stabilization,0.4,0.5,-90.161,529.638,18.901,45.0,-0.9783,0.1799,0.103,3
1271,Petal,2,ZONE_FACULTY_CLIMATE,Faculty of Geo-Atmospheric Stabilization,0.4,0.625,-112.701,529.638,11.558,45.0,-0.9784,0.1797,0.1025,3
1272,Petal,2,ZONE_FACULTY_CLIMATE,Faculty of Geo-Atmospheric Stabilization,0.4,0.75,-135.242,529.638,3.175,45.0,-0.9784,0.1796,0.102,3
1273,Petal,2,ZONE_FACULTY_CLIMATE,Faculty of Geo-Atmospheric Stabilization,0.4,0.875,-157.782,529.638,-6.248,45.0,-0.9785,0.1797,0.1016,3
1274,Petal,2,ZONE_CLEARANCE_WATERWAY,Faculty of Geo-Atmospheric Stabilization,0.4,1.0,-180.322,529.638,-16.712,45.0,-0.9762,0.1889,0.1062,3
1275,Petal,2,ZONE_CLEARANCE_WATERWAY,Faculty of Geo-Atmospheric Stabilization,0.4333,-1.0,183.761,561.275,-16.279,62.36,-0.974,0.2007,0.1049,3
1276,Petal,2,ZONE_FACULTY_CLIMATE,Faculty of Geo-Atmospheric Stabilization,0.4333,-0.875,160.791,561.275,-5.544,62.36,-0.9744,0.1991,0.1044,3
1277,Petal,2,ZONE_FACULTY_CLIMATE,Faculty of Geo-Atmospheric Stabilization,0.4333,-0.75,137.821,561.275,4.121,62.36,-0.9748,0.1976,0.104,3
1278,Petal,2,ZONE_FACULTY_CLIMATE,Faculty of Geo-Atmospheric Stabilization,0.4333,-0.625,114.851,561.275,12.716,62.36,-0.9751,0.1961,0.1035,3
1279,Petal,2,ZONE_FACULTY_CLIMATE,Faculty of Geo-Atmospheric Stabilization,0.4333,-0.5,91.881,561.275,20.241,62.36,-0.9754,0.1948,0.103,3
1280,Petal,2,ZONE_FACULTY_CLIMATE,Faculty of Geo-Atmospheric Stabilization,0.4333,-0.375,68.911,561.275,26.696,62.36,-0.9757,0.1935,0.1025,3
1281,Petal,2,ZONE_FACULTY_CLIMATE,Faculty of Geo-Atmospheric Stabilization,0.4333,-0.25,45.94,561.275,32.082,62.36,-0.976,0.1924,0.1021,3
1282,Petal,2,ZONE_FACULTY_CLIMATE,Faculty of Geo-Atmospheric Stabilization,0.4333,-0.125,22.97,561.275,36.397,62.36,-0.9763,0.1913,0.1016,3
1283,Petal,2,ZONE_FACULTY_CLIMATE,Faculty of Geo-Atmospheric Stabilization,0.4333,0.0,0.0,561.275,39.643,62.36,-0.9776,0.1859,0.0988,3
1284,Petal,2,ZONE_FACULTY_CLIMATE,Faculty of Geo-Atmospheric Stabilization,0.4333,0.125,-22.97,561.275,36.397,62.36,-0.9778,0.1852,0.0984,3
1285,Petal,2,ZONE_FACULTY_CLIMATE,Faculty of Geo-Atmospheric Stabilization,0.4333,0.25,-45.94,561.275,32.082,62.36,-0.9779,0.1846,0.0979,3
1286,Petal,2,ZONE_FACULTY_CLIMATE,Faculty of Geo-Atmospheric Stabilization,0.4333,0.375,-68.911,561.275,26.696,62.36,-0.9781,0.184,0.0975,3
1287,Petal,2,ZONE_FACULTY_CLIMATE,Faculty of Geo-Atmospheric Stabilization,0.4333,0.5,-91.881,561.275,20.241,62.36,-0.9782,0.1836,0.0971,3
1288,Petal,2,ZONE_FACULTY_CLIMATE,Faculty of Geo-Atmospheric Stabilization,0.4333,0.625,-114.851,561.275,12.716,62.36,-0.9783,0.1832,0.0966,3
1289,Petal,2,ZONE_FACULTY_CLIMATE,Faculty of Geo-Atmospheric Stabilization,0.4333,0.75,-137.821,561.275,4.121,62.36,-0.9784,0.1828,0.0962,3
1290,Petal,2,ZONE_FACULTY_CLIMATE,Faculty of Geo-Atmospheric Stabilization,0.4333,0.875,-160.791,561.275,-5.544,62.36,-0.9785,0.1825,0.0958,3
1291,Petal,2,ZONE_CLEARANCE_WATERWAY,Faculty of Geo-Atmospheric Stabilization,0.4333,1.0,-183.761,561.275,-16.279,62.36,-0.9765,0.1911,0.0999,3
1292,Petal,2,ZONE_CLEARANCE_WATERWAY,Faculty of Geo-Atmospheric Stabilization,0.4667,-1.0,174.314,592.911,-15.47,105.49,-0.9776,0.1892,0.0925,3
1293,Petal,2,ZONE_FACULTY_CLIMATE,Faculty of Geo-Atmospheric Stabilization,0.4667,-0.875,152.525,592.911,-4.572,105.49,-0.9778,0.1881,0.0921,3
1294,Petal,2,ZONE_FACULTY_CLIMATE,Faculty of Geo-Atmospheric Stabilization,0.4667,-0.75,130.735,592.911,5.239,105.49,-0.9781,0.187,0.0917,3
1295,Petal,2,ZONE_FACULTY_CLIMATE,Faculty of Geo-Atmospheric Stabilization,0.4667,-0.625,108.946,592.911,13.962,105.49,-0.9783,0.186,0.0913,3
1296,Petal,2,ZONE_FACULTY_CLIMATE,Faculty of Geo-Atmospheric Stabilization,0.4667,-0.5,87.157,592.911,21.597,105.49,-0.9785,0.185,0.0909,3
1297,Petal,2,ZONE_FACULTY_CLIMATE,Faculty of Geo-Atmospheric Stabilization,0.4667,-0.375,65.368,592.911,28.144,105.49,-0.9788,0.184,0.0905,3
1298,Petal,2,ZONE_FACULTY_CLIMATE,Faculty of Geo-Atmospheric Stabilization,0.4667,-0.25,43.578,592.911,33.604,105.49,-0.979,0.1831,0.0901,3
1299,Petal,2,ZONE_FACULTY_CLIMATE,Faculty of Geo-Atmospheric Stabilization,0.4667,-0.125,21.789,592.911,37.975,105.49,-0.9792,0.1822,0.0897,3
1300,Petal,2,ZONE_FACULTY_CLIMATE,Faculty of Geo-Atmospheric Stabilization,0.4667,0.0,0.0,592.911,41.26,105.49,-0.9802,0.1774,0.0874,3
1301,Petal,2,ZONE_FACULTY_CLIMATE,Faculty of Geo-Atmospheric Stabilization,0.4667,0.125,-21.789,592.911,37.975,105.49,-0.9804,0.1768,0.087,3
1302,Petal,2,ZONE_FACULTY_CLIMATE,Faculty of Geo-Atmospheric Stabilization,0.4667,0.25,-43.578,592.911,33.604,105.49,-0.9806,0.1761,0.0866,3
1303,Petal,2,ZONE_FACULTY_CLIMATE,Faculty of Geo-Atmospheric Stabilization,0.4667,0.375,-65.368,592.911,28.144,105.49,-0.9807,0.1755,0.0862,3
1304,Petal,2,ZONE_FACULTY_CLIMATE,Faculty of Geo-Atmospheric Stabilization,0.4667,0.5,-87.157,592.911,21.597,105.49,-0.9808,0.1749,0.0859,3
1305,Petal,2,ZONE_FACULTY_CLIMATE,Faculty of Geo-Atmospheric Stabilization,0.4667,0.625,-108.946,592.911,13.962,105.49,-0.981,0.1743,0.0855,3
1306,Petal,2,ZONE_FACULTY_CLIMATE,Faculty of Geo-Atmospheric Stabilization,0.4667,0.75,-130.735,592.911,5.239,105.49,-0.9811,0.1737,0.0852,3
1307,Petal,2,ZONE_FACULTY_CLIMATE,Faculty of Geo-Atmospheric Stabilization,0.4667,0.875,-152.525,592.911,-4.572,105.49,-0.9812,0.1732,0.0848,3
1308,Petal,2,ZONE_CLEARANCE_WATERWAY,Faculty of Geo-Atmospheric Stabilization,0.4667,1.0,-174.314,592.911,-15.47,105.49,-0.9796,0.1806,0.0883,3
1309,Petal,2,ZONE_CLEARANCE_WATERWAY,Faculty of Geo-Atmospheric Stabilization,0.5,-1.0,164.009,624.548,-14.281,150.34,-0.9808,0.177,0.0812,3
1310,Petal,2,ZONE_FACULTY_CLIMATE,Faculty of Geo-Atmospheric Stabilization,0.5,-0.875,143.508,624.548,-3.328,150.34,-0.981,0.1763,0.0809,3
1311,Petal,2,ZONE_FACULTY_CLIMATE,Faculty of Geo-Atmospheric Stabilization,0.5,-0.75,123.007,624.548,6.532,150.34,-0.9812,0.1756,0.0805,3
1312,Petal,2,ZONE_FACULTY_CLIMATE,Faculty of Geo-Atmospheric Stabilization,0.5,-0.625,102.506,624.548,15.297,150.34,-0.9813,0.1749,0.0802,3
1313,Petal,2,ZONE_FACULTY_CLIMATE,Faculty of Geo-Atmospheric Stabilization,0.5,-0.5,82.005,624.548,22.969,150.34,-0.9815,0.1742,0.0799,3
1314,Petal,2,ZONE_FACULTY_CLIMATE,Faculty of Geo-Atmospheric Stabilization,0.5,-0.375,61.503,624.548,29.547,150.34,-0.9816,0.1735,0.0795,3
1315,Petal,2,ZONE_FACULTY_CLIMATE,Faculty of Geo-Atmospheric Stabilization,0.5,-0.25,41.002,624.548,35.032,150.34,-0.9818,0.1728,0.0792,3
1316,Petal,2,ZONE_FACULTY_CLIMATE,Faculty of Geo-Atmospheric Stabilization,0.5,-0.125,20.501,624.548,39.422,150.34,-0.9819,0.1721,0.0789,3
1317,Petal,2,ZONE_FACULTY_CLIMATE,Faculty of Geo-Atmospheric Stabilization,0.5,0.0,0.0,624.548,42.719,150.34,-0.9828,0.1679,0.077,3
1318,Petal,2,ZONE_FACULTY_CLIMATE,Faculty of Geo-Atmospheric Stabilization,0.5,0.125,-20.501,624.548,39.422,150.34,-0.9829,0.1672,0.0767,3
1319,Petal,2,ZONE_FACULTY_CLIMATE,Faculty of Geo-Atmospheric Stabilization,0.5,0.25,-41.002,624.548,35.032,150.34,-0.9831,0.1665,0.0763,3
1320,Petal,2,ZONE_FACULTY_CLIMATE,Faculty of Geo-Atmospheric Stabilization,0.5,0.375,-61.503,624.548,29.547,150.34,-0.9832,0.1659,0.076,3
1321,Petal,2,ZONE_FACULTY_CLIMATE,Faculty of Geo-Atmospheric Stabilization,0.5,0.5,-82.005,624.548,22.969,150.34,-0.9833,0.1652,0.0757,3
1322,Petal,2,ZONE_FACULTY_CLIMATE,Faculty of Geo-Atmospheric Stabilization,0.5,0.625,-102.506,624.548,15.297,150.34,-0.9835,0.1645,0.0754,3
1323,Petal,2,ZONE_FACULTY_CLIMATE,Faculty of Geo-Atmospheric Stabilization,0.5,0.75,-123.007,624.548,6.532,150.34,-0.9836,0.1638,0.0751,3
1324,Petal,2,ZONE_FACULTY_CLIMATE,Faculty of Geo-Atmospheric Stabilization,0.5,0.875,-143.508,624.548,-3.328,150.34,-0.9838,0.1632,0.0749,3
1325,Petal,2,ZONE_CLEARANCE_WATERWAY,Faculty of Geo-Atmospheric Stabilization,0.5,1.0,-164.009,624.548,-14.281,150.34,-0.9825,0.1695,0.0778,3
1326,Petal,2,ZONE_CLEARANCE_WATERWAY,Faculty of Geo-Atmospheric Stabilization,0.5333,-1.0,153.024,656.184,-12.708,196.54,-0.9838,0.1643,0.0711,3
1327,Petal,2,ZONE_FACULTY_CLIMATE,Faculty of Geo-Atmospheric Stabilization,0.5333,-0.875,133.896,656.184,-1.809,196.54,-0.9839,0.1639,0.0708,3
1328,Petal,2,ZONE_FACULTY_CLIMATE,Faculty of Geo-Atmospheric Stabilization,0.5333,-0.75,114.768,656.184,8.001,196.54,-0.984,0.1635,0.0705,3
1329,Petal,2,ZONE_FACULTY_CLIMATE,Faculty of Geo-Atmospheric Stabilization,0.5333,-0.625,95.64,656.184,16.724,196.54,-0.9841,0.1631,0.0702,3
1330,Petal,2,ZONE_FACULTY_CLIMATE,Faculty of Geo-Atmospheric Stabilization,0.5333,-0.5,76.512,656.184,24.359,196.54,-0.9842,0.1626,0.0699,3
1331,Petal,2,ZONE_FACULTY_CLIMATE,Faculty of Geo-Atmospheric Stabilization,0.5333,-0.375,57.384,656.184,30.907,196.54,-0.9843,0.1622,0.0697,3
1332,Petal,2,ZONE_FACULTY_CLIMATE,Faculty of Geo-Atmospheric Stabilization,0.5333,-0.25,38.256,656.184,36.366,196.54,-0.9844,0.1616,0.0694,3
1333,Petal,2,ZONE_FACULTY_CLIMATE,Faculty of Geo-Atmospheric Stabilization,0.5333,-0.125,19.128,656.184,40.738,196.54,-0.9845,0.1611,0.0691,3
1334,Petal,2,ZONE_FACULTY_CLIMATE,Faculty of Geo-Atmospheric Stabilization,0.5333,0.0,0.0,656.184,44.022,196.54,-0.9852,0.1575,0.0675,3
1335,Petal,2,ZONE_FACULTY_CLIMATE,Faculty of Geo-Atmospheric Stabilization,0.5333,0.125,-19.128,656.184,40.738,196.54,-0.9853,0.1568,0.0673,3
1336,Petal,2,ZONE_FACULTY_CLIMATE,Faculty of Geo-Atmospheric Stabilization,0.5333,0.25,-38.256,656.184,36.366,196.54,-0.9855,0.1562,0.067,3
1337,Petal,2,ZONE_FACULTY_CLIMATE,Faculty of Geo-Atmospheric Stabilization,0.5333,0.375,-57.384,656.184,30.907,196.54,-0.9856,0.1555,0.0668,3
1338,Petal,2,ZONE_FACULTY_CLIMATE,Faculty of Geo-Atmospheric Stabilization,0.5333,0.5,-76.512,656.184,24.359,196.54,-0.9857,0.1547,0.0665,3
1339,Petal,2,ZONE_FACULTY_CLIMATE,Faculty of Geo-Atmospheric Stabilization,0.5333,0.625,-95.64,656.184,16.724,196.54,-0.9858,0.154,0.0663,3
1340,Petal,2,ZONE_FACULTY_CLIMATE,Faculty of Geo-Atmospheric Stabilization,0.5333,0.75,-114.768,656.184,8.001,196.54,-0.986,0.1532,0.066,3
1341,Petal,2,ZONE_FACULTY_CLIMATE,Faculty of Geo-Atmospheric Stabilization,0.5333,0.875,-133.896,656.184,-1.809,196.54,-0.9861,0.1524,0.0658,3
1342,Petal,2,ZONE_CLEARANCE_WATERWAY,Faculty of Geo-Atmospheric Stabilization,0.5333,1.0,-153.024,656.184,-12.708,196.54,-0.9851,0.1577,0.0682,3
1343,Petal,2,ZONE_CLEARANCE_WATERWAY,Faculty of Geo-Atmospheric Stabilization,0.5667,-1.0,141.519,687.821,-10.753,243.79,-0.9866,0.1512,0.0618,3
1344,Petal,2,ZONE_FACULTY_CLIMATE,Faculty of Geo-Atmospheric Stabilization,0.5667,-0.875,123.83,687.821,-0.019,243.79,-0.9866,0.1511,0.0616,3
1345,Petal,2,ZONE_FACULTY_CLIMATE,Faculty of Geo-Atmospheric Stabilization,0.5667,-0.75,106.14,687.821,9.646,243.79,-0.9866,0.1509,0.0614,3
1346,Petal,2,ZONE_FACULTY_CLIMATE,Faculty of Geo-Atmospheric Stabilization,0.5667,-0.625,88.45,687.821,18.241,243.79,-0.9867,0.1507,0.0611,3
1347,Petal,2,ZONE_FACULTY_CLIMATE,Faculty of Geo-Atmospheric Stabilization,0.5667,-0.5,70.76,687.821,25.766,243.79,-0.9867,0.1505,0.0609,3
1348,Petal,2,ZONE_FACULTY_CLIMATE,Faculty of Geo-Atmospheric Stabilization,0.5667,-0.375,53.07,687.821,32.221,243.79,-0.9868,0.1502,0.0607,3
1349,Petal,2,ZONE_FACULTY_CLIMATE,Faculty of Geo-Atmospheric Stabilization,0.5667,-0.25,35.38,687.821,37.607,243.79,-0.9869,0.1498,0.0605,3
1350,Petal,2,ZONE_FACULTY_CLIMATE,Faculty of Geo-Atmospheric Stabilization,0.5667,-0.125,17.69,687.821,41.922,243.79,-0.9869,0.1495,0.0602,3
1351,Petal,2,ZONE_FACULTY_CLIMATE,Faculty of Geo-Atmospheric Stabilization,0.5667,0.0,0.0,687.821,45.168,243.79,-0.9875,0.1464,0.059,3
1352,Petal,2,ZONE_FACULTY_CLIMATE,Faculty of Geo-Atmospheric Stabilization,0.5667,0.125,-17.69,687.821,41.922,243.79,-0.9876,0.1457,0.0588,3
1353,Petal,2,ZONE_FACULTY_CLIMATE,Faculty of Geo-Atmospheric Stabilization,0.5667,0.25,-35.38,687.821,37.607,243.79,-0.9877,0.1451,0.0585,3
1354,Petal,2,ZONE_FACULTY_CLIMATE,Faculty of Geo-Atmospheric Stabilization,0.5667,0.375,-53.07,687.821,32.221,243.79,-0.9878,0.1444,0.0583,3
1355,Petal,2,ZONE_FACULTY_CLIMATE,Faculty of Geo-Atmospheric Stabilization,0.5667,0.5,-70.76,687.821,25.766,243.79,-0.9879,0.1437,0.0581,3
1356,Petal,2,ZONE_FACULTY_CLIMATE,Faculty of Geo-Atmospheric Stabilization,0.5667,0.625,-88.45,687.821,18.241,243.79,-0.988,0.1429,0.0579,3
1357,Petal,2,ZONE_FACULTY_CLIMATE,Faculty of Geo-Atmospheric Stabilization,0.5667,0.75,-106.14,687.821,9.646,243.79,-0.9882,0.1421,0.0578,3
1358,Petal,2,ZONE_FACULTY_CLIMATE,Faculty of Geo-Atmospheric Stabilization,0.5667,0.875,-123.83,687.821,-0.019,243.79,-0.9883,0.1412,0.0576,3
1359,Petal,2,ZONE_CLEARANCE_WATERWAY,Faculty of Geo-Atmospheric Stabilization,0.5667,1.0,-141.519,687.821,-10.753,243.79,-0.9876,0.1456,0.0595,3
1360,Petal,2,ZONE_CLEARANCE_WATERWAY,Faculty of Geo-Atmospheric Stabilization,0.6,-1.0,129.637,719.457,-8.424,291.79,-0.989,0.1379,0.0534,3
1361,Petal,2,ZONE_FACULTY_CLIMATE,Faculty of Geo-Atmospheric Stabilization,0.6,-0.875,113.432,719.457,2.039,291.79,-0.989,0.138,0.0533,3
1362,Petal,2,ZONE_FACULTY_CLIMATE,Faculty of Geo-Atmospheric Stabilization,0.6,-0.75,97.228,719.457,11.463,291.79,-0.989,0.138,0.0531,3
1363,Petal,2,ZONE_FACULTY_CLIMATE,Faculty of Geo-Atmospheric Stabilization,0.6,-0.625,81.023,719.457,19.846,291.79,-0.989,0.138,0.0529,3
1364,Petal,2,ZONE_FACULTY_CLIMATE,Faculty of Geo-Atmospheric Stabilization,0.6,-0.5,64.819,719.457,27.188,291.79,-0.989,0.1379,0.0527,3
1365,Petal,2,ZONE_FACULTY_CLIMATE,Faculty of Geo-Atmospheric Stabilization,0.6,-0.375,48.614,719.457,33.491,291.79,-0.9891,0.1377,0.0525,3
1366,Petal,2,ZONE_FACULTY_CLIMATE,Faculty of Geo-Atmospheric Stabilization,0.6,-0.25,32.409,719.457,38.753,291.79,-0.9891,0.1375,0.0524,3
1367,Petal,2,ZONE_FACULTY_CLIMATE,Faculty of Geo-Atmospheric Stabilization,0.6,-0.125,16.205,719.457,42.975,291.79,-0.9892,0.1373,0.0522,3
1368,Petal,2,ZONE_FACULTY_CLIMATE,Faculty of Geo-Atmospheric Stabilization,0.6,0.0,0.0,719.457,46.157,291.79,-0.9896,0.1347,0.0512,3
1369,Petal,2,ZONE_FACULTY_CLIMATE,Faculty of Geo-Atmospheric Stabilization,0.6,0.125,-16.205,719.457,42.975,291.79,-0.9897,0.1341,0.051,3
1370,Petal,2,ZONE_FACULTY_CLIMATE,Faculty of Geo-Atmospheric Stabilization,0.6,0.25,-32.409,719.457,38.753,291.79,-0.9897,0.1335,0.0508,3
1371,Petal,2,ZONE_FACULTY_CLIMATE,Faculty of Geo-Atmospheric Stabilization,0.6,0.375,-48.614,719.457,33.491,291.79,-0.9898,0.1328,0.0507,3
1372,Petal,2,ZONE_FACULTY_CLIMATE,Faculty of Geo-Atmospheric Stabilization,0.6,0.5,-64.819,719.457,27.188,291.79,-0.99,0.1321,0.0505,3
1373,Petal,2,ZONE_FACULTY_CLIMATE,Faculty of Geo-Atmospheric Stabilization,0.6,0.625,-81.023,719.457,19.846,291.79,-0.9901,0.1313,0.0503,3
1374,Petal,2,ZONE_FACULTY_CLIMATE,Faculty of Geo-Atmospheric Stabilization,0.6,0.75,-97.228,719.457,11.463,291.79,-0.9902,0.1305,0.0502,3
1375,Petal,2,ZONE_FACULTY_CLIMATE,Faculty of Geo-Atmospheric Stabilization,0.6,0.875,-113.432,719.457,2.039,291.79,-0.9903,0.1296,0.05,3
1376,Petal,2,ZONE_CLEARANCE_WATERWAY,Faculty of Geo-Atmospheric Stabilization,0.6,1.0,-129.637,719.457,-8.424,291.79,-0.9898,0.1331,0.0516,3
1377,Petal,2,ZONE_CLEARANCE_WATERWAY,Faculty of Geo-Atmospheric Stabilization,0.6333,-1.0,117.507,751.094,-5.73,340.29,-0.9912,0.1244,0.0459,3
1378,Petal,2,ZONE_FACULTY_CLIMATE,Faculty of Geo-Atmospheric Stabilization,0.6333,-0.875,102.819,751.094,4.357,340.29,-0.9911,0.1247,0.0457,3
1379,Petal,2,ZONE_FACULTY_CLIMATE,Faculty of Geo-Atmospheric Stabilization,0.6333,-0.75,88.13,751.094,13.445,340.29,-0.9911,0.1249,0.0456,3
1380,Petal,2,ZONE_FACULTY_CLIMATE,Faculty of Geo-Atmospheric Stabilization,0.6333,-0.625,73.442,751.094,21.534,340.29,-0.9911,0.125,0.0454,3
1381,Petal,2,ZONE_FACULTY_CLIMATE,Faculty of Geo-Atmospheric Stabilization,0.6333,-0.5,58.754,751.094,28.623,340.29,-0.9911,0.125,0.0453,3
1382,Petal,2,ZONE_FACULTY_CLIMATE,Faculty of Geo-Atmospheric Stabilization,0.6333,-0.375,44.065,751.094,34.713,340.29,-0.9911,0.125,0.0451,3
1383,Petal,2,ZONE_FACULTY_CLIMATE,Faculty of Geo-Atmospheric Stabilization,0.6333,-0.25,29.377,751.094,39.804,340.29,-0.9912,0.1249,0.045,3
1384,Petal,2,ZONE_FACULTY_CLIMATE,Faculty of Geo-Atmospheric Stabilization,0.6333,-0.125,14.688,751.094,43.896,340.29,-0.9912,0.1247,0.0449,3
1385,Petal,2,ZONE_FACULTY_CLIMATE,Faculty of Geo-Atmospheric Stabilization,0.6333,0.0,0.0,751.094,46.989,340.29,-0.9915,0.1226,0.044,3
1386,Petal,2,ZONE_FACULTY_CLIMATE,Faculty of Geo-Atmospheric Stabilization,0.6333,0.125,-14.688,751.094,43.896,340.29,-0.9916,0.1221,0.0439,3
1387,Petal,2,ZONE_FACULTY_CLIMATE,Faculty of Geo-Atmospheric Stabilization,0.6333,0.25,-29.377,751.094,39.804,340.29,-0.9916,0.1215,0.0438,3
1388,Petal,2,ZONE_FACULTY_CLIMATE,Faculty of Geo-Atmospheric Stabilization,0.6333,0.375,-44.065,751.094,34.713,340.29,-0.9917,0.1209,0.0437,3
1389,Petal,2,ZONE_FACULTY_CLIMATE,Faculty of Geo-Atmospheric Stabilization,0.6333,0.5,-58.754,751.094,28.623,340.29,-0.9918,0.1202,0.0435,3
1390,Petal,2,ZONE_FACULTY_CLIMATE,Faculty of Geo-Atmospheric Stabilization,0.6333,0.625,-73.442,751.094,21.534,340.29,-0.9919,0.1194,0.0434,3
1391,Petal,2,ZONE_FACULTY_CLIMATE,Faculty of Geo-Atmospheric Stabilization,0.6333,0.75,-88.13,751.094,13.445,340.29,-0.992,0.1186,0.0433,3
1392,Petal,2,ZONE_FACULTY_CLIMATE,Faculty of Geo-Atmospheric Stabilization,0.6333,0.875,-102.819,751.094,4.357,340.29,-0.9921,0.1177,0.0432,3
1393,Petal,2,ZONE_CLEARANCE_WATERWAY,Faculty of Geo-Atmospheric Stabilization,0.6333,1.0,-117.507,751.094,-5.73,340.29,-0.9917,0.1205,0.0444,3
1394,Petal,2,ZONE_CLEARANCE_WATERWAY,Faculty of Geo-Atmospheric Stabilization,0.6667,-1.0,105.248,782.731,-2.685,389.04,-0.9931,0.111,0.039,3
1395,Petal,2,ZONE_FACULTY_CLIMATE,Faculty of Geo-Atmospheric Stabilization,0.6667,-0.875,92.092,782.731,6.923,389.04,-0.993,0.1113,0.0389,3
1396,Petal,2,ZONE_FACULTY_CLIMATE,Faculty of Geo-Atmospheric Stabilization,0.6667,-0.75,78.936,782.731,15.585,389.04,-0.993,0.1116,0.0387,3
1397,Petal,2,ZONE_FACULTY_CLIMATE,Faculty of Geo-Atmospheric Stabilization,0.6667,-0.625,65.78,782.731,23.299,389.04,-0.993,0.1118,0.0386,3
1398,Petal,2,ZONE_FACULTY_CLIMATE,Faculty of Geo-Atmospheric Stabilization,0.6667,-0.5,52.624,782.731,30.066,389.04,-0.993,0.112,0.0385,3
1399,Petal,2,ZONE_FACULTY_CLIMATE,Faculty of Geo-Atmospheric Stabilization,0.6667,-0.375,39.468,782.731,35.886,389.04,-0.993,0.112,0.0384,3
1400,Petal,2,ZONE_FACULTY_CLIMATE,Faculty of Geo-Atmospheric Stabilization,0.6667,-0.25,26.312,782.731,40.758,389.04,-0.993,0.112,0.0383,3
1401,Petal,2,ZONE_FACULTY_CLIMATE,Faculty of Geo-Atmospheric Stabilization,0.6667,-0.125,13.156,782.731,44.684,389.04,-0.993,0.1119,0.0382,3
1402,Petal,2,ZONE_FACULTY_CLIMATE,Faculty of Geo-Atmospheric Stabilization,0.6667,0.0,0.0,782.731,47.662,389.04,-0.9932,0.1102,0.0376,3
1403,Petal,2,ZONE_FACULTY_CLIMATE,Faculty of Geo-Atmospheric Stabilization,0.6667,0.125,-13.156,782.731,44.684,389.04,-0.9933,0.1097,0.0375,3
1404,Petal,2,ZONE_FACULTY_CLIMATE,Faculty of Geo-Atmospheric Stabilization,0.6667,0.25,-26.312,782.731,40.758,389.04,-0.9933,0.1092,0.0374,3
1405,Petal,2,ZONE_FACULTY_CLIMATE,Faculty of Geo-Atmospheric Stabilization,0.6667,0.375,-39.468,782.731,35.886,389.04,-0.9934,0.1087,0.0373,3
1406,Petal,2,ZONE_FACULTY_CLIMATE,Faculty of Geo-Atmospheric Stabilization,0.6667,0.5,-52.624,782.731,30.066,389.04,-0.9935,0.108,0.0372,3
1407,Petal,2,ZONE_FACULTY_CLIMATE,Faculty of Geo-Atmospheric Stabilization,0.6667,0.625,-65.78,782.731,23.299,389.04,-0.9935,0.1073,0.0371,3
1408,Petal,2,ZONE_FACULTY_CLIMATE,Faculty of Geo-Atmospheric Stabilization,0.6667,0.75,-78.936,782.731,15.585,389.04,-0.9936,0.1065,0.037,3
1409,Petal,2,ZONE_FACULTY_CLIMATE,Faculty of Geo-Atmospheric Stabilization,0.6667,0.875,-92.092,782.731,6.923,389.04,-0.9937,0.1057,0.0369,3
1410,Petal,2,ZONE_CLEARANCE_WATERWAY,Faculty of Geo-Atmospheric Stabilization,0.6667,1.0,-105.248,782.731,-2.685,389.04,-0.9935,0.1078,0.0378,3
1411,Petal,2,ZONE_CLEARANCE_WATERWAY,Faculty of Geo-Atmospheric Stabilization,0.7,-1.0,92.97,814.367,0.691,437.83,-0.9947,0.0974,0.0327,3
1412,Petal,2,ZONE_FACULTY_CLIMATE,Faculty of Geo-Atmospheric Stabilization,0.7,-0.875,81.349,814.367,9.724,437.83,-0.9947,0.0979,0.0327,3
1413,Petal,2,ZONE_FACULTY_CLIMATE,Faculty of Geo-Atmospheric Stabilization,0.7,-0.75,69.728,814.367,17.872,437.83,-0.9946,0.0983,0.0326,3
1414,Petal,2,ZONE_FACULTY_CLIMATE,Faculty of Geo-Atmospheric Stabilization,0.7,-0.625,58.106,814.367,25.134,437.83,-0.9946,0.0986,0.0325,3
1415,Petal,2,ZONE_FACULTY_CLIMATE,Faculty of Geo-Atmospheric Stabilization,0.7,-0.5,46.485,814.367,31.512,437.83,-0.9946,0.0989,0.0324,3
1416,Petal,2,ZONE_FACULTY_CLIMATE,Faculty of Geo-Atmospheric Stabilization,0.7,-0.375,34.864,814.367,37.006,437.83,-0.9946,0.0991,0.0323,3
1417,Petal,2,ZONE_FACULTY_CLIMATE,Faculty of Geo-Atmospheric Stabilization,0.7,-0.25,23.243,814.367,41.614,437.83,-0.9945,0.0992,0.0322,3
1418,Petal,2,ZONE_FACULTY_CLIMATE,Faculty of Geo-Atmospheric Stabilization,0.7,-0.125,11.621,814.367,45.337,437.83,-0.9945,0.0992,0.0322,3
1419,Petal,2,ZONE_FACULTY_CLIMATE,Faculty of Geo-Atmospheric Stabilization,0.7,0.0,0.0,814.367,48.176,437.83,-0.9947,0.0979,0.0317,3
1420,Petal,2,ZONE_FACULTY_CLIMATE,Faculty of Geo-Atmospheric Stabilization,0.7,0.125,-11.621,814.367,45.337,437.83,-0.9947,0.0975,0.0316,3
1421,Petal,2,ZONE_FACULTY_CLIMATE,Faculty of Geo-Atmospheric Stabilization,0.7,0.25,-23.243,814.367,41.614,437.83,-0.9948,0.097,0.0315,3
1422,Petal,2,ZONE_FACULTY_CLIMATE,Faculty of Geo-Atmospheric Stabilization,0.7,0.375,-34.864,814.367,37.006,437.83,-0.9948,0.0964,0.0314,3
1423,Petal,2,ZONE_FACULTY_CLIMATE,Faculty of Geo-Atmospheric Stabilization,0.7,0.5,-46.485,814.367,31.512,437.83,-0.9949,0.0958,0.0314,3
1424,Petal,2,ZONE_FACULTY_CLIMATE,Faculty of Geo-Atmospheric Stabilization,0.7,0.625,-58.106,814.367,25.134,437.83,-0.995,0.095,0.0313,3
1425,Petal,2,ZONE_FACULTY_CLIMATE,Faculty of Geo-Atmospheric Stabilization,0.7,0.75,-69.728,814.367,17.872,437.83,-0.9951,0.0942,0.0312,3
1426,Petal,2,ZONE_FACULTY_CLIMATE,Faculty of Geo-Atmospheric Stabilization,0.7,0.875,-81.349,814.367,9.724,437.83,-0.9951,0.0934,0.0312,3
1427,Petal,2,ZONE_CLEARANCE_WATERWAY,Faculty of Geo-Atmospheric Stabilization,0.7,1.0,-92.97,814.367,0.691,437.83,-0.995,0.0949,0.0319,3
1428,Petal,2,ZONE_CLEARANCE_WATERWAY,Faculty of Geo-Atmospheric Stabilization,0.7333,-1.0,80.775,846.004,4.228,486.46,-0.9962,0.0829,0.0281,3
1429,Petal,2,ZONE_FACULTY_CLIMATE,Faculty of Geo-Atmospheric Stabilization,0.7333,-0.875,70.678,846.004,12.305,486.46,-0.9961,0.0839,0.028,3
1430,Petal,2,ZONE_FACULTY_CLIMATE,Faculty of Geo-Atmospheric Stabilization,0.7333,-0.75,60.581,846.004,19.596,486.46,-0.996,0.0847,0.0279,3
1431,Petal,2,ZONE_FACULTY_CLIMATE,Faculty of Geo-Atmospheric Stabilization,0.7333,-0.625,50.484,846.004,26.103,486.46,-0.996,0.0854,0.0279,3
1432,Petal,2,ZONE_FACULTY_CLIMATE,Faculty of Geo-Atmospheric Stabilization,0.7333,-0.5,40.388,846.004,31.825,486.46,-0.9959,0.086,0.0278,3
1433,Petal,2,ZONE_FACULTY_CLIMATE,Faculty of Geo-Atmospheric Stabilization,0.7333,-0.375,30.291,846.004,36.762,486.46,-0.9959,0.0865,0.0278,3
1434,Petal,2,ZONE_FACULTY_CLIMATE,Faculty of Geo-Atmospheric Stabilization,0.7333,-0.25,20.194,846.004,40.914,486.46,-0.9958,0.0869,0.0277,3
1435,Petal,2,ZONE_FACULTY_CLIMATE,Faculty of Geo-Atmospheric Stabilization,0.7333,-0.125,10.097,846.004,44.281,486.46,-0.9958,0.0871,0.0276,3
1436,Petal,2,ZONE_FACULTY_CLIMATE,Faculty of Geo-Atmospheric Stabilization,0.7333,0.0,0.0,846.004,46.863,486.46,-0.9959,0.0862,0.0272,3
1437,Petal,2,ZONE_FACULTY_CLIMATE,Faculty of Geo-Atmospheric Stabilization,0.7333,0.125,-10.097,846.004,44.281,486.46,-0.9959,0.0858,0.0272,3
1438,Petal,2,ZONE_FACULTY_CLIMATE,Faculty of Geo-Atmospheric Stabilization,0.7333,0.25,-20.194,846.004,40.914,486.46,-0.996,0.0851,0.0271,3
1439,Petal,2,ZONE_FACULTY_CLIMATE,Faculty of Geo-Atmospheric Stabilization,0.7333,0.375,-30.291,846.004,36.762,486.46,-0.9961,0.0844,0.0271,3
1440,Petal,2,ZONE_FACULTY_CLIMATE,Faculty of Geo-Atmospheric Stabilization,0.7333,0.5,-40.388,846.004,31.825,486.46,-0.9961,0.0836,0.027,3
1441,Petal,2,ZONE_FACULTY_CLIMATE,Faculty of Geo-Atmospheric Stabilization,0.7333,0.625,-50.484,846.004,26.103,486.46,-0.9962,0.0827,0.027,3
1442,Petal,2,ZONE_FACULTY_CLIMATE,Faculty of Geo-Atmospheric Stabilization,0.7333,0.75,-60.581,846.004,19.596,486.46,-0.9963,0.0816,0.0269,3
1443,Petal,2,ZONE_FACULTY_CLIMATE,Faculty of Geo-Atmospheric Stabilization,0.7333,0.875,-70.678,846.004,12.305,486.46,-0.9964,0.0804,0.0269,3
1444,Petal,2,ZONE_CLEARANCE_WATERWAY,Faculty of Geo-Atmospheric Stabilization,0.7333,1.0,-80.775,846.004,4.228,486.46,-0.9963,0.081,0.0274,3
1445,Petal,2,ZONE_CLEARANCE_WATERWAY,Faculty of Geo-Atmospheric Stabilization,0.7667,-1.0,68.76,877.64,7.296,534.73,-0.9973,0.0696,0.0252,3
1446,Petal,2,ZONE_FACULTY_CLIMATE,Faculty of Geo-Atmospheric Stabilization,0.7667,-0.875,60.165,877.64,13.943,534.73,-0.9972,0.0707,0.0252,3
1447,Petal,2,ZONE_FACULTY_CLIMATE,Faculty of Geo-Atmospheric Stabilization,0.7667,-0.75,51.57,877.64,19.95,534.73,-0.9971,0.0717,0.0251,3
1448,Petal,2,ZONE_FACULTY_CLIMATE,Faculty of Geo-Atmospheric Stabilization,0.7667,-0.625,42.975,877.64,25.318,534.73,-0.997,0.0726,0.0251,3
1449,Petal,2,ZONE_FACULTY_CLIMATE,Faculty of Geo-Atmospheric Stabilization,0.7667,-0.5,34.38,877.64,30.047,534.73,-0.997,0.0733,0.025,3
1450,Petal,2,ZONE_FACULTY_CLIMATE,Faculty of Geo-Atmospheric Stabilization,0.7667,-0.375,25.785,877.64,34.136,534.73,-0.997,0.0739,0.025,3
1451,Petal,2,ZONE_FACULTY_CLIMATE,Faculty of Geo-Atmospheric Stabilization,0.7667,-0.25,17.19,877.64,37.585,534.73,-0.9969,0.0744,0.0249,3
1452,Petal,2,ZONE_FACULTY_CLIMATE,Faculty of Geo-Atmospheric Stabilization,0.7667,-0.125,8.595,877.64,40.395,534.73,-0.9969,0.0748,0.0249,3
1453,Petal,2,ZONE_FACULTY_CLIMATE,Faculty of Geo-Atmospheric Stabilization,0.7667,0.0,0.0,877.64,42.565,534.73,-0.9969,0.0742,0.0246,3
1454,Petal,2,ZONE_FACULTY_CLIMATE,Faculty of Geo-Atmospheric Stabilization,0.7667,0.125,-8.595,877.64,40.395,534.73,-0.997,0.0737,0.0245,3
1455,Petal,2,ZONE_FACULTY_CLIMATE,Faculty of Geo-Atmospheric Stabilization,0.7667,0.25,-17.19,877.64,37.585,534.73,-0.997,0.0731,0.0245,3
1456,Petal,2,ZONE_FACULTY_CLIMATE,Faculty of Geo-Atmospheric Stabilization,0.7667,0.375,-25.785,877.64,34.136,534.73,-0.9971,0.0723,0.0244,3
1457,Petal,2,ZONE_FACULTY_CLIMATE,Faculty of Geo-Atmospheric Stabilization,0.7667,0.5,-34.38,877.64,30.047,534.73,-0.9971,0.0715,0.0244,3
1458,Petal,2,ZONE_FACULTY_CLIMATE,Faculty of Geo-Atmospheric Stabilization,0.7667,0.625,-42.975,877.64,25.318,534.73,-0.9972,0.0705,0.0243,3
1459,Petal,2,ZONE_FACULTY_CLIMATE,Faculty of Geo-Atmospheric Stabilization,0.7667,0.75,-51.57,877.64,19.95,534.73,-0.9973,0.0694,0.0243,3
1460,Petal,2,ZONE_FACULTY_CLIMATE,Faculty of Geo-Atmospheric Stabilization,0.7667,0.875,-60.165,877.64,13.943,534.73,-0.9974,0.0682,0.0243,3
1461,Petal,2,ZONE_CLEARANCE_WATERWAY,Faculty of Geo-Atmospheric Stabilization,0.7667,1.0,-68.76,877.64,7.296,534.73,-0.9974,0.0682,0.0247,3
1462,Petal,2,ZONE_CLEARANCE_WATERWAY,Faculty of Geo-Atmospheric Stabilization,0.8,-1.0,57.02,909.277,9.317,582.44,-0.9981,0.0571,0.0236,3
1463,Petal,2,ZONE_FACULTY_CLIMATE,Faculty of Geo-Atmospheric Stabilization,0.8,-0.875,49.893,909.277,14.331,582.44,-0.998,0.0582,0.0235,3
1464,Petal,2,ZONE_FACULTY_CLIMATE,Faculty of Geo-Atmospheric Stabilization,0.8,-0.75,42.765,909.277,18.868,582.44,-0.998,0.0592,0.0235,3
1465,Petal,2,ZONE_FACULTY_CLIMATE,Faculty of Geo-Atmospheric Stabilization,0.8,-0.625,35.638,909.277,22.93,582.44,-0.9979,0.0601,0.0235,3
1466,Petal,2,ZONE_FACULTY_CLIMATE,Faculty of Geo-Atmospheric Stabilization,0.8,-0.5,28.51,909.277,26.515,582.44,-0.9979,0.0608,0.0234,3
1467,Petal,2,ZONE_FACULTY_CLIMATE,Faculty of Geo-Atmospheric Stabilization,0.8,-0.375,21.383,909.277,29.624,582.44,-0.9978,0.0615,0.0234,3
1468,Petal,2,ZONE_FACULTY_CLIMATE,Faculty of Geo-Atmospheric Stabilization,0.8,-0.25,14.255,909.277,32.256,582.44,-0.9978,0.062,0.0234,3
1469,Petal,2,ZONE_FACULTY_CLIMATE,Faculty of Geo-Atmospheric Stabilization,0.8,-0.125,7.128,909.277,34.413,582.44,-0.9978,0.0624,0.0233,3
1470,Petal,2,ZONE_FACULTY_CLIMATE,Faculty of Geo-Atmospheric Stabilization,0.8,0.0,0.0,909.277,36.093,582.44,-0.9978,0.0621,0.0231,3
1471,Petal,2,ZONE_FACULTY_CLIMATE,Faculty of Geo-Atmospheric Stabilization,0.8,0.125,-7.128,909.277,34.413,582.44,-0.9978,0.0616,0.023,3
1472,Petal,2,ZONE_FACULTY_CLIMATE,Faculty of Geo-Atmospheric Stabilization,0.8,0.25,-14.255,909.277,32.256,582.44,-0.9979,0.061,0.023,3
1473,Petal,2,ZONE_FACULTY_CLIMATE,Faculty of Geo-Atmospheric Stabilization,0.8,0.375,-21.383,909.277,29.624,582.44,-0.9979,0.0603,0.023,3
1474,Petal,2,ZONE_FACULTY_CLIMATE,Faculty of Geo-Atmospheric Stabilization,0.8,0.5,-28.51,909.277,26.515,582.44,-0.998,0.0595,0.0229,3
1475,Petal,2,ZONE_FACULTY_CLIMATE,Faculty of Geo-Atmospheric Stabilization,0.8,0.625,-35.638,909.277,22.93,582.44,-0.998,0.0586,0.0229,3
1476,Petal,2,ZONE_FACULTY_CLIMATE,Faculty of Geo-Atmospheric Stabilization,0.8,0.75,-42.765,909.277,18.868,582.44,-0.9981,0.0576,0.0229,3
1477,Petal,2,ZONE_FACULTY_CLIMATE,Faculty of Geo-Atmospheric Stabilization,0.8,0.875,-49.893,909.277,14.331,582.44,-0.9981,0.0564,0.0228,3
1478,Petal,2,ZONE_CLEARANCE_WATERWAY,Faculty of Geo-Atmospheric Stabilization,0.8,1.0,-57.02,909.277,9.317,582.44,-0.9982,0.0561,0.0232,3
1479,Petal,2,ZONE_CLEARANCE_WATERWAY,Faculty of Geo-Atmospheric Stabilization,0.8333,-1.0,45.653,940.913,9.93,629.42,-0.9987,0.0453,0.023,3
1480,Petal,2,ZONE_FACULTY_CLIMATE,Faculty of Geo-Atmospheric Stabilization,0.8333,-0.875,39.946,940.913,13.342,629.42,-0.9987,0.0464,0.0229,3
1481,Petal,2,ZONE_FACULTY_CLIMATE,Faculty of Geo-Atmospheric Stabilization,0.8333,-0.75,34.24,940.913,16.436,629.42,-0.9986,0.0473,0.0229,3
1482,Petal,2,ZONE_FACULTY_CLIMATE,Faculty of Geo-Atmospheric Stabilization,0.8333,-0.625,28.533,940.913,19.212,629.42,-0.9986,0.0481,0.0229,3
1483,Petal,2,ZONE_FACULTY_CLIMATE,Faculty of Geo-Atmospheric Stabilization,0.8333,-0.5,22.826,940.913,21.668,629.42,-0.9985,0.0488,0.0229,3
1484,Petal,2,ZONE_FACULTY_CLIMATE,Faculty of Geo-Atmospheric Stabilization,0.8333,-0.375,17.12,940.913,23.806,629.42,-0.9985,0.0493,0.0228,3
1485,Petal,2,ZONE_FACULTY_CLIMATE,Faculty of Geo-Atmospheric Stabilization,0.8333,-0.25,11.413,940.913,25.624,629.42,-0.9985,0.0498,0.0228,3
1486,Petal,2,ZONE_FACULTY_CLIMATE,Faculty of Geo-Atmospheric Stabilization,0.8333,-0.125,5.707,940.913,27.124,629.42,-0.9985,0.0502,0.0228,3
1487,Petal,2,ZONE_FACULTY_CLIMATE,Faculty of Geo-Atmospheric Stabilization,0.8333,0.0,0.0,940.913,28.305,629.42,-0.9985,0.0501,0.0225,3
1488,Petal,2,ZONE_FACULTY_CLIMATE,Faculty of Geo-Atmospheric Stabilization,0.8333,0.125,-5.707,940.913,27.124,629.42,-0.9985,0.0497,0.0225,3
1489,Petal,2,ZONE_FACULTY_CLIMATE,Faculty of Geo-Atmospheric Stabilization,0.8333,0.25,-11.413,940.913,25.624,629.42,-0.9985,0.0492,0.0225,3
1490,Petal,2,ZONE_FACULTY_CLIMATE,Faculty of Geo-Atmospheric Stabilization,0.8333,0.375,-17.12,940.913,23.806,629.42,-0.9986,0.0486,0.0225,3
1491,Petal,2,ZONE_FACULTY_CLIMATE,Faculty of Geo-Atmospheric Stabilization,0.8333,0.5,-22.826,940.913,21.668,629.42,-0.9986,0.0479,0.0224,3
1492,Petal,2,ZONE_FACULTY_CLIMATE,Faculty of Geo-Atmospheric Stabilization,0.8333,0.625,-28.533,940.913,19.212,629.42,-0.9986,0.0471,0.0224,3
1493,Petal,2,ZONE_FACULTY_CLIMATE,Faculty of Geo-Atmospheric Stabilization,0.8333,0.75,-34.24,940.913,16.436,629.42,-0.9987,0.0462,0.0224,3
1494,Petal,2,ZONE_FACULTY_CLIMATE,Faculty of Geo-Atmospheric Stabilization,0.8333,0.875,-39.946,940.913,13.342,629.42,-0.9987,0.0452,0.0224,3
1495,Petal,2,ZONE_CLEARANCE_WATERWAY,Faculty of Geo-Atmospheric Stabilization,0.8333,1.0,-45.653,940.913,9.93,629.42,-0.9987,0.0447,0.0226,3
1496,Petal,2,ZONE_CLEARANCE_WATERWAY,Faculty of Geo-Atmospheric Stabilization,0.8667,-1.0,34.761,972.55,9.04,675.44,-0.9991,0.0343,0.0235,3
1497,Petal,2,ZONE_HARBOR_BERTH,Faculty of Geo-Atmospheric Stabilization,0.8667,-0.875,30.416,972.55,11.07,675.44,-0.9991,0.0352,0.0234,3
1498,Petal,2,ZONE_HARBOR_BERTH,Faculty of Geo-Atmospheric Stabilization,0.8667,-0.75,26.07,972.55,12.915,675.44,-0.9991,0.0359,0.0234,3
1499,Petal,2,ZONE_HARBOR_BERTH,Faculty of Geo-Atmospheric Stabilization,0.8667,-0.625,21.725,972.55,14.574,675.44,-0.9991,0.0366,0.0234,3
1500,Petal,2,ZONE_HARBOR_BERTH,Faculty of Geo-Atmospheric Stabilization,0.8667,-0.5,17.38,972.55,16.048,675.44,-0.999,0.0372,0.0234,3
1501,Petal,2,ZONE_HARBOR_BERTH,Faculty of Geo-Atmospheric Stabilization,0.8667,-0.375,13.035,972.55,17.337,675.44,-0.999,0.0377,0.0233,3
1502,Petal,2,ZONE_HARBOR_BERTH,Faculty of Geo-Atmospheric Stabilization,0.8667,-0.25,8.69,972.55,18.439,675.44,-0.999,0.0381,0.0233,3
1503,Petal,2,ZONE_HARBOR_BERTH,Faculty of Geo-Atmospheric Stabilization,0.8667,-0.125,4.345,972.55,19.357,675.44,-0.999,0.0384,0.0233,3
1504,Petal,2,ZONE_HARBOR_BERTH,Faculty of Geo-Atmospheric Stabilization,0.8667,0.0,0.0,972.55,20.089,675.44,-0.999,0.0384,0.0231,3
1505,Petal,2,ZONE_HARBOR_BERTH,Faculty of Geo-Atmospheric Stabilization,0.8667,0.125,-4.345,972.55,19.357,675.44,-0.999,0.0381,0.0231,3
1506,Petal,2,ZONE_HARBOR_BERTH,Faculty of Geo-Atmospheric Stabilization,0.8667,0.25,-8.69,972.55,18.439,675.44,-0.999,0.0377,0.0231,3
1507,Petal,2,ZONE_HARBOR_BERTH,Faculty of Geo-Atmospheric Stabilization,0.8667,0.375,-13.035,972.55,17.337,675.44,-0.999,0.0372,0.023,3
1508,Petal,2,ZONE_HARBOR_BERTH,Faculty of Geo-Atmospheric Stabilization,0.8667,0.5,-17.38,972.55,16.048,675.44,-0.9991,0.0366,0.023,3
1509,Petal,2,ZONE_HARBOR_BERTH,Faculty of Geo-Atmospheric Stabilization,0.8667,0.625,-21.725,972.55,14.574,675.44,-0.9991,0.036,0.023,3
1510,Petal,2,ZONE_HARBOR_BERTH,Faculty of Geo-Atmospheric Stabilization,0.8667,0.75,-26.07,972.55,12.915,675.44,-0.9991,0.0353,0.023,3
1511,Petal,2,ZONE_HARBOR_BERTH,Faculty of Geo-Atmospheric Stabilization,0.8667,0.875,-30.416,972.55,11.07,675.44,-0.9991,0.0345,0.023,3
1512,Petal,2,ZONE_CLEARANCE_WATERWAY,Faculty of Geo-Atmospheric Stabilization,0.8667,1.0,-34.761,972.55,9.04,675.44,-0.9992,0.0339,0.0232,3
1513,Petal,2,ZONE_CLEARANCE_WATERWAY,Faculty of Geo-Atmospheric Stabilization,0.9,-1.0,24.466,1004.186,6.865,720.26,-0.9994,0.0241,0.0255,3
1514,Petal,2,ZONE_HARBOR_BERTH,Faculty of Geo-Atmospheric Stabilization,0.9,-0.875,21.408,1004.186,7.854,720.26,-0.9994,0.0247,0.0255,3
1515,Petal,2,ZONE_HARBOR_BERTH,Faculty of Geo-Atmospheric Stabilization,0.9,-0.75,18.35,1004.186,8.756,720.26,-0.9994,0.0253,0.0255,3
1516,Petal,2,ZONE_HARBOR_BERTH,Faculty of Geo-Atmospheric Stabilization,0.9,-0.625,15.291,1004.186,9.571,720.26,-0.9993,0.0258,0.0254,3
1517,Petal,2,ZONE_HARBOR_BERTH,Faculty of Geo-Atmospheric Stabilization,0.9,-0.5,12.233,1004.186,10.297,720.26,-0.9993,0.0262,0.0254,3
1518,Petal,2,ZONE_HARBOR_BERTH,Faculty of Geo-Atmospheric Stabilization,0.9,-0.375,9.175,1004.186,10.936,720.26,-0.9993,0.0266,0.0254,3
1519,Petal,2,ZONE_HARBOR_BERTH,Faculty of Geo-Atmospheric Stabilization,0.9,-0.25,6.117,1004.186,11.488,720.26,-0.9993,0.0269,0.0254,3
1520,Petal,2,ZONE_HARBOR_BERTH,Faculty of Geo-Atmospheric Stabilization,0.9,-0.125,3.058,1004.186,11.951,720.26,-0.9993,0.0272,0.0254,3
1521,Petal,2,ZONE_HARBOR_BERTH,Faculty of Geo-Atmospheric Stabilization,0.9,0.0,0.0,1004.186,12.328,720.26,-0.9993,0.0272,0.0252,3
1522,Petal,2,ZONE_HARBOR_BERTH,Faculty of Geo-Atmospheric Stabilization,0.9,0.125,-3.058,1004.186,11.951,720.26,-0.9993,0.027,0.0252,3
1523,Petal,2,ZONE_HARBOR_BERTH,Faculty of Geo-Atmospheric Stabilization,0.9,0.25,-6.117,1004.186,11.488,720.26,-0.9993,0.0267,0.0252,3
1524,Petal,2,ZONE_HARBOR_BERTH,Faculty of Geo-Atmospheric Stabilization,0.9,0.375,-9.175,1004.186,10.936,720.26,-0.9993,0.0263,0.0252,3
1525,Petal,2,ZONE_HARBOR_BERTH,Faculty of Geo-Atmospheric Stabilization,0.9,0.5,-12.233,1004.186,10.297,720.26,-0.9993,0.0259,0.0251,3
1526,Petal,2,ZONE_HARBOR_BERTH,Faculty of Geo-Atmospheric Stabilization,0.9,0.625,-15.291,1004.186,9.571,720.26,-0.9994,0.0254,0.0251,3
1527,Petal,2,ZONE_HARBOR_BERTH,Faculty of Geo-Atmospheric Stabilization,0.9,0.75,-18.35,1004.186,8.756,720.26,-0.9994,0.0249,0.0251,3
1528,Petal,2,ZONE_HARBOR_BERTH,Faculty of Geo-Atmospheric Stabilization,0.9,0.875,-21.408,1004.186,7.854,720.26,-0.9994,0.0243,0.0251,3
1529,Petal,2,ZONE_CLEARANCE_WATERWAY,Faculty of Geo-Atmospheric Stabilization,0.9,1.0,-24.466,1004.186,6.865,720.26,-0.9994,0.0239,0.0253,3
1530,Petal,2,ZONE_CLEARANCE_WATERWAY,Faculty of Geo-Atmospheric Stabilization,0.9333,-1.0,14.934,1035.823,3.963,763.56,-0.9994,0.0147,0.0308,3
1531,Petal,2,ZONE_HARBOR_BERTH,Faculty of Geo-Atmospheric Stabilization,0.9333,-0.875,13.067,1035.823,4.303,763.56,-0.9994,0.0151,0.0307,3
1532,Petal,2,ZONE_HARBOR_BERTH,Faculty of Geo-Atmospheric Stabilization,0.9333,-0.75,11.201,1035.823,4.614,763.56,-0.9994,0.0154,0.0307,3
1533,Petal,2,ZONE_HARBOR_BERTH,Faculty of Geo-Atmospheric Stabilization,0.9333,-0.625,9.334,1035.823,4.897,763.56,-0.9994,0.0158,0.0307,3
1534,Petal,2,ZONE_HARBOR_BERTH,Faculty of Geo-Atmospheric Stabilization,0.9333,-0.5,7.467,1035.823,5.151,763.56,-0.9994,0.016,0.0307,3
1535,Petal,2,ZONE_HARBOR_BERTH,Faculty of Geo-Atmospheric Stabilization,0.9333,-0.375,5.6,1035.823,5.377,763.56,-0.9994,0.0163,0.0307,3
1536,Petal,2,ZONE_HARBOR_BERTH,Faculty of Geo-Atmospheric Stabilization,0.9333,-0.25,3.734,1035.823,5.574,763.56,-0.9994,0.0165,0.0307,3
1537,Petal,2,ZONE_HARBOR_BERTH,Faculty of Geo-Atmospheric Stabilization,0.9333,-0.125,1.867,1035.823,5.742,763.56,-0.9994,0.0167,0.0307,3
1538,Petal,2,ZONE_HARBOR_BERTH,Faculty of Geo-Atmospheric Stabilization,0.9333,0.0,0.0,1035.823,5.881,763.56,-0.9994,0.0167,0.0305,3
1539,Petal,2,ZONE_HARBOR_BERTH,Faculty of Geo-Atmospheric Stabilization,0.9333,0.125,-1.867,1035.823,5.742,763.56,-0.9994,0.0166,0.0305,3
1540,Petal,2,ZONE_HARBOR_BERTH,Faculty of Geo-Atmospheric Stabilization,0.9333,0.25,-3.734,1035.823,5.574,763.56,-0.9994,0.0164,0.0305,3
1541,Petal,2,ZONE_HARBOR_BERTH,Faculty of Geo-Atmospheric Stabilization,0.9333,0.375,-5.6,1035.823,5.377,763.56,-0.9994,0.0162,0.0305,3
1542,Petal,2,ZONE_HARBOR_BERTH,Faculty of Geo-Atmospheric Stabilization,0.9333,0.5,-7.467,1035.823,5.151,763.56,-0.9994,0.0159,0.0305,3
1543,Petal,2,ZONE_HARBOR_BERTH,Faculty of Geo-Atmospheric Stabilization,0.9333,0.625,-9.334,1035.823,4.897,763.56,-0.9994,0.0156,0.0304,3
1544,Petal,2,ZONE_HARBOR_BERTH,Faculty of Geo-Atmospheric Stabilization,0.9333,0.75,-11.201,1035.823,4.614,763.56,-0.9994,0.0153,0.0304,3
1545,Petal,2,ZONE_HARBOR_BERTH,Faculty of Geo-Atmospheric Stabilization,0.9333,0.875,-13.067,1035.823,4.303,763.56,-0.9994,0.0149,0.0304,3
1546,Petal,2,ZONE_CLEARANCE_WATERWAY,Faculty of Geo-Atmospheric Stabilization,0.9333,1.0,-14.934,1035.823,3.963,763.56,-0.9994,0.0146,0.0306,3
1547,Petal,2,ZONE_CLEARANCE_WATERWAY,Faculty of Geo-Atmospheric Stabilization,0.9667,-1.0,6.448,1067.459,1.248,804.77,-0.9989,0.0064,0.047,3
1548,Petal,2,ZONE_HARBOR_BERTH,Faculty of Geo-Atmospheric Stabilization,0.9667,-0.875,5.642,1067.459,1.299,804.77,-0.9989,0.0066,0.047,3
1549,Petal,2,ZONE_HARBOR_BERTH,Faculty of Geo-Atmospheric Stabilization,0.9667,-0.75,4.836,1067.459,1.347,804.77,-0.9989,0.0067,0.047,3
1550,Petal,2,ZONE_HARBOR_BERTH,Faculty of Geo-Atmospheric Stabilization,0.9667,-0.625,4.03,1067.459,1.39,804.77,-0.9989,0.0068,0.047,3
1551,Petal,2,ZONE_HARBOR_BERTH,Faculty of Geo-Atmospheric Stabilization,0.9667,-0.5,3.224,1067.459,1.429,804.77,-0.9989,0.007,0.047,3
1552,Petal,2,ZONE_HARBOR_BERTH,Faculty of Geo-Atmospheric Stabilization,0.9667,-0.375,2.418,1067.459,1.465,804.77,-0.9989,0.0071,0.047,3
1553,Petal,2,ZONE_HARBOR_BERTH,Faculty of Geo-Atmospheric Stabilization,0.9667,-0.25,1.612,1067.459,1.496,804.77,-0.9989,0.0072,0.047,3
1554,Petal,2,ZONE_HARBOR_BERTH,Faculty of Geo-Atmospheric Stabilization,0.9667,-0.125,0.806,1067.459,1.524,804.77,-0.9989,0.0072,0.047,3
1555,Petal,2,ZONE_HARBOR_BERTH,Faculty of Geo-Atmospheric Stabilization,0.9667,0.0,0.0,1067.459,1.548,804.77,-0.9989,0.0073,0.0468,3
1556,Petal,2,ZONE_HARBOR_BERTH,Faculty of Geo-Atmospheric Stabilization,0.9667,0.125,-0.806,1067.459,1.524,804.77,-0.9989,0.0072,0.0468,3
1557,Petal,2,ZONE_HARBOR_BERTH,Faculty of Geo-Atmospheric Stabilization,0.9667,0.25,-1.612,1067.459,1.496,804.77,-0.9989,0.0071,0.0468,3
1558,Petal,2,ZONE_HARBOR_BERTH,Faculty of Geo-Atmospheric Stabilization,0.9667,0.375,-2.418,1067.459,1.465,804.77,-0.9989,0.007,0.0468,3
1559,Petal,2,ZONE_HARBOR_BERTH,Faculty of Geo-Atmospheric Stabilization,0.9667,0.5,-3.224,1067.459,1.429,804.77,-0.9989,0.0069,0.0468,3
1560,Petal,2,ZONE_HARBOR_BERTH,Faculty of Geo-Atmospheric Stabilization,0.9667,0.625,-4.03,1067.459,1.39,804.77,-0.9989,0.0068,0.0468,3
1561,Petal,2,ZONE_HARBOR_BERTH,Faculty of Geo-Atmospheric Stabilization,0.9667,0.75,-4.836,1067.459,1.347,804.77,-0.9989,0.0067,0.0468,3
1562,Petal,2,ZONE_HARBOR_BERTH,Faculty of Geo-Atmospheric Stabilization,0.9667,0.875,-5.642,1067.459,1.299,804.77,-0.9989,0.0065,0.0468,3
1563,Petal,2,ZONE_CLEARANCE_WATERWAY,Faculty of Geo-Atmospheric Stabilization,0.9667,1.0,-6.448,1067.459,1.248,804.77,-0.9989,0.0064,0.0469,3
1564,Petal,2,ZONE_CLEARANCE_WATERWAY,Faculty of Geo-Atmospheric Stabilization,1.0,-1.0,0.0,1099.096,0.0,841.9,0.0,0.0,1.0,3
1565,Petal,2,ZONE_HARBOR_BERTH,Faculty of Geo-Atmospheric Stabilization,1.0,-0.875,0.0,1099.096,0.0,841.9,0.0,-0.0,1.0,3
1566,Petal,2,ZONE_HARBOR_BERTH,Faculty of Geo-Atmospheric Stabilization,1.0,-0.75,0.0,1099.096,0.0,841.9,0.0,-0.0,1.0,3
1567,Petal,2,ZONE_HARBOR_BERTH,Faculty of Geo-Atmospheric Stabilization,1.0,-0.625,0.0,1099.096,0.0,841.9,0.0,-0.0,1.0,3
1568,Petal,2,ZONE_HARBOR_BERTH,Faculty of Geo-Atmospheric Stabilization,1.0,-0.5,0.0,1099.096,0.0,841.9,0.0,-0.0,1.0,3
1569,Petal,2,ZONE_HARBOR_BERTH,Faculty of Geo-Atmospheric Stabilization,1.0,-0.375,0.0,1099.096,0.0,841.9,0.0,-0.0,1.0,3
1570,Petal,2,ZONE_HARBOR_BERTH,Faculty of Geo-Atmospheric Stabilization,1.0,-0.25,0.0,1099.096,0.0,841.9,0.0,-0.0,1.0,3
1571,Petal,2,ZONE_HARBOR_BERTH,Faculty of Geo-Atmospheric Stabilization,1.0,-0.125,0.0,1099.096,0.0,841.9,0.0,-0.0,1.0,3
1572,Petal,2,ZONE_HARBOR_BERTH,Faculty of Geo-Atmospheric Stabilization,1.0,0.0,0.0,1099.096,0.0,841.9,0.0,-0.0,1.0,3
1573,Petal,2,ZONE_HARBOR_BERTH,Faculty of Geo-Atmospheric Stabilization,1.0,0.125,0.0,1099.096,0.0,841.9,0.0,-0.0,1.0,3
1574,Petal,2,ZONE_HARBOR_BERTH,Faculty of Geo-Atmospheric Stabilization,1.0,0.25,0.0,1099.096,0.0,841.9,0.0,-0.0,1.0,3
1575,Petal,2,ZONE_HARBOR_BERTH,Faculty of Geo-Atmospheric Stabilization,1.0,0.375,0.0,1099.096,0.0,841.9,0.0,-0.0,1.0,3
1576,Petal,2,ZONE_HARBOR_BERTH,Faculty of Geo-Atmospheric Stabilization,1.0,0.5,0.0,1099.096,0.0,841.9,0.0,-0.0,1.0,3
1577,Petal,2,ZONE_HARBOR_BERTH,Faculty of Geo-Atmospheric Stabilization,1.0,0.625,0.0,1099.096,0.0,841.9,0.0,-0.0,1.0,3
1578,Petal,2,ZONE_HARBOR_BERTH,Faculty of Geo-Atmospheric Stabilization,1.0,0.75,0.0,1099.096,0.0,841.9,0.0,-0.0,1.0,3
1579,Petal,2,ZONE_HARBOR_BERTH,Faculty of Geo-Atmospheric Stabilization,1.0,0.875,0.0,1099.096,0.0,841.9,0.0,-0.0,1.0,3
1580,Petal,2,ZONE_CLEARANCE_WATERWAY,Faculty of Geo-Atmospheric Stabilization,1.0,1.0,0.0,1099.096,0.0,841.9,0.0,0.0,1.0,3
1581,Petal,3,ZONE_CLEARANCE_WATERWAY,Faculty of Floating Megastructure Civil Eng,0.0,-1.0,-106.066,106.066,0.0,114.81,-0.0813,0.0813,0.9934,4
1582,Petal,3,ZONE_FACULTY_MEGASTRUCT,Faculty of Floating Megastructure Civil Eng,0.0,-0.875,-106.066,106.066,0.0,114.81,-0.041,0.041,0.9983,4
1583,Petal,3,ZONE_FACULTY_MEGASTRUCT,Faculty of Floating Megastructure Civil Eng,0.0,-0.75,-106.066,106.066,0.0,114.81,-0.0029,0.0029,1.0,4
1584,Petal,3,ZONE_FACULTY_MEGASTRUCT,Faculty of Floating Megastructure Civil Eng,0.0,-0.625,-106.066,106.066,0.0,114.81,0.0328,-0.0328,0.9989,4
1585,Petal,3,ZONE_FACULTY_MEGASTRUCT,Faculty of Floating Megastructure Civil Eng,0.0,-0.5,-106.066,106.066,0.0,114.81,0.0656,-0.0656,0.9957,4
1586,Petal,3,ZONE_FACULTY_MEGASTRUCT,Faculty of Floating Megastructure Civil Eng,0.0,-0.375,-106.066,106.066,0.0,114.81,0.0955,-0.0955,0.9908,4
1587,Petal,3,ZONE_FACULTY_MEGASTRUCT,Faculty of Floating Megastructure Civil Eng,0.0,-0.25,-106.066,106.066,0.0,114.81,0.1225,-0.1225,0.9849,4
1588,Petal,3,ZONE_FACULTY_MEGASTRUCT,Faculty of Floating Megastructure Civil Eng,0.0,-0.125,-106.066,106.066,0.0,114.81,0.1466,-0.1466,0.9783,4
1589,Petal,3,ZONE_FACULTY_MEGASTRUCT,Faculty of Floating Megastructure Civil Eng,0.0,0.0,-106.066,106.066,0.0,114.81,0.1678,-0.1678,0.9714,4
1590,Petal,3,ZONE_FACULTY_MEGASTRUCT,Faculty of Floating Megastructure Civil Eng,0.0,0.125,-106.066,106.066,0.0,114.81,0.1466,-0.1466,0.9783,4
1591,Petal,3,ZONE_FACULTY_MEGASTRUCT,Faculty of Floating Megastructure Civil Eng,0.0,0.25,-106.066,106.066,0.0,114.81,0.1225,-0.1225,0.9849,4
1592,Petal,3,ZONE_FACULTY_MEGASTRUCT,Faculty of Floating Megastructure Civil Eng,0.0,0.375,-106.066,106.066,0.0,114.81,0.0955,-0.0955,0.9908,4
1593,Petal,3,ZONE_FACULTY_MEGASTRUCT,Faculty of Floating Megastructure Civil Eng,0.0,0.5,-106.066,106.066,0.0,114.81,0.0656,-0.0656,0.9957,4
1594,Petal,3,ZONE_FACULTY_MEGASTRUCT,Faculty of Floating Megastructure Civil Eng,0.0,0.625,-106.066,106.066,0.0,114.81,0.0328,-0.0328,0.9989,4
1595,Petal,3,ZONE_FACULTY_MEGASTRUCT,Faculty of Floating Megastructure Civil Eng,0.0,0.75,-106.066,106.066,0.0,114.81,-0.0029,0.0029,1.0,4
1596,Petal,3,ZONE_FACULTY_MEGASTRUCT,Faculty of Floating Megastructure Civil Eng,0.0,0.875,-106.066,106.066,0.0,114.81,-0.041,0.041,0.9983,4
1597,Petal,3,ZONE_CLEARANCE_WATERWAY,Faculty of Floating Megastructure Civil Eng,0.0,1.0,-106.066,106.066,0.0,114.81,-0.0813,0.0813,0.9934,4
1598,Petal,3,ZONE_CLEARANCE_WATERWAY,Faculty of Floating Megastructure Civil Eng,0.0333,-1.0,-95.188,161.685,-2.277,45.0,-0.7238,-0.5954,0.3487,4
1599,Petal,3,ZONE_FACULTY_MEGASTRUCT,Faculty of Floating Megastructure Civil Eng,0.0333,-0.875,-99.344,157.529,-0.786,45.0,-0.7152,-0.6067,0.3469,4
1600,Petal,3,ZONE_FACULTY_MEGASTRUCT,Faculty of Floating Megastructure Civil Eng,0.0333,-0.75,-103.5,153.373,0.591,45.0,-0.7074,-0.6169,0.345,4
1601,Petal,3,ZONE_FACULTY_MEGASTRUCT,Faculty of Floating Megastructure Civil Eng,0.0333,-0.625,-107.656,149.217,1.853,45.0,-0.7003,-0.626,0.3431,4
1602,Petal,3,ZONE_FACULTY_MEGASTRUCT,Faculty of Floating Megastructure Civil Eng,0.0333,-0.5,-111.812,145.061,3.001,45.0,-0.6941,-0.6339,0.3411,4
1603,Petal,3,ZONE_FACULTY_MEGASTRUCT,Faculty of Floating Megastructure Civil Eng,0.0333,-0.375,-115.968,140.905,4.035,45.0,-0.6887,-0.6408,0.3391,4
1604,Petal,3,ZONE_FACULTY_MEGASTRUCT,Faculty of Floating Megastructure Civil Eng,0.0333,-0.25,-120.124,136.749,4.954,45.0,-0.6842,-0.6467,0.3371,4
1605,Petal,3,ZONE_FACULTY_MEGASTRUCT,Faculty of Floating Megastructure Civil Eng,0.0333,-0.125,-124.28,132.593,5.76,45.0,-0.6805,-0.6517,0.3351,4
1606,Petal,3,ZONE_FACULTY_MEGASTRUCT,Faculty of Floating Megastructure Civil Eng,0.0333,0.0,-128.436,128.436,6.45,45.0,-0.6821,-0.6615,0.3119,4
1607,Petal,3,ZONE_FACULTY_MEGASTRUCT,Faculty of Floating Megastructure Civil Eng,0.0333,0.125,-132.593,124.28,5.76,45.0,-0.6855,-0.6588,0.3101,4
1608,Petal,3,ZONE_FACULTY_MEGASTRUCT,Faculty of Floating Megastructure Civil Eng,0.0333,0.25,-136.749,120.124,4.954,45.0,-0.6896,-0.6553,0.3083,4
1609,Petal,3,ZONE_FACULTY_MEGASTRUCT,Faculty of Floating Megastructure Civil Eng,0.0333,0.375,-140.905,115.968,4.035,45.0,-0.6944,-0.6511,0.3065,4
1610,Petal,3,ZONE_FACULTY_MEGASTRUCT,Faculty of Floating Megastructure Civil Eng,0.0333,0.5,-145.061,111.812,3.001,45.0,-0.6998,-0.6461,0.3046,4
1611,Petal,3,ZONE_FACULTY_MEGASTRUCT,Faculty of Floating Megastructure Civil Eng,0.0333,0.625,-149.217,107.656,1.853,45.0,-0.7059,-0.6403,0.3028,4
1612,Petal,3,ZONE_FACULTY_MEGASTRUCT,Faculty of Floating Megastructure Civil Eng,0.0333,0.75,-153.373,103.5,0.591,45.0,-0.7126,-0.6337,0.301,4
1613,Petal,3,ZONE_FACULTY_MEGASTRUCT,Faculty of Floating Megastructure Civil Eng,0.0333,0.875,-157.529,99.344,-0.786,45.0,-0.7199,-0.6264,0.2991,4
1614,Petal,3,ZONE_CLEARANCE_WATERWAY,Faculty of Floating Megastructure Civil Eng,0.0333,1.0,-161.685,95.188,-2.277,45.0,-0.7261,-0.6079,0.3211,4
1615,Petal,3,ZONE_CLEARANCE_WATERWAY,Faculty of Floating Megastructure Civil Eng,0.0667,-1.0,-108.989,192.625,-4.514,45.0,-0.7503,-0.6213,0.2259,4
1616,Petal,3,ZONE_FACULTY_MEGASTRUCT,Faculty of Floating Megastructure Civil Eng,0.0667,-0.875,-114.216,187.397,-1.818,45.0,-0.7449,-0.6282,0.2246,4
1617,Petal,3,ZONE_FACULTY_MEGASTRUCT,Faculty of Floating Megastructure Civil Eng,0.0667,-0.75,-119.444,182.17,0.651,45.0,-0.7401,-0.6344,0.2232,4
1618,Petal,3,ZONE_FACULTY_MEGASTRUCT,Faculty of Floating Megastructure Civil Eng,0.0667,-0.625,-124.671,176.943,2.892,45.0,-0.7358,-0.6399,0.2218,4
1619,Petal,3,ZONE_FACULTY_MEGASTRUCT,Faculty of Floating Megastructure Civil Eng,0.0667,-0.5,-129.898,171.716,4.906,45.0,-0.732,-0.6447,0.2205,4
1620,Petal,3,ZONE_FACULTY_MEGASTRUCT,Faculty of Floating Megastructure Civil Eng,0.0667,-0.375,-135.125,166.488,6.693,45.0,-0.7287,-0.6488,0.2191,4
1621,Petal,3,ZONE_FACULTY_MEGASTRUCT,Faculty of Floating Megastructure Civil Eng,0.0667,-0.25,-140.352,161.261,8.252,45.0,-0.726,-0.6523,0.2177,4
1622,Petal,3,ZONE_FACULTY_MEGASTRUCT,Faculty of Floating Megastructure Civil Eng,0.0667,-0.125,-145.58,156.034,9.584,45.0,-0.7238,-0.6552,0.2163,4
1623,Petal,3,ZONE_FACULTY_MEGASTRUCT,Faculty of Floating Megastructure Civil Eng,0.0667,0.0,-150.807,150.807,10.688,45.0,-0.7223,-0.661,0.2035,4
1624,Petal,3,ZONE_FACULTY_MEGASTRUCT,Faculty of Floating Megastructure Civil Eng,0.0667,0.125,-156.034,145.58,9.584,45.0,-0.7238,-0.6597,0.2022,4
1625,Petal,3,ZONE_FACULTY_MEGASTRUCT,Faculty of Floating Megastructure Civil Eng,0.0667,0.25,-161.261,140.352,8.252,45.0,-0.7259,-0.6578,0.201,4
1626,Petal,3,ZONE_FACULTY_MEGASTRUCT,Faculty of Floating Megastructure Civil Eng,0.0667,0.375,-166.488,135.125,6.693,45.0,-0.7283,-0.6555,0.1997,4
1627,Petal,3,ZONE_FACULTY_MEGASTRUCT,Faculty of Floating Megastructure Civil Eng,0.0667,0.5,-171.716,129.898,4.906,45.0,-0.7312,-0.6526,0.1985,4
1628,Petal,3,ZONE_FACULTY_MEGASTRUCT,Faculty of Floating Megastructure Civil Eng,0.0667,0.625,-176.943,124.671,2.892,45.0,-0.7345,-0.6493,0.1973,4
1629,Petal,3,ZONE_FACULTY_MEGASTRUCT,Faculty of Floating Megastructure Civil Eng,0.0667,0.75,-182.17,119.444,0.651,45.0,-0.7382,-0.6454,0.196,4
1630,Petal,3,ZONE_FACULTY_MEGASTRUCT,Faculty of Floating Megastructure Civil Eng,0.0667,0.875,-187.397,114.216,-1.818,45.0,-0.7423,-0.6411,0.1948,4
1631,Petal,3,ZONE_CLEARANCE_WATERWAY,Faculty of Floating Megastructure Civil Eng,0.0667,1.0,-192.625,108.989,-4.514,45.0,-0.7485,-0.6295,0.2086,4
1632,Petal,3,ZONE_CLEARANCE_WATERWAY,Faculty of Floating Megastructure Civil Eng,0.1,-1.0,-122.791,223.564,-6.672,45.0,-0.762,-0.6214,0.1822,4
1633,Petal,3,ZONE_FACULTY_MEGASTRUCT,Faculty of Floating Megastructure Civil Eng,0.1,-0.875,-129.089,217.266,-2.855,45.0,-0.7578,-0.6268,0.1811,4
1634,Petal,3,ZONE_FACULTY_MEGASTRUCT,Faculty of Floating Megastructure Civil Eng,0.1,-0.75,-135.387,210.967,0.624,45.0,-0.7541,-0.6316,0.1799,4
1635,Petal,3,ZONE_FACULTY_MEGASTRUCT,Faculty of Floating Megastructure Civil Eng,0.1,-0.625,-141.686,204.669,3.764,45.0,-0.7508,-0.6359,0.1788,4
1636,Petal,3,ZONE_FACULTY_MEGASTRUCT,Faculty of Floating Megastructure Civil Eng,0.1,-0.5,-147.984,198.371,6.567,45.0,-0.7478,-0.6397,0.1777,4
1637,Petal,3,ZONE_FACULTY_MEGASTRUCT,Faculty of Floating Megastructure Civil Eng,0.1,-0.375,-154.282,192.072,9.032,45.0,-0.7453,-0.6429,0.1766,4
1638,Petal,3,ZONE_FACULTY_MEGASTRUCT,Faculty of Floating Megastructure Civil Eng,0.1,-0.25,-160.581,185.774,11.159,45.0,-0.7432,-0.6456,0.1755,4
1639,Petal,3,ZONE_FACULTY_MEGASTRUCT,Faculty of Floating Megastructure Civil Eng,0.1,-0.125,-166.879,179.476,12.947,45.0,-0.7415,-0.6479,0.1743,4
1640,Petal,3,ZONE_FACULTY_MEGASTRUCT,Faculty of Floating Megastructure Civil Eng,0.1,0.0,-173.177,173.177,14.398,45.0,-0.7392,-0.6529,0.1651,4
1641,Petal,3,ZONE_FACULTY_MEGASTRUCT,Faculty of Floating Megastructure Civil Eng,0.1,0.125,-179.476,166.879,12.947,45.0,-0.7402,-0.652,0.1641,4
1642,Petal,3,ZONE_FACULTY_MEGASTRUCT,Faculty of Floating Megastructure Civil Eng,0.1,0.25,-185.774,160.581,11.159,45.0,-0.7415,-0.6508,0.1631,4
1643,Petal,3,ZONE_FACULTY_MEGASTRUCT,Faculty of Floating Megastructure Civil Eng,0.1,0.375,-192.072,154.282,9.032,45.0,-0.7432,-0.6492,0.1621,4
1644,Petal,3,ZONE_FACULTY_MEGASTRUCT,Faculty of Floating Megastructure Civil Eng,0.1,0.5,-198.371,147.984,6.567,45.0,-0.7452,-0.6471,0.1611,4
1645,Petal,3,ZONE_FACULTY_MEGASTRUCT,Faculty of Floating Megastructure Civil Eng,0.1,0.625,-204.669,141.686,3.764,45.0,-0.7475,-0.6447,0.1601,4
1646,Petal,3,ZONE_FACULTY_MEGASTRUCT,Faculty of Floating Megastructure Civil Eng,0.1,0.75,-210.967,135.387,0.624,45.0,-0.7501,-0.6419,0.1591,4
1647,Petal,3,ZONE_FACULTY_MEGASTRUCT,Faculty of Floating Megastructure Civil Eng,0.1,0.875,-217.266,129.089,-2.855,45.0,-0.7531,-0.6387,0.1581,4
1648,Petal,3,ZONE_CLEARANCE_WATERWAY,Faculty of Floating Megastructure Civil Eng,0.1,1.0,-223.564,122.791,-6.672,45.0,-0.759,-0.6288,0.1688,4
1649,Petal,3,ZONE_CLEARANCE_WATERWAY,Faculty of Floating Megastructure Civil Eng,0.1333,-1.0,-136.592,254.503,-8.711,45.0,-0.7713,-0.6161,0.1598,4
1650,Petal,3,ZONE_FACULTY_MEGASTRUCT,Faculty of Floating Megastructure Civil Eng,0.1333,-0.875,-143.962,247.134,-3.842,45.0,-0.7678,-0.6207,0.1588,4
1651,Petal,3,ZONE_FACULTY_MEGASTRUCT,Faculty of Floating Megastructure Civil Eng,0.1333,-0.75,-151.331,239.764,0.582,45.0,-0.7646,-0.6249,0.1578,4
1652,Petal,3,ZONE_FACULTY_MEGASTRUCT,Faculty of Floating Megastructure Civil Eng,0.1333,-0.625,-158.7,232.395,4.562,45.0,-0.7618,-0.6285,0.1568,4
1653,Petal,3,ZONE_FACULTY_MEGASTRUCT,Faculty of Floating Megastructure Civil Eng,0.1333,-0.5,-166.07,225.025,8.096,45.0,-0.7593,-0.6318,0.1559,4
1654,Petal,3,ZONE_FACULTY_MEGASTRUCT,Faculty of Floating Megastructure Civil Eng,0.1333,-0.375,-173.439,217.656,11.185,45.0,-0.7572,-0.6345,0.1549,4
1655,Petal,3,ZONE_FACULTY_MEGASTRUCT,Faculty of Floating Megastructure Civil Eng,0.1333,-0.25,-180.809,210.287,13.83,45.0,-0.7554,-0.6369,0.1539,4
1656,Petal,3,ZONE_FACULTY_MEGASTRUCT,Faculty of Floating Megastructure Civil Eng,0.1333,-0.125,-188.178,202.917,16.03,45.0,-0.754,-0.6388,0.153,4
1657,Petal,3,ZONE_FACULTY_MEGASTRUCT,Faculty of Floating Megastructure Civil Eng,0.1333,0.0,-195.548,195.548,17.785,45.0,-0.7514,-0.6436,0.1456,4
1658,Petal,3,ZONE_FACULTY_MEGASTRUCT,Faculty of Floating Megastructure Civil Eng,0.1333,0.125,-202.917,188.178,16.03,45.0,-0.752,-0.6431,0.1447,4
1659,Petal,3,ZONE_FACULTY_MEGASTRUCT,Faculty of Floating Megastructure Civil Eng,0.1333,0.25,-210.287,180.809,13.83,45.0,-0.7529,-0.6422,0.1438,4
1660,Petal,3,ZONE_FACULTY_MEGASTRUCT,Faculty of Floating Megastructure Civil Eng,0.1333,0.375,-217.656,173.439,11.185,45.0,-0.7541,-0.641,0.1429,4
1661,Petal,3,ZONE_FACULTY_MEGASTRUCT,Faculty of Floating Megastructure Civil Eng,0.1333,0.5,-225.025,166.07,8.096,45.0,-0.7556,-0.6394,0.142,4
1662,Petal,3,ZONE_FACULTY_MEGASTRUCT,Faculty of Floating Megastructure Civil Eng,0.1333,0.625,-232.395,158.7,4.562,45.0,-0.7574,-0.6375,0.1411,4
1663,Petal,3,ZONE_FACULTY_MEGASTRUCT,Faculty of Floating Megastructure Civil Eng,0.1333,0.75,-239.764,151.331,0.582,45.0,-0.7595,-0.6353,0.1403,4
1664,Petal,3,ZONE_FACULTY_MEGASTRUCT,Faculty of Floating Megastructure Civil Eng,0.1333,0.875,-247.134,143.962,-3.842,45.0,-0.7618,-0.6327,0.1394,4
1665,Petal,3,ZONE_CLEARANCE_WATERWAY,Faculty of Floating Megastructure Civil Eng,0.1333,1.0,-254.503,136.592,-8.711,45.0,-0.7676,-0.6235,0.1484,4
1666,Petal,3,ZONE_CLEARANCE_WATERWAY,Faculty of Floating Megastructure Civil Eng,0.1667,-1.0,-150.394,285.443,-10.594,45.0,-0.7797,-0.6089,0.1461,4
1667,Petal,3,ZONE_FACULTY_MEGASTRUCT,Faculty of Floating Megastructure Civil Eng,0.1667,-0.875,-158.834,277.002,-4.74,45.0,-0.7766,-0.613,0.1452,4
1668,Petal,3,ZONE_FACULTY_MEGASTRUCT,Faculty of Floating Megastructure Civil Eng,0.1667,-0.75,-167.275,268.561,0.568,45.0,-0.7739,-0.6167,0.1443,4
1669,Petal,3,ZONE_FACULTY_MEGASTRUCT,Faculty of Floating Megastructure Civil Eng,0.1667,-0.625,-175.715,260.121,5.328,45.0,-0.7714,-0.62,0.1435,4
1670,Petal,3,ZONE_FACULTY_MEGASTRUCT,Faculty of Floating Megastructure Civil Eng,0.1667,-0.5,-184.156,251.68,9.541,45.0,-0.7693,-0.6228,0.1426,4
1671,Petal,3,ZONE_FACULTY_MEGASTRUCT,Faculty of Floating Megastructure Civil Eng,0.1667,-0.375,-192.596,243.24,13.208,45.0,-0.7674,-0.6253,0.1417,4
1672,Petal,3,ZONE_FACULTY_MEGASTRUCT,Faculty of Floating Megastructure Civil Eng,0.1667,-0.25,-201.037,234.799,16.328,45.0,-0.7658,-0.6274,0.1408,4
1673,Petal,3,ZONE_FACULTY_MEGASTRUCT,Faculty of Floating Megastructure Civil Eng,0.1667,-0.125,-209.477,226.359,18.901,45.0,-0.7645,-0.6292,0.14,4
1674,Petal,3,ZONE_FACULTY_MEGASTRUCT,Faculty of Floating Megastructure Civil Eng,0.1667,0.0,-217.918,217.918,20.927,45.0,-0.7617,-0.6339,0.1337,4
1675,Petal,3,ZONE_FACULTY_MEGASTRUCT,Faculty of Floating Megastructure Civil Eng,0.1667,0.125,-226.359,209.477,18.901,45.0,-0.7621,-0.6336,0.1329,4
1676,Petal,3,ZONE_FACULTY_MEGASTRUCT,Faculty of Floating Megastructure Civil Eng,0.1667,0.25,-234.799,201.037,16.328,45.0,-0.7628,-0.633,0.1321,4
1677,Petal,3,ZONE_FACULTY_MEGASTRUCT,Faculty of Floating Megastructure Civil Eng,0.1667,0.375,-243.24,192.596,13.208,45.0,-0.7637,-0.6321,0.1313,4
1678,Petal,3,ZONE_FACULTY_MEGASTRUCT,Faculty of Floating Megastructure Civil Eng,0.1667,0.5,-251.68,184.156,9.541,45.0,-0.7649,-0.6309,0.1305,4
1679,Petal,3,ZONE_FACULTY_MEGASTRUCT,Faculty of Floating Megastructure Civil Eng,0.1667,0.625,-260.121,175.715,5.328,45.0,-0.7662,-0.6293,0.1297,4
1680,Petal,3,ZONE_FACULTY_MEGASTRUCT,Faculty of Floating Megastructure Civil Eng,0.1667,0.75,-268.561,167.275,0.568,45.0,-0.7679,-0.6275,0.1289,4
1681,Petal,3,ZONE_FACULTY_MEGASTRUCT,Faculty of Floating Megastructure Civil Eng,0.1667,0.875,-277.002,158.834,-4.74,45.0,-0.7697,-0.6254,0.1281,4
1682,Petal,3,ZONE_CLEARANCE_WATERWAY,Faculty of Floating Megastructure Civil Eng,0.1667,1.0,-285.443,150.394,-10.594,45.0,-0.7755,-0.6165,0.1361,4
1683,Petal,3,ZONE_CLEARANCE_WATERWAY,Faculty of Floating Megastructure Civil Eng,0.2,-1.0,-164.195,316.382,-12.285,45.0,-0.7876,-0.6009,0.1368,4
1684,Petal,3,ZONE_FACULTY_MEGASTRUCT,Faculty of Floating Megastructure Civil Eng,0.2,-0.875,-173.707,306.87,-5.516,45.0,-0.7849,-0.6045,0.136,4
1685,Petal,3,ZONE_FACULTY_MEGASTRUCT,Faculty of Floating Megastructure Civil Eng,0.2,-0.75,-183.218,297.359,0.609,45.0,-0.7824,-0.6079,0.1352,4
1686,Petal,3,ZONE_FACULTY_MEGASTRUCT,Faculty of Floating Megastructure Civil Eng,0.2,-0.625,-192.73,287.847,6.092,45.0,-0.7803,-0.6108,0.1344,4
1687,Petal,3,ZONE_FACULTY_MEGASTRUCT,Faculty of Floating Megastructure Civil Eng,0.2,-0.5,-202.242,278.335,10.932,45.0,-0.7784,-0.6134,0.1336,4
1688,Petal,3,ZONE_FACULTY_MEGASTRUCT,Faculty of Floating Megastructure Civil Eng,0.2,-0.375,-211.753,268.823,15.129,45.0,-0.7767,-0.6157,0.1328,4
1689,Petal,3,ZONE_FACULTY_MEGASTRUCT,Faculty of Floating Megastructure Civil Eng,0.2,-0.25,-221.265,259.312,18.683,45.0,-0.7753,-0.6177,0.132,4
1690,Petal,3,ZONE_FACULTY_MEGASTRUCT,Faculty of Floating Megastructure Civil Eng,0.2,-0.125,-230.777,249.8,21.594,45.0,-0.7741,-0.6193,0.1312,4
1691,Petal,3,ZONE_FACULTY_MEGASTRUCT,Faculty of Floating Megastructure Civil Eng,0.2,0.0,-240.288,240.288,23.862,45.0,-0.7712,-0.6241,0.1257,4
1692,Petal,3,ZONE_FACULTY_MEGASTRUCT,Faculty of Floating Megastructure Civil Eng,0.2,0.125,-249.8,230.777,21.594,45.0,-0.7714,-0.624,0.125,4
1693,Petal,3,ZONE_FACULTY_MEGASTRUCT,Faculty of Floating Megastructure Civil Eng,0.2,0.25,-259.312,221.265,18.683,45.0,-0.7719,-0.6235,0.1242,4
1694,Petal,3,ZONE_FACULTY_MEGASTRUCT,Faculty of Floating Megastructure Civil Eng,0.2,0.375,-268.823,211.753,15.129,45.0,-0.7725,-0.6229,0.1235,4
1695,Petal,3,ZONE_FACULTY_MEGASTRUCT,Faculty of Floating Megastructure Civil Eng,0.2,0.5,-278.335,202.242,10.932,45.0,-0.7734,-0.6219,0.1227,4
1696,Petal,3,ZONE_FACULTY_MEGASTRUCT,Faculty of Floating Megastructure Civil Eng,0.2,0.625,-287.847,192.73,6.092,45.0,-0.7745,-0.6207,0.122,4
1697,Petal,3,ZONE_FACULTY_MEGASTRUCT,Faculty of Floating Megastructure Civil Eng,0.2,0.75,-297.359,183.218,0.609,45.0,-0.7758,-0.6192,0.1213,4
1698,Petal,3,ZONE_FACULTY_MEGASTRUCT,Faculty of Floating Megastructure Civil Eng,0.2,0.875,-306.87,173.707,-5.516,45.0,-0.7773,-0.6175,0.1205,4
1699,Petal,3,ZONE_CLEARANCE_WATERWAY,Faculty of Floating Megastructure Civil Eng,0.2,1.0,-316.382,164.195,-12.285,45.0,-0.7831,-0.6087,0.1278,4
1700,Petal,3,ZONE_CLEARANCE_WATERWAY,Faculty of Floating Megastructure Civil Eng,0.2333,-1.0,-177.996,347.321,-13.751,45.0,-0.7951,-0.5924,0.13,4
1701,Petal,3,ZONE_FACULTY_MEGASTRUCT,Faculty of Floating Megastructure Civil Eng,0.2333,-0.875,-188.579,336.738,-6.144,45.0,-0.7927,-0.5957,0.1293,4
1702,Petal,3,ZONE_FACULTY_MEGASTRUCT,Faculty of Floating Megastructure Civil Eng,0.2333,-0.75,-199.162,326.156,0.731,45.0,-0.7906,-0.5987,0.1285,4
1703,Petal,3,ZONE_FACULTY_MEGASTRUCT,Faculty of Floating Megastructure Civil Eng,0.2333,-0.625,-209.745,315.573,6.875,45.0,-0.7887,-0.6014,0.1278,4
1704,Petal,3,ZONE_FACULTY_MEGASTRUCT,Faculty of Floating Megastructure Civil Eng,0.2333,-0.5,-220.328,304.99,12.286,45.0,-0.7869,-0.6038,0.127,4
1705,Petal,3,ZONE_FACULTY_MEGASTRUCT,Faculty of Floating Megastructure Civil Eng,0.2333,-0.375,-230.91,294.407,16.965,45.0,-0.7854,-0.6059,0.1263,4
1706,Petal,3,ZONE_FACULTY_MEGASTRUCT,Faculty of Floating Megastructure Civil Eng,0.2333,-0.25,-241.493,283.824,20.913,45.0,-0.7841,-0.6077,0.1256,4
1707,Petal,3,ZONE_FACULTY_MEGASTRUCT,Faculty of Floating Megastructure Civil Eng,0.2333,-0.125,-252.076,273.242,24.129,45.0,-0.7831,-0.6093,0.1248,4
1708,Petal,3,ZONE_FACULTY_MEGASTRUCT,Faculty of Floating Megastructure Civil Eng,0.2333,0.0,-262.659,262.659,26.613,45.0,-0.78,-0.6141,0.1199,4
1709,Petal,3,ZONE_FACULTY_MEGASTRUCT,Faculty of Floating Megastructure Civil Eng,0.2333,0.125,-273.242,252.076,24.129,45.0,-0.7801,-0.6141,0.1192,4
1710,Petal,3,ZONE_FACULTY_MEGASTRUCT,Faculty of Floating Megastructure Civil Eng,0.2333,0.25,-283.824,241.493,20.913,45.0,-0.7804,-0.6139,0.1185,4
1711,Petal,3,ZONE_FACULTY_MEGASTRUCT,Faculty of Floating Megastructure Civil Eng,0.2333,0.375,-294.407,230.91,16.965,45.0,-0.7809,-0.6134,0.1179,4
1712,Petal,3,ZONE_FACULTY_MEGASTRUCT,Faculty of Floating Megastructure Civil Eng,0.2333,0.5,-304.99,220.328,12.286,45.0,-0.7816,-0.6127,0.1172,4
1713,Petal,3,ZONE_FACULTY_MEGASTRUCT,Faculty of Floating Megastructure Civil Eng,0.2333,0.625,-315.573,209.745,6.875,45.0,-0.7824,-0.6118,0.1165,4
1714,Petal,3,ZONE_FACULTY_MEGASTRUCT,Faculty of Floating Megastructure Civil Eng,0.2333,0.75,-326.156,199.162,0.731,45.0,-0.7834,-0.6106,0.1158,4
1715,Petal,3,ZONE_FACULTY_MEGASTRUCT,Faculty of Floating Megastructure Civil Eng,0.2333,0.875,-336.738,188.579,-6.144,45.0,-0.7846,-0.6092,0.1151,4
1716,Petal,3,ZONE_CLEARANCE_WATERWAY,Faculty of Floating Megastructure Civil Eng,0.2333,1.0,-347.321,177.996,-13.751,45.0,-0.7903,-0.6004,0.1218,4
1717,Petal,3,ZONE_CLEARANCE_WATERWAY,Faculty of Floating Megastructure Civil Eng,0.2667,-1.0,-191.798,378.261,-14.96,45.0,-0.8024,-0.5836,0.1248,4
1718,Petal,3,ZONE_FACULTY_MEGASTRUCT,Faculty of Floating Megastructure Civil Eng,0.2667,-0.875,-203.452,366.607,-6.596,45.0,-0.8003,-0.5866,0.1241,4
1719,Petal,3,ZONE_FACULTY_MEGASTRUCT,Faculty of Floating Megastructure Civil Eng,0.2667,-0.75,-215.106,354.953,0.954,45.0,-0.7984,-0.5894,0.1234,4
1720,Petal,3,ZONE_FACULTY_MEGASTRUCT,Faculty of Floating Megastructure Civil Eng,0.2667,-0.625,-226.76,343.299,7.692,45.0,-0.7967,-0.5918,0.1227,4
1721,Petal,3,ZONE_FACULTY_MEGASTRUCT,Faculty of Floating Megastructure Civil Eng,0.2667,-0.5,-238.414,331.645,13.617,45.0,-0.7951,-0.594,0.1221,4
1722,Petal,3,ZONE_FACULTY_MEGASTRUCT,Faculty of Floating Megastructure Civil Eng,0.2667,-0.375,-250.067,319.991,18.73,45.0,-0.7938,-0.596,0.1214,4
1723,Petal,3,ZONE_FACULTY_MEGASTRUCT,Faculty of Floating Megastructure Civil Eng,0.2667,-0.25,-261.721,308.337,23.029,45.0,-0.7926,-0.5977,0.1207,4
1724,Petal,3,ZONE_FACULTY_MEGASTRUCT,Faculty of Floating Megastructure Civil Eng,0.2667,-0.125,-273.375,296.683,26.516,45.0,-0.7916,-0.5991,0.12,4
1725,Petal,3,ZONE_FACULTY_MEGASTRUCT,Faculty of Floating Megastructure Civil Eng,0.2667,0.0,-285.029,285.029,29.19,45.0,-0.7885,-0.604,0.1156,4
1726,Petal,3,ZONE_FACULTY_MEGASTRUCT,Faculty of Floating Megastructure Civil Eng,0.2667,0.125,-296.683,273.375,26.516,45.0,-0.7885,-0.6042,0.1149,4
1727,Petal,3,ZONE_FACULTY_MEGASTRUCT,Faculty of Floating Megastructure Civil Eng,0.2667,0.25,-308.337,261.721,23.029,45.0,-0.7887,-0.6041,0.1143,4
1728,Petal,3,ZONE_FACULTY_MEGASTRUCT,Faculty of Floating Megastructure Civil Eng,0.2667,0.375,-319.991,250.067,18.73,45.0,-0.789,-0.6038,0.1136,4
1729,Petal,3,ZONE_FACULTY_MEGASTRUCT,Faculty of Floating Megastructure Civil Eng,0.2667,0.5,-331.645,238.414,13.617,45.0,-0.7895,-0.6033,0.113,4
1730,Petal,3,ZONE_FACULTY_MEGASTRUCT,Faculty of Floating Megastructure Civil Eng,0.2667,0.625,-343.299,226.76,7.692,45.0,-0.7901,-0.6026,0.1123,4
1731,Petal,3,ZONE_FACULTY_MEGASTRUCT,Faculty of Floating Megastructure Civil Eng,0.2667,0.75,-354.953,215.106,0.954,45.0,-0.7909,-0.6017,0.1117,4
1732,Petal,3,ZONE_FACULTY_MEGASTRUCT,Faculty of Floating Megastructure Civil Eng,0.2667,0.875,-366.607,203.452,-6.596,45.0,-0.7918,-0.6006,0.1111,4
1733,Petal,3,ZONE_CLEARANCE_WATERWAY,Faculty of Floating Megastructure Civil Eng,0.2667,1.0,-378.261,191.798,-14.96,45.0,-0.7974,-0.592,0.1172,4
1734,Petal,3,ZONE_CLEARANCE_WATERWAY,Faculty of Floating Megastructure Civil Eng,0.3,-1.0,-205.599,409.2,-15.884,45.0,-0.8094,-0.5747,0.1207,4
1735,Petal,3,ZONE_FACULTY_MEGASTRUCT,Faculty of Floating Megastructure Civil Eng,0.3,-0.875,-218.324,396.475,-6.852,45.0,-0.8076,-0.5774,0.12,4
1736,Petal,3,ZONE_FACULTY_MEGASTRUCT,Faculty of Floating Megastructure Civil Eng,0.3,-0.75,-231.049,383.75,1.296,45.0,-0.8059,-0.5799,0.1194,4
1737,Petal,3,ZONE_FACULTY_MEGASTRUCT,Faculty of Floating Megastructure Civil Eng,0.3,-0.625,-243.774,371.025,8.559,45.0,-0.8044,-0.5821,0.1187,4
1738,Petal,3,ZONE_FACULTY_MEGASTRUCT,Faculty of Floating Megastructure Civil Eng,0.3,-0.5,-256.5,358.3,14.937,45.0,-0.803,-0.5842,0.1181,4
1739,Petal,3,ZONE_FACULTY_MEGASTRUCT,Faculty of Floating Megastructure Civil Eng,0.3,-0.375,-269.225,345.575,20.43,45.0,-0.8018,-0.5859,0.1174,4
1740,Petal,3,ZONE_FACULTY_MEGASTRUCT,Faculty of Floating Megastructure Civil Eng,0.3,-0.25,-281.95,332.85,25.038,45.0,-0.8007,-0.5875,0.1168,4
1741,Petal,3,ZONE_FACULTY_MEGASTRUCT,Faculty of Floating Megastructure Civil Eng,0.3,-0.125,-294.675,320.125,28.762,45.0,-0.7998,-0.5889,0.1161,4
1742,Petal,3,ZONE_FACULTY_MEGASTRUCT,Faculty of Floating Megastructure Civil Eng,0.3,0.0,-307.4,307.4,31.6,45.0,-0.7967,-0.5939,0.1121,4
1743,Petal,3,ZONE_FACULTY_MEGASTRUCT,Faculty of Floating Megastructure Civil Eng,0.3,0.125,-320.125,294.675,28.762,45.0,-0.7966,-0.5941,0.1115,4
1744,Petal,3,ZONE_FACULTY_MEGASTRUCT,Faculty of Floating Megastructure Civil Eng,0.3,0.25,-332.85,281.95,25.038,45.0,-0.7966,-0.5942,0.1109,4
1745,Petal,3,ZONE_FACULTY_MEGASTRUCT,Faculty of Floating Megastructure Civil Eng,0.3,0.375,-345.575,269.225,20.43,45.0,-0.7968,-0.5941,0.1103,4
1746,Petal,3,ZONE_FACULTY_MEGASTRUCT,Faculty of Floating Megastructure Civil Eng,0.3,0.5,-358.3,256.5,14.937,45.0,-0.7971,-0.5938,0.1097,4
1747,Petal,3,ZONE_FACULTY_MEGASTRUCT,Faculty of Floating Megastructure Civil Eng,0.3,0.625,-371.025,243.774,8.559,45.0,-0.7975,-0.5933,0.1091,4
1748,Petal,3,ZONE_FACULTY_MEGASTRUCT,Faculty of Floating Megastructure Civil Eng,0.3,0.75,-383.75,231.049,1.296,45.0,-0.7981,-0.5927,0.1085,4
1749,Petal,3,ZONE_FACULTY_MEGASTRUCT,Faculty of Floating Megastructure Civil Eng,0.3,0.875,-396.475,218.324,-6.852,45.0,-0.7988,-0.5919,0.1079,4
1750,Petal,3,ZONE_CLEARANCE_WATERWAY,Faculty of Floating Megastructure Civil Eng,0.3,1.0,-409.2,205.599,-15.884,45.0,-0.8043,-0.5833,0.1136,4
1751,Petal,3,ZONE_CLEARANCE_WATERWAY,Faculty of Floating Megastructure Civil Eng,0.3333,-1.0,-219.401,440.139,-16.498,45.0,-0.8162,-0.5658,0.1172,4
1752,Petal,3,ZONE_FACULTY_MEGASTRUCT,Faculty of Floating Megastructure Civil Eng,0.3333,-0.875,-233.197,426.343,-6.889,45.0,-0.8146,-0.5682,0.1166,4
1753,Petal,3,ZONE_FACULTY_MEGASTRUCT,Faculty of Floating Megastructure Civil Eng,0.3333,-0.75,-246.993,412.547,1.772,45.0,-0.8132,-0.5704,0.116,4
1754,Petal,3,ZONE_FACULTY_MEGASTRUCT,Faculty of Floating Megastructure Civil Eng,0.3333,-0.625,-260.789,398.751,9.486,45.0,-0.8118,-0.5724,0.1154,4
1755,Petal,3,ZONE_FACULTY_MEGASTRUCT,Faculty of Floating Megastructure Civil Eng,0.3333,-0.5,-274.585,384.955,16.253,45.0,-0.8106,-0.5742,0.1148,4
1756,Petal,3,ZONE_FACULTY_MEGASTRUCT,Faculty of Floating Megastructure Civil Eng,0.3333,-0.375,-288.382,371.158,22.073,45.0,-0.8095,-0.5759,0.1142,4
1757,Petal,3,ZONE_FACULTY_MEGASTRUCT,Faculty of Floating Megastructure Civil Eng,0.3333,-0.25,-302.178,357.362,26.946,45.0,-0.8086,-0.5773,0.1136,4
1758,Petal,3,ZONE_FACULTY_MEGASTRUCT,Faculty of Floating Megastructure Civil Eng,0.3333,-0.125,-315.974,343.566,30.871,45.0,-0.8077,-0.5786,0.113,4
1759,Petal,3,ZONE_FACULTY_MEGASTRUCT,Faculty of Floating Megastructure Civil Eng,0.3333,0.0,-329.77,329.77,33.849,45.0,-0.8047,-0.5836,0.1093,4
1760,Petal,3,ZONE_FACULTY_MEGASTRUCT,Faculty of Floating Megastructure Civil Eng,0.3333,0.125,-343.566,315.974,30.871,45.0,-0.8045,-0.584,0.1087,4
1761,Petal,3,ZONE_FACULTY_MEGASTRUCT,Faculty of Floating Megastructure Civil Eng,0.3333,0.25,-357.362,302.178,26.946,45.0,-0.8044,-0.5842,0.1082,4
1762,Petal,3,ZONE_FACULTY_MEGASTRUCT,Faculty of Floating Megastructure Civil Eng,0.3333,0.375,-371.158,288.382,22.073,45.0,-0.8044,-0.5842,0.1076,4
1763,Petal,3,ZONE_FACULTY_MEGASTRUCT,Faculty of Floating Megastructure Civil Eng,0.3333,0.5,-384.955,274.585,16.253,45.0,-0.8046,-0.5842,0.107,4
1764,Petal,3,ZONE_FACULTY_MEGASTRUCT,Faculty of Floating Megastructure Civil Eng,0.3333,0.625,-398.751,260.789,9.486,45.0,-0.8048,-0.5839,0.1065,4
1765,Petal,3,ZONE_FACULTY_MEGASTRUCT,Faculty of Floating Megastructure Civil Eng,0.3333,0.75,-412.547,246.993,1.772,45.0,-0.8052,-0.5835,0.1059,4
1766,Petal,3,ZONE_FACULTY_MEGASTRUCT,Faculty of Floating Megastructure Civil Eng,0.3333,0.875,-426.343,233.197,-6.889,45.0,-0.8056,-0.583,0.1054,4
1767,Petal,3,ZONE_CLEARANCE_WATERWAY,Faculty of Floating Megastructure Civil Eng,0.3333,1.0,-440.139,219.401,-16.498,45.0,-0.811,-0.5745,0.1107,4
1768,Petal,3,ZONE_CLEARANCE_WATERWAY,Faculty of Floating Megastructure Civil Eng,0.3667,-1.0,-233.202,471.079,-16.78,45.0,-0.8227,-0.5568,0.1143,4
1769,Petal,3,ZONE_FACULTY_MEGASTRUCT,Faculty of Floating Megastructure Civil Eng,0.3667,-0.875,-248.07,456.211,-6.693,45.0,-0.8214,-0.5589,0.1138,4
1770,Petal,3,ZONE_FACULTY_MEGASTRUCT,Faculty of Floating Megastructure Civil Eng,0.3667,-0.75,-262.937,441.344,2.395,45.0,-0.8202,-0.5608,0.1132,4
1771,Petal,3,ZONE_FACULTY_MEGASTRUCT,Faculty of Floating Megastructure Civil Eng,0.3667,-0.625,-277.804,426.477,10.483,45.0,-0.819,-0.5626,0.1126,4
1772,Petal,3,ZONE_FACULTY_MEGASTRUCT,Faculty of Floating Megastructure Civil Eng,0.3667,-0.5,-292.671,411.61,17.573,45.0,-0.818,-0.5642,0.1121,4
1773,Petal,3,ZONE_FACULTY_MEGASTRUCT,Faculty of Floating Megastructure Civil Eng,0.3667,-0.375,-307.539,396.742,23.663,45.0,-0.817,-0.5657,0.1115,4
1774,Petal,3,ZONE_FACULTY_MEGASTRUCT,Faculty of Floating Megastructure Civil Eng,0.3667,-0.25,-322.406,381.875,28.754,45.0,-0.8162,-0.5671,0.1109,4
1775,Petal,3,ZONE_FACULTY_MEGASTRUCT,Faculty of Floating Megastructure Civil Eng,0.3667,-0.125,-337.273,367.008,32.846,45.0,-0.8154,-0.5683,0.1104,4
1776,Petal,3,ZONE_FACULTY_MEGASTRUCT,Faculty of Floating Megastructure Civil Eng,0.3667,0.0,-352.14,352.14,35.938,45.0,-0.8124,-0.5733,0.107,4
1777,Petal,3,ZONE_FACULTY_MEGASTRUCT,Faculty of Floating Megastructure Civil Eng,0.3667,0.125,-367.008,337.273,32.846,45.0,-0.8121,-0.5737,0.1064,4
1778,Petal,3,ZONE_FACULTY_MEGASTRUCT,Faculty of Floating Megastructure Civil Eng,0.3667,0.25,-381.875,322.406,28.754,45.0,-0.8119,-0.5741,0.1059,4
1779,Petal,3,ZONE_FACULTY_MEGASTRUCT,Faculty of Floating Megastructure Civil Eng,0.3667,0.375,-396.742,307.539,23.663,45.0,-0.8118,-0.5743,0.1054,4
1780,Petal,3,ZONE_FACULTY_MEGASTRUCT,Faculty of Floating Megastructure Civil Eng,0.3667,0.5,-411.61,292.671,17.573,45.0,-0.8118,-0.5744,0.1049,4
1781,Petal,3,ZONE_FACULTY_MEGASTRUCT,Faculty of Floating Megastructure Civil Eng,0.3667,0.625,-426.477,277.804,10.483,45.0,-0.8119,-0.5744,0.1043,4
1782,Petal,3,ZONE_FACULTY_MEGASTRUCT,Faculty of Floating Megastructure Civil Eng,0.3667,0.75,-441.344,262.937,2.395,45.0,-0.8121,-0.5742,0.1038,4
1783,Petal,3,ZONE_FACULTY_MEGASTRUCT,Faculty of Floating Megastructure Civil Eng,0.3667,0.875,-456.211,248.07,-6.693,45.0,-0.8123,-0.574,0.1033,4
1784,Petal,3,ZONE_CLEARANCE_WATERWAY,Faculty of Floating Megastructure Civil Eng,0.3667,1.0,-471.079,233.202,-16.78,45.0,-0.8175,-0.5657,0.1083,4
1785,Petal,3,ZONE_CLEARANCE_WATERWAY,Faculty of Floating Megastructure Civil Eng,0.4,-1.0,-247.004,502.018,-16.712,45.0,-0.8291,-0.5478,0.1118,4
1786,Petal,3,ZONE_FACULTY_MEGASTRUCT,Faculty of Floating Megastructure Civil Eng,0.4,-0.875,-262.942,486.08,-6.248,45.0,-0.828,-0.5496,0.1113,4
1787,Petal,3,ZONE_FACULTY_MEGASTRUCT,Faculty of Floating Megastructure Civil Eng,0.4,-0.75,-278.881,470.141,3.175,45.0,-0.827,-0.5512,0.1108,4
1788,Petal,3,ZONE_FACULTY_MEGASTRUCT,Faculty of Floating Megastructure Civil Eng,0.4,-0.625,-294.819,454.203,11.558,45.0,-0.826,-0.5528,0.1102,4
1789,Petal,3,ZONE_FACULTY_MEGASTRUCT,Faculty of Floating Megastructure Civil Eng,0.4,-0.5,-310.757,438.264,18.901,45.0,-0.8251,-0.5542,0.1097,4
1790,Petal,3,ZONE_FACULTY_MEGASTRUCT,Faculty of Floating Megastructure Civil Eng,0.4,-0.375,-326.696,422.326,25.203,45.0,-0.8243,-0.5555,0.1092,4
1791,Petal,3,ZONE_FACULTY_MEGASTRUCT,Faculty of Floating Megastructure Civil Eng,0.4,-0.25,-342.634,406.388,30.465,45.0,-0.8235,-0.5568,0.1086,4
1792,Petal,3,ZONE_FACULTY_MEGASTRUCT,Faculty of Floating Megastructure Civil Eng,0.4,-0.125,-358.572,390.449,34.687,45.0,-0.8229,-0.5579,0.1081,4
1793,Petal,3,ZONE_FACULTY_MEGASTRUCT,Faculty of Floating Megastructure Civil Eng,0.4,0.0,-374.511,374.511,37.869,45.0,-0.8198,-0.5629,0.105,4
1794,Petal,3,ZONE_FACULTY_MEGASTRUCT,Faculty of Floating Megastructure Civil Eng,0.4,0.125,-390.449,358.572,34.687,45.0,-0.8195,-0.5634,0.1045,4
1795,Petal,3,ZONE_FACULTY_MEGASTRUCT,Faculty of Floating Megastructure Civil Eng,0.4,0.25,-406.388,342.634,30.465,45.0,-0.8193,-0.5639,0.104,4
1796,Petal,3,ZONE_FACULTY_MEGASTRUCT,Faculty of Floating Megastructure Civil Eng,0.4,0.375,-422.326,326.696,25.203,45.0,-0.8191,-0.5643,0.1035,4
1797,Petal,3,ZONE_FACULTY_MEGASTRUCT,Faculty of Floating Megastructure Civil Eng,0.4,0.5,-438.264,310.757,18.901,45.0,-0.8189,-0.5646,0.103,4
1798,Petal,3,ZONE_FACULTY_MEGASTRUCT,Faculty of Floating Megastructure Civil Eng,0.4,0.625,-454.203,294.819,11.558,45.0,-0.8189,-0.5647,0.1025,4
1799,Petal,3,ZONE_FACULTY_MEGASTRUCT,Faculty of Floating Megastructure Civil Eng,0.4,0.75,-470.141,278.881,3.175,45.0,-0.8189,-0.5648,0.102,4
1800,Petal,3,ZONE_FACULTY_MEGASTRUCT,Faculty of Floating Megastructure Civil Eng,0.4,0.875,-486.08,262.942,-6.248,45.0,-0.8189,-0.5649,0.1016,4
1801,Petal,3,ZONE_CLEARANCE_WATERWAY,Faculty of Floating Megastructure Civil Eng,0.4,1.0,-502.018,247.004,-16.712,45.0,-0.8239,-0.5567,0.1062,4
1802,Petal,3,ZONE_CLEARANCE_WATERWAY,Faculty of Floating Megastructure Civil Eng,0.4333,-1.0,-266.942,526.82,-16.279,62.36,-0.8306,-0.5468,0.1049,4
1803,Petal,3,ZONE_FACULTY_MEGASTRUCT,Faculty of Floating Megastructure Civil Eng,0.4333,-0.875,-283.185,510.578,-5.544,62.36,-0.8298,-0.5482,0.1044,4
1804,Petal,3,ZONE_FACULTY_MEGASTRUCT,Faculty of Floating Megastructure Civil Eng,0.4333,-0.75,-299.427,494.335,4.121,62.36,-0.829,-0.5496,0.104,4
1805,Petal,3,ZONE_FACULTY_MEGASTRUCT,Faculty of Floating Megastructure Civil Eng,0.4333,-0.625,-315.669,478.093,12.716,62.36,-0.8282,-0.5508,0.1035,4
1806,Petal,3,ZONE_FACULTY_MEGASTRUCT,Faculty of Floating Megastructure Civil Eng,0.4333,-0.5,-331.912,461.851,20.241,62.36,-0.8275,-0.552,0.103,4
1807,Petal,3,ZONE_FACULTY_MEGASTRUCT,Faculty of Floating Megastructure Civil Eng,0.4333,-0.375,-348.154,445.608,26.696,62.36,-0.8268,-0.5531,0.1025,4
1808,Petal,3,ZONE_FACULTY_MEGASTRUCT,Faculty of Floating Megastructure Civil Eng,0.4333,-0.25,-364.397,429.366,32.082,62.36,-0.8262,-0.5541,0.1021,4
1809,Petal,3,ZONE_FACULTY_MEGASTRUCT,Faculty of Floating Megastructure Civil Eng,0.4333,-0.125,-380.639,413.124,36.397,62.36,-0.8256,-0.5551,0.1016,4
1810,Petal,3,ZONE_FACULTY_MEGASTRUCT,Faculty of Floating Megastructure Civil Eng,0.4333,0.0,-396.881,396.881,39.643,62.36,-0.8227,-0.5598,0.0988,4
1811,Petal,3,ZONE_FACULTY_MEGASTRUCT,Faculty of Floating Megastructure Civil Eng,0.4333,0.125,-413.124,380.639,36.397,62.36,-0.8223,-0.5604,0.0984,4
1812,Petal,3,ZONE_FACULTY_MEGASTRUCT,Faculty of Floating Megastructure Civil Eng,0.4333,0.25,-429.366,364.397,32.082,62.36,-0.822,-0.561,0.0979,4
1813,Petal,3,ZONE_FACULTY_MEGASTRUCT,Faculty of Floating Megastructure Civil Eng,0.4333,0.375,-445.608,348.154,26.696,62.36,-0.8217,-0.5615,0.0975,4
1814,Petal,3,ZONE_FACULTY_MEGASTRUCT,Faculty of Floating Megastructure Civil Eng,0.4333,0.5,-461.851,331.912,20.241,62.36,-0.8215,-0.5619,0.0971,4
1815,Petal,3,ZONE_FACULTY_MEGASTRUCT,Faculty of Floating Megastructure Civil Eng,0.4333,0.625,-478.093,315.669,12.716,62.36,-0.8213,-0.5623,0.0966,4
1816,Petal,3,ZONE_FACULTY_MEGASTRUCT,Faculty of Floating Megastructure Civil Eng,0.4333,0.75,-494.335,299.427,4.121,62.36,-0.8211,-0.5626,0.0962,4
1817,Petal,3,ZONE_FACULTY_MEGASTRUCT,Faculty of Floating Megastructure Civil Eng,0.4333,0.875,-510.578,283.185,-5.544,62.36,-0.821,-0.5628,0.0958,4
1818,Petal,3,ZONE_CLEARANCE_WATERWAY,Faculty of Floating Megastructure Civil Eng,0.4333,1.0,-526.82,266.942,-16.279,62.36,-0.8256,-0.5553,0.0999,4
1819,Petal,3,ZONE_CLEARANCE_WATERWAY,Faculty of Floating Megastructure Civil Eng,0.4667,-1.0,-295.993,542.51,-15.47,105.49,-0.825,-0.5575,0.0925,4
1820,Petal,3,ZONE_FACULTY_MEGASTRUCT,Faculty of Floating Megastructure Civil Eng,0.4667,-0.875,-311.4,527.103,-4.572,105.49,-0.8244,-0.5584,0.0921,4
1821,Petal,3,ZONE_FACULTY_MEGASTRUCT,Faculty of Floating Megastructure Civil Eng,0.4667,-0.75,-326.808,511.696,5.239,105.49,-0.8238,-0.5594,0.0917,4
1822,Petal,3,ZONE_FACULTY_MEGASTRUCT,Faculty of Floating Megastructure Civil Eng,0.4667,-0.625,-342.215,496.288,13.962,105.49,-0.8233,-0.5603,0.0913,4
1823,Petal,3,ZONE_FACULTY_MEGASTRUCT,Faculty of Floating Megastructure Civil Eng,0.4667,-0.5,-357.622,480.881,21.597,105.49,-0.8227,-0.5611,0.0909,4
1824,Petal,3,ZONE_FACULTY_MEGASTRUCT,Faculty of Floating Megastructure Civil Eng,0.4667,-0.375,-373.03,465.474,28.144,105.49,-0.8222,-0.562,0.0905,4
1825,Petal,3,ZONE_FACULTY_MEGASTRUCT,Faculty of Floating Megastructure Civil Eng,0.4667,-0.25,-388.437,450.066,33.604,105.49,-0.8217,-0.5628,0.0901,4
1826,Petal,3,ZONE_FACULTY_MEGASTRUCT,Faculty of Floating Megastructure Civil Eng,0.4667,-0.125,-403.844,434.659,37.975,105.49,-0.8212,-0.5635,0.0897,4
1827,Petal,3,ZONE_FACULTY_MEGASTRUCT,Faculty of Floating Megastructure Civil Eng,0.4667,0.0,-419.252,419.252,41.26,105.49,-0.8186,-0.5677,0.0874,4
1828,Petal,3,ZONE_FACULTY_MEGASTRUCT,Faculty of Floating Megastructure Civil Eng,0.4667,0.125,-434.659,403.844,37.975,105.49,-0.8182,-0.5683,0.087,4
1829,Petal,3,ZONE_FACULTY_MEGASTRUCT,Faculty of Floating Megastructure Civil Eng,0.4667,0.25,-450.066,388.437,33.604,105.49,-0.8179,-0.5688,0.0866,4
1830,Petal,3,ZONE_FACULTY_MEGASTRUCT,Faculty of Floating Megastructure Civil Eng,0.4667,0.375,-465.474,373.03,28.144,105.49,-0.8175,-0.5694,0.0862,4
1831,Petal,3,ZONE_FACULTY_MEGASTRUCT,Faculty of Floating Megastructure Civil Eng,0.4667,0.5,-480.881,357.622,21.597,105.49,-0.8172,-0.5699,0.0859,4
1832,Petal,3,ZONE_FACULTY_MEGASTRUCT,Faculty of Floating Megastructure Civil Eng,0.4667,0.625,-496.288,342.215,13.962,105.49,-0.8169,-0.5704,0.0855,4
1833,Petal,3,ZONE_FACULTY_MEGASTRUCT,Faculty of Floating Megastructure Civil Eng,0.4667,0.75,-511.696,326.808,5.239,105.49,-0.8166,-0.5709,0.0852,4
1834,Petal,3,ZONE_FACULTY_MEGASTRUCT,Faculty of Floating Megastructure Civil Eng,0.4667,0.875,-527.103,311.4,-4.572,105.49,-0.8163,-0.5713,0.0848,4
1835,Petal,3,ZONE_CLEARANCE_WATERWAY,Faculty of Floating Megastructure Civil Eng,0.4667,1.0,-542.51,295.993,-15.47,105.49,-0.8204,-0.5649,0.0883,4
1836,Petal,3,ZONE_CLEARANCE_WATERWAY,Faculty of Floating Megastructure Civil Eng,0.5,-1.0,-325.65,557.594,-14.281,150.34,-0.8187,-0.5684,0.0812,4
1837,Petal,3,ZONE_FACULTY_MEGASTRUCT,Faculty of Floating Megastructure Civil Eng,0.5,-0.875,-340.147,543.097,-3.328,150.34,-0.8183,-0.569,0.0809,4
1838,Petal,3,ZONE_FACULTY_MEGASTRUCT,Faculty of Floating Megastructure Civil Eng,0.5,-0.75,-354.643,528.601,6.532,150.34,-0.818,-0.5696,0.0805,4
1839,Petal,3,ZONE_FACULTY_MEGASTRUCT,Faculty of Floating Megastructure Civil Eng,0.5,-0.625,-369.14,514.104,15.297,150.34,-0.8176,-0.5702,0.0802,4
1840,Petal,3,ZONE_FACULTY_MEGASTRUCT,Faculty of Floating Megastructure Civil Eng,0.5,-0.5,-383.636,499.608,22.969,150.34,-0.8172,-0.5708,0.0799,4
1841,Petal,3,ZONE_FACULTY_MEGASTRUCT,Faculty of Floating Megastructure Civil Eng,0.5,-0.375,-398.133,485.112,29.547,150.34,-0.8168,-0.5714,0.0795,4
1842,Petal,3,ZONE_FACULTY_MEGASTRUCT,Faculty of Floating Megastructure Civil Eng,0.5,-0.25,-412.629,470.615,35.032,150.34,-0.8164,-0.572,0.0792,4
1843,Petal,3,ZONE_FACULTY_MEGASTRUCT,Faculty of Floating Megastructure Civil Eng,0.5,-0.125,-427.126,456.119,39.422,150.34,-0.816,-0.5726,0.0789,4
1844,Petal,3,ZONE_FACULTY_MEGASTRUCT,Faculty of Floating Megastructure Civil Eng,0.5,0.0,-441.622,441.622,42.719,150.34,-0.8137,-0.5762,0.077,4
1845,Petal,3,ZONE_FACULTY_MEGASTRUCT,Faculty of Floating Megastructure Civil Eng,0.5,0.125,-456.119,427.126,39.422,150.34,-0.8133,-0.5768,0.0767,4
1846,Petal,3,ZONE_FACULTY_MEGASTRUCT,Faculty of Floating Megastructure Civil Eng,0.5,0.25,-470.615,412.629,35.032,150.34,-0.8129,-0.5774,0.0763,4
1847,Petal,3,ZONE_FACULTY_MEGASTRUCT,Faculty of Floating Megastructure Civil Eng,0.5,0.375,-485.112,398.133,29.547,150.34,-0.8125,-0.5779,0.076,4
1848,Petal,3,ZONE_FACULTY_MEGASTRUCT,Faculty of Floating Megastructure Civil Eng,0.5,0.5,-499.608,383.636,22.969,150.34,-0.8121,-0.5785,0.0757,4
1849,Petal,3,ZONE_FACULTY_MEGASTRUCT,Faculty of Floating Megastructure Civil Eng,0.5,0.625,-514.104,369.14,15.297,150.34,-0.8118,-0.5791,0.0754,4
1850,Petal,3,ZONE_FACULTY_MEGASTRUCT,Faculty of Floating Megastructure Civil Eng,0.5,0.75,-528.601,354.643,6.532,150.34,-0.8114,-0.5797,0.0751,4
1851,Petal,3,ZONE_FACULTY_MEGASTRUCT,Faculty of Floating Megastructure Civil Eng,0.5,0.875,-543.097,340.147,-3.328,150.34,-0.811,-0.5803,0.0749,4
1852,Petal,3,ZONE_CLEARANCE_WATERWAY,Faculty of Floating Megastructure Civil Eng,0.5,1.0,-557.594,325.65,-14.281,150.34,-0.8145,-0.5749,0.0778,4
1853,Petal,3,ZONE_CLEARANCE_WATERWAY,Faculty of Floating Megastructure Civil Eng,0.5333,-1.0,-355.788,572.197,-12.708,196.54,-0.8119,-0.5795,0.0711,4
1854,Petal,3,ZONE_FACULTY_MEGASTRUCT,Faculty of Floating Megastructure Civil Eng,0.5333,-0.875,-369.313,558.672,-1.809,196.54,-0.8117,-0.5798,0.0708,4
1855,Petal,3,ZONE_FACULTY_MEGASTRUCT,Faculty of Floating Megastructure Civil Eng,0.5333,-0.75,-382.839,545.146,8.001,196.54,-0.8114,-0.5802,0.0705,4
1856,Petal,3,ZONE_FACULTY_MEGASTRUCT,Faculty of Floating Megastructure Civil Eng,0.5333,-0.625,-396.365,531.62,16.724,196.54,-0.8112,-0.5805,0.0702,4
1857,Petal,3,ZONE_FACULTY_MEGASTRUCT,Faculty of Floating Megastructure Civil Eng,0.5333,-0.5,-409.89,518.095,24.359,196.54,-0.8109,-0.5809,0.0699,4
1858,Petal,3,ZONE_FACULTY_MEGASTRUCT,Faculty of Floating Megastructure Civil Eng,0.5333,-0.375,-423.416,504.569,30.907,196.54,-0.8107,-0.5813,0.0697,4
1859,Petal,3,ZONE_FACULTY_MEGASTRUCT,Faculty of Floating Megastructure Civil Eng,0.5333,-0.25,-436.941,491.044,36.366,196.54,-0.8104,-0.5818,0.0694,4
1860,Petal,3,ZONE_FACULTY_MEGASTRUCT,Faculty of Floating Megastructure Civil Eng,0.5333,-0.125,-450.467,477.518,40.738,196.54,-0.8101,-0.5822,0.0691,4
1861,Petal,3,ZONE_FACULTY_MEGASTRUCT,Faculty of Floating Megastructure Civil Eng,0.5333,0.0,-463.992,463.992,44.022,196.54,-0.808,-0.5853,0.0675,4
1862,Petal,3,ZONE_FACULTY_MEGASTRUCT,Faculty of Floating Megastructure Civil Eng,0.5333,0.125,-477.518,450.467,40.738,196.54,-0.8076,-0.5858,0.0673,4
1863,Petal,3,ZONE_FACULTY_MEGASTRUCT,Faculty of Floating Megastructure Civil Eng,0.5333,0.25,-491.044,436.941,36.366,196.54,-0.8072,-0.5864,0.067,4
1864,Petal,3,ZONE_FACULTY_MEGASTRUCT,Faculty of Floating Megastructure Civil Eng,0.5333,0.375,-504.569,423.416,30.907,196.54,-0.8068,-0.587,0.0668,4
1865,Petal,3,ZONE_FACULTY_MEGASTRUCT,Faculty of Floating Megastructure Civil Eng,0.5333,0.5,-518.095,409.89,24.359,196.54,-0.8064,-0.5876,0.0665,4
1866,Petal,3,ZONE_FACULTY_MEGASTRUCT,Faculty of Floating Megastructure Civil Eng,0.5333,0.625,-531.62,396.365,16.724,196.54,-0.806,-0.5882,0.0663,4
1867,Petal,3,ZONE_FACULTY_MEGASTRUCT,Faculty of Floating Megastructure Civil Eng,0.5333,0.75,-545.146,382.839,8.001,196.54,-0.8055,-0.5889,0.066,4
1868,Petal,3,ZONE_FACULTY_MEGASTRUCT,Faculty of Floating Megastructure Civil Eng,0.5333,0.875,-558.672,369.313,-1.809,196.54,-0.8051,-0.5895,0.0658,4
1869,Petal,3,ZONE_CLEARANCE_WATERWAY,Faculty of Floating Megastructure Civil Eng,0.5333,1.0,-572.197,355.788,-12.708,196.54,-0.8081,-0.5851,0.0682,4
1870,Petal,3,ZONE_CLEARANCE_WATERWAY,Faculty of Floating Megastructure Civil Eng,0.5667,-1.0,-386.293,586.432,-10.753,243.79,-0.8045,-0.5907,0.0618,4
1871,Petal,3,ZONE_FACULTY_MEGASTRUCT,Faculty of Floating Megastructure Civil Eng,0.5667,-0.875,-398.802,573.924,-0.019,243.79,-0.8045,-0.5908,0.0616,4
1872,Petal,3,ZONE_FACULTY_MEGASTRUCT,Faculty of Floating Megastructure Civil Eng,0.5667,-0.75,-411.311,561.415,9.646,243.79,-0.8044,-0.5909,0.0614,4
1873,Petal,3,ZONE_FACULTY_MEGASTRUCT,Faculty of Floating Megastructure Civil Eng,0.5667,-0.625,-423.82,548.906,18.241,243.79,-0.8043,-0.5911,0.0611,4
1874,Petal,3,ZONE_FACULTY_MEGASTRUCT,Faculty of Floating Megastructure Civil Eng,0.5667,-0.5,-436.328,536.398,25.766,243.79,-0.8041,-0.5913,0.0609,4
1875,Petal,3,ZONE_FACULTY_MEGASTRUCT,Faculty of Floating Megastructure Civil Eng,0.5667,-0.375,-448.837,523.889,32.221,243.79,-0.804,-0.5916,0.0607,4
1876,Petal,3,ZONE_FACULTY_MEGASTRUCT,Faculty of Floating Megastructure Civil Eng,0.5667,-0.25,-461.346,511.38,37.607,243.79,-0.8038,-0.5919,0.0605,4
1877,Petal,3,ZONE_FACULTY_MEGASTRUCT,Faculty of Floating Megastructure Civil Eng,0.5667,-0.125,-473.854,498.872,41.922,243.79,-0.8035,-0.5922,0.0602,4
1878,Petal,3,ZONE_FACULTY_MEGASTRUCT,Faculty of Floating Megastructure Civil Eng,0.5667,0.0,-486.363,486.363,45.168,243.79,-0.8017,-0.5948,0.059,4
1879,Petal,3,ZONE_FACULTY_MEGASTRUCT,Faculty of Floating Megastructure Civil Eng,0.5667,0.125,-498.872,473.854,41.922,243.79,-0.8014,-0.5953,0.0588,4
1880,Petal,3,ZONE_FACULTY_MEGASTRUCT,Faculty of Floating Megastructure Civil Eng,0.5667,0.25,-511.38,461.346,37.607,243.79,-0.801,-0.5958,0.0585,4
1881,Petal,3,ZONE_FACULTY_MEGASTRUCT,Faculty of Floating Megastructure Civil Eng,0.5667,0.375,-523.889,448.837,32.221,243.79,-0.8006,-0.5964,0.0583,4
1882,Petal,3,ZONE_FACULTY_MEGASTRUCT,Faculty of Floating Megastructure Civil Eng,0.5667,0.5,-536.398,436.328,25.766,243.79,-0.8001,-0.597,0.0581,4
1883,Petal,3,ZONE_FACULTY_MEGASTRUCT,Faculty of Floating Megastructure Civil Eng,0.5667,0.625,-548.906,423.82,18.241,243.79,-0.7997,-0.5976,0.0579,4
1884,Petal,3,ZONE_FACULTY_MEGASTRUCT,Faculty of Floating Megastructure Civil Eng,0.5667,0.75,-561.415,411.311,9.646,243.79,-0.7992,-0.5983,0.0578,4
1885,Petal,3,ZONE_FACULTY_MEGASTRUCT,Faculty of Floating Megastructure Civil Eng,0.5667,0.875,-573.924,398.802,-0.019,243.79,-0.7987,-0.599,0.0576,4
1886,Petal,3,ZONE_CLEARANCE_WATERWAY,Faculty of Floating Megastructure Civil Eng,0.5667,1.0,-586.432,386.293,-10.753,243.79,-0.8012,-0.5954,0.0595,4
1887,Petal,3,ZONE_CLEARANCE_WATERWAY,Faculty of Floating Megastructure Civil Eng,0.6,-1.0,-417.066,600.401,-8.424,291.79,-0.7968,-0.6018,0.0534,4
1888,Petal,3,ZONE_FACULTY_MEGASTRUCT,Faculty of Floating Megastructure Civil Eng,0.6,-0.875,-428.524,588.942,2.039,291.79,-0.7969,-0.6018,0.0533,4
1889,Petal,3,ZONE_FACULTY_MEGASTRUCT,Faculty of Floating Megastructure Civil Eng,0.6,-0.75,-439.983,577.484,11.463,291.79,-0.7969,-0.6017,0.0531,4
1890,Petal,3,ZONE_FACULTY_MEGASTRUCT,Faculty of Floating Megastructure Civil Eng,0.6,-0.625,-451.441,566.025,19.846,291.79,-0.7969,-0.6018,0.0529,4
1891,Petal,3,ZONE_FACULTY_MEGASTRUCT,Faculty of Floating Megastructure Civil Eng,0.6,-0.5,-462.9,554.567,27.188,291.79,-0.7969,-0.6019,0.0527,4
1892,Petal,3,ZONE_FACULTY_MEGASTRUCT,Faculty of Floating Megastructure Civil Eng,0.6,-0.375,-474.358,543.109,33.491,291.79,-0.7968,-0.602,0.0525,4
1893,Petal,3,ZONE_FACULTY_MEGASTRUCT,Faculty of Floating Megastructure Civil Eng,0.6,-0.25,-485.816,531.65,38.753,291.79,-0.7967,-0.6022,0.0524,4
1894,Petal,3,ZONE_FACULTY_MEGASTRUCT,Faculty of Floating Megastructure Civil Eng,0.6,-0.125,-497.275,520.192,42.975,291.79,-0.7965,-0.6024,0.0522,4
1895,Petal,3,ZONE_FACULTY_MEGASTRUCT,Faculty of Floating Megastructure Civil Eng,0.6,0.0,-508.733,508.733,46.157,291.79,-0.795,-0.6045,0.0512,4
1896,Petal,3,ZONE_FACULTY_MEGASTRUCT,Faculty of Floating Megastructure Civil Eng,0.6,0.125,-520.192,497.275,42.975,291.79,-0.7946,-0.605,0.051,4
1897,Petal,3,ZONE_FACULTY_MEGASTRUCT,Faculty of Floating Megastructure Civil Eng,0.6,0.25,-531.65,485.816,38.753,291.79,-0.7942,-0.6055,0.0508,4
1898,Petal,3,ZONE_FACULTY_MEGASTRUCT,Faculty of Floating Megastructure Civil Eng,0.6,0.375,-543.109,474.358,33.491,291.79,-0.7938,-0.606,0.0507,4
1899,Petal,3,ZONE_FACULTY_MEGASTRUCT,Faculty of Floating Megastructure Civil Eng,0.6,0.5,-554.567,462.9,27.188,291.79,-0.7934,-0.6066,0.0505,4
1900,Petal,3,ZONE_FACULTY_MEGASTRUCT,Faculty of Floating Megastructure Civil Eng,0.6,0.625,-566.025,451.441,19.846,291.79,-0.7929,-0.6072,0.0503,4
1901,Petal,3,ZONE_FACULTY_MEGASTRUCT,Faculty of Floating Megastructure Civil Eng,0.6,0.75,-577.484,439.983,11.463,291.79,-0.7924,-0.6079,0.0502,4
1902,Petal,3,ZONE_FACULTY_MEGASTRUCT,Faculty of Floating Megastructure Civil Eng,0.6,0.875,-588.942,428.524,2.039,291.79,-0.7919,-0.6086,0.05,4
1903,Petal,3,ZONE_CLEARANCE_WATERWAY,Faculty of Floating Megastructure Civil Eng,0.6,1.0,-600.401,417.066,-8.424,291.79,-0.794,-0.6057,0.0516,4
1904,Petal,3,ZONE_CLEARANCE_WATERWAY,Faculty of Floating Megastructure Civil Eng,0.6333,-1.0,-448.013,614.194,-5.73,340.29,-0.7889,-0.6129,0.0459,4
1905,Petal,3,ZONE_FACULTY_MEGASTRUCT,Faculty of Floating Megastructure Civil Eng,0.6333,-0.875,-458.4,603.808,4.357,340.29,-0.789,-0.6127,0.0457,4
1906,Petal,3,ZONE_FACULTY_MEGASTRUCT,Faculty of Floating Megastructure Civil Eng,0.6333,-0.75,-468.786,593.421,13.445,340.29,-0.7891,-0.6125,0.0456,4
1907,Petal,3,ZONE_FACULTY_MEGASTRUCT,Faculty of Floating Megastructure Civil Eng,0.6333,-0.625,-479.172,583.035,21.534,340.29,-0.7892,-0.6125,0.0454,4
1908,Petal,3,ZONE_FACULTY_MEGASTRUCT,Faculty of Floating Megastructure Civil Eng,0.6333,-0.5,-489.559,572.649,28.623,340.29,-0.7892,-0.6124,0.0453,4
1909,Petal,3,ZONE_FACULTY_MEGASTRUCT,Faculty of Floating Megastructure Civil Eng,0.6333,-0.375,-499.945,562.262,34.713,340.29,-0.7892,-0.6125,0.0451,4
1910,Petal,3,ZONE_FACULTY_MEGASTRUCT,Faculty of Floating Megastructure Civil Eng,0.6333,-0.25,-510.331,551.876,39.804,340.29,-0.7892,-0.6125,0.045,4
1911,Petal,3,ZONE_FACULTY_MEGASTRUCT,Faculty of Floating Megastructure Civil Eng,0.6333,-0.125,-520.717,541.49,43.896,340.29,-0.7891,-0.6127,0.0449,4
1912,Petal,3,ZONE_FACULTY_MEGASTRUCT,Faculty of Floating Megastructure Civil Eng,0.6333,0.0,-531.104,531.104,46.989,340.29,-0.7878,-0.6144,0.044,4
1913,Petal,3,ZONE_FACULTY_MEGASTRUCT,Faculty of Floating Megastructure Civil Eng,0.6333,0.125,-541.49,520.717,43.896,340.29,-0.7874,-0.6148,0.0439,4
1914,Petal,3,ZONE_FACULTY_MEGASTRUCT,Faculty of Floating Megastructure Civil Eng,0.6333,0.25,-551.876,510.331,39.804,340.29,-0.7871,-0.6153,0.0438,4
1915,Petal,3,ZONE_FACULTY_MEGASTRUCT,Faculty of Floating Megastructure Civil Eng,0.6333,0.375,-562.262,499.945,34.713,340.29,-0.7867,-0.6158,0.0437,4
1916,Petal,3,ZONE_FACULTY_MEGASTRUCT,Faculty of Floating Megastructure Civil Eng,0.6333,0.5,-572.649,489.559,28.623,340.29,-0.7863,-0.6163,0.0435,4
1917,Petal,3,ZONE_FACULTY_MEGASTRUCT,Faculty of Floating Megastructure Civil Eng,0.6333,0.625,-583.035,479.172,21.534,340.29,-0.7858,-0.6169,0.0434,4
1918,Petal,3,ZONE_FACULTY_MEGASTRUCT,Faculty of Floating Megastructure Civil Eng,0.6333,0.75,-593.421,468.786,13.445,340.29,-0.7853,-0.6176,0.0433,4
1919,Petal,3,ZONE_FACULTY_MEGASTRUCT,Faculty of Floating Megastructure Civil Eng,0.6333,0.875,-603.808,458.4,4.357,340.29,-0.7848,-0.6183,0.0432,4
1920,Petal,3,ZONE_CLEARANCE_WATERWAY,Faculty of Floating Megastructure Civil Eng,0.6333,1.0,-614.194,448.013,-5.73,340.29,-0.7865,-0.616,0.0444,4
1921,Petal,3,ZONE_CLEARANCE_WATERWAY,Faculty of Floating Megastructure Civil Eng,0.6667,-1.0,-479.052,627.896,-2.685,389.04,-0.7807,-0.6237,0.039,4
1922,Petal,3,ZONE_FACULTY_MEGASTRUCT,Faculty of Floating Megastructure Civil Eng,0.6667,-0.875,-488.355,618.593,6.923,389.04,-0.7809,-0.6234,0.0389,4
1923,Petal,3,ZONE_FACULTY_MEGASTRUCT,Faculty of Floating Megastructure Civil Eng,0.6667,-0.75,-497.658,609.291,15.585,389.04,-0.7811,-0.6232,0.0387,4
1924,Petal,3,ZONE_FACULTY_MEGASTRUCT,Faculty of Floating Megastructure Civil Eng,0.6667,-0.625,-506.96,599.988,23.299,389.04,-0.7812,-0.6231,0.0386,4
1925,Petal,3,ZONE_FACULTY_MEGASTRUCT,Faculty of Floating Megastructure Civil Eng,0.6667,-0.5,-516.263,590.685,30.066,389.04,-0.7813,-0.623,0.0385,4
1926,Petal,3,ZONE_FACULTY_MEGASTRUCT,Faculty of Floating Megastructure Civil Eng,0.6667,-0.375,-525.566,581.382,35.886,389.04,-0.7813,-0.6229,0.0384,4
1927,Petal,3,ZONE_FACULTY_MEGASTRUCT,Faculty of Floating Megastructure Civil Eng,0.6667,-0.25,-534.869,572.08,40.758,389.04,-0.7813,-0.6229,0.0383,4
1928,Petal,3,ZONE_FACULTY_MEGASTRUCT,Faculty of Floating Megastructure Civil Eng,0.6667,-0.125,-544.171,562.777,44.684,389.04,-0.7813,-0.623,0.0382,4
1929,Petal,3,ZONE_FACULTY_MEGASTRUCT,Faculty of Floating Megastructure Civil Eng,0.6667,0.0,-553.474,553.474,47.662,389.04,-0.7802,-0.6244,0.0376,4
1930,Petal,3,ZONE_FACULTY_MEGASTRUCT,Faculty of Floating Megastructure Civil Eng,0.6667,0.125,-562.777,544.171,44.684,389.04,-0.7799,-0.6247,0.0375,4
1931,Petal,3,ZONE_FACULTY_MEGASTRUCT,Faculty of Floating Megastructure Civil Eng,0.6667,0.25,-572.08,534.869,40.758,389.04,-0.7796,-0.6251,0.0374,4
1932,Petal,3,ZONE_FACULTY_MEGASTRUCT,Faculty of Floating Megastructure Civil Eng,0.6667,0.375,-581.382,525.566,35.886,389.04,-0.7793,-0.6256,0.0373,4
1933,Petal,3,ZONE_FACULTY_MEGASTRUCT,Faculty of Floating Megastructure Civil Eng,0.6667,0.5,-590.685,516.263,30.066,389.04,-0.7789,-0.6261,0.0372,4
1934,Petal,3,ZONE_FACULTY_MEGASTRUCT,Faculty of Floating Megastructure Civil Eng,0.6667,0.625,-599.988,506.96,23.299,389.04,-0.7784,-0.6267,0.0371,4
1935,Petal,3,ZONE_FACULTY_MEGASTRUCT,Faculty of Floating Megastructure Civil Eng,0.6667,0.75,-609.291,497.658,15.585,389.04,-0.7779,-0.6273,0.037,4
1936,Petal,3,ZONE_FACULTY_MEGASTRUCT,Faculty of Floating Megastructure Civil Eng,0.6667,0.875,-618.593,488.355,6.923,389.04,-0.7774,-0.6279,0.0369,4
1937,Petal,3,ZONE_CLEARANCE_WATERWAY,Faculty of Floating Megastructure Civil Eng,0.6667,1.0,-627.896,479.052,-2.685,389.04,-0.7787,-0.6262,0.0378,4
1938,Petal,3,ZONE_CLEARANCE_WATERWAY,Faculty of Floating Megastructure Civil Eng,0.7,-1.0,-510.105,641.584,0.691,437.83,-0.7722,-0.6345,0.0327,4
1939,Petal,3,ZONE_FACULTY_MEGASTRUCT,Faculty of Floating Megastructure Civil Eng,0.7,-0.875,-518.322,633.367,9.724,437.83,-0.7725,-0.6341,0.0327,4
1940,Petal,3,ZONE_FACULTY_MEGASTRUCT,Faculty of Floating Megastructure Civil Eng,0.7,-0.75,-526.54,625.149,17.872,437.83,-0.7728,-0.6338,0.0326,4
1941,Petal,3,ZONE_FACULTY_MEGASTRUCT,Faculty of Floating Megastructure Civil Eng,0.7,-0.625,-534.757,616.932,25.134,437.83,-0.773,-0.6335,0.0325,4
1942,Petal,3,ZONE_FACULTY_MEGASTRUCT,Faculty of Floating Megastructure Civil Eng,0.7,-0.5,-542.975,608.714,31.512,437.83,-0.7732,-0.6333,0.0324,4
1943,Petal,3,ZONE_FACULTY_MEGASTRUCT,Faculty of Floating Megastructure Civil Eng,0.7,-0.375,-551.192,600.497,37.006,437.83,-0.7733,-0.6332,0.0323,4
1944,Petal,3,ZONE_FACULTY_MEGASTRUCT,Faculty of Floating Megastructure Civil Eng,0.7,-0.25,-559.409,592.279,41.614,437.83,-0.7734,-0.6331,0.0322,4
1945,Petal,3,ZONE_FACULTY_MEGASTRUCT,Faculty of Floating Megastructure Civil Eng,0.7,-0.125,-567.627,584.062,45.337,437.83,-0.7734,-0.6331,0.0322,4
1946,Petal,3,ZONE_FACULTY_MEGASTRUCT,Faculty of Floating Megastructure Civil Eng,0.7,0.0,-575.844,575.844,48.176,437.83,-0.7726,-0.6341,0.0317,4
1947,Petal,3,ZONE_FACULTY_MEGASTRUCT,Faculty of Floating Megastructure Civil Eng,0.7,0.125,-584.062,567.627,45.337,437.83,-0.7723,-0.6345,0.0316,4
1948,Petal,3,ZONE_FACULTY_MEGASTRUCT,Faculty of Floating Megastructure Civil Eng,0.7,0.25,-592.279,559.409,41.614,437.83,-0.772,-0.6349,0.0315,4
1949,Petal,3,ZONE_FACULTY_MEGASTRUCT,Faculty of Floating Megastructure Civil Eng,0.7,0.375,-600.497,551.192,37.006,437.83,-0.7716,-0.6353,0.0314,4
1950,Petal,3,ZONE_FACULTY_MEGASTRUCT,Faculty of Floating Megastructure Civil Eng,0.7,0.5,-608.714,542.975,31.512,437.83,-0.7712,-0.6358,0.0314,4
1951,Petal,3,ZONE_FACULTY_MEGASTRUCT,Faculty of Floating Megastructure Civil Eng,0.7,0.625,-616.932,534.757,25.134,437.83,-0.7708,-0.6364,0.0313,4
1952,Petal,3,ZONE_FACULTY_MEGASTRUCT,Faculty of Floating Megastructure Civil Eng,0.7,0.75,-625.149,526.54,17.872,437.83,-0.7703,-0.637,0.0312,4
1953,Petal,3,ZONE_FACULTY_MEGASTRUCT,Faculty of Floating Megastructure Civil Eng,0.7,0.875,-633.367,518.322,9.724,437.83,-0.7697,-0.6376,0.0312,4
1954,Petal,3,ZONE_CLEARANCE_WATERWAY,Faculty of Floating Megastructure Civil Eng,0.7,1.0,-641.584,510.105,0.691,437.83,-0.7706,-0.6365,0.0319,4
1955,Petal,3,ZONE_CLEARANCE_WATERWAY,Faculty of Floating Megastructure Civil Eng,0.7333,-1.0,-541.098,655.331,4.228,486.46,-0.763,-0.6458,0.0281,4
1956,Petal,3,ZONE_FACULTY_MEGASTRUCT,Faculty of Floating Megastructure Civil Eng,0.7333,-0.875,-548.238,648.192,12.305,486.46,-0.7636,-0.645,0.028,4
1957,Petal,3,ZONE_FACULTY_MEGASTRUCT,Faculty of Floating Megastructure Civil Eng,0.7333,-0.75,-555.377,641.052,19.596,486.46,-0.7642,-0.6444,0.0279,4
1958,Petal,3,ZONE_FACULTY_MEGASTRUCT,Faculty of Floating Megastructure Civil Eng,0.7333,-0.625,-562.517,633.913,26.103,486.46,-0.7647,-0.6438,0.0279,4
1959,Petal,3,ZONE_FACULTY_MEGASTRUCT,Faculty of Floating Megastructure Civil Eng,0.7333,-0.5,-569.657,626.773,31.825,486.46,-0.765,-0.6434,0.0278,4
1960,Petal,3,ZONE_FACULTY_MEGASTRUCT,Faculty of Floating Megastructure Civil Eng,0.7333,-0.375,-576.796,619.634,36.762,486.46,-0.7654,-0.643,0.0278,4
1961,Petal,3,ZONE_FACULTY_MEGASTRUCT,Faculty of Floating Megastructure Civil Eng,0.7333,-0.25,-583.936,612.494,40.914,486.46,-0.7656,-0.6427,0.0277,4
1962,Petal,3,ZONE_FACULTY_MEGASTRUCT,Faculty of Floating Megastructure Civil Eng,0.7333,-0.125,-591.075,605.354,44.281,486.46,-0.7658,-0.6425,0.0276,4
1963,Petal,3,ZONE_FACULTY_MEGASTRUCT,Faculty of Floating Megastructure Civil Eng,0.7333,0.0,-598.215,598.215,46.863,486.46,-0.7652,-0.6432,0.0272,4
1964,Petal,3,ZONE_FACULTY_MEGASTRUCT,Faculty of Floating Megastructure Civil Eng,0.7333,0.125,-605.354,591.075,44.281,486.46,-0.7649,-0.6436,0.0272,4
1965,Petal,3,ZONE_FACULTY_MEGASTRUCT,Faculty of Floating Megastructure Civil Eng,0.7333,0.25,-612.494,583.936,40.914,486.46,-0.7645,-0.6441,0.0271,4
1966,Petal,3,ZONE_FACULTY_MEGASTRUCT,Faculty of Floating Megastructure Civil Eng,0.7333,0.375,-619.634,576.796,36.762,486.46,-0.764,-0.6446,0.0271,4
1967,Petal,3,ZONE_FACULTY_MEGASTRUCT,Faculty of Floating Megastructure Civil Eng,0.7333,0.5,-626.773,569.657,31.825,486.46,-0.7635,-0.6453,0.027,4
1968,Petal,3,ZONE_FACULTY_MEGASTRUCT,Faculty of Floating Megastructure Civil Eng,0.7333,0.625,-633.913,562.517,26.103,486.46,-0.7629,-0.646,0.027,4
1969,Petal,3,ZONE_FACULTY_MEGASTRUCT,Faculty of Floating Megastructure Civil Eng,0.7333,0.75,-641.052,555.377,19.596,486.46,-0.7622,-0.6468,0.0269,4
1970,Petal,3,ZONE_FACULTY_MEGASTRUCT,Faculty of Floating Megastructure Civil Eng,0.7333,0.875,-648.192,548.238,12.305,486.46,-0.7614,-0.6477,0.0269,4
1971,Petal,3,ZONE_CLEARANCE_WATERWAY,Faculty of Floating Megastructure Civil Eng,0.7333,1.0,-655.331,541.098,4.228,486.46,-0.7618,-0.6472,0.0274,4
1972,Petal,3,ZONE_CLEARANCE_WATERWAY,Faculty of Floating Megastructure Civil Eng,0.7667,-1.0,-571.965,669.206,7.296,534.73,-0.7544,-0.656,0.0252,4
1973,Petal,3,ZONE_FACULTY_MEGASTRUCT,Faculty of Floating Megastructure Civil Eng,0.7667,-0.875,-578.042,663.128,13.943,534.73,-0.7551,-0.6551,0.0252,4
1974,Petal,3,ZONE_FACULTY_MEGASTRUCT,Faculty of Floating Megastructure Civil Eng,0.7667,-0.75,-584.12,657.051,19.95,534.73,-0.7558,-0.6544,0.0251,4
1975,Petal,3,ZONE_FACULTY_MEGASTRUCT,Faculty of Floating Megastructure Civil Eng,0.7667,-0.625,-590.197,650.973,25.318,534.73,-0.7563,-0.6537,0.0251,4
1976,Petal,3,ZONE_FACULTY_MEGASTRUCT,Faculty of Floating Megastructure Civil Eng,0.7667,-0.5,-596.275,644.896,30.047,534.73,-0.7568,-0.6531,0.025,4
1977,Petal,3,ZONE_FACULTY_MEGASTRUCT,Faculty of Floating Megastructure Civil Eng,0.7667,-0.375,-602.353,638.818,34.136,534.73,-0.7572,-0.6527,0.025,4
1978,Petal,3,ZONE_FACULTY_MEGASTRUCT,Faculty of Floating Megastructure Civil Eng,0.7667,-0.25,-608.43,632.74,37.585,534.73,-0.7575,-0.6523,0.0249,4
1979,Petal,3,ZONE_FACULTY_MEGASTRUCT,Faculty of Floating Megastructure Civil Eng,0.7667,-0.125,-614.508,626.663,40.395,534.73,-0.7578,-0.652,0.0249,4
1980,Petal,3,ZONE_FACULTY_MEGASTRUCT,Faculty of Floating Megastructure Civil Eng,0.7667,0.0,-620.585,620.585,42.565,534.73,-0.7574,-0.6525,0.0246,4
1981,Petal,3,ZONE_FACULTY_MEGASTRUCT,Faculty of Floating Megastructure Civil Eng,0.7667,0.125,-626.663,614.508,40.395,534.73,-0.7571,-0.6528,0.0245,4
1982,Petal,3,ZONE_FACULTY_MEGASTRUCT,Faculty of Floating Megastructure Civil Eng,0.7667,0.25,-632.74,608.43,37.585,534.73,-0.7567,-0.6533,0.0245,4
1983,Petal,3,ZONE_FACULTY_MEGASTRUCT,Faculty of Floating Megastructure Civil Eng,0.7667,0.375,-638.818,602.353,34.136,534.73,-0.7562,-0.6539,0.0244,4
1984,Petal,3,ZONE_FACULTY_MEGASTRUCT,Faculty of Floating Megastructure Civil Eng,0.7667,0.5,-644.896,596.275,30.047,534.73,-0.7556,-0.6545,0.0244,4
1985,Petal,3,ZONE_FACULTY_MEGASTRUCT,Faculty of Floating Megastructure Civil Eng,0.7667,0.625,-650.973,590.197,25.318,534.73,-0.755,-0.6553,0.0243,4
1986,Petal,3,ZONE_FACULTY_MEGASTRUCT,Faculty of Floating Megastructure Civil Eng,0.7667,0.75,-657.051,584.12,19.95,534.73,-0.7543,-0.6561,0.0243,4
1987,Petal,3,ZONE_FACULTY_MEGASTRUCT,Faculty of Floating Megastructure Civil Eng,0.7667,0.875,-663.128,578.042,13.943,534.73,-0.7535,-0.657,0.0243,4
1988,Petal,3,ZONE_CLEARANCE_WATERWAY,Faculty of Floating Megastructure Civil Eng,0.7667,1.0,-669.206,571.965,7.296,534.73,-0.7534,-0.657,0.0247,4
1989,Petal,3,ZONE_CLEARANCE_WATERWAY,Faculty of Floating Megastructure Civil Eng,0.8,-1.0,-602.636,683.275,9.317,582.44,-0.7461,-0.6654,0.0236,4
1990,Petal,3,ZONE_FACULTY_MEGASTRUCT,Faculty of Floating Megastructure Civil Eng,0.8,-0.875,-607.676,678.235,14.331,582.44,-0.7469,-0.6646,0.0235,4
1991,Petal,3,ZONE_FACULTY_MEGASTRUCT,Faculty of Floating Megastructure Civil Eng,0.8,-0.75,-612.716,673.195,18.868,582.44,-0.7475,-0.6638,0.0235,4
1992,Petal,3,ZONE_FACULTY_MEGASTRUCT,Faculty of Floating Megastructure Civil Eng,0.8,-0.625,-617.756,668.155,22.93,582.44,-0.7481,-0.6631,0.0235,4
1993,Petal,3,ZONE_FACULTY_MEGASTRUCT,Faculty of Floating Megastructure Civil Eng,0.8,-0.5,-622.796,663.115,26.515,582.44,-0.7486,-0.6626,0.0234,4
1994,Petal,3,ZONE_FACULTY_MEGASTRUCT,Faculty of Floating Megastructure Civil Eng,0.8,-0.375,-627.836,658.076,29.624,582.44,-0.749,-0.6621,0.0234,4
1995,Petal,3,ZONE_FACULTY_MEGASTRUCT,Faculty of Floating Megastructure Civil Eng,0.8,-0.25,-632.876,653.036,32.256,582.44,-0.7494,-0.6617,0.0234,4
1996,Petal,3,ZONE_FACULTY_MEGASTRUCT,Faculty of Floating Megastructure Civil Eng,0.8,-0.125,-637.916,647.996,34.413,582.44,-0.7497,-0.6614,0.0233,4
1997,Petal,3,ZONE_FACULTY_MEGASTRUCT,Faculty of Floating Megastructure Civil Eng,0.8,0.0,-642.956,642.956,36.093,582.44,-0.7495,-0.6617,0.0231,4
1998,Petal,3,ZONE_FACULTY_MEGASTRUCT,Faculty of Floating Megastructure Civil Eng,0.8,0.125,-647.996,637.916,34.413,582.44,-0.7491,-0.662,0.023,4
1999,Petal,3,ZONE_FACULTY_MEGASTRUCT,Faculty of Floating Megastructure Civil Eng,0.8,0.25,-653.036,632.876,32.256,582.44,-0.7488,-0.6624,0.023,4
2000,Petal,3,ZONE_FACULTY_MEGASTRUCT,Faculty of Floating Megastructure Civil Eng,0.8,0.375,-658.076,627.836,29.624,582.44,-0.7483,-0.663,0.023,4
2001,Petal,3,ZONE_FACULTY_MEGASTRUCT,Faculty of Floating Megastructure Civil Eng,0.8,0.5,-663.115,622.796,26.515,582.44,-0.7478,-0.6636,0.0229,4
2002,Petal,3,ZONE_FACULTY_MEGASTRUCT,Faculty of Floating Megastructure Civil Eng,0.8,0.625,-668.155,617.756,22.93,582.44,-0.7472,-0.6643,0.0229,4
2003,Petal,3,ZONE_FACULTY_MEGASTRUCT,Faculty of Floating Megastructure Civil Eng,0.8,0.75,-673.195,612.716,18.868,582.44,-0.7465,-0.665,0.0229,4
2004,Petal,3,ZONE_FACULTY_MEGASTRUCT,Faculty of Floating Megastructure Civil Eng,0.8,0.875,-678.235,607.676,14.331,582.44,-0.7457,-0.6659,0.0228,4
2005,Petal,3,ZONE_CLEARANCE_WATERWAY,Faculty of Floating Megastructure Civil Eng,0.8,1.0,-683.275,602.636,9.317,582.44,-0.7455,-0.6661,0.0232,4
2006,Petal,3,ZONE_CLEARANCE_WATERWAY,Faculty of Floating Megastructure Civil Eng,0.8333,-1.0,-633.045,697.607,9.93,629.42,-0.7383,-0.6741,0.023,4
2007,Petal,3,ZONE_FACULTY_MEGASTRUCT,Faculty of Floating Megastructure Civil Eng,0.8333,-0.875,-637.08,693.572,13.342,629.42,-0.7389,-0.6734,0.0229,4
2008,Petal,3,ZONE_FACULTY_MEGASTRUCT,Faculty of Floating Megastructure Civil Eng,0.8333,-0.75,-641.115,689.537,16.436,629.42,-0.7395,-0.6727,0.0229,4
2009,Petal,3,ZONE_FACULTY_MEGASTRUCT,Faculty of Floating Megastructure Civil Eng,0.8333,-0.625,-645.15,685.502,19.212,629.42,-0.7401,-0.6721,0.0229,4
2010,Petal,3,ZONE_FACULTY_MEGASTRUCT,Faculty of Floating Megastructure Civil Eng,0.8333,-0.5,-649.185,681.467,21.668,629.42,-0.7406,-0.6716,0.0229,4
2011,Petal,3,ZONE_FACULTY_MEGASTRUCT,Faculty of Floating Megastructure Civil Eng,0.8333,-0.375,-653.221,677.432,23.806,629.42,-0.741,-0.6712,0.0228,4
2012,Petal,3,ZONE_FACULTY_MEGASTRUCT,Faculty of Floating Megastructure Civil Eng,0.8333,-0.25,-657.256,673.396,25.624,629.42,-0.7413,-0.6708,0.0228,4
2013,Petal,3,ZONE_FACULTY_MEGASTRUCT,Faculty of Floating Megastructure Civil Eng,0.8333,-0.125,-661.291,669.361,27.124,629.42,-0.7415,-0.6705,0.0228,4
2014,Petal,3,ZONE_FACULTY_MEGASTRUCT,Faculty of Floating Megastructure Civil Eng,0.8333,0.0,-665.326,665.326,28.305,629.42,-0.7415,-0.6706,0.0225,4
2015,Petal,3,ZONE_FACULTY_MEGASTRUCT,Faculty of Floating Megastructure Civil Eng,0.8333,0.125,-669.361,661.291,27.124,629.42,-0.7412,-0.6709,0.0225,4
2016,Petal,3,ZONE_FACULTY_MEGASTRUCT,Faculty of Floating Megastructure Civil Eng,0.8333,0.25,-673.396,657.256,25.624,629.42,-0.7408,-0.6713,0.0225,4
2017,Petal,3,ZONE_FACULTY_MEGASTRUCT,Faculty of Floating Megastructure Civil Eng,0.8333,0.375,-677.432,653.221,23.806,629.42,-0.7404,-0.6717,0.0225,4
2018,Petal,3,ZONE_FACULTY_MEGASTRUCT,Faculty of Floating Megastructure Civil Eng,0.8333,0.5,-681.467,649.185,21.668,629.42,-0.74,-0.6723,0.0224,4
2019,Petal,3,ZONE_FACULTY_MEGASTRUCT,Faculty of Floating Megastructure Civil Eng,0.8333,0.625,-685.502,645.15,19.212,629.42,-0.7394,-0.6729,0.0224,4
2020,Petal,3,ZONE_FACULTY_MEGASTRUCT,Faculty of Floating Megastructure Civil Eng,0.8333,0.75,-689.537,641.115,16.436,629.42,-0.7388,-0.6735,0.0224,4
2021,Petal,3,ZONE_FACULTY_MEGASTRUCT,Faculty of Floating Megastructure Civil Eng,0.8333,0.875,-693.572,637.08,13.342,629.42,-0.7382,-0.6743,0.0224,4
2022,Petal,3,ZONE_CLEARANCE_WATERWAY,Faculty of Floating Megastructure Civil Eng,0.8333,1.0,-697.607,633.045,9.93,629.42,-0.7378,-0.6746,0.0226,4
2023,Petal,3,ZONE_CLEARANCE_WATERWAY,Faculty of Floating Megastructure Civil Eng,0.8667,-1.0,-663.117,712.276,9.04,675.44,-0.7308,-0.6822,0.0235,4
2024,Petal,3,ZONE_HARBOR_BERTH,Faculty of Floating Megastructure Civil Eng,0.8667,-0.875,-666.189,709.204,11.07,675.44,-0.7313,-0.6816,0.0234,4
2025,Petal,3,ZONE_HARBOR_BERTH,Faculty of Floating Megastructure Civil Eng,0.8667,-0.75,-669.262,706.131,12.915,675.44,-0.7319,-0.6811,0.0234,4
2026,Petal,3,ZONE_HARBOR_BERTH,Faculty of Floating Megastructure Civil Eng,0.8667,-0.625,-672.334,703.059,14.574,675.44,-0.7323,-0.6806,0.0234,4
2027,Petal,3,ZONE_HARBOR_BERTH,Faculty of Floating Megastructure Civil Eng,0.8667,-0.5,-675.407,699.986,16.048,675.44,-0.7327,-0.6801,0.0234,4
2028,Petal,3,ZONE_HARBOR_BERTH,Faculty of Floating Megastructure Civil Eng,0.8667,-0.375,-678.479,696.914,17.337,675.44,-0.733,-0.6798,0.0233,4
2029,Petal,3,ZONE_HARBOR_BERTH,Faculty of Floating Megastructure Civil Eng,0.8667,-0.25,-681.552,693.841,18.439,675.44,-0.7333,-0.6795,0.0233,4
2030,Petal,3,ZONE_HARBOR_BERTH,Faculty of Floating Megastructure Civil Eng,0.8667,-0.125,-684.624,690.769,19.357,675.44,-0.7336,-0.6792,0.0233,4
2031,Petal,3,ZONE_HARBOR_BERTH,Faculty of Floating Megastructure Civil Eng,0.8667,0.0,-687.696,687.696,20.089,675.44,-0.7335,-0.6792,0.0231,4
2032,Petal,3,ZONE_HARBOR_BERTH,Faculty of Floating Megastructure Civil Eng,0.8667,0.125,-690.769,684.624,19.357,675.44,-0.7333,-0.6795,0.0231,4
2033,Petal,3,ZONE_HARBOR_BERTH,Faculty of Floating Megastructure Civil Eng,0.8667,0.25,-693.841,681.552,18.439,675.44,-0.7331,-0.6798,0.0231,4
2034,Petal,3,ZONE_HARBOR_BERTH,Faculty of Floating Megastructure Civil Eng,0.8667,0.375,-696.914,678.479,17.337,675.44,-0.7327,-0.6801,0.023,4
2035,Petal,3,ZONE_HARBOR_BERTH,Faculty of Floating Megastructure Civil Eng,0.8667,0.5,-699.986,675.407,16.048,675.44,-0.7323,-0.6805,0.023,4
2036,Petal,3,ZONE_HARBOR_BERTH,Faculty of Floating Megastructure Civil Eng,0.8667,0.625,-703.059,672.334,14.574,675.44,-0.7319,-0.681,0.023,4
2037,Petal,3,ZONE_HARBOR_BERTH,Faculty of Floating Megastructure Civil Eng,0.8667,0.75,-706.131,669.262,12.915,675.44,-0.7314,-0.6816,0.023,4
2038,Petal,3,ZONE_HARBOR_BERTH,Faculty of Floating Megastructure Civil Eng,0.8667,0.875,-709.204,666.189,11.07,675.44,-0.7309,-0.6821,0.023,4
2039,Petal,3,ZONE_CLEARANCE_WATERWAY,Faculty of Floating Megastructure Civil Eng,0.8667,1.0,-712.276,663.117,9.04,675.44,-0.7305,-0.6825,0.0232,4
2040,Petal,3,ZONE_CLEARANCE_WATERWAY,Faculty of Floating Megastructure Civil Eng,0.9,-1.0,-692.767,727.367,6.865,720.26,-0.7237,-0.6896,0.0255,4
2041,Petal,3,ZONE_HARBOR_BERTH,Faculty of Floating Megastructure Civil Eng,0.9,-0.875,-694.929,725.205,7.854,720.26,-0.7241,-0.6892,0.0255,4
2042,Petal,3,ZONE_HARBOR_BERTH,Faculty of Floating Megastructure Civil Eng,0.9,-0.75,-697.092,723.042,8.756,720.26,-0.7245,-0.6888,0.0255,4
2043,Petal,3,ZONE_HARBOR_BERTH,Faculty of Floating Megastructure Civil Eng,0.9,-0.625,-699.254,720.88,9.571,720.26,-0.7249,-0.6884,0.0254,4
2044,Petal,3,ZONE_HARBOR_BERTH,Faculty of Floating Megastructure Civil Eng,0.9,-0.5,-701.417,718.717,10.297,720.26,-0.7252,-0.6881,0.0254,4
2045,Petal,3,ZONE_HARBOR_BERTH,Faculty of Floating Megastructure Civil Eng,0.9,-0.375,-703.579,716.554,10.936,720.26,-0.7254,-0.6878,0.0254,4
2046,Petal,3,ZONE_HARBOR_BERTH,Faculty of Floating Megastructure Civil Eng,0.9,-0.25,-705.742,714.392,11.488,720.26,-0.7256,-0.6876,0.0254,4
2047,Petal,3,ZONE_HARBOR_BERTH,Faculty of Floating Megastructure Civil Eng,0.9,-0.125,-707.904,712.229,11.951,720.26,-0.7258,-0.6874,0.0254,4
2048,Petal,3,ZONE_HARBOR_BERTH,Faculty of Floating Megastructure Civil Eng,0.9,0.0,-710.067,710.067,12.328,720.26,-0.7259,-0.6874,0.0252,4
2049,Petal,3,ZONE_HARBOR_BERTH,Faculty of Floating Megastructure Civil Eng,0.9,0.125,-712.229,707.904,11.951,720.26,-0.7257,-0.6875,0.0252,4
2050,Petal,3,ZONE_HARBOR_BERTH,Faculty of Floating Megastructure Civil Eng,0.9,0.25,-714.392,705.742,11.488,720.26,-0.7255,-0.6878,0.0252,4
2051,Petal,3,ZONE_HARBOR_BERTH,Faculty of Floating Megastructure Civil Eng,0.9,0.375,-716.554,703.579,10.936,720.26,-0.7252,-0.688,0.0252,4
2052,Petal,3,ZONE_HARBOR_BERTH,Faculty of Floating Megastructure Civil Eng,0.9,0.5,-718.717,701.417,10.297,720.26,-0.725,-0.6883,0.0251,4
2053,Petal,3,ZONE_HARBOR_BERTH,Faculty of Floating Megastructure Civil Eng,0.9,0.625,-720.88,699.254,9.571,720.26,-0.7246,-0.6887,0.0251,4
2054,Petal,3,ZONE_HARBOR_BERTH,Faculty of Floating Megastructure Civil Eng,0.9,0.75,-723.042,697.092,8.756,720.26,-0.7243,-0.6891,0.0251,4
2055,Petal,3,ZONE_HARBOR_BERTH,Faculty of Floating Megastructure Civil Eng,0.9,0.875,-725.205,694.929,7.854,720.26,-0.7239,-0.6895,0.0251,4
2056,Petal,3,ZONE_CLEARANCE_WATERWAY,Faculty of Floating Megastructure Civil Eng,0.9,1.0,-727.367,692.767,6.865,720.26,-0.7236,-0.6898,0.0253,4
2057,Petal,3,ZONE_CLEARANCE_WATERWAY,Faculty of Floating Megastructure Civil Eng,0.9333,-1.0,-721.877,742.997,3.963,763.56,-0.7171,-0.6963,0.0308,4
2058,Petal,3,ZONE_HARBOR_BERTH,Faculty of Floating Megastructure Civil Eng,0.9333,-0.875,-723.197,741.677,4.303,763.56,-0.7174,-0.696,0.0307,4
2059,Petal,3,ZONE_HARBOR_BERTH,Faculty of Floating Megastructure Civil Eng,0.9333,-0.75,-724.517,740.357,4.614,763.56,-0.7176,-0.6958,0.0307,4
2060,Petal,3,ZONE_HARBOR_BERTH,Faculty of Floating Megastructure Civil Eng,0.9333,-0.625,-725.837,739.037,4.897,763.56,-0.7178,-0.6955,0.0307,4
2061,Petal,3,ZONE_HARBOR_BERTH,Faculty of Floating Megastructure Civil Eng,0.9333,-0.5,-727.157,737.717,5.151,763.56,-0.718,-0.6953,0.0307,4
2062,Petal,3,ZONE_HARBOR_BERTH,Faculty of Floating Megastructure Civil Eng,0.9333,-0.375,-728.477,736.397,5.377,763.56,-0.7182,-0.6952,0.0307,4
2063,Petal,3,ZONE_HARBOR_BERTH,Faculty of Floating Megastructure Civil Eng,0.9333,-0.25,-729.797,735.077,5.574,763.56,-0.7183,-0.695,0.0307,4
2064,Petal,3,ZONE_HARBOR_BERTH,Faculty of Floating Megastructure Civil Eng,0.9333,-0.125,-731.117,733.757,5.742,763.56,-0.7185,-0.6949,0.0307,4
2065,Petal,3,ZONE_HARBOR_BERTH,Faculty of Floating Megastructure Civil Eng,0.9333,0.0,-732.437,732.437,5.881,763.56,-0.7185,-0.6948,0.0305,4
2066,Petal,3,ZONE_HARBOR_BERTH,Faculty of Floating Megastructure Civil Eng,0.9333,0.125,-733.757,731.117,5.742,763.56,-0.7184,-0.695,0.0305,4
2067,Petal,3,ZONE_HARBOR_BERTH,Faculty of Floating Megastructure Civil Eng,0.9333,0.25,-735.077,729.797,5.574,763.56,-0.7183,-0.6951,0.0305,4
2068,Petal,3,ZONE_HARBOR_BERTH,Faculty of Floating Megastructure Civil Eng,0.9333,0.375,-736.397,728.477,5.377,763.56,-0.7181,-0.6953,0.0305,4
2069,Petal,3,ZONE_HARBOR_BERTH,Faculty of Floating Megastructure Civil Eng,0.9333,0.5,-737.717,727.157,5.151,763.56,-0.7179,-0.6954,0.0305,4
2070,Petal,3,ZONE_HARBOR_BERTH,Faculty of Floating Megastructure Civil Eng,0.9333,0.625,-739.037,725.837,4.897,763.56,-0.7177,-0.6956,0.0304,4
2071,Petal,3,ZONE_HARBOR_BERTH,Faculty of Floating Megastructure Civil Eng,0.9333,0.75,-740.357,724.517,4.614,763.56,-0.7175,-0.6959,0.0304,4
2072,Petal,3,ZONE_HARBOR_BERTH,Faculty of Floating Megastructure Civil Eng,0.9333,0.875,-741.677,723.197,4.303,763.56,-0.7173,-0.6961,0.0304,4
2073,Petal,3,ZONE_CLEARANCE_WATERWAY,Faculty of Floating Megastructure Civil Eng,0.9333,1.0,-742.997,721.877,3.963,763.56,-0.717,-0.6964,0.0306,4
2074,Petal,3,ZONE_CLEARANCE_WATERWAY,Faculty of Floating Megastructure Civil Eng,0.9667,-1.0,-750.248,759.367,1.248,804.77,-0.7108,-0.7018,0.047,4
2075,Petal,3,ZONE_HARBOR_BERTH,Faculty of Floating Megastructure Civil Eng,0.9667,-0.875,-750.818,758.797,1.299,804.77,-0.7109,-0.7017,0.047,4
2076,Petal,3,ZONE_HARBOR_BERTH,Faculty of Floating Megastructure Civil Eng,0.9667,-0.75,-751.388,758.227,1.347,804.77,-0.711,-0.7016,0.047,4
2077,Petal,3,ZONE_HARBOR_BERTH,Faculty of Floating Megastructure Civil Eng,0.9667,-0.625,-751.958,757.657,1.39,804.77,-0.7111,-0.7015,0.047,4
2078,Petal,3,ZONE_HARBOR_BERTH,Faculty of Floating Megastructure Civil Eng,0.9667,-0.5,-752.528,757.087,1.429,804.77,-0.7112,-0.7014,0.047,4
2079,Petal,3,ZONE_HARBOR_BERTH,Faculty of Floating Megastructure Civil Eng,0.9667,-0.375,-753.098,756.517,1.465,804.77,-0.7113,-0.7013,0.047,4
2080,Petal,3,ZONE_HARBOR_BERTH,Faculty of Floating Megastructure Civil Eng,0.9667,-0.25,-753.668,755.948,1.496,804.77,-0.7114,-0.7012,0.047,4
2081,Petal,3,ZONE_HARBOR_BERTH,Faculty of Floating Megastructure Civil Eng,0.9667,-0.125,-754.238,755.378,1.524,804.77,-0.7114,-0.7012,0.047,4
2082,Petal,3,ZONE_HARBOR_BERTH,Faculty of Floating Megastructure Civil Eng,0.9667,0.0,-754.808,754.808,1.548,804.77,-0.7115,-0.7012,0.0468,4
2083,Petal,3,ZONE_HARBOR_BERTH,Faculty of Floating Megastructure Civil Eng,0.9667,0.125,-755.378,754.238,1.524,804.77,-0.7114,-0.7012,0.0468,4
2084,Petal,3,ZONE_HARBOR_BERTH,Faculty of Floating Megastructure Civil Eng,0.9667,0.25,-755.948,753.668,1.496,804.77,-0.7114,-0.7013,0.0468,4
2085,Petal,3,ZONE_HARBOR_BERTH,Faculty of Floating Megastructure Civil Eng,0.9667,0.375,-756.517,753.098,1.465,804.77,-0.7113,-0.7013,0.0468,4
2086,Petal,3,ZONE_HARBOR_BERTH,Faculty of Floating Megastructure Civil Eng,0.9667,0.5,-757.087,752.528,1.429,804.77,-0.7112,-0.7014,0.0468,4
2087,Petal,3,ZONE_HARBOR_BERTH,Faculty of Floating Megastructure Civil Eng,0.9667,0.625,-757.657,751.958,1.39,804.77,-0.7111,-0.7015,0.0468,4
2088,Petal,3,ZONE_HARBOR_BERTH,Faculty of Floating Megastructure Civil Eng,0.9667,0.75,-758.227,751.388,1.347,804.77,-0.711,-0.7016,0.0468,4
2089,Petal,3,ZONE_HARBOR_BERTH,Faculty of Floating Megastructure Civil Eng,0.9667,0.875,-758.797,750.818,1.299,804.77,-0.7109,-0.7017,0.0468,4
2090,Petal,3,ZONE_CLEARANCE_WATERWAY,Faculty of Floating Megastructure Civil Eng,0.9667,1.0,-759.367,750.248,1.248,804.77,-0.7108,-0.7018,0.0469,4
2091,Petal,3,ZONE_CLEARANCE_WATERWAY,Faculty of Floating Megastructure Civil Eng,1.0,-1.0,-777.178,777.178,0.0,841.9,0.0,0.0,1.0,4
2092,Petal,3,ZONE_HARBOR_BERTH,Faculty of Floating Megastructure Civil Eng,1.0,-0.875,-777.178,777.178,0.0,841.9,0.0,0.0,1.0,4
2093,Petal,3,ZONE_HARBOR_BERTH,Faculty of Floating Megastructure Civil Eng,1.0,-0.75,-777.178,777.178,0.0,841.9,0.0,0.0,1.0,4
2094,Petal,3,ZONE_HARBOR_BERTH,Faculty of Floating Megastructure Civil Eng,1.0,-0.625,-777.178,777.178,0.0,841.9,0.0,0.0,1.0,4
2095,Petal,3,ZONE_HARBOR_BERTH,Faculty of Floating Megastructure Civil Eng,1.0,-0.5,-777.178,777.178,0.0,841.9,0.0,0.0,1.0,4
2096,Petal,3,ZONE_HARBOR_BERTH,Faculty of Floating Megastructure Civil Eng,1.0,-0.375,-777.178,777.178,0.0,841.9,0.0,0.0,1.0,4
2097,Petal,3,ZONE_HARBOR_BERTH,Faculty of Floating Megastructure Civil Eng,1.0,-0.25,-777.178,777.178,0.0,841.9,0.0,0.0,1.0,4
2098,Petal,3,ZONE_HARBOR_BERTH,Faculty of Floating Megastructure Civil Eng,1.0,-0.125,-777.178,777.178,0.0,841.9,0.0,0.0,1.0,4
2099,Petal,3,ZONE_HARBOR_BERTH,Faculty of Floating Megastructure Civil Eng,1.0,0.0,-777.178,777.178,0.0,841.9,0.0,0.0,1.0,4
2100,Petal,3,ZONE_HARBOR_BERTH,Faculty of Floating Megastructure Civil Eng,1.0,0.125,-777.178,777.178,0.0,841.9,0.0,0.0,1.0,4
2101,Petal,3,ZONE_HARBOR_BERTH,Faculty of Floating Megastructure Civil Eng,1.0,0.25,-777.178,777.178,0.0,841.9,0.0,0.0,1.0,4
2102,Petal,3,ZONE_HARBOR_BERTH,Faculty of Floating Megastructure Civil Eng,1.0,0.375,-777.178,777.178,0.0,841.9,0.0,0.0,1.0,4
2103,Petal,3,ZONE_HARBOR_BERTH,Faculty of Floating Megastructure Civil Eng,1.0,0.5,-777.178,777.178,0.0,841.9,0.0,0.0,1.0,4
2104,Petal,3,ZONE_HARBOR_BERTH,Faculty of Floating Megastructure Civil Eng,1.0,0.625,-777.178,777.178,0.0,841.9,0.0,0.0,1.0,4
2105,Petal,3,ZONE_HARBOR_BERTH,Faculty of Floating Megastructure Civil Eng,1.0,0.75,-777.178,777.178,0.0,841.9,0.0,0.0,1.0,4
2106,Petal,3,ZONE_HARBOR_BERTH,Faculty of Floating Megastructure Civil Eng,1.0,0.875,-777.178,777.178,0.0,841.9,0.0,0.0,1.0,4
2107,Petal,3,ZONE_CLEARANCE_WATERWAY,Faculty of Floating Megastructure Civil Eng,1.0,1.0,-777.178,777.178,0.0,841.9,-0.0,0.0,1.0,4
2108,Petal,4,ZONE_CLEARANCE_WATERWAY,Grand Universal Library & Pre-Deluge Archives,0.0,-1.0,-150.0,0.0,0.0,114.81,-0.115,0.0,0.9934,5
2109,Petal,4,ZONE_FACULTY_ARCHIVES,Grand Universal Library & Pre-Deluge Archives,0.0,-0.875,-150.0,0.0,0.0,114.81,-0.058,0.0,0.9983,5
2110,Petal,4,ZONE_FACULTY_ARCHIVES,Grand Universal Library & Pre-Deluge Archives,0.0,-0.75,-150.0,0.0,0.0,114.81,-0.004,0.0,1.0,5
2111,Petal,4,ZONE_FACULTY_ARCHIVES,Grand Universal Library & Pre-Deluge Archives,0.0,-0.625,-150.0,0.0,0.0,114.81,0.0463,-0.0,0.9989,5
2112,Petal,4,ZONE_FACULTY_ARCHIVES,Grand Universal Library & Pre-Deluge Archives,0.0,-0.5,-150.0,0.0,0.0,114.81,0.0928,-0.0,0.9957,5
2113,Petal,4,ZONE_FACULTY_ARCHIVES,Grand Universal Library & Pre-Deluge Archives,0.0,-0.375,-150.0,0.0,0.0,114.81,0.1351,-0.0,0.9908,5
2114,Petal,4,ZONE_FACULTY_ARCHIVES,Grand Universal Library & Pre-Deluge Archives,0.0,-0.25,-150.0,0.0,0.0,114.81,0.1733,-0.0,0.9849,5
2115,Petal,4,ZONE_FACULTY_ARCHIVES,Grand Universal Library & Pre-Deluge Archives,0.0,-0.125,-150.0,0.0,0.0,114.81,0.2073,-0.0,0.9783,5
2116,Petal,4,ZONE_FACULTY_ARCHIVES,Grand Universal Library & Pre-Deluge Archives,0.0,0.0,-150.0,0.0,0.0,114.81,0.2373,-0.0,0.9714,5
2117,Petal,4,ZONE_FACULTY_ARCHIVES,Grand Universal Library & Pre-Deluge Archives,0.0,0.125,-150.0,0.0,0.0,114.81,0.2073,-0.0,0.9783,5
2118,Petal,4,ZONE_FACULTY_ARCHIVES,Grand Universal Library & Pre-Deluge Archives,0.0,0.25,-150.0,0.0,0.0,114.81,0.1733,-0.0,0.9849,5
2119,Petal,4,ZONE_FACULTY_ARCHIVES,Grand Universal Library & Pre-Deluge Archives,0.0,0.375,-150.0,0.0,0.0,114.81,0.1351,-0.0,0.9908,5
2120,Petal,4,ZONE_FACULTY_ARCHIVES,Grand Universal Library & Pre-Deluge Archives,0.0,0.5,-150.0,0.0,0.0,114.81,0.0928,-0.0,0.9957,5
2121,Petal,4,ZONE_FACULTY_ARCHIVES,Grand Universal Library & Pre-Deluge Archives,0.0,0.625,-150.0,0.0,0.0,114.81,0.0463,-0.0,0.9989,5
2122,Petal,4,ZONE_FACULTY_ARCHIVES,Grand Universal Library & Pre-Deluge Archives,0.0,0.75,-150.0,0.0,0.0,114.81,-0.004,0.0,1.0,5
2123,Petal,4,ZONE_FACULTY_ARCHIVES,Grand Universal Library & Pre-Deluge Archives,0.0,0.875,-150.0,0.0,0.0,114.81,-0.058,0.0,0.9983,5
2124,Petal,4,ZONE_CLEARANCE_WATERWAY,Grand Universal Library & Pre-Deluge Archives,0.0,1.0,-150.0,0.0,0.0,114.81,-0.115,0.0,0.9934,5
2125,Petal,4,ZONE_CLEARANCE_WATERWAY,Grand Universal Library & Pre-Deluge Archives,0.0333,-1.0,-181.637,47.021,-2.277,45.0,-0.0908,-0.9328,0.3487,5
2126,Petal,4,ZONE_FACULTY_ARCHIVES,Grand Universal Library & Pre-Deluge Archives,0.0333,-0.875,-181.637,41.143,-0.786,45.0,-0.0767,-0.9348,0.3469,5
2127,Petal,4,ZONE_FACULTY_ARCHIVES,Grand Universal Library & Pre-Deluge Archives,0.0333,-0.75,-181.637,35.266,0.591,45.0,-0.064,-0.9364,0.345,5
2128,Petal,4,ZONE_FACULTY_ARCHIVES,Grand Universal Library & Pre-Deluge Archives,0.0333,-0.625,-181.637,29.388,1.853,45.0,-0.0526,-0.9378,0.3431,5
2129,Petal,4,ZONE_FACULTY_ARCHIVES,Grand Universal Library & Pre-Deluge Archives,0.0333,-0.5,-181.637,23.51,3.001,45.0,-0.0426,-0.9391,0.3411,5
2130,Petal,4,ZONE_FACULTY_ARCHIVES,Grand Universal Library & Pre-Deluge Archives,0.0333,-0.375,-181.637,17.633,4.035,45.0,-0.0339,-0.9401,0.3391,5
2131,Petal,4,ZONE_FACULTY_ARCHIVES,Grand Universal Library & Pre-Deluge Archives,0.0333,-0.25,-181.637,11.755,4.954,45.0,-0.0265,-0.9411,0.3371,5
2132,Petal,4,ZONE_FACULTY_ARCHIVES,Grand Universal Library & Pre-Deluge Archives,0.0333,-0.125,-181.637,5.878,5.76,45.0,-0.0204,-0.942,0.3351,5
2133,Petal,4,ZONE_FACULTY_ARCHIVES,Grand Universal Library & Pre-Deluge Archives,0.0333,0.0,-181.637,0.0,6.45,45.0,-0.0146,-0.95,0.3119,5
2134,Petal,4,ZONE_FACULTY_ARCHIVES,Grand Universal Library & Pre-Deluge Archives,0.0333,0.125,-181.637,-5.878,5.76,45.0,-0.0189,-0.9505,0.3101,5
2135,Petal,4,ZONE_FACULTY_ARCHIVES,Grand Universal Library & Pre-Deluge Archives,0.0333,0.25,-181.637,-11.755,4.954,45.0,-0.0242,-0.951,0.3083,5
2136,Petal,4,ZONE_FACULTY_ARCHIVES,Grand Universal Library & Pre-Deluge Archives,0.0333,0.375,-181.637,-17.633,4.035,45.0,-0.0306,-0.9514,0.3065,5
2137,Petal,4,ZONE_FACULTY_ARCHIVES,Grand Universal Library & Pre-Deluge Archives,0.0333,0.5,-181.637,-23.51,3.001,45.0,-0.038,-0.9517,0.3046,5
2138,Petal,4,ZONE_FACULTY_ARCHIVES,Grand Universal Library & Pre-Deluge Archives,0.0333,0.625,-181.637,-29.388,1.853,45.0,-0.0464,-0.9519,0.3028,5
2139,Petal,4,ZONE_FACULTY_ARCHIVES,Grand Universal Library & Pre-Deluge Archives,0.0333,0.75,-181.637,-35.266,0.591,45.0,-0.0558,-0.952,0.301,5
2140,Petal,4,ZONE_FACULTY_ARCHIVES,Grand Universal Library & Pre-Deluge Archives,0.0333,0.875,-181.637,-41.143,-0.786,45.0,-0.0661,-0.9519,0.2991,5
2141,Petal,4,ZONE_CLEARANCE_WATERWAY,Grand Universal Library & Pre-Deluge Archives,0.0333,1.0,-181.637,-47.021,-2.277,45.0,-0.0836,-0.9433,0.3211,5
2142,Petal,4,ZONE_CLEARANCE_WATERWAY,Grand Universal Library & Pre-Deluge Archives,0.0667,-1.0,-213.273,59.139,-4.514,45.0,-0.0912,-0.9699,0.2259,5
2143,Petal,4,ZONE_FACULTY_ARCHIVES,Grand Universal Library & Pre-Deluge Archives,0.0667,-0.875,-213.273,51.747,-1.818,45.0,-0.0825,-0.971,0.2246,5
2144,Petal,4,ZONE_FACULTY_ARCHIVES,Grand Universal Library & Pre-Deluge Archives,0.0667,-0.75,-213.273,44.354,0.651,45.0,-0.0747,-0.9719,0.2232,5
2145,Petal,4,ZONE_FACULTY_ARCHIVES,Grand Universal Library & Pre-Deluge Archives,0.0667,-0.625,-213.273,36.962,2.892,45.0,-0.0678,-0.9727,0.2218,5
2146,Petal,4,ZONE_FACULTY_ARCHIVES,Grand Universal Library & Pre-Deluge Archives,0.0667,-0.5,-213.273,29.57,4.906,45.0,-0.0617,-0.9734,0.2205,5
2147,Petal,4,ZONE_FACULTY_ARCHIVES,Grand Universal Library & Pre-Deluge Archives,0.0667,-0.375,-213.273,22.177,6.693,45.0,-0.0565,-0.9741,0.2191,5
2148,Petal,4,ZONE_FACULTY_ARCHIVES,Grand Universal Library & Pre-Deluge Archives,0.0667,-0.25,-213.273,14.785,8.252,45.0,-0.0521,-0.9746,0.2177,5
2149,Petal,4,ZONE_FACULTY_ARCHIVES,Grand Universal Library & Pre-Deluge Archives,0.0667,-0.125,-213.273,7.392,9.584,45.0,-0.0485,-0.9751,0.2163,5
2150,Petal,4,ZONE_FACULTY_ARCHIVES,Grand Universal Library & Pre-Deluge Archives,0.0667,0.0,-213.273,0.0,10.688,45.0,-0.0433,-0.9781,0.2035,5
2151,Petal,4,ZONE_FACULTY_ARCHIVES,Grand Universal Library & Pre-Deluge Archives,0.0667,0.125,-213.273,-7.392,9.584,45.0,-0.0454,-0.9783,0.2022,5
2152,Petal,4,ZONE_FACULTY_ARCHIVES,Grand Universal Library & Pre-Deluge Archives,0.0667,0.25,-213.273,-14.785,8.252,45.0,-0.0481,-0.9784,0.201,5
2153,Petal,4,ZONE_FACULTY_ARCHIVES,Grand Universal Library & Pre-Deluge Archives,0.0667,0.375,-213.273,-22.177,6.693,45.0,-0.0515,-0.9785,0.1997,5
2154,Petal,4,ZONE_FACULTY_ARCHIVES,Grand Universal Library & Pre-Deluge Archives,0.0667,0.5,-213.273,-29.57,4.906,45.0,-0.0556,-0.9785,0.1985,5
2155,Petal,4,ZONE_FACULTY_ARCHIVES,Grand Universal Library & Pre-Deluge Archives,0.0667,0.625,-213.273,-36.962,2.892,45.0,-0.0603,-0.9785,0.1973,5
2156,Petal,4,ZONE_FACULTY_ARCHIVES,Grand Universal Library & Pre-Deluge Archives,0.0667,0.75,-213.273,-44.354,0.651,45.0,-0.0656,-0.9784,0.196,5
2157,Petal,4,ZONE_FACULTY_ARCHIVES,Grand Universal Library & Pre-Deluge Archives,0.0667,0.875,-213.273,-51.747,-1.818,45.0,-0.0716,-0.9782,0.1948,5
2158,Petal,4,ZONE_CLEARANCE_WATERWAY,Grand Universal Library & Pre-Deluge Archives,0.0667,1.0,-213.273,-59.139,-4.514,45.0,-0.0842,-0.9744,0.2086,5
2159,Petal,4,ZONE_CLEARANCE_WATERWAY,Grand Universal Library & Pre-Deluge Archives,0.1,-1.0,-244.91,71.257,-6.672,45.0,-0.0994,-0.9782,0.1822,5
2160,Petal,4,ZONE_FACULTY_ARCHIVES,Grand Universal Library & Pre-Deluge Archives,0.1,-0.875,-244.91,62.35,-2.855,45.0,-0.0927,-0.9791,0.1811,5
2161,Petal,4,ZONE_FACULTY_ARCHIVES,Grand Universal Library & Pre-Deluge Archives,0.1,-0.75,-244.91,53.443,0.624,45.0,-0.0866,-0.9799,0.1799,5
2162,Petal,4,ZONE_FACULTY_ARCHIVES,Grand Universal Library & Pre-Deluge Archives,0.1,-0.625,-244.91,44.536,3.764,45.0,-0.0812,-0.9805,0.1788,5
2163,Petal,4,ZONE_FACULTY_ARCHIVES,Grand Universal Library & Pre-Deluge Archives,0.1,-0.5,-244.91,35.629,6.567,45.0,-0.0765,-0.9811,0.1777,5
2164,Petal,4,ZONE_FACULTY_ARCHIVES,Grand Universal Library & Pre-Deluge Archives,0.1,-0.375,-244.91,26.722,9.032,45.0,-0.0724,-0.9816,0.1766,5
2165,Petal,4,ZONE_FACULTY_ARCHIVES,Grand Universal Library & Pre-Deluge Archives,0.1,-0.25,-244.91,17.814,11.159,45.0,-0.069,-0.9821,0.1755,5
2166,Petal,4,ZONE_FACULTY_ARCHIVES,Grand Universal Library & Pre-Deluge Archives,0.1,-0.125,-244.91,8.907,12.947,45.0,-0.0662,-0.9825,0.1743,5
2167,Petal,4,ZONE_FACULTY_ARCHIVES,Grand Universal Library & Pre-Deluge Archives,0.1,0.0,-244.91,0.0,14.398,45.0,-0.0611,-0.9844,0.1651,5
2168,Petal,4,ZONE_FACULTY_ARCHIVES,Grand Universal Library & Pre-Deluge Archives,0.1,0.125,-244.91,-8.907,12.947,45.0,-0.0623,-0.9845,0.1641,5
2169,Petal,4,ZONE_FACULTY_ARCHIVES,Grand Universal Library & Pre-Deluge Archives,0.1,0.25,-244.91,-17.814,11.159,45.0,-0.0641,-0.9845,0.1631,5
2170,Petal,4,ZONE_FACULTY_ARCHIVES,Grand Universal Library & Pre-Deluge Archives,0.1,0.375,-244.91,-26.722,9.032,45.0,-0.0665,-0.9845,0.1621,5
2171,Petal,4,ZONE_FACULTY_ARCHIVES,Grand Universal Library & Pre-Deluge Archives,0.1,0.5,-244.91,-35.629,6.567,45.0,-0.0693,-0.9845,0.1611,5
2172,Petal,4,ZONE_FACULTY_ARCHIVES,Grand Universal Library & Pre-Deluge Archives,0.1,0.625,-244.91,-44.536,3.764,45.0,-0.0727,-0.9844,0.1601,5
2173,Petal,4,ZONE_FACULTY_ARCHIVES,Grand Universal Library & Pre-Deluge Archives,0.1,0.75,-244.91,-53.443,0.624,45.0,-0.0765,-0.9843,0.1591,5
2174,Petal,4,ZONE_FACULTY_ARCHIVES,Grand Universal Library & Pre-Deluge Archives,0.1,0.875,-244.91,-62.35,-2.855,45.0,-0.0809,-0.9841,0.1581,5
2175,Petal,4,ZONE_CLEARANCE_WATERWAY,Grand Universal Library & Pre-Deluge Archives,0.1,1.0,-244.91,-71.257,-6.672,45.0,-0.0921,-0.9813,0.1688,5
2176,Petal,4,ZONE_CLEARANCE_WATERWAY,Grand Universal Library & Pre-Deluge Archives,0.1333,-1.0,-276.546,83.376,-8.711,45.0,-0.1097,-0.981,0.1598,5
2177,Petal,4,ZONE_FACULTY_ARCHIVES,Grand Universal Library & Pre-Deluge Archives,0.1333,-0.875,-276.546,72.954,-3.842,45.0,-0.104,-0.9818,0.1588,5
2178,Petal,4,ZONE_FACULTY_ARCHIVES,Grand Universal Library & Pre-Deluge Archives,0.1333,-0.75,-276.546,62.532,0.582,45.0,-0.0988,-0.9825,0.1578,5
2179,Petal,4,ZONE_FACULTY_ARCHIVES,Grand Universal Library & Pre-Deluge Archives,0.1333,-0.625,-276.546,52.11,4.562,45.0,-0.0942,-0.9831,0.1568,5
2180,Petal,4,ZONE_FACULTY_ARCHIVES,Grand Universal Library & Pre-Deluge Archives,0.1333,-0.5,-276.546,41.688,8.096,45.0,-0.0902,-0.9836,0.1559,5
2181,Petal,4,ZONE_FACULTY_ARCHIVES,Grand Universal Library & Pre-Deluge Archives,0.1333,-0.375,-276.546,31.266,11.185,45.0,-0.0868,-0.9841,0.1549,5
2182,Petal,4,ZONE_FACULTY_ARCHIVES,Grand Universal Library & Pre-Deluge Archives,0.1333,-0.25,-276.546,20.844,13.83,45.0,-0.0838,-0.9845,0.1539,5
2183,Petal,4,ZONE_FACULTY_ARCHIVES,Grand Universal Library & Pre-Deluge Archives,0.1333,-0.125,-276.546,10.422,16.03,45.0,-0.0814,-0.9849,0.153,5
2184,Petal,4,ZONE_FACULTY_ARCHIVES,Grand Universal Library & Pre-Deluge Archives,0.1333,0.0,-276.546,0.0,17.785,45.0,-0.0762,-0.9864,0.1456,5
2185,Petal,4,ZONE_FACULTY_ARCHIVES,Grand Universal Library & Pre-Deluge Archives,0.1333,0.125,-276.546,-10.422,16.03,45.0,-0.077,-0.9865,0.1447,5
2186,Petal,4,ZONE_FACULTY_ARCHIVES,Grand Universal Library & Pre-Deluge Archives,0.1333,0.25,-276.546,-20.844,13.83,45.0,-0.0783,-0.9865,0.1438,5
2187,Petal,4,ZONE_FACULTY_ARCHIVES,Grand Universal Library & Pre-Deluge Archives,0.1333,0.375,-276.546,-31.266,11.185,45.0,-0.08,-0.9865,0.1429,5
2188,Petal,4,ZONE_FACULTY_ARCHIVES,Grand Universal Library & Pre-Deluge Archives,0.1333,0.5,-276.546,-41.688,8.096,45.0,-0.0822,-0.9864,0.142,5
2189,Petal,4,ZONE_FACULTY_ARCHIVES,Grand Universal Library & Pre-Deluge Archives,0.1333,0.625,-276.546,-52.11,4.562,45.0,-0.0848,-0.9864,0.1411,5
2190,Petal,4,ZONE_FACULTY_ARCHIVES,Grand Universal Library & Pre-Deluge Archives,0.1333,0.75,-276.546,-62.532,0.582,45.0,-0.0878,-0.9862,0.1403,5
2191,Petal,4,ZONE_FACULTY_ARCHIVES,Grand Universal Library & Pre-Deluge Archives,0.1333,0.875,-276.546,-72.954,-3.842,45.0,-0.0913,-0.986,0.1394,5
2192,Petal,4,ZONE_CLEARANCE_WATERWAY,Grand Universal Library & Pre-Deluge Archives,0.1333,1.0,-276.546,-83.376,-8.711,45.0,-0.1019,-0.9837,0.1484,5
2193,Petal,4,ZONE_CLEARANCE_WATERWAY,Grand Universal Library & Pre-Deluge Archives,0.1667,-1.0,-308.183,95.494,-10.594,45.0,-0.1207,-0.9819,0.1461,5
2194,Petal,4,ZONE_FACULTY_ARCHIVES,Grand Universal Library & Pre-Deluge Archives,0.1667,-0.875,-308.183,83.557,-4.74,45.0,-0.1157,-0.9826,0.1452,5
2195,Petal,4,ZONE_FACULTY_ARCHIVES,Grand Universal Library & Pre-Deluge Archives,0.1667,-0.75,-308.183,71.621,0.568,45.0,-0.1111,-0.9833,0.1443,5
2196,Petal,4,ZONE_FACULTY_ARCHIVES,Grand Universal Library & Pre-Deluge Archives,0.1667,-0.625,-308.183,59.684,5.328,45.0,-0.1071,-0.9838,0.1435,5
2197,Petal,4,ZONE_FACULTY_ARCHIVES,Grand Universal Library & Pre-Deluge Archives,0.1667,-0.5,-308.183,47.747,9.541,45.0,-0.1035,-0.9844,0.1426,5
2198,Petal,4,ZONE_FACULTY_ARCHIVES,Grand Universal Library & Pre-Deluge Archives,0.1667,-0.375,-308.183,35.81,13.208,45.0,-0.1005,-0.9848,0.1417,5
2199,Petal,4,ZONE_FACULTY_ARCHIVES,Grand Universal Library & Pre-Deluge Archives,0.1667,-0.25,-308.183,23.874,16.328,45.0,-0.0978,-0.9852,0.1408,5
2200,Petal,4,ZONE_FACULTY_ARCHIVES,Grand Universal Library & Pre-Deluge Archives,0.1667,-0.125,-308.183,11.937,18.901,45.0,-0.0957,-0.9855,0.14,5
2201,Petal,4,ZONE_FACULTY_ARCHIVES,Grand Universal Library & Pre-Deluge Archives,0.1667,0.0,-308.183,0.0,20.927,45.0,-0.0904,-0.9869,0.1337,5
2202,Petal,4,ZONE_FACULTY_ARCHIVES,Grand Universal Library & Pre-Deluge Archives,0.1667,0.125,-308.183,-11.937,18.901,45.0,-0.0909,-0.987,0.1329,5
2203,Petal,4,ZONE_FACULTY_ARCHIVES,Grand Universal Library & Pre-Deluge Archives,0.1667,0.25,-308.183,-23.874,16.328,45.0,-0.0918,-0.987,0.1321,5
2204,Petal,4,ZONE_FACULTY_ARCHIVES,Grand Universal Library & Pre-Deluge Archives,0.1667,0.375,-308.183,-35.81,13.208,45.0,-0.0931,-0.987,0.1313,5
2205,Petal,4,ZONE_FACULTY_ARCHIVES,Grand Universal Library & Pre-Deluge Archives,0.1667,0.5,-308.183,-47.747,9.541,45.0,-0.0947,-0.9869,0.1305,5
2206,Petal,4,ZONE_FACULTY_ARCHIVES,Grand Universal Library & Pre-Deluge Archives,0.1667,0.625,-308.183,-59.684,5.328,45.0,-0.0968,-0.9868,0.1297,5
2207,Petal,4,ZONE_FACULTY_ARCHIVES,Grand Universal Library & Pre-Deluge Archives,0.1667,0.75,-308.183,-71.621,0.568,45.0,-0.0992,-0.9867,0.1289,5
2208,Petal,4,ZONE_FACULTY_ARCHIVES,Grand Universal Library & Pre-Deluge Archives,0.1667,0.875,-308.183,-83.557,-4.74,45.0,-0.102,-0.9865,0.1281,5
2209,Petal,4,ZONE_CLEARANCE_WATERWAY,Grand Universal Library & Pre-Deluge Archives,0.1667,1.0,-308.183,-95.494,-10.594,45.0,-0.1125,-0.9843,0.1361,5
2210,Petal,4,ZONE_CLEARANCE_WATERWAY,Grand Universal Library & Pre-Deluge Archives,0.2,-1.0,-339.819,107.612,-12.285,45.0,-0.132,-0.9818,0.1368,5
2211,Petal,4,ZONE_FACULTY_ARCHIVES,Grand Universal Library & Pre-Deluge Archives,0.2,-0.875,-339.819,94.161,-5.516,45.0,-0.1275,-0.9825,0.136,5
2212,Petal,4,ZONE_FACULTY_ARCHIVES,Grand Universal Library & Pre-Deluge Archives,0.2,-0.75,-339.819,80.709,0.609,45.0,-0.1235,-0.9831,0.1352,5
2213,Petal,4,ZONE_FACULTY_ARCHIVES,Grand Universal Library & Pre-Deluge Archives,0.2,-0.625,-339.819,67.258,6.092,45.0,-0.1198,-0.9837,0.1344,5
2214,Petal,4,ZONE_FACULTY_ARCHIVES,Grand Universal Library & Pre-Deluge Archives,0.2,-0.5,-339.819,53.806,10.932,45.0,-0.1166,-0.9842,0.1336,5
2215,Petal,4,ZONE_FACULTY_ARCHIVES,Grand Universal Library & Pre-Deluge Archives,0.2,-0.375,-339.819,40.355,15.129,45.0,-0.1138,-0.9846,0.1328,5
2216,Petal,4,ZONE_FACULTY_ARCHIVES,Grand Universal Library & Pre-Deluge Archives,0.2,-0.25,-339.819,26.903,18.683,45.0,-0.1114,-0.985,0.132,5
2217,Petal,4,ZONE_FACULTY_ARCHIVES,Grand Universal Library & Pre-Deluge Archives,0.2,-0.125,-339.819,13.452,21.594,45.0,-0.1094,-0.9853,0.1312,5
2218,Petal,4,ZONE_FACULTY_ARCHIVES,Grand Universal Library & Pre-Deluge Archives,0.2,0.0,-339.819,0.0,23.862,45.0,-0.104,-0.9866,0.1257,5
2219,Petal,4,ZONE_FACULTY_ARCHIVES,Grand Universal Library & Pre-Deluge Archives,0.2,0.125,-339.819,-13.452,21.594,45.0,-0.1043,-0.9867,0.125,5
2220,Petal,4,ZONE_FACULTY_ARCHIVES,Grand Universal Library & Pre-Deluge Archives,0.2,0.25,-339.819,-26.903,18.683,45.0,-0.1049,-0.9867,0.1242,5
2221,Petal,4,ZONE_FACULTY_ARCHIVES,Grand Universal Library & Pre-Deluge Archives,0.2,0.375,-339.819,-40.355,15.129,45.0,-0.1058,-0.9867,0.1235,5
2222,Petal,4,ZONE_FACULTY_ARCHIVES,Grand Universal Library & Pre-Deluge Archives,0.2,0.5,-339.819,-53.806,10.932,45.0,-0.1071,-0.9866,0.1227,5
2223,Petal,4,ZONE_FACULTY_ARCHIVES,Grand Universal Library & Pre-Deluge Archives,0.2,0.625,-339.819,-67.258,6.092,45.0,-0.1088,-0.9866,0.122,5
2224,Petal,4,ZONE_FACULTY_ARCHIVES,Grand Universal Library & Pre-Deluge Archives,0.2,0.75,-339.819,-80.709,0.609,45.0,-0.1107,-0.9864,0.1213,5
2225,Petal,4,ZONE_FACULTY_ARCHIVES,Grand Universal Library & Pre-Deluge Archives,0.2,0.875,-339.819,-94.161,-5.516,45.0,-0.113,-0.9863,0.1205,5
2226,Petal,4,ZONE_CLEARANCE_WATERWAY,Grand Universal Library & Pre-Deluge Archives,0.2,1.0,-339.819,-107.612,-12.285,45.0,-0.1233,-0.9841,0.1278,5
2227,Petal,4,ZONE_CLEARANCE_WATERWAY,Grand Universal Library & Pre-Deluge Archives,0.2333,-1.0,-371.456,119.731,-13.751,45.0,-0.1434,-0.9811,0.13,5
2228,Petal,4,ZONE_FACULTY_ARCHIVES,Grand Universal Library & Pre-Deluge Archives,0.2333,-0.875,-371.456,104.764,-6.144,45.0,-0.1393,-0.9818,0.1293,5
2229,Petal,4,ZONE_FACULTY_ARCHIVES,Grand Universal Library & Pre-Deluge Archives,0.2333,-0.75,-371.456,89.798,0.731,45.0,-0.1357,-0.9824,0.1285,5
2230,Petal,4,ZONE_FACULTY_ARCHIVES,Grand Universal Library & Pre-Deluge Archives,0.2333,-0.625,-371.456,74.832,6.875,45.0,-0.1324,-0.9829,0.1278,5
2231,Petal,4,ZONE_FACULTY_ARCHIVES,Grand Universal Library & Pre-Deluge Archives,0.2333,-0.5,-371.456,59.865,12.286,45.0,-0.1295,-0.9834,0.127,5
2232,Petal,4,ZONE_FACULTY_ARCHIVES,Grand Universal Library & Pre-Deluge Archives,0.2333,-0.375,-371.456,44.899,16.965,45.0,-0.1269,-0.9838,0.1263,5
2233,Petal,4,ZONE_FACULTY_ARCHIVES,Grand Universal Library & Pre-Deluge Archives,0.2333,-0.25,-371.456,29.933,20.913,45.0,-0.1247,-0.9842,0.1256,5
2234,Petal,4,ZONE_FACULTY_ARCHIVES,Grand Universal Library & Pre-Deluge Archives,0.2333,-0.125,-371.456,14.966,24.129,45.0,-0.1229,-0.9845,0.1248,5
2235,Petal,4,ZONE_FACULTY_ARCHIVES,Grand Universal Library & Pre-Deluge Archives,0.2333,0.0,-371.456,0.0,26.613,45.0,-0.1173,-0.9858,0.1199,5
2236,Petal,4,ZONE_FACULTY_ARCHIVES,Grand Universal Library & Pre-Deluge Archives,0.2333,0.125,-371.456,-14.966,24.129,45.0,-0.1174,-0.9859,0.1192,5
2237,Petal,4,ZONE_FACULTY_ARCHIVES,Grand Universal Library & Pre-Deluge Archives,0.2333,0.25,-371.456,-29.933,20.913,45.0,-0.1178,-0.9859,0.1185,5
2238,Petal,4,ZONE_FACULTY_ARCHIVES,Grand Universal Library & Pre-Deluge Archives,0.2333,0.375,-371.456,-44.899,16.965,45.0,-0.1184,-0.9859,0.1179,5
2239,Petal,4,ZONE_FACULTY_ARCHIVES,Grand Universal Library & Pre-Deluge Archives,0.2333,0.5,-371.456,-59.865,12.286,45.0,-0.1194,-0.9859,0.1172,5
2240,Petal,4,ZONE_FACULTY_ARCHIVES,Grand Universal Library & Pre-Deluge Archives,0.2333,0.625,-371.456,-74.832,6.875,45.0,-0.1207,-0.9858,0.1165,5
2241,Petal,4,ZONE_FACULTY_ARCHIVES,Grand Universal Library & Pre-Deluge Archives,0.2333,0.75,-371.456,-89.798,0.731,45.0,-0.1222,-0.9857,0.1158,5
2242,Petal,4,ZONE_FACULTY_ARCHIVES,Grand Universal Library & Pre-Deluge Archives,0.2333,0.875,-371.456,-104.764,-6.144,45.0,-0.1241,-0.9856,0.1151,5
2243,Petal,4,ZONE_CLEARANCE_WATERWAY,Grand Universal Library & Pre-Deluge Archives,0.2333,1.0,-371.456,-119.731,-13.751,45.0,-0.1343,-0.9834,0.1218,5
2244,Petal,4,ZONE_CLEARANCE_WATERWAY,Grand Universal Library & Pre-Deluge Archives,0.2667,-1.0,-403.092,131.849,-14.96,45.0,-0.1547,-0.98,0.1248,5
2245,Petal,4,ZONE_FACULTY_ARCHIVES,Grand Universal Library & Pre-Deluge Archives,0.2667,-0.875,-403.092,115.368,-6.596,45.0,-0.1511,-0.9807,0.1241,5
2246,Petal,4,ZONE_FACULTY_ARCHIVES,Grand Universal Library & Pre-Deluge Archives,0.2667,-0.75,-403.092,98.887,0.954,45.0,-0.1478,-0.9813,0.1234,5
2247,Petal,4,ZONE_FACULTY_ARCHIVES,Grand Universal Library & Pre-Deluge Archives,0.2667,-0.625,-403.092,82.406,7.692,45.0,-0.1448,-0.9818,0.1227,5
2248,Petal,4,ZONE_FACULTY_ARCHIVES,Grand Universal Library & Pre-Deluge Archives,0.2667,-0.5,-403.092,65.924,13.617,45.0,-0.1422,-0.9823,0.1221,5
2249,Petal,4,ZONE_FACULTY_ARCHIVES,Grand Universal Library & Pre-Deluge Archives,0.2667,-0.375,-403.092,49.443,18.73,45.0,-0.1399,-0.9827,0.1214,5
2250,Petal,4,ZONE_FACULTY_ARCHIVES,Grand Universal Library & Pre-Deluge Archives,0.2667,-0.25,-403.092,32.962,23.029,45.0,-0.1378,-0.9831,0.1207,5
2251,Petal,4,ZONE_FACULTY_ARCHIVES,Grand Universal Library & Pre-Deluge Archives,0.2667,-0.125,-403.092,16.481,26.516,45.0,-0.1361,-0.9834,0.12,5
2252,Petal,4,ZONE_FACULTY_ARCHIVES,Grand Universal Library & Pre-Deluge Archives,0.2667,0.0,-403.092,0.0,29.19,45.0,-0.1305,-0.9847,0.1156,5
2253,Petal,4,ZONE_FACULTY_ARCHIVES,Grand Universal Library & Pre-Deluge Archives,0.2667,0.125,-403.092,-16.481,26.516,45.0,-0.1304,-0.9848,0.1149,5
2254,Petal,4,ZONE_FACULTY_ARCHIVES,Grand Universal Library & Pre-Deluge Archives,0.2667,0.25,-403.092,-32.962,23.029,45.0,-0.1305,-0.9848,0.1143,5
2255,Petal,4,ZONE_FACULTY_ARCHIVES,Grand Universal Library & Pre-Deluge Archives,0.2667,0.375,-403.092,-49.443,18.73,45.0,-0.1309,-0.9849,0.1136,5
2256,Petal,4,ZONE_FACULTY_ARCHIVES,Grand Universal Library & Pre-Deluge Archives,0.2667,0.5,-403.092,-65.924,13.617,45.0,-0.1316,-0.9848,0.113,5
2257,Petal,4,ZONE_FACULTY_ARCHIVES,Grand Universal Library & Pre-Deluge Archives,0.2667,0.625,-403.092,-82.406,7.692,45.0,-0.1326,-0.9848,0.1123,5
2258,Petal,4,ZONE_FACULTY_ARCHIVES,Grand Universal Library & Pre-Deluge Archives,0.2667,0.75,-403.092,-98.887,0.954,45.0,-0.1337,-0.9847,0.1117,5
2259,Petal,4,ZONE_FACULTY_ARCHIVES,Grand Universal Library & Pre-Deluge Archives,0.2667,0.875,-403.092,-115.368,-6.596,45.0,-0.1352,-0.9846,0.1111,5
2260,Petal,4,ZONE_CLEARANCE_WATERWAY,Grand Universal Library & Pre-Deluge Archives,0.2667,1.0,-403.092,-131.849,-14.96,45.0,-0.1453,-0.9824,0.1172,5
2261,Petal,4,ZONE_CLEARANCE_WATERWAY,Grand Universal Library & Pre-Deluge Archives,0.3,-1.0,-434.729,143.967,-15.884,45.0,-0.1659,-0.9787,0.1207,5
2262,Petal,4,ZONE_FACULTY_ARCHIVES,Grand Universal Library & Pre-Deluge Archives,0.3,-0.875,-434.729,125.971,-6.852,45.0,-0.1627,-0.9793,0.12,5
2263,Petal,4,ZONE_FACULTY_ARCHIVES,Grand Universal Library & Pre-Deluge Archives,0.3,-0.75,-434.729,107.975,1.296,45.0,-0.1598,-0.9799,0.1194,5
2264,Petal,4,ZONE_FACULTY_ARCHIVES,Grand Universal Library & Pre-Deluge Archives,0.3,-0.625,-434.729,89.98,8.559,45.0,-0.1571,-0.9804,0.1187,5
2265,Petal,4,ZONE_FACULTY_ARCHIVES,Grand Universal Library & Pre-Deluge Archives,0.3,-0.5,-434.729,71.984,14.937,45.0,-0.1548,-0.9809,0.1181,5
2266,Petal,4,ZONE_FACULTY_ARCHIVES,Grand Universal Library & Pre-Deluge Archives,0.3,-0.375,-434.729,53.988,20.43,45.0,-0.1526,-0.9813,0.1174,5
2267,Petal,4,ZONE_FACULTY_ARCHIVES,Grand Universal Library & Pre-Deluge Archives,0.3,-0.25,-434.729,35.992,25.038,45.0,-0.1508,-0.9816,0.1168,5
2268,Petal,4,ZONE_FACULTY_ARCHIVES,Grand Universal Library & Pre-Deluge Archives,0.3,-0.125,-434.729,17.996,28.762,45.0,-0.1491,-0.982,0.1161,5
2269,Petal,4,ZONE_FACULTY_ARCHIVES,Grand Universal Library & Pre-Deluge Archives,0.3,0.0,-434.729,0.0,31.6,45.0,-0.1434,-0.9833,0.1121,5
2270,Petal,4,ZONE_FACULTY_ARCHIVES,Grand Universal Library & Pre-Deluge Archives,0.3,0.125,-434.729,-17.996,28.762,45.0,-0.1432,-0.9834,0.1115,5
2271,Petal,4,ZONE_FACULTY_ARCHIVES,Grand Universal Library & Pre-Deluge Archives,0.3,0.25,-434.729,-35.992,25.038,45.0,-0.1432,-0.9835,0.1109,5
2272,Petal,4,ZONE_FACULTY_ARCHIVES,Grand Universal Library & Pre-Deluge Archives,0.3,0.375,-434.729,-53.988,20.43,45.0,-0.1433,-0.9835,0.1103,5
2273,Petal,4,ZONE_FACULTY_ARCHIVES,Grand Universal Library & Pre-Deluge Archives,0.3,0.5,-434.729,-71.984,14.937,45.0,-0.1438,-0.9835,0.1097,5
2274,Petal,4,ZONE_FACULTY_ARCHIVES,Grand Universal Library & Pre-Deluge Archives,0.3,0.625,-434.729,-89.98,8.559,45.0,-0.1444,-0.9835,0.1091,5
2275,Petal,4,ZONE_FACULTY_ARCHIVES,Grand Universal Library & Pre-Deluge Archives,0.3,0.75,-434.729,-107.975,1.296,45.0,-0.1452,-0.9834,0.1085,5
2276,Petal,4,ZONE_FACULTY_ARCHIVES,Grand Universal Library & Pre-Deluge Archives,0.3,0.875,-434.729,-125.971,-6.852,45.0,-0.1463,-0.9833,0.1079,5
2277,Petal,4,ZONE_CLEARANCE_WATERWAY,Grand Universal Library & Pre-Deluge Archives,0.3,1.0,-434.729,-143.967,-15.884,45.0,-0.1563,-0.9812,0.1136,5
2278,Petal,4,ZONE_CLEARANCE_WATERWAY,Grand Universal Library & Pre-Deluge Archives,0.3333,-1.0,-466.365,156.086,-16.498,45.0,-0.1771,-0.9772,0.1172,5
2279,Petal,4,ZONE_FACULTY_ARCHIVES,Grand Universal Library & Pre-Deluge Archives,0.3333,-0.875,-466.365,136.575,-6.889,45.0,-0.1743,-0.9778,0.1166,5
2280,Petal,4,ZONE_FACULTY_ARCHIVES,Grand Universal Library & Pre-Deluge Archives,0.3333,-0.75,-466.365,117.064,1.772,45.0,-0.1717,-0.9783,0.116,5
2281,Petal,4,ZONE_FACULTY_ARCHIVES,Grand Universal Library & Pre-Deluge Archives,0.3333,-0.625,-466.365,97.554,9.486,45.0,-0.1693,-0.9788,0.1154,5
2282,Petal,4,ZONE_FACULTY_ARCHIVES,Grand Universal Library & Pre-Deluge Archives,0.3333,-0.5,-466.365,78.043,16.253,45.0,-0.1672,-0.9792,0.1148,5
2283,Petal,4,ZONE_FACULTY_ARCHIVES,Grand Universal Library & Pre-Deluge Archives,0.3333,-0.375,-466.365,58.532,22.073,45.0,-0.1652,-0.9796,0.1142,5
2284,Petal,4,ZONE_FACULTY_ARCHIVES,Grand Universal Library & Pre-Deluge Archives,0.3333,-0.25,-466.365,39.021,26.946,45.0,-0.1635,-0.98,0.1136,5
2285,Petal,4,ZONE_FACULTY_ARCHIVES,Grand Universal Library & Pre-Deluge Archives,0.3333,-0.125,-466.365,19.511,30.871,45.0,-0.162,-0.9803,0.113,5
2286,Petal,4,ZONE_FACULTY_ARCHIVES,Grand Universal Library & Pre-Deluge Archives,0.3333,0.0,-466.365,0.0,33.849,45.0,-0.1563,-0.9816,0.1093,5
2287,Petal,4,ZONE_FACULTY_ARCHIVES,Grand Universal Library & Pre-Deluge Archives,0.3333,0.125,-466.365,-19.511,30.871,45.0,-0.1559,-0.9818,0.1087,5
2288,Petal,4,ZONE_FACULTY_ARCHIVES,Grand Universal Library & Pre-Deluge Archives,0.3333,0.25,-466.365,-39.021,26.946,45.0,-0.1557,-0.9819,0.1082,5
2289,Petal,4,ZONE_FACULTY_ARCHIVES,Grand Universal Library & Pre-Deluge Archives,0.3333,0.375,-466.365,-58.532,22.073,45.0,-0.1557,-0.9819,0.1076,5
2290,Petal,4,ZONE_FACULTY_ARCHIVES,Grand Universal Library & Pre-Deluge Archives,0.3333,0.5,-466.365,-78.043,16.253,45.0,-0.1558,-0.982,0.107,5
2291,Petal,4,ZONE_FACULTY_ARCHIVES,Grand Universal Library & Pre-Deluge Archives,0.3333,0.625,-466.365,-97.554,9.486,45.0,-0.1562,-0.982,0.1065,5
2292,Petal,4,ZONE_FACULTY_ARCHIVES,Grand Universal Library & Pre-Deluge Archives,0.3333,0.75,-466.365,-117.064,1.772,45.0,-0.1567,-0.9819,0.1059,5
2293,Petal,4,ZONE_FACULTY_ARCHIVES,Grand Universal Library & Pre-Deluge Archives,0.3333,0.875,-466.365,-136.575,-6.889,45.0,-0.1574,-0.9819,0.1054,5
2294,Petal,4,ZONE_CLEARANCE_WATERWAY,Grand Universal Library & Pre-Deluge Archives,0.3333,1.0,-466.365,-156.086,-16.498,45.0,-0.1672,-0.9797,0.1107,5
2295,Petal,4,ZONE_CLEARANCE_WATERWAY,Grand Universal Library & Pre-Deluge Archives,0.3667,-1.0,-498.002,168.204,-16.78,45.0,-0.1881,-0.9755,0.1143,5
2296,Petal,4,ZONE_FACULTY_ARCHIVES,Grand Universal Library & Pre-Deluge Archives,0.3667,-0.875,-498.002,147.178,-6.693,45.0,-0.1856,-0.976,0.1138,5
2297,Petal,4,ZONE_FACULTY_ARCHIVES,Grand Universal Library & Pre-Deluge Archives,0.3667,-0.75,-498.002,126.153,2.395,45.0,-0.1834,-0.9765,0.1132,5
2298,Petal,4,ZONE_FACULTY_ARCHIVES,Grand Universal Library & Pre-Deluge Archives,0.3667,-0.625,-498.002,105.127,10.483,45.0,-0.1813,-0.977,0.1126,5
2299,Petal,4,ZONE_FACULTY_ARCHIVES,Grand Universal Library & Pre-Deluge Archives,0.3667,-0.5,-498.002,84.102,17.573,45.0,-0.1794,-0.9774,0.1121,5
2300,Petal,4,ZONE_FACULTY_ARCHIVES,Grand Universal Library & Pre-Deluge Archives,0.3667,-0.375,-498.002,63.076,23.663,45.0,-0.1777,-0.9777,0.1115,5
2301,Petal,4,ZONE_FACULTY_ARCHIVES,Grand Universal Library & Pre-Deluge Archives,0.3667,-0.25,-498.002,42.051,28.754,45.0,-0.1762,-0.9781,0.1109,5
2302,Petal,4,ZONE_FACULTY_ARCHIVES,Grand Universal Library & Pre-Deluge Archives,0.3667,-0.125,-498.002,21.025,32.846,45.0,-0.1748,-0.9784,0.1104,5
2303,Petal,4,ZONE_FACULTY_ARCHIVES,Grand Universal Library & Pre-Deluge Archives,0.3667,0.0,-498.002,0.0,35.938,45.0,-0.1691,-0.9798,0.107,5
2304,Petal,4,ZONE_FACULTY_ARCHIVES,Grand Universal Library & Pre-Deluge Archives,0.3667,0.125,-498.002,-21.025,32.846,45.0,-0.1685,-0.9799,0.1064,5
2305,Petal,4,ZONE_FACULTY_ARCHIVES,Grand Universal Library & Pre-Deluge Archives,0.3667,0.25,-498.002,-42.051,28.754,45.0,-0.1682,-0.9801,0.1059,5
2306,Petal,4,ZONE_FACULTY_ARCHIVES,Grand Universal Library & Pre-Deluge Archives,0.3667,0.375,-498.002,-63.076,23.663,45.0,-0.168,-0.9801,0.1054,5
2307,Petal,4,ZONE_FACULTY_ARCHIVES,Grand Universal Library & Pre-Deluge Archives,0.3667,0.5,-498.002,-84.102,17.573,45.0,-0.1679,-0.9802,0.1049,5
2308,Petal,4,ZONE_FACULTY_ARCHIVES,Grand Universal Library & Pre-Deluge Archives,0.3667,0.625,-498.002,-105.127,10.483,45.0,-0.168,-0.9803,0.1043,5
2309,Petal,4,ZONE_FACULTY_ARCHIVES,Grand Universal Library & Pre-Deluge Archives,0.3667,0.75,-498.002,-126.153,2.395,45.0,-0.1682,-0.9803,0.1038,5
2310,Petal,4,ZONE_FACULTY_ARCHIVES,Grand Universal Library & Pre-Deluge Archives,0.3667,0.875,-498.002,-147.178,-6.693,45.0,-0.1685,-0.9803,0.1033,5
2311,Petal,4,ZONE_CLEARANCE_WATERWAY,Grand Universal Library & Pre-Deluge Archives,0.3667,1.0,-498.002,-168.204,-16.78,45.0,-0.1781,-0.978,0.1083,5
2312,Petal,4,ZONE_CLEARANCE_WATERWAY,Grand Universal Library & Pre-Deluge Archives,0.4,-1.0,-529.638,180.322,-16.712,45.0,-0.1989,-0.9736,0.1118,5
2313,Petal,4,ZONE_FACULTY_ARCHIVES,Grand Universal Library & Pre-Deluge Archives,0.4,-0.875,-529.638,157.782,-6.248,45.0,-0.1969,-0.9741,0.1113,5
2314,Petal,4,ZONE_FACULTY_ARCHIVES,Grand Universal Library & Pre-Deluge Archives,0.4,-0.75,-529.638,135.242,3.175,45.0,-0.195,-0.9745,0.1108,5
2315,Petal,4,ZONE_FACULTY_ARCHIVES,Grand Universal Library & Pre-Deluge Archives,0.4,-0.625,-529.638,112.701,11.558,45.0,-0.1932,-0.9749,0.1102,5
2316,Petal,4,ZONE_FACULTY_ARCHIVES,Grand Universal Library & Pre-Deluge Archives,0.4,-0.5,-529.638,90.161,18.901,45.0,-0.1916,-0.9753,0.1097,5
2317,Petal,4,ZONE_FACULTY_ARCHIVES,Grand Universal Library & Pre-Deluge Archives,0.4,-0.375,-529.638,67.621,25.203,45.0,-0.19,-0.9757,0.1092,5
2318,Petal,4,ZONE_FACULTY_ARCHIVES,Grand Universal Library & Pre-Deluge Archives,0.4,-0.25,-529.638,45.081,30.465,45.0,-0.1886,-0.976,0.1086,5
2319,Petal,4,ZONE_FACULTY_ARCHIVES,Grand Universal Library & Pre-Deluge Archives,0.4,-0.125,-529.638,22.54,34.687,45.0,-0.1874,-0.9763,0.1081,5
2320,Petal,4,ZONE_FACULTY_ARCHIVES,Grand Universal Library & Pre-Deluge Archives,0.4,0.0,-529.638,0.0,37.869,45.0,-0.1817,-0.9777,0.105,5
2321,Petal,4,ZONE_FACULTY_ARCHIVES,Grand Universal Library & Pre-Deluge Archives,0.4,0.125,-529.638,-22.54,34.687,45.0,-0.1811,-0.9779,0.1045,5
2322,Petal,4,ZONE_FACULTY_ARCHIVES,Grand Universal Library & Pre-Deluge Archives,0.4,0.25,-529.638,-45.081,30.465,45.0,-0.1806,-0.978,0.104,5
2323,Petal,4,ZONE_FACULTY_ARCHIVES,Grand Universal Library & Pre-Deluge Archives,0.4,0.375,-529.638,-67.621,25.203,45.0,-0.1802,-0.9782,0.1035,5
2324,Petal,4,ZONE_FACULTY_ARCHIVES,Grand Universal Library & Pre-Deluge Archives,0.4,0.5,-529.638,-90.161,18.901,45.0,-0.1799,-0.9783,0.103,5
2325,Petal,4,ZONE_FACULTY_ARCHIVES,Grand Universal Library & Pre-Deluge Archives,0.4,0.625,-529.638,-112.701,11.558,45.0,-0.1797,-0.9784,0.1025,5
2326,Petal,4,ZONE_FACULTY_ARCHIVES,Grand Universal Library & Pre-Deluge Archives,0.4,0.75,-529.638,-135.242,3.175,45.0,-0.1796,-0.9784,0.102,5
2327,Petal,4,ZONE_FACULTY_ARCHIVES,Grand Universal Library & Pre-Deluge Archives,0.4,0.875,-529.638,-157.782,-6.248,45.0,-0.1797,-0.9785,0.1016,5
2328,Petal,4,ZONE_CLEARANCE_WATERWAY,Grand Universal Library & Pre-Deluge Archives,0.4,1.0,-529.638,-180.322,-16.712,45.0,-0.1889,-0.9762,0.1062,5
2329,Petal,4,ZONE_CLEARANCE_WATERWAY,Grand Universal Library & Pre-Deluge Archives,0.4333,-1.0,-561.275,183.761,-16.279,62.36,-0.2007,-0.974,0.1049,5
2330,Petal,4,ZONE_FACULTY_ARCHIVES,Grand Universal Library & Pre-Deluge Archives,0.4333,-0.875,-561.275,160.791,-5.544,62.36,-0.1991,-0.9744,0.1044,5
2331,Petal,4,ZONE_FACULTY_ARCHIVES,Grand Universal Library & Pre-Deluge Archives,0.4333,-0.75,-561.275,137.821,4.121,62.36,-0.1976,-0.9748,0.104,5
2332,Petal,4,ZONE_FACULTY_ARCHIVES,Grand Universal Library & Pre-Deluge Archives,0.4333,-0.625,-561.275,114.851,12.716,62.36,-0.1961,-0.9751,0.1035,5
2333,Petal,4,ZONE_FACULTY_ARCHIVES,Grand Universal Library & Pre-Deluge Archives,0.4333,-0.5,-561.275,91.881,20.241,62.36,-0.1948,-0.9754,0.103,5
2334,Petal,4,ZONE_FACULTY_ARCHIVES,Grand Universal Library & Pre-Deluge Archives,0.4333,-0.375,-561.275,68.911,26.696,62.36,-0.1935,-0.9757,0.1025,5
2335,Petal,4,ZONE_FACULTY_ARCHIVES,Grand Universal Library & Pre-Deluge Archives,0.4333,-0.25,-561.275,45.94,32.082,62.36,-0.1924,-0.976,0.1021,5
2336,Petal,4,ZONE_FACULTY_ARCHIVES,Grand Universal Library & Pre-Deluge Archives,0.4333,-0.125,-561.275,22.97,36.397,62.36,-0.1913,-0.9763,0.1016,5
2337,Petal,4,ZONE_FACULTY_ARCHIVES,Grand Universal Library & Pre-Deluge Archives,0.4333,0.0,-561.275,0.0,39.643,62.36,-0.1859,-0.9776,0.0988,5
2338,Petal,4,ZONE_FACULTY_ARCHIVES,Grand Universal Library & Pre-Deluge Archives,0.4333,0.125,-561.275,-22.97,36.397,62.36,-0.1852,-0.9778,0.0984,5
2339,Petal,4,ZONE_FACULTY_ARCHIVES,Grand Universal Library & Pre-Deluge Archives,0.4333,0.25,-561.275,-45.94,32.082,62.36,-0.1846,-0.9779,0.0979,5
2340,Petal,4,ZONE_FACULTY_ARCHIVES,Grand Universal Library & Pre-Deluge Archives,0.4333,0.375,-561.275,-68.911,26.696,62.36,-0.184,-0.9781,0.0975,5
2341,Petal,4,ZONE_FACULTY_ARCHIVES,Grand Universal Library & Pre-Deluge Archives,0.4333,0.5,-561.275,-91.881,20.241,62.36,-0.1836,-0.9782,0.0971,5
2342,Petal,4,ZONE_FACULTY_ARCHIVES,Grand Universal Library & Pre-Deluge Archives,0.4333,0.625,-561.275,-114.851,12.716,62.36,-0.1832,-0.9783,0.0966,5
2343,Petal,4,ZONE_FACULTY_ARCHIVES,Grand Universal Library & Pre-Deluge Archives,0.4333,0.75,-561.275,-137.821,4.121,62.36,-0.1828,-0.9784,0.0962,5
2344,Petal,4,ZONE_FACULTY_ARCHIVES,Grand Universal Library & Pre-Deluge Archives,0.4333,0.875,-561.275,-160.791,-5.544,62.36,-0.1825,-0.9785,0.0958,5
2345,Petal,4,ZONE_CLEARANCE_WATERWAY,Grand Universal Library & Pre-Deluge Archives,0.4333,1.0,-561.275,-183.761,-16.279,62.36,-0.1911,-0.9765,0.0999,5
2346,Petal,4,ZONE_CLEARANCE_WATERWAY,Grand Universal Library & Pre-Deluge Archives,0.4667,-1.0,-592.911,174.314,-15.47,105.49,-0.1892,-0.9776,0.0925,5
2347,Petal,4,ZONE_FACULTY_ARCHIVES,Grand Universal Library & Pre-Deluge Archives,0.4667,-0.875,-592.911,152.525,-4.572,105.49,-0.1881,-0.9778,0.0921,5
2348,Petal,4,ZONE_FACULTY_ARCHIVES,Grand Universal Library & Pre-Deluge Archives,0.4667,-0.75,-592.911,130.735,5.239,105.49,-0.187,-0.9781,0.0917,5
2349,Petal,4,ZONE_FACULTY_ARCHIVES,Grand Universal Library & Pre-Deluge Archives,0.4667,-0.625,-592.911,108.946,13.962,105.49,-0.186,-0.9783,0.0913,5
2350,Petal,4,ZONE_FACULTY_ARCHIVES,Grand Universal Library & Pre-Deluge Archives,0.4667,-0.5,-592.911,87.157,21.597,105.49,-0.185,-0.9785,0.0909,5
2351,Petal,4,ZONE_FACULTY_ARCHIVES,Grand Universal Library & Pre-Deluge Archives,0.4667,-0.375,-592.911,65.368,28.144,105.49,-0.184,-0.9788,0.0905,5
2352,Petal,4,ZONE_FACULTY_ARCHIVES,Grand Universal Library & Pre-Deluge Archives,0.4667,-0.25,-592.911,43.578,33.604,105.49,-0.1831,-0.979,0.0901,5
2353,Petal,4,ZONE_FACULTY_ARCHIVES,Grand Universal Library & Pre-Deluge Archives,0.4667,-0.125,-592.911,21.789,37.975,105.49,-0.1822,-0.9792,0.0897,5
2354,Petal,4,ZONE_FACULTY_ARCHIVES,Grand Universal Library & Pre-Deluge Archives,0.4667,0.0,-592.911,0.0,41.26,105.49,-0.1774,-0.9802,0.0874,5
2355,Petal,4,ZONE_FACULTY_ARCHIVES,Grand Universal Library & Pre-Deluge Archives,0.4667,0.125,-592.911,-21.789,37.975,105.49,-0.1768,-0.9804,0.087,5
2356,Petal,4,ZONE_FACULTY_ARCHIVES,Grand Universal Library & Pre-Deluge Archives,0.4667,0.25,-592.911,-43.578,33.604,105.49,-0.1761,-0.9806,0.0866,5
2357,Petal,4,ZONE_FACULTY_ARCHIVES,Grand Universal Library & Pre-Deluge Archives,0.4667,0.375,-592.911,-65.368,28.144,105.49,-0.1755,-0.9807,0.0862,5
2358,Petal,4,ZONE_FACULTY_ARCHIVES,Grand Universal Library & Pre-Deluge Archives,0.4667,0.5,-592.911,-87.157,21.597,105.49,-0.1749,-0.9808,0.0859,5
2359,Petal,4,ZONE_FACULTY_ARCHIVES,Grand Universal Library & Pre-Deluge Archives,0.4667,0.625,-592.911,-108.946,13.962,105.49,-0.1743,-0.981,0.0855,5
2360,Petal,4,ZONE_FACULTY_ARCHIVES,Grand Universal Library & Pre-Deluge Archives,0.4667,0.75,-592.911,-130.735,5.239,105.49,-0.1737,-0.9811,0.0852,5
2361,Petal,4,ZONE_FACULTY_ARCHIVES,Grand Universal Library & Pre-Deluge Archives,0.4667,0.875,-592.911,-152.525,-4.572,105.49,-0.1732,-0.9812,0.0848,5
2362,Petal,4,ZONE_CLEARANCE_WATERWAY,Grand Universal Library & Pre-Deluge Archives,0.4667,1.0,-592.911,-174.314,-15.47,105.49,-0.1806,-0.9796,0.0883,5
2363,Petal,4,ZONE_CLEARANCE_WATERWAY,Grand Universal Library & Pre-Deluge Archives,0.5,-1.0,-624.548,164.009,-14.281,150.34,-0.177,-0.9808,0.0812,5
2364,Petal,4,ZONE_FACULTY_ARCHIVES,Grand Universal Library & Pre-Deluge Archives,0.5,-0.875,-624.548,143.508,-3.328,150.34,-0.1763,-0.981,0.0809,5
2365,Petal,4,ZONE_FACULTY_ARCHIVES,Grand Universal Library & Pre-Deluge Archives,0.5,-0.75,-624.548,123.007,6.532,150.34,-0.1756,-0.9812,0.0805,5
2366,Petal,4,ZONE_FACULTY_ARCHIVES,Grand Universal Library & Pre-Deluge Archives,0.5,-0.625,-624.548,102.506,15.297,150.34,-0.1749,-0.9813,0.0802,5
2367,Petal,4,ZONE_FACULTY_ARCHIVES,Grand Universal Library & Pre-Deluge Archives,0.5,-0.5,-624.548,82.005,22.969,150.34,-0.1742,-0.9815,0.0799,5
2368,Petal,4,ZONE_FACULTY_ARCHIVES,Grand Universal Library & Pre-Deluge Archives,0.5,-0.375,-624.548,61.503,29.547,150.34,-0.1735,-0.9816,0.0795,5
2369,Petal,4,ZONE_FACULTY_ARCHIVES,Grand Universal Library & Pre-Deluge Archives,0.5,-0.25,-624.548,41.002,35.032,150.34,-0.1728,-0.9818,0.0792,5
2370,Petal,4,ZONE_FACULTY_ARCHIVES,Grand Universal Library & Pre-Deluge Archives,0.5,-0.125,-624.548,20.501,39.422,150.34,-0.1721,-0.9819,0.0789,5
2371,Petal,4,ZONE_FACULTY_ARCHIVES,Grand Universal Library & Pre-Deluge Archives,0.5,0.0,-624.548,0.0,42.719,150.34,-0.1679,-0.9828,0.077,5
2372,Petal,4,ZONE_FACULTY_ARCHIVES,Grand Universal Library & Pre-Deluge Archives,0.5,0.125,-624.548,-20.501,39.422,150.34,-0.1672,-0.9829,0.0767,5
2373,Petal,4,ZONE_FACULTY_ARCHIVES,Grand Universal Library & Pre-Deluge Archives,0.5,0.25,-624.548,-41.002,35.032,150.34,-0.1665,-0.9831,0.0763,5
2374,Petal,4,ZONE_FACULTY_ARCHIVES,Grand Universal Library & Pre-Deluge Archives,0.5,0.375,-624.548,-61.503,29.547,150.34,-0.1659,-0.9832,0.076,5
2375,Petal,4,ZONE_FACULTY_ARCHIVES,Grand Universal Library & Pre-Deluge Archives,0.5,0.5,-624.548,-82.005,22.969,150.34,-0.1652,-0.9833,0.0757,5
2376,Petal,4,ZONE_FACULTY_ARCHIVES,Grand Universal Library & Pre-Deluge Archives,0.5,0.625,-624.548,-102.506,15.297,150.34,-0.1645,-0.9835,0.0754,5
2377,Petal,4,ZONE_FACULTY_ARCHIVES,Grand Universal Library & Pre-Deluge Archives,0.5,0.75,-624.548,-123.007,6.532,150.34,-0.1638,-0.9836,0.0751,5
2378,Petal,4,ZONE_FACULTY_ARCHIVES,Grand Universal Library & Pre-Deluge Archives,0.5,0.875,-624.548,-143.508,-3.328,150.34,-0.1632,-0.9838,0.0749,5
2379,Petal,4,ZONE_CLEARANCE_WATERWAY,Grand Universal Library & Pre-Deluge Archives,0.5,1.0,-624.548,-164.009,-14.281,150.34,-0.1695,-0.9825,0.0778,5
2380,Petal,4,ZONE_CLEARANCE_WATERWAY,Grand Universal Library & Pre-Deluge Archives,0.5333,-1.0,-656.184,153.024,-12.708,196.54,-0.1643,-0.9838,0.0711,5
2381,Petal,4,ZONE_FACULTY_ARCHIVES,Grand Universal Library & Pre-Deluge Archives,0.5333,-0.875,-656.184,133.896,-1.809,196.54,-0.1639,-0.9839,0.0708,5
2382,Petal,4,ZONE_FACULTY_ARCHIVES,Grand Universal Library & Pre-Deluge Archives,0.5333,-0.75,-656.184,114.768,8.001,196.54,-0.1635,-0.984,0.0705,5
2383,Petal,4,ZONE_FACULTY_ARCHIVES,Grand Universal Library & Pre-Deluge Archives,0.5333,-0.625,-656.184,95.64,16.724,196.54,-0.1631,-0.9841,0.0702,5
2384,Petal,4,ZONE_FACULTY_ARCHIVES,Grand Universal Library & Pre-Deluge Archives,0.5333,-0.5,-656.184,76.512,24.359,196.54,-0.1626,-0.9842,0.0699,5
2385,Petal,4,ZONE_FACULTY_ARCHIVES,Grand Universal Library & Pre-Deluge Archives,0.5333,-0.375,-656.184,57.384,30.907,196.54,-0.1622,-0.9843,0.0697,5
2386,Petal,4,ZONE_FACULTY_ARCHIVES,Grand Universal Library & Pre-Deluge Archives,0.5333,-0.25,-656.184,38.256,36.366,196.54,-0.1616,-0.9844,0.0694,5
2387,Petal,4,ZONE_FACULTY_ARCHIVES,Grand Universal Library & Pre-Deluge Archives,0.5333,-0.125,-656.184,19.128,40.738,196.54,-0.1611,-0.9845,0.0691,5
2388,Petal,4,ZONE_FACULTY_ARCHIVES,Grand Universal Library & Pre-Deluge Archives,0.5333,0.0,-656.184,0.0,44.022,196.54,-0.1575,-0.9852,0.0675,5
2389,Petal,4,ZONE_FACULTY_ARCHIVES,Grand Universal Library & Pre-Deluge Archives,0.5333,0.125,-656.184,-19.128,40.738,196.54,-0.1568,-0.9853,0.0673,5
2390,Petal,4,ZONE_FACULTY_ARCHIVES,Grand Universal Library & Pre-Deluge Archives,0.5333,0.25,-656.184,-38.256,36.366,196.54,-0.1562,-0.9855,0.067,5
2391,Petal,4,ZONE_FACULTY_ARCHIVES,Grand Universal Library & Pre-Deluge Archives,0.5333,0.375,-656.184,-57.384,30.907,196.54,-0.1555,-0.9856,0.0668,5
2392,Petal,4,ZONE_FACULTY_ARCHIVES,Grand Universal Library & Pre-Deluge Archives,0.5333,0.5,-656.184,-76.512,24.359,196.54,-0.1547,-0.9857,0.0665,5
2393,Petal,4,ZONE_FACULTY_ARCHIVES,Grand Universal Library & Pre-Deluge Archives,0.5333,0.625,-656.184,-95.64,16.724,196.54,-0.154,-0.9858,0.0663,5
2394,Petal,4,ZONE_FACULTY_ARCHIVES,Grand Universal Library & Pre-Deluge Archives,0.5333,0.75,-656.184,-114.768,8.001,196.54,-0.1532,-0.986,0.066,5
2395,Petal,4,ZONE_FACULTY_ARCHIVES,Grand Universal Library & Pre-Deluge Archives,0.5333,0.875,-656.184,-133.896,-1.809,196.54,-0.1524,-0.9861,0.0658,5
2396,Petal,4,ZONE_CLEARANCE_WATERWAY,Grand Universal Library & Pre-Deluge Archives,0.5333,1.0,-656.184,-153.024,-12.708,196.54,-0.1577,-0.9851,0.0682,5
2397,Petal,4,ZONE_CLEARANCE_WATERWAY,Grand Universal Library & Pre-Deluge Archives,0.5667,-1.0,-687.821,141.519,-10.753,243.79,-0.1512,-0.9866,0.0618,5
2398,Petal,4,ZONE_FACULTY_ARCHIVES,Grand Universal Library & Pre-Deluge Archives,0.5667,-0.875,-687.821,123.83,-0.019,243.79,-0.1511,-0.9866,0.0616,5
2399,Petal,4,ZONE_FACULTY_ARCHIVES,Grand Universal Library & Pre-Deluge Archives,0.5667,-0.75,-687.821,106.14,9.646,243.79,-0.1509,-0.9866,0.0614,5
2400,Petal,4,ZONE_FACULTY_ARCHIVES,Grand Universal Library & Pre-Deluge Archives,0.5667,-0.625,-687.821,88.45,18.241,243.79,-0.1507,-0.9867,0.0611,5
2401,Petal,4,ZONE_FACULTY_ARCHIVES,Grand Universal Library & Pre-Deluge Archives,0.5667,-0.5,-687.821,70.76,25.766,243.79,-0.1505,-0.9867,0.0609,5
2402,Petal,4,ZONE_FACULTY_ARCHIVES,Grand Universal Library & Pre-Deluge Archives,0.5667,-0.375,-687.821,53.07,32.221,243.79,-0.1502,-0.9868,0.0607,5
2403,Petal,4,ZONE_FACULTY_ARCHIVES,Grand Universal Library & Pre-Deluge Archives,0.5667,-0.25,-687.821,35.38,37.607,243.79,-0.1498,-0.9869,0.0605,5
2404,Petal,4,ZONE_FACULTY_ARCHIVES,Grand Universal Library & Pre-Deluge Archives,0.5667,-0.125,-687.821,17.69,41.922,243.79,-0.1495,-0.9869,0.0602,5
2405,Petal,4,ZONE_FACULTY_ARCHIVES,Grand Universal Library & Pre-Deluge Archives,0.5667,0.0,-687.821,0.0,45.168,243.79,-0.1464,-0.9875,0.059,5
2406,Petal,4,ZONE_FACULTY_ARCHIVES,Grand Universal Library & Pre-Deluge Archives,0.5667,0.125,-687.821,-17.69,41.922,243.79,-0.1457,-0.9876,0.0588,5
2407,Petal,4,ZONE_FACULTY_ARCHIVES,Grand Universal Library & Pre-Deluge Archives,0.5667,0.25,-687.821,-35.38,37.607,243.79,-0.1451,-0.9877,0.0585,5
2408,Petal,4,ZONE_FACULTY_ARCHIVES,Grand Universal Library & Pre-Deluge Archives,0.5667,0.375,-687.821,-53.07,32.221,243.79,-0.1444,-0.9878,0.0583,5
2409,Petal,4,ZONE_FACULTY_ARCHIVES,Grand Universal Library & Pre-Deluge Archives,0.5667,0.5,-687.821,-70.76,25.766,243.79,-0.1437,-0.9879,0.0581,5
2410,Petal,4,ZONE_FACULTY_ARCHIVES,Grand Universal Library & Pre-Deluge Archives,0.5667,0.625,-687.821,-88.45,18.241,243.79,-0.1429,-0.988,0.0579,5
2411,Petal,4,ZONE_FACULTY_ARCHIVES,Grand Universal Library & Pre-Deluge Archives,0.5667,0.75,-687.821,-106.14,9.646,243.79,-0.1421,-0.9882,0.0578,5
2412,Petal,4,ZONE_FACULTY_ARCHIVES,Grand Universal Library & Pre-Deluge Archives,0.5667,0.875,-687.821,-123.83,-0.019,243.79,-0.1412,-0.9883,0.0576,5
2413,Petal,4,ZONE_CLEARANCE_WATERWAY,Grand Universal Library & Pre-Deluge Archives,0.5667,1.0,-687.821,-141.519,-10.753,243.79,-0.1456,-0.9876,0.0595,5
2414,Petal,4,ZONE_CLEARANCE_WATERWAY,Grand Universal Library & Pre-Deluge Archives,0.6,-1.0,-719.457,129.637,-8.424,291.79,-0.1379,-0.989,0.0534,5
2415,Petal,4,ZONE_FACULTY_ARCHIVES,Grand Universal Library & Pre-Deluge Archives,0.6,-0.875,-719.457,113.432,2.039,291.79,-0.138,-0.989,0.0533,5
2416,Petal,4,ZONE_FACULTY_ARCHIVES,Grand Universal Library & Pre-Deluge Archives,0.6,-0.75,-719.457,97.228,11.463,291.79,-0.138,-0.989,0.0531,5
2417,Petal,4,ZONE_FACULTY_ARCHIVES,Grand Universal Library & Pre-Deluge Archives,0.6,-0.625,-719.457,81.023,19.846,291.79,-0.138,-0.989,0.0529,5
2418,Petal,4,ZONE_FACULTY_ARCHIVES,Grand Universal Library & Pre-Deluge Archives,0.6,-0.5,-719.457,64.819,27.188,291.79,-0.1379,-0.989,0.0527,5
2419,Petal,4,ZONE_FACULTY_ARCHIVES,Grand Universal Library & Pre-Deluge Archives,0.6,-0.375,-719.457,48.614,33.491,291.79,-0.1377,-0.9891,0.0525,5
2420,Petal,4,ZONE_FACULTY_ARCHIVES,Grand Universal Library & Pre-Deluge Archives,0.6,-0.25,-719.457,32.409,38.753,291.79,-0.1375,-0.9891,0.0524,5
2421,Petal,4,ZONE_FACULTY_ARCHIVES,Grand Universal Library & Pre-Deluge Archives,0.6,-0.125,-719.457,16.205,42.975,291.79,-0.1373,-0.9892,0.0522,5
2422,Petal,4,ZONE_FACULTY_ARCHIVES,Grand Universal Library & Pre-Deluge Archives,0.6,0.0,-719.457,0.0,46.157,291.79,-0.1347,-0.9896,0.0512,5
2423,Petal,4,ZONE_FACULTY_ARCHIVES,Grand Universal Library & Pre-Deluge Archives,0.6,0.125,-719.457,-16.205,42.975,291.79,-0.1341,-0.9897,0.051,5
2424,Petal,4,ZONE_FACULTY_ARCHIVES,Grand Universal Library & Pre-Deluge Archives,0.6,0.25,-719.457,-32.409,38.753,291.79,-0.1335,-0.9897,0.0508,5
2425,Petal,4,ZONE_FACULTY_ARCHIVES,Grand Universal Library & Pre-Deluge Archives,0.6,0.375,-719.457,-48.614,33.491,291.79,-0.1328,-0.9898,0.0507,5
2426,Petal,4,ZONE_FACULTY_ARCHIVES,Grand Universal Library & Pre-Deluge Archives,0.6,0.5,-719.457,-64.819,27.188,291.79,-0.1321,-0.99,0.0505,5
2427,Petal,4,ZONE_FACULTY_ARCHIVES,Grand Universal Library & Pre-Deluge Archives,0.6,0.625,-719.457,-81.023,19.846,291.79,-0.1313,-0.9901,0.0503,5
2428,Petal,4,ZONE_FACULTY_ARCHIVES,Grand Universal Library & Pre-Deluge Archives,0.6,0.75,-719.457,-97.228,11.463,291.79,-0.1305,-0.9902,0.0502,5
2429,Petal,4,ZONE_FACULTY_ARCHIVES,Grand Universal Library & Pre-Deluge Archives,0.6,0.875,-719.457,-113.432,2.039,291.79,-0.1296,-0.9903,0.05,5
2430,Petal,4,ZONE_CLEARANCE_WATERWAY,Grand Universal Library & Pre-Deluge Archives,0.6,1.0,-719.457,-129.637,-8.424,291.79,-0.1331,-0.9898,0.0516,5
2431,Petal,4,ZONE_CLEARANCE_WATERWAY,Grand Universal Library & Pre-Deluge Archives,0.6333,-1.0,-751.094,117.507,-5.73,340.29,-0.1244,-0.9912,0.0459,5
2432,Petal,4,ZONE_FACULTY_ARCHIVES,Grand Universal Library & Pre-Deluge Archives,0.6333,-0.875,-751.094,102.819,4.357,340.29,-0.1247,-0.9911,0.0457,5
2433,Petal,4,ZONE_FACULTY_ARCHIVES,Grand Universal Library & Pre-Deluge Archives,0.6333,-0.75,-751.094,88.13,13.445,340.29,-0.1249,-0.9911,0.0456,5
2434,Petal,4,ZONE_FACULTY_ARCHIVES,Grand Universal Library & Pre-Deluge Archives,0.6333,-0.625,-751.094,73.442,21.534,340.29,-0.125,-0.9911,0.0454,5
2435,Petal,4,ZONE_FACULTY_ARCHIVES,Grand Universal Library & Pre-Deluge Archives,0.6333,-0.5,-751.094,58.754,28.623,340.29,-0.125,-0.9911,0.0453,5
2436,Petal,4,ZONE_FACULTY_ARCHIVES,Grand Universal Library & Pre-Deluge Archives,0.6333,-0.375,-751.094,44.065,34.713,340.29,-0.125,-0.9911,0.0451,5
2437,Petal,4,ZONE_FACULTY_ARCHIVES,Grand Universal Library & Pre-Deluge Archives,0.6333,-0.25,-751.094,29.377,39.804,340.29,-0.1249,-0.9912,0.045,5
2438,Petal,4,ZONE_FACULTY_ARCHIVES,Grand Universal Library & Pre-Deluge Archives,0.6333,-0.125,-751.094,14.688,43.896,340.29,-0.1247,-0.9912,0.0449,5
2439,Petal,4,ZONE_FACULTY_ARCHIVES,Grand Universal Library & Pre-Deluge Archives,0.6333,0.0,-751.094,0.0,46.989,340.29,-0.1226,-0.9915,0.044,5
2440,Petal,4,ZONE_FACULTY_ARCHIVES,Grand Universal Library & Pre-Deluge Archives,0.6333,0.125,-751.094,-14.688,43.896,340.29,-0.1221,-0.9916,0.0439,5
2441,Petal,4,ZONE_FACULTY_ARCHIVES,Grand Universal Library & Pre-Deluge Archives,0.6333,0.25,-751.094,-29.377,39.804,340.29,-0.1215,-0.9916,0.0438,5
2442,Petal,4,ZONE_FACULTY_ARCHIVES,Grand Universal Library & Pre-Deluge Archives,0.6333,0.375,-751.094,-44.065,34.713,340.29,-0.1209,-0.9917,0.0437,5
2443,Petal,4,ZONE_FACULTY_ARCHIVES,Grand Universal Library & Pre-Deluge Archives,0.6333,0.5,-751.094,-58.754,28.623,340.29,-0.1202,-0.9918,0.0435,5
2444,Petal,4,ZONE_FACULTY_ARCHIVES,Grand Universal Library & Pre-Deluge Archives,0.6333,0.625,-751.094,-73.442,21.534,340.29,-0.1194,-0.9919,0.0434,5
2445,Petal,4,ZONE_FACULTY_ARCHIVES,Grand Universal Library & Pre-Deluge Archives,0.6333,0.75,-751.094,-88.13,13.445,340.29,-0.1186,-0.992,0.0433,5
2446,Petal,4,ZONE_FACULTY_ARCHIVES,Grand Universal Library & Pre-Deluge Archives,0.6333,0.875,-751.094,-102.819,4.357,340.29,-0.1177,-0.9921,0.0432,5
2447,Petal,4,ZONE_CLEARANCE_WATERWAY,Grand Universal Library & Pre-Deluge Archives,0.6333,1.0,-751.094,-117.507,-5.73,340.29,-0.1205,-0.9917,0.0444,5
2448,Petal,4,ZONE_CLEARANCE_WATERWAY,Grand Universal Library & Pre-Deluge Archives,0.6667,-1.0,-782.731,105.248,-2.685,389.04,-0.111,-0.9931,0.039,5
2449,Petal,4,ZONE_FACULTY_ARCHIVES,Grand Universal Library & Pre-Deluge Archives,0.6667,-0.875,-782.731,92.092,6.923,389.04,-0.1113,-0.993,0.0389,5
2450,Petal,4,ZONE_FACULTY_ARCHIVES,Grand Universal Library & Pre-Deluge Archives,0.6667,-0.75,-782.731,78.936,15.585,389.04,-0.1116,-0.993,0.0387,5
2451,Petal,4,ZONE_FACULTY_ARCHIVES,Grand Universal Library & Pre-Deluge Archives,0.6667,-0.625,-782.731,65.78,23.299,389.04,-0.1118,-0.993,0.0386,5
2452,Petal,4,ZONE_FACULTY_ARCHIVES,Grand Universal Library & Pre-Deluge Archives,0.6667,-0.5,-782.731,52.624,30.066,389.04,-0.112,-0.993,0.0385,5
2453,Petal,4,ZONE_FACULTY_ARCHIVES,Grand Universal Library & Pre-Deluge Archives,0.6667,-0.375,-782.731,39.468,35.886,389.04,-0.112,-0.993,0.0384,5
2454,Petal,4,ZONE_FACULTY_ARCHIVES,Grand Universal Library & Pre-Deluge Archives,0.6667,-0.25,-782.731,26.312,40.758,389.04,-0.112,-0.993,0.0383,5
2455,Petal,4,ZONE_FACULTY_ARCHIVES,Grand Universal Library & Pre-Deluge Archives,0.6667,-0.125,-782.731,13.156,44.684,389.04,-0.1119,-0.993,0.0382,5
2456,Petal,4,ZONE_FACULTY_ARCHIVES,Grand Universal Library & Pre-Deluge Archives,0.6667,0.0,-782.731,0.0,47.662,389.04,-0.1102,-0.9932,0.0376,5
2457,Petal,4,ZONE_FACULTY_ARCHIVES,Grand Universal Library & Pre-Deluge Archives,0.6667,0.125,-782.731,-13.156,44.684,389.04,-0.1097,-0.9933,0.0375,5
2458,Petal,4,ZONE_FACULTY_ARCHIVES,Grand Universal Library & Pre-Deluge Archives,0.6667,0.25,-782.731,-26.312,40.758,389.04,-0.1092,-0.9933,0.0374,5
2459,Petal,4,ZONE_FACULTY_ARCHIVES,Grand Universal Library & Pre-Deluge Archives,0.6667,0.375,-782.731,-39.468,35.886,389.04,-0.1087,-0.9934,0.0373,5
2460,Petal,4,ZONE_FACULTY_ARCHIVES,Grand Universal Library & Pre-Deluge Archives,0.6667,0.5,-782.731,-52.624,30.066,389.04,-0.108,-0.9935,0.0372,5
2461,Petal,4,ZONE_FACULTY_ARCHIVES,Grand Universal Library & Pre-Deluge Archives,0.6667,0.625,-782.731,-65.78,23.299,389.04,-0.1073,-0.9935,0.0371,5
2462,Petal,4,ZONE_FACULTY_ARCHIVES,Grand Universal Library & Pre-Deluge Archives,0.6667,0.75,-782.731,-78.936,15.585,389.04,-0.1065,-0.9936,0.037,5
2463,Petal,4,ZONE_FACULTY_ARCHIVES,Grand Universal Library & Pre-Deluge Archives,0.6667,0.875,-782.731,-92.092,6.923,389.04,-0.1057,-0.9937,0.0369,5
2464,Petal,4,ZONE_CLEARANCE_WATERWAY,Grand Universal Library & Pre-Deluge Archives,0.6667,1.0,-782.731,-105.248,-2.685,389.04,-0.1078,-0.9935,0.0378,5
2465,Petal,4,ZONE_CLEARANCE_WATERWAY,Grand Universal Library & Pre-Deluge Archives,0.7,-1.0,-814.367,92.97,0.691,437.83,-0.0974,-0.9947,0.0327,5
2466,Petal,4,ZONE_FACULTY_ARCHIVES,Grand Universal Library & Pre-Deluge Archives,0.7,-0.875,-814.367,81.349,9.724,437.83,-0.0979,-0.9947,0.0327,5
2467,Petal,4,ZONE_FACULTY_ARCHIVES,Grand Universal Library & Pre-Deluge Archives,0.7,-0.75,-814.367,69.728,17.872,437.83,-0.0983,-0.9946,0.0326,5
2468,Petal,4,ZONE_FACULTY_ARCHIVES,Grand Universal Library & Pre-Deluge Archives,0.7,-0.625,-814.367,58.106,25.134,437.83,-0.0986,-0.9946,0.0325,5
2469,Petal,4,ZONE_FACULTY_ARCHIVES,Grand Universal Library & Pre-Deluge Archives,0.7,-0.5,-814.367,46.485,31.512,437.83,-0.0989,-0.9946,0.0324,5
2470,Petal,4,ZONE_FACULTY_ARCHIVES,Grand Universal Library & Pre-Deluge Archives,0.7,-0.375,-814.367,34.864,37.006,437.83,-0.0991,-0.9946,0.0323,5
2471,Petal,4,ZONE_FACULTY_ARCHIVES,Grand Universal Library & Pre-Deluge Archives,0.7,-0.25,-814.367,23.243,41.614,437.83,-0.0992,-0.9945,0.0322,5
2472,Petal,4,ZONE_FACULTY_ARCHIVES,Grand Universal Library & Pre-Deluge Archives,0.7,-0.125,-814.367,11.621,45.337,437.83,-0.0992,-0.9945,0.0322,5
2473,Petal,4,ZONE_FACULTY_ARCHIVES,Grand Universal Library & Pre-Deluge Archives,0.7,0.0,-814.367,0.0,48.176,437.83,-0.0979,-0.9947,0.0317,5
2474,Petal,4,ZONE_FACULTY_ARCHIVES,Grand Universal Library & Pre-Deluge Archives,0.7,0.125,-814.367,-11.621,45.337,437.83,-0.0975,-0.9947,0.0316,5
2475,Petal,4,ZONE_FACULTY_ARCHIVES,Grand Universal Library & Pre-Deluge Archives,0.7,0.25,-814.367,-23.243,41.614,437.83,-0.097,-0.9948,0.0315,5
2476,Petal,4,ZONE_FACULTY_ARCHIVES,Grand Universal Library & Pre-Deluge Archives,0.7,0.375,-814.367,-34.864,37.006,437.83,-0.0964,-0.9948,0.0314,5
2477,Petal,4,ZONE_FACULTY_ARCHIVES,Grand Universal Library & Pre-Deluge Archives,0.7,0.5,-814.367,-46.485,31.512,437.83,-0.0958,-0.9949,0.0314,5
2478,Petal,4,ZONE_FACULTY_ARCHIVES,Grand Universal Library & Pre-Deluge Archives,0.7,0.625,-814.367,-58.106,25.134,437.83,-0.095,-0.995,0.0313,5
2479,Petal,4,ZONE_FACULTY_ARCHIVES,Grand Universal Library & Pre-Deluge Archives,0.7,0.75,-814.367,-69.728,17.872,437.83,-0.0942,-0.9951,0.0312,5
2480,Petal,4,ZONE_FACULTY_ARCHIVES,Grand Universal Library & Pre-Deluge Archives,0.7,0.875,-814.367,-81.349,9.724,437.83,-0.0934,-0.9951,0.0312,5
2481,Petal,4,ZONE_CLEARANCE_WATERWAY,Grand Universal Library & Pre-Deluge Archives,0.7,1.0,-814.367,-92.97,0.691,437.83,-0.0949,-0.995,0.0319,5
2482,Petal,4,ZONE_CLEARANCE_WATERWAY,Grand Universal Library & Pre-Deluge Archives,0.7333,-1.0,-846.004,80.775,4.228,486.46,-0.0829,-0.9962,0.0281,5
2483,Petal,4,ZONE_FACULTY_ARCHIVES,Grand Universal Library & Pre-Deluge Archives,0.7333,-0.875,-846.004,70.678,12.305,486.46,-0.0839,-0.9961,0.028,5
2484,Petal,4,ZONE_FACULTY_ARCHIVES,Grand Universal Library & Pre-Deluge Archives,0.7333,-0.75,-846.004,60.581,19.596,486.46,-0.0847,-0.996,0.0279,5
2485,Petal,4,ZONE_FACULTY_ARCHIVES,Grand Universal Library & Pre-Deluge Archives,0.7333,-0.625,-846.004,50.484,26.103,486.46,-0.0854,-0.996,0.0279,5
2486,Petal,4,ZONE_FACULTY_ARCHIVES,Grand Universal Library & Pre-Deluge Archives,0.7333,-0.5,-846.004,40.388,31.825,486.46,-0.086,-0.9959,0.0278,5
2487,Petal,4,ZONE_FACULTY_ARCHIVES,Grand Universal Library & Pre-Deluge Archives,0.7333,-0.375,-846.004,30.291,36.762,486.46,-0.0865,-0.9959,0.0278,5
2488,Petal,4,ZONE_FACULTY_ARCHIVES,Grand Universal Library & Pre-Deluge Archives,0.7333,-0.25,-846.004,20.194,40.914,486.46,-0.0869,-0.9958,0.0277,5
2489,Petal,4,ZONE_FACULTY_ARCHIVES,Grand Universal Library & Pre-Deluge Archives,0.7333,-0.125,-846.004,10.097,44.281,486.46,-0.0871,-0.9958,0.0276,5
2490,Petal,4,ZONE_FACULTY_ARCHIVES,Grand Universal Library & Pre-Deluge Archives,0.7333,0.0,-846.004,0.0,46.863,486.46,-0.0862,-0.9959,0.0272,5
2491,Petal,4,ZONE_FACULTY_ARCHIVES,Grand Universal Library & Pre-Deluge Archives,0.7333,0.125,-846.004,-10.097,44.281,486.46,-0.0858,-0.9959,0.0272,5
2492,Petal,4,ZONE_FACULTY_ARCHIVES,Grand Universal Library & Pre-Deluge Archives,0.7333,0.25,-846.004,-20.194,40.914,486.46,-0.0851,-0.996,0.0271,5
2493,Petal,4,ZONE_FACULTY_ARCHIVES,Grand Universal Library & Pre-Deluge Archives,0.7333,0.375,-846.004,-30.291,36.762,486.46,-0.0844,-0.9961,0.0271,5
2494,Petal,4,ZONE_FACULTY_ARCHIVES,Grand Universal Library & Pre-Deluge Archives,0.7333,0.5,-846.004,-40.388,31.825,486.46,-0.0836,-0.9961,0.027,5
2495,Petal,4,ZONE_FACULTY_ARCHIVES,Grand Universal Library & Pre-Deluge Archives,0.7333,0.625,-846.004,-50.484,26.103,486.46,-0.0827,-0.9962,0.027,5
2496,Petal,4,ZONE_FACULTY_ARCHIVES,Grand Universal Library & Pre-Deluge Archives,0.7333,0.75,-846.004,-60.581,19.596,486.46,-0.0816,-0.9963,0.0269,5
2497,Petal,4,ZONE_FACULTY_ARCHIVES,Grand Universal Library & Pre-Deluge Archives,0.7333,0.875,-846.004,-70.678,12.305,486.46,-0.0804,-0.9964,0.0269,5
2498,Petal,4,ZONE_CLEARANCE_WATERWAY,Grand Universal Library & Pre-Deluge Archives,0.7333,1.0,-846.004,-80.775,4.228,486.46,-0.081,-0.9963,0.0274,5
2499,Petal,4,ZONE_CLEARANCE_WATERWAY,Grand Universal Library & Pre-Deluge Archives,0.7667,-1.0,-877.64,68.76,7.296,534.73,-0.0696,-0.9973,0.0252,5
2500,Petal,4,ZONE_FACULTY_ARCHIVES,Grand Universal Library & Pre-Deluge Archives,0.7667,-0.875,-877.64,60.165,13.943,534.73,-0.0707,-0.9972,0.0252,5
2501,Petal,4,ZONE_FACULTY_ARCHIVES,Grand Universal Library & Pre-Deluge Archives,0.7667,-0.75,-877.64,51.57,19.95,534.73,-0.0717,-0.9971,0.0251,5
2502,Petal,4,ZONE_FACULTY_ARCHIVES,Grand Universal Library & Pre-Deluge Archives,0.7667,-0.625,-877.64,42.975,25.318,534.73,-0.0726,-0.997,0.0251,5
2503,Petal,4,ZONE_FACULTY_ARCHIVES,Grand Universal Library & Pre-Deluge Archives,0.7667,-0.5,-877.64,34.38,30.047,534.73,-0.0733,-0.997,0.025,5
2504,Petal,4,ZONE_FACULTY_ARCHIVES,Grand Universal Library & Pre-Deluge Archives,0.7667,-0.375,-877.64,25.785,34.136,534.73,-0.0739,-0.997,0.025,5
2505,Petal,4,ZONE_FACULTY_ARCHIVES,Grand Universal Library & Pre-Deluge Archives,0.7667,-0.25,-877.64,17.19,37.585,534.73,-0.0744,-0.9969,0.0249,5
2506,Petal,4,ZONE_FACULTY_ARCHIVES,Grand Universal Library & Pre-Deluge Archives,0.7667,-0.125,-877.64,8.595,40.395,534.73,-0.0748,-0.9969,0.0249,5
2507,Petal,4,ZONE_FACULTY_ARCHIVES,Grand Universal Library & Pre-Deluge Archives,0.7667,0.0,-877.64,0.0,42.565,534.73,-0.0742,-0.9969,0.0246,5
2508,Petal,4,ZONE_FACULTY_ARCHIVES,Grand Universal Library & Pre-Deluge Archives,0.7667,0.125,-877.64,-8.595,40.395,534.73,-0.0737,-0.997,0.0245,5
2509,Petal,4,ZONE_FACULTY_ARCHIVES,Grand Universal Library & Pre-Deluge Archives,0.7667,0.25,-877.64,-17.19,37.585,534.73,-0.0731,-0.997,0.0245,5
2510,Petal,4,ZONE_FACULTY_ARCHIVES,Grand Universal Library & Pre-Deluge Archives,0.7667,0.375,-877.64,-25.785,34.136,534.73,-0.0723,-0.9971,0.0244,5
2511,Petal,4,ZONE_FACULTY_ARCHIVES,Grand Universal Library & Pre-Deluge Archives,0.7667,0.5,-877.64,-34.38,30.047,534.73,-0.0715,-0.9971,0.0244,5
2512,Petal,4,ZONE_FACULTY_ARCHIVES,Grand Universal Library & Pre-Deluge Archives,0.7667,0.625,-877.64,-42.975,25.318,534.73,-0.0705,-0.9972,0.0243,5
2513,Petal,4,ZONE_FACULTY_ARCHIVES,Grand Universal Library & Pre-Deluge Archives,0.7667,0.75,-877.64,-51.57,19.95,534.73,-0.0694,-0.9973,0.0243,5
2514,Petal,4,ZONE_FACULTY_ARCHIVES,Grand Universal Library & Pre-Deluge Archives,0.7667,0.875,-877.64,-60.165,13.943,534.73,-0.0682,-0.9974,0.0243,5
2515,Petal,4,ZONE_CLEARANCE_WATERWAY,Grand Universal Library & Pre-Deluge Archives,0.7667,1.0,-877.64,-68.76,7.296,534.73,-0.0682,-0.9974,0.0247,5
2516,Petal,4,ZONE_CLEARANCE_WATERWAY,Grand Universal Library & Pre-Deluge Archives,0.8,-1.0,-909.277,57.02,9.317,582.44,-0.0571,-0.9981,0.0236,5
2517,Petal,4,ZONE_FACULTY_ARCHIVES,Grand Universal Library & Pre-Deluge Archives,0.8,-0.875,-909.277,49.893,14.331,582.44,-0.0582,-0.998,0.0235,5
2518,Petal,4,ZONE_FACULTY_ARCHIVES,Grand Universal Library & Pre-Deluge Archives,0.8,-0.75,-909.277,42.765,18.868,582.44,-0.0592,-0.998,0.0235,5
2519,Petal,4,ZONE_FACULTY_ARCHIVES,Grand Universal Library & Pre-Deluge Archives,0.8,-0.625,-909.277,35.638,22.93,582.44,-0.0601,-0.9979,0.0235,5
2520,Petal,4,ZONE_FACULTY_ARCHIVES,Grand Universal Library & Pre-Deluge Archives,0.8,-0.5,-909.277,28.51,26.515,582.44,-0.0608,-0.9979,0.0234,5
2521,Petal,4,ZONE_FACULTY_ARCHIVES,Grand Universal Library & Pre-Deluge Archives,0.8,-0.375,-909.277,21.383,29.624,582.44,-0.0615,-0.9978,0.0234,5
2522,Petal,4,ZONE_FACULTY_ARCHIVES,Grand Universal Library & Pre-Deluge Archives,0.8,-0.25,-909.277,14.255,32.256,582.44,-0.062,-0.9978,0.0234,5
2523,Petal,4,ZONE_FACULTY_ARCHIVES,Grand Universal Library & Pre-Deluge Archives,0.8,-0.125,-909.277,7.128,34.413,582.44,-0.0624,-0.9978,0.0233,5
2524,Petal,4,ZONE_FACULTY_ARCHIVES,Grand Universal Library & Pre-Deluge Archives,0.8,0.0,-909.277,0.0,36.093,582.44,-0.0621,-0.9978,0.0231,5
2525,Petal,4,ZONE_FACULTY_ARCHIVES,Grand Universal Library & Pre-Deluge Archives,0.8,0.125,-909.277,-7.128,34.413,582.44,-0.0616,-0.9978,0.023,5
2526,Petal,4,ZONE_FACULTY_ARCHIVES,Grand Universal Library & Pre-Deluge Archives,0.8,0.25,-909.277,-14.255,32.256,582.44,-0.061,-0.9979,0.023,5
2527,Petal,4,ZONE_FACULTY_ARCHIVES,Grand Universal Library & Pre-Deluge Archives,0.8,0.375,-909.277,-21.383,29.624,582.44,-0.0603,-0.9979,0.023,5
2528,Petal,4,ZONE_FACULTY_ARCHIVES,Grand Universal Library & Pre-Deluge Archives,0.8,0.5,-909.277,-28.51,26.515,582.44,-0.0595,-0.998,0.0229,5
2529,Petal,4,ZONE_FACULTY_ARCHIVES,Grand Universal Library & Pre-Deluge Archives,0.8,0.625,-909.277,-35.638,22.93,582.44,-0.0586,-0.998,0.0229,5
2530,Petal,4,ZONE_FACULTY_ARCHIVES,Grand Universal Library & Pre-Deluge Archives,0.8,0.75,-909.277,-42.765,18.868,582.44,-0.0576,-0.9981,0.0229,5
2531,Petal,4,ZONE_FACULTY_ARCHIVES,Grand Universal Library & Pre-Deluge Archives,0.8,0.875,-909.277,-49.893,14.331,582.44,-0.0564,-0.9981,0.0228,5
2532,Petal,4,ZONE_CLEARANCE_WATERWAY,Grand Universal Library & Pre-Deluge Archives,0.8,1.0,-909.277,-57.02,9.317,582.44,-0.0561,-0.9982,0.0232,5
2533,Petal,4,ZONE_CLEARANCE_WATERWAY,Grand Universal Library & Pre-Deluge Archives,0.8333,-1.0,-940.913,45.653,9.93,629.42,-0.0453,-0.9987,0.023,5
2534,Petal,4,ZONE_FACULTY_ARCHIVES,Grand Universal Library & Pre-Deluge Archives,0.8333,-0.875,-940.913,39.946,13.342,629.42,-0.0464,-0.9987,0.0229,5
2535,Petal,4,ZONE_FACULTY_ARCHIVES,Grand Universal Library & Pre-Deluge Archives,0.8333,-0.75,-940.913,34.24,16.436,629.42,-0.0473,-0.9986,0.0229,5
2536,Petal,4,ZONE_FACULTY_ARCHIVES,Grand Universal Library & Pre-Deluge Archives,0.8333,-0.625,-940.913,28.533,19.212,629.42,-0.0481,-0.9986,0.0229,5
2537,Petal,4,ZONE_FACULTY_ARCHIVES,Grand Universal Library & Pre-Deluge Archives,0.8333,-0.5,-940.913,22.826,21.668,629.42,-0.0488,-0.9985,0.0229,5
2538,Petal,4,ZONE_FACULTY_ARCHIVES,Grand Universal Library & Pre-Deluge Archives,0.8333,-0.375,-940.913,17.12,23.806,629.42,-0.0493,-0.9985,0.0228,5
2539,Petal,4,ZONE_FACULTY_ARCHIVES,Grand Universal Library & Pre-Deluge Archives,0.8333,-0.25,-940.913,11.413,25.624,629.42,-0.0498,-0.9985,0.0228,5
2540,Petal,4,ZONE_FACULTY_ARCHIVES,Grand Universal Library & Pre-Deluge Archives,0.8333,-0.125,-940.913,5.707,27.124,629.42,-0.0502,-0.9985,0.0228,5
2541,Petal,4,ZONE_FACULTY_ARCHIVES,Grand Universal Library & Pre-Deluge Archives,0.8333,0.0,-940.913,0.0,28.305,629.42,-0.0501,-0.9985,0.0225,5
2542,Petal,4,ZONE_FACULTY_ARCHIVES,Grand Universal Library & Pre-Deluge Archives,0.8333,0.125,-940.913,-5.707,27.124,629.42,-0.0497,-0.9985,0.0225,5
2543,Petal,4,ZONE_FACULTY_ARCHIVES,Grand Universal Library & Pre-Deluge Archives,0.8333,0.25,-940.913,-11.413,25.624,629.42,-0.0492,-0.9985,0.0225,5
2544,Petal,4,ZONE_FACULTY_ARCHIVES,Grand Universal Library & Pre-Deluge Archives,0.8333,0.375,-940.913,-17.12,23.806,629.42,-0.0486,-0.9986,0.0225,5
2545,Petal,4,ZONE_FACULTY_ARCHIVES,Grand Universal Library & Pre-Deluge Archives,0.8333,0.5,-940.913,-22.826,21.668,629.42,-0.0479,-0.9986,0.0224,5
2546,Petal,4,ZONE_FACULTY_ARCHIVES,Grand Universal Library & Pre-Deluge Archives,0.8333,0.625,-940.913,-28.533,19.212,629.42,-0.0471,-0.9986,0.0224,5
2547,Petal,4,ZONE_FACULTY_ARCHIVES,Grand Universal Library & Pre-Deluge Archives,0.8333,0.75,-940.913,-34.24,16.436,629.42,-0.0462,-0.9987,0.0224,5
2548,Petal,4,ZONE_FACULTY_ARCHIVES,Grand Universal Library & Pre-Deluge Archives,0.8333,0.875,-940.913,-39.946,13.342,629.42,-0.0452,-0.9987,0.0224,5
2549,Petal,4,ZONE_CLEARANCE_WATERWAY,Grand Universal Library & Pre-Deluge Archives,0.8333,1.0,-940.913,-45.653,9.93,629.42,-0.0447,-0.9987,0.0226,5
2550,Petal,4,ZONE_CLEARANCE_WATERWAY,Grand Universal Library & Pre-Deluge Archives,0.8667,-1.0,-972.55,34.761,9.04,675.44,-0.0343,-0.9991,0.0235,5
2551,Petal,4,ZONE_HARBOR_BERTH,Grand Universal Library & Pre-Deluge Archives,0.8667,-0.875,-972.55,30.416,11.07,675.44,-0.0352,-0.9991,0.0234,5
2552,Petal,4,ZONE_HARBOR_BERTH,Grand Universal Library & Pre-Deluge Archives,0.8667,-0.75,-972.55,26.07,12.915,675.44,-0.0359,-0.9991,0.0234,5
2553,Petal,4,ZONE_HARBOR_BERTH,Grand Universal Library & Pre-Deluge Archives,0.8667,-0.625,-972.55,21.725,14.574,675.44,-0.0366,-0.9991,0.0234,5
2554,Petal,4,ZONE_HARBOR_BERTH,Grand Universal Library & Pre-Deluge Archives,0.8667,-0.5,-972.55,17.38,16.048,675.44,-0.0372,-0.999,0.0234,5
2555,Petal,4,ZONE_HARBOR_BERTH,Grand Universal Library & Pre-Deluge Archives,0.8667,-0.375,-972.55,13.035,17.337,675.44,-0.0377,-0.999,0.0233,5
2556,Petal,4,ZONE_HARBOR_BERTH,Grand Universal Library & Pre-Deluge Archives,0.8667,-0.25,-972.55,8.69,18.439,675.44,-0.0381,-0.999,0.0233,5
2557,Petal,4,ZONE_HARBOR_BERTH,Grand Universal Library & Pre-Deluge Archives,0.8667,-0.125,-972.55,4.345,19.357,675.44,-0.0384,-0.999,0.0233,5
2558,Petal,4,ZONE_HARBOR_BERTH,Grand Universal Library & Pre-Deluge Archives,0.8667,0.0,-972.55,0.0,20.089,675.44,-0.0384,-0.999,0.0231,5
2559,Petal,4,ZONE_HARBOR_BERTH,Grand Universal Library & Pre-Deluge Archives,0.8667,0.125,-972.55,-4.345,19.357,675.44,-0.0381,-0.999,0.0231,5
2560,Petal,4,ZONE_HARBOR_BERTH,Grand Universal Library & Pre-Deluge Archives,0.8667,0.25,-972.55,-8.69,18.439,675.44,-0.0377,-0.999,0.0231,5
2561,Petal,4,ZONE_HARBOR_BERTH,Grand Universal Library & Pre-Deluge Archives,0.8667,0.375,-972.55,-13.035,17.337,675.44,-0.0372,-0.999,0.023,5
2562,Petal,4,ZONE_HARBOR_BERTH,Grand Universal Library & Pre-Deluge Archives,0.8667,0.5,-972.55,-17.38,16.048,675.44,-0.0366,-0.9991,0.023,5
2563,Petal,4,ZONE_HARBOR_BERTH,Grand Universal Library & Pre-Deluge Archives,0.8667,0.625,-972.55,-21.725,14.574,675.44,-0.036,-0.9991,0.023,5
2564,Petal,4,ZONE_HARBOR_BERTH,Grand Universal Library & Pre-Deluge Archives,0.8667,0.75,-972.55,-26.07,12.915,675.44,-0.0353,-0.9991,0.023,5
2565,Petal,4,ZONE_HARBOR_BERTH,Grand Universal Library & Pre-Deluge Archives,0.8667,0.875,-972.55,-30.416,11.07,675.44,-0.0345,-0.9991,0.023,5
2566,Petal,4,ZONE_CLEARANCE_WATERWAY,Grand Universal Library & Pre-Deluge Archives,0.8667,1.0,-972.55,-34.761,9.04,675.44,-0.0339,-0.9992,0.0232,5
2567,Petal,4,ZONE_CLEARANCE_WATERWAY,Grand Universal Library & Pre-Deluge Archives,0.9,-1.0,-1004.186,24.466,6.865,720.26,-0.0241,-0.9994,0.0255,5
2568,Petal,4,ZONE_HARBOR_BERTH,Grand Universal Library & Pre-Deluge Archives,0.9,-0.875,-1004.186,21.408,7.854,720.26,-0.0247,-0.9994,0.0255,5
2569,Petal,4,ZONE_HARBOR_BERTH,Grand Universal Library & Pre-Deluge Archives,0.9,-0.75,-1004.186,18.35,8.756,720.26,-0.0253,-0.9994,0.0255,5
2570,Petal,4,ZONE_HARBOR_BERTH,Grand Universal Library & Pre-Deluge Archives,0.9,-0.625,-1004.186,15.291,9.571,720.26,-0.0258,-0.9993,0.0254,5
2571,Petal,4,ZONE_HARBOR_BERTH,Grand Universal Library & Pre-Deluge Archives,0.9,-0.5,-1004.186,12.233,10.297,720.26,-0.0262,-0.9993,0.0254,5
2572,Petal,4,ZONE_HARBOR_BERTH,Grand Universal Library & Pre-Deluge Archives,0.9,-0.375,-1004.186,9.175,10.936,720.26,-0.0266,-0.9993,0.0254,5
2573,Petal,4,ZONE_HARBOR_BERTH,Grand Universal Library & Pre-Deluge Archives,0.9,-0.25,-1004.186,6.117,11.488,720.26,-0.0269,-0.9993,0.0254,5
2574,Petal,4,ZONE_HARBOR_BERTH,Grand Universal Library & Pre-Deluge Archives,0.9,-0.125,-1004.186,3.058,11.951,720.26,-0.0272,-0.9993,0.0254,5
2575,Petal,4,ZONE_HARBOR_BERTH,Grand Universal Library & Pre-Deluge Archives,0.9,0.0,-1004.186,0.0,12.328,720.26,-0.0272,-0.9993,0.0252,5
2576,Petal,4,ZONE_HARBOR_BERTH,Grand Universal Library & Pre-Deluge Archives,0.9,0.125,-1004.186,-3.058,11.951,720.26,-0.027,-0.9993,0.0252,5
2577,Petal,4,ZONE_HARBOR_BERTH,Grand Universal Library & Pre-Deluge Archives,0.9,0.25,-1004.186,-6.117,11.488,720.26,-0.0267,-0.9993,0.0252,5
2578,Petal,4,ZONE_HARBOR_BERTH,Grand Universal Library & Pre-Deluge Archives,0.9,0.375,-1004.186,-9.175,10.936,720.26,-0.0263,-0.9993,0.0252,5
2579,Petal,4,ZONE_HARBOR_BERTH,Grand Universal Library & Pre-Deluge Archives,0.9,0.5,-1004.186,-12.233,10.297,720.26,-0.0259,-0.9993,0.0251,5
2580,Petal,4,ZONE_HARBOR_BERTH,Grand Universal Library & Pre-Deluge Archives,0.9,0.625,-1004.186,-15.291,9.571,720.26,-0.0254,-0.9994,0.0251,5
2581,Petal,4,ZONE_HARBOR_BERTH,Grand Universal Library & Pre-Deluge Archives,0.9,0.75,-1004.186,-18.35,8.756,720.26,-0.0249,-0.9994,0.0251,5
2582,Petal,4,ZONE_HARBOR_BERTH,Grand Universal Library & Pre-Deluge Archives,0.9,0.875,-1004.186,-21.408,7.854,720.26,-0.0243,-0.9994,0.0251,5
2583,Petal,4,ZONE_CLEARANCE_WATERWAY,Grand Universal Library & Pre-Deluge Archives,0.9,1.0,-1004.186,-24.466,6.865,720.26,-0.0239,-0.9994,0.0253,5
2584,Petal,4,ZONE_CLEARANCE_WATERWAY,Grand Universal Library & Pre-Deluge Archives,0.9333,-1.0,-1035.823,14.934,3.963,763.56,-0.0147,-0.9994,0.0308,5
2585,Petal,4,ZONE_HARBOR_BERTH,Grand Universal Library & Pre-Deluge Archives,0.9333,-0.875,-1035.823,13.067,4.303,763.56,-0.0151,-0.9994,0.0307,5
2586,Petal,4,ZONE_HARBOR_BERTH,Grand Universal Library & Pre-Deluge Archives,0.9333,-0.75,-1035.823,11.201,4.614,763.56,-0.0154,-0.9994,0.0307,5
2587,Petal,4,ZONE_HARBOR_BERTH,Grand Universal Library & Pre-Deluge Archives,0.9333,-0.625,-1035.823,9.334,4.897,763.56,-0.0158,-0.9994,0.0307,5
2588,Petal,4,ZONE_HARBOR_BERTH,Grand Universal Library & Pre-Deluge Archives,0.9333,-0.5,-1035.823,7.467,5.151,763.56,-0.016,-0.9994,0.0307,5
2589,Petal,4,ZONE_HARBOR_BERTH,Grand Universal Library & Pre-Deluge Archives,0.9333,-0.375,-1035.823,5.6,5.377,763.56,-0.0163,-0.9994,0.0307,5
2590,Petal,4,ZONE_HARBOR_BERTH,Grand Universal Library & Pre-Deluge Archives,0.9333,-0.25,-1035.823,3.734,5.574,763.56,-0.0165,-0.9994,0.0307,5
2591,Petal,4,ZONE_HARBOR_BERTH,Grand Universal Library & Pre-Deluge Archives,0.9333,-0.125,-1035.823,1.867,5.742,763.56,-0.0167,-0.9994,0.0307,5
2592,Petal,4,ZONE_HARBOR_BERTH,Grand Universal Library & Pre-Deluge Archives,0.9333,0.0,-1035.823,0.0,5.881,763.56,-0.0167,-0.9994,0.0305,5
2593,Petal,4,ZONE_HARBOR_BERTH,Grand Universal Library & Pre-Deluge Archives,0.9333,0.125,-1035.823,-1.867,5.742,763.56,-0.0166,-0.9994,0.0305,5
2594,Petal,4,ZONE_HARBOR_BERTH,Grand Universal Library & Pre-Deluge Archives,0.9333,0.25,-1035.823,-3.734,5.574,763.56,-0.0164,-0.9994,0.0305,5
2595,Petal,4,ZONE_HARBOR_BERTH,Grand Universal Library & Pre-Deluge Archives,0.9333,0.375,-1035.823,-5.6,5.377,763.56,-0.0162,-0.9994,0.0305,5
2596,Petal,4,ZONE_HARBOR_BERTH,Grand Universal Library & Pre-Deluge Archives,0.9333,0.5,-1035.823,-7.467,5.151,763.56,-0.0159,-0.9994,0.0305,5
2597,Petal,4,ZONE_HARBOR_BERTH,Grand Universal Library & Pre-Deluge Archives,0.9333,0.625,-1035.823,-9.334,4.897,763.56,-0.0156,-0.9994,0.0304,5
2598,Petal,4,ZONE_HARBOR_BERTH,Grand Universal Library & Pre-Deluge Archives,0.9333,0.75,-1035.823,-11.201,4.614,763.56,-0.0153,-0.9994,0.0304,5
2599,Petal,4,ZONE_HARBOR_BERTH,Grand Universal Library & Pre-Deluge Archives,0.9333,0.875,-1035.823,-13.067,4.303,763.56,-0.0149,-0.9994,0.0304,5
2600,Petal,4,ZONE_CLEARANCE_WATERWAY,Grand Universal Library & Pre-Deluge Archives,0.9333,1.0,-1035.823,-14.934,3.963,763.56,-0.0146,-0.9994,0.0306,5
2601,Petal,4,ZONE_CLEARANCE_WATERWAY,Grand Universal Library & Pre-Deluge Archives,0.9667,-1.0,-1067.459,6.448,1.248,804.77,-0.0064,-0.9989,0.047,5
2602,Petal,4,ZONE_HARBOR_BERTH,Grand Universal Library & Pre-Deluge Archives,0.9667,-0.875,-1067.459,5.642,1.299,804.77,-0.0066,-0.9989,0.047,5
2603,Petal,4,ZONE_HARBOR_BERTH,Grand Universal Library & Pre-Deluge Archives,0.9667,-0.75,-1067.459,4.836,1.347,804.77,-0.0067,-0.9989,0.047,5
2604,Petal,4,ZONE_HARBOR_BERTH,Grand Universal Library & Pre-Deluge Archives,0.9667,-0.625,-1067.459,4.03,1.39,804.77,-0.0068,-0.9989,0.047,5
2605,Petal,4,ZONE_HARBOR_BERTH,Grand Universal Library & Pre-Deluge Archives,0.9667,-0.5,-1067.459,3.224,1.429,804.77,-0.007,-0.9989,0.047,5
2606,Petal,4,ZONE_HARBOR_BERTH,Grand Universal Library & Pre-Deluge Archives,0.9667,-0.375,-1067.459,2.418,1.465,804.77,-0.0071,-0.9989,0.047,5
2607,Petal,4,ZONE_HARBOR_BERTH,Grand Universal Library & Pre-Deluge Archives,0.9667,-0.25,-1067.459,1.612,1.496,804.77,-0.0072,-0.9989,0.047,5
2608,Petal,4,ZONE_HARBOR_BERTH,Grand Universal Library & Pre-Deluge Archives,0.9667,-0.125,-1067.459,0.806,1.524,804.77,-0.0072,-0.9989,0.047,5
2609,Petal,4,ZONE_HARBOR_BERTH,Grand Universal Library & Pre-Deluge Archives,0.9667,0.0,-1067.459,0.0,1.548,804.77,-0.0073,-0.9989,0.0468,5
2610,Petal,4,ZONE_HARBOR_BERTH,Grand Universal Library & Pre-Deluge Archives,0.9667,0.125,-1067.459,-0.806,1.524,804.77,-0.0072,-0.9989,0.0468,5
2611,Petal,4,ZONE_HARBOR_BERTH,Grand Universal Library & Pre-Deluge Archives,0.9667,0.25,-1067.459,-1.612,1.496,804.77,-0.0071,-0.9989,0.0468,5
2612,Petal,4,ZONE_HARBOR_BERTH,Grand Universal Library & Pre-Deluge Archives,0.9667,0.375,-1067.459,-2.418,1.465,804.77,-0.007,-0.9989,0.0468,5
2613,Petal,4,ZONE_HARBOR_BERTH,Grand Universal Library & Pre-Deluge Archives,0.9667,0.5,-1067.459,-3.224,1.429,804.77,-0.0069,-0.9989,0.0468,5
2614,Petal,4,ZONE_HARBOR_BERTH,Grand Universal Library & Pre-Deluge Archives,0.9667,0.625,-1067.459,-4.03,1.39,804.77,-0.0068,-0.9989,0.0468,5
2615,Petal,4,ZONE_HARBOR_BERTH,Grand Universal Library & Pre-Deluge Archives,0.9667,0.75,-1067.459,-4.836,1.347,804.77,-0.0067,-0.9989,0.0468,5
2616,Petal,4,ZONE_HARBOR_BERTH,Grand Universal Library & Pre-Deluge Archives,0.9667,0.875,-1067.459,-5.642,1.299,804.77,-0.0065,-0.9989,0.0468,5
2617,Petal,4,ZONE_CLEARANCE_WATERWAY,Grand Universal Library & Pre-Deluge Archives,0.9667,1.0,-1067.459,-6.448,1.248,804.77,-0.0064,-0.9989,0.0469,5
2618,Petal,4,ZONE_CLEARANCE_WATERWAY,Grand Universal Library & Pre-Deluge Archives,1.0,-1.0,-1099.096,0.0,0.0,841.9,0.0,0.0,1.0,5
2619,Petal,4,ZONE_HARBOR_BERTH,Grand Universal Library & Pre-Deluge Archives,1.0,-0.875,-1099.096,0.0,0.0,841.9,0.0,0.0,1.0,5
2620,Petal,4,ZONE_HARBOR_BERTH,Grand Universal Library & Pre-Deluge Archives,1.0,-0.75,-1099.096,0.0,0.0,841.9,0.0,0.0,1.0,5
2621,Petal,4,ZONE_HARBOR_BERTH,Grand Universal Library & Pre-Deluge Archives,1.0,-0.625,-1099.096,0.0,0.0,841.9,0.0,0.0,1.0,5
2622,Petal,4,ZONE_HARBOR_BERTH,Grand Universal Library & Pre-Deluge Archives,1.0,-0.5,-1099.096,0.0,0.0,841.9,0.0,0.0,1.0,5
2623,Petal,4,ZONE_HARBOR_BERTH,Grand Universal Library & Pre-Deluge Archives,1.0,-0.375,-1099.096,0.0,0.0,841.9,0.0,0.0,1.0,5
2624,Petal,4,ZONE_HARBOR_BERTH,Grand Universal Library & Pre-Deluge Archives,1.0,-0.25,-1099.096,0.0,0.0,841.9,0.0,0.0,1.0,5
2625,Petal,4,ZONE_HARBOR_BERTH,Grand Universal Library & Pre-Deluge Archives,1.0,-0.125,-1099.096,0.0,0.0,841.9,0.0,0.0,1.0,5
2626,Petal,4,ZONE_HARBOR_BERTH,Grand Universal Library & Pre-Deluge Archives,1.0,0.0,-1099.096,0.0,0.0,841.9,0.0,0.0,1.0,5
2627,Petal,4,ZONE_HARBOR_BERTH,Grand Universal Library & Pre-Deluge Archives,1.0,0.125,-1099.096,0.0,0.0,841.9,0.0,0.0,1.0,5
2628,Petal,4,ZONE_HARBOR_BERTH,Grand Universal Library & Pre-Deluge Archives,1.0,0.25,-1099.096,0.0,0.0,841.9,0.0,0.0,1.0,5
2629,Petal,4,ZONE_HARBOR_BERTH,Grand Universal Library & Pre-Deluge Archives,1.0,0.375,-1099.096,0.0,0.0,841.9,0.0,0.0,1.0,5
2630,Petal,4,ZONE_HARBOR_BERTH,Grand Universal Library & Pre-Deluge Archives,1.0,0.5,-1099.096,0.0,0.0,841.9,0.0,0.0,1.0,5
2631,Petal,4,ZONE_HARBOR_BERTH,Grand Universal Library & Pre-Deluge Archives,1.0,0.625,-1099.096,0.0,0.0,841.9,0.0,0.0,1.0,5
2632,Petal,4,ZONE_HARBOR_BERTH,Grand Universal Library & Pre-Deluge Archives,1.0,0.75,-1099.096,0.0,0.0,841.9,0.0,0.0,1.0,5
2633,Petal,4,ZONE_HARBOR_BERTH,Grand Universal Library & Pre-Deluge Archives,1.0,0.875,-1099.096,0.0,0.0,841.9,0.0,0.0,1.0,5
2634,Petal,4,ZONE_CLEARANCE_WATERWAY,Grand Universal Library & Pre-Deluge Archives,1.0,1.0,-1099.096,0.0,0.0,841.9,-0.0,0.0,1.0,5
2635,Petal,5,ZONE_CLEARANCE_WATERWAY,Faculty of Deep-Sea Mining & Trench Exploration,0.0,-1.0,-106.066,-106.066,0.0,114.81,-0.0813,-0.0813,0.9934,6
2636,Petal,5,ZONE_FACULTY_ABYSSAL,Faculty of Deep-Sea Mining & Trench Exploration,0.0,-0.875,-106.066,-106.066,0.0,114.81,-0.041,-0.041,0.9983,6
2637,Petal,5,ZONE_FACULTY_ABYSSAL,Faculty of Deep-Sea Mining & Trench Exploration,0.0,-0.75,-106.066,-106.066,0.0,114.81,-0.0029,-0.0029,1.0,6
2638,Petal,5,ZONE_FACULTY_ABYSSAL,Faculty of Deep-Sea Mining & Trench Exploration,0.0,-0.625,-106.066,-106.066,0.0,114.81,0.0328,0.0328,0.9989,6
2639,Petal,5,ZONE_FACULTY_ABYSSAL,Faculty of Deep-Sea Mining & Trench Exploration,0.0,-0.5,-106.066,-106.066,0.0,114.81,0.0656,0.0656,0.9957,6
2640,Petal,5,ZONE_FACULTY_ABYSSAL,Faculty of Deep-Sea Mining & Trench Exploration,0.0,-0.375,-106.066,-106.066,0.0,114.81,0.0955,0.0955,0.9908,6
2641,Petal,5,ZONE_FACULTY_ABYSSAL,Faculty of Deep-Sea Mining & Trench Exploration,0.0,-0.25,-106.066,-106.066,0.0,114.81,0.1225,0.1225,0.9849,6
2642,Petal,5,ZONE_FACULTY_ABYSSAL,Faculty of Deep-Sea Mining & Trench Exploration,0.0,-0.125,-106.066,-106.066,0.0,114.81,0.1466,0.1466,0.9783,6
2643,Petal,5,ZONE_FACULTY_ABYSSAL,Faculty of Deep-Sea Mining & Trench Exploration,0.0,0.0,-106.066,-106.066,0.0,114.81,0.1678,0.1678,0.9714,6
2644,Petal,5,ZONE_FACULTY_ABYSSAL,Faculty of Deep-Sea Mining & Trench Exploration,0.0,0.125,-106.066,-106.066,0.0,114.81,0.1466,0.1466,0.9783,6
2645,Petal,5,ZONE_FACULTY_ABYSSAL,Faculty of Deep-Sea Mining & Trench Exploration,0.0,0.25,-106.066,-106.066,0.0,114.81,0.1225,0.1225,0.9849,6
2646,Petal,5,ZONE_FACULTY_ABYSSAL,Faculty of Deep-Sea Mining & Trench Exploration,0.0,0.375,-106.066,-106.066,0.0,114.81,0.0955,0.0955,0.9908,6
2647,Petal,5,ZONE_FACULTY_ABYSSAL,Faculty of Deep-Sea Mining & Trench Exploration,0.0,0.5,-106.066,-106.066,0.0,114.81,0.0656,0.0656,0.9957,6
2648,Petal,5,ZONE_FACULTY_ABYSSAL,Faculty of Deep-Sea Mining & Trench Exploration,0.0,0.625,-106.066,-106.066,0.0,114.81,0.0328,0.0328,0.9989,6
2649,Petal,5,ZONE_FACULTY_ABYSSAL,Faculty of Deep-Sea Mining & Trench Exploration,0.0,0.75,-106.066,-106.066,0.0,114.81,-0.0029,-0.0029,1.0,6
2650,Petal,5,ZONE_FACULTY_ABYSSAL,Faculty of Deep-Sea Mining & Trench Exploration,0.0,0.875,-106.066,-106.066,0.0,114.81,-0.041,-0.041,0.9983,6
2651,Petal,5,ZONE_CLEARANCE_WATERWAY,Faculty of Deep-Sea Mining & Trench Exploration,0.0,1.0,-106.066,-106.066,0.0,114.81,-0.0813,-0.0813,0.9934,6
2652,Petal,5,ZONE_CLEARANCE_WATERWAY,Faculty of Deep-Sea Mining & Trench Exploration,0.0333,-1.0,-161.685,-95.188,-2.277,45.0,0.5954,-0.7238,0.3487,6
2653,Petal,5,ZONE_FACULTY_ABYSSAL,Faculty of Deep-Sea Mining & Trench Exploration,0.0333,-0.875,-157.529,-99.344,-0.786,45.0,0.6067,-0.7152,0.3469,6
2654,Petal,5,ZONE_FACULTY_ABYSSAL,Faculty of Deep-Sea Mining & Trench Exploration,0.0333,-0.75,-153.373,-103.5,0.591,45.0,0.6169,-0.7074,0.345,6
2655,Petal,5,ZONE_FACULTY_ABYSSAL,Faculty of Deep-Sea Mining & Trench Exploration,0.0333,-0.625,-149.217,-107.656,1.853,45.0,0.626,-0.7003,0.3431,6
2656,Petal,5,ZONE_FACULTY_ABYSSAL,Faculty of Deep-Sea Mining & Trench Exploration,0.0333,-0.5,-145.061,-111.812,3.001,45.0,0.6339,-0.6941,0.3411,6
2657,Petal,5,ZONE_FACULTY_ABYSSAL,Faculty of Deep-Sea Mining & Trench Exploration,0.0333,-0.375,-140.905,-115.968,4.035,45.0,0.6408,-0.6887,0.3391,6
2658,Petal,5,ZONE_FACULTY_ABYSSAL,Faculty of Deep-Sea Mining & Trench Exploration,0.0333,-0.25,-136.749,-120.124,4.954,45.0,0.6467,-0.6842,0.3371,6
2659,Petal,5,ZONE_FACULTY_ABYSSAL,Faculty of Deep-Sea Mining & Trench Exploration,0.0333,-0.125,-132.593,-124.28,5.76,45.0,0.6517,-0.6805,0.3351,6
2660,Petal,5,ZONE_FACULTY_ABYSSAL,Faculty of Deep-Sea Mining & Trench Exploration,0.0333,0.0,-128.436,-128.436,6.45,45.0,0.6615,-0.6821,0.3119,6
2661,Petal,5,ZONE_FACULTY_ABYSSAL,Faculty of Deep-Sea Mining & Trench Exploration,0.0333,0.125,-124.28,-132.593,5.76,45.0,0.6588,-0.6855,0.3101,6
2662,Petal,5,ZONE_FACULTY_ABYSSAL,Faculty of Deep-Sea Mining & Trench Exploration,0.0333,0.25,-120.124,-136.749,4.954,45.0,0.6553,-0.6896,0.3083,6
2663,Petal,5,ZONE_FACULTY_ABYSSAL,Faculty of Deep-Sea Mining & Trench Exploration,0.0333,0.375,-115.968,-140.905,4.035,45.0,0.6511,-0.6944,0.3065,6
2664,Petal,5,ZONE_FACULTY_ABYSSAL,Faculty of Deep-Sea Mining & Trench Exploration,0.0333,0.5,-111.812,-145.061,3.001,45.0,0.6461,-0.6998,0.3046,6
2665,Petal,5,ZONE_FACULTY_ABYSSAL,Faculty of Deep-Sea Mining & Trench Exploration,0.0333,0.625,-107.656,-149.217,1.853,45.0,0.6403,-0.7059,0.3028,6
2666,Petal,5,ZONE_FACULTY_ABYSSAL,Faculty of Deep-Sea Mining & Trench Exploration,0.0333,0.75,-103.5,-153.373,0.591,45.0,0.6337,-0.7126,0.301,6
2667,Petal,5,ZONE_FACULTY_ABYSSAL,Faculty of Deep-Sea Mining & Trench Exploration,0.0333,0.875,-99.344,-157.529,-0.786,45.0,0.6264,-0.7199,0.2991,6
2668,Petal,5,ZONE_CLEARANCE_WATERWAY,Faculty of Deep-Sea Mining & Trench Exploration,0.0333,1.0,-95.188,-161.685,-2.277,45.0,0.6079,-0.7261,0.3211,6
2669,Petal,5,ZONE_CLEARANCE_WATERWAY,Faculty of Deep-Sea Mining & Trench Exploration,0.0667,-1.0,-192.625,-108.989,-4.514,45.0,0.6213,-0.7503,0.2259,6
2670,Petal,5,ZONE_FACULTY_ABYSSAL,Faculty of Deep-Sea Mining & Trench Exploration,0.0667,-0.875,-187.397,-114.216,-1.818,45.0,0.6282,-0.7449,0.2246,6
2671,Petal,5,ZONE_FACULTY_ABYSSAL,Faculty of Deep-Sea Mining & Trench Exploration,0.0667,-0.75,-182.17,-119.444,0.651,45.0,0.6344,-0.7401,0.2232,6
2672,Petal,5,ZONE_FACULTY_ABYSSAL,Faculty of Deep-Sea Mining & Trench Exploration,0.0667,-0.625,-176.943,-124.671,2.892,45.0,0.6399,-0.7358,0.2218,6
2673,Petal,5,ZONE_FACULTY_ABYSSAL,Faculty of Deep-Sea Mining & Trench Exploration,0.0667,-0.5,-171.716,-129.898,4.906,45.0,0.6447,-0.732,0.2205,6
2674,Petal,5,ZONE_FACULTY_ABYSSAL,Faculty of Deep-Sea Mining & Trench Exploration,0.0667,-0.375,-166.488,-135.125,6.693,45.0,0.6488,-0.7287,0.2191,6
2675,Petal,5,ZONE_FACULTY_ABYSSAL,Faculty of Deep-Sea Mining & Trench Exploration,0.0667,-0.25,-161.261,-140.352,8.252,45.0,0.6523,-0.726,0.2177,6
2676,Petal,5,ZONE_FACULTY_ABYSSAL,Faculty of Deep-Sea Mining & Trench Exploration,0.0667,-0.125,-156.034,-145.58,9.584,45.0,0.6552,-0.7238,0.2163,6
2677,Petal,5,ZONE_FACULTY_ABYSSAL,Faculty of Deep-Sea Mining & Trench Exploration,0.0667,0.0,-150.807,-150.807,10.688,45.0,0.661,-0.7223,0.2035,6
2678,Petal,5,ZONE_FACULTY_ABYSSAL,Faculty of Deep-Sea Mining & Trench Exploration,0.0667,0.125,-145.58,-156.034,9.584,45.0,0.6597,-0.7238,0.2022,6
2679,Petal,5,ZONE_FACULTY_ABYSSAL,Faculty of Deep-Sea Mining & Trench Exploration,0.0667,0.25,-140.352,-161.261,8.252,45.0,0.6578,-0.7259,0.201,6
2680,Petal,5,ZONE_FACULTY_ABYSSAL,Faculty of Deep-Sea Mining & Trench Exploration,0.0667,0.375,-135.125,-166.488,6.693,45.0,0.6555,-0.7283,0.1997,6
2681,Petal,5,ZONE_FACULTY_ABYSSAL,Faculty of Deep-Sea Mining & Trench Exploration,0.0667,0.5,-129.898,-171.716,4.906,45.0,0.6526,-0.7312,0.1985,6
2682,Petal,5,ZONE_FACULTY_ABYSSAL,Faculty of Deep-Sea Mining & Trench Exploration,0.0667,0.625,-124.671,-176.943,2.892,45.0,0.6493,-0.7345,0.1973,6
2683,Petal,5,ZONE_FACULTY_ABYSSAL,Faculty of Deep-Sea Mining & Trench Exploration,0.0667,0.75,-119.444,-182.17,0.651,45.0,0.6454,-0.7382,0.196,6
2684,Petal,5,ZONE_FACULTY_ABYSSAL,Faculty of Deep-Sea Mining & Trench Exploration,0.0667,0.875,-114.216,-187.397,-1.818,45.0,0.6411,-0.7423,0.1948,6
2685,Petal,5,ZONE_CLEARANCE_WATERWAY,Faculty of Deep-Sea Mining & Trench Exploration,0.0667,1.0,-108.989,-192.625,-4.514,45.0,0.6295,-0.7485,0.2086,6
2686,Petal,5,ZONE_CLEARANCE_WATERWAY,Faculty of Deep-Sea Mining & Trench Exploration,0.1,-1.0,-223.564,-122.791,-6.672,45.0,0.6214,-0.762,0.1822,6
2687,Petal,5,ZONE_FACULTY_ABYSSAL,Faculty of Deep-Sea Mining & Trench Exploration,0.1,-0.875,-217.266,-129.089,-2.855,45.0,0.6268,-0.7578,0.1811,6
2688,Petal,5,ZONE_FACULTY_ABYSSAL,Faculty of Deep-Sea Mining & Trench Exploration,0.1,-0.75,-210.967,-135.387,0.624,45.0,0.6316,-0.7541,0.1799,6
2689,Petal,5,ZONE_FACULTY_ABYSSAL,Faculty of Deep-Sea Mining & Trench Exploration,0.1,-0.625,-204.669,-141.686,3.764,45.0,0.6359,-0.7508,0.1788,6
2690,Petal,5,ZONE_FACULTY_ABYSSAL,Faculty of Deep-Sea Mining & Trench Exploration,0.1,-0.5,-198.371,-147.984,6.567,45.0,0.6397,-0.7478,0.1777,6
2691,Petal,5,ZONE_FACULTY_ABYSSAL,Faculty of Deep-Sea Mining & Trench Exploration,0.1,-0.375,-192.072,-154.282,9.032,45.0,0.6429,-0.7453,0.1766,6
2692,Petal,5,ZONE_FACULTY_ABYSSAL,Faculty of Deep-Sea Mining & Trench Exploration,0.1,-0.25,-185.774,-160.581,11.159,45.0,0.6456,-0.7432,0.1755,6
2693,Petal,5,ZONE_FACULTY_ABYSSAL,Faculty of Deep-Sea Mining & Trench Exploration,0.1,-0.125,-179.476,-166.879,12.947,45.0,0.6479,-0.7415,0.1743,6
2694,Petal,5,ZONE_FACULTY_ABYSSAL,Faculty of Deep-Sea Mining & Trench Exploration,0.1,0.0,-173.177,-173.177,14.398,45.0,0.6529,-0.7392,0.1651,6
2695,Petal,5,ZONE_FACULTY_ABYSSAL,Faculty of Deep-Sea Mining & Trench Exploration,0.1,0.125,-166.879,-179.476,12.947,45.0,0.652,-0.7402,0.1641,6
2696,Petal,5,ZONE_FACULTY_ABYSSAL,Faculty of Deep-Sea Mining & Trench Exploration,0.1,0.25,-160.581,-185.774,11.159,45.0,0.6508,-0.7415,0.1631,6
2697,Petal,5,ZONE_FACULTY_ABYSSAL,Faculty of Deep-Sea Mining & Trench Exploration,0.1,0.375,-154.282,-192.072,9.032,45.0,0.6492,-0.7432,0.1621,6
2698,Petal,5,ZONE_FACULTY_ABYSSAL,Faculty of Deep-Sea Mining & Trench Exploration,0.1,0.5,-147.984,-198.371,6.567,45.0,0.6471,-0.7452,0.1611,6
2699,Petal,5,ZONE_FACULTY_ABYSSAL,Faculty of Deep-Sea Mining & Trench Exploration,0.1,0.625,-141.686,-204.669,3.764,45.0,0.6447,-0.7475,0.1601,6
2700,Petal,5,ZONE_FACULTY_ABYSSAL,Faculty of Deep-Sea Mining & Trench Exploration,0.1,0.75,-135.387,-210.967,0.624,45.0,0.6419,-0.7501,0.1591,6
2701,Petal,5,ZONE_FACULTY_ABYSSAL,Faculty of Deep-Sea Mining & Trench Exploration,0.1,0.875,-129.089,-217.266,-2.855,45.0,0.6387,-0.7531,0.1581,6
2702,Petal,5,ZONE_CLEARANCE_WATERWAY,Faculty of Deep-Sea Mining & Trench Exploration,0.1,1.0,-122.791,-223.564,-6.672,45.0,0.6288,-0.759,0.1688,6
2703,Petal,5,ZONE_CLEARANCE_WATERWAY,Faculty of Deep-Sea Mining & Trench Exploration,0.1333,-1.0,-254.503,-136.592,-8.711,45.0,0.6161,-0.7713,0.1598,6
2704,Petal,5,ZONE_FACULTY_ABYSSAL,Faculty of Deep-Sea Mining & Trench Exploration,0.1333,-0.875,-247.134,-143.962,-3.842,45.0,0.6207,-0.7678,0.1588,6
2705,Petal,5,ZONE_FACULTY_ABYSSAL,Faculty of Deep-Sea Mining & Trench Exploration,0.1333,-0.75,-239.764,-151.331,0.582,45.0,0.6249,-0.7646,0.1578,6
2706,Petal,5,ZONE_FACULTY_ABYSSAL,Faculty of Deep-Sea Mining & Trench Exploration,0.1333,-0.625,-232.395,-158.7,4.562,45.0,0.6285,-0.7618,0.1568,6
2707,Petal,5,ZONE_FACULTY_ABYSSAL,Faculty of Deep-Sea Mining & Trench Exploration,0.1333,-0.5,-225.025,-166.07,8.096,45.0,0.6318,-0.7593,0.1559,6
2708,Petal,5,ZONE_FACULTY_ABYSSAL,Faculty of Deep-Sea Mining & Trench Exploration,0.1333,-0.375,-217.656,-173.439,11.185,45.0,0.6345,-0.7572,0.1549,6
2709,Petal,5,ZONE_FACULTY_ABYSSAL,Faculty of Deep-Sea Mining & Trench Exploration,0.1333,-0.25,-210.287,-180.809,13.83,45.0,0.6369,-0.7554,0.1539,6
2710,Petal,5,ZONE_FACULTY_ABYSSAL,Faculty of Deep-Sea Mining & Trench Exploration,0.1333,-0.125,-202.917,-188.178,16.03,45.0,0.6388,-0.754,0.153,6
2711,Petal,5,ZONE_FACULTY_ABYSSAL,Faculty of Deep-Sea Mining & Trench Exploration,0.1333,0.0,-195.548,-195.548,17.785,45.0,0.6436,-0.7514,0.1456,6
2712,Petal,5,ZONE_FACULTY_ABYSSAL,Faculty of Deep-Sea Mining & Trench Exploration,0.1333,0.125,-188.178,-202.917,16.03,45.0,0.6431,-0.752,0.1447,6
2713,Petal,5,ZONE_FACULTY_ABYSSAL,Faculty of Deep-Sea Mining & Trench Exploration,0.1333,0.25,-180.809,-210.287,13.83,45.0,0.6422,-0.7529,0.1438,6
2714,Petal,5,ZONE_FACULTY_ABYSSAL,Faculty of Deep-Sea Mining & Trench Exploration,0.1333,0.375,-173.439,-217.656,11.185,45.0,0.641,-0.7541,0.1429,6
2715,Petal,5,ZONE_FACULTY_ABYSSAL,Faculty of Deep-Sea Mining & Trench Exploration,0.1333,0.5,-166.07,-225.025,8.096,45.0,0.6394,-0.7556,0.142,6
2716,Petal,5,ZONE_FACULTY_ABYSSAL,Faculty of Deep-Sea Mining & Trench Exploration,0.1333,0.625,-158.7,-232.395,4.562,45.0,0.6375,-0.7574,0.1411,6
2717,Petal,5,ZONE_FACULTY_ABYSSAL,Faculty of Deep-Sea Mining & Trench Exploration,0.1333,0.75,-151.331,-239.764,0.582,45.0,0.6353,-0.7595,0.1403,6
2718,Petal,5,ZONE_FACULTY_ABYSSAL,Faculty of Deep-Sea Mining & Trench Exploration,0.1333,0.875,-143.962,-247.134,-3.842,45.0,0.6327,-0.7618,0.1394,6
2719,Petal,5,ZONE_CLEARANCE_WATERWAY,Faculty of Deep-Sea Mining & Trench Exploration,0.1333,1.0,-136.592,-254.503,-8.711,45.0,0.6235,-0.7676,0.1484,6
2720,Petal,5,ZONE_CLEARANCE_WATERWAY,Faculty of Deep-Sea Mining & Trench Exploration,0.1667,-1.0,-285.443,-150.394,-10.594,45.0,0.6089,-0.7797,0.1461,6
2721,Petal,5,ZONE_FACULTY_ABYSSAL,Faculty of Deep-Sea Mining & Trench Exploration,0.1667,-0.875,-277.002,-158.834,-4.74,45.0,0.613,-0.7766,0.1452,6
2722,Petal,5,ZONE_FACULTY_ABYSSAL,Faculty of Deep-Sea Mining & Trench Exploration,0.1667,-0.75,-268.561,-167.275,0.568,45.0,0.6167,-0.7739,0.1443,6
2723,Petal,5,ZONE_FACULTY_ABYSSAL,Faculty of Deep-Sea Mining & Trench Exploration,0.1667,-0.625,-260.121,-175.715,5.328,45.0,0.62,-0.7714,0.1435,6
2724,Petal,5,ZONE_FACULTY_ABYSSAL,Faculty of Deep-Sea Mining & Trench Exploration,0.1667,-0.5,-251.68,-184.156,9.541,45.0,0.6228,-0.7693,0.1426,6
2725,Petal,5,ZONE_FACULTY_ABYSSAL,Faculty of Deep-Sea Mining & Trench Exploration,0.1667,-0.375,-243.24,-192.596,13.208,45.0,0.6253,-0.7674,0.1417,6
2726,Petal,5,ZONE_FACULTY_ABYSSAL,Faculty of Deep-Sea Mining & Trench Exploration,0.1667,-0.25,-234.799,-201.037,16.328,45.0,0.6274,-0.7658,0.1408,6
2727,Petal,5,ZONE_FACULTY_ABYSSAL,Faculty of Deep-Sea Mining & Trench Exploration,0.1667,-0.125,-226.359,-209.477,18.901,45.0,0.6292,-0.7645,0.14,6
2728,Petal,5,ZONE_FACULTY_ABYSSAL,Faculty of Deep-Sea Mining & Trench Exploration,0.1667,0.0,-217.918,-217.918,20.927,45.0,0.6339,-0.7617,0.1337,6
2729,Petal,5,ZONE_FACULTY_ABYSSAL,Faculty of Deep-Sea Mining & Trench Exploration,0.1667,0.125,-209.477,-226.359,18.901,45.0,0.6336,-0.7621,0.1329,6
2730,Petal,5,ZONE_FACULTY_ABYSSAL,Faculty of Deep-Sea Mining & Trench Exploration,0.1667,0.25,-201.037,-234.799,16.328,45.0,0.633,-0.7628,0.1321,6
2731,Petal,5,ZONE_FACULTY_ABYSSAL,Faculty of Deep-Sea Mining & Trench Exploration,0.1667,0.375,-192.596,-243.24,13.208,45.0,0.6321,-0.7637,0.1313,6
2732,Petal,5,ZONE_FACULTY_ABYSSAL,Faculty of Deep-Sea Mining & Trench Exploration,0.1667,0.5,-184.156,-251.68,9.541,45.0,0.6309,-0.7649,0.1305,6
2733,Petal,5,ZONE_FACULTY_ABYSSAL,Faculty of Deep-Sea Mining & Trench Exploration,0.1667,0.625,-175.715,-260.121,5.328,45.0,0.6293,-0.7662,0.1297,6
2734,Petal,5,ZONE_FACULTY_ABYSSAL,Faculty of Deep-Sea Mining & Trench Exploration,0.1667,0.75,-167.275,-268.561,0.568,45.0,0.6275,-0.7679,0.1289,6
2735,Petal,5,ZONE_FACULTY_ABYSSAL,Faculty of Deep-Sea Mining & Trench Exploration,0.1667,0.875,-158.834,-277.002,-4.74,45.0,0.6254,-0.7697,0.1281,6
2736,Petal,5,ZONE_CLEARANCE_WATERWAY,Faculty of Deep-Sea Mining & Trench Exploration,0.1667,1.0,-150.394,-285.443,-10.594,45.0,0.6165,-0.7755,0.1361,6
2737,Petal,5,ZONE_CLEARANCE_WATERWAY,Faculty of Deep-Sea Mining & Trench Exploration,0.2,-1.0,-316.382,-164.195,-12.285,45.0,0.6009,-0.7876,0.1368,6
2738,Petal,5,ZONE_FACULTY_ABYSSAL,Faculty of Deep-Sea Mining & Trench Exploration,0.2,-0.875,-306.87,-173.707,-5.516,45.0,0.6045,-0.7849,0.136,6
2739,Petal,5,ZONE_FACULTY_ABYSSAL,Faculty of Deep-Sea Mining & Trench Exploration,0.2,-0.75,-297.359,-183.218,0.609,45.0,0.6079,-0.7824,0.1352,6
2740,Petal,5,ZONE_FACULTY_ABYSSAL,Faculty of Deep-Sea Mining & Trench Exploration,0.2,-0.625,-287.847,-192.73,6.092,45.0,0.6108,-0.7803,0.1344,6
2741,Petal,5,ZONE_FACULTY_ABYSSAL,Faculty of Deep-Sea Mining & Trench Exploration,0.2,-0.5,-278.335,-202.242,10.932,45.0,0.6134,-0.7784,0.1336,6
2742,Petal,5,ZONE_FACULTY_ABYSSAL,Faculty of Deep-Sea Mining & Trench Exploration,0.2,-0.375,-268.823,-211.753,15.129,45.0,0.6157,-0.7767,0.1328,6
2743,Petal,5,ZONE_FACULTY_ABYSSAL,Faculty of Deep-Sea Mining & Trench Exploration,0.2,-0.25,-259.312,-221.265,18.683,45.0,0.6177,-0.7753,0.132,6
2744,Petal,5,ZONE_FACULTY_ABYSSAL,Faculty of Deep-Sea Mining & Trench Exploration,0.2,-0.125,-249.8,-230.777,21.594,45.0,0.6193,-0.7741,0.1312,6
2745,Petal,5,ZONE_FACULTY_ABYSSAL,Faculty of Deep-Sea Mining & Trench Exploration,0.2,0.0,-240.288,-240.288,23.862,45.0,0.6241,-0.7712,0.1257,6
2746,Petal,5,ZONE_FACULTY_ABYSSAL,Faculty of Deep-Sea Mining & Trench Exploration,0.2,0.125,-230.777,-249.8,21.594,45.0,0.624,-0.7714,0.125,6
2747,Petal,5,ZONE_FACULTY_ABYSSAL,Faculty of Deep-Sea Mining & Trench Exploration,0.2,0.25,-221.265,-259.312,18.683,45.0,0.6235,-0.7719,0.1242,6
2748,Petal,5,ZONE_FACULTY_ABYSSAL,Faculty of Deep-Sea Mining & Trench Exploration,0.2,0.375,-211.753,-268.823,15.129,45.0,0.6229,-0.7725,0.1235,6
2749,Petal,5,ZONE_FACULTY_ABYSSAL,Faculty of Deep-Sea Mining & Trench Exploration,0.2,0.5,-202.242,-278.335,10.932,45.0,0.6219,-0.7734,0.1227,6
2750,Petal,5,ZONE_FACULTY_ABYSSAL,Faculty of Deep-Sea Mining & Trench Exploration,0.2,0.625,-192.73,-287.847,6.092,45.0,0.6207,-0.7745,0.122,6
2751,Petal,5,ZONE_FACULTY_ABYSSAL,Faculty of Deep-Sea Mining & Trench Exploration,0.2,0.75,-183.218,-297.359,0.609,45.0,0.6192,-0.7758,0.1213,6
2752,Petal,5,ZONE_FACULTY_ABYSSAL,Faculty of Deep-Sea Mining & Trench Exploration,0.2,0.875,-173.707,-306.87,-5.516,45.0,0.6175,-0.7773,0.1205,6
2753,Petal,5,ZONE_CLEARANCE_WATERWAY,Faculty of Deep-Sea Mining & Trench Exploration,0.2,1.0,-164.195,-316.382,-12.285,45.0,0.6087,-0.7831,0.1278,6
2754,Petal,5,ZONE_CLEARANCE_WATERWAY,Faculty of Deep-Sea Mining & Trench Exploration,0.2333,-1.0,-347.321,-177.996,-13.751,45.0,0.5924,-0.7951,0.13,6
2755,Petal,5,ZONE_FACULTY_ABYSSAL,Faculty of Deep-Sea Mining & Trench Exploration,0.2333,-0.875,-336.738,-188.579,-6.144,45.0,0.5957,-0.7927,0.1293,6
2756,Petal,5,ZONE_FACULTY_ABYSSAL,Faculty of Deep-Sea Mining & Trench Exploration,0.2333,-0.75,-326.156,-199.162,0.731,45.0,0.5987,-0.7906,0.1285,6
2757,Petal,5,ZONE_FACULTY_ABYSSAL,Faculty of Deep-Sea Mining & Trench Exploration,0.2333,-0.625,-315.573,-209.745,6.875,45.0,0.6014,-0.7887,0.1278,6
2758,Petal,5,ZONE_FACULTY_ABYSSAL,Faculty of Deep-Sea Mining & Trench Exploration,0.2333,-0.5,-304.99,-220.328,12.286,45.0,0.6038,-0.7869,0.127,6
2759,Petal,5,ZONE_FACULTY_ABYSSAL,Faculty of Deep-Sea Mining & Trench Exploration,0.2333,-0.375,-294.407,-230.91,16.965,45.0,0.6059,-0.7854,0.1263,6
2760,Petal,5,ZONE_FACULTY_ABYSSAL,Faculty of Deep-Sea Mining & Trench Exploration,0.2333,-0.25,-283.824,-241.493,20.913,45.0,0.6077,-0.7841,0.1256,6
2761,Petal,5,ZONE_FACULTY_ABYSSAL,Faculty of Deep-Sea Mining & Trench Exploration,0.2333,-0.125,-273.242,-252.076,24.129,45.0,0.6093,-0.7831,0.1248,6
2762,Petal,5,ZONE_FACULTY_ABYSSAL,Faculty of Deep-Sea Mining & Trench Exploration,0.2333,0.0,-262.659,-262.659,26.613,45.0,0.6141,-0.78,0.1199,6
2763,Petal,5,ZONE_FACULTY_ABYSSAL,Faculty of Deep-Sea Mining & Trench Exploration,0.2333,0.125,-252.076,-273.242,24.129,45.0,0.6141,-0.7801,0.1192,6
2764,Petal,5,ZONE_FACULTY_ABYSSAL,Faculty of Deep-Sea Mining & Trench Exploration,0.2333,0.25,-241.493,-283.824,20.913,45.0,0.6139,-0.7804,0.1185,6
2765,Petal,5,ZONE_FACULTY_ABYSSAL,Faculty of Deep-Sea Mining & Trench Exploration,0.2333,0.375,-230.91,-294.407,16.965,45.0,0.6134,-0.7809,0.1179,6
2766,Petal,5,ZONE_FACULTY_ABYSSAL,Faculty of Deep-Sea Mining & Trench Exploration,0.2333,0.5,-220.328,-304.99,12.286,45.0,0.6127,-0.7816,0.1172,6
2767,Petal,5,ZONE_FACULTY_ABYSSAL,Faculty of Deep-Sea Mining & Trench Exploration,0.2333,0.625,-209.745,-315.573,6.875,45.0,0.6118,-0.7824,0.1165,6
2768,Petal,5,ZONE_FACULTY_ABYSSAL,Faculty of Deep-Sea Mining & Trench Exploration,0.2333,0.75,-199.162,-326.156,0.731,45.0,0.6106,-0.7834,0.1158,6
2769,Petal,5,ZONE_FACULTY_ABYSSAL,Faculty of Deep-Sea Mining & Trench Exploration,0.2333,0.875,-188.579,-336.738,-6.144,45.0,0.6092,-0.7846,0.1151,6
2770,Petal,5,ZONE_CLEARANCE_WATERWAY,Faculty of Deep-Sea Mining & Trench Exploration,0.2333,1.0,-177.996,-347.321,-13.751,45.0,0.6004,-0.7903,0.1218,6
2771,Petal,5,ZONE_CLEARANCE_WATERWAY,Faculty of Deep-Sea Mining & Trench Exploration,0.2667,-1.0,-378.261,-191.798,-14.96,45.0,0.5836,-0.8024,0.1248,6
2772,Petal,5,ZONE_FACULTY_ABYSSAL,Faculty of Deep-Sea Mining & Trench Exploration,0.2667,-0.875,-366.607,-203.452,-6.596,45.0,0.5866,-0.8003,0.1241,6
2773,Petal,5,ZONE_FACULTY_ABYSSAL,Faculty of Deep-Sea Mining & Trench Exploration,0.2667,-0.75,-354.953,-215.106,0.954,45.0,0.5894,-0.7984,0.1234,6
2774,Petal,5,ZONE_FACULTY_ABYSSAL,Faculty of Deep-Sea Mining & Trench Exploration,0.2667,-0.625,-343.299,-226.76,7.692,45.0,0.5918,-0.7967,0.1227,6
2775,Petal,5,ZONE_FACULTY_ABYSSAL,Faculty of Deep-Sea Mining & Trench Exploration,0.2667,-0.5,-331.645,-238.414,13.617,45.0,0.594,-0.7951,0.1221,6
2776,Petal,5,ZONE_FACULTY_ABYSSAL,Faculty of Deep-Sea Mining & Trench Exploration,0.2667,-0.375,-319.991,-250.067,18.73,45.0,0.596,-0.7938,0.1214,6
2777,Petal,5,ZONE_FACULTY_ABYSSAL,Faculty of Deep-Sea Mining & Trench Exploration,0.2667,-0.25,-308.337,-261.721,23.029,45.0,0.5977,-0.7926,0.1207,6
2778,Petal,5,ZONE_FACULTY_ABYSSAL,Faculty of Deep-Sea Mining & Trench Exploration,0.2667,-0.125,-296.683,-273.375,26.516,45.0,0.5991,-0.7916,0.12,6
2779,Petal,5,ZONE_FACULTY_ABYSSAL,Faculty of Deep-Sea Mining & Trench Exploration,0.2667,0.0,-285.029,-285.029,29.19,45.0,0.604,-0.7885,0.1156,6
2780,Petal,5,ZONE_FACULTY_ABYSSAL,Faculty of Deep-Sea Mining & Trench Exploration,0.2667,0.125,-273.375,-296.683,26.516,45.0,0.6042,-0.7885,0.1149,6
2781,Petal,5,ZONE_FACULTY_ABYSSAL,Faculty of Deep-Sea Mining & Trench Exploration,0.2667,0.25,-261.721,-308.337,23.029,45.0,0.6041,-0.7887,0.1143,6
2782,Petal,5,ZONE_FACULTY_ABYSSAL,Faculty of Deep-Sea Mining & Trench Exploration,0.2667,0.375,-250.067,-319.991,18.73,45.0,0.6038,-0.789,0.1136,6
2783,Petal,5,ZONE_FACULTY_ABYSSAL,Faculty of Deep-Sea Mining & Trench Exploration,0.2667,0.5,-238.414,-331.645,13.617,45.0,0.6033,-0.7895,0.113,6
2784,Petal,5,ZONE_FACULTY_ABYSSAL,Faculty of Deep-Sea Mining & Trench Exploration,0.2667,0.625,-226.76,-343.299,7.692,45.0,0.6026,-0.7901,0.1123,6
2785,Petal,5,ZONE_FACULTY_ABYSSAL,Faculty of Deep-Sea Mining & Trench Exploration,0.2667,0.75,-215.106,-354.953,0.954,45.0,0.6017,-0.7909,0.1117,6
2786,Petal,5,ZONE_FACULTY_ABYSSAL,Faculty of Deep-Sea Mining & Trench Exploration,0.2667,0.875,-203.452,-366.607,-6.596,45.0,0.6006,-0.7918,0.1111,6
2787,Petal,5,ZONE_CLEARANCE_WATERWAY,Faculty of Deep-Sea Mining & Trench Exploration,0.2667,1.0,-191.798,-378.261,-14.96,45.0,0.592,-0.7974,0.1172,6
2788,Petal,5,ZONE_CLEARANCE_WATERWAY,Faculty of Deep-Sea Mining & Trench Exploration,0.3,-1.0,-409.2,-205.599,-15.884,45.0,0.5747,-0.8094,0.1207,6
2789,Petal,5,ZONE_FACULTY_ABYSSAL,Faculty of Deep-Sea Mining & Trench Exploration,0.3,-0.875,-396.475,-218.324,-6.852,45.0,0.5774,-0.8076,0.12,6
2790,Petal,5,ZONE_FACULTY_ABYSSAL,Faculty of Deep-Sea Mining & Trench Exploration,0.3,-0.75,-383.75,-231.049,1.296,45.0,0.5799,-0.8059,0.1194,6
2791,Petal,5,ZONE_FACULTY_ABYSSAL,Faculty of Deep-Sea Mining & Trench Exploration,0.3,-0.625,-371.025,-243.774,8.559,45.0,0.5821,-0.8044,0.1187,6
2792,Petal,5,ZONE_FACULTY_ABYSSAL,Faculty of Deep-Sea Mining & Trench Exploration,0.3,-0.5,-358.3,-256.5,14.937,45.0,0.5842,-0.803,0.1181,6
2793,Petal,5,ZONE_FACULTY_ABYSSAL,Faculty of Deep-Sea Mining & Trench Exploration,0.3,-0.375,-345.575,-269.225,20.43,45.0,0.5859,-0.8018,0.1174,6
2794,Petal,5,ZONE_FACULTY_ABYSSAL,Faculty of Deep-Sea Mining & Trench Exploration,0.3,-0.25,-332.85,-281.95,25.038,45.0,0.5875,-0.8007,0.1168,6
2795,Petal,5,ZONE_FACULTY_ABYSSAL,Faculty of Deep-Sea Mining & Trench Exploration,0.3,-0.125,-320.125,-294.675,28.762,45.0,0.5889,-0.7998,0.1161,6
2796,Petal,5,ZONE_FACULTY_ABYSSAL,Faculty of Deep-Sea Mining & Trench Exploration,0.3,0.0,-307.4,-307.4,31.6,45.0,0.5939,-0.7967,0.1121,6
2797,Petal,5,ZONE_FACULTY_ABYSSAL,Faculty of Deep-Sea Mining & Trench Exploration,0.3,0.125,-294.675,-320.125,28.762,45.0,0.5941,-0.7966,0.1115,6
2798,Petal,5,ZONE_FACULTY_ABYSSAL,Faculty of Deep-Sea Mining & Trench Exploration,0.3,0.25,-281.95,-332.85,25.038,45.0,0.5942,-0.7966,0.1109,6
2799,Petal,5,ZONE_FACULTY_ABYSSAL,Faculty of Deep-Sea Mining & Trench Exploration,0.3,0.375,-269.225,-345.575,20.43,45.0,0.5941,-0.7968,0.1103,6
2800,Petal,5,ZONE_FACULTY_ABYSSAL,Faculty of Deep-Sea Mining & Trench Exploration,0.3,0.5,-256.5,-358.3,14.937,45.0,0.5938,-0.7971,0.1097,6
2801,Petal,5,ZONE_FACULTY_ABYSSAL,Faculty of Deep-Sea Mining & Trench Exploration,0.3,0.625,-243.774,-371.025,8.559,45.0,0.5933,-0.7975,0.1091,6
2802,Petal,5,ZONE_FACULTY_ABYSSAL,Faculty of Deep-Sea Mining & Trench Exploration,0.3,0.75,-231.049,-383.75,1.296,45.0,0.5927,-0.7981,0.1085,6
2803,Petal,5,ZONE_FACULTY_ABYSSAL,Faculty of Deep-Sea Mining & Trench Exploration,0.3,0.875,-218.324,-396.475,-6.852,45.0,0.5919,-0.7988,0.1079,6
2804,Petal,5,ZONE_CLEARANCE_WATERWAY,Faculty of Deep-Sea Mining & Trench Exploration,0.3,1.0,-205.599,-409.2,-15.884,45.0,0.5833,-0.8043,0.1136,6
2805,Petal,5,ZONE_CLEARANCE_WATERWAY,Faculty of Deep-Sea Mining & Trench Exploration,0.3333,-1.0,-440.139,-219.401,-16.498,45.0,0.5658,-0.8162,0.1172,6
2806,Petal,5,ZONE_FACULTY_ABYSSAL,Faculty of Deep-Sea Mining & Trench Exploration,0.3333,-0.875,-426.343,-233.197,-6.889,45.0,0.5682,-0.8146,0.1166,6
2807,Petal,5,ZONE_FACULTY_ABYSSAL,Faculty of Deep-Sea Mining & Trench Exploration,0.3333,-0.75,-412.547,-246.993,1.772,45.0,0.5704,-0.8132,0.116,6
2808,Petal,5,ZONE_FACULTY_ABYSSAL,Faculty of Deep-Sea Mining & Trench Exploration,0.3333,-0.625,-398.751,-260.789,9.486,45.0,0.5724,-0.8118,0.1154,6
2809,Petal,5,ZONE_FACULTY_ABYSSAL,Faculty of Deep-Sea Mining & Trench Exploration,0.3333,-0.5,-384.955,-274.585,16.253,45.0,0.5742,-0.8106,0.1148,6
2810,Petal,5,ZONE_FACULTY_ABYSSAL,Faculty of Deep-Sea Mining & Trench Exploration,0.3333,-0.375,-371.158,-288.382,22.073,45.0,0.5759,-0.8095,0.1142,6
2811,Petal,5,ZONE_FACULTY_ABYSSAL,Faculty of Deep-Sea Mining & Trench Exploration,0.3333,-0.25,-357.362,-302.178,26.946,45.0,0.5773,-0.8086,0.1136,6
2812,Petal,5,ZONE_FACULTY_ABYSSAL,Faculty of Deep-Sea Mining & Trench Exploration,0.3333,-0.125,-343.566,-315.974,30.871,45.0,0.5786,-0.8077,0.113,6
2813,Petal,5,ZONE_FACULTY_ABYSSAL,Faculty of Deep-Sea Mining & Trench Exploration,0.3333,0.0,-329.77,-329.77,33.849,45.0,0.5836,-0.8047,0.1093,6
2814,Petal,5,ZONE_FACULTY_ABYSSAL,Faculty of Deep-Sea Mining & Trench Exploration,0.3333,0.125,-315.974,-343.566,30.871,45.0,0.584,-0.8045,0.1087,6
2815,Petal,5,ZONE_FACULTY_ABYSSAL,Faculty of Deep-Sea Mining & Trench Exploration,0.3333,0.25,-302.178,-357.362,26.946,45.0,0.5842,-0.8044,0.1082,6
2816,Petal,5,ZONE_FACULTY_ABYSSAL,Faculty of Deep-Sea Mining & Trench Exploration,0.3333,0.375,-288.382,-371.158,22.073,45.0,0.5842,-0.8044,0.1076,6
2817,Petal,5,ZONE_FACULTY_ABYSSAL,Faculty of Deep-Sea Mining & Trench Exploration,0.3333,0.5,-274.585,-384.955,16.253,45.0,0.5842,-0.8046,0.107,6
2818,Petal,5,ZONE_FACULTY_ABYSSAL,Faculty of Deep-Sea Mining & Trench Exploration,0.3333,0.625,-260.789,-398.751,9.486,45.0,0.5839,-0.8048,0.1065,6
2819,Petal,5,ZONE_FACULTY_ABYSSAL,Faculty of Deep-Sea Mining & Trench Exploration,0.3333,0.75,-246.993,-412.547,1.772,45.0,0.5835,-0.8052,0.1059,6
2820,Petal,5,ZONE_FACULTY_ABYSSAL,Faculty of Deep-Sea Mining & Trench Exploration,0.3333,0.875,-233.197,-426.343,-6.889,45.0,0.583,-0.8056,0.1054,6
2821,Petal,5,ZONE_CLEARANCE_WATERWAY,Faculty of Deep-Sea Mining & Trench Exploration,0.3333,1.0,-219.401,-440.139,-16.498,45.0,0.5745,-0.811,0.1107,6
2822,Petal,5,ZONE_CLEARANCE_WATERWAY,Faculty of Deep-Sea Mining & Trench Exploration,0.3667,-1.0,-471.079,-233.202,-16.78,45.0,0.5568,-0.8227,0.1143,6
2823,Petal,5,ZONE_FACULTY_ABYSSAL,Faculty of Deep-Sea Mining & Trench Exploration,0.3667,-0.875,-456.211,-248.07,-6.693,45.0,0.5589,-0.8214,0.1138,6
2824,Petal,5,ZONE_FACULTY_ABYSSAL,Faculty of Deep-Sea Mining & Trench Exploration,0.3667,-0.75,-441.344,-262.937,2.395,45.0,0.5608,-0.8202,0.1132,6
2825,Petal,5,ZONE_FACULTY_ABYSSAL,Faculty of Deep-Sea Mining & Trench Exploration,0.3667,-0.625,-426.477,-277.804,10.483,45.0,0.5626,-0.819,0.1126,6
2826,Petal,5,ZONE_FACULTY_ABYSSAL,Faculty of Deep-Sea Mining & Trench Exploration,0.3667,-0.5,-411.61,-292.671,17.573,45.0,0.5642,-0.818,0.1121,6
2827,Petal,5,ZONE_FACULTY_ABYSSAL,Faculty of Deep-Sea Mining & Trench Exploration,0.3667,-0.375,-396.742,-307.539,23.663,45.0,0.5657,-0.817,0.1115,6
2828,Petal,5,ZONE_FACULTY_ABYSSAL,Faculty of Deep-Sea Mining & Trench Exploration,0.3667,-0.25,-381.875,-322.406,28.754,45.0,0.5671,-0.8162,0.1109,6
2829,Petal,5,ZONE_FACULTY_ABYSSAL,Faculty of Deep-Sea Mining & Trench Exploration,0.3667,-0.125,-367.008,-337.273,32.846,45.0,0.5683,-0.8154,0.1104,6
2830,Petal,5,ZONE_FACULTY_ABYSSAL,Faculty of Deep-Sea Mining & Trench Exploration,0.3667,0.0,-352.14,-352.14,35.938,45.0,0.5733,-0.8124,0.107,6
2831,Petal,5,ZONE_FACULTY_ABYSSAL,Faculty of Deep-Sea Mining & Trench Exploration,0.3667,0.125,-337.273,-367.008,32.846,45.0,0.5737,-0.8121,0.1064,6
2832,Petal,5,ZONE_FACULTY_ABYSSAL,Faculty of Deep-Sea Mining & Trench Exploration,0.3667,0.25,-322.406,-381.875,28.754,45.0,0.5741,-0.8119,0.1059,6
2833,Petal,5,ZONE_FACULTY_ABYSSAL,Faculty of Deep-Sea Mining & Trench Exploration,0.3667,0.375,-307.539,-396.742,23.663,45.0,0.5743,-0.8118,0.1054,6
2834,Petal,5,ZONE_FACULTY_ABYSSAL,Faculty of Deep-Sea Mining & Trench Exploration,0.3667,0.5,-292.671,-411.61,17.573,45.0,0.5744,-0.8118,0.1049,6
2835,Petal,5,ZONE_FACULTY_ABYSSAL,Faculty of Deep-Sea Mining & Trench Exploration,0.3667,0.625,-277.804,-426.477,10.483,45.0,0.5744,-0.8119,0.1043,6
2836,Petal,5,ZONE_FACULTY_ABYSSAL,Faculty of Deep-Sea Mining & Trench Exploration,0.3667,0.75,-262.937,-441.344,2.395,45.0,0.5742,-0.8121,0.1038,6
2837,Petal,5,ZONE_FACULTY_ABYSSAL,Faculty of Deep-Sea Mining & Trench Exploration,0.3667,0.875,-248.07,-456.211,-6.693,45.0,0.574,-0.8123,0.1033,6
2838,Petal,5,ZONE_CLEARANCE_WATERWAY,Faculty of Deep-Sea Mining & Trench Exploration,0.3667,1.0,-233.202,-471.079,-16.78,45.0,0.5657,-0.8175,0.1083,6
2839,Petal,5,ZONE_CLEARANCE_WATERWAY,Faculty of Deep-Sea Mining & Trench Exploration,0.4,-1.0,-502.018,-247.004,-16.712,45.0,0.5478,-0.8291,0.1118,6
2840,Petal,5,ZONE_FACULTY_ABYSSAL,Faculty of Deep-Sea Mining & Trench Exploration,0.4,-0.875,-486.08,-262.942,-6.248,45.0,0.5496,-0.828,0.1113,6
2841,Petal,5,ZONE_FACULTY_ABYSSAL,Faculty of Deep-Sea Mining & Trench Exploration,0.4,-0.75,-470.141,-278.881,3.175,45.0,0.5512,-0.827,0.1108,6
2842,Petal,5,ZONE_FACULTY_ABYSSAL,Faculty of Deep-Sea Mining & Trench Exploration,0.4,-0.625,-454.203,-294.819,11.558,45.0,0.5528,-0.826,0.1102,6
2843,Petal,5,ZONE_FACULTY_ABYSSAL,Faculty of Deep-Sea Mining & Trench Exploration,0.4,-0.5,-438.264,-310.757,18.901,45.0,0.5542,-0.8251,0.1097,6
2844,Petal,5,ZONE_FACULTY_ABYSSAL,Faculty of Deep-Sea Mining & Trench Exploration,0.4,-0.375,-422.326,-326.696,25.203,45.0,0.5555,-0.8243,0.1092,6
2845,Petal,5,ZONE_FACULTY_ABYSSAL,Faculty of Deep-Sea Mining & Trench Exploration,0.4,-0.25,-406.388,-342.634,30.465,45.0,0.5568,-0.8235,0.1086,6
2846,Petal,5,ZONE_FACULTY_ABYSSAL,Faculty of Deep-Sea Mining & Trench Exploration,0.4,-0.125,-390.449,-358.572,34.687,45.0,0.5579,-0.8229,0.1081,6
2847,Petal,5,ZONE_FACULTY_ABYSSAL,Faculty of Deep-Sea Mining & Trench Exploration,0.4,0.0,-374.511,-374.511,37.869,45.0,0.5629,-0.8198,0.105,6
2848,Petal,5,ZONE_FACULTY_ABYSSAL,Faculty of Deep-Sea Mining & Trench Exploration,0.4,0.125,-358.572,-390.449,34.687,45.0,0.5634,-0.8195,0.1045,6
2849,Petal,5,ZONE_FACULTY_ABYSSAL,Faculty of Deep-Sea Mining & Trench Exploration,0.4,0.25,-342.634,-406.388,30.465,45.0,0.5639,-0.8193,0.104,6
2850,Petal,5,ZONE_FACULTY_ABYSSAL,Faculty of Deep-Sea Mining & Trench Exploration,0.4,0.375,-326.696,-422.326,25.203,45.0,0.5643,-0.8191,0.1035,6
2851,Petal,5,ZONE_FACULTY_ABYSSAL,Faculty of Deep-Sea Mining & Trench Exploration,0.4,0.5,-310.757,-438.264,18.901,45.0,0.5646,-0.8189,0.103,6
2852,Petal,5,ZONE_FACULTY_ABYSSAL,Faculty of Deep-Sea Mining & Trench Exploration,0.4,0.625,-294.819,-454.203,11.558,45.0,0.5647,-0.8189,0.1025,6
2853,Petal,5,ZONE_FACULTY_ABYSSAL,Faculty of Deep-Sea Mining & Trench Exploration,0.4,0.75,-278.881,-470.141,3.175,45.0,0.5648,-0.8189,0.102,6
2854,Petal,5,ZONE_FACULTY_ABYSSAL,Faculty of Deep-Sea Mining & Trench Exploration,0.4,0.875,-262.942,-486.08,-6.248,45.0,0.5649,-0.8189,0.1016,6
2855,Petal,5,ZONE_CLEARANCE_WATERWAY,Faculty of Deep-Sea Mining & Trench Exploration,0.4,1.0,-247.004,-502.018,-16.712,45.0,0.5567,-0.8239,0.1062,6
2856,Petal,5,ZONE_CLEARANCE_WATERWAY,Faculty of Deep-Sea Mining & Trench Exploration,0.4333,-1.0,-526.82,-266.942,-16.279,62.36,0.5468,-0.8306,0.1049,6
2857,Petal,5,ZONE_FACULTY_ABYSSAL,Faculty of Deep-Sea Mining & Trench Exploration,0.4333,-0.875,-510.578,-283.185,-5.544,62.36,0.5482,-0.8298,0.1044,6
2858,Petal,5,ZONE_FACULTY_ABYSSAL,Faculty of Deep-Sea Mining & Trench Exploration,0.4333,-0.75,-494.335,-299.427,4.121,62.36,0.5496,-0.829,0.104,6
2859,Petal,5,ZONE_FACULTY_ABYSSAL,Faculty of Deep-Sea Mining & Trench Exploration,0.4333,-0.625,-478.093,-315.669,12.716,62.36,0.5508,-0.8282,0.1035,6
2860,Petal,5,ZONE_FACULTY_ABYSSAL,Faculty of Deep-Sea Mining & Trench Exploration,0.4333,-0.5,-461.851,-331.912,20.241,62.36,0.552,-0.8275,0.103,6
2861,Petal,5,ZONE_FACULTY_ABYSSAL,Faculty of Deep-Sea Mining & Trench Exploration,0.4333,-0.375,-445.608,-348.154,26.696,62.36,0.5531,-0.8268,0.1025,6
2862,Petal,5,ZONE_FACULTY_ABYSSAL,Faculty of Deep-Sea Mining & Trench Exploration,0.4333,-0.25,-429.366,-364.397,32.082,62.36,0.5541,-0.8262,0.1021,6
2863,Petal,5,ZONE_FACULTY_ABYSSAL,Faculty of Deep-Sea Mining & Trench Exploration,0.4333,-0.125,-413.124,-380.639,36.397,62.36,0.5551,-0.8256,0.1016,6
2864,Petal,5,ZONE_FACULTY_ABYSSAL,Faculty of Deep-Sea Mining & Trench Exploration,0.4333,0.0,-396.881,-396.881,39.643,62.36,0.5598,-0.8227,0.0988,6
2865,Petal,5,ZONE_FACULTY_ABYSSAL,Faculty of Deep-Sea Mining & Trench Exploration,0.4333,0.125,-380.639,-413.124,36.397,62.36,0.5604,-0.8223,0.0984,6
2866,Petal,5,ZONE_FACULTY_ABYSSAL,Faculty of Deep-Sea Mining & Trench Exploration,0.4333,0.25,-364.397,-429.366,32.082,62.36,0.561,-0.822,0.0979,6
2867,Petal,5,ZONE_FACULTY_ABYSSAL,Faculty of Deep-Sea Mining & Trench Exploration,0.4333,0.375,-348.154,-445.608,26.696,62.36,0.5615,-0.8217,0.0975,6
2868,Petal,5,ZONE_FACULTY_ABYSSAL,Faculty of Deep-Sea Mining & Trench Exploration,0.4333,0.5,-331.912,-461.851,20.241,62.36,0.5619,-0.8215,0.0971,6
2869,Petal,5,ZONE_FACULTY_ABYSSAL,Faculty of Deep-Sea Mining & Trench Exploration,0.4333,0.625,-315.669,-478.093,12.716,62.36,0.5623,-0.8213,0.0966,6
2870,Petal,5,ZONE_FACULTY_ABYSSAL,Faculty of Deep-Sea Mining & Trench Exploration,0.4333,0.75,-299.427,-494.335,4.121,62.36,0.5626,-0.8211,0.0962,6
2871,Petal,5,ZONE_FACULTY_ABYSSAL,Faculty of Deep-Sea Mining & Trench Exploration,0.4333,0.875,-283.185,-510.578,-5.544,62.36,0.5628,-0.821,0.0958,6
2872,Petal,5,ZONE_CLEARANCE_WATERWAY,Faculty of Deep-Sea Mining & Trench Exploration,0.4333,1.0,-266.942,-526.82,-16.279,62.36,0.5553,-0.8256,0.0999,6
2873,Petal,5,ZONE_CLEARANCE_WATERWAY,Faculty of Deep-Sea Mining & Trench Exploration,0.4667,-1.0,-542.51,-295.993,-15.47,105.49,0.5575,-0.825,0.0925,6
2874,Petal,5,ZONE_FACULTY_ABYSSAL,Faculty of Deep-Sea Mining & Trench Exploration,0.4667,-0.875,-527.103,-311.4,-4.572,105.49,0.5584,-0.8244,0.0921,6
2875,Petal,5,ZONE_FACULTY_ABYSSAL,Faculty of Deep-Sea Mining & Trench Exploration,0.4667,-0.75,-511.696,-326.808,5.239,105.49,0.5594,-0.8238,0.0917,6
2876,Petal,5,ZONE_FACULTY_ABYSSAL,Faculty of Deep-Sea Mining & Trench Exploration,0.4667,-0.625,-496.288,-342.215,13.962,105.49,0.5603,-0.8233,0.0913,6
2877,Petal,5,ZONE_FACULTY_ABYSSAL,Faculty of Deep-Sea Mining & Trench Exploration,0.4667,-0.5,-480.881,-357.622,21.597,105.49,0.5611,-0.8227,0.0909,6
2878,Petal,5,ZONE_FACULTY_ABYSSAL,Faculty of Deep-Sea Mining & Trench Exploration,0.4667,-0.375,-465.474,-373.03,28.144,105.49,0.562,-0.8222,0.0905,6
2879,Petal,5,ZONE_FACULTY_ABYSSAL,Faculty of Deep-Sea Mining & Trench Exploration,0.4667,-0.25,-450.066,-388.437,33.604,105.49,0.5628,-0.8217,0.0901,6
2880,Petal,5,ZONE_FACULTY_ABYSSAL,Faculty of Deep-Sea Mining & Trench Exploration,0.4667,-0.125,-434.659,-403.844,37.975,105.49,0.5635,-0.8212,0.0897,6
2881,Petal,5,ZONE_FACULTY_ABYSSAL,Faculty of Deep-Sea Mining & Trench Exploration,0.4667,0.0,-419.252,-419.252,41.26,105.49,0.5677,-0.8186,0.0874,6
2882,Petal,5,ZONE_FACULTY_ABYSSAL,Faculty of Deep-Sea Mining & Trench Exploration,0.4667,0.125,-403.844,-434.659,37.975,105.49,0.5683,-0.8182,0.087,6
2883,Petal,5,ZONE_FACULTY_ABYSSAL,Faculty of Deep-Sea Mining & Trench Exploration,0.4667,0.25,-388.437,-450.066,33.604,105.49,0.5688,-0.8179,0.0866,6
2884,Petal,5,ZONE_FACULTY_ABYSSAL,Faculty of Deep-Sea Mining & Trench Exploration,0.4667,0.375,-373.03,-465.474,28.144,105.49,0.5694,-0.8175,0.0862,6
2885,Petal,5,ZONE_FACULTY_ABYSSAL,Faculty of Deep-Sea Mining & Trench Exploration,0.4667,0.5,-357.622,-480.881,21.597,105.49,0.5699,-0.8172,0.0859,6
2886,Petal,5,ZONE_FACULTY_ABYSSAL,Faculty of Deep-Sea Mining & Trench Exploration,0.4667,0.625,-342.215,-496.288,13.962,105.49,0.5704,-0.8169,0.0855,6
2887,Petal,5,ZONE_FACULTY_ABYSSAL,Faculty of Deep-Sea Mining & Trench Exploration,0.4667,0.75,-326.808,-511.696,5.239,105.49,0.5709,-0.8166,0.0852,6
2888,Petal,5,ZONE_FACULTY_ABYSSAL,Faculty of Deep-Sea Mining & Trench Exploration,0.4667,0.875,-311.4,-527.103,-4.572,105.49,0.5713,-0.8163,0.0848,6
2889,Petal,5,ZONE_CLEARANCE_WATERWAY,Faculty of Deep-Sea Mining & Trench Exploration,0.4667,1.0,-295.993,-542.51,-15.47,105.49,0.5649,-0.8204,0.0883,6
2890,Petal,5,ZONE_CLEARANCE_WATERWAY,Faculty of Deep-Sea Mining & Trench Exploration,0.5,-1.0,-557.594,-325.65,-14.281,150.34,0.5684,-0.8187,0.0812,6
2891,Petal,5,ZONE_FACULTY_ABYSSAL,Faculty of Deep-Sea Mining & Trench Exploration,0.5,-0.875,-543.097,-340.147,-3.328,150.34,0.569,-0.8183,0.0809,6
2892,Petal,5,ZONE_FACULTY_ABYSSAL,Faculty of Deep-Sea Mining & Trench Exploration,0.5,-0.75,-528.601,-354.643,6.532,150.34,0.5696,-0.818,0.0805,6
2893,Petal,5,ZONE_FACULTY_ABYSSAL,Faculty of Deep-Sea Mining & Trench Exploration,0.5,-0.625,-514.104,-369.14,15.297,150.34,0.5702,-0.8176,0.0802,6
2894,Petal,5,ZONE_FACULTY_ABYSSAL,Faculty of Deep-Sea Mining & Trench Exploration,0.5,-0.5,-499.608,-383.636,22.969,150.34,0.5708,-0.8172,0.0799,6
2895,Petal,5,ZONE_FACULTY_ABYSSAL,Faculty of Deep-Sea Mining & Trench Exploration,0.5,-0.375,-485.112,-398.133,29.547,150.34,0.5714,-0.8168,0.0795,6
2896,Petal,5,ZONE_FACULTY_ABYSSAL,Faculty of Deep-Sea Mining & Trench Exploration,0.5,-0.25,-470.615,-412.629,35.032,150.34,0.572,-0.8164,0.0792,6
2897,Petal,5,ZONE_FACULTY_ABYSSAL,Faculty of Deep-Sea Mining & Trench Exploration,0.5,-0.125,-456.119,-427.126,39.422,150.34,0.5726,-0.816,0.0789,6
2898,Petal,5,ZONE_FACULTY_ABYSSAL,Faculty of Deep-Sea Mining & Trench Exploration,0.5,0.0,-441.622,-441.622,42.719,150.34,0.5762,-0.8137,0.077,6
2899,Petal,5,ZONE_FACULTY_ABYSSAL,Faculty of Deep-Sea Mining & Trench Exploration,0.5,0.125,-427.126,-456.119,39.422,150.34,0.5768,-0.8133,0.0767,6
2900,Petal,5,ZONE_FACULTY_ABYSSAL,Faculty of Deep-Sea Mining & Trench Exploration,0.5,0.25,-412.629,-470.615,35.032,150.34,0.5774,-0.8129,0.0763,6
2901,Petal,5,ZONE_FACULTY_ABYSSAL,Faculty of Deep-Sea Mining & Trench Exploration,0.5,0.375,-398.133,-485.112,29.547,150.34,0.5779,-0.8125,0.076,6
2902,Petal,5,ZONE_FACULTY_ABYSSAL,Faculty of Deep-Sea Mining & Trench Exploration,0.5,0.5,-383.636,-499.608,22.969,150.34,0.5785,-0.8121,0.0757,6
2903,Petal,5,ZONE_FACULTY_ABYSSAL,Faculty of Deep-Sea Mining & Trench Exploration,0.5,0.625,-369.14,-514.104,15.297,150.34,0.5791,-0.8118,0.0754,6
2904,Petal,5,ZONE_FACULTY_ABYSSAL,Faculty of Deep-Sea Mining & Trench Exploration,0.5,0.75,-354.643,-528.601,6.532,150.34,0.5797,-0.8114,0.0751,6
2905,Petal,5,ZONE_FACULTY_ABYSSAL,Faculty of Deep-Sea Mining & Trench Exploration,0.5,0.875,-340.147,-543.097,-3.328,150.34,0.5803,-0.811,0.0749,6
2906,Petal,5,ZONE_CLEARANCE_WATERWAY,Faculty of Deep-Sea Mining & Trench Exploration,0.5,1.0,-325.65,-557.594,-14.281,150.34,0.5749,-0.8145,0.0778,6
2907,Petal,5,ZONE_CLEARANCE_WATERWAY,Faculty of Deep-Sea Mining & Trench Exploration,0.5333,-1.0,-572.197,-355.788,-12.708,196.54,0.5795,-0.8119,0.0711,6
2908,Petal,5,ZONE_FACULTY_ABYSSAL,Faculty of Deep-Sea Mining & Trench Exploration,0.5333,-0.875,-558.672,-369.313,-1.809,196.54,0.5798,-0.8117,0.0708,6
2909,Petal,5,ZONE_FACULTY_ABYSSAL,Faculty of Deep-Sea Mining & Trench Exploration,0.5333,-0.75,-545.146,-382.839,8.001,196.54,0.5802,-0.8114,0.0705,6
2910,Petal,5,ZONE_FACULTY_ABYSSAL,Faculty of Deep-Sea Mining & Trench Exploration,0.5333,-0.625,-531.62,-396.365,16.724,196.54,0.5805,-0.8112,0.0702,6
2911,Petal,5,ZONE_FACULTY_ABYSSAL,Faculty of Deep-Sea Mining & Trench Exploration,0.5333,-0.5,-518.095,-409.89,24.359,196.54,0.5809,-0.8109,0.0699,6
2912,Petal,5,ZONE_FACULTY_ABYSSAL,Faculty of Deep-Sea Mining & Trench Exploration,0.5333,-0.375,-504.569,-423.416,30.907,196.54,0.5813,-0.8107,0.0697,6
2913,Petal,5,ZONE_FACULTY_ABYSSAL,Faculty of Deep-Sea Mining & Trench Exploration,0.5333,-0.25,-491.044,-436.941,36.366,196.54,0.5818,-0.8104,0.0694,6
2914,Petal,5,ZONE_FACULTY_ABYSSAL,Faculty of Deep-Sea Mining & Trench Exploration,0.5333,-0.125,-477.518,-450.467,40.738,196.54,0.5822,-0.8101,0.0691,6
2915,Petal,5,ZONE_FACULTY_ABYSSAL,Faculty of Deep-Sea Mining & Trench Exploration,0.5333,0.0,-463.992,-463.992,44.022,196.54,0.5853,-0.808,0.0675,6
2916,Petal,5,ZONE_FACULTY_ABYSSAL,Faculty of Deep-Sea Mining & Trench Exploration,0.5333,0.125,-450.467,-477.518,40.738,196.54,0.5858,-0.8076,0.0673,6
2917,Petal,5,ZONE_FACULTY_ABYSSAL,Faculty of Deep-Sea Mining & Trench Exploration,0.5333,0.25,-436.941,-491.044,36.366,196.54,0.5864,-0.8072,0.067,6
2918,Petal,5,ZONE_FACULTY_ABYSSAL,Faculty of Deep-Sea Mining & Trench Exploration,0.5333,0.375,-423.416,-504.569,30.907,196.54,0.587,-0.8068,0.0668,6
2919,Petal,5,ZONE_FACULTY_ABYSSAL,Faculty of Deep-Sea Mining & Trench Exploration,0.5333,0.5,-409.89,-518.095,24.359,196.54,0.5876,-0.8064,0.0665,6
2920,Petal,5,ZONE_FACULTY_ABYSSAL,Faculty of Deep-Sea Mining & Trench Exploration,0.5333,0.625,-396.365,-531.62,16.724,196.54,0.5882,-0.806,0.0663,6
2921,Petal,5,ZONE_FACULTY_ABYSSAL,Faculty of Deep-Sea Mining & Trench Exploration,0.5333,0.75,-382.839,-545.146,8.001,196.54,0.5889,-0.8055,0.066,6
2922,Petal,5,ZONE_FACULTY_ABYSSAL,Faculty of Deep-Sea Mining & Trench Exploration,0.5333,0.875,-369.313,-558.672,-1.809,196.54,0.5895,-0.8051,0.0658,6
2923,Petal,5,ZONE_CLEARANCE_WATERWAY,Faculty of Deep-Sea Mining & Trench Exploration,0.5333,1.0,-355.788,-572.197,-12.708,196.54,0.5851,-0.8081,0.0682,6
2924,Petal,5,ZONE_CLEARANCE_WATERWAY,Faculty of Deep-Sea Mining & Trench Exploration,0.5667,-1.0,-586.432,-386.293,-10.753,243.79,0.5907,-0.8045,0.0618,6
2925,Petal,5,ZONE_FACULTY_ABYSSAL,Faculty of Deep-Sea Mining & Trench Exploration,0.5667,-0.875,-573.924,-398.802,-0.019,243.79,0.5908,-0.8045,0.0616,6
2926,Petal,5,ZONE_FACULTY_ABYSSAL,Faculty of Deep-Sea Mining & Trench Exploration,0.5667,-0.75,-561.415,-411.311,9.646,243.79,0.5909,-0.8044,0.0614,6
2927,Petal,5,ZONE_FACULTY_ABYSSAL,Faculty of Deep-Sea Mining & Trench Exploration,0.5667,-0.625,-548.906,-423.82,18.241,243.79,0.5911,-0.8043,0.0611,6
2928,Petal,5,ZONE_FACULTY_ABYSSAL,Faculty of Deep-Sea Mining & Trench Exploration,0.5667,-0.5,-536.398,-436.328,25.766,243.79,0.5913,-0.8041,0.0609,6
2929,Petal,5,ZONE_FACULTY_ABYSSAL,Faculty of Deep-Sea Mining & Trench Exploration,0.5667,-0.375,-523.889,-448.837,32.221,243.79,0.5916,-0.804,0.0607,6
2930,Petal,5,ZONE_FACULTY_ABYSSAL,Faculty of Deep-Sea Mining & Trench Exploration,0.5667,-0.25,-511.38,-461.346,37.607,243.79,0.5919,-0.8038,0.0605,6
2931,Petal,5,ZONE_FACULTY_ABYSSAL,Faculty of Deep-Sea Mining & Trench Exploration,0.5667,-0.125,-498.872,-473.854,41.922,243.79,0.5922,-0.8035,0.0602,6
2932,Petal,5,ZONE_FACULTY_ABYSSAL,Faculty of Deep-Sea Mining & Trench Exploration,0.5667,0.0,-486.363,-486.363,45.168,243.79,0.5948,-0.8017,0.059,6
2933,Petal,5,ZONE_FACULTY_ABYSSAL,Faculty of Deep-Sea Mining & Trench Exploration,0.5667,0.125,-473.854,-498.872,41.922,243.79,0.5953,-0.8014,0.0588,6
2934,Petal,5,ZONE_FACULTY_ABYSSAL,Faculty of Deep-Sea Mining & Trench Exploration,0.5667,0.25,-461.346,-511.38,37.607,243.79,0.5958,-0.801,0.0585,6
2935,Petal,5,ZONE_FACULTY_ABYSSAL,Faculty of Deep-Sea Mining & Trench Exploration,0.5667,0.375,-448.837,-523.889,32.221,243.79,0.5964,-0.8006,0.0583,6
2936,Petal,5,ZONE_FACULTY_ABYSSAL,Faculty of Deep-Sea Mining & Trench Exploration,0.5667,0.5,-436.328,-536.398,25.766,243.79,0.597,-0.8001,0.0581,6
2937,Petal,5,ZONE_FACULTY_ABYSSAL,Faculty of Deep-Sea Mining & Trench Exploration,0.5667,0.625,-423.82,-548.906,18.241,243.79,0.5976,-0.7997,0.0579,6
2938,Petal,5,ZONE_FACULTY_ABYSSAL,Faculty of Deep-Sea Mining & Trench Exploration,0.5667,0.75,-411.311,-561.415,9.646,243.79,0.5983,-0.7992,0.0578,6
2939,Petal,5,ZONE_FACULTY_ABYSSAL,Faculty of Deep-Sea Mining & Trench Exploration,0.5667,0.875,-398.802,-573.924,-0.019,243.79,0.599,-0.7987,0.0576,6
2940,Petal,5,ZONE_CLEARANCE_WATERWAY,Faculty of Deep-Sea Mining & Trench Exploration,0.5667,1.0,-386.293,-586.432,-10.753,243.79,0.5954,-0.8012,0.0595,6
2941,Petal,5,ZONE_CLEARANCE_WATERWAY,Faculty of Deep-Sea Mining & Trench Exploration,0.6,-1.0,-600.401,-417.066,-8.424,291.79,0.6018,-0.7968,0.0534,6
2942,Petal,5,ZONE_FACULTY_ABYSSAL,Faculty of Deep-Sea Mining & Trench Exploration,0.6,-0.875,-588.942,-428.524,2.039,291.79,0.6018,-0.7969,0.0533,6
2943,Petal,5,ZONE_FACULTY_ABYSSAL,Faculty of Deep-Sea Mining & Trench Exploration,0.6,-0.75,-577.484,-439.983,11.463,291.79,0.6017,-0.7969,0.0531,6
2944,Petal,5,ZONE_FACULTY_ABYSSAL,Faculty of Deep-Sea Mining & Trench Exploration,0.6,-0.625,-566.025,-451.441,19.846,291.79,0.6018,-0.7969,0.0529,6
2945,Petal,5,ZONE_FACULTY_ABYSSAL,Faculty of Deep-Sea Mining & Trench Exploration,0.6,-0.5,-554.567,-462.9,27.188,291.79,0.6019,-0.7969,0.0527,6
2946,Petal,5,ZONE_FACULTY_ABYSSAL,Faculty of Deep-Sea Mining & Trench Exploration,0.6,-0.375,-543.109,-474.358,33.491,291.79,0.602,-0.7968,0.0525,6
2947,Petal,5,ZONE_FACULTY_ABYSSAL,Faculty of Deep-Sea Mining & Trench Exploration,0.6,-0.25,-531.65,-485.816,38.753,291.79,0.6022,-0.7967,0.0524,6
2948,Petal,5,ZONE_FACULTY_ABYSSAL,Faculty of Deep-Sea Mining & Trench Exploration,0.6,-0.125,-520.192,-497.275,42.975,291.79,0.6024,-0.7965,0.0522,6
2949,Petal,5,ZONE_FACULTY_ABYSSAL,Faculty of Deep-Sea Mining & Trench Exploration,0.6,0.0,-508.733,-508.733,46.157,291.79,0.6045,-0.795,0.0512,6
2950,Petal,5,ZONE_FACULTY_ABYSSAL,Faculty of Deep-Sea Mining & Trench Exploration,0.6,0.125,-497.275,-520.192,42.975,291.79,0.605,-0.7946,0.051,6
2951,Petal,5,ZONE_FACULTY_ABYSSAL,Faculty of Deep-Sea Mining & Trench Exploration,0.6,0.25,-485.816,-531.65,38.753,291.79,0.6055,-0.7942,0.0508,6
2952,Petal,5,ZONE_FACULTY_ABYSSAL,Faculty of Deep-Sea Mining & Trench Exploration,0.6,0.375,-474.358,-543.109,33.491,291.79,0.606,-0.7938,0.0507,6
2953,Petal,5,ZONE_FACULTY_ABYSSAL,Faculty of Deep-Sea Mining & Trench Exploration,0.6,0.5,-462.9,-554.567,27.188,291.79,0.6066,-0.7934,0.0505,6
2954,Petal,5,ZONE_FACULTY_ABYSSAL,Faculty of Deep-Sea Mining & Trench Exploration,0.6,0.625,-451.441,-566.025,19.846,291.79,0.6072,-0.7929,0.0503,6
2955,Petal,5,ZONE_FACULTY_ABYSSAL,Faculty of Deep-Sea Mining & Trench Exploration,0.6,0.75,-439.983,-577.484,11.463,291.79,0.6079,-0.7924,0.0502,6
2956,Petal,5,ZONE_FACULTY_ABYSSAL,Faculty of Deep-Sea Mining & Trench Exploration,0.6,0.875,-428.524,-588.942,2.039,291.79,0.6086,-0.7919,0.05,6
2957,Petal,5,ZONE_CLEARANCE_WATERWAY,Faculty of Deep-Sea Mining & Trench Exploration,0.6,1.0,-417.066,-600.401,-8.424,291.79,0.6057,-0.794,0.0516,6
2958,Petal,5,ZONE_CLEARANCE_WATERWAY,Faculty of Deep-Sea Mining & Trench Exploration,0.6333,-1.0,-614.194,-448.013,-5.73,340.29,0.6129,-0.7889,0.0459,6
2959,Petal,5,ZONE_FACULTY_ABYSSAL,Faculty of Deep-Sea Mining & Trench Exploration,0.6333,-0.875,-603.808,-458.4,4.357,340.29,0.6127,-0.789,0.0457,6
2960,Petal,5,ZONE_FACULTY_ABYSSAL,Faculty of Deep-Sea Mining & Trench Exploration,0.6333,-0.75,-593.421,-468.786,13.445,340.29,0.6125,-0.7891,0.0456,6
2961,Petal,5,ZONE_FACULTY_ABYSSAL,Faculty of Deep-Sea Mining & Trench Exploration,0.6333,-0.625,-583.035,-479.172,21.534,340.29,0.6125,-0.7892,0.0454,6
2962,Petal,5,ZONE_FACULTY_ABYSSAL,Faculty of Deep-Sea Mining & Trench Exploration,0.6333,-0.5,-572.649,-489.559,28.623,340.29,0.6124,-0.7892,0.0453,6
2963,Petal,5,ZONE_FACULTY_ABYSSAL,Faculty of Deep-Sea Mining & Trench Exploration,0.6333,-0.375,-562.262,-499.945,34.713,340.29,0.6125,-0.7892,0.0451,6
2964,Petal,5,ZONE_FACULTY_ABYSSAL,Faculty of Deep-Sea Mining & Trench Exploration,0.6333,-0.25,-551.876,-510.331,39.804,340.29,0.6125,-0.7892,0.045,6
2965,Petal,5,ZONE_FACULTY_ABYSSAL,Faculty of Deep-Sea Mining & Trench Exploration,0.6333,-0.125,-541.49,-520.717,43.896,340.29,0.6127,-0.7891,0.0449,6
2966,Petal,5,ZONE_FACULTY_ABYSSAL,Faculty of Deep-Sea Mining & Trench Exploration,0.6333,0.0,-531.104,-531.104,46.989,340.29,0.6144,-0.7878,0.044,6
2967,Petal,5,ZONE_FACULTY_ABYSSAL,Faculty of Deep-Sea Mining & Trench Exploration,0.6333,0.125,-520.717,-541.49,43.896,340.29,0.6148,-0.7874,0.0439,6
2968,Petal,5,ZONE_FACULTY_ABYSSAL,Faculty of Deep-Sea Mining & Trench Exploration,0.6333,0.25,-510.331,-551.876,39.804,340.29,0.6153,-0.7871,0.0438,6
2969,Petal,5,ZONE_FACULTY_ABYSSAL,Faculty of Deep-Sea Mining & Trench Exploration,0.6333,0.375,-499.945,-562.262,34.713,340.29,0.6158,-0.7867,0.0437,6
2970,Petal,5,ZONE_FACULTY_ABYSSAL,Faculty of Deep-Sea Mining & Trench Exploration,0.6333,0.5,-489.559,-572.649,28.623,340.29,0.6163,-0.7863,0.0435,6
2971,Petal,5,ZONE_FACULTY_ABYSSAL,Faculty of Deep-Sea Mining & Trench Exploration,0.6333,0.625,-479.172,-583.035,21.534,340.29,0.6169,-0.7858,0.0434,6
2972,Petal,5,ZONE_FACULTY_ABYSSAL,Faculty of Deep-Sea Mining & Trench Exploration,0.6333,0.75,-468.786,-593.421,13.445,340.29,0.6176,-0.7853,0.0433,6
2973,Petal,5,ZONE_FACULTY_ABYSSAL,Faculty of Deep-Sea Mining & Trench Exploration,0.6333,0.875,-458.4,-603.808,4.357,340.29,0.6183,-0.7848,0.0432,6
2974,Petal,5,ZONE_CLEARANCE_WATERWAY,Faculty of Deep-Sea Mining & Trench Exploration,0.6333,1.0,-448.013,-614.194,-5.73,340.29,0.616,-0.7865,0.0444,6
2975,Petal,5,ZONE_CLEARANCE_WATERWAY,Faculty of Deep-Sea Mining & Trench Exploration,0.6667,-1.0,-627.896,-479.052,-2.685,389.04,0.6237,-0.7807,0.039,6
2976,Petal,5,ZONE_FACULTY_ABYSSAL,Faculty of Deep-Sea Mining & Trench Exploration,0.6667,-0.875,-618.593,-488.355,6.923,389.04,0.6234,-0.7809,0.0389,6
2977,Petal,5,ZONE_FACULTY_ABYSSAL,Faculty of Deep-Sea Mining & Trench Exploration,0.6667,-0.75,-609.291,-497.658,15.585,389.04,0.6232,-0.7811,0.0387,6
2978,Petal,5,ZONE_FACULTY_ABYSSAL,Faculty of Deep-Sea Mining & Trench Exploration,0.6667,-0.625,-599.988,-506.96,23.299,389.04,0.6231,-0.7812,0.0386,6
2979,Petal,5,ZONE_FACULTY_ABYSSAL,Faculty of Deep-Sea Mining & Trench Exploration,0.6667,-0.5,-590.685,-516.263,30.066,389.04,0.623,-0.7813,0.0385,6
2980,Petal,5,ZONE_FACULTY_ABYSSAL,Faculty of Deep-Sea Mining & Trench Exploration,0.6667,-0.375,-581.382,-525.566,35.886,389.04,0.6229,-0.7813,0.0384,6
2981,Petal,5,ZONE_FACULTY_ABYSSAL,Faculty of Deep-Sea Mining & Trench Exploration,0.6667,-0.25,-572.08,-534.869,40.758,389.04,0.6229,-0.7813,0.0383,6
2982,Petal,5,ZONE_FACULTY_ABYSSAL,Faculty of Deep-Sea Mining & Trench Exploration,0.6667,-0.125,-562.777,-544.171,44.684,389.04,0.623,-0.7813,0.0382,6
2983,Petal,5,ZONE_FACULTY_ABYSSAL,Faculty of Deep-Sea Mining & Trench Exploration,0.6667,0.0,-553.474,-553.474,47.662,389.04,0.6244,-0.7802,0.0376,6
2984,Petal,5,ZONE_FACULTY_ABYSSAL,Faculty of Deep-Sea Mining & Trench Exploration,0.6667,0.125,-544.171,-562.777,44.684,389.04,0.6247,-0.7799,0.0375,6
2985,Petal,5,ZONE_FACULTY_ABYSSAL,Faculty of Deep-Sea Mining & Trench Exploration,0.6667,0.25,-534.869,-572.08,40.758,389.04,0.6251,-0.7796,0.0374,6
2986,Petal,5,ZONE_FACULTY_ABYSSAL,Faculty of Deep-Sea Mining & Trench Exploration,0.6667,0.375,-525.566,-581.382,35.886,389.04,0.6256,-0.7793,0.0373,6
2987,Petal,5,ZONE_FACULTY_ABYSSAL,Faculty of Deep-Sea Mining & Trench Exploration,0.6667,0.5,-516.263,-590.685,30.066,389.04,0.6261,-0.7789,0.0372,6
2988,Petal,5,ZONE_FACULTY_ABYSSAL,Faculty of Deep-Sea Mining & Trench Exploration,0.6667,0.625,-506.96,-599.988,23.299,389.04,0.6267,-0.7784,0.0371,6
2989,Petal,5,ZONE_FACULTY_ABYSSAL,Faculty of Deep-Sea Mining & Trench Exploration,0.6667,0.75,-497.658,-609.291,15.585,389.04,0.6273,-0.7779,0.037,6
2990,Petal,5,ZONE_FACULTY_ABYSSAL,Faculty of Deep-Sea Mining & Trench Exploration,0.6667,0.875,-488.355,-618.593,6.923,389.04,0.6279,-0.7774,0.0369,6
2991,Petal,5,ZONE_CLEARANCE_WATERWAY,Faculty of Deep-Sea Mining & Trench Exploration,0.6667,1.0,-479.052,-627.896,-2.685,389.04,0.6262,-0.7787,0.0378,6
2992,Petal,5,ZONE_CLEARANCE_WATERWAY,Faculty of Deep-Sea Mining & Trench Exploration,0.7,-1.0,-641.584,-510.105,0.691,437.83,0.6345,-0.7722,0.0327,6
2993,Petal,5,ZONE_FACULTY_ABYSSAL,Faculty of Deep-Sea Mining & Trench Exploration,0.7,-0.875,-633.367,-518.322,9.724,437.83,0.6341,-0.7725,0.0327,6
2994,Petal,5,ZONE_FACULTY_ABYSSAL,Faculty of Deep-Sea Mining & Trench Exploration,0.7,-0.75,-625.149,-526.54,17.872,437.83,0.6338,-0.7728,0.0326,6
2995,Petal,5,ZONE_FACULTY_ABYSSAL,Faculty of Deep-Sea Mining & Trench Exploration,0.7,-0.625,-616.932,-534.757,25.134,437.83,0.6335,-0.773,0.0325,6
2996,Petal,5,ZONE_FACULTY_ABYSSAL,Faculty of Deep-Sea Mining & Trench Exploration,0.7,-0.5,-608.714,-542.975,31.512,437.83,0.6333,-0.7732,0.0324,6
2997,Petal,5,ZONE_FACULTY_ABYSSAL,Faculty of Deep-Sea Mining & Trench Exploration,0.7,-0.375,-600.497,-551.192,37.006,437.83,0.6332,-0.7733,0.0323,6
2998,Petal,5,ZONE_FACULTY_ABYSSAL,Faculty of Deep-Sea Mining & Trench Exploration,0.7,-0.25,-592.279,-559.409,41.614,437.83,0.6331,-0.7734,0.0322,6
2999,Petal,5,ZONE_FACULTY_ABYSSAL,Faculty of Deep-Sea Mining & Trench Exploration,0.7,-0.125,-584.062,-567.627,45.337,437.83,0.6331,-0.7734,0.0322,6
3000,Petal,5,ZONE_FACULTY_ABYSSAL,Faculty of Deep-Sea Mining & Trench Exploration,0.7,0.0,-575.844,-575.844,48.176,437.83,0.6341,-0.7726,0.0317,6
3001,Petal,5,ZONE_FACULTY_ABYSSAL,Faculty of Deep-Sea Mining & Trench Exploration,0.7,0.125,-567.627,-584.062,45.337,437.83,0.6345,-0.7723,0.0316,6
3002,Petal,5,ZONE_FACULTY_ABYSSAL,Faculty of Deep-Sea Mining & Trench Exploration,0.7,0.25,-559.409,-592.279,41.614,437.83,0.6349,-0.772,0.0315,6
3003,Petal,5,ZONE_FACULTY_ABYSSAL,Faculty of Deep-Sea Mining & Trench Exploration,0.7,0.375,-551.192,-600.497,37.006,437.83,0.6353,-0.7716,0.0314,6
3004,Petal,5,ZONE_FACULTY_ABYSSAL,Faculty of Deep-Sea Mining & Trench Exploration,0.7,0.5,-542.975,-608.714,31.512,437.83,0.6358,-0.7712,0.0314,6
3005,Petal,5,ZONE_FACULTY_ABYSSAL,Faculty of Deep-Sea Mining & Trench Exploration,0.7,0.625,-534.757,-616.932,25.134,437.83,0.6364,-0.7708,0.0313,6
3006,Petal,5,ZONE_FACULTY_ABYSSAL,Faculty of Deep-Sea Mining & Trench Exploration,0.7,0.75,-526.54,-625.149,17.872,437.83,0.637,-0.7703,0.0312,6
3007,Petal,5,ZONE_FACULTY_ABYSSAL,Faculty of Deep-Sea Mining & Trench Exploration,0.7,0.875,-518.322,-633.367,9.724,437.83,0.6376,-0.7697,0.0312,6
3008,Petal,5,ZONE_CLEARANCE_WATERWAY,Faculty of Deep-Sea Mining & Trench Exploration,0.7,1.0,-510.105,-641.584,0.691,437.83,0.6365,-0.7706,0.0319,6
3009,Petal,5,ZONE_CLEARANCE_WATERWAY,Faculty of Deep-Sea Mining & Trench Exploration,0.7333,-1.0,-655.331,-541.098,4.228,486.46,0.6458,-0.763,0.0281,6
3010,Petal,5,ZONE_FACULTY_ABYSSAL,Faculty of Deep-Sea Mining & Trench Exploration,0.7333,-0.875,-648.192,-548.238,12.305,486.46,0.645,-0.7636,0.028,6
3011,Petal,5,ZONE_FACULTY_ABYSSAL,Faculty of Deep-Sea Mining & Trench Exploration,0.7333,-0.75,-641.052,-555.377,19.596,486.46,0.6444,-0.7642,0.0279,6
3012,Petal,5,ZONE_FACULTY_ABYSSAL,Faculty of Deep-Sea Mining & Trench Exploration,0.7333,-0.625,-633.913,-562.517,26.103,486.46,0.6438,-0.7647,0.0279,6
3013,Petal,5,ZONE_FACULTY_ABYSSAL,Faculty of Deep-Sea Mining & Trench Exploration,0.7333,-0.5,-626.773,-569.657,31.825,486.46,0.6434,-0.765,0.0278,6
3014,Petal,5,ZONE_FACULTY_ABYSSAL,Faculty of Deep-Sea Mining & Trench Exploration,0.7333,-0.375,-619.634,-576.796,36.762,486.46,0.643,-0.7654,0.0278,6
3015,Petal,5,ZONE_FACULTY_ABYSSAL,Faculty of Deep-Sea Mining & Trench Exploration,0.7333,-0.25,-612.494,-583.936,40.914,486.46,0.6427,-0.7656,0.0277,6
3016,Petal,5,ZONE_FACULTY_ABYSSAL,Faculty of Deep-Sea Mining & Trench Exploration,0.7333,-0.125,-605.354,-591.075,44.281,486.46,0.6425,-0.7658,0.0276,6
3017,Petal,5,ZONE_FACULTY_ABYSSAL,Faculty of Deep-Sea Mining & Trench Exploration,0.7333,0.0,-598.215,-598.215,46.863,486.46,0.6432,-0.7652,0.0272,6
3018,Petal,5,ZONE_FACULTY_ABYSSAL,Faculty of Deep-Sea Mining & Trench Exploration,0.7333,0.125,-591.075,-605.354,44.281,486.46,0.6436,-0.7649,0.0272,6
3019,Petal,5,ZONE_FACULTY_ABYSSAL,Faculty of Deep-Sea Mining & Trench Exploration,0.7333,0.25,-583.936,-612.494,40.914,486.46,0.6441,-0.7645,0.0271,6
3020,Petal,5,ZONE_FACULTY_ABYSSAL,Faculty of Deep-Sea Mining & Trench Exploration,0.7333,0.375,-576.796,-619.634,36.762,486.46,0.6446,-0.764,0.0271,6
3021,Petal,5,ZONE_FACULTY_ABYSSAL,Faculty of Deep-Sea Mining & Trench Exploration,0.7333,0.5,-569.657,-626.773,31.825,486.46,0.6453,-0.7635,0.027,6
3022,Petal,5,ZONE_FACULTY_ABYSSAL,Faculty of Deep-Sea Mining & Trench Exploration,0.7333,0.625,-562.517,-633.913,26.103,486.46,0.646,-0.7629,0.027,6
3023,Petal,5,ZONE_FACULTY_ABYSSAL,Faculty of Deep-Sea Mining & Trench Exploration,0.7333,0.75,-555.377,-641.052,19.596,486.46,0.6468,-0.7622,0.0269,6
3024,Petal,5,ZONE_FACULTY_ABYSSAL,Faculty of Deep-Sea Mining & Trench Exploration,0.7333,0.875,-548.238,-648.192,12.305,486.46,0.6477,-0.7614,0.0269,6
3025,Petal,5,ZONE_CLEARANCE_WATERWAY,Faculty of Deep-Sea Mining & Trench Exploration,0.7333,1.0,-541.098,-655.331,4.228,486.46,0.6472,-0.7618,0.0274,6
3026,Petal,5,ZONE_CLEARANCE_WATERWAY,Faculty of Deep-Sea Mining & Trench Exploration,0.7667,-1.0,-669.206,-571.965,7.296,534.73,0.656,-0.7544,0.0252,6
3027,Petal,5,ZONE_FACULTY_ABYSSAL,Faculty of Deep-Sea Mining & Trench Exploration,0.7667,-0.875,-663.128,-578.042,13.943,534.73,0.6551,-0.7551,0.0252,6
3028,Petal,5,ZONE_FACULTY_ABYSSAL,Faculty of Deep-Sea Mining & Trench Exploration,0.7667,-0.75,-657.051,-584.12,19.95,534.73,0.6544,-0.7558,0.0251,6
3029,Petal,5,ZONE_FACULTY_ABYSSAL,Faculty of Deep-Sea Mining & Trench Exploration,0.7667,-0.625,-650.973,-590.197,25.318,534.73,0.6537,-0.7563,0.0251,6
3030,Petal,5,ZONE_FACULTY_ABYSSAL,Faculty of Deep-Sea Mining & Trench Exploration,0.7667,-0.5,-644.896,-596.275,30.047,534.73,0.6531,-0.7568,0.025,6
3031,Petal,5,ZONE_FACULTY_ABYSSAL,Faculty of Deep-Sea Mining & Trench Exploration,0.7667,-0.375,-638.818,-602.353,34.136,534.73,0.6527,-0.7572,0.025,6
3032,Petal,5,ZONE_FACULTY_ABYSSAL,Faculty of Deep-Sea Mining & Trench Exploration,0.7667,-0.25,-632.74,-608.43,37.585,534.73,0.6523,-0.7575,0.0249,6
3033,Petal,5,ZONE_FACULTY_ABYSSAL,Faculty of Deep-Sea Mining & Trench Exploration,0.7667,-0.125,-626.663,-614.508,40.395,534.73,0.652,-0.7578,0.0249,6
3034,Petal,5,ZONE_FACULTY_ABYSSAL,Faculty of Deep-Sea Mining & Trench Exploration,0.7667,0.0,-620.585,-620.585,42.565,534.73,0.6525,-0.7574,0.0246,6
3035,Petal,5,ZONE_FACULTY_ABYSSAL,Faculty of Deep-Sea Mining & Trench Exploration,0.7667,0.125,-614.508,-626.663,40.395,534.73,0.6528,-0.7571,0.0245,6
3036,Petal,5,ZONE_FACULTY_ABYSSAL,Faculty of Deep-Sea Mining & Trench Exploration,0.7667,0.25,-608.43,-632.74,37.585,534.73,0.6533,-0.7567,0.0245,6
3037,Petal,5,ZONE_FACULTY_ABYSSAL,Faculty of Deep-Sea Mining & Trench Exploration,0.7667,0.375,-602.353,-638.818,34.136,534.73,0.6539,-0.7562,0.0244,6
3038,Petal,5,ZONE_FACULTY_ABYSSAL,Faculty of Deep-Sea Mining & Trench Exploration,0.7667,0.5,-596.275,-644.896,30.047,534.73,0.6545,-0.7556,0.0244,6
3039,Petal,5,ZONE_FACULTY_ABYSSAL,Faculty of Deep-Sea Mining & Trench Exploration,0.7667,0.625,-590.197,-650.973,25.318,534.73,0.6553,-0.755,0.0243,6
3040,Petal,5,ZONE_FACULTY_ABYSSAL,Faculty of Deep-Sea Mining & Trench Exploration,0.7667,0.75,-584.12,-657.051,19.95,534.73,0.6561,-0.7543,0.0243,6
3041,Petal,5,ZONE_FACULTY_ABYSSAL,Faculty of Deep-Sea Mining & Trench Exploration,0.7667,0.875,-578.042,-663.128,13.943,534.73,0.657,-0.7535,0.0243,6
3042,Petal,5,ZONE_CLEARANCE_WATERWAY,Faculty of Deep-Sea Mining & Trench Exploration,0.7667,1.0,-571.965,-669.206,7.296,534.73,0.657,-0.7534,0.0247,6
3043,Petal,5,ZONE_CLEARANCE_WATERWAY,Faculty of Deep-Sea Mining & Trench Exploration,0.8,-1.0,-683.275,-602.636,9.317,582.44,0.6654,-0.7461,0.0236,6
3044,Petal,5,ZONE_FACULTY_ABYSSAL,Faculty of Deep-Sea Mining & Trench Exploration,0.8,-0.875,-678.235,-607.676,14.331,582.44,0.6646,-0.7469,0.0235,6
3045,Petal,5,ZONE_FACULTY_ABYSSAL,Faculty of Deep-Sea Mining & Trench Exploration,0.8,-0.75,-673.195,-612.716,18.868,582.44,0.6638,-0.7475,0.0235,6
3046,Petal,5,ZONE_FACULTY_ABYSSAL,Faculty of Deep-Sea Mining & Trench Exploration,0.8,-0.625,-668.155,-617.756,22.93,582.44,0.6631,-0.7481,0.0235,6
3047,Petal,5,ZONE_FACULTY_ABYSSAL,Faculty of Deep-Sea Mining & Trench Exploration,0.8,-0.5,-663.115,-622.796,26.515,582.44,0.6626,-0.7486,0.0234,6
3048,Petal,5,ZONE_FACULTY_ABYSSAL,Faculty of Deep-Sea Mining & Trench Exploration,0.8,-0.375,-658.076,-627.836,29.624,582.44,0.6621,-0.749,0.0234,6
3049,Petal,5,ZONE_FACULTY_ABYSSAL,Faculty of Deep-Sea Mining & Trench Exploration,0.8,-0.25,-653.036,-632.876,32.256,582.44,0.6617,-0.7494,0.0234,6
3050,Petal,5,ZONE_FACULTY_ABYSSAL,Faculty of Deep-Sea Mining & Trench Exploration,0.8,-0.125,-647.996,-637.916,34.413,582.44,0.6614,-0.7497,0.0233,6
3051,Petal,5,ZONE_FACULTY_ABYSSAL,Faculty of Deep-Sea Mining & Trench Exploration,0.8,0.0,-642.956,-642.956,36.093,582.44,0.6617,-0.7495,0.0231,6
3052,Petal,5,ZONE_FACULTY_ABYSSAL,Faculty of Deep-Sea Mining & Trench Exploration,0.8,0.125,-637.916,-647.996,34.413,582.44,0.662,-0.7491,0.023,6
3053,Petal,5,ZONE_FACULTY_ABYSSAL,Faculty of Deep-Sea Mining & Trench Exploration,0.8,0.25,-632.876,-653.036,32.256,582.44,0.6624,-0.7488,0.023,6
3054,Petal,5,ZONE_FACULTY_ABYSSAL,Faculty of Deep-Sea Mining & Trench Exploration,0.8,0.375,-627.836,-658.076,29.624,582.44,0.663,-0.7483,0.023,6
3055,Petal,5,ZONE_FACULTY_ABYSSAL,Faculty of Deep-Sea Mining & Trench Exploration,0.8,0.5,-622.796,-663.115,26.515,582.44,0.6636,-0.7478,0.0229,6
3056,Petal,5,ZONE_FACULTY_ABYSSAL,Faculty of Deep-Sea Mining & Trench Exploration,0.8,0.625,-617.756,-668.155,22.93,582.44,0.6643,-0.7472,0.0229,6
3057,Petal,5,ZONE_FACULTY_ABYSSAL,Faculty of Deep-Sea Mining & Trench Exploration,0.8,0.75,-612.716,-673.195,18.868,582.44,0.665,-0.7465,0.0229,6
3058,Petal,5,ZONE_FACULTY_ABYSSAL,Faculty of Deep-Sea Mining & Trench Exploration,0.8,0.875,-607.676,-678.235,14.331,582.44,0.6659,-0.7457,0.0228,6
3059,Petal,5,ZONE_CLEARANCE_WATERWAY,Faculty of Deep-Sea Mining & Trench Exploration,0.8,1.0,-602.636,-683.275,9.317,582.44,0.6661,-0.7455,0.0232,6
3060,Petal,5,ZONE_CLEARANCE_WATERWAY,Faculty of Deep-Sea Mining & Trench Exploration,0.8333,-1.0,-697.607,-633.045,9.93,629.42,0.6741,-0.7383,0.023,6
3061,Petal,5,ZONE_FACULTY_ABYSSAL,Faculty of Deep-Sea Mining & Trench Exploration,0.8333,-0.875,-693.572,-637.08,13.342,629.42,0.6734,-0.7389,0.0229,6
3062,Petal,5,ZONE_FACULTY_ABYSSAL,Faculty of Deep-Sea Mining & Trench Exploration,0.8333,-0.75,-689.537,-641.115,16.436,629.42,0.6727,-0.7395,0.0229,6
3063,Petal,5,ZONE_FACULTY_ABYSSAL,Faculty of Deep-Sea Mining & Trench Exploration,0.8333,-0.625,-685.502,-645.15,19.212,629.42,0.6721,-0.7401,0.0229,6
3064,Petal,5,ZONE_FACULTY_ABYSSAL,Faculty of Deep-Sea Mining & Trench Exploration,0.8333,-0.5,-681.467,-649.185,21.668,629.42,0.6716,-0.7406,0.0229,6
3065,Petal,5,ZONE_FACULTY_ABYSSAL,Faculty of Deep-Sea Mining & Trench Exploration,0.8333,-0.375,-677.432,-653.221,23.806,629.42,0.6712,-0.741,0.0228,6
3066,Petal,5,ZONE_FACULTY_ABYSSAL,Faculty of Deep-Sea Mining & Trench Exploration,0.8333,-0.25,-673.396,-657.256,25.624,629.42,0.6708,-0.7413,0.0228,6
3067,Petal,5,ZONE_FACULTY_ABYSSAL,Faculty of Deep-Sea Mining & Trench Exploration,0.8333,-0.125,-669.361,-661.291,27.124,629.42,0.6705,-0.7415,0.0228,6
3068,Petal,5,ZONE_FACULTY_ABYSSAL,Faculty of Deep-Sea Mining & Trench Exploration,0.8333,0.0,-665.326,-665.326,28.305,629.42,0.6706,-0.7415,0.0225,6
3069,Petal,5,ZONE_FACULTY_ABYSSAL,Faculty of Deep-Sea Mining & Trench Exploration,0.8333,0.125,-661.291,-669.361,27.124,629.42,0.6709,-0.7412,0.0225,6
3070,Petal,5,ZONE_FACULTY_ABYSSAL,Faculty of Deep-Sea Mining & Trench Exploration,0.8333,0.25,-657.256,-673.396,25.624,629.42,0.6713,-0.7408,0.0225,6
3071,Petal,5,ZONE_FACULTY_ABYSSAL,Faculty of Deep-Sea Mining & Trench Exploration,0.8333,0.375,-653.221,-677.432,23.806,629.42,0.6717,-0.7404,0.0225,6
3072,Petal,5,ZONE_FACULTY_ABYSSAL,Faculty of Deep-Sea Mining & Trench Exploration,0.8333,0.5,-649.185,-681.467,21.668,629.42,0.6723,-0.74,0.0224,6
3073,Petal,5,ZONE_FACULTY_ABYSSAL,Faculty of Deep-Sea Mining & Trench Exploration,0.8333,0.625,-645.15,-685.502,19.212,629.42,0.6729,-0.7394,0.0224,6
3074,Petal,5,ZONE_FACULTY_ABYSSAL,Faculty of Deep-Sea Mining & Trench Exploration,0.8333,0.75,-641.115,-689.537,16.436,629.42,0.6735,-0.7388,0.0224,6
3075,Petal,5,ZONE_FACULTY_ABYSSAL,Faculty of Deep-Sea Mining & Trench Exploration,0.8333,0.875,-637.08,-693.572,13.342,629.42,0.6743,-0.7382,0.0224,6
3076,Petal,5,ZONE_CLEARANCE_WATERWAY,Faculty of Deep-Sea Mining & Trench Exploration,0.8333,1.0,-633.045,-697.607,9.93,629.42,0.6746,-0.7378,0.0226,6
3077,Petal,5,ZONE_CLEARANCE_WATERWAY,Faculty of Deep-Sea Mining & Trench Exploration,0.8667,-1.0,-712.276,-663.117,9.04,675.44,0.6822,-0.7308,0.0235,6
3078,Petal,5,ZONE_HARBOR_BERTH,Faculty of Deep-Sea Mining & Trench Exploration,0.8667,-0.875,-709.204,-666.189,11.07,675.44,0.6816,-0.7313,0.0234,6
3079,Petal,5,ZONE_HARBOR_BERTH,Faculty of Deep-Sea Mining & Trench Exploration,0.8667,-0.75,-706.131,-669.262,12.915,675.44,0.6811,-0.7319,0.0234,6
3080,Petal,5,ZONE_HARBOR_BERTH,Faculty of Deep-Sea Mining & Trench Exploration,0.8667,-0.625,-703.059,-672.334,14.574,675.44,0.6806,-0.7323,0.0234,6
3081,Petal,5,ZONE_HARBOR_BERTH,Faculty of Deep-Sea Mining & Trench Exploration,0.8667,-0.5,-699.986,-675.407,16.048,675.44,0.6801,-0.7327,0.0234,6
3082,Petal,5,ZONE_HARBOR_BERTH,Faculty of Deep-Sea Mining & Trench Exploration,0.8667,-0.375,-696.914,-678.479,17.337,675.44,0.6798,-0.733,0.0233,6
3083,Petal,5,ZONE_HARBOR_BERTH,Faculty of Deep-Sea Mining & Trench Exploration,0.8667,-0.25,-693.841,-681.552,18.439,675.44,0.6795,-0.7333,0.0233,6
3084,Petal,5,ZONE_HARBOR_BERTH,Faculty of Deep-Sea Mining & Trench Exploration,0.8667,-0.125,-690.769,-684.624,19.357,675.44,0.6792,-0.7336,0.0233,6
3085,Petal,5,ZONE_HARBOR_BERTH,Faculty of Deep-Sea Mining & Trench Exploration,0.8667,0.0,-687.696,-687.696,20.089,675.44,0.6792,-0.7335,0.0231,6
3086,Petal,5,ZONE_HARBOR_BERTH,Faculty of Deep-Sea Mining & Trench Exploration,0.8667,0.125,-684.624,-690.769,19.357,675.44,0.6795,-0.7333,0.0231,6
3087,Petal,5,ZONE_HARBOR_BERTH,Faculty of Deep-Sea Mining & Trench Exploration,0.8667,0.25,-681.552,-693.841,18.439,675.44,0.6798,-0.7331,0.0231,6
3088,Petal,5,ZONE_HARBOR_BERTH,Faculty of Deep-Sea Mining & Trench Exploration,0.8667,0.375,-678.479,-696.914,17.337,675.44,0.6801,-0.7327,0.023,6
3089,Petal,5,ZONE_HARBOR_BERTH,Faculty of Deep-Sea Mining & Trench Exploration,0.8667,0.5,-675.407,-699.986,16.048,675.44,0.6805,-0.7323,0.023,6
3090,Petal,5,ZONE_HARBOR_BERTH,Faculty of Deep-Sea Mining & Trench Exploration,0.8667,0.625,-672.334,-703.059,14.574,675.44,0.681,-0.7319,0.023,6
3091,Petal,5,ZONE_HARBOR_BERTH,Faculty of Deep-Sea Mining & Trench Exploration,0.8667,0.75,-669.262,-706.131,12.915,675.44,0.6816,-0.7314,0.023,6
3092,Petal,5,ZONE_HARBOR_BERTH,Faculty of Deep-Sea Mining & Trench Exploration,0.8667,0.875,-666.189,-709.204,11.07,675.44,0.6821,-0.7309,0.023,6
3093,Petal,5,ZONE_CLEARANCE_WATERWAY,Faculty of Deep-Sea Mining & Trench Exploration,0.8667,1.0,-663.117,-712.276,9.04,675.44,0.6825,-0.7305,0.0232,6
3094,Petal,5,ZONE_CLEARANCE_WATERWAY,Faculty of Deep-Sea Mining & Trench Exploration,0.9,-1.0,-727.367,-692.767,6.865,720.26,0.6896,-0.7237,0.0255,6
3095,Petal,5,ZONE_HARBOR_BERTH,Faculty of Deep-Sea Mining & Trench Exploration,0.9,-0.875,-725.205,-694.929,7.854,720.26,0.6892,-0.7241,0.0255,6
3096,Petal,5,ZONE_HARBOR_BERTH,Faculty of Deep-Sea Mining & Trench Exploration,0.9,-0.75,-723.042,-697.092,8.756,720.26,0.6888,-0.7245,0.0255,6
3097,Petal,5,ZONE_HARBOR_BERTH,Faculty of Deep-Sea Mining & Trench Exploration,0.9,-0.625,-720.88,-699.254,9.571,720.26,0.6884,-0.7249,0.0254,6
3098,Petal,5,ZONE_HARBOR_BERTH,Faculty of Deep-Sea Mining & Trench Exploration,0.9,-0.5,-718.717,-701.417,10.297,720.26,0.6881,-0.7252,0.0254,6
3099,Petal,5,ZONE_HARBOR_BERTH,Faculty of Deep-Sea Mining & Trench Exploration,0.9,-0.375,-716.554,-703.579,10.936,720.26,0.6878,-0.7254,0.0254,6
3100,Petal,5,ZONE_HARBOR_BERTH,Faculty of Deep-Sea Mining & Trench Exploration,0.9,-0.25,-714.392,-705.742,11.488,720.26,0.6876,-0.7256,0.0254,6
3101,Petal,5,ZONE_HARBOR_BERTH,Faculty of Deep-Sea Mining & Trench Exploration,0.9,-0.125,-712.229,-707.904,11.951,720.26,0.6874,-0.7258,0.0254,6
3102,Petal,5,ZONE_HARBOR_BERTH,Faculty of Deep-Sea Mining & Trench Exploration,0.9,0.0,-710.067,-710.067,12.328,720.26,0.6874,-0.7259,0.0252,6
3103,Petal,5,ZONE_HARBOR_BERTH,Faculty of Deep-Sea Mining & Trench Exploration,0.9,0.125,-707.904,-712.229,11.951,720.26,0.6875,-0.7257,0.0252,6
3104,Petal,5,ZONE_HARBOR_BERTH,Faculty of Deep-Sea Mining & Trench Exploration,0.9,0.25,-705.742,-714.392,11.488,720.26,0.6878,-0.7255,0.0252,6
3105,Petal,5,ZONE_HARBOR_BERTH,Faculty of Deep-Sea Mining & Trench Exploration,0.9,0.375,-703.579,-716.554,10.936,720.26,0.688,-0.7252,0.0252,6
3106,Petal,5,ZONE_HARBOR_BERTH,Faculty of Deep-Sea Mining & Trench Exploration,0.9,0.5,-701.417,-718.717,10.297,720.26,0.6883,-0.725,0.0251,6
3107,Petal,5,ZONE_HARBOR_BERTH,Faculty of Deep-Sea Mining & Trench Exploration,0.9,0.625,-699.254,-720.88,9.571,720.26,0.6887,-0.7246,0.0251,6
3108,Petal,5,ZONE_HARBOR_BERTH,Faculty of Deep-Sea Mining & Trench Exploration,0.9,0.75,-697.092,-723.042,8.756,720.26,0.6891,-0.7243,0.0251,6
3109,Petal,5,ZONE_HARBOR_BERTH,Faculty of Deep-Sea Mining & Trench Exploration,0.9,0.875,-694.929,-725.205,7.854,720.26,0.6895,-0.7239,0.0251,6
3110,Petal,5,ZONE_CLEARANCE_WATERWAY,Faculty of Deep-Sea Mining & Trench Exploration,0.9,1.0,-692.767,-727.367,6.865,720.26,0.6898,-0.7236,0.0253,6
3111,Petal,5,ZONE_CLEARANCE_WATERWAY,Faculty of Deep-Sea Mining & Trench Exploration,0.9333,-1.0,-742.997,-721.877,3.963,763.56,0.6963,-0.7171,0.0308,6
3112,Petal,5,ZONE_HARBOR_BERTH,Faculty of Deep-Sea Mining & Trench Exploration,0.9333,-0.875,-741.677,-723.197,4.303,763.56,0.696,-0.7174,0.0307,6
3113,Petal,5,ZONE_HARBOR_BERTH,Faculty of Deep-Sea Mining & Trench Exploration,0.9333,-0.75,-740.357,-724.517,4.614,763.56,0.6958,-0.7176,0.0307,6
3114,Petal,5,ZONE_HARBOR_BERTH,Faculty of Deep-Sea Mining & Trench Exploration,0.9333,-0.625,-739.037,-725.837,4.897,763.56,0.6955,-0.7178,0.0307,6
3115,Petal,5,ZONE_HARBOR_BERTH,Faculty of Deep-Sea Mining & Trench Exploration,0.9333,-0.5,-737.717,-727.157,5.151,763.56,0.6953,-0.718,0.0307,6
3116,Petal,5,ZONE_HARBOR_BERTH,Faculty of Deep-Sea Mining & Trench Exploration,0.9333,-0.375,-736.397,-728.477,5.377,763.56,0.6952,-0.7182,0.0307,6
3117,Petal,5,ZONE_HARBOR_BERTH,Faculty of Deep-Sea Mining & Trench Exploration,0.9333,-0.25,-735.077,-729.797,5.574,763.56,0.695,-0.7183,0.0307,6
3118,Petal,5,ZONE_HARBOR_BERTH,Faculty of Deep-Sea Mining & Trench Exploration,0.9333,-0.125,-733.757,-731.117,5.742,763.56,0.6949,-0.7185,0.0307,6
3119,Petal,5,ZONE_HARBOR_BERTH,Faculty of Deep-Sea Mining & Trench Exploration,0.9333,0.0,-732.437,-732.437,5.881,763.56,0.6948,-0.7185,0.0305,6
3120,Petal,5,ZONE_HARBOR_BERTH,Faculty of Deep-Sea Mining & Trench Exploration,0.9333,0.125,-731.117,-733.757,5.742,763.56,0.695,-0.7184,0.0305,6
3121,Petal,5,ZONE_HARBOR_BERTH,Faculty of Deep-Sea Mining & Trench Exploration,0.9333,0.25,-729.797,-735.077,5.574,763.56,0.6951,-0.7183,0.0305,6
3122,Petal,5,ZONE_HARBOR_BERTH,Faculty of Deep-Sea Mining & Trench Exploration,0.9333,0.375,-728.477,-736.397,5.377,763.56,0.6953,-0.7181,0.0305,6
3123,Petal,5,ZONE_HARBOR_BERTH,Faculty of Deep-Sea Mining & Trench Exploration,0.9333,0.5,-727.157,-737.717,5.151,763.56,0.6954,-0.7179,0.0305,6
3124,Petal,5,ZONE_HARBOR_BERTH,Faculty of Deep-Sea Mining & Trench Exploration,0.9333,0.625,-725.837,-739.037,4.897,763.56,0.6956,-0.7177,0.0304,6
3125,Petal,5,ZONE_HARBOR_BERTH,Faculty of Deep-Sea Mining & Trench Exploration,0.9333,0.75,-724.517,-740.357,4.614,763.56,0.6959,-0.7175,0.0304,6
3126,Petal,5,ZONE_HARBOR_BERTH,Faculty of Deep-Sea Mining & Trench Exploration,0.9333,0.875,-723.197,-741.677,4.303,763.56,0.6961,-0.7173,0.0304,6
3127,Petal,5,ZONE_CLEARANCE_WATERWAY,Faculty of Deep-Sea Mining & Trench Exploration,0.9333,1.0,-721.877,-742.997,3.963,763.56,0.6964,-0.717,0.0306,6
3128,Petal,5,ZONE_CLEARANCE_WATERWAY,Faculty of Deep-Sea Mining & Trench Exploration,0.9667,-1.0,-759.367,-750.248,1.248,804.77,0.7018,-0.7108,0.047,6
3129,Petal,5,ZONE_HARBOR_BERTH,Faculty of Deep-Sea Mining & Trench Exploration,0.9667,-0.875,-758.797,-750.818,1.299,804.77,0.7017,-0.7109,0.047,6
3130,Petal,5,ZONE_HARBOR_BERTH,Faculty of Deep-Sea Mining & Trench Exploration,0.9667,-0.75,-758.227,-751.388,1.347,804.77,0.7016,-0.711,0.047,6
3131,Petal,5,ZONE_HARBOR_BERTH,Faculty of Deep-Sea Mining & Trench Exploration,0.9667,-0.625,-757.657,-751.958,1.39,804.77,0.7015,-0.7111,0.047,6
3132,Petal,5,ZONE_HARBOR_BERTH,Faculty of Deep-Sea Mining & Trench Exploration,0.9667,-0.5,-757.087,-752.528,1.429,804.77,0.7014,-0.7112,0.047,6
3133,Petal,5,ZONE_HARBOR_BERTH,Faculty of Deep-Sea Mining & Trench Exploration,0.9667,-0.375,-756.517,-753.098,1.465,804.77,0.7013,-0.7113,0.047,6
3134,Petal,5,ZONE_HARBOR_BERTH,Faculty of Deep-Sea Mining & Trench Exploration,0.9667,-0.25,-755.948,-753.668,1.496,804.77,0.7012,-0.7114,0.047,6
3135,Petal,5,ZONE_HARBOR_BERTH,Faculty of Deep-Sea Mining & Trench Exploration,0.9667,-0.125,-755.378,-754.238,1.524,804.77,0.7012,-0.7114,0.047,6
3136,Petal,5,ZONE_HARBOR_BERTH,Faculty of Deep-Sea Mining & Trench Exploration,0.9667,0.0,-754.808,-754.808,1.548,804.77,0.7012,-0.7115,0.0468,6
3137,Petal,5,ZONE_HARBOR_BERTH,Faculty of Deep-Sea Mining & Trench Exploration,0.9667,0.125,-754.238,-755.378,1.524,804.77,0.7012,-0.7114,0.0468,6
3138,Petal,5,ZONE_HARBOR_BERTH,Faculty of Deep-Sea Mining & Trench Exploration,0.9667,0.25,-753.668,-755.948,1.496,804.77,0.7013,-0.7114,0.0468,6
3139,Petal,5,ZONE_HARBOR_BERTH,Faculty of Deep-Sea Mining & Trench Exploration,0.9667,0.375,-753.098,-756.517,1.465,804.77,0.7013,-0.7113,0.0468,6
3140,Petal,5,ZONE_HARBOR_BERTH,Faculty of Deep-Sea Mining & Trench Exploration,0.9667,0.5,-752.528,-757.087,1.429,804.77,0.7014,-0.7112,0.0468,6
3141,Petal,5,ZONE_HARBOR_BERTH,Faculty of Deep-Sea Mining & Trench Exploration,0.9667,0.625,-751.958,-757.657,1.39,804.77,0.7015,-0.7111,0.0468,6
3142,Petal,5,ZONE_HARBOR_BERTH,Faculty of Deep-Sea Mining & Trench Exploration,0.9667,0.75,-751.388,-758.227,1.347,804.77,0.7016,-0.711,0.0468,6
3143,Petal,5,ZONE_HARBOR_BERTH,Faculty of Deep-Sea Mining & Trench Exploration,0.9667,0.875,-750.818,-758.797,1.299,804.77,0.7017,-0.7109,0.0468,6
3144,Petal,5,ZONE_CLEARANCE_WATERWAY,Faculty of Deep-Sea Mining & Trench Exploration,0.9667,1.0,-750.248,-759.367,1.248,804.77,0.7018,-0.7108,0.0469,6
3145,Petal,5,ZONE_CLEARANCE_WATERWAY,Faculty of Deep-Sea Mining & Trench Exploration,1.0,-1.0,-777.178,-777.178,0.0,841.9,-0.0,0.0,1.0,6
3146,Petal,5,ZONE_HARBOR_BERTH,Faculty of Deep-Sea Mining & Trench Exploration,1.0,-0.875,-777.178,-777.178,0.0,841.9,0.0,0.0,1.0,6
3147,Petal,5,ZONE_HARBOR_BERTH,Faculty of Deep-Sea Mining & Trench Exploration,1.0,-0.75,-777.178,-777.178,0.0,841.9,0.0,0.0,1.0,6
3148,Petal,5,ZONE_HARBOR_BERTH,Faculty of Deep-Sea Mining & Trench Exploration,1.0,-0.625,-777.178,-777.178,0.0,841.9,0.0,0.0,1.0,6
3149,Petal,5,ZONE_HARBOR_BERTH,Faculty of Deep-Sea Mining & Trench Exploration,1.0,-0.5,-777.178,-777.178,0.0,841.9,0.0,0.0,1.0,6
3150,Petal,5,ZONE_HARBOR_BERTH,Faculty of Deep-Sea Mining & Trench Exploration,1.0,-0.375,-777.178,-777.178,0.0,841.9,0.0,0.0,1.0,6
3151,Petal,5,ZONE_HARBOR_BERTH,Faculty of Deep-Sea Mining & Trench Exploration,1.0,-0.25,-777.178,-777.178,0.0,841.9,0.0,0.0,1.0,6
3152,Petal,5,ZONE_HARBOR_BERTH,Faculty of Deep-Sea Mining & Trench Exploration,1.0,-0.125,-777.178,-777.178,0.0,841.9,0.0,0.0,1.0,6
3153,Petal,5,ZONE_HARBOR_BERTH,Faculty of Deep-Sea Mining & Trench Exploration,1.0,0.0,-777.178,-777.178,0.0,841.9,0.0,0.0,1.0,6
3154,Petal,5,ZONE_HARBOR_BERTH,Faculty of Deep-Sea Mining & Trench Exploration,1.0,0.125,-777.178,-777.178,0.0,841.9,0.0,0.0,1.0,6
3155,Petal,5,ZONE_HARBOR_BERTH,Faculty of Deep-Sea Mining & Trench Exploration,1.0,0.25,-777.178,-777.178,0.0,841.9,0.0,0.0,1.0,6
3156,Petal,5,ZONE_HARBOR_BERTH,Faculty of Deep-Sea Mining & Trench Exploration,1.0,0.375,-777.178,-777.178,0.0,841.9,0.0,0.0,1.0,6
3157,Petal,5,ZONE_HARBOR_BERTH,Faculty of Deep-Sea Mining & Trench Exploration,1.0,0.5,-777.178,-777.178,0.0,841.9,0.0,0.0,1.0,6
3158,Petal,5,ZONE_HARBOR_BERTH,Faculty of Deep-Sea Mining & Trench Exploration,1.0,0.625,-777.178,-777.178,0.0,841.9,0.0,0.0,1.0,6
3159,Petal,5,ZONE_HARBOR_BERTH,Faculty of Deep-Sea Mining & Trench Exploration,1.0,0.75,-777.178,-777.178,0.0,841.9,0.0,0.0,1.0,6
3160,Petal,5,ZONE_HARBOR_BERTH,Faculty of Deep-Sea Mining & Trench Exploration,1.0,0.875,-777.178,-777.178,0.0,841.9,0.0,0.0,1.0,6
3161,Petal,5,ZONE_CLEARANCE_WATERWAY,Faculty of Deep-Sea Mining & Trench Exploration,1.0,1.0,-777.178,-777.178,0.0,841.9,0.0,-0.0,1.0,6
3162,Petal,6,ZONE_CLEARANCE_WATERWAY,17-State Parliamentary Assembly & Living Campus,0.0,-1.0,-0.0,-150.0,0.0,114.81,-0.0,-0.115,0.9934,7
3163,Petal,6,ZONE_FACULTY_DIPLOMACY,17-State Parliamentary Assembly & Living Campus,0.0,-0.875,-0.0,-150.0,0.0,114.81,-0.0,-0.058,0.9983,7
3164,Petal,6,ZONE_FACULTY_DIPLOMACY,17-State Parliamentary Assembly & Living Campus,0.0,-0.75,-0.0,-150.0,0.0,114.81,-0.0,-0.004,1.0,7
3165,Petal,6,ZONE_FACULTY_DIPLOMACY,17-State Parliamentary Assembly & Living Campus,0.0,-0.625,-0.0,-150.0,0.0,114.81,0.0,0.0463,0.9989,7
3166,Petal,6,ZONE_FACULTY_DIPLOMACY,17-State Parliamentary Assembly & Living Campus,0.0,-0.5,-0.0,-150.0,0.0,114.81,0.0,0.0928,0.9957,7
3167,Petal,6,ZONE_FACULTY_DIPLOMACY,17-State Parliamentary Assembly & Living Campus,0.0,-0.375,-0.0,-150.0,0.0,114.81,0.0,0.1351,0.9908,7
3168,Petal,6,ZONE_FACULTY_DIPLOMACY,17-State Parliamentary Assembly & Living Campus,0.0,-0.25,-0.0,-150.0,0.0,114.81,0.0,0.1733,0.9849,7
3169,Petal,6,ZONE_FACULTY_DIPLOMACY,17-State Parliamentary Assembly & Living Campus,0.0,-0.125,-0.0,-150.0,0.0,114.81,0.0,0.2073,0.9783,7
3170,Petal,6,ZONE_FACULTY_DIPLOMACY,17-State Parliamentary Assembly & Living Campus,0.0,0.0,-0.0,-150.0,0.0,114.81,0.0,0.2373,0.9714,7
3171,Petal,6,ZONE_FACULTY_DIPLOMACY,17-State Parliamentary Assembly & Living Campus,0.0,0.125,-0.0,-150.0,0.0,114.81,0.0,0.2073,0.9783,7
3172,Petal,6,ZONE_FACULTY_DIPLOMACY,17-State Parliamentary Assembly & Living Campus,0.0,0.25,-0.0,-150.0,0.0,114.81,0.0,0.1733,0.9849,7
3173,Petal,6,ZONE_FACULTY_DIPLOMACY,17-State Parliamentary Assembly & Living Campus,0.0,0.375,-0.0,-150.0,0.0,114.81,0.0,0.1351,0.9908,7
3174,Petal,6,ZONE_FACULTY_DIPLOMACY,17-State Parliamentary Assembly & Living Campus,0.0,0.5,-0.0,-150.0,0.0,114.81,0.0,0.0928,0.9957,7
3175,Petal,6,ZONE_FACULTY_DIPLOMACY,17-State Parliamentary Assembly & Living Campus,0.0,0.625,-0.0,-150.0,0.0,114.81,0.0,0.0463,0.9989,7
3176,Petal,6,ZONE_FACULTY_DIPLOMACY,17-State Parliamentary Assembly & Living Campus,0.0,0.75,-0.0,-150.0,0.0,114.81,-0.0,-0.004,1.0,7
3177,Petal,6,ZONE_FACULTY_DIPLOMACY,17-State Parliamentary Assembly & Living Campus,0.0,0.875,-0.0,-150.0,0.0,114.81,-0.0,-0.058,0.9983,7
3178,Petal,6,ZONE_CLEARANCE_WATERWAY,17-State Parliamentary Assembly & Living Campus,0.0,1.0,-0.0,-150.0,0.0,114.81,-0.0,-0.115,0.9934,7
3179,Petal,6,ZONE_CLEARANCE_WATERWAY,17-State Parliamentary Assembly & Living Campus,0.0333,-1.0,-47.021,-181.637,-2.277,45.0,0.9328,-0.0908,0.3487,7
3180,Petal,6,ZONE_FACULTY_DIPLOMACY,17-State Parliamentary Assembly & Living Campus,0.0333,-0.875,-41.143,-181.637,-0.786,45.0,0.9348,-0.0767,0.3469,7
3181,Petal,6,ZONE_FACULTY_DIPLOMACY,17-State Parliamentary Assembly & Living Campus,0.0333,-0.75,-35.266,-181.637,0.591,45.0,0.9364,-0.064,0.345,7
3182,Petal,6,ZONE_FACULTY_DIPLOMACY,17-State Parliamentary Assembly & Living Campus,0.0333,-0.625,-29.388,-181.637,1.853,45.0,0.9378,-0.0526,0.3431,7
3183,Petal,6,ZONE_FACULTY_DIPLOMACY,17-State Parliamentary Assembly & Living Campus,0.0333,-0.5,-23.51,-181.637,3.001,45.0,0.9391,-0.0426,0.3411,7
3184,Petal,6,ZONE_FACULTY_DIPLOMACY,17-State Parliamentary Assembly & Living Campus,0.0333,-0.375,-17.633,-181.637,4.035,45.0,0.9401,-0.0339,0.3391,7
3185,Petal,6,ZONE_FACULTY_DIPLOMACY,17-State Parliamentary Assembly & Living Campus,0.0333,-0.25,-11.755,-181.637,4.954,45.0,0.9411,-0.0265,0.3371,7
3186,Petal,6,ZONE_FACULTY_DIPLOMACY,17-State Parliamentary Assembly & Living Campus,0.0333,-0.125,-5.878,-181.637,5.76,45.0,0.942,-0.0204,0.3351,7
3187,Petal,6,ZONE_FACULTY_DIPLOMACY,17-State Parliamentary Assembly & Living Campus,0.0333,0.0,-0.0,-181.637,6.45,45.0,0.95,-0.0146,0.3119,7
3188,Petal,6,ZONE_FACULTY_DIPLOMACY,17-State Parliamentary Assembly & Living Campus,0.0333,0.125,5.878,-181.637,5.76,45.0,0.9505,-0.0189,0.3101,7
3189,Petal,6,ZONE_FACULTY_DIPLOMACY,17-State Parliamentary Assembly & Living Campus,0.0333,0.25,11.755,-181.637,4.954,45.0,0.951,-0.0242,0.3083,7
3190,Petal,6,ZONE_FACULTY_DIPLOMACY,17-State Parliamentary Assembly & Living Campus,0.0333,0.375,17.633,-181.637,4.035,45.0,0.9514,-0.0306,0.3065,7
3191,Petal,6,ZONE_FACULTY_DIPLOMACY,17-State Parliamentary Assembly & Living Campus,0.0333,0.5,23.51,-181.637,3.001,45.0,0.9517,-0.038,0.3046,7
3192,Petal,6,ZONE_FACULTY_DIPLOMACY,17-State Parliamentary Assembly & Living Campus,0.0333,0.625,29.388,-181.637,1.853,45.0,0.9519,-0.0464,0.3028,7
3193,Petal,6,ZONE_FACULTY_DIPLOMACY,17-State Parliamentary Assembly & Living Campus,0.0333,0.75,35.266,-181.637,0.591,45.0,0.952,-0.0558,0.301,7
3194,Petal,6,ZONE_FACULTY_DIPLOMACY,17-State Parliamentary Assembly & Living Campus,0.0333,0.875,41.143,-181.637,-0.786,45.0,0.9519,-0.0661,0.2991,7
3195,Petal,6,ZONE_CLEARANCE_WATERWAY,17-State Parliamentary Assembly & Living Campus,0.0333,1.0,47.021,-181.637,-2.277,45.0,0.9433,-0.0836,0.3211,7
3196,Petal,6,ZONE_CLEARANCE_WATERWAY,17-State Parliamentary Assembly & Living Campus,0.0667,-1.0,-59.139,-213.273,-4.514,45.0,0.9699,-0.0912,0.2259,7
3197,Petal,6,ZONE_FACULTY_DIPLOMACY,17-State Parliamentary Assembly & Living Campus,0.0667,-0.875,-51.747,-213.273,-1.818,45.0,0.971,-0.0825,0.2246,7
3198,Petal,6,ZONE_FACULTY_DIPLOMACY,17-State Parliamentary Assembly & Living Campus,0.0667,-0.75,-44.354,-213.273,0.651,45.0,0.9719,-0.0747,0.2232,7
3199,Petal,6,ZONE_FACULTY_DIPLOMACY,17-State Parliamentary Assembly & Living Campus,0.0667,-0.625,-36.962,-213.273,2.892,45.0,0.9727,-0.0678,0.2218,7
3200,Petal,6,ZONE_FACULTY_DIPLOMACY,17-State Parliamentary Assembly & Living Campus,0.0667,-0.5,-29.57,-213.273,4.906,45.0,0.9734,-0.0617,0.2205,7
3201,Petal,6,ZONE_FACULTY_DIPLOMACY,17-State Parliamentary Assembly & Living Campus,0.0667,-0.375,-22.177,-213.273,6.693,45.0,0.9741,-0.0565,0.2191,7
3202,Petal,6,ZONE_FACULTY_DIPLOMACY,17-State Parliamentary Assembly & Living Campus,0.0667,-0.25,-14.785,-213.273,8.252,45.0,0.9746,-0.0521,0.2177,7
3203,Petal,6,ZONE_FACULTY_DIPLOMACY,17-State Parliamentary Assembly & Living Campus,0.0667,-0.125,-7.392,-213.273,9.584,45.0,0.9751,-0.0485,0.2163,7
3204,Petal,6,ZONE_FACULTY_DIPLOMACY,17-State Parliamentary Assembly & Living Campus,0.0667,0.0,-0.0,-213.273,10.688,45.0,0.9781,-0.0433,0.2035,7
3205,Petal,6,ZONE_FACULTY_DIPLOMACY,17-State Parliamentary Assembly & Living Campus,0.0667,0.125,7.392,-213.273,9.584,45.0,0.9783,-0.0454,0.2022,7
3206,Petal,6,ZONE_FACULTY_DIPLOMACY,17-State Parliamentary Assembly & Living Campus,0.0667,0.25,14.785,-213.273,8.252,45.0,0.9784,-0.0481,0.201,7
3207,Petal,6,ZONE_FACULTY_DIPLOMACY,17-State Parliamentary Assembly & Living Campus,0.0667,0.375,22.177,-213.273,6.693,45.0,0.9785,-0.0515,0.1997,7
3208,Petal,6,ZONE_FACULTY_DIPLOMACY,17-State Parliamentary Assembly & Living Campus,0.0667,0.5,29.57,-213.273,4.906,45.0,0.9785,-0.0556,0.1985,7
3209,Petal,6,ZONE_FACULTY_DIPLOMACY,17-State Parliamentary Assembly & Living Campus,0.0667,0.625,36.962,-213.273,2.892,45.0,0.9785,-0.0603,0.1973,7
3210,Petal,6,ZONE_FACULTY_DIPLOMACY,17-State Parliamentary Assembly & Living Campus,0.0667,0.75,44.354,-213.273,0.651,45.0,0.9784,-0.0656,0.196,7
3211,Petal,6,ZONE_FACULTY_DIPLOMACY,17-State Parliamentary Assembly & Living Campus,0.0667,0.875,51.747,-213.273,-1.818,45.0,0.9782,-0.0716,0.1948,7
3212,Petal,6,ZONE_CLEARANCE_WATERWAY,17-State Parliamentary Assembly & Living Campus,0.0667,1.0,59.139,-213.273,-4.514,45.0,0.9744,-0.0842,0.2086,7
3213,Petal,6,ZONE_CLEARANCE_WATERWAY,17-State Parliamentary Assembly & Living Campus,0.1,-1.0,-71.257,-244.91,-6.672,45.0,0.9782,-0.0994,0.1822,7
3214,Petal,6,ZONE_FACULTY_DIPLOMACY,17-State Parliamentary Assembly & Living Campus,0.1,-0.875,-62.35,-244.91,-2.855,45.0,0.9791,-0.0927,0.1811,7
3215,Petal,6,ZONE_FACULTY_DIPLOMACY,17-State Parliamentary Assembly & Living Campus,0.1,-0.75,-53.443,-244.91,0.624,45.0,0.9799,-0.0866,0.1799,7
3216,Petal,6,ZONE_FACULTY_DIPLOMACY,17-State Parliamentary Assembly & Living Campus,0.1,-0.625,-44.536,-244.91,3.764,45.0,0.9805,-0.0812,0.1788,7
3217,Petal,6,ZONE_FACULTY_DIPLOMACY,17-State Parliamentary Assembly & Living Campus,0.1,-0.5,-35.629,-244.91,6.567,45.0,0.9811,-0.0765,0.1777,7
3218,Petal,6,ZONE_FACULTY_DIPLOMACY,17-State Parliamentary Assembly & Living Campus,0.1,-0.375,-26.722,-244.91,9.032,45.0,0.9816,-0.0724,0.1766,7
3219,Petal,6,ZONE_FACULTY_DIPLOMACY,17-State Parliamentary Assembly & Living Campus,0.1,-0.25,-17.814,-244.91,11.159,45.0,0.9821,-0.069,0.1755,7
3220,Petal,6,ZONE_FACULTY_DIPLOMACY,17-State Parliamentary Assembly & Living Campus,0.1,-0.125,-8.907,-244.91,12.947,45.0,0.9825,-0.0662,0.1743,7
3221,Petal,6,ZONE_FACULTY_DIPLOMACY,17-State Parliamentary Assembly & Living Campus,0.1,0.0,-0.0,-244.91,14.398,45.0,0.9844,-0.0611,0.1651,7
3222,Petal,6,ZONE_FACULTY_DIPLOMACY,17-State Parliamentary Assembly & Living Campus,0.1,0.125,8.907,-244.91,12.947,45.0,0.9845,-0.0623,0.1641,7
3223,Petal,6,ZONE_FACULTY_DIPLOMACY,17-State Parliamentary Assembly & Living Campus,0.1,0.25,17.814,-244.91,11.159,45.0,0.9845,-0.0641,0.1631,7
3224,Petal,6,ZONE_FACULTY_DIPLOMACY,17-State Parliamentary Assembly & Living Campus,0.1,0.375,26.722,-244.91,9.032,45.0,0.9845,-0.0665,0.1621,7
3225,Petal,6,ZONE_FACULTY_DIPLOMACY,17-State Parliamentary Assembly & Living Campus,0.1,0.5,35.629,-244.91,6.567,45.0,0.9845,-0.0693,0.1611,7
3226,Petal,6,ZONE_FACULTY_DIPLOMACY,17-State Parliamentary Assembly & Living Campus,0.1,0.625,44.536,-244.91,3.764,45.0,0.9844,-0.0727,0.1601,7
3227,Petal,6,ZONE_FACULTY_DIPLOMACY,17-State Parliamentary Assembly & Living Campus,0.1,0.75,53.443,-244.91,0.624,45.0,0.9843,-0.0765,0.1591,7
3228,Petal,6,ZONE_FACULTY_DIPLOMACY,17-State Parliamentary Assembly & Living Campus,0.1,0.875,62.35,-244.91,-2.855,45.0,0.9841,-0.0809,0.1581,7
3229,Petal,6,ZONE_CLEARANCE_WATERWAY,17-State Parliamentary Assembly & Living Campus,0.1,1.0,71.257,-244.91,-6.672,45.0,0.9813,-0.0921,0.1688,7
3230,Petal,6,ZONE_CLEARANCE_WATERWAY,17-State Parliamentary Assembly & Living Campus,0.1333,-1.0,-83.376,-276.546,-8.711,45.0,0.981,-0.1097,0.1598,7
3231,Petal,6,ZONE_FACULTY_DIPLOMACY,17-State Parliamentary Assembly & Living Campus,0.1333,-0.875,-72.954,-276.546,-3.842,45.0,0.9818,-0.104,0.1588,7
3232,Petal,6,ZONE_FACULTY_DIPLOMACY,17-State Parliamentary Assembly & Living Campus,0.1333,-0.75,-62.532,-276.546,0.582,45.0,0.9825,-0.0988,0.1578,7
3233,Petal,6,ZONE_FACULTY_DIPLOMACY,17-State Parliamentary Assembly & Living Campus,0.1333,-0.625,-52.11,-276.546,4.562,45.0,0.9831,-0.0942,0.1568,7
3234,Petal,6,ZONE_FACULTY_DIPLOMACY,17-State Parliamentary Assembly & Living Campus,0.1333,-0.5,-41.688,-276.546,8.096,45.0,0.9836,-0.0902,0.1559,7
3235,Petal,6,ZONE_FACULTY_DIPLOMACY,17-State Parliamentary Assembly & Living Campus,0.1333,-0.375,-31.266,-276.546,11.185,45.0,0.9841,-0.0868,0.1549,7
3236,Petal,6,ZONE_FACULTY_DIPLOMACY,17-State Parliamentary Assembly & Living Campus,0.1333,-0.25,-20.844,-276.546,13.83,45.0,0.9845,-0.0838,0.1539,7
3237,Petal,6,ZONE_FACULTY_DIPLOMACY,17-State Parliamentary Assembly & Living Campus,0.1333,-0.125,-10.422,-276.546,16.03,45.0,0.9849,-0.0814,0.153,7
3238,Petal,6,ZONE_FACULTY_DIPLOMACY,17-State Parliamentary Assembly & Living Campus,0.1333,0.0,-0.0,-276.546,17.785,45.0,0.9864,-0.0762,0.1456,7
3239,Petal,6,ZONE_FACULTY_DIPLOMACY,17-State Parliamentary Assembly & Living Campus,0.1333,0.125,10.422,-276.546,16.03,45.0,0.9865,-0.077,0.1447,7
3240,Petal,6,ZONE_FACULTY_DIPLOMACY,17-State Parliamentary Assembly & Living Campus,0.1333,0.25,20.844,-276.546,13.83,45.0,0.9865,-0.0783,0.1438,7
3241,Petal,6,ZONE_FACULTY_DIPLOMACY,17-State Parliamentary Assembly & Living Campus,0.1333,0.375,31.266,-276.546,11.185,45.0,0.9865,-0.08,0.1429,7
3242,Petal,6,ZONE_FACULTY_DIPLOMACY,17-State Parliamentary Assembly & Living Campus,0.1333,0.5,41.688,-276.546,8.096,45.0,0.9864,-0.0822,0.142,7
3243,Petal,6,ZONE_FACULTY_DIPLOMACY,17-State Parliamentary Assembly & Living Campus,0.1333,0.625,52.11,-276.546,4.562,45.0,0.9864,-0.0848,0.1411,7
3244,Petal,6,ZONE_FACULTY_DIPLOMACY,17-State Parliamentary Assembly & Living Campus,0.1333,0.75,62.532,-276.546,0.582,45.0,0.9862,-0.0878,0.1403,7
3245,Petal,6,ZONE_FACULTY_DIPLOMACY,17-State Parliamentary Assembly & Living Campus,0.1333,0.875,72.954,-276.546,-3.842,45.0,0.986,-0.0913,0.1394,7
3246,Petal,6,ZONE_CLEARANCE_WATERWAY,17-State Parliamentary Assembly & Living Campus,0.1333,1.0,83.376,-276.546,-8.711,45.0,0.9837,-0.1019,0.1484,7
3247,Petal,6,ZONE_CLEARANCE_WATERWAY,17-State Parliamentary Assembly & Living Campus,0.1667,-1.0,-95.494,-308.183,-10.594,45.0,0.9819,-0.1207,0.1461,7
3248,Petal,6,ZONE_FACULTY_DIPLOMACY,17-State Parliamentary Assembly & Living Campus,0.1667,-0.875,-83.557,-308.183,-4.74,45.0,0.9826,-0.1157,0.1452,7
3249,Petal,6,ZONE_FACULTY_DIPLOMACY,17-State Parliamentary Assembly & Living Campus,0.1667,-0.75,-71.621,-308.183,0.568,45.0,0.9833,-0.1111,0.1443,7
3250,Petal,6,ZONE_FACULTY_DIPLOMACY,17-State Parliamentary Assembly & Living Campus,0.1667,-0.625,-59.684,-308.183,5.328,45.0,0.9838,-0.1071,0.1435,7
3251,Petal,6,ZONE_FACULTY_DIPLOMACY,17-State Parliamentary Assembly & Living Campus,0.1667,-0.5,-47.747,-308.183,9.541,45.0,0.9844,-0.1035,0.1426,7
3252,Petal,6,ZONE_FACULTY_DIPLOMACY,17-State Parliamentary Assembly & Living Campus,0.1667,-0.375,-35.81,-308.183,13.208,45.0,0.9848,-0.1005,0.1417,7
3253,Petal,6,ZONE_FACULTY_DIPLOMACY,17-State Parliamentary Assembly & Living Campus,0.1667,-0.25,-23.874,-308.183,16.328,45.0,0.9852,-0.0978,0.1408,7
3254,Petal,6,ZONE_FACULTY_DIPLOMACY,17-State Parliamentary Assembly & Living Campus,0.1667,-0.125,-11.937,-308.183,18.901,45.0,0.9855,-0.0957,0.14,7
3255,Petal,6,ZONE_FACULTY_DIPLOMACY,17-State Parliamentary Assembly & Living Campus,0.1667,0.0,-0.0,-308.183,20.927,45.0,0.9869,-0.0904,0.1337,7
3256,Petal,6,ZONE_FACULTY_DIPLOMACY,17-State Parliamentary Assembly & Living Campus,0.1667,0.125,11.937,-308.183,18.901,45.0,0.987,-0.0909,0.1329,7
3257,Petal,6,ZONE_FACULTY_DIPLOMACY,17-State Parliamentary Assembly & Living Campus,0.1667,0.25,23.874,-308.183,16.328,45.0,0.987,-0.0918,0.1321,7
3258,Petal,6,ZONE_FACULTY_DIPLOMACY,17-State Parliamentary Assembly & Living Campus,0.1667,0.375,35.81,-308.183,13.208,45.0,0.987,-0.0931,0.1313,7
3259,Petal,6,ZONE_FACULTY_DIPLOMACY,17-State Parliamentary Assembly & Living Campus,0.1667,0.5,47.747,-308.183,9.541,45.0,0.9869,-0.0947,0.1305,7
3260,Petal,6,ZONE_FACULTY_DIPLOMACY,17-State Parliamentary Assembly & Living Campus,0.1667,0.625,59.684,-308.183,5.328,45.0,0.9868,-0.0968,0.1297,7
3261,Petal,6,ZONE_FACULTY_DIPLOMACY,17-State Parliamentary Assembly & Living Campus,0.1667,0.75,71.621,-308.183,0.568,45.0,0.9867,-0.0992,0.1289,7
3262,Petal,6,ZONE_FACULTY_DIPLOMACY,17-State Parliamentary Assembly & Living Campus,0.1667,0.875,83.557,-308.183,-4.74,45.0,0.9865,-0.102,0.1281,7
3263,Petal,6,ZONE_CLEARANCE_WATERWAY,17-State Parliamentary Assembly & Living Campus,0.1667,1.0,95.494,-308.183,-10.594,45.0,0.9843,-0.1125,0.1361,7
3264,Petal,6,ZONE_CLEARANCE_WATERWAY,17-State Parliamentary Assembly & Living Campus,0.2,-1.0,-107.612,-339.819,-12.285,45.0,0.9818,-0.132,0.1368,7
3265,Petal,6,ZONE_FACULTY_DIPLOMACY,17-State Parliamentary Assembly & Living Campus,0.2,-0.875,-94.161,-339.819,-5.516,45.0,0.9825,-0.1275,0.136,7
3266,Petal,6,ZONE_FACULTY_DIPLOMACY,17-State Parliamentary Assembly & Living Campus,0.2,-0.75,-80.709,-339.819,0.609,45.0,0.9831,-0.1235,0.1352,7
3267,Petal,6,ZONE_FACULTY_DIPLOMACY,17-State Parliamentary Assembly & Living Campus,0.2,-0.625,-67.258,-339.819,6.092,45.0,0.9837,-0.1198,0.1344,7
3268,Petal,6,ZONE_FACULTY_DIPLOMACY,17-State Parliamentary Assembly & Living Campus,0.2,-0.5,-53.806,-339.819,10.932,45.0,0.9842,-0.1166,0.1336,7
3269,Petal,6,ZONE_FACULTY_DIPLOMACY,17-State Parliamentary Assembly & Living Campus,0.2,-0.375,-40.355,-339.819,15.129,45.0,0.9846,-0.1138,0.1328,7
3270,Petal,6,ZONE_FACULTY_DIPLOMACY,17-State Parliamentary Assembly & Living Campus,0.2,-0.25,-26.903,-339.819,18.683,45.0,0.985,-0.1114,0.132,7
3271,Petal,6,ZONE_FACULTY_DIPLOMACY,17-State Parliamentary Assembly & Living Campus,0.2,-0.125,-13.452,-339.819,21.594,45.0,0.9853,-0.1094,0.1312,7
3272,Petal,6,ZONE_FACULTY_DIPLOMACY,17-State Parliamentary Assembly & Living Campus,0.2,0.0,-0.0,-339.819,23.862,45.0,0.9866,-0.104,0.1257,7
3273,Petal,6,ZONE_FACULTY_DIPLOMACY,17-State Parliamentary Assembly & Living Campus,0.2,0.125,13.452,-339.819,21.594,45.0,0.9867,-0.1043,0.125,7
3274,Petal,6,ZONE_FACULTY_DIPLOMACY,17-State Parliamentary Assembly & Living Campus,0.2,0.25,26.903,-339.819,18.683,45.0,0.9867,-0.1049,0.1242,7
3275,Petal,6,ZONE_FACULTY_DIPLOMACY,17-State Parliamentary Assembly & Living Campus,0.2,0.375,40.355,-339.819,15.129,45.0,0.9867,-0.1058,0.1235,7
3276,Petal,6,ZONE_FACULTY_DIPLOMACY,17-State Parliamentary Assembly & Living Campus,0.2,0.5,53.806,-339.819,10.932,45.0,0.9866,-0.1071,0.1227,7
3277,Petal,6,ZONE_FACULTY_DIPLOMACY,17-State Parliamentary Assembly & Living Campus,0.2,0.625,67.258,-339.819,6.092,45.0,0.9866,-0.1088,0.122,7
3278,Petal,6,ZONE_FACULTY_DIPLOMACY,17-State Parliamentary Assembly & Living Campus,0.2,0.75,80.709,-339.819,0.609,45.0,0.9864,-0.1107,0.1213,7
3279,Petal,6,ZONE_FACULTY_DIPLOMACY,17-State Parliamentary Assembly & Living Campus,0.2,0.875,94.161,-339.819,-5.516,45.0,0.9863,-0.113,0.1205,7
3280,Petal,6,ZONE_CLEARANCE_WATERWAY,17-State Parliamentary Assembly & Living Campus,0.2,1.0,107.612,-339.819,-12.285,45.0,0.9841,-0.1233,0.1278,7
3281,Petal,6,ZONE_CLEARANCE_WATERWAY,17-State Parliamentary Assembly & Living Campus,0.2333,-1.0,-119.731,-371.456,-13.751,45.0,0.9811,-0.1434,0.13,7
3282,Petal,6,ZONE_FACULTY_DIPLOMACY,17-State Parliamentary Assembly & Living Campus,0.2333,-0.875,-104.764,-371.456,-6.144,45.0,0.9818,-0.1393,0.1293,7
3283,Petal,6,ZONE_FACULTY_DIPLOMACY,17-State Parliamentary Assembly & Living Campus,0.2333,-0.75,-89.798,-371.456,0.731,45.0,0.9824,-0.1357,0.1285,7
3284,Petal,6,ZONE_FACULTY_DIPLOMACY,17-State Parliamentary Assembly & Living Campus,0.2333,-0.625,-74.832,-371.456,6.875,45.0,0.9829,-0.1324,0.1278,7
3285,Petal,6,ZONE_FACULTY_DIPLOMACY,17-State Parliamentary Assembly & Living Campus,0.2333,-0.5,-59.865,-371.456,12.286,45.0,0.9834,-0.1295,0.127,7
3286,Petal,6,ZONE_FACULTY_DIPLOMACY,17-State Parliamentary Assembly & Living Campus,0.2333,-0.375,-44.899,-371.456,16.965,45.0,0.9838,-0.1269,0.1263,7
3287,Petal,6,ZONE_FACULTY_DIPLOMACY,17-State Parliamentary Assembly & Living Campus,0.2333,-0.25,-29.933,-371.456,20.913,45.0,0.9842,-0.1247,0.1256,7
3288,Petal,6,ZONE_FACULTY_DIPLOMACY,17-State Parliamentary Assembly & Living Campus,0.2333,-0.125,-14.966,-371.456,24.129,45.0,0.9845,-0.1229,0.1248,7
3289,Petal,6,ZONE_FACULTY_DIPLOMACY,17-State Parliamentary Assembly & Living Campus,0.2333,0.0,-0.0,-371.456,26.613,45.0,0.9858,-0.1173,0.1199,7
3290,Petal,6,ZONE_FACULTY_DIPLOMACY,17-State Parliamentary Assembly & Living Campus,0.2333,0.125,14.966,-371.456,24.129,45.0,0.9859,-0.1174,0.1192,7
3291,Petal,6,ZONE_FACULTY_DIPLOMACY,17-State Parliamentary Assembly & Living Campus,0.2333,0.25,29.933,-371.456,20.913,45.0,0.9859,-0.1178,0.1185,7
3292,Petal,6,ZONE_FACULTY_DIPLOMACY,17-State Parliamentary Assembly & Living Campus,0.2333,0.375,44.899,-371.456,16.965,45.0,0.9859,-0.1184,0.1179,7
3293,Petal,6,ZONE_FACULTY_DIPLOMACY,17-State Parliamentary Assembly & Living Campus,0.2333,0.5,59.865,-371.456,12.286,45.0,0.9859,-0.1194,0.1172,7
3294,Petal,6,ZONE_FACULTY_DIPLOMACY,17-State Parliamentary Assembly & Living Campus,0.2333,0.625,74.832,-371.456,6.875,45.0,0.9858,-0.1207,0.1165,7
3295,Petal,6,ZONE_FACULTY_DIPLOMACY,17-State Parliamentary Assembly & Living Campus,0.2333,0.75,89.798,-371.456,0.731,45.0,0.9857,-0.1222,0.1158,7
3296,Petal,6,ZONE_FACULTY_DIPLOMACY,17-State Parliamentary Assembly & Living Campus,0.2333,0.875,104.764,-371.456,-6.144,45.0,0.9856,-0.1241,0.1151,7
3297,Petal,6,ZONE_CLEARANCE_WATERWAY,17-State Parliamentary Assembly & Living Campus,0.2333,1.0,119.731,-371.456,-13.751,45.0,0.9834,-0.1343,0.1218,7
3298,Petal,6,ZONE_CLEARANCE_WATERWAY,17-State Parliamentary Assembly & Living Campus,0.2667,-1.0,-131.849,-403.092,-14.96,45.0,0.98,-0.1547,0.1248,7
3299,Petal,6,ZONE_FACULTY_DIPLOMACY,17-State Parliamentary Assembly & Living Campus,0.2667,-0.875,-115.368,-403.092,-6.596,45.0,0.9807,-0.1511,0.1241,7
3300,Petal,6,ZONE_FACULTY_DIPLOMACY,17-State Parliamentary Assembly & Living Campus,0.2667,-0.75,-98.887,-403.092,0.954,45.0,0.9813,-0.1478,0.1234,7
3301,Petal,6,ZONE_FACULTY_DIPLOMACY,17-State Parliamentary Assembly & Living Campus,0.2667,-0.625,-82.406,-403.092,7.692,45.0,0.9818,-0.1448,0.1227,7
3302,Petal,6,ZONE_FACULTY_DIPLOMACY,17-State Parliamentary Assembly & Living Campus,0.2667,-0.5,-65.924,-403.092,13.617,45.0,0.9823,-0.1422,0.1221,7
3303,Petal,6,ZONE_FACULTY_DIPLOMACY,17-State Parliamentary Assembly & Living Campus,0.2667,-0.375,-49.443,-403.092,18.73,45.0,0.9827,-0.1399,0.1214,7
3304,Petal,6,ZONE_FACULTY_DIPLOMACY,17-State Parliamentary Assembly & Living Campus,0.2667,-0.25,-32.962,-403.092,23.029,45.0,0.9831,-0.1378,0.1207,7
3305,Petal,6,ZONE_FACULTY_DIPLOMACY,17-State Parliamentary Assembly & Living Campus,0.2667,-0.125,-16.481,-403.092,26.516,45.0,0.9834,-0.1361,0.12,7
3306,Petal,6,ZONE_FACULTY_DIPLOMACY,17-State Parliamentary Assembly & Living Campus,0.2667,0.0,-0.0,-403.092,29.19,45.0,0.9847,-0.1305,0.1156,7
3307,Petal,6,ZONE_FACULTY_DIPLOMACY,17-State Parliamentary Assembly & Living Campus,0.2667,0.125,16.481,-403.092,26.516,45.0,0.9848,-0.1304,0.1149,7
3308,Petal,6,ZONE_FACULTY_DIPLOMACY,17-State Parliamentary Assembly & Living Campus,0.2667,0.25,32.962,-403.092,23.029,45.0,0.9848,-0.1305,0.1143,7
3309,Petal,6,ZONE_FACULTY_DIPLOMACY,17-State Parliamentary Assembly & Living Campus,0.2667,0.375,49.443,-403.092,18.73,45.0,0.9849,-0.1309,0.1136,7
3310,Petal,6,ZONE_FACULTY_DIPLOMACY,17-State Parliamentary Assembly & Living Campus,0.2667,0.5,65.924,-403.092,13.617,45.0,0.9848,-0.1316,0.113,7
3311,Petal,6,ZONE_FACULTY_DIPLOMACY,17-State Parliamentary Assembly & Living Campus,0.2667,0.625,82.406,-403.092,7.692,45.0,0.9848,-0.1326,0.1123,7
3312,Petal,6,ZONE_FACULTY_DIPLOMACY,17-State Parliamentary Assembly & Living Campus,0.2667,0.75,98.887,-403.092,0.954,45.0,0.9847,-0.1337,0.1117,7
3313,Petal,6,ZONE_FACULTY_DIPLOMACY,17-State Parliamentary Assembly & Living Campus,0.2667,0.875,115.368,-403.092,-6.596,45.0,0.9846,-0.1352,0.1111,7
3314,Petal,6,ZONE_CLEARANCE_WATERWAY,17-State Parliamentary Assembly & Living Campus,0.2667,1.0,131.849,-403.092,-14.96,45.0,0.9824,-0.1453,0.1172,7
3315,Petal,6,ZONE_CLEARANCE_WATERWAY,17-State Parliamentary Assembly & Living Campus,0.3,-1.0,-143.967,-434.729,-15.884,45.0,0.9787,-0.1659,0.1207,7
3316,Petal,6,ZONE_FACULTY_DIPLOMACY,17-State Parliamentary Assembly & Living Campus,0.3,-0.875,-125.971,-434.729,-6.852,45.0,0.9793,-0.1627,0.12,7
3317,Petal,6,ZONE_FACULTY_DIPLOMACY,17-State Parliamentary Assembly & Living Campus,0.3,-0.75,-107.975,-434.729,1.296,45.0,0.9799,-0.1598,0.1194,7
3318,Petal,6,ZONE_FACULTY_DIPLOMACY,17-State Parliamentary Assembly & Living Campus,0.3,-0.625,-89.98,-434.729,8.559,45.0,0.9804,-0.1571,0.1187,7
3319,Petal,6,ZONE_FACULTY_DIPLOMACY,17-State Parliamentary Assembly & Living Campus,0.3,-0.5,-71.984,-434.729,14.937,45.0,0.9809,-0.1548,0.1181,7
3320,Petal,6,ZONE_FACULTY_DIPLOMACY,17-State Parliamentary Assembly & Living Campus,0.3,-0.375,-53.988,-434.729,20.43,45.0,0.9813,-0.1526,0.1174,7
3321,Petal,6,ZONE_FACULTY_DIPLOMACY,17-State Parliamentary Assembly & Living Campus,0.3,-0.25,-35.992,-434.729,25.038,45.0,0.9816,-0.1508,0.1168,7
3322,Petal,6,ZONE_FACULTY_DIPLOMACY,17-State Parliamentary Assembly & Living Campus,0.3,-0.125,-17.996,-434.729,28.762,45.0,0.982,-0.1491,0.1161,7
3323,Petal,6,ZONE_FACULTY_DIPLOMACY,17-State Parliamentary Assembly & Living Campus,0.3,0.0,-0.0,-434.729,31.6,45.0,0.9833,-0.1434,0.1121,7
3324,Petal,6,ZONE_FACULTY_DIPLOMACY,17-State Parliamentary Assembly & Living Campus,0.3,0.125,17.996,-434.729,28.762,45.0,0.9834,-0.1432,0.1115,7
3325,Petal,6,ZONE_FACULTY_DIPLOMACY,17-State Parliamentary Assembly & Living Campus,0.3,0.25,35.992,-434.729,25.038,45.0,0.9835,-0.1432,0.1109,7
3326,Petal,6,ZONE_FACULTY_DIPLOMACY,17-State Parliamentary Assembly & Living Campus,0.3,0.375,53.988,-434.729,20.43,45.0,0.9835,-0.1433,0.1103,7
3327,Petal,6,ZONE_FACULTY_DIPLOMACY,17-State Parliamentary Assembly & Living Campus,0.3,0.5,71.984,-434.729,14.937,45.0,0.9835,-0.1438,0.1097,7
3328,Petal,6,ZONE_FACULTY_DIPLOMACY,17-State Parliamentary Assembly & Living Campus,0.3,0.625,89.98,-434.729,8.559,45.0,0.9835,-0.1444,0.1091,7
3329,Petal,6,ZONE_FACULTY_DIPLOMACY,17-State Parliamentary Assembly & Living Campus,0.3,0.75,107.975,-434.729,1.296,45.0,0.9834,-0.1452,0.1085,7
3330,Petal,6,ZONE_FACULTY_DIPLOMACY,17-State Parliamentary Assembly & Living Campus,0.3,0.875,125.971,-434.729,-6.852,45.0,0.9833,-0.1463,0.1079,7
3331,Petal,6,ZONE_CLEARANCE_WATERWAY,17-State Parliamentary Assembly & Living Campus,0.3,1.0,143.967,-434.729,-15.884,45.0,0.9812,-0.1563,0.1136,7
3332,Petal,6,ZONE_CLEARANCE_WATERWAY,17-State Parliamentary Assembly & Living Campus,0.3333,-1.0,-156.086,-466.365,-16.498,45.0,0.9772,-0.1771,0.1172,7
3333,Petal,6,ZONE_FACULTY_DIPLOMACY,17-State Parliamentary Assembly & Living Campus,0.3333,-0.875,-136.575,-466.365,-6.889,45.0,0.9778,-0.1743,0.1166,7
3334,Petal,6,ZONE_FACULTY_DIPLOMACY,17-State Parliamentary Assembly & Living Campus,0.3333,-0.75,-117.064,-466.365,1.772,45.0,0.9783,-0.1717,0.116,7
3335,Petal,6,ZONE_FACULTY_DIPLOMACY,17-State Parliamentary Assembly & Living Campus,0.3333,-0.625,-97.554,-466.365,9.486,45.0,0.9788,-0.1693,0.1154,7
3336,Petal,6,ZONE_FACULTY_DIPLOMACY,17-State Parliamentary Assembly & Living Campus,0.3333,-0.5,-78.043,-466.365,16.253,45.0,0.9792,-0.1672,0.1148,7
3337,Petal,6,ZONE_FACULTY_DIPLOMACY,17-State Parliamentary Assembly & Living Campus,0.3333,-0.375,-58.532,-466.365,22.073,45.0,0.9796,-0.1652,0.1142,7
3338,Petal,6,ZONE_FACULTY_DIPLOMACY,17-State Parliamentary Assembly & Living Campus,0.3333,-0.25,-39.021,-466.365,26.946,45.0,0.98,-0.1635,0.1136,7
3339,Petal,6,ZONE_FACULTY_DIPLOMACY,17-State Parliamentary Assembly & Living Campus,0.3333,-0.125,-19.511,-466.365,30.871,45.0,0.9803,-0.162,0.113,7
3340,Petal,6,ZONE_FACULTY_DIPLOMACY,17-State Parliamentary Assembly & Living Campus,0.3333,0.0,-0.0,-466.365,33.849,45.0,0.9816,-0.1563,0.1093,7
3341,Petal,6,ZONE_FACULTY_DIPLOMACY,17-State Parliamentary Assembly & Living Campus,0.3333,0.125,19.511,-466.365,30.871,45.0,0.9818,-0.1559,0.1087,7
3342,Petal,6,ZONE_FACULTY_DIPLOMACY,17-State Parliamentary Assembly & Living Campus,0.3333,0.25,39.021,-466.365,26.946,45.0,0.9819,-0.1557,0.1082,7
3343,Petal,6,ZONE_FACULTY_DIPLOMACY,17-State Parliamentary Assembly & Living Campus,0.3333,0.375,58.532,-466.365,22.073,45.0,0.9819,-0.1557,0.1076,7
3344,Petal,6,ZONE_FACULTY_DIPLOMACY,17-State Parliamentary Assembly & Living Campus,0.3333,0.5,78.043,-466.365,16.253,45.0,0.982,-0.1558,0.107,7
3345,Petal,6,ZONE_FACULTY_DIPLOMACY,17-State Parliamentary Assembly & Living Campus,0.3333,0.625,97.554,-466.365,9.486,45.0,0.982,-0.1562,0.1065,7
3346,Petal,6,ZONE_FACULTY_DIPLOMACY,17-State Parliamentary Assembly & Living Campus,0.3333,0.75,117.064,-466.365,1.772,45.0,0.9819,-0.1567,0.1059,7
3347,Petal,6,ZONE_FACULTY_DIPLOMACY,17-State Parliamentary Assembly & Living Campus,0.3333,0.875,136.575,-466.365,-6.889,45.0,0.9819,-0.1574,0.1054,7
3348,Petal,6,ZONE_CLEARANCE_WATERWAY,17-State Parliamentary Assembly & Living Campus,0.3333,1.0,156.086,-466.365,-16.498,45.0,0.9797,-0.1672,0.1107,7
3349,Petal,6,ZONE_CLEARANCE_WATERWAY,17-State Parliamentary Assembly & Living Campus,0.3667,-1.0,-168.204,-498.002,-16.78,45.0,0.9755,-0.1881,0.1143,7
3350,Petal,6,ZONE_FACULTY_DIPLOMACY,17-State Parliamentary Assembly & Living Campus,0.3667,-0.875,-147.178,-498.002,-6.693,45.0,0.976,-0.1856,0.1138,7
3351,Petal,6,ZONE_FACULTY_DIPLOMACY,17-State Parliamentary Assembly & Living Campus,0.3667,-0.75,-126.153,-498.002,2.395,45.0,0.9765,-0.1834,0.1132,7
3352,Petal,6,ZONE_FACULTY_DIPLOMACY,17-State Parliamentary Assembly & Living Campus,0.3667,-0.625,-105.127,-498.002,10.483,45.0,0.977,-0.1813,0.1126,7
3353,Petal,6,ZONE_FACULTY_DIPLOMACY,17-State Parliamentary Assembly & Living Campus,0.3667,-0.5,-84.102,-498.002,17.573,45.0,0.9774,-0.1794,0.1121,7
3354,Petal,6,ZONE_FACULTY_DIPLOMACY,17-State Parliamentary Assembly & Living Campus,0.3667,-0.375,-63.076,-498.002,23.663,45.0,0.9777,-0.1777,0.1115,7
3355,Petal,6,ZONE_FACULTY_DIPLOMACY,17-State Parliamentary Assembly & Living Campus,0.3667,-0.25,-42.051,-498.002,28.754,45.0,0.9781,-0.1762,0.1109,7
3356,Petal,6,ZONE_FACULTY_DIPLOMACY,17-State Parliamentary Assembly & Living Campus,0.3667,-0.125,-21.025,-498.002,32.846,45.0,0.9784,-0.1748,0.1104,7
3357,Petal,6,ZONE_FACULTY_DIPLOMACY,17-State Parliamentary Assembly & Living Campus,0.3667,0.0,-0.0,-498.002,35.938,45.0,0.9798,-0.1691,0.107,7
3358,Petal,6,ZONE_FACULTY_DIPLOMACY,17-State Parliamentary Assembly & Living Campus,0.3667,0.125,21.025,-498.002,32.846,45.0,0.9799,-0.1685,0.1064,7
3359,Petal,6,ZONE_FACULTY_DIPLOMACY,17-State Parliamentary Assembly & Living Campus,0.3667,0.25,42.051,-498.002,28.754,45.0,0.9801,-0.1682,0.1059,7
3360,Petal,6,ZONE_FACULTY_DIPLOMACY,17-State Parliamentary Assembly & Living Campus,0.3667,0.375,63.076,-498.002,23.663,45.0,0.9801,-0.168,0.1054,7
3361,Petal,6,ZONE_FACULTY_DIPLOMACY,17-State Parliamentary Assembly & Living Campus,0.3667,0.5,84.102,-498.002,17.573,45.0,0.9802,-0.1679,0.1049,7
3362,Petal,6,ZONE_FACULTY_DIPLOMACY,17-State Parliamentary Assembly & Living Campus,0.3667,0.625,105.127,-498.002,10.483,45.0,0.9803,-0.168,0.1043,7
3363,Petal,6,ZONE_FACULTY_DIPLOMACY,17-State Parliamentary Assembly & Living Campus,0.3667,0.75,126.153,-498.002,2.395,45.0,0.9803,-0.1682,0.1038,7
3364,Petal,6,ZONE_FACULTY_DIPLOMACY,17-State Parliamentary Assembly & Living Campus,0.3667,0.875,147.178,-498.002,-6.693,45.0,0.9803,-0.1685,0.1033,7
3365,Petal,6,ZONE_CLEARANCE_WATERWAY,17-State Parliamentary Assembly & Living Campus,0.3667,1.0,168.204,-498.002,-16.78,45.0,0.978,-0.1781,0.1083,7
3366,Petal,6,ZONE_CLEARANCE_WATERWAY,17-State Parliamentary Assembly & Living Campus,0.4,-1.0,-180.322,-529.638,-16.712,45.0,0.9736,-0.1989,0.1118,7
3367,Petal,6,ZONE_FACULTY_DIPLOMACY,17-State Parliamentary Assembly & Living Campus,0.4,-0.875,-157.782,-529.638,-6.248,45.0,0.9741,-0.1969,0.1113,7
3368,Petal,6,ZONE_FACULTY_DIPLOMACY,17-State Parliamentary Assembly & Living Campus,0.4,-0.75,-135.242,-529.638,3.175,45.0,0.9745,-0.195,0.1108,7
3369,Petal,6,ZONE_FACULTY_DIPLOMACY,17-State Parliamentary Assembly & Living Campus,0.4,-0.625,-112.701,-529.638,11.558,45.0,0.9749,-0.1932,0.1102,7
3370,Petal,6,ZONE_FACULTY_DIPLOMACY,17-State Parliamentary Assembly & Living Campus,0.4,-0.5,-90.161,-529.638,18.901,45.0,0.9753,-0.1916,0.1097,7
3371,Petal,6,ZONE_FACULTY_DIPLOMACY,17-State Parliamentary Assembly & Living Campus,0.4,-0.375,-67.621,-529.638,25.203,45.0,0.9757,-0.19,0.1092,7
3372,Petal,6,ZONE_FACULTY_DIPLOMACY,17-State Parliamentary Assembly & Living Campus,0.4,-0.25,-45.081,-529.638,30.465,45.0,0.976,-0.1886,0.1086,7
3373,Petal,6,ZONE_FACULTY_DIPLOMACY,17-State Parliamentary Assembly & Living Campus,0.4,-0.125,-22.54,-529.638,34.687,45.0,0.9763,-0.1874,0.1081,7
3374,Petal,6,ZONE_FACULTY_DIPLOMACY,17-State Parliamentary Assembly & Living Campus,0.4,0.0,-0.0,-529.638,37.869,45.0,0.9777,-0.1817,0.105,7
3375,Petal,6,ZONE_FACULTY_DIPLOMACY,17-State Parliamentary Assembly & Living Campus,0.4,0.125,22.54,-529.638,34.687,45.0,0.9779,-0.1811,0.1045,7
3376,Petal,6,ZONE_FACULTY_DIPLOMACY,17-State Parliamentary Assembly & Living Campus,0.4,0.25,45.081,-529.638,30.465,45.0,0.978,-0.1806,0.104,7
3377,Petal,6,ZONE_FACULTY_DIPLOMACY,17-State Parliamentary Assembly & Living Campus,0.4,0.375,67.621,-529.638,25.203,45.0,0.9782,-0.1802,0.1035,7
3378,Petal,6,ZONE_FACULTY_DIPLOMACY,17-State Parliamentary Assembly & Living Campus,0.4,0.5,90.161,-529.638,18.901,45.0,0.9783,-0.1799,0.103,7
3379,Petal,6,ZONE_FACULTY_DIPLOMACY,17-State Parliamentary Assembly & Living Campus,0.4,0.625,112.701,-529.638,11.558,45.0,0.9784,-0.1797,0.1025,7
3380,Petal,6,ZONE_FACULTY_DIPLOMACY,17-State Parliamentary Assembly & Living Campus,0.4,0.75,135.242,-529.638,3.175,45.0,0.9784,-0.1796,0.102,7
3381,Petal,6,ZONE_FACULTY_DIPLOMACY,17-State Parliamentary Assembly & Living Campus,0.4,0.875,157.782,-529.638,-6.248,45.0,0.9785,-0.1797,0.1016,7
3382,Petal,6,ZONE_CLEARANCE_WATERWAY,17-State Parliamentary Assembly & Living Campus,0.4,1.0,180.322,-529.638,-16.712,45.0,0.9762,-0.1889,0.1062,7
3383,Petal,6,ZONE_CLEARANCE_WATERWAY,17-State Parliamentary Assembly & Living Campus,0.4333,-1.0,-183.761,-561.275,-16.279,62.36,0.974,-0.2007,0.1049,7
3384,Petal,6,ZONE_FACULTY_DIPLOMACY,17-State Parliamentary Assembly & Living Campus,0.4333,-0.875,-160.791,-561.275,-5.544,62.36,0.9744,-0.1991,0.1044,7
3385,Petal,6,ZONE_FACULTY_DIPLOMACY,17-State Parliamentary Assembly & Living Campus,0.4333,-0.75,-137.821,-561.275,4.121,62.36,0.9748,-0.1976,0.104,7
3386,Petal,6,ZONE_FACULTY_DIPLOMACY,17-State Parliamentary Assembly & Living Campus,0.4333,-0.625,-114.851,-561.275,12.716,62.36,0.9751,-0.1961,0.1035,7
3387,Petal,6,ZONE_FACULTY_DIPLOMACY,17-State Parliamentary Assembly & Living Campus,0.4333,-0.5,-91.881,-561.275,20.241,62.36,0.9754,-0.1948,0.103,7
3388,Petal,6,ZONE_FACULTY_DIPLOMACY,17-State Parliamentary Assembly & Living Campus,0.4333,-0.375,-68.911,-561.275,26.696,62.36,0.9757,-0.1935,0.1025,7
3389,Petal,6,ZONE_FACULTY_DIPLOMACY,17-State Parliamentary Assembly & Living Campus,0.4333,-0.25,-45.94,-561.275,32.082,62.36,0.976,-0.1924,0.1021,7
3390,Petal,6,ZONE_FACULTY_DIPLOMACY,17-State Parliamentary Assembly & Living Campus,0.4333,-0.125,-22.97,-561.275,36.397,62.36,0.9763,-0.1913,0.1016,7
3391,Petal,6,ZONE_FACULTY_DIPLOMACY,17-State Parliamentary Assembly & Living Campus,0.4333,0.0,-0.0,-561.275,39.643,62.36,0.9776,-0.1859,0.0988,7
3392,Petal,6,ZONE_FACULTY_DIPLOMACY,17-State Parliamentary Assembly & Living Campus,0.4333,0.125,22.97,-561.275,36.397,62.36,0.9778,-0.1852,0.0984,7
3393,Petal,6,ZONE_FACULTY_DIPLOMACY,17-State Parliamentary Assembly & Living Campus,0.4333,0.25,45.94,-561.275,32.082,62.36,0.9779,-0.1846,0.0979,7
3394,Petal,6,ZONE_FACULTY_DIPLOMACY,17-State Parliamentary Assembly & Living Campus,0.4333,0.375,68.911,-561.275,26.696,62.36,0.9781,-0.184,0.0975,7
3395,Petal,6,ZONE_FACULTY_DIPLOMACY,17-State Parliamentary Assembly & Living Campus,0.4333,0.5,91.881,-561.275,20.241,62.36,0.9782,-0.1836,0.0971,7
3396,Petal,6,ZONE_FACULTY_DIPLOMACY,17-State Parliamentary Assembly & Living Campus,0.4333,0.625,114.851,-561.275,12.716,62.36,0.9783,-0.1832,0.0966,7
3397,Petal,6,ZONE_FACULTY_DIPLOMACY,17-State Parliamentary Assembly & Living Campus,0.4333,0.75,137.821,-561.275,4.121,62.36,0.9784,-0.1828,0.0962,7
3398,Petal,6,ZONE_FACULTY_DIPLOMACY,17-State Parliamentary Assembly & Living Campus,0.4333,0.875,160.791,-561.275,-5.544,62.36,0.9785,-0.1825,0.0958,7
3399,Petal,6,ZONE_CLEARANCE_WATERWAY,17-State Parliamentary Assembly & Living Campus,0.4333,1.0,183.761,-561.275,-16.279,62.36,0.9765,-0.1911,0.0999,7
3400,Petal,6,ZONE_CLEARANCE_WATERWAY,17-State Parliamentary Assembly & Living Campus,0.4667,-1.0,-174.314,-592.911,-15.47,105.49,0.9776,-0.1892,0.0925,7
3401,Petal,6,ZONE_FACULTY_DIPLOMACY,17-State Parliamentary Assembly & Living Campus,0.4667,-0.875,-152.525,-592.911,-4.572,105.49,0.9778,-0.1881,0.0921,7
3402,Petal,6,ZONE_FACULTY_DIPLOMACY,17-State Parliamentary Assembly & Living Campus,0.4667,-0.75,-130.735,-592.911,5.239,105.49,0.9781,-0.187,0.0917,7
3403,Petal,6,ZONE_FACULTY_DIPLOMACY,17-State Parliamentary Assembly & Living Campus,0.4667,-0.625,-108.946,-592.911,13.962,105.49,0.9783,-0.186,0.0913,7
3404,Petal,6,ZONE_FACULTY_DIPLOMACY,17-State Parliamentary Assembly & Living Campus,0.4667,-0.5,-87.157,-592.911,21.597,105.49,0.9785,-0.185,0.0909,7
3405,Petal,6,ZONE_FACULTY_DIPLOMACY,17-State Parliamentary Assembly & Living Campus,0.4667,-0.375,-65.368,-592.911,28.144,105.49,0.9788,-0.184,0.0905,7
3406,Petal,6,ZONE_FACULTY_DIPLOMACY,17-State Parliamentary Assembly & Living Campus,0.4667,-0.25,-43.578,-592.911,33.604,105.49,0.979,-0.1831,0.0901,7
3407,Petal,6,ZONE_FACULTY_DIPLOMACY,17-State Parliamentary Assembly & Living Campus,0.4667,-0.125,-21.789,-592.911,37.975,105.49,0.9792,-0.1822,0.0897,7
3408,Petal,6,ZONE_FACULTY_DIPLOMACY,17-State Parliamentary Assembly & Living Campus,0.4667,0.0,-0.0,-592.911,41.26,105.49,0.9802,-0.1774,0.0874,7
3409,Petal,6,ZONE_FACULTY_DIPLOMACY,17-State Parliamentary Assembly & Living Campus,0.4667,0.125,21.789,-592.911,37.975,105.49,0.9804,-0.1768,0.087,7
3410,Petal,6,ZONE_FACULTY_DIPLOMACY,17-State Parliamentary Assembly & Living Campus,0.4667,0.25,43.578,-592.911,33.604,105.49,0.9806,-0.1761,0.0866,7
3411,Petal,6,ZONE_FACULTY_DIPLOMACY,17-State Parliamentary Assembly & Living Campus,0.4667,0.375,65.368,-592.911,28.144,105.49,0.9807,-0.1755,0.0862,7
3412,Petal,6,ZONE_FACULTY_DIPLOMACY,17-State Parliamentary Assembly & Living Campus,0.4667,0.5,87.157,-592.911,21.597,105.49,0.9808,-0.1749,0.0859,7
3413,Petal,6,ZONE_FACULTY_DIPLOMACY,17-State Parliamentary Assembly & Living Campus,0.4667,0.625,108.946,-592.911,13.962,105.49,0.981,-0.1743,0.0855,7
3414,Petal,6,ZONE_FACULTY_DIPLOMACY,17-State Parliamentary Assembly & Living Campus,0.4667,0.75,130.735,-592.911,5.239,105.49,0.9811,-0.1737,0.0852,7
3415,Petal,6,ZONE_FACULTY_DIPLOMACY,17-State Parliamentary Assembly & Living Campus,0.4667,0.875,152.525,-592.911,-4.572,105.49,0.9812,-0.1732,0.0848,7
3416,Petal,6,ZONE_CLEARANCE_WATERWAY,17-State Parliamentary Assembly & Living Campus,0.4667,1.0,174.314,-592.911,-15.47,105.49,0.9796,-0.1806,0.0883,7
3417,Petal,6,ZONE_CLEARANCE_WATERWAY,17-State Parliamentary Assembly & Living Campus,0.5,-1.0,-164.009,-624.548,-14.281,150.34,0.9808,-0.177,0.0812,7
3418,Petal,6,ZONE_FACULTY_DIPLOMACY,17-State Parliamentary Assembly & Living Campus,0.5,-0.875,-143.508,-624.548,-3.328,150.34,0.981,-0.1763,0.0809,7
3419,Petal,6,ZONE_FACULTY_DIPLOMACY,17-State Parliamentary Assembly & Living Campus,0.5,-0.75,-123.007,-624.548,6.532,150.34,0.9812,-0.1756,0.0805,7
3420,Petal,6,ZONE_FACULTY_DIPLOMACY,17-State Parliamentary Assembly & Living Campus,0.5,-0.625,-102.506,-624.548,15.297,150.34,0.9813,-0.1749,0.0802,7
3421,Petal,6,ZONE_FACULTY_DIPLOMACY,17-State Parliamentary Assembly & Living Campus,0.5,-0.5,-82.005,-624.548,22.969,150.34,0.9815,-0.1742,0.0799,7
3422,Petal,6,ZONE_FACULTY_DIPLOMACY,17-State Parliamentary Assembly & Living Campus,0.5,-0.375,-61.503,-624.548,29.547,150.34,0.9816,-0.1735,0.0795,7
3423,Petal,6,ZONE_FACULTY_DIPLOMACY,17-State Parliamentary Assembly & Living Campus,0.5,-0.25,-41.002,-624.548,35.032,150.34,0.9818,-0.1728,0.0792,7
3424,Petal,6,ZONE_FACULTY_DIPLOMACY,17-State Parliamentary Assembly & Living Campus,0.5,-0.125,-20.501,-624.548,39.422,150.34,0.9819,-0.1721,0.0789,7
3425,Petal,6,ZONE_FACULTY_DIPLOMACY,17-State Parliamentary Assembly & Living Campus,0.5,0.0,-0.0,-624.548,42.719,150.34,0.9828,-0.1679,0.077,7
3426,Petal,6,ZONE_FACULTY_DIPLOMACY,17-State Parliamentary Assembly & Living Campus,0.5,0.125,20.501,-624.548,39.422,150.34,0.9829,-0.1672,0.0767,7
3427,Petal,6,ZONE_FACULTY_DIPLOMACY,17-State Parliamentary Assembly & Living Campus,0.5,0.25,41.002,-624.548,35.032,150.34,0.9831,-0.1665,0.0763,7
3428,Petal,6,ZONE_FACULTY_DIPLOMACY,17-State Parliamentary Assembly & Living Campus,0.5,0.375,61.503,-624.548,29.547,150.34,0.9832,-0.1659,0.076,7
3429,Petal,6,ZONE_FACULTY_DIPLOMACY,17-State Parliamentary Assembly & Living Campus,0.5,0.5,82.005,-624.548,22.969,150.34,0.9833,-0.1652,0.0757,7
3430,Petal,6,ZONE_FACULTY_DIPLOMACY,17-State Parliamentary Assembly & Living Campus,0.5,0.625,102.506,-624.548,15.297,150.34,0.9835,-0.1645,0.0754,7
3431,Petal,6,ZONE_FACULTY_DIPLOMACY,17-State Parliamentary Assembly & Living Campus,0.5,0.75,123.007,-624.548,6.532,150.34,0.9836,-0.1638,0.0751,7
3432,Petal,6,ZONE_FACULTY_DIPLOMACY,17-State Parliamentary Assembly & Living Campus,0.5,0.875,143.508,-624.548,-3.328,150.34,0.9838,-0.1632,0.0749,7
3433,Petal,6,ZONE_CLEARANCE_WATERWAY,17-State Parliamentary Assembly & Living Campus,0.5,1.0,164.009,-624.548,-14.281,150.34,0.9825,-0.1695,0.0778,7
3434,Petal,6,ZONE_CLEARANCE_WATERWAY,17-State Parliamentary Assembly & Living Campus,0.5333,-1.0,-153.024,-656.184,-12.708,196.54,0.9838,-0.1643,0.0711,7
3435,Petal,6,ZONE_FACULTY_DIPLOMACY,17-State Parliamentary Assembly & Living Campus,0.5333,-0.875,-133.896,-656.184,-1.809,196.54,0.9839,-0.1639,0.0708,7
3436,Petal,6,ZONE_FACULTY_DIPLOMACY,17-State Parliamentary Assembly & Living Campus,0.5333,-0.75,-114.768,-656.184,8.001,196.54,0.984,-0.1635,0.0705,7
3437,Petal,6,ZONE_FACULTY_DIPLOMACY,17-State Parliamentary Assembly & Living Campus,0.5333,-0.625,-95.64,-656.184,16.724,196.54,0.9841,-0.1631,0.0702,7
3438,Petal,6,ZONE_FACULTY_DIPLOMACY,17-State Parliamentary Assembly & Living Campus,0.5333,-0.5,-76.512,-656.184,24.359,196.54,0.9842,-0.1626,0.0699,7
3439,Petal,6,ZONE_FACULTY_DIPLOMACY,17-State Parliamentary Assembly & Living Campus,0.5333,-0.375,-57.384,-656.184,30.907,196.54,0.9843,-0.1622,0.0697,7
3440,Petal,6,ZONE_FACULTY_DIPLOMACY,17-State Parliamentary Assembly & Living Campus,0.5333,-0.25,-38.256,-656.184,36.366,196.54,0.9844,-0.1616,0.0694,7
3441,Petal,6,ZONE_FACULTY_DIPLOMACY,17-State Parliamentary Assembly & Living Campus,0.5333,-0.125,-19.128,-656.184,40.738,196.54,0.9845,-0.1611,0.0691,7
3442,Petal,6,ZONE_FACULTY_DIPLOMACY,17-State Parliamentary Assembly & Living Campus,0.5333,0.0,-0.0,-656.184,44.022,196.54,0.9852,-0.1575,0.0675,7
3443,Petal,6,ZONE_FACULTY_DIPLOMACY,17-State Parliamentary Assembly & Living Campus,0.5333,0.125,19.128,-656.184,40.738,196.54,0.9853,-0.1568,0.0673,7
3444,Petal,6,ZONE_FACULTY_DIPLOMACY,17-State Parliamentary Assembly & Living Campus,0.5333,0.25,38.256,-656.184,36.366,196.54,0.9855,-0.1562,0.067,7
3445,Petal,6,ZONE_FACULTY_DIPLOMACY,17-State Parliamentary Assembly & Living Campus,0.5333,0.375,57.384,-656.184,30.907,196.54,0.9856,-0.1555,0.0668,7
3446,Petal,6,ZONE_FACULTY_DIPLOMACY,17-State Parliamentary Assembly & Living Campus,0.5333,0.5,76.512,-656.184,24.359,196.54,0.9857,-0.1547,0.0665,7
3447,Petal,6,ZONE_FACULTY_DIPLOMACY,17-State Parliamentary Assembly & Living Campus,0.5333,0.625,95.64,-656.184,16.724,196.54,0.9858,-0.154,0.0663,7
3448,Petal,6,ZONE_FACULTY_DIPLOMACY,17-State Parliamentary Assembly & Living Campus,0.5333,0.75,114.768,-656.184,8.001,196.54,0.986,-0.1532,0.066,7
3449,Petal,6,ZONE_FACULTY_DIPLOMACY,17-State Parliamentary Assembly & Living Campus,0.5333,0.875,133.896,-656.184,-1.809,196.54,0.9861,-0.1524,0.0658,7
3450,Petal,6,ZONE_CLEARANCE_WATERWAY,17-State Parliamentary Assembly & Living Campus,0.5333,1.0,153.024,-656.184,-12.708,196.54,0.9851,-0.1577,0.0682,7
3451,Petal,6,ZONE_CLEARANCE_WATERWAY,17-State Parliamentary Assembly & Living Campus,0.5667,-1.0,-141.519,-687.821,-10.753,243.79,0.9866,-0.1512,0.0618,7
3452,Petal,6,ZONE_FACULTY_DIPLOMACY,17-State Parliamentary Assembly & Living Campus,0.5667,-0.875,-123.83,-687.821,-0.019,243.79,0.9866,-0.1511,0.0616,7
3453,Petal,6,ZONE_FACULTY_DIPLOMACY,17-State Parliamentary Assembly & Living Campus,0.5667,-0.75,-106.14,-687.821,9.646,243.79,0.9866,-0.1509,0.0614,7
3454,Petal,6,ZONE_FACULTY_DIPLOMACY,17-State Parliamentary Assembly & Living Campus,0.5667,-0.625,-88.45,-687.821,18.241,243.79,0.9867,-0.1507,0.0611,7
3455,Petal,6,ZONE_FACULTY_DIPLOMACY,17-State Parliamentary Assembly & Living Campus,0.5667,-0.5,-70.76,-687.821,25.766,243.79,0.9867,-0.1505,0.0609,7
3456,Petal,6,ZONE_FACULTY_DIPLOMACY,17-State Parliamentary Assembly & Living Campus,0.5667,-0.375,-53.07,-687.821,32.221,243.79,0.9868,-0.1502,0.0607,7
3457,Petal,6,ZONE_FACULTY_DIPLOMACY,17-State Parliamentary Assembly & Living Campus,0.5667,-0.25,-35.38,-687.821,37.607,243.79,0.9869,-0.1498,0.0605,7
3458,Petal,6,ZONE_FACULTY_DIPLOMACY,17-State Parliamentary Assembly & Living Campus,0.5667,-0.125,-17.69,-687.821,41.922,243.79,0.9869,-0.1495,0.0602,7
3459,Petal,6,ZONE_FACULTY_DIPLOMACY,17-State Parliamentary Assembly & Living Campus,0.5667,0.0,-0.0,-687.821,45.168,243.79,0.9875,-0.1464,0.059,7
3460,Petal,6,ZONE_FACULTY_DIPLOMACY,17-State Parliamentary Assembly & Living Campus,0.5667,0.125,17.69,-687.821,41.922,243.79,0.9876,-0.1457,0.0588,7
3461,Petal,6,ZONE_FACULTY_DIPLOMACY,17-State Parliamentary Assembly & Living Campus,0.5667,0.25,35.38,-687.821,37.607,243.79,0.9877,-0.1451,0.0585,7
3462,Petal,6,ZONE_FACULTY_DIPLOMACY,17-State Parliamentary Assembly & Living Campus,0.5667,0.375,53.07,-687.821,32.221,243.79,0.9878,-0.1444,0.0583,7
3463,Petal,6,ZONE_FACULTY_DIPLOMACY,17-State Parliamentary Assembly & Living Campus,0.5667,0.5,70.76,-687.821,25.766,243.79,0.9879,-0.1437,0.0581,7
3464,Petal,6,ZONE_FACULTY_DIPLOMACY,17-State Parliamentary Assembly & Living Campus,0.5667,0.625,88.45,-687.821,18.241,243.79,0.988,-0.1429,0.0579,7
3465,Petal,6,ZONE_FACULTY_DIPLOMACY,17-State Parliamentary Assembly & Living Campus,0.5667,0.75,106.14,-687.821,9.646,243.79,0.9882,-0.1421,0.0578,7
3466,Petal,6,ZONE_FACULTY_DIPLOMACY,17-State Parliamentary Assembly & Living Campus,0.5667,0.875,123.83,-687.821,-0.019,243.79,0.9883,-0.1412,0.0576,7
3467,Petal,6,ZONE_CLEARANCE_WATERWAY,17-State Parliamentary Assembly & Living Campus,0.5667,1.0,141.519,-687.821,-10.753,243.79,0.9876,-0.1456,0.0595,7
3468,Petal,6,ZONE_CLEARANCE_WATERWAY,17-State Parliamentary Assembly & Living Campus,0.6,-1.0,-129.637,-719.457,-8.424,291.79,0.989,-0.1379,0.0534,7
3469,Petal,6,ZONE_FACULTY_DIPLOMACY,17-State Parliamentary Assembly & Living Campus,0.6,-0.875,-113.432,-719.457,2.039,291.79,0.989,-0.138,0.0533,7
3470,Petal,6,ZONE_FACULTY_DIPLOMACY,17-State Parliamentary Assembly & Living Campus,0.6,-0.75,-97.228,-719.457,11.463,291.79,0.989,-0.138,0.0531,7
3471,Petal,6,ZONE_FACULTY_DIPLOMACY,17-State Parliamentary Assembly & Living Campus,0.6,-0.625,-81.023,-719.457,19.846,291.79,0.989,-0.138,0.0529,7
3472,Petal,6,ZONE_FACULTY_DIPLOMACY,17-State Parliamentary Assembly & Living Campus,0.6,-0.5,-64.819,-719.457,27.188,291.79,0.989,-0.1379,0.0527,7
3473,Petal,6,ZONE_FACULTY_DIPLOMACY,17-State Parliamentary Assembly & Living Campus,0.6,-0.375,-48.614,-719.457,33.491,291.79,0.9891,-0.1377,0.0525,7
3474,Petal,6,ZONE_FACULTY_DIPLOMACY,17-State Parliamentary Assembly & Living Campus,0.6,-0.25,-32.409,-719.457,38.753,291.79,0.9891,-0.1375,0.0524,7
3475,Petal,6,ZONE_FACULTY_DIPLOMACY,17-State Parliamentary Assembly & Living Campus,0.6,-0.125,-16.205,-719.457,42.975,291.79,0.9892,-0.1373,0.0522,7
3476,Petal,6,ZONE_FACULTY_DIPLOMACY,17-State Parliamentary Assembly & Living Campus,0.6,0.0,-0.0,-719.457,46.157,291.79,0.9896,-0.1347,0.0512,7
3477,Petal,6,ZONE_FACULTY_DIPLOMACY,17-State Parliamentary Assembly & Living Campus,0.6,0.125,16.205,-719.457,42.975,291.79,0.9897,-0.1341,0.051,7
3478,Petal,6,ZONE_FACULTY_DIPLOMACY,17-State Parliamentary Assembly & Living Campus,0.6,0.25,32.409,-719.457,38.753,291.79,0.9897,-0.1335,0.0508,7
3479,Petal,6,ZONE_FACULTY_DIPLOMACY,17-State Parliamentary Assembly & Living Campus,0.6,0.375,48.614,-719.457,33.491,291.79,0.9898,-0.1328,0.0507,7
3480,Petal,6,ZONE_FACULTY_DIPLOMACY,17-State Parliamentary Assembly & Living Campus,0.6,0.5,64.819,-719.457,27.188,291.79,0.99,-0.1321,0.0505,7
3481,Petal,6,ZONE_FACULTY_DIPLOMACY,17-State Parliamentary Assembly & Living Campus,0.6,0.625,81.023,-719.457,19.846,291.79,0.9901,-0.1313,0.0503,7
3482,Petal,6,ZONE_FACULTY_DIPLOMACY,17-State Parliamentary Assembly & Living Campus,0.6,0.75,97.228,-719.457,11.463,291.79,0.9902,-0.1305,0.0502,7
3483,Petal,6,ZONE_FACULTY_DIPLOMACY,17-State Parliamentary Assembly & Living Campus,0.6,0.875,113.432,-719.457,2.039,291.79,0.9903,-0.1296,0.05,7
3484,Petal,6,ZONE_CLEARANCE_WATERWAY,17-State Parliamentary Assembly & Living Campus,0.6,1.0,129.637,-719.457,-8.424,291.79,0.9898,-0.1331,0.0516,7
3485,Petal,6,ZONE_CLEARANCE_WATERWAY,17-State Parliamentary Assembly & Living Campus,0.6333,-1.0,-117.507,-751.094,-5.73,340.29,0.9912,-0.1244,0.0459,7
3486,Petal,6,ZONE_FACULTY_DIPLOMACY,17-State Parliamentary Assembly & Living Campus,0.6333,-0.875,-102.819,-751.094,4.357,340.29,0.9911,-0.1247,0.0457,7
3487,Petal,6,ZONE_FACULTY_DIPLOMACY,17-State Parliamentary Assembly & Living Campus,0.6333,-0.75,-88.13,-751.094,13.445,340.29,0.9911,-0.1249,0.0456,7
3488,Petal,6,ZONE_FACULTY_DIPLOMACY,17-State Parliamentary Assembly & Living Campus,0.6333,-0.625,-73.442,-751.094,21.534,340.29,0.9911,-0.125,0.0454,7
3489,Petal,6,ZONE_FACULTY_DIPLOMACY,17-State Parliamentary Assembly & Living Campus,0.6333,-0.5,-58.754,-751.094,28.623,340.29,0.9911,-0.125,0.0453,7
3490,Petal,6,ZONE_FACULTY_DIPLOMACY,17-State Parliamentary Assembly & Living Campus,0.6333,-0.375,-44.065,-751.094,34.713,340.29,0.9911,-0.125,0.0451,7
3491,Petal,6,ZONE_FACULTY_DIPLOMACY,17-State Parliamentary Assembly & Living Campus,0.6333,-0.25,-29.377,-751.094,39.804,340.29,0.9912,-0.1249,0.045,7
3492,Petal,6,ZONE_FACULTY_DIPLOMACY,17-State Parliamentary Assembly & Living Campus,0.6333,-0.125,-14.688,-751.094,43.896,340.29,0.9912,-0.1247,0.0449,7
3493,Petal,6,ZONE_FACULTY_DIPLOMACY,17-State Parliamentary Assembly & Living Campus,0.6333,0.0,-0.0,-751.094,46.989,340.29,0.9915,-0.1226,0.044,7
3494,Petal,6,ZONE_FACULTY_DIPLOMACY,17-State Parliamentary Assembly & Living Campus,0.6333,0.125,14.688,-751.094,43.896,340.29,0.9916,-0.1221,0.0439,7
3495,Petal,6,ZONE_FACULTY_DIPLOMACY,17-State Parliamentary Assembly & Living Campus,0.6333,0.25,29.377,-751.094,39.804,340.29,0.9916,-0.1215,0.0438,7
3496,Petal,6,ZONE_FACULTY_DIPLOMACY,17-State Parliamentary Assembly & Living Campus,0.6333,0.375,44.065,-751.094,34.713,340.29,0.9917,-0.1209,0.0437,7
3497,Petal,6,ZONE_FACULTY_DIPLOMACY,17-State Parliamentary Assembly & Living Campus,0.6333,0.5,58.754,-751.094,28.623,340.29,0.9918,-0.1202,0.0435,7
3498,Petal,6,ZONE_FACULTY_DIPLOMACY,17-State Parliamentary Assembly & Living Campus,0.6333,0.625,73.442,-751.094,21.534,340.29,0.9919,-0.1194,0.0434,7
3499,Petal,6,ZONE_FACULTY_DIPLOMACY,17-State Parliamentary Assembly & Living Campus,0.6333,0.75,88.13,-751.094,13.445,340.29,0.992,-0.1186,0.0433,7
3500,Petal,6,ZONE_FACULTY_DIPLOMACY,17-State Parliamentary Assembly & Living Campus,0.6333,0.875,102.819,-751.094,4.357,340.29,0.9921,-0.1177,0.0432,7
3501,Petal,6,ZONE_CLEARANCE_WATERWAY,17-State Parliamentary Assembly & Living Campus,0.6333,1.0,117.507,-751.094,-5.73,340.29,0.9917,-0.1205,0.0444,7
3502,Petal,6,ZONE_CLEARANCE_WATERWAY,17-State Parliamentary Assembly & Living Campus,0.6667,-1.0,-105.248,-782.731,-2.685,389.04,0.9931,-0.111,0.039,7
3503,Petal,6,ZONE_FACULTY_DIPLOMACY,17-State Parliamentary Assembly & Living Campus,0.6667,-0.875,-92.092,-782.731,6.923,389.04,0.993,-0.1113,0.0389,7
3504,Petal,6,ZONE_FACULTY_DIPLOMACY,17-State Parliamentary Assembly & Living Campus,0.6667,-0.75,-78.936,-782.731,15.585,389.04,0.993,-0.1116,0.0387,7
3505,Petal,6,ZONE_FACULTY_DIPLOMACY,17-State Parliamentary Assembly & Living Campus,0.6667,-0.625,-65.78,-782.731,23.299,389.04,0.993,-0.1118,0.0386,7
3506,Petal,6,ZONE_FACULTY_DIPLOMACY,17-State Parliamentary Assembly & Living Campus,0.6667,-0.5,-52.624,-782.731,30.066,389.04,0.993,-0.112,0.0385,7
3507,Petal,6,ZONE_FACULTY_DIPLOMACY,17-State Parliamentary Assembly & Living Campus,0.6667,-0.375,-39.468,-782.731,35.886,389.04,0.993,-0.112,0.0384,7
3508,Petal,6,ZONE_FACULTY_DIPLOMACY,17-State Parliamentary Assembly & Living Campus,0.6667,-0.25,-26.312,-782.731,40.758,389.04,0.993,-0.112,0.0383,7
3509,Petal,6,ZONE_FACULTY_DIPLOMACY,17-State Parliamentary Assembly & Living Campus,0.6667,-0.125,-13.156,-782.731,44.684,389.04,0.993,-0.1119,0.0382,7
3510,Petal,6,ZONE_FACULTY_DIPLOMACY,17-State Parliamentary Assembly & Living Campus,0.6667,0.0,-0.0,-782.731,47.662,389.04,0.9932,-0.1102,0.0376,7
3511,Petal,6,ZONE_FACULTY_DIPLOMACY,17-State Parliamentary Assembly & Living Campus,0.6667,0.125,13.156,-782.731,44.684,389.04,0.9933,-0.1097,0.0375,7
3512,Petal,6,ZONE_FACULTY_DIPLOMACY,17-State Parliamentary Assembly & Living Campus,0.6667,0.25,26.312,-782.731,40.758,389.04,0.9933,-0.1092,0.0374,7
3513,Petal,6,ZONE_FACULTY_DIPLOMACY,17-State Parliamentary Assembly & Living Campus,0.6667,0.375,39.468,-782.731,35.886,389.04,0.9934,-0.1087,0.0373,7
3514,Petal,6,ZONE_FACULTY_DIPLOMACY,17-State Parliamentary Assembly & Living Campus,0.6667,0.5,52.624,-782.731,30.066,389.04,0.9935,-0.108,0.0372,7
3515,Petal,6,ZONE_FACULTY_DIPLOMACY,17-State Parliamentary Assembly & Living Campus,0.6667,0.625,65.78,-782.731,23.299,389.04,0.9935,-0.1073,0.0371,7
3516,Petal,6,ZONE_FACULTY_DIPLOMACY,17-State Parliamentary Assembly & Living Campus,0.6667,0.75,78.936,-782.731,15.585,389.04,0.9936,-0.1065,0.037,7
3517,Petal,6,ZONE_FACULTY_DIPLOMACY,17-State Parliamentary Assembly & Living Campus,0.6667,0.875,92.092,-782.731,6.923,389.04,0.9937,-0.1057,0.0369,7
3518,Petal,6,ZONE_CLEARANCE_WATERWAY,17-State Parliamentary Assembly & Living Campus,0.6667,1.0,105.248,-782.731,-2.685,389.04,0.9935,-0.1078,0.0378,7
3519,Petal,6,ZONE_CLEARANCE_WATERWAY,17-State Parliamentary Assembly & Living Campus,0.7,-1.0,-92.97,-814.367,0.691,437.83,0.9947,-0.0974,0.0327,7
3520,Petal,6,ZONE_FACULTY_DIPLOMACY,17-State Parliamentary Assembly & Living Campus,0.7,-0.875,-81.349,-814.367,9.724,437.83,0.9947,-0.0979,0.0327,7
3521,Petal,6,ZONE_FACULTY_DIPLOMACY,17-State Parliamentary Assembly & Living Campus,0.7,-0.75,-69.728,-814.367,17.872,437.83,0.9946,-0.0983,0.0326,7
3522,Petal,6,ZONE_FACULTY_DIPLOMACY,17-State Parliamentary Assembly & Living Campus,0.7,-0.625,-58.106,-814.367,25.134,437.83,0.9946,-0.0986,0.0325,7
3523,Petal,6,ZONE_FACULTY_DIPLOMACY,17-State Parliamentary Assembly & Living Campus,0.7,-0.5,-46.485,-814.367,31.512,437.83,0.9946,-0.0989,0.0324,7
3524,Petal,6,ZONE_FACULTY_DIPLOMACY,17-State Parliamentary Assembly & Living Campus,0.7,-0.375,-34.864,-814.367,37.006,437.83,0.9946,-0.0991,0.0323,7
3525,Petal,6,ZONE_FACULTY_DIPLOMACY,17-State Parliamentary Assembly & Living Campus,0.7,-0.25,-23.243,-814.367,41.614,437.83,0.9945,-0.0992,0.0322,7
3526,Petal,6,ZONE_FACULTY_DIPLOMACY,17-State Parliamentary Assembly & Living Campus,0.7,-0.125,-11.621,-814.367,45.337,437.83,0.9945,-0.0992,0.0322,7
3527,Petal,6,ZONE_FACULTY_DIPLOMACY,17-State Parliamentary Assembly & Living Campus,0.7,0.0,-0.0,-814.367,48.176,437.83,0.9947,-0.0979,0.0317,7
3528,Petal,6,ZONE_FACULTY_DIPLOMACY,17-State Parliamentary Assembly & Living Campus,0.7,0.125,11.621,-814.367,45.337,437.83,0.9947,-0.0975,0.0316,7
3529,Petal,6,ZONE_FACULTY_DIPLOMACY,17-State Parliamentary Assembly & Living Campus,0.7,0.25,23.243,-814.367,41.614,437.83,0.9948,-0.097,0.0315,7
3530,Petal,6,ZONE_FACULTY_DIPLOMACY,17-State Parliamentary Assembly & Living Campus,0.7,0.375,34.864,-814.367,37.006,437.83,0.9948,-0.0964,0.0314,7
3531,Petal,6,ZONE_FACULTY_DIPLOMACY,17-State Parliamentary Assembly & Living Campus,0.7,0.5,46.485,-814.367,31.512,437.83,0.9949,-0.0958,0.0314,7
3532,Petal,6,ZONE_FACULTY_DIPLOMACY,17-State Parliamentary Assembly & Living Campus,0.7,0.625,58.106,-814.367,25.134,437.83,0.995,-0.095,0.0313,7
3533,Petal,6,ZONE_FACULTY_DIPLOMACY,17-State Parliamentary Assembly & Living Campus,0.7,0.75,69.728,-814.367,17.872,437.83,0.9951,-0.0942,0.0312,7
3534,Petal,6,ZONE_FACULTY_DIPLOMACY,17-State Parliamentary Assembly & Living Campus,0.7,0.875,81.349,-814.367,9.724,437.83,0.9951,-0.0934,0.0312,7
3535,Petal,6,ZONE_CLEARANCE_WATERWAY,17-State Parliamentary Assembly & Living Campus,0.7,1.0,92.97,-814.367,0.691,437.83,0.995,-0.0949,0.0319,7
3536,Petal,6,ZONE_CLEARANCE_WATERWAY,17-State Parliamentary Assembly & Living Campus,0.7333,-1.0,-80.775,-846.004,4.228,486.46,0.9962,-0.0829,0.0281,7
3537,Petal,6,ZONE_FACULTY_DIPLOMACY,17-State Parliamentary Assembly & Living Campus,0.7333,-0.875,-70.678,-846.004,12.305,486.46,0.9961,-0.0839,0.028,7
3538,Petal,6,ZONE_FACULTY_DIPLOMACY,17-State Parliamentary Assembly & Living Campus,0.7333,-0.75,-60.581,-846.004,19.596,486.46,0.996,-0.0847,0.0279,7
3539,Petal,6,ZONE_FACULTY_DIPLOMACY,17-State Parliamentary Assembly & Living Campus,0.7333,-0.625,-50.484,-846.004,26.103,486.46,0.996,-0.0854,0.0279,7
3540,Petal,6,ZONE_FACULTY_DIPLOMACY,17-State Parliamentary Assembly & Living Campus,0.7333,-0.5,-40.388,-846.004,31.825,486.46,0.9959,-0.086,0.0278,7
3541,Petal,6,ZONE_FACULTY_DIPLOMACY,17-State Parliamentary Assembly & Living Campus,0.7333,-0.375,-30.291,-846.004,36.762,486.46,0.9959,-0.0865,0.0278,7
3542,Petal,6,ZONE_FACULTY_DIPLOMACY,17-State Parliamentary Assembly & Living Campus,0.7333,-0.25,-20.194,-846.004,40.914,486.46,0.9958,-0.0869,0.0277,7
3543,Petal,6,ZONE_FACULTY_DIPLOMACY,17-State Parliamentary Assembly & Living Campus,0.7333,-0.125,-10.097,-846.004,44.281,486.46,0.9958,-0.0871,0.0276,7
3544,Petal,6,ZONE_FACULTY_DIPLOMACY,17-State Parliamentary Assembly & Living Campus,0.7333,0.0,-0.0,-846.004,46.863,486.46,0.9959,-0.0862,0.0272,7
3545,Petal,6,ZONE_FACULTY_DIPLOMACY,17-State Parliamentary Assembly & Living Campus,0.7333,0.125,10.097,-846.004,44.281,486.46,0.9959,-0.0858,0.0272,7
3546,Petal,6,ZONE_FACULTY_DIPLOMACY,17-State Parliamentary Assembly & Living Campus,0.7333,0.25,20.194,-846.004,40.914,486.46,0.996,-0.0851,0.0271,7
3547,Petal,6,ZONE_FACULTY_DIPLOMACY,17-State Parliamentary Assembly & Living Campus,0.7333,0.375,30.291,-846.004,36.762,486.46,0.9961,-0.0844,0.0271,7
3548,Petal,6,ZONE_FACULTY_DIPLOMACY,17-State Parliamentary Assembly & Living Campus,0.7333,0.5,40.388,-846.004,31.825,486.46,0.9961,-0.0836,0.027,7
3549,Petal,6,ZONE_FACULTY_DIPLOMACY,17-State Parliamentary Assembly & Living Campus,0.7333,0.625,50.484,-846.004,26.103,486.46,0.9962,-0.0827,0.027,7
3550,Petal,6,ZONE_FACULTY_DIPLOMACY,17-State Parliamentary Assembly & Living Campus,0.7333,0.75,60.581,-846.004,19.596,486.46,0.9963,-0.0816,0.0269,7
3551,Petal,6,ZONE_FACULTY_DIPLOMACY,17-State Parliamentary Assembly & Living Campus,0.7333,0.875,70.678,-846.004,12.305,486.46,0.9964,-0.0804,0.0269,7
3552,Petal,6,ZONE_CLEARANCE_WATERWAY,17-State Parliamentary Assembly & Living Campus,0.7333,1.0,80.775,-846.004,4.228,486.46,0.9963,-0.081,0.0274,7
3553,Petal,6,ZONE_CLEARANCE_WATERWAY,17-State Parliamentary Assembly & Living Campus,0.7667,-1.0,-68.76,-877.64,7.296,534.73,0.9973,-0.0696,0.0252,7
3554,Petal,6,ZONE_FACULTY_DIPLOMACY,17-State Parliamentary Assembly & Living Campus,0.7667,-0.875,-60.165,-877.64,13.943,534.73,0.9972,-0.0707,0.0252,7
3555,Petal,6,ZONE_FACULTY_DIPLOMACY,17-State Parliamentary Assembly & Living Campus,0.7667,-0.75,-51.57,-877.64,19.95,534.73,0.9971,-0.0717,0.0251,7
3556,Petal,6,ZONE_FACULTY_DIPLOMACY,17-State Parliamentary Assembly & Living Campus,0.7667,-0.625,-42.975,-877.64,25.318,534.73,0.997,-0.0726,0.0251,7
3557,Petal,6,ZONE_FACULTY_DIPLOMACY,17-State Parliamentary Assembly & Living Campus,0.7667,-0.5,-34.38,-877.64,30.047,534.73,0.997,-0.0733,0.025,7
3558,Petal,6,ZONE_FACULTY_DIPLOMACY,17-State Parliamentary Assembly & Living Campus,0.7667,-0.375,-25.785,-877.64,34.136,534.73,0.997,-0.0739,0.025,7
3559,Petal,6,ZONE_FACULTY_DIPLOMACY,17-State Parliamentary Assembly & Living Campus,0.7667,-0.25,-17.19,-877.64,37.585,534.73,0.9969,-0.0744,0.0249,7
3560,Petal,6,ZONE_FACULTY_DIPLOMACY,17-State Parliamentary Assembly & Living Campus,0.7667,-0.125,-8.595,-877.64,40.395,534.73,0.9969,-0.0748,0.0249,7
3561,Petal,6,ZONE_FACULTY_DIPLOMACY,17-State Parliamentary Assembly & Living Campus,0.7667,0.0,-0.0,-877.64,42.565,534.73,0.9969,-0.0742,0.0246,7
3562,Petal,6,ZONE_FACULTY_DIPLOMACY,17-State Parliamentary Assembly & Living Campus,0.7667,0.125,8.595,-877.64,40.395,534.73,0.997,-0.0737,0.0245,7
3563,Petal,6,ZONE_FACULTY_DIPLOMACY,17-State Parliamentary Assembly & Living Campus,0.7667,0.25,17.19,-877.64,37.585,534.73,0.997,-0.0731,0.0245,7
3564,Petal,6,ZONE_FACULTY_DIPLOMACY,17-State Parliamentary Assembly & Living Campus,0.7667,0.375,25.785,-877.64,34.136,534.73,0.9971,-0.0723,0.0244,7
3565,Petal,6,ZONE_FACULTY_DIPLOMACY,17-State Parliamentary Assembly & Living Campus,0.7667,0.5,34.38,-877.64,30.047,534.73,0.9971,-0.0715,0.0244,7
3566,Petal,6,ZONE_FACULTY_DIPLOMACY,17-State Parliamentary Assembly & Living Campus,0.7667,0.625,42.975,-877.64,25.318,534.73,0.9972,-0.0705,0.0243,7
3567,Petal,6,ZONE_FACULTY_DIPLOMACY,17-State Parliamentary Assembly & Living Campus,0.7667,0.75,51.57,-877.64,19.95,534.73,0.9973,-0.0694,0.0243,7
3568,Petal,6,ZONE_FACULTY_DIPLOMACY,17-State Parliamentary Assembly & Living Campus,0.7667,0.875,60.165,-877.64,13.943,534.73,0.9974,-0.0682,0.0243,7
3569,Petal,6,ZONE_CLEARANCE_WATERWAY,17-State Parliamentary Assembly & Living Campus,0.7667,1.0,68.76,-877.64,7.296,534.73,0.9974,-0.0682,0.0247,7
3570,Petal,6,ZONE_CLEARANCE_WATERWAY,17-State Parliamentary Assembly & Living Campus,0.8,-1.0,-57.02,-909.277,9.317,582.44,0.9981,-0.0571,0.0236,7
3571,Petal,6,ZONE_FACULTY_DIPLOMACY,17-State Parliamentary Assembly & Living Campus,0.8,-0.875,-49.893,-909.277,14.331,582.44,0.998,-0.0582,0.0235,7
3572,Petal,6,ZONE_FACULTY_DIPLOMACY,17-State Parliamentary Assembly & Living Campus,0.8,-0.75,-42.765,-909.277,18.868,582.44,0.998,-0.0592,0.0235,7
3573,Petal,6,ZONE_FACULTY_DIPLOMACY,17-State Parliamentary Assembly & Living Campus,0.8,-0.625,-35.638,-909.277,22.93,582.44,0.9979,-0.0601,0.0235,7
3574,Petal,6,ZONE_FACULTY_DIPLOMACY,17-State Parliamentary Assembly & Living Campus,0.8,-0.5,-28.51,-909.277,26.515,582.44,0.9979,-0.0608,0.0234,7
3575,Petal,6,ZONE_FACULTY_DIPLOMACY,17-State Parliamentary Assembly & Living Campus,0.8,-0.375,-21.383,-909.277,29.624,582.44,0.9978,-0.0615,0.0234,7
3576,Petal,6,ZONE_FACULTY_DIPLOMACY,17-State Parliamentary Assembly & Living Campus,0.8,-0.25,-14.255,-909.277,32.256,582.44,0.9978,-0.062,0.0234,7
3577,Petal,6,ZONE_FACULTY_DIPLOMACY,17-State Parliamentary Assembly & Living Campus,0.8,-0.125,-7.128,-909.277,34.413,582.44,0.9978,-0.0624,0.0233,7
3578,Petal,6,ZONE_FACULTY_DIPLOMACY,17-State Parliamentary Assembly & Living Campus,0.8,0.0,-0.0,-909.277,36.093,582.44,0.9978,-0.0621,0.0231,7
3579,Petal,6,ZONE_FACULTY_DIPLOMACY,17-State Parliamentary Assembly & Living Campus,0.8,0.125,7.128,-909.277,34.413,582.44,0.9978,-0.0616,0.023,7
3580,Petal,6,ZONE_FACULTY_DIPLOMACY,17-State Parliamentary Assembly & Living Campus,0.8,0.25,14.255,-909.277,32.256,582.44,0.9979,-0.061,0.023,7
3581,Petal,6,ZONE_FACULTY_DIPLOMACY,17-State Parliamentary Assembly & Living Campus,0.8,0.375,21.383,-909.277,29.624,582.44,0.9979,-0.0603,0.023,7
3582,Petal,6,ZONE_FACULTY_DIPLOMACY,17-State Parliamentary Assembly & Living Campus,0.8,0.5,28.51,-909.277,26.515,582.44,0.998,-0.0595,0.0229,7
3583,Petal,6,ZONE_FACULTY_DIPLOMACY,17-State Parliamentary Assembly & Living Campus,0.8,0.625,35.638,-909.277,22.93,582.44,0.998,-0.0586,0.0229,7
3584,Petal,6,ZONE_FACULTY_DIPLOMACY,17-State Parliamentary Assembly & Living Campus,0.8,0.75,42.765,-909.277,18.868,582.44,0.9981,-0.0576,0.0229,7
3585,Petal,6,ZONE_FACULTY_DIPLOMACY,17-State Parliamentary Assembly & Living Campus,0.8,0.875,49.893,-909.277,14.331,582.44,0.9981,-0.0564,0.0228,7
3586,Petal,6,ZONE_CLEARANCE_WATERWAY,17-State Parliamentary Assembly & Living Campus,0.8,1.0,57.02,-909.277,9.317,582.44,0.9982,-0.0561,0.0232,7
3587,Petal,6,ZONE_CLEARANCE_WATERWAY,17-State Parliamentary Assembly & Living Campus,0.8333,-1.0,-45.653,-940.913,9.93,629.42,0.9987,-0.0453,0.023,7
3588,Petal,6,ZONE_FACULTY_DIPLOMACY,17-State Parliamentary Assembly & Living Campus,0.8333,-0.875,-39.946,-940.913,13.342,629.42,0.9987,-0.0464,0.0229,7
3589,Petal,6,ZONE_FACULTY_DIPLOMACY,17-State Parliamentary Assembly & Living Campus,0.8333,-0.75,-34.24,-940.913,16.436,629.42,0.9986,-0.0473,0.0229,7
3590,Petal,6,ZONE_FACULTY_DIPLOMACY,17-State Parliamentary Assembly & Living Campus,0.8333,-0.625,-28.533,-940.913,19.212,629.42,0.9986,-0.0481,0.0229,7
3591,Petal,6,ZONE_FACULTY_DIPLOMACY,17-State Parliamentary Assembly & Living Campus,0.8333,-0.5,-22.826,-940.913,21.668,629.42,0.9985,-0.0488,0.0229,7
3592,Petal,6,ZONE_FACULTY_DIPLOMACY,17-State Parliamentary Assembly & Living Campus,0.8333,-0.375,-17.12,-940.913,23.806,629.42,0.9985,-0.0493,0.0228,7
3593,Petal,6,ZONE_FACULTY_DIPLOMACY,17-State Parliamentary Assembly & Living Campus,0.8333,-0.25,-11.413,-940.913,25.624,629.42,0.9985,-0.0498,0.0228,7
3594,Petal,6,ZONE_FACULTY_DIPLOMACY,17-State Parliamentary Assembly & Living Campus,0.8333,-0.125,-5.707,-940.913,27.124,629.42,0.9985,-0.0502,0.0228,7
3595,Petal,6,ZONE_FACULTY_DIPLOMACY,17-State Parliamentary Assembly & Living Campus,0.8333,0.0,-0.0,-940.913,28.305,629.42,0.9985,-0.0501,0.0225,7
3596,Petal,6,ZONE_FACULTY_DIPLOMACY,17-State Parliamentary Assembly & Living Campus,0.8333,0.125,5.707,-940.913,27.124,629.42,0.9985,-0.0497,0.0225,7
3597,Petal,6,ZONE_FACULTY_DIPLOMACY,17-State Parliamentary Assembly & Living Campus,0.8333,0.25,11.413,-940.913,25.624,629.42,0.9985,-0.0492,0.0225,7
3598,Petal,6,ZONE_FACULTY_DIPLOMACY,17-State Parliamentary Assembly & Living Campus,0.8333,0.375,17.12,-940.913,23.806,629.42,0.9986,-0.0486,0.0225,7
3599,Petal,6,ZONE_FACULTY_DIPLOMACY,17-State Parliamentary Assembly & Living Campus,0.8333,0.5,22.826,-940.913,21.668,629.42,0.9986,-0.0479,0.0224,7
3600,Petal,6,ZONE_FACULTY_DIPLOMACY,17-State Parliamentary Assembly & Living Campus,0.8333,0.625,28.533,-940.913,19.212,629.42,0.9986,-0.0471,0.0224,7
3601,Petal,6,ZONE_FACULTY_DIPLOMACY,17-State Parliamentary Assembly & Living Campus,0.8333,0.75,34.24,-940.913,16.436,629.42,0.9987,-0.0462,0.0224,7
3602,Petal,6,ZONE_FACULTY_DIPLOMACY,17-State Parliamentary Assembly & Living Campus,0.8333,0.875,39.946,-940.913,13.342,629.42,0.9987,-0.0452,0.0224,7
3603,Petal,6,ZONE_CLEARANCE_WATERWAY,17-State Parliamentary Assembly & Living Campus,0.8333,1.0,45.653,-940.913,9.93,629.42,0.9987,-0.0447,0.0226,7
3604,Petal,6,ZONE_CLEARANCE_WATERWAY,17-State Parliamentary Assembly & Living Campus,0.8667,-1.0,-34.761,-972.55,9.04,675.44,0.9991,-0.0343,0.0235,7
3605,Petal,6,ZONE_HARBOR_BERTH,17-State Parliamentary Assembly & Living Campus,0.8667,-0.875,-30.416,-972.55,11.07,675.44,0.9991,-0.0352,0.0234,7
3606,Petal,6,ZONE_HARBOR_BERTH,17-State Parliamentary Assembly & Living Campus,0.8667,-0.75,-26.07,-972.55,12.915,675.44,0.9991,-0.0359,0.0234,7
3607,Petal,6,ZONE_HARBOR_BERTH,17-State Parliamentary Assembly & Living Campus,0.8667,-0.625,-21.725,-972.55,14.574,675.44,0.9991,-0.0366,0.0234,7
3608,Petal,6,ZONE_HARBOR_BERTH,17-State Parliamentary Assembly & Living Campus,0.8667,-0.5,-17.38,-972.55,16.048,675.44,0.999,-0.0372,0.0234,7
3609,Petal,6,ZONE_HARBOR_BERTH,17-State Parliamentary Assembly & Living Campus,0.8667,-0.375,-13.035,-972.55,17.337,675.44,0.999,-0.0377,0.0233,7
3610,Petal,6,ZONE_HARBOR_BERTH,17-State Parliamentary Assembly & Living Campus,0.8667,-0.25,-8.69,-972.55,18.439,675.44,0.999,-0.0381,0.0233,7
3611,Petal,6,ZONE_HARBOR_BERTH,17-State Parliamentary Assembly & Living Campus,0.8667,-0.125,-4.345,-972.55,19.357,675.44,0.999,-0.0384,0.0233,7
3612,Petal,6,ZONE_HARBOR_BERTH,17-State Parliamentary Assembly & Living Campus,0.8667,0.0,-0.0,-972.55,20.089,675.44,0.999,-0.0384,0.0231,7
3613,Petal,6,ZONE_HARBOR_BERTH,17-State Parliamentary Assembly & Living Campus,0.8667,0.125,4.345,-972.55,19.357,675.44,0.999,-0.0381,0.0231,7
3614,Petal,6,ZONE_HARBOR_BERTH,17-State Parliamentary Assembly & Living Campus,0.8667,0.25,8.69,-972.55,18.439,675.44,0.999,-0.0377,0.0231,7
3615,Petal,6,ZONE_HARBOR_BERTH,17-State Parliamentary Assembly & Living Campus,0.8667,0.375,13.035,-972.55,17.337,675.44,0.999,-0.0372,0.023,7
3616,Petal,6,ZONE_HARBOR_BERTH,17-State Parliamentary Assembly & Living Campus,0.8667,0.5,17.38,-972.55,16.048,675.44,0.9991,-0.0366,0.023,7
3617,Petal,6,ZONE_HARBOR_BERTH,17-State Parliamentary Assembly & Living Campus,0.8667,0.625,21.725,-972.55,14.574,675.44,0.9991,-0.036,0.023,7
3618,Petal,6,ZONE_HARBOR_BERTH,17-State Parliamentary Assembly & Living Campus,0.8667,0.75,26.07,-972.55,12.915,675.44,0.9991,-0.0353,0.023,7
3619,Petal,6,ZONE_HARBOR_BERTH,17-State Parliamentary Assembly & Living Campus,0.8667,0.875,30.416,-972.55,11.07,675.44,0.9991,-0.0345,0.023,7
3620,Petal,6,ZONE_CLEARANCE_WATERWAY,17-State Parliamentary Assembly & Living Campus,0.8667,1.0,34.761,-972.55,9.04,675.44,0.9992,-0.0339,0.0232,7
3621,Petal,6,ZONE_CLEARANCE_WATERWAY,17-State Parliamentary Assembly & Living Campus,0.9,-1.0,-24.466,-1004.186,6.865,720.26,0.9994,-0.0241,0.0255,7
3622,Petal,6,ZONE_HARBOR_BERTH,17-State Parliamentary Assembly & Living Campus,0.9,-0.875,-21.408,-1004.186,7.854,720.26,0.9994,-0.0247,0.0255,7
3623,Petal,6,ZONE_HARBOR_BERTH,17-State Parliamentary Assembly & Living Campus,0.9,-0.75,-18.35,-1004.186,8.756,720.26,0.9994,-0.0253,0.0255,7
3624,Petal,6,ZONE_HARBOR_BERTH,17-State Parliamentary Assembly & Living Campus,0.9,-0.625,-15.291,-1004.186,9.571,720.26,0.9993,-0.0258,0.0254,7
3625,Petal,6,ZONE_HARBOR_BERTH,17-State Parliamentary Assembly & Living Campus,0.9,-0.5,-12.233,-1004.186,10.297,720.26,0.9993,-0.0262,0.0254,7
3626,Petal,6,ZONE_HARBOR_BERTH,17-State Parliamentary Assembly & Living Campus,0.9,-0.375,-9.175,-1004.186,10.936,720.26,0.9993,-0.0266,0.0254,7
3627,Petal,6,ZONE_HARBOR_BERTH,17-State Parliamentary Assembly & Living Campus,0.9,-0.25,-6.117,-1004.186,11.488,720.26,0.9993,-0.0269,0.0254,7
3628,Petal,6,ZONE_HARBOR_BERTH,17-State Parliamentary Assembly & Living Campus,0.9,-0.125,-3.058,-1004.186,11.951,720.26,0.9993,-0.0272,0.0254,7
3629,Petal,6,ZONE_HARBOR_BERTH,17-State Parliamentary Assembly & Living Campus,0.9,0.0,-0.0,-1004.186,12.328,720.26,0.9993,-0.0272,0.0252,7
3630,Petal,6,ZONE_HARBOR_BERTH,17-State Parliamentary Assembly & Living Campus,0.9,0.125,3.058,-1004.186,11.951,720.26,0.9993,-0.027,0.0252,7
3631,Petal,6,ZONE_HARBOR_BERTH,17-State Parliamentary Assembly & Living Campus,0.9,0.25,6.117,-1004.186,11.488,720.26,0.9993,-0.0267,0.0252,7
3632,Petal,6,ZONE_HARBOR_BERTH,17-State Parliamentary Assembly & Living Campus,0.9,0.375,9.175,-1004.186,10.936,720.26,0.9993,-0.0263,0.0252,7
3633,Petal,6,ZONE_HARBOR_BERTH,17-State Parliamentary Assembly & Living Campus,0.9,0.5,12.233,-1004.186,10.297,720.26,0.9993,-0.0259,0.0251,7
3634,Petal,6,ZONE_HARBOR_BERTH,17-State Parliamentary Assembly & Living Campus,0.9,0.625,15.291,-1004.186,9.571,720.26,0.9994,-0.0254,0.0251,7
3635,Petal,6,ZONE_HARBOR_BERTH,17-State Parliamentary Assembly & Living Campus,0.9,0.75,18.35,-1004.186,8.756,720.26,0.9994,-0.0249,0.0251,7
3636,Petal,6,ZONE_HARBOR_BERTH,17-State Parliamentary Assembly & Living Campus,0.9,0.875,21.408,-1004.186,7.854,720.26,0.9994,-0.0243,0.0251,7
3637,Petal,6,ZONE_CLEARANCE_WATERWAY,17-State Parliamentary Assembly & Living Campus,0.9,1.0,24.466,-1004.186,6.865,720.26,0.9994,-0.0239,0.0253,7
3638,Petal,6,ZONE_CLEARANCE_WATERWAY,17-State Parliamentary Assembly & Living Campus,0.9333,-1.0,-14.934,-1035.823,3.963,763.56,0.9994,-0.0147,0.0308,7
3639,Petal,6,ZONE_HARBOR_BERTH,17-State Parliamentary Assembly & Living Campus,0.9333,-0.875,-13.067,-1035.823,4.303,763.56,0.9994,-0.0151,0.0307,7
3640,Petal,6,ZONE_HARBOR_BERTH,17-State Parliamentary Assembly & Living Campus,0.9333,-0.75,-11.201,-1035.823,4.614,763.56,0.9994,-0.0154,0.0307,7
3641,Petal,6,ZONE_HARBOR_BERTH,17-State Parliamentary Assembly & Living Campus,0.9333,-0.625,-9.334,-1035.823,4.897,763.56,0.9994,-0.0158,0.0307,7
3642,Petal,6,ZONE_HARBOR_BERTH,17-State Parliamentary Assembly & Living Campus,0.9333,-0.5,-7.467,-1035.823,5.151,763.56,0.9994,-0.016,0.0307,7
3643,Petal,6,ZONE_HARBOR_BERTH,17-State Parliamentary Assembly & Living Campus,0.9333,-0.375,-5.6,-1035.823,5.377,763.56,0.9994,-0.0163,0.0307,7
3644,Petal,6,ZONE_HARBOR_BERTH,17-State Parliamentary Assembly & Living Campus,0.9333,-0.25,-3.734,-1035.823,5.574,763.56,0.9994,-0.0165,0.0307,7
3645,Petal,6,ZONE_HARBOR_BERTH,17-State Parliamentary Assembly & Living Campus,0.9333,-0.125,-1.867,-1035.823,5.742,763.56,0.9994,-0.0167,0.0307,7
3646,Petal,6,ZONE_HARBOR_BERTH,17-State Parliamentary Assembly & Living Campus,0.9333,0.0,-0.0,-1035.823,5.881,763.56,0.9994,-0.0167,0.0305,7
3647,Petal,6,ZONE_HARBOR_BERTH,17-State Parliamentary Assembly & Living Campus,0.9333,0.125,1.867,-1035.823,5.742,763.56,0.9994,-0.0166,0.0305,7
3648,Petal,6,ZONE_HARBOR_BERTH,17-State Parliamentary Assembly & Living Campus,0.9333,0.25,3.734,-1035.823,5.574,763.56,0.9994,-0.0164,0.0305,7
3649,Petal,6,ZONE_HARBOR_BERTH,17-State Parliamentary Assembly & Living Campus,0.9333,0.375,5.6,-1035.823,5.377,763.56,0.9994,-0.0162,0.0305,7
3650,Petal,6,ZONE_HARBOR_BERTH,17-State Parliamentary Assembly & Living Campus,0.9333,0.5,7.467,-1035.823,5.151,763.56,0.9994,-0.0159,0.0305,7
3651,Petal,6,ZONE_HARBOR_BERTH,17-State Parliamentary Assembly & Living Campus,0.9333,0.625,9.334,-1035.823,4.897,763.56,0.9994,-0.0156,0.0304,7
3652,Petal,6,ZONE_HARBOR_BERTH,17-State Parliamentary Assembly & Living Campus,0.9333,0.75,11.201,-1035.823,4.614,763.56,0.9994,-0.0153,0.0304,7
3653,Petal,6,ZONE_HARBOR_BERTH,17-State Parliamentary Assembly & Living Campus,0.9333,0.875,13.067,-1035.823,4.303,763.56,0.9994,-0.0149,0.0304,7
3654,Petal,6,ZONE_CLEARANCE_WATERWAY,17-State Parliamentary Assembly & Living Campus,0.9333,1.0,14.934,-1035.823,3.963,763.56,0.9994,-0.0146,0.0306,7
3655,Petal,6,ZONE_CLEARANCE_WATERWAY,17-State Parliamentary Assembly & Living Campus,0.9667,-1.0,-6.448,-1067.459,1.248,804.77,0.9989,-0.0064,0.047,7
3656,Petal,6,ZONE_HARBOR_BERTH,17-State Parliamentary Assembly & Living Campus,0.9667,-0.875,-5.642,-1067.459,1.299,804.77,0.9989,-0.0066,0.047,7
3657,Petal,6,ZONE_HARBOR_BERTH,17-State Parliamentary Assembly & Living Campus,0.9667,-0.75,-4.836,-1067.459,1.347,804.77,0.9989,-0.0067,0.047,7
3658,Petal,6,ZONE_HARBOR_BERTH,17-State Parliamentary Assembly & Living Campus,0.9667,-0.625,-4.03,-1067.459,1.39,804.77,0.9989,-0.0068,0.047,7
3659,Petal,6,ZONE_HARBOR_BERTH,17-State Parliamentary Assembly & Living Campus,0.9667,-0.5,-3.224,-1067.459,1.429,804.77,0.9989,-0.007,0.047,7
3660,Petal,6,ZONE_HARBOR_BERTH,17-State Parliamentary Assembly & Living Campus,0.9667,-0.375,-2.418,-1067.459,1.465,804.77,0.9989,-0.0071,0.047,7
3661,Petal,6,ZONE_HARBOR_BERTH,17-State Parliamentary Assembly & Living Campus,0.9667,-0.25,-1.612,-1067.459,1.496,804.77,0.9989,-0.0072,0.047,7
3662,Petal,6,ZONE_HARBOR_BERTH,17-State Parliamentary Assembly & Living Campus,0.9667,-0.125,-0.806,-1067.459,1.524,804.77,0.9989,-0.0072,0.047,7
3663,Petal,6,ZONE_HARBOR_BERTH,17-State Parliamentary Assembly & Living Campus,0.9667,0.0,-0.0,-1067.459,1.548,804.77,0.9989,-0.0073,0.0468,7
3664,Petal,6,ZONE_HARBOR_BERTH,17-State Parliamentary Assembly & Living Campus,0.9667,0.125,0.806,-1067.459,1.524,804.77,0.9989,-0.0072,0.0468,7
3665,Petal,6,ZONE_HARBOR_BERTH,17-State Parliamentary Assembly & Living Campus,0.9667,0.25,1.612,-1067.459,1.496,804.77,0.9989,-0.0071,0.0468,7
3666,Petal,6,ZONE_HARBOR_BERTH,17-State Parliamentary Assembly & Living Campus,0.9667,0.375,2.418,-1067.459,1.465,804.77,0.9989,-0.007,0.0468,7
3667,Petal,6,ZONE_HARBOR_BERTH,17-State Parliamentary Assembly & Living Campus,0.9667,0.5,3.224,-1067.459,1.429,804.77,0.9989,-0.0069,0.0468,7
3668,Petal,6,ZONE_HARBOR_BERTH,17-State Parliamentary Assembly & Living Campus,0.9667,0.625,4.03,-1067.459,1.39,804.77,0.9989,-0.0068,0.0468,7
3669,Petal,6,ZONE_HARBOR_BERTH,17-State Parliamentary Assembly & Living Campus,0.9667,0.75,4.836,-1067.459,1.347,804.77,0.9989,-0.0067,0.0468,7
3670,Petal,6,ZONE_HARBOR_BERTH,17-State Parliamentary Assembly & Living Campus,0.9667,0.875,5.642,-1067.459,1.299,804.77,0.9989,-0.0065,0.0468,7
3671,Petal,6,ZONE_CLEARANCE_WATERWAY,17-State Parliamentary Assembly & Living Campus,0.9667,1.0,6.448,-1067.459,1.248,804.77,0.9989,-0.0064,0.0469,7
3672,Petal,6,ZONE_CLEARANCE_WATERWAY,17-State Parliamentary Assembly & Living Campus,1.0,-1.0,-0.0,-1099.096,0.0,841.9,-0.0,0.0,1.0,7
3673,Petal,6,ZONE_HARBOR_BERTH,17-State Parliamentary Assembly & Living Campus,1.0,-0.875,-0.0,-1099.096,0.0,841.9,0.0,0.0,1.0,7
3674,Petal,6,ZONE_HARBOR_BERTH,17-State Parliamentary Assembly & Living Campus,1.0,-0.75,-0.0,-1099.096,0.0,841.9,0.0,0.0,1.0,7
3675,Petal,6,ZONE_HARBOR_BERTH,17-State Parliamentary Assembly & Living Campus,1.0,-0.625,-0.0,-1099.096,0.0,841.9,0.0,0.0,1.0,7
3676,Petal,6,ZONE_HARBOR_BERTH,17-State Parliamentary Assembly & Living Campus,1.0,-0.5,-0.0,-1099.096,0.0,841.9,0.0,0.0,1.0,7
3677,Petal,6,ZONE_HARBOR_BERTH,17-State Parliamentary Assembly & Living Campus,1.0,-0.375,-0.0,-1099.096,0.0,841.9,0.0,0.0,1.0,7
3678,Petal,6,ZONE_HARBOR_BERTH,17-State Parliamentary Assembly & Living Campus,1.0,-0.25,-0.0,-1099.096,0.0,841.9,0.0,0.0,1.0,7
3679,Petal,6,ZONE_HARBOR_BERTH,17-State Parliamentary Assembly & Living Campus,1.0,-0.125,-0.0,-1099.096,0.0,841.9,0.0,0.0,1.0,7
3680,Petal,6,ZONE_HARBOR_BERTH,17-State Parliamentary Assembly & Living Campus,1.0,0.0,-0.0,-1099.096,0.0,841.9,0.0,0.0,1.0,7
3681,Petal,6,ZONE_HARBOR_BERTH,17-State Parliamentary Assembly & Living Campus,1.0,0.125,-0.0,-1099.096,0.0,841.9,0.0,0.0,1.0,7
3682,Petal,6,ZONE_HARBOR_BERTH,17-State Parliamentary Assembly & Living Campus,1.0,0.25,-0.0,-1099.096,0.0,841.9,0.0,0.0,1.0,7
3683,Petal,6,ZONE_HARBOR_BERTH,17-State Parliamentary Assembly & Living Campus,1.0,0.375,-0.0,-1099.096,0.0,841.9,0.0,0.0,1.0,7
3684,Petal,6,ZONE_HARBOR_BERTH,17-State Parliamentary Assembly & Living Campus,1.0,0.5,-0.0,-1099.096,0.0,841.9,0.0,0.0,1.0,7
3685,Petal,6,ZONE_HARBOR_BERTH,17-State Parliamentary Assembly & Living Campus,1.0,0.625,-0.0,-1099.096,0.0,841.9,0.0,0.0,1.0,7
3686,Petal,6,ZONE_HARBOR_BERTH,17-State Parliamentary Assembly & Living Campus,1.0,0.75,-0.0,-1099.096,0.0,841.9,0.0,0.0,1.0,7
3687,Petal,6,ZONE_HARBOR_BERTH,17-State Parliamentary Assembly & Living Campus,1.0,0.875,-0.0,-1099.096,0.0,841.9,0.0,0.0,1.0,7
3688,Petal,6,ZONE_CLEARANCE_WATERWAY,17-State Parliamentary Assembly & Living Campus,1.0,1.0,-0.0,-1099.096,0.0,841.9,0.0,-0.0,1.0,7
3689,Petal,7,ZONE_CLEARANCE_WATERWAY,Faculty of Oceanic Medicine & Genetics,0.0,-1.0,106.066,-106.066,0.0,114.81,0.0813,-0.0813,0.9934,8
3690,Petal,7,ZONE_FACULTY_MEDICINE,Faculty of Oceanic Medicine & Genetics,0.0,-0.875,106.066,-106.066,0.0,114.81,0.041,-0.041,0.9983,8
3691,Petal,7,ZONE_FACULTY_MEDICINE,Faculty of Oceanic Medicine & Genetics,0.0,-0.75,106.066,-106.066,0.0,114.81,0.0029,-0.0029,1.0,8
3692,Petal,7,ZONE_FACULTY_MEDICINE,Faculty of Oceanic Medicine & Genetics,0.0,-0.625,106.066,-106.066,0.0,114.81,-0.0328,0.0328,0.9989,8
3693,Petal,7,ZONE_FACULTY_MEDICINE,Faculty of Oceanic Medicine & Genetics,0.0,-0.5,106.066,-106.066,0.0,114.81,-0.0656,0.0656,0.9957,8
3694,Petal,7,ZONE_FACULTY_MEDICINE,Faculty of Oceanic Medicine & Genetics,0.0,-0.375,106.066,-106.066,0.0,114.81,-0.0955,0.0955,0.9908,8
3695,Petal,7,ZONE_FACULTY_MEDICINE,Faculty of Oceanic Medicine & Genetics,0.0,-0.25,106.066,-106.066,0.0,114.81,-0.1225,0.1225,0.9849,8
3696,Petal,7,ZONE_FACULTY_MEDICINE,Faculty of Oceanic Medicine & Genetics,0.0,-0.125,106.066,-106.066,0.0,114.81,-0.1466,0.1466,0.9783,8
3697,Petal,7,ZONE_FACULTY_MEDICINE,Faculty of Oceanic Medicine & Genetics,0.0,0.0,106.066,-106.066,0.0,114.81,-0.1678,0.1678,0.9714,8
3698,Petal,7,ZONE_FACULTY_MEDICINE,Faculty of Oceanic Medicine & Genetics,0.0,0.125,106.066,-106.066,0.0,114.81,-0.1466,0.1466,0.9783,8
3699,Petal,7,ZONE_FACULTY_MEDICINE,Faculty of Oceanic Medicine & Genetics,0.0,0.25,106.066,-106.066,0.0,114.81,-0.1225,0.1225,0.9849,8
3700,Petal,7,ZONE_FACULTY_MEDICINE,Faculty of Oceanic Medicine & Genetics,0.0,0.375,106.066,-106.066,0.0,114.81,-0.0955,0.0955,0.9908,8
3701,Petal,7,ZONE_FACULTY_MEDICINE,Faculty of Oceanic Medicine & Genetics,0.0,0.5,106.066,-106.066,0.0,114.81,-0.0656,0.0656,0.9957,8
3702,Petal,7,ZONE_FACULTY_MEDICINE,Faculty of Oceanic Medicine & Genetics,0.0,0.625,106.066,-106.066,0.0,114.81,-0.0328,0.0328,0.9989,8
3703,Petal,7,ZONE_FACULTY_MEDICINE,Faculty of Oceanic Medicine & Genetics,0.0,0.75,106.066,-106.066,0.0,114.81,0.0029,-0.0029,1.0,8
3704,Petal,7,ZONE_FACULTY_MEDICINE,Faculty of Oceanic Medicine & Genetics,0.0,0.875,106.066,-106.066,0.0,114.81,0.041,-0.041,0.9983,8
3705,Petal,7,ZONE_CLEARANCE_WATERWAY,Faculty of Oceanic Medicine & Genetics,0.0,1.0,106.066,-106.066,0.0,114.81,0.0813,-0.0813,0.9934,8
3706,Petal,7,ZONE_CLEARANCE_WATERWAY,Faculty of Oceanic Medicine & Genetics,0.0333,-1.0,95.188,-161.685,-2.277,45.0,0.7238,0.5954,0.3487,8
3707,Petal,7,ZONE_FACULTY_MEDICINE,Faculty of Oceanic Medicine & Genetics,0.0333,-0.875,99.344,-157.529,-0.786,45.0,0.7152,0.6067,0.3469,8
3708,Petal,7,ZONE_FACULTY_MEDICINE,Faculty of Oceanic Medicine & Genetics,0.0333,-0.75,103.5,-153.373,0.591,45.0,0.7074,0.6169,0.345,8
3709,Petal,7,ZONE_FACULTY_MEDICINE,Faculty of Oceanic Medicine & Genetics,0.0333,-0.625,107.656,-149.217,1.853,45.0,0.7003,0.626,0.3431,8
3710,Petal,7,ZONE_FACULTY_MEDICINE,Faculty of Oceanic Medicine & Genetics,0.0333,-0.5,111.812,-145.061,3.001,45.0,0.6941,0.6339,0.3411,8
3711,Petal,7,ZONE_FACULTY_MEDICINE,Faculty of Oceanic Medicine & Genetics,0.0333,-0.375,115.968,-140.905,4.035,45.0,0.6887,0.6408,0.3391,8
3712,Petal,7,ZONE_FACULTY_MEDICINE,Faculty of Oceanic Medicine & Genetics,0.0333,-0.25,120.124,-136.749,4.954,45.0,0.6842,0.6467,0.3371,8
3713,Petal,7,ZONE_FACULTY_MEDICINE,Faculty of Oceanic Medicine & Genetics,0.0333,-0.125,124.28,-132.593,5.76,45.0,0.6805,0.6517,0.3351,8
3714,Petal,7,ZONE_FACULTY_MEDICINE,Faculty of Oceanic Medicine & Genetics,0.0333,0.0,128.436,-128.436,6.45,45.0,0.6821,0.6615,0.3119,8
3715,Petal,7,ZONE_FACULTY_MEDICINE,Faculty of Oceanic Medicine & Genetics,0.0333,0.125,132.593,-124.28,5.76,45.0,0.6855,0.6588,0.3101,8
3716,Petal,7,ZONE_FACULTY_MEDICINE,Faculty of Oceanic Medicine & Genetics,0.0333,0.25,136.749,-120.124,4.954,45.0,0.6896,0.6553,0.3083,8
3717,Petal,7,ZONE_FACULTY_MEDICINE,Faculty of Oceanic Medicine & Genetics,0.0333,0.375,140.905,-115.968,4.035,45.0,0.6944,0.6511,0.3065,8
3718,Petal,7,ZONE_FACULTY_MEDICINE,Faculty of Oceanic Medicine & Genetics,0.0333,0.5,145.061,-111.812,3.001,45.0,0.6998,0.6461,0.3046,8
3719,Petal,7,ZONE_FACULTY_MEDICINE,Faculty of Oceanic Medicine & Genetics,0.0333,0.625,149.217,-107.656,1.853,45.0,0.7059,0.6403,0.3028,8
3720,Petal,7,ZONE_FACULTY_MEDICINE,Faculty of Oceanic Medicine & Genetics,0.0333,0.75,153.373,-103.5,0.591,45.0,0.7126,0.6337,0.301,8
3721,Petal,7,ZONE_FACULTY_MEDICINE,Faculty of Oceanic Medicine & Genetics,0.0333,0.875,157.529,-99.344,-0.786,45.0,0.7199,0.6264,0.2991,8
3722,Petal,7,ZONE_CLEARANCE_WATERWAY,Faculty of Oceanic Medicine & Genetics,0.0333,1.0,161.685,-95.188,-2.277,45.0,0.7261,0.6079,0.3211,8
3723,Petal,7,ZONE_CLEARANCE_WATERWAY,Faculty of Oceanic Medicine & Genetics,0.0667,-1.0,108.989,-192.625,-4.514,45.0,0.7503,0.6213,0.2259,8
3724,Petal,7,ZONE_FACULTY_MEDICINE,Faculty of Oceanic Medicine & Genetics,0.0667,-0.875,114.216,-187.397,-1.818,45.0,0.7449,0.6282,0.2246,8
3725,Petal,7,ZONE_FACULTY_MEDICINE,Faculty of Oceanic Medicine & Genetics,0.0667,-0.75,119.444,-182.17,0.651,45.0,0.7401,0.6344,0.2232,8
3726,Petal,7,ZONE_FACULTY_MEDICINE,Faculty of Oceanic Medicine & Genetics,0.0667,-0.625,124.671,-176.943,2.892,45.0,0.7358,0.6399,0.2218,8
3727,Petal,7,ZONE_FACULTY_MEDICINE,Faculty of Oceanic Medicine & Genetics,0.0667,-0.5,129.898,-171.716,4.906,45.0,0.732,0.6447,0.2205,8
3728,Petal,7,ZONE_FACULTY_MEDICINE,Faculty of Oceanic Medicine & Genetics,0.0667,-0.375,135.125,-166.488,6.693,45.0,0.7287,0.6488,0.2191,8
3729,Petal,7,ZONE_FACULTY_MEDICINE,Faculty of Oceanic Medicine & Genetics,0.0667,-0.25,140.352,-161.261,8.252,45.0,0.726,0.6523,0.2177,8
3730,Petal,7,ZONE_FACULTY_MEDICINE,Faculty of Oceanic Medicine & Genetics,0.0667,-0.125,145.58,-156.034,9.584,45.0,0.7238,0.6552,0.2163,8
3731,Petal,7,ZONE_FACULTY_MEDICINE,Faculty of Oceanic Medicine & Genetics,0.0667,0.0,150.807,-150.807,10.688,45.0,0.7223,0.661,0.2035,8
3732,Petal,7,ZONE_FACULTY_MEDICINE,Faculty of Oceanic Medicine & Genetics,0.0667,0.125,156.034,-145.58,9.584,45.0,0.7238,0.6597,0.2022,8
3733,Petal,7,ZONE_FACULTY_MEDICINE,Faculty of Oceanic Medicine & Genetics,0.0667,0.25,161.261,-140.352,8.252,45.0,0.7259,0.6578,0.201,8
3734,Petal,7,ZONE_FACULTY_MEDICINE,Faculty of Oceanic Medicine & Genetics,0.0667,0.375,166.488,-135.125,6.693,45.0,0.7283,0.6555,0.1997,8
3735,Petal,7,ZONE_FACULTY_MEDICINE,Faculty of Oceanic Medicine & Genetics,0.0667,0.5,171.716,-129.898,4.906,45.0,0.7312,0.6526,0.1985,8
3736,Petal,7,ZONE_FACULTY_MEDICINE,Faculty of Oceanic Medicine & Genetics,0.0667,0.625,176.943,-124.671,2.892,45.0,0.7345,0.6493,0.1973,8
3737,Petal,7,ZONE_FACULTY_MEDICINE,Faculty of Oceanic Medicine & Genetics,0.0667,0.75,182.17,-119.444,0.651,45.0,0.7382,0.6454,0.196,8
3738,Petal,7,ZONE_FACULTY_MEDICINE,Faculty of Oceanic Medicine & Genetics,0.0667,0.875,187.397,-114.216,-1.818,45.0,0.7423,0.6411,0.1948,8
3739,Petal,7,ZONE_CLEARANCE_WATERWAY,Faculty of Oceanic Medicine & Genetics,0.0667,1.0,192.625,-108.989,-4.514,45.0,0.7485,0.6295,0.2086,8
3740,Petal,7,ZONE_CLEARANCE_WATERWAY,Faculty of Oceanic Medicine & Genetics,0.1,-1.0,122.791,-223.564,-6.672,45.0,0.762,0.6214,0.1822,8
3741,Petal,7,ZONE_FACULTY_MEDICINE,Faculty of Oceanic Medicine & Genetics,0.1,-0.875,129.089,-217.266,-2.855,45.0,0.7578,0.6268,0.1811,8
3742,Petal,7,ZONE_FACULTY_MEDICINE,Faculty of Oceanic Medicine & Genetics,0.1,-0.75,135.387,-210.967,0.624,45.0,0.7541,0.6316,0.1799,8
3743,Petal,7,ZONE_FACULTY_MEDICINE,Faculty of Oceanic Medicine & Genetics,0.1,-0.625,141.686,-204.669,3.764,45.0,0.7508,0.6359,0.1788,8
3744,Petal,7,ZONE_FACULTY_MEDICINE,Faculty of Oceanic Medicine & Genetics,0.1,-0.5,147.984,-198.371,6.567,45.0,0.7478,0.6397,0.1777,8
3745,Petal,7,ZONE_FACULTY_MEDICINE,Faculty of Oceanic Medicine & Genetics,0.1,-0.375,154.282,-192.072,9.032,45.0,0.7453,0.6429,0.1766,8
3746,Petal,7,ZONE_FACULTY_MEDICINE,Faculty of Oceanic Medicine & Genetics,0.1,-0.25,160.581,-185.774,11.159,45.0,0.7432,0.6456,0.1755,8
3747,Petal,7,ZONE_FACULTY_MEDICINE,Faculty of Oceanic Medicine & Genetics,0.1,-0.125,166.879,-179.476,12.947,45.0,0.7415,0.6479,0.1743,8
3748,Petal,7,ZONE_FACULTY_MEDICINE,Faculty of Oceanic Medicine & Genetics,0.1,0.0,173.177,-173.177,14.398,45.0,0.7392,0.6529,0.1651,8
3749,Petal,7,ZONE_FACULTY_MEDICINE,Faculty of Oceanic Medicine & Genetics,0.1,0.125,179.476,-166.879,12.947,45.0,0.7402,0.652,0.1641,8
3750,Petal,7,ZONE_FACULTY_MEDICINE,Faculty of Oceanic Medicine & Genetics,0.1,0.25,185.774,-160.581,11.159,45.0,0.7415,0.6508,0.1631,8
3751,Petal,7,ZONE_FACULTY_MEDICINE,Faculty of Oceanic Medicine & Genetics,0.1,0.375,192.072,-154.282,9.032,45.0,0.7432,0.6492,0.1621,8
3752,Petal,7,ZONE_FACULTY_MEDICINE,Faculty of Oceanic Medicine & Genetics,0.1,0.5,198.371,-147.984,6.567,45.0,0.7452,0.6471,0.1611,8
3753,Petal,7,ZONE_FACULTY_MEDICINE,Faculty of Oceanic Medicine & Genetics,0.1,0.625,204.669,-141.686,3.764,45.0,0.7475,0.6447,0.1601,8
3754,Petal,7,ZONE_FACULTY_MEDICINE,Faculty of Oceanic Medicine & Genetics,0.1,0.75,210.967,-135.387,0.624,45.0,0.7501,0.6419,0.1591,8
3755,Petal,7,ZONE_FACULTY_MEDICINE,Faculty of Oceanic Medicine & Genetics,0.1,0.875,217.266,-129.089,-2.855,45.0,0.7531,0.6387,0.1581,8
3756,Petal,7,ZONE_CLEARANCE_WATERWAY,Faculty of Oceanic Medicine & Genetics,0.1,1.0,223.564,-122.791,-6.672,45.0,0.759,0.6288,0.1688,8
3757,Petal,7,ZONE_CLEARANCE_WATERWAY,Faculty of Oceanic Medicine & Genetics,0.1333,-1.0,136.592,-254.503,-8.711,45.0,0.7713,0.6161,0.1598,8
3758,Petal,7,ZONE_FACULTY_MEDICINE,Faculty of Oceanic Medicine & Genetics,0.1333,-0.875,143.962,-247.134,-3.842,45.0,0.7678,0.6207,0.1588,8
3759,Petal,7,ZONE_FACULTY_MEDICINE,Faculty of Oceanic Medicine & Genetics,0.1333,-0.75,151.331,-239.764,0.582,45.0,0.7646,0.6249,0.1578,8
3760,Petal,7,ZONE_FACULTY_MEDICINE,Faculty of Oceanic Medicine & Genetics,0.1333,-0.625,158.7,-232.395,4.562,45.0,0.7618,0.6285,0.1568,8
3761,Petal,7,ZONE_FACULTY_MEDICINE,Faculty of Oceanic Medicine & Genetics,0.1333,-0.5,166.07,-225.025,8.096,45.0,0.7593,0.6318,0.1559,8
3762,Petal,7,ZONE_FACULTY_MEDICINE,Faculty of Oceanic Medicine & Genetics,0.1333,-0.375,173.439,-217.656,11.185,45.0,0.7572,0.6345,0.1549,8
3763,Petal,7,ZONE_FACULTY_MEDICINE,Faculty of Oceanic Medicine & Genetics,0.1333,-0.25,180.809,-210.287,13.83,45.0,0.7554,0.6369,0.1539,8
3764,Petal,7,ZONE_FACULTY_MEDICINE,Faculty of Oceanic Medicine & Genetics,0.1333,-0.125,188.178,-202.917,16.03,45.0,0.754,0.6388,0.153,8
3765,Petal,7,ZONE_FACULTY_MEDICINE,Faculty of Oceanic Medicine & Genetics,0.1333,0.0,195.548,-195.548,17.785,45.0,0.7514,0.6436,0.1456,8
3766,Petal,7,ZONE_FACULTY_MEDICINE,Faculty of Oceanic Medicine & Genetics,0.1333,0.125,202.917,-188.178,16.03,45.0,0.752,0.6431,0.1447,8
3767,Petal,7,ZONE_FACULTY_MEDICINE,Faculty of Oceanic Medicine & Genetics,0.1333,0.25,210.287,-180.809,13.83,45.0,0.7529,0.6422,0.1438,8
3768,Petal,7,ZONE_FACULTY_MEDICINE,Faculty of Oceanic Medicine & Genetics,0.1333,0.375,217.656,-173.439,11.185,45.0,0.7541,0.641,0.1429,8
3769,Petal,7,ZONE_FACULTY_MEDICINE,Faculty of Oceanic Medicine & Genetics,0.1333,0.5,225.025,-166.07,8.096,45.0,0.7556,0.6394,0.142,8
3770,Petal,7,ZONE_FACULTY_MEDICINE,Faculty of Oceanic Medicine & Genetics,0.1333,0.625,232.395,-158.7,4.562,45.0,0.7574,0.6375,0.1411,8
3771,Petal,7,ZONE_FACULTY_MEDICINE,Faculty of Oceanic Medicine & Genetics,0.1333,0.75,239.764,-151.331,0.582,45.0,0.7595,0.6353,0.1403,8
3772,Petal,7,ZONE_FACULTY_MEDICINE,Faculty of Oceanic Medicine & Genetics,0.1333,0.875,247.134,-143.962,-3.842,45.0,0.7618,0.6327,0.1394,8
3773,Petal,7,ZONE_CLEARANCE_WATERWAY,Faculty of Oceanic Medicine & Genetics,0.1333,1.0,254.503,-136.592,-8.711,45.0,0.7676,0.6235,0.1484,8
3774,Petal,7,ZONE_CLEARANCE_WATERWAY,Faculty of Oceanic Medicine & Genetics,0.1667,-1.0,150.394,-285.443,-10.594,45.0,0.7797,0.6089,0.1461,8
3775,Petal,7,ZONE_FACULTY_MEDICINE,Faculty of Oceanic Medicine & Genetics,0.1667,-0.875,158.834,-277.002,-4.74,45.0,0.7766,0.613,0.1452,8
3776,Petal,7,ZONE_FACULTY_MEDICINE,Faculty of Oceanic Medicine & Genetics,0.1667,-0.75,167.275,-268.561,0.568,45.0,0.7739,0.6167,0.1443,8
3777,Petal,7,ZONE_FACULTY_MEDICINE,Faculty of Oceanic Medicine & Genetics,0.1667,-0.625,175.715,-260.121,5.328,45.0,0.7714,0.62,0.1435,8
3778,Petal,7,ZONE_FACULTY_MEDICINE,Faculty of Oceanic Medicine & Genetics,0.1667,-0.5,184.156,-251.68,9.541,45.0,0.7693,0.6228,0.1426,8
3779,Petal,7,ZONE_FACULTY_MEDICINE,Faculty of Oceanic Medicine & Genetics,0.1667,-0.375,192.596,-243.24,13.208,45.0,0.7674,0.6253,0.1417,8
3780,Petal,7,ZONE_FACULTY_MEDICINE,Faculty of Oceanic Medicine & Genetics,0.1667,-0.25,201.037,-234.799,16.328,45.0,0.7658,0.6274,0.1408,8
3781,Petal,7,ZONE_FACULTY_MEDICINE,Faculty of Oceanic Medicine & Genetics,0.1667,-0.125,209.477,-226.359,18.901,45.0,0.7645,0.6292,0.14,8
3782,Petal,7,ZONE_FACULTY_MEDICINE,Faculty of Oceanic Medicine & Genetics,0.1667,0.0,217.918,-217.918,20.927,45.0,0.7617,0.6339,0.1337,8
3783,Petal,7,ZONE_FACULTY_MEDICINE,Faculty of Oceanic Medicine & Genetics,0.1667,0.125,226.359,-209.477,18.901,45.0,0.7621,0.6336,0.1329,8
3784,Petal,7,ZONE_FACULTY_MEDICINE,Faculty of Oceanic Medicine & Genetics,0.1667,0.25,234.799,-201.037,16.328,45.0,0.7628,0.633,0.1321,8
3785,Petal,7,ZONE_FACULTY_MEDICINE,Faculty of Oceanic Medicine & Genetics,0.1667,0.375,243.24,-192.596,13.208,45.0,0.7637,0.6321,0.1313,8
3786,Petal,7,ZONE_FACULTY_MEDICINE,Faculty of Oceanic Medicine & Genetics,0.1667,0.5,251.68,-184.156,9.541,45.0,0.7649,0.6309,0.1305,8
3787,Petal,7,ZONE_FACULTY_MEDICINE,Faculty of Oceanic Medicine & Genetics,0.1667,0.625,260.121,-175.715,5.328,45.0,0.7662,0.6293,0.1297,8
3788,Petal,7,ZONE_FACULTY_MEDICINE,Faculty of Oceanic Medicine & Genetics,0.1667,0.75,268.561,-167.275,0.568,45.0,0.7679,0.6275,0.1289,8
3789,Petal,7,ZONE_FACULTY_MEDICINE,Faculty of Oceanic Medicine & Genetics,0.1667,0.875,277.002,-158.834,-4.74,45.0,0.7697,0.6254,0.1281,8
3790,Petal,7,ZONE_CLEARANCE_WATERWAY,Faculty of Oceanic Medicine & Genetics,0.1667,1.0,285.443,-150.394,-10.594,45.0,0.7755,0.6165,0.1361,8
3791,Petal,7,ZONE_CLEARANCE_WATERWAY,Faculty of Oceanic Medicine & Genetics,0.2,-1.0,164.195,-316.382,-12.285,45.0,0.7876,0.6009,0.1368,8
3792,Petal,7,ZONE_FACULTY_MEDICINE,Faculty of Oceanic Medicine & Genetics,0.2,-0.875,173.707,-306.87,-5.516,45.0,0.7849,0.6045,0.136,8
3793,Petal,7,ZONE_FACULTY_MEDICINE,Faculty of Oceanic Medicine & Genetics,0.2,-0.75,183.218,-297.359,0.609,45.0,0.7824,0.6079,0.1352,8
3794,Petal,7,ZONE_FACULTY_MEDICINE,Faculty of Oceanic Medicine & Genetics,0.2,-0.625,192.73,-287.847,6.092,45.0,0.7803,0.6108,0.1344,8
3795,Petal,7,ZONE_FACULTY_MEDICINE,Faculty of Oceanic Medicine & Genetics,0.2,-0.5,202.242,-278.335,10.932,45.0,0.7784,0.6134,0.1336,8
3796,Petal,7,ZONE_FACULTY_MEDICINE,Faculty of Oceanic Medicine & Genetics,0.2,-0.375,211.753,-268.823,15.129,45.0,0.7767,0.6157,0.1328,8
3797,Petal,7,ZONE_FACULTY_MEDICINE,Faculty of Oceanic Medicine & Genetics,0.2,-0.25,221.265,-259.312,18.683,45.0,0.7753,0.6177,0.132,8
3798,Petal,7,ZONE_FACULTY_MEDICINE,Faculty of Oceanic Medicine & Genetics,0.2,-0.125,230.777,-249.8,21.594,45.0,0.7741,0.6193,0.1312,8
3799,Petal,7,ZONE_FACULTY_MEDICINE,Faculty of Oceanic Medicine & Genetics,0.2,0.0,240.288,-240.288,23.862,45.0,0.7712,0.6241,0.1257,8
3800,Petal,7,ZONE_FACULTY_MEDICINE,Faculty of Oceanic Medicine & Genetics,0.2,0.125,249.8,-230.777,21.594,45.0,0.7714,0.624,0.125,8
3801,Petal,7,ZONE_FACULTY_MEDICINE,Faculty of Oceanic Medicine & Genetics,0.2,0.25,259.312,-221.265,18.683,45.0,0.7719,0.6235,0.1242,8
3802,Petal,7,ZONE_FACULTY_MEDICINE,Faculty of Oceanic Medicine & Genetics,0.2,0.375,268.823,-211.753,15.129,45.0,0.7725,0.6229,0.1235,8
3803,Petal,7,ZONE_FACULTY_MEDICINE,Faculty of Oceanic Medicine & Genetics,0.2,0.5,278.335,-202.242,10.932,45.0,0.7734,0.6219,0.1227,8
3804,Petal,7,ZONE_FACULTY_MEDICINE,Faculty of Oceanic Medicine & Genetics,0.2,0.625,287.847,-192.73,6.092,45.0,0.7745,0.6207,0.122,8
3805,Petal,7,ZONE_FACULTY_MEDICINE,Faculty of Oceanic Medicine & Genetics,0.2,0.75,297.359,-183.218,0.609,45.0,0.7758,0.6192,0.1213,8
3806,Petal,7,ZONE_FACULTY_MEDICINE,Faculty of Oceanic Medicine & Genetics,0.2,0.875,306.87,-173.707,-5.516,45.0,0.7773,0.6175,0.1205,8
3807,Petal,7,ZONE_CLEARANCE_WATERWAY,Faculty of Oceanic Medicine & Genetics,0.2,1.0,316.382,-164.195,-12.285,45.0,0.7831,0.6087,0.1278,8
3808,Petal,7,ZONE_CLEARANCE_WATERWAY,Faculty of Oceanic Medicine & Genetics,0.2333,-1.0,177.996,-347.321,-13.751,45.0,0.7951,0.5924,0.13,8
3809,Petal,7,ZONE_FACULTY_MEDICINE,Faculty of Oceanic Medicine & Genetics,0.2333,-0.875,188.579,-336.738,-6.144,45.0,0.7927,0.5957,0.1293,8
3810,Petal,7,ZONE_FACULTY_MEDICINE,Faculty of Oceanic Medicine & Genetics,0.2333,-0.75,199.162,-326.156,0.731,45.0,0.7906,0.5987,0.1285,8
3811,Petal,7,ZONE_FACULTY_MEDICINE,Faculty of Oceanic Medicine & Genetics,0.2333,-0.625,209.745,-315.573,6.875,45.0,0.7887,0.6014,0.1278,8
3812,Petal,7,ZONE_FACULTY_MEDICINE,Faculty of Oceanic Medicine & Genetics,0.2333,-0.5,220.328,-304.99,12.286,45.0,0.7869,0.6038,0.127,8
3813,Petal,7,ZONE_FACULTY_MEDICINE,Faculty of Oceanic Medicine & Genetics,0.2333,-0.375,230.91,-294.407,16.965,45.0,0.7854,0.6059,0.1263,8
3814,Petal,7,ZONE_FACULTY_MEDICINE,Faculty of Oceanic Medicine & Genetics,0.2333,-0.25,241.493,-283.824,20.913,45.0,0.7841,0.6077,0.1256,8
3815,Petal,7,ZONE_FACULTY_MEDICINE,Faculty of Oceanic Medicine & Genetics,0.2333,-0.125,252.076,-273.242,24.129,45.0,0.7831,0.6093,0.1248,8
3816,Petal,7,ZONE_FACULTY_MEDICINE,Faculty of Oceanic Medicine & Genetics,0.2333,0.0,262.659,-262.659,26.613,45.0,0.78,0.6141,0.1199,8
3817,Petal,7,ZONE_FACULTY_MEDICINE,Faculty of Oceanic Medicine & Genetics,0.2333,0.125,273.242,-252.076,24.129,45.0,0.7801,0.6141,0.1192,8
3818,Petal,7,ZONE_FACULTY_MEDICINE,Faculty of Oceanic Medicine & Genetics,0.2333,0.25,283.824,-241.493,20.913,45.0,0.7804,0.6139,0.1185,8
3819,Petal,7,ZONE_FACULTY_MEDICINE,Faculty of Oceanic Medicine & Genetics,0.2333,0.375,294.407,-230.91,16.965,45.0,0.7809,0.6134,0.1179,8
3820,Petal,7,ZONE_FACULTY_MEDICINE,Faculty of Oceanic Medicine & Genetics,0.2333,0.5,304.99,-220.328,12.286,45.0,0.7816,0.6127,0.1172,8
3821,Petal,7,ZONE_FACULTY_MEDICINE,Faculty of Oceanic Medicine & Genetics,0.2333,0.625,315.573,-209.745,6.875,45.0,0.7824,0.6118,0.1165,8
3822,Petal,7,ZONE_FACULTY_MEDICINE,Faculty of Oceanic Medicine & Genetics,0.2333,0.75,326.156,-199.162,0.731,45.0,0.7834,0.6106,0.1158,8
3823,Petal,7,ZONE_FACULTY_MEDICINE,Faculty of Oceanic Medicine & Genetics,0.2333,0.875,336.738,-188.579,-6.144,45.0,0.7846,0.6092,0.1151,8
3824,Petal,7,ZONE_CLEARANCE_WATERWAY,Faculty of Oceanic Medicine & Genetics,0.2333,1.0,347.321,-177.996,-13.751,45.0,0.7903,0.6004,0.1218,8
3825,Petal,7,ZONE_CLEARANCE_WATERWAY,Faculty of Oceanic Medicine & Genetics,0.2667,-1.0,191.798,-378.261,-14.96,45.0,0.8024,0.5836,0.1248,8
3826,Petal,7,ZONE_FACULTY_MEDICINE,Faculty of Oceanic Medicine & Genetics,0.2667,-0.875,203.452,-366.607,-6.596,45.0,0.8003,0.5866,0.1241,8
3827,Petal,7,ZONE_FACULTY_MEDICINE,Faculty of Oceanic Medicine & Genetics,0.2667,-0.75,215.106,-354.953,0.954,45.0,0.7984,0.5894,0.1234,8
3828,Petal,7,ZONE_FACULTY_MEDICINE,Faculty of Oceanic Medicine & Genetics,0.2667,-0.625,226.76,-343.299,7.692,45.0,0.7967,0.5918,0.1227,8
3829,Petal,7,ZONE_FACULTY_MEDICINE,Faculty of Oceanic Medicine & Genetics,0.2667,-0.5,238.414,-331.645,13.617,45.0,0.7951,0.594,0.1221,8
3830,Petal,7,ZONE_FACULTY_MEDICINE,Faculty of Oceanic Medicine & Genetics,0.2667,-0.375,250.067,-319.991,18.73,45.0,0.7938,0.596,0.1214,8
3831,Petal,7,ZONE_FACULTY_MEDICINE,Faculty of Oceanic Medicine & Genetics,0.2667,-0.25,261.721,-308.337,23.029,45.0,0.7926,0.5977,0.1207,8
3832,Petal,7,ZONE_FACULTY_MEDICINE,Faculty of Oceanic Medicine & Genetics,0.2667,-0.125,273.375,-296.683,26.516,45.0,0.7916,0.5991,0.12,8
3833,Petal,7,ZONE_FACULTY_MEDICINE,Faculty of Oceanic Medicine & Genetics,0.2667,0.0,285.029,-285.029,29.19,45.0,0.7885,0.604,0.1156,8
3834,Petal,7,ZONE_FACULTY_MEDICINE,Faculty of Oceanic Medicine & Genetics,0.2667,0.125,296.683,-273.375,26.516,45.0,0.7885,0.6042,0.1149,8
3835,Petal,7,ZONE_FACULTY_MEDICINE,Faculty of Oceanic Medicine & Genetics,0.2667,0.25,308.337,-261.721,23.029,45.0,0.7887,0.6041,0.1143,8
3836,Petal,7,ZONE_FACULTY_MEDICINE,Faculty of Oceanic Medicine & Genetics,0.2667,0.375,319.991,-250.067,18.73,45.0,0.789,0.6038,0.1136,8
3837,Petal,7,ZONE_FACULTY_MEDICINE,Faculty of Oceanic Medicine & Genetics,0.2667,0.5,331.645,-238.414,13.617,45.0,0.7895,0.6033,0.113,8
3838,Petal,7,ZONE_FACULTY_MEDICINE,Faculty of Oceanic Medicine & Genetics,0.2667,0.625,343.299,-226.76,7.692,45.0,0.7901,0.6026,0.1123,8
3839,Petal,7,ZONE_FACULTY_MEDICINE,Faculty of Oceanic Medicine & Genetics,0.2667,0.75,354.953,-215.106,0.954,45.0,0.7909,0.6017,0.1117,8
3840,Petal,7,ZONE_FACULTY_MEDICINE,Faculty of Oceanic Medicine & Genetics,0.2667,0.875,366.607,-203.452,-6.596,45.0,0.7918,0.6006,0.1111,8
3841,Petal,7,ZONE_CLEARANCE_WATERWAY,Faculty of Oceanic Medicine & Genetics,0.2667,1.0,378.261,-191.798,-14.96,45.0,0.7974,0.592,0.1172,8
3842,Petal,7,ZONE_CLEARANCE_WATERWAY,Faculty of Oceanic Medicine & Genetics,0.3,-1.0,205.599,-409.2,-15.884,45.0,0.8094,0.5747,0.1207,8
3843,Petal,7,ZONE_FACULTY_MEDICINE,Faculty of Oceanic Medicine & Genetics,0.3,-0.875,218.324,-396.475,-6.852,45.0,0.8076,0.5774,0.12,8
3844,Petal,7,ZONE_FACULTY_MEDICINE,Faculty of Oceanic Medicine & Genetics,0.3,-0.75,231.049,-383.75,1.296,45.0,0.8059,0.5799,0.1194,8
3845,Petal,7,ZONE_FACULTY_MEDICINE,Faculty of Oceanic Medicine & Genetics,0.3,-0.625,243.774,-371.025,8.559,45.0,0.8044,0.5821,0.1187,8
3846,Petal,7,ZONE_FACULTY_MEDICINE,Faculty of Oceanic Medicine & Genetics,0.3,-0.5,256.5,-358.3,14.937,45.0,0.803,0.5842,0.1181,8
3847,Petal,7,ZONE_FACULTY_MEDICINE,Faculty of Oceanic Medicine & Genetics,0.3,-0.375,269.225,-345.575,20.43,45.0,0.8018,0.5859,0.1174,8
3848,Petal,7,ZONE_FACULTY_MEDICINE,Faculty of Oceanic Medicine & Genetics,0.3,-0.25,281.95,-332.85,25.038,45.0,0.8007,0.5875,0.1168,8
3849,Petal,7,ZONE_FACULTY_MEDICINE,Faculty of Oceanic Medicine & Genetics,0.3,-0.125,294.675,-320.125,28.762,45.0,0.7998,0.5889,0.1161,8
3850,Petal,7,ZONE_FACULTY_MEDICINE,Faculty of Oceanic Medicine & Genetics,0.3,0.0,307.4,-307.4,31.6,45.0,0.7967,0.5939,0.1121,8
3851,Petal,7,ZONE_FACULTY_MEDICINE,Faculty of Oceanic Medicine & Genetics,0.3,0.125,320.125,-294.675,28.762,45.0,0.7966,0.5941,0.1115,8
3852,Petal,7,ZONE_FACULTY_MEDICINE,Faculty of Oceanic Medicine & Genetics,0.3,0.25,332.85,-281.95,25.038,45.0,0.7966,0.5942,0.1109,8
3853,Petal,7,ZONE_FACULTY_MEDICINE,Faculty of Oceanic Medicine & Genetics,0.3,0.375,345.575,-269.225,20.43,45.0,0.7968,0.5941,0.1103,8
3854,Petal,7,ZONE_FACULTY_MEDICINE,Faculty of Oceanic Medicine & Genetics,0.3,0.5,358.3,-256.5,14.937,45.0,0.7971,0.5938,0.1097,8
3855,Petal,7,ZONE_FACULTY_MEDICINE,Faculty of Oceanic Medicine & Genetics,0.3,0.625,371.025,-243.774,8.559,45.0,0.7975,0.5933,0.1091,8
3856,Petal,7,ZONE_FACULTY_MEDICINE,Faculty of Oceanic Medicine & Genetics,0.3,0.75,383.75,-231.049,1.296,45.0,0.7981,0.5927,0.1085,8
3857,Petal,7,ZONE_FACULTY_MEDICINE,Faculty of Oceanic Medicine & Genetics,0.3,0.875,396.475,-218.324,-6.852,45.0,0.7988,0.5919,0.1079,8
3858,Petal,7,ZONE_CLEARANCE_WATERWAY,Faculty of Oceanic Medicine & Genetics,0.3,1.0,409.2,-205.599,-15.884,45.0,0.8043,0.5833,0.1136,8
3859,Petal,7,ZONE_CLEARANCE_WATERWAY,Faculty of Oceanic Medicine & Genetics,0.3333,-1.0,219.401,-440.139,-16.498,45.0,0.8162,0.5658,0.1172,8
3860,Petal,7,ZONE_FACULTY_MEDICINE,Faculty of Oceanic Medicine & Genetics,0.3333,-0.875,233.197,-426.343,-6.889,45.0,0.8146,0.5682,0.1166,8
3861,Petal,7,ZONE_FACULTY_MEDICINE,Faculty of Oceanic Medicine & Genetics,0.3333,-0.75,246.993,-412.547,1.772,45.0,0.8132,0.5704,0.116,8
3862,Petal,7,ZONE_FACULTY_MEDICINE,Faculty of Oceanic Medicine & Genetics,0.3333,-0.625,260.789,-398.751,9.486,45.0,0.8118,0.5724,0.1154,8
3863,Petal,7,ZONE_FACULTY_MEDICINE,Faculty of Oceanic Medicine & Genetics,0.3333,-0.5,274.585,-384.955,16.253,45.0,0.8106,0.5742,0.1148,8
3864,Petal,7,ZONE_FACULTY_MEDICINE,Faculty of Oceanic Medicine & Genetics,0.3333,-0.375,288.382,-371.158,22.073,45.0,0.8095,0.5759,0.1142,8
3865,Petal,7,ZONE_FACULTY_MEDICINE,Faculty of Oceanic Medicine & Genetics,0.3333,-0.25,302.178,-357.362,26.946,45.0,0.8086,0.5773,0.1136,8
3866,Petal,7,ZONE_FACULTY_MEDICINE,Faculty of Oceanic Medicine & Genetics,0.3333,-0.125,315.974,-343.566,30.871,45.0,0.8077,0.5786,0.113,8
3867,Petal,7,ZONE_FACULTY_MEDICINE,Faculty of Oceanic Medicine & Genetics,0.3333,0.0,329.77,-329.77,33.849,45.0,0.8047,0.5836,0.1093,8
3868,Petal,7,ZONE_FACULTY_MEDICINE,Faculty of Oceanic Medicine & Genetics,0.3333,0.125,343.566,-315.974,30.871,45.0,0.8045,0.584,0.1087,8
3869,Petal,7,ZONE_FACULTY_MEDICINE,Faculty of Oceanic Medicine & Genetics,0.3333,0.25,357.362,-302.178,26.946,45.0,0.8044,0.5842,0.1082,8
3870,Petal,7,ZONE_FACULTY_MEDICINE,Faculty of Oceanic Medicine & Genetics,0.3333,0.375,371.158,-288.382,22.073,45.0,0.8044,0.5842,0.1076,8
3871,Petal,7,ZONE_FACULTY_MEDICINE,Faculty of Oceanic Medicine & Genetics,0.3333,0.5,384.955,-274.585,16.253,45.0,0.8046,0.5842,0.107,8
3872,Petal,7,ZONE_FACULTY_MEDICINE,Faculty of Oceanic Medicine & Genetics,0.3333,0.625,398.751,-260.789,9.486,45.0,0.8048,0.5839,0.1065,8
3873,Petal,7,ZONE_FACULTY_MEDICINE,Faculty of Oceanic Medicine & Genetics,0.3333,0.75,412.547,-246.993,1.772,45.0,0.8052,0.5835,0.1059,8
3874,Petal,7,ZONE_FACULTY_MEDICINE,Faculty of Oceanic Medicine & Genetics,0.3333,0.875,426.343,-233.197,-6.889,45.0,0.8056,0.583,0.1054,8
3875,Petal,7,ZONE_CLEARANCE_WATERWAY,Faculty of Oceanic Medicine & Genetics,0.3333,1.0,440.139,-219.401,-16.498,45.0,0.811,0.5745,0.1107,8
3876,Petal,7,ZONE_CLEARANCE_WATERWAY,Faculty of Oceanic Medicine & Genetics,0.3667,-1.0,233.202,-471.079,-16.78,45.0,0.8227,0.5568,0.1143,8
3877,Petal,7,ZONE_FACULTY_MEDICINE,Faculty of Oceanic Medicine & Genetics,0.3667,-0.875,248.07,-456.211,-6.693,45.0,0.8214,0.5589,0.1138,8
3878,Petal,7,ZONE_FACULTY_MEDICINE,Faculty of Oceanic Medicine & Genetics,0.3667,-0.75,262.937,-441.344,2.395,45.0,0.8202,0.5608,0.1132,8
3879,Petal,7,ZONE_FACULTY_MEDICINE,Faculty of Oceanic Medicine & Genetics,0.3667,-0.625,277.804,-426.477,10.483,45.0,0.819,0.5626,0.1126,8
3880,Petal,7,ZONE_FACULTY_MEDICINE,Faculty of Oceanic Medicine & Genetics,0.3667,-0.5,292.671,-411.61,17.573,45.0,0.818,0.5642,0.1121,8
3881,Petal,7,ZONE_FACULTY_MEDICINE,Faculty of Oceanic Medicine & Genetics,0.3667,-0.375,307.539,-396.742,23.663,45.0,0.817,0.5657,0.1115,8
3882,Petal,7,ZONE_FACULTY_MEDICINE,Faculty of Oceanic Medicine & Genetics,0.3667,-0.25,322.406,-381.875,28.754,45.0,0.8162,0.5671,0.1109,8
3883,Petal,7,ZONE_FACULTY_MEDICINE,Faculty of Oceanic Medicine & Genetics,0.3667,-0.125,337.273,-367.008,32.846,45.0,0.8154,0.5683,0.1104,8
3884,Petal,7,ZONE_FACULTY_MEDICINE,Faculty of Oceanic Medicine & Genetics,0.3667,0.0,352.14,-352.14,35.938,45.0,0.8124,0.5733,0.107,8
3885,Petal,7,ZONE_FACULTY_MEDICINE,Faculty of Oceanic Medicine & Genetics,0.3667,0.125,367.008,-337.273,32.846,45.0,0.8121,0.5737,0.1064,8
3886,Petal,7,ZONE_FACULTY_MEDICINE,Faculty of Oceanic Medicine & Genetics,0.3667,0.25,381.875,-322.406,28.754,45.0,0.8119,0.5741,0.1059,8
3887,Petal,7,ZONE_FACULTY_MEDICINE,Faculty of Oceanic Medicine & Genetics,0.3667,0.375,396.742,-307.539,23.663,45.0,0.8118,0.5743,0.1054,8
3888,Petal,7,ZONE_FACULTY_MEDICINE,Faculty of Oceanic Medicine & Genetics,0.3667,0.5,411.61,-292.671,17.573,45.0,0.8118,0.5744,0.1049,8
3889,Petal,7,ZONE_FACULTY_MEDICINE,Faculty of Oceanic Medicine & Genetics,0.3667,0.625,426.477,-277.804,10.483,45.0,0.8119,0.5744,0.1043,8
3890,Petal,7,ZONE_FACULTY_MEDICINE,Faculty of Oceanic Medicine & Genetics,0.3667,0.75,441.344,-262.937,2.395,45.0,0.8121,0.5742,0.1038,8
3891,Petal,7,ZONE_FACULTY_MEDICINE,Faculty of Oceanic Medicine & Genetics,0.3667,0.875,456.211,-248.07,-6.693,45.0,0.8123,0.574,0.1033,8
3892,Petal,7,ZONE_CLEARANCE_WATERWAY,Faculty of Oceanic Medicine & Genetics,0.3667,1.0,471.079,-233.202,-16.78,45.0,0.8175,0.5657,0.1083,8
3893,Petal,7,ZONE_CLEARANCE_WATERWAY,Faculty of Oceanic Medicine & Genetics,0.4,-1.0,247.004,-502.018,-16.712,45.0,0.8291,0.5478,0.1118,8
3894,Petal,7,ZONE_FACULTY_MEDICINE,Faculty of Oceanic Medicine & Genetics,0.4,-0.875,262.942,-486.08,-6.248,45.0,0.828,0.5496,0.1113,8
3895,Petal,7,ZONE_FACULTY_MEDICINE,Faculty of Oceanic Medicine & Genetics,0.4,-0.75,278.881,-470.141,3.175,45.0,0.827,0.5512,0.1108,8
3896,Petal,7,ZONE_FACULTY_MEDICINE,Faculty of Oceanic Medicine & Genetics,0.4,-0.625,294.819,-454.203,11.558,45.0,0.826,0.5528,0.1102,8
3897,Petal,7,ZONE_FACULTY_MEDICINE,Faculty of Oceanic Medicine & Genetics,0.4,-0.5,310.757,-438.264,18.901,45.0,0.8251,0.5542,0.1097,8
3898,Petal,7,ZONE_FACULTY_MEDICINE,Faculty of Oceanic Medicine & Genetics,0.4,-0.375,326.696,-422.326,25.203,45.0,0.8243,0.5555,0.1092,8
3899,Petal,7,ZONE_FACULTY_MEDICINE,Faculty of Oceanic Medicine & Genetics,0.4,-0.25,342.634,-406.388,30.465,45.0,0.8235,0.5568,0.1086,8
3900,Petal,7,ZONE_FACULTY_MEDICINE,Faculty of Oceanic Medicine & Genetics,0.4,-0.125,358.572,-390.449,34.687,45.0,0.8229,0.5579,0.1081,8
3901,Petal,7,ZONE_FACULTY_MEDICINE,Faculty of Oceanic Medicine & Genetics,0.4,0.0,374.511,-374.511,37.869,45.0,0.8198,0.5629,0.105,8
3902,Petal,7,ZONE_FACULTY_MEDICINE,Faculty of Oceanic Medicine & Genetics,0.4,0.125,390.449,-358.572,34.687,45.0,0.8195,0.5634,0.1045,8
3903,Petal,7,ZONE_FACULTY_MEDICINE,Faculty of Oceanic Medicine & Genetics,0.4,0.25,406.388,-342.634,30.465,45.0,0.8193,0.5639,0.104,8
3904,Petal,7,ZONE_FACULTY_MEDICINE,Faculty of Oceanic Medicine & Genetics,0.4,0.375,422.326,-326.696,25.203,45.0,0.8191,0.5643,0.1035,8
3905,Petal,7,ZONE_FACULTY_MEDICINE,Faculty of Oceanic Medicine & Genetics,0.4,0.5,438.264,-310.757,18.901,45.0,0.8189,0.5646,0.103,8
3906,Petal,7,ZONE_FACULTY_MEDICINE,Faculty of Oceanic Medicine & Genetics,0.4,0.625,454.203,-294.819,11.558,45.0,0.8189,0.5647,0.1025,8
3907,Petal,7,ZONE_FACULTY_MEDICINE,Faculty of Oceanic Medicine & Genetics,0.4,0.75,470.141,-278.881,3.175,45.0,0.8189,0.5648,0.102,8
3908,Petal,7,ZONE_FACULTY_MEDICINE,Faculty of Oceanic Medicine & Genetics,0.4,0.875,486.08,-262.942,-6.248,45.0,0.8189,0.5649,0.1016,8
3909,Petal,7,ZONE_CLEARANCE_WATERWAY,Faculty of Oceanic Medicine & Genetics,0.4,1.0,502.018,-247.004,-16.712,45.0,0.8239,0.5567,0.1062,8
3910,Petal,7,ZONE_CLEARANCE_WATERWAY,Faculty of Oceanic Medicine & Genetics,0.4333,-1.0,266.942,-526.82,-16.279,62.36,0.8306,0.5468,0.1049,8
3911,Petal,7,ZONE_FACULTY_MEDICINE,Faculty of Oceanic Medicine & Genetics,0.4333,-0.875,283.185,-510.578,-5.544,62.36,0.8298,0.5482,0.1044,8
3912,Petal,7,ZONE_FACULTY_MEDICINE,Faculty of Oceanic Medicine & Genetics,0.4333,-0.75,299.427,-494.335,4.121,62.36,0.829,0.5496,0.104,8
3913,Petal,7,ZONE_FACULTY_MEDICINE,Faculty of Oceanic Medicine & Genetics,0.4333,-0.625,315.669,-478.093,12.716,62.36,0.8282,0.5508,0.1035,8
3914,Petal,7,ZONE_FACULTY_MEDICINE,Faculty of Oceanic Medicine & Genetics,0.4333,-0.5,331.912,-461.851,20.241,62.36,0.8275,0.552,0.103,8
3915,Petal,7,ZONE_FACULTY_MEDICINE,Faculty of Oceanic Medicine & Genetics,0.4333,-0.375,348.154,-445.608,26.696,62.36,0.8268,0.5531,0.1025,8
3916,Petal,7,ZONE_FACULTY_MEDICINE,Faculty of Oceanic Medicine & Genetics,0.4333,-0.25,364.397,-429.366,32.082,62.36,0.8262,0.5541,0.1021,8
3917,Petal,7,ZONE_FACULTY_MEDICINE,Faculty of Oceanic Medicine & Genetics,0.4333,-0.125,380.639,-413.124,36.397,62.36,0.8256,0.5551,0.1016,8
3918,Petal,7,ZONE_FACULTY_MEDICINE,Faculty of Oceanic Medicine & Genetics,0.4333,0.0,396.881,-396.881,39.643,62.36,0.8227,0.5598,0.0988,8
3919,Petal,7,ZONE_FACULTY_MEDICINE,Faculty of Oceanic Medicine & Genetics,0.4333,0.125,413.124,-380.639,36.397,62.36,0.8223,0.5604,0.0984,8
3920,Petal,7,ZONE_FACULTY_MEDICINE,Faculty of Oceanic Medicine & Genetics,0.4333,0.25,429.366,-364.397,32.082,62.36,0.822,0.561,0.0979,8
3921,Petal,7,ZONE_FACULTY_MEDICINE,Faculty of Oceanic Medicine & Genetics,0.4333,0.375,445.608,-348.154,26.696,62.36,0.8217,0.5615,0.0975,8
3922,Petal,7,ZONE_FACULTY_MEDICINE,Faculty of Oceanic Medicine & Genetics,0.4333,0.5,461.851,-331.912,20.241,62.36,0.8215,0.5619,0.0971,8
3923,Petal,7,ZONE_FACULTY_MEDICINE,Faculty of Oceanic Medicine & Genetics,0.4333,0.625,478.093,-315.669,12.716,62.36,0.8213,0.5623,0.0966,8
3924,Petal,7,ZONE_FACULTY_MEDICINE,Faculty of Oceanic Medicine & Genetics,0.4333,0.75,494.335,-299.427,4.121,62.36,0.8211,0.5626,0.0962,8
3925,Petal,7,ZONE_FACULTY_MEDICINE,Faculty of Oceanic Medicine & Genetics,0.4333,0.875,510.578,-283.185,-5.544,62.36,0.821,0.5628,0.0958,8
3926,Petal,7,ZONE_CLEARANCE_WATERWAY,Faculty of Oceanic Medicine & Genetics,0.4333,1.0,526.82,-266.942,-16.279,62.36,0.8256,0.5553,0.0999,8
3927,Petal,7,ZONE_CLEARANCE_WATERWAY,Faculty of Oceanic Medicine & Genetics,0.4667,-1.0,295.993,-542.51,-15.47,105.49,0.825,0.5575,0.0925,8
3928,Petal,7,ZONE_FACULTY_MEDICINE,Faculty of Oceanic Medicine & Genetics,0.4667,-0.875,311.4,-527.103,-4.572,105.49,0.8244,0.5584,0.0921,8
3929,Petal,7,ZONE_FACULTY_MEDICINE,Faculty of Oceanic Medicine & Genetics,0.4667,-0.75,326.808,-511.696,5.239,105.49,0.8238,0.5594,0.0917,8
3930,Petal,7,ZONE_FACULTY_MEDICINE,Faculty of Oceanic Medicine & Genetics,0.4667,-0.625,342.215,-496.288,13.962,105.49,0.8233,0.5603,0.0913,8
3931,Petal,7,ZONE_FACULTY_MEDICINE,Faculty of Oceanic Medicine & Genetics,0.4667,-0.5,357.622,-480.881,21.597,105.49,0.8227,0.5611,0.0909,8
3932,Petal,7,ZONE_FACULTY_MEDICINE,Faculty of Oceanic Medicine & Genetics,0.4667,-0.375,373.03,-465.474,28.144,105.49,0.8222,0.562,0.0905,8
3933,Petal,7,ZONE_FACULTY_MEDICINE,Faculty of Oceanic Medicine & Genetics,0.4667,-0.25,388.437,-450.066,33.604,105.49,0.8217,0.5628,0.0901,8
3934,Petal,7,ZONE_FACULTY_MEDICINE,Faculty of Oceanic Medicine & Genetics,0.4667,-0.125,403.844,-434.659,37.975,105.49,0.8212,0.5635,0.0897,8
3935,Petal,7,ZONE_FACULTY_MEDICINE,Faculty of Oceanic Medicine & Genetics,0.4667,0.0,419.252,-419.252,41.26,105.49,0.8186,0.5677,0.0874,8
3936,Petal,7,ZONE_FACULTY_MEDICINE,Faculty of Oceanic Medicine & Genetics,0.4667,0.125,434.659,-403.844,37.975,105.49,0.8182,0.5683,0.087,8
3937,Petal,7,ZONE_FACULTY_MEDICINE,Faculty of Oceanic Medicine & Genetics,0.4667,0.25,450.066,-388.437,33.604,105.49,0.8179,0.5688,0.0866,8
3938,Petal,7,ZONE_FACULTY_MEDICINE,Faculty of Oceanic Medicine & Genetics,0.4667,0.375,465.474,-373.03,28.144,105.49,0.8175,0.5694,0.0862,8
3939,Petal,7,ZONE_FACULTY_MEDICINE,Faculty of Oceanic Medicine & Genetics,0.4667,0.5,480.881,-357.622,21.597,105.49,0.8172,0.5699,0.0859,8
3940,Petal,7,ZONE_FACULTY_MEDICINE,Faculty of Oceanic Medicine & Genetics,0.4667,0.625,496.288,-342.215,13.962,105.49,0.8169,0.5704,0.0855,8
3941,Petal,7,ZONE_FACULTY_MEDICINE,Faculty of Oceanic Medicine & Genetics,0.4667,0.75,511.696,-326.808,5.239,105.49,0.8166,0.5709,0.0852,8
3942,Petal,7,ZONE_FACULTY_MEDICINE,Faculty of Oceanic Medicine & Genetics,0.4667,0.875,527.103,-311.4,-4.572,105.49,0.8163,0.5713,0.0848,8
3943,Petal,7,ZONE_CLEARANCE_WATERWAY,Faculty of Oceanic Medicine & Genetics,0.4667,1.0,542.51,-295.993,-15.47,105.49,0.8204,0.5649,0.0883,8
3944,Petal,7,ZONE_CLEARANCE_WATERWAY,Faculty of Oceanic Medicine & Genetics,0.5,-1.0,325.65,-557.594,-14.281,150.34,0.8187,0.5684,0.0812,8
3945,Petal,7,ZONE_FACULTY_MEDICINE,Faculty of Oceanic Medicine & Genetics,0.5,-0.875,340.147,-543.097,-3.328,150.34,0.8183,0.569,0.0809,8
3946,Petal,7,ZONE_FACULTY_MEDICINE,Faculty of Oceanic Medicine & Genetics,0.5,-0.75,354.643,-528.601,6.532,150.34,0.818,0.5696,0.0805,8
3947,Petal,7,ZONE_FACULTY_MEDICINE,Faculty of Oceanic Medicine & Genetics,0.5,-0.625,369.14,-514.104,15.297,150.34,0.8176,0.5702,0.0802,8
3948,Petal,7,ZONE_FACULTY_MEDICINE,Faculty of Oceanic Medicine & Genetics,0.5,-0.5,383.636,-499.608,22.969,150.34,0.8172,0.5708,0.0799,8
3949,Petal,7,ZONE_FACULTY_MEDICINE,Faculty of Oceanic Medicine & Genetics,0.5,-0.375,398.133,-485.112,29.547,150.34,0.8168,0.5714,0.0795,8
3950,Petal,7,ZONE_FACULTY_MEDICINE,Faculty of Oceanic Medicine & Genetics,0.5,-0.25,412.629,-470.615,35.032,150.34,0.8164,0.572,0.0792,8
3951,Petal,7,ZONE_FACULTY_MEDICINE,Faculty of Oceanic Medicine & Genetics,0.5,-0.125,427.126,-456.119,39.422,150.34,0.816,0.5726,0.0789,8
3952,Petal,7,ZONE_FACULTY_MEDICINE,Faculty of Oceanic Medicine & Genetics,0.5,0.0,441.622,-441.622,42.719,150.34,0.8137,0.5762,0.077,8
3953,Petal,7,ZONE_FACULTY_MEDICINE,Faculty of Oceanic Medicine & Genetics,0.5,0.125,456.119,-427.126,39.422,150.34,0.8133,0.5768,0.0767,8
3954,Petal,7,ZONE_FACULTY_MEDICINE,Faculty of Oceanic Medicine & Genetics,0.5,0.25,470.615,-412.629,35.032,150.34,0.8129,0.5774,0.0763,8
3955,Petal,7,ZONE_FACULTY_MEDICINE,Faculty of Oceanic Medicine & Genetics,0.5,0.375,485.112,-398.133,29.547,150.34,0.8125,0.5779,0.076,8
3956,Petal,7,ZONE_FACULTY_MEDICINE,Faculty of Oceanic Medicine & Genetics,0.5,0.5,499.608,-383.636,22.969,150.34,0.8121,0.5785,0.0757,8
3957,Petal,7,ZONE_FACULTY_MEDICINE,Faculty of Oceanic Medicine & Genetics,0.5,0.625,514.104,-369.14,15.297,150.34,0.8118,0.5791,0.0754,8
3958,Petal,7,ZONE_FACULTY_MEDICINE,Faculty of Oceanic Medicine & Genetics,0.5,0.75,528.601,-354.643,6.532,150.34,0.8114,0.5797,0.0751,8
3959,Petal,7,ZONE_FACULTY_MEDICINE,Faculty of Oceanic Medicine & Genetics,0.5,0.875,543.097,-340.147,-3.328,150.34,0.811,0.5803,0.0749,8
3960,Petal,7,ZONE_CLEARANCE_WATERWAY,Faculty of Oceanic Medicine & Genetics,0.5,1.0,557.594,-325.65,-14.281,150.34,0.8145,0.5749,0.0778,8
3961,Petal,7,ZONE_CLEARANCE_WATERWAY,Faculty of Oceanic Medicine & Genetics,0.5333,-1.0,355.788,-572.197,-12.708,196.54,0.8119,0.5795,0.0711,8
3962,Petal,7,ZONE_FACULTY_MEDICINE,Faculty of Oceanic Medicine & Genetics,0.5333,-0.875,369.313,-558.672,-1.809,196.54,0.8117,0.5798,0.0708,8
3963,Petal,7,ZONE_FACULTY_MEDICINE,Faculty of Oceanic Medicine & Genetics,0.5333,-0.75,382.839,-545.146,8.001,196.54,0.8114,0.5802,0.0705,8
3964,Petal,7,ZONE_FACULTY_MEDICINE,Faculty of Oceanic Medicine & Genetics,0.5333,-0.625,396.365,-531.62,16.724,196.54,0.8112,0.5805,0.0702,8
3965,Petal,7,ZONE_FACULTY_MEDICINE,Faculty of Oceanic Medicine & Genetics,0.5333,-0.5,409.89,-518.095,24.359,196.54,0.8109,0.5809,0.0699,8
3966,Petal,7,ZONE_FACULTY_MEDICINE,Faculty of Oceanic Medicine & Genetics,0.5333,-0.375,423.416,-504.569,30.907,196.54,0.8107,0.5813,0.0697,8
3967,Petal,7,ZONE_FACULTY_MEDICINE,Faculty of Oceanic Medicine & Genetics,0.5333,-0.25,436.941,-491.044,36.366,196.54,0.8104,0.5818,0.0694,8
3968,Petal,7,ZONE_FACULTY_MEDICINE,Faculty of Oceanic Medicine & Genetics,0.5333,-0.125,450.467,-477.518,40.738,196.54,0.8101,0.5822,0.0691,8
3969,Petal,7,ZONE_FACULTY_MEDICINE,Faculty of Oceanic Medicine & Genetics,0.5333,0.0,463.992,-463.992,44.022,196.54,0.808,0.5853,0.0675,8
3970,Petal,7,ZONE_FACULTY_MEDICINE,Faculty of Oceanic Medicine & Genetics,0.5333,0.125,477.518,-450.467,40.738,196.54,0.8076,0.5858,0.0673,8
3971,Petal,7,ZONE_FACULTY_MEDICINE,Faculty of Oceanic Medicine & Genetics,0.5333,0.25,491.044,-436.941,36.366,196.54,0.8072,0.5864,0.067,8
3972,Petal,7,ZONE_FACULTY_MEDICINE,Faculty of Oceanic Medicine & Genetics,0.5333,0.375,504.569,-423.416,30.907,196.54,0.8068,0.587,0.0668,8
3973,Petal,7,ZONE_FACULTY_MEDICINE,Faculty of Oceanic Medicine & Genetics,0.5333,0.5,518.095,-409.89,24.359,196.54,0.8064,0.5876,0.0665,8
3974,Petal,7,ZONE_FACULTY_MEDICINE,Faculty of Oceanic Medicine & Genetics,0.5333,0.625,531.62,-396.365,16.724,196.54,0.806,0.5882,0.0663,8
3975,Petal,7,ZONE_FACULTY_MEDICINE,Faculty of Oceanic Medicine & Genetics,0.5333,0.75,545.146,-382.839,8.001,196.54,0.8055,0.5889,0.066,8
3976,Petal,7,ZONE_FACULTY_MEDICINE,Faculty of Oceanic Medicine & Genetics,0.5333,0.875,558.672,-369.313,-1.809,196.54,0.8051,0.5895,0.0658,8
3977,Petal,7,ZONE_CLEARANCE_WATERWAY,Faculty of Oceanic Medicine & Genetics,0.5333,1.0,572.197,-355.788,-12.708,196.54,0.8081,0.5851,0.0682,8
3978,Petal,7,ZONE_CLEARANCE_WATERWAY,Faculty of Oceanic Medicine & Genetics,0.5667,-1.0,386.293,-586.432,-10.753,243.79,0.8045,0.5907,0.0618,8
3979,Petal,7,ZONE_FACULTY_MEDICINE,Faculty of Oceanic Medicine & Genetics,0.5667,-0.875,398.802,-573.924,-0.019,243.79,0.8045,0.5908,0.0616,8
3980,Petal,7,ZONE_FACULTY_MEDICINE,Faculty of Oceanic Medicine & Genetics,0.5667,-0.75,411.311,-561.415,9.646,243.79,0.8044,0.5909,0.0614,8
3981,Petal,7,ZONE_FACULTY_MEDICINE,Faculty of Oceanic Medicine & Genetics,0.5667,-0.625,423.82,-548.906,18.241,243.79,0.8043,0.5911,0.0611,8
3982,Petal,7,ZONE_FACULTY_MEDICINE,Faculty of Oceanic Medicine & Genetics,0.5667,-0.5,436.328,-536.398,25.766,243.79,0.8041,0.5913,0.0609,8
3983,Petal,7,ZONE_FACULTY_MEDICINE,Faculty of Oceanic Medicine & Genetics,0.5667,-0.375,448.837,-523.889,32.221,243.79,0.804,0.5916,0.0607,8
3984,Petal,7,ZONE_FACULTY_MEDICINE,Faculty of Oceanic Medicine & Genetics,0.5667,-0.25,461.346,-511.38,37.607,243.79,0.8038,0.5919,0.0605,8
3985,Petal,7,ZONE_FACULTY_MEDICINE,Faculty of Oceanic Medicine & Genetics,0.5667,-0.125,473.854,-498.872,41.922,243.79,0.8035,0.5922,0.0602,8
3986,Petal,7,ZONE_FACULTY_MEDICINE,Faculty of Oceanic Medicine & Genetics,0.5667,0.0,486.363,-486.363,45.168,243.79,0.8017,0.5948,0.059,8
3987,Petal,7,ZONE_FACULTY_MEDICINE,Faculty of Oceanic Medicine & Genetics,0.5667,0.125,498.872,-473.854,41.922,243.79,0.8014,0.5953,0.0588,8
3988,Petal,7,ZONE_FACULTY_MEDICINE,Faculty of Oceanic Medicine & Genetics,0.5667,0.25,511.38,-461.346,37.607,243.79,0.801,0.5958,0.0585,8
3989,Petal,7,ZONE_FACULTY_MEDICINE,Faculty of Oceanic Medicine & Genetics,0.5667,0.375,523.889,-448.837,32.221,243.79,0.8006,0.5964,0.0583,8
3990,Petal,7,ZONE_FACULTY_MEDICINE,Faculty of Oceanic Medicine & Genetics,0.5667,0.5,536.398,-436.328,25.766,243.79,0.8001,0.597,0.0581,8
3991,Petal,7,ZONE_FACULTY_MEDICINE,Faculty of Oceanic Medicine & Genetics,0.5667,0.625,548.906,-423.82,18.241,243.79,0.7997,0.5976,0.0579,8
3992,Petal,7,ZONE_FACULTY_MEDICINE,Faculty of Oceanic Medicine & Genetics,0.5667,0.75,561.415,-411.311,9.646,243.79,0.7992,0.5983,0.0578,8
3993,Petal,7,ZONE_FACULTY_MEDICINE,Faculty of Oceanic Medicine & Genetics,0.5667,0.875,573.924,-398.802,-0.019,243.79,0.7987,0.599,0.0576,8
3994,Petal,7,ZONE_CLEARANCE_WATERWAY,Faculty of Oceanic Medicine & Genetics,0.5667,1.0,586.432,-386.293,-10.753,243.79,0.8012,0.5954,0.0595,8
3995,Petal,7,ZONE_CLEARANCE_WATERWAY,Faculty of Oceanic Medicine & Genetics,0.6,-1.0,417.066,-600.401,-8.424,291.79,0.7968,0.6018,0.0534,8
3996,Petal,7,ZONE_FACULTY_MEDICINE,Faculty of Oceanic Medicine & Genetics,0.6,-0.875,428.524,-588.942,2.039,291.79,0.7969,0.6018,0.0533,8
3997,Petal,7,ZONE_FACULTY_MEDICINE,Faculty of Oceanic Medicine & Genetics,0.6,-0.75,439.983,-577.484,11.463,291.79,0.7969,0.6017,0.0531,8
3998,Petal,7,ZONE_FACULTY_MEDICINE,Faculty of Oceanic Medicine & Genetics,0.6,-0.625,451.441,-566.025,19.846,291.79,0.7969,0.6018,0.0529,8
3999,Petal,7,ZONE_FACULTY_MEDICINE,Faculty of Oceanic Medicine & Genetics,0.6,-0.5,462.9,-554.567,27.188,291.79,0.7969,0.6019,0.0527,8
4000,Petal,7,ZONE_FACULTY_MEDICINE,Faculty of Oceanic Medicine & Genetics,0.6,-0.375,474.358,-543.109,33.491,291.79,0.7968,0.602,0.0525,8
4001,Petal,7,ZONE_FACULTY_MEDICINE,Faculty of Oceanic Medicine & Genetics,0.6,-0.25,485.816,-531.65,38.753,291.79,0.7967,0.6022,0.0524,8
4002,Petal,7,ZONE_FACULTY_MEDICINE,Faculty of Oceanic Medicine & Genetics,0.6,-0.125,497.275,-520.192,42.975,291.79,0.7965,0.6024,0.0522,8
4003,Petal,7,ZONE_FACULTY_MEDICINE,Faculty of Oceanic Medicine & Genetics,0.6,0.0,508.733,-508.733,46.157,291.79,0.795,0.6045,0.0512,8
4004,Petal,7,ZONE_FACULTY_MEDICINE,Faculty of Oceanic Medicine & Genetics,0.6,0.125,520.192,-497.275,42.975,291.79,0.7946,0.605,0.051,8
4005,Petal,7,ZONE_FACULTY_MEDICINE,Faculty of Oceanic Medicine & Genetics,0.6,0.25,531.65,-485.816,38.753,291.79,0.7942,0.6055,0.0508,8
4006,Petal,7,ZONE_FACULTY_MEDICINE,Faculty of Oceanic Medicine & Genetics,0.6,0.375,543.109,-474.358,33.491,291.79,0.7938,0.606,0.0507,8
4007,Petal,7,ZONE_FACULTY_MEDICINE,Faculty of Oceanic Medicine & Genetics,0.6,0.5,554.567,-462.9,27.188,291.79,0.7934,0.6066,0.0505,8
4008,Petal,7,ZONE_FACULTY_MEDICINE,Faculty of Oceanic Medicine & Genetics,0.6,0.625,566.025,-451.441,19.846,291.79,0.7929,0.6072,0.0503,8
4009,Petal,7,ZONE_FACULTY_MEDICINE,Faculty of Oceanic Medicine & Genetics,0.6,0.75,577.484,-439.983,11.463,291.79,0.7924,0.6079,0.0502,8
4010,Petal,7,ZONE_FACULTY_MEDICINE,Faculty of Oceanic Medicine & Genetics,0.6,0.875,588.942,-428.524,2.039,291.79,0.7919,0.6086,0.05,8
4011,Petal,7,ZONE_CLEARANCE_WATERWAY,Faculty of Oceanic Medicine & Genetics,0.6,1.0,600.401,-417.066,-8.424,291.79,0.794,0.6057,0.0516,8
4012,Petal,7,ZONE_CLEARANCE_WATERWAY,Faculty of Oceanic Medicine & Genetics,0.6333,-1.0,448.013,-614.194,-5.73,340.29,0.7889,0.6129,0.0459,8
4013,Petal,7,ZONE_FACULTY_MEDICINE,Faculty of Oceanic Medicine & Genetics,0.6333,-0.875,458.4,-603.808,4.357,340.29,0.789,0.6127,0.0457,8
4014,Petal,7,ZONE_FACULTY_MEDICINE,Faculty of Oceanic Medicine & Genetics,0.6333,-0.75,468.786,-593.421,13.445,340.29,0.7891,0.6125,0.0456,8
4015,Petal,7,ZONE_FACULTY_MEDICINE,Faculty of Oceanic Medicine & Genetics,0.6333,-0.625,479.172,-583.035,21.534,340.29,0.7892,0.6125,0.0454,8
4016,Petal,7,ZONE_FACULTY_MEDICINE,Faculty of Oceanic Medicine & Genetics,0.6333,-0.5,489.559,-572.649,28.623,340.29,0.7892,0.6124,0.0453,8
4017,Petal,7,ZONE_FACULTY_MEDICINE,Faculty of Oceanic Medicine & Genetics,0.6333,-0.375,499.945,-562.262,34.713,340.29,0.7892,0.6125,0.0451,8
4018,Petal,7,ZONE_FACULTY_MEDICINE,Faculty of Oceanic Medicine & Genetics,0.6333,-0.25,510.331,-551.876,39.804,340.29,0.7892,0.6125,0.045,8
4019,Petal,7,ZONE_FACULTY_MEDICINE,Faculty of Oceanic Medicine & Genetics,0.6333,-0.125,520.717,-541.49,43.896,340.29,0.7891,0.6127,0.0449,8
4020,Petal,7,ZONE_FACULTY_MEDICINE,Faculty of Oceanic Medicine & Genetics,0.6333,0.0,531.104,-531.104,46.989,340.29,0.7878,0.6144,0.044,8
4021,Petal,7,ZONE_FACULTY_MEDICINE,Faculty of Oceanic Medicine & Genetics,0.6333,0.125,541.49,-520.717,43.896,340.29,0.7874,0.6148,0.0439,8
4022,Petal,7,ZONE_FACULTY_MEDICINE,Faculty of Oceanic Medicine & Genetics,0.6333,0.25,551.876,-510.331,39.804,340.29,0.7871,0.6153,0.0438,8
4023,Petal,7,ZONE_FACULTY_MEDICINE,Faculty of Oceanic Medicine & Genetics,0.6333,0.375,562.262,-499.945,34.713,340.29,0.7867,0.6158,0.0437,8
4024,Petal,7,ZONE_FACULTY_MEDICINE,Faculty of Oceanic Medicine & Genetics,0.6333,0.5,572.649,-489.559,28.623,340.29,0.7863,0.6163,0.0435,8
4025,Petal,7,ZONE_FACULTY_MEDICINE,Faculty of Oceanic Medicine & Genetics,0.6333,0.625,583.035,-479.172,21.534,340.29,0.7858,0.6169,0.0434,8
4026,Petal,7,ZONE_FACULTY_MEDICINE,Faculty of Oceanic Medicine & Genetics,0.6333,0.75,593.421,-468.786,13.445,340.29,0.7853,0.6176,0.0433,8
4027,Petal,7,ZONE_FACULTY_MEDICINE,Faculty of Oceanic Medicine & Genetics,0.6333,0.875,603.808,-458.4,4.357,340.29,0.7848,0.6183,0.0432,8
4028,Petal,7,ZONE_CLEARANCE_WATERWAY,Faculty of Oceanic Medicine & Genetics,0.6333,1.0,614.194,-448.013,-5.73,340.29,0.7865,0.616,0.0444,8
4029,Petal,7,ZONE_CLEARANCE_WATERWAY,Faculty of Oceanic Medicine & Genetics,0.6667,-1.0,479.052,-627.896,-2.685,389.04,0.7807,0.6237,0.039,8
4030,Petal,7,ZONE_FACULTY_MEDICINE,Faculty of Oceanic Medicine & Genetics,0.6667,-0.875,488.355,-618.593,6.923,389.04,0.7809,0.6234,0.0389,8
4031,Petal,7,ZONE_FACULTY_MEDICINE,Faculty of Oceanic Medicine & Genetics,0.6667,-0.75,497.658,-609.291,15.585,389.04,0.7811,0.6232,0.0387,8
4032,Petal,7,ZONE_FACULTY_MEDICINE,Faculty of Oceanic Medicine & Genetics,0.6667,-0.625,506.96,-599.988,23.299,389.04,0.7812,0.6231,0.0386,8
4033,Petal,7,ZONE_FACULTY_MEDICINE,Faculty of Oceanic Medicine & Genetics,0.6667,-0.5,516.263,-590.685,30.066,389.04,0.7813,0.623,0.0385,8
4034,Petal,7,ZONE_FACULTY_MEDICINE,Faculty of Oceanic Medicine & Genetics,0.6667,-0.375,525.566,-581.382,35.886,389.04,0.7813,0.6229,0.0384,8
4035,Petal,7,ZONE_FACULTY_MEDICINE,Faculty of Oceanic Medicine & Genetics,0.6667,-0.25,534.869,-572.08,40.758,389.04,0.7813,0.6229,0.0383,8
4036,Petal,7,ZONE_FACULTY_MEDICINE,Faculty of Oceanic Medicine & Genetics,0.6667,-0.125,544.171,-562.777,44.684,389.04,0.7813,0.623,0.0382,8
4037,Petal,7,ZONE_FACULTY_MEDICINE,Faculty of Oceanic Medicine & Genetics,0.6667,0.0,553.474,-553.474,47.662,389.04,0.7802,0.6244,0.0376,8
4038,Petal,7,ZONE_FACULTY_MEDICINE,Faculty of Oceanic Medicine & Genetics,0.6667,0.125,562.777,-544.171,44.684,389.04,0.7799,0.6247,0.0375,8
4039,Petal,7,ZONE_FACULTY_MEDICINE,Faculty of Oceanic Medicine & Genetics,0.6667,0.25,572.08,-534.869,40.758,389.04,0.7796,0.6251,0.0374,8
4040,Petal,7,ZONE_FACULTY_MEDICINE,Faculty of Oceanic Medicine & Genetics,0.6667,0.375,581.382,-525.566,35.886,389.04,0.7793,0.6256,0.0373,8
4041,Petal,7,ZONE_FACULTY_MEDICINE,Faculty of Oceanic Medicine & Genetics,0.6667,0.5,590.685,-516.263,30.066,389.04,0.7789,0.6261,0.0372,8
4042,Petal,7,ZONE_FACULTY_MEDICINE,Faculty of Oceanic Medicine & Genetics,0.6667,0.625,599.988,-506.96,23.299,389.04,0.7784,0.6267,0.0371,8
4043,Petal,7,ZONE_FACULTY_MEDICINE,Faculty of Oceanic Medicine & Genetics,0.6667,0.75,609.291,-497.658,15.585,389.04,0.7779,0.6273,0.037,8
4044,Petal,7,ZONE_FACULTY_MEDICINE,Faculty of Oceanic Medicine & Genetics,0.6667,0.875,618.593,-488.355,6.923,389.04,0.7774,0.6279,0.0369,8
4045,Petal,7,ZONE_CLEARANCE_WATERWAY,Faculty of Oceanic Medicine & Genetics,0.6667,1.0,627.896,-479.052,-2.685,389.04,0.7787,0.6262,0.0378,8
4046,Petal,7,ZONE_CLEARANCE_WATERWAY,Faculty of Oceanic Medicine & Genetics,0.7,-1.0,510.105,-641.584,0.691,437.83,0.7722,0.6345,0.0327,8
4047,Petal,7,ZONE_FACULTY_MEDICINE,Faculty of Oceanic Medicine & Genetics,0.7,-0.875,518.322,-633.367,9.724,437.83,0.7725,0.6341,0.0327,8
4048,Petal,7,ZONE_FACULTY_MEDICINE,Faculty of Oceanic Medicine & Genetics,0.7,-0.75,526.54,-625.149,17.872,437.83,0.7728,0.6338,0.0326,8
4049,Petal,7,ZONE_FACULTY_MEDICINE,Faculty of Oceanic Medicine & Genetics,0.7,-0.625,534.757,-616.932,25.134,437.83,0.773,0.6335,0.0325,8
4050,Petal,7,ZONE_FACULTY_MEDICINE,Faculty of Oceanic Medicine & Genetics,0.7,-0.5,542.975,-608.714,31.512,437.83,0.7732,0.6333,0.0324,8
4051,Petal,7,ZONE_FACULTY_MEDICINE,Faculty of Oceanic Medicine & Genetics,0.7,-0.375,551.192,-600.497,37.006,437.83,0.7733,0.6332,0.0323,8
4052,Petal,7,ZONE_FACULTY_MEDICINE,Faculty of Oceanic Medicine & Genetics,0.7,-0.25,559.409,-592.279,41.614,437.83,0.7734,0.6331,0.0322,8
4053,Petal,7,ZONE_FACULTY_MEDICINE,Faculty of Oceanic Medicine & Genetics,0.7,-0.125,567.627,-584.062,45.337,437.83,0.7734,0.6331,0.0322,8
4054,Petal,7,ZONE_FACULTY_MEDICINE,Faculty of Oceanic Medicine & Genetics,0.7,0.0,575.844,-575.844,48.176,437.83,0.7726,0.6341,0.0317,8
4055,Petal,7,ZONE_FACULTY_MEDICINE,Faculty of Oceanic Medicine & Genetics,0.7,0.125,584.062,-567.627,45.337,437.83,0.7723,0.6345,0.0316,8
4056,Petal,7,ZONE_FACULTY_MEDICINE,Faculty of Oceanic Medicine & Genetics,0.7,0.25,592.279,-559.409,41.614,437.83,0.772,0.6349,0.0315,8
4057,Petal,7,ZONE_FACULTY_MEDICINE,Faculty of Oceanic Medicine & Genetics,0.7,0.375,600.497,-551.192,37.006,437.83,0.7716,0.6353,0.0314,8
4058,Petal,7,ZONE_FACULTY_MEDICINE,Faculty of Oceanic Medicine & Genetics,0.7,0.5,608.714,-542.975,31.512,437.83,0.7712,0.6358,0.0314,8
4059,Petal,7,ZONE_FACULTY_MEDICINE,Faculty of Oceanic Medicine & Genetics,0.7,0.625,616.932,-534.757,25.134,437.83,0.7708,0.6364,0.0313,8
4060,Petal,7,ZONE_FACULTY_MEDICINE,Faculty of Oceanic Medicine & Genetics,0.7,0.75,625.149,-526.54,17.872,437.83,0.7703,0.637,0.0312,8
4061,Petal,7,ZONE_FACULTY_MEDICINE,Faculty of Oceanic Medicine & Genetics,0.7,0.875,633.367,-518.322,9.724,437.83,0.7697,0.6376,0.0312,8
4062,Petal,7,ZONE_CLEARANCE_WATERWAY,Faculty of Oceanic Medicine & Genetics,0.7,1.0,641.584,-510.105,0.691,437.83,0.7706,0.6365,0.0319,8
4063,Petal,7,ZONE_CLEARANCE_WATERWAY,Faculty of Oceanic Medicine & Genetics,0.7333,-1.0,541.098,-655.331,4.228,486.46,0.763,0.6458,0.0281,8
4064,Petal,7,ZONE_FACULTY_MEDICINE,Faculty of Oceanic Medicine & Genetics,0.7333,-0.875,548.238,-648.192,12.305,486.46,0.7636,0.645,0.028,8
4065,Petal,7,ZONE_FACULTY_MEDICINE,Faculty of Oceanic Medicine & Genetics,0.7333,-0.75,555.377,-641.052,19.596,486.46,0.7642,0.6444,0.0279,8
4066,Petal,7,ZONE_FACULTY_MEDICINE,Faculty of Oceanic Medicine & Genetics,0.7333,-0.625,562.517,-633.913,26.103,486.46,0.7647,0.6438,0.0279,8
4067,Petal,7,ZONE_FACULTY_MEDICINE,Faculty of Oceanic Medicine & Genetics,0.7333,-0.5,569.657,-626.773,31.825,486.46,0.765,0.6434,0.0278,8
4068,Petal,7,ZONE_FACULTY_MEDICINE,Faculty of Oceanic Medicine & Genetics,0.7333,-0.375,576.796,-619.634,36.762,486.46,0.7654,0.643,0.0278,8
4069,Petal,7,ZONE_FACULTY_MEDICINE,Faculty of Oceanic Medicine & Genetics,0.7333,-0.25,583.936,-612.494,40.914,486.46,0.7656,0.6427,0.0277,8
4070,Petal,7,ZONE_FACULTY_MEDICINE,Faculty of Oceanic Medicine & Genetics,0.7333,-0.125,591.075,-605.354,44.281,486.46,0.7658,0.6425,0.0276,8
4071,Petal,7,ZONE_FACULTY_MEDICINE,Faculty of Oceanic Medicine & Genetics,0.7333,0.0,598.215,-598.215,46.863,486.46,0.7652,0.6432,0.0272,8
4072,Petal,7,ZONE_FACULTY_MEDICINE,Faculty of Oceanic Medicine & Genetics,0.7333,0.125,605.354,-591.075,44.281,486.46,0.7649,0.6436,0.0272,8
4073,Petal,7,ZONE_FACULTY_MEDICINE,Faculty of Oceanic Medicine & Genetics,0.7333,0.25,612.494,-583.936,40.914,486.46,0.7645,0.6441,0.0271,8
4074,Petal,7,ZONE_FACULTY_MEDICINE,Faculty of Oceanic Medicine & Genetics,0.7333,0.375,619.634,-576.796,36.762,486.46,0.764,0.6446,0.0271,8
4075,Petal,7,ZONE_FACULTY_MEDICINE,Faculty of Oceanic Medicine & Genetics,0.7333,0.5,626.773,-569.657,31.825,486.46,0.7635,0.6453,0.027,8
4076,Petal,7,ZONE_FACULTY_MEDICINE,Faculty of Oceanic Medicine & Genetics,0.7333,0.625,633.913,-562.517,26.103,486.46,0.7629,0.646,0.027,8
4077,Petal,7,ZONE_FACULTY_MEDICINE,Faculty of Oceanic Medicine & Genetics,0.7333,0.75,641.052,-555.377,19.596,486.46,0.7622,0.6468,0.0269,8
4078,Petal,7,ZONE_FACULTY_MEDICINE,Faculty of Oceanic Medicine & Genetics,0.7333,0.875,648.192,-548.238,12.305,486.46,0.7614,0.6477,0.0269,8
4079,Petal,7,ZONE_CLEARANCE_WATERWAY,Faculty of Oceanic Medicine & Genetics,0.7333,1.0,655.331,-541.098,4.228,486.46,0.7618,0.6472,0.0274,8
4080,Petal,7,ZONE_CLEARANCE_WATERWAY,Faculty of Oceanic Medicine & Genetics,0.7667,-1.0,571.965,-669.206,7.296,534.73,0.7544,0.656,0.0252,8
4081,Petal,7,ZONE_FACULTY_MEDICINE,Faculty of Oceanic Medicine & Genetics,0.7667,-0.875,578.042,-663.128,13.943,534.73,0.7551,0.6551,0.0252,8
4082,Petal,7,ZONE_FACULTY_MEDICINE,Faculty of Oceanic Medicine & Genetics,0.7667,-0.75,584.12,-657.051,19.95,534.73,0.7558,0.6544,0.0251,8
4083,Petal,7,ZONE_FACULTY_MEDICINE,Faculty of Oceanic Medicine & Genetics,0.7667,-0.625,590.197,-650.973,25.318,534.73,0.7563,0.6537,0.0251,8
4084,Petal,7,ZONE_FACULTY_MEDICINE,Faculty of Oceanic Medicine & Genetics,0.7667,-0.5,596.275,-644.896,30.047,534.73,0.7568,0.6531,0.025,8
4085,Petal,7,ZONE_FACULTY_MEDICINE,Faculty of Oceanic Medicine & Genetics,0.7667,-0.375,602.353,-638.818,34.136,534.73,0.7572,0.6527,0.025,8
4086,Petal,7,ZONE_FACULTY_MEDICINE,Faculty of Oceanic Medicine & Genetics,0.7667,-0.25,608.43,-632.74,37.585,534.73,0.7575,0.6523,0.0249,8
4087,Petal,7,ZONE_FACULTY_MEDICINE,Faculty of Oceanic Medicine & Genetics,0.7667,-0.125,614.508,-626.663,40.395,534.73,0.7578,0.652,0.0249,8
4088,Petal,7,ZONE_FACULTY_MEDICINE,Faculty of Oceanic Medicine & Genetics,0.7667,0.0,620.585,-620.585,42.565,534.73,0.7574,0.6525,0.0246,8
4089,Petal,7,ZONE_FACULTY_MEDICINE,Faculty of Oceanic Medicine & Genetics,0.7667,0.125,626.663,-614.508,40.395,534.73,0.7571,0.6528,0.0245,8
4090,Petal,7,ZONE_FACULTY_MEDICINE,Faculty of Oceanic Medicine & Genetics,0.7667,0.25,632.74,-608.43,37.585,534.73,0.7567,0.6533,0.0245,8
4091,Petal,7,ZONE_FACULTY_MEDICINE,Faculty of Oceanic Medicine & Genetics,0.7667,0.375,638.818,-602.353,34.136,534.73,0.7562,0.6539,0.0244,8
4092,Petal,7,ZONE_FACULTY_MEDICINE,Faculty of Oceanic Medicine & Genetics,0.7667,0.5,644.896,-596.275,30.047,534.73,0.7556,0.6545,0.0244,8
4093,Petal,7,ZONE_FACULTY_MEDICINE,Faculty of Oceanic Medicine & Genetics,0.7667,0.625,650.973,-590.197,25.318,534.73,0.755,0.6553,0.0243,8
4094,Petal,7,ZONE_FACULTY_MEDICINE,Faculty of Oceanic Medicine & Genetics,0.7667,0.75,657.051,-584.12,19.95,534.73,0.7543,0.6561,0.0243,8
4095,Petal,7,ZONE_FACULTY_MEDICINE,Faculty of Oceanic Medicine & Genetics,0.7667,0.875,663.128,-578.042,13.943,534.73,0.7535,0.657,0.0243,8
4096,Petal,7,ZONE_CLEARANCE_WATERWAY,Faculty of Oceanic Medicine & Genetics,0.7667,1.0,669.206,-571.965,7.296,534.73,0.7534,0.657,0.0247,8
4097,Petal,7,ZONE_CLEARANCE_WATERWAY,Faculty of Oceanic Medicine & Genetics,0.8,-1.0,602.636,-683.275,9.317,582.44,0.7461,0.6654,0.0236,8
4098,Petal,7,ZONE_FACULTY_MEDICINE,Faculty of Oceanic Medicine & Genetics,0.8,-0.875,607.676,-678.235,14.331,582.44,0.7469,0.6646,0.0235,8
4099,Petal,7,ZONE_FACULTY_MEDICINE,Faculty of Oceanic Medicine & Genetics,0.8,-0.75,612.716,-673.195,18.868,582.44,0.7475,0.6638,0.0235,8
4100,Petal,7,ZONE_FACULTY_MEDICINE,Faculty of Oceanic Medicine & Genetics,0.8,-0.625,617.756,-668.155,22.93,582.44,0.7481,0.6631,0.0235,8
4101,Petal,7,ZONE_FACULTY_MEDICINE,Faculty of Oceanic Medicine & Genetics,0.8,-0.5,622.796,-663.115,26.515,582.44,0.7486,0.6626,0.0234,8
4102,Petal,7,ZONE_FACULTY_MEDICINE,Faculty of Oceanic Medicine & Genetics,0.8,-0.375,627.836,-658.076,29.624,582.44,0.749,0.6621,0.0234,8
4103,Petal,7,ZONE_FACULTY_MEDICINE,Faculty of Oceanic Medicine & Genetics,0.8,-0.25,632.876,-653.036,32.256,582.44,0.7494,0.6617,0.0234,8
4104,Petal,7,ZONE_FACULTY_MEDICINE,Faculty of Oceanic Medicine & Genetics,0.8,-0.125,637.916,-647.996,34.413,582.44,0.7497,0.6614,0.0233,8
4105,Petal,7,ZONE_FACULTY_MEDICINE,Faculty of Oceanic Medicine & Genetics,0.8,0.0,642.956,-642.956,36.093,582.44,0.7495,0.6617,0.0231,8
4106,Petal,7,ZONE_FACULTY_MEDICINE,Faculty of Oceanic Medicine & Genetics,0.8,0.125,647.996,-637.916,34.413,582.44,0.7491,0.662,0.023,8
4107,Petal,7,ZONE_FACULTY_MEDICINE,Faculty of Oceanic Medicine & Genetics,0.8,0.25,653.036,-632.876,32.256,582.44,0.7488,0.6624,0.023,8
4108,Petal,7,ZONE_FACULTY_MEDICINE,Faculty of Oceanic Medicine & Genetics,0.8,0.375,658.076,-627.836,29.624,582.44,0.7483,0.663,0.023,8
4109,Petal,7,ZONE_FACULTY_MEDICINE,Faculty of Oceanic Medicine & Genetics,0.8,0.5,663.115,-622.796,26.515,582.44,0.7478,0.6636,0.0229,8
4110,Petal,7,ZONE_FACULTY_MEDICINE,Faculty of Oceanic Medicine & Genetics,0.8,0.625,668.155,-617.756,22.93,582.44,0.7472,0.6643,0.0229,8
4111,Petal,7,ZONE_FACULTY_MEDICINE,Faculty of Oceanic Medicine & Genetics,0.8,0.75,673.195,-612.716,18.868,582.44,0.7465,0.665,0.0229,8
4112,Petal,7,ZONE_FACULTY_MEDICINE,Faculty of Oceanic Medicine & Genetics,0.8,0.875,678.235,-607.676,14.331,582.44,0.7457,0.6659,0.0228,8
4113,Petal,7,ZONE_CLEARANCE_WATERWAY,Faculty of Oceanic Medicine & Genetics,0.8,1.0,683.275,-602.636,9.317,582.44,0.7455,0.6661,0.0232,8
4114,Petal,7,ZONE_CLEARANCE_WATERWAY,Faculty of Oceanic Medicine & Genetics,0.8333,-1.0,633.045,-697.607,9.93,629.42,0.7383,0.6741,0.023,8
4115,Petal,7,ZONE_FACULTY_MEDICINE,Faculty of Oceanic Medicine & Genetics,0.8333,-0.875,637.08,-693.572,13.342,629.42,0.7389,0.6734,0.0229,8
4116,Petal,7,ZONE_FACULTY_MEDICINE,Faculty of Oceanic Medicine & Genetics,0.8333,-0.75,641.115,-689.537,16.436,629.42,0.7395,0.6727,0.0229,8
4117,Petal,7,ZONE_FACULTY_MEDICINE,Faculty of Oceanic Medicine & Genetics,0.8333,-0.625,645.15,-685.502,19.212,629.42,0.7401,0.6721,0.0229,8
4118,Petal,7,ZONE_FACULTY_MEDICINE,Faculty of Oceanic Medicine & Genetics,0.8333,-0.5,649.185,-681.467,21.668,629.42,0.7406,0.6716,0.0229,8
4119,Petal,7,ZONE_FACULTY_MEDICINE,Faculty of Oceanic Medicine & Genetics,0.8333,-0.375,653.221,-677.432,23.806,629.42,0.741,0.6712,0.0228,8
4120,Petal,7,ZONE_FACULTY_MEDICINE,Faculty of Oceanic Medicine & Genetics,0.8333,-0.25,657.256,-673.396,25.624,629.42,0.7413,0.6708,0.0228,8
4121,Petal,7,ZONE_FACULTY_MEDICINE,Faculty of Oceanic Medicine & Genetics,0.8333,-0.125,661.291,-669.361,27.124,629.42,0.7415,0.6705,0.0228,8
4122,Petal,7,ZONE_FACULTY_MEDICINE,Faculty of Oceanic Medicine & Genetics,0.8333,0.0,665.326,-665.326,28.305,629.42,0.7415,0.6706,0.0225,8
4123,Petal,7,ZONE_FACULTY_MEDICINE,Faculty of Oceanic Medicine & Genetics,0.8333,0.125,669.361,-661.291,27.124,629.42,0.7412,0.6709,0.0225,8
4124,Petal,7,ZONE_FACULTY_MEDICINE,Faculty of Oceanic Medicine & Genetics,0.8333,0.25,673.396,-657.256,25.624,629.42,0.7408,0.6713,0.0225,8
4125,Petal,7,ZONE_FACULTY_MEDICINE,Faculty of Oceanic Medicine & Genetics,0.8333,0.375,677.432,-653.221,23.806,629.42,0.7404,0.6717,0.0225,8
4126,Petal,7,ZONE_FACULTY_MEDICINE,Faculty of Oceanic Medicine & Genetics,0.8333,0.5,681.467,-649.185,21.668,629.42,0.74,0.6723,0.0224,8
4127,Petal,7,ZONE_FACULTY_MEDICINE,Faculty of Oceanic Medicine & Genetics,0.8333,0.625,685.502,-645.15,19.212,629.42,0.7394,0.6729,0.0224,8
4128,Petal,7,ZONE_FACULTY_MEDICINE,Faculty of Oceanic Medicine & Genetics,0.8333,0.75,689.537,-641.115,16.436,629.42,0.7388,0.6735,0.0224,8
4129,Petal,7,ZONE_FACULTY_MEDICINE,Faculty of Oceanic Medicine & Genetics,0.8333,0.875,693.572,-637.08,13.342,629.42,0.7382,0.6743,0.0224,8
4130,Petal,7,ZONE_CLEARANCE_WATERWAY,Faculty of Oceanic Medicine & Genetics,0.8333,1.0,697.607,-633.045,9.93,629.42,0.7378,0.6746,0.0226,8
4131,Petal,7,ZONE_CLEARANCE_WATERWAY,Faculty of Oceanic Medicine & Genetics,0.8667,-1.0,663.117,-712.276,9.04,675.44,0.7308,0.6822,0.0235,8
4132,Petal,7,ZONE_HARBOR_BERTH,Faculty of Oceanic Medicine & Genetics,0.8667,-0.875,666.189,-709.204,11.07,675.44,0.7313,0.6816,0.0234,8
4133,Petal,7,ZONE_HARBOR_BERTH,Faculty of Oceanic Medicine & Genetics,0.8667,-0.75,669.262,-706.131,12.915,675.44,0.7319,0.6811,0.0234,8
4134,Petal,7,ZONE_HARBOR_BERTH,Faculty of Oceanic Medicine & Genetics,0.8667,-0.625,672.334,-703.059,14.574,675.44,0.7323,0.6806,0.0234,8
4135,Petal,7,ZONE_HARBOR_BERTH,Faculty of Oceanic Medicine & Genetics,0.8667,-0.5,675.407,-699.986,16.048,675.44,0.7327,0.6801,0.0234,8
4136,Petal,7,ZONE_HARBOR_BERTH,Faculty of Oceanic Medicine & Genetics,0.8667,-0.375,678.479,-696.914,17.337,675.44,0.733,0.6798,0.0233,8
4137,Petal,7,ZONE_HARBOR_BERTH,Faculty of Oceanic Medicine & Genetics,0.8667,-0.25,681.552,-693.841,18.439,675.44,0.7333,0.6795,0.0233,8
4138,Petal,7,ZONE_HARBOR_BERTH,Faculty of Oceanic Medicine & Genetics,0.8667,-0.125,684.624,-690.769,19.357,675.44,0.7336,0.6792,0.0233,8
4139,Petal,7,ZONE_HARBOR_BERTH,Faculty of Oceanic Medicine & Genetics,0.8667,0.0,687.696,-687.696,20.089,675.44,0.7335,0.6792,0.0231,8
4140,Petal,7,ZONE_HARBOR_BERTH,Faculty of Oceanic Medicine & Genetics,0.8667,0.125,690.769,-684.624,19.357,675.44,0.7333,0.6795,0.0231,8
4141,Petal,7,ZONE_HARBOR_BERTH,Faculty of Oceanic Medicine & Genetics,0.8667,0.25,693.841,-681.552,18.439,675.44,0.7331,0.6798,0.0231,8
4142,Petal,7,ZONE_HARBOR_BERTH,Faculty of Oceanic Medicine & Genetics,0.8667,0.375,696.914,-678.479,17.337,675.44,0.7327,0.6801,0.023,8
4143,Petal,7,ZONE_HARBOR_BERTH,Faculty of Oceanic Medicine & Genetics,0.8667,0.5,699.986,-675.407,16.048,675.44,0.7323,0.6805,0.023,8
4144,Petal,7,ZONE_HARBOR_BERTH,Faculty of Oceanic Medicine & Genetics,0.8667,0.625,703.059,-672.334,14.574,675.44,0.7319,0.681,0.023,8
4145,Petal,7,ZONE_HARBOR_BERTH,Faculty of Oceanic Medicine & Genetics,0.8667,0.75,706.131,-669.262,12.915,675.44,0.7314,0.6816,0.023,8
4146,Petal,7,ZONE_HARBOR_BERTH,Faculty of Oceanic Medicine & Genetics,0.8667,0.875,709.204,-666.189,11.07,675.44,0.7309,0.6821,0.023,8
4147,Petal,7,ZONE_CLEARANCE_WATERWAY,Faculty of Oceanic Medicine & Genetics,0.8667,1.0,712.276,-663.117,9.04,675.44,0.7305,0.6825,0.0232,8
4148,Petal,7,ZONE_CLEARANCE_WATERWAY,Faculty of Oceanic Medicine & Genetics,0.9,-1.0,692.767,-727.367,6.865,720.26,0.7237,0.6896,0.0255,8
4149,Petal,7,ZONE_HARBOR_BERTH,Faculty of Oceanic Medicine & Genetics,0.9,-0.875,694.929,-725.205,7.854,720.26,0.7241,0.6892,0.0255,8
4150,Petal,7,ZONE_HARBOR_BERTH,Faculty of Oceanic Medicine & Genetics,0.9,-0.75,697.092,-723.042,8.756,720.26,0.7245,0.6888,0.0255,8
4151,Petal,7,ZONE_HARBOR_BERTH,Faculty of Oceanic Medicine & Genetics,0.9,-0.625,699.254,-720.88,9.571,720.26,0.7249,0.6884,0.0254,8
4152,Petal,7,ZONE_HARBOR_BERTH,Faculty of Oceanic Medicine & Genetics,0.9,-0.5,701.417,-718.717,10.297,720.26,0.7252,0.6881,0.0254,8
4153,Petal,7,ZONE_HARBOR_BERTH,Faculty of Oceanic Medicine & Genetics,0.9,-0.375,703.579,-716.554,10.936,720.26,0.7254,0.6878,0.0254,8
4154,Petal,7,ZONE_HARBOR_BERTH,Faculty of Oceanic Medicine & Genetics,0.9,-0.25,705.742,-714.392,11.488,720.26,0.7256,0.6876,0.0254,8
4155,Petal,7,ZONE_HARBOR_BERTH,Faculty of Oceanic Medicine & Genetics,0.9,-0.125,707.904,-712.229,11.951,720.26,0.7258,0.6874,0.0254,8
4156,Petal,7,ZONE_HARBOR_BERTH,Faculty of Oceanic Medicine & Genetics,0.9,0.0,710.067,-710.067,12.328,720.26,0.7259,0.6874,0.0252,8
4157,Petal,7,ZONE_HARBOR_BERTH,Faculty of Oceanic Medicine & Genetics,0.9,0.125,712.229,-707.904,11.951,720.26,0.7257,0.6875,0.0252,8
4158,Petal,7,ZONE_HARBOR_BERTH,Faculty of Oceanic Medicine & Genetics,0.9,0.25,714.392,-705.742,11.488,720.26,0.7255,0.6878,0.0252,8
4159,Petal,7,ZONE_HARBOR_BERTH,Faculty of Oceanic Medicine & Genetics,0.9,0.375,716.554,-703.579,10.936,720.26,0.7252,0.688,0.0252,8
4160,Petal,7,ZONE_HARBOR_BERTH,Faculty of Oceanic Medicine & Genetics,0.9,0.5,718.717,-701.417,10.297,720.26,0.725,0.6883,0.0251,8
4161,Petal,7,ZONE_HARBOR_BERTH,Faculty of Oceanic Medicine & Genetics,0.9,0.625,720.88,-699.254,9.571,720.26,0.7246,0.6887,0.0251,8
4162,Petal,7,ZONE_HARBOR_BERTH,Faculty of Oceanic Medicine & Genetics,0.9,0.75,723.042,-697.092,8.756,720.26,0.7243,0.6891,0.0251,8
4163,Petal,7,ZONE_HARBOR_BERTH,Faculty of Oceanic Medicine & Genetics,0.9,0.875,725.205,-694.929,7.854,720.26,0.7239,0.6895,0.0251,8
4164,Petal,7,ZONE_CLEARANCE_WATERWAY,Faculty of Oceanic Medicine & Genetics,0.9,1.0,727.367,-692.767,6.865,720.26,0.7236,0.6898,0.0253,8
4165,Petal,7,ZONE_CLEARANCE_WATERWAY,Faculty of Oceanic Medicine & Genetics,0.9333,-1.0,721.877,-742.997,3.963,763.56,0.7171,0.6963,0.0308,8
4166,Petal,7,ZONE_HARBOR_BERTH,Faculty of Oceanic Medicine & Genetics,0.9333,-0.875,723.197,-741.677,4.303,763.56,0.7174,0.696,0.0307,8
4167,Petal,7,ZONE_HARBOR_BERTH,Faculty of Oceanic Medicine & Genetics,0.9333,-0.75,724.517,-740.357,4.614,763.56,0.7176,0.6958,0.0307,8
4168,Petal,7,ZONE_HARBOR_BERTH,Faculty of Oceanic Medicine & Genetics,0.9333,-0.625,725.837,-739.037,4.897,763.56,0.7178,0.6955,0.0307,8
4169,Petal,7,ZONE_HARBOR_BERTH,Faculty of Oceanic Medicine & Genetics,0.9333,-0.5,727.157,-737.717,5.151,763.56,0.718,0.6953,0.0307,8
4170,Petal,7,ZONE_HARBOR_BERTH,Faculty of Oceanic Medicine & Genetics,0.9333,-0.375,728.477,-736.397,5.377,763.56,0.7182,0.6952,0.0307,8
4171,Petal,7,ZONE_HARBOR_BERTH,Faculty of Oceanic Medicine & Genetics,0.9333,-0.25,729.797,-735.077,5.574,763.56,0.7183,0.695,0.0307,8
4172,Petal,7,ZONE_HARBOR_BERTH,Faculty of Oceanic Medicine & Genetics,0.9333,-0.125,731.117,-733.757,5.742,763.56,0.7185,0.6949,0.0307,8
4173,Petal,7,ZONE_HARBOR_BERTH,Faculty of Oceanic Medicine & Genetics,0.9333,0.0,732.437,-732.437,5.881,763.56,0.7185,0.6948,0.0305,8
4174,Petal,7,ZONE_HARBOR_BERTH,Faculty of Oceanic Medicine & Genetics,0.9333,0.125,733.757,-731.117,5.742,763.56,0.7184,0.695,0.0305,8
4175,Petal,7,ZONE_HARBOR_BERTH,Faculty of Oceanic Medicine & Genetics,0.9333,0.25,735.077,-729.797,5.574,763.56,0.7183,0.6951,0.0305,8
4176,Petal,7,ZONE_HARBOR_BERTH,Faculty of Oceanic Medicine & Genetics,0.9333,0.375,736.397,-728.477,5.377,763.56,0.7181,0.6953,0.0305,8
4177,Petal,7,ZONE_HARBOR_BERTH,Faculty of Oceanic Medicine & Genetics,0.9333,0.5,737.717,-727.157,5.151,763.56,0.7179,0.6954,0.0305,8
4178,Petal,7,ZONE_HARBOR_BERTH,Faculty of Oceanic Medicine & Genetics,0.9333,0.625,739.037,-725.837,4.897,763.56,0.7177,0.6956,0.0304,8
4179,Petal,7,ZONE_HARBOR_BERTH,Faculty of Oceanic Medicine & Genetics,0.9333,0.75,740.357,-724.517,4.614,763.56,0.7175,0.6959,0.0304,8
4180,Petal,7,ZONE_HARBOR_BERTH,Faculty of Oceanic Medicine & Genetics,0.9333,0.875,741.677,-723.197,4.303,763.56,0.7173,0.6961,0.0304,8
4181,Petal,7,ZONE_CLEARANCE_WATERWAY,Faculty of Oceanic Medicine & Genetics,0.9333,1.0,742.997,-721.877,3.963,763.56,0.717,0.6964,0.0306,8
4182,Petal,7,ZONE_CLEARANCE_WATERWAY,Faculty of Oceanic Medicine & Genetics,0.9667,-1.0,750.248,-759.367,1.248,804.77,0.7108,0.7018,0.047,8
4183,Petal,7,ZONE_HARBOR_BERTH,Faculty of Oceanic Medicine & Genetics,0.9667,-0.875,750.818,-758.797,1.299,804.77,0.7109,0.7017,0.047,8
4184,Petal,7,ZONE_HARBOR_BERTH,Faculty of Oceanic Medicine & Genetics,0.9667,-0.75,751.388,-758.227,1.347,804.77,0.711,0.7016,0.047,8
4185,Petal,7,ZONE_HARBOR_BERTH,Faculty of Oceanic Medicine & Genetics,0.9667,-0.625,751.958,-757.657,1.39,804.77,0.7111,0.7015,0.047,8
4186,Petal,7,ZONE_HARBOR_BERTH,Faculty of Oceanic Medicine & Genetics,0.9667,-0.5,752.528,-757.087,1.429,804.77,0.7112,0.7014,0.047,8
4187,Petal,7,ZONE_HARBOR_BERTH,Faculty of Oceanic Medicine & Genetics,0.9667,-0.375,753.098,-756.517,1.465,804.77,0.7113,0.7013,0.047,8
4188,Petal,7,ZONE_HARBOR_BERTH,Faculty of Oceanic Medicine & Genetics,0.9667,-0.25,753.668,-755.948,1.496,804.77,0.7114,0.7012,0.047,8
4189,Petal,7,ZONE_HARBOR_BERTH,Faculty of Oceanic Medicine & Genetics,0.9667,-0.125,754.238,-755.378,1.524,804.77,0.7114,0.7012,0.047,8
4190,Petal,7,ZONE_HARBOR_BERTH,Faculty of Oceanic Medicine & Genetics,0.9667,0.0,754.808,-754.808,1.548,804.77,0.7115,0.7012,0.0468,8
4191,Petal,7,ZONE_HARBOR_BERTH,Faculty of Oceanic Medicine & Genetics,0.9667,0.125,755.378,-754.238,1.524,804.77,0.7114,0.7012,0.0468,8
4192,Petal,7,ZONE_HARBOR_BERTH,Faculty of Oceanic Medicine & Genetics,0.9667,0.25,755.948,-753.668,1.496,804.77,0.7114,0.7013,0.0468,8
4193,Petal,7,ZONE_HARBOR_BERTH,Faculty of Oceanic Medicine & Genetics,0.9667,0.375,756.517,-753.098,1.465,804.77,0.7113,0.7013,0.0468,8
4194,Petal,7,ZONE_HARBOR_BERTH,Faculty of Oceanic Medicine & Genetics,0.9667,0.5,757.087,-752.528,1.429,804.77,0.7112,0.7014,0.0468,8
4195,Petal,7,ZONE_HARBOR_BERTH,Faculty of Oceanic Medicine & Genetics,0.9667,0.625,757.657,-751.958,1.39,804.77,0.7111,0.7015,0.0468,8
4196,Petal,7,ZONE_HARBOR_BERTH,Faculty of Oceanic Medicine & Genetics,0.9667,0.75,758.227,-751.388,1.347,804.77,0.711,0.7016,0.0468,8
4197,Petal,7,ZONE_HARBOR_BERTH,Faculty of Oceanic Medicine & Genetics,0.9667,0.875,758.797,-750.818,1.299,804.77,0.7109,0.7017,0.0468,8
4198,Petal,7,ZONE_CLEARANCE_WATERWAY,Faculty of Oceanic Medicine & Genetics,0.9667,1.0,759.367,-750.248,1.248,804.77,0.7108,0.7018,0.0469,8
4199,Petal,7,ZONE_CLEARANCE_WATERWAY,Faculty of Oceanic Medicine & Genetics,1.0,-1.0,777.178,-777.178,0.0,841.9,0.0,-0.0,1.0,8
4200,Petal,7,ZONE_HARBOR_BERTH,Faculty of Oceanic Medicine & Genetics,1.0,-0.875,777.178,-777.178,0.0,841.9,-0.0,0.0,1.0,8
4201,Petal,7,ZONE_HARBOR_BERTH,Faculty of Oceanic Medicine & Genetics,1.0,-0.75,777.178,-777.178,0.0,841.9,-0.0,0.0,1.0,8
4202,Petal,7,ZONE_HARBOR_BERTH,Faculty of Oceanic Medicine & Genetics,1.0,-0.625,777.178,-777.178,0.0,841.9,-0.0,0.0,1.0,8
4203,Petal,7,ZONE_HARBOR_BERTH,Faculty of Oceanic Medicine & Genetics,1.0,-0.5,777.178,-777.178,0.0,841.9,-0.0,0.0,1.0,8
4204,Petal,7,ZONE_HARBOR_BERTH,Faculty of Oceanic Medicine & Genetics,1.0,-0.375,777.178,-777.178,0.0,841.9,-0.0,0.0,1.0,8
4205,Petal,7,ZONE_HARBOR_BERTH,Faculty of Oceanic Medicine & Genetics,1.0,-0.25,777.178,-777.178,0.0,841.9,-0.0,0.0,1.0,8
4206,Petal,7,ZONE_HARBOR_BERTH,Faculty of Oceanic Medicine & Genetics,1.0,-0.125,777.178,-777.178,0.0,841.9,-0.0,0.0,1.0,8
4207,Petal,7,ZONE_HARBOR_BERTH,Faculty of Oceanic Medicine & Genetics,1.0,0.0,777.178,-777.178,0.0,841.9,-0.0,0.0,1.0,8
4208,Petal,7,ZONE_HARBOR_BERTH,Faculty of Oceanic Medicine & Genetics,1.0,0.125,777.178,-777.178,0.0,841.9,-0.0,0.0,1.0,8
4209,Petal,7,ZONE_HARBOR_BERTH,Faculty of Oceanic Medicine & Genetics,1.0,0.25,777.178,-777.178,0.0,841.9,-0.0,0.0,1.0,8
4210,Petal,7,ZONE_HARBOR_BERTH,Faculty of Oceanic Medicine & Genetics,1.0,0.375,777.178,-777.178,0.0,841.9,-0.0,0.0,1.0,8
4211,Petal,7,ZONE_HARBOR_BERTH,Faculty of Oceanic Medicine & Genetics,1.0,0.5,777.178,-777.178,0.0,841.9,-0.0,0.0,1.0,8
4212,Petal,7,ZONE_HARBOR_BERTH,Faculty of Oceanic Medicine & Genetics,1.0,0.625,777.178,-777.178,0.0,841.9,-0.0,0.0,1.0,8
4213,Petal,7,ZONE_HARBOR_BERTH,Faculty of Oceanic Medicine & Genetics,1.0,0.75,777.178,-777.178,0.0,841.9,-0.0,0.0,1.0,8
4214,Petal,7,ZONE_HARBOR_BERTH,Faculty of Oceanic Medicine & Genetics,1.0,0.875,777.178,-777.178,0.0,841.9,-0.0,0.0,1.0,8
4215,Petal,7,ZONE_CLEARANCE_WATERWAY,Faculty of Oceanic Medicine & Genetics,1.0,1.0,777.178,-777.178,0.0,841.9,0.0,0.0,1.0,8
4216,StamenPylon,-1,ZONE_CORE_CITADEL,Barrier Defense Forcefield Ring,0.0,0.0,150.0,0.0,12.0,0.0,-0.24,-0.0,0.97,0
4217,StamenPylon,-1,ZONE_CORE_CITADEL,Barrier Defense Forcefield Ring,0.0,0.0,149.396,13.446,12.0,0.0,-0.239,-0.0215,0.97,0
4218,StamenPylon,-1,ZONE_CORE_CITADEL,Barrier Defense Forcefield Ring,0.0,0.0,147.589,26.784,12.0,0.0,-0.2361,-0.0429,0.97,0
4219,StamenPylon,-1,ZONE_CORE_CITADEL,Barrier Defense Forcefield Ring,0.0,0.0,144.594,39.906,12.0,0.0,-0.2314,-0.0638,0.97,0
4220,StamenPylon,-1,ZONE_CORE_CITADEL,Barrier Defense Forcefield Ring,0.0,0.0,140.435,52.706,12.0,0.0,-0.2247,-0.0843,0.97,0
4221,StamenPylon,-1,ZONE_CORE_CITADEL,Barrier Defense Forcefield Ring,0.0,0.0,135.145,65.083,12.0,0.0,-0.2162,-0.1041,0.97,0
4222,StamenPylon,-1,ZONE_CORE_CITADEL,Barrier Defense Forcefield Ring,0.0,0.0,128.767,76.935,12.0,0.0,-0.206,-0.1231,0.97,0
4223,StamenPylon,-1,ZONE_CORE_CITADEL,Barrier Defense Forcefield Ring,0.0,0.0,121.353,88.168,12.0,0.0,-0.1942,-0.1411,0.97,0
4224,StamenPylon,-1,ZONE_CORE_CITADEL,Barrier Defense Forcefield Ring,0.0,0.0,112.961,98.691,12.0,0.0,-0.1807,-0.1579,0.97,0
4225,StamenPylon,-1,ZONE_CORE_CITADEL,Barrier Defense Forcefield Ring,0.0,0.0,103.659,108.419,12.0,0.0,-0.1659,-0.1735,0.97,0
4226,StamenPylon,-1,ZONE_CORE_CITADEL,Barrier Defense Forcefield Ring,0.0,0.0,93.523,117.275,12.0,0.0,-0.1496,-0.1876,0.97,0
4227,StamenPylon,-1,ZONE_CORE_CITADEL,Barrier Defense Forcefield Ring,0.0,0.0,82.635,125.186,12.0,0.0,-0.1322,-0.2003,0.97,0
4228,StamenPylon,-1,ZONE_CORE_CITADEL,Barrier Defense Forcefield Ring,0.0,0.0,71.08,132.089,12.0,0.0,-0.1137,-0.2113,0.97,0
4229,StamenPylon,-1,ZONE_CORE_CITADEL,Barrier Defense Forcefield Ring,0.0,0.0,58.954,137.929,12.0,0.0,-0.0943,-0.2207,0.97,0
4230,StamenPylon,-1,ZONE_CORE_CITADEL,Barrier Defense Forcefield Ring,0.0,0.0,46.353,142.658,12.0,0.0,-0.0742,-0.2283,0.97,0
4231,StamenPylon,-1,ZONE_CORE_CITADEL,Barrier Defense Forcefield Ring,0.0,0.0,33.378,146.239,12.0,0.0,-0.0534,-0.234,0.97,0
4232,StamenPylon,-1,ZONE_CORE_CITADEL,Barrier Defense Forcefield Ring,0.0,0.0,20.135,148.642,12.0,0.0,-0.0322,-0.2378,0.97,0
4233,StamenPylon,-1,ZONE_CORE_CITADEL,Barrier Defense Forcefield Ring,0.0,0.0,6.73,149.849,12.0,0.0,-0.0108,-0.2398,0.97,0
4234,StamenPylon,-1,ZONE_CORE_CITADEL,Barrier Defense Forcefield Ring,0.0,0.0,-6.73,149.849,12.0,0.0,0.0108,-0.2398,0.97,0
4235,StamenPylon,-1,ZONE_CORE_CITADEL,Barrier Defense Forcefield Ring,0.0,0.0,-20.135,148.642,12.0,0.0,0.0322,-0.2378,0.97,0
4236,StamenPylon,-1,ZONE_CORE_CITADEL,Barrier Defense Forcefield Ring,0.0,0.0,-33.378,146.239,12.0,0.0,0.0534,-0.234,0.97,0
4237,StamenPylon,-1,ZONE_CORE_CITADEL,Barrier Defense Forcefield Ring,0.0,0.0,-46.353,142.658,12.0,0.0,0.0742,-0.2283,0.97,0
4238,StamenPylon,-1,ZONE_CORE_CITADEL,Barrier Defense Forcefield Ring,0.0,0.0,-58.954,137.929,12.0,0.0,0.0943,-0.2207,0.97,0
4239,StamenPylon,-1,ZONE_CORE_CITADEL,Barrier Defense Forcefield Ring,0.0,0.0,-71.08,132.089,12.0,0.0,0.1137,-0.2113,0.97,0
4240,StamenPylon,-1,ZONE_CORE_CITADEL,Barrier Defense Forcefield Ring,0.0,0.0,-82.635,125.186,12.0,0.0,0.1322,-0.2003,0.97,0
4241,StamenPylon,-1,ZONE_CORE_CITADEL,Barrier Defense Forcefield Ring,0.0,0.0,-93.523,117.275,12.0,0.0,0.1496,-0.1876,0.97,0
4242,StamenPylon,-1,ZONE_CORE_CITADEL,Barrier Defense Forcefield Ring,0.0,0.0,-103.659,108.419,12.0,0.0,0.1659,-0.1735,0.97,0
4243,StamenPylon,-1,ZONE_CORE_CITADEL,Barrier Defense Forcefield Ring,0.0,0.0,-112.961,98.691,12.0,0.0,0.1807,-0.1579,0.97,0
4244,StamenPylon,-1,ZONE_CORE_CITADEL,Barrier Defense Forcefield Ring,0.0,0.0,-121.353,88.168,12.0,0.0,0.1942,-0.1411,0.97,0
4245,StamenPylon,-1,ZONE_CORE_CITADEL,Barrier Defense Forcefield Ring,0.0,0.0,-128.767,76.935,12.0,0.0,0.206,-0.1231,0.97,0
4246,StamenPylon,-1,ZONE_CORE_CITADEL,Barrier Defense Forcefield Ring,0.0,0.0,-135.145,65.083,12.0,0.0,0.2162,-0.1041,0.97,0
4247,StamenPylon,-1,ZONE_CORE_CITADEL,Barrier Defense Forcefield Ring,0.0,0.0,-140.435,52.706,12.0,0.0,0.2247,-0.0843,0.97,0
4248,StamenPylon,-1,ZONE_CORE_CITADEL,Barrier Defense Forcefield Ring,0.0,0.0,-144.594,39.906,12.0,0.0,0.2314,-0.0638,0.97,0
4249,StamenPylon,-1,ZONE_CORE_CITADEL,Barrier Defense Forcefield Ring,0.0,0.0,-147.589,26.784,12.0,0.0,0.2361,-0.0429,0.97,0
4250,StamenPylon,-1,ZONE_CORE_CITADEL,Barrier Defense Forcefield Ring,0.0,0.0,-149.396,13.446,12.0,0.0,0.239,-0.0215,0.97,0
4251,StamenPylon,-1,ZONE_CORE_CITADEL,Barrier Defense Forcefield Ring,0.0,0.0,-150.0,0.0,12.0,0.0,0.24,-0.0,0.97,0
4252,StamenPylon,-1,ZONE_CORE_CITADEL,Barrier Defense Forcefield Ring,0.0,0.0,-149.396,-13.446,12.0,0.0,0.239,0.0215,0.97,0
4253,StamenPylon,-1,ZONE_CORE_CITADEL,Barrier Defense Forcefield Ring,0.0,0.0,-147.589,-26.784,12.0,0.0,0.2361,0.0429,0.97,0
4254,StamenPylon,-1,ZONE_CORE_CITADEL,Barrier Defense Forcefield Ring,0.0,0.0,-144.594,-39.906,12.0,0.0,0.2314,0.0638,0.97,0
4255,StamenPylon,-1,ZONE_CORE_CITADEL,Barrier Defense Forcefield Ring,0.0,0.0,-140.435,-52.706,12.0,0.0,0.2247,0.0843,0.97,0
4256,StamenPylon,-1,ZONE_CORE_CITADEL,Barrier Defense Forcefield Ring,0.0,0.0,-135.145,-65.083,12.0,0.0,0.2162,0.1041,0.97,0
4257,StamenPylon,-1,ZONE_CORE_CITADEL,Barrier Defense Forcefield Ring,0.0,0.0,-128.767,-76.935,12.0,0.0,0.206,0.1231,0.97,0
4258,StamenPylon,-1,ZONE_CORE_CITADEL,Barrier Defense Forcefield Ring,0.0,0.0,-121.353,-88.168,12.0,0.0,0.1942,0.1411,0.97,0
4259,StamenPylon,-1,ZONE_CORE_CITADEL,Barrier Defense Forcefield Ring,0.0,0.0,-112.961,-98.691,12.0,0.0,0.1807,0.1579,0.97,0
4260,StamenPylon,-1,ZONE_CORE_CITADEL,Barrier Defense Forcefield Ring,0.0,0.0,-103.659,-108.419,12.0,0.0,0.1659,0.1735,0.97,0
4261,StamenPylon,-1,ZONE_CORE_CITADEL,Barrier Defense Forcefield Ring,0.0,0.0,-93.523,-117.275,12.0,0.0,0.1496,0.1876,0.97,0
4262,StamenPylon,-1,ZONE_CORE_CITADEL,Barrier Defense Forcefield Ring,0.0,0.0,-82.635,-125.186,12.0,0.0,0.1322,0.2003,0.97,0
4263,StamenPylon,-1,ZONE_CORE_CITADEL,Barrier Defense Forcefield Ring,0.0,0.0,-71.08,-132.089,12.0,0.0,0.1137,0.2113,0.97,0
4264,StamenPylon,-1,ZONE_CORE_CITADEL,Barrier Defense Forcefield Ring,0.0,0.0,-58.954,-137.929,12.0,0.0,0.0943,0.2207,0.97,0
4265,StamenPylon,-1,ZONE_CORE_CITADEL,Barrier Defense Forcefield Ring,0.0,0.0,-46.353,-142.658,12.0,0.0,0.0742,0.2283,0.97,0
4266,StamenPylon,-1,ZONE_CORE_CITADEL,Barrier Defense Forcefield Ring,0.0,0.0,-33.378,-146.239,12.0,0.0,0.0534,0.234,0.97,0
4267,StamenPylon,-1,ZONE_CORE_CITADEL,Barrier Defense Forcefield Ring,0.0,0.0,-20.135,-148.642,12.0,0.0,0.0322,0.2378,0.97,0
4268,StamenPylon,-1,ZONE_CORE_CITADEL,Barrier Defense Forcefield Ring,0.0,0.0,-6.73,-149.849,12.0,0.0,0.0108,0.2398,0.97,0
4269,StamenPylon,-1,ZONE_CORE_CITADEL,Barrier Defense Forcefield Ring,0.0,0.0,6.73,-149.849,12.0,0.0,-0.0108,0.2398,0.97,0
4270,StamenPylon,-1,ZONE_CORE_CITADEL,Barrier Defense Forcefield Ring,0.0,0.0,20.135,-148.642,12.0,0.0,-0.0322,0.2378,0.97,0
4271,StamenPylon,-1,ZONE_CORE_CITADEL,Barrier Defense Forcefield Ring,0.0,0.0,33.378,-146.239,12.0,0.0,-0.0534,0.234,0.97,0
4272,StamenPylon,-1,ZONE_CORE_CITADEL,Barrier Defense Forcefield Ring,0.0,0.0,46.353,-142.658,12.0,0.0,-0.0742,0.2283,0.97,0
4273,StamenPylon,-1,ZONE_CORE_CITADEL,Barrier Defense Forcefield Ring,0.0,0.0,58.954,-137.929,12.0,0.0,-0.0943,0.2207,0.97,0
4274,StamenPylon,-1,ZONE_CORE_CITADEL,Barrier Defense Forcefield Ring,0.0,0.0,71.08,-132.089,12.0,0.0,-0.1137,0.2113,0.97,0
4275,StamenPylon,-1,ZONE_CORE_CITADEL,Barrier Defense Forcefield Ring,0.0,0.0,82.635,-125.186,12.0,0.0,-0.1322,0.2003,0.97,0
4276,StamenPylon,-1,ZONE_CORE_CITADEL,Barrier Defense Forcefield Ring,0.0,0.0,93.523,-117.275,12.0,0.0,-0.1496,0.1876,0.97,0
4277,StamenPylon,-1,ZONE_CORE_CITADEL,Barrier Defense Forcefield Ring,0.0,0.0,103.659,-108.419,12.0,0.0,-0.1659,0.1735,0.97,0
4278,StamenPylon,-1,ZONE_CORE_CITADEL,Barrier Defense Forcefield Ring,0.0,0.0,112.961,-98.691,12.0,0.0,-0.1807,0.1579,0.97,0
4279,StamenPylon,-1,ZONE_CORE_CITADEL,Barrier Defense Forcefield Ring,0.0,0.0,121.353,-88.168,12.0,0.0,-0.1942,0.1411,0.97,0
4280,StamenPylon,-1,ZONE_CORE_CITADEL,Barrier Defense Forcefield Ring,0.0,0.0,128.767,-76.935,12.0,0.0,-0.206,0.1231,0.97,0
4281,StamenPylon,-1,ZONE_CORE_CITADEL,Barrier Defense Forcefield Ring,0.0,0.0,135.145,-65.083,12.0,0.0,-0.2162,0.1041,0.97,0
4282,StamenPylon,-1,ZONE_CORE_CITADEL,Barrier Defense Forcefield Ring,0.0,0.0,140.435,-52.706,12.0,0.0,-0.2247,0.0843,0.97,0
4283,StamenPylon,-1,ZONE_CORE_CITADEL,Barrier Defense Forcefield Ring,0.0,0.0,144.594,-39.906,12.0,0.0,-0.2314,0.0638,0.97,0
4284,StamenPylon,-1,ZONE_CORE_CITADEL,Barrier Defense Forcefield Ring,0.0,0.0,147.589,-26.784,12.0,0.0,-0.2361,0.0429,0.97,0
4285,StamenPylon,-1,ZONE_CORE_CITADEL,Barrier Defense Forcefield Ring,0.0,0.0,149.396,-13.446,12.0,0.0,-0.239,0.0215,0.97,0
4286,CitadelDeck,-1,ZONE_CORE_CITADEL,Grand Academic Citadel & Assembly Plaza,0.2,0.0,25.5,0.0,15.0,0.0,0.0,0.0,1.0,0
4287,CitadelDeck,-1,ZONE_CORE_CITADEL,Grand Academic Citadel & Assembly Plaza,0.2,0.125,18.031,18.031,15.0,0.0,0.0,0.0,1.0,0
4288,CitadelDeck,-1,ZONE_CORE_CITADEL,Grand Academic Citadel & Assembly Plaza,0.2,0.25,0.0,25.5,15.0,0.0,0.0,0.0,1.0,0
4289,CitadelDeck,-1,ZONE_CORE_CITADEL,Grand Academic Citadel & Assembly Plaza,0.2,0.375,-18.031,18.031,15.0,0.0,0.0,0.0,1.0,0
4290,CitadelDeck,-1,ZONE_CORE_CITADEL,Grand Academic Citadel & Assembly Plaza,0.2,0.5,-25.5,0.0,15.0,0.0,0.0,0.0,1.0,0
4291,CitadelDeck,-1,ZONE_CORE_CITADEL,Grand Academic Citadel & Assembly Plaza,0.2,0.625,-18.031,-18.031,15.0,0.0,0.0,0.0,1.0,0
4292,CitadelDeck,-1,ZONE_CORE_CITADEL,Grand Academic Citadel & Assembly Plaza,0.2,0.75,-0.0,-25.5,15.0,0.0,0.0,0.0,1.0,0
4293,CitadelDeck,-1,ZONE_CORE_CITADEL,Grand Academic Citadel & Assembly Plaza,0.2,0.875,18.031,-18.031,15.0,0.0,0.0,0.0,1.0,0
4294,CitadelDeck,-1,ZONE_CORE_CITADEL,Grand Academic Citadel & Assembly Plaza,0.4,0.0,51.0,0.0,15.0,0.0,0.0,0.0,1.0,0
4295,CitadelDeck,-1,ZONE_CORE_CITADEL,Grand Academic Citadel & Assembly Plaza,0.4,0.0625,47.118,19.517,15.0,0.0,0.0,0.0,1.0,0
4296,CitadelDeck,-1,ZONE_CORE_CITADEL,Grand Academic Citadel & Assembly Plaza,0.4,0.125,36.062,36.062,15.0,0.0,0.0,0.0,1.0,0
4297,CitadelDeck,-1,ZONE_CORE_CITADEL,Grand Academic Citadel & Assembly Plaza,0.4,0.1875,19.517,47.118,15.0,0.0,0.0,0.0,1.0,0
4298,CitadelDeck,-1,ZONE_CORE_CITADEL,Grand Academic Citadel & Assembly Plaza,0.4,0.25,0.0,51.0,15.0,0.0,0.0,0.0,1.0,0
4299,CitadelDeck,-1,ZONE_CORE_CITADEL,Grand Academic Citadel & Assembly Plaza,0.4,0.3125,-19.517,47.118,15.0,0.0,0.0,0.0,1.0,0
4300,CitadelDeck,-1,ZONE_CORE_CITADEL,Grand Academic Citadel & Assembly Plaza,0.4,0.375,-36.062,36.062,15.0,0.0,0.0,0.0,1.0,0
4301,CitadelDeck,-1,ZONE_CORE_CITADEL,Grand Academic Citadel & Assembly Plaza,0.4,0.4375,-47.118,19.517,15.0,0.0,0.0,0.0,1.0,0
4302,CitadelDeck,-1,ZONE_CORE_CITADEL,Grand Academic Citadel & Assembly Plaza,0.4,0.5,-51.0,0.0,15.0,0.0,0.0,0.0,1.0,0
4303,CitadelDeck,-1,ZONE_CORE_CITADEL,Grand Academic Citadel & Assembly Plaza,0.4,0.5625,-47.118,-19.517,15.0,0.0,0.0,0.0,1.0,0
4304,CitadelDeck,-1,ZONE_CORE_CITADEL,Grand Academic Citadel & Assembly Plaza,0.4,0.625,-36.062,-36.062,15.0,0.0,0.0,0.0,1.0,0
4305,CitadelDeck,-1,ZONE_CORE_CITADEL,Grand Academic Citadel & Assembly Plaza,0.4,0.6875,-19.517,-47.118,15.0,0.0,0.0,0.0,1.0,0
4306,CitadelDeck,-1,ZONE_CORE_CITADEL,Grand Academic Citadel & Assembly Plaza,0.4,0.75,-0.0,-51.0,15.0,0.0,0.0,0.0,1.0,0
4307,CitadelDeck,-1,ZONE_CORE_CITADEL,Grand Academic Citadel & Assembly Plaza,0.4,0.8125,19.517,-47.118,15.0,0.0,0.0,0.0,1.0,0
4308,CitadelDeck,-1,ZONE_CORE_CITADEL,Grand Academic Citadel & Assembly Plaza,0.4,0.875,36.062,-36.062,15.0,0.0,0.0,0.0,1.0,0
4309,CitadelDeck,-1,ZONE_CORE_CITADEL,Grand Academic Citadel & Assembly Plaza,0.4,0.9375,47.118,-19.517,15.0,0.0,0.0,0.0,1.0,0
4310,CitadelDeck,-1,ZONE_CORE_CITADEL,Grand Academic Citadel & Assembly Plaza,0.6,0.0,76.5,0.0,15.0,0.0,0.0,0.0,1.0,0
4311,CitadelDeck,-1,ZONE_CORE_CITADEL,Grand Academic Citadel & Assembly Plaza,0.6,0.0417,73.893,19.8,15.0,0.0,0.0,0.0,1.0,0
4312,CitadelDeck,-1,ZONE_CORE_CITADEL,Grand Academic Citadel & Assembly Plaza,0.6,0.0833,66.251,38.25,15.0,0.0,0.0,0.0,1.0,0
4313,CitadelDeck,-1,ZONE_CORE_CITADEL,Grand Academic Citadel & Assembly Plaza,0.6,0.125,54.094,54.094,15.0,0.0,0.0,0.0,1.0,0
4314,CitadelDeck,-1,ZONE_CORE_CITADEL,Grand Academic Citadel & Assembly Plaza,0.6,0.1667,38.25,66.251,15.0,0.0,0.0,0.0,1.0,0
4315,CitadelDeck,-1,ZONE_CORE_CITADEL,Grand Academic Citadel & Assembly Plaza,0.6,0.2083,19.8,73.893,15.0,0.0,0.0,0.0,1.0,0
4316,CitadelDeck,-1,ZONE_CORE_CITADEL,Grand Academic Citadel & Assembly Plaza,0.6,0.25,0.0,76.5,15.0,0.0,0.0,0.0,1.0,0
4317,CitadelDeck,-1,ZONE_CORE_CITADEL,Grand Academic Citadel & Assembly Plaza,0.6,0.2917,-19.8,73.893,15.0,0.0,0.0,0.0,1.0,0
4318,CitadelDeck,-1,ZONE_CORE_CITADEL,Grand Academic Citadel & Assembly Plaza,0.6,0.3333,-38.25,66.251,15.0,0.0,0.0,0.0,1.0,0
4319,CitadelDeck,-1,ZONE_CORE_CITADEL,Grand Academic Citadel & Assembly Plaza,0.6,0.375,-54.094,54.094,15.0,0.0,0.0,0.0,1.0,0
4320,CitadelDeck,-1,ZONE_CORE_CITADEL,Grand Academic Citadel & Assembly Plaza,0.6,0.4167,-66.251,38.25,15.0,0.0,0.0,0.0,1.0,0
4321,CitadelDeck,-1,ZONE_CORE_CITADEL,Grand Academic Citadel & Assembly Plaza,0.6,0.4583,-73.893,19.8,15.0,0.0,0.0,0.0,1.0,0
4322,CitadelDeck,-1,ZONE_CORE_CITADEL,Grand Academic Citadel & Assembly Plaza,0.6,0.5,-76.5,0.0,15.0,0.0,0.0,0.0,1.0,0
4323,CitadelDeck,-1,ZONE_CORE_CITADEL,Grand Academic Citadel & Assembly Plaza,0.6,0.5417,-73.893,-19.8,15.0,0.0,0.0,0.0,1.0,0
4324,CitadelDeck,-1,ZONE_CORE_CITADEL,Grand Academic Citadel & Assembly Plaza,0.6,0.5833,-66.251,-38.25,15.0,0.0,0.0,0.0,1.0,0
4325,CitadelDeck,-1,ZONE_CORE_CITADEL,Grand Academic Citadel & Assembly Plaza,0.6,0.625,-54.094,-54.094,15.0,0.0,0.0,0.0,1.0,0
4326,CitadelDeck,-1,ZONE_CORE_CITADEL,Grand Academic Citadel & Assembly Plaza,0.6,0.6667,-38.25,-66.251,15.0,0.0,0.0,0.0,1.0,0
4327,CitadelDeck,-1,ZONE_CORE_CITADEL,Grand Academic Citadel & Assembly Plaza,0.6,0.7083,-19.8,-73.893,15.0,0.0,0.0,0.0,1.0,0
4328,CitadelDeck,-1,ZONE_CORE_CITADEL,Grand Academic Citadel & Assembly Plaza,0.6,0.75,-0.0,-76.5,15.0,0.0,0.0,0.0,1.0,0
4329,CitadelDeck,-1,ZONE_CORE_CITADEL,Grand Academic Citadel & Assembly Plaza,0.6,0.7917,19.8,-73.893,15.0,0.0,0.0,0.0,1.0,0
4330,CitadelDeck,-1,ZONE_CORE_CITADEL,Grand Academic Citadel & Assembly Plaza,0.6,0.8333,38.25,-66.251,15.0,0.0,0.0,0.0,1.0,0
4331,CitadelDeck,-1,ZONE_CORE_CITADEL,Grand Academic Citadel & Assembly Plaza,0.6,0.875,54.094,-54.094,15.0,0.0,0.0,0.0,1.0,0
4332,CitadelDeck,-1,ZONE_CORE_CITADEL,Grand Academic Citadel & Assembly Plaza,0.6,0.9167,66.251,-38.25,15.0,0.0,0.0,0.0,1.0,0
4333,CitadelDeck,-1,ZONE_CORE_CITADEL,Grand Academic Citadel & Assembly Plaza,0.6,0.9583,73.893,-19.8,15.0,0.0,0.0,0.0,1.0,0
4334,CitadelDeck,-1,ZONE_CORE_CITADEL,Grand Academic Citadel & Assembly Plaza,0.8,0.0,102.0,0.0,15.0,0.0,0.0,0.0,1.0,0
4335,CitadelDeck,-1,ZONE_CORE_CITADEL,Grand Academic Citadel & Assembly Plaza,0.8,0.0312,100.04,19.899,15.0,0.0,0.0,0.0,1.0,0
4336,CitadelDeck,-1,ZONE_CORE_CITADEL,Grand Academic Citadel & Assembly Plaza,0.8,0.0625,94.236,39.034,15.0,0.0,0.0,0.0,1.0,0
4337,CitadelDeck,-1,ZONE_CORE_CITADEL,Grand Academic Citadel & Assembly Plaza,0.8,0.0938,84.81,56.668,15.0,0.0,0.0,0.0,1.0,0
4338,CitadelDeck,-1,ZONE_CORE_CITADEL,Grand Academic Citadel & Assembly Plaza,0.8,0.125,72.125,72.125,15.0,0.0,0.0,0.0,1.0,0
4339,CitadelDeck,-1,ZONE_CORE_CITADEL,Grand Academic Citadel & Assembly Plaza,0.8,0.1562,56.668,84.81,15.0,0.0,0.0,0.0,1.0,0
4340,CitadelDeck,-1,ZONE_CORE_CITADEL,Grand Academic Citadel & Assembly Plaza,0.8,0.1875,39.034,94.236,15.0,0.0,0.0,0.0,1.0,0
4341,CitadelDeck,-1,ZONE_CORE_CITADEL,Grand Academic Citadel & Assembly Plaza,0.8,0.2188,19.899,100.04,15.0,0.0,0.0,0.0,1.0,0
4342,CitadelDeck,-1,ZONE_CORE_CITADEL,Grand Academic Citadel & Assembly Plaza,0.8,0.25,0.0,102.0,15.0,0.0,0.0,0.0,1.0,0
4343,CitadelDeck,-1,ZONE_CORE_CITADEL,Grand Academic Citadel & Assembly Plaza,0.8,0.2812,-19.899,100.04,15.0,0.0,0.0,0.0,1.0,0
4344,CitadelDeck,-1,ZONE_CORE_CITADEL,Grand Academic Citadel & Assembly Plaza,0.8,0.3125,-39.034,94.236,15.0,0.0,0.0,0.0,1.0,0
4345,CitadelDeck,-1,ZONE_CORE_CITADEL,Grand Academic Citadel & Assembly Plaza,0.8,0.3438,-56.668,84.81,15.0,0.0,0.0,0.0,1.0,0
4346,CitadelDeck,-1,ZONE_CORE_CITADEL,Grand Academic Citadel & Assembly Plaza,0.8,0.375,-72.125,72.125,15.0,0.0,0.0,0.0,1.0,0
4347,CitadelDeck,-1,ZONE_CORE_CITADEL,Grand Academic Citadel & Assembly Plaza,0.8,0.4062,-84.81,56.668,15.0,0.0,0.0,0.0,1.0,0
4348,CitadelDeck,-1,ZONE_CORE_CITADEL,Grand Academic Citadel & Assembly Plaza,0.8,0.4375,-94.236,39.034,15.0,0.0,0.0,0.0,1.0,0
4349,CitadelDeck,-1,ZONE_CORE_CITADEL,Grand Academic Citadel & Assembly Plaza,0.8,0.4688,-100.04,19.899,15.0,0.0,0.0,0.0,1.0,0
4350,CitadelDeck,-1,ZONE_CORE_CITADEL,Grand Academic Citadel & Assembly Plaza,0.8,0.5,-102.0,0.0,15.0,0.0,0.0,0.0,1.0,0
4351,CitadelDeck,-1,ZONE_CORE_CITADEL,Grand Academic Citadel & Assembly Plaza,0.8,0.5312,-100.04,-19.899,15.0,0.0,0.0,0.0,1.0,0
4352,CitadelDeck,-1,ZONE_CORE_CITADEL,Grand Academic Citadel & Assembly Plaza,0.8,0.5625,-94.236,-39.034,15.0,0.0,0.0,0.0,1.0,0
4353,CitadelDeck,-1,ZONE_CORE_CITADEL,Grand Academic Citadel & Assembly Plaza,0.8,0.5938,-84.81,-56.668,15.0,0.0,0.0,0.0,1.0,0
4354,CitadelDeck,-1,ZONE_CORE_CITADEL,Grand Academic Citadel & Assembly Plaza,0.8,0.625,-72.125,-72.125,15.0,0.0,0.0,0.0,1.0,0
4355,CitadelDeck,-1,ZONE_CORE_CITADEL,Grand Academic Citadel & Assembly Plaza,0.8,0.6562,-56.668,-84.81,15.0,0.0,0.0,0.0,1.0,0
4356,CitadelDeck,-1,ZONE_CORE_CITADEL,Grand Academic Citadel & Assembly Plaza,0.8,0.6875,-39.034,-94.236,15.0,0.0,0.0,0.0,1.0,0
4357,CitadelDeck,-1,ZONE_CORE_CITADEL,Grand Academic Citadel & Assembly Plaza,0.8,0.7188,-19.899,-100.04,15.0,0.0,0.0,0.0,1.0,0
4358,CitadelDeck,-1,ZONE_CORE_CITADEL,Grand Academic Citadel & Assembly Plaza,0.8,0.75,-0.0,-102.0,15.0,0.0,0.0,0.0,1.0,0
4359,CitadelDeck,-1,ZONE_CORE_CITADEL,Grand Academic Citadel & Assembly Plaza,0.8,0.7812,19.899,-100.04,15.0,0.0,0.0,0.0,1.0,0
4360,CitadelDeck,-1,ZONE_CORE_CITADEL,Grand Academic Citadel & Assembly Plaza,0.8,0.8125,39.034,-94.236,15.0,0.0,0.0,0.0,1.0,0
4361,CitadelDeck,-1,ZONE_CORE_CITADEL,Grand Academic Citadel & Assembly Plaza,0.8,0.8438,56.668,-84.81,15.0,0.0,0.0,0.0,1.0,0
4362,CitadelDeck,-1,ZONE_CORE_CITADEL,Grand Academic Citadel & Assembly Plaza,0.8,0.875,72.125,-72.125,15.0,0.0,0.0,0.0,1.0,0
4363,CitadelDeck,-1,ZONE_CORE_CITADEL,Grand Academic Citadel & Assembly Plaza,0.8,0.9062,84.81,-56.668,15.0,0.0,0.0,0.0,1.0,0
4364,CitadelDeck,-1,ZONE_CORE_CITADEL,Grand Academic Citadel & Assembly Plaza,0.8,0.9375,94.236,-39.034,15.0,0.0,0.0,0.0,1.0,0
4365,CitadelDeck,-1,ZONE_CORE_CITADEL,Grand Academic Citadel & Assembly Plaza,0.8,0.9688,100.04,-19.899,15.0,0.0,0.0,0.0,1.0,0
4366,CitadelDeck,-1,ZONE_CORE_CITADEL,Grand Academic Citadel & Assembly Plaza,1.0,0.0,127.5,0.0,15.0,0.0,0.0,0.0,1.0,0
4367,CitadelDeck,-1,ZONE_CORE_CITADEL,Grand Academic Citadel & Assembly Plaza,1.0,0.025,125.93,19.945,15.0,0.0,0.0,0.0,1.0,0
4368,CitadelDeck,-1,ZONE_CORE_CITADEL,Grand Academic Citadel & Assembly Plaza,1.0,0.05,121.26,39.4,15.0,0.0,0.0,0.0,1.0,0
4369,CitadelDeck,-1,ZONE_CORE_CITADEL,Grand Academic Citadel & Assembly Plaza,1.0,0.075,113.603,57.884,15.0,0.0,0.0,0.0,1.0,0
4370,CitadelDeck,-1,ZONE_CORE_CITADEL,Grand Academic Citadel & Assembly Plaza,1.0,0.1,103.15,74.943,15.0,0.0,0.0,0.0,1.0,0
4371,CitadelDeck,-1,ZONE_CORE_CITADEL,Grand Academic Citadel & Assembly Plaza,1.0,0.125,90.156,90.156,15.0,0.0,0.0,0.0,1.0,0
4372,CitadelDeck,-1,ZONE_CORE_CITADEL,Grand Academic Citadel & Assembly Plaza,1.0,0.15,74.943,103.15,15.0,0.0,0.0,0.0,1.0,0
4373,CitadelDeck,-1,ZONE_CORE_CITADEL,Grand Academic Citadel & Assembly Plaza,1.0,0.175,57.884,113.603,15.0,0.0,0.0,0.0,1.0,0
4374,CitadelDeck,-1,ZONE_CORE_CITADEL,Grand Academic Citadel & Assembly Plaza,1.0,0.2,39.4,121.26,15.0,0.0,0.0,0.0,1.0,0
4375,CitadelDeck,-1,ZONE_CORE_CITADEL,Grand Academic Citadel & Assembly Plaza,1.0,0.225,19.945,125.93,15.0,0.0,0.0,0.0,1.0,0
4376,CitadelDeck,-1,ZONE_CORE_CITADEL,Grand Academic Citadel & Assembly Plaza,1.0,0.25,0.0,127.5,15.0,0.0,0.0,0.0,1.0,0
4377,CitadelDeck,-1,ZONE_CORE_CITADEL,Grand Academic Citadel & Assembly Plaza,1.0,0.275,-19.945,125.93,15.0,0.0,0.0,0.0,1.0,0
4378,CitadelDeck,-1,ZONE_CORE_CITADEL,Grand Academic Citadel & Assembly Plaza,1.0,0.3,-39.4,121.26,15.0,0.0,0.0,0.0,1.0,0
4379,CitadelDeck,-1,ZONE_CORE_CITADEL,Grand Academic Citadel & Assembly Plaza,1.0,0.325,-57.884,113.603,15.0,0.0,0.0,0.0,1.0,0
4380,CitadelDeck,-1,ZONE_CORE_CITADEL,Grand Academic Citadel & Assembly Plaza,1.0,0.35,-74.943,103.15,15.0,0.0,0.0,0.0,1.0,0
4381,CitadelDeck,-1,ZONE_CORE_CITADEL,Grand Academic Citadel & Assembly Plaza,1.0,0.375,-90.156,90.156,15.0,0.0,0.0,0.0,1.0,0
4382,CitadelDeck,-1,ZONE_CORE_CITADEL,Grand Academic Citadel & Assembly Plaza,1.0,0.4,-103.15,74.943,15.0,0.0,0.0,0.0,1.0,0
4383,CitadelDeck,-1,ZONE_CORE_CITADEL,Grand Academic Citadel & Assembly Plaza,1.0,0.425,-113.603,57.884,15.0,0.0,0.0,0.0,1.0,0
4384,CitadelDeck,-1,ZONE_CORE_CITADEL,Grand Academic Citadel & Assembly Plaza,1.0,0.45,-121.26,39.4,15.0,0.0,0.0,0.0,1.0,0
4385,CitadelDeck,-1,ZONE_CORE_CITADEL,Grand Academic Citadel & Assembly Plaza,1.0,0.475,-125.93,19.945,15.0,0.0,0.0,0.0,1.0,0
4386,CitadelDeck,-1,ZONE_CORE_CITADEL,Grand Academic Citadel & Assembly Plaza,1.0,0.5,-127.5,0.0,15.0,0.0,0.0,0.0,1.0,0
4387,CitadelDeck,-1,ZONE_CORE_CITADEL,Grand Academic Citadel & Assembly Plaza,1.0,0.525,-125.93,-19.945,15.0,0.0,0.0,0.0,1.0,0
4388,CitadelDeck,-1,ZONE_CORE_CITADEL,Grand Academic Citadel & Assembly Plaza,1.0,0.55,-121.26,-39.4,15.0,0.0,0.0,0.0,1.0,0
4389,CitadelDeck,-1,ZONE_CORE_CITADEL,Grand Academic Citadel & Assembly Plaza,1.0,0.575,-113.603,-57.884,15.0,0.0,0.0,0.0,1.0,0
4390,CitadelDeck,-1,ZONE_CORE_CITADEL,Grand Academic Citadel & Assembly Plaza,1.0,0.6,-103.15,-74.943,15.0,0.0,0.0,0.0,1.0,0
4391,CitadelDeck,-1,ZONE_CORE_CITADEL,Grand Academic Citadel & Assembly Plaza,1.0,0.625,-90.156,-90.156,15.0,0.0,0.0,0.0,1.0,0
4392,CitadelDeck,-1,ZONE_CORE_CITADEL,Grand Academic Citadel & Assembly Plaza,1.0,0.65,-74.943,-103.15,15.0,0.0,0.0,0.0,1.0,0
4393,CitadelDeck,-1,ZONE_CORE_CITADEL,Grand Academic Citadel & Assembly Plaza,1.0,0.675,-57.884,-113.603,15.0,0.0,0.0,0.0,1.0,0
4394,CitadelDeck,-1,ZONE_CORE_CITADEL,Grand Academic Citadel & Assembly Plaza,1.0,0.7,-39.4,-121.26,15.0,0.0,0.0,0.0,1.0,0
4395,CitadelDeck,-1,ZONE_CORE_CITADEL,Grand Academic Citadel & Assembly Plaza,1.0,0.725,-19.945,-125.93,15.0,0.0,0.0,0.0,1.0,0
4396,CitadelDeck,-1,ZONE_CORE_CITADEL,Grand Academic Citadel & Assembly Plaza,1.0,0.75,-0.0,-127.5,15.0,0.0,0.0,0.0,1.0,0
4397,CitadelDeck,-1,ZONE_CORE_CITADEL,Grand Academic Citadel & Assembly Plaza,1.0,0.775,19.945,-125.93,15.0,0.0,0.0,0.0,1.0,0
4398,CitadelDeck,-1,ZONE_CORE_CITADEL,Grand Academic Citadel & Assembly Plaza,1.0,0.8,39.4,-121.26,15.0,0.0,0.0,0.0,1.0,0
4399,CitadelDeck,-1,ZONE_CORE_CITADEL,Grand Academic Citadel & Assembly Plaza,1.0,0.825,57.884,-113.603,15.0,0.0,0.0,0.0,1.0,0
4400,CitadelDeck,-1,ZONE_CORE_CITADEL,Grand Academic Citadel & Assembly Plaza,1.0,0.85,74.943,-103.15,15.0,0.0,0.0,0.0,1.0,0
4401,CitadelDeck,-1,ZONE_CORE_CITADEL,Grand Academic Citadel & Assembly Plaza,1.0,0.875,90.156,-90.156,15.0,0.0,0.0,0.0,1.0,0
4402,CitadelDeck,-1,ZONE_CORE_CITADEL,Grand Academic Citadel & Assembly Plaza,1.0,0.9,103.15,-74.943,15.0,0.0,0.0,0.0,1.0,0
4403,CitadelDeck,-1,ZONE_CORE_CITADEL,Grand Academic Citadel & Assembly Plaza,1.0,0.925,113.603,-57.884,15.0,0.0,0.0,0.0,1.0,0
4404,CitadelDeck,-1,ZONE_CORE_CITADEL,Grand Academic Citadel & Assembly Plaza,1.0,0.95,121.26,-39.4,15.0,0.0,0.0,0.0,1.0,0
4405,CitadelDeck,-1,ZONE_CORE_CITADEL,Grand Academic Citadel & Assembly Plaza,1.0,0.975,125.93,-19.945,15.0,0.0,0.0,0.0,1.0,0
4406,ApexSpire,-1,ZONE_CORE_CITADEL,Council of Ten Sovereign Spire Apex,0.0,0.0,0.0,0.0,350.0,0.0,0.0,0.0,1.0,0
4407,SubmergedRing,-1,ZONE_STEM_TELESCOPIC,Submerged Ballast Tier 1,0.0,0.0,80.0,0.0,-0.0,1.0,1.0,0.0,0.0,0
4408,SubmergedRing,-1,ZONE_STEM_TELESCOPIC,Submerged Ballast Tier 1,0.0,0.0208,79.316,10.442,-0.0,1.0,0.9914,0.1305,0.0,0
4409,SubmergedRing,-1,ZONE_STEM_TELESCOPIC,Submerged Ballast Tier 1,0.0,0.0417,77.274,20.706,-0.0,1.0,0.9659,0.2588,0.0,0
4410,SubmergedRing,-1,ZONE_STEM_TELESCOPIC,Submerged Ballast Tier 1,0.0,0.0625,73.91,30.615,-0.0,1.0,0.9239,0.3827,0.0,0
4411,SubmergedRing,-1,ZONE_STEM_TELESCOPIC,Submerged Ballast Tier 1,0.0,0.0833,69.282,40.0,-0.0,1.0,0.866,0.5,0.0,0
4412,SubmergedRing,-1,ZONE_STEM_TELESCOPIC,Submerged Ballast Tier 1,0.0,0.1042,63.468,48.701,-0.0,1.0,0.7934,0.6088,0.0,0
4413,SubmergedRing,-1,ZONE_STEM_TELESCOPIC,Submerged Ballast Tier 1,0.0,0.125,56.569,56.569,-0.0,1.0,0.7071,0.7071,0.0,0
4414,SubmergedRing,-1,ZONE_STEM_TELESCOPIC,Submerged Ballast Tier 1,0.0,0.1458,48.701,63.468,-0.0,1.0,0.6088,0.7934,0.0,0
4415,SubmergedRing,-1,ZONE_STEM_TELESCOPIC,Submerged Ballast Tier 1,0.0,0.1667,40.0,69.282,-0.0,1.0,0.5,0.866,0.0,0
4416,SubmergedRing,-1,ZONE_STEM_TELESCOPIC,Submerged Ballast Tier 1,0.0,0.1875,30.615,73.91,-0.0,1.0,0.3827,0.9239,0.0,0
4417,SubmergedRing,-1,ZONE_STEM_TELESCOPIC,Submerged Ballast Tier 1,0.0,0.2083,20.706,77.274,-0.0,1.0,0.2588,0.9659,0.0,0
4418,SubmergedRing,-1,ZONE_STEM_TELESCOPIC,Submerged Ballast Tier 1,0.0,0.2292,10.442,79.316,-0.0,1.0,0.1305,0.9914,0.0,0
4419,SubmergedRing,-1,ZONE_STEM_TELESCOPIC,Submerged Ballast Tier 1,0.0,0.25,0.0,80.0,-0.0,1.0,0.0,1.0,0.0,0
4420,SubmergedRing,-1,ZONE_STEM_TELESCOPIC,Submerged Ballast Tier 1,0.0,0.2708,-10.442,79.316,-0.0,1.0,-0.1305,0.9914,0.0,0
4421,SubmergedRing,-1,ZONE_STEM_TELESCOPIC,Submerged Ballast Tier 1,0.0,0.2917,-20.706,77.274,-0.0,1.0,-0.2588,0.9659,0.0,0
4422,SubmergedRing,-1,ZONE_STEM_TELESCOPIC,Submerged Ballast Tier 1,0.0,0.3125,-30.615,73.91,-0.0,1.0,-0.3827,0.9239,0.0,0
4423,SubmergedRing,-1,ZONE_STEM_TELESCOPIC,Submerged Ballast Tier 1,0.0,0.3333,-40.0,69.282,-0.0,1.0,-0.5,0.866,0.0,0
4424,SubmergedRing,-1,ZONE_STEM_TELESCOPIC,Submerged Ballast Tier 1,0.0,0.3542,-48.701,63.468,-0.0,1.0,-0.6088,0.7934,0.0,0
4425,SubmergedRing,-1,ZONE_STEM_TELESCOPIC,Submerged Ballast Tier 1,0.0,0.375,-56.569,56.569,-0.0,1.0,-0.7071,0.7071,0.0,0
4426,SubmergedRing,-1,ZONE_STEM_TELESCOPIC,Submerged Ballast Tier 1,0.0,0.3958,-63.468,48.701,-0.0,1.0,-0.7934,0.6088,0.0,0
4427,SubmergedRing,-1,ZONE_STEM_TELESCOPIC,Submerged Ballast Tier 1,0.0,0.4167,-69.282,40.0,-0.0,1.0,-0.866,0.5,0.0,0
4428,SubmergedRing,-1,ZONE_STEM_TELESCOPIC,Submerged Ballast Tier 1,0.0,0.4375,-73.91,30.615,-0.0,1.0,-0.9239,0.3827,0.0,0
4429,SubmergedRing,-1,ZONE_STEM_TELESCOPIC,Submerged Ballast Tier 1,0.0,0.4583,-77.274,20.706,-0.0,1.0,-0.9659,0.2588,0.0,0
4430,SubmergedRing,-1,ZONE_STEM_TELESCOPIC,Submerged Ballast Tier 1,0.0,0.4792,-79.316,10.442,-0.0,1.0,-0.9914,0.1305,0.0,0
4431,SubmergedRing,-1,ZONE_STEM_TELESCOPIC,Submerged Ballast Tier 1,0.0,0.5,-80.0,0.0,-0.0,1.0,-1.0,0.0,0.0,0
4432,SubmergedRing,-1,ZONE_STEM_TELESCOPIC,Submerged Ballast Tier 1,0.0,0.5208,-79.316,-10.442,-0.0,1.0,-0.9914,-0.1305,0.0,0
4433,SubmergedRing,-1,ZONE_STEM_TELESCOPIC,Submerged Ballast Tier 1,0.0,0.5417,-77.274,-20.706,-0.0,1.0,-0.9659,-0.2588,0.0,0
4434,SubmergedRing,-1,ZONE_STEM_TELESCOPIC,Submerged Ballast Tier 1,0.0,0.5625,-73.91,-30.615,-0.0,1.0,-0.9239,-0.3827,0.0,0
4435,SubmergedRing,-1,ZONE_STEM_TELESCOPIC,Submerged Ballast Tier 1,0.0,0.5833,-69.282,-40.0,-0.0,1.0,-0.866,-0.5,0.0,0
4436,SubmergedRing,-1,ZONE_STEM_TELESCOPIC,Submerged Ballast Tier 1,0.0,0.6042,-63.468,-48.701,-0.0,1.0,-0.7934,-0.6088,0.0,0
4437,SubmergedRing,-1,ZONE_STEM_TELESCOPIC,Submerged Ballast Tier 1,0.0,0.625,-56.569,-56.569,-0.0,1.0,-0.7071,-0.7071,0.0,0
4438,SubmergedRing,-1,ZONE_STEM_TELESCOPIC,Submerged Ballast Tier 1,0.0,0.6458,-48.701,-63.468,-0.0,1.0,-0.6088,-0.7934,0.0,0
4439,SubmergedRing,-1,ZONE_STEM_TELESCOPIC,Submerged Ballast Tier 1,0.0,0.6667,-40.0,-69.282,-0.0,1.0,-0.5,-0.866,0.0,0
4440,SubmergedRing,-1,ZONE_STEM_TELESCOPIC,Submerged Ballast Tier 1,0.0,0.6875,-30.615,-73.91,-0.0,1.0,-0.3827,-0.9239,0.0,0
4441,SubmergedRing,-1,ZONE_STEM_TELESCOPIC,Submerged Ballast Tier 1,0.0,0.7083,-20.706,-77.274,-0.0,1.0,-0.2588,-0.9659,0.0,0
4442,SubmergedRing,-1,ZONE_STEM_TELESCOPIC,Submerged Ballast Tier 1,0.0,0.7292,-10.442,-79.316,-0.0,1.0,-0.1305,-0.9914,0.0,0
4443,SubmergedRing,-1,ZONE_STEM_TELESCOPIC,Submerged Ballast Tier 1,0.0,0.75,-0.0,-80.0,-0.0,1.0,-0.0,-1.0,0.0,0
4444,SubmergedRing,-1,ZONE_STEM_TELESCOPIC,Submerged Ballast Tier 1,0.0,0.7708,10.442,-79.316,-0.0,1.0,0.1305,-0.9914,0.0,0
4445,SubmergedRing,-1,ZONE_STEM_TELESCOPIC,Submerged Ballast Tier 1,0.0,0.7917,20.706,-77.274,-0.0,1.0,0.2588,-0.9659,0.0,0
4446,SubmergedRing,-1,ZONE_STEM_TELESCOPIC,Submerged Ballast Tier 1,0.0,0.8125,30.615,-73.91,-0.0,1.0,0.3827,-0.9239,0.0,0
4447,SubmergedRing,-1,ZONE_STEM_TELESCOPIC,Submerged Ballast Tier 1,0.0,0.8333,40.0,-69.282,-0.0,1.0,0.5,-0.866,0.0,0
4448,SubmergedRing,-1,ZONE_STEM_TELESCOPIC,Submerged Ballast Tier 1,0.0,0.8542,48.701,-63.468,-0.0,1.0,0.6088,-0.7934,0.0,0
4449,SubmergedRing,-1,ZONE_STEM_TELESCOPIC,Submerged Ballast Tier 1,0.0,0.875,56.569,-56.569,-0.0,1.0,0.7071,-0.7071,0.0,0
4450,SubmergedRing,-1,ZONE_STEM_TELESCOPIC,Submerged Ballast Tier 1,0.0,0.8958,63.468,-48.701,-0.0,1.0,0.7934,-0.6088,0.0,0
4451,SubmergedRing,-1,ZONE_STEM_TELESCOPIC,Submerged Ballast Tier 1,0.0,0.9167,69.282,-40.0,-0.0,1.0,0.866,-0.5,0.0,0
4452,SubmergedRing,-1,ZONE_STEM_TELESCOPIC,Submerged Ballast Tier 1,0.0,0.9375,73.91,-30.615,-0.0,1.0,0.9239,-0.3827,0.0,0
4453,SubmergedRing,-1,ZONE_STEM_TELESCOPIC,Submerged Ballast Tier 1,0.0,0.9583,77.274,-20.706,-0.0,1.0,0.9659,-0.2588,0.0,0
4454,SubmergedRing,-1,ZONE_STEM_TELESCOPIC,Submerged Ballast Tier 1,0.0,0.9792,79.316,-10.442,-0.0,1.0,0.9914,-0.1305,0.0,0
4455,SubmergedRing,-1,ZONE_STEM_TELESCOPIC,Submerged Ballast Tier 2,0.0909,0.0,85.165,0.0,-81.818,9.23,1.0,0.0,0.0,0
4456,SubmergedRing,-1,ZONE_STEM_TELESCOPIC,Submerged Ballast Tier 2,0.0909,0.0208,84.436,11.116,-81.818,9.23,0.9914,0.1305,0.0,0
4457,SubmergedRing,-1,ZONE_STEM_TELESCOPIC,Submerged Ballast Tier 2,0.0909,0.0417,82.263,22.042,-81.818,9.23,0.9659,0.2588,0.0,0
4458,SubmergedRing,-1,ZONE_STEM_TELESCOPIC,Submerged Ballast Tier 2,0.0909,0.0625,78.682,32.591,-81.818,9.23,0.9239,0.3827,0.0,0
4459,SubmergedRing,-1,ZONE_STEM_TELESCOPIC,Submerged Ballast Tier 2,0.0909,0.0833,73.755,42.582,-81.818,9.23,0.866,0.5,0.0,0
4460,SubmergedRing,-1,ZONE_STEM_TELESCOPIC,Submerged Ballast Tier 2,0.0909,0.1042,67.566,51.845,-81.818,9.23,0.7934,0.6088,0.0,0
4461,SubmergedRing,-1,ZONE_STEM_TELESCOPIC,Submerged Ballast Tier 2,0.0909,0.125,60.221,60.221,-81.818,9.23,0.7071,0.7071,0.0,0
4462,SubmergedRing,-1,ZONE_STEM_TELESCOPIC,Submerged Ballast Tier 2,0.0909,0.1458,51.845,67.566,-81.818,9.23,0.6088,0.7934,0.0,0
4463,SubmergedRing,-1,ZONE_STEM_TELESCOPIC,Submerged Ballast Tier 2,0.0909,0.1667,42.582,73.755,-81.818,9.23,0.5,0.866,0.0,0
4464,SubmergedRing,-1,ZONE_STEM_TELESCOPIC,Submerged Ballast Tier 2,0.0909,0.1875,32.591,78.682,-81.818,9.23,0.3827,0.9239,0.0,0
4465,SubmergedRing,-1,ZONE_STEM_TELESCOPIC,Submerged Ballast Tier 2,0.0909,0.2083,22.042,82.263,-81.818,9.23,0.2588,0.9659,0.0,0
4466,SubmergedRing,-1,ZONE_STEM_TELESCOPIC,Submerged Ballast Tier 2,0.0909,0.2292,11.116,84.436,-81.818,9.23,0.1305,0.9914,0.0,0
4467,SubmergedRing,-1,ZONE_STEM_TELESCOPIC,Submerged Ballast Tier 2,0.0909,0.25,0.0,85.165,-81.818,9.23,0.0,1.0,0.0,0
4468,SubmergedRing,-1,ZONE_STEM_TELESCOPIC,Submerged Ballast Tier 2,0.0909,0.2708,-11.116,84.436,-81.818,9.23,-0.1305,0.9914,0.0,0
4469,SubmergedRing,-1,ZONE_STEM_TELESCOPIC,Submerged Ballast Tier 2,0.0909,0.2917,-22.042,82.263,-81.818,9.23,-0.2588,0.9659,0.0,0
4470,SubmergedRing,-1,ZONE_STEM_TELESCOPIC,Submerged Ballast Tier 2,0.0909,0.3125,-32.591,78.682,-81.818,9.23,-0.3827,0.9239,0.0,0
4471,SubmergedRing,-1,ZONE_STEM_TELESCOPIC,Submerged Ballast Tier 2,0.0909,0.3333,-42.582,73.755,-81.818,9.23,-0.5,0.866,0.0,0
4472,SubmergedRing,-1,ZONE_STEM_TELESCOPIC,Submerged Ballast Tier 2,0.0909,0.3542,-51.845,67.566,-81.818,9.23,-0.6088,0.7934,0.0,0
4473,SubmergedRing,-1,ZONE_STEM_TELESCOPIC,Submerged Ballast Tier 2,0.0909,0.375,-60.221,60.221,-81.818,9.23,-0.7071,0.7071,0.0,0
4474,SubmergedRing,-1,ZONE_STEM_TELESCOPIC,Submerged Ballast Tier 2,0.0909,0.3958,-67.566,51.845,-81.818,9.23,-0.7934,0.6088,0.0,0
4475,SubmergedRing,-1,ZONE_STEM_TELESCOPIC,Submerged Ballast Tier 2,0.0909,0.4167,-73.755,42.582,-81.818,9.23,-0.866,0.5,0.0,0
4476,SubmergedRing,-1,ZONE_STEM_TELESCOPIC,Submerged Ballast Tier 2,0.0909,0.4375,-78.682,32.591,-81.818,9.23,-0.9239,0.3827,0.0,0
4477,SubmergedRing,-1,ZONE_STEM_TELESCOPIC,Submerged Ballast Tier 2,0.0909,0.4583,-82.263,22.042,-81.818,9.23,-0.9659,0.2588,0.0,0
4478,SubmergedRing,-1,ZONE_STEM_TELESCOPIC,Submerged Ballast Tier 2,0.0909,0.4792,-84.436,11.116,-81.818,9.23,-0.9914,0.1305,0.0,0
4479,SubmergedRing,-1,ZONE_STEM_TELESCOPIC,Submerged Ballast Tier 2,0.0909,0.5,-85.165,0.0,-81.818,9.23,-1.0,0.0,0.0,0
4480,SubmergedRing,-1,ZONE_STEM_TELESCOPIC,Submerged Ballast Tier 2,0.0909,0.5208,-84.436,-11.116,-81.818,9.23,-0.9914,-0.1305,0.0,0
4481,SubmergedRing,-1,ZONE_STEM_TELESCOPIC,Submerged Ballast Tier 2,0.0909,0.5417,-82.263,-22.042,-81.818,9.23,-0.9659,-0.2588,0.0,0
4482,SubmergedRing,-1,ZONE_STEM_TELESCOPIC,Submerged Ballast Tier 2,0.0909,0.5625,-78.682,-32.591,-81.818,9.23,-0.9239,-0.3827,0.0,0
4483,SubmergedRing,-1,ZONE_STEM_TELESCOPIC,Submerged Ballast Tier 2,0.0909,0.5833,-73.755,-42.582,-81.818,9.23,-0.866,-0.5,0.0,0
4484,SubmergedRing,-1,ZONE_STEM_TELESCOPIC,Submerged Ballast Tier 2,0.0909,0.6042,-67.566,-51.845,-81.818,9.23,-0.7934,-0.6088,0.0,0
4485,SubmergedRing,-1,ZONE_STEM_TELESCOPIC,Submerged Ballast Tier 2,0.0909,0.625,-60.221,-60.221,-81.818,9.23,-0.7071,-0.7071,0.0,0
4486,SubmergedRing,-1,ZONE_STEM_TELESCOPIC,Submerged Ballast Tier 2,0.0909,0.6458,-51.845,-67.566,-81.818,9.23,-0.6088,-0.7934,0.0,0
4487,SubmergedRing,-1,ZONE_STEM_TELESCOPIC,Submerged Ballast Tier 2,0.0909,0.6667,-42.582,-73.755,-81.818,9.23,-0.5,-0.866,0.0,0
4488,SubmergedRing,-1,ZONE_STEM_TELESCOPIC,Submerged Ballast Tier 2,0.0909,0.6875,-32.591,-78.682,-81.818,9.23,-0.3827,-0.9239,0.0,0
4489,SubmergedRing,-1,ZONE_STEM_TELESCOPIC,Submerged Ballast Tier 2,0.0909,0.7083,-22.042,-82.263,-81.818,9.23,-0.2588,-0.9659,0.0,0
4490,SubmergedRing,-1,ZONE_STEM_TELESCOPIC,Submerged Ballast Tier 2,0.0909,0.7292,-11.116,-84.436,-81.818,9.23,-0.1305,-0.9914,0.0,0
4491,SubmergedRing,-1,ZONE_STEM_TELESCOPIC,Submerged Ballast Tier 2,0.0909,0.75,-0.0,-85.165,-81.818,9.23,-0.0,-1.0,0.0,0
4492,SubmergedRing,-1,ZONE_STEM_TELESCOPIC,Submerged Ballast Tier 2,0.0909,0.7708,11.116,-84.436,-81.818,9.23,0.1305,-0.9914,0.0,0
4493,SubmergedRing,-1,ZONE_STEM_TELESCOPIC,Submerged Ballast Tier 2,0.0909,0.7917,22.042,-82.263,-81.818,9.23,0.2588,-0.9659,0.0,0
4494,SubmergedRing,-1,ZONE_STEM_TELESCOPIC,Submerged Ballast Tier 2,0.0909,0.8125,32.591,-78.682,-81.818,9.23,0.3827,-0.9239,0.0,0
4495,SubmergedRing,-1,ZONE_STEM_TELESCOPIC,Submerged Ballast Tier 2,0.0909,0.8333,42.582,-73.755,-81.818,9.23,0.5,-0.866,0.0,0
4496,SubmergedRing,-1,ZONE_STEM_TELESCOPIC,Submerged Ballast Tier 2,0.0909,0.8542,51.845,-67.566,-81.818,9.23,0.6088,-0.7934,0.0,0
4497,SubmergedRing,-1,ZONE_STEM_TELESCOPIC,Submerged Ballast Tier 2,0.0909,0.875,60.221,-60.221,-81.818,9.23,0.7071,-0.7071,0.0,0
4498,SubmergedRing,-1,ZONE_STEM_TELESCOPIC,Submerged Ballast Tier 2,0.0909,0.8958,67.566,-51.845,-81.818,9.23,0.7934,-0.6088,0.0,0
4499,SubmergedRing,-1,ZONE_STEM_TELESCOPIC,Submerged Ballast Tier 2,0.0909,0.9167,73.755,-42.582,-81.818,9.23,0.866,-0.5,0.0,0
4500,SubmergedRing,-1,ZONE_STEM_TELESCOPIC,Submerged Ballast Tier 2,0.0909,0.9375,78.682,-32.591,-81.818,9.23,0.9239,-0.3827,0.0,0
4501,SubmergedRing,-1,ZONE_STEM_TELESCOPIC,Submerged Ballast Tier 2,0.0909,0.9583,82.263,-22.042,-81.818,9.23,0.9659,-0.2588,0.0,0
4502,SubmergedRing,-1,ZONE_STEM_TELESCOPIC,Submerged Ballast Tier 2,0.0909,0.9792,84.436,-11.116,-81.818,9.23,0.9914,-0.1305,0.0,0
4503,SubmergedRing,-1,ZONE_STEM_TELESCOPIC,Submerged Ballast Tier 3,0.1818,0.0,96.209,0.0,-163.636,17.45,1.0,0.0,0.0,0
4504,SubmergedRing,-1,ZONE_STEM_TELESCOPIC,Submerged Ballast Tier 3,0.1818,0.0208,95.386,12.558,-163.636,17.45,0.9914,0.1305,0.0,0
4505,SubmergedRing,-1,ZONE_STEM_TELESCOPIC,Submerged Ballast Tier 3,0.1818,0.0417,92.931,24.901,-163.636,17.45,0.9659,0.2588,0.0,0
4506,SubmergedRing,-1,ZONE_STEM_TELESCOPIC,Submerged Ballast Tier 3,0.1818,0.0625,88.886,36.818,-163.636,17.45,0.9239,0.3827,0.0,0
4507,SubmergedRing,-1,ZONE_STEM_TELESCOPIC,Submerged Ballast Tier 3,0.1818,0.0833,83.32,48.105,-163.636,17.45,0.866,0.5,0.0,0
4508,SubmergedRing,-1,ZONE_STEM_TELESCOPIC,Submerged Ballast Tier 3,0.1818,0.1042,76.328,58.569,-163.636,17.45,0.7934,0.6088,0.0,0
4509,SubmergedRing,-1,ZONE_STEM_TELESCOPIC,Submerged Ballast Tier 3,0.1818,0.125,68.03,68.03,-163.636,17.45,0.7071,0.7071,0.0,0
4510,SubmergedRing,-1,ZONE_STEM_TELESCOPIC,Submerged Ballast Tier 3,0.1818,0.1458,58.569,76.328,-163.636,17.45,0.6088,0.7934,0.0,0
4511,SubmergedRing,-1,ZONE_STEM_TELESCOPIC,Submerged Ballast Tier 3,0.1818,0.1667,48.105,83.32,-163.636,17.45,0.5,0.866,0.0,0
4512,SubmergedRing,-1,ZONE_STEM_TELESCOPIC,Submerged Ballast Tier 3,0.1818,0.1875,36.818,88.886,-163.636,17.45,0.3827,0.9239,0.0,0
4513,SubmergedRing,-1,ZONE_STEM_TELESCOPIC,Submerged Ballast Tier 3,0.1818,0.2083,24.901,92.931,-163.636,17.45,0.2588,0.9659,0.0,0
4514,SubmergedRing,-1,ZONE_STEM_TELESCOPIC,Submerged Ballast Tier 3,0.1818,0.2292,12.558,95.386,-163.636,17.45,0.1305,0.9914,0.0,0
4515,SubmergedRing,-1,ZONE_STEM_TELESCOPIC,Submerged Ballast Tier 3,0.1818,0.25,0.0,96.209,-163.636,17.45,0.0,1.0,0.0,0
4516,SubmergedRing,-1,ZONE_STEM_TELESCOPIC,Submerged Ballast Tier 3,0.1818,0.2708,-12.558,95.386,-163.636,17.45,-0.1305,0.9914,0.0,0
4517,SubmergedRing,-1,ZONE_STEM_TELESCOPIC,Submerged Ballast Tier 3,0.1818,0.2917,-24.901,92.931,-163.636,17.45,-0.2588,0.9659,0.0,0
4518,SubmergedRing,-1,ZONE_STEM_TELESCOPIC,Submerged Ballast Tier 3,0.1818,0.3125,-36.818,88.886,-163.636,17.45,-0.3827,0.9239,0.0,0
4519,SubmergedRing,-1,ZONE_STEM_TELESCOPIC,Submerged Ballast Tier 3,0.1818,0.3333,-48.105,83.32,-163.636,17.45,-0.5,0.866,0.0,0
4520,SubmergedRing,-1,ZONE_STEM_TELESCOPIC,Submerged Ballast Tier 3,0.1818,0.3542,-58.569,76.328,-163.636,17.45,-0.6088,0.7934,0.0,0
4521,SubmergedRing,-1,ZONE_STEM_TELESCOPIC,Submerged Ballast Tier 3,0.1818,0.375,-68.03,68.03,-163.636,17.45,-0.7071,0.7071,0.0,0
4522,SubmergedRing,-1,ZONE_STEM_TELESCOPIC,Submerged Ballast Tier 3,0.1818,0.3958,-76.328,58.569,-163.636,17.45,-0.7934,0.6088,0.0,0
4523,SubmergedRing,-1,ZONE_STEM_TELESCOPIC,Submerged Ballast Tier 3,0.1818,0.4167,-83.32,48.105,-163.636,17.45,-0.866,0.5,0.0,0
4524,SubmergedRing,-1,ZONE_STEM_TELESCOPIC,Submerged Ballast Tier 3,0.1818,0.4375,-88.886,36.818,-163.636,17.45,-0.9239,0.3827,0.0,0
4525,SubmergedRing,-1,ZONE_STEM_TELESCOPIC,Submerged Ballast Tier 3,0.1818,0.4583,-92.931,24.901,-163.636,17.45,-0.9659,0.2588,0.0,0
4526,SubmergedRing,-1,ZONE_STEM_TELESCOPIC,Submerged Ballast Tier 3,0.1818,0.4792,-95.386,12.558,-163.636,17.45,-0.9914,0.1305,0.0,0
4527,SubmergedRing,-1,ZONE_STEM_TELESCOPIC,Submerged Ballast Tier 3,0.1818,0.5,-96.209,0.0,-163.636,17.45,-1.0,0.0,0.0,0
4528,SubmergedRing,-1,ZONE_STEM_TELESCOPIC,Submerged Ballast Tier 3,0.1818,0.5208,-95.386,-12.558,-163.636,17.45,-0.9914,-0.1305,0.0,0
4529,SubmergedRing,-1,ZONE_STEM_TELESCOPIC,Submerged Ballast Tier 3,0.1818,0.5417,-92.931,-24.901,-163.636,17.45,-0.9659,-0.2588,0.0,0
4530,SubmergedRing,-1,ZONE_STEM_TELESCOPIC,Submerged Ballast Tier 3,0.1818,0.5625,-88.886,-36.818,-163.636,17.45,-0.9239,-0.3827,0.0,0
4531,SubmergedRing,-1,ZONE_STEM_TELESCOPIC,Submerged Ballast Tier 3,0.1818,0.5833,-83.32,-48.105,-163.636,17.45,-0.866,-0.5,0.0,0
4532,SubmergedRing,-1,ZONE_STEM_TELESCOPIC,Submerged Ballast Tier 3,0.1818,0.6042,-76.328,-58.569,-163.636,17.45,-0.7934,-0.6088,0.0,0
4533,SubmergedRing,-1,ZONE_STEM_TELESCOPIC,Submerged Ballast Tier 3,0.1818,0.625,-68.03,-68.03,-163.636,17.45,-0.7071,-0.7071,0.0,0
4534,SubmergedRing,-1,ZONE_STEM_TELESCOPIC,Submerged Ballast Tier 3,0.1818,0.6458,-58.569,-76.328,-163.636,17.45,-0.6088,-0.7934,0.0,0
4535,SubmergedRing,-1,ZONE_STEM_TELESCOPIC,Submerged Ballast Tier 3,0.1818,0.6667,-48.105,-83.32,-163.636,17.45,-0.5,-0.866,0.0,0
4536,SubmergedRing,-1,ZONE_STEM_TELESCOPIC,Submerged Ballast Tier 3,0.1818,0.6875,-36.818,-88.886,-163.636,17.45,-0.3827,-0.9239,0.0,0
4537,SubmergedRing,-1,ZONE_STEM_TELESCOPIC,Submerged Ballast Tier 3,0.1818,0.7083,-24.901,-92.931,-163.636,17.45,-0.2588,-0.9659,0.0,0
4538,SubmergedRing,-1,ZONE_STEM_TELESCOPIC,Submerged Ballast Tier 3,0.1818,0.7292,-12.558,-95.386,-163.636,17.45,-0.1305,-0.9914,0.0,0
4539,SubmergedRing,-1,ZONE_STEM_TELESCOPIC,Submerged Ballast Tier 3,0.1818,0.75,-0.0,-96.209,-163.636,17.45,-0.0,-1.0,0.0,0
4540,SubmergedRing,-1,ZONE_STEM_TELESCOPIC,Submerged Ballast Tier 3,0.1818,0.7708,12.558,-95.386,-163.636,17.45,0.1305,-0.9914,0.0,0
4541,SubmergedRing,-1,ZONE_STEM_TELESCOPIC,Submerged Ballast Tier 3,0.1818,0.7917,24.901,-92.931,-163.636,17.45,0.2588,-0.9659,0.0,0
4542,SubmergedRing,-1,ZONE_STEM_TELESCOPIC,Submerged Ballast Tier 3,0.1818,0.8125,36.818,-88.886,-163.636,17.45,0.3827,-0.9239,0.0,0
4543,SubmergedRing,-1,ZONE_STEM_TELESCOPIC,Submerged Ballast Tier 3,0.1818,0.8333,48.105,-83.32,-163.636,17.45,0.5,-0.866,0.0,0
4544,SubmergedRing,-1,ZONE_STEM_TELESCOPIC,Submerged Ballast Tier 3,0.1818,0.8542,58.569,-76.328,-163.636,17.45,0.6088,-0.7934,0.0,0
4545,SubmergedRing,-1,ZONE_STEM_TELESCOPIC,Submerged Ballast Tier 3,0.1818,0.875,68.03,-68.03,-163.636,17.45,0.7071,-0.7071,0.0,0
4546,SubmergedRing,-1,ZONE_STEM_TELESCOPIC,Submerged Ballast Tier 3,0.1818,0.8958,76.328,-58.569,-163.636,17.45,0.7934,-0.6088,0.0,0
4547,SubmergedRing,-1,ZONE_STEM_TELESCOPIC,Submerged Ballast Tier 3,0.1818,0.9167,83.32,-48.105,-163.636,17.45,0.866,-0.5,0.0,0
4548,SubmergedRing,-1,ZONE_STEM_TELESCOPIC,Submerged Ballast Tier 3,0.1818,0.9375,88.886,-36.818,-163.636,17.45,0.9239,-0.3827,0.0,0
4549,SubmergedRing,-1,ZONE_STEM_TELESCOPIC,Submerged Ballast Tier 3,0.1818,0.9583,92.931,-24.901,-163.636,17.45,0.9659,-0.2588,0.0,0
4550,SubmergedRing,-1,ZONE_STEM_TELESCOPIC,Submerged Ballast Tier 3,0.1818,0.9792,95.386,-12.558,-163.636,17.45,0.9914,-0.1305,0.0,0
4551,SubmergedRing,-1,ZONE_STEM_TELESCOPIC,Submerged Ballast Tier 4,0.2727,0.0,111.646,0.0,-245.455,25.68,1.0,0.0,0.0,0
4552,SubmergedRing,-1,ZONE_STEM_TELESCOPIC,Submerged Ballast Tier 4,0.2727,0.0208,110.691,14.573,-245.455,25.68,0.9914,0.1305,0.0,0
4553,SubmergedRing,-1,ZONE_STEM_TELESCOPIC,Submerged Ballast Tier 4,0.2727,0.0417,107.842,28.896,-245.455,25.68,0.9659,0.2588,0.0,0
4554,SubmergedRing,-1,ZONE_STEM_TELESCOPIC,Submerged Ballast Tier 4,0.2727,0.0625,103.147,42.725,-245.455,25.68,0.9239,0.3827,0.0,0
4555,SubmergedRing,-1,ZONE_STEM_TELESCOPIC,Submerged Ballast Tier 4,0.2727,0.0833,96.688,55.823,-245.455,25.68,0.866,0.5,0.0,0
4556,SubmergedRing,-1,ZONE_STEM_TELESCOPIC,Submerged Ballast Tier 4,0.2727,0.1042,88.575,67.966,-245.455,25.68,0.7934,0.6088,0.0,0
4557,SubmergedRing,-1,ZONE_STEM_TELESCOPIC,Submerged Ballast Tier 4,0.2727,0.125,78.945,78.945,-245.455,25.68,0.7071,0.7071,0.0,0
4558,SubmergedRing,-1,ZONE_STEM_TELESCOPIC,Submerged Ballast Tier 4,0.2727,0.1458,67.966,88.575,-245.455,25.68,0.6088,0.7934,0.0,0
4559,SubmergedRing,-1,ZONE_STEM_TELESCOPIC,Submerged Ballast Tier 4,0.2727,0.1667,55.823,96.688,-245.455,25.68,0.5,0.866,0.0,0
4560,SubmergedRing,-1,ZONE_STEM_TELESCOPIC,Submerged Ballast Tier 4,0.2727,0.1875,42.725,103.147,-245.455,25.68,0.3827,0.9239,0.0,0
4561,SubmergedRing,-1,ZONE_STEM_TELESCOPIC,Submerged Ballast Tier 4,0.2727,0.2083,28.896,107.842,-245.455,25.68,0.2588,0.9659,0.0,0
4562,SubmergedRing,-1,ZONE_STEM_TELESCOPIC,Submerged Ballast Tier 4,0.2727,0.2292,14.573,110.691,-245.455,25.68,0.1305,0.9914,0.0,0
4563,SubmergedRing,-1,ZONE_STEM_TELESCOPIC,Submerged Ballast Tier 4,0.2727,0.25,0.0,111.646,-245.455,25.68,0.0,1.0,0.0,0
4564,SubmergedRing,-1,ZONE_STEM_TELESCOPIC,Submerged Ballast Tier 4,0.2727,0.2708,-14.573,110.691,-245.455,25.68,-0.1305,0.9914,0.0,0
4565,SubmergedRing,-1,ZONE_STEM_TELESCOPIC,Submerged Ballast Tier 4,0.2727,0.2917,-28.896,107.842,-245.455,25.68,-0.2588,0.9659,0.0,0
4566,SubmergedRing,-1,ZONE_STEM_TELESCOPIC,Submerged Ballast Tier 4,0.2727,0.3125,-42.725,103.147,-245.455,25.68,-0.3827,0.9239,0.0,0
4567,SubmergedRing,-1,ZONE_STEM_TELESCOPIC,Submerged Ballast Tier 4,0.2727,0.3333,-55.823,96.688,-245.455,25.68,-0.5,0.866,0.0,0
4568,SubmergedRing,-1,ZONE_STEM_TELESCOPIC,Submerged Ballast Tier 4,0.2727,0.3542,-67.966,88.575,-245.455,25.68,-0.6088,0.7934,0.0,0
4569,SubmergedRing,-1,ZONE_STEM_TELESCOPIC,Submerged Ballast Tier 4,0.2727,0.375,-78.945,78.945,-245.455,25.68,-0.7071,0.7071,0.0,0
4570,SubmergedRing,-1,ZONE_STEM_TELESCOPIC,Submerged Ballast Tier 4,0.2727,0.3958,-88.575,67.966,-245.455,25.68,-0.7934,0.6088,0.0,0
4571,SubmergedRing,-1,ZONE_STEM_TELESCOPIC,Submerged Ballast Tier 4,0.2727,0.4167,-96.688,55.823,-245.455,25.68,-0.866,0.5,0.0,0
4572,SubmergedRing,-1,ZONE_STEM_TELESCOPIC,Submerged Ballast Tier 4,0.2727,0.4375,-103.147,42.725,-245.455,25.68,-0.9239,0.3827,0.0,0
4573,SubmergedRing,-1,ZONE_STEM_TELESCOPIC,Submerged Ballast Tier 4,0.2727,0.4583,-107.842,28.896,-245.455,25.68,-0.9659,0.2588,0.0,0
4574,SubmergedRing,-1,ZONE_STEM_TELESCOPIC,Submerged Ballast Tier 4,0.2727,0.4792,-110.691,14.573,-245.455,25.68,-0.9914,0.1305,0.0,0
4575,SubmergedRing,-1,ZONE_STEM_TELESCOPIC,Submerged Ballast Tier 4,0.2727,0.5,-111.646,0.0,-245.455,25.68,-1.0,0.0,0.0,0
4576,SubmergedRing,-1,ZONE_STEM_TELESCOPIC,Submerged Ballast Tier 4,0.2727,0.5208,-110.691,-14.573,-245.455,25.68,-0.9914,-0.1305,0.0,0
4577,SubmergedRing,-1,ZONE_STEM_TELESCOPIC,Submerged Ballast Tier 4,0.2727,0.5417,-107.842,-28.896,-245.455,25.68,-0.9659,-0.2588,0.0,0
4578,SubmergedRing,-1,ZONE_STEM_TELESCOPIC,Submerged Ballast Tier 4,0.2727,0.5625,-103.147,-42.725,-245.455,25.68,-0.9239,-0.3827,0.0,0
4579,SubmergedRing,-1,ZONE_STEM_TELESCOPIC,Submerged Ballast Tier 4,0.2727,0.5833,-96.688,-55.823,-245.455,25.68,-0.866,-0.5,0.0,0
4580,SubmergedRing,-1,ZONE_STEM_TELESCOPIC,Submerged Ballast Tier 4,0.2727,0.6042,-88.575,-67.966,-245.455,25.68,-0.7934,-0.6088,0.0,0
4581,SubmergedRing,-1,ZONE_STEM_TELESCOPIC,Submerged Ballast Tier 4,0.2727,0.625,-78.945,-78.945,-245.455,25.68,-0.7071,-0.7071,0.0,0
4582,SubmergedRing,-1,ZONE_STEM_TELESCOPIC,Submerged Ballast Tier 4,0.2727,0.6458,-67.966,-88.575,-245.455,25.68,-0.6088,-0.7934,0.0,0
4583,SubmergedRing,-1,ZONE_STEM_TELESCOPIC,Submerged Ballast Tier 4,0.2727,0.6667,-55.823,-96.688,-245.455,25.68,-0.5,-0.866,0.0,0
4584,SubmergedRing,-1,ZONE_STEM_TELESCOPIC,Submerged Ballast Tier 4,0.2727,0.6875,-42.725,-103.147,-245.455,25.68,-0.3827,-0.9239,0.0,0
4585,SubmergedRing,-1,ZONE_STEM_TELESCOPIC,Submerged Ballast Tier 4,0.2727,0.7083,-28.896,-107.842,-245.455,25.68,-0.2588,-0.9659,0.0,0
4586,SubmergedRing,-1,ZONE_STEM_TELESCOPIC,Submerged Ballast Tier 4,0.2727,0.7292,-14.573,-110.691,-245.455,25.68,-0.1305,-0.9914,0.0,0
4587,SubmergedRing,-1,ZONE_STEM_TELESCOPIC,Submerged Ballast Tier 4,0.2727,0.75,-0.0,-111.646,-245.455,25.68,-0.0,-1.0,0.0,0
4588,SubmergedRing,-1,ZONE_STEM_TELESCOPIC,Submerged Ballast Tier 4,0.2727,0.7708,14.573,-110.691,-245.455,25.68,0.1305,-0.9914,0.0,0
4589,SubmergedRing,-1,ZONE_STEM_TELESCOPIC,Submerged Ballast Tier 4,0.2727,0.7917,28.896,-107.842,-245.455,25.68,0.2588,-0.9659,0.0,0
4590,SubmergedRing,-1,ZONE_STEM_TELESCOPIC,Submerged Ballast Tier 4,0.2727,0.8125,42.725,-103.147,-245.455,25.68,0.3827,-0.9239,0.0,0
4591,SubmergedRing,-1,ZONE_STEM_TELESCOPIC,Submerged Ballast Tier 4,0.2727,0.8333,55.823,-96.688,-245.455,25.68,0.5,-0.866,0.0,0
4592,SubmergedRing,-1,ZONE_STEM_TELESCOPIC,Submerged Ballast Tier 4,0.2727,0.8542,67.966,-88.575,-245.455,25.68,0.6088,-0.7934,0.0,0
4593,SubmergedRing,-1,ZONE_STEM_TELESCOPIC,Submerged Ballast Tier 4,0.2727,0.875,78.945,-78.945,-245.455,25.68,0.7071,-0.7071,0.0,0
4594,SubmergedRing,-1,ZONE_STEM_TELESCOPIC,Submerged Ballast Tier 4,0.2727,0.8958,88.575,-67.966,-245.455,25.68,0.7934,-0.6088,0.0,0
4595,SubmergedRing,-1,ZONE_STEM_TELESCOPIC,Submerged Ballast Tier 4,0.2727,0.9167,96.688,-55.823,-245.455,25.68,0.866,-0.5,0.0,0
4596,SubmergedRing,-1,ZONE_STEM_TELESCOPIC,Submerged Ballast Tier 4,0.2727,0.9375,103.147,-42.725,-245.455,25.68,0.9239,-0.3827,0.0,0
4597,SubmergedRing,-1,ZONE_STEM_TELESCOPIC,Submerged Ballast Tier 4,0.2727,0.9583,107.842,-28.896,-245.455,25.68,0.9659,-0.2588,0.0,0
4598,SubmergedRing,-1,ZONE_STEM_TELESCOPIC,Submerged Ballast Tier 4,0.2727,0.9792,110.691,-14.573,-245.455,25.68,0.9914,-0.1305,0.0,0
4599,SubmergedRing,-1,ZONE_STEM_TELESCOPIC,Submerged Ballast Tier 5,0.3636,0.0,130.87,0.0,-327.273,33.91,1.0,0.0,0.0,0
4600,SubmergedRing,-1,ZONE_STEM_TELESCOPIC,Submerged Ballast Tier 5,0.3636,0.0208,129.751,17.082,-327.273,33.91,0.9914,0.1305,0.0,0
4601,SubmergedRing,-1,ZONE_STEM_TELESCOPIC,Submerged Ballast Tier 5,0.3636,0.0417,126.411,33.872,-327.273,33.91,0.9659,0.2588,0.0,0
4602,SubmergedRing,-1,ZONE_STEM_TELESCOPIC,Submerged Ballast Tier 5,0.3636,0.0625,120.908,50.082,-327.273,33.91,0.9239,0.3827,0.0,0
4603,SubmergedRing,-1,ZONE_STEM_TELESCOPIC,Submerged Ballast Tier 5,0.3636,0.0833,113.337,65.435,-327.273,33.91,0.866,0.5,0.0,0
4604,SubmergedRing,-1,ZONE_STEM_TELESCOPIC,Submerged Ballast Tier 5,0.3636,0.1042,103.826,79.669,-327.273,33.91,0.7934,0.6088,0.0,0
4605,SubmergedRing,-1,ZONE_STEM_TELESCOPIC,Submerged Ballast Tier 5,0.3636,0.125,92.539,92.539,-327.273,33.91,0.7071,0.7071,0.0,0
4606,SubmergedRing,-1,ZONE_STEM_TELESCOPIC,Submerged Ballast Tier 5,0.3636,0.1458,79.669,103.826,-327.273,33.91,0.6088,0.7934,0.0,0
4607,SubmergedRing,-1,ZONE_STEM_TELESCOPIC,Submerged Ballast Tier 5,0.3636,0.1667,65.435,113.337,-327.273,33.91,0.5,0.866,0.0,0
4608,SubmergedRing,-1,ZONE_STEM_TELESCOPIC,Submerged Ballast Tier 5,0.3636,0.1875,50.082,120.908,-327.273,33.91,0.3827,0.9239,0.0,0
4609,SubmergedRing,-1,ZONE_STEM_TELESCOPIC,Submerged Ballast Tier 5,0.3636,0.2083,33.872,126.411,-327.273,33.91,0.2588,0.9659,0.0,0
4610,SubmergedRing,-1,ZONE_STEM_TELESCOPIC,Submerged Ballast Tier 5,0.3636,0.2292,17.082,129.751,-327.273,33.91,0.1305,0.9914,0.0,0
4611,SubmergedRing,-1,ZONE_STEM_TELESCOPIC,Submerged Ballast Tier 5,0.3636,0.25,0.0,130.87,-327.273,33.91,0.0,1.0,0.0,0
4612,SubmergedRing,-1,ZONE_STEM_TELESCOPIC,Submerged Ballast Tier 5,0.3636,0.2708,-17.082,129.751,-327.273,33.91,-0.1305,0.9914,0.0,0
4613,SubmergedRing,-1,ZONE_STEM_TELESCOPIC,Submerged Ballast Tier 5,0.3636,0.2917,-33.872,126.411,-327.273,33.91,-0.2588,0.9659,0.0,0
4614,SubmergedRing,-1,ZONE_STEM_TELESCOPIC,Submerged Ballast Tier 5,0.3636,0.3125,-50.082,120.908,-327.273,33.91,-0.3827,0.9239,0.0,0
4615,SubmergedRing,-1,ZONE_STEM_TELESCOPIC,Submerged Ballast Tier 5,0.3636,0.3333,-65.435,113.337,-327.273,33.91,-0.5,0.866,0.0,0
4616,SubmergedRing,-1,ZONE_STEM_TELESCOPIC,Submerged Ballast Tier 5,0.3636,0.3542,-79.669,103.826,-327.273,33.91,-0.6088,0.7934,0.0,0
4617,SubmergedRing,-1,ZONE_STEM_TELESCOPIC,Submerged Ballast Tier 5,0.3636,0.375,-92.539,92.539,-327.273,33.91,-0.7071,0.7071,0.0,0
4618,SubmergedRing,-1,ZONE_STEM_TELESCOPIC,Submerged Ballast Tier 5,0.3636,0.3958,-103.826,79.669,-327.273,33.91,-0.7934,0.6088,0.0,0
4619,SubmergedRing,-1,ZONE_STEM_TELESCOPIC,Submerged Ballast Tier 5,0.3636,0.4167,-113.337,65.435,-327.273,33.91,-0.866,0.5,0.0,0
4620,SubmergedRing,-1,ZONE_STEM_TELESCOPIC,Submerged Ballast Tier 5,0.3636,0.4375,-120.908,50.082,-327.273,33.91,-0.9239,0.3827,0.0,0
4621,SubmergedRing,-1,ZONE_STEM_TELESCOPIC,Submerged Ballast Tier 5,0.3636,0.4583,-126.411,33.872,-327.273,33.91,-0.9659,0.2588,0.0,0
4622,SubmergedRing,-1,ZONE_STEM_TELESCOPIC,Submerged Ballast Tier 5,0.3636,0.4792,-129.751,17.082,-327.273,33.91,-0.9914,0.1305,0.0,0
4623,SubmergedRing,-1,ZONE_STEM_TELESCOPIC,Submerged Ballast Tier 5,0.3636,0.5,-130.87,0.0,-327.273,33.91,-1.0,0.0,0.0,0
4624,SubmergedRing,-1,ZONE_STEM_TELESCOPIC,Submerged Ballast Tier 5,0.3636,0.5208,-129.751,-17.082,-327.273,33.91,-0.9914,-0.1305,0.0,0
4625,SubmergedRing,-1,ZONE_STEM_TELESCOPIC,Submerged Ballast Tier 5,0.3636,0.5417,-126.411,-33.872,-327.273,33.91,-0.9659,-0.2588,0.0,0
4626,SubmergedRing,-1,ZONE_STEM_TELESCOPIC,Submerged Ballast Tier 5,0.3636,0.5625,-120.908,-50.082,-327.273,33.91,-0.9239,-0.3827,0.0,0
4627,SubmergedRing,-1,ZONE_STEM_TELESCOPIC,Submerged Ballast Tier 5,0.3636,0.5833,-113.337,-65.435,-327.273,33.91,-0.866,-0.5,0.0,0
4628,SubmergedRing,-1,ZONE_STEM_TELESCOPIC,Submerged Ballast Tier 5,0.3636,0.6042,-103.826,-79.669,-327.273,33.91,-0.7934,-0.6088,0.0,0
4629,SubmergedRing,-1,ZONE_STEM_TELESCOPIC,Submerged Ballast Tier 5,0.3636,0.625,-92.539,-92.539,-327.273,33.91,-0.7071,-0.7071,0.0,0
4630,SubmergedRing,-1,ZONE_STEM_TELESCOPIC,Submerged Ballast Tier 5,0.3636,0.6458,-79.669,-103.826,-327.273,33.91,-0.6088,-0.7934,0.0,0
4631,SubmergedRing,-1,ZONE_STEM_TELESCOPIC,Submerged Ballast Tier 5,0.3636,0.6667,-65.435,-113.337,-327.273,33.91,-0.5,-0.866,0.0,0
4632,SubmergedRing,-1,ZONE_STEM_TELESCOPIC,Submerged Ballast Tier 5,0.3636,0.6875,-50.082,-120.908,-327.273,33.91,-0.3827,-0.9239,0.0,0
4633,SubmergedRing,-1,ZONE_STEM_TELESCOPIC,Submerged Ballast Tier 5,0.3636,0.7083,-33.872,-126.411,-327.273,33.91,-0.2588,-0.9659,0.0,0
4634,SubmergedRing,-1,ZONE_STEM_TELESCOPIC,Submerged Ballast Tier 5,0.3636,0.7292,-17.082,-129.751,-327.273,33.91,-0.1305,-0.9914,0.0,0
4635,SubmergedRing,-1,ZONE_STEM_TELESCOPIC,Submerged Ballast Tier 5,0.3636,0.75,-0.0,-130.87,-327.273,33.91,-0.0,-1.0,0.0,0
4636,SubmergedRing,-1,ZONE_STEM_TELESCOPIC,Submerged Ballast Tier 5,0.3636,0.7708,17.082,-129.751,-327.273,33.91,0.1305,-0.9914,0.0,0
4637,SubmergedRing,-1,ZONE_STEM_TELESCOPIC,Submerged Ballast Tier 5,0.3636,0.7917,33.872,-126.411,-327.273,33.91,0.2588,-0.9659,0.0,0
4638,SubmergedRing,-1,ZONE_STEM_TELESCOPIC,Submerged Ballast Tier 5,0.3636,0.8125,50.082,-120.908,-327.273,33.91,0.3827,-0.9239,0.0,0
4639,SubmergedRing,-1,ZONE_STEM_TELESCOPIC,Submerged Ballast Tier 5,0.3636,0.8333,65.435,-113.337,-327.273,33.91,0.5,-0.866,0.0,0
4640,SubmergedRing,-1,ZONE_STEM_TELESCOPIC,Submerged Ballast Tier 5,0.3636,0.8542,79.669,-103.826,-327.273,33.91,0.6088,-0.7934,0.0,0
4641,SubmergedRing,-1,ZONE_STEM_TELESCOPIC,Submerged Ballast Tier 5,0.3636,0.875,92.539,-92.539,-327.273,33.91,0.7071,-0.7071,0.0,0
4642,SubmergedRing,-1,ZONE_STEM_TELESCOPIC,Submerged Ballast Tier 5,0.3636,0.8958,103.826,-79.669,-327.273,33.91,0.7934,-0.6088,0.0,0
4643,SubmergedRing,-1,ZONE_STEM_TELESCOPIC,Submerged Ballast Tier 5,0.3636,0.9167,113.337,-65.435,-327.273,33.91,0.866,-0.5,0.0,0
4644,SubmergedRing,-1,ZONE_STEM_TELESCOPIC,Submerged Ballast Tier 5,0.3636,0.9375,120.908,-50.082,-327.273,33.91,0.9239,-0.3827,0.0,0
4645,SubmergedRing,-1,ZONE_STEM_TELESCOPIC,Submerged Ballast Tier 5,0.3636,0.9583,126.411,-33.872,-327.273,33.91,0.9659,-0.2588,0.0,0
4646,SubmergedRing,-1,ZONE_STEM_TELESCOPIC,Submerged Ballast Tier 5,0.3636,0.9792,129.751,-17.082,-327.273,33.91,0.9914,-0.1305,0.0,0
4647,SubmergedRing,-1,ZONE_STEM_TELESCOPIC,Submerged Ballast Tier 6,0.4545,0.0,153.513,0.0,-409.091,42.13,1.0,0.0,0.0,0
4648,SubmergedRing,-1,ZONE_STEM_TELESCOPIC,Submerged Ballast Tier 6,0.4545,0.0208,152.2,20.038,-409.091,42.13,0.9914,0.1305,0.0,0
4649,SubmergedRing,-1,ZONE_STEM_TELESCOPIC,Submerged Ballast Tier 6,0.4545,0.0417,148.283,39.732,-409.091,42.13,0.9659,0.2588,0.0,0
4650,SubmergedRing,-1,ZONE_STEM_TELESCOPIC,Submerged Ballast Tier 6,0.4545,0.0625,141.828,58.747,-409.091,42.13,0.9239,0.3827,0.0,0
4651,SubmergedRing,-1,ZONE_STEM_TELESCOPIC,Submerged Ballast Tier 6,0.4545,0.0833,132.946,76.757,-409.091,42.13,0.866,0.5,0.0,0
4652,SubmergedRing,-1,ZONE_STEM_TELESCOPIC,Submerged Ballast Tier 6,0.4545,0.1042,121.79,93.453,-409.091,42.13,0.7934,0.6088,0.0,0
4653,SubmergedRing,-1,ZONE_STEM_TELESCOPIC,Submerged Ballast Tier 6,0.4545,0.125,108.55,108.55,-409.091,42.13,0.7071,0.7071,0.0,0
4654,SubmergedRing,-1,ZONE_STEM_TELESCOPIC,Submerged Ballast Tier 6,0.4545,0.1458,93.453,121.79,-409.091,42.13,0.6088,0.7934,0.0,0
4655,SubmergedRing,-1,ZONE_STEM_TELESCOPIC,Submerged Ballast Tier 6,0.4545,0.1667,76.757,132.946,-409.091,42.13,0.5,0.866,0.0,0
4656,SubmergedRing,-1,ZONE_STEM_TELESCOPIC,Submerged Ballast Tier 6,0.4545,0.1875,58.747,141.828,-409.091,42.13,0.3827,0.9239,0.0,0
4657,SubmergedRing,-1,ZONE_STEM_TELESCOPIC,Submerged Ballast Tier 6,0.4545,0.2083,39.732,148.283,-409.091,42.13,0.2588,0.9659,0.0,0
4658,SubmergedRing,-1,ZONE_STEM_TELESCOPIC,Submerged Ballast Tier 6,0.4545,0.2292,20.038,152.2,-409.091,42.13,0.1305,0.9914,0.0,0
4659,SubmergedRing,-1,ZONE_STEM_TELESCOPIC,Submerged Ballast Tier 6,0.4545,0.25,0.0,153.513,-409.091,42.13,0.0,1.0,0.0,0
4660,SubmergedRing,-1,ZONE_STEM_TELESCOPIC,Submerged Ballast Tier 6,0.4545,0.2708,-20.038,152.2,-409.091,42.13,-0.1305,0.9914,0.0,0
4661,SubmergedRing,-1,ZONE_STEM_TELESCOPIC,Submerged Ballast Tier 6,0.4545,0.2917,-39.732,148.283,-409.091,42.13,-0.2588,0.9659,0.0,0
4662,SubmergedRing,-1,ZONE_STEM_TELESCOPIC,Submerged Ballast Tier 6,0.4545,0.3125,-58.747,141.828,-409.091,42.13,-0.3827,0.9239,0.0,0
4663,SubmergedRing,-1,ZONE_STEM_TELESCOPIC,Submerged Ballast Tier 6,0.4545,0.3333,-76.757,132.946,-409.091,42.13,-0.5,0.866,0.0,0
4664,SubmergedRing,-1,ZONE_STEM_TELESCOPIC,Submerged Ballast Tier 6,0.4545,0.3542,-93.453,121.79,-409.091,42.13,-0.6088,0.7934,0.0,0
4665,SubmergedRing,-1,ZONE_STEM_TELESCOPIC,Submerged Ballast Tier 6,0.4545,0.375,-108.55,108.55,-409.091,42.13,-0.7071,0.7071,0.0,0
4666,SubmergedRing,-1,ZONE_STEM_TELESCOPIC,Submerged Ballast Tier 6,0.4545,0.3958,-121.79,93.453,-409.091,42.13,-0.7934,0.6088,0.0,0
4667,SubmergedRing,-1,ZONE_STEM_TELESCOPIC,Submerged Ballast Tier 6,0.4545,0.4167,-132.946,76.757,-409.091,42.13,-0.866,0.5,0.0,0
4668,SubmergedRing,-1,ZONE_STEM_TELESCOPIC,Submerged Ballast Tier 6,0.4545,0.4375,-141.828,58.747,-409.091,42.13,-0.9239,0.3827,0.0,0
4669,SubmergedRing,-1,ZONE_STEM_TELESCOPIC,Submerged Ballast Tier 6,0.4545,0.4583,-148.283,39.732,-409.091,42.13,-0.9659,0.2588,0.0,0
4670,SubmergedRing,-1,ZONE_STEM_TELESCOPIC,Submerged Ballast Tier 6,0.4545,0.4792,-152.2,20.038,-409.091,42.13,-0.9914,0.1305,0.0,0
4671,SubmergedRing,-1,ZONE_STEM_TELESCOPIC,Submerged Ballast Tier 6,0.4545,0.5,-153.513,0.0,-409.091,42.13,-1.0,0.0,0.0,0
4672,SubmergedRing,-1,ZONE_STEM_TELESCOPIC,Submerged Ballast Tier 6,0.4545,0.5208,-152.2,-20.038,-409.091,42.13,-0.9914,-0.1305,0.0,0
4673,SubmergedRing,-1,ZONE_STEM_TELESCOPIC,Submerged Ballast Tier 6,0.4545,0.5417,-148.283,-39.732,-409.091,42.13,-0.9659,-0.2588,0.0,0
4674,SubmergedRing,-1,ZONE_STEM_TELESCOPIC,Submerged Ballast Tier 6,0.4545,0.5625,-141.828,-58.747,-409.091,42.13,-0.9239,-0.3827,0.0,0
4675,SubmergedRing,-1,ZONE_STEM_TELESCOPIC,Submerged Ballast Tier 6,0.4545,0.5833,-132.946,-76.757,-409.091,42.13,-0.866,-0.5,0.0,0
4676,SubmergedRing,-1,ZONE_STEM_TELESCOPIC,Submerged Ballast Tier 6,0.4545,0.6042,-121.79,-93.453,-409.091,42.13,-0.7934,-0.6088,0.0,0
4677,SubmergedRing,-1,ZONE_STEM_TELESCOPIC,Submerged Ballast Tier 6,0.4545,0.625,-108.55,-108.55,-409.091,42.13,-0.7071,-0.7071,0.0,0
4678,SubmergedRing,-1,ZONE_STEM_TELESCOPIC,Submerged Ballast Tier 6,0.4545,0.6458,-93.453,-121.79,-409.091,42.13,-0.6088,-0.7934,0.0,0
4679,SubmergedRing,-1,ZONE_STEM_TELESCOPIC,Submerged Ballast Tier 6,0.4545,0.6667,-76.757,-132.946,-409.091,42.13,-0.5,-0.866,0.0,0
4680,SubmergedRing,-1,ZONE_STEM_TELESCOPIC,Submerged Ballast Tier 6,0.4545,0.6875,-58.747,-141.828,-409.091,42.13,-0.3827,-0.9239,0.0,0
4681,SubmergedRing,-1,ZONE_STEM_TELESCOPIC,Submerged Ballast Tier 6,0.4545,0.7083,-39.732,-148.283,-409.091,42.13,-0.2588,-0.9659,0.0,0
4682,SubmergedRing,-1,ZONE_STEM_TELESCOPIC,Submerged Ballast Tier 6,0.4545,0.7292,-20.038,-152.2,-409.091,42.13,-0.1305,-0.9914,0.0,0
4683,SubmergedRing,-1,ZONE_STEM_TELESCOPIC,Submerged Ballast Tier 6,0.4545,0.75,-0.0,-153.513,-409.091,42.13,-0.0,-1.0,0.0,0
4684,SubmergedRing,-1,ZONE_STEM_TELESCOPIC,Submerged Ballast Tier 6,0.4545,0.7708,20.038,-152.2,-409.091,42.13,0.1305,-0.9914,0.0,0
4685,SubmergedRing,-1,ZONE_STEM_TELESCOPIC,Submerged Ballast Tier 6,0.4545,0.7917,39.732,-148.283,-409.091,42.13,0.2588,-0.9659,0.0,0
4686,SubmergedRing,-1,ZONE_STEM_TELESCOPIC,Submerged Ballast Tier 6,0.4545,0.8125,58.747,-141.828,-409.091,42.13,0.3827,-0.9239,0.0,0
4687,SubmergedRing,-1,ZONE_STEM_TELESCOPIC,Submerged Ballast Tier 6,0.4545,0.8333,76.757,-132.946,-409.091,42.13,0.5,-0.866,0.0,0
4688,SubmergedRing,-1,ZONE_STEM_TELESCOPIC,Submerged Ballast Tier 6,0.4545,0.8542,93.453,-121.79,-409.091,42.13,0.6088,-0.7934,0.0,0
4689,SubmergedRing,-1,ZONE_STEM_TELESCOPIC,Submerged Ballast Tier 6,0.4545,0.875,108.55,-108.55,-409.091,42.13,0.7071,-0.7071,0.0,0
4690,SubmergedRing,-1,ZONE_STEM_TELESCOPIC,Submerged Ballast Tier 6,0.4545,0.8958,121.79,-93.453,-409.091,42.13,0.7934,-0.6088,0.0,0
4691,SubmergedRing,-1,ZONE_STEM_TELESCOPIC,Submerged Ballast Tier 6,0.4545,0.9167,132.946,-76.757,-409.091,42.13,0.866,-0.5,0.0,0
4692,SubmergedRing,-1,ZONE_STEM_TELESCOPIC,Submerged Ballast Tier 6,0.4545,0.9375,141.828,-58.747,-409.091,42.13,0.9239,-0.3827,0.0,0
4693,SubmergedRing,-1,ZONE_STEM_TELESCOPIC,Submerged Ballast Tier 6,0.4545,0.9583,148.283,-39.732,-409.091,42.13,0.9659,-0.2588,0.0,0
4694,SubmergedRing,-1,ZONE_STEM_TELESCOPIC,Submerged Ballast Tier 6,0.4545,0.9792,152.2,-20.038,-409.091,42.13,0.9914,-0.1305,0.0,0
4695,SubmergedRing,-1,ZONE_STEM_TELESCOPIC,Submerged Ballast Tier 7,0.5455,0.0,179.315,0.0,-490.909,50.36,1.0,0.0,0.0,0
4696,SubmergedRing,-1,ZONE_STEM_TELESCOPIC,Submerged Ballast Tier 7,0.5455,0.0208,177.781,23.405,-490.909,50.36,0.9914,0.1305,0.0,0
4697,SubmergedRing,-1,ZONE_STEM_TELESCOPIC,Submerged Ballast Tier 7,0.5455,0.0417,173.205,46.41,-490.909,50.36,0.9659,0.2588,0.0,0
4698,SubmergedRing,-1,ZONE_STEM_TELESCOPIC,Submerged Ballast Tier 7,0.5455,0.0625,165.666,68.621,-490.909,50.36,0.9239,0.3827,0.0,0
4699,SubmergedRing,-1,ZONE_STEM_TELESCOPIC,Submerged Ballast Tier 7,0.5455,0.0833,155.291,89.658,-490.909,50.36,0.866,0.5,0.0,0
4700,SubmergedRing,-1,ZONE_STEM_TELESCOPIC,Submerged Ballast Tier 7,0.5455,0.1042,142.26,109.16,-490.909,50.36,0.7934,0.6088,0.0,0
4701,SubmergedRing,-1,ZONE_STEM_TELESCOPIC,Submerged Ballast Tier 7,0.5455,0.125,126.795,126.795,-490.909,50.36,0.7071,0.7071,0.0,0
4702,SubmergedRing,-1,ZONE_STEM_TELESCOPIC,Submerged Ballast Tier 7,0.5455,0.1458,109.16,142.26,-490.909,50.36,0.6088,0.7934,0.0,0
4703,SubmergedRing,-1,ZONE_STEM_TELESCOPIC,Submerged Ballast Tier 7,0.5455,0.1667,89.658,155.291,-490.909,50.36,0.5,0.866,0.0,0
4704,SubmergedRing,-1,ZONE_STEM_TELESCOPIC,Submerged Ballast Tier 7,0.5455,0.1875,68.621,165.666,-490.909,50.36,0.3827,0.9239,0.0,0
4705,SubmergedRing,-1,ZONE_STEM_TELESCOPIC,Submerged Ballast Tier 7,0.5455,0.2083,46.41,173.205,-490.909,50.36,0.2588,0.9659,0.0,0
4706,SubmergedRing,-1,ZONE_STEM_TELESCOPIC,Submerged Ballast Tier 7,0.5455,0.2292,23.405,177.781,-490.909,50.36,0.1305,0.9914,0.0,0
4707,SubmergedRing,-1,ZONE_STEM_TELESCOPIC,Submerged Ballast Tier 7,0.5455,0.25,0.0,179.315,-490.909,50.36,0.0,1.0,0.0,0
4708,SubmergedRing,-1,ZONE_STEM_TELESCOPIC,Submerged Ballast Tier 7,0.5455,0.2708,-23.405,177.781,-490.909,50.36,-0.1305,0.9914,0.0,0
4709,SubmergedRing,-1,ZONE_STEM_TELESCOPIC,Submerged Ballast Tier 7,0.5455,0.2917,-46.41,173.205,-490.909,50.36,-0.2588,0.9659,0.0,0
4710,SubmergedRing,-1,ZONE_STEM_TELESCOPIC,Submerged Ballast Tier 7,0.5455,0.3125,-68.621,165.666,-490.909,50.36,-0.3827,0.9239,0.0,0
4711,SubmergedRing,-1,ZONE_STEM_TELESCOPIC,Submerged Ballast Tier 7,0.5455,0.3333,-89.658,155.291,-490.909,50.36,-0.5,0.866,0.0,0
4712,SubmergedRing,-1,ZONE_STEM_TELESCOPIC,Submerged Ballast Tier 7,0.5455,0.3542,-109.16,142.26,-490.909,50.36,-0.6088,0.7934,0.0,0
4713,SubmergedRing,-1,ZONE_STEM_TELESCOPIC,Submerged Ballast Tier 7,0.5455,0.375,-126.795,126.795,-490.909,50.36,-0.7071,0.7071,0.0,0
4714,SubmergedRing,-1,ZONE_STEM_TELESCOPIC,Submerged Ballast Tier 7,0.5455,0.3958,-142.26,109.16,-490.909,50.36,-0.7934,0.6088,0.0,0
4715,SubmergedRing,-1,ZONE_STEM_TELESCOPIC,Submerged Ballast Tier 7,0.5455,0.4167,-155.291,89.658,-490.909,50.36,-0.866,0.5,0.0,0
4716,SubmergedRing,-1,ZONE_STEM_TELESCOPIC,Submerged Ballast Tier 7,0.5455,0.4375,-165.666,68.621,-490.909,50.36,-0.9239,0.3827,0.0,0
4717,SubmergedRing,-1,ZONE_STEM_TELESCOPIC,Submerged Ballast Tier 7,0.5455,0.4583,-173.205,46.41,-490.909,50.36,-0.9659,0.2588,0.0,0
4718,SubmergedRing,-1,ZONE_STEM_TELESCOPIC,Submerged Ballast Tier 7,0.5455,0.4792,-177.781,23.405,-490.909,50.36,-0.9914,0.1305,0.0,0
4719,SubmergedRing,-1,ZONE_STEM_TELESCOPIC,Submerged Ballast Tier 7,0.5455,0.5,-179.315,0.0,-490.909,50.36,-1.0,0.0,0.0,0
4720,SubmergedRing,-1,ZONE_STEM_TELESCOPIC,Submerged Ballast Tier 7,0.5455,0.5208,-177.781,-23.405,-490.909,50.36,-0.9914,-0.1305,0.0,0
4721,SubmergedRing,-1,ZONE_STEM_TELESCOPIC,Submerged Ballast Tier 7,0.5455,0.5417,-173.205,-46.41,-490.909,50.36,-0.9659,-0.2588,0.0,0
4722,SubmergedRing,-1,ZONE_STEM_TELESCOPIC,Submerged Ballast Tier 7,0.5455,0.5625,-165.666,-68.621,-490.909,50.36,-0.9239,-0.3827,0.0,0
4723,SubmergedRing,-1,ZONE_STEM_TELESCOPIC,Submerged Ballast Tier 7,0.5455,0.5833,-155.291,-89.658,-490.909,50.36,-0.866,-0.5,0.0,0
4724,SubmergedRing,-1,ZONE_STEM_TELESCOPIC,Submerged Ballast Tier 7,0.5455,0.6042,-142.26,-109.16,-490.909,50.36,-0.7934,-0.6088,0.0,0
4725,SubmergedRing,-1,ZONE_STEM_TELESCOPIC,Submerged Ballast Tier 7,0.5455,0.625,-126.795,-126.795,-490.909,50.36,-0.7071,-0.7071,0.0,0
4726,SubmergedRing,-1,ZONE_STEM_TELESCOPIC,Submerged Ballast Tier 7,0.5455,0.6458,-109.16,-142.26,-490.909,50.36,-0.6088,-0.7934,0.0,0
4727,SubmergedRing,-1,ZONE_STEM_TELESCOPIC,Submerged Ballast Tier 7,0.5455,0.6667,-89.658,-155.291,-490.909,50.36,-0.5,-0.866,0.0,0
4728,SubmergedRing,-1,ZONE_STEM_TELESCOPIC,Submerged Ballast Tier 7,0.5455,0.6875,-68.621,-165.666,-490.909,50.36,-0.3827,-0.9239,0.0,0
4729,SubmergedRing,-1,ZONE_STEM_TELESCOPIC,Submerged Ballast Tier 7,0.5455,0.7083,-46.41,-173.205,-490.909,50.36,-0.2588,-0.9659,0.0,0
4730,SubmergedRing,-1,ZONE_STEM_TELESCOPIC,Submerged Ballast Tier 7,0.5455,0.7292,-23.405,-177.781,-490.909,50.36,-0.1305,-0.9914,0.0,0
4731,SubmergedRing,-1,ZONE_STEM_TELESCOPIC,Submerged Ballast Tier 7,0.5455,0.75,-0.0,-179.315,-490.909,50.36,-0.0,-1.0,0.0,0
4732,SubmergedRing,-1,ZONE_STEM_TELESCOPIC,Submerged Ballast Tier 7,0.5455,0.7708,23.405,-177.781,-490.909,50.36,0.1305,-0.9914,0.0,0
4733,SubmergedRing,-1,ZONE_STEM_TELESCOPIC,Submerged Ballast Tier 7,0.5455,0.7917,46.41,-173.205,-490.909,50.36,0.2588,-0.9659,0.0,0
4734,SubmergedRing,-1,ZONE_STEM_TELESCOPIC,Submerged Ballast Tier 7,0.5455,0.8125,68.621,-165.666,-490.909,50.36,0.3827,-0.9239,0.0,0
4735,SubmergedRing,-1,ZONE_STEM_TELESCOPIC,Submerged Ballast Tier 7,0.5455,0.8333,89.658,-155.291,-490.909,50.36,0.5,-0.866,0.0,0
4736,SubmergedRing,-1,ZONE_STEM_TELESCOPIC,Submerged Ballast Tier 7,0.5455,0.8542,109.16,-142.26,-490.909,50.36,0.6088,-0.7934,0.0,0
4737,SubmergedRing,-1,ZONE_STEM_TELESCOPIC,Submerged Ballast Tier 7,0.5455,0.875,126.795,-126.795,-490.909,50.36,0.7071,-0.7071,0.0,0
4738,SubmergedRing,-1,ZONE_STEM_TELESCOPIC,Submerged Ballast Tier 7,0.5455,0.8958,142.26,-109.16,-490.909,50.36,0.7934,-0.6088,0.0,0
4739,SubmergedRing,-1,ZONE_STEM_TELESCOPIC,Submerged Ballast Tier 7,0.5455,0.9167,155.291,-89.658,-490.909,50.36,0.866,-0.5,0.0,0
4740,SubmergedRing,-1,ZONE_STEM_TELESCOPIC,Submerged Ballast Tier 7,0.5455,0.9375,165.666,-68.621,-490.909,50.36,0.9239,-0.3827,0.0,0
4741,SubmergedRing,-1,ZONE_STEM_TELESCOPIC,Submerged Ballast Tier 7,0.5455,0.9583,173.205,-46.41,-490.909,50.36,0.9659,-0.2588,0.0,0
4742,SubmergedRing,-1,ZONE_STEM_TELESCOPIC,Submerged Ballast Tier 7,0.5455,0.9792,177.781,-23.405,-490.909,50.36,0.9914,-0.1305,0.0,0
4743,SubmergedRing,-1,ZONE_STEM_TELESCOPIC,Submerged Ballast Tier 8,0.6364,0.0,208.079,0.0,-572.727,58.59,1.0,0.0,0.0,0
4744,SubmergedRing,-1,ZONE_STEM_TELESCOPIC,Submerged Ballast Tier 8,0.6364,0.0208,206.299,27.16,-572.727,58.59,0.9914,0.1305,0.0,0
4745,SubmergedRing,-1,ZONE_STEM_TELESCOPIC,Submerged Ballast Tier 8,0.6364,0.0417,200.989,53.855,-572.727,58.59,0.9659,0.2588,0.0,0
4746,SubmergedRing,-1,ZONE_STEM_TELESCOPIC,Submerged Ballast Tier 8,0.6364,0.0625,192.24,79.628,-572.727,58.59,0.9239,0.3827,0.0,0
4747,SubmergedRing,-1,ZONE_STEM_TELESCOPIC,Submerged Ballast Tier 8,0.6364,0.0833,180.202,104.039,-572.727,58.59,0.866,0.5,0.0,0
4748,SubmergedRing,-1,ZONE_STEM_TELESCOPIC,Submerged Ballast Tier 8,0.6364,0.1042,165.08,126.67,-572.727,58.59,0.7934,0.6088,0.0,0
4749,SubmergedRing,-1,ZONE_STEM_TELESCOPIC,Submerged Ballast Tier 8,0.6364,0.125,147.134,147.134,-572.727,58.59,0.7071,0.7071,0.0,0
4750,SubmergedRing,-1,ZONE_STEM_TELESCOPIC,Submerged Ballast Tier 8,0.6364,0.1458,126.67,165.08,-572.727,58.59,0.6088,0.7934,0.0,0
4751,SubmergedRing,-1,ZONE_STEM_TELESCOPIC,Submerged Ballast Tier 8,0.6364,0.1667,104.039,180.202,-572.727,58.59,0.5,0.866,0.0,0
4752,SubmergedRing,-1,ZONE_STEM_TELESCOPIC,Submerged Ballast Tier 8,0.6364,0.1875,79.628,192.24,-572.727,58.59,0.3827,0.9239,0.0,0
4753,SubmergedRing,-1,ZONE_STEM_TELESCOPIC,Submerged Ballast Tier 8,0.6364,0.2083,53.855,200.989,-572.727,58.59,0.2588,0.9659,0.0,0
4754,SubmergedRing,-1,ZONE_STEM_TELESCOPIC,Submerged Ballast Tier 8,0.6364,0.2292,27.16,206.299,-572.727,58.59,0.1305,0.9914,0.0,0
4755,SubmergedRing,-1,ZONE_STEM_TELESCOPIC,Submerged Ballast Tier 8,0.6364,0.25,0.0,208.079,-572.727,58.59,0.0,1.0,0.0,0
4756,SubmergedRing,-1,ZONE_STEM_TELESCOPIC,Submerged Ballast Tier 8,0.6364,0.2708,-27.16,206.299,-572.727,58.59,-0.1305,0.9914,0.0,0
4757,SubmergedRing,-1,ZONE_STEM_TELESCOPIC,Submerged Ballast Tier 8,0.6364,0.2917,-53.855,200.989,-572.727,58.59,-0.2588,0.9659,0.0,0
4758,SubmergedRing,-1,ZONE_STEM_TELESCOPIC,Submerged Ballast Tier 8,0.6364,0.3125,-79.628,192.24,-572.727,58.59,-0.3827,0.9239,0.0,0
4759,SubmergedRing,-1,ZONE_STEM_TELESCOPIC,Submerged Ballast Tier 8,0.6364,0.3333,-104.039,180.202,-572.727,58.59,-0.5,0.866,0.0,0
4760,SubmergedRing,-1,ZONE_STEM_TELESCOPIC,Submerged Ballast Tier 8,0.6364,0.3542,-126.67,165.08,-572.727,58.59,-0.6088,0.7934,0.0,0
4761,SubmergedRing,-1,ZONE_STEM_TELESCOPIC,Submerged Ballast Tier 8,0.6364,0.375,-147.134,147.134,-572.727,58.59,-0.7071,0.7071,0.0,0
4762,SubmergedRing,-1,ZONE_STEM_TELESCOPIC,Submerged Ballast Tier 8,0.6364,0.3958,-165.08,126.67,-572.727,58.59,-0.7934,0.6088,0.0,0
4763,SubmergedRing,-1,ZONE_STEM_TELESCOPIC,Submerged Ballast Tier 8,0.6364,0.4167,-180.202,104.039,-572.727,58.59,-0.866,0.5,0.0,0
4764,SubmergedRing,-1,ZONE_STEM_TELESCOPIC,Submerged Ballast Tier 8,0.6364,0.4375,-192.24,79.628,-572.727,58.59,-0.9239,0.3827,0.0,0
4765,SubmergedRing,-1,ZONE_STEM_TELESCOPIC,Submerged Ballast Tier 8,0.6364,0.4583,-200.989,53.855,-572.727,58.59,-0.9659,0.2588,0.0,0
4766,SubmergedRing,-1,ZONE_STEM_TELESCOPIC,Submerged Ballast Tier 8,0.6364,0.4792,-206.299,27.16,-572.727,58.59,-0.9914,0.1305,0.0,0
4767,SubmergedRing,-1,ZONE_STEM_TELESCOPIC,Submerged Ballast Tier 8,0.6364,0.5,-208.079,0.0,-572.727,58.59,-1.0,0.0,0.0,0
4768,SubmergedRing,-1,ZONE_STEM_TELESCOPIC,Submerged Ballast Tier 8,0.6364,0.5208,-206.299,-27.16,-572.727,58.59,-0.9914,-0.1305,0.0,0
4769,SubmergedRing,-1,ZONE_STEM_TELESCOPIC,Submerged Ballast Tier 8,0.6364,0.5417,-200.989,-53.855,-572.727,58.59,-0.9659,-0.2588,0.0,0
4770,SubmergedRing,-1,ZONE_STEM_TELESCOPIC,Submerged Ballast Tier 8,0.6364,0.5625,-192.24,-79.628,-572.727,58.59,-0.9239,-0.3827,0.0,0
4771,SubmergedRing,-1,ZONE_STEM_TELESCOPIC,Submerged Ballast Tier 8,0.6364,0.5833,-180.202,-104.039,-572.727,58.59,-0.866,-0.5,0.0,0
4772,SubmergedRing,-1,ZONE_STEM_TELESCOPIC,Submerged Ballast Tier 8,0.6364,0.6042,-165.08,-126.67,-572.727,58.59,-0.7934,-0.6088,0.0,0
4773,SubmergedRing,-1,ZONE_STEM_TELESCOPIC,Submerged Ballast Tier 8,0.6364,0.625,-147.134,-147.134,-572.727,58.59,-0.7071,-0.7071,0.0,0
4774,SubmergedRing,-1,ZONE_STEM_TELESCOPIC,Submerged Ballast Tier 8,0.6364,0.6458,-126.67,-165.08,-572.727,58.59,-0.6088,-0.7934,0.0,0
4775,SubmergedRing,-1,ZONE_STEM_TELESCOPIC,Submerged Ballast Tier 8,0.6364,0.6667,-104.039,-180.202,-572.727,58.59,-0.5,-0.866,0.0,0
4776,SubmergedRing,-1,ZONE_STEM_TELESCOPIC,Submerged Ballast Tier 8,0.6364,0.6875,-79.628,-192.24,-572.727,58.59,-0.3827,-0.9239,0.0,0
4777,SubmergedRing,-1,ZONE_STEM_TELESCOPIC,Submerged Ballast Tier 8,0.6364,0.7083,-53.855,-200.989,-572.727,58.59,-0.2588,-0.9659,0.0,0
4778,SubmergedRing,-1,ZONE_STEM_TELESCOPIC,Submerged Ballast Tier 8,0.6364,0.7292,-27.16,-206.299,-572.727,58.59,-0.1305,-0.9914,0.0,0
4779,SubmergedRing,-1,ZONE_STEM_TELESCOPIC,Submerged Ballast Tier 8,0.6364,0.75,-0.0,-208.079,-572.727,58.59,-0.0,-1.0,0.0,0
4780,SubmergedRing,-1,ZONE_STEM_TELESCOPIC,Submerged Ballast Tier 8,0.6364,0.7708,27.16,-206.299,-572.727,58.59,0.1305,-0.9914,0.0,0
4781,SubmergedRing,-1,ZONE_STEM_TELESCOPIC,Submerged Ballast Tier 8,0.6364,0.7917,53.855,-200.989,-572.727,58.59,0.2588,-0.9659,0.0,0
4782,SubmergedRing,-1,ZONE_STEM_TELESCOPIC,Submerged Ballast Tier 8,0.6364,0.8125,79.628,-192.24,-572.727,58.59,0.3827,-0.9239,0.0,0
4783,SubmergedRing,-1,ZONE_STEM_TELESCOPIC,Submerged Ballast Tier 8,0.6364,0.8333,104.039,-180.202,-572.727,58.59,0.5,-0.866,0.0,0
4784,SubmergedRing,-1,ZONE_STEM_TELESCOPIC,Submerged Ballast Tier 8,0.6364,0.8542,126.67,-165.08,-572.727,58.59,0.6088,-0.7934,0.0,0
4785,SubmergedRing,-1,ZONE_STEM_TELESCOPIC,Submerged Ballast Tier 8,0.6364,0.875,147.134,-147.134,-572.727,58.59,0.7071,-0.7071,0.0,0
4786,SubmergedRing,-1,ZONE_STEM_TELESCOPIC,Submerged Ballast Tier 8,0.6364,0.8958,165.08,-126.67,-572.727,58.59,0.7934,-0.6088,0.0,0
4787,SubmergedRing,-1,ZONE_STEM_TELESCOPIC,Submerged Ballast Tier 8,0.6364,0.9167,180.202,-104.039,-572.727,58.59,0.866,-0.5,0.0,0
4788,SubmergedRing,-1,ZONE_STEM_TELESCOPIC,Submerged Ballast Tier 8,0.6364,0.9375,192.24,-79.628,-572.727,58.59,0.9239,-0.3827,0.0,0
4789,SubmergedRing,-1,ZONE_STEM_TELESCOPIC,Submerged Ballast Tier 8,0.6364,0.9583,200.989,-53.855,-572.727,58.59,0.9659,-0.2588,0.0,0
4790,SubmergedRing,-1,ZONE_STEM_TELESCOPIC,Submerged Ballast Tier 8,0.6364,0.9792,206.299,-27.16,-572.727,58.59,0.9914,-0.1305,0.0,0
4791,SubmergedRing,-1,ZONE_STEM_TELESCOPIC,Submerged Ballast Tier 9,0.7273,0.0,239.648,0.0,-654.545,66.81,1.0,0.0,0.0,0
4792,SubmergedRing,-1,ZONE_STEM_TELESCOPIC,Submerged Ballast Tier 9,0.7273,0.0208,237.598,31.28,-654.545,66.81,0.9914,0.1305,0.0,0
4793,SubmergedRing,-1,ZONE_STEM_TELESCOPIC,Submerged Ballast Tier 9,0.7273,0.0417,231.482,62.026,-654.545,66.81,0.9659,0.2588,0.0,0
4794,SubmergedRing,-1,ZONE_STEM_TELESCOPIC,Submerged Ballast Tier 9,0.7273,0.0625,221.406,91.709,-654.545,66.81,0.9239,0.3827,0.0,0
4795,SubmergedRing,-1,ZONE_STEM_TELESCOPIC,Submerged Ballast Tier 9,0.7273,0.0833,207.542,119.824,-654.545,66.81,0.866,0.5,0.0,0
4796,SubmergedRing,-1,ZONE_STEM_TELESCOPIC,Submerged Ballast Tier 9,0.7273,0.1042,190.126,145.889,-654.545,66.81,0.7934,0.6088,0.0,0
4797,SubmergedRing,-1,ZONE_STEM_TELESCOPIC,Submerged Ballast Tier 9,0.7273,0.125,169.457,169.457,-654.545,66.81,0.7071,0.7071,0.0,0
4798,SubmergedRing,-1,ZONE_STEM_TELESCOPIC,Submerged Ballast Tier 9,0.7273,0.1458,145.889,190.126,-654.545,66.81,0.6088,0.7934,0.0,0
4799,SubmergedRing,-1,ZONE_STEM_TELESCOPIC,Submerged Ballast Tier 9,0.7273,0.1667,119.824,207.542,-654.545,66.81,0.5,0.866,0.0,0
4800,SubmergedRing,-1,ZONE_STEM_TELESCOPIC,Submerged Ballast Tier 9,0.7273,0.1875,91.709,221.406,-654.545,66.81,0.3827,0.9239,0.0,0
4801,SubmergedRing,-1,ZONE_STEM_TELESCOPIC,Submerged Ballast Tier 9,0.7273,0.2083,62.026,231.482,-654.545,66.81,0.2588,0.9659,0.0,0
4802,SubmergedRing,-1,ZONE_STEM_TELESCOPIC,Submerged Ballast Tier 9,0.7273,0.2292,31.28,237.598,-654.545,66.81,0.1305,0.9914,0.0,0
4803,SubmergedRing,-1,ZONE_STEM_TELESCOPIC,Submerged Ballast Tier 9,0.7273,0.25,0.0,239.648,-654.545,66.81,0.0,1.0,0.0,0
4804,SubmergedRing,-1,ZONE_STEM_TELESCOPIC,Submerged Ballast Tier 9,0.7273,0.2708,-31.28,237.598,-654.545,66.81,-0.1305,0.9914,0.0,0
4805,SubmergedRing,-1,ZONE_STEM_TELESCOPIC,Submerged Ballast Tier 9,0.7273,0.2917,-62.026,231.482,-654.545,66.81,-0.2588,0.9659,0.0,0
4806,SubmergedRing,-1,ZONE_STEM_TELESCOPIC,Submerged Ballast Tier 9,0.7273,0.3125,-91.709,221.406,-654.545,66.81,-0.3827,0.9239,0.0,0
4807,SubmergedRing,-1,ZONE_STEM_TELESCOPIC,Submerged Ballast Tier 9,0.7273,0.3333,-119.824,207.542,-654.545,66.81,-0.5,0.866,0.0,0
4808,SubmergedRing,-1,ZONE_STEM_TELESCOPIC,Submerged Ballast Tier 9,0.7273,0.3542,-145.889,190.126,-654.545,66.81,-0.6088,0.7934,0.0,0
4809,SubmergedRing,-1,ZONE_STEM_TELESCOPIC,Submerged Ballast Tier 9,0.7273,0.375,-169.457,169.457,-654.545,66.81,-0.7071,0.7071,0.0,0
4810,SubmergedRing,-1,ZONE_STEM_TELESCOPIC,Submerged Ballast Tier 9,0.7273,0.3958,-190.126,145.889,-654.545,66.81,-0.7934,0.6088,0.0,0
4811,SubmergedRing,-1,ZONE_STEM_TELESCOPIC,Submerged Ballast Tier 9,0.7273,0.4167,-207.542,119.824,-654.545,66.81,-0.866,0.5,0.0,0
4812,SubmergedRing,-1,ZONE_STEM_TELESCOPIC,Submerged Ballast Tier 9,0.7273,0.4375,-221.406,91.709,-654.545,66.81,-0.9239,0.3827,0.0,0
4813,SubmergedRing,-1,ZONE_STEM_TELESCOPIC,Submerged Ballast Tier 9,0.7273,0.4583,-231.482,62.026,-654.545,66.81,-0.9659,0.2588,0.0,0
4814,SubmergedRing,-1,ZONE_STEM_TELESCOPIC,Submerged Ballast Tier 9,0.7273,0.4792,-237.598,31.28,-654.545,66.81,-0.9914,0.1305,0.0,0
4815,SubmergedRing,-1,ZONE_STEM_TELESCOPIC,Submerged Ballast Tier 9,0.7273,0.5,-239.648,0.0,-654.545,66.81,-1.0,0.0,0.0,0
4816,SubmergedRing,-1,ZONE_STEM_TELESCOPIC,Submerged Ballast Tier 9,0.7273,0.5208,-237.598,-31.28,-654.545,66.81,-0.9914,-0.1305,0.0,0
4817,SubmergedRing,-1,ZONE_STEM_TELESCOPIC,Submerged Ballast Tier 9,0.7273,0.5417,-231.482,-62.026,-654.545,66.81,-0.9659,-0.2588,0.0,0
4818,SubmergedRing,-1,ZONE_STEM_TELESCOPIC,Submerged Ballast Tier 9,0.7273,0.5625,-221.406,-91.709,-654.545,66.81,-0.9239,-0.3827,0.0,0
4819,SubmergedRing,-1,ZONE_STEM_TELESCOPIC,Submerged Ballast Tier 9,0.7273,0.5833,-207.542,-119.824,-654.545,66.81,-0.866,-0.5,0.0,0
4820,SubmergedRing,-1,ZONE_STEM_TELESCOPIC,Submerged Ballast Tier 9,0.7273,0.6042,-190.126,-145.889,-654.545,66.81,-0.7934,-0.6088,0.0,0
4821,SubmergedRing,-1,ZONE_STEM_TELESCOPIC,Submerged Ballast Tier 9,0.7273,0.625,-169.457,-169.457,-654.545,66.81,-0.7071,-0.7071,0.0,0
4822,SubmergedRing,-1,ZONE_STEM_TELESCOPIC,Submerged Ballast Tier 9,0.7273,0.6458,-145.889,-190.126,-654.545,66.81,-0.6088,-0.7934,0.0,0
4823,SubmergedRing,-1,ZONE_STEM_TELESCOPIC,Submerged Ballast Tier 9,0.7273,0.6667,-119.824,-207.542,-654.545,66.81,-0.5,-0.866,0.0,0
4824,SubmergedRing,-1,ZONE_STEM_TELESCOPIC,Submerged Ballast Tier 9,0.7273,0.6875,-91.709,-221.406,-654.545,66.81,-0.3827,-0.9239,0.0,0
4825,SubmergedRing,-1,ZONE_STEM_TELESCOPIC,Submerged Ballast Tier 9,0.7273,0.7083,-62.026,-231.482,-654.545,66.81,-0.2588,-0.9659,0.0,0
4826,SubmergedRing,-1,ZONE_STEM_TELESCOPIC,Submerged Ballast Tier 9,0.7273,0.7292,-31.28,-237.598,-654.545,66.81,-0.1305,-0.9914,0.0,0
4827,SubmergedRing,-1,ZONE_STEM_TELESCOPIC,Submerged Ballast Tier 9,0.7273,0.75,-0.0,-239.648,-654.545,66.81,-0.0,-1.0,0.0,0
4828,SubmergedRing,-1,ZONE_STEM_TELESCOPIC,Submerged Ballast Tier 9,0.7273,0.7708,31.28,-237.598,-654.545,66.81,0.1305,-0.9914,0.0,0
4829,SubmergedRing,-1,ZONE_STEM_TELESCOPIC,Submerged Ballast Tier 9,0.7273,0.7917,62.026,-231.482,-654.545,66.81,0.2588,-0.9659,0.0,0
4830,SubmergedRing,-1,ZONE_STEM_TELESCOPIC,Submerged Ballast Tier 9,0.7273,0.8125,91.709,-221.406,-654.545,66.81,0.3827,-0.9239,0.0,0
4831,SubmergedRing,-1,ZONE_STEM_TELESCOPIC,Submerged Ballast Tier 9,0.7273,0.8333,119.824,-207.542,-654.545,66.81,0.5,-0.866,0.0,0
4832,SubmergedRing,-1,ZONE_STEM_TELESCOPIC,Submerged Ballast Tier 9,0.7273,0.8542,145.889,-190.126,-654.545,66.81,0.6088,-0.7934,0.0,0
4833,SubmergedRing,-1,ZONE_STEM_TELESCOPIC,Submerged Ballast Tier 9,0.7273,0.875,169.457,-169.457,-654.545,66.81,0.7071,-0.7071,0.0,0
4834,SubmergedRing,-1,ZONE_STEM_TELESCOPIC,Submerged Ballast Tier 9,0.7273,0.8958,190.126,-145.889,-654.545,66.81,0.7934,-0.6088,0.0,0
4835,SubmergedRing,-1,ZONE_STEM_TELESCOPIC,Submerged Ballast Tier 9,0.7273,0.9167,207.542,-119.824,-654.545,66.81,0.866,-0.5,0.0,0
4836,SubmergedRing,-1,ZONE_STEM_TELESCOPIC,Submerged Ballast Tier 9,0.7273,0.9375,221.406,-91.709,-654.545,66.81,0.9239,-0.3827,0.0,0
4837,SubmergedRing,-1,ZONE_STEM_TELESCOPIC,Submerged Ballast Tier 9,0.7273,0.9583,231.482,-62.026,-654.545,66.81,0.9659,-0.2588,0.0,0
4838,SubmergedRing,-1,ZONE_STEM_TELESCOPIC,Submerged Ballast Tier 9,0.7273,0.9792,237.598,-31.28,-654.545,66.81,0.9914,-0.1305,0.0,0
4839,SubmergedRing,-1,ZONE_STEM_TELESCOPIC,Submerged Ballast Tier 10,0.8182,0.0,273.895,0.0,-736.364,75.04,1.0,0.0,0.0,0
4840,SubmergedRing,-1,ZONE_STEM_TELESCOPIC,Submerged Ballast Tier 10,0.8182,0.0208,271.552,35.75,-736.364,75.04,0.9914,0.1305,0.0,0
4841,SubmergedRing,-1,ZONE_STEM_TELESCOPIC,Submerged Ballast Tier 10,0.8182,0.0417,264.562,70.889,-736.364,75.04,0.9659,0.2588,0.0,0
4842,SubmergedRing,-1,ZONE_STEM_TELESCOPIC,Submerged Ballast Tier 10,0.8182,0.0625,253.046,104.815,-736.364,75.04,0.9239,0.3827,0.0,0
4843,SubmergedRing,-1,ZONE_STEM_TELESCOPIC,Submerged Ballast Tier 10,0.8182,0.0833,237.2,136.947,-736.364,75.04,0.866,0.5,0.0,0
4844,SubmergedRing,-1,ZONE_STEM_TELESCOPIC,Submerged Ballast Tier 10,0.8182,0.1042,217.295,166.737,-736.364,75.04,0.7934,0.6088,0.0,0
4845,SubmergedRing,-1,ZONE_STEM_TELESCOPIC,Submerged Ballast Tier 10,0.8182,0.125,193.673,193.673,-736.364,75.04,0.7071,0.7071,0.0,0
4846,SubmergedRing,-1,ZONE_STEM_TELESCOPIC,Submerged Ballast Tier 10,0.8182,0.1458,166.737,217.295,-736.364,75.04,0.6088,0.7934,0.0,0
4847,SubmergedRing,-1,ZONE_STEM_TELESCOPIC,Submerged Ballast Tier 10,0.8182,0.1667,136.947,237.2,-736.364,75.04,0.5,0.866,0.0,0
4848,SubmergedRing,-1,ZONE_STEM_TELESCOPIC,Submerged Ballast Tier 10,0.8182,0.1875,104.815,253.046,-736.364,75.04,0.3827,0.9239,0.0,0
4849,SubmergedRing,-1,ZONE_STEM_TELESCOPIC,Submerged Ballast Tier 10,0.8182,0.2083,70.889,264.562,-736.364,75.04,0.2588,0.9659,0.0,0
4850,SubmergedRing,-1,ZONE_STEM_TELESCOPIC,Submerged Ballast Tier 10,0.8182,0.2292,35.75,271.552,-736.364,75.04,0.1305,0.9914,0.0,0
4851,SubmergedRing,-1,ZONE_STEM_TELESCOPIC,Submerged Ballast Tier 10,0.8182,0.25,0.0,273.895,-736.364,75.04,0.0,1.0,0.0,0
4852,SubmergedRing,-1,ZONE_STEM_TELESCOPIC,Submerged Ballast Tier 10,0.8182,0.2708,-35.75,271.552,-736.364,75.04,-0.1305,0.9914,0.0,0
4853,SubmergedRing,-1,ZONE_STEM_TELESCOPIC,Submerged Ballast Tier 10,0.8182,0.2917,-70.889,264.562,-736.364,75.04,-0.2588,0.9659,0.0,0
4854,SubmergedRing,-1,ZONE_STEM_TELESCOPIC,Submerged Ballast Tier 10,0.8182,0.3125,-104.815,253.046,-736.364,75.04,-0.3827,0.9239,0.0,0
4855,SubmergedRing,-1,ZONE_STEM_TELESCOPIC,Submerged Ballast Tier 10,0.8182,0.3333,-136.947,237.2,-736.364,75.04,-0.5,0.866,0.0,0
4856,SubmergedRing,-1,ZONE_STEM_TELESCOPIC,Submerged Ballast Tier 10,0.8182,0.3542,-166.737,217.295,-736.364,75.04,-0.6088,0.7934,0.0,0
4857,SubmergedRing,-1,ZONE_STEM_TELESCOPIC,Submerged Ballast Tier 10,0.8182,0.375,-193.673,193.673,-736.364,75.04,-0.7071,0.7071,0.0,0
4858,SubmergedRing,-1,ZONE_STEM_TELESCOPIC,Submerged Ballast Tier 10,0.8182,0.3958,-217.295,166.737,-736.364,75.04,-0.7934,0.6088,0.0,0
4859,SubmergedRing,-1,ZONE_STEM_TELESCOPIC,Submerged Ballast Tier 10,0.8182,0.4167,-237.2,136.947,-736.364,75.04,-0.866,0.5,0.0,0
4860,SubmergedRing,-1,ZONE_STEM_TELESCOPIC,Submerged Ballast Tier 10,0.8182,0.4375,-253.046,104.815,-736.364,75.04,-0.9239,0.3827,0.0,0
4861,SubmergedRing,-1,ZONE_STEM_TELESCOPIC,Submerged Ballast Tier 10,0.8182,0.4583,-264.562,70.889,-736.364,75.04,-0.9659,0.2588,0.0,0
4862,SubmergedRing,-1,ZONE_STEM_TELESCOPIC,Submerged Ballast Tier 10,0.8182,0.4792,-271.552,35.75,-736.364,75.04,-0.9914,0.1305,0.0,0
4863,SubmergedRing,-1,ZONE_STEM_TELESCOPIC,Submerged Ballast Tier 10,0.8182,0.5,-273.895,0.0,-736.364,75.04,-1.0,0.0,0.0,0
4864,SubmergedRing,-1,ZONE_STEM_TELESCOPIC,Submerged Ballast Tier 10,0.8182,0.5208,-271.552,-35.75,-736.364,75.04,-0.9914,-0.1305,0.0,0
4865,SubmergedRing,-1,ZONE_STEM_TELESCOPIC,Submerged Ballast Tier 10,0.8182,0.5417,-264.562,-70.889,-736.364,75.04,-0.9659,-0.2588,0.0,0
4866,SubmergedRing,-1,ZONE_STEM_TELESCOPIC,Submerged Ballast Tier 10,0.8182,0.5625,-253.046,-104.815,-736.364,75.04,-0.9239,-0.3827,0.0,0
4867,SubmergedRing,-1,ZONE_STEM_TELESCOPIC,Submerged Ballast Tier 10,0.8182,0.5833,-237.2,-136.947,-736.364,75.04,-0.866,-0.5,0.0,0
4868,SubmergedRing,-1,ZONE_STEM_TELESCOPIC,Submerged Ballast Tier 10,0.8182,0.6042,-217.295,-166.737,-736.364,75.04,-0.7934,-0.6088,0.0,0
4869,SubmergedRing,-1,ZONE_STEM_TELESCOPIC,Submerged Ballast Tier 10,0.8182,0.625,-193.673,-193.673,-736.364,75.04,-0.7071,-0.7071,0.0,0
4870,SubmergedRing,-1,ZONE_STEM_TELESCOPIC,Submerged Ballast Tier 10,0.8182,0.6458,-166.737,-217.295,-736.364,75.04,-0.6088,-0.7934,0.0,0
4871,SubmergedRing,-1,ZONE_STEM_TELESCOPIC,Submerged Ballast Tier 10,0.8182,0.6667,-136.947,-237.2,-736.364,75.04,-0.5,-0.866,0.0,0
4872,SubmergedRing,-1,ZONE_STEM_TELESCOPIC,Submerged Ballast Tier 10,0.8182,0.6875,-104.815,-253.046,-736.364,75.04,-0.3827,-0.9239,0.0,0
4873,SubmergedRing,-1,ZONE_STEM_TELESCOPIC,Submerged Ballast Tier 10,0.8182,0.7083,-70.889,-264.562,-736.364,75.04,-0.2588,-0.9659,0.0,0
4874,SubmergedRing,-1,ZONE_STEM_TELESCOPIC,Submerged Ballast Tier 10,0.8182,0.7292,-35.75,-271.552,-736.364,75.04,-0.1305,-0.9914,0.0,0
4875,SubmergedRing,-1,ZONE_STEM_TELESCOPIC,Submerged Ballast Tier 10,0.8182,0.75,-0.0,-273.895,-736.364,75.04,-0.0,-1.0,0.0,0
4876,SubmergedRing,-1,ZONE_STEM_TELESCOPIC,Submerged Ballast Tier 10,0.8182,0.7708,35.75,-271.552,-736.364,75.04,0.1305,-0.9914,0.0,0
4877,SubmergedRing,-1,ZONE_STEM_TELESCOPIC,Submerged Ballast Tier 10,0.8182,0.7917,70.889,-264.562,-736.364,75.04,0.2588,-0.9659,0.0,0
4878,SubmergedRing,-1,ZONE_STEM_TELESCOPIC,Submerged Ballast Tier 10,0.8182,0.8125,104.815,-253.046,-736.364,75.04,0.3827,-0.9239,0.0,0
4879,SubmergedRing,-1,ZONE_STEM_TELESCOPIC,Submerged Ballast Tier 10,0.8182,0.8333,136.947,-237.2,-736.364,75.04,0.5,-0.866,0.0,0
4880,SubmergedRing,-1,ZONE_STEM_TELESCOPIC,Submerged Ballast Tier 10,0.8182,0.8542,166.737,-217.295,-736.364,75.04,0.6088,-0.7934,0.0,0
4881,SubmergedRing,-1,ZONE_STEM_TELESCOPIC,Submerged Ballast Tier 10,0.8182,0.875,193.673,-193.673,-736.364,75.04,0.7071,-0.7071,0.0,0
4882,SubmergedRing,-1,ZONE_STEM_TELESCOPIC,Submerged Ballast Tier 10,0.8182,0.8958,217.295,-166.737,-736.364,75.04,0.7934,-0.6088,0.0,0
4883,SubmergedRing,-1,ZONE_STEM_TELESCOPIC,Submerged Ballast Tier 10,0.8182,0.9167,237.2,-136.947,-736.364,75.04,0.866,-0.5,0.0,0
4884,SubmergedRing,-1,ZONE_STEM_TELESCOPIC,Submerged Ballast Tier 10,0.8182,0.9375,253.046,-104.815,-736.364,75.04,0.9239,-0.3827,0.0,0
4885,SubmergedRing,-1,ZONE_STEM_TELESCOPIC,Submerged Ballast Tier 10,0.8182,0.9583,264.562,-70.889,-736.364,75.04,0.9659,-0.2588,0.0,0
4886,SubmergedRing,-1,ZONE_STEM_TELESCOPIC,Submerged Ballast Tier 10,0.8182,0.9792,271.552,-35.75,-736.364,75.04,0.9914,-0.1305,0.0,0
4887,SubmergedRing,-1,ZONE_ROOT_VAULT,Submerged Ballast Tier 11,0.9091,0.0,310.71,0.0,-818.182,83.27,1.0,0.0,0.0,0
4888,SubmergedRing,-1,ZONE_ROOT_VAULT,Submerged Ballast Tier 11,0.9091,0.0208,308.052,40.556,-818.182,83.27,0.9914,0.1305,0.0,0
4889,SubmergedRing,-1,ZONE_ROOT_VAULT,Submerged Ballast Tier 11,0.9091,0.0417,300.123,80.418,-818.182,83.27,0.9659,0.2588,0.0,0
4890,SubmergedRing,-1,ZONE_ROOT_VAULT,Submerged Ballast Tier 11,0.9091,0.0625,287.058,118.903,-818.182,83.27,0.9239,0.3827,0.0,0
4891,SubmergedRing,-1,ZONE_ROOT_VAULT,Submerged Ballast Tier 11,0.9091,0.0833,269.082,155.355,-818.182,83.27,0.866,0.5,0.0,0
4892,SubmergedRing,-1,ZONE_ROOT_VAULT,Submerged Ballast Tier 11,0.9091,0.1042,246.503,189.148,-818.182,83.27,0.7934,0.6088,0.0,0
4893,SubmergedRing,-1,ZONE_ROOT_VAULT,Submerged Ballast Tier 11,0.9091,0.125,219.705,219.705,-818.182,83.27,0.7071,0.7071,0.0,0
4894,SubmergedRing,-1,ZONE_ROOT_VAULT,Submerged Ballast Tier 11,0.9091,0.1458,189.148,246.503,-818.182,83.27,0.6088,0.7934,0.0,0
4895,SubmergedRing,-1,ZONE_ROOT_VAULT,Submerged Ballast Tier 11,0.9091,0.1667,155.355,269.082,-818.182,83.27,0.5,0.866,0.0,0
4896,SubmergedRing,-1,ZONE_ROOT_VAULT,Submerged Ballast Tier 11,0.9091,0.1875,118.903,287.058,-818.182,83.27,0.3827,0.9239,0.0,0
4897,SubmergedRing,-1,ZONE_ROOT_VAULT,Submerged Ballast Tier 11,0.9091,0.2083,80.418,300.123,-818.182,83.27,0.2588,0.9659,0.0,0
4898,SubmergedRing,-1,ZONE_ROOT_VAULT,Submerged Ballast Tier 11,0.9091,0.2292,40.556,308.052,-818.182,83.27,0.1305,0.9914,0.0,0
4899,SubmergedRing,-1,ZONE_ROOT_VAULT,Submerged Ballast Tier 11,0.9091,0.25,0.0,310.71,-818.182,83.27,0.0,1.0,0.0,0
4900,SubmergedRing,-1,ZONE_ROOT_VAULT,Submerged Ballast Tier 11,0.9091,0.2708,-40.556,308.052,-818.182,83.27,-0.1305,0.9914,0.0,0
4901,SubmergedRing,-1,ZONE_ROOT_VAULT,Submerged Ballast Tier 11,0.9091,0.2917,-80.418,300.123,-818.182,83.27,-0.2588,0.9659,0.0,0
4902,SubmergedRing,-1,ZONE_ROOT_VAULT,Submerged Ballast Tier 11,0.9091,0.3125,-118.903,287.058,-818.182,83.27,-0.3827,0.9239,0.0,0
4903,SubmergedRing,-1,ZONE_ROOT_VAULT,Submerged Ballast Tier 11,0.9091,0.3333,-155.355,269.082,-818.182,83.27,-0.5,0.866,0.0,0
4904,SubmergedRing,-1,ZONE_ROOT_VAULT,Submerged Ballast Tier 11,0.9091,0.3542,-189.148,246.503,-818.182,83.27,-0.6088,0.7934,0.0,0
4905,SubmergedRing,-1,ZONE_ROOT_VAULT,Submerged Ballast Tier 11,0.9091,0.375,-219.705,219.705,-818.182,83.27,-0.7071,0.7071,0.0,0
4906,SubmergedRing,-1,ZONE_ROOT_VAULT,Submerged Ballast Tier 11,0.9091,0.3958,-246.503,189.148,-818.182,83.27,-0.7934,0.6088,0.0,0
4907,SubmergedRing,-1,ZONE_ROOT_VAULT,Submerged Ballast Tier 11,0.9091,0.4167,-269.082,155.355,-818.182,83.27,-0.866,0.5,0.0,0
4908,SubmergedRing,-1,ZONE_ROOT_VAULT,Submerged Ballast Tier 11,0.9091,0.4375,-287.058,118.903,-818.182,83.27,-0.9239,0.3827,0.0,0
4909,SubmergedRing,-1,ZONE_ROOT_VAULT,Submerged Ballast Tier 11,0.9091,0.4583,-300.123,80.418,-818.182,83.27,-0.9659,0.2588,0.0,0
4910,SubmergedRing,-1,ZONE_ROOT_VAULT,Submerged Ballast Tier 11,0.9091,0.4792,-308.052,40.556,-818.182,83.27,-0.9914,0.1305,0.0,0
4911,SubmergedRing,-1,ZONE_ROOT_VAULT,Submerged Ballast Tier 11,0.9091,0.5,-310.71,0.0,-818.182,83.27,-1.0,0.0,0.0,0
4912,SubmergedRing,-1,ZONE_ROOT_VAULT,Submerged Ballast Tier 11,0.9091,0.5208,-308.052,-40.556,-818.182,83.27,-0.9914,-0.1305,0.0,0
4913,SubmergedRing,-1,ZONE_ROOT_VAULT,Submerged Ballast Tier 11,0.9091,0.5417,-300.123,-80.418,-818.182,83.27,-0.9659,-0.2588,0.0,0
4914,SubmergedRing,-1,ZONE_ROOT_VAULT,Submerged Ballast Tier 11,0.9091,0.5625,-287.058,-118.903,-818.182,83.27,-0.9239,-0.3827,0.0,0
4915,SubmergedRing,-1,ZONE_ROOT_VAULT,Submerged Ballast Tier 11,0.9091,0.5833,-269.082,-155.355,-818.182,83.27,-0.866,-0.5,0.0,0
4916,SubmergedRing,-1,ZONE_ROOT_VAULT,Submerged Ballast Tier 11,0.9091,0.6042,-246.503,-189.148,-818.182,83.27,-0.7934,-0.6088,0.0,0
4917,SubmergedRing,-1,ZONE_ROOT_VAULT,Submerged Ballast Tier 11,0.9091,0.625,-219.705,-219.705,-818.182,83.27,-0.7071,-0.7071,0.0,0
4918,SubmergedRing,-1,ZONE_ROOT_VAULT,Submerged Ballast Tier 11,0.9091,0.6458,-189.148,-246.503,-818.182,83.27,-0.6088,-0.7934,0.0,0
4919,SubmergedRing,-1,ZONE_ROOT_VAULT,Submerged Ballast Tier 11,0.9091,0.6667,-155.355,-269.082,-818.182,83.27,-0.5,-0.866,0.0,0
4920,SubmergedRing,-1,ZONE_ROOT_VAULT,Submerged Ballast Tier 11,0.9091,0.6875,-118.903,-287.058,-818.182,83.27,-0.3827,-0.9239,0.0,0
4921,SubmergedRing,-1,ZONE_ROOT_VAULT,Submerged Ballast Tier 11,0.9091,0.7083,-80.418,-300.123,-818.182,83.27,-0.2588,-0.9659,0.0,0
4922,SubmergedRing,-1,ZONE_ROOT_VAULT,Submerged Ballast Tier 11,0.9091,0.7292,-40.556,-308.052,-818.182,83.27,-0.1305,-0.9914,0.0,0
4923,SubmergedRing,-1,ZONE_ROOT_VAULT,Submerged Ballast Tier 11,0.9091,0.75,-0.0,-310.71,-818.182,83.27,-0.0,-1.0,0.0,0
4924,SubmergedRing,-1,ZONE_ROOT_VAULT,Submerged Ballast Tier 11,0.9091,0.7708,40.556,-308.052,-818.182,83.27,0.1305,-0.9914,0.0,0
4925,SubmergedRing,-1,ZONE_ROOT_VAULT,Submerged Ballast Tier 11,0.9091,0.7917,80.418,-300.123,-818.182,83.27,0.2588,-0.9659,0.0,0
4926,SubmergedRing,-1,ZONE_ROOT_VAULT,Submerged Ballast Tier 11,0.9091,0.8125,118.903,-287.058,-818.182,83.27,0.3827,-0.9239,0.0,0
4927,SubmergedRing,-1,ZONE_ROOT_VAULT,Submerged Ballast Tier 11,0.9091,0.8333,155.355,-269.082,-818.182,83.27,0.5,-0.866,0.0,0
4928,SubmergedRing,-1,ZONE_ROOT_VAULT,Submerged Ballast Tier 11,0.9091,0.8542,189.148,-246.503,-818.182,83.27,0.6088,-0.7934,0.0,0
4929,SubmergedRing,-1,ZONE_ROOT_VAULT,Submerged Ballast Tier 11,0.9091,0.875,219.705,-219.705,-818.182,83.27,0.7071,-0.7071,0.0,0
4930,SubmergedRing,-1,ZONE_ROOT_VAULT,Submerged Ballast Tier 11,0.9091,0.8958,246.503,-189.148,-818.182,83.27,0.7934,-0.6088,0.0,0
4931,SubmergedRing,-1,ZONE_ROOT_VAULT,Submerged Ballast Tier 11,0.9091,0.9167,269.082,-155.355,-818.182,83.27,0.866,-0.5,0.0,0
4932,SubmergedRing,-1,ZONE_ROOT_VAULT,Submerged Ballast Tier 11,0.9091,0.9375,287.058,-118.903,-818.182,83.27,0.9239,-0.3827,0.0,0
4933,SubmergedRing,-1,ZONE_ROOT_VAULT,Submerged Ballast Tier 11,0.9091,0.9583,300.123,-80.418,-818.182,83.27,0.9659,-0.2588,0.0,0
4934,SubmergedRing,-1,ZONE_ROOT_VAULT,Submerged Ballast Tier 11,0.9091,0.9792,308.052,-40.556,-818.182,83.27,0.9914,-0.1305,0.0,0
4935,SubmergedRing,-1,ZONE_ROOT_VAULT,Submerged Ballast Tier 12,1.0,0.0,350.0,0.0,-900.0,91.5,1.0,0.0,0.0,0
4936,SubmergedRing,-1,ZONE_ROOT_VAULT,Submerged Ballast Tier 12,1.0,0.0208,347.006,45.684,-900.0,91.5,0.9914,0.1305,0.0,0
4937,SubmergedRing,-1,ZONE_ROOT_VAULT,Submerged Ballast Tier 12,1.0,0.0417,338.074,90.587,-900.0,91.5,0.9659,0.2588,0.0,0
4938,SubmergedRing,-1,ZONE_ROOT_VAULT,Submerged Ballast Tier 12,1.0,0.0625,323.358,133.939,-900.0,91.5,0.9239,0.3827,0.0,0
4939,SubmergedRing,-1,ZONE_ROOT_VAULT,Submerged Ballast Tier 12,1.0,0.0833,303.109,175.0,-900.0,91.5,0.866,0.5,0.0,0
4940,SubmergedRing,-1,ZONE_ROOT_VAULT,Submerged Ballast Tier 12,1.0,0.1042,277.674,213.067,-900.0,91.5,0.7934,0.6088,0.0,0
4941,SubmergedRing,-1,ZONE_ROOT_VAULT,Submerged Ballast Tier 12,1.0,0.125,247.487,247.487,-900.0,91.5,0.7071,0.7071,0.0,0
4942,SubmergedRing,-1,ZONE_ROOT_VAULT,Submerged Ballast Tier 12,1.0,0.1458,213.067,277.674,-900.0,91.5,0.6088,0.7934,0.0,0
4943,SubmergedRing,-1,ZONE_ROOT_VAULT,Submerged Ballast Tier 12,1.0,0.1667,175.0,303.109,-900.0,91.5,0.5,0.866,0.0,0
4944,SubmergedRing,-1,ZONE_ROOT_VAULT,Submerged Ballast Tier 12,1.0,0.1875,133.939,323.358,-900.0,91.5,0.3827,0.9239,0.0,0
4945,SubmergedRing,-1,ZONE_ROOT_VAULT,Submerged Ballast Tier 12,1.0,0.2083,90.587,338.074,-900.0,91.5,0.2588,0.9659,0.0,0
4946,SubmergedRing,-1,ZONE_ROOT_VAULT,Submerged Ballast Tier 12,1.0,0.2292,45.684,347.006,-900.0,91.5,0.1305,0.9914,0.0,0
4947,SubmergedRing,-1,ZONE_ROOT_VAULT,Submerged Ballast Tier 12,1.0,0.25,0.0,350.0,-900.0,91.5,0.0,1.0,0.0,0
4948,SubmergedRing,-1,ZONE_ROOT_VAULT,Submerged Ballast Tier 12,1.0,0.2708,-45.684,347.006,-900.0,91.5,-0.1305,0.9914,0.0,0
4949,SubmergedRing,-1,ZONE_ROOT_VAULT,Submerged Ballast Tier 12,1.0,0.2917,-90.587,338.074,-900.0,91.5,-0.2588,0.9659,0.0,0
4950,SubmergedRing,-1,ZONE_ROOT_VAULT,Submerged Ballast Tier 12,1.0,0.3125,-133.939,323.358,-900.0,91.5,-0.3827,0.9239,0.0,0
4951,SubmergedRing,-1,ZONE_ROOT_VAULT,Submerged Ballast Tier 12,1.0,0.3333,-175.0,303.109,-900.0,91.5,-0.5,0.866,0.0,0
4952,SubmergedRing,-1,ZONE_ROOT_VAULT,Submerged Ballast Tier 12,1.0,0.3542,-213.067,277.674,-900.0,91.5,-0.6088,0.7934,0.0,0
4953,SubmergedRing,-1,ZONE_ROOT_VAULT,Submerged Ballast Tier 12,1.0,0.375,-247.487,247.487,-900.0,91.5,-0.7071,0.7071,0.0,0
4954,SubmergedRing,-1,ZONE_ROOT_VAULT,Submerged Ballast Tier 12,1.0,0.3958,-277.674,213.067,-900.0,91.5,-0.7934,0.6088,0.0,0
4955,SubmergedRing,-1,ZONE_ROOT_VAULT,Submerged Ballast Tier 12,1.0,0.4167,-303.109,175.0,-900.0,91.5,-0.866,0.5,0.0,0
4956,SubmergedRing,-1,ZONE_ROOT_VAULT,Submerged Ballast Tier 12,1.0,0.4375,-323.358,133.939,-900.0,91.5,-0.9239,0.3827,0.0,0
4957,SubmergedRing,-1,ZONE_ROOT_VAULT,Submerged Ballast Tier 12,1.0,0.4583,-338.074,90.587,-900.0,91.5,-0.9659,0.2588,0.0,0
4958,SubmergedRing,-1,ZONE_ROOT_VAULT,Submerged Ballast Tier 12,1.0,0.4792,-347.006,45.684,-900.0,91.5,-0.9914,0.1305,0.0,0
4959,SubmergedRing,-1,ZONE_ROOT_VAULT,Submerged Ballast Tier 12,1.0,0.5,-350.0,0.0,-900.0,91.5,-1.0,0.0,0.0,0
4960,SubmergedRing,-1,ZONE_ROOT_VAULT,Submerged Ballast Tier 12,1.0,0.5208,-347.006,-45.684,-900.0,91.5,-0.9914,-0.1305,0.0,0
4961,SubmergedRing,-1,ZONE_ROOT_VAULT,Submerged Ballast Tier 12,1.0,0.5417,-338.074,-90.587,-900.0,91.5,-0.9659,-0.2588,0.0,0
4962,SubmergedRing,-1,ZONE_ROOT_VAULT,Submerged Ballast Tier 12,1.0,0.5625,-323.358,-133.939,-900.0,91.5,-0.9239,-0.3827,0.0,0
4963,SubmergedRing,-1,ZONE_ROOT_VAULT,Submerged Ballast Tier 12,1.0,0.5833,-303.109,-175.0,-900.0,91.5,-0.866,-0.5,0.0,0
4964,SubmergedRing,-1,ZONE_ROOT_VAULT,Submerged Ballast Tier 12,1.0,0.6042,-277.674,-213.067,-900.0,91.5,-0.7934,-0.6088,0.0,0
4965,SubmergedRing,-1,ZONE_ROOT_VAULT,Submerged Ballast Tier 12,1.0,0.625,-247.487,-247.487,-900.0,91.5,-0.7071,-0.7071,0.0,0
4966,SubmergedRing,-1,ZONE_ROOT_VAULT,Submerged Ballast Tier 12,1.0,0.6458,-213.067,-277.674,-900.0,91.5,-0.6088,-0.7934,0.0,0
4967,SubmergedRing,-1,ZONE_ROOT_VAULT,Submerged Ballast Tier 12,1.0,0.6667,-175.0,-303.109,-900.0,91.5,-0.5,-0.866,0.0,0
4968,SubmergedRing,-1,ZONE_ROOT_VAULT,Submerged Ballast Tier 12,1.0,0.6875,-133.939,-323.358,-900.0,91.5,-0.3827,-0.9239,0.0,0
4969,SubmergedRing,-1,ZONE_ROOT_VAULT,Submerged Ballast Tier 12,1.0,0.7083,-90.587,-338.074,-900.0,91.5,-0.2588,-0.9659,0.0,0
4970,SubmergedRing,-1,ZONE_ROOT_VAULT,Submerged Ballast Tier 12,1.0,0.7292,-45.684,-347.006,-900.0,91.5,-0.1305,-0.9914,0.0,0
4971,SubmergedRing,-1,ZONE_ROOT_VAULT,Submerged Ballast Tier 12,1.0,0.75,-0.0,-350.0,-900.0,91.5,-0.0,-1.0,0.0,0
4972,SubmergedRing,-1,ZONE_ROOT_VAULT,Submerged Ballast Tier 12,1.0,0.7708,45.684,-347.006,-900.0,91.5,0.1305,-0.9914,0.0,0
4973,SubmergedRing,-1,ZONE_ROOT_VAULT,Submerged Ballast Tier 12,1.0,0.7917,90.587,-338.074,-900.0,91.5,0.2588,-0.9659,0.0,0
4974,SubmergedRing,-1,ZONE_ROOT_VAULT,Submerged Ballast Tier 12,1.0,0.8125,133.939,-323.358,-900.0,91.5,0.3827,-0.9239,0.0,0
4975,SubmergedRing,-1,ZONE_ROOT_VAULT,Submerged Ballast Tier 12,1.0,0.8333,175.0,-303.109,-900.0,91.5,0.5,-0.866,0.0,0
4976,SubmergedRing,-1,ZONE_ROOT_VAULT,Submerged Ballast Tier 12,1.0,0.8542,213.067,-277.674,-900.0,91.5,0.6088,-0.7934,0.0,0
4977,SubmergedRing,-1,ZONE_ROOT_VAULT,Submerged Ballast Tier 12,1.0,0.875,247.487,-247.487,-900.0,91.5,0.7071,-0.7071,0.0,0
4978,SubmergedRing,-1,ZONE_ROOT_VAULT,Submerged Ballast Tier 12,1.0,0.8958,277.674,-213.067,-900.0,91.5,0.7934,-0.6088,0.0,0
4979,SubmergedRing,-1,ZONE_ROOT_VAULT,Submerged Ballast Tier 12,1.0,0.9167,303.109,-175.0,-900.0,91.5,0.866,-0.5,0.0,0
4980,SubmergedRing,-1,ZONE_ROOT_VAULT,Submerged Ballast Tier 12,1.0,0.9375,323.358,-133.939,-900.0,91.5,0.9239,-0.3827,0.0,0
4981,SubmergedRing,-1,ZONE_ROOT_VAULT,Submerged Ballast Tier 12,1.0,0.9583,338.074,-90.587,-900.0,91.5,0.9659,-0.2588,0.0,0
4982,SubmergedRing,-1,ZONE_ROOT_VAULT,Submerged Ballast Tier 12,1.0,0.9792,347.006,-45.684,-900.0,91.5,0.9914,-0.1305,0.0,0
