prop_id,anchor_id,zone_tag,mesh,x_cm,y_cm,z_cm,yaw_deg,scale
1,0,ZONE_CLEARANCE_WATERWAY,SM_Prop_Waterway_WarningBuoy_Luminescent,14726.1,-339.52,-100.0,284.7,
2,1,ZONE_FACULTY_OCEANIC,SM_Prop_BioLight_Column_01,15221.54,310.84,0.0,109.1,
3,3,ZONE_FACULTY_OCEANIC,SM_Prop_BioLight_Column_01,15098.7,388.61,0.0,170.5,
4,5,ZONE_FACULTY_OCEANIC,SM_Prop_BioLight_Column_01,14836.06,-232.1,0.0,237.5,
5,7,ZONE_FACULTY_OCEANIC,SM_Prop_AtmosphereBooth_01,14825.52,301.41,0.0,144.8,
6,9,ZONE_FACULTY_OCEANIC,SM_Prop_AtmosphereBooth_01,15049.68,333.68,0.0,289.6,
7,11,ZONE_FACULTY_OCEANIC,SM_Prop_BioLight_Column_01,15389.86,185.72,0.0,8.9,
8,13,ZONE_FACULTY_OCEANIC,SM_Prop_SolarGlassPavement_Tile,14691.94,-72.72,5.0,304.2,
9,15,ZONE_FACULTY_OCEANIC,SM_Prop_SolarGlassPavement_Tile,14700.08,-252.58,5.0,188.5,
10,19,ZONE_FACULTY_OCEANIC,SM_Prop_SolarGlassPavement_Tile,17773.71,-3237.19,64.06,353.7,
11,21,ZONE_FACULTY_OCEANIC,SM_Prop_AtmosphereBooth_01,18013.4,-2180.06,300.12,74.3,
12,23,ZONE_FACULTY_OCEANIC,SM_Prop_AtmosphereBooth_01,17992.6,-1440.47,495.44,105.1,
13,25,ZONE_FACULTY_OCEANIC,SM_Prop_SolarGlassPavement_Tile,18392.45,-338.17,650.03,51.9,
14,27,ZONE_FACULTY_OCEANIC,SM_Prop_BioLight_Column_01,18444.88,1158.46,495.44,41.7,
15,29,ZONE_FACULTY_OCEANIC,SM_Prop_BioLight_Column_01,18454.57,1978.27,300.12,317.0,
16,31,ZONE_FACULTY_OCEANIC,SM_Prop_BioLight_Column_01,18287.22,3165.83,59.06,39.1,
17,35,ZONE_FACULTY_OCEANIC,SM_Prop_BioLight_Column_01,21180.45,-5336.69,-181.81,319.6,
18,37,ZONE_FACULTY_OCEANIC,SM_Prop_SolarGlassPavement_Tile,21547.64,-3346.34,294.22,263.6,
19,39,ZONE_FACULTY_OCEANIC,SM_Prop_BioLight_Column_01,21266.58,-2336.98,669.29,359.6,
20,41,ZONE_FACULTY_OCEANIC,SM_Prop_BioLight_Column_01,21716.99,-995.11,958.39,43.5,
21,43,ZONE_FACULTY_OCEANIC,SM_Prop_SolarGlassPavement_Tile,21341.78,744.5,963.39,142.1,
22,45,ZONE_FACULTY_OCEANIC,SM_Prop_AtmosphereBooth_01,21078.18,2045.59,669.29,358.6,
23,47,ZONE_FACULTY_OCEANIC,SM_Prop_BioLight_Column_01,21580.68,3908.68,289.22,69.1,
24,49,ZONE_FACULTY_OCEANIC,SM_Prop_BioLight_Column_01,21516.92,4870.09,-181.81,81.7,
25,50,ZONE_CLEARANCE_WATERWAY,SM_Prop_Waterway_WarningBuoy_Luminescent,21220.15,5938.41,-551.43,3.8,
26,53,ZONE_FACULTY_OCEANIC,SM_Prop_BioLight_Column_01,24161.06,-5090.33,62.37,186.8,
27,55,ZONE_FACULTY_OCEANIC,SM_Prop_BioLight_Column_01,24798.45,-3231.29,656.72,165.6,
28,57,ZONE_FACULTY_OCEANIC,SM_Prop_BioLight_Column_01,24495.83,-1890.86,1115.87,124.1,
29,59,ZONE_FACULTY_OCEANIC,SM_Prop_BioLight_Column_01,24510.62,180.2,1439.83,221.3,
30,61,ZONE_FACULTY_OCEANIC,SM_Prop_SolarGlassPavement_Tile,24168.71,1549.79,1120.87,136.3,
31,63,ZONE_FACULTY_OCEANIC,SM_Prop_BioLight_Column_01,24695.9,3233.43,656.72,330.5,
32,65,ZONE_FACULTY_OCEANIC,SM_Prop_SolarGlassPavement_Tile,24798.45,5056.95,67.37,279.4,
33,69,ZONE_FACULTY_OCEANIC,SM_Prop_SolarGlassPavement_Tile,27524.81,-7051.14,-379.17,109.1,
34,71,ZONE_FACULTY_OCEANIC,SM_Prop_SolarGlassPavement_Tile,27927.8,-4900.85,461.16,221.3,
35,73,ZONE_FACULTY_OCEANIC,SM_Prop_SolarGlassPavement_Tile,27758.37,-2766.47,1123.55,250.9,
36,75,ZONE_FACULTY_OCEANIC,SM_Prop_BioLight_Column_01,27755.33,-1152.73,1602.98,125.8,
37,77,ZONE_FACULTY_OCEANIC,SM_Prop_SolarGlassPavement_Tile,27572.37,1300.81,1607.98,4.3,
38,79,ZONE_FACULTY_OCEANIC,SM_Prop_SolarGlassPavement_Tile,27990.53,3143.87,1123.55,90.1,
39,81,ZONE_FACULTY_OCEANIC,SM_Prop_BioLight_Column_01,27655.85,5590.65,456.16,88.3,
40,83,ZONE_FACULTY_OCEANIC,SM_Prop_AtmosphereBooth_01,27790.54,6912.96,-384.17,212.0,
41,85,ZONE_CLEARANCE_WATERWAY,SM_Prop_Waterway_WarningBuoy_Luminescent,30496.62,-9649.09,-1159.36,193.5,
42,87,ZONE_FACULTY_OCEANIC,SM_Prop_SolarGlassPavement_Tile,30512.78,-6821.13,61.77,91.1,
43,89,ZONE_FACULTY_OCEANIC,SM_Prop_AtmosphereBooth_01,31122.91,-5160.22,954.15,169.8,
44,91,ZONE_FACULTY_OCEANIC,SM_Prop_AtmosphereBooth_01,30492.73,-2210.56,1632.78,210.4,
45,93,ZONE_FACULTY_OCEANIC,SM_Prop_AtmosphereBooth_01,30593.54,263.15,2092.66,251.5,
46,95,ZONE_FACULTY_OCEANIC,SM_Prop_BioLight_Column_01,30946.96,2101.86,1632.78,290.4,
47,97,ZONE_FACULTY_OCEANIC,SM_Prop_AtmosphereBooth_01,31112.22,4583.28,954.15,316.0,
48,99,ZONE_FACULTY_OCEANIC,SM_Prop_BioLight_Column_01,31136.17,7218.22,56.77,228.9,
49,103,ZONE_FACULTY_OCEANIC,SM_Prop_BioLight_Column_01,33634.78,-9791.42,-551.63,187.9,
50,105,ZONE_FACULTY_OCEANIC,SM_Prop_BioLight_Column_01,33913.66,-6498.78,609.2,76.5,
51,107,ZONE_FACULTY_OCEANIC,SM_Prop_BioLight_Column_01,33743.53,-4360.57,1512.88,198.2,
52,109,ZONE_FACULTY_OCEANIC,SM_Prop_BioLight_Column_01,34262.37,-1034.65,2159.39,243.3,
53,111,ZONE_FACULTY_OCEANIC,SM_Prop_BioLight_Column_01,33764.59,1181.41,2159.39,178.1,
54,113,ZONE_FACULTY_OCEANIC,SM_Prop_BioLight_Column_01,34343.96,4353.34,1512.88,333.1,
55,115,ZONE_FACULTY_OCEANIC,SM_Prop_BioLight_Column_01,34042.03,6352.64,609.2,77.1,
56,117,ZONE_FACULTY_OCEANIC,SM_Prop_BioLight_Column_01,33794.98,9785.23,-551.63,334.8,
57,121,ZONE_FACULTY_OCEANIC,SM_Prop_SolarGlassPavement_Tile,36821.67,-8673.22,78.13,180.5,
58,123,ZONE_FACULTY_OCEANIC,SM_Prop_SolarGlassPavement_Tile,37026.18,-6195.24,1233.59,200.1,
59,125,ZONE_FACULTY_OCEANIC,SM_Prop_BioLight_Column_01,37019.61,-3143.89,2091.29,315.5,
60,127,ZONE_FACULTY_OCEANIC,SM_Prop_SolarGlassPavement_Tile,36879.93,-206.15,2666.25,101.0,
61,129,ZONE_FACULTY_OCEANIC,SM_Prop_SolarGlassPavement_Tile,37298.41,2903.32,2096.29,354.2,
62,131,ZONE_FACULTY_OCEANIC,SM_Prop_SolarGlassPavement_Tile,37540.91,6001.43,1233.59,153.2,
63,133,ZONE_FACULTY_OCEANIC,SM_Prop_SolarGlassPavement_Tile,37541.84,8731.83,78.13,114.1,
64,135,ZONE_CLEARANCE_WATERWAY,SM_Prop_Waterway_WarningBuoy_Luminescent,37144.83,12240.04,-1475.06,115.2,
65,137,ZONE_FACULTY_OCEANIC,SM_Prop_BioLight_Column_01,40000.03,-11685.24,-659.63,199.6,
66,139,ZONE_FACULTY_OCEANIC,SM_Prop_BioLight_Column_01,40331.01,-8397.61,769.23,227.5,
67,141,ZONE_FACULTY_OCEANIC,SM_Prop_AtmosphereBooth_01,40016.09,-4626.23,1872.96,182.9,
68,143,ZONE_FACULTY_OCEANIC,SM_Prop_SolarGlassPavement_Tile,39923.91,-1992.52,2656.57,167.1,
69,145,ZONE_FACULTY_OCEANIC,SM_Prop_SolarGlassPavement_Tile,40271.58,1951.12,2656.57,140.4,
70,147,ZONE_FACULTY_OCEANIC,SM_Prop_BioLight_Column_01,40632.5,4880.72,1872.96,307.1,
71,149,ZONE_FACULTY_OCEANIC,SM_Prop_BioLight_Column_01,40643.7,8182.67,769.23,169.6,
72,151,ZONE_FACULTY_OCEANIC,SM_Prop_BioLight_Column_01,40511.12,11180.18,-659.63,274.8,
73,155,ZONE_FACULTY_OCEANIC,SM_Prop_AtmosphereBooth_01,43432.73,-11160.75,129.62,327.5,
74,157,ZONE_FACULTY_OCEANIC,SM_Prop_BioLight_Column_01,43792.1,-7273.53,1493.7,174.8,
75,159,ZONE_FACULTY_OCEANIC,SM_Prop_SolarGlassPavement_Tile,43263.46,-3860.43,2508.84,43.1,
76,161,ZONE_FACULTY_OCEANIC,SM_Prop_BioLight_Column_01,43617.97,-31.82,3160.03,345.0,
77,163,ZONE_FACULTY_OCEANIC,SM_Prop_SolarGlassPavement_Tile,43704.43,3412.62,2508.84,126.0,
78,165,ZONE_FACULTY_OCEANIC,SM_Prop_SolarGlassPavement_Tile,43523.78,6904.27,1498.7,119.5,
79,167,ZONE_FACULTY_OCEANIC,SM_Prop_SolarGlassPavement_Tile,43510.61,11195.7,134.62,12.3,
80,170,ZONE_CLEARANCE_WATERWAY,SM_Prop_Waterway_WarningBuoy_Luminescent,46249.8,-15341.92,-1749.81,323.7,
81,171,ZONE_FACULTY_OCEANIC,SM_Prop_AtmosphereBooth_01,46686.35,-13575.35,-688.94,98.9,
82,173,ZONE_FACULTY_OCEANIC,SM_Prop_BioLight_Column_01,46333.08,-9711.54,948.62,272.8,
83,175,ZONE_FACULTY_OCEANIC,SM_Prop_BioLight_Column_01,46315.36,-5882.35,2207.3,52.9,
84,177,ZONE_FACULTY_OCEANIC,SM_Prop_SolarGlassPavement_Tile,46812.4,-1765.98,3092.1,67.2,
85,179,ZONE_FACULTY_OCEANIC,SM_Prop_SolarGlassPavement_Tile,46814.67,2077.02,3092.1,141.4,
86,181,ZONE_FACULTY_OCEANIC,SM_Prop_BioLight_Column_01,46273.8,5532.94,2207.3,253.5,
87,183,ZONE_FACULTY_OCEANIC,SM_Prop_SolarGlassPavement_Tile,46402.3,9524.38,953.62,166.7,
88,185,ZONE_FACULTY_OCEANIC,SM_Prop_SolarGlassPavement_Tile,46729.45,13550.88,-683.94,311.7,
89,189,ZONE_FACULTY_OCEANIC,SM_Prop_BioLight_Column_01,49488.09,-12802.85,239.47,243.2,
90,191,ZONE_FACULTY_OCEANIC,SM_Prop_SolarGlassPavement_Tile,50069.48,-8362.58,1762.27,307.5,
91,193,ZONE_FACULTY_OCEANIC,SM_Prop_BioLight_Column_01,49567.31,-4501.47,2875.39,235.9,
92,195,ZONE_FACULTY_OCEANIC,SM_Prop_BioLight_Column_01,49712.19,-252.04,3593.83,237.7,
93,197,ZONE_FACULTY_OCEANIC,SM_Prop_BioLight_Column_01,49548.54,4114.21,2875.39,222.4,
94,199,ZONE_FACULTY_OCEANIC,SM_Prop_BioLight_Column_01,50178.46,8566.7,1757.27,101.2,
95,201,ZONE_FACULTY_OCEANIC,SM_Prop_BioLight_Column_01,50105.22,12944.83,239.47,287.9,
96,205,ZONE_FACULTY_OCEANIC,SM_Prop_BioLight_Column_01,52717.09,-15404.15,-624.82,44.1,
97,207,ZONE_FACULTY_OCEANIC,SM_Prop_BioLight_Column_01,53258.54,-11574.23,1155.79,186.3,
98,209,ZONE_FACULTY_OCEANIC,SM_Prop_SolarGlassPavement_Tile,52750.07,-7090.41,2525.31,0.9,
99,211,ZONE_FACULTY_OCEANIC,SM_Prop_SolarGlassPavement_Tile,52963.58,-1866.51,3473.75,198.1,
100,213,ZONE_FACULTY_OCEANIC,SM_Prop_AtmosphereBooth_01,53237.8,2587.26,3468.75,228.9,
101,215,ZONE_FACULTY_OCEANIC,SM_Prop_BioLight_Column_01,53139.27,6801.63,2520.31,311.8,
102,217,ZONE_FACULTY_OCEANIC,SM_Prop_SolarGlassPavement_Tile,52610.14,11275.07,1160.79,58.8,
103,219,ZONE_FACULTY_OCEANIC,SM_Prop_BioLight_Column_01,52659.17,16153.04,-624.82,149.8,
104,220,ZONE_CLEARANCE_WATERWAY,SM_Prop_Waterway_WarningBuoy_Luminescent,53025.19,17716.09,-1771.16,227.2,
105,223,ZONE_FACULTY_OCEANIC,SM_Prop_AtmosphereBooth_01,55946.34,-13394.66,412.09,305.6,
106,225,ZONE_FACULTY_OCEANIC,SM_Prop_AtmosphereBooth_01,55812.28,-9536.87,2024.1,303.9,
107,227,ZONE_FACULTY_OCEANIC,SM_Prop_SolarGlassPavement_Tile,56101.82,-4688.83,3213.17,169.6,
108,229,ZONE_FACULTY_OCEANIC,SM_Prop_BioLight_Column_01,56459.0,-248.26,3964.3,86.4,
109,231,ZONE_FACULTY_OCEANIC,SM_Prop_BioLight_Column_01,55897.19,4902.27,3208.17,299.9,
110,233,ZONE_FACULTY_OCEANIC,SM_Prop_SolarGlassPavement_Tile,55876.45,9106.47,2029.1,348.3,
111,235,ZONE_FACULTY_OCEANIC,SM_Prop_SolarGlassPavement_Tile,55853.98,13513.21,417.09,224.7,
112,239,ZONE_FACULTY_OCEANIC,SM_Prop_SolarGlassPavement_Tile,59171.27,-15616.83,-452.2,269.7,
113,241,ZONE_FACULTY_OCEANIC,SM_Prop_SolarGlassPavement_Tile,59047.06,-11064.99,1401.15,30.4,
114,243,ZONE_FACULTY_OCEANIC,SM_Prop_SolarGlassPavement_Tile,59621.53,-6457.4,2819.4,107.7,
115,245,ZONE_FACULTY_OCEANIC,SM_Prop_BioLight_Column_01,59461.67,-1927.4,3797.54,63.7,
116,247,ZONE_FACULTY_OCEANIC,SM_Prop_BioLight_Column_01,59491.98,2460.55,3797.54,39.0,
117,249,ZONE_FACULTY_OCEANIC,SM_Prop_BioLight_Column_01,59009.79,6372.59,2814.4,153.2,
118,251,ZONE_FACULTY_OCEANIC,SM_Prop_SolarGlassPavement_Tile,59102.09,10700.39,1401.15,74.9,
119,253,ZONE_FACULTY_OCEANIC,SM_Prop_SolarGlassPavement_Tile,59005.62,14899.26,-452.2,147.8,
120,255,ZONE_CLEARANCE_WATERWAY,SM_Prop_Waterway_WarningBuoy_Luminescent,62678.16,-16725.16,-1528.08,215.4,
121,257,ZONE_FACULTY_OCEANIC,SM_Prop_AtmosphereBooth_01,62435.22,-11997.82,653.17,31.3,
122,259,ZONE_FACULTY_OCEANIC,SM_Prop_AtmosphereBooth_01,62485.44,-8582.91,2296.92,239.5,
123,261,ZONE_FACULTY_OCEANIC,SM_Prop_SolarGlassPavement_Tile,62400.04,-3983.44,3508.17,312.6,
124,263,ZONE_FACULTY_OCEANIC,SM_Prop_BioLight_Column_01,62220.83,295.4,4271.92,358.5,
125,265,ZONE_FACULTY_OCEANIC,SM_Prop_BioLight_Column_01,62397.53,4005.24,3503.17,211.2,
126,267,ZONE_FACULTY_OCEANIC,SM_Prop_SolarGlassPavement_Tile,62251.63,8428.51,2301.92,161.8,
127,269,ZONE_FACULTY_OCEANIC,SM_Prop_BioLight_Column_01,62310.79,12132.05,653.17,265.6,
128,273,ZONE_FACULTY_OCEANIC,SM_Prop_BioLight_Column_01,65521.92,-13618.95,-180.94,6.2,
129,275,ZONE_FACULTY_OCEANIC,SM_Prop_SolarGlassPavement_Tile,66017.11,-9382.37,1677.41,113.7,
130,277,ZONE_FACULTY_OCEANIC,SM_Prop_SolarGlassPavement_Tile,65292.88,-5447.21,3095.66,314.4,
131,279,ZONE_FACULTY_OCEANIC,SM_Prop_BioLight_Column_01,65354.42,-1632.36,4073.8,261.3,
132,281,ZONE_FACULTY_OCEANIC,SM_Prop_SolarGlassPavement_Tile,65381.95,2021.47,4078.8,299.8,
133,283,ZONE_FACULTY_OCEANIC,SM_Prop_AtmosphereBooth_01,65418.45,5905.81,3090.66,98.4,
134,285,ZONE_FACULTY_OCEANIC,SM_Prop_SolarGlassPavement_Tile,65581.76,9849.44,1677.41,270.6,
135,287,ZONE_FACULTY_OCEANIC,SM_Prop_SolarGlassPavement_Tile,65399.13,13485.2,-175.94,191.1,
136,291,ZONE_FACULTY_OCEANIC,SM_Prop_BioLight_Column_01,68933.3,-10767.22,964.61,35.5,
137,293,ZONE_FACULTY_OCEANIC,SM_Prop_BioLight_Column_01,69176.86,-7239.79,2576.61,273.5,
138,295,ZONE_FACULTY_OCEANIC,SM_Prop_SolarGlassPavement_Tile,68679.66,-3321.2,3765.68,290.1,
139,297,ZONE_FACULTY_OCEANIC,SM_Prop_BioLight_Column_01,68581.25,13.16,4516.81,223.8,
140,299,ZONE_FACULTY_OCEANIC,SM_Prop_BioLight_Column_01,68859.97,3465.62,3760.68,168.5,
141,301,ZONE_FACULTY_OCEANIC,SM_Prop_AtmosphereBooth_01,68456.49,7145.29,2576.61,218.8,
142,303,ZONE_FACULTY_OCEANIC,SM_Prop_BioLight_Column_01,69051.47,10596.73,964.61,159.2,
143,305,ZONE_CLEARANCE_WATERWAY,SM_Prop_Waterway_WarningBuoy_Luminescent,68773.16,13960.91,-1175.34,263.0,
144,307,ZONE_FACULTY_OCEANIC,SM_Prop_BioLight_Column_01,72051.79,-11039.31,203.95,103.4,
145,309,ZONE_FACULTY_OCEANIC,SM_Prop_SolarGlassPavement_Tile,72119.23,-8137.24,1989.56,296.1,
146,311,ZONE_FACULTY_OCEANIC,SM_Prop_BioLight_Column_01,71758.01,-4530.7,3349.08,164.3,
147,313,ZONE_FACULTY_OCEANIC,SM_Prop_BioLight_Column_01,71552.05,-1847.2,4297.52,301.1,
148,315,ZONE_FACULTY_OCEANIC,SM_Prop_AtmosphereBooth_01,71712.75,1472.42,4297.52,99.5,
149,317,ZONE_FACULTY_OCEANIC,SM_Prop_AtmosphereBooth_01,71976.01,4993.08,3349.08,123.5,
150,319,ZONE_FACULTY_OCEANIC,SM_Prop_AtmosphereBooth_01,72203.54,8251.88,1984.56,266.0,
151,321,ZONE_FACULTY_OCEANIC,SM_Prop_SolarGlassPavement_Tile,71800.04,11349.43,208.95,329.7,
152,325,ZONE_FACULTY_OCEANIC,SM_Prop_SolarGlassPavement_Tile,74950.3,-8719.08,1349.5,143.6,
153,327,ZONE_FACULTY_OCEANIC,SM_Prop_BioLight_Column_01,74862.86,-5815.68,2862.29,128.8,
154,329,ZONE_FACULTY_OCEANIC,SM_Prop_SolarGlassPavement_Tile,75163.13,-2675.58,3985.41,0.8,
155,331,ZONE_FACULTY_OCEANIC,SM_Prop_BioLight_Column_01,74913.4,117.41,4698.86,111.4,
156,333,ZONE_FACULTY_OCEANIC,SM_Prop_AtmosphereBooth_01,75429.64,3224.89,3980.41,119.2,
157,335,ZONE_FACULTY_OCEANIC,SM_Prop_BioLight_Column_01,75296.19,5982.67,2862.29,347.6,
158,337,ZONE_FACULTY_OCEANIC,SM_Prop_BioLight_Column_01,74924.6,8993.12,1344.5,42.8,
159,340,ZONE_CLEARANCE_WATERWAY,SM_Prop_Waterway_WarningBuoy_Luminescent,78636.15,-10778.3,-368.53,209.0,
160,341,ZONE_FACULTY_OCEANIC,SM_Prop_SolarGlassPavement_Tile,77994.51,-9423.99,697.34,54.3,
161,343,ZONE_FACULTY_OCEANIC,SM_Prop_SolarGlassPavement_Tile,78275.3,-6410.02,2334.9,80.0,
162,345,ZONE_FACULTY_OCEANIC,SM_Prop_SolarGlassPavement_Tile,77880.08,-4309.7,3593.58,54.0,
163,347,ZONE_FACULTY_OCEANIC,SM_Prop_BioLight_Column_01,78103.24,-1074.27,4468.38,240.2,
164,349,ZONE_FACULTY_OCEANIC,SM_Prop_SolarGlassPavement_Tile,78148.9,1066.08,4473.38,169.8,
165,351,ZONE_FACULTY_OCEANIC,SM_Prop_BioLight_Column_01,78264.41,3589.35,3588.58,278.2,
166,353,ZONE_FACULTY_OCEANIC,SM_Prop_BioLight_Column_01,78433.38,6470.62,2329.9,231.6,
167,355,ZONE_FACULTY_OCEANIC,SM_Prop_BioLight_Column_01,78214.88,9386.57,692.34,116.3,
168,359,ZONE_FACULTY_OCEANIC,SM_Prop_BioLight_Column_01,81624.38,-7370.63,1787.16,123.6,
169,361,ZONE_FACULTY_OCEANIC,SM_Prop_AtmosphereBooth_01,81281.94,-4868.62,3151.24,304.1,
170,363,ZONE_FACULTY_OCEANIC,SM_Prop_AtmosphereBooth_01,81228.94,-2371.28,4161.38,187.0,
171,365,ZONE_FACULTY_OCEANIC,SM_Prop_AtmosphereBooth_01,81809.77,198.5,4817.57,302.1,
172,367,ZONE_FACULTY_OCEANIC,SM_Prop_BioLight_Column_01,81321.73,2140.32,4161.38,85.8,
173,369,ZONE_FACULTY_OCEANIC,SM_Prop_BioLight_Column_01,81375.22,4847.94,3151.24,289.2,
174,371,ZONE_FACULTY_OCEANIC,SM_Prop_BioLight_Column_01,81184.68,6995.72,1787.16,329.0,
175,375,ZONE_FACULTY_OCEANIC,SM_Prop_BioLight_Column_01,84833.34,-7291.71,1230.47,59.8,
176,377,ZONE_FACULTY_OCEANIC,SM_Prop_BioLight_Column_01,84415.56,-4713.66,2610.33,64.0,
177,379,ZONE_FACULTY_OCEANIC,SM_Prop_AtmosphereBooth_01,84286.36,-2763.81,3676.21,279.6,
178,381,ZONE_FACULTY_OCEANIC,SM_Prop_BioLight_Column_01,84437.4,-844.04,4428.12,57.6,
179,383,ZONE_FACULTY_OCEANIC,SM_Prop_SolarGlassPavement_Tile,84905.75,1233.18,4433.12,47.4,
180,385,ZONE_FACULTY_OCEANIC,SM_Prop_BioLight_Column_01,84326.87,3327.67,3676.21,181.4,
181,387,ZONE_FACULTY_OCEANIC,SM_Prop_BioLight_Column_01,84275.75,5408.76,2610.33,104.1,
182,389,ZONE_FACULTY_OCEANIC,SM_Prop_AtmosphereBooth_01,84737.67,6825.39,1230.47,177.0,
183,390,ZONE_CLEARANCE_WATERWAY,SM_Prop_Waterway_WarningBuoy_Luminescent,84492.76,7749.67,322.8,296.6,
184,393,ZONE_FACULTY_OCEANIC,SM_Prop_BioLight_Column_01,87919.47,-5348.8,1995.05,246.7,
185,395,ZONE_FACULTY_OCEANIC,SM_Prop_SolarGlassPavement_Tile,87649.58,-3251.13,3009.68,64.9,
186,397,ZONE_FACULTY_OCEANIC,SM_Prop_SolarGlassPavement_Tile,87876.56,-2037.35,3763.51,318.8,
187,399,ZONE_FACULTY_OCEANIC,SM_Prop_AtmosphereBooth_01,87666.13,84.97,4256.54,97.2,
188,401,ZONE_FACULTY_OCEANIC,SM_Prop_SolarGlassPavement_Tile,87795.5,1633.95,3763.51,167.8,
189,403,ZONE_FACULTY_OCEANIC,SM_Prop_SolarGlassPavement_Tile,87538.97,3173.78,3009.68,79.0,
190,405,ZONE_FACULTY_OCEANIC,SM_Prop_SolarGlassPavement_Tile,87613.9,5486.86,2000.05,82.1,
191,409,ZONE_FACULTY_OCEANIC,SM_Prop_AtmosphereBooth_01,91028.95,-4624.05,1433.09,99.3,
192,411,ZONE_FACULTY_OCEANIC,SM_Prop_AtmosphereBooth_01,91325.69,-3551.78,2292.97,144.7,
193,413,ZONE_FACULTY_OCEANIC,SM_Prop_BioLight_Column_01,90806.51,-2478.49,2962.36,301.4,
194,415,ZONE_FACULTY_OCEANIC,SM_Prop_BioLight_Column_01,90740.81,-924.45,3441.26,351.4,
195,417,ZONE_FACULTY_OCEANIC,SM_Prop_SolarGlassPavement_Tile,91244.55,1002.49,3446.26,83.8,
196,419,ZONE_FACULTY_OCEANIC,SM_Prop_AtmosphereBooth_01,91234.26,2531.87,2962.36,15.6,
197,421,ZONE_FACULTY_OCEANIC,SM_Prop_BioLight_Column_01,90890.9,3902.6,2292.97,261.6,
198,423,ZONE_FACULTY_OCEANIC,SM_Prop_SolarGlassPavement_Tile,90779.45,5081.47,1438.09,302.3,
199,425,ZONE_CLEARANCE_WATERWAY,SM_Prop_Waterway_WarningBuoy_Luminescent,93918.71,-4308.29,892.95,256.4,
200,427,ZONE_FACULTY_OCEANIC,SM_Prop_SolarGlassPavement_Tile,94448.0,-3136.41,1648.64,173.7,
201,429,ZONE_FACULTY_OCEANIC,SM_Prop_SolarGlassPavement_Tile,94036.32,-2409.34,2171.81,128.0,
202,431,ZONE_FACULTY_OCEANIC,SM_Prop_SolarGlassPavement_Tile,94097.4,-1270.16,2567.44,355.7,
203,433,ZONE_FACULTY_OCEANIC,SM_Prop_SolarGlassPavement_Tile,93790.55,348.82,2835.55,312.1,
204,435,ZONE_FACULTY_OCEANIC,SM_Prop_AtmosphereBooth_01,93816.95,1316.71,2562.44,228.0,
205,437,ZONE_FACULTY_OCEANIC,SM_Prop_SolarGlassPavement_Tile,93960.29,2363.88,2171.81,148.9,
206,439,ZONE_FACULTY_OCEANIC,SM_Prop_BioLight_Column_01,94389.72,3142.04,1643.64,271.0,
207,443,ZONE_HARBOR_BERTH,SM_Prop_Submersible_MooringClamp,96869.0,-3414.3,1057.01,127.4,
208,444,ZONE_HARBOR_BERTH,SM_Prop_Harbor_Bollard_Heavy,97217.88,-2465.58,1291.5,70.7,
209,445,ZONE_HARBOR_BERTH,SM_Prop_Harbor_Bollard_Heavy,97648.99,-2277.76,1457.44,275.7,
210,446,ZONE_HARBOR_BERTH,SM_Prop_Harbor_Bollard_Heavy,97460.61,-2076.2,1604.83,264.5,
211,447,ZONE_HARBOR_BERTH,SM_Prop_OceanSensorBeacon,97033.16,-1193.55,1733.66,18.9,
212,448,ZONE_HARBOR_BERTH,SM_Prop_OceanSensorBeacon,97616.67,-591.82,1843.94,292.6,
213,449,ZONE_HARBOR_BERTH,SM_Prop_Submersible_MooringClamp,97617.17,-741.77,1885.68,216.2,
214,450,ZONE_HARBOR_BERTH,SM_Prop_Harbor_Bollard_Heavy,96989.98,-128.07,2008.86,126.8,
215,451,ZONE_HARBOR_BERTH,SM_Prop_Submersible_MooringClamp,97547.93,353.15,1885.68,157.3,
216,452,ZONE_HARBOR_BERTH,SM_Prop_Submersible_MooringClamp,97274.76,599.41,1793.94,301.0,
217,453,ZONE_HARBOR_BERTH,SM_Prop_OceanSensorBeacon,97111.19,1590.0,1733.66,138.0,
218,454,ZONE_HARBOR_BERTH,SM_Prop_Submersible_MooringClamp,97175.35,2136.6,1554.83,250.5,
219,455,ZONE_HARBOR_BERTH,SM_Prop_Harbor_Bollard_Heavy,97346.87,2442.73,1457.44,225.9,
220,456,ZONE_HARBOR_BERTH,SM_Prop_OceanSensorBeacon,97341.61,2439.54,1291.5,356.4,
221,457,ZONE_HARBOR_BERTH,SM_Prop_OceanSensorBeacon,97235.04,3179.7,1107.01,187.0,
222,460,ZONE_HARBOR_BERTH,SM_Prop_Submersible_MooringClamp,100733.51,-2165.2,735.44,179.1,
223,461,ZONE_HARBOR_BERTH,SM_Prop_OceanSensorBeacon,100198.35,-1993.64,875.63,221.7,
224,462,ZONE_HARBOR_BERTH,SM_Prop_Harbor_Bollard_Heavy,100607.59,-1229.4,957.06,191.3,
225,463,ZONE_HARBOR_BERTH,SM_Prop_Harbor_Bollard_Heavy,100369.0,-847.29,1029.72,269.4,
226,464,ZONE_HARBOR_BERTH,SM_Prop_Harbor_Bollard_Heavy,100338.26,-1142.11,1093.62,162.4,
227,465,ZONE_HARBOR_BERTH,SM_Prop_OceanSensorBeacon,100436.05,-238.25,1148.76,213.1,
228,466,ZONE_HARBOR_BERTH,SM_Prop_OceanSensorBeacon,100814.49,-569.06,1195.14,330.4,
229,467,ZONE_HARBOR_BERTH,SM_Prop_OceanSensorBeacon,100648.29,95.93,1232.75,48.2,
230,468,ZONE_HARBOR_BERTH,SM_Prop_Harbor_Bollard_Heavy,100671.1,613.94,1195.14,7.9,
231,469,ZONE_HARBOR_BERTH,SM_Prop_Submersible_MooringClamp,100709.0,363.3,1098.76,273.6,
232,470,ZONE_HARBOR_BERTH,SM_Prop_OceanSensorBeacon,100337.95,976.5,1093.62,92.5,
233,471,ZONE_HARBOR_BERTH,SM_Prop_Harbor_Bollard_Heavy,100290.67,880.74,1029.72,263.2,
234,472,ZONE_HARBOR_BERTH,SM_Prop_Harbor_Bollard_Heavy,100730.09,1701.97,957.06,32.2,
235,473,ZONE_HARBOR_BERTH,SM_Prop_Harbor_Bollard_Heavy,100329.83,1866.52,875.63,153.1,
236,474,ZONE_HARBOR_BERTH,SM_Prop_OceanSensorBeacon,100588.38,1976.95,785.44,245.6,
237,475,ZONE_CLEARANCE_WATERWAY,SM_Prop_Waterway_WarningBuoy_Luminescent,100237.42,2202.23,586.49,171.9,
238,477,ZONE_HARBOR_BERTH,SM_Prop_Submersible_MooringClamp,103690.84,-1165.19,380.28,167.0,
239,478,ZONE_HARBOR_BERTH,SM_Prop_Submersible_MooringClamp,103670.22,-1200.79,411.44,41.5,
240,479,ZONE_HARBOR_BERTH,SM_Prop_Harbor_Bollard_Heavy,103784.19,-1069.64,489.73,172.2,
241,480,ZONE_HARBOR_BERTH,SM_Prop_Submersible_MooringClamp,103527.76,-635.91,465.14,355.4,
242,481,ZONE_HARBOR_BERTH,SM_Prop_Harbor_Bollard_Heavy,103827.98,-727.9,537.69,119.4,
243,482,ZONE_HARBOR_BERTH,SM_Prop_OceanSensorBeacon,103291.28,-684.21,557.37,63.3,
244,483,ZONE_HARBOR_BERTH,SM_Prop_Submersible_MooringClamp,103461.27,-131.2,524.18,267.5,
245,484,ZONE_HARBOR_BERTH,SM_Prop_Submersible_MooringClamp,103308.84,315.72,538.11,262.9,
246,485,ZONE_HARBOR_BERTH,SM_Prop_Submersible_MooringClamp,103536.27,396.78,524.18,81.4,
247,486,ZONE_HARBOR_BERTH,SM_Prop_Harbor_Bollard_Heavy,103235.04,349.11,557.37,55.8,
248,487,ZONE_HARBOR_BERTH,SM_Prop_Harbor_Bollard_Heavy,103912.38,921.71,537.69,213.3,
249,488,ZONE_HARBOR_BERTH,SM_Prop_Harbor_Bollard_Heavy,103848.84,605.18,515.14,130.6,
250,489,ZONE_HARBOR_BERTH,SM_Prop_Submersible_MooringClamp,103328.82,1109.69,439.73,215.2,
251,490,ZONE_HARBOR_BERTH,SM_Prop_Harbor_Bollard_Heavy,103327.4,1389.55,461.44,312.2,
252,491,ZONE_HARBOR_BERTH,SM_Prop_OceanSensorBeacon,103770.64,1213.64,430.28,328.5,
253,494,ZONE_HARBOR_BERTH,SM_Prop_OceanSensorBeacon,106713.07,-515.5,129.94,317.5,
254,495,ZONE_HARBOR_BERTH,SM_Prop_Harbor_Bollard_Heavy,106380.45,-503.58,134.66,202.0,
255,496,ZONE_HARBOR_BERTH,SM_Prop_Submersible_MooringClamp,106849.65,-606.01,88.99,333.3,
256,497,ZONE_HARBOR_BERTH,SM_Prop_Harbor_Bollard_Heavy,106465.77,-85.77,142.93,298.5,
257,498,ZONE_HARBOR_BERTH,SM_Prop_Harbor_Bollard_Heavy,106615.91,-349.17,146.47,64.1,
258,499,ZONE_HARBOR_BERTH,SM_Prop_Harbor_Bollard_Heavy,107105.04,-265.47,149.62,106.7,
259,500,ZONE_HARBOR_BERTH,SM_Prop_Submersible_MooringClamp,106809.35,-299.21,102.38,234.3,
260,501,ZONE_HARBOR_BERTH,SM_Prop_Harbor_Bollard_Heavy,107036.83,-101.78,154.75,181.7,
261,502,ZONE_HARBOR_BERTH,SM_Prop_Harbor_Bollard_Heavy,107054.6,-191.22,152.38,15.8,
262,503,ZONE_HARBOR_BERTH,SM_Prop_OceanSensorBeacon,106841.91,349.62,149.62,63.2,
263,504,ZONE_HARBOR_BERTH,SM_Prop_Submersible_MooringClamp,106743.3,244.74,96.47,19.9,
264,505,ZONE_HARBOR_BERTH,SM_Prop_OceanSensorBeacon,106867.75,-7.75,142.93,179.8,
265,506,ZONE_HARBOR_BERTH,SM_Prop_Submersible_MooringClamp,107057.09,81.77,88.99,140.2,
266,507,ZONE_HARBOR_BERTH,SM_Prop_Harbor_Bollard_Heavy,106539.78,148.86,134.66,101.2,
267,508,ZONE_HARBOR_BERTH,SM_Prop_Harbor_Bollard_Heavy,106988.71,806.06,129.94,114.6,
268,510,ZONE_CLEARANCE_WATERWAY,SM_Prop_Waterway_WarningBuoy_Luminescent,110189.5,-181.65,-100.0,53.7,
269,511,ZONE_HARBOR_BERTH,SM_Prop_Submersible_MooringClamp,109876.99,-94.21,-50.0,82.1,
270,512,ZONE_HARBOR_BERTH,SM_Prop_Submersible_MooringClamp,109638.04,-107.34,-50.0,16.4,
271,513,ZONE_HARBOR_BERTH,SM_Prop_Harbor_Bollard_Heavy,109914.93,202.77,0.0,38.6,
272,514,ZONE_HARBOR_BERTH,SM_Prop_Harbor_Bollard_Heavy,109710.93,-132.71,0.0,200.8,
273,515,ZONE_HARBOR_BERTH,SM_Prop_Harbor_Bollard_Heavy,110172.94,179.92,0.0,82.6,
274,516,ZONE_HARBOR_BERTH,SM_Prop_Harbor_Bollard_Heavy,110258.11,-351.59,0.0,9.0,
275,517,ZONE_HARBOR_BERTH,SM_Prop_OceanSensorBeacon,109570.08,248.52,0.0,253.4,
276,518,ZONE_HARBOR_BERTH,SM_Prop_Submersible_MooringClamp,109773.43,-14.11,-50.0,96.6,
277,519,ZONE_HARBOR_BERTH,SM_Prop_OceanSensorBeacon,109728.28,31.67,0.0,32.7,
278,520,ZONE_HARBOR_BERTH,SM_Prop_OceanSensorBeacon,110228.61,-74.42,0.0,122.4,
279,521,ZONE_HARBOR_BERTH,SM_Prop_Submersible_MooringClamp,109545.3,-134.32,-50.0,268.4,
280,522,ZONE_HARBOR_BERTH,SM_Prop_Harbor_Bollard_Heavy,109612.56,-169.05,0.0,25.8,
281,523,ZONE_HARBOR_BERTH,SM_Prop_Harbor_Bollard_Heavy,109925.31,187.48,0.0,161.6,
282,524,ZONE_HARBOR_BERTH,SM_Prop_Harbor_Bollard_Heavy,109805.38,-264.07,0.0,35.4,
283,525,ZONE_HARBOR_BERTH,SM_Prop_Submersible_MooringClamp,110061.2,332.57,-50.0,191.8,
284,529,ZONE_FACULTY_BIOSPHERE,SM_Prop_SolarGlassPavement_Tile,10841.05,10929.39,5.0,218.0,
285,531,ZONE_FACULTY_BIOSPHERE,SM_Prop_BioLight_Column_01,10749.98,10903.31,0.0,165.8,
286,533,ZONE_FACULTY_BIOSPHERE,SM_Prop_AtmosphereBooth_01,10517.38,10831.7,0.0,136.1,
287,535,ZONE_FACULTY_BIOSPHERE,SM_Prop_BioLight_Column_01,10270.02,10836.31,0.0,45.2,
288,537,ZONE_FACULTY_BIOSPHERE,SM_Prop_AtmosphereBooth_01,10263.81,10343.09,0.0,281.2,
289,539,ZONE_FACULTY_BIOSPHERE,SM_Prop_SolarGlassPavement_Tile,10956.52,10248.44,5.0,99.9,
290,541,ZONE_FACULTY_BIOSPHERE,SM_Prop_AtmosphereBooth_01,10987.55,10367.64,0.0,355.9,
291,545,ZONE_FACULTY_BIOSPHERE,SM_Prop_BioLight_Column_01,15458.71,9797.1,-78.61,354.0,
292,547,ZONE_FACULTY_BIOSPHERE,SM_Prop_SolarGlassPavement_Tile,14821.3,10577.99,190.31,335.2,
293,549,ZONE_FACULTY_BIOSPHERE,SM_Prop_SolarGlassPavement_Tile,13847.06,11724.3,408.5,260.0,
294,551,ZONE_FACULTY_BIOSPHERE,SM_Prop_BioLight_Column_01,13195.65,12692.73,575.95,282.8,
295,553,ZONE_FACULTY_BIOSPHERE,SM_Prop_BioLight_Column_01,12249.51,12887.83,575.95,87.4,
296,555,ZONE_FACULTY_BIOSPHERE,SM_Prop_AtmosphereBooth_01,11621.88,14181.96,403.5,326.8,
297,557,ZONE_FACULTY_BIOSPHERE,SM_Prop_BioLight_Column_01,10637.76,15200.77,185.31,87.3,
298,559,ZONE_FACULTY_BIOSPHERE,SM_Prop_BioLight_Column_01,10019.96,15813.06,-78.61,279.7,
299,560,ZONE_CLEARANCE_WATERWAY,SM_Prop_Waterway_WarningBuoy_Luminescent,9695.04,15780.99,-327.72,8.9,
300,563,ZONE_FACULTY_BIOSPHERE,SM_Prop_BioLight_Column_01,17897.98,11866.36,65.08,230.4,
301,565,ZONE_FACULTY_BIOSPHERE,SM_Prop_SolarGlassPavement_Tile,17390.09,13361.97,495.62,198.8,
302,567,ZONE_FACULTY_BIOSPHERE,SM_Prop_BioLight_Column_01,15967.09,14289.47,825.21,99.6,
303,569,ZONE_FACULTY_BIOSPHERE,SM_Prop_BioLight_Column_01,15156.65,14937.51,1068.84,133.3,
304,571,ZONE_FACULTY_BIOSPHERE,SM_Prop_SolarGlassPavement_Tile,14416.51,15987.04,830.21,91.8,
305,573,ZONE_FACULTY_BIOSPHERE,SM_Prop_BioLight_Column_01,12896.71,16854.2,490.62,194.6,
306,575,ZONE_FACULTY_BIOSPHERE,SM_Prop_AtmosphereBooth_01,11914.75,18141.99,65.08,286.8,
307,579,ZONE_FACULTY_BIOSPHERE,SM_Prop_SolarGlassPavement_Tile,21763.19,12920.42,-280.5,60.5,
308,581,ZONE_FACULTY_BIOSPHERE,SM_Prop_BioLight_Column_01,20465.33,13991.21,376.44,105.0,
309,583,ZONE_FACULTY_BIOSPHERE,SM_Prop_BioLight_Column_01,18812.99,15227.92,903.19,307.4,
310,585,ZONE_FACULTY_BIOSPHERE,SM_Prop_SolarGlassPavement_Tile,18294.32,16547.33,1299.75,294.8,
311,587,ZONE_FACULTY_BIOSPHERE,SM_Prop_BioLight_Column_01,16476.92,17687.89,1294.75,23.3,
312,589,ZONE_FACULTY_BIOSPHERE,SM_Prop_SolarGlassPavement_Tile,15445.16,19364.96,908.19,179.9,
313,591,ZONE_FACULTY_BIOSPHERE,SM_Prop_SolarGlassPavement_Tile,14024.45,20293.86,381.44,195.3,
314,593,ZONE_FACULTY_BIOSPHERE,SM_Prop_SolarGlassPavement_Tile,13012.87,21691.88,-280.5,291.1,
315,595,ZONE_CLEARANCE_WATERWAY,SM_Prop_Waterway_WarningBuoy_Luminescent,25534.47,13817.48,-971.07,122.1,
316,597,ZONE_FACULTY_BIOSPHERE,SM_Prop_SolarGlassPavement_Tile,23799.11,14745.29,63.24,228.5,
317,599,ZONE_FACULTY_BIOSPHERE,SM_Prop_AtmosphereBooth_01,22687.78,16599.38,809.6,338.9,
318,601,ZONE_FACULTY_BIOSPHERE,SM_Prop_BioLight_Column_01,21335.47,18336.55,1383.01,182.7,
319,603,ZONE_FACULTY_BIOSPHERE,SM_Prop_AtmosphereBooth_01,19292.92,19566.84,1778.47,112.2,
320,605,ZONE_FACULTY_BIOSPHERE,SM_Prop_SolarGlassPavement_Tile,18024.34,20934.86,1388.01,285.4,
321,607,ZONE_FACULTY_BIOSPHERE,SM_Prop_SolarGlassPavement_Tile,16253.51,22884.69,814.6,334.0,
322,609,ZONE_FACULTY_BIOSPHERE,SM_Prop_SolarGlassPavement_Tile,15292.86,23666.45,63.24,259.4,
323,613,ZONE_FACULTY_BIOSPHERE,SM_Prop_BioLight_Column_01,27697.53,15820.94,-473.95,150.0,
324,615,ZONE_FACULTY_BIOSPHERE,SM_Prop_SolarGlassPavement_Tile,25657.5,17627.27,537.8,26.1,
325,617,ZONE_FACULTY_BIOSPHERE,SM_Prop_SolarGlassPavement_Tile,24130.46,19102.24,1325.81,276.7,
326,619,ZONE_FACULTY_BIOSPHERE,SM_Prop_BioLight_Column_01,22715.61,20593.2,1890.06,306.7,
327,621,ZONE_FACULTY_BIOSPHERE,SM_Prop_SolarGlassPavement_Tile,20696.88,23026.72,1895.06,214.1,
328,623,ZONE_FACULTY_BIOSPHERE,SM_Prop_BioLight_Column_01,18957.65,24595.96,1320.81,157.5,
329,625,ZONE_FACULTY_BIOSPHERE,SM_Prop_AtmosphereBooth_01,17416.97,26028.85,532.8,138.7,
330,627,ZONE_FACULTY_BIOSPHERE,SM_Prop_AtmosphereBooth_01,15612.95,27651.15,-473.95,94.8,
331,631,ZONE_FACULTY_BIOSPHERE,SM_Prop_BioLight_Column_01,29396.05,18397.55,60.93,143.1,
332,633,ZONE_FACULTY_BIOSPHERE,SM_Prop_BioLight_Column_01,28171.12,20058.45,1093.18,153.3,
333,635,ZONE_FACULTY_BIOSPHERE,SM_Prop_BioLight_Column_01,26118.91,22376.27,1868.28,47.0,
334,637,ZONE_FACULTY_BIOSPHERE,SM_Prop_SolarGlassPavement_Tile,23869.18,23789.28,2391.22,105.1,
335,639,ZONE_FACULTY_BIOSPHERE,SM_Prop_BioLight_Column_01,22072.16,25724.62,1868.28,13.0,
336,641,ZONE_FACULTY_BIOSPHERE,SM_Prop_SolarGlassPavement_Tile,20258.67,27728.4,1098.18,63.2,
337,643,ZONE_FACULTY_BIOSPHERE,SM_Prop_BioLight_Column_01,18121.78,29841.52,60.93,175.7,
338,645,ZONE_CLEARANCE_WATERWAY,SM_Prop_Waterway_WarningBuoy_Luminescent,16270.12,31547.51,-1328.48,61.0,
339,647,ZONE_FACULTY_BIOSPHERE,SM_Prop_SolarGlassPavement_Tile,33453.69,18696.24,-609.37,156.1,
340,649,ZONE_FACULTY_BIOSPHERE,SM_Prop_SolarGlassPavement_Tile,31549.9,20621.96,692.45,253.2,
341,651,ZONE_FACULTY_BIOSPHERE,SM_Prop_SolarGlassPavement_Tile,29677.26,23101.06,1701.53,356.1,
342,653,ZONE_FACULTY_BIOSPHERE,SM_Prop_SolarGlassPavement_Tile,27406.13,25156.06,2417.87,18.0,
343,655,ZONE_FACULTY_BIOSPHERE,SM_Prop_BioLight_Column_01,25500.7,27278.09,2412.87,75.6,
344,657,ZONE_FACULTY_BIOSPHERE,SM_Prop_SolarGlassPavement_Tile,23211.76,29138.08,1701.53,352.6,
345,659,ZONE_FACULTY_BIOSPHERE,SM_Prop_AtmosphereBooth_01,20972.17,31249.07,687.45,100.6,
346,661,ZONE_FACULTY_BIOSPHERE,SM_Prop_BioLight_Column_01,18978.84,33422.3,-614.37,223.0,
347,665,ZONE_FACULTY_BIOSPHERE,SM_Prop_BioLight_Column_01,35171.97,21696.92,95.44,264.2,
348,667,ZONE_FACULTY_BIOSPHERE,SM_Prop_AtmosphereBooth_01,33172.28,23762.0,1361.74,356.3,
349,669,ZONE_FACULTY_BIOSPHERE,SM_Prop_BioLight_Column_01,30744.71,26355.88,2302.91,239.5,
350,671,ZONE_FACULTY_BIOSPHERE,SM_Prop_BioLight_Column_01,28635.42,28158.99,2918.95,67.8,
351,673,ZONE_FACULTY_BIOSPHERE,SM_Prop_AtmosphereBooth_01,26142.97,30672.83,2302.91,12.6,
352,675,ZONE_FACULTY_BIOSPHERE,SM_Prop_AtmosphereBooth_01,23712.45,33169.45,1361.74,72.9,
353,677,ZONE_FACULTY_BIOSPHERE,SM_Prop_SolarGlassPavement_Tile,21510.48,35236.52,100.44,34.1,
354,680,ZONE_CLEARANCE_WATERWAY,SM_Prop_Waterway_WarningBuoy_Luminescent,40666.5,20848.28,-1688.41,208.0,
355,681,ZONE_FACULTY_BIOSPHERE,SM_Prop_SolarGlassPavement_Tile,40038.3,21645.61,-680.15,355.2,
356,683,ZONE_FACULTY_BIOSPHERE,SM_Prop_BioLight_Column_01,37468.38,24628.49,855.9,240.8,
357,685,ZONE_FACULTY_BIOSPHERE,SM_Prop_BioLight_Column_01,34860.83,27164.02,2043.02,290.4,
358,687,ZONE_FACULTY_BIOSPHERE,SM_Prop_AtmosphereBooth_01,32215.39,29141.7,2876.18,192.5,
359,689,ZONE_FACULTY_BIOSPHERE,SM_Prop_BioLight_Column_01,29172.72,32143.88,2876.18,28.0,
360,691,ZONE_FACULTY_BIOSPHERE,SM_Prop_SolarGlassPavement_Tile,27252.1,34862.15,2048.02,34.8,
361,693,ZONE_FACULTY_BIOSPHERE,SM_Prop_BioLight_Column_01,24706.37,37026.68,855.9,201.1,
362,695,ZONE_FACULTY_BIOSPHERE,SM_Prop_AtmosphereBooth_01,21625.25,39924.83,-685.15,217.8,
363,699,ZONE_FACULTY_BIOSPHERE,SM_Prop_SolarGlassPavement_Tile,41055.75,24744.18,182.2,212.6,
364,701,ZONE_FACULTY_BIOSPHERE,SM_Prop_AtmosphereBooth_01,38471.17,27714.27,1625.32,359.6,
365,703,ZONE_FACULTY_BIOSPHERE,SM_Prop_AtmosphereBooth_01,36126.73,30214.88,2694.56,170.3,
366,705,ZONE_FACULTY_BIOSPHERE,SM_Prop_AtmosphereBooth_01,32603.96,33227.91,3384.91,162.8,
367,707,ZONE_FACULTY_BIOSPHERE,SM_Prop_AtmosphereBooth_01,30051.85,35814.02,2694.56,55.8,
368,709,ZONE_FACULTY_BIOSPHERE,SM_Prop_BioLight_Column_01,27708.4,38139.66,1625.32,128.9,
369,711,ZONE_FACULTY_BIOSPHERE,SM_Prop_BioLight_Column_01,24856.12,41299.59,177.2,341.7,
370,715,ZONE_FACULTY_BIOSPHERE,SM_Prop_SolarGlassPavement_Tile,45298.01,24947.22,-664.3,98.7,
371,717,ZONE_FACULTY_BIOSPHERE,SM_Prop_BioLight_Column_01,42944.18,28123.8,1048.33,116.4,
372,719,ZONE_FACULTY_BIOSPHERE,SM_Prop_BioLight_Column_01,39926.1,30551.28,2366.29,73.9,
373,721,ZONE_FACULTY_BIOSPHERE,SM_Prop_AtmosphereBooth_01,36939.01,33954.39,3284.57,330.0,
374,723,ZONE_FACULTY_BIOSPHERE,SM_Prop_BioLight_Column_01,33658.87,36597.95,3284.57,151.5,
375,725,ZONE_FACULTY_BIOSPHERE,SM_Prop_AtmosphereBooth_01,30621.95,39901.73,2366.29,186.5,
376,727,ZONE_FACULTY_BIOSPHERE,SM_Prop_SolarGlassPavement_Tile,27534.46,42749.88,1053.33,164.7,
377,729,ZONE_FACULTY_BIOSPHERE,SM_Prop_SolarGlassPavement_Tile,25194.37,45539.31,-664.3,21.4,
378,730,ZONE_CLEARANCE_WATERWAY,SM_Prop_Waterway_WarningBuoy_Luminescent,23290.41,47203.3,-1778.0,100.3,
379,733,ZONE_FACULTY_BIOSPHERE,SM_Prop_SolarGlassPavement_Tile,47120.44,28068.76,322.49,158.6,
380,735,ZONE_FACULTY_BIOSPHERE,SM_Prop_BioLight_Column_01,43839.83,30938.39,1890.06,168.0,
381,737,ZONE_FACULTY_BIOSPHERE,SM_Prop_SolarGlassPavement_Tile,40430.65,34139.11,3051.54,204.9,
382,739,ZONE_FACULTY_BIOSPHERE,SM_Prop_BioLight_Column_01,37644.58,37166.77,3786.93,326.8,
383,741,ZONE_FACULTY_BIOSPHERE,SM_Prop_SolarGlassPavement_Tile,33931.57,40563.2,3051.54,202.0,
384,743,ZONE_FACULTY_BIOSPHERE,SM_Prop_SolarGlassPavement_Tile,31133.09,43815.82,1895.06,353.9,
385,745,ZONE_FACULTY_BIOSPHERE,SM_Prop_BioLight_Column_01,28005.88,46923.69,317.49,326.3,
386,749,ZONE_FACULTY_BIOSPHERE,SM_Prop_AtmosphereBooth_01,51119.87,28564.91,-554.39,124.4,
387,751,ZONE_FACULTY_BIOSPHERE,SM_Prop_AtmosphereBooth_01,48164.95,31795.49,1271.59,81.4,
388,753,ZONE_FACULTY_BIOSPHERE,SM_Prop_BioLight_Column_01,44832.34,35210.28,2669.63,76.6,
389,755,ZONE_FACULTY_BIOSPHERE,SM_Prop_SolarGlassPavement_Tile,41250.91,38218.89,3644.72,1.6,
390,757,ZONE_FACULTY_BIOSPHERE,SM_Prop_BioLight_Column_01,37862.95,41388.32,3639.72,220.3,
391,759,ZONE_FACULTY_BIOSPHERE,SM_Prop_AtmosphereBooth_01,34868.85,44596.29,2669.63,309.4,
392,761,ZONE_FACULTY_BIOSPHERE,SM_Prop_BioLight_Column_01,31427.25,47784.69,1271.59,262.9,
393,763,ZONE_FACULTY_BIOSPHERE,SM_Prop_BioLight_Column_01,28449.03,51004.73,-554.39,310.9,
394,765,ZONE_CLEARANCE_WATERWAY,SM_Prop_Waterway_WarningBuoy_Luminescent,54408.49,29873.33,-1647.03,81.8,
395,767,ZONE_FACULTY_BIOSPHERE,SM_Prop_BioLight_Column_01,51029.33,33046.47,523.87,110.8,
396,769,ZONE_FACULTY_BIOSPHERE,SM_Prop_SolarGlassPavement_Tile,48181.22,35958.24,2164.67,178.4,
397,771,ZONE_FACULTY_BIOSPHERE,SM_Prop_SolarGlassPavement_Tile,44831.07,38703.83,3365.36,328.0,
398,773,ZONE_FACULTY_BIOSPHERE,SM_Prop_BioLight_Column_01,41757.72,41655.12,4125.95,319.7,
399,775,ZONE_FACULTY_BIOSPHERE,SM_Prop_BioLight_Column_01,38468.74,44663.02,3360.36,240.9,
400,777,ZONE_FACULTY_BIOSPHERE,SM_Prop_BioLight_Column_01,35621.4,48397.99,2159.67,333.1,
401,779,ZONE_FACULTY_BIOSPHERE,SM_Prop_AtmosphereBooth_01,32322.38,50941.56,523.87,25.3,
402,783,ZONE_FACULTY_BIOSPHERE,SM_Prop_AtmosphereBooth_01,54052.65,34086.93,-332.77,171.5,
403,785,ZONE_FACULTY_BIOSPHERE,SM_Prop_SolarGlassPavement_Tile,51044.9,37090.28,1534.73,62.1,
404,787,ZONE_FACULTY_BIOSPHERE,SM_Prop_BioLight_Column_01,48179.08,39446.74,2954.73,117.9,
405,789,ZONE_FACULTY_BIOSPHERE,SM_Prop_SolarGlassPavement_Tile,45366.05,42939.15,3947.23,151.2,
406,791,ZONE_FACULTY_BIOSPHERE,SM_Prop_SolarGlassPavement_Tile,42345.65,45962.55,3947.23,9.0,
407,793,ZONE_FACULTY_BIOSPHERE,SM_Prop_SolarGlassPavement_Tile,39581.41,48211.04,2959.73,209.6,
408,795,ZONE_FACULTY_BIOSPHERE,SM_Prop_SolarGlassPavement_Tile,36808.89,51323.7,1534.73,351.5,
409,797,ZONE_FACULTY_BIOSPHERE,SM_Prop_BioLight_Column_01,33795.72,54391.69,-332.77,88.1,
410,801,ZONE_FACULTY_BIOSPHERE,SM_Prop_AtmosphereBooth_01,54532.7,38477.8,800.12,286.9,
411,803,ZONE_FACULTY_BIOSPHERE,SM_Prop_SolarGlassPavement_Tile,52176.56,40695.37,2440.92,50.3,
412,805,ZONE_FACULTY_BIOSPHERE,SM_Prop_AtmosphereBooth_01,49209.55,44062.31,3636.62,204.0,
413,807,ZONE_FACULTY_BIOSPHERE,SM_Prop_SolarGlassPavement_Tile,46765.0,46306.77,4407.21,290.4,
414,809,ZONE_FACULTY_BIOSPHERE,SM_Prop_BioLight_Column_01,43422.33,48898.17,3636.62,177.2,
415,811,ZONE_FACULTY_BIOSPHERE,SM_Prop_BioLight_Column_01,40934.9,51613.67,2435.92,171.1,
416,813,ZONE_FACULTY_BIOSPHERE,SM_Prop_SolarGlassPavement_Tile,38195.46,54738.17,805.12,330.8,
417,815,ZONE_CLEARANCE_WATERWAY,SM_Prop_Waterway_WarningBuoy_Luminescent,35609.18,57491.01,-1370.78,98.0,
418,817,ZONE_FACULTY_BIOSPHERE,SM_Prop_BioLight_Column_01,57688.75,40067.89,-1.87,94.5,
419,819,ZONE_FACULTY_BIOSPHERE,SM_Prop_SolarGlassPavement_Tile,54704.73,42106.59,1829.1,32.1,
420,821,ZONE_FACULTY_BIOSPHERE,SM_Prop_BioLight_Column_01,52441.97,44650.15,3222.14,192.6,
421,823,ZONE_FACULTY_BIOSPHERE,SM_Prop_SolarGlassPavement_Tile,50215.64,47636.39,4197.24,109.7,
422,825,ZONE_FACULTY_BIOSPHERE,SM_Prop_BioLight_Column_01,47570.48,49676.58,4192.24,52.1,
423,827,ZONE_FACULTY_BIOSPHERE,SM_Prop_SolarGlassPavement_Tile,44732.31,52162.23,3227.14,12.8,
424,829,ZONE_FACULTY_BIOSPHERE,SM_Prop_SolarGlassPavement_Tile,42365.3,55022.22,1829.1,74.7,
425,831,ZONE_FACULTY_BIOSPHERE,SM_Prop_AtmosphereBooth_01,40007.34,57128.53,-1.87,9.4,
426,835,ZONE_FACULTY_BIOSPHERE,SM_Prop_SolarGlassPavement_Tile,57992.84,43763.8,1151.26,276.6,
427,837,ZONE_FACULTY_BIOSPHERE,SM_Prop_SolarGlassPavement_Tile,55513.36,46357.53,2723.83,251.5,
428,839,ZONE_FACULTY_BIOSPHERE,SM_Prop_AtmosphereBooth_01,52769.73,48514.45,3875.31,19.8,
429,841,ZONE_FACULTY_BIOSPHERE,SM_Prop_BioLight_Column_01,51006.62,50647.01,4615.7,351.1,
430,843,ZONE_FACULTY_BIOSPHERE,SM_Prop_AtmosphereBooth_01,48907.52,53265.12,3875.31,300.6,
431,845,ZONE_FACULTY_BIOSPHERE,SM_Prop_BioLight_Column_01,46197.22,55796.0,2718.83,90.0,
432,847,ZONE_FACULTY_BIOSPHERE,SM_Prop_BioLight_Column_01,43836.53,57619.62,1146.26,274.6,
433,850,ZONE_CLEARANCE_WATERWAY,SM_Prop_Waterway_WarningBuoy_Luminescent,61761.18,44948.68,-672.98,70.7,
434,851,ZONE_FACULTY_BIOSPHERE,SM_Prop_BioLight_Column_01,60165.69,46071.57,435.72,177.9,
435,853,ZONE_FACULTY_BIOSPHERE,SM_Prop_AtmosphereBooth_01,58627.49,48156.92,2153.35,358.2,
436,855,ZONE_FACULTY_BIOSPHERE,SM_Prop_AtmosphereBooth_01,56394.14,49810.81,3471.31,49.1,
437,857,ZONE_FACULTY_BIOSPHERE,SM_Prop_AtmosphereBooth_01,54320.2,52270.15,4389.59,193.8,
438,859,ZONE_FACULTY_BIOSPHERE,SM_Prop_AtmosphereBooth_01,52407.72,53898.19,4389.59,223.6,
439,861,ZONE_FACULTY_BIOSPHERE,SM_Prop_BioLight_Column_01,49622.89,56083.52,3471.31,191.4,
440,863,ZONE_FACULTY_BIOSPHERE,SM_Prop_SolarGlassPavement_Tile,47707.31,58574.56,2158.35,98.7,
441,865,ZONE_FACULTY_BIOSPHERE,SM_Prop_BioLight_Column_01,45806.11,60382.62,435.72,197.3,
442,869,ZONE_FACULTY_BIOSPHERE,SM_Prop_BioLight_Column_01,61222.69,49379.61,1558.48,149.4,
443,871,ZONE_FACULTY_BIOSPHERE,SM_Prop_BioLight_Column_01,59293.43,51986.74,3006.6,313.8,
444,873,ZONE_FACULTY_BIOSPHERE,SM_Prop_BioLight_Column_01,57001.78,53566.26,4075.84,50.3,
445,875,ZONE_FACULTY_BIOSPHERE,SM_Prop_SolarGlassPavement_Tile,55072.22,55294.26,4771.19,220.0,
446,877,ZONE_FACULTY_BIOSPHERE,SM_Prop_BioLight_Column_01,53792.05,57257.42,4075.84,139.2,
447,879,ZONE_FACULTY_BIOSPHERE,SM_Prop_BioLight_Column_01,51546.67,58952.94,3006.6,170.7,
448,881,ZONE_FACULTY_BIOSPHERE,SM_Prop_SolarGlassPavement_Tile,49856.47,61161.26,1563.48,37.6,
449,885,ZONE_FACULTY_BIOSPHERE,SM_Prop_SolarGlassPavement_Tile,63089.48,51798.43,977.39,286.2,
450,887,ZONE_FACULTY_BIOSPHERE,SM_Prop_AtmosphereBooth_01,61943.32,53291.43,2513.44,278.0,
451,889,ZONE_FACULTY_BIOSPHERE,SM_Prop_BioLight_Column_01,59670.78,54774.62,3700.55,183.8,
452,891,ZONE_FACULTY_BIOSPHERE,SM_Prop_BioLight_Column_01,58678.31,56378.53,4533.72,127.4,
453,893,ZONE_FACULTY_BIOSPHERE,SM_Prop_BioLight_Column_01,56574.55,58482.11,4533.72,77.4,
454,895,ZONE_FACULTY_BIOSPHERE,SM_Prop_SolarGlassPavement_Tile,55167.83,60140.03,3705.55,161.7,
455,897,ZONE_FACULTY_BIOSPHERE,SM_Prop_BioLight_Column_01,53803.37,61488.62,2513.44,157.8,
456,899,ZONE_FACULTY_BIOSPHERE,SM_Prop_SolarGlassPavement_Tile,52078.67,62995.39,977.39,62.7,
457,900,ZONE_CLEARANCE_WATERWAY,SM_Prop_Waterway_WarningBuoy_Luminescent,50901.21,64067.62,-30.87,283.4,
458,903,ZONE_FACULTY_BIOSPHERE,SM_Prop_SolarGlassPavement_Tile,63732.88,55607.1,1964.64,130.6,
459,905,ZONE_FACULTY_BIOSPHERE,SM_Prop_SolarGlassPavement_Tile,63034.92,57137.77,3187.51,224.0,
460,907,ZONE_FACULTY_BIOSPHERE,SM_Prop_BioLight_Column_01,61089.28,58641.03,4091.41,263.8,
461,909,ZONE_FACULTY_BIOSPHERE,SM_Prop_SolarGlassPavement_Tile,59985.05,60110.37,4691.33,240.8,
462,911,ZONE_FACULTY_BIOSPHERE,SM_Prop_BioLight_Column_01,58614.68,61413.6,4091.41,19.4,
463,913,ZONE_FACULTY_BIOSPHERE,SM_Prop_BioLight_Column_01,56908.72,62870.53,3182.51,169.3,
464,915,ZONE_FACULTY_BIOSPHERE,SM_Prop_BioLight_Column_01,55251.34,63741.21,1959.64,326.7,
465,919,ZONE_FACULTY_BIOSPHERE,SM_Prop_AtmosphereBooth_01,66330.67,58026.22,1394.3,121.9,
466,921,ZONE_FACULTY_BIOSPHERE,SM_Prop_BioLight_Column_01,65244.91,58776.76,2531.84,316.9,
467,923,ZONE_FACULTY_BIOSPHERE,SM_Prop_AtmosphereBooth_01,64242.6,60461.96,3413.57,64.1,
468,925,ZONE_FACULTY_BIOSPHERE,SM_Prop_SolarGlassPavement_Tile,63007.27,61069.85,4044.5,269.8,
469,927,ZONE_FACULTY_BIOSPHERE,SM_Prop_BioLight_Column_01,61092.57,62633.99,4039.5,119.9,
470,929,ZONE_FACULTY_BIOSPHERE,SM_Prop_BioLight_Column_01,59864.89,63622.57,3413.57,246.2,
471,931,ZONE_FACULTY_BIOSPHERE,SM_Prop_SolarGlassPavement_Tile,58949.27,65005.7,2536.84,359.2,
472,933,ZONE_FACULTY_BIOSPHERE,SM_Prop_SolarGlassPavement_Tile,58091.88,66348.91,1399.3,82.1,
473,935,ZONE_CLEARANCE_WATERWAY,SM_Prop_Waterway_WarningBuoy_Luminescent,68553.02,60446.39,831.72,63.7,
474,937,ZONE_FACULTY_BIOSPHERE,SM_Prop_AtmosphereBooth_01,67485.92,60944.5,1886.84,290.8,
475,939,ZONE_FACULTY_BIOSPHERE,SM_Prop_AtmosphereBooth_01,65984.6,61937.96,2651.47,194.8,
476,941,ZONE_FACULTY_BIOSPHERE,SM_Prop_SolarGlassPavement_Tile,65483.91,63501.43,3230.62,336.1,
477,943,ZONE_FACULTY_BIOSPHERE,SM_Prop_AtmosphereBooth_01,64188.57,64488.55,3609.28,248.2,
478,945,ZONE_FACULTY_BIOSPHERE,SM_Prop_SolarGlassPavement_Tile,63606.79,65384.07,3230.62,140.4,
479,947,ZONE_FACULTY_BIOSPHERE,SM_Prop_SolarGlassPavement_Tile,62634.03,66484.31,2656.47,313.8,
480,949,ZONE_FACULTY_BIOSPHERE,SM_Prop_SolarGlassPavement_Tile,61393.3,67318.9,1891.84,155.7,
481,953,ZONE_FACULTY_BIOSPHERE,SM_Prop_BioLight_Column_01,69007.56,63718.29,1334.24,316.5,
482,955,ZONE_FACULTY_BIOSPHERE,SM_Prop_SolarGlassPavement_Tile,68713.09,64644.92,1926.17,329.8,
483,957,ZONE_FACULTY_BIOSPHERE,SM_Prop_SolarGlassPavement_Tile,67525.46,65295.63,2385.56,347.8,
484,959,ZONE_FACULTY_BIOSPHERE,SM_Prop_BioLight_Column_01,67069.58,66528.01,2712.43,193.3,
485,961,ZONE_FACULTY_BIOSPHERE,SM_Prop_BioLight_Column_01,66189.27,66598.56,2712.43,319.9,
486,963,ZONE_FACULTY_BIOSPHERE,SM_Prop_BioLight_Column_01,65611.81,68103.21,2380.56,302.8,
487,965,ZONE_FACULTY_BIOSPHERE,SM_Prop_BioLight_Column_01,64614.82,68503.93,1921.17,268.1,
488,967,ZONE_FACULTY_BIOSPHERE,SM_Prop_SolarGlassPavement_Tile,63532.34,69696.99,1339.24,243.7,
489,970,ZONE_HARBOR_BERTH,SM_Prop_OceanSensorBeacon,70672.77,66888.24,1107.01,46.5,
490,971,ZONE_HARBOR_BERTH,SM_Prop_Harbor_Bollard_Heavy,70978.4,67103.51,1291.5,140.9,
491,972,ZONE_HARBOR_BERTH,SM_Prop_Submersible_MooringClamp,69978.11,67364.94,1407.44,273.1,
492,973,ZONE_HARBOR_BERTH,SM_Prop_Submersible_MooringClamp,70106.99,67432.77,1554.83,138.8,
493,974,ZONE_HARBOR_BERTH,SM_Prop_Submersible_MooringClamp,69670.88,67829.7,1683.66,195.7,
494,975,ZONE_HARBOR_BERTH,SM_Prop_Harbor_Bollard_Heavy,69292.53,67770.59,1843.94,350.4,
495,976,ZONE_HARBOR_BERTH,SM_Prop_Harbor_Bollard_Heavy,69141.8,68564.03,1935.68,228.2,
496,977,ZONE_HARBOR_BERTH,SM_Prop_Harbor_Bollard_Heavy,68502.47,68923.13,2008.86,139.0,
497,978,ZONE_HARBOR_BERTH,SM_Prop_Harbor_Bollard_Heavy,68367.41,68735.38,1935.68,169.0,
498,979,ZONE_HARBOR_BERTH,SM_Prop_Submersible_MooringClamp,67948.16,69324.08,1793.94,337.1,
499,980,ZONE_HARBOR_BERTH,SM_Prop_OceanSensorBeacon,68058.53,69970.88,1733.66,219.2,
500,981,ZONE_HARBOR_BERTH,SM_Prop_Harbor_Bollard_Heavy,67460.79,70365.12,1604.83,216.7,
501,982,ZONE_HARBOR_BERTH,SM_Prop_Harbor_Bollard_Heavy,67144.06,70257.51,1457.44,239.8,
502,983,ZONE_HARBOR_BERTH,SM_Prop_Harbor_Bollard_Heavy,66554.88,70251.86,1291.5,241.5,
503,984,ZONE_HARBOR_BERTH,SM_Prop_Harbor_Bollard_Heavy,66682.34,71158.58,1107.01,113.3,
504,985,ZONE_CLEARANCE_WATERWAY,SM_Prop_Waterway_WarningBuoy_Luminescent,66686.67,71394.83,803.97,255.1,
505,987,ZONE_HARBOR_BERTH,SM_Prop_Harbor_Bollard_Heavy,72765.16,69729.47,785.44,239.3,
506,988,ZONE_HARBOR_BERTH,SM_Prop_OceanSensorBeacon,72167.09,69317.47,875.63,82.0,
507,989,ZONE_HARBOR_BERTH,SM_Prop_Harbor_Bollard_Heavy,72431.66,69909.74,957.06,242.8,
508,990,ZONE_HARBOR_BERTH,SM_Prop_Harbor_Bollard_Heavy,71919.39,70383.88,1029.72,286.5,
509,991,ZONE_HARBOR_BERTH,SM_Prop_Harbor_Bollard_Heavy,71641.78,70537.75,1093.62,298.9,
510,992,ZONE_HARBOR_BERTH,SM_Prop_Submersible_MooringClamp,71322.59,70378.65,1098.76,320.7,
511,993,ZONE_HARBOR_BERTH,SM_Prop_Submersible_MooringClamp,71326.46,71141.09,1145.14,142.2,
512,994,ZONE_HARBOR_BERTH,SM_Prop_OceanSensorBeacon,70636.5,71303.63,1232.75,289.7,
513,995,ZONE_HARBOR_BERTH,SM_Prop_Submersible_MooringClamp,71070.59,71208.94,1145.14,326.9,
514,996,ZONE_HARBOR_BERTH,SM_Prop_Harbor_Bollard_Heavy,70578.11,71240.37,1148.76,54.8,
515,997,ZONE_HARBOR_BERTH,SM_Prop_Harbor_Bollard_Heavy,70356.41,71864.24,1093.62,254.4,
516,998,ZONE_HARBOR_BERTH,SM_Prop_Submersible_MooringClamp,70391.04,72000.25,979.72,332.1,
517,999,ZONE_HARBOR_BERTH,SM_Prop_Harbor_Bollard_Heavy,69616.79,72155.04,957.06,347.8,
518,1000,ZONE_HARBOR_BERTH,SM_Prop_Submersible_MooringClamp,69914.62,72206.8,825.63,129.0,
519,1001,ZONE_HARBOR_BERTH,SM_Prop_Submersible_MooringClamp,69169.79,72641.45,735.44,25.2,
520,1004,ZONE_HARBOR_BERTH,SM_Prop_Submersible_MooringClamp,73898.98,72543.21,380.28,334.6,
521,1005,ZONE_HARBOR_BERTH,SM_Prop_Harbor_Bollard_Heavy,74431.67,72337.54,461.44,89.0,
522,1006,ZONE_HARBOR_BERTH,SM_Prop_Harbor_Bollard_Heavy,73775.1,72922.74,489.73,158.0,
523,1007,ZONE_HARBOR_BERTH,SM_Prop_Submersible_MooringClamp,73431.66,72943.53,465.14,58.5,
524,1008,ZONE_HARBOR_BERTH,SM_Prop_OceanSensorBeacon,73434.81,72757.91,537.69,215.5,
525,1009,ZONE_HARBOR_BERTH,SM_Prop_Harbor_Bollard_Heavy,73583.06,73345.65,557.37,39.8,
526,1010,ZONE_HARBOR_BERTH,SM_Prop_Harbor_Bollard_Heavy,72986.2,72931.92,574.18,334.9,
527,1011,ZONE_HARBOR_BERTH,SM_Prop_Harbor_Bollard_Heavy,73043.36,73642.44,588.11,308.3,
528,1012,ZONE_HARBOR_BERTH,SM_Prop_Harbor_Bollard_Heavy,73389.08,73392.17,574.18,259.9,
529,1013,ZONE_HARBOR_BERTH,SM_Prop_Submersible_MooringClamp,72625.92,73362.09,507.37,25.4,
530,1014,ZONE_HARBOR_BERTH,SM_Prop_Harbor_Bollard_Heavy,72885.35,73895.17,537.69,151.0,
531,1015,ZONE_HARBOR_BERTH,SM_Prop_Harbor_Bollard_Heavy,73018.17,73789.88,515.14,132.1,
532,1016,ZONE_HARBOR_BERTH,SM_Prop_Harbor_Bollard_Heavy,72712.57,73736.1,489.73,332.7,
533,1017,ZONE_HARBOR_BERTH,SM_Prop_Harbor_Bollard_Heavy,72423.01,73953.68,461.44,218.5,
534,1018,ZONE_HARBOR_BERTH,SM_Prop_Submersible_MooringClamp,72439.86,74313.61,380.28,134.9,
535,1020,ZONE_CLEARANCE_WATERWAY,SM_Prop_Waterway_WarningBuoy_Luminescent,75579.55,75136.11,24.82,166.9,
536,1021,ZONE_HARBOR_BERTH,SM_Prop_Harbor_Bollard_Heavy,76151.88,75260.07,129.94,58.3,
537,1022,ZONE_HARBOR_BERTH,SM_Prop_Harbor_Bollard_Heavy,75911.23,74845.03,134.66,333.3,
538,1023,ZONE_HARBOR_BERTH,SM_Prop_Submersible_MooringClamp,75973.38,75179.83,88.99,265.2,
539,1024,ZONE_HARBOR_BERTH,SM_Prop_Harbor_Bollard_Heavy,75735.02,75185.36,142.93,78.7,
540,1025,ZONE_HARBOR_BERTH,SM_Prop_Harbor_Bollard_Heavy,75251.93,75012.58,146.47,155.2,
541,1026,ZONE_HARBOR_BERTH,SM_Prop_Harbor_Bollard_Heavy,75380.81,75584.54,149.62,268.3,
542,1027,ZONE_HARBOR_BERTH,SM_Prop_Harbor_Bollard_Heavy,75757.91,75085.84,152.38,262.8,
543,1028,ZONE_HARBOR_BERTH,SM_Prop_Harbor_Bollard_Heavy,75244.67,75608.78,154.75,328.5,
544,1029,ZONE_HARBOR_BERTH,SM_Prop_Submersible_MooringClamp,75128.59,75831.94,102.38,172.2,
545,1030,ZONE_HARBOR_BERTH,SM_Prop_Harbor_Bollard_Heavy,75244.57,75932.72,149.62,340.5,
546,1031,ZONE_HARBOR_BERTH,SM_Prop_Harbor_Bollard_Heavy,75619.65,75966.62,146.47,131.7,
547,1032,ZONE_HARBOR_BERTH,SM_Prop_OceanSensorBeacon,75313.91,75437.72,142.93,1.3,
548,1033,ZONE_HARBOR_BERTH,SM_Prop_Submersible_MooringClamp,75477.89,75382.82,88.99,43.1,
549,1034,ZONE_HARBOR_BERTH,SM_Prop_Harbor_Bollard_Heavy,74914.01,75665.94,134.66,126.1,
550,1035,ZONE_HARBOR_BERTH,SM_Prop_Submersible_MooringClamp,74915.04,75909.32,79.94,257.4,
551,1038,ZONE_HARBOR_BERTH,SM_Prop_Harbor_Bollard_Heavy,77415.76,77949.49,0.0,274.1,
552,1039,ZONE_HARBOR_BERTH,SM_Prop_Harbor_Bollard_Heavy,77384.33,77702.28,0.0,127.1,
553,1040,ZONE_HARBOR_BERTH,SM_Prop_Harbor_Bollard_Heavy,77416.13,77327.95,0.0,204.9,
554,1041,ZONE_HARBOR_BERTH,SM_Prop_Harbor_Bollard_Heavy,77379.43,78062.31,0.0,253.6,
555,1042,ZONE_HARBOR_BERTH,SM_Prop_OceanSensorBeacon,77852.16,77660.98,0.0,136.5,
556,1043,ZONE_HARBOR_BERTH,SM_Prop_OceanSensorBeacon,78046.18,77398.65,0.0,225.9,
557,1044,ZONE_HARBOR_BERTH,SM_Prop_OceanSensorBeacon,77936.95,78040.44,0.0,128.2,
558,1045,ZONE_HARBOR_BERTH,SM_Prop_Harbor_Bollard_Heavy,77676.12,77585.82,0.0,258.0,
559,1046,ZONE_HARBOR_BERTH,SM_Prop_Submersible_MooringClamp,78100.27,77347.65,-50.0,34.9,
560,1047,ZONE_HARBOR_BERTH,SM_Prop_OceanSensorBeacon,77894.27,77884.25,0.0,171.5,
561,1048,ZONE_HARBOR_BERTH,SM_Prop_Harbor_Bollard_Heavy,77720.95,77966.91,0.0,319.1,
562,1049,ZONE_HARBOR_BERTH,SM_Prop_Harbor_Bollard_Heavy,77364.62,77959.12,0.0,30.2,
563,1050,ZONE_HARBOR_BERTH,SM_Prop_OceanSensorBeacon,77465.69,77445.87,0.0,223.3,
564,1051,ZONE_HARBOR_BERTH,SM_Prop_Submersible_MooringClamp,77940.81,77597.92,-50.0,282.7,
565,1052,ZONE_HARBOR_BERTH,SM_Prop_OceanSensorBeacon,77385.64,78058.33,0.0,42.2,
566,1055,ZONE_FACULTY_CLIMATE,SM_Prop_AtmosphereBooth_01,205.52,14731.84,0.0,305.8,
567,1057,ZONE_FACULTY_CLIMATE,SM_Prop_AtmosphereBooth_01,-251.03,15368.18,0.0,157.4,
568,1059,ZONE_FACULTY_CLIMATE,SM_Prop_SolarGlassPavement_Tile,312.48,14765.97,5.0,193.6,
569,1061,ZONE_FACULTY_CLIMATE,SM_Prop_AtmosphereBooth_01,-219.97,14894.53,0.0,243.5,
570,1063,ZONE_FACULTY_CLIMATE,SM_Prop_BioLight_Column_01,-385.48,14789.17,0.0,86.4,
571,1065,ZONE_FACULTY_CLIMATE,SM_Prop_SolarGlassPavement_Tile,-302.05,15028.28,5.0,222.6,
572,1067,ZONE_FACULTY_CLIMATE,SM_Prop_SolarGlassPavement_Tile,-178.1,15213.29,5.0,157.0,
573,1069,ZONE_FACULTY_CLIMATE,SM_Prop_BioLight_Column_01,41.02,14997.6,0.0,357.1,
574,1070,ZONE_CLEARANCE_WATERWAY,SM_Prop_Waterway_WarningBuoy_Luminescent,-18.55,14611.81,-100.0,126.2,
575,1073,ZONE_FACULTY_CLIMATE,SM_Prop_BioLight_Column_01,3204.12,18353.3,59.06,272.9,
576,1075,ZONE_FACULTY_CLIMATE,SM_Prop_BioLight_Column_01,2189.51,17801.83,300.12,40.6,
577,1077,ZONE_FACULTY_CLIMATE,SM_Prop_BioLight_Column_01,1052.67,18088.51,495.44,147.5,
578,1079,ZONE_FACULTY_CLIMATE,SM_Prop_AtmosphereBooth_01,-233.16,18371.34,645.03,127.2,
579,1081,ZONE_FACULTY_CLIMATE,SM_Prop_SolarGlassPavement_Tile,-1429.57,17792.13,500.44,61.7,
580,1083,ZONE_FACULTY_CLIMATE,SM_Prop_SolarGlassPavement_Tile,-2265.42,18236.89,305.12,263.3,
581,1085,ZONE_FACULTY_CLIMATE,SM_Prop_AtmosphereBooth_01,-3698.62,18187.39,59.06,281.8,
582,1089,ZONE_FACULTY_CLIMATE,SM_Prop_BioLight_Column_01,4875.42,21622.39,-181.81,26.0,
583,1091,ZONE_FACULTY_CLIMATE,SM_Prop_SolarGlassPavement_Tile,3679.44,21231.57,294.22,141.4,
584,1093,ZONE_FACULTY_CLIMATE,SM_Prop_AtmosphereBooth_01,2070.21,21672.17,669.29,142.5,
585,1095,ZONE_FACULTY_CLIMATE,SM_Prop_BioLight_Column_01,1128.78,21207.91,958.39,155.9,
586,1097,ZONE_FACULTY_CLIMATE,SM_Prop_SolarGlassPavement_Tile,-948.24,21448.48,963.39,133.8,
587,1099,ZONE_FACULTY_CLIMATE,SM_Prop_AtmosphereBooth_01,-2153.67,20950.78,669.29,177.5,
588,1101,ZONE_FACULTY_CLIMATE,SM_Prop_BioLight_Column_01,-3490.19,21117.0,289.22,350.0,
589,1103,ZONE_FACULTY_CLIMATE,SM_Prop_BioLight_Column_01,-5450.73,21719.41,-181.81,317.8,
590,1105,ZONE_CLEARANCE_WATERWAY,SM_Prop_Waterway_WarningBuoy_Luminescent,7356.87,24853.54,-767.18,8.7,
591,1107,ZONE_FACULTY_CLIMATE,SM_Prop_BioLight_Column_01,5396.27,24562.75,62.37,54.5,
592,1109,ZONE_FACULTY_CLIMATE,SM_Prop_SolarGlassPavement_Tile,3473.91,24109.02,661.72,350.6,
593,1111,ZONE_FACULTY_CLIMATE,SM_Prop_SolarGlassPavement_Tile,1505.43,24733.9,1120.87,65.0,
594,1113,ZONE_FACULTY_CLIMATE,SM_Prop_SolarGlassPavement_Tile,293.13,24678.43,1444.83,244.9,
595,1115,ZONE_FACULTY_CLIMATE,SM_Prop_SolarGlassPavement_Tile,-1974.37,24117.31,1120.87,191.1,
596,1117,ZONE_FACULTY_CLIMATE,SM_Prop_BioLight_Column_01,-3470.59,24608.18,656.72,325.3,
597,1119,ZONE_FACULTY_CLIMATE,SM_Prop_BioLight_Column_01,-5506.3,24273.52,62.37,95.2,
598,1123,ZONE_FACULTY_CLIMATE,SM_Prop_SolarGlassPavement_Tile,7644.32,27398.94,-379.17,266.3,
599,1125,ZONE_FACULTY_CLIMATE,SM_Prop_BioLight_Column_01,5394.14,27766.76,456.16,305.0,
600,1127,ZONE_FACULTY_CLIMATE,SM_Prop_SolarGlassPavement_Tile,2950.53,27396.81,1123.55,142.7,
601,1129,ZONE_FACULTY_CLIMATE,SM_Prop_SolarGlassPavement_Tile,868.21,27851.54,1607.98,320.5,
602,1131,ZONE_FACULTY_CLIMATE,SM_Prop_BioLight_Column_01,-1111.73,27498.9,1602.98,154.0,
603,1133,ZONE_FACULTY_CLIMATE,SM_Prop_BioLight_Column_01,-2729.21,27448.24,1118.55,304.3,
604,1135,ZONE_FACULTY_CLIMATE,SM_Prop_AtmosphereBooth_01,-4926.61,27957.06,456.16,286.5,
605,1137,ZONE_FACULTY_CLIMATE,SM_Prop_BioLight_Column_01,-6952.04,27438.7,-384.17,311.5,
606,1141,ZONE_FACULTY_CLIMATE,SM_Prop_BioLight_Column_01,6868.45,30886.36,56.77,1.5,
607,1143,ZONE_FACULTY_CLIMATE,SM_Prop_BioLight_Column_01,4645.31,30631.65,954.15,170.0,
608,1145,ZONE_FACULTY_CLIMATE,SM_Prop_BioLight_Column_01,2294.35,30846.22,1632.78,87.4,
609,1147,ZONE_FACULTY_CLIMATE,SM_Prop_AtmosphereBooth_01,158.09,31117.34,2092.66,51.7,
610,1149,ZONE_FACULTY_CLIMATE,SM_Prop_SolarGlassPavement_Tile,-2691.45,31172.91,1637.78,226.7,
611,1151,ZONE_FACULTY_CLIMATE,SM_Prop_BioLight_Column_01,-4847.56,30959.04,954.15,187.3,
612,1153,ZONE_FACULTY_CLIMATE,SM_Prop_SolarGlassPavement_Tile,-7312.38,30568.15,61.77,354.1,
613,1155,ZONE_CLEARANCE_WATERWAY,SM_Prop_Waterway_WarningBuoy_Luminescent,-9223.61,30622.3,-1159.36,39.7,
614,1157,ZONE_FACULTY_CLIMATE,SM_Prop_SolarGlassPavement_Tile,9279.32,34272.42,-546.63,34.9,
615,1159,ZONE_FACULTY_CLIMATE,SM_Prop_AtmosphereBooth_01,6796.66,33672.3,609.2,85.3,
616,1161,ZONE_FACULTY_CLIMATE,SM_Prop_AtmosphereBooth_01,3717.09,34216.26,1512.88,298.7,
617,1163,ZONE_FACULTY_CLIMATE,SM_Prop_AtmosphereBooth_01,1608.38,34377.52,2159.39,71.0,
618,1165,ZONE_FACULTY_CLIMATE,SM_Prop_AtmosphereBooth_01,-1547.14,34227.77,2159.39,347.8,
619,1167,ZONE_FACULTY_CLIMATE,SM_Prop_AtmosphereBooth_01,-4431.37,34006.32,1512.88,176.7,
620,1169,ZONE_FACULTY_CLIMATE,SM_Prop_SolarGlassPavement_Tile,-7010.19,34312.13,614.2,23.8,
621,1171,ZONE_FACULTY_CLIMATE,SM_Prop_SolarGlassPavement_Tile,-9222.09,33871.54,-546.63,314.1,
622,1175,ZONE_FACULTY_CLIMATE,SM_Prop_SolarGlassPavement_Tile,9187.91,37495.03,78.13,170.5,
623,1177,ZONE_FACULTY_CLIMATE,SM_Prop_BioLight_Column_01,6100.42,36774.89,1228.59,107.3,
624,1179,ZONE_FACULTY_CLIMATE,SM_Prop_SolarGlassPavement_Tile,3358.84,37035.36,2096.29,235.1,
625,1181,ZONE_FACULTY_CLIMATE,SM_Prop_AtmosphereBooth_01,373.19,36975.19,2661.25,330.3,
626,1183,ZONE_FACULTY_CLIMATE,SM_Prop_AtmosphereBooth_01,-2935.42,36923.33,2091.29,78.7,
627,1185,ZONE_FACULTY_CLIMATE,SM_Prop_AtmosphereBooth_01,-6155.76,36760.84,1228.59,100.4,
628,1187,ZONE_FACULTY_CLIMATE,SM_Prop_SolarGlassPavement_Tile,-8864.96,37287.89,78.13,306.8,
629,1190,ZONE_CLEARANCE_WATERWAY,SM_Prop_Waterway_WarningBuoy_Luminescent,13274.89,40641.41,-1595.98,248.5,
630,1191,ZONE_FACULTY_CLIMATE,SM_Prop_SolarGlassPavement_Tile,11914.49,40537.51,-654.63,340.3,
631,1193,ZONE_FACULTY_CLIMATE,SM_Prop_SolarGlassPavement_Tile,8044.87,40058.34,774.23,169.4,
632,1195,ZONE_FACULTY_CLIMATE,SM_Prop_BioLight_Column_01,4672.27,40098.53,1872.96,293.3,
633,1197,ZONE_FACULTY_CLIMATE,SM_Prop_AtmosphereBooth_01,1777.27,39946.27,2651.57,35.1,
634,1199,ZONE_FACULTY_CLIMATE,SM_Prop_SolarGlassPavement_Tile,-1725.62,40369.79,2656.57,39.6,
635,1201,ZONE_FACULTY_CLIMATE,SM_Prop_SolarGlassPavement_Tile,-5220.02,40366.41,1877.96,214.6,
636,1203,ZONE_FACULTY_CLIMATE,SM_Prop_BioLight_Column_01,-8385.64,39966.54,769.23,47.6,
637,1205,ZONE_FACULTY_CLIMATE,SM_Prop_BioLight_Column_01,-11835.69,40396.92,-659.63,180.2,
638,1209,ZONE_FACULTY_CLIMATE,SM_Prop_SolarGlassPavement_Tile,10704.12,43230.85,134.62,300.1,
639,1211,ZONE_FACULTY_CLIMATE,SM_Prop_BioLight_Column_01,7414.52,43408.96,1493.7,305.9,
640,1213,ZONE_FACULTY_CLIMATE,SM_Prop_BioLight_Column_01,3947.77,43548.59,2503.84,43.7,
641,1215,ZONE_FACULTY_CLIMATE,SM_Prop_BioLight_Column_01,-204.83,43314.32,3160.03,137.0,
642,1217,ZONE_FACULTY_CLIMATE,SM_Prop_BioLight_Column_01,-3839.71,43554.56,2503.84,147.7,
643,1219,ZONE_FACULTY_CLIMATE,SM_Prop_BioLight_Column_01,-6985.12,43283.26,1493.7,77.1,
644,1221,ZONE_FACULTY_CLIMATE,SM_Prop_BioLight_Column_01,-10775.49,43447.52,129.62,82.3,
645,1225,ZONE_FACULTY_CLIMATE,SM_Prop_BioLight_Column_01,13915.17,46444.46,-688.94,182.9,
646,1227,ZONE_FACULTY_CLIMATE,SM_Prop_AtmosphereBooth_01,9526.9,46891.39,948.62,6.9,
647,1229,ZONE_FACULTY_CLIMATE,SM_Prop_AtmosphereBooth_01,6152.84,46710.67,2207.3,148.1,
648,1231,ZONE_FACULTY_CLIMATE,SM_Prop_BioLight_Column_01,2087.42,46724.35,3087.1,159.4,
649,1233,ZONE_FACULTY_CLIMATE,SM_Prop_AtmosphereBooth_01,-1969.38,46619.91,3087.1,274.9,
650,1235,ZONE_FACULTY_CLIMATE,SM_Prop_BioLight_Column_01,-5736.76,46396.15,2207.3,41.0,
651,1237,ZONE_FACULTY_CLIMATE,SM_Prop_BioLight_Column_01,-9869.65,46428.77,948.62,234.4,
652,1239,ZONE_FACULTY_CLIMATE,SM_Prop_BioLight_Column_01,-13442.27,46964.89,-688.94,285.0,
653,1240,ZONE_CLEARANCE_WATERWAY,SM_Prop_Waterway_WarningBuoy_Luminescent,-15223.92,46789.17,-1749.81,209.7,
654,1243,ZONE_FACULTY_CLIMATE,SM_Prop_AtmosphereBooth_01,12992.39,50169.27,239.47,277.2,
655,1245,ZONE_FACULTY_CLIMATE,SM_Prop_AtmosphereBooth_01,8493.65,49618.58,1757.27,41.5,
656,1247,ZONE_FACULTY_CLIMATE,SM_Prop_SolarGlassPavement_Tile,4307.49,49403.81,2880.39,295.9,
657,1249,ZONE_FACULTY_CLIMATE,SM_Prop_SolarGlassPavement_Tile,-131.0,50125.72,3598.83,319.7,
658,1251,ZONE_FACULTY_CLIMATE,SM_Prop_SolarGlassPavement_Tile,-4047.45,49895.6,2880.39,161.8,
659,1253,ZONE_FACULTY_CLIMATE,SM_Prop_BioLight_Column_01,-8311.85,49948.9,1757.27,265.9,
660,1255,ZONE_FACULTY_CLIMATE,SM_Prop_BioLight_Column_01,-12903.55,49679.45,239.47,143.7,
661,1259,ZONE_FACULTY_CLIMATE,SM_Prop_AtmosphereBooth_01,16156.63,52868.05,-624.82,350.9,
662,1261,ZONE_FACULTY_CLIMATE,SM_Prop_BioLight_Column_01,11229.5,52729.46,1155.79,114.8,
663,1263,ZONE_FACULTY_CLIMATE,SM_Prop_BioLight_Column_01,7056.12,53358.68,2520.31,335.2,
664,1265,ZONE_FACULTY_CLIMATE,SM_Prop_BioLight_Column_01,2474.46,52930.19,3468.75,41.8,
665,1267,ZONE_FACULTY_CLIMATE,SM_Prop_BioLight_Column_01,-1994.01,52806.1,3468.75,182.8,
666,1269,ZONE_FACULTY_CLIMATE,SM_Prop_BioLight_Column_01,-6561.4,52769.57,2520.31,213.4,
667,1271,ZONE_FACULTY_CLIMATE,SM_Prop_SolarGlassPavement_Tile,-11013.48,52976.74,1160.79,342.5,
668,1273,ZONE_FACULTY_CLIMATE,SM_Prop_BioLight_Column_01,-15434.42,53234.03,-624.82,191.1,
669,1275,ZONE_CLEARANCE_WATERWAY,SM_Prop_Waterway_WarningBuoy_Luminescent,18149.24,56526.32,-1727.85,310.2,
670,1277,ZONE_FACULTY_CLIMATE,SM_Prop_BioLight_Column_01,14023.42,55942.71,412.09,219.3,
671,1279,ZONE_FACULTY_CLIMATE,SM_Prop_BioLight_Column_01,9361.32,56495.34,2024.1,41.7,
672,1281,ZONE_FACULTY_CLIMATE,SM_Prop_SolarGlassPavement_Tile,4739.0,56091.38,3213.17,346.7,
673,1283,ZONE_FACULTY_CLIMATE,SM_Prop_SolarGlassPavement_Tile,119.82,56215.56,3969.3,58.9,
674,1285,ZONE_FACULTY_CLIMATE,SM_Prop_BioLight_Column_01,-4524.82,56506.47,3208.17,159.2,
675,1287,ZONE_FACULTY_CLIMATE,SM_Prop_BioLight_Column_01,-9344.18,55785.71,2024.1,64.5,
676,1289,ZONE_FACULTY_CLIMATE,SM_Prop_SolarGlassPavement_Tile,-13492.1,56230.98,417.09,268.9,
677,1293,ZONE_FACULTY_CLIMATE,SM_Prop_BioLight_Column_01,14885.82,59690.18,-457.2,331.2,
678,1295,ZONE_FACULTY_CLIMATE,SM_Prop_BioLight_Column_01,11258.88,59248.99,1396.15,111.8,
679,1297,ZONE_FACULTY_CLIMATE,SM_Prop_SolarGlassPavement_Tile,6678.87,59015.16,2819.4,194.4,
680,1299,ZONE_FACULTY_CLIMATE,SM_Prop_AtmosphereBooth_01,1950.77,59114.64,3797.54,25.8,
681,1301,ZONE_FACULTY_CLIMATE,SM_Prop_SolarGlassPavement_Tile,-2530.62,59289.73,3802.54,96.4,
682,1303,ZONE_FACULTY_CLIMATE,SM_Prop_BioLight_Column_01,-6864.21,58903.91,2814.4,349.6,
683,1305,ZONE_FACULTY_CLIMATE,SM_Prop_BioLight_Column_01,-10981.03,59583.91,1396.15,132.6,
684,1307,ZONE_FACULTY_CLIMATE,SM_Prop_AtmosphereBooth_01,-15260.78,59682.1,-457.2,206.8,
685,1311,ZONE_FACULTY_CLIMATE,SM_Prop_AtmosphereBooth_01,12663.57,62253.4,653.17,162.0,
686,1313,ZONE_FACULTY_CLIMATE,SM_Prop_BioLight_Column_01,8089.49,62422.83,2296.92,35.9,
687,1315,ZONE_FACULTY_CLIMATE,SM_Prop_BioLight_Column_01,4137.34,62242.55,3503.17,68.9,
688,1317,ZONE_FACULTY_CLIMATE,SM_Prop_AtmosphereBooth_01,-249.25,62228.02,4271.92,179.5,
689,1319,ZONE_FACULTY_CLIMATE,SM_Prop_BioLight_Column_01,-4047.12,62436.06,3503.17,209.1,
690,1321,ZONE_FACULTY_CLIMATE,SM_Prop_BioLight_Column_01,-8352.36,62667.62,2296.92,160.3,
691,1323,ZONE_FACULTY_CLIMATE,SM_Prop_AtmosphereBooth_01,-12532.93,62183.58,653.17,269.1,
692,1325,ZONE_CLEARANCE_WATERWAY,SM_Prop_Waterway_WarningBuoy_Luminescent,-16041.43,62248.72,-1528.08,93.1,
693,1327,ZONE_FACULTY_CLIMATE,SM_Prop_BioLight_Column_01,13068.7,65275.69,-180.94,249.1,
694,1329,ZONE_FACULTY_CLIMATE,SM_Prop_AtmosphereBooth_01,9221.12,65327.32,1672.41,354.6,
695,1331,ZONE_FACULTY_CLIMATE,SM_Prop_SolarGlassPavement_Tile,6111.31,65434.48,3095.66,329.1,
696,1333,ZONE_FACULTY_CLIMATE,SM_Prop_BioLight_Column_01,1996.81,65715.49,4073.8,165.6,
697,1335,ZONE_FACULTY_CLIMATE,SM_Prop_SolarGlassPavement_Tile,-1536.76,65674.99,4078.8,321.0,
698,1337,ZONE_FACULTY_CLIMATE,SM_Prop_AtmosphereBooth_01,-6070.56,65425.54,3090.66,167.3,
699,1339,ZONE_FACULTY_CLIMATE,SM_Prop_BioLight_Column_01,-9233.58,65476.3,1672.41,332.6,
700,1341,ZONE_FACULTY_CLIMATE,SM_Prop_SolarGlassPavement_Tile,-13130.94,65736.65,-175.94,249.7,
701,1345,ZONE_FACULTY_CLIMATE,SM_Prop_SolarGlassPavement_Tile,10465.97,68512.74,969.61,5.5,
702,1347,ZONE_FACULTY_CLIMATE,SM_Prop_AtmosphereBooth_01,7221.68,68782.69,2576.61,117.1,
703,1349,ZONE_FACULTY_CLIMATE,SM_Prop_SolarGlassPavement_Tile,3814.56,68625.98,3765.68,48.4,
704,1351,ZONE_FACULTY_CLIMATE,SM_Prop_SolarGlassPavement_Tile,396.87,68750.28,4521.81,219.7,
705,1353,ZONE_FACULTY_CLIMATE,SM_Prop_SolarGlassPavement_Tile,-3355.06,68647.23,3765.68,43.9,
706,1355,ZONE_FACULTY_CLIMATE,SM_Prop_BioLight_Column_01,-7127.52,68477.13,2576.61,241.6,
707,1357,ZONE_FACULTY_CLIMATE,SM_Prop_AtmosphereBooth_01,-11011.96,68814.84,964.61,220.9,
708,1360,ZONE_CLEARANCE_WATERWAY,SM_Prop_Waterway_WarningBuoy_Luminescent,12686.71,71919.71,-942.39,190.6,
709,1361,ZONE_FACULTY_CLIMATE,SM_Prop_SolarGlassPavement_Tile,11668.52,72157.61,208.95,27.9,
710,1363,ZONE_FACULTY_CLIMATE,SM_Prop_BioLight_Column_01,8237.12,72063.84,1984.56,288.6,
711,1365,ZONE_FACULTY_CLIMATE,SM_Prop_SolarGlassPavement_Tile,5009.41,71832.64,3354.08,154.0,
712,1367,ZONE_FACULTY_CLIMATE,SM_Prop_SolarGlassPavement_Tile,1620.33,72208.62,4302.52,319.7,
713,1369,ZONE_FACULTY_CLIMATE,SM_Prop_SolarGlassPavement_Tile,-1488.93,71892.98,4302.52,6.1,
714,1371,ZONE_FACULTY_CLIMATE,SM_Prop_SolarGlassPavement_Tile,-4903.31,72260.56,3354.08,305.9,
715,1373,ZONE_FACULTY_CLIMATE,SM_Prop_SolarGlassPavement_Tile,-8421.07,72142.84,1989.56,24.3,
716,1375,ZONE_FACULTY_CLIMATE,SM_Prop_AtmosphereBooth_01,-11218.48,71593.66,203.95,250.9,
717,1379,ZONE_FACULTY_CLIMATE,SM_Prop_AtmosphereBooth_01,9078.29,74872.68,1344.5,310.7,
718,1381,ZONE_FACULTY_CLIMATE,SM_Prop_BioLight_Column_01,5516.53,74984.72,2862.29,100.5,
719,1383,ZONE_FACULTY_CLIMATE,SM_Prop_AtmosphereBooth_01,2970.16,75151.39,3980.41,165.9,
720,1385,ZONE_FACULTY_CLIMATE,SM_Prop_SolarGlassPavement_Tile,70.13,75411.9,4703.86,229.4,
721,1387,ZONE_FACULTY_CLIMATE,SM_Prop_BioLight_Column_01,-3053.5,75241.52,3980.41,97.3,
722,1389,ZONE_FACULTY_CLIMATE,SM_Prop_SolarGlassPavement_Tile,-5518.97,75419.8,2867.29,275.0,
723,1391,ZONE_FACULTY_CLIMATE,SM_Prop_BioLight_Column_01,-8926.56,75494.8,1344.5,347.7,
724,1395,ZONE_FACULTY_CLIMATE,SM_Prop_AtmosphereBooth_01,9176.53,78274.5,692.34,85.4,
725,1397,ZONE_FACULTY_CLIMATE,SM_Prop_BioLight_Column_01,6956.91,78152.75,2329.9,121.4,
726,1399,ZONE_FACULTY_CLIMATE,SM_Prop_BioLight_Column_01,3855.6,78521.62,3588.58,350.9,
727,1401,ZONE_FACULTY_CLIMATE,SM_Prop_SolarGlassPavement_Tile,1430.91,77896.17,4473.38,312.6,
728,1403,ZONE_FACULTY_CLIMATE,SM_Prop_BioLight_Column_01,-1547.42,78472.32,4468.38,298.8,
729,1405,ZONE_FACULTY_CLIMATE,SM_Prop_BioLight_Column_01,-3918.28,78600.79,3588.58,220.3,
730,1407,ZONE_FACULTY_CLIMATE,SM_Prop_BioLight_Column_01,-6945.35,78570.49,2329.9,218.1,
731,1409,ZONE_FACULTY_CLIMATE,SM_Prop_BioLight_Column_01,-8840.86,78454.87,692.34,280.8,
732,1410,ZONE_CLEARANCE_WATERWAY,SM_Prop_Waterway_WarningBuoy_Luminescent,-10700.23,77883.62,-368.53,115.2,
733,1413,ZONE_FACULTY_CLIMATE,SM_Prop_SolarGlassPavement_Tile,7361.09,81739.44,1792.16,143.1,
734,1415,ZONE_FACULTY_CLIMATE,SM_Prop_SolarGlassPavement_Tile,4652.46,81199.12,3156.24,155.9,
735,1417,ZONE_FACULTY_CLIMATE,SM_Prop_SolarGlassPavement_Tile,2160.66,81359.9,4166.38,68.0,
736,1419,ZONE_FACULTY_CLIMATE,SM_Prop_BioLight_Column_01,-160.63,81455.89,4817.57,303.8,
737,1421,ZONE_FACULTY_CLIMATE,SM_Prop_AtmosphereBooth_01,-2477.11,81669.93,4161.38,344.6,
738,1423,ZONE_FACULTY_CLIMATE,SM_Prop_SolarGlassPavement_Tile,-4676.19,81415.83,3156.24,252.8,
739,1425,ZONE_FACULTY_CLIMATE,SM_Prop_AtmosphereBooth_01,-6840.94,81156.1,1787.16,263.2,
740,1429,ZONE_FACULTY_CLIMATE,SM_Prop_SolarGlassPavement_Tile,7441.36,84935.11,1235.47,350.5,
741,1431,ZONE_FACULTY_CLIMATE,SM_Prop_BioLight_Column_01,4980.22,84426.9,2610.33,6.9,
742,1433,ZONE_FACULTY_CLIMATE,SM_Prop_AtmosphereBooth_01,2728.99,84209.74,3676.21,79.6,
743,1435,ZONE_FACULTY_CLIMATE,SM_Prop_SolarGlassPavement_Tile,791.06,84642.24,4433.12,330.2,
744,1437,ZONE_FACULTY_CLIMATE,SM_Prop_BioLight_Column_01,-1033.01,84757.41,4428.12,95.4,
745,1439,ZONE_FACULTY_CLIMATE,SM_Prop_SolarGlassPavement_Tile,-3062.06,84362.89,3681.21,344.5,
746,1441,ZONE_FACULTY_CLIMATE,SM_Prop_AtmosphereBooth_01,-5343.32,84422.89,2610.33,321.1,
747,1443,ZONE_FACULTY_CLIMATE,SM_Prop_SolarGlassPavement_Tile,-7126.0,84435.6,1235.47,139.6,
748,1445,ZONE_CLEARANCE_WATERWAY,SM_Prop_Waterway_WarningBuoy_Luminescent,6995.7,87868.75,629.61,286.1,
749,1447,ZONE_FACULTY_CLIMATE,SM_Prop_AtmosphereBooth_01,4874.97,88055.48,1995.05,334.0,
750,1449,ZONE_FACULTY_CLIMATE,SM_Prop_BioLight_Column_01,3102.33,87925.3,3004.68,194.0,
751,1451,ZONE_FACULTY_CLIMATE,SM_Prop_AtmosphereBooth_01,1961.21,87855.95,3758.51,113.2,
752,1453,ZONE_FACULTY_CLIMATE,SM_Prop_BioLight_Column_01,119.63,87406.36,4256.54,307.2,
753,1455,ZONE_FACULTY_CLIMATE,SM_Prop_SolarGlassPavement_Tile,-2087.19,87387.67,3763.51,143.0,
754,1457,ZONE_FACULTY_CLIMATE,SM_Prop_BioLight_Column_01,-3056.27,87380.29,3004.68,149.2,
755,1459,ZONE_FACULTY_CLIMATE,SM_Prop_BioLight_Column_01,-5540.21,88044.2,1995.05,197.4,
756,1463,ZONE_FACULTY_CLIMATE,SM_Prop_SolarGlassPavement_Tile,4955.12,91275.32,1438.09,128.7,
757,1465,ZONE_FACULTY_CLIMATE,SM_Prop_SolarGlassPavement_Tile,3239.19,90931.15,2297.97,192.3,
758,1467,ZONE_FACULTY_CLIMATE,SM_Prop_AtmosphereBooth_01,1901.31,90634.37,2962.36,120.8,
759,1469,ZONE_FACULTY_CLIMATE,SM_Prop_BioLight_Column_01,338.75,91201.79,3441.26,320.5,
760,1471,ZONE_FACULTY_CLIMATE,SM_Prop_SolarGlassPavement_Tile,-943.03,90905.58,3446.26,291.8,
761,1473,ZONE_FACULTY_CLIMATE,SM_Prop_BioLight_Column_01,-2073.32,90797.24,2962.36,280.6,
762,1475,ZONE_FACULTY_CLIMATE,SM_Prop_SolarGlassPavement_Tile,-3420.9,90720.86,2297.97,213.5,
763,1477,ZONE_FACULTY_CLIMATE,SM_Prop_BioLight_Column_01,-5290.49,91244.08,1433.09,41.4,
764,1481,ZONE_FACULTY_CLIMATE,SM_Prop_BioLight_Column_01,3537.15,93868.0,1643.64,54.7,
765,1483,ZONE_FACULTY_CLIMATE,SM_Prop_SolarGlassPavement_Tile,2114.08,94458.37,2171.81,350.3,
766,1485,ZONE_FACULTY_CLIMATE,SM_Prop_SolarGlassPavement_Tile,1128.47,93832.99,2567.44,297.9,
767,1487,ZONE_FACULTY_CLIMATE,SM_Prop_SolarGlassPavement_Tile,17.75,93822.13,2835.55,129.7,
768,1489,ZONE_FACULTY_CLIMATE,SM_Prop_AtmosphereBooth_01,-1083.46,94120.88,2562.44,278.4,
769,1491,ZONE_FACULTY_CLIMATE,SM_Prop_AtmosphereBooth_01,-2679.0,93928.52,2166.81,44.3,
770,1493,ZONE_FACULTY_CLIMATE,SM_Prop_BioLight_Column_01,-3710.48,94189.51,1643.64,334.7,
771,1495,ZONE_CLEARANCE_WATERWAY,SM_Prop_Waterway_WarningBuoy_Luminescent,-4724.43,93846.84,892.95,328.6,
772,1497,ZONE_HARBOR_BERTH,SM_Prop_Submersible_MooringClamp,3402.42,97392.16,1057.01,40.0,
773,1498,ZONE_HARBOR_BERTH,SM_Prop_Harbor_Bollard_Heavy,2741.86,97510.96,1291.5,354.7,
774,1499,ZONE_HARBOR_BERTH,SM_Prop_Harbor_Bollard_Heavy,2436.61,96858.38,1457.44,235.9,
775,1500,ZONE_HARBOR_BERTH,SM_Prop_Harbor_Bollard_Heavy,2011.03,97207.15,1604.83,134.3,
776,1501,ZONE_HARBOR_BERTH,SM_Prop_Harbor_Bollard_Heavy,1578.65,97418.72,1733.66,26.3,
777,1502,ZONE_HARBOR_BERTH,SM_Prop_Submersible_MooringClamp,1162.33,96951.91,1793.94,273.7,
778,1503,ZONE_HARBOR_BERTH,SM_Prop_OceanSensorBeacon,534.18,97197.42,1935.68,101.6,
779,1504,ZONE_HARBOR_BERTH,SM_Prop_Submersible_MooringClamp,56.17,97088.24,1958.86,344.7,
780,1505,ZONE_HARBOR_BERTH,SM_Prop_OceanSensorBeacon,-749.35,97186.12,1935.68,239.1,
781,1506,ZONE_HARBOR_BERTH,SM_Prop_Harbor_Bollard_Heavy,-859.89,96880.93,1843.94,20.1,
782,1507,ZONE_HARBOR_BERTH,SM_Prop_Harbor_Bollard_Heavy,-1687.21,96948.38,1733.66,340.3,
783,1508,ZONE_HARBOR_BERTH,SM_Prop_Harbor_Bollard_Heavy,-1345.68,97031.61,1604.83,138.2,
784,1509,ZONE_HARBOR_BERTH,SM_Prop_Submersible_MooringClamp,-1778.44,97322.66,1407.44,217.8,
785,1510,ZONE_HARBOR_BERTH,SM_Prop_Harbor_Bollard_Heavy,-2395.2,97541.24,1291.5,76.7,
786,1511,ZONE_HARBOR_BERTH,SM_Prop_OceanSensorBeacon,-3102.79,97542.94,1107.01,324.7,
787,1514,ZONE_HARBOR_BERTH,SM_Prop_Submersible_MooringClamp,1983.84,100281.39,735.44,182.5,
788,1515,ZONE_HARBOR_BERTH,SM_Prop_OceanSensorBeacon,2036.13,100129.24,875.63,12.0,
789,1516,ZONE_HARBOR_BERTH,SM_Prop_OceanSensorBeacon,1284.74,100523.61,957.06,66.4,
790,1517,ZONE_HARBOR_BERTH,SM_Prop_Submersible_MooringClamp,1082.57,100095.57,979.72,273.5,
791,1518,ZONE_HARBOR_BERTH,SM_Prop_Submersible_MooringClamp,1064.74,100432.74,1043.62,13.8,
792,1519,ZONE_HARBOR_BERTH,SM_Prop_OceanSensorBeacon,975.01,100602.88,1148.76,256.9,
793,1520,ZONE_HARBOR_BERTH,SM_Prop_Harbor_Bollard_Heavy,45.53,100140.95,1195.14,315.0,
794,1521,ZONE_HARBOR_BERTH,SM_Prop_Submersible_MooringClamp,-94.06,100376.22,1182.75,117.4,
795,1522,ZONE_HARBOR_BERTH,SM_Prop_Harbor_Bollard_Heavy,-15.78,100456.77,1195.14,334.5,
796,1523,ZONE_HARBOR_BERTH,SM_Prop_OceanSensorBeacon,-883.9,100706.22,1148.76,192.5,
797,1524,ZONE_HARBOR_BERTH,SM_Prop_Submersible_MooringClamp,-579.67,100719.63,1043.62,219.2,
798,1525,ZONE_HARBOR_BERTH,SM_Prop_OceanSensorBeacon,-1209.87,100192.24,1029.72,56.1,
799,1526,ZONE_HARBOR_BERTH,SM_Prop_Harbor_Bollard_Heavy,-1344.73,100598.36,957.06,23.4,
800,1527,ZONE_HARBOR_BERTH,SM_Prop_Harbor_Bollard_Heavy,-1618.93,100246.99,875.63,10.7,
801,1528,ZONE_HARBOR_BERTH,SM_Prop_Harbor_Bollard_Heavy,-2174.46,100368.7,785.44,269.0,
802,1530,ZONE_CLEARANCE_WATERWAY,SM_Prop_Waterway_WarningBuoy_Luminescent,1542.64,103812.23,296.26,326.2,
803,1531,ZONE_HARBOR_BERTH,SM_Prop_Submersible_MooringClamp,1008.42,103347.12,380.28,45.8,
804,1532,ZONE_HARBOR_BERTH,SM_Prop_Submersible_MooringClamp,1308.35,103377.42,411.44,71.6,
805,1533,ZONE_HARBOR_BERTH,SM_Prop_Harbor_Bollard_Heavy,808.14,103485.45,489.73,215.8,
806,1534,ZONE_HARBOR_BERTH,SM_Prop_Submersible_MooringClamp,1119.89,103344.95,465.14,189.3,
807,1535,ZONE_HARBOR_BERTH,SM_Prop_Harbor_Bollard_Heavy,387.26,103387.89,537.69,11.7,
808,1536,ZONE_HARBOR_BERTH,SM_Prop_Submersible_MooringClamp,692.64,103257.77,507.37,330.1,
809,1537,ZONE_HARBOR_BERTH,SM_Prop_OceanSensorBeacon,559.05,103807.07,574.18,231.4,
810,1538,ZONE_HARBOR_BERTH,SM_Prop_Harbor_Bollard_Heavy,43.35,103384.13,588.11,167.3,
811,1539,ZONE_HARBOR_BERTH,SM_Prop_Submersible_MooringClamp,-414.02,103434.91,524.18,164.7,
812,1540,ZONE_HARBOR_BERTH,SM_Prop_Harbor_Bollard_Heavy,-327.58,103883.36,557.37,183.3,
813,1541,ZONE_HARBOR_BERTH,SM_Prop_Submersible_MooringClamp,-859.62,103471.25,487.69,336.6,
814,1542,ZONE_HARBOR_BERTH,SM_Prop_OceanSensorBeacon,-603.37,103195.63,515.14,129.9,
815,1543,ZONE_HARBOR_BERTH,SM_Prop_Submersible_MooringClamp,-887.71,103464.03,439.73,93.4,
816,1544,ZONE_HARBOR_BERTH,SM_Prop_Harbor_Bollard_Heavy,-1491.83,103740.18,461.44,157.5,
817,1545,ZONE_HARBOR_BERTH,SM_Prop_Harbor_Bollard_Heavy,-1541.16,103300.66,430.28,64.9,
818,1548,ZONE_HARBOR_BERTH,SM_Prop_Harbor_Bollard_Heavy,507.46,106590.9,129.94,44.3,
819,1549,ZONE_HARBOR_BERTH,SM_Prop_Harbor_Bollard_Heavy,759.78,106863.15,134.66,8.2,
820,1550,ZONE_HARBOR_BERTH,SM_Prop_OceanSensorBeacon,274.77,107132.49,138.99,267.8,
821,1551,ZONE_HARBOR_BERTH,SM_Prop_Harbor_Bollard_Heavy,279.87,106561.44,142.93,193.6,
822,1552,ZONE_HARBOR_BERTH,SM_Prop_Submersible_MooringClamp,106.32,106622.05,96.47,161.2,
823,1553,ZONE_HARBOR_BERTH,SM_Prop_OceanSensorBeacon,394.71,106709.47,149.62,172.5,
824,1554,ZONE_HARBOR_BERTH,SM_Prop_OceanSensorBeacon,-22.5,106641.6,152.38,347.8,
825,1555,ZONE_HARBOR_BERTH,SM_Prop_Submersible_MooringClamp,-50.9,106933.32,104.75,81.5,
826,1556,ZONE_HARBOR_BERTH,SM_Prop_Harbor_Bollard_Heavy,262.0,106898.31,152.38,242.1,
827,1557,ZONE_HARBOR_BERTH,SM_Prop_Submersible_MooringClamp,-253.72,106355.42,99.62,69.9,
828,1558,ZONE_HARBOR_BERTH,SM_Prop_Submersible_MooringClamp,138.78,106766.5,96.47,180.1,
829,1559,ZONE_HARBOR_BERTH,SM_Prop_OceanSensorBeacon,-499.95,106371.5,142.93,101.4,
830,1560,ZONE_HARBOR_BERTH,SM_Prop_Submersible_MooringClamp,-111.38,107124.0,88.99,192.4,
831,1561,ZONE_HARBOR_BERTH,SM_Prop_Submersible_MooringClamp,-146.62,106367.62,84.66,254.3,
832,1562,ZONE_HARBOR_BERTH,SM_Prop_Submersible_MooringClamp,-712.29,106559.48,79.94,126.7,
833,1565,ZONE_HARBOR_BERTH,SM_Prop_Harbor_Bollard_Heavy,196.03,109607.68,0.0,347.6,
834,1566,ZONE_HARBOR_BERTH,SM_Prop_OceanSensorBeacon,381.81,110298.12,0.0,359.3,
835,1567,ZONE_HARBOR_BERTH,SM_Prop_OceanSensorBeacon,375.61,110011.63,0.0,328.5,
836,1568,ZONE_HARBOR_BERTH,SM_Prop_Harbor_Bollard_Heavy,-168.67,110116.24,0.0,70.0,
837,1569,ZONE_HARBOR_BERTH,SM_Prop_Submersible_MooringClamp,-20.35,109612.19,-50.0,119.6,
838,1570,ZONE_HARBOR_BERTH,SM_Prop_Harbor_Bollard_Heavy,246.74,110173.86,0.0,43.1,
839,1571,ZONE_HARBOR_BERTH,SM_Prop_Harbor_Bollard_Heavy,353.02,110265.59,0.0,127.5,
840,1572,ZONE_HARBOR_BERTH,SM_Prop_Submersible_MooringClamp,61.2,109627.16,-50.0,85.0,
841,1573,ZONE_HARBOR_BERTH,SM_Prop_OceanSensorBeacon,371.85,109720.21,0.0,7.3,
842,1574,ZONE_HARBOR_BERTH,SM_Prop_OceanSensorBeacon,164.16,109962.45,0.0,225.4,
843,1575,ZONE_HARBOR_BERTH,SM_Prop_OceanSensorBeacon,-290.21,110261.54,0.0,25.4,
844,1576,ZONE_HARBOR_BERTH,SM_Prop_Submersible_MooringClamp,-88.26,109859.57,-50.0,229.9,
845,1577,ZONE_HARBOR_BERTH,SM_Prop_Harbor_Bollard_Heavy,116.48,109675.19,0.0,81.2,
846,1578,ZONE_HARBOR_BERTH,SM_Prop_OceanSensorBeacon,-241.45,109915.73,0.0,311.3,
847,1579,ZONE_HARBOR_BERTH,SM_Prop_OceanSensorBeacon,351.56,110281.35,0.0,255.9,
848,1580,ZONE_CLEARANCE_WATERWAY,SM_Prop_Waterway_WarningBuoy_Luminescent,-322.53,110040.5,-100.0,72.6,
849,1583,ZONE_FACULTY_MEGASTRUCT,SM_Prop_AtmosphereBooth_01,-10260.7,10227.98,0.0,343.1,
850,1585,ZONE_FACULTY_MEGASTRUCT,SM_Prop_BioLight_Column_01,-10478.98,10635.88,0.0,25.9,
851,1587,ZONE_FACULTY_MEGASTRUCT,SM_Prop_BioLight_Column_01,-10395.98,10690.9,0.0,87.6,
852,1589,ZONE_FACULTY_MEGASTRUCT,SM_Prop_BioLight_Column_01,-10895.21,11002.34,0.0,80.4,
853,1591,ZONE_FACULTY_MEGASTRUCT,SM_Prop_SolarGlassPavement_Tile,-10608.37,10921.77,5.0,42.0,
854,1593,ZONE_FACULTY_MEGASTRUCT,SM_Prop_SolarGlassPavement_Tile,-10332.39,10790.91,5.0,193.2,
855,1595,ZONE_FACULTY_MEGASTRUCT,SM_Prop_SolarGlassPavement_Tile,-10722.35,10421.36,5.0,306.7,
856,1599,ZONE_FACULTY_MEGASTRUCT,SM_Prop_AtmosphereBooth_01,-10276.29,15951.57,-78.61,65.3,
857,1601,ZONE_FACULTY_MEGASTRUCT,SM_Prop_AtmosphereBooth_01,-10726.29,15218.4,185.31,306.3,
858,1603,ZONE_FACULTY_MEGASTRUCT,SM_Prop_BioLight_Column_01,-11287.27,14054.36,403.5,19.7,
859,1605,ZONE_FACULTY_MEGASTRUCT,SM_Prop_AtmosphereBooth_01,-12070.37,13373.01,575.95,43.8,
860,1607,ZONE_FACULTY_MEGASTRUCT,SM_Prop_AtmosphereBooth_01,-13029.99,12221.13,575.95,151.0,
861,1609,ZONE_FACULTY_MEGASTRUCT,SM_Prop_SolarGlassPavement_Tile,-14003.79,11553.01,408.5,240.8,
862,1611,ZONE_FACULTY_MEGASTRUCT,SM_Prop_SolarGlassPavement_Tile,-14695.52,10774.36,190.31,124.1,
863,1613,ZONE_FACULTY_MEGASTRUCT,SM_Prop_SolarGlassPavement_Tile,-16147.43,10094.62,-73.61,260.0,
864,1615,ZONE_CLEARANCE_WATERWAY,SM_Prop_Waterway_WarningBuoy_Luminescent,-10968.66,18950.82,-551.43,46.5,
865,1617,ZONE_FACULTY_MEGASTRUCT,SM_Prop_BioLight_Column_01,-11766.47,18086.91,65.08,313.3,
866,1619,ZONE_FACULTY_MEGASTRUCT,SM_Prop_SolarGlassPavement_Tile,-12627.4,17273.7,495.62,241.5,
867,1621,ZONE_FACULTY_MEGASTRUCT,SM_Prop_AtmosphereBooth_01,-14068.3,15912.32,825.21,63.0,
868,1623,ZONE_FACULTY_MEGASTRUCT,SM_Prop_SolarGlassPavement_Tile,-14790.18,15413.45,1073.84,222.2,
869,1625,ZONE_FACULTY_MEGASTRUCT,SM_Prop_BioLight_Column_01,-15758.28,13893.33,825.21,45.7,
870,1627,ZONE_FACULTY_MEGASTRUCT,SM_Prop_SolarGlassPavement_Tile,-16790.87,13207.66,495.62,174.3,
871,1629,ZONE_FACULTY_MEGASTRUCT,SM_Prop_SolarGlassPavement_Tile,-18487.3,12237.18,70.08,59.3,
872,1633,ZONE_FACULTY_MEGASTRUCT,SM_Prop_BioLight_Column_01,-12932.29,21878.2,-285.5,201.1,
873,1635,ZONE_FACULTY_MEGASTRUCT,SM_Prop_AtmosphereBooth_01,-14311.72,20596.42,376.44,259.9,
874,1637,ZONE_FACULTY_MEGASTRUCT,SM_Prop_SolarGlassPavement_Tile,-15435.6,19527.14,908.19,339.8,
875,1639,ZONE_FACULTY_MEGASTRUCT,SM_Prop_BioLight_Column_01,-16984.18,18043.24,1294.75,271.5,
876,1641,ZONE_FACULTY_MEGASTRUCT,SM_Prop_BioLight_Column_01,-18329.67,16844.41,1294.75,212.0,
877,1643,ZONE_FACULTY_MEGASTRUCT,SM_Prop_SolarGlassPavement_Tile,-19496.47,15604.58,908.19,201.9,
878,1645,ZONE_FACULTY_MEGASTRUCT,SM_Prop_SolarGlassPavement_Tile,-20232.73,14094.5,381.44,267.6,
879,1647,ZONE_FACULTY_MEGASTRUCT,SM_Prop_BioLight_Column_01,-21354.26,13175.65,-285.5,183.9,
880,1651,ZONE_FACULTY_MEGASTRUCT,SM_Prop_BioLight_Column_01,-15232.61,23767.76,58.24,147.4,
881,1653,ZONE_FACULTY_MEGASTRUCT,SM_Prop_AtmosphereBooth_01,-16484.75,22664.58,809.6,106.7,
882,1655,ZONE_FACULTY_MEGASTRUCT,SM_Prop_BioLight_Column_01,-18270.09,20748.46,1383.01,306.3,
883,1657,ZONE_FACULTY_MEGASTRUCT,SM_Prop_SolarGlassPavement_Tile,-19652.87,19368.23,1783.47,73.8,
884,1659,ZONE_FACULTY_MEGASTRUCT,SM_Prop_SolarGlassPavement_Tile,-20787.02,18107.38,1388.01,106.2,
885,1661,ZONE_FACULTY_MEGASTRUCT,SM_Prop_BioLight_Column_01,-22849.02,16351.54,809.6,342.7,
886,1663,ZONE_FACULTY_MEGASTRUCT,SM_Prop_SolarGlassPavement_Tile,-24245.52,15469.68,63.24,43.2,
887,1665,ZONE_CLEARANCE_WATERWAY,SM_Prop_Waterway_WarningBuoy_Luminescent,-25720.98,13474.84,-971.07,295.2,
888,1667,ZONE_FACULTY_MEGASTRUCT,SM_Prop_BioLight_Column_01,-15591.53,28079.49,-473.95,88.6,
889,1669,ZONE_FACULTY_MEGASTRUCT,SM_Prop_SolarGlassPavement_Tile,-17796.54,25705.08,537.8,2.7,
890,1671,ZONE_FACULTY_MEGASTRUCT,SM_Prop_SolarGlassPavement_Tile,-19498.62,24501.63,1325.81,130.2,
891,1673,ZONE_FACULTY_MEGASTRUCT,SM_Prop_SolarGlassPavement_Tile,-20799.02,22781.39,1895.06,88.4,
892,1675,ZONE_FACULTY_MEGASTRUCT,SM_Prop_BioLight_Column_01,-22528.17,20791.45,1890.06,38.7,
893,1677,ZONE_FACULTY_MEGASTRUCT,SM_Prop_BioLight_Column_01,-24101.24,19177.75,1320.81,249.0,
894,1679,ZONE_FACULTY_MEGASTRUCT,SM_Prop_BioLight_Column_01,-25790.45,17595.77,532.8,267.4,
895,1681,ZONE_FACULTY_MEGASTRUCT,SM_Prop_BioLight_Column_01,-27565.06,15697.69,-473.95,172.0,
896,1685,ZONE_FACULTY_MEGASTRUCT,SM_Prop_SolarGlassPavement_Tile,-18447.99,29858.6,65.93,21.2,
897,1687,ZONE_FACULTY_MEGASTRUCT,SM_Prop_BioLight_Column_01,-20552.79,27632.73,1093.18,174.3,
898,1689,ZONE_FACULTY_MEGASTRUCT,SM_Prop_AtmosphereBooth_01,-21817.07,26003.52,1868.28,350.3,
899,1691,ZONE_FACULTY_MEGASTRUCT,SM_Prop_SolarGlassPavement_Tile,-23811.63,24410.29,2391.22,338.1,
900,1693,ZONE_FACULTY_MEGASTRUCT,SM_Prop_SolarGlassPavement_Tile,-26037.07,21732.1,1873.28,121.3,
901,1695,ZONE_FACULTY_MEGASTRUCT,SM_Prop_AtmosphereBooth_01,-27491.04,20215.42,1093.18,74.4,
902,1697,ZONE_FACULTY_MEGASTRUCT,SM_Prop_SolarGlassPavement_Tile,-29518.39,18452.15,65.93,191.8,
903,1700,ZONE_CLEARANCE_WATERWAY,SM_Prop_Waterway_WarningBuoy_Luminescent,-17485.88,34701.16,-1475.06,66.6,
904,1701,ZONE_FACULTY_MEGASTRUCT,SM_Prop_SolarGlassPavement_Tile,-19097.5,33772.25,-609.37,211.5,
905,1703,ZONE_FACULTY_MEGASTRUCT,SM_Prop_BioLight_Column_01,-21257.04,31472.66,687.45,276.1,
906,1705,ZONE_FACULTY_MEGASTRUCT,SM_Prop_AtmosphereBooth_01,-22767.62,29084.29,1696.53,302.9,
907,1707,ZONE_FACULTY_MEGASTRUCT,SM_Prop_BioLight_Column_01,-24969.61,26977.6,2412.87,295.6,
908,1709,ZONE_FACULTY_MEGASTRUCT,SM_Prop_SolarGlassPavement_Tile,-27613.88,25521.44,2417.87,145.6,
909,1711,ZONE_FACULTY_MEGASTRUCT,SM_Prop_SolarGlassPavement_Tile,-29516.04,23314.85,1701.53,328.8,
910,1713,ZONE_FACULTY_MEGASTRUCT,SM_Prop_SolarGlassPavement_Tile,-31904.53,20595.4,692.45,43.3,
911,1715,ZONE_FACULTY_MEGASTRUCT,SM_Prop_SolarGlassPavement_Tile,-33870.66,19156.1,-609.37,2.5,
912,1719,ZONE_FACULTY_MEGASTRUCT,SM_Prop_SolarGlassPavement_Tile,-21148.22,35712.93,100.44,132.5,
913,1721,ZONE_FACULTY_MEGASTRUCT,SM_Prop_SolarGlassPavement_Tile,-23461.6,33018.01,1366.74,118.9,
914,1723,ZONE_FACULTY_MEGASTRUCT,SM_Prop_BioLight_Column_01,-26102.78,30449.95,2302.91,67.5,
915,1725,ZONE_FACULTY_MEGASTRUCT,SM_Prop_AtmosphereBooth_01,-28332.22,28555.17,2918.95,116.2,
916,1727,ZONE_FACULTY_MEGASTRUCT,SM_Prop_SolarGlassPavement_Tile,-30613.85,26154.46,2307.91,11.3,
917,1729,ZONE_FACULTY_MEGASTRUCT,SM_Prop_BioLight_Column_01,-32992.61,24118.28,1361.74,268.7,
918,1731,ZONE_FACULTY_MEGASTRUCT,SM_Prop_BioLight_Column_01,-35137.18,21583.19,95.44,107.2,
919,1735,ZONE_FACULTY_MEGASTRUCT,SM_Prop_SolarGlassPavement_Tile,-22123.3,39273.27,-680.15,358.9,
920,1737,ZONE_FACULTY_MEGASTRUCT,SM_Prop_SolarGlassPavement_Tile,-24510.54,36844.14,860.9,219.4,
921,1739,ZONE_FACULTY_MEGASTRUCT,SM_Prop_AtmosphereBooth_01,-26806.7,34926.16,2043.02,50.8,
922,1741,ZONE_FACULTY_MEGASTRUCT,SM_Prop_BioLight_Column_01,-29688.57,32386.67,2876.18,136.2,
923,1743,ZONE_FACULTY_MEGASTRUCT,SM_Prop_AtmosphereBooth_01,-32055.3,29707.37,2876.18,268.8,
924,1745,ZONE_FACULTY_MEGASTRUCT,SM_Prop_BioLight_Column_01,-34661.44,26904.18,2043.02,26.8,
925,1747,ZONE_FACULTY_MEGASTRUCT,SM_Prop_SolarGlassPavement_Tile,-36753.77,24366.6,860.9,198.3,
926,1749,ZONE_FACULTY_MEGASTRUCT,SM_Prop_BioLight_Column_01,-39528.56,21741.79,-685.15,28.0,
927,1750,ZONE_CLEARANCE_WATERWAY,SM_Prop_Waterway_WarningBuoy_Luminescent,-40740.65,20300.73,-1688.41,15.8,
928,1753,ZONE_FACULTY_MEGASTRUCT,SM_Prop_BioLight_Column_01,-25093.56,41618.46,177.2,170.5,
929,1755,ZONE_FACULTY_MEGASTRUCT,SM_Prop_BioLight_Column_01,-27607.69,38634.95,1625.32,166.5,
930,1757,ZONE_FACULTY_MEGASTRUCT,SM_Prop_SolarGlassPavement_Tile,-30532.61,35821.35,2699.56,292.1,
931,1759,ZONE_FACULTY_MEGASTRUCT,SM_Prop_SolarGlassPavement_Tile,-32918.2,32714.63,3389.91,19.4,
932,1761,ZONE_FACULTY_MEGASTRUCT,SM_Prop_BioLight_Column_01,-35754.82,30417.64,2694.56,356.8,
933,1763,ZONE_FACULTY_MEGASTRUCT,SM_Prop_BioLight_Column_01,-38701.18,27064.99,1625.32,194.4,
934,1765,ZONE_FACULTY_MEGASTRUCT,SM_Prop_SolarGlassPavement_Tile,-41122.38,25065.29,182.2,226.5,
935,1769,ZONE_FACULTY_MEGASTRUCT,SM_Prop_SolarGlassPavement_Tile,-24805.56,45291.28,-664.3,230.7,
936,1771,ZONE_FACULTY_MEGASTRUCT,SM_Prop_BioLight_Column_01,-28016.84,42327.18,1048.33,235.2,
937,1773,ZONE_FACULTY_MEGASTRUCT,SM_Prop_BioLight_Column_01,-30523.74,39590.67,2366.29,190.9,
938,1775,ZONE_FACULTY_MEGASTRUCT,SM_Prop_SolarGlassPavement_Tile,-33737.27,36900.05,3289.57,201.8,
939,1777,ZONE_FACULTY_MEGASTRUCT,SM_Prop_BioLight_Column_01,-36334.01,34117.76,3284.57,306.9,
940,1779,ZONE_FACULTY_MEGASTRUCT,SM_Prop_SolarGlassPavement_Tile,-39341.93,30596.96,2371.29,107.3,
941,1781,ZONE_FACULTY_MEGASTRUCT,SM_Prop_AtmosphereBooth_01,-42729.02,27699.28,1048.33,87.9,
942,1783,ZONE_FACULTY_MEGASTRUCT,SM_Prop_SolarGlassPavement_Tile,-45562.78,24977.09,-664.3,336.4,
943,1785,ZONE_CLEARANCE_WATERWAY,SM_Prop_Waterway_WarningBuoy_Luminescent,-24335.42,49809.7,-1771.16,194.3,
944,1787,ZONE_FACULTY_MEGASTRUCT,SM_Prop_AtmosphereBooth_01,-27636.3,47042.25,317.49,82.4,
945,1789,ZONE_FACULTY_MEGASTRUCT,SM_Prop_SolarGlassPavement_Tile,-30897.07,44041.1,1895.06,106.5,
946,1791,ZONE_FACULTY_MEGASTRUCT,SM_Prop_BioLight_Column_01,-34323.13,40567.66,3046.54,17.5,
947,1793,ZONE_FACULTY_MEGASTRUCT,SM_Prop_BioLight_Column_01,-37319.78,37298.48,3786.93,40.3,
948,1795,ZONE_FACULTY_MEGASTRUCT,SM_Prop_BioLight_Column_01,-40496.52,34149.32,3046.54,206.7,
949,1797,ZONE_FACULTY_MEGASTRUCT,SM_Prop_SolarGlassPavement_Tile,-44182.85,30876.46,1895.06,144.2,
950,1799,ZONE_FACULTY_MEGASTRUCT,SM_Prop_AtmosphereBooth_01,-47297.12,27945.11,317.49,19.7,
951,1803,ZONE_FACULTY_MEGASTRUCT,SM_Prop_SolarGlassPavement_Tile,-28501.56,50870.47,-549.39,187.2,
952,1805,ZONE_FACULTY_MEGASTRUCT,SM_Prop_BioLight_Column_01,-31209.87,47815.27,1271.59,359.9,
953,1807,ZONE_FACULTY_MEGASTRUCT,SM_Prop_BioLight_Column_01,-34694.4,44213.53,2669.63,39.2,
954,1809,ZONE_FACULTY_MEGASTRUCT,SM_Prop_SolarGlassPavement_Tile,-38433.8,41401.21,3644.72,206.9,
955,1811,ZONE_FACULTY_MEGASTRUCT,SM_Prop_BioLight_Column_01,-41549.59,37968.66,3639.72,357.8,
956,1813,ZONE_FACULTY_MEGASTRUCT,SM_Prop_BioLight_Column_01,-44881.82,34949.0,2669.63,102.1,
957,1815,ZONE_FACULTY_MEGASTRUCT,SM_Prop_BioLight_Column_01,-48072.25,31519.16,1271.59,197.7,
958,1817,ZONE_FACULTY_MEGASTRUCT,SM_Prop_BioLight_Column_01,-50758.38,28365.98,-554.39,125.0,
959,1821,ZONE_FACULTY_MEGASTRUCT,SM_Prop_BioLight_Column_01,-32650.06,51079.24,523.87,294.5,
960,1823,ZONE_FACULTY_MEGASTRUCT,SM_Prop_AtmosphereBooth_01,-35882.64,48111.78,2159.67,199.3,
961,1825,ZONE_FACULTY_MEGASTRUCT,SM_Prop_BioLight_Column_01,-39232.15,44645.81,3360.36,67.9,
962,1827,ZONE_FACULTY_MEGASTRUCT,SM_Prop_SolarGlassPavement_Tile,-41904.2,41793.82,4130.95,230.5,
963,1829,ZONE_FACULTY_MEGASTRUCT,SM_Prop_AtmosphereBooth_01,-44941.14,38665.66,3360.36,257.2,
964,1831,ZONE_FACULTY_MEGASTRUCT,SM_Prop_BioLight_Column_01,-48017.5,35446.12,2159.67,200.8,
965,1833,ZONE_FACULTY_MEGASTRUCT,SM_Prop_BioLight_Column_01,-51308.67,32951.64,523.87,180.1,
966,1835,ZONE_CLEARANCE_WATERWAY,SM_Prop_Waterway_WarningBuoy_Luminescent,-54215.84,29616.43,-1647.03,92.3,
967,1837,ZONE_FACULTY_MEGASTRUCT,SM_Prop_SolarGlassPavement_Tile,-33988.47,54038.82,-327.77,319.9,
968,1839,ZONE_FACULTY_MEGASTRUCT,SM_Prop_BioLight_Column_01,-37211.4,51175.49,1529.73,88.0,
969,1841,ZONE_FACULTY_MEGASTRUCT,SM_Prop_AtmosphereBooth_01,-39998.89,48686.93,2954.73,346.1,
970,1843,ZONE_FACULTY_MEGASTRUCT,SM_Prop_BioLight_Column_01,-42560.87,45927.04,3942.23,323.6,
971,1845,ZONE_FACULTY_MEGASTRUCT,SM_Prop_BioLight_Column_01,-45806.95,42864.15,3942.23,251.5,
972,1847,ZONE_FACULTY_MEGASTRUCT,SM_Prop_SolarGlassPavement_Tile,-48639.2,39673.85,2959.73,314.3,
973,1849,ZONE_FACULTY_MEGASTRUCT,SM_Prop_SolarGlassPavement_Tile,-51351.59,37308.0,1534.73,321.6,
974,1851,ZONE_FACULTY_MEGASTRUCT,SM_Prop_SolarGlassPavement_Tile,-54179.74,34238.83,-327.77,85.8,
975,1855,ZONE_FACULTY_MEGASTRUCT,SM_Prop_BioLight_Column_01,-38540.6,54371.06,800.12,0.9,
976,1857,ZONE_FACULTY_MEGASTRUCT,SM_Prop_BioLight_Column_01,-41250.71,52057.86,2435.92,17.4,
977,1859,ZONE_FACULTY_MEGASTRUCT,SM_Prop_SolarGlassPavement_Tile,-43922.34,49231.28,3641.62,9.3,
978,1861,ZONE_FACULTY_MEGASTRUCT,SM_Prop_SolarGlassPavement_Tile,-46553.11,46380.0,4407.21,112.5,
979,1863,ZONE_FACULTY_MEGASTRUCT,SM_Prop_BioLight_Column_01,-49414.85,44038.79,3636.62,77.1,
980,1865,ZONE_FACULTY_MEGASTRUCT,SM_Prop_AtmosphereBooth_01,-51478.16,41244.38,2435.92,180.4,
981,1867,ZONE_FACULTY_MEGASTRUCT,SM_Prop_BioLight_Column_01,-54391.09,38142.66,800.12,189.5,
982,1870,ZONE_CLEARANCE_WATERWAY,SM_Prop_Waterway_WarningBuoy_Luminescent,-38235.65,58983.48,-1175.34,351.2,
983,1871,ZONE_FACULTY_MEGASTRUCT,SM_Prop_BioLight_Column_01,-39498.03,57294.96,-1.87,181.3,
984,1873,ZONE_FACULTY_MEGASTRUCT,SM_Prop_SolarGlassPavement_Tile,-42742.72,54524.43,1829.1,319.0,
985,1875,ZONE_FACULTY_MEGASTRUCT,SM_Prop_AtmosphereBooth_01,-44982.6,52549.61,3222.14,321.6,
986,1877,ZONE_FACULTY_MEGASTRUCT,SM_Prop_BioLight_Column_01,-47032.52,49702.64,4192.24,266.6,
987,1879,ZONE_FACULTY_MEGASTRUCT,SM_Prop_SolarGlassPavement_Tile,-50072.82,47642.05,4197.24,70.5,
988,1881,ZONE_FACULTY_MEGASTRUCT,SM_Prop_BioLight_Column_01,-52393.26,45065.76,3222.14,159.2,
989,1883,ZONE_FACULTY_MEGASTRUCT,SM_Prop_BioLight_Column_01,-55188.47,42745.76,1824.1,281.4,
990,1885,ZONE_FACULTY_MEGASTRUCT,SM_Prop_BioLight_Column_01,-57102.54,39983.73,-1.87,304.7,
991,1889,ZONE_FACULTY_MEGASTRUCT,SM_Prop_AtmosphereBooth_01,-44360.43,57516.77,1146.26,258.2,
992,1891,ZONE_FACULTY_MEGASTRUCT,SM_Prop_BioLight_Column_01,-46088.88,55257.28,2718.83,87.3,
993,1893,ZONE_FACULTY_MEGASTRUCT,SM_Prop_SolarGlassPavement_Tile,-48443.52,53560.06,3880.31,273.1,
994,1895,ZONE_FACULTY_MEGASTRUCT,SM_Prop_SolarGlassPavement_Tile,-51191.34,50682.22,4620.7,305.2,
995,1897,ZONE_FACULTY_MEGASTRUCT,SM_Prop_SolarGlassPavement_Tile,-53374.44,48921.7,3880.31,75.0,
996,1899,ZONE_FACULTY_MEGASTRUCT,SM_Prop_BioLight_Column_01,-55138.71,46303.98,2718.83,180.0,
997,1901,ZONE_FACULTY_MEGASTRUCT,SM_Prop_BioLight_Column_01,-57911.11,44028.32,1146.26,285.0,
998,1905,ZONE_FACULTY_MEGASTRUCT,SM_Prop_BioLight_Column_01,-46125.59,60764.53,435.72,41.9,
999,1907,ZONE_FACULTY_MEGASTRUCT,SM_Prop_BioLight_Column_01,-48306.09,58006.79,2153.35,108.8,
1000,1909,ZONE_FACULTY_MEGASTRUCT,SM_Prop_BioLight_Column_01,-49982.0,56419.98,3471.31,201.0,
1001,1911,ZONE_FACULTY_MEGASTRUCT,SM_Prop_BioLight_Column_01,-52234.64,54354.06,4389.59,356.9,
1002,1913,ZONE_FACULTY_MEGASTRUCT,SM_Prop_BioLight_Column_01,-54401.24,52453.78,4389.59,354.0,
1003,1915,ZONE_FACULTY_MEGASTRUCT,SM_Prop_BioLight_Column_01,-56314.08,50347.75,3471.31,11.2,
1004,1917,ZONE_FACULTY_MEGASTRUCT,SM_Prop_SolarGlassPavement_Tile,-58124.16,48081.12,2158.35,216.0,
1005,1919,ZONE_FACULTY_MEGASTRUCT,SM_Prop_SolarGlassPavement_Tile,-60639.66,45594.34,440.72,350.1,
1006,1920,ZONE_CLEARANCE_WATERWAY,SM_Prop_Waterway_WarningBuoy_Luminescent,-61171.96,44979.6,-672.98,123.6,
1007,1923,ZONE_FACULTY_MEGASTRUCT,SM_Prop_SolarGlassPavement_Tile,-49853.01,61153.68,1563.48,253.6,
1008,1925,ZONE_FACULTY_MEGASTRUCT,SM_Prop_SolarGlassPavement_Tile,-51972.85,58828.6,3011.6,114.0,
1009,1927,ZONE_FACULTY_MEGASTRUCT,SM_Prop_SolarGlassPavement_Tile,-53605.38,56973.17,4080.84,163.7,
1010,1929,ZONE_FACULTY_MEGASTRUCT,SM_Prop_SolarGlassPavement_Tile,-55159.75,55639.29,4771.19,206.7,
1011,1931,ZONE_FACULTY_MEGASTRUCT,SM_Prop_BioLight_Column_01,-56911.69,53202.57,4075.84,122.0,
1012,1933,ZONE_FACULTY_MEGASTRUCT,SM_Prop_SolarGlassPavement_Tile,-59067.25,51689.36,3011.6,85.4,
1013,1935,ZONE_FACULTY_MEGASTRUCT,SM_Prop_AtmosphereBooth_01,-60854.85,49721.88,1558.48,310.1,
1014,1939,ZONE_FACULTY_MEGASTRUCT,SM_Prop_SolarGlassPavement_Tile,-51558.35,63241.53,977.39,294.1,
1015,1941,ZONE_FACULTY_MEGASTRUCT,SM_Prop_SolarGlassPavement_Tile,-53448.1,61765.62,2518.44,1.7,
1016,1943,ZONE_FACULTY_MEGASTRUCT,SM_Prop_BioLight_Column_01,-55230.13,60406.84,3700.55,43.3,
1017,1945,ZONE_FACULTY_MEGASTRUCT,SM_Prop_SolarGlassPavement_Tile,-56719.84,58096.01,4538.72,158.9,
1018,1947,ZONE_FACULTY_MEGASTRUCT,SM_Prop_BioLight_Column_01,-58244.7,56751.58,4533.72,241.6,
1019,1949,ZONE_FACULTY_MEGASTRUCT,SM_Prop_BioLight_Column_01,-59737.42,54737.63,3700.55,320.0,
1020,1951,ZONE_FACULTY_MEGASTRUCT,SM_Prop_BioLight_Column_01,-61697.07,53592.02,2513.44,291.6,
1021,1953,ZONE_FACULTY_MEGASTRUCT,SM_Prop_SolarGlassPavement_Tile,-63439.22,52213.96,977.39,129.6,
1022,1955,ZONE_CLEARANCE_WATERWAY,SM_Prop_Waterway_WarningBuoy_Luminescent,-54413.58,65267.23,322.8,186.6,
1023,1957,ZONE_FACULTY_MEGASTRUCT,SM_Prop_SolarGlassPavement_Tile,-55671.94,63806.76,1964.64,19.6,
1024,1959,ZONE_FACULTY_MEGASTRUCT,SM_Prop_BioLight_Column_01,-57002.93,62520.41,3182.51,115.5,
1025,1961,ZONE_FACULTY_MEGASTRUCT,SM_Prop_SolarGlassPavement_Tile,-58194.18,61019.26,4096.41,110.4,
1026,1963,ZONE_FACULTY_MEGASTRUCT,SM_Prop_SolarGlassPavement_Tile,-60059.68,59881.41,4691.33,16.9,
1027,1965,ZONE_FACULTY_MEGASTRUCT,SM_Prop_SolarGlassPavement_Tile,-60862.7,58746.3,4096.41,80.4,
1028,1967,ZONE_FACULTY_MEGASTRUCT,SM_Prop_BioLight_Column_01,-62544.19,56583.05,3182.51,4.9,
1029,1969,ZONE_FACULTY_MEGASTRUCT,SM_Prop_BioLight_Column_01,-63779.13,55189.32,1959.64,299.3,
1030,1973,ZONE_FACULTY_MEGASTRUCT,SM_Prop_BioLight_Column_01,-57608.16,66117.51,1394.3,57.8,
1031,1975,ZONE_FACULTY_MEGASTRUCT,SM_Prop_SolarGlassPavement_Tile,-58813.9,65440.44,2536.84,294.4,
1032,1977,ZONE_FACULTY_MEGASTRUCT,SM_Prop_BioLight_Column_01,-60621.01,64143.23,3413.57,203.4,
1033,1979,ZONE_FACULTY_MEGASTRUCT,SM_Prop_SolarGlassPavement_Tile,-61218.4,62785.3,4044.5,212.2,
1034,1981,ZONE_FACULTY_MEGASTRUCT,SM_Prop_SolarGlassPavement_Tile,-63042.31,61526.42,4044.5,173.1,
1035,1983,ZONE_FACULTY_MEGASTRUCT,SM_Prop_SolarGlassPavement_Tile,-64016.16,60166.61,3418.57,349.6,
1036,1985,ZONE_FACULTY_MEGASTRUCT,SM_Prop_SolarGlassPavement_Tile,-64840.24,59367.49,2536.84,284.6,
1037,1987,ZONE_FACULTY_MEGASTRUCT,SM_Prop_SolarGlassPavement_Tile,-66661.38,57821.97,1399.3,329.6,
1038,1991,ZONE_FACULTY_MEGASTRUCT,SM_Prop_AtmosphereBooth_01,-61373.49,67164.71,1886.84,309.7,
1039,1993,ZONE_FACULTY_MEGASTRUCT,SM_Prop_BioLight_Column_01,-62228.73,66487.7,2651.47,104.8,
1040,1995,ZONE_FACULTY_MEGASTRUCT,SM_Prop_AtmosphereBooth_01,-63513.64,65386.34,3225.62,46.7,
1041,1997,ZONE_FACULTY_MEGASTRUCT,SM_Prop_SolarGlassPavement_Tile,-64221.49,64101.34,3614.28,215.5,
1042,1999,ZONE_FACULTY_MEGASTRUCT,SM_Prop_BioLight_Column_01,-65434.74,63290.96,3225.62,189.9,
1043,2001,ZONE_FACULTY_MEGASTRUCT,SM_Prop_AtmosphereBooth_01,-66622.24,62109.12,2651.47,235.5,
1044,2003,ZONE_FACULTY_MEGASTRUCT,SM_Prop_AtmosphereBooth_01,-67216.9,61618.98,1886.84,354.6,
1045,2005,ZONE_CLEARANCE_WATERWAY,SM_Prop_Waterway_WarningBuoy_Luminescent,-68019.2,59929.93,831.72,136.9,
1046,2007,ZONE_FACULTY_MEGASTRUCT,SM_Prop_BioLight_Column_01,-63487.36,69163.87,1334.24,263.3,
1047,2009,ZONE_FACULTY_MEGASTRUCT,SM_Prop_SolarGlassPavement_Tile,-64182.23,68497.23,1926.17,252.2,
1048,2011,ZONE_FACULTY_MEGASTRUCT,SM_Prop_SolarGlassPavement_Tile,-65583.9,68079.64,2385.56,10.2,
1049,2013,ZONE_FACULTY_MEGASTRUCT,SM_Prop_SolarGlassPavement_Tile,-66445.32,67221.36,2717.43,137.7,
1050,2015,ZONE_FACULTY_MEGASTRUCT,SM_Prop_SolarGlassPavement_Tile,-67296.77,66141.59,2717.43,312.2,
1051,2017,ZONE_FACULTY_MEGASTRUCT,SM_Prop_SolarGlassPavement_Tile,-67565.93,65222.28,2385.56,114.1,
1052,2019,ZONE_FACULTY_MEGASTRUCT,SM_Prop_AtmosphereBooth_01,-68475.7,64123.69,1921.17,145.7,
1053,2021,ZONE_FACULTY_MEGASTRUCT,SM_Prop_SolarGlassPavement_Tile,-69182.25,63808.46,1339.24,115.2,
1054,2024,ZONE_HARBOR_BERTH,SM_Prop_Harbor_Bollard_Heavy,-66412.05,70855.32,1107.01,177.5,
1055,2025,ZONE_HARBOR_BERTH,SM_Prop_OceanSensorBeacon,-67161.72,70545.52,1291.5,77.6,
1056,2026,ZONE_HARBOR_BERTH,SM_Prop_Harbor_Bollard_Heavy,-67331.89,70107.01,1457.44,130.2,
1057,2027,ZONE_HARBOR_BERTH,SM_Prop_Submersible_MooringClamp,-67844.94,70330.76,1554.83,319.3,
1058,2028,ZONE_HARBOR_BERTH,SM_Prop_OceanSensorBeacon,-67991.83,69366.87,1733.66,220.4,
1059,2029,ZONE_HARBOR_BERTH,SM_Prop_Submersible_MooringClamp,-68092.08,69557.88,1793.94,130.8,
1060,2030,ZONE_HARBOR_BERTH,SM_Prop_Harbor_Bollard_Heavy,-68427.65,69456.25,1935.68,303.4,
1061,2031,ZONE_HARBOR_BERTH,SM_Prop_Harbor_Bollard_Heavy,-68813.02,68725.25,2008.86,211.8,
1062,2032,ZONE_HARBOR_BERTH,SM_Prop_Harbor_Bollard_Heavy,-69474.3,68694.9,1935.68,24.4,
1063,2033,ZONE_HARBOR_BERTH,SM_Prop_Harbor_Bollard_Heavy,-69442.08,68194.48,1843.94,54.4,
1064,2034,ZONE_HARBOR_BERTH,SM_Prop_Submersible_MooringClamp,-69667.43,67929.46,1683.66,42.5,
1065,2035,ZONE_HARBOR_BERTH,SM_Prop_Submersible_MooringClamp,-69914.02,67693.02,1554.83,192.5,
1066,2036,ZONE_HARBOR_BERTH,SM_Prop_OceanSensorBeacon,-70021.15,66982.32,1457.44,287.2,
1067,2037,ZONE_HARBOR_BERTH,SM_Prop_OceanSensorBeacon,-70761.26,66738.73,1291.5,155.6,
1068,2038,ZONE_HARBOR_BERTH,SM_Prop_OceanSensorBeacon,-70559.17,66329.7,1107.01,81.1,
1069,2040,ZONE_CLEARANCE_WATERWAY,SM_Prop_Waterway_WarningBuoy_Luminescent,-69267.75,72967.59,586.49,177.2,
1070,2041,ZONE_HARBOR_BERTH,SM_Prop_Submersible_MooringClamp,-69400.67,72627.79,735.44,31.2,
1071,2042,ZONE_HARBOR_BERTH,SM_Prop_Harbor_Bollard_Heavy,-69579.15,72586.52,875.63,6.3,
1072,2043,ZONE_HARBOR_BERTH,SM_Prop_OceanSensorBeacon,-69855.85,71782.0,957.06,83.8,
1073,2044,ZONE_HARBOR_BERTH,SM_Prop_Harbor_Bollard_Heavy,-70145.64,72259.09,1029.72,16.6,
1074,2045,ZONE_HARBOR_BERTH,SM_Prop_Submersible_MooringClamp,-70129.62,71621.74,1043.62,164.7,
1075,2046,ZONE_HARBOR_BERTH,SM_Prop_Submersible_MooringClamp,-70316.1,71440.05,1098.76,225.8,
1076,2047,ZONE_HARBOR_BERTH,SM_Prop_Submersible_MooringClamp,-70609.05,71364.09,1145.14,258.8,
1077,2048,ZONE_HARBOR_BERTH,SM_Prop_OceanSensorBeacon,-70854.18,70609.06,1232.75,176.5,
1078,2049,ZONE_HARBOR_BERTH,SM_Prop_Harbor_Bollard_Heavy,-70912.98,70608.6,1195.14,244.6,
1079,2050,ZONE_HARBOR_BERTH,SM_Prop_Submersible_MooringClamp,-71146.3,70431.34,1098.76,29.1,
1080,2051,ZONE_HARBOR_BERTH,SM_Prop_Submersible_MooringClamp,-71318.68,70170.87,1043.62,128.7,
1081,2052,ZONE_HARBOR_BERTH,SM_Prop_OceanSensorBeacon,-71570.97,70417.58,1029.72,326.0,
1082,2053,ZONE_HARBOR_BERTH,SM_Prop_Harbor_Bollard_Heavy,-72052.79,69588.54,957.06,237.4,
1083,2054,ZONE_HARBOR_BERTH,SM_Prop_Harbor_Bollard_Heavy,-72457.89,69959.94,875.63,276.7,
1084,2055,ZONE_HARBOR_BERTH,SM_Prop_Harbor_Bollard_Heavy,-72590.62,69483.43,785.44,234.8,
1085,2058,ZONE_HARBOR_BERTH,SM_Prop_Harbor_Bollard_Heavy,-72575.68,74085.22,430.28,42.9,
1086,2059,ZONE_HARBOR_BERTH,SM_Prop_Submersible_MooringClamp,-72412.97,74391.4,411.44,199.2,
1087,2060,ZONE_HARBOR_BERTH,SM_Prop_Submersible_MooringClamp,-72697.24,73622.95,439.73,224.6,
1088,2061,ZONE_HARBOR_BERTH,SM_Prop_Harbor_Bollard_Heavy,-72788.94,73682.49,515.14,140.5,
1089,2062,ZONE_HARBOR_BERTH,SM_Prop_Submersible_MooringClamp,-72629.25,73866.92,487.69,170.2,
1090,2063,ZONE_HARBOR_BERTH,SM_Prop_Harbor_Bollard_Heavy,-72808.89,73249.38,557.37,229.2,
1091,2064,ZONE_HARBOR_BERTH,SM_Prop_OceanSensorBeacon,-73497.81,72982.09,574.18,325.7,
1092,2065,ZONE_HARBOR_BERTH,SM_Prop_Harbor_Bollard_Heavy,-73378.15,73338.02,588.11,85.2,
1093,2066,ZONE_HARBOR_BERTH,SM_Prop_Submersible_MooringClamp,-73754.31,72873.83,524.18,85.9,
1094,2067,ZONE_HARBOR_BERTH,SM_Prop_Harbor_Bollard_Heavy,-73694.46,72820.6,557.37,112.3,
1095,2068,ZONE_HARBOR_BERTH,SM_Prop_OceanSensorBeacon,-73419.6,72487.96,537.69,214.2,
1096,2069,ZONE_HARBOR_BERTH,SM_Prop_Harbor_Bollard_Heavy,-73773.75,72639.21,515.14,250.3,
1097,2070,ZONE_HARBOR_BERTH,SM_Prop_Harbor_Bollard_Heavy,-73916.32,72280.67,489.73,327.5,
1098,2071,ZONE_HARBOR_BERTH,SM_Prop_Harbor_Bollard_Heavy,-73910.16,72690.65,461.44,356.0,
1099,2072,ZONE_HARBOR_BERTH,SM_Prop_Harbor_Bollard_Heavy,-74045.01,72033.91,430.28,301.1,
1100,2075,ZONE_HARBOR_BERTH,SM_Prop_Harbor_Bollard_Heavy,-75057.25,76112.32,129.94,41.7,
1101,2076,ZONE_HARBOR_BERTH,SM_Prop_Submersible_MooringClamp,-74794.27,75715.19,84.66,126.9,
1102,2077,ZONE_HARBOR_BERTH,SM_Prop_OceanSensorBeacon,-75373.98,76145.15,138.99,106.1,
1103,2078,ZONE_HARBOR_BERTH,SM_Prop_Submersible_MooringClamp,-74889.67,75570.76,92.93,299.3,
1104,2079,ZONE_HARBOR_BERTH,SM_Prop_Submersible_MooringClamp,-75162.83,75732.21,96.47,340.8,
1105,2080,ZONE_HARBOR_BERTH,SM_Prop_OceanSensorBeacon,-75152.58,75632.54,149.62,126.7,
1106,2081,ZONE_HARBOR_BERTH,SM_Prop_OceanSensorBeacon,-75180.65,75521.46,152.38,271.3,
1107,2082,ZONE_HARBOR_BERTH,SM_Prop_Harbor_Bollard_Heavy,-75608.18,75163.57,154.75,324.1,
1108,2083,ZONE_HARBOR_BERTH,SM_Prop_Harbor_Bollard_Heavy,-75349.32,75787.62,152.38,63.7,
1109,2084,ZONE_HARBOR_BERTH,SM_Prop_OceanSensorBeacon,-75228.22,75588.99,149.62,85.9,
1110,2085,ZONE_HARBOR_BERTH,SM_Prop_Harbor_Bollard_Heavy,-75868.94,75313.77,146.47,289.3,
1111,2086,ZONE_HARBOR_BERTH,SM_Prop_Harbor_Bollard_Heavy,-75477.69,75225.35,142.93,293.2,
1112,2087,ZONE_HARBOR_BERTH,SM_Prop_Submersible_MooringClamp,-75970.22,74817.9,88.99,294.8,
1113,2088,ZONE_HARBOR_BERTH,SM_Prop_Submersible_MooringClamp,-75570.05,75523.5,84.66,356.6,
1114,2089,ZONE_HARBOR_BERTH,SM_Prop_Submersible_MooringClamp,-76003.07,75436.33,79.94,247.6,
1115,2090,ZONE_CLEARANCE_WATERWAY,SM_Prop_Waterway_WarningBuoy_Luminescent,-75636.16,75157.31,24.82,76.5,
1116,2092,ZONE_HARBOR_BERTH,SM_Prop_OceanSensorBeacon,-77516.65,77324.12,0.0,24.2,
1117,2093,ZONE_HARBOR_BERTH,SM_Prop_Harbor_Bollard_Heavy,-77948.95,77325.7,0.0,314.5,
1118,2094,ZONE_HARBOR_BERTH,SM_Prop_Harbor_Bollard_Heavy,-77783.58,77794.83,0.0,289.2,
1119,2095,ZONE_HARBOR_BERTH,SM_Prop_Harbor_Bollard_Heavy,-77660.85,77774.15,0.0,348.1,
1120,2096,ZONE_HARBOR_BERTH,SM_Prop_Submersible_MooringClamp,-78021.41,77648.68,-50.0,185.7,
1121,2097,ZONE_HARBOR_BERTH,SM_Prop_Submersible_MooringClamp,-77371.78,77710.46,-50.0,121.5,
1122,2098,ZONE_HARBOR_BERTH,SM_Prop_Submersible_MooringClamp,-77513.35,77498.23,-50.0,222.0,
1123,2099,ZONE_HARBOR_BERTH,SM_Prop_Harbor_Bollard_Heavy,-77800.81,77552.9,0.0,178.6,
1124,2100,ZONE_HARBOR_BERTH,SM_Prop_OceanSensorBeacon,-77732.88,77918.0,0.0,96.2,
1125,2101,ZONE_HARBOR_BERTH,SM_Prop_Submersible_MooringClamp,-77901.18,78009.06,-50.0,220.2,
1126,2102,ZONE_HARBOR_BERTH,SM_Prop_Harbor_Bollard_Heavy,-77726.96,77360.85,0.0,49.1,
1127,2103,ZONE_HARBOR_BERTH,SM_Prop_Harbor_Bollard_Heavy,-77459.74,78036.19,0.0,178.4,
1128,2104,ZONE_HARBOR_BERTH,SM_Prop_Submersible_MooringClamp,-77708.32,77923.01,-50.0,313.2,
1129,2105,ZONE_HARBOR_BERTH,SM_Prop_Submersible_MooringClamp,-77323.32,77440.3,-50.0,259.0,
1130,2106,ZONE_HARBOR_BERTH,SM_Prop_Harbor_Bollard_Heavy,-77882.65,78053.41,0.0,148.0,
1131,2109,ZONE_FACULTY_ARCHIVES,SM_Prop_SolarGlassPavement_Tile,-15046.76,-240.65,5.0,306.7,
1132,2111,ZONE_FACULTY_ARCHIVES,SM_Prop_SolarGlassPavement_Tile,-15234.29,16.91,5.0,232.9,
1133,2113,ZONE_FACULTY_ARCHIVES,SM_Prop_SolarGlassPavement_Tile,-14779.39,-281.53,5.0,58.3,
1134,2115,ZONE_FACULTY_ARCHIVES,SM_Prop_SolarGlassPavement_Tile,-15174.16,147.42,5.0,281.0,
1135,2117,ZONE_FACULTY_ARCHIVES,SM_Prop_BioLight_Column_01,-14680.92,327.45,0.0,320.2,
1136,2119,ZONE_FACULTY_ARCHIVES,SM_Prop_SolarGlassPavement_Tile,-15347.05,-313.9,5.0,246.9,
1137,2121,ZONE_FACULTY_ARCHIVES,SM_Prop_BioLight_Column_01,-14635.1,128.04,0.0,241.8,
1138,2123,ZONE_FACULTY_ARCHIVES,SM_Prop_BioLight_Column_01,-14675.69,-290.66,0.0,57.6,
1139,2125,ZONE_CLEARANCE_WATERWAY,SM_Prop_Waterway_WarningBuoy_Luminescent,-17798.86,5081.49,-327.72,346.7,
1140,2127,ZONE_FACULTY_ARCHIVES,SM_Prop_BioLight_Column_01,-18542.37,3531.55,59.06,340.3,
1141,2129,ZONE_FACULTY_ARCHIVES,SM_Prop_SolarGlassPavement_Tile,-18273.76,2399.29,305.12,69.0,
1142,2131,ZONE_FACULTY_ARCHIVES,SM_Prop_SolarGlassPavement_Tile,-18003.71,1283.23,500.44,3.2,
1143,2133,ZONE_FACULTY_ARCHIVES,SM_Prop_AtmosphereBooth_01,-17929.93,393.86,645.03,6.7,
1144,2135,ZONE_FACULTY_ARCHIVES,SM_Prop_BioLight_Column_01,-18120.86,-1490.52,495.44,332.7,
1145,2137,ZONE_FACULTY_ARCHIVES,SM_Prop_SolarGlassPavement_Tile,-18541.88,-2029.08,305.12,349.8,
1146,2139,ZONE_FACULTY_ARCHIVES,SM_Prop_BioLight_Column_01,-18480.76,-3344.12,59.06,260.3,
1147,2143,ZONE_FACULTY_ARCHIVES,SM_Prop_BioLight_Column_01,-21038.34,4924.46,-181.81,339.6,
1148,2145,ZONE_FACULTY_ARCHIVES,SM_Prop_BioLight_Column_01,-21550.63,3801.38,289.22,316.0,
1149,2147,ZONE_FACULTY_ARCHIVES,SM_Prop_BioLight_Column_01,-21526.95,2299.96,669.29,279.2,
1150,2149,ZONE_FACULTY_ARCHIVES,SM_Prop_SolarGlassPavement_Tile,-21044.3,695.33,963.39,186.2,
1151,2151,ZONE_FACULTY_ARCHIVES,SM_Prop_AtmosphereBooth_01,-21687.17,-699.49,958.39,155.0,
1152,2153,ZONE_FACULTY_ARCHIVES,SM_Prop_SolarGlassPavement_Tile,-21201.66,-2316.2,674.29,188.8,
1153,2155,ZONE_FACULTY_ARCHIVES,SM_Prop_BioLight_Column_01,-21440.35,-4061.14,289.22,231.5,
1154,2157,ZONE_FACULTY_ARCHIVES,SM_Prop_AtmosphereBooth_01,-21031.73,-5010.95,-181.81,170.7,
1155,2161,ZONE_FACULTY_ARCHIVES,SM_Prop_BioLight_Column_01,-24469.06,5033.82,62.37,339.4,
1156,2163,ZONE_FACULTY_ARCHIVES,SM_Prop_BioLight_Column_01,-24349.02,3944.26,656.72,357.3,
1157,2165,ZONE_FACULTY_ARCHIVES,SM_Prop_BioLight_Column_01,-24720.02,1519.22,1115.87,107.5,
1158,2167,ZONE_FACULTY_ARCHIVES,SM_Prop_SolarGlassPavement_Tile,-24164.74,110.89,1444.83,6.2,
1159,2169,ZONE_FACULTY_ARCHIVES,SM_Prop_BioLight_Column_01,-24779.8,-1948.65,1115.87,70.6,
1160,2171,ZONE_FACULTY_ARCHIVES,SM_Prop_BioLight_Column_01,-24407.02,-3827.17,656.72,130.0,
1161,2173,ZONE_FACULTY_ARCHIVES,SM_Prop_SolarGlassPavement_Tile,-24565.88,-5705.36,67.37,144.1,
1162,2175,ZONE_CLEARANCE_WATERWAY,SM_Prop_Waterway_WarningBuoy_Luminescent,-24127.69,-6892.92,-767.18,307.0,
1163,2177,ZONE_FACULTY_ARCHIVES,SM_Prop_SolarGlassPavement_Tile,-27822.41,7431.91,-379.17,240.9,
1164,2179,ZONE_FACULTY_ARCHIVES,SM_Prop_SolarGlassPavement_Tile,-27316.51,5601.97,461.16,347.1,
1165,2181,ZONE_FACULTY_ARCHIVES,SM_Prop_SolarGlassPavement_Tile,-27376.69,2793.37,1123.55,222.7,
1166,2183,ZONE_FACULTY_ARCHIVES,SM_Prop_AtmosphereBooth_01,-27272.46,1373.13,1602.98,24.3,
1167,2185,ZONE_FACULTY_ARCHIVES,SM_Prop_BioLight_Column_01,-27874.12,-822.49,1602.98,282.3,
1168,2187,ZONE_FACULTY_ARCHIVES,SM_Prop_BioLight_Column_01,-27260.58,-3348.96,1118.55,315.7,
1169,2189,ZONE_FACULTY_ARCHIVES,SM_Prop_SolarGlassPavement_Tile,-27464.36,-4940.2,461.16,331.0,
1170,2191,ZONE_FACULTY_ARCHIVES,SM_Prop_AtmosphereBooth_01,-27434.83,-7512.77,-384.17,146.7,
1171,2195,ZONE_FACULTY_ARCHIVES,SM_Prop_SolarGlassPavement_Tile,-30892.08,7385.32,61.77,259.9,
1172,2197,ZONE_FACULTY_ARCHIVES,SM_Prop_AtmosphereBooth_01,-30804.31,4662.88,954.15,28.5,
1173,2199,ZONE_FACULTY_ARCHIVES,SM_Prop_SolarGlassPavement_Tile,-30958.03,2080.78,1637.78,49.0,
1174,2201,ZONE_FACULTY_ARCHIVES,SM_Prop_SolarGlassPavement_Tile,-30732.57,-135.66,2097.66,293.4,
1175,2203,ZONE_FACULTY_ARCHIVES,SM_Prop_AtmosphereBooth_01,-31115.14,-2772.31,1632.78,307.9,
1176,2205,ZONE_FACULTY_ARCHIVES,SM_Prop_AtmosphereBooth_01,-31118.57,-5135.29,954.15,327.9,
1177,2207,ZONE_FACULTY_ARCHIVES,SM_Prop_BioLight_Column_01,-31176.13,-7125.48,56.77,219.8,
1178,2210,ZONE_CLEARANCE_WATERWAY,SM_Prop_Waterway_WarningBuoy_Luminescent,-33720.55,11135.51,-1328.48,12.1,
1179,2211,ZONE_FACULTY_ARCHIVES,SM_Prop_SolarGlassPavement_Tile,-34133.94,9605.07,-546.63,2.7,
1180,2213,ZONE_FACULTY_ARCHIVES,SM_Prop_BioLight_Column_01,-33720.83,6377.2,609.2,247.1,
1181,2215,ZONE_FACULTY_ARCHIVES,SM_Prop_AtmosphereBooth_01,-34370.91,3925.39,1512.88,158.4,
1182,2217,ZONE_FACULTY_ARCHIVES,SM_Prop_AtmosphereBooth_01,-34356.99,1034.29,2159.39,350.1,
1183,2219,ZONE_FACULTY_ARCHIVES,SM_Prop_SolarGlassPavement_Tile,-34250.91,-1369.4,2164.39,100.8,
1184,2221,ZONE_FACULTY_ARCHIVES,SM_Prop_SolarGlassPavement_Tile,-34356.74,-4291.92,1517.88,1.9,
1185,2223,ZONE_FACULTY_ARCHIVES,SM_Prop_AtmosphereBooth_01,-34309.54,-6914.46,609.2,322.5,
1186,2225,ZONE_FACULTY_ARCHIVES,SM_Prop_BioLight_Column_01,-33834.01,-9654.13,-551.63,116.7,
1187,2229,ZONE_FACULTY_ARCHIVES,SM_Prop_AtmosphereBooth_01,-36799.12,9350.94,73.13,344.7,
1188,2231,ZONE_FACULTY_ARCHIVES,SM_Prop_SolarGlassPavement_Tile,-36934.26,6090.75,1233.59,34.1,
1189,2233,ZONE_FACULTY_ARCHIVES,SM_Prop_AtmosphereBooth_01,-36932.46,2847.76,2091.29,198.9,
1190,2235,ZONE_FACULTY_ARCHIVES,SM_Prop_AtmosphereBooth_01,-36969.64,334.83,2661.25,89.9,
1191,2237,ZONE_FACULTY_ARCHIVES,SM_Prop_BioLight_Column_01,-36761.58,-3066.41,2091.29,71.9,
1192,2239,ZONE_FACULTY_ARCHIVES,SM_Prop_SolarGlassPavement_Tile,-37137.95,-5653.48,1233.59,247.4,
1193,2241,ZONE_FACULTY_ARCHIVES,SM_Prop_SolarGlassPavement_Tile,-37320.89,-8788.06,78.13,103.2,
1194,2245,ZONE_FACULTY_ARCHIVES,SM_Prop_SolarGlassPavement_Tile,-39961.11,11275.88,-654.63,98.0,
1195,2247,ZONE_FACULTY_ARCHIVES,SM_Prop_SolarGlassPavement_Tile,-40317.4,8434.07,774.23,109.4,
1196,2249,ZONE_FACULTY_ARCHIVES,SM_Prop_AtmosphereBooth_01,-40059.94,4842.81,1872.96,168.2,
1197,2251,ZONE_FACULTY_ARCHIVES,SM_Prop_BioLight_Column_01,-40236.75,1482.66,2651.57,294.0,
1198,2253,ZONE_FACULTY_ARCHIVES,SM_Prop_AtmosphereBooth_01,-40492.47,-1972.72,2651.57,84.4,
1199,2255,ZONE_FACULTY_ARCHIVES,SM_Prop_SolarGlassPavement_Tile,-40220.34,-4824.22,1877.96,228.8,
1200,2257,ZONE_FACULTY_ARCHIVES,SM_Prop_SolarGlassPavement_Tile,-40228.32,-8336.91,774.23,82.2,
1201,2259,ZONE_FACULTY_ARCHIVES,SM_Prop_SolarGlassPavement_Tile,-40707.03,-11583.62,-654.63,67.7,
1202,2260,ZONE_CLEARANCE_WATERWAY,SM_Prop_Waterway_WarningBuoy_Luminescent,-40384.81,-13483.47,-1595.98,334.1,
1203,2263,ZONE_FACULTY_ARCHIVES,SM_Prop_SolarGlassPavement_Tile,-43479.95,10507.06,134.62,343.1,
1204,2265,ZONE_FACULTY_ARCHIVES,SM_Prop_BioLight_Column_01,-43091.68,7350.58,1493.7,185.7,
1205,2267,ZONE_FACULTY_ARCHIVES,SM_Prop_BioLight_Column_01,-43337.2,3970.16,2503.84,337.0,
1206,2269,ZONE_FACULTY_ARCHIVES,SM_Prop_AtmosphereBooth_01,-43310.37,245.11,3160.03,278.8,
1207,2271,ZONE_FACULTY_ARCHIVES,SM_Prop_BioLight_Column_01,-43097.83,-3288.43,2503.84,2.5,
1208,2273,ZONE_FACULTY_ARCHIVES,SM_Prop_SolarGlassPavement_Tile,-43570.49,-7510.71,1498.7,236.6,
1209,2275,ZONE_FACULTY_ARCHIVES,SM_Prop_SolarGlassPavement_Tile,-43402.37,-10659.19,134.62,87.4,
1210,2279,ZONE_FACULTY_ARCHIVES,SM_Prop_BioLight_Column_01,-46763.18,13480.87,-688.94,165.3,
1211,2281,ZONE_FACULTY_ARCHIVES,SM_Prop_SolarGlassPavement_Tile,-46313.52,9879.03,953.62,205.7,
1212,2283,ZONE_FACULTY_ARCHIVES,SM_Prop_SolarGlassPavement_Tile,-46757.44,5638.78,2212.3,110.7,
1213,2285,ZONE_FACULTY_ARCHIVES,SM_Prop_AtmosphereBooth_01,-46724.16,1721.95,3087.1,205.7,
1214,2287,ZONE_FACULTY_ARCHIVES,SM_Prop_AtmosphereBooth_01,-46787.49,-2086.72,3087.1,279.7,
1215,2289,ZONE_FACULTY_ARCHIVES,SM_Prop_BioLight_Column_01,-46850.77,-6041.65,2207.3,167.7,
1216,2291,ZONE_FACULTY_ARCHIVES,SM_Prop_BioLight_Column_01,-46259.87,-9754.24,948.62,73.0,
1217,2293,ZONE_FACULTY_ARCHIVES,SM_Prop_BioLight_Column_01,-46336.24,-13799.8,-688.94,178.7,
1218,2295,ZONE_CLEARANCE_WATERWAY,SM_Prop_Waterway_WarningBuoy_Luminescent,-50112.78,16647.57,-1778.0,320.5,
1219,2297,ZONE_FACULTY_ARCHIVES,SM_Prop_BioLight_Column_01,-49446.27,12900.9,239.47,344.2,
1220,2299,ZONE_FACULTY_ARCHIVES,SM_Prop_BioLight_Column_01,-49740.45,8103.85,1757.27,277.0,
1221,2301,ZONE_FACULTY_ARCHIVES,SM_Prop_BioLight_Column_01,-50159.03,4172.61,2875.39,174.4,
1222,2303,ZONE_FACULTY_ARCHIVES,SM_Prop_BioLight_Column_01,-49418.54,49.35,3593.83,219.9,
1223,2305,ZONE_FACULTY_ARCHIVES,SM_Prop_AtmosphereBooth_01,-49672.1,-3970.26,2875.39,285.3,
1224,2307,ZONE_FACULTY_ARCHIVES,SM_Prop_SolarGlassPavement_Tile,-49738.78,-8017.91,1762.27,331.6,
1225,2309,ZONE_FACULTY_ARCHIVES,SM_Prop_BioLight_Column_01,-49777.73,-12238.84,239.47,265.7,
1226,2313,ZONE_FACULTY_ARCHIVES,SM_Prop_BioLight_Column_01,-52577.23,15805.76,-624.82,47.5,
1227,2315,ZONE_FACULTY_ARCHIVES,SM_Prop_AtmosphereBooth_01,-53319.52,10906.42,1155.79,26.1,
1228,2317,ZONE_FACULTY_ARCHIVES,SM_Prop_BioLight_Column_01,-53183.0,6957.0,2520.31,142.6,
1229,2319,ZONE_FACULTY_ARCHIVES,SM_Prop_SolarGlassPavement_Tile,-52736.17,2180.52,3473.75,129.3,
1230,2321,ZONE_FACULTY_ARCHIVES,SM_Prop_BioLight_Column_01,-53221.91,-1901.64,3468.75,13.5,
1231,2323,ZONE_FACULTY_ARCHIVES,SM_Prop_SolarGlassPavement_Tile,-52992.66,-6613.82,2525.31,97.8,
1232,2325,ZONE_FACULTY_ARCHIVES,SM_Prop_AtmosphereBooth_01,-53119.5,-11087.27,1155.79,302.9,
1233,2327,ZONE_FACULTY_ARCHIVES,SM_Prop_SolarGlassPavement_Tile,-52710.41,-16134.5,-619.82,292.1,
1234,2331,ZONE_FACULTY_ARCHIVES,SM_Prop_SolarGlassPavement_Tile,-55891.97,14014.49,417.09,259.1,
1235,2333,ZONE_FACULTY_ARCHIVES,SM_Prop_BioLight_Column_01,-55729.44,9315.85,2024.1,331.1,
1236,2335,ZONE_FACULTY_ARCHIVES,SM_Prop_BioLight_Column_01,-55964.84,4249.27,3208.17,305.0,
1237,2337,ZONE_FACULTY_ARCHIVES,SM_Prop_SolarGlassPavement_Tile,-56117.89,-327.2,3969.3,354.4,
1238,2339,ZONE_FACULTY_ARCHIVES,SM_Prop_BioLight_Column_01,-56168.57,-4375.19,3208.17,99.1,
1239,2341,ZONE_FACULTY_ARCHIVES,SM_Prop_BioLight_Column_01,-56495.83,-8812.31,2024.1,335.7,
1240,2343,ZONE_FACULTY_ARCHIVES,SM_Prop_SolarGlassPavement_Tile,-56293.81,-13556.3,417.09,301.2,
1241,2345,ZONE_CLEARANCE_WATERWAY,SM_Prop_Waterway_WarningBuoy_Luminescent,-56245.07,-18372.71,-1727.85,199.1,
1242,2347,ZONE_FACULTY_ARCHIVES,SM_Prop_SolarGlassPavement_Tile,-59580.97,15386.07,-452.2,35.0,
1243,2349,ZONE_FACULTY_ARCHIVES,SM_Prop_AtmosphereBooth_01,-59484.78,10838.52,1396.15,124.0,
1244,2351,ZONE_FACULTY_ARCHIVES,SM_Prop_SolarGlassPavement_Tile,-59599.94,6142.01,2819.4,338.5,
1245,2353,ZONE_FACULTY_ARCHIVES,SM_Prop_BioLight_Column_01,-59536.04,2457.87,3797.54,341.0,
1246,2355,ZONE_FACULTY_ARCHIVES,SM_Prop_AtmosphereBooth_01,-58980.81,-2483.81,3797.54,78.3,
1247,2357,ZONE_FACULTY_ARCHIVES,SM_Prop_AtmosphereBooth_01,-58945.21,-6619.3,2814.4,74.5,
1248,2359,ZONE_FACULTY_ARCHIVES,SM_Prop_AtmosphereBooth_01,-59677.67,-10761.9,1396.15,124.5,
1249,2361,ZONE_FACULTY_ARCHIVES,SM_Prop_BioLight_Column_01,-59589.34,-14881.49,-457.2,7.1,
1250,2365,ZONE_FACULTY_ARCHIVES,SM_Prop_AtmosphereBooth_01,-62278.51,12440.75,653.17,318.1,
1251,2367,ZONE_FACULTY_ARCHIVES,SM_Prop_SolarGlassPavement_Tile,-62759.38,8589.45,2301.92,353.4,
1252,2369,ZONE_FACULTY_ARCHIVES,SM_Prop_BioLight_Column_01,-62644.01,4183.4,3503.17,102.5,
1253,2371,ZONE_FACULTY_ARCHIVES,SM_Prop_SolarGlassPavement_Tile,-62349.72,-390.93,4276.92,27.2,
1254,2373,ZONE_FACULTY_ARCHIVES,SM_Prop_SolarGlassPavement_Tile,-62439.52,-4042.65,3508.17,349.7,
1255,2375,ZONE_FACULTY_ARCHIVES,SM_Prop_AtmosphereBooth_01,-62713.01,-8264.41,2296.92,201.0,
1256,2377,ZONE_FACULTY_ARCHIVES,SM_Prop_BioLight_Column_01,-62514.01,-11934.32,653.17,250.1,
1257,2380,ZONE_CLEARANCE_WATERWAY,SM_Prop_Waterway_WarningBuoy_Luminescent,-65582.52,15434.77,-1370.78,200.1,
1258,2381,ZONE_FACULTY_ARCHIVES,SM_Prop_AtmosphereBooth_01,-65854.36,13262.05,-180.94,191.5,
1259,2383,ZONE_FACULTY_ARCHIVES,SM_Prop_BioLight_Column_01,-65953.11,9378.58,1672.41,159.0,
1260,2385,ZONE_FACULTY_ARCHIVES,SM_Prop_BioLight_Column_01,-65616.36,6043.71,3090.66,321.8,
1261,2387,ZONE_FACULTY_ARCHIVES,SM_Prop_BioLight_Column_01,-65498.49,2006.45,4073.8,82.3,
1262,2389,ZONE_FACULTY_ARCHIVES,SM_Prop_SolarGlassPavement_Tile,-65346.45,-1769.22,4078.8,144.9,
1263,2391,ZONE_FACULTY_ARCHIVES,SM_Prop_BioLight_Column_01,-65720.76,-5846.71,3090.66,21.0,
1264,2393,ZONE_FACULTY_ARCHIVES,SM_Prop_BioLight_Column_01,-65452.27,-9946.89,1672.41,178.7,
1265,2395,ZONE_FACULTY_ARCHIVES,SM_Prop_SolarGlassPavement_Tile,-65941.14,-13012.69,-175.94,2.1,
1266,2399,ZONE_FACULTY_ARCHIVES,SM_Prop_SolarGlassPavement_Tile,-68466.03,10572.21,969.61,182.1,
1267,2401,ZONE_FACULTY_ARCHIVES,SM_Prop_BioLight_Column_01,-69068.84,7199.82,2576.61,49.4,
1268,2403,ZONE_FACULTY_ARCHIVES,SM_Prop_BioLight_Column_01,-68478.98,3151.07,3760.68,272.9,
1269,2405,ZONE_FACULTY_ARCHIVES,SM_Prop_BioLight_Column_01,-68454.5,-275.5,4516.81,112.0,
1270,2407,ZONE_FACULTY_ARCHIVES,SM_Prop_SolarGlassPavement_Tile,-68791.01,-3657.45,3765.68,236.8,
1271,2409,ZONE_FACULTY_ARCHIVES,SM_Prop_BioLight_Column_01,-69147.26,-6764.47,2576.61,343.0,
1272,2411,ZONE_FACULTY_ARCHIVES,SM_Prop_BioLight_Column_01,-68576.5,-10789.47,964.61,327.9,
1273,2415,ZONE_FACULTY_ARCHIVES,SM_Prop_AtmosphereBooth_01,-72086.13,11250.64,203.95,318.4,
1274,2417,ZONE_FACULTY_ARCHIVES,SM_Prop_SolarGlassPavement_Tile,-72060.03,8334.0,1989.56,193.1,
1275,2419,ZONE_FACULTY_ARCHIVES,SM_Prop_SolarGlassPavement_Tile,-71688.72,5217.91,3354.08,286.1,
1276,2421,ZONE_FACULTY_ARCHIVES,SM_Prop_SolarGlassPavement_Tile,-71823.02,1763.72,4302.52,83.5,
1277,2423,ZONE_FACULTY_ARCHIVES,SM_Prop_SolarGlassPavement_Tile,-71985.37,-1480.02,4302.52,287.5,
1278,2425,ZONE_FACULTY_ARCHIVES,SM_Prop_SolarGlassPavement_Tile,-71710.67,-4688.64,3354.08,342.2,
1279,2427,ZONE_FACULTY_ARCHIVES,SM_Prop_AtmosphereBooth_01,-72284.92,-7714.83,1984.56,94.8,
1280,2429,ZONE_FACULTY_ARCHIVES,SM_Prop_BioLight_Column_01,-72294.14,-11160.71,203.95,302.0,
1281,2430,ZONE_CLEARANCE_WATERWAY,SM_Prop_Waterway_WarningBuoy_Luminescent,-72204.89,-12730.36,-942.39,51.8,
1282,2433,ZONE_FACULTY_ARCHIVES,SM_Prop_SolarGlassPavement_Tile,-75090.34,8559.59,1349.5,306.5,
1283,2435,ZONE_FACULTY_ARCHIVES,SM_Prop_BioLight_Column_01,-75488.59,6253.23,2862.29,196.9,
1284,2437,ZONE_FACULTY_ARCHIVES,SM_Prop_SolarGlassPavement_Tile,-75306.46,3072.3,3985.41,199.2,
1285,2439,ZONE_FACULTY_ARCHIVES,SM_Prop_BioLight_Column_01,-74745.72,-220.67,4698.86,294.5,
1286,2441,ZONE_FACULTY_ARCHIVES,SM_Prop_SolarGlassPavement_Tile,-75033.66,-2854.47,3985.41,127.8,
1287,2443,ZONE_FACULTY_ARCHIVES,SM_Prop_AtmosphereBooth_01,-74939.31,-5623.98,2862.29,137.4,
1288,2445,ZONE_FACULTY_ARCHIVES,SM_Prop_SolarGlassPavement_Tile,-75134.91,-8693.25,1349.5,282.7,
1289,2449,ZONE_FACULTY_ARCHIVES,SM_Prop_SolarGlassPavement_Tile,-78271.19,8875.51,697.34,125.6,
1290,2451,ZONE_FACULTY_ARCHIVES,SM_Prop_BioLight_Column_01,-78613.78,6336.65,2329.9,45.9,
1291,2453,ZONE_FACULTY_ARCHIVES,SM_Prop_SolarGlassPavement_Tile,-78141.62,3672.94,3593.58,246.0,
1292,2455,ZONE_FACULTY_ARCHIVES,SM_Prop_SolarGlassPavement_Tile,-78629.38,1506.82,4473.38,225.6,
1293,2457,ZONE_FACULTY_ARCHIVES,SM_Prop_SolarGlassPavement_Tile,-78273.31,-1588.46,4473.38,61.2,
1294,2459,ZONE_FACULTY_ARCHIVES,SM_Prop_SolarGlassPavement_Tile,-78030.99,-3706.58,3593.58,191.7,
1295,2461,ZONE_FACULTY_ARCHIVES,SM_Prop_SolarGlassPavement_Tile,-77983.28,-6305.83,2334.9,47.5,
1296,2463,ZONE_FACULTY_ARCHIVES,SM_Prop_SolarGlassPavement_Tile,-78494.05,-9295.76,697.34,49.3,
1297,2465,ZONE_CLEARANCE_WATERWAY,SM_Prop_Waterway_WarningBuoy_Luminescent,-81490.86,9200.52,-30.87,90.1,
1298,2467,ZONE_FACULTY_ARCHIVES,SM_Prop_AtmosphereBooth_01,-81423.34,6983.58,1787.16,38.4,
1299,2469,ZONE_FACULTY_ARCHIVES,SM_Prop_AtmosphereBooth_01,-81550.45,4681.29,3151.24,82.0,
1300,2471,ZONE_FACULTY_ARCHIVES,SM_Prop_BioLight_Column_01,-81232.04,1980.86,4161.38,125.3,
1301,2473,ZONE_FACULTY_ARCHIVES,SM_Prop_AtmosphereBooth_01,-81384.95,363.45,4817.57,149.2,
1302,2475,ZONE_FACULTY_ARCHIVES,SM_Prop_AtmosphereBooth_01,-81114.26,-2495.14,4161.38,136.8,
1303,2477,ZONE_FACULTY_ARCHIVES,SM_Prop_BioLight_Column_01,-81346.81,-4833.48,3151.24,222.0,
1304,2479,ZONE_FACULTY_ARCHIVES,SM_Prop_SolarGlassPavement_Tile,-81236.72,-7324.69,1792.16,84.4,
1305,2483,ZONE_FACULTY_ARCHIVES,SM_Prop_AtmosphereBooth_01,-84294.24,7146.95,1230.47,255.8,
1306,2485,ZONE_FACULTY_ARCHIVES,SM_Prop_AtmosphereBooth_01,-84446.43,4970.87,2610.33,269.5,
1307,2487,ZONE_FACULTY_ARCHIVES,SM_Prop_SolarGlassPavement_Tile,-84306.83,3208.23,3681.21,120.4,
1308,2489,ZONE_FACULTY_ARCHIVES,SM_Prop_SolarGlassPavement_Tile,-84492.93,1094.14,4433.12,331.4,
1309,2491,ZONE_FACULTY_ARCHIVES,SM_Prop_SolarGlassPavement_Tile,-84862.67,-726.09,4433.12,148.3,
1310,2493,ZONE_FACULTY_ARCHIVES,SM_Prop_BioLight_Column_01,-84511.85,-2875.31,3676.21,59.9,
1311,2495,ZONE_FACULTY_ARCHIVES,SM_Prop_SolarGlassPavement_Tile,-84791.24,-4935.69,2615.33,258.6,
1312,2497,ZONE_FACULTY_ARCHIVES,SM_Prop_BioLight_Column_01,-84458.76,-7408.76,1230.47,207.3,
1313,2501,ZONE_FACULTY_ARCHIVES,SM_Prop_AtmosphereBooth_01,-87631.87,4922.67,1995.05,247.0,
1314,2503,ZONE_FACULTY_ARCHIVES,SM_Prop_BioLight_Column_01,-87412.1,3429.03,3004.68,175.9,
1315,2505,ZONE_FACULTY_ARCHIVES,SM_Prop_SolarGlassPavement_Tile,-87783.3,1957.51,3763.51,159.8,
1316,2507,ZONE_FACULTY_ARCHIVES,SM_Prop_BioLight_Column_01,-87955.5,242.47,4256.54,194.2,
1317,2509,ZONE_FACULTY_ARCHIVES,SM_Prop_SolarGlassPavement_Tile,-87806.31,-1533.87,3763.51,25.6,
1318,2511,ZONE_FACULTY_ARCHIVES,SM_Prop_SolarGlassPavement_Tile,-88040.74,-3079.68,3009.68,265.9,
1319,2513,ZONE_FACULTY_ARCHIVES,SM_Prop_SolarGlassPavement_Tile,-87961.38,-4779.02,2000.05,205.5,
1320,2515,ZONE_CLEARANCE_WATERWAY,SM_Prop_Waterway_WarningBuoy_Luminescent,-87835.63,-6969.47,629.61,143.6,
1321,2517,ZONE_FACULTY_ARCHIVES,SM_Prop_BioLight_Column_01,-91029.81,4859.83,1433.09,98.3,
1322,2519,ZONE_FACULTY_ARCHIVES,SM_Prop_SolarGlassPavement_Tile,-90676.59,3359.87,2297.97,9.7,
1323,2521,ZONE_FACULTY_ARCHIVES,SM_Prop_BioLight_Column_01,-91039.02,1745.58,2962.36,156.9,
1324,2523,ZONE_FACULTY_ARCHIVES,SM_Prop_SolarGlassPavement_Tile,-91101.69,395.94,3446.26,30.1,
1325,2525,ZONE_FACULTY_ARCHIVES,SM_Prop_AtmosphereBooth_01,-90772.31,-667.31,3441.26,161.9,
1326,2527,ZONE_FACULTY_ARCHIVES,SM_Prop_AtmosphereBooth_01,-90571.9,-2311.84,2962.36,134.2,
1327,2529,ZONE_FACULTY_ARCHIVES,SM_Prop_AtmosphereBooth_01,-91005.36,-3259.83,2292.97,232.2,
1328,2531,ZONE_FACULTY_ARCHIVES,SM_Prop_SolarGlassPavement_Tile,-90895.29,-5329.05,1438.09,167.5,
1329,2535,ZONE_FACULTY_ARCHIVES,SM_Prop_SolarGlassPavement_Tile,-94175.32,3129.06,1648.64,138.9,
1330,2537,ZONE_FACULTY_ARCHIVES,SM_Prop_SolarGlassPavement_Tile,-94162.3,2520.95,2171.81,304.7,
1331,2539,ZONE_FACULTY_ARCHIVES,SM_Prop_BioLight_Column_01,-94205.08,757.02,2562.44,320.7,
1332,2541,ZONE_FACULTY_ARCHIVES,SM_Prop_SolarGlassPavement_Tile,-93734.1,-233.77,2835.55,47.2,
1333,2543,ZONE_FACULTY_ARCHIVES,SM_Prop_BioLight_Column_01,-94105.14,-1099.55,2562.44,207.7,
1334,2545,ZONE_FACULTY_ARCHIVES,SM_Prop_BioLight_Column_01,-93839.9,-2543.55,2166.81,176.5,
1335,2547,ZONE_FACULTY_ARCHIVES,SM_Prop_BioLight_Column_01,-94458.88,-3145.18,1643.64,228.3,
1336,2550,ZONE_CLEARANCE_WATERWAY,SM_Prop_Waterway_WarningBuoy_Luminescent,-97500.1,3489.76,803.97,340.8,
1337,2551,ZONE_HARBOR_BERTH,SM_Prop_OceanSensorBeacon,-97197.52,3053.99,1107.01,233.4,
1338,2552,ZONE_HARBOR_BERTH,SM_Prop_Submersible_MooringClamp,-97040.5,2900.53,1241.5,9.2,
1339,2553,ZONE_HARBOR_BERTH,SM_Prop_OceanSensorBeacon,-97363.82,2051.75,1457.44,222.2,
1340,2554,ZONE_HARBOR_BERTH,SM_Prop_Harbor_Bollard_Heavy,-97359.7,1828.14,1604.83,149.2,
1341,2555,ZONE_HARBOR_BERTH,SM_Prop_OceanSensorBeacon,-96897.92,953.23,1733.66,259.5,
1342,2556,ZONE_HARBOR_BERTH,SM_Prop_OceanSensorBeacon,-97599.27,818.1,1843.94,227.6,
1343,2557,ZONE_HARBOR_BERTH,SM_Prop_Harbor_Bollard_Heavy,-97129.98,655.4,1935.68,181.4,
1344,2558,ZONE_HARBOR_BERTH,SM_Prop_Harbor_Bollard_Heavy,-97038.71,237.54,2008.86,178.3,
1345,2559,ZONE_HARBOR_BERTH,SM_Prop_Harbor_Bollard_Heavy,-97500.69,-809.63,1935.68,343.9,
1346,2560,ZONE_HARBOR_BERTH,SM_Prop_Submersible_MooringClamp,-97106.28,-1048.58,1793.94,64.3,
1347,2561,ZONE_HARBOR_BERTH,SM_Prop_Harbor_Bollard_Heavy,-96967.32,-1088.24,1733.66,225.8,
1348,2562,ZONE_HARBOR_BERTH,SM_Prop_Submersible_MooringClamp,-97057.72,-1392.63,1554.83,265.8,
1349,2563,ZONE_HARBOR_BERTH,SM_Prop_Harbor_Bollard_Heavy,-97329.43,-1888.36,1457.44,157.7,
1350,2564,ZONE_HARBOR_BERTH,SM_Prop_Harbor_Bollard_Heavy,-97289.38,-2973.47,1291.5,356.5,
1351,2565,ZONE_HARBOR_BERTH,SM_Prop_Harbor_Bollard_Heavy,-97228.51,-3231.49,1107.01,169.2,
1352,2568,ZONE_HARBOR_BERTH,SM_Prop_Submersible_MooringClamp,-100208.77,2399.42,735.44,326.8,
1353,2569,ZONE_HARBOR_BERTH,SM_Prop_OceanSensorBeacon,-100195.12,2053.57,875.63,40.9,
1354,2570,ZONE_HARBOR_BERTH,SM_Prop_Harbor_Bollard_Heavy,-100271.88,1616.07,957.06,286.9,
1355,2571,ZONE_HARBOR_BERTH,SM_Prop_OceanSensorBeacon,-100411.23,1428.25,1029.72,27.9,
1356,2572,ZONE_HARBOR_BERTH,SM_Prop_OceanSensorBeacon,-100712.8,1147.21,1093.62,182.1,
1357,2573,ZONE_HARBOR_BERTH,SM_Prop_Harbor_Bollard_Heavy,-100501.12,618.74,1148.76,260.1,
1358,2574,ZONE_HARBOR_BERTH,SM_Prop_OceanSensorBeacon,-100151.35,468.32,1195.14,332.3,
1359,2575,ZONE_HARBOR_BERTH,SM_Prop_Submersible_MooringClamp,-100303.95,179.42,1182.75,44.5,
1360,2576,ZONE_HARBOR_BERTH,SM_Prop_Harbor_Bollard_Heavy,-100693.77,-558.12,1195.14,229.3,
1361,2577,ZONE_HARBOR_BERTH,SM_Prop_OceanSensorBeacon,-100073.31,-591.71,1148.76,61.3,
1362,2578,ZONE_HARBOR_BERTH,SM_Prop_Harbor_Bollard_Heavy,-100546.82,-1240.72,1093.62,128.2,
1363,2579,ZONE_HARBOR_BERTH,SM_Prop_OceanSensorBeacon,-100690.81,-1044.85,1029.72,135.2,
1364,2580,ZONE_HARBOR_BERTH,SM_Prop_Submersible_MooringClamp,-100314.34,-1495.43,907.06,79.8,
1365,2581,ZONE_HARBOR_BERTH,SM_Prop_Harbor_Bollard_Heavy,-100296.6,-1577.29,875.63,139.8,
1366,2582,ZONE_HARBOR_BERTH,SM_Prop_Harbor_Bollard_Heavy,-100634.52,-1919.02,785.44,152.4,
1367,2585,ZONE_HARBOR_BERTH,SM_Prop_Harbor_Bollard_Heavy,-103578.2,1060.19,430.28,269.7,
1368,2586,ZONE_HARBOR_BERTH,SM_Prop_OceanSensorBeacon,-103240.63,1233.18,461.44,57.3,
1369,2587,ZONE_HARBOR_BERTH,SM_Prop_Submersible_MooringClamp,-103193.8,1327.44,439.73,243.1,
1370,2588,ZONE_HARBOR_BERTH,SM_Prop_OceanSensorBeacon,-103685.26,526.73,515.14,97.5,
1371,2589,ZONE_HARBOR_BERTH,SM_Prop_Harbor_Bollard_Heavy,-103670.47,195.76,537.69,321.3,
1372,2590,ZONE_HARBOR_BERTH,SM_Prop_Harbor_Bollard_Heavy,-103739.58,409.56,557.37,204.5,
1373,2591,ZONE_HARBOR_BERTH,SM_Prop_Harbor_Bollard_Heavy,-103933.6,-129.93,574.18,154.1,
1374,2592,ZONE_HARBOR_BERTH,SM_Prop_Harbor_Bollard_Heavy,-103461.04,-226.12,588.11,161.0,
1375,2593,ZONE_HARBOR_BERTH,SM_Prop_Submersible_MooringClamp,-103877.51,-260.07,524.18,196.3,
1376,2594,ZONE_HARBOR_BERTH,SM_Prop_Harbor_Bollard_Heavy,-103688.02,-44.45,557.37,120.4,
1377,2595,ZONE_HARBOR_BERTH,SM_Prop_Harbor_Bollard_Heavy,-103601.61,-810.74,537.69,178.8,
1378,2596,ZONE_HARBOR_BERTH,SM_Prop_Harbor_Bollard_Heavy,-103946.04,-348.9,515.14,325.4,
1379,2597,ZONE_HARBOR_BERTH,SM_Prop_Harbor_Bollard_Heavy,-103587.9,-1182.29,489.73,286.4,
1380,2598,ZONE_HARBOR_BERTH,SM_Prop_Harbor_Bollard_Heavy,-103203.18,-849.49,461.44,36.9,
1381,2599,ZONE_HARBOR_BERTH,SM_Prop_OceanSensorBeacon,-103809.19,-937.58,430.28,73.8,
1382,2600,ZONE_CLEARANCE_WATERWAY,SM_Prop_Waterway_WarningBuoy_Luminescent,-103738.93,-1377.54,296.26,40.3,
1383,2602,ZONE_HARBOR_BERTH,SM_Prop_Harbor_Bollard_Heavy,-106914.88,540.88,129.94,43.6,
1384,2603,ZONE_HARBOR_BERTH,SM_Prop_Harbor_Bollard_Heavy,-106536.18,525.58,134.66,212.1,
1385,2604,ZONE_HARBOR_BERTH,SM_Prop_Submersible_MooringClamp,-106732.69,133.66,88.99,306.4,
1386,2605,ZONE_HARBOR_BERTH,SM_Prop_OceanSensorBeacon,-106697.07,691.36,142.93,216.2,
1387,2606,ZONE_HARBOR_BERTH,SM_Prop_Submersible_MooringClamp,-106705.9,309.62,96.47,245.0,
1388,2607,ZONE_HARBOR_BERTH,SM_Prop_Harbor_Bollard_Heavy,-106871.87,430.36,149.62,130.1,
1389,2608,ZONE_HARBOR_BERTH,SM_Prop_Submersible_MooringClamp,-106907.97,-1.17,102.38,327.3,
1390,2609,ZONE_HARBOR_BERTH,SM_Prop_Harbor_Bollard_Heavy,-107019.81,-126.6,154.75,339.1,
1391,2610,ZONE_HARBOR_BERTH,SM_Prop_Harbor_Bollard_Heavy,-106347.44,-285.43,152.38,165.0,
1392,2611,ZONE_HARBOR_BERTH,SM_Prop_Submersible_MooringClamp,-106561.59,-520.38,99.62,279.5,
1393,2612,ZONE_HARBOR_BERTH,SM_Prop_Harbor_Bollard_Heavy,-106623.45,-389.98,146.47,279.8,
1394,2613,ZONE_HARBOR_BERTH,SM_Prop_Harbor_Bollard_Heavy,-106489.19,-671.56,142.93,75.4,
1395,2614,ZONE_HARBOR_BERTH,SM_Prop_Harbor_Bollard_Heavy,-106870.22,-149.88,138.99,67.6,
1396,2615,ZONE_HARBOR_BERTH,SM_Prop_Submersible_MooringClamp,-107126.22,-253.86,84.66,48.3,
1397,2616,ZONE_HARBOR_BERTH,SM_Prop_OceanSensorBeacon,-107086.69,-685.33,129.94,116.3,
1398,2619,ZONE_HARBOR_BERTH,SM_Prop_Submersible_MooringClamp,-109704.49,294.8,-50.0,302.4,
1399,2620,ZONE_HARBOR_BERTH,SM_Prop_OceanSensorBeacon,-110001.91,-381.11,0.0,265.8,
1400,2621,ZONE_HARBOR_BERTH,SM_Prop_Submersible_MooringClamp,-109798.9,-133.26,-50.0,63.4,
1401,2622,ZONE_HARBOR_BERTH,SM_Prop_Harbor_Bollard_Heavy,-110200.29,-91.68,0.0,69.1,
1402,2623,ZONE_HARBOR_BERTH,SM_Prop_Harbor_Bollard_Heavy,-110272.74,-101.09,0.0,57.4,
1403,2624,ZONE_HARBOR_BERTH,SM_Prop_OceanSensorBeacon,-109897.26,290.98,0.0,125.1,
1404,2625,ZONE_HARBOR_BERTH,SM_Prop_Harbor_Bollard_Heavy,-110021.72,116.16,0.0,98.1,
1405,2626,ZONE_HARBOR_BERTH,SM_Prop_Harbor_Bollard_Heavy,-109995.83,394.26,0.0,87.3,
1406,2627,ZONE_HARBOR_BERTH,SM_Prop_OceanSensorBeacon,-109799.23,-299.84,0.0,342.1,
1407,2628,ZONE_HARBOR_BERTH,SM_Prop_Harbor_Bollard_Heavy,-110112.08,-142.77,0.0,243.0,
1408,2629,ZONE_HARBOR_BERTH,SM_Prop_Harbor_Bollard_Heavy,-109921.16,23.42,0.0,191.1,
1409,2630,ZONE_HARBOR_BERTH,SM_Prop_Harbor_Bollard_Heavy,-109529.56,227.75,0.0,112.2,
1410,2631,ZONE_HARBOR_BERTH,SM_Prop_Submersible_MooringClamp,-110107.05,-167.57,-50.0,101.2,
1411,2632,ZONE_HARBOR_BERTH,SM_Prop_Harbor_Bollard_Heavy,-109521.52,-207.56,0.0,233.8,
1412,2633,ZONE_HARBOR_BERTH,SM_Prop_Harbor_Bollard_Heavy,-109998.7,169.05,0.0,215.4,
1413,2635,ZONE_CLEARANCE_WATERWAY,SM_Prop_Waterway_WarningBuoy_Luminescent,-10593.66,-10404.66,-100.0,50.2,
1414,2637,ZONE_FACULTY_ABYSSAL,SM_Prop_BioLight_Column_01,-10243.89,-10654.68,0.0,333.2,
1415,2639,ZONE_FACULTY_ABYSSAL,SM_Prop_SolarGlassPavement_Tile,-10398.67,-10847.8,5.0,90.1,
1416,2641,ZONE_FACULTY_ABYSSAL,SM_Prop_SolarGlassPavement_Tile,-10302.32,-10765.0,5.0,64.6,
1417,2643,ZONE_FACULTY_ABYSSAL,SM_Prop_SolarGlassPavement_Tile,-10691.34,-10958.33,5.0,356.3,
1418,2645,ZONE_FACULTY_ABYSSAL,SM_Prop_AtmosphereBooth_01,-10958.91,-10794.35,0.0,49.0,
1419,2647,ZONE_FACULTY_ABYSSAL,SM_Prop_BioLight_Column_01,-10560.85,-10854.29,0.0,281.0,
1420,2649,ZONE_FACULTY_ABYSSAL,SM_Prop_SolarGlassPavement_Tile,-10511.76,-10749.22,5.0,69.5,
1421,2653,ZONE_FACULTY_ABYSSAL,SM_Prop_AtmosphereBooth_01,-15382.12,-10065.32,-78.61,351.4,
1422,2655,ZONE_FACULTY_ABYSSAL,SM_Prop_BioLight_Column_01,-14845.64,-10927.15,185.31,54.6,
1423,2657,ZONE_FACULTY_ABYSSAL,SM_Prop_BioLight_Column_01,-13828.28,-11375.24,403.5,324.2,
1424,2659,ZONE_FACULTY_ABYSSAL,SM_Prop_BioLight_Column_01,-13041.8,-12578.68,575.95,350.3,
1425,2661,ZONE_FACULTY_ABYSSAL,SM_Prop_BioLight_Column_01,-12476.81,-13472.19,575.95,347.0,
1426,2663,ZONE_FACULTY_ABYSSAL,SM_Prop_BioLight_Column_01,-11462.86,-14246.27,403.5,116.3,
1427,2665,ZONE_FACULTY_ABYSSAL,SM_Prop_SolarGlassPavement_Tile,-10450.07,-14638.14,190.31,256.4,
1428,2667,ZONE_FACULTY_ABYSSAL,SM_Prop_SolarGlassPavement_Tile,-9713.59,-15608.02,-73.61,191.8,
1429,2671,ZONE_FACULTY_ABYSSAL,SM_Prop_AtmosphereBooth_01,-17944.97,-11975.82,65.08,273.8,
1430,2673,ZONE_FACULTY_ABYSSAL,SM_Prop_SolarGlassPavement_Tile,-17340.66,-13033.55,495.62,359.2,
1431,2675,ZONE_FACULTY_ABYSSAL,SM_Prop_AtmosphereBooth_01,-16339.08,-13829.39,825.21,165.7,
1432,2677,ZONE_FACULTY_ABYSSAL,SM_Prop_BioLight_Column_01,-15374.44,-15190.93,1068.84,120.6,
1433,2679,ZONE_FACULTY_ABYSSAL,SM_Prop_BioLight_Column_01,-13924.38,-16088.6,825.21,219.0,
1434,2681,ZONE_FACULTY_ABYSSAL,SM_Prop_BioLight_Column_01,-13338.62,-17131.33,490.62,98.4,
1435,2683,ZONE_FACULTY_ABYSSAL,SM_Prop_AtmosphereBooth_01,-11872.87,-18319.82,65.08,62.2,
1436,2685,ZONE_CLEARANCE_WATERWAY,SM_Prop_Waterway_WarningBuoy_Luminescent,-10561.27,-19138.91,-551.43,108.1,
1437,2687,ZONE_FACULTY_ABYSSAL,SM_Prop_SolarGlassPavement_Tile,-21333.0,-12578.33,-280.5,95.8,
1438,2689,ZONE_FACULTY_ABYSSAL,SM_Prop_BioLight_Column_01,-20799.51,-13996.64,376.44,163.5,
1439,2691,ZONE_FACULTY_ABYSSAL,SM_Prop_BioLight_Column_01,-19540.85,-15065.69,903.19,103.3,
1440,2693,ZONE_FACULTY_ABYSSAL,SM_Prop_SolarGlassPavement_Tile,-18185.38,-16901.16,1299.75,109.1,
1441,2695,ZONE_FACULTY_ABYSSAL,SM_Prop_BioLight_Column_01,-16541.95,-17928.72,1294.75,6.8,
1442,2697,ZONE_FACULTY_ABYSSAL,SM_Prop_SolarGlassPavement_Tile,-15311.51,-19516.06,908.19,144.6,
1443,2699,ZONE_FACULTY_ABYSSAL,SM_Prop_SolarGlassPavement_Tile,-13968.9,-20323.4,381.44,178.7,
1444,2701,ZONE_FACULTY_ABYSSAL,SM_Prop_SolarGlassPavement_Tile,-13284.68,-21494.34,-280.5,282.9,
1445,2705,ZONE_FACULTY_ABYSSAL,SM_Prop_BioLight_Column_01,-23797.73,-14929.63,58.24,114.4,
1446,2707,ZONE_FACULTY_ABYSSAL,SM_Prop_BioLight_Column_01,-22369.86,-16594.39,809.6,152.4,
1447,2709,ZONE_FACULTY_ABYSSAL,SM_Prop_SolarGlassPavement_Tile,-20638.89,-18117.92,1388.01,155.3,
1448,2711,ZONE_FACULTY_ABYSSAL,SM_Prop_BioLight_Column_01,-19553.36,-19256.11,1778.47,163.4,
1449,2713,ZONE_FACULTY_ABYSSAL,SM_Prop_BioLight_Column_01,-18211.91,-20672.33,1383.01,148.7,
1450,2715,ZONE_FACULTY_ABYSSAL,SM_Prop_BioLight_Column_01,-16817.65,-22367.32,809.6,84.8,
1451,2717,ZONE_FACULTY_ABYSSAL,SM_Prop_SolarGlassPavement_Tile,-15468.06,-23804.19,63.24,186.9,
1452,2720,ZONE_CLEARANCE_WATERWAY,SM_Prop_Waterway_WarningBuoy_Luminescent,-28188.08,-14963.84,-1159.36,321.0,
1453,2721,ZONE_FACULTY_ABYSSAL,SM_Prop_BioLight_Column_01,-27524.59,-16148.04,-473.95,136.0,
1454,2723,ZONE_FACULTY_ABYSSAL,SM_Prop_AtmosphereBooth_01,-25865.19,-17333.78,532.8,167.9,
1455,2725,ZONE_FACULTY_ABYSSAL,SM_Prop_AtmosphereBooth_01,-24335.35,-19164.34,1320.81,131.3,
1456,2727,ZONE_FACULTY_ABYSSAL,SM_Prop_BioLight_Column_01,-22719.67,-20749.8,1890.06,113.7,
1457,2729,ZONE_FACULTY_ABYSSAL,SM_Prop_BioLight_Column_01,-20954.98,-22530.17,1890.06,107.5,
1458,2731,ZONE_FACULTY_ABYSSAL,SM_Prop_BioLight_Column_01,-19602.05,-24619.94,1320.81,106.2,
1459,2733,ZONE_FACULTY_ABYSSAL,SM_Prop_SolarGlassPavement_Tile,-17572.36,-25794.41,537.8,320.9,
1460,2735,ZONE_FACULTY_ABYSSAL,SM_Prop_SolarGlassPavement_Tile,-15610.88,-27618.23,-468.95,98.3,
1461,2739,ZONE_FACULTY_ABYSSAL,SM_Prop_SolarGlassPavement_Tile,-29738.62,-18433.22,65.93,146.1,
1462,2741,ZONE_FACULTY_ABYSSAL,SM_Prop_SolarGlassPavement_Tile,-27691.92,-20396.87,1098.18,145.2,
1463,2743,ZONE_FACULTY_ABYSSAL,SM_Prop_SolarGlassPavement_Tile,-26125.46,-21801.0,1873.28,214.2,
1464,2745,ZONE_FACULTY_ABYSSAL,SM_Prop_AtmosphereBooth_01,-24043.53,-24088.45,2386.22,343.7,
1465,2747,ZONE_FACULTY_ABYSSAL,SM_Prop_BioLight_Column_01,-21866.06,-26101.57,1868.28,173.7,
1466,2749,ZONE_FACULTY_ABYSSAL,SM_Prop_SolarGlassPavement_Tile,-20331.11,-27602.1,1098.18,215.8,
1467,2751,ZONE_FACULTY_ABYSSAL,SM_Prop_AtmosphereBooth_01,-18041.6,-29423.48,60.93,199.4,
1468,2755,ZONE_FACULTY_ABYSSAL,SM_Prop_AtmosphereBooth_01,-33402.49,-19034.62,-614.37,121.6,
1469,2757,ZONE_FACULTY_ABYSSAL,SM_Prop_BioLight_Column_01,-31957.27,-21122.8,687.45,89.0,
1470,2759,ZONE_FACULTY_ABYSSAL,SM_Prop_SolarGlassPavement_Tile,-29678.81,-23289.73,1701.53,114.7,
1471,2761,ZONE_FACULTY_ABYSSAL,SM_Prop_BioLight_Column_01,-27562.78,-25194.66,2412.87,16.8,
1472,2763,ZONE_FACULTY_ABYSSAL,SM_Prop_BioLight_Column_01,-25445.38,-27226.7,2412.87,290.3,
1473,2765,ZONE_FACULTY_ABYSSAL,SM_Prop_AtmosphereBooth_01,-23482.36,-29234.03,1696.53,354.8,
1474,2767,ZONE_FACULTY_ABYSSAL,SM_Prop_SolarGlassPavement_Tile,-20709.81,-31280.56,692.45,240.2,
1475,2769,ZONE_FACULTY_ABYSSAL,SM_Prop_AtmosphereBooth_01,-18668.61,-33748.4,-614.37,316.2,
1476,2770,ZONE_CLEARANCE_WATERWAY,SM_Prop_Waterway_WarningBuoy_Luminescent,-17969.31,-34853.32,-1475.06,304.2,
1477,2773,ZONE_FACULTY_ABYSSAL,SM_Prop_AtmosphereBooth_01,-35134.7,-21893.62,95.44,188.3,
1478,2775,ZONE_FACULTY_ABYSSAL,SM_Prop_BioLight_Column_01,-32950.25,-24237.9,1361.74,211.8,
1479,2777,ZONE_FACULTY_ABYSSAL,SM_Prop_BioLight_Column_01,-30681.46,-26537.63,2302.91,102.2,
1480,2779,ZONE_FACULTY_ABYSSAL,SM_Prop_AtmosphereBooth_01,-28703.24,-28233.67,2918.95,86.8,
1481,2781,ZONE_FACULTY_ABYSSAL,SM_Prop_SolarGlassPavement_Tile,-26070.62,-30617.32,2307.91,95.4,
1482,2783,ZONE_FACULTY_ABYSSAL,SM_Prop_SolarGlassPavement_Tile,-23850.11,-33467.4,1366.74,21.3,
1483,2785,ZONE_FACULTY_ABYSSAL,SM_Prop_SolarGlassPavement_Tile,-21138.44,-35631.92,100.44,312.9,
1484,2789,ZONE_FACULTY_ABYSSAL,SM_Prop_AtmosphereBooth_01,-39388.43,-22171.31,-685.15,357.3,
1485,2791,ZONE_FACULTY_ABYSSAL,SM_Prop_BioLight_Column_01,-37180.02,-24096.72,855.9,148.6,
1486,2793,ZONE_FACULTY_ABYSSAL,SM_Prop_AtmosphereBooth_01,-34275.08,-27123.58,2043.02,6.6,
1487,2795,ZONE_FACULTY_ABYSSAL,SM_Prop_BioLight_Column_01,-32288.16,-29128.94,2876.18,308.4,
1488,2797,ZONE_FACULTY_ABYSSAL,SM_Prop_SolarGlassPavement_Tile,-29153.27,-32038.94,2881.18,349.7,
1489,2799,ZONE_FACULTY_ABYSSAL,SM_Prop_BioLight_Column_01,-27259.59,-34798.2,2043.02,39.3,
1490,2801,ZONE_FACULTY_ABYSSAL,SM_Prop_AtmosphereBooth_01,-24196.74,-37172.88,855.9,188.8,
1491,2803,ZONE_FACULTY_ABYSSAL,SM_Prop_SolarGlassPavement_Tile,-21851.6,-39287.84,-680.15,292.6,
1492,2805,ZONE_CLEARANCE_WATERWAY,SM_Prop_Waterway_WarningBuoy_Luminescent,-43916.18,-21683.27,-1749.81,306.9,
1493,2807,ZONE_FACULTY_ABYSSAL,SM_Prop_AtmosphereBooth_01,-41425.08,-25051.25,177.2,38.9,
1494,2809,ZONE_FACULTY_ABYSSAL,SM_Prop_BioLight_Column_01,-38521.66,-27369.6,1625.32,208.6,
1495,2811,ZONE_FACULTY_ABYSSAL,SM_Prop_AtmosphereBooth_01,-35920.33,-30360.36,2694.56,299.8,
1496,2813,ZONE_FACULTY_ABYSSAL,SM_Prop_SolarGlassPavement_Tile,-32595.22,-32890.1,3389.91,66.9,
1497,2815,ZONE_FACULTY_ABYSSAL,SM_Prop_BioLight_Column_01,-30442.36,-35382.4,2694.56,131.8,
1498,2817,ZONE_FACULTY_ABYSSAL,SM_Prop_BioLight_Column_01,-27375.39,-38890.49,1625.32,28.9,
1499,2819,ZONE_FACULTY_ABYSSAL,SM_Prop_AtmosphereBooth_01,-24378.03,-40925.02,177.2,218.0,
1500,2823,ZONE_FACULTY_ABYSSAL,SM_Prop_BioLight_Column_01,-45827.88,-24893.32,-669.3,59.1,
1501,2825,ZONE_FACULTY_ABYSSAL,SM_Prop_BioLight_Column_01,-42795.4,-28029.26,1048.33,25.9,
1502,2827,ZONE_FACULTY_ABYSSAL,SM_Prop_BioLight_Column_01,-39376.97,-30895.36,2366.29,208.7,
1503,2829,ZONE_FACULTY_ABYSSAL,SM_Prop_SolarGlassPavement_Tile,-37083.27,-33568.46,3289.57,23.1,
1504,2831,ZONE_FACULTY_ABYSSAL,SM_Prop_BioLight_Column_01,-33961.35,-36617.25,3284.57,348.7,
1505,2833,ZONE_FACULTY_ABYSSAL,SM_Prop_BioLight_Column_01,-30761.6,-39913.97,2366.29,267.9,
1506,2835,ZONE_FACULTY_ABYSSAL,SM_Prop_BioLight_Column_01,-27410.22,-42486.27,1048.33,158.3,
1507,2837,ZONE_FACULTY_ABYSSAL,SM_Prop_SolarGlassPavement_Tile,-24428.28,-45592.1,-664.3,217.6,
1508,2841,ZONE_FACULTY_ABYSSAL,SM_Prop_SolarGlassPavement_Tile,-47218.59,-27496.97,322.49,11.9,
1509,2843,ZONE_FACULTY_ABYSSAL,SM_Prop_BioLight_Column_01,-43980.04,-31419.71,1890.06,74.2,
1510,2845,ZONE_FACULTY_ABYSSAL,SM_Prop_SolarGlassPavement_Tile,-40351.98,-34173.58,3051.54,329.8,
1511,2847,ZONE_FACULTY_ABYSSAL,SM_Prop_BioLight_Column_01,-37158.15,-37292.14,3786.93,328.9,
1512,2849,ZONE_FACULTY_ABYSSAL,SM_Prop_SolarGlassPavement_Tile,-33881.95,-40434.98,3051.54,99.3,
1513,2851,ZONE_FACULTY_ABYSSAL,SM_Prop_SolarGlassPavement_Tile,-31135.58,-43426.77,1895.06,276.4,
1514,2853,ZONE_FACULTY_ABYSSAL,SM_Prop_BioLight_Column_01,-27607.89,-46966.43,317.49,183.5,
1515,2855,ZONE_CLEARANCE_WATERWAY,SM_Prop_Waterway_WarningBuoy_Luminescent,-24875.27,-49876.42,-1771.16,29.0,
1516,2857,ZONE_FACULTY_ABYSSAL,SM_Prop_BioLight_Column_01,-51227.4,-28264.34,-554.39,77.3,
1517,2859,ZONE_FACULTY_ABYSSAL,SM_Prop_AtmosphereBooth_01,-47994.14,-31862.8,1271.59,243.6,
1518,2861,ZONE_FACULTY_ABYSSAL,SM_Prop_BioLight_Column_01,-44441.44,-35046.16,2669.63,244.1,
1519,2863,ZONE_FACULTY_ABYSSAL,SM_Prop_BioLight_Column_01,-41175.78,-38142.61,3639.72,64.2,
1520,2865,ZONE_FACULTY_ABYSSAL,SM_Prop_SolarGlassPavement_Tile,-37864.71,-41308.93,3644.72,339.0,
1521,2867,ZONE_FACULTY_ABYSSAL,SM_Prop_BioLight_Column_01,-34817.58,-44748.88,2669.63,143.7,
1522,2869,ZONE_FACULTY_ABYSSAL,SM_Prop_BioLight_Column_01,-31363.91,-47880.95,1271.59,285.5,
1523,2871,ZONE_FACULTY_ABYSSAL,SM_Prop_SolarGlassPavement_Tile,-28357.44,-51248.06,-549.39,110.8,
1524,2875,ZONE_FACULTY_ABYSSAL,SM_Prop_SolarGlassPavement_Tile,-51448.65,-32580.33,528.87,121.4,
1525,2877,ZONE_FACULTY_ABYSSAL,SM_Prop_BioLight_Column_01,-48086.04,-35828.57,2159.67,356.6,
1526,2879,ZONE_FACULTY_ABYSSAL,SM_Prop_AtmosphereBooth_01,-45239.76,-38900.86,3360.36,197.7,
1527,2881,ZONE_FACULTY_ABYSSAL,SM_Prop_BioLight_Column_01,-41956.77,-41756.33,4125.95,171.9,
1528,2883,ZONE_FACULTY_ABYSSAL,SM_Prop_BioLight_Column_01,-38561.92,-45147.13,3360.36,123.3,
1529,2885,ZONE_FACULTY_ABYSSAL,SM_Prop_SolarGlassPavement_Tile,-35399.76,-48448.21,2164.67,344.3,
1530,2887,ZONE_FACULTY_ABYSSAL,SM_Prop_SolarGlassPavement_Tile,-32353.1,-50859.05,528.87,358.0,
1531,2890,ZONE_CLEARANCE_WATERWAY,SM_Prop_Waterway_WarningBuoy_Luminescent,-55473.73,-32443.77,-1528.08,231.4,
1532,2891,ZONE_FACULTY_ABYSSAL,SM_Prop_AtmosphereBooth_01,-54445.46,-34275.04,-332.77,197.3,
1533,2893,ZONE_FACULTY_ABYSSAL,SM_Prop_AtmosphereBooth_01,-51088.94,-37266.35,1529.73,142.2,
1534,2895,ZONE_FACULTY_ABYSSAL,SM_Prop_SolarGlassPavement_Tile,-48856.37,-40050.0,2959.73,117.6,
1535,2897,ZONE_FACULTY_ABYSSAL,SM_Prop_AtmosphereBooth_01,-45800.02,-43090.54,3942.23,343.0,
1536,2899,ZONE_FACULTY_ABYSSAL,SM_Prop_AtmosphereBooth_01,-42397.1,-45899.25,3942.23,52.4,
1537,2901,ZONE_FACULTY_ABYSSAL,SM_Prop_BioLight_Column_01,-40096.31,-48607.19,2954.73,261.9,
1538,2903,ZONE_FACULTY_ABYSSAL,SM_Prop_SolarGlassPavement_Tile,-37044.79,-51422.08,1534.73,212.0,
1539,2905,ZONE_FACULTY_ABYSSAL,SM_Prop_SolarGlassPavement_Tile,-33894.17,-54650.52,-327.77,22.9,
1540,2909,ZONE_FACULTY_ABYSSAL,SM_Prop_AtmosphereBooth_01,-54133.13,-37955.98,800.12,254.1,
1541,2911,ZONE_FACULTY_ABYSSAL,SM_Prop_SolarGlassPavement_Tile,-52061.36,-40890.25,2440.92,135.2,
1542,2913,ZONE_FACULTY_ABYSSAL,SM_Prop_AtmosphereBooth_01,-48815.84,-43960.38,3636.62,40.4,
1543,2915,ZONE_FACULTY_ABYSSAL,SM_Prop_BioLight_Column_01,-46029.31,-46584.26,4402.21,49.1,
1544,2917,ZONE_FACULTY_ABYSSAL,SM_Prop_AtmosphereBooth_01,-43453.71,-48845.42,3636.62,261.2,
1545,2919,ZONE_FACULTY_ABYSSAL,SM_Prop_SolarGlassPavement_Tile,-41176.1,-51858.28,2440.92,266.4,
1546,2921,ZONE_FACULTY_ABYSSAL,SM_Prop_BioLight_Column_01,-37925.8,-54438.69,800.12,75.1,
1547,2925,ZONE_FACULTY_ABYSSAL,SM_Prop_BioLight_Column_01,-57558.86,-39846.24,-1.87,124.4,
1548,2927,ZONE_FACULTY_ABYSSAL,SM_Prop_SolarGlassPavement_Tile,-54552.78,-42511.4,1829.1,159.8,
1549,2929,ZONE_FACULTY_ABYSSAL,SM_Prop_BioLight_Column_01,-52446.89,-44851.64,3222.14,98.4,
1550,2931,ZONE_FACULTY_ABYSSAL,SM_Prop_BioLight_Column_01,-50249.69,-47497.95,4192.24,116.1,
1551,2933,ZONE_FACULTY_ABYSSAL,SM_Prop_BioLight_Column_01,-47657.55,-50254.84,4192.24,263.8,
1552,2935,ZONE_FACULTY_ABYSSAL,SM_Prop_SolarGlassPavement_Tile,-44985.13,-52483.89,3227.14,226.6,
1553,2937,ZONE_FACULTY_ABYSSAL,SM_Prop_BioLight_Column_01,-42270.96,-54490.67,1824.1,140.2,
1554,2939,ZONE_FACULTY_ABYSSAL,SM_Prop_BioLight_Column_01,-39671.78,-57013.54,-1.87,313.5,
1555,2940,ZONE_CLEARANCE_WATERWAY,SM_Prop_Waterway_WarningBuoy_Luminescent,-38829.38,-59008.63,-1175.34,160.7,
1556,2943,ZONE_FACULTY_ABYSSAL,SM_Prop_AtmosphereBooth_01,-57938.78,-43669.26,1146.26,87.3,
1557,2945,ZONE_FACULTY_ABYSSAL,SM_Prop_AtmosphereBooth_01,-55567.82,-46210.9,2718.83,283.0,
1558,2947,ZONE_FACULTY_ABYSSAL,SM_Prop_SolarGlassPavement_Tile,-53209.56,-48412.14,3880.31,243.2,
1559,2949,ZONE_FACULTY_ABYSSAL,SM_Prop_BioLight_Column_01,-51254.21,-50992.84,4615.7,9.3,
1560,2951,ZONE_FACULTY_ABYSSAL,SM_Prop_BioLight_Column_01,-48468.3,-53169.96,3875.31,333.3,
1561,2953,ZONE_FACULTY_ABYSSAL,SM_Prop_AtmosphereBooth_01,-46588.04,-55434.98,2718.83,56.3,
1562,2955,ZONE_FACULTY_ABYSSAL,SM_Prop_SolarGlassPavement_Tile,-44292.96,-57864.2,1151.26,127.5,
1563,2959,ZONE_FACULTY_ABYSSAL,SM_Prop_SolarGlassPavement_Tile,-60754.02,-45695.16,440.72,185.5,
1564,2961,ZONE_FACULTY_ABYSSAL,SM_Prop_SolarGlassPavement_Tile,-58287.06,-48072.5,2158.35,61.2,
1565,2963,ZONE_FACULTY_ABYSSAL,SM_Prop_SolarGlassPavement_Tile,-56151.83,-49608.68,3476.31,340.3,
1566,2965,ZONE_FACULTY_ABYSSAL,SM_Prop_BioLight_Column_01,-54059.9,-51788.13,4389.59,238.9,
1567,2967,ZONE_FACULTY_ABYSSAL,SM_Prop_BioLight_Column_01,-51725.1,-53764.45,4389.59,315.9,
1568,2969,ZONE_FACULTY_ABYSSAL,SM_Prop_BioLight_Column_01,-49708.8,-56411.88,3471.31,198.5,
1569,2971,ZONE_FACULTY_ABYSSAL,SM_Prop_SolarGlassPavement_Tile,-48057.39,-58503.38,2158.35,7.5,
1570,2973,ZONE_FACULTY_ABYSSAL,SM_Prop_SolarGlassPavement_Tile,-45701.32,-60094.75,440.72,35.5,
1571,2975,ZONE_CLEARANCE_WATERWAY,SM_Prop_Waterway_WarningBuoy_Luminescent,-62977.4,-47740.82,-368.53,317.4,
1572,2977,ZONE_FACULTY_ABYSSAL,SM_Prop_SolarGlassPavement_Tile,-60547.58,-49777.45,1563.48,306.6,
1573,2979,ZONE_FACULTY_ABYSSAL,SM_Prop_SolarGlassPavement_Tile,-59327.72,-51403.29,3011.6,52.1,
1574,2981,ZONE_FACULTY_ABYSSAL,SM_Prop_SolarGlassPavement_Tile,-57517.97,-53107.03,4080.84,80.0,
1575,2983,ZONE_FACULTY_ABYSSAL,SM_Prop_BioLight_Column_01,-55261.23,-55732.76,4766.19,336.6,
1576,2985,ZONE_FACULTY_ABYSSAL,SM_Prop_BioLight_Column_01,-53134.29,-57437.01,4075.84,122.5,
1577,2987,ZONE_FACULTY_ABYSSAL,SM_Prop_BioLight_Column_01,-51639.5,-59245.58,3006.6,271.7,
1578,2989,ZONE_FACULTY_ABYSSAL,SM_Prop_BioLight_Column_01,-49796.44,-60706.35,1558.48,161.5,
1579,2993,ZONE_FACULTY_ABYSSAL,SM_Prop_SolarGlassPavement_Tile,-63597.27,-51595.23,977.39,345.6,
1580,2995,ZONE_FACULTY_ABYSSAL,SM_Prop_AtmosphereBooth_01,-61743.94,-53215.68,2513.44,242.8,
1581,2997,ZONE_FACULTY_ABYSSAL,SM_Prop_BioLight_Column_01,-59781.75,-54860.81,3700.55,253.3,
1582,2999,ZONE_FACULTY_ABYSSAL,SM_Prop_BioLight_Column_01,-58694.68,-56575.64,4533.72,56.8,
1583,3001,ZONE_FACULTY_ABYSSAL,SM_Prop_AtmosphereBooth_01,-56654.37,-58382.65,4533.72,219.9,
1584,3003,ZONE_FACULTY_ABYSSAL,SM_Prop_SolarGlassPavement_Tile,-55414.61,-60117.2,3705.55,240.7,
1585,3005,ZONE_FACULTY_ABYSSAL,SM_Prop_SolarGlassPavement_Tile,-53566.15,-61690.74,2518.44,262.8,
1586,3007,ZONE_FACULTY_ABYSSAL,SM_Prop_BioLight_Column_01,-52029.21,-63367.84,972.39,54.8,
1587,3011,ZONE_FACULTY_ABYSSAL,SM_Prop_BioLight_Column_01,-64372.39,-55786.33,1959.64,357.2,
1588,3013,ZONE_FACULTY_ABYSSAL,SM_Prop_BioLight_Column_01,-62528.34,-56895.79,3182.51,260.5,
1589,3015,ZONE_FACULTY_ABYSSAL,SM_Prop_BioLight_Column_01,-61348.12,-58114.26,4091.41,218.1,
1590,3017,ZONE_FACULTY_ABYSSAL,SM_Prop_AtmosphereBooth_01,-59941.33,-59629.65,4686.33,141.1,
1591,3019,ZONE_FACULTY_ABYSSAL,SM_Prop_SolarGlassPavement_Tile,-58582.89,-61648.49,4096.41,339.9,
1592,3021,ZONE_FACULTY_ABYSSAL,SM_Prop_SolarGlassPavement_Tile,-57105.24,-62553.1,3187.51,296.3,
1593,3023,ZONE_FACULTY_ABYSSAL,SM_Prop_BioLight_Column_01,-55647.11,-64091.95,1959.64,235.3,
1594,3025,ZONE_CLEARANCE_WATERWAY,SM_Prop_Waterway_WarningBuoy_Luminescent,-54221.26,-65492.77,322.8,330.5,
1595,3027,ZONE_FACULTY_ABYSSAL,SM_Prop_AtmosphereBooth_01,-66096.9,-58082.35,1394.3,227.5,
1596,3029,ZONE_FACULTY_ABYSSAL,SM_Prop_AtmosphereBooth_01,-65383.77,-58906.22,2531.84,264.7,
1597,3031,ZONE_FACULTY_ABYSSAL,SM_Prop_AtmosphereBooth_01,-64156.84,-60068.24,3413.57,9.8,
1598,3033,ZONE_FACULTY_ABYSSAL,SM_Prop_SolarGlassPavement_Tile,-62961.82,-61448.95,4044.5,33.2,
1599,3035,ZONE_FACULTY_ABYSSAL,SM_Prop_AtmosphereBooth_01,-61668.81,-62694.32,4039.5,79.3,
1600,3037,ZONE_FACULTY_ABYSSAL,SM_Prop_AtmosphereBooth_01,-60128.65,-63616.71,3413.57,37.8,
1601,3039,ZONE_FACULTY_ABYSSAL,SM_Prop_BioLight_Column_01,-58756.88,-65148.53,2531.84,8.2,
1602,3041,ZONE_FACULTY_ABYSSAL,SM_Prop_AtmosphereBooth_01,-57884.55,-66089.38,1394.3,345.5,
1603,3045,ZONE_FACULTY_ABYSSAL,SM_Prop_SolarGlassPavement_Tile,-67017.49,-61430.94,1891.84,153.0,
1604,3047,ZONE_FACULTY_ABYSSAL,SM_Prop_BioLight_Column_01,-66702.76,-61890.46,2651.47,223.3,
1605,3049,ZONE_FACULTY_ABYSSAL,SM_Prop_BioLight_Column_01,-65321.27,-63276.91,3225.62,319.5,
1606,3051,ZONE_FACULTY_ABYSSAL,SM_Prop_BioLight_Column_01,-64043.4,-64540.45,3609.28,169.1,
1607,3053,ZONE_FACULTY_ABYSSAL,SM_Prop_AtmosphereBooth_01,-63428.07,-64994.66,3225.62,61.3,
1608,3055,ZONE_FACULTY_ABYSSAL,SM_Prop_AtmosphereBooth_01,-62637.26,-66466.96,2651.47,219.6,
1609,3057,ZONE_FACULTY_ABYSSAL,SM_Prop_AtmosphereBooth_01,-61373.37,-67082.46,1886.84,270.6,
1610,3060,ZONE_CLEARANCE_WATERWAY,SM_Prop_Waterway_WarningBuoy_Luminescent,-69894.71,-63591.96,892.95,160.4,
1611,3061,ZONE_FACULTY_ABYSSAL,SM_Prop_BioLight_Column_01,-69223.42,-63636.67,1334.24,100.3,
1612,3063,ZONE_FACULTY_ABYSSAL,SM_Prop_SolarGlassPavement_Tile,-68326.75,-64248.95,1926.17,165.8,
1613,3065,ZONE_FACULTY_ABYSSAL,SM_Prop_AtmosphereBooth_01,-67354.16,-65268.21,2380.56,118.4,
1614,3067,ZONE_FACULTY_ABYSSAL,SM_Prop_SolarGlassPavement_Tile,-66632.0,-65808.36,2717.43,214.9,
1615,3069,ZONE_FACULTY_ABYSSAL,SM_Prop_SolarGlassPavement_Tile,-66205.28,-66842.48,2717.43,288.6,
1616,3071,ZONE_FACULTY_ABYSSAL,SM_Prop_AtmosphereBooth_01,-65426.85,-67479.08,2380.56,199.3,
1617,3073,ZONE_FACULTY_ABYSSAL,SM_Prop_BioLight_Column_01,-64642.81,-68857.26,1921.17,41.8,
1618,3075,ZONE_FACULTY_ABYSSAL,SM_Prop_BioLight_Column_01,-63422.98,-69124.82,1334.24,270.9,
1619,3078,ZONE_HARBOR_BERTH,SM_Prop_Submersible_MooringClamp,-70987.19,-66462.59,1057.01,93.6,
1620,3079,ZONE_HARBOR_BERTH,SM_Prop_Submersible_MooringClamp,-70703.25,-67054.58,1241.5,193.2,
1621,3080,ZONE_HARBOR_BERTH,SM_Prop_OceanSensorBeacon,-70599.98,-67213.12,1457.44,298.8,
1622,3081,ZONE_HARBOR_BERTH,SM_Prop_OceanSensorBeacon,-69770.79,-67187.67,1604.83,120.1,
1623,3082,ZONE_HARBOR_BERTH,SM_Prop_Submersible_MooringClamp,-69977.98,-67822.21,1683.66,148.6,
1624,3083,ZONE_HARBOR_BERTH,SM_Prop_OceanSensorBeacon,-69459.18,-68306.13,1843.94,174.7,
1625,3084,ZONE_HARBOR_BERTH,SM_Prop_OceanSensorBeacon,-69256.34,-68699.17,1935.68,341.3,
1626,3085,ZONE_HARBOR_BERTH,SM_Prop_Submersible_MooringClamp,-69059.18,-68576.61,1958.86,170.8,
1627,3086,ZONE_HARBOR_BERTH,SM_Prop_Submersible_MooringClamp,-68554.67,-69110.93,1885.68,3.0,
1628,3087,ZONE_HARBOR_BERTH,SM_Prop_Harbor_Bollard_Heavy,-67795.75,-69293.77,1843.94,202.6,
1629,3088,ZONE_HARBOR_BERTH,SM_Prop_OceanSensorBeacon,-68215.04,-69685.12,1733.66,51.5,
1630,3089,ZONE_HARBOR_BERTH,SM_Prop_OceanSensorBeacon,-67916.73,-70173.41,1604.83,151.8,
1631,3090,ZONE_HARBOR_BERTH,SM_Prop_Harbor_Bollard_Heavy,-67574.92,-70001.68,1457.44,34.3,
1632,3091,ZONE_HARBOR_BERTH,SM_Prop_Harbor_Bollard_Heavy,-66564.1,-70515.07,1291.5,326.4,
1633,3092,ZONE_HARBOR_BERTH,SM_Prop_OceanSensorBeacon,-66389.12,-71021.79,1107.01,160.1,
1634,3095,ZONE_HARBOR_BERTH,SM_Prop_Harbor_Bollard_Heavy,-72349.18,-69643.09,785.44,255.9,
1635,3096,ZONE_HARBOR_BERTH,SM_Prop_OceanSensorBeacon,-72335.3,-69715.88,875.63,57.2,
1636,3097,ZONE_HARBOR_BERTH,SM_Prop_Submersible_MooringClamp,-72448.77,-69731.06,907.06,264.5,
1637,3098,ZONE_HARBOR_BERTH,SM_Prop_Submersible_MooringClamp,-72045.46,-70067.52,979.72,140.5,
1638,3099,ZONE_HARBOR_BERTH,SM_Prop_Submersible_MooringClamp,-71710.7,-70068.39,1043.62,245.4,
1639,3100,ZONE_HARBOR_BERTH,SM_Prop_Harbor_Bollard_Heavy,-71603.17,-70958.97,1148.76,103.9,
1640,3101,ZONE_HARBOR_BERTH,SM_Prop_OceanSensorBeacon,-70886.8,-71056.04,1195.14,183.6,
1641,3102,ZONE_HARBOR_BERTH,SM_Prop_OceanSensorBeacon,-70925.45,-70872.8,1232.75,34.6,
1642,3103,ZONE_HARBOR_BERTH,SM_Prop_Harbor_Bollard_Heavy,-70836.05,-71162.01,1195.14,100.2,
1643,3104,ZONE_HARBOR_BERTH,SM_Prop_OceanSensorBeacon,-70507.77,-71658.24,1148.76,133.2,
1644,3105,ZONE_HARBOR_BERTH,SM_Prop_Harbor_Bollard_Heavy,-70520.75,-71456.21,1093.62,247.5,
1645,3106,ZONE_HARBOR_BERTH,SM_Prop_OceanSensorBeacon,-69920.8,-72212.61,1029.72,90.1,
1646,3107,ZONE_HARBOR_BERTH,SM_Prop_Harbor_Bollard_Heavy,-69558.65,-72012.4,957.06,299.4,
1647,3108,ZONE_HARBOR_BERTH,SM_Prop_Harbor_Bollard_Heavy,-69663.49,-72004.43,875.63,46.9,
1648,3109,ZONE_HARBOR_BERTH,SM_Prop_OceanSensorBeacon,-69342.2,-72627.53,785.44,219.7,
1649,3110,ZONE_CLEARANCE_WATERWAY,SM_Prop_Waterway_WarningBuoy_Luminescent,-69251.9,-72896.23,586.49,230.8,
1650,3112,ZONE_HARBOR_BERTH,SM_Prop_Harbor_Bollard_Heavy,-74332.03,-72255.21,430.28,333.2,
1651,3113,ZONE_HARBOR_BERTH,SM_Prop_Submersible_MooringClamp,-73904.96,-72740.86,411.44,56.5,
1652,3114,ZONE_HARBOR_BERTH,SM_Prop_Submersible_MooringClamp,-74017.3,-72889.24,439.73,159.4,
1653,3115,ZONE_HARBOR_BERTH,SM_Prop_Harbor_Bollard_Heavy,-73720.01,-72759.37,515.14,269.8,
1654,3116,ZONE_HARBOR_BERTH,SM_Prop_OceanSensorBeacon,-73996.58,-72927.06,537.69,284.2,
1655,3117,ZONE_HARBOR_BERTH,SM_Prop_OceanSensorBeacon,-73690.48,-72683.01,557.37,112.3,
1656,3118,ZONE_HARBOR_BERTH,SM_Prop_OceanSensorBeacon,-73671.06,-73230.98,574.18,4.7,
1657,3119,ZONE_HARBOR_BERTH,SM_Prop_Harbor_Bollard_Heavy,-73575.98,-73510.04,588.11,198.2,
1658,3120,ZONE_HARBOR_BERTH,SM_Prop_Submersible_MooringClamp,-72729.96,-73219.61,524.18,135.5,
1659,3121,ZONE_HARBOR_BERTH,SM_Prop_Submersible_MooringClamp,-72977.15,-73348.6,507.37,203.9,
1660,3122,ZONE_HARBOR_BERTH,SM_Prop_OceanSensorBeacon,-72966.53,-73332.13,537.69,177.9,
1661,3123,ZONE_HARBOR_BERTH,SM_Prop_Harbor_Bollard_Heavy,-72980.16,-74018.73,515.14,73.5,
1662,3124,ZONE_HARBOR_BERTH,SM_Prop_Harbor_Bollard_Heavy,-72916.73,-73984.45,489.73,88.1,
1663,3125,ZONE_HARBOR_BERTH,SM_Prop_Submersible_MooringClamp,-72063.03,-74204.0,411.44,133.4,
1664,3126,ZONE_HARBOR_BERTH,SM_Prop_Harbor_Bollard_Heavy,-72209.5,-73909.02,430.28,97.6,
1665,3129,ZONE_HARBOR_BERTH,SM_Prop_Harbor_Bollard_Heavy,-75849.36,-75052.77,129.94,88.1,
1666,3130,ZONE_HARBOR_BERTH,SM_Prop_Submersible_MooringClamp,-75469.61,-75058.07,84.66,306.2,
1667,3131,ZONE_HARBOR_BERTH,SM_Prop_Harbor_Bollard_Heavy,-76083.04,-75413.29,138.99,309.8,
1668,3132,ZONE_HARBOR_BERTH,SM_Prop_Submersible_MooringClamp,-75827.22,-74953.87,92.93,86.9,
1669,3133,ZONE_HARBOR_BERTH,SM_Prop_OceanSensorBeacon,-75761.68,-75141.63,146.47,343.1,
1670,3134,ZONE_HARBOR_BERTH,SM_Prop_Submersible_MooringClamp,-75707.3,-75629.1,99.62,257.4,
1671,3135,ZONE_HARBOR_BERTH,SM_Prop_OceanSensorBeacon,-75198.35,-75599.41,152.38,256.3,
1672,3136,ZONE_HARBOR_BERTH,SM_Prop_Submersible_MooringClamp,-75089.04,-75617.76,104.75,156.4,
1673,3137,ZONE_HARBOR_BERTH,SM_Prop_Harbor_Bollard_Heavy,-75424.17,-75333.72,152.38,50.6,
1674,3138,ZONE_HARBOR_BERTH,SM_Prop_Submersible_MooringClamp,-75555.53,-75796.59,99.62,305.2,
1675,3139,ZONE_HARBOR_BERTH,SM_Prop_Harbor_Bollard_Heavy,-75224.66,-75409.22,146.47,213.8,
1676,3140,ZONE_HARBOR_BERTH,SM_Prop_Harbor_Bollard_Heavy,-74858.73,-75817.55,142.93,290.3,
1677,3141,ZONE_HARBOR_BERTH,SM_Prop_Harbor_Bollard_Heavy,-75378.06,-76109.82,138.99,284.0,
1678,3142,ZONE_HARBOR_BERTH,SM_Prop_Submersible_MooringClamp,-75320.63,-75767.33,84.66,76.0,
1679,3143,ZONE_HARBOR_BERTH,SM_Prop_OceanSensorBeacon,-74801.74,-76224.86,129.94,33.6,
1680,3145,ZONE_CLEARANCE_WATERWAY,SM_Prop_Waterway_WarningBuoy_Luminescent,-77383.23,-77432.34,-100.0,340.5,
1681,3146,ZONE_HARBOR_BERTH,SM_Prop_Submersible_MooringClamp,-77452.86,-77657.28,-50.0,32.0,
1682,3147,ZONE_HARBOR_BERTH,SM_Prop_Submersible_MooringClamp,-77412.37,-77400.8,-50.0,79.7,
1683,3148,ZONE_HARBOR_BERTH,SM_Prop_OceanSensorBeacon,-77462.99,-77610.91,0.0,201.2,
1684,3149,ZONE_HARBOR_BERTH,SM_Prop_Harbor_Bollard_Heavy,-77612.35,-77926.23,0.0,8.0,
1685,3150,ZONE_HARBOR_BERTH,SM_Prop_Submersible_MooringClamp,-78092.5,-78102.54,-50.0,51.0,
1686,3151,ZONE_HARBOR_BERTH,SM_Prop_Harbor_Bollard_Heavy,-78096.63,-77339.54,0.0,71.1,
1687,3152,ZONE_HARBOR_BERTH,SM_Prop_Submersible_MooringClamp,-78088.06,-77605.85,-50.0,9.6,
1688,3153,ZONE_HARBOR_BERTH,SM_Prop_Harbor_Bollard_Heavy,-78004.07,-77324.21,0.0,269.2,
1689,3154,ZONE_HARBOR_BERTH,SM_Prop_Submersible_MooringClamp,-78032.25,-77883.93,-50.0,107.0,
1690,3155,ZONE_HARBOR_BERTH,SM_Prop_OceanSensorBeacon,-78095.8,-77355.05,0.0,33.0,
1691,3156,ZONE_HARBOR_BERTH,SM_Prop_Submersible_MooringClamp,-77890.78,-77720.64,-50.0,36.3,
1692,3157,ZONE_HARBOR_BERTH,SM_Prop_Harbor_Bollard_Heavy,-77598.35,-77397.44,0.0,173.9,
1693,3158,ZONE_HARBOR_BERTH,SM_Prop_Harbor_Bollard_Heavy,-77799.18,-78025.04,0.0,135.4,
1694,3159,ZONE_HARBOR_BERTH,SM_Prop_Submersible_MooringClamp,-78117.67,-77624.02,-50.0,345.7,
1695,3160,ZONE_HARBOR_BERTH,SM_Prop_OceanSensorBeacon,-77618.82,-77384.01,0.0,322.7,
1696,3163,ZONE_FACULTY_DIPLOMACY,SM_Prop_AtmosphereBooth_01,-99.48,-14757.2,0.0,352.0,
1697,3165,ZONE_FACULTY_DIPLOMACY,SM_Prop_BioLight_Column_01,361.28,-14803.56,0.0,157.5,
1698,3167,ZONE_FACULTY_DIPLOMACY,SM_Prop_SolarGlassPavement_Tile,140.62,-15103.59,5.0,184.9,
1699,3169,ZONE_FACULTY_DIPLOMACY,SM_Prop_SolarGlassPavement_Tile,-37.57,-15086.1,5.0,36.8,
1700,3171,ZONE_FACULTY_DIPLOMACY,SM_Prop_BioLight_Column_01,385.79,-15161.36,0.0,239.8,
1701,3173,ZONE_FACULTY_DIPLOMACY,SM_Prop_SolarGlassPavement_Tile,343.27,-15036.7,5.0,128.8,
1702,3175,ZONE_FACULTY_DIPLOMACY,SM_Prop_SolarGlassPavement_Tile,-75.46,-15280.01,5.0,320.7,
1703,3177,ZONE_FACULTY_DIPLOMACY,SM_Prop_AtmosphereBooth_01,-247.55,-14747.88,0.0,25.9,
1704,3181,ZONE_FACULTY_DIPLOMACY,SM_Prop_BioLight_Column_01,-3447.03,-18465.07,59.06,282.4,
1705,3183,ZONE_FACULTY_DIPLOMACY,SM_Prop_BioLight_Column_01,-1978.18,-17853.81,300.12,222.4,
1706,3185,ZONE_FACULTY_DIPLOMACY,SM_Prop_BioLight_Column_01,-992.47,-18115.83,495.44,238.2,
1707,3187,ZONE_FACULTY_DIPLOMACY,SM_Prop_SolarGlassPavement_Tile,173.89,-18080.02,650.03,246.8,
1708,3189,ZONE_FACULTY_DIPLOMACY,SM_Prop_SolarGlassPavement_Tile,1475.45,-18276.8,500.44,29.8,
1709,3191,ZONE_FACULTY_DIPLOMACY,SM_Prop_AtmosphereBooth_01,2729.76,-17789.86,300.12,228.8,
1710,3193,ZONE_FACULTY_DIPLOMACY,SM_Prop_SolarGlassPavement_Tile,3622.62,-18441.32,64.06,149.9,
1711,3195,ZONE_CLEARANCE_WATERWAY,SM_Prop_Waterway_WarningBuoy_Luminescent,4944.2,-17766.7,-327.72,89.5,
1712,3197,ZONE_FACULTY_DIPLOMACY,SM_Prop_SolarGlassPavement_Tile,-5283.3,-21054.02,-176.81,178.9,
1713,3199,ZONE_FACULTY_DIPLOMACY,SM_Prop_BioLight_Column_01,-3690.47,-21046.5,289.22,287.9,
1714,3201,ZONE_FACULTY_DIPLOMACY,SM_Prop_SolarGlassPavement_Tile,-2575.62,-21679.25,674.29,183.1,
1715,3203,ZONE_FACULTY_DIPLOMACY,SM_Prop_AtmosphereBooth_01,-411.0,-21304.28,958.39,220.6,
1716,3205,ZONE_FACULTY_DIPLOMACY,SM_Prop_BioLight_Column_01,417.12,-21452.02,958.39,297.4,
1717,3207,ZONE_FACULTY_DIPLOMACY,SM_Prop_SolarGlassPavement_Tile,2179.65,-21163.07,674.29,134.1,
1718,3209,ZONE_FACULTY_DIPLOMACY,SM_Prop_SolarGlassPavement_Tile,3922.55,-21439.59,294.22,135.7,
1719,3211,ZONE_FACULTY_DIPLOMACY,SM_Prop_SolarGlassPavement_Tile,4789.43,-21229.82,-176.81,65.6,
1720,3215,ZONE_FACULTY_DIPLOMACY,SM_Prop_BioLight_Column_01,-5669.22,-24290.06,62.37,73.2,
1721,3217,ZONE_FACULTY_DIPLOMACY,SM_Prop_BioLight_Column_01,-3923.53,-24457.87,656.72,114.2,
1722,3219,ZONE_FACULTY_DIPLOMACY,SM_Prop_AtmosphereBooth_01,-1497.34,-24827.43,1115.87,63.6,
1723,3221,ZONE_FACULTY_DIPLOMACY,SM_Prop_BioLight_Column_01,395.33,-24116.83,1439.83,356.6,
1724,3223,ZONE_FACULTY_DIPLOMACY,SM_Prop_SolarGlassPavement_Tile,1562.18,-24590.74,1120.87,167.3,
1725,3225,ZONE_FACULTY_DIPLOMACY,SM_Prop_SolarGlassPavement_Tile,3238.44,-24831.94,661.72,131.3,
1726,3227,ZONE_FACULTY_DIPLOMACY,SM_Prop_SolarGlassPavement_Tile,5666.75,-24105.55,67.37,241.3,
1727,3230,ZONE_CLEARANCE_WATERWAY,SM_Prop_Waterway_WarningBuoy_Luminescent,-8410.48,-28023.15,-971.07,80.7,
1728,3231,ZONE_FACULTY_DIPLOMACY,SM_Prop_AtmosphereBooth_01,-7417.57,-27602.43,-384.17,359.3,
1729,3233,ZONE_FACULTY_DIPLOMACY,SM_Prop_BioLight_Column_01,-5408.82,-27928.72,456.16,152.3,
1730,3235,ZONE_FACULTY_DIPLOMACY,SM_Prop_SolarGlassPavement_Tile,-3505.66,-27957.64,1123.55,207.6,
1731,3237,ZONE_FACULTY_DIPLOMACY,SM_Prop_SolarGlassPavement_Tile,-1420.11,-27855.43,1607.98,203.4,
1732,3239,ZONE_FACULTY_DIPLOMACY,SM_Prop_SolarGlassPavement_Tile,733.85,-27863.3,1607.98,126.5,
1733,3241,ZONE_FACULTY_DIPLOMACY,SM_Prop_BioLight_Column_01,2853.62,-27520.77,1118.55,297.8,
1734,3243,ZONE_FACULTY_DIPLOMACY,SM_Prop_BioLight_Column_01,5370.31,-28038.82,456.16,333.8,
1735,3245,ZONE_FACULTY_DIPLOMACY,SM_Prop_BioLight_Column_01,7694.47,-28050.62,-384.17,315.4,
1736,3249,ZONE_FACULTY_DIPLOMACY,SM_Prop_BioLight_Column_01,-7540.5,-30945.87,56.77,207.5,
1737,3251,ZONE_FACULTY_DIPLOMACY,SM_Prop_SolarGlassPavement_Tile,-4874.41,-31080.78,959.15,56.4,
1738,3253,ZONE_FACULTY_DIPLOMACY,SM_Prop_BioLight_Column_01,-2771.11,-30784.3,1632.78,136.8,
1739,3255,ZONE_FACULTY_DIPLOMACY,SM_Prop_BioLight_Column_01,334.26,-30834.93,2092.66,216.4,
1740,3257,ZONE_FACULTY_DIPLOMACY,SM_Prop_AtmosphereBooth_01,2388.48,-31018.45,1632.78,283.7,
1741,3259,ZONE_FACULTY_DIPLOMACY,SM_Prop_SolarGlassPavement_Tile,4731.36,-30633.61,959.15,171.4,
1742,3261,ZONE_FACULTY_DIPLOMACY,SM_Prop_SolarGlassPavement_Tile,7402.27,-30885.43,61.77,273.1,
1743,3265,ZONE_FACULTY_DIPLOMACY,SM_Prop_BioLight_Column_01,-9386.28,-34041.79,-551.63,277.6,
1744,3267,ZONE_FACULTY_DIPLOMACY,SM_Prop_BioLight_Column_01,-6762.3,-33922.03,609.2,19.3,
1745,3269,ZONE_FACULTY_DIPLOMACY,SM_Prop_SolarGlassPavement_Tile,-4372.21,-33731.89,1517.88,252.5,
1746,3271,ZONE_FACULTY_DIPLOMACY,SM_Prop_BioLight_Column_01,-1616.95,-33588.93,2159.39,92.1,
1747,3273,ZONE_FACULTY_DIPLOMACY,SM_Prop_BioLight_Column_01,1431.61,-34044.35,2159.39,60.0,
1748,3275,ZONE_FACULTY_DIPLOMACY,SM_Prop_BioLight_Column_01,4418.31,-34349.71,1512.88,150.7,
1749,3277,ZONE_FACULTY_DIPLOMACY,SM_Prop_SolarGlassPavement_Tile,6536.67,-34043.97,614.2,235.4,
1750,3279,ZONE_FACULTY_DIPLOMACY,SM_Prop_SolarGlassPavement_Tile,9812.02,-33829.68,-546.63,220.1,
1751,3280,ZONE_CLEARANCE_WATERWAY,SM_Prop_Waterway_WarningBuoy_Luminescent,10560.17,-33784.32,-1328.48,88.0,
1752,3283,ZONE_FACULTY_DIPLOMACY,SM_Prop_BioLight_Column_01,-8688.86,-37459.54,73.13,27.8,
1753,3285,ZONE_FACULTY_DIPLOMACY,SM_Prop_BioLight_Column_01,-6284.3,-36898.24,1228.59,213.5,
1754,3287,ZONE_FACULTY_DIPLOMACY,SM_Prop_AtmosphereBooth_01,-3201.03,-37071.35,2091.29,72.4,
1755,3289,ZONE_FACULTY_DIPLOMACY,SM_Prop_BioLight_Column_01,189.82,-37292.27,2661.25,38.7,
1756,3291,ZONE_FACULTY_DIPLOMACY,SM_Prop_BioLight_Column_01,2958.74,-37248.92,2091.29,42.0,
1757,3293,ZONE_FACULTY_DIPLOMACY,SM_Prop_BioLight_Column_01,6298.43,-37489.2,1228.59,157.6,
1758,3295,ZONE_FACULTY_DIPLOMACY,SM_Prop_BioLight_Column_01,8588.24,-37315.56,73.13,243.2,
1759,3299,ZONE_FACULTY_DIPLOMACY,SM_Prop_SolarGlassPavement_Tile,-11168.88,-39959.53,-654.63,312.3,
1760,3301,ZONE_FACULTY_DIPLOMACY,SM_Prop_SolarGlassPavement_Tile,-8591.21,-40516.35,774.23,313.8,
1761,3303,ZONE_FACULTY_DIPLOMACY,SM_Prop_SolarGlassPavement_Tile,-5110.43,-40384.89,1877.96,112.4,
1762,3305,ZONE_FACULTY_DIPLOMACY,SM_Prop_AtmosphereBooth_01,-1827.81,-40107.22,2651.57,149.4,
1763,3307,ZONE_FACULTY_DIPLOMACY,SM_Prop_SolarGlassPavement_Tile,1311.37,-40352.5,2656.57,349.9,
1764,3309,ZONE_FACULTY_DIPLOMACY,SM_Prop_SolarGlassPavement_Tile,5327.39,-40319.02,1877.96,98.0,
1765,3311,ZONE_FACULTY_DIPLOMACY,SM_Prop_AtmosphereBooth_01,7869.64,-40113.54,769.23,337.4,
1766,3313,ZONE_FACULTY_DIPLOMACY,SM_Prop_SolarGlassPavement_Tile,11179.09,-40682.75,-654.63,243.4,
1767,3315,ZONE_CLEARANCE_WATERWAY,SM_Prop_Waterway_WarningBuoy_Luminescent,-14096.63,-43639.71,-1688.41,130.8,
1768,3317,ZONE_FACULTY_DIPLOMACY,SM_Prop_BioLight_Column_01,-10500.61,-43352.86,129.62,152.3,
1769,3319,ZONE_FACULTY_DIPLOMACY,SM_Prop_AtmosphereBooth_01,-7211.09,-43085.71,1493.7,130.3,
1770,3321,ZONE_FACULTY_DIPLOMACY,SM_Prop_AtmosphereBooth_01,-3331.37,-43307.59,2503.84,307.9,
1771,3323,ZONE_FACULTY_DIPLOMACY,SM_Prop_BioLight_Column_01,323.44,-43291.33,3160.03,311.6,
1772,3325,ZONE_FACULTY_DIPLOMACY,SM_Prop_BioLight_Column_01,3714.68,-43795.09,2503.84,31.5,
1773,3327,ZONE_FACULTY_DIPLOMACY,SM_Prop_SolarGlassPavement_Tile,7260.1,-43718.89,1498.7,142.8,
1774,3329,ZONE_FACULTY_DIPLOMACY,SM_Prop_BioLight_Column_01,11133.32,-43412.07,129.62,55.5,
1775,3333,ZONE_FACULTY_DIPLOMACY,SM_Prop_AtmosphereBooth_01,-13573.0,-46243.19,-688.94,188.7,
1776,3335,ZONE_FACULTY_DIPLOMACY,SM_Prop_BioLight_Column_01,-9868.62,-46778.68,948.62,325.7,
1777,3337,ZONE_FACULTY_DIPLOMACY,SM_Prop_AtmosphereBooth_01,-6245.0,-46614.39,2207.3,269.1,
1778,3339,ZONE_FACULTY_DIPLOMACY,SM_Prop_AtmosphereBooth_01,-1941.62,-46881.48,3087.1,22.6,
1779,3341,ZONE_FACULTY_DIPLOMACY,SM_Prop_BioLight_Column_01,2170.64,-47022.42,3087.1,191.8,
1780,3343,ZONE_FACULTY_DIPLOMACY,SM_Prop_BioLight_Column_01,5563.44,-46760.57,2207.3,272.8,
1781,3345,ZONE_FACULTY_DIPLOMACY,SM_Prop_BioLight_Column_01,10096.61,-46364.79,948.62,240.6,
1782,3347,ZONE_FACULTY_DIPLOMACY,SM_Prop_BioLight_Column_01,13895.72,-46679.94,-688.94,51.0,
1783,3351,ZONE_FACULTY_DIPLOMACY,SM_Prop_SolarGlassPavement_Tile,-12752.66,-50140.13,244.47,53.7,
1784,3353,ZONE_FACULTY_DIPLOMACY,SM_Prop_BioLight_Column_01,-8108.94,-49505.67,1757.27,229.9,
1785,3355,ZONE_FACULTY_DIPLOMACY,SM_Prop_BioLight_Column_01,-4372.23,-49758.0,2875.39,351.7,
1786,3357,ZONE_FACULTY_DIPLOMACY,SM_Prop_AtmosphereBooth_01,-256.93,-49543.88,3593.83,273.2,
1787,3359,ZONE_FACULTY_DIPLOMACY,SM_Prop_SolarGlassPavement_Tile,4197.0,-50093.03,2880.39,343.7,
1788,3361,ZONE_FACULTY_DIPLOMACY,SM_Prop_SolarGlassPavement_Tile,8370.76,-50119.04,1762.27,271.1,
1789,3363,ZONE_FACULTY_DIPLOMACY,SM_Prop_BioLight_Column_01,12282.07,-50038.34,239.47,353.1,
1790,3365,ZONE_CLEARANCE_WATERWAY,SM_Prop_Waterway_WarningBuoy_Luminescent,16999.82,-49904.09,-1778.0,103.5,
1791,3367,ZONE_FACULTY_DIPLOMACY,SM_Prop_SolarGlassPavement_Tile,-15870.95,-52721.37,-619.82,61.0,
1792,3369,ZONE_FACULTY_DIPLOMACY,SM_Prop_SolarGlassPavement_Tile,-11386.58,-52590.27,1160.79,321.4,
1793,3371,ZONE_FACULTY_DIPLOMACY,SM_Prop_AtmosphereBooth_01,-7110.06,-52749.2,2520.31,5.7,
1794,3373,ZONE_FACULTY_DIPLOMACY,SM_Prop_BioLight_Column_01,-2584.89,-52822.48,3468.75,21.3,
1795,3375,ZONE_FACULTY_DIPLOMACY,SM_Prop_AtmosphereBooth_01,1901.12,-52834.25,3468.75,335.4,
1796,3377,ZONE_FACULTY_DIPLOMACY,SM_Prop_BioLight_Column_01,7061.13,-53339.94,2520.31,45.2,
1797,3379,ZONE_FACULTY_DIPLOMACY,SM_Prop_BioLight_Column_01,11188.49,-53361.1,1155.79,128.9,
1798,3381,ZONE_FACULTY_DIPLOMACY,SM_Prop_BioLight_Column_01,15494.94,-53141.95,-624.82,359.4,
1799,3385,ZONE_FACULTY_DIPLOMACY,SM_Prop_SolarGlassPavement_Tile,-14166.09,-55904.06,417.09,163.7,
1800,3387,ZONE_FACULTY_DIPLOMACY,SM_Prop_SolarGlassPavement_Tile,-9338.34,-55907.14,2029.1,135.4,
1801,3389,ZONE_FACULTY_DIPLOMACY,SM_Prop_SolarGlassPavement_Tile,-4689.62,-55977.54,3213.17,234.8,
1802,3391,ZONE_FACULTY_DIPLOMACY,SM_Prop_SolarGlassPavement_Tile,47.57,-56298.57,3969.3,160.4,
1803,3393,ZONE_FACULTY_DIPLOMACY,SM_Prop_SolarGlassPavement_Tile,4784.55,-56149.26,3213.17,325.8,
1804,3395,ZONE_FACULTY_DIPLOMACY,SM_Prop_SolarGlassPavement_Tile,9110.69,-56348.03,2029.1,212.3,
1805,3397,ZONE_FACULTY_DIPLOMACY,SM_Prop_BioLight_Column_01,13410.77,-56134.41,412.09,291.3,
1806,3400,ZONE_CLEARANCE_WATERWAY,SM_Prop_Waterway_WarningBuoy_Luminescent,-17718.3,-59365.16,-1647.03,304.0,
1807,3401,ZONE_FACULTY_DIPLOMACY,SM_Prop_SolarGlassPavement_Tile,-15560.51,-59327.04,-452.2,281.2,
1808,3403,ZONE_FACULTY_DIPLOMACY,SM_Prop_SolarGlassPavement_Tile,-10849.57,-59466.27,1401.15,13.5,
1809,3405,ZONE_FACULTY_DIPLOMACY,SM_Prop_SolarGlassPavement_Tile,-6227.26,-59517.8,2819.4,292.9,
1810,3407,ZONE_FACULTY_DIPLOMACY,SM_Prop_BioLight_Column_01,-2150.56,-59119.5,3797.54,83.2,
1811,3409,ZONE_FACULTY_DIPLOMACY,SM_Prop_AtmosphereBooth_01,2345.98,-59215.8,3797.54,138.7,
1812,3411,ZONE_FACULTY_DIPLOMACY,SM_Prop_SolarGlassPavement_Tile,6879.8,-58999.72,2819.4,339.9,
1813,3413,ZONE_FACULTY_DIPLOMACY,SM_Prop_SolarGlassPavement_Tile,11101.66,-59288.09,1401.15,169.5,
1814,3415,ZONE_FACULTY_DIPLOMACY,SM_Prop_BioLight_Column_01,15539.75,-59293.82,-457.2,279.0,
1815,3419,ZONE_FACULTY_DIPLOMACY,SM_Prop_BioLight_Column_01,-12497.32,-62644.73,653.17,89.5,
1816,3421,ZONE_FACULTY_DIPLOMACY,SM_Prop_AtmosphereBooth_01,-8401.94,-62524.01,2296.92,296.5,
1817,3423,ZONE_FACULTY_DIPLOMACY,SM_Prop_SolarGlassPavement_Tile,-3819.29,-62266.9,3508.17,222.8,
1818,3425,ZONE_FACULTY_DIPLOMACY,SM_Prop_AtmosphereBooth_01,323.06,-62482.14,4271.92,15.8,
1819,3427,ZONE_FACULTY_DIPLOMACY,SM_Prop_SolarGlassPavement_Tile,3745.05,-62150.72,3508.17,36.9,
1820,3429,ZONE_FACULTY_DIPLOMACY,SM_Prop_SolarGlassPavement_Tile,8064.19,-62846.18,2301.92,207.9,
1821,3431,ZONE_FACULTY_DIPLOMACY,SM_Prop_SolarGlassPavement_Tile,12436.33,-62527.46,658.17,43.6,
1822,3435,ZONE_FACULTY_DIPLOMACY,SM_Prop_BioLight_Column_01,-13259.8,-65556.76,-180.94,224.4,
1823,3437,ZONE_FACULTY_DIPLOMACY,SM_Prop_SolarGlassPavement_Tile,-9682.58,-66010.45,1677.41,207.0,
1824,3439,ZONE_FACULTY_DIPLOMACY,SM_Prop_BioLight_Column_01,-5687.94,-65579.55,3090.66,139.6,
1825,3441,ZONE_FACULTY_DIPLOMACY,SM_Prop_BioLight_Column_01,-2016.99,-65425.01,4073.8,202.2,
1826,3443,ZONE_FACULTY_DIPLOMACY,SM_Prop_AtmosphereBooth_01,2300.1,-65532.32,4073.8,194.5,
1827,3445,ZONE_FACULTY_DIPLOMACY,SM_Prop_AtmosphereBooth_01,5459.86,-65776.93,3090.66,331.3,
1828,3447,ZONE_FACULTY_DIPLOMACY,SM_Prop_BioLight_Column_01,9383.06,-65603.75,1672.41,126.9,
1829,3449,ZONE_FACULTY_DIPLOMACY,SM_Prop_AtmosphereBooth_01,13353.83,-65942.18,-180.94,261.8,
1830,3450,ZONE_CLEARANCE_WATERWAY,SM_Prop_Waterway_WarningBuoy_Luminescent,15123.45,-65375.31,-1370.78,264.0,
1831,3453,ZONE_FACULTY_DIPLOMACY,SM_Prop_SolarGlassPavement_Tile,-10399.07,-68715.05,969.61,222.1,
1832,3455,ZONE_FACULTY_DIPLOMACY,SM_Prop_BioLight_Column_01,-7394.67,-68532.76,2576.61,137.1,
1833,3457,ZONE_FACULTY_DIPLOMACY,SM_Prop_SolarGlassPavement_Tile,-3281.17,-68501.92,3765.68,266.9,
1834,3459,ZONE_FACULTY_DIPLOMACY,SM_Prop_SolarGlassPavement_Tile,286.29,-69093.48,4521.81,321.5,
1835,3461,ZONE_FACULTY_DIPLOMACY,SM_Prop_SolarGlassPavement_Tile,3871.22,-68432.96,3765.68,146.0,
1836,3463,ZONE_FACULTY_DIPLOMACY,SM_Prop_BioLight_Column_01,7232.02,-69045.34,2576.61,284.3,
1837,3465,ZONE_FACULTY_DIPLOMACY,SM_Prop_BioLight_Column_01,10942.69,-68902.3,964.61,164.7,
1838,3469,ZONE_FACULTY_DIPLOMACY,SM_Prop_BioLight_Column_01,-11074.22,-71903.9,203.95,350.2,
1839,3471,ZONE_FACULTY_DIPLOMACY,SM_Prop_SolarGlassPavement_Tile,-8459.17,-71870.29,1989.56,225.0,
1840,3473,ZONE_FACULTY_DIPLOMACY,SM_Prop_AtmosphereBooth_01,-4952.88,-72274.51,3349.08,120.9,
1841,3475,ZONE_FACULTY_DIPLOMACY,SM_Prop_BioLight_Column_01,-1559.04,-71701.73,4297.52,326.7,
1842,3477,ZONE_FACULTY_DIPLOMACY,SM_Prop_BioLight_Column_01,1642.69,-71983.32,4297.52,236.9,
1843,3479,ZONE_FACULTY_DIPLOMACY,SM_Prop_BioLight_Column_01,4793.59,-71679.12,3349.08,251.7,
1844,3481,ZONE_FACULTY_DIPLOMACY,SM_Prop_SolarGlassPavement_Tile,8347.61,-72300.99,1989.56,139.0,
1845,3483,ZONE_FACULTY_DIPLOMACY,SM_Prop_BioLight_Column_01,11728.42,-71832.65,203.95,94.3,
1846,3485,ZONE_CLEARANCE_WATERWAY,SM_Prop_Waterway_WarningBuoy_Luminescent,-12137.54,-75013.56,-672.98,45.0,
1847,3487,ZONE_FACULTY_DIPLOMACY,SM_Prop_BioLight_Column_01,-8514.34,-74887.1,1344.5,107.5,
1848,3489,ZONE_FACULTY_DIPLOMACY,SM_Prop_SolarGlassPavement_Tile,-5873.48,-75186.91,2867.29,356.0,
1849,3491,ZONE_FACULTY_DIPLOMACY,SM_Prop_BioLight_Column_01,-3240.69,-74758.26,3980.41,328.5,
1850,3493,ZONE_FACULTY_DIPLOMACY,SM_Prop_SolarGlassPavement_Tile,-106.32,-75104.59,4703.86,275.9,
1851,3495,ZONE_FACULTY_DIPLOMACY,SM_Prop_SolarGlassPavement_Tile,3334.61,-75079.09,3985.41,90.4,
1852,3497,ZONE_FACULTY_DIPLOMACY,SM_Prop_AtmosphereBooth_01,5923.64,-75331.7,2862.29,172.9,
1853,3499,ZONE_FACULTY_DIPLOMACY,SM_Prop_AtmosphereBooth_01,8483.71,-74962.67,1344.5,318.0,
1854,3503,ZONE_FACULTY_DIPLOMACY,SM_Prop_BioLight_Column_01,-9472.32,-78072.74,692.34,4.9,
1855,3505,ZONE_FACULTY_DIPLOMACY,SM_Prop_AtmosphereBooth_01,-6960.31,-78398.62,2329.9,328.3,
1856,3507,ZONE_FACULTY_DIPLOMACY,SM_Prop_AtmosphereBooth_01,-3783.45,-77892.04,3588.58,73.4,
1857,3509,ZONE_FACULTY_DIPLOMACY,SM_Prop_AtmosphereBooth_01,-1595.59,-78223.78,4468.38,69.1,
1858,3511,ZONE_FACULTY_DIPLOMACY,SM_Prop_AtmosphereBooth_01,1687.8,-78560.48,4468.38,286.5,
1859,3513,ZONE_FACULTY_DIPLOMACY,SM_Prop_SolarGlassPavement_Tile,3611.48,-77935.1,3593.58,157.2,
1860,3515,ZONE_FACULTY_DIPLOMACY,SM_Prop_SolarGlassPavement_Tile,6929.23,-78559.35,2334.9,337.4,
1861,3517,ZONE_FACULTY_DIPLOMACY,SM_Prop_AtmosphereBooth_01,8822.14,-78533.63,692.34,118.7,
1862,3521,ZONE_FACULTY_DIPLOMACY,SM_Prop_BioLight_Column_01,-7178.73,-81254.0,1787.16,85.4,
1863,3523,ZONE_FACULTY_DIPLOMACY,SM_Prop_SolarGlassPavement_Tile,-4988.87,-81515.67,3156.24,319.1,
1864,3525,ZONE_FACULTY_DIPLOMACY,SM_Prop_SolarGlassPavement_Tile,-2439.62,-81462.77,4166.38,341.8,
1865,3527,ZONE_FACULTY_DIPLOMACY,SM_Prop_SolarGlassPavement_Tile,295.49,-81635.68,4822.57,255.1,
1866,3529,ZONE_FACULTY_DIPLOMACY,SM_Prop_AtmosphereBooth_01,2473.33,-81570.15,4161.38,203.4,
1867,3531,ZONE_FACULTY_DIPLOMACY,SM_Prop_BioLight_Column_01,4473.37,-81341.93,3151.24,156.0,
1868,3533,ZONE_FACULTY_DIPLOMACY,SM_Prop_SolarGlassPavement_Tile,7211.05,-81063.56,1792.16,169.3,
1869,3535,ZONE_CLEARANCE_WATERWAY,SM_Prop_Waterway_WarningBuoy_Luminescent,9009.95,-81595.56,-30.87,190.4,
1870,3537,ZONE_FACULTY_DIPLOMACY,SM_Prop_BioLight_Column_01,-6975.27,-84909.35,1230.47,23.6,
1871,3539,ZONE_FACULTY_DIPLOMACY,SM_Prop_BioLight_Column_01,-4697.56,-84695.49,2610.33,29.2,
1872,3541,ZONE_FACULTY_DIPLOMACY,SM_Prop_AtmosphereBooth_01,-2734.52,-84409.76,3676.21,250.2,
1873,3543,ZONE_FACULTY_DIPLOMACY,SM_Prop_SolarGlassPavement_Tile,-875.3,-84633.8,4433.12,141.0,
1874,3545,ZONE_FACULTY_DIPLOMACY,SM_Prop_SolarGlassPavement_Tile,1335.79,-84379.89,4433.12,353.3,
1875,3547,ZONE_FACULTY_DIPLOMACY,SM_Prop_AtmosphereBooth_01,3037.89,-84669.21,3676.21,337.6,
1876,3549,ZONE_FACULTY_DIPLOMACY,SM_Prop_BioLight_Column_01,4699.73,-84772.24,2610.33,11.3,
1877,3551,ZONE_FACULTY_DIPLOMACY,SM_Prop_AtmosphereBooth_01,6970.54,-84649.26,1230.47,120.4,
1878,3555,ZONE_FACULTY_DIPLOMACY,SM_Prop_AtmosphereBooth_01,-5378.52,-87631.34,1995.05,64.3,
1879,3557,ZONE_FACULTY_DIPLOMACY,SM_Prop_BioLight_Column_01,-3756.78,-87950.72,3004.68,249.0,
1880,3559,ZONE_FACULTY_DIPLOMACY,SM_Prop_BioLight_Column_01,-1547.42,-87383.78,3758.51,128.9,
1881,3561,ZONE_FACULTY_DIPLOMACY,SM_Prop_SolarGlassPavement_Tile,96.32,-88079.01,4261.54,147.9,
1882,3563,ZONE_FACULTY_DIPLOMACY,SM_Prop_AtmosphereBooth_01,1336.95,-87957.26,3758.51,329.2,
1883,3565,ZONE_FACULTY_DIPLOMACY,SM_Prop_SolarGlassPavement_Tile,3548.49,-87762.42,3009.68,105.1,
1884,3567,ZONE_FACULTY_DIPLOMACY,SM_Prop_SolarGlassPavement_Tile,5479.29,-88134.4,2000.05,56.1,
1885,3570,ZONE_CLEARANCE_WATERWAY,SM_Prop_Waterway_WarningBuoy_Luminescent,-5813.7,-91183.59,831.72,93.2,
1886,3571,ZONE_FACULTY_DIPLOMACY,SM_Prop_BioLight_Column_01,-4627.03,-91051.44,1433.09,283.4,
1887,3573,ZONE_FACULTY_DIPLOMACY,SM_Prop_SolarGlassPavement_Tile,-3733.33,-90881.26,2297.97,52.4,
1888,3575,ZONE_FACULTY_DIPLOMACY,SM_Prop_AtmosphereBooth_01,-2210.54,-91231.05,2962.36,153.6,
1889,3577,ZONE_FACULTY_DIPLOMACY,SM_Prop_BioLight_Column_01,-818.35,-90811.32,3441.26,17.1,
1890,3579,ZONE_FACULTY_DIPLOMACY,SM_Prop_AtmosphereBooth_01,568.24,-91122.57,3441.26,298.3,
1891,3581,ZONE_FACULTY_DIPLOMACY,SM_Prop_SolarGlassPavement_Tile,2263.34,-90803.12,2967.36,233.5,
1892,3583,ZONE_FACULTY_DIPLOMACY,SM_Prop_BioLight_Column_01,3546.52,-90540.24,2292.97,283.1,
1893,3585,ZONE_FACULTY_DIPLOMACY,SM_Prop_BioLight_Column_01,4712.7,-91129.59,1433.09,336.2,
1894,3589,ZONE_FACULTY_DIPLOMACY,SM_Prop_BioLight_Column_01,-3740.86,-94292.23,1643.64,69.2,
1895,3591,ZONE_FACULTY_DIPLOMACY,SM_Prop_BioLight_Column_01,-2464.72,-94096.37,2166.81,59.3,
1896,3593,ZONE_FACULTY_DIPLOMACY,SM_Prop_SolarGlassPavement_Tile,-1449.6,-93968.05,2567.44,166.5,
1897,3595,ZONE_FACULTY_DIPLOMACY,SM_Prop_AtmosphereBooth_01,195.4,-94288.22,2830.55,157.6,
1898,3597,ZONE_FACULTY_DIPLOMACY,SM_Prop_SolarGlassPavement_Tile,1329.28,-94043.23,2567.44,31.4,
1899,3599,ZONE_FACULTY_DIPLOMACY,SM_Prop_SolarGlassPavement_Tile,2600.32,-94025.77,2171.81,98.4,
1900,3601,ZONE_FACULTY_DIPLOMACY,SM_Prop_SolarGlassPavement_Tile,3528.21,-94324.83,1648.64,34.0,
1901,3605,ZONE_HARBOR_BERTH,SM_Prop_OceanSensorBeacon,-2930.64,-97175.42,1107.01,165.0,
1902,3606,ZONE_HARBOR_BERTH,SM_Prop_Harbor_Bollard_Heavy,-2641.9,-96880.32,1291.5,63.8,
1903,3607,ZONE_HARBOR_BERTH,SM_Prop_Submersible_MooringClamp,-2431.72,-97647.28,1407.44,330.6,
1904,3608,ZONE_HARBOR_BERTH,SM_Prop_Submersible_MooringClamp,-1803.69,-97211.71,1554.83,144.0,
1905,3609,ZONE_HARBOR_BERTH,SM_Prop_Submersible_MooringClamp,-1404.07,-97096.5,1683.66,282.4,
1906,3610,ZONE_HARBOR_BERTH,SM_Prop_OceanSensorBeacon,-877.75,-96983.99,1843.94,36.0,
1907,3611,ZONE_HARBOR_BERTH,SM_Prop_Harbor_Bollard_Heavy,-343.98,-97149.1,1935.68,147.7,
1908,3612,ZONE_HARBOR_BERTH,SM_Prop_Harbor_Bollard_Heavy,-208.98,-97544.34,2008.86,325.8,
1909,3613,ZONE_HARBOR_BERTH,SM_Prop_OceanSensorBeacon,748.17,-97062.44,1935.68,257.6,
1910,3614,ZONE_HARBOR_BERTH,SM_Prop_Submersible_MooringClamp,682.94,-97087.83,1793.94,211.2,
1911,3615,ZONE_HARBOR_BERTH,SM_Prop_Harbor_Bollard_Heavy,1292.34,-96928.47,1733.66,12.3,
1912,3616,ZONE_HARBOR_BERTH,SM_Prop_Submersible_MooringClamp,1816.65,-96960.83,1554.83,114.4,
1913,3617,ZONE_HARBOR_BERTH,SM_Prop_Submersible_MooringClamp,2134.97,-97192.97,1407.44,107.1,
1914,3618,ZONE_HARBOR_BERTH,SM_Prop_Harbor_Bollard_Heavy,2572.77,-96866.73,1291.5,50.8,
1915,3619,ZONE_HARBOR_BERTH,SM_Prop_Submersible_MooringClamp,3099.95,-97282.53,1057.01,313.7,
1916,3620,ZONE_CLEARANCE_WATERWAY,SM_Prop_Waterway_WarningBuoy_Luminescent,3203.95,-96997.72,803.97,176.3,
1917,3622,ZONE_HARBOR_BERTH,SM_Prop_Harbor_Bollard_Heavy,-1913.22,-100480.94,785.44,82.0,
1918,3623,ZONE_HARBOR_BERTH,SM_Prop_OceanSensorBeacon,-2014.26,-100705.33,875.63,288.5,
1919,3624,ZONE_HARBOR_BERTH,SM_Prop_Harbor_Bollard_Heavy,-1207.03,-100677.02,957.06,58.6,
1920,3625,ZONE_HARBOR_BERTH,SM_Prop_OceanSensorBeacon,-1100.35,-100591.43,1029.72,78.6,
1921,3626,ZONE_HARBOR_BERTH,SM_Prop_Harbor_Bollard_Heavy,-909.0,-100635.63,1093.62,308.8,
1922,3627,ZONE_HARBOR_BERTH,SM_Prop_Harbor_Bollard_Heavy,-377.66,-100639.32,1148.76,197.1,
1923,3628,ZONE_HARBOR_BERTH,SM_Prop_Harbor_Bollard_Heavy,-202.43,-100255.88,1195.14,252.2,
1924,3629,ZONE_HARBOR_BERTH,SM_Prop_Harbor_Bollard_Heavy,356.17,-100626.58,1232.75,12.5,
1925,3630,ZONE_HARBOR_BERTH,SM_Prop_Harbor_Bollard_Heavy,382.2,-100723.68,1195.14,72.3,
1926,3631,ZONE_HARBOR_BERTH,SM_Prop_Harbor_Bollard_Heavy,280.13,-100462.65,1148.76,182.4,
1927,3632,ZONE_HARBOR_BERTH,SM_Prop_Harbor_Bollard_Heavy,959.75,-100422.53,1093.62,76.7,
1928,3633,ZONE_HARBOR_BERTH,SM_Prop_Harbor_Bollard_Heavy,1370.16,-100617.91,1029.72,80.4,
1929,3634,ZONE_HARBOR_BERTH,SM_Prop_Submersible_MooringClamp,1814.99,-100770.09,907.06,70.8,
1930,3635,ZONE_HARBOR_BERTH,SM_Prop_OceanSensorBeacon,1779.25,-100799.2,875.63,307.3,
1931,3636,ZONE_HARBOR_BERTH,SM_Prop_OceanSensorBeacon,2008.1,-100460.43,785.44,350.9,
1932,3639,ZONE_HARBOR_BERTH,SM_Prop_Harbor_Bollard_Heavy,-1291.43,-103224.72,430.28,143.4,
1933,3640,ZONE_HARBOR_BERTH,SM_Prop_Harbor_Bollard_Heavy,-1167.03,-103893.91,461.44,13.5,
1934,3641,ZONE_HARBOR_BERTH,SM_Prop_Harbor_Bollard_Heavy,-1204.14,-103650.58,489.73,229.6,
1935,3642,ZONE_HARBOR_BERTH,SM_Prop_Harbor_Bollard_Heavy,-421.85,-103381.28,515.14,125.2,
1936,3643,ZONE_HARBOR_BERTH,SM_Prop_Submersible_MooringClamp,-257.16,-103224.18,487.69,74.9,
1937,3644,ZONE_HARBOR_BERTH,SM_Prop_Harbor_Bollard_Heavy,-683.8,-103624.04,557.37,235.8,
1938,3645,ZONE_HARBOR_BERTH,SM_Prop_Submersible_MooringClamp,13.12,-103950.47,524.18,77.8,
1939,3646,ZONE_HARBOR_BERTH,SM_Prop_Submersible_MooringClamp,328.49,-103219.57,538.11,7.4,
1940,3647,ZONE_HARBOR_BERTH,SM_Prop_Submersible_MooringClamp,270.59,-103445.54,524.18,21.1,
1941,3648,ZONE_HARBOR_BERTH,SM_Prop_Harbor_Bollard_Heavy,542.7,-103905.1,557.37,358.2,
1942,3649,ZONE_HARBOR_BERTH,SM_Prop_Submersible_MooringClamp,252.78,-103478.64,487.69,350.4,
1943,3650,ZONE_HARBOR_BERTH,SM_Prop_Harbor_Bollard_Heavy,1132.12,-103525.24,515.14,240.0,
1944,3651,ZONE_HARBOR_BERTH,SM_Prop_Submersible_MooringClamp,1291.97,-103207.04,439.73,232.6,
1945,3652,ZONE_HARBOR_BERTH,SM_Prop_OceanSensorBeacon,859.53,-103854.12,461.44,165.5,
1946,3653,ZONE_HARBOR_BERTH,SM_Prop_Harbor_Bollard_Heavy,1068.05,-103925.08,430.28,197.0,
1947,3655,ZONE_CLEARANCE_WATERWAY,SM_Prop_Waterway_WarningBuoy_Luminescent,-382.46,-106479.82,24.82,185.5,
1948,3656,ZONE_HARBOR_BERTH,SM_Prop_Submersible_MooringClamp,-830.16,-106382.01,79.94,156.2,
1949,3657,ZONE_HARBOR_BERTH,SM_Prop_Submersible_MooringClamp,-682.48,-106404.65,84.66,334.4,
1950,3658,ZONE_HARBOR_BERTH,SM_Prop_Harbor_Bollard_Heavy,-629.03,-106853.64,138.99,66.9,
1951,3659,ZONE_HARBOR_BERTH,SM_Prop_Harbor_Bollard_Heavy,-310.69,-106416.74,142.93,146.0,
1952,3660,ZONE_HARBOR_BERTH,SM_Prop_OceanSensorBeacon,20.55,-107124.94,146.47,127.8,
1953,3661,ZONE_HARBOR_BERTH,SM_Prop_Harbor_Bollard_Heavy,-490.81,-106662.62,149.62,40.4,
1954,3662,ZONE_HARBOR_BERTH,SM_Prop_Submersible_MooringClamp,-349.28,-106698.73,102.38,322.2,
1955,3663,ZONE_HARBOR_BERTH,SM_Prop_Submersible_MooringClamp,227.35,-106399.95,104.75,294.1,
1956,3664,ZONE_HARBOR_BERTH,SM_Prop_OceanSensorBeacon,432.26,-106911.59,152.38,347.4,
1957,3665,ZONE_HARBOR_BERTH,SM_Prop_Submersible_MooringClamp,-187.95,-106614.77,99.62,106.6,
1958,3666,ZONE_HARBOR_BERTH,SM_Prop_Harbor_Bollard_Heavy,460.74,-106906.08,146.47,129.5,
1959,3667,ZONE_HARBOR_BERTH,SM_Prop_Harbor_Bollard_Heavy,430.12,-106628.92,142.93,352.0,
1960,3668,ZONE_HARBOR_BERTH,SM_Prop_Harbor_Bollard_Heavy,347.23,-107024.93,138.99,232.0,
1961,3669,ZONE_HARBOR_BERTH,SM_Prop_Harbor_Bollard_Heavy,535.86,-106465.18,134.66,315.7,
1962,3670,ZONE_HARBOR_BERTH,SM_Prop_Harbor_Bollard_Heavy,778.24,-106652.05,129.94,203.1,
1963,3673,ZONE_HARBOR_BERTH,SM_Prop_Harbor_Bollard_Heavy,-352.25,-109998.03,0.0,89.2,
1964,3674,ZONE_HARBOR_BERTH,SM_Prop_OceanSensorBeacon,-118.87,-109874.49,0.0,299.4,
1965,3675,ZONE_HARBOR_BERTH,SM_Prop_Harbor_Bollard_Heavy,18.89,-109921.74,0.0,57.9,
1966,3676,ZONE_HARBOR_BERTH,SM_Prop_Harbor_Bollard_Heavy,102.94,-110124.86,0.0,220.4,
1967,3677,ZONE_HARBOR_BERTH,SM_Prop_Harbor_Bollard_Heavy,-55.57,-109685.11,0.0,247.8,
1968,3678,ZONE_HARBOR_BERTH,SM_Prop_Harbor_Bollard_Heavy,363.56,-110009.76,0.0,94.8,
1969,3679,ZONE_HARBOR_BERTH,SM_Prop_Harbor_Bollard_Heavy,362.7,-110093.88,0.0,338.5,
1970,3680,ZONE_HARBOR_BERTH,SM_Prop_Harbor_Bollard_Heavy,-84.99,-109724.69,0.0,58.6,
1971,3681,ZONE_HARBOR_BERTH,SM_Prop_Harbor_Bollard_Heavy,183.32,-109873.58,0.0,346.4,
1972,3682,ZONE_HARBOR_BERTH,SM_Prop_Harbor_Bollard_Heavy,-60.2,-110133.56,0.0,12.2,
1973,3683,ZONE_HARBOR_BERTH,SM_Prop_OceanSensorBeacon,-383.54,-109870.72,0.0,145.9,
1974,3684,ZONE_HARBOR_BERTH,SM_Prop_Harbor_Bollard_Heavy,306.69,-110285.85,0.0,58.4,
1975,3685,ZONE_HARBOR_BERTH,SM_Prop_Submersible_MooringClamp,-125.73,-109522.63,-50.0,81.9,
1976,3686,ZONE_HARBOR_BERTH,SM_Prop_Harbor_Bollard_Heavy,-75.47,-110108.52,0.0,228.7,
1977,3687,ZONE_HARBOR_BERTH,SM_Prop_OceanSensorBeacon,-153.52,-109796.51,0.0,14.5,
1978,3691,ZONE_FACULTY_MEDICINE,SM_Prop_AtmosphereBooth_01,10281.5,-10944.33,0.0,38.5,
1979,3693,ZONE_FACULTY_MEDICINE,SM_Prop_BioLight_Column_01,10400.63,-10571.03,0.0,228.5,
1980,3695,ZONE_FACULTY_MEDICINE,SM_Prop_SolarGlassPavement_Tile,10718.1,-10987.49,5.0,13.7,
1981,3697,ZONE_FACULTY_MEDICINE,SM_Prop_AtmosphereBooth_01,10756.41,-10608.83,0.0,338.3,
1982,3699,ZONE_FACULTY_MEDICINE,SM_Prop_SolarGlassPavement_Tile,10439.97,-10612.26,5.0,79.5,
1983,3701,ZONE_FACULTY_MEDICINE,SM_Prop_SolarGlassPavement_Tile,10362.96,-10528.15,5.0,328.9,
1984,3703,ZONE_FACULTY_MEDICINE,SM_Prop_BioLight_Column_01,10725.76,-10629.01,0.0,306.1,
1985,3705,ZONE_CLEARANCE_WATERWAY,SM_Prop_Waterway_WarningBuoy_Luminescent,10679.23,-10881.22,-100.0,167.7,
1986,3707,ZONE_FACULTY_MEDICINE,SM_Prop_SolarGlassPavement_Tile,9789.21,-15971.5,-73.61,260.5,
1987,3709,ZONE_FACULTY_MEDICINE,SM_Prop_SolarGlassPavement_Tile,11035.7,-14784.55,190.31,216.3,
1988,3711,ZONE_FACULTY_MEDICINE,SM_Prop_BioLight_Column_01,11406.06,-14298.77,403.5,224.9,
1989,3713,ZONE_FACULTY_MEDICINE,SM_Prop_BioLight_Column_01,12048.9,-13223.62,575.95,354.9,
1990,3715,ZONE_FACULTY_MEDICINE,SM_Prop_BioLight_Column_01,13345.87,-12527.6,575.95,68.4,
1991,3717,ZONE_FACULTY_MEDICINE,SM_Prop_AtmosphereBooth_01,14036.29,-11506.41,403.5,351.0,
1992,3719,ZONE_FACULTY_MEDICINE,SM_Prop_BioLight_Column_01,14816.44,-11010.72,185.31,333.2,
1993,3721,ZONE_FACULTY_MEDICINE,SM_Prop_BioLight_Column_01,15868.92,-10042.5,-78.61,77.7,
1994,3725,ZONE_FACULTY_MEDICINE,SM_Prop_AtmosphereBooth_01,11770.96,-18208.22,65.08,60.9,
1995,3727,ZONE_FACULTY_MEDICINE,SM_Prop_SolarGlassPavement_Tile,13061.43,-17054.76,495.62,185.7,
1996,3729,ZONE_FACULTY_MEDICINE,SM_Prop_BioLight_Column_01,14106.43,-16260.34,825.21,186.7,
1997,3731,ZONE_FACULTY_MEDICINE,SM_Prop_AtmosphereBooth_01,15426.54,-14906.26,1068.84,129.2,
1998,3733,ZONE_FACULTY_MEDICINE,SM_Prop_AtmosphereBooth_01,16269.99,-14242.9,825.21,239.6,
1999,3735,ZONE_FACULTY_MEDICINE,SM_Prop_BioLight_Column_01,17216.33,-12997.2,490.62,85.8,
2000,3737,ZONE_FACULTY_MEDICINE,SM_Prop_AtmosphereBooth_01,18259.59,-11825.74,65.08,258.5,
2001,3740,ZONE_CLEARANCE_WATERWAY,SM_Prop_Waterway_WarningBuoy_Luminescent,12499.7,-22639.42,-767.18,276.5,
2002,3741,ZONE_FACULTY_MEDICINE,SM_Prop_SolarGlassPavement_Tile,13164.42,-21472.32,-280.5,184.4,
2003,3743,ZONE_FACULTY_MEDICINE,SM_Prop_SolarGlassPavement_Tile,14340.18,-20518.96,381.44,162.3,
2004,3745,ZONE_FACULTY_MEDICINE,SM_Prop_SolarGlassPavement_Tile,15191.69,-19392.63,908.19,290.1,
2005,3747,ZONE_FACULTY_MEDICINE,SM_Prop_BioLight_Column_01,16380.93,-18223.0,1294.75,276.1,
2006,3749,ZONE_FACULTY_MEDICINE,SM_Prop_BioLight_Column_01,18077.92,-16563.4,1294.75,198.2,
2007,3751,ZONE_FACULTY_MEDICINE,SM_Prop_SolarGlassPavement_Tile,19286.17,-15372.15,908.19,88.7,
2008,3753,ZONE_FACULTY_MEDICINE,SM_Prop_AtmosphereBooth_01,20740.94,-13935.81,376.44,143.0,
2009,3755,ZONE_FACULTY_MEDICINE,SM_Prop_SolarGlassPavement_Tile,21606.33,-12934.11,-280.5,144.4,
2010,3759,ZONE_FACULTY_MEDICINE,SM_Prop_SolarGlassPavement_Tile,15133.53,-23904.47,63.24,128.1,
2011,3761,ZONE_FACULTY_MEDICINE,SM_Prop_SolarGlassPavement_Tile,16476.58,-22514.01,814.6,340.3,
2012,3763,ZONE_FACULTY_MEDICINE,SM_Prop_SolarGlassPavement_Tile,18353.31,-20714.5,1388.01,212.6,
2013,3765,ZONE_FACULTY_MEDICINE,SM_Prop_BioLight_Column_01,19406.75,-19492.87,1778.47,258.2,
2014,3767,ZONE_FACULTY_MEDICINE,SM_Prop_BioLight_Column_01,21148.88,-17946.46,1383.01,14.7,
2015,3769,ZONE_FACULTY_MEDICINE,SM_Prop_SolarGlassPavement_Tile,22618.09,-16301.08,814.6,151.0,
2016,3771,ZONE_FACULTY_MEDICINE,SM_Prop_AtmosphereBooth_01,24063.79,-15464.63,58.24,28.3,
2017,3775,ZONE_FACULTY_MEDICINE,SM_Prop_SolarGlassPavement_Tile,15992.44,-27877.78,-468.95,189.5,
2018,3777,ZONE_FACULTY_MEDICINE,SM_Prop_SolarGlassPavement_Tile,17736.75,-26029.93,537.8,248.7,
2019,3779,ZONE_FACULTY_MEDICINE,SM_Prop_SolarGlassPavement_Tile,19646.98,-24370.39,1325.81,180.8,
2020,3781,ZONE_FACULTY_MEDICINE,SM_Prop_AtmosphereBooth_01,20809.5,-22308.41,1890.06,43.5,
2021,3783,ZONE_FACULTY_MEDICINE,SM_Prop_BioLight_Column_01,22340.54,-20972.68,1890.06,74.4,
2022,3785,ZONE_FACULTY_MEDICINE,SM_Prop_BioLight_Column_01,23981.45,-19467.8,1320.81,74.8,
2023,3787,ZONE_FACULTY_MEDICINE,SM_Prop_BioLight_Column_01,25697.89,-17481.79,532.8,2.7,
2024,3789,ZONE_FACULTY_MEDICINE,SM_Prop_SolarGlassPavement_Tile,27903.4,-16105.02,-468.95,356.2,
2025,3790,ZONE_CLEARANCE_WATERWAY,SM_Prop_Waterway_WarningBuoy_Luminescent,28437.38,-15234.55,-1159.36,142.6,
2026,3793,ZONE_FACULTY_MEDICINE,SM_Prop_SolarGlassPavement_Tile,17937.04,-29370.62,65.93,111.1,
2027,3795,ZONE_FACULTY_MEDICINE,SM_Prop_SolarGlassPavement_Tile,19878.83,-27681.34,1098.18,305.8,
2028,3797,ZONE_FACULTY_MEDICINE,SM_Prop_SolarGlassPavement_Tile,21986.73,-26086.07,1873.28,30.1,
2029,3799,ZONE_FACULTY_MEDICINE,SM_Prop_SolarGlassPavement_Tile,23797.27,-24081.84,2391.22,12.1,
2030,3801,ZONE_FACULTY_MEDICINE,SM_Prop_BioLight_Column_01,25974.88,-21793.44,1868.28,60.5,
2031,3803,ZONE_FACULTY_MEDICINE,SM_Prop_BioLight_Column_01,27588.12,-19893.9,1093.18,168.3,
2032,3805,ZONE_FACULTY_MEDICINE,SM_Prop_SolarGlassPavement_Tile,29591.8,-18224.78,65.93,148.8,
2033,3809,ZONE_FACULTY_MEDICINE,SM_Prop_SolarGlassPavement_Tile,18778.93,-33607.3,-609.37,206.3,
2034,3811,ZONE_FACULTY_MEDICINE,SM_Prop_BioLight_Column_01,21017.93,-31405.73,687.45,285.8,
2035,3813,ZONE_FACULTY_MEDICINE,SM_Prop_SolarGlassPavement_Tile,23018.61,-29833.55,1701.53,265.1,
2036,3815,ZONE_FACULTY_MEDICINE,SM_Prop_SolarGlassPavement_Tile,24824.94,-27464.68,2417.87,44.5,
2037,3817,ZONE_FACULTY_MEDICINE,SM_Prop_SolarGlassPavement_Tile,27230.03,-25249.74,2417.87,43.0,
2038,3819,ZONE_FACULTY_MEDICINE,SM_Prop_SolarGlassPavement_Tile,29672.25,-22854.9,1701.53,5.0,
2039,3821,ZONE_FACULTY_MEDICINE,SM_Prop_SolarGlassPavement_Tile,31729.89,-21202.76,692.45,74.2,
2040,3823,ZONE_FACULTY_MEDICINE,SM_Prop_AtmosphereBooth_01,33855.48,-18822.43,-614.37,263.3,
2041,3825,ZONE_CLEARANCE_WATERWAY,SM_Prop_Waterway_WarningBuoy_Luminescent,19066.55,-37574.86,-1595.98,199.6,
2042,3827,ZONE_FACULTY_MEDICINE,SM_Prop_AtmosphereBooth_01,21623.07,-35766.23,95.44,334.0,
2043,3829,ZONE_FACULTY_MEDICINE,SM_Prop_SolarGlassPavement_Tile,23835.41,-33310.65,1366.74,253.4,
2044,3831,ZONE_FACULTY_MEDICINE,SM_Prop_SolarGlassPavement_Tile,26542.31,-30568.17,2307.91,41.4,
2045,3833,ZONE_FACULTY_MEDICINE,SM_Prop_SolarGlassPavement_Tile,28773.13,-28624.92,2923.95,124.5,
2046,3835,ZONE_FACULTY_MEDICINE,SM_Prop_SolarGlassPavement_Tile,30492.74,-26164.99,2307.91,331.2,
2047,3837,ZONE_FACULTY_MEDICINE,SM_Prop_AtmosphereBooth_01,33037.13,-24100.47,1361.74,284.7,
2048,3839,ZONE_FACULTY_MEDICINE,SM_Prop_SolarGlassPavement_Tile,35875.25,-21646.89,100.44,201.8,
2049,3843,ZONE_FACULTY_MEDICINE,SM_Prop_SolarGlassPavement_Tile,22092.45,-39676.97,-680.15,241.5,
2050,3845,ZONE_FACULTY_MEDICINE,SM_Prop_SolarGlassPavement_Tile,24651.48,-36821.2,860.9,183.5,
2051,3847,ZONE_FACULTY_MEDICINE,SM_Prop_BioLight_Column_01,26913.99,-34294.02,2043.02,320.7,
2052,3849,ZONE_FACULTY_MEDICINE,SM_Prop_SolarGlassPavement_Tile,29632.97,-31696.78,2881.18,343.6,
2053,3851,ZONE_FACULTY_MEDICINE,SM_Prop_AtmosphereBooth_01,31731.85,-29137.67,2876.18,121.6,
2054,3853,ZONE_FACULTY_MEDICINE,SM_Prop_SolarGlassPavement_Tile,34342.27,-26609.02,2048.02,111.2,
2055,3855,ZONE_FACULTY_MEDICINE,SM_Prop_BioLight_Column_01,37247.27,-24156.11,855.9,53.8,
2056,3857,ZONE_FACULTY_MEDICINE,SM_Prop_SolarGlassPavement_Tile,40028.25,-22066.09,-680.15,41.4,
2057,3861,ZONE_FACULTY_MEDICINE,SM_Prop_BioLight_Column_01,24996.78,-41447.49,177.2,179.5,
2058,3863,ZONE_FACULTY_MEDICINE,SM_Prop_BioLight_Column_01,27352.14,-38758.72,1625.32,105.8,
2059,3865,ZONE_FACULTY_MEDICINE,SM_Prop_SolarGlassPavement_Tile,30013.55,-36012.78,2699.56,342.4,
2060,3867,ZONE_FACULTY_MEDICINE,SM_Prop_SolarGlassPavement_Tile,33178.68,-33045.23,3389.91,249.4,
2061,3869,ZONE_FACULTY_MEDICINE,SM_Prop_SolarGlassPavement_Tile,35425.78,-29855.01,2699.56,150.8,
2062,3871,ZONE_FACULTY_MEDICINE,SM_Prop_SolarGlassPavement_Tile,38889.61,-27701.34,1630.32,288.5,
2063,3873,ZONE_FACULTY_MEDICINE,SM_Prop_AtmosphereBooth_01,41048.83,-24781.48,177.2,103.4,
2064,3875,ZONE_CLEARANCE_WATERWAY,SM_Prop_Waterway_WarningBuoy_Luminescent,44240.97,-21858.89,-1749.81,359.9,
2065,3877,ZONE_FACULTY_MEDICINE,SM_Prop_BioLight_Column_01,25056.73,-45357.78,-669.3,192.3,
2066,3879,ZONE_FACULTY_MEDICINE,SM_Prop_AtmosphereBooth_01,27594.75,-42350.38,1048.33,99.5,
2067,3881,ZONE_FACULTY_MEDICINE,SM_Prop_AtmosphereBooth_01,30926.76,-39741.13,2366.29,233.3,
2068,3883,ZONE_FACULTY_MEDICINE,SM_Prop_SolarGlassPavement_Tile,33561.29,-36580.11,3289.57,50.3,
2069,3885,ZONE_FACULTY_MEDICINE,SM_Prop_SolarGlassPavement_Tile,36487.08,-33683.06,3289.57,258.7,
2070,3887,ZONE_FACULTY_MEDICINE,SM_Prop_BioLight_Column_01,39538.64,-30461.0,2366.29,10.7,
2071,3889,ZONE_FACULTY_MEDICINE,SM_Prop_BioLight_Column_01,42419.34,-27673.51,1048.33,106.3,
2072,3891,ZONE_FACULTY_MEDICINE,SM_Prop_AtmosphereBooth_01,45274.4,-24469.2,-669.3,58.0,
2073,3895,ZONE_FACULTY_MEDICINE,SM_Prop_BioLight_Column_01,28280.48,-46741.08,317.49,261.1,
2074,3897,ZONE_FACULTY_MEDICINE,SM_Prop_BioLight_Column_01,31058.39,-43787.39,1890.06,356.5,
2075,3899,ZONE_FACULTY_MEDICINE,SM_Prop_AtmosphereBooth_01,34459.64,-40379.09,3046.54,316.5,
2076,3901,ZONE_FACULTY_MEDICINE,SM_Prop_BioLight_Column_01,37653.97,-37822.27,3786.93,274.6,
2077,3903,ZONE_FACULTY_MEDICINE,SM_Prop_BioLight_Column_01,40280.64,-34363.98,3046.54,355.6,
2078,3905,ZONE_FACULTY_MEDICINE,SM_Prop_AtmosphereBooth_01,43434.82,-30900.26,1890.06,357.8,
2079,3907,ZONE_FACULTY_MEDICINE,SM_Prop_BioLight_Column_01,47030.22,-27741.54,317.49,47.8,
2080,3910,ZONE_CLEARANCE_WATERWAY,SM_Prop_Waterway_WarningBuoy_Luminescent,26494.99,-52370.56,-1727.85,159.8,
2081,3911,ZONE_FACULTY_MEDICINE,SM_Prop_SolarGlassPavement_Tile,28318.87,-51211.64,-549.39,214.1,
2082,3913,ZONE_FACULTY_MEDICINE,SM_Prop_BioLight_Column_01,31491.82,-47982.31,1271.59,90.0,
2083,3915,ZONE_FACULTY_MEDICINE,SM_Prop_SolarGlassPavement_Tile,34696.28,-44808.94,2674.63,55.0,
2084,3917,ZONE_FACULTY_MEDICINE,SM_Prop_AtmosphereBooth_01,37861.71,-40933.5,3639.72,142.5,
2085,3919,ZONE_FACULTY_MEDICINE,SM_Prop_SolarGlassPavement_Tile,40939.91,-37947.58,3644.72,51.6,
2086,3921,ZONE_FACULTY_MEDICINE,SM_Prop_BioLight_Column_01,44604.47,-34576.7,2669.63,233.5,
2087,3923,ZONE_FACULTY_MEDICINE,SM_Prop_BioLight_Column_01,47837.03,-31849.61,1271.59,329.2,
2088,3925,ZONE_FACULTY_MEDICINE,SM_Prop_AtmosphereBooth_01,50988.52,-28334.31,-554.39,4.1,
2089,3929,ZONE_FACULTY_MEDICINE,SM_Prop_BioLight_Column_01,32937.09,-50845.98,523.87,204.0,
2090,3931,ZONE_FACULTY_MEDICINE,SM_Prop_BioLight_Column_01,35984.38,-47810.35,2159.67,23.2,
2091,3933,ZONE_FACULTY_MEDICINE,SM_Prop_BioLight_Column_01,39222.4,-45075.57,3360.36,357.0,
2092,3935,ZONE_FACULTY_MEDICINE,SM_Prop_AtmosphereBooth_01,42247.25,-42049.45,4125.95,161.5,
2093,3937,ZONE_FACULTY_MEDICINE,SM_Prop_BioLight_Column_01,45004.54,-38607.03,3360.36,180.7,
2094,3939,ZONE_FACULTY_MEDICINE,SM_Prop_SolarGlassPavement_Tile,47932.53,-35821.23,2164.67,315.6,
2095,3941,ZONE_FACULTY_MEDICINE,SM_Prop_AtmosphereBooth_01,50792.46,-32453.01,523.87,130.3,
2096,3945,ZONE_FACULTY_MEDICINE,SM_Prop_AtmosphereBooth_01,34245.9,-54211.76,-332.77,319.7,
2097,3947,ZONE_FACULTY_MEDICINE,SM_Prop_BioLight_Column_01,36612.04,-51057.98,1529.73,258.9,
2098,3949,ZONE_FACULTY_MEDICINE,SM_Prop_BioLight_Column_01,39652.32,-48700.62,2954.73,38.9,
2099,3951,ZONE_FACULTY_MEDICINE,SM_Prop_BioLight_Column_01,42766.33,-45507.86,3942.23,328.7,
2100,3953,ZONE_FACULTY_MEDICINE,SM_Prop_AtmosphereBooth_01,45916.25,-42397.5,3942.23,80.4,
2101,3955,ZONE_FACULTY_MEDICINE,SM_Prop_BioLight_Column_01,48273.16,-39456.64,2954.73,190.6,
2102,3957,ZONE_FACULTY_MEDICINE,SM_Prop_AtmosphereBooth_01,51360.48,-37123.07,1529.73,119.3,
2103,3959,ZONE_FACULTY_MEDICINE,SM_Prop_SolarGlassPavement_Tile,54334.85,-33731.55,-327.77,15.6,
2104,3960,ZONE_CLEARANCE_WATERWAY,SM_Prop_Waterway_WarningBuoy_Luminescent,55619.2,-32749.96,-1528.08,306.8,
2105,3963,ZONE_FACULTY_MEDICINE,SM_Prop_SolarGlassPavement_Tile,38407.52,-54450.93,805.12,183.1,
2106,3965,ZONE_FACULTY_MEDICINE,SM_Prop_AtmosphereBooth_01,40831.87,-51846.43,2435.92,154.8,
2107,3967,ZONE_FACULTY_MEDICINE,SM_Prop_AtmosphereBooth_01,43901.48,-49478.1,3636.62,14.9,
2108,3969,ZONE_FACULTY_MEDICINE,SM_Prop_SolarGlassPavement_Tile,46024.03,-46466.0,4407.21,104.7,
2109,3971,ZONE_FACULTY_MEDICINE,SM_Prop_BioLight_Column_01,49147.15,-43718.43,3636.62,304.1,
2110,3973,ZONE_FACULTY_MEDICINE,SM_Prop_SolarGlassPavement_Tile,51610.46,-41027.39,2440.92,289.5,
2111,3975,ZONE_FACULTY_MEDICINE,SM_Prop_BioLight_Column_01,54319.88,-37926.08,800.12,64.7,
2112,3979,ZONE_FACULTY_MEDICINE,SM_Prop_BioLight_Column_01,39918.56,-57683.35,-1.87,224.9,
2113,3981,ZONE_FACULTY_MEDICINE,SM_Prop_BioLight_Column_01,42036.25,-54868.34,1824.1,147.8,
2114,3983,ZONE_FACULTY_MEDICINE,SM_Prop_BioLight_Column_01,45203.71,-52383.42,3222.14,67.0,
2115,3985,ZONE_FACULTY_MEDICINE,SM_Prop_SolarGlassPavement_Tile,47575.26,-50254.96,4197.24,30.7,
2116,3987,ZONE_FACULTY_MEDICINE,SM_Prop_BioLight_Column_01,50156.71,-47671.44,4192.24,38.3,
2117,3989,ZONE_FACULTY_MEDICINE,SM_Prop_AtmosphereBooth_01,52247.91,-44488.41,3222.14,70.0,
2118,3991,ZONE_FACULTY_MEDICINE,SM_Prop_BioLight_Column_01,55028.31,-42600.66,1824.1,349.9,
2119,3993,ZONE_FACULTY_MEDICINE,SM_Prop_SolarGlassPavement_Tile,57684.78,-39716.26,3.13,71.5,
2120,3995,ZONE_CLEARANCE_WATERWAY,SM_Prop_Waterway_WarningBuoy_Luminescent,41381.87,-60197.77,-942.39,111.1,
2121,3997,ZONE_FACULTY_MEDICINE,SM_Prop_SolarGlassPavement_Tile,43673.07,-57903.18,1151.26,199.7,
2122,3999,ZONE_FACULTY_MEDICINE,SM_Prop_SolarGlassPavement_Tile,46173.19,-55057.86,2723.83,182.5,
2123,4001,ZONE_FACULTY_MEDICINE,SM_Prop_SolarGlassPavement_Tile,48503.23,-52914.86,3880.31,231.3,
2124,4003,ZONE_FACULTY_MEDICINE,SM_Prop_BioLight_Column_01,50619.4,-50653.66,4615.7,70.3,
2125,4005,ZONE_FACULTY_MEDICINE,SM_Prop_BioLight_Column_01,53133.4,-48673.68,3875.31,313.9,
2126,4007,ZONE_FACULTY_MEDICINE,SM_Prop_BioLight_Column_01,55447.02,-46641.09,2718.83,90.1,
2127,4009,ZONE_FACULTY_MEDICINE,SM_Prop_BioLight_Column_01,57660.89,-44023.19,1146.26,125.7,
2128,4013,ZONE_FACULTY_MEDICINE,SM_Prop_AtmosphereBooth_01,45634.31,-60509.19,435.72,84.9,
2129,4015,ZONE_FACULTY_MEDICINE,SM_Prop_SolarGlassPavement_Tile,48012.3,-58237.72,2158.35,282.2,
2130,4017,ZONE_FACULTY_MEDICINE,SM_Prop_SolarGlassPavement_Tile,50283.86,-56588.2,3476.31,23.8,
2131,4019,ZONE_FACULTY_MEDICINE,SM_Prop_AtmosphereBooth_01,52054.41,-54456.67,4389.59,328.4,
2132,4021,ZONE_FACULTY_MEDICINE,SM_Prop_SolarGlassPavement_Tile,54291.69,-51725.59,4394.59,348.7,
2133,4023,ZONE_FACULTY_MEDICINE,SM_Prop_AtmosphereBooth_01,55983.69,-50308.27,3471.31,124.9,
2134,4025,ZONE_FACULTY_MEDICINE,SM_Prop_AtmosphereBooth_01,58505.94,-48248.35,2153.35,251.4,
2135,4027,ZONE_FACULTY_MEDICINE,SM_Prop_BioLight_Column_01,60665.6,-45998.82,435.72,120.6,
2136,4031,ZONE_FACULTY_MEDICINE,SM_Prop_BioLight_Column_01,50020.63,-61070.8,1558.48,86.4,
2137,4033,ZONE_FACULTY_MEDICINE,SM_Prop_BioLight_Column_01,51806.91,-58856.38,3006.6,264.3,
2138,4035,ZONE_FACULTY_MEDICINE,SM_Prop_AtmosphereBooth_01,53130.83,-57351.19,4075.84,201.6,
2139,4037,ZONE_FACULTY_MEDICINE,SM_Prop_BioLight_Column_01,55149.68,-55137.82,4766.19,293.8,
2140,4039,ZONE_FACULTY_MEDICINE,SM_Prop_BioLight_Column_01,56844.32,-53208.83,4075.84,322.7,
2141,4041,ZONE_FACULTY_MEDICINE,SM_Prop_AtmosphereBooth_01,59422.97,-51338.52,3006.6,46.5,
2142,4043,ZONE_FACULTY_MEDICINE,SM_Prop_SolarGlassPavement_Tile,60918.92,-50084.28,1563.48,356.8,
2143,4045,ZONE_CLEARANCE_WATERWAY,SM_Prop_Waterway_WarningBuoy_Luminescent,63057.42,-48134.92,-368.53,114.6,
2144,4047,ZONE_FACULTY_MEDICINE,SM_Prop_AtmosphereBooth_01,52069.54,-63231.14,972.39,124.6,
2145,4049,ZONE_FACULTY_MEDICINE,SM_Prop_SolarGlassPavement_Tile,53399.22,-61899.19,2518.44,250.1,
2146,4051,ZONE_FACULTY_MEDICINE,SM_Prop_SolarGlassPavement_Tile,55059.07,-60310.02,3705.55,66.1,
2147,4053,ZONE_FACULTY_MEDICINE,SM_Prop_SolarGlassPavement_Tile,56505.28,-58034.46,4538.72,297.9,
2148,4055,ZONE_FACULTY_MEDICINE,SM_Prop_BioLight_Column_01,58217.94,-56814.89,4533.72,93.3,
2149,4057,ZONE_FACULTY_MEDICINE,SM_Prop_AtmosphereBooth_01,59788.09,-55324.32,3700.55,40.7,
2150,4059,ZONE_FACULTY_MEDICINE,SM_Prop_SolarGlassPavement_Tile,61964.31,-53218.65,2518.44,212.0,
2151,4061,ZONE_FACULTY_MEDICINE,SM_Prop_SolarGlassPavement_Tile,63623.64,-51433.4,977.39,290.0,
2152,4065,ZONE_FACULTY_MEDICINE,SM_Prop_SolarGlassPavement_Tile,55839.56,-64169.5,1964.64,60.6,
2153,4067,ZONE_FACULTY_MEDICINE,SM_Prop_AtmosphereBooth_01,56927.3,-62566.3,3182.51,223.3,
2154,4069,ZONE_FACULTY_MEDICINE,SM_Prop_SolarGlassPavement_Tile,58290.64,-61648.85,4096.41,121.8,
2155,4071,ZONE_FACULTY_MEDICINE,SM_Prop_BioLight_Column_01,59447.46,-60046.86,4686.33,327.0,
2156,4073,ZONE_FACULTY_MEDICINE,SM_Prop_AtmosphereBooth_01,61602.09,-58436.55,4091.41,322.7,
2157,4075,ZONE_FACULTY_MEDICINE,SM_Prop_SolarGlassPavement_Tile,62666.32,-56895.72,3187.51,283.5,
2158,4077,ZONE_FACULTY_MEDICINE,SM_Prop_SolarGlassPavement_Tile,63827.9,-55199.02,1964.64,264.7,
2159,4080,ZONE_CLEARANCE_WATERWAY,SM_Prop_Waterway_WarningBuoy_Luminescent,56838.75,-67241.43,629.61,293.3,
2160,4081,ZONE_FACULTY_MEDICINE,SM_Prop_SolarGlassPavement_Tile,58186.23,-66477.86,1399.3,345.7,
2161,4083,ZONE_FACULTY_MEDICINE,SM_Prop_SolarGlassPavement_Tile,58815.96,-65177.87,2536.84,152.1,
2162,4085,ZONE_FACULTY_MEDICINE,SM_Prop_AtmosphereBooth_01,60552.37,-63720.54,3413.57,258.1,
2163,4087,ZONE_FACULTY_MEDICINE,SM_Prop_BioLight_Column_01,61207.77,-62844.16,4039.5,176.6,
2164,4089,ZONE_FACULTY_MEDICINE,SM_Prop_BioLight_Column_01,62795.13,-61163.36,4039.5,287.8,
2165,4091,ZONE_FACULTY_MEDICINE,SM_Prop_SolarGlassPavement_Tile,63733.35,-59948.77,3418.57,53.4,
2166,4093,ZONE_FACULTY_MEDICINE,SM_Prop_SolarGlassPavement_Tile,65102.38,-59406.09,2536.84,161.7,
2167,4095,ZONE_FACULTY_MEDICINE,SM_Prop_SolarGlassPavement_Tile,66318.7,-57454.75,1399.3,10.6,
2168,4099,ZONE_FACULTY_MEDICINE,SM_Prop_SolarGlassPavement_Tile,61164.13,-67411.88,1891.84,258.4,
2169,4101,ZONE_FACULTY_MEDICINE,SM_Prop_SolarGlassPavement_Tile,62107.79,-66185.82,2656.47,175.5,
2170,4103,ZONE_FACULTY_MEDICINE,SM_Prop_AtmosphereBooth_01,63131.37,-64932.72,3225.62,251.8,
2171,4105,ZONE_FACULTY_MEDICINE,SM_Prop_BioLight_Column_01,63971.87,-64098.72,3609.28,70.6,
2172,4107,ZONE_FACULTY_MEDICINE,SM_Prop_AtmosphereBooth_01,65397.36,-63421.78,3225.62,102.7,
2173,4109,ZONE_FACULTY_MEDICINE,SM_Prop_BioLight_Column_01,65963.2,-62218.53,2651.47,252.1,
2174,4111,ZONE_FACULTY_MEDICINE,SM_Prop_SolarGlassPavement_Tile,67137.36,-61008.11,1891.84,56.6,
2175,4115,ZONE_FACULTY_MEDICINE,SM_Prop_BioLight_Column_01,63739.95,-69529.11,1334.24,255.8,
2176,4117,ZONE_FACULTY_MEDICINE,SM_Prop_SolarGlassPavement_Tile,64264.77,-68670.77,1926.17,94.0,
2177,4119,ZONE_FACULTY_MEDICINE,SM_Prop_AtmosphereBooth_01,65644.04,-67913.38,2380.56,200.7,
2178,4121,ZONE_FACULTY_MEDICINE,SM_Prop_SolarGlassPavement_Tile,66268.8,-66906.41,2717.43,305.2,
2179,4123,ZONE_FACULTY_MEDICINE,SM_Prop_AtmosphereBooth_01,67143.4,-66125.4,2712.43,23.9,
2180,4125,ZONE_FACULTY_MEDICINE,SM_Prop_SolarGlassPavement_Tile,67349.79,-65062.43,2385.56,305.8,
2181,4127,ZONE_FACULTY_MEDICINE,SM_Prop_BioLight_Column_01,68473.59,-64587.08,1921.17,137.1,
2182,4129,ZONE_FACULTY_MEDICINE,SM_Prop_SolarGlassPavement_Tile,69212.51,-63694.11,1339.24,298.6,
2183,4130,ZONE_CLEARANCE_WATERWAY,SM_Prop_Waterway_WarningBuoy_Luminescent,69600.46,-62933.47,892.95,168.4,
2184,4132,ZONE_HARBOR_BERTH,SM_Prop_Harbor_Bollard_Heavy,66455.96,-71137.2,1107.01,146.4,
2185,4133,ZONE_HARBOR_BERTH,SM_Prop_Harbor_Bollard_Heavy,66584.79,-70638.06,1291.5,232.3,
2186,4134,ZONE_HARBOR_BERTH,SM_Prop_Harbor_Bollard_Heavy,67146.77,-70375.53,1457.44,331.2,
2187,4135,ZONE_HARBOR_BERTH,SM_Prop_Harbor_Bollard_Heavy,67879.82,-69600.18,1604.83,317.5,
2188,4136,ZONE_HARBOR_BERTH,SM_Prop_Harbor_Bollard_Heavy,67585.08,-69561.93,1733.66,357.5,
2189,4137,ZONE_HARBOR_BERTH,SM_Prop_Submersible_MooringClamp,67764.51,-69173.03,1793.94,321.5,
2190,4138,ZONE_HARBOR_BERTH,SM_Prop_Submersible_MooringClamp,68230.38,-69415.95,1885.68,225.2,
2191,4139,ZONE_HARBOR_BERTH,SM_Prop_OceanSensorBeacon,68883.86,-68917.66,2008.86,134.0,
2192,4140,ZONE_HARBOR_BERTH,SM_Prop_OceanSensorBeacon,69315.41,-68428.58,1935.68,325.2,
2193,4141,ZONE_HARBOR_BERTH,SM_Prop_OceanSensorBeacon,69384.83,-67978.81,1843.94,341.3,
2194,4142,ZONE_HARBOR_BERTH,SM_Prop_Submersible_MooringClamp,69787.23,-67971.5,1683.66,275.9,
2195,4143,ZONE_HARBOR_BERTH,SM_Prop_OceanSensorBeacon,70245.28,-67889.45,1604.83,228.8,
2196,4144,ZONE_HARBOR_BERTH,SM_Prop_Submersible_MooringClamp,70648.19,-67263.42,1407.44,148.7,
2197,4145,ZONE_HARBOR_BERTH,SM_Prop_Harbor_Bollard_Heavy,70518.41,-66944.36,1291.5,13.3,
2198,4146,ZONE_HARBOR_BERTH,SM_Prop_Harbor_Bollard_Heavy,70907.67,-66949.56,1107.01,176.5,
2199,4149,ZONE_HARBOR_BERTH,SM_Prop_Harbor_Bollard_Heavy,69666.19,-72395.84,785.44,247.5,
2200,4150,ZONE_HARBOR_BERTH,SM_Prop_Harbor_Bollard_Heavy,69343.31,-72259.53,875.63,70.3,
2201,4151,ZONE_HARBOR_BERTH,SM_Prop_Submersible_MooringClamp,69534.98,-72077.76,907.06,10.8,
2202,4152,ZONE_HARBOR_BERTH,SM_Prop_Harbor_Bollard_Heavy,69905.96,-71993.48,1029.72,259.4,
2203,4153,ZONE_HARBOR_BERTH,SM_Prop_Submersible_MooringClamp,70176.79,-71717.42,1043.62,86.9,
2204,4154,ZONE_HARBOR_BERTH,SM_Prop_Harbor_Bollard_Heavy,70694.45,-71046.61,1148.76,120.1,
2205,4155,ZONE_HARBOR_BERTH,SM_Prop_Submersible_MooringClamp,71008.72,-71528.49,1145.14,133.1,
2206,4156,ZONE_HARBOR_BERTH,SM_Prop_Submersible_MooringClamp,71235.24,-70997.61,1182.75,334.8,
2207,4157,ZONE_HARBOR_BERTH,SM_Prop_Submersible_MooringClamp,71536.86,-70407.47,1145.14,250.5,
2208,4158,ZONE_HARBOR_BERTH,SM_Prop_OceanSensorBeacon,71711.7,-70584.64,1148.76,116.7,
2209,4159,ZONE_HARBOR_BERTH,SM_Prop_OceanSensorBeacon,72002.03,-70694.87,1093.62,308.9,
2210,4160,ZONE_HARBOR_BERTH,SM_Prop_Harbor_Bollard_Heavy,71654.3,-70249.84,1029.72,221.2,
2211,4161,ZONE_HARBOR_BERTH,SM_Prop_Harbor_Bollard_Heavy,71800.54,-70079.28,957.06,172.1,
2212,4162,ZONE_HARBOR_BERTH,SM_Prop_Harbor_Bollard_Heavy,72122.6,-69332.59,875.63,170.9,
2213,4163,ZONE_HARBOR_BERTH,SM_Prop_OceanSensorBeacon,72265.06,-69692.27,785.44,180.4,
2214,4165,ZONE_CLEARANCE_WATERWAY,SM_Prop_Waterway_WarningBuoy_Luminescent,72242.23,-74505.35,296.26,265.9,
2215,4166,ZONE_HARBOR_BERTH,SM_Prop_OceanSensorBeacon,72141.38,-74200.96,430.28,315.5,
2216,4167,ZONE_HARBOR_BERTH,SM_Prop_Harbor_Bollard_Heavy,72359.92,-74233.24,461.44,222.8,
2217,4168,ZONE_HARBOR_BERTH,SM_Prop_Harbor_Bollard_Heavy,72751.71,-74072.27,489.73,7.4,
2218,4169,ZONE_HARBOR_BERTH,SM_Prop_Harbor_Bollard_Heavy,72732.24,-73560.29,515.14,4.9,
2219,4170,ZONE_HARBOR_BERTH,SM_Prop_Harbor_Bollard_Heavy,73108.9,-73938.35,537.69,12.4,
2220,4171,ZONE_HARBOR_BERTH,SM_Prop_Harbor_Bollard_Heavy,73264.71,-73530.41,557.37,110.6,
2221,4172,ZONE_HARBOR_BERTH,SM_Prop_Submersible_MooringClamp,73248.6,-73165.74,524.18,323.1,
2222,4173,ZONE_HARBOR_BERTH,SM_Prop_Harbor_Bollard_Heavy,73025.89,-73614.63,588.11,0.1,
2223,4174,ZONE_HARBOR_BERTH,SM_Prop_Submersible_MooringClamp,73558.77,-72888.98,524.18,158.7,
2224,4175,ZONE_HARBOR_BERTH,SM_Prop_Submersible_MooringClamp,73470.74,-73005.7,507.37,232.2,
2225,4176,ZONE_HARBOR_BERTH,SM_Prop_Harbor_Bollard_Heavy,73495.21,-72534.18,537.69,170.0,
2226,4177,ZONE_HARBOR_BERTH,SM_Prop_OceanSensorBeacon,73968.98,-72477.45,515.14,285.6,
2227,4178,ZONE_HARBOR_BERTH,SM_Prop_Harbor_Bollard_Heavy,74202.5,-72289.07,489.73,101.5,
2228,4179,ZONE_HARBOR_BERTH,SM_Prop_Harbor_Bollard_Heavy,74175.08,-72607.43,461.44,162.4,
2229,4180,ZONE_HARBOR_BERTH,SM_Prop_Harbor_Bollard_Heavy,74379.73,-72699.73,430.28,297.8,
2230,4183,ZONE_HARBOR_BERTH,SM_Prop_OceanSensorBeacon,74790.41,-76024.86,129.94,237.6,
2231,4184,ZONE_HARBOR_BERTH,SM_Prop_OceanSensorBeacon,75518.97,-75933.86,134.66,133.4,
2232,4185,ZONE_HARBOR_BERTH,SM_Prop_Harbor_Bollard_Heavy,74996.06,-75440.02,138.99,347.2,
2233,4186,ZONE_HARBOR_BERTH,SM_Prop_Harbor_Bollard_Heavy,75377.87,-75938.88,142.93,333.6,
2234,4187,ZONE_HARBOR_BERTH,SM_Prop_OceanSensorBeacon,75124.24,-75533.29,146.47,322.3,
2235,4188,ZONE_HARBOR_BERTH,SM_Prop_Harbor_Bollard_Heavy,75081.71,-75756.78,149.62,290.2,
2236,4189,ZONE_HARBOR_BERTH,SM_Prop_Harbor_Bollard_Heavy,75215.2,-75356.16,152.38,359.5,
2237,4190,ZONE_HARBOR_BERTH,SM_Prop_Harbor_Bollard_Heavy,75601.7,-75610.94,154.75,241.2,
2238,4191,ZONE_HARBOR_BERTH,SM_Prop_Harbor_Bollard_Heavy,75341.39,-75689.18,152.38,0.3,
2239,4192,ZONE_HARBOR_BERTH,SM_Prop_OceanSensorBeacon,75934.6,-75575.52,149.62,75.3,
2240,4193,ZONE_HARBOR_BERTH,SM_Prop_Harbor_Bollard_Heavy,75605.69,-75507.79,146.47,20.3,
2241,4194,ZONE_HARBOR_BERTH,SM_Prop_Harbor_Bollard_Heavy,75353.71,-75201.0,142.93,152.6,
2242,4195,ZONE_HARBOR_BERTH,SM_Prop_Harbor_Bollard_Heavy,75752.18,-74847.8,138.99,224.5,
2243,4196,ZONE_HARBOR_BERTH,SM_Prop_Submersible_MooringClamp,75999.34,-75176.96,84.66,334.9,
2244,4197,ZONE_HARBOR_BERTH,SM_Prop_Submersible_MooringClamp,75886.41,-74981.47,79.94,153.8,
2245,4200,ZONE_HARBOR_BERTH,SM_Prop_Harbor_Bollard_Heavy,78106.22,-78085.94,0.0,19.5,
2246,4201,ZONE_HARBOR_BERTH,SM_Prop_Harbor_Bollard_Heavy,77976.21,-78013.77,0.0,33.4,
2247,4202,ZONE_HARBOR_BERTH,SM_Prop_OceanSensorBeacon,77325.18,-77519.94,0.0,113.1,
2248,4203,ZONE_HARBOR_BERTH,SM_Prop_Submersible_MooringClamp,77671.19,-77860.36,-50.0,343.0,
2249,4204,ZONE_HARBOR_BERTH,SM_Prop_Harbor_Bollard_Heavy,77645.8,-77985.9,0.0,47.2,
2250,4205,ZONE_HARBOR_BERTH,SM_Prop_Submersible_MooringClamp,77804.05,-77395.34,-50.0,214.4,
2251,4206,ZONE_HARBOR_BERTH,SM_Prop_Submersible_MooringClamp,77996.25,-77708.17,-50.0,238.3,
2252,4207,ZONE_HARBOR_BERTH,SM_Prop_Harbor_Bollard_Heavy,77887.53,-77546.43,0.0,173.7,
2253,4208,ZONE_HARBOR_BERTH,SM_Prop_Submersible_MooringClamp,77343.79,-77864.03,-50.0,33.6,
2254,4209,ZONE_HARBOR_BERTH,SM_Prop_Submersible_MooringClamp,77476.49,-77426.81,-50.0,68.6,
2255,4210,ZONE_HARBOR_BERTH,SM_Prop_OceanSensorBeacon,77343.17,-77505.75,0.0,225.6,
2256,4211,ZONE_HARBOR_BERTH,SM_Prop_Submersible_MooringClamp,77357.19,-77687.48,-50.0,15.0,
2257,4212,ZONE_HARBOR_BERTH,SM_Prop_Submersible_MooringClamp,78111.16,-77956.92,-50.0,357.8,
2258,4213,ZONE_HARBOR_BERTH,SM_Prop_Harbor_Bollard_Heavy,77474.01,-78029.27,0.0,285.2,
2259,4214,ZONE_HARBOR_BERTH,SM_Prop_Submersible_MooringClamp,77653.18,-77766.92,-50.0,130.8,
2260,4215,ZONE_CLEARANCE_WATERWAY,SM_Prop_Waterway_WarningBuoy_Luminescent,77849.38,-77402.0,-100.0,48.9,
2261,4216,ZONE_CORE_CITADEL,SM_Prop_Council_MemorialPylon,14900.88,354.2,1200.0,47.6,
2262,4218,ZONE_CORE_CITADEL,SM_Prop_Council_MemorialPylon,14477.37,2806.84,1200.0,315.1,
2263,4220,ZONE_CORE_CITADEL,SM_Prop_Civic_Holosphere_Projector,14441.98,5518.46,1250.0,77.4,
2264,4222,ZONE_CORE_CITADEL,SM_Prop_Civic_Holosphere_Projector,12862.11,7418.81,1250.0,179.5,
2265,4224,ZONE_CORE_CITADEL,SM_Prop_Promenade_IlluminationRing,11181.47,10085.25,1200.0,248.9,
2266,4226,ZONE_CORE_CITADEL,SM_Prop_Civic_Holosphere_Projector,9691.83,11875.81,1250.0,152.1,
2267,4228,ZONE_CORE_CITADEL,SM_Prop_Promenade_IlluminationRing,6901.31,13077.99,1200.0,201.7,
2268,4230,ZONE_CORE_CITADEL,SM_Prop_Promenade_IlluminationRing,4568.92,13931.48,1200.0,320.3,
2269,4232,ZONE_CORE_CITADEL,SM_Prop_Promenade_IlluminationRing,1935.22,14682.79,1200.0,336.7,
2270,4234,ZONE_CORE_CITADEL,SM_Prop_Promenade_IlluminationRing,-812.77,14747.93,1200.0,47.9,
2271,4236,ZONE_CORE_CITADEL,SM_Prop_Promenade_IlluminationRing,-3527.01,14949.65,1200.0,219.3,
2272,4238,ZONE_CORE_CITADEL,SM_Prop_Council_MemorialPylon,-5976.37,13596.66,1200.0,340.5,
2273,4240,ZONE_CORE_CITADEL,SM_Prop_Civic_Holosphere_Projector,-8130.61,12196.8,1250.0,189.9,
2274,4242,ZONE_CORE_CITADEL,SM_Prop_Civic_Holosphere_Projector,-10582.19,11090.21,1250.0,52.9,
2275,4244,ZONE_CORE_CITADEL,SM_Prop_Council_MemorialPylon,-12442.24,8548.29,1200.0,196.7,
2276,4246,ZONE_CORE_CITADEL,SM_Prop_Council_MemorialPylon,-13911.15,6898.1,1200.0,114.3,
2277,4248,ZONE_CORE_CITADEL,SM_Prop_Promenade_IlluminationRing,-14319.12,3952.12,1200.0,224.4,
2278,4250,ZONE_CORE_CITADEL,SM_Prop_Civic_Holosphere_Projector,-15314.05,1537.51,1250.0,112.0,
2279,4252,ZONE_CORE_CITADEL,SM_Prop_Council_MemorialPylon,-14808.33,-1496.26,1200.0,354.5,
2280,4254,ZONE_CORE_CITADEL,SM_Prop_Civic_Holosphere_Projector,-14669.13,-3824.04,1250.0,100.2,
2281,4256,ZONE_CORE_CITADEL,SM_Prop_Civic_Holosphere_Projector,-13810.38,-6712.52,1250.0,108.2,
2282,4258,ZONE_CORE_CITADEL,SM_Prop_Council_MemorialPylon,-11978.08,-8576.93,1200.0,29.3,
2283,4260,ZONE_CORE_CITADEL,SM_Prop_Promenade_IlluminationRing,-10298.85,-11221.4,1200.0,139.2,
2284,4262,ZONE_CORE_CITADEL,SM_Prop_Promenade_IlluminationRing,-8043.1,-12475.24,1200.0,346.7,
2285,4264,ZONE_CORE_CITADEL,SM_Prop_Civic_Holosphere_Projector,-5798.92,-14177.75,1250.0,98.8,
2286,4266,ZONE_CORE_CITADEL,SM_Prop_Council_MemorialPylon,-3665.64,-14404.53,1200.0,199.7,
2287,4268,ZONE_CORE_CITADEL,SM_Prop_Civic_Holosphere_Projector,-875.58,-15127.15,1250.0,226.3,
2288,4270,ZONE_CORE_CITADEL,SM_Prop_Civic_Holosphere_Projector,2025.92,-15046.67,1250.0,132.9,
2289,4272,ZONE_CORE_CITADEL,SM_Prop_Promenade_IlluminationRing,4562.67,-14379.1,1200.0,208.2,
2290,4274,ZONE_CORE_CITADEL,SM_Prop_Council_MemorialPylon,7489.77,-13051.32,1200.0,326.6,
2291,4276,ZONE_CORE_CITADEL,SM_Prop_Promenade_IlluminationRing,9682.36,-11780.18,1200.0,213.7,
2292,4278,ZONE_CORE_CITADEL,SM_Prop_Council_MemorialPylon,11012.94,-9957.84,1200.0,66.8,
2293,4280,ZONE_CORE_CITADEL,SM_Prop_Civic_Holosphere_Projector,12719.81,-7971.35,1250.0,77.4,
2294,4282,ZONE_CORE_CITADEL,SM_Prop_Promenade_IlluminationRing,13936.62,-5235.63,1200.0,342.1,
2295,4284,ZONE_CORE_CITADEL,SM_Prop_Council_MemorialPylon,15072.06,-2385.64,1200.0,29.8,
2296,4286,ZONE_CORE_CITADEL,SM_Prop_Civic_Holosphere_Projector,2329.62,-120.49,1550.0,270.6,
2297,4288,ZONE_CORE_CITADEL,SM_Prop_Civic_Holosphere_Projector,91.57,2159.04,1550.0,22.8,
2298,4290,ZONE_CORE_CITADEL,SM_Prop_Promenade_IlluminationRing,-2167.17,-83.28,1500.0,165.8,
2299,4292,ZONE_CORE_CITADEL,SM_Prop_Council_MemorialPylon,141.3,-2750.0,1500.0,20.4,
2300,4294,ZONE_CORE_CITADEL,SM_Prop_Promenade_IlluminationRing,5402.7,-20.39,1500.0,176.6,
2301,4296,ZONE_CORE_CITADEL,SM_Prop_Council_MemorialPylon,3298.38,3208.65,1500.0,55.3,
2302,4298,ZONE_CORE_CITADEL,SM_Prop_Council_MemorialPylon,273.94,5304.66,1500.0,314.3,
2303,4300,ZONE_CORE_CITADEL,SM_Prop_Civic_Holosphere_Projector,-3676.31,3678.41,1550.0,38.5,
2304,4302,ZONE_CORE_CITADEL,SM_Prop_Civic_Holosphere_Projector,-5498.47,-203.25,1550.0,67.0,
2305,4304,ZONE_CORE_CITADEL,SM_Prop_Promenade_IlluminationRing,-3879.41,-3776.66,1500.0,55.8,
2306,4306,ZONE_CORE_CITADEL,SM_Prop_Promenade_IlluminationRing,-87.85,-5490.5,1500.0,59.4,
2307,4308,ZONE_CORE_CITADEL,SM_Prop_Civic_Holosphere_Projector,3645.32,-3501.59,1550.0,189.6,
2308,4310,ZONE_CORE_CITADEL,SM_Prop_Civic_Holosphere_Projector,7551.51,178.77,1550.0,218.4,
2309,4312,ZONE_CORE_CITADEL,SM_Prop_Promenade_IlluminationRing,6652.46,3642.17,1500.0,124.0,
2310,4314,ZONE_CORE_CITADEL,SM_Prop_Promenade_IlluminationRing,4091.93,6843.74,1500.0,329.1,
2311,4316,ZONE_CORE_CITADEL,SM_Prop_Council_MemorialPylon,371.67,7436.55,1500.0,28.6,
2312,4318,ZONE_CORE_CITADEL,SM_Prop_Promenade_IlluminationRing,-4045.63,6389.83,1500.0,221.8,
2313,4320,ZONE_CORE_CITADEL,SM_Prop_Promenade_IlluminationRing,-6321.85,3931.74,1500.0,323.7,
2314,4322,ZONE_CORE_CITADEL,SM_Prop_Civic_Holosphere_Projector,-7685.56,217.74,1550.0,23.1,
2315,4324,ZONE_CORE_CITADEL,SM_Prop_Promenade_IlluminationRing,-6988.66,-3803.19,1500.0,151.9,
2316,4326,ZONE_CORE_CITADEL,SM_Prop_Civic_Holosphere_Projector,-3508.19,-6940.97,1550.0,206.2,
2317,4328,ZONE_CORE_CITADEL,SM_Prop_Promenade_IlluminationRing,173.08,-7538.97,1500.0,22.7,
2318,4330,ZONE_CORE_CITADEL,SM_Prop_Council_MemorialPylon,4171.7,-6682.65,1500.0,104.3,
2319,4332,ZONE_CORE_CITADEL,SM_Prop_Civic_Holosphere_Projector,6838.51,-3949.55,1550.0,211.8,
2320,4334,ZONE_CORE_CITADEL,SM_Prop_Promenade_IlluminationRing,10312.02,-312.93,1500.0,35.0,
2321,4336,ZONE_CORE_CITADEL,SM_Prop_Council_MemorialPylon,9440.61,3723.03,1500.0,191.6,
2322,4338,ZONE_CORE_CITADEL,SM_Prop_Promenade_IlluminationRing,7151.43,7223.4,1500.0,342.6,
2323,4340,ZONE_CORE_CITADEL,SM_Prop_Council_MemorialPylon,4141.09,9467.74,1500.0,205.9,
2324,4342,ZONE_CORE_CITADEL,SM_Prop_Promenade_IlluminationRing,102.02,10046.34,1500.0,8.9,
2325,4344,ZONE_CORE_CITADEL,SM_Prop_Promenade_IlluminationRing,-4069.34,9282.42,1500.0,256.4,
2326,4346,ZONE_CORE_CITADEL,SM_Prop_Council_MemorialPylon,-7236.88,7491.64,1500.0,75.8,
2327,4348,ZONE_CORE_CITADEL,SM_Prop_Promenade_IlluminationRing,-9097.14,3913.38,1500.0,185.8,
2328,4350,ZONE_CORE_CITADEL,SM_Prop_Civic_Holosphere_Projector,-9880.9,-26.66,1550.0,263.2,
2329,4352,ZONE_CORE_CITADEL,SM_Prop_Promenade_IlluminationRing,-9768.03,-4270.04,1500.0,246.0,
2330,4354,ZONE_CORE_CITADEL,SM_Prop_Promenade_IlluminationRing,-7527.16,-6960.56,1500.0,265.0,
2331,4356,ZONE_CORE_CITADEL,SM_Prop_Civic_Holosphere_Projector,-4165.65,-9221.48,1550.0,118.3,
2332,4358,ZONE_CORE_CITADEL,SM_Prop_Council_MemorialPylon,184.48,-10582.05,1500.0,182.2,
2333,4360,ZONE_CORE_CITADEL,SM_Prop_Civic_Holosphere_Projector,4163.03,-9092.19,1550.0,326.0,
2334,4362,ZONE_CORE_CITADEL,SM_Prop_Promenade_IlluminationRing,6824.07,-7544.6,1500.0,108.8,
2335,4364,ZONE_CORE_CITADEL,SM_Prop_Civic_Holosphere_Projector,9599.1,-3893.12,1550.0,118.3,
2336,4366,ZONE_CORE_CITADEL,SM_Prop_Council_MemorialPylon,13088.81,189.24,1500.0,91.0,
2337,4368,ZONE_CORE_CITADEL,SM_Prop_Promenade_IlluminationRing,12196.66,4273.76,1500.0,247.0,
2338,4370,ZONE_CORE_CITADEL,SM_Prop_Civic_Holosphere_Projector,9989.34,7301.98,1550.0,177.2,
2339,4372,ZONE_CORE_CITADEL,SM_Prop_Civic_Holosphere_Projector,7412.59,10032.79,1550.0,70.2,
2340,4374,ZONE_CORE_CITADEL,SM_Prop_Promenade_IlluminationRing,4133.8,11741.21,1500.0,324.0,
2341,4376,ZONE_CORE_CITADEL,SM_Prop_Council_MemorialPylon,-276.6,12595.56,1500.0,295.2,
2342,4378,ZONE_CORE_CITADEL,SM_Prop_Civic_Holosphere_Projector,-4201.68,11779.23,1550.0,331.4,
2343,4380,ZONE_CORE_CITADEL,SM_Prop_Civic_Holosphere_Projector,-7414.4,10574.25,1550.0,201.2,
2344,4382,ZONE_CORE_CITADEL,SM_Prop_Promenade_IlluminationRing,-10251.46,7307.17,1500.0,146.7,
2345,4384,ZONE_CORE_CITADEL,SM_Prop_Council_MemorialPylon,-12125.83,4050.89,1500.0,236.5,
2346,4386,ZONE_CORE_CITADEL,SM_Prop_Promenade_IlluminationRing,-13056.51,16.77,1500.0,64.7,
2347,4388,ZONE_CORE_CITADEL,SM_Prop_Promenade_IlluminationRing,-12515.51,-3563.03,1500.0,39.1,
2348,4390,ZONE_CORE_CITADEL,SM_Prop_Promenade_IlluminationRing,-10361.23,-7616.28,1500.0,17.9,
2349,4392,ZONE_CORE_CITADEL,SM_Prop_Promenade_IlluminationRing,-7179.42,-10671.99,1500.0,55.1,
2350,4394,ZONE_CORE_CITADEL,SM_Prop_Council_MemorialPylon,-4174.76,-11765.13,1500.0,298.7,
2351,4396,ZONE_CORE_CITADEL,SM_Prop_Civic_Holosphere_Projector,85.23,-12755.37,1550.0,110.3,
2352,4398,ZONE_CORE_CITADEL,SM_Prop_Promenade_IlluminationRing,4221.65,-12207.62,1500.0,66.5,
2353,4400,ZONE_CORE_CITADEL,SM_Prop_Civic_Holosphere_Projector,7135.71,-10637.1,1550.0,184.4,
2354,4402,ZONE_CORE_CITADEL,SM_Prop_Council_MemorialPylon,10498.35,-7856.34,1500.0,48.4,
2355,4404,ZONE_CORE_CITADEL,SM_Prop_Council_MemorialPylon,12074.49,-4326.79,1500.0,242.8,
2356,4406,ZONE_CORE_CITADEL,SM_Prop_Council_MemorialPylon,85.21,-158.7,35000.0,58.2,
