building_id,petal_index,zone_tag,module_index,type,mesh,x_cm,y_cm,z_cm,height_cm,mass_tons,buoyancy_kn
1,0,ZONE_FACULTY_OCEANIC,0,Foundation,SM_FC_Foundation_SlopeCompensated_12x12,15000.0,0.0,0.0,400.0,850.0,1200.0
1,0,ZONE_FACULTY_OCEANIC,1,GroundFloor,SM_FC_Ground_Lobby_Transit_12x12,15000.0,0.0,400.0,600.0,450.0,600.0
1,0,ZONE_FACULTY_OCEANIC,2,IntermediateFloor,SM_FC_Mid_Academic_Lab_12x12,15000.0,0.0,1000.0,400.0,320.0,400.0
1,0,ZONE_FACULTY_OCEANIC,3,Roof,SM_FC_Roof_BioDome_12x12,15000.0,0.0,1400.0,800.0,180.0,300.0
2,0,ZONE_FACULTY_OCEANIC,0,Foundation,SM_FC_Foundation_SlopeCompensated_12x12,15000.0,0.0,0.0,400.0,850.0,1200.0
2,0,ZONE_FACULTY_OCEANIC,1,GroundFloor,SM_FC_Ground_Lobby_Transit_12x12,15000.0,0.0,400.0,600.0,450.0,600.0
2,0,ZONE_FACULTY_OCEANIC,2,IntermediateFloor,SM_FC_Mid_Academic_Lab_12x12,15000.0,0.0,1000.0,400.0,320.0,400.0
2,0,ZONE_FACULTY_OCEANIC,3,IntermediateFloor,SM_FC_Mid_Faculty_Chambers_12x12,15000.0,0.0,1400.0,400.0,280.0,400.0
2,0,ZONE_FACULTY_OCEANIC,4,Roof,SM_FC_Roof_BioDome_12x12,15000.0,0.0,1800.0,800.0,180.0,300.0
3,0,ZONE_FACULTY_OCEANIC,0,Foundation,SM_FC_Foundation_SlopeCompensated_12x12,15000.0,0.0,0.0,400.0,850.0,1200.0
3,0,ZONE_FACULTY_OCEANIC,1,GroundFloor,SM_FC_Ground_Lobby_Transit_12x12,15000.0,0.0,400.0,600.0,450.0,600.0
3,0,ZONE_FACULTY_OCEANIC,2,IntermediateFloor,SM_FC_Mid_Academic_Lab_12x12,15000.0,0.0,1000.0,400.0,320.0,400.0
3,0,ZONE_FACULTY_OCEANIC,3,Roof,SM_FC_Roof_BioDome_12x12,15000.0,0.0,1400.0,800.0,180.0,300.0
4,0,ZONE_FACULTY_OCEANIC,0,Foundation,SM_FC_Foundation_SlopeCompensated_12x12,15000.0,0.0,0.0,400.0,850.0,1200.0
4,0,ZONE_FACULTY_OCEANIC,1,GroundFloor,SM_FC_Ground_Lobby_Transit_12x12,15000.0,0.0,400.0,600.0,450.0,600.0
4,0,ZONE_FACULTY_OCEANIC,2,IntermediateFloor,SM_FC_Mid_Academic_Lab_12x12,15000.0,0.0,1000.0,400.0,320.0,400.0
4,0,ZONE_FACULTY_OCEANIC,3,IntermediateFloor,SM_FC_Mid_Faculty_Chambers_12x12,15000.0,0.0,1400.0,400.0,280.0,400.0
4,0,ZONE_FACULTY_OCEANIC,4,IntermediateFloor,SM_FC_Mid_Academic_Lab_12x12,15000.0,0.0,1800.0,400.0,320.0,400.0
4,0,ZONE_FACULTY_OCEANIC,5,IntermediateFloor,SM_FC_Mid_Faculty_Chambers_12x12,15000.0,0.0,2200.0,400.0,280.0,400.0
4,0,ZONE_FACULTY_OCEANIC,6,Roof,SM_FC_Roof_BioDome_12x12,15000.0,0.0,2600.0,800.0,180.0,300.0
5,0,ZONE_FACULTY_OCEANIC,0,Foundation,SM_FC_Foundation_SlopeCompensated_12x12,15000.0,0.0,0.0,400.0,850.0,1200.0
5,0,ZONE_FACULTY_OCEANIC,1,GroundFloor,SM_FC_Ground_Lobby_Transit_12x12,15000.0,0.0,400.0,600.0,450.0,600.0
5,0,ZONE_FACULTY_OCEANIC,2,IntermediateFloor,SM_FC_Mid_Academic_Lab_12x12,15000.0,0.0,1000.0,400.0,320.0,400.0
5,0,ZONE_FACULTY_OCEANIC,3,IntermediateFloor,SM_FC_Mid_Faculty_Chambers_12x12,15000.0,0.0,1400.0,400.0,280.0,400.0
5,0,ZONE_FACULTY_OCEANIC,4,IntermediateFloor,SM_FC_Mid_Academic_Lab_12x12,15000.0,0.0,1800.0,400.0,320.0,400.0
5,0,ZONE_FACULTY_OCEANIC,5,IntermediateFloor,SM_FC_Mid_Faculty_Chambers_12x12,15000.0,0.0,2200.0,400.0,280.0,400.0
5,0,ZONE_FACULTY_OCEANIC,6,Roof,SM_FC_Roof_BioDome_12x12,15000.0,0.0,2600.0,800.0,180.0,300.0
6,0,ZONE_FACULTY_OCEANIC,0,Foundation,SM_FC_Foundation_SlopeCompensated_12x12,18163.65,-4114.32,-78.61,400.0,850.0,1200.0
6,0,ZONE_FACULTY_OCEANIC,1,GroundFloor,SM_FC_Ground_Lobby_Transit_12x12,18163.65,-4114.32,321.39,600.0,450.0,600.0
6,0,ZONE_FACULTY_OCEANIC,2,IntermediateFloor,SM_FC_Mid_Academic_Lab_12x12,18163.65,-4114.32,921.39,400.0,320.0,400.0
6,0,ZONE_FACULTY_OCEANIC,3,IntermediateFloor,SM_FC_Mid_Faculty_Chambers_12x12,18163.65,-4114.32,1321.39,400.0,280.0,400.0
6,0,ZONE_FACULTY_OCEANIC,4,IntermediateFloor,SM_FC_Mid_Academic_Lab_12x12,18163.65,-4114.32,1721.39,400.0,320.0,400.0
6,0,ZONE_FACULTY_OCEANIC,5,Roof,SM_FC_Roof_BioDome_12x12,18163.65,-4114.32,2121.39,800.0,180.0,300.0
7,0,ZONE_FACULTY_OCEANIC,0,Foundation,SM_FC_Foundation_SlopeCompensated_12x12,18163.65,-2351.04,300.12,400.0,850.0,1200.0
7,0,ZONE_FACULTY_OCEANIC,1,GroundFloor,SM_FC_Ground_Lobby_Transit_12x12,18163.65,-2351.04,700.12,600.0,450.0,600.0
7,0,ZONE_FACULTY_OCEANIC,2,IntermediateFloor,SM_FC_Mid_Academic_Lab_12x12,18163.65,-2351.04,1300.12,400.0,320.0,400.0
7,0,ZONE_FACULTY_OCEANIC,3,Roof,SM_FC_Roof_BioDome_12x12,18163.65,-2351.04,1700.12,800.0,180.0,300.0
8,0,ZONE_FACULTY_OCEANIC,0,Foundation,SM_FC_Foundation_SlopeCompensated_12x12,18163.65,-587.76,575.95,400.0,850.0,1200.0
8,0,ZONE_FACULTY_OCEANIC,1,GroundFloor,SM_FC_Ground_Lobby_Transit_12x12,18163.65,-587.76,975.95,600.0,450.0,600.0
8,0,ZONE_FACULTY_OCEANIC,2,IntermediateFloor,SM_FC_Mid_Academic_Lab_12x12,18163.65,-587.76,1575.95,400.0,320.0,400.0
8,0,ZONE_FACULTY_OCEANIC,3,IntermediateFloor,SM_FC_Mid_Faculty_Chambers_12x12,18163.65,-587.76,1975.95,400.0,280.0,400.0
8,0,ZONE_FACULTY_OCEANIC,4,IntermediateFloor,SM_FC_Mid_Academic_Lab_12x12,18163.65,-587.76,2375.95,400.0,320.0,400.0
8,0,ZONE_FACULTY_OCEANIC,5,IntermediateFloor,SM_FC_Mid_Faculty_Chambers_12x12,18163.65,-587.76,2775.95,400.0,280.0,400.0
8,0,ZONE_FACULTY_OCEANIC,6,Roof,SM_FC_Roof_BioDome_12x12,18163.65,-587.76,3175.95,800.0,180.0,300.0
9,0,ZONE_FACULTY_OCEANIC,0,Foundation,SM_FC_Foundation_SlopeCompensated_12x12,18163.65,1175.52,495.44,400.0,850.0,1200.0
9,0,ZONE_FACULTY_OCEANIC,1,GroundFloor,SM_FC_Ground_Lobby_Transit_12x12,18163.65,1175.52,895.44,600.0,450.0,600.0
9,0,ZONE_FACULTY_OCEANIC,2,IntermediateFloor,SM_FC_Mid_Academic_Lab_12x12,18163.65,1175.52,1495.44,400.0,320.0,400.0
9,0,ZONE_FACULTY_OCEANIC,3,Roof,SM_FC_Roof_BioDome_12x12,18163.65,1175.52,1895.44,800.0,180.0,300.0
10,0,ZONE_FACULTY_OCEANIC,0,Foundation,SM_FC_Foundation_SlopeCompensated_12x12,18163.65,2938.8,185.31,400.0,850.0,1200.0
10,0,ZONE_FACULTY_OCEANIC,1,GroundFloor,SM_FC_Ground_Lobby_Transit_12x12,18163.65,2938.8,585.31,600.0,450.0,600.0
10,0,ZONE_FACULTY_OCEANIC,2,IntermediateFloor,SM_FC_Mid_Academic_Lab_12x12,18163.65,2938.8,1185.31,400.0,320.0,400.0
10,0,ZONE_FACULTY_OCEANIC,3,IntermediateFloor,SM_FC_Mid_Faculty_Chambers_12x12,18163.65,2938.8,1585.31,400.0,280.0,400.0
10,0,ZONE_FACULTY_OCEANIC,4,Roof,SM_FC_Roof_BioDome_12x12,18163.65,2938.8,1985.31,800.0,180.0,300.0
11,0,ZONE_FACULTY_OCEANIC,0,Foundation,SM_FC_Foundation_SlopeCompensated_12x12,21327.31,-4435.43,65.08,400.0,850.0,1200.0
11,0,ZONE_FACULTY_OCEANIC,1,GroundFloor,SM_FC_Ground_Lobby_Transit_12x12,21327.31,-4435.43,465.08,600.0,450.0,600.0
11,0,ZONE_FACULTY_OCEANIC,2,IntermediateFloor,SM_FC_Mid_Academic_Lab_12x12,21327.31,-4435.43,1065.08,400.0,320.0,400.0
11,0,ZONE_FACULTY_OCEANIC,3,IntermediateFloor,SM_FC_Mid_Faculty_Chambers_12x12,21327.31,-4435.43,1465.08,400.0,280.0,400.0
11,0,ZONE_FACULTY_OCEANIC,4,IntermediateFloor,SM_FC_Mid_Academic_Lab_12x12,21327.31,-4435.43,1865.08,400.0,320.0,400.0
11,0,ZONE_FACULTY_OCEANIC,5,IntermediateFloor,SM_FC_Mid_Faculty_Chambers_12x12,21327.31,-4435.43,2265.08,400.0,280.0,400.0
11,0,ZONE_FACULTY_OCEANIC,6,Roof,SM_FC_Roof_BioDome_12x12,21327.31,-4435.43,2665.08,800.0,180.0,300.0
12,0,ZONE_FACULTY_OCEANIC,0,Foundation,SM_FC_Foundation_SlopeCompensated_12x12,21327.31,-2217.72,669.29,400.0,850.0,1200.0
12,0,ZONE_FACULTY_OCEANIC,1,GroundFloor,SM_FC_Ground_Lobby_Transit_12x12,21327.31,-2217.72,1069.29,600.0,450.0,600.0
12,0,ZONE_FACULTY_OCEANIC,2,IntermediateFloor,SM_FC_Mid_Academic_Lab_12x12,21327.31,-2217.72,1669.29,400.0,320.0,400.0
12,0,ZONE_FACULTY_OCEANIC,3,IntermediateFloor,SM_FC_Mid_Faculty_Chambers_12x12,21327.31,-2217.72,2069.29,400.0,280.0,400.0
12,0,ZONE_FACULTY_OCEANIC,4,IntermediateFloor,SM_FC_Mid_Academic_Lab_12x12,21327.31,-2217.72,2469.29,400.0,320.0,400.0
12,0,ZONE_FACULTY_OCEANIC,5,Roof,SM_FC_Roof_BioDome_12x12,21327.31,-2217.72,2869.29,800.0,180.0,300.0
13,0,ZONE_FACULTY_OCEANIC,0,Foundation,SM_FC_Foundation_SlopeCompensated_12x12,21327.31,0.0,1068.84,400.0,850.0,1200.0
13,0,ZONE_FACULTY_OCEANIC,1,GroundFloor,SM_FC_Ground_Lobby_Transit_12x12,21327.31,0.0,1468.84,600.0,450.0,600.0
13,0,ZONE_FACULTY_OCEANIC,2,IntermediateFloor,SM_FC_Mid_Academic_Lab_12x12,21327.31,0.0,2068.84,400.0,320.0,400.0
13,0,ZONE_FACULTY_OCEANIC,3,IntermediateFloor,SM_FC_Mid_Faculty_Chambers_12x12,21327.31,0.0,2468.84,400.0,280.0,400.0
13,0,ZONE_FACULTY_OCEANIC,4,IntermediateFloor,SM_FC_Mid_Academic_Lab_12x12,21327.31,0.0,2868.84,400.0,320.0,400.0
13,0,ZONE_FACULTY_OCEANIC,5,IntermediateFloor,SM_FC_Mid_Faculty_Chambers_12x12,21327.31,0.0,3268.84,400.0,280.0,400.0
13,0,ZONE_FACULTY_OCEANIC,6,IntermediateFloor,SM_FC_Mid_Academic_Lab_12x12,21327.31,0.0,3668.84,400.0,320.0,400.0
13,0,ZONE_FACULTY_OCEANIC,7,IntermediateFloor,SM_FC_Mid_Faculty_Chambers_12x12,21327.31,0.0,4068.84,400.0,280.0,400.0
13,0,ZONE_FACULTY_OCEANIC,8,Roof,SM_FC_Roof_BioDome_12x12,21327.31,0.0,4468.84,800.0,180.0,300.0
14,0,ZONE_FACULTY_OCEANIC,0,Foundation,SM_FC_Foundation_SlopeCompensated_12x12,21327.31,2217.72,669.29,400.0,850.0,1200.0
14,0,ZONE_FACULTY_OCEANIC,1,GroundFloor,SM_FC_Ground_Lobby_Transit_12x12,21327.31,2217.72,1069.29,600.0,450.0,600.0
14,0,ZONE_FACULTY_OCEANIC,2,IntermediateFloor,SM_FC_Mid_Academic_Lab_12x12,21327.31,2217.72,1669.29,400.0,320.0,400.0
14,0,ZONE_FACULTY_OCEANIC,3,IntermediateFloor,SM_FC_Mid_Faculty_Chambers_12x12,21327.31,2217.72,2069.29,400.0,280.0,400.0
14,0,ZONE_FACULTY_OCEANIC,4,IntermediateFloor,SM_FC_Mid_Academic_Lab_12x12,21327.31,2217.72,2469.29,400.0,320.0,400.0
14,0,ZONE_FACULTY_OCEANIC,5,IntermediateFloor,SM_FC_Mid_Faculty_Chambers_12x12,21327.31,2217.72,2869.29,400.0,280.0,400.0
14,0,ZONE_FACULTY_OCEANIC,6,IntermediateFloor,SM_FC_Mid_Academic_Lab_12x12,21327.31,2217.72,3269.29,400.0,320.0,400.0
14,0,ZONE_FACULTY_OCEANIC,7,Roof,SM_FC_Roof_BioDome_12x12,21327.31,2217.72,3669.29,800.0,180.0,300.0
15,0,ZONE_FACULTY_OCEANIC,0,Foundation,SM_FC_Foundation_SlopeCompensated_12x12,21327.31,4435.43,65.08,400.0,850.0,1200.0
15,0,ZONE_FACULTY_OCEANIC,1,GroundFloor,SM_FC_Ground_Lobby_Transit_12x12,21327.31,4435.43,465.08,600.0,450.0,600.0
15,0,ZONE_FACULTY_OCEANIC,2,IntermediateFloor,SM_FC_Mid_Academic_Lab_12x12,21327.31,4435.43,1065.08,400.0,320.0,400.0
15,0,ZONE_FACULTY_OCEANIC,3,IntermediateFloor,SM_FC_Mid_Faculty_Chambers_12x12,21327.31,4435.43,1465.08,400.0,280.0,400.0
15,0,ZONE_FACULTY_OCEANIC,4,IntermediateFloor,SM_FC_Mid_Academic_Lab_12x12,21327.31,4435.43,1865.08,400.0,320.0,400.0
15,0,ZONE_FACULTY_OCEANIC,5,IntermediateFloor,SM_FC_Mid_Faculty_Chambers_12x12,21327.31,4435.43,2265.08,400.0,280.0,400.0
15,0,ZONE_FACULTY_OCEANIC,6,IntermediateFloor,SM_FC_Mid_Academic_Lab_12x12,21327.31,4435.43,2665.08,400.0,320.0,400.0
15,0,ZONE_FACULTY_OCEANIC,7,Roof,SM_FC_Roof_BioDome_12x12,21327.31,4435.43,3065.08,800.0,180.0,300.0
16,0,ZONE_FACULTY_OCEANIC,0,Foundation,SM_FC_Foundation_SlopeCompensated_12x12,24490.96,-4453.59,376.44,400.0,850.0,1200.0
16,0,ZONE_FACULTY_OCEANIC,1,GroundFloor,SM_FC_Ground_Lobby_Transit_12x12,24490.96,-4453.59,776.44,600.0,450.0,600.0
16,0,ZONE_FACULTY_OCEANIC,2,IntermediateFloor,SM_FC_Mid_Academic_Lab_12x12,24490.96,-4453.59,1376.44,400.0,320.0,400.0
16,0,ZONE_FACULTY_OCEANIC,3,IntermediateFloor,SM_FC_Mid_Faculty_Chambers_12x12,24490.96,-4453.59,1776.44,400.0,280.0,400.0
16,0,ZONE_FACULTY_OCEANIC,4,IntermediateFloor,SM_FC_Mid_Academic_Lab_12x12,24490.96,-4453.59,2176.44,400.0,320.0,400.0
16,0,ZONE_FACULTY_OCEANIC,5,IntermediateFloor,SM_FC_Mid_Faculty_Chambers_12x12,24490.96,-4453.59,2576.44,400.0,280.0,400.0
16,0,ZONE_FACULTY_OCEANIC,6,IntermediateFloor,SM_FC_Mid_Academic_Lab_12x12,24490.96,-4453.59,2976.44,400.0,320.0,400.0
16,0,ZONE_FACULTY_OCEANIC,7,IntermediateFloor,SM_FC_Mid_Faculty_Chambers_12x12,24490.96,-4453.59,3376.44,400.0,280.0,400.0
16,0,ZONE_FACULTY_OCEANIC,8,Roof,SM_FC_Roof_BioDome_12x12,24490.96,-4453.59,3776.44,800.0,180.0,300.0
17,0,ZONE_FACULTY_OCEANIC,0,Foundation,SM_FC_Foundation_SlopeCompensated_12x12,24490.96,-1781.44,1115.87,400.0,850.0,1200.0
17,0,ZONE_FACULTY_OCEANIC,1,GroundFloor,SM_FC_Ground_Lobby_Transit_12x12,24490.96,-1781.44,1515.87,600.0,450.0,600.0
17,0,ZONE_FACULTY_OCEANIC,2,IntermediateFloor,SM_FC_Mid_Academic_Lab_12x12,24490.96,-1781.44,2115.87,400.0,320.0,400.0
17,0,ZONE_FACULTY_OCEANIC,3,IntermediateFloor,SM_FC_Mid_Faculty_Chambers_12x12,24490.96,-1781.44,2515.87,400.0,280.0,400.0
17,0,ZONE_FACULTY_OCEANIC,4,IntermediateFloor,SM_FC_Mid_Academic_Lab_12x12,24490.96,-1781.44,2915.87,400.0,320.0,400.0
17,0,ZONE_FACULTY_OCEANIC,5,Roof,SM_FC_Roof_BioDome_12x12,24490.96,-1781.44,3315.87,800.0,180.0,300.0
18,0,ZONE_FACULTY_OCEANIC,0,Foundation,SM_FC_Foundation_SlopeCompensated_12x12,24490.96,890.72,1294.75,400.0,850.0,1200.0
18,0,ZONE_FACULTY_OCEANIC,1,GroundFloor,SM_FC_Ground_Lobby_Transit_12x12,24490.96,890.72,1694.75,600.0,450.0,600.0
18,0,ZONE_FACULTY_OCEANIC,2,IntermediateFloor,SM_FC_Mid_Academic_Lab_12x12,24490.96,890.72,2294.75,400.0,320.0,400.0
18,0,ZONE_FACULTY_OCEANIC,3,IntermediateFloor,SM_FC_Mid_Faculty_Chambers_12x12,24490.96,890.72,2694.75,400.0,280.0,400.0
18,0,ZONE_FACULTY_OCEANIC,4,Roof,SM_FC_Roof_BioDome_12x12,24490.96,890.72,3094.75,800.0,180.0,300.0
19,0,ZONE_FACULTY_OCEANIC,0,Foundation,SM_FC_Foundation_SlopeCompensated_12x12,24490.96,3562.87,656.72,400.0,850.0,1200.0
19,0,ZONE_FACULTY_OCEANIC,1,GroundFloor,SM_FC_Ground_Lobby_Transit_12x12,24490.96,3562.87,1056.72,600.0,450.0,600.0
19,0,ZONE_FACULTY_OCEANIC,2,IntermediateFloor,SM_FC_Mid_Academic_Lab_12x12,24490.96,3562.87,1656.72,400.0,320.0,400.0
19,0,ZONE_FACULTY_OCEANIC,3,IntermediateFloor,SM_FC_Mid_Faculty_Chambers_12x12,24490.96,3562.87,2056.72,400.0,280.0,400.0
19,0,ZONE_FACULTY_OCEANIC,4,IntermediateFloor,SM_FC_Mid_Academic_Lab_12x12,24490.96,3562.87,2456.72,400.0,320.0,400.0
19,0,ZONE_FACULTY_OCEANIC,5,IntermediateFloor,SM_FC_Mid_Faculty_Chambers_12x12,24490.96,3562.87,2856.72,400.0,280.0,400.0
19,0,ZONE_FACULTY_OCEANIC,6,Roof,SM_FC_Roof_BioDome_12x12,24490.96,3562.87,3256.72,800.0,180.0,300.0
20,0,ZONE_FACULTY_OCEANIC,0,Foundation,SM_FC_Foundation_SlopeCompensated_12x12,24490.96,6235.03,-285.5,400.0,850.0,1200.0
20,0,ZONE_FACULTY_OCEANIC,1,GroundFloor,SM_FC_Ground_Lobby_Transit_12x12,24490.96,6235.03,114.5,600.0,450.0,600.0
20,0,ZONE_FACULTY_OCEANIC,2,IntermediateFloor,SM_FC_Mid_Academic_Lab_12x12,24490.96,6235.03,714.5,400.0,320.0,400.0
20,0,ZONE_FACULTY_OCEANIC,3,IntermediateFloor,SM_FC_Mid_Faculty_Chambers_12x12,24490.96,6235.03,1114.5,400.0,280.0,400.0
20,0,ZONE_FACULTY_OCEANIC,4,IntermediateFloor,SM_FC_Mid_Academic_Lab_12x12,24490.96,6235.03,1514.5,400.0,320.0,400.0
20,0,ZONE_FACULTY_OCEANIC,5,Roof,SM_FC_Roof_BioDome_12x12,24490.96,6235.03,1914.5,800.0,180.0,300.0
21,0,ZONE_FACULTY_OCEANIC,0,Foundation,SM_FC_Foundation_SlopeCompensated_12x12,27654.61,-7295.38,-384.17,400.0,850.0,1200.0
21,0,ZONE_FACULTY_OCEANIC,1,GroundFloor,SM_FC_Ground_Lobby_Transit_12x12,27654.61,-7295.38,15.83,600.0,450.0,600.0
21,0,ZONE_FACULTY_OCEANIC,2,IntermediateFloor,SM_FC_Mid_Academic_Lab_12x12,27654.61,-7295.38,615.83,400.0,320.0,400.0
21,0,ZONE_FACULTY_OCEANIC,3,IntermediateFloor,SM_FC_Mid_Faculty_Chambers_12x12,27654.61,-7295.38,1015.83,400.0,280.0,400.0
21,0,ZONE_FACULTY_OCEANIC,4,IntermediateFloor,SM_FC_Mid_Academic_Lab_12x12,27654.61,-7295.38,1415.83,400.0,320.0,400.0
21,0,ZONE_FACULTY_OCEANIC,5,IntermediateFloor,SM_FC_Mid_Faculty_Chambers_12x12,27654.61,-7295.38,1815.83,400.0,280.0,400.0
21,0,ZONE_FACULTY_OCEANIC,6,IntermediateFloor,SM_FC_Mid_Academic_Lab_12x12,27654.61,-7295.38,2215.83,400.0,320.0,400.0
21,0,ZONE_FACULTY_OCEANIC,7,Roof,SM_FC_Roof_BioDome_12x12,27654.61,-7295.38,2615.83,800.0,180.0,300.0
22,0,ZONE_FACULTY_OCEANIC,0,Foundation,SM_FC_Foundation_SlopeCompensated_12x12,27654.61,-4168.79,809.6,400.0,850.0,1200.0
22,0,ZONE_FACULTY_OCEANIC,1,GroundFloor,SM_FC_Ground_Lobby_Transit_12x12,27654.61,-4168.79,1209.6,600.0,450.0,600.0
22,0,ZONE_FACULTY_OCEANIC,2,IntermediateFloor,SM_FC_Mid_Academic_Lab_12x12,27654.61,-4168.79,1809.6,400.0,320.0,400.0
22,0,ZONE_FACULTY_OCEANIC,3,IntermediateFloor,SM_FC_Mid_Faculty_Chambers_12x12,27654.61,-4168.79,2209.6,400.0,280.0,400.0
22,0,ZONE_FACULTY_OCEANIC,4,IntermediateFloor,SM_FC_Mid_Academic_Lab_12x12,27654.61,-4168.79,2609.6,400.0,320.0,400.0
22,0,ZONE_FACULTY_OCEANIC,5,Roof,SM_FC_Roof_BioDome_12x12,27654.61,-4168.79,3009.6,800.0,180.0,300.0
23,0,ZONE_FACULTY_OCEANIC,0,Foundation,SM_FC_Foundation_SlopeCompensated_12x12,27654.61,-1042.2,1602.98,400.0,850.0,1200.0
23,0,ZONE_FACULTY_OCEANIC,1,GroundFloor,SM_FC_Ground_Lobby_Transit_12x12,27654.61,-1042.2,2002.98,600.0,450.0,600.0
23,0,ZONE_FACULTY_OCEANIC,2,IntermediateFloor,SM_FC_Mid_Academic_Lab_12x12,27654.61,-1042.2,2602.98,400.0,320.0,400.0
23,0,ZONE_FACULTY_OCEANIC,3,IntermediateFloor,SM_FC_Mid_Faculty_Chambers_12x12,27654.61,-1042.2,3002.98,400.0,280.0,400.0
23,0,ZONE_FACULTY_OCEANIC,4,IntermediateFloor,SM_FC_Mid_Academic_Lab_12x12,27654.61,-1042.2,3402.98,400.0,320.0,400.0
23,0,ZONE_FACULTY_OCEANIC,5,IntermediateFloor,SM_FC_Mid_Faculty_Chambers_12x12,27654.61,-1042.2,3802.98,400.0,280.0,400.0
23,0,ZONE_FACULTY_OCEANIC,6,IntermediateFloor,SM_FC_Mid_Academic_Lab_12x12,27654.61,-1042.2,4202.98,400.0,320.0,400.0
23,0,ZONE_FACULTY_OCEANIC,7,IntermediateFloor,SM_FC_Mid_Faculty_Chambers_12x12,27654.61,-1042.2,4602.98,400.0,280.0,400.0
23,0,ZONE_FACULTY_OCEANIC,8,Roof,SM_FC_Roof_BioDome_12x12,27654.61,-1042.2,5002.98,800.0,180.0,300.0
24,0,ZONE_FACULTY_OCEANIC,0,Foundation,SM_FC_Foundation_SlopeCompensated_12x12,27654.61,2084.39,1383.01,400.0,850.0,1200.0
24,0,ZONE_FACULTY_OCEANIC,1,GroundFloor,SM_FC_Ground_Lobby_Transit_12x12,27654.61,2084.39,1783.01,600.0,450.0,600.0
24,0,ZONE_FACULTY_OCEANIC,2,IntermediateFloor,SM_FC_Mid_Academic_Lab_12x12,27654.61,2084.39,2383.01,400.0,320.0,400.0
24,0,ZONE_FACULTY_OCEANIC,3,IntermediateFloor,SM_FC_Mid_Faculty_Chambers_12x12,27654.61,2084.39,2783.01,400.0,280.0,400.0
24,0,ZONE_FACULTY_OCEANIC,4,IntermediateFloor,SM_FC_Mid_Academic_Lab_12x12,27654.61,2084.39,3183.01,400.0,320.0,400.0
24,0,ZONE_FACULTY_OCEANIC,5,IntermediateFloor,SM_FC_Mid_Faculty_Chambers_12x12,27654.61,2084.39,3583.01,400.0,280.0,400.0
24,0,ZONE_FACULTY_OCEANIC,6,Roof,SM_FC_Roof_BioDome_12x12,27654.61,2084.39,3983.01,800.0,180.0,300.0
25,0,ZONE_FACULTY_OCEANIC,0,Foundation,SM_FC_Foundation_SlopeCompensated_12x12,27654.61,5210.98,456.16,400.0,850.0,1200.0
25,0,ZONE_FACULTY_OCEANIC,1,GroundFloor,SM_FC_Ground_Lobby_Transit_12x12,27654.61,5210.98,856.16,600.0,450.0,600.0
25,0,ZONE_FACULTY_OCEANIC,2,IntermediateFloor,SM_FC_Mid_Academic_Lab_12x12,27654.61,5210.98,1456.16,400.0,320.0,400.0
25,0,ZONE_FACULTY_OCEANIC,3,IntermediateFloor,SM_FC_Mid_Faculty_Chambers_12x12,27654.61,5210.98,1856.16,400.0,280.0,400.0
25,0,ZONE_FACULTY_OCEANIC,4,IntermediateFloor,SM_FC_Mid_Academic_Lab_12x12,27654.61,5210.98,2256.16,400.0,320.0,400.0
25,0,ZONE_FACULTY_OCEANIC,5,Roof,SM_FC_Roof_BioDome_12x12,27654.61,5210.98,2656.16,800.0,180.0,300.0
26,0,ZONE_FACULTY_OCEANIC,0,Foundation,SM_FC_Foundation_SlopeCompensated_12x12,30818.26,-7162.05,56.77,400.0,850.0,1200.0
26,0,ZONE_FACULTY_OCEANIC,1,GroundFloor,SM_FC_Ground_Lobby_Transit_12x12,30818.26,-7162.05,456.77,600.0,450.0,600.0
26,0,ZONE_FACULTY_OCEANIC,2,IntermediateFloor,SM_FC_Mid_Academic_Lab_12x12,30818.26,-7162.05,1056.77,400.0,320.0,400.0
26,0,ZONE_FACULTY_OCEANIC,3,Roof,SM_FC_Roof_BioDome_12x12,30818.26,-7162.05,1456.77,800.0,180.0,300.0
27,0,ZONE_FACULTY_OCEANIC,0,Foundation,SM_FC_Foundation_SlopeCompensated_12x12,30818.26,-3581.03,1320.81,400.0,850.0,1200.0
27,0,ZONE_FACULTY_OCEANIC,1,GroundFloor,SM_FC_Ground_Lobby_Transit_12x12,30818.26,-3581.03,1720.81,600.0,450.0,600.0
27,0,ZONE_FACULTY_OCEANIC,2,IntermediateFloor,SM_FC_Mid_Academic_Lab_12x12,30818.26,-3581.03,2320.81,400.0,320.0,400.0
27,0,ZONE_FACULTY_OCEANIC,3,Roof,SM_FC_Roof_BioDome_12x12,30818.26,-3581.03,2720.81,800.0,180.0,300.0
28,0,ZONE_FACULTY_OCEANIC,0,Foundation,SM_FC_Foundation_SlopeCompensated_12x12,30818.26,0.0,2092.66,400.0,850.0,1200.0
28,0,ZONE_FACULTY_OCEANIC,1,GroundFloor,SM_FC_Ground_Lobby_Transit_12x12,30818.26,0.0,2492.66,600.0,450.0,600.0
28,0,ZONE_FACULTY_OCEANIC,2,IntermediateFloor,SM_FC_Mid_Academic_Lab_12x12,30818.26,0.0,3092.66,400.0,320.0,400.0
28,0,ZONE_FACULTY_OCEANIC,3,IntermediateFloor,SM_FC_Mid_Faculty_Chambers_12x12,30818.26,0.0,3492.66,400.0,280.0,400.0
28,0,ZONE_FACULTY_OCEANIC,4,IntermediateFloor,SM_FC_Mid_Academic_Lab_12x12,30818.26,0.0,3892.66,400.0,320.0,400.0
28,0,ZONE_FACULTY_OCEANIC,5,Roof,SM_FC_Roof_BioDome_12x12,30818.26,0.0,4292.66,800.0,180.0,300.0
29,0,ZONE_FACULTY_OCEANIC,0,Foundation,SM_FC_Foundation_SlopeCompensated_12x12,30818.26,3581.03,1320.81,400.0,850.0,1200.0
29,0,ZONE_FACULTY_OCEANIC,1,GroundFloor,SM_FC_Ground_Lobby_Transit_12x12,30818.26,3581.03,1720.81,600.0,450.0,600.0
29,0,ZONE_FACULTY_OCEANIC,2,IntermediateFloor,SM_FC_Mid_Academic_Lab_12x12,30818.26,3581.03,2320.81,400.0,320.0,400.0
29,0,ZONE_FACULTY_OCEANIC,3,IntermediateFloor,SM_FC_Mid_Faculty_Chambers_12x12,30818.26,3581.03,2720.81,400.0,280.0,400.0
29,0,ZONE_FACULTY_OCEANIC,4,IntermediateFloor,SM_FC_Mid_Academic_Lab_12x12,30818.26,3581.03,3120.81,400.0,320.0,400.0
29,0,ZONE_FACULTY_OCEANIC,5,IntermediateFloor,SM_FC_Mid_Faculty_Chambers_12x12,30818.26,3581.03,3520.81,400.0,280.0,400.0
29,0,ZONE_FACULTY_OCEANIC,6,IntermediateFloor,SM_FC_Mid_Academic_Lab_12x12,30818.26,3581.03,3920.81,400.0,320.0,400.0
29,0,ZONE_FACULTY_OCEANIC,7,IntermediateFloor,SM_FC_Mid_Faculty_Chambers_12x12,30818.26,3581.03,4320.81,400.0,280.0,400.0
29,0,ZONE_FACULTY_OCEANIC,8,Roof,SM_FC_Roof_BioDome_12x12,30818.26,3581.03,4720.81,800.0,180.0,300.0
30,0,ZONE_FACULTY_OCEANIC,0,Foundation,SM_FC_Foundation_SlopeCompensated_12x12,30818.26,7162.05,56.77,400.0,850.0,1200.0
30,0,ZONE_FACULTY_OCEANIC,1,GroundFloor,SM_FC_Ground_Lobby_Transit_12x12,30818.26,7162.05,456.77,600.0,450.0,600.0
30,0,ZONE_FACULTY_OCEANIC,2,IntermediateFloor,SM_FC_Mid_Academic_Lab_12x12,30818.26,7162.05,1056.77,400.0,320.0,400.0
30,0,ZONE_FACULTY_OCEANIC,3,IntermediateFloor,SM_FC_Mid_Faculty_Chambers_12x12,30818.26,7162.05,1456.77,400.0,280.0,400.0
30,0,ZONE_FACULTY_OCEANIC,4,IntermediateFloor,SM_FC_Mid_Academic_Lab_12x12,30818.26,7162.05,1856.77,400.0,320.0,400.0
30,0,ZONE_FACULTY_OCEANIC,5,IntermediateFloor,SM_FC_Mid_Faculty_Chambers_12x12,30818.26,7162.05,2256.77,400.0,280.0,400.0
30,0,ZONE_FACULTY_OCEANIC,6,Roof,SM_FC_Roof_BioDome_12x12,30818.26,7162.05,2656.77,800.0,180.0,300.0
31,0,ZONE_FACULTY_OCEANIC,0,Foundation,SM_FC_Foundation_SlopeCompensated_12x12,33981.92,-6725.77,609.2,400.0,850.0,1200.0
31,0,ZONE_FACULTY_OCEANIC,1,GroundFloor,SM_FC_Ground_Lobby_Transit_12x12,33981.92,-6725.77,1009.2,600.0,450.0,600.0
31,0,ZONE_FACULTY_OCEANIC,2,IntermediateFloor,SM_FC_Mid_Academic_Lab_12x12,33981.92,-6725.77,1609.2,400.0,320.0,400.0
31,0,ZONE_FACULTY_OCEANIC,3,IntermediateFloor,SM_FC_Mid_Faculty_Chambers_12x12,33981.92,-6725.77,2009.2,400.0,280.0,400.0
31,0,ZONE_FACULTY_OCEANIC,4,IntermediateFloor,SM_FC_Mid_Academic_Lab_12x12,33981.92,-6725.77,2409.2,400.0,320.0,400.0
31,0,ZONE_FACULTY_OCEANIC,5,IntermediateFloor,SM_FC_Mid_Faculty_Chambers_12x12,33981.92,-6725.77,2809.2,400.0,280.0,400.0
31,0,ZONE_FACULTY_OCEANIC,6,IntermediateFloor,SM_FC_Mid_Academic_Lab_12x12,33981.92,-6725.77,3209.2,400.0,320.0,400.0
31,0,ZONE_FACULTY_OCEANIC,7,Roof,SM_FC_Roof_BioDome_12x12,33981.92,-6725.77,3609.2,800.0,180.0,300.0
32,0,ZONE_FACULTY_OCEANIC,0,Foundation,SM_FC_Foundation_SlopeCompensated_12x12,33981.92,-2690.31,1868.28,400.0,850.0,1200.0
32,0,ZONE_FACULTY_OCEANIC,1,GroundFloor,SM_FC_Ground_Lobby_Transit_12x12,33981.92,-2690.31,2268.28,600.0,450.0,600.0
32,0,ZONE_FACULTY_OCEANIC,2,IntermediateFloor,SM_FC_Mid_Academic_Lab_12x12,33981.92,-2690.31,2868.28,400.0,320.0,400.0
32,0,ZONE_FACULTY_OCEANIC,3,IntermediateFloor,SM_FC_Mid_Faculty_Chambers_12x12,33981.92,-2690.31,3268.28,400.0,280.0,400.0
32,0,ZONE_FACULTY_OCEANIC,4,IntermediateFloor,SM_FC_Mid_Academic_Lab_12x12,33981.92,-2690.31,3668.28,400.0,320.0,400.0
32,0,ZONE_FACULTY_OCEANIC,5,IntermediateFloor,SM_FC_Mid_Faculty_Chambers_12x12,33981.92,-2690.31,4068.28,400.0,280.0,400.0
32,0,ZONE_FACULTY_OCEANIC,6,Roof,SM_FC_Roof_BioDome_12x12,33981.92,-2690.31,4468.28,800.0,180.0,300.0
33,0,ZONE_FACULTY_OCEANIC,0,Foundation,SM_FC_Foundation_SlopeCompensated_12x12,33981.92,1345.15,2159.39,400.0,850.0,1200.0
33,0,ZONE_FACULTY_OCEANIC,1,GroundFloor,SM_FC_Ground_Lobby_Transit_12x12,33981.92,1345.15,2559.39,600.0,450.0,600.0
33,0,ZONE_FACULTY_OCEANIC,2,IntermediateFloor,SM_FC_Mid_Academic_Lab_12x12,33981.92,1345.15,3159.39,400.0,320.0,400.0
33,0,ZONE_FACULTY_OCEANIC,3,IntermediateFloor,SM_FC_Mid_Faculty_Chambers_12x12,33981.92,1345.15,3559.39,400.0,280.0,400.0
33,0,ZONE_FACULTY_OCEANIC,4,Roof,SM_FC_Roof_BioDome_12x12,33981.92,1345.15,3959.39,800.0,180.0,300.0
34,0,ZONE_FACULTY_OCEANIC,0,Foundation,SM_FC_Foundation_SlopeCompensated_12x12,33981.92,5380.62,1093.18,400.0,850.0,1200.0
34,0,ZONE_FACULTY_OCEANIC,1,GroundFloor,SM_FC_Ground_Lobby_Transit_12x12,33981.92,5380.62,1493.18,600.0,450.0,600.0
34,0,ZONE_FACULTY_OCEANIC,2,IntermediateFloor,SM_FC_Mid_Academic_Lab_12x12,33981.92,5380.62,2093.18,400.0,320.0,400.0
34,0,ZONE_FACULTY_OCEANIC,3,IntermediateFloor,SM_FC_Mid_Faculty_Chambers_12x12,33981.92,5380.62,2493.18,400.0,280.0,400.0
34,0,ZONE_FACULTY_OCEANIC,4,Roof,SM_FC_Roof_BioDome_12x12,33981.92,5380.62,2893.18,800.0,180.0,300.0
35,0,ZONE_FACULTY_OCEANIC,0,Foundation,SM_FC_Foundation_SlopeCompensated_12x12,33981.92,9416.08,-551.63,400.0,850.0,1200.0
35,0,ZONE_FACULTY_OCEANIC,1,GroundFloor,SM_FC_Ground_Lobby_Transit_12x12,33981.92,9416.08,-151.63,600.0,450.0,600.0
35,0,ZONE_FACULTY_OCEANIC,2,IntermediateFloor,SM_FC_Mid_Academic_Lab_12x12,33981.92,9416.08,448.37,400.0,320.0,400.0
35,0,ZONE_FACULTY_OCEANIC,3,IntermediateFloor,SM_FC_Mid_Faculty_Chambers_12x12,33981.92,9416.08,848.37,400.0,280.0,400.0
35,0,ZONE_FACULTY_OCEANIC,4,IntermediateFloor,SM_FC_Mid_Academic_Lab_12x12,33981.92,9416.08,1248.37,400.0,320.0,400.0
35,0,ZONE_FACULTY_OCEANIC,5,IntermediateFloor,SM_FC_Mid_Faculty_Chambers_12x12,33981.92,9416.08,1648.37,400.0,280.0,400.0
35,0,ZONE_FACULTY_OCEANIC,6,Roof,SM_FC_Roof_BioDome_12x12,33981.92,9416.08,2048.37,800.0,180.0,300.0
36,0,ZONE_FACULTY_OCEANIC,0,Foundation,SM_FC_Foundation_SlopeCompensated_12x12,37145.57,-10476.43,-614.37,400.0,850.0,1200.0
36,0,ZONE_FACULTY_OCEANIC,1,GroundFloor,SM_FC_Ground_Lobby_Transit_12x12,37145.57,-10476.43,-214.37,600.0,450.0,600.0
36,0,ZONE_FACULTY_OCEANIC,2,IntermediateFloor,SM_FC_Mid_Academic_Lab_12x12,37145.57,-10476.43,385.63,400.0,320.0,400.0
36,0,ZONE_FACULTY_OCEANIC,3,IntermediateFloor,SM_FC_Mid_Faculty_Chambers_12x12,37145.57,-10476.43,785.63,400.0,280.0,400.0
36,0,ZONE_FACULTY_OCEANIC,4,IntermediateFloor,SM_FC_Mid_Academic_Lab_12x12,37145.57,-10476.43,1185.63,400.0,320.0,400.0
36,0,ZONE_FACULTY_OCEANIC,5,Roof,SM_FC_Roof_BioDome_12x12,37145.57,-10476.43,1585.63,800.0,180.0,300.0
37,0,ZONE_FACULTY_OCEANIC,0,Foundation,SM_FC_Foundation_SlopeCompensated_12x12,37145.57,-5986.53,1228.59,400.0,850.0,1200.0
37,0,ZONE_FACULTY_OCEANIC,1,GroundFloor,SM_FC_Ground_Lobby_Transit_12x12,37145.57,-5986.53,1628.59,600.0,450.0,600.0
37,0,ZONE_FACULTY_OCEANIC,2,IntermediateFloor,SM_FC_Mid_Academic_Lab_12x12,37145.57,-5986.53,2228.59,400.0,320.0,400.0
37,0,ZONE_FACULTY_OCEANIC,3,IntermediateFloor,SM_FC_Mid_Faculty_Chambers_12x12,37145.57,-5986.53,2628.59,400.0,280.0,400.0
37,0,ZONE_FACULTY_OCEANIC,4,Roof,SM_FC_Roof_BioDome_12x12,37145.57,-5986.53,3028.59,800.0,180.0,300.0
38,0,ZONE_FACULTY_OCEANIC,0,Foundation,SM_FC_Foundation_SlopeCompensated_12x12,37145.57,-1496.63,2412.87,400.0,850.0,1200.0
38,0,ZONE_FACULTY_OCEANIC,1,GroundFloor,SM_FC_Ground_Lobby_Transit_12x12,37145.57,-1496.63,2812.87,600.0,450.0,600.0
38,0,ZONE_FACULTY_OCEANIC,2,IntermediateFloor,SM_FC_Mid_Academic_Lab_12x12,37145.57,-1496.63,3412.87,400.0,320.0,400.0
38,0,ZONE_FACULTY_OCEANIC,3,IntermediateFloor,SM_FC_Mid_Faculty_Chambers_12x12,37145.57,-1496.63,3812.87,400.0,280.0,400.0
38,0,ZONE_FACULTY_OCEANIC,4,Roof,SM_FC_Roof_BioDome_12x12,37145.57,-1496.63,4212.87,800.0,180.0,300.0
39,0,ZONE_FACULTY_OCEANIC,0,Foundation,SM_FC_Foundation_SlopeCompensated_12x12,37145.57,2993.27,2091.29,400.0,850.0,1200.0
39,0,ZONE_FACULTY_OCEANIC,1,GroundFloor,SM_FC_Ground_Lobby_Transit_12x12,37145.57,2993.27,2491.29,600.0,450.0,600.0
39,0,ZONE_FACULTY_OCEANIC,2,IntermediateFloor,SM_FC_Mid_Academic_Lab_12x12,37145.57,2993.27,3091.29,400.0,320.0,400.0
39,0,ZONE_FACULTY_OCEANIC,3,Roof,SM_FC_Roof_BioDome_12x12,37145.57,2993.27,3491.29,800.0,180.0,300.0
40,0,ZONE_FACULTY_OCEANIC,0,Foundation,SM_FC_Foundation_SlopeCompensated_12x12,37145.57,7483.17,687.45,400.0,850.0,1200.0
40,0,ZONE_FACULTY_OCEANIC,1,GroundFloor,SM_FC_Ground_Lobby_Transit_12x12,37145.57,7483.17,1087.45,600.0,450.0,600.0
40,0,ZONE_FACULTY_OCEANIC,2,IntermediateFloor,SM_FC_Mid_Academic_Lab_12x12,37145.57,7483.17,1687.45,400.0,320.0,400.0
40,0,ZONE_FACULTY_OCEANIC,3,Roof,SM_FC_Roof_BioDome_12x12,37145.57,7483.17,2087.45,800.0,180.0,300.0
41,0,ZONE_FACULTY_OCEANIC,0,Foundation,SM_FC_Foundation_SlopeCompensated_12x12,40309.22,-9888.67,95.44,400.0,850.0,1200.0
41,0,ZONE_FACULTY_OCEANIC,1,GroundFloor,SM_FC_Ground_Lobby_Transit_12x12,40309.22,-9888.67,495.44,600.0,450.0,600.0
41,0,ZONE_FACULTY_OCEANIC,2,IntermediateFloor,SM_FC_Mid_Academic_Lab_12x12,40309.22,-9888.67,1095.44,400.0,320.0,400.0
41,0,ZONE_FACULTY_OCEANIC,3,IntermediateFloor,SM_FC_Mid_Faculty_Chambers_12x12,40309.22,-9888.67,1495.44,400.0,280.0,400.0
41,0,ZONE_FACULTY_OCEANIC,4,IntermediateFloor,SM_FC_Mid_Academic_Lab_12x12,40309.22,-9888.67,1895.44,400.0,320.0,400.0
41,0,ZONE_FACULTY_OCEANIC,5,IntermediateFloor,SM_FC_Mid_Faculty_Chambers_12x12,40309.22,-9888.67,2295.44,400.0,280.0,400.0
41,0,ZONE_FACULTY_OCEANIC,6,IntermediateFloor,SM_FC_Mid_Academic_Lab_12x12,40309.22,-9888.67,2695.44,400.0,320.0,400.0
41,0,ZONE_FACULTY_OCEANIC,7,Roof,SM_FC_Roof_BioDome_12x12,40309.22,-9888.67,3095.44,800.0,180.0,300.0
42,0,ZONE_FACULTY_OCEANIC,0,Foundation,SM_FC_Foundation_SlopeCompensated_12x12,40309.22,-4944.34,1872.96,400.0,850.0,1200.0
42,0,ZONE_FACULTY_OCEANIC,1,GroundFloor,SM_FC_Ground_Lobby_Transit_12x12,40309.22,-4944.34,2272.96,600.0,450.0,600.0
42,0,ZONE_FACULTY_OCEANIC,2,IntermediateFloor,SM_FC_Mid_Academic_Lab_12x12,40309.22,-4944.34,2872.96,400.0,320.0,400.0
42,0,ZONE_FACULTY_OCEANIC,3,Roof,SM_FC_Roof_BioDome_12x12,40309.22,-4944.34,3272.96,800.0,180.0,300.0
43,0,ZONE_FACULTY_OCEANIC,0,Foundation,SM_FC_Foundation_SlopeCompensated_12x12,40309.22,0.0,2918.95,400.0,850.0,1200.0
43,0,ZONE_FACULTY_OCEANIC,1,GroundFloor,SM_FC_Ground_Lobby_Transit_12x12,40309.22,0.0,3318.95,600.0,450.0,600.0
43,0,ZONE_FACULTY_OCEANIC,2,IntermediateFloor,SM_FC_Mid_Academic_Lab_12x12,40309.22,0.0,3918.95,400.0,320.0,400.0
43,0,ZONE_FACULTY_OCEANIC,3,Roof,SM_FC_Roof_BioDome_12x12,40309.22,0.0,4318.95,800.0,180.0,300.0
44,0,ZONE_FACULTY_OCEANIC,0,Foundation,SM_FC_Foundation_SlopeCompensated_12x12,40309.22,4944.34,1872.96,400.0,850.0,1200.0
44,0,ZONE_FACULTY_OCEANIC,1,GroundFloor,SM_FC_Ground_Lobby_Transit_12x12,40309.22,4944.34,2272.96,600.0,450.0,600.0
44,0,ZONE_FACULTY_OCEANIC,2,IntermediateFloor,SM_FC_Mid_Academic_Lab_12x12,40309.22,4944.34,2872.96,400.0,320.0,400.0
44,0,ZONE_FACULTY_OCEANIC,3,Roof,SM_FC_Roof_BioDome_12x12,40309.22,4944.34,3272.96,800.0,180.0,300.0
45,0,ZONE_FACULTY_OCEANIC,0,Foundation,SM_FC_Foundation_SlopeCompensated_12x12,40309.22,9888.67,95.44,400.0,850.0,1200.0
45,0,ZONE_FACULTY_OCEANIC,1,GroundFloor,SM_FC_Ground_Lobby_Transit_12x12,40309.22,9888.67,495.44,600.0,450.0,600.0
45,0,ZONE_FACULTY_OCEANIC,2,IntermediateFloor,SM_FC_Mid_Academic_Lab_12x12,40309.22,9888.67,1095.44,400.0,320.0,400.0
45,0,ZONE_FACULTY_OCEANIC,3,Roof,SM_FC_Roof_BioDome_12x12,40309.22,9888.67,1495.44,800.0,180.0,300.0
46,0,ZONE_FACULTY_OCEANIC,0,Foundation,SM_FC_Foundation_SlopeCompensated_12x12,43472.87,-8997.96,855.9,400.0,850.0,1200.0
46,0,ZONE_FACULTY_OCEANIC,1,GroundFloor,SM_FC_Ground_Lobby_Transit_12x12,43472.87,-8997.96,1255.9,600.0,450.0,600.0
46,0,ZONE_FACULTY_OCEANIC,2,IntermediateFloor,SM_FC_Mid_Academic_Lab_12x12,43472.87,-8997.96,1855.9,400.0,320.0,400.0
46,0,ZONE_FACULTY_OCEANIC,3,IntermediateFloor,SM_FC_Mid_Faculty_Chambers_12x12,43472.87,-8997.96,2255.9,400.0,280.0,400.0
46,0,ZONE_FACULTY_OCEANIC,4,IntermediateFloor,SM_FC_Mid_Academic_Lab_12x12,43472.87,-8997.96,2655.9,400.0,320.0,400.0
46,0,ZONE_FACULTY_OCEANIC,5,IntermediateFloor,SM_FC_Mid_Faculty_Chambers_12x12,43472.87,-8997.96,3055.9,400.0,280.0,400.0
46,0,ZONE_FACULTY_OCEANIC,6,IntermediateFloor,SM_FC_Mid_Academic_Lab_12x12,43472.87,-8997.96,3455.9,400.0,320.0,400.0
46,0,ZONE_FACULTY_OCEANIC,7,IntermediateFloor,SM_FC_Mid_Faculty_Chambers_12x12,43472.87,-8997.96,3855.9,400.0,280.0,400.0
46,0,ZONE_FACULTY_OCEANIC,8,Roof,SM_FC_Roof_BioDome_12x12,43472.87,-8997.96,4255.9,800.0,180.0,300.0
47,0,ZONE_FACULTY_OCEANIC,0,Foundation,SM_FC_Foundation_SlopeCompensated_12x12,43472.87,-3599.18,2503.84,400.0,850.0,1200.0
47,0,ZONE_FACULTY_OCEANIC,1,GroundFloor,SM_FC_Ground_Lobby_Transit_12x12,43472.87,-3599.18,2903.84,600.0,450.0,600.0
47,0,ZONE_FACULTY_OCEANIC,2,IntermediateFloor,SM_FC_Mid_Academic_Lab_12x12,43472.87,-3599.18,3503.84,400.0,320.0,400.0
47,0,ZONE_FACULTY_OCEANIC,3,IntermediateFloor,SM_FC_Mid_Faculty_Chambers_12x12,43472.87,-3599.18,3903.84,400.0,280.0,400.0
47,0,ZONE_FACULTY_OCEANIC,4,IntermediateFloor,SM_FC_Mid_Academic_Lab_12x12,43472.87,-3599.18,4303.84,400.0,320.0,400.0
47,0,ZONE_FACULTY_OCEANIC,5,IntermediateFloor,SM_FC_Mid_Faculty_Chambers_12x12,43472.87,-3599.18,4703.84,400.0,280.0,400.0
47,0,ZONE_FACULTY_OCEANIC,6,Roof,SM_FC_Roof_BioDome_12x12,43472.87,-3599.18,5103.84,800.0,180.0,300.0
48,0,ZONE_FACULTY_OCEANIC,0,Foundation,SM_FC_Foundation_SlopeCompensated_12x12,43472.87,1799.59,2876.18,400.0,850.0,1200.0
48,0,ZONE_FACULTY_OCEANIC,1,GroundFloor,SM_FC_Ground_Lobby_Transit_12x12,43472.87,1799.59,3276.18,600.0,450.0,600.0
48,0,ZONE_FACULTY_OCEANIC,2,IntermediateFloor,SM_FC_Mid_Academic_Lab_12x12,43472.87,1799.59,3876.18,400.0,320.0,400.0
48,0,ZONE_FACULTY_OCEANIC,3,IntermediateFloor,SM_FC_Mid_Faculty_Chambers_12x12,43472.87,1799.59,4276.18,400.0,280.0,400.0
48,0,ZONE_FACULTY_OCEANIC,4,IntermediateFloor,SM_FC_Mid_Academic_Lab_12x12,43472.87,1799.59,4676.18,400.0,320.0,400.0
48,0,ZONE_FACULTY_OCEANIC,5,IntermediateFloor,SM_FC_Mid_Faculty_Chambers_12x12,43472.87,1799.59,5076.18,400.0,280.0,400.0
48,0,ZONE_FACULTY_OCEANIC,6,IntermediateFloor,SM_FC_Mid_Academic_Lab_12x12,43472.87,1799.59,5476.18,400.0,320.0,400.0
48,0,ZONE_FACULTY_OCEANIC,7,Roof,SM_FC_Roof_BioDome_12x12,43472.87,1799.59,5876.18,800.0,180.0,300.0
49,0,ZONE_FACULTY_OCEANIC,0,Foundation,SM_FC_Foundation_SlopeCompensated_12x12,43472.87,7198.36,1493.7,400.0,850.0,1200.0
49,0,ZONE_FACULTY_OCEANIC,1,GroundFloor,SM_FC_Ground_Lobby_Transit_12x12,43472.87,7198.36,1893.7,600.0,450.0,600.0
49,0,ZONE_FACULTY_OCEANIC,2,IntermediateFloor,SM_FC_Mid_Academic_Lab_12x12,43472.87,7198.36,2493.7,400.0,320.0,400.0
49,0,ZONE_FACULTY_OCEANIC,3,IntermediateFloor,SM_FC_Mid_Faculty_Chambers_12x12,43472.87,7198.36,2893.7,400.0,280.0,400.0
49,0,ZONE_FACULTY_OCEANIC,4,IntermediateFloor,SM_FC_Mid_Academic_Lab_12x12,43472.87,7198.36,3293.7,400.0,320.0,400.0
49,0,ZONE_FACULTY_OCEANIC,5,IntermediateFloor,SM_FC_Mid_Faculty_Chambers_12x12,43472.87,7198.36,3693.7,400.0,280.0,400.0
49,0,ZONE_FACULTY_OCEANIC,6,IntermediateFloor,SM_FC_Mid_Academic_Lab_12x12,43472.87,7198.36,4093.7,400.0,320.0,400.0
49,0,ZONE_FACULTY_OCEANIC,7,Roof,SM_FC_Roof_BioDome_12x12,43472.87,7198.36,4493.7,800.0,180.0,300.0
50,0,ZONE_FACULTY_OCEANIC,0,Foundation,SM_FC_Foundation_SlopeCompensated_12x12,43472.87,12597.14,-685.15,400.0,850.0,1200.0
50,0,ZONE_FACULTY_OCEANIC,1,GroundFloor,SM_FC_Ground_Lobby_Transit_12x12,43472.87,12597.14,-285.15,600.0,450.0,600.0
50,0,ZONE_FACULTY_OCEANIC,2,IntermediateFloor,SM_FC_Mid_Academic_Lab_12x12,43472.87,12597.14,314.85,400.0,320.0,400.0
50,0,ZONE_FACULTY_OCEANIC,3,IntermediateFloor,SM_FC_Mid_Faculty_Chambers_12x12,43472.87,12597.14,714.85,400.0,280.0,400.0
50,0,ZONE_FACULTY_OCEANIC,4,IntermediateFloor,SM_FC_Mid_Academic_Lab_12x12,43472.87,12597.14,1114.85,400.0,320.0,400.0
50,0,ZONE_FACULTY_OCEANIC,5,IntermediateFloor,SM_FC_Mid_Faculty_Chambers_12x12,43472.87,12597.14,1514.85,400.0,280.0,400.0
50,0,ZONE_FACULTY_OCEANIC,6,IntermediateFloor,SM_FC_Mid_Academic_Lab_12x12,43472.87,12597.14,1914.85,400.0,320.0,400.0
50,0,ZONE_FACULTY_OCEANIC,7,IntermediateFloor,SM_FC_Mid_Faculty_Chambers_12x12,43472.87,12597.14,2314.85,400.0,280.0,400.0
50,0,ZONE_FACULTY_OCEANIC,8,Roof,SM_FC_Roof_BioDome_12x12,43472.87,12597.14,2714.85,800.0,180.0,300.0
51,0,ZONE_FACULTY_OCEANIC,0,Foundation,SM_FC_Foundation_SlopeCompensated_12x12,46636.53,-13657.49,-688.94,400.0,850.0,1200.0
51,0,ZONE_FACULTY_OCEANIC,1,GroundFloor,SM_FC_Ground_Lobby_Transit_12x12,46636.53,-13657.49,-288.94,600.0,450.0,600.0
51,0,ZONE_FACULTY_OCEANIC,2,IntermediateFloor,SM_FC_Mid_Academic_Lab_12x12,46636.53,-13657.49,311.06,400.0,320.0,400.0
51,0,ZONE_FACULTY_OCEANIC,3,Roof,SM_FC_Roof_BioDome_12x12,46636.53,-13657.49,711.06,800.0,180.0,300.0
52,0,ZONE_FACULTY_OCEANIC,0,Foundation,SM_FC_Foundation_SlopeCompensated_12x12,46636.53,-7804.28,1625.32,400.0,850.0,1200.0
52,0,ZONE_FACULTY_OCEANIC,1,GroundFloor,SM_FC_Ground_Lobby_Transit_12x12,46636.53,-7804.28,2025.32,600.0,450.0,600.0
52,0,ZONE_FACULTY_OCEANIC,2,IntermediateFloor,SM_FC_Mid_Academic_Lab_12x12,46636.53,-7804.28,2625.32,400.0,320.0,400.0
52,0,ZONE_FACULTY_OCEANIC,3,IntermediateFloor,SM_FC_Mid_Faculty_Chambers_12x12,46636.53,-7804.28,3025.32,400.0,280.0,400.0
52,0,ZONE_FACULTY_OCEANIC,4,IntermediateFloor,SM_FC_Mid_Academic_Lab_12x12,46636.53,-7804.28,3425.32,400.0,320.0,400.0
52,0,ZONE_FACULTY_OCEANIC,5,IntermediateFloor,SM_FC_Mid_Faculty_Chambers_12x12,46636.53,-7804.28,3825.32,400.0,280.0,400.0
52,0,ZONE_FACULTY_OCEANIC,6,IntermediateFloor,SM_FC_Mid_Academic_Lab_12x12,46636.53,-7804.28,4225.32,400.0,320.0,400.0
52,0,ZONE_FACULTY_OCEANIC,7,IntermediateFloor,SM_FC_Mid_Faculty_Chambers_12x12,46636.53,-7804.28,4625.32,400.0,280.0,400.0
52,0,ZONE_FACULTY_OCEANIC,8,Roof,SM_FC_Roof_BioDome_12x12,46636.53,-7804.28,5025.32,800.0,180.0,300.0
53,0,ZONE_FACULTY_OCEANIC,0,Foundation,SM_FC_Foundation_SlopeCompensated_12x12,46636.53,-1951.07,3087.1,400.0,850.0,1200.0
53,0,ZONE_FACULTY_OCEANIC,1,GroundFloor,SM_FC_Ground_Lobby_Transit_12x12,46636.53,-1951.07,3487.1,600.0,450.0,600.0
53,0,ZONE_FACULTY_OCEANIC,2,IntermediateFloor,SM_FC_Mid_Academic_Lab_12x12,46636.53,-1951.07,4087.1,400.0,320.0,400.0
53,0,ZONE_FACULTY_OCEANIC,3,IntermediateFloor,SM_FC_Mid_Faculty_Chambers_12x12,46636.53,-1951.07,4487.1,400.0,280.0,400.0
53,0,ZONE_FACULTY_OCEANIC,4,IntermediateFloor,SM_FC_Mid_Academic_Lab_12x12,46636.53,-1951.07,4887.1,400.0,320.0,400.0
53,0,ZONE_FACULTY_OCEANIC,5,Roof,SM_FC_Roof_BioDome_12x12,46636.53,-1951.07,5287.1,800.0,180.0,300.0
54,0,ZONE_FACULTY_OCEANIC,0,Foundation,SM_FC_Foundation_SlopeCompensated_12x12,46636.53,3902.14,2694.56,400.0,850.0,1200.0
54,0,ZONE_FACULTY_OCEANIC,1,GroundFloor,SM_FC_Ground_Lobby_Transit_12x12,46636.53,3902.14,3094.56,600.0,450.0,600.0
54,0,ZONE_FACULTY_OCEANIC,2,IntermediateFloor,SM_FC_Mid_Academic_Lab_12x12,46636.53,3902.14,3694.56,400.0,320.0,400.0
54,0,ZONE_FACULTY_OCEANIC,3,IntermediateFloor,SM_FC_Mid_Faculty_Chambers_12x12,46636.53,3902.14,4094.56,400.0,280.0,400.0
54,0,ZONE_FACULTY_OCEANIC,4,Roof,SM_FC_Roof_BioDome_12x12,46636.53,3902.14,4494.56,800.0,180.0,300.0
55,0,ZONE_FACULTY_OCEANIC,0,Foundation,SM_FC_Foundation_SlopeCompensated_12x12,46636.53,9755.35,948.62,400.0,850.0,1200.0
55,0,ZONE_FACULTY_OCEANIC,1,GroundFloor,SM_FC_Ground_Lobby_Transit_12x12,46636.53,9755.35,1348.62,600.0,450.0,600.0
55,0,ZONE_FACULTY_OCEANIC,2,IntermediateFloor,SM_FC_Mid_Academic_Lab_12x12,46636.53,9755.35,1948.62,400.0,320.0,400.0
55,0,ZONE_FACULTY_OCEANIC,3,IntermediateFloor,SM_FC_Mid_Faculty_Chambers_12x12,46636.53,9755.35,2348.62,400.0,280.0,400.0
55,0,ZONE_FACULTY_OCEANIC,4,IntermediateFloor,SM_FC_Mid_Academic_Lab_12x12,46636.53,9755.35,2748.62,400.0,320.0,400.0
55,0,ZONE_FACULTY_OCEANIC,5,IntermediateFloor,SM_FC_Mid_Faculty_Chambers_12x12,46636.53,9755.35,3148.62,400.0,280.0,400.0
55,0,ZONE_FACULTY_OCEANIC,6,IntermediateFloor,SM_FC_Mid_Academic_Lab_12x12,46636.53,9755.35,3548.62,400.0,320.0,400.0
55,0,ZONE_FACULTY_OCEANIC,7,IntermediateFloor,SM_FC_Mid_Faculty_Chambers_12x12,46636.53,9755.35,3948.62,400.0,280.0,400.0
55,0,ZONE_FACULTY_OCEANIC,8,Roof,SM_FC_Roof_BioDome_12x12,46636.53,9755.35,4348.62,800.0,180.0,300.0
56,0,ZONE_FACULTY_OCEANIC,0,Foundation,SM_FC_Foundation_SlopeCompensated_12x12,49800.18,-12615.29,239.47,400.0,850.0,1200.0
56,0,ZONE_FACULTY_OCEANIC,1,GroundFloor,SM_FC_Ground_Lobby_Transit_12x12,49800.18,-12615.29,639.47,600.0,450.0,600.0
56,0,ZONE_FACULTY_OCEANIC,2,IntermediateFloor,SM_FC_Mid_Academic_Lab_12x12,49800.18,-12615.29,1239.47,400.0,320.0,400.0
56,0,ZONE_FACULTY_OCEANIC,3,IntermediateFloor,SM_FC_Mid_Faculty_Chambers_12x12,49800.18,-12615.29,1639.47,400.0,280.0,400.0
56,0,ZONE_FACULTY_OCEANIC,4,Roof,SM_FC_Roof_BioDome_12x12,49800.18,-12615.29,2039.47,800.0,180.0,300.0
57,0,ZONE_FACULTY_OCEANIC,0,Foundation,SM_FC_Foundation_SlopeCompensated_12x12,49800.18,-6307.65,2366.29,400.0,850.0,1200.0
57,0,ZONE_FACULTY_OCEANIC,1,GroundFloor,SM_FC_Ground_Lobby_Transit_12x12,49800.18,-6307.65,2766.29,600.0,450.0,600.0
57,0,ZONE_FACULTY_OCEANIC,2,IntermediateFloor,SM_FC_Mid_Academic_Lab_12x12,49800.18,-6307.65,3366.29,400.0,320.0,400.0
57,0,ZONE_FACULTY_OCEANIC,3,IntermediateFloor,SM_FC_Mid_Faculty_Chambers_12x12,49800.18,-6307.65,3766.29,400.0,280.0,400.0
57,0,ZONE_FACULTY_OCEANIC,4,Roof,SM_FC_Roof_BioDome_12x12,49800.18,-6307.65,4166.29,800.0,180.0,300.0
58,0,ZONE_FACULTY_OCEANIC,0,Foundation,SM_FC_Foundation_SlopeCompensated_12x12,49800.18,0.0,3593.83,400.0,850.0,1200.0
58,0,ZONE_FACULTY_OCEANIC,1,GroundFloor,SM_FC_Ground_Lobby_Transit_12x12,49800.18,0.0,3993.83,600.0,450.0,600.0
58,0,ZONE_FACULTY_OCEANIC,2,IntermediateFloor,SM_FC_Mid_Academic_Lab_12x12,49800.18,0.0,4593.83,400.0,320.0,400.0
58,0,ZONE_FACULTY_OCEANIC,3,IntermediateFloor,SM_FC_Mid_Faculty_Chambers_12x12,49800.18,0.0,4993.83,400.0,280.0,400.0
58,0,ZONE_FACULTY_OCEANIC,4,IntermediateFloor,SM_FC_Mid_Academic_Lab_12x12,49800.18,0.0,5393.83,400.0,320.0,400.0
58,0,ZONE_FACULTY_OCEANIC,5,IntermediateFloor,SM_FC_Mid_Faculty_Chambers_12x12,49800.18,0.0,5793.83,400.0,280.0,400.0
58,0,ZONE_FACULTY_OCEANIC,6,IntermediateFloor,SM_FC_Mid_Academic_Lab_12x12,49800.18,0.0,6193.83,400.0,320.0,400.0
58,0,ZONE_FACULTY_OCEANIC,7,IntermediateFloor,SM_FC_Mid_Faculty_Chambers_12x12,49800.18,0.0,6593.83,400.0,280.0,400.0
58,0,ZONE_FACULTY_OCEANIC,8,Roof,SM_FC_Roof_BioDome_12x12,49800.18,0.0,6993.83,800.0,180.0,300.0
59,0,ZONE_FACULTY_OCEANIC,0,Foundation,SM_FC_Foundation_SlopeCompensated_12x12,49800.18,6307.65,2366.29,400.0,850.0,1200.0
59,0,ZONE_FACULTY_OCEANIC,1,GroundFloor,SM_FC_Ground_Lobby_Transit_12x12,49800.18,6307.65,2766.29,600.0,450.0,600.0
59,0,ZONE_FACULTY_OCEANIC,2,IntermediateFloor,SM_FC_Mid_Academic_Lab_12x12,49800.18,6307.65,3366.29,400.0,320.0,400.0
59,0,ZONE_FACULTY_OCEANIC,3,Roof,SM_FC_Roof_BioDome_12x12,49800.18,6307.65,3766.29,800.0,180.0,300.0
60,0,ZONE_FACULTY_OCEANIC,0,Foundation,SM_FC_Foundation_SlopeCompensated_12x12,49800.18,12615.29,239.47,400.0,850.0,1200.0
60,0,ZONE_FACULTY_OCEANIC,1,GroundFloor,SM_FC_Ground_Lobby_Transit_12x12,49800.18,12615.29,639.47,600.0,450.0,600.0
60,0,ZONE_FACULTY_OCEANIC,2,IntermediateFloor,SM_FC_Mid_Academic_Lab_12x12,49800.18,12615.29,1239.47,400.0,320.0,400.0
60,0,ZONE_FACULTY_OCEANIC,3,Roof,SM_FC_Roof_BioDome_12x12,49800.18,12615.29,1639.47,800.0,180.0,300.0
61,0,ZONE_FACULTY_OCEANIC,0,Foundation,SM_FC_Foundation_SlopeCompensated_12x12,52963.83,-11270.14,1155.79,400.0,850.0,1200.0
61,0,ZONE_FACULTY_OCEANIC,1,GroundFloor,SM_FC_Ground_Lobby_Transit_12x12,52963.83,-11270.14,1555.79,600.0,450.0,600.0
61,0,ZONE_FACULTY_OCEANIC,2,IntermediateFloor,SM_FC_Mid_Academic_Lab_12x12,52963.83,-11270.14,2155.79,400.0,320.0,400.0
61,0,ZONE_FACULTY_OCEANIC,3,IntermediateFloor,SM_FC_Mid_Faculty_Chambers_12x12,52963.83,-11270.14,2555.79,400.0,280.0,400.0
61,0,ZONE_FACULTY_OCEANIC,4,IntermediateFloor,SM_FC_Mid_Academic_Lab_12x12,52963.83,-11270.14,2955.79,400.0,320.0,400.0
61,0,ZONE_FACULTY_OCEANIC,5,IntermediateFloor,SM_FC_Mid_Faculty_Chambers_12x12,52963.83,-11270.14,3355.79,400.0,280.0,400.0
61,0,ZONE_FACULTY_OCEANIC,6,Roof,SM_FC_Roof_BioDome_12x12,52963.83,-11270.14,3755.79,800.0,180.0,300.0
62,0,ZONE_FACULTY_OCEANIC,0,Foundation,SM_FC_Foundation_SlopeCompensated_12x12,52963.83,-4508.06,3046.54,400.0,850.0,1200.0
62,0,ZONE_FACULTY_OCEANIC,1,GroundFloor,SM_FC_Ground_Lobby_Transit_12x12,52963.83,-4508.06,3446.54,600.0,450.0,600.0
62,0,ZONE_FACULTY_OCEANIC,2,IntermediateFloor,SM_FC_Mid_Academic_Lab_12x12,52963.83,-4508.06,4046.54,400.0,320.0,400.0
62,0,ZONE_FACULTY_OCEANIC,3,IntermediateFloor,SM_FC_Mid_Faculty_Chambers_12x12,52963.83,-4508.06,4446.54,400.0,280.0,400.0
62,0,ZONE_FACULTY_OCEANIC,4,IntermediateFloor,SM_FC_Mid_Academic_Lab_12x12,52963.83,-4508.06,4846.54,400.0,320.0,400.0
62,0,ZONE_FACULTY_OCEANIC,5,Roof,SM_FC_Roof_BioDome_12x12,52963.83,-4508.06,5246.54,800.0,180.0,300.0
63,0,ZONE_FACULTY_OCEANIC,0,Foundation,SM_FC_Foundation_SlopeCompensated_12x12,52963.83,2254.03,3468.75,400.0,850.0,1200.0
63,0,ZONE_FACULTY_OCEANIC,1,GroundFloor,SM_FC_Ground_Lobby_Transit_12x12,52963.83,2254.03,3868.75,600.0,450.0,600.0
63,0,ZONE_FACULTY_OCEANIC,2,IntermediateFloor,SM_FC_Mid_Academic_Lab_12x12,52963.83,2254.03,4468.75,400.0,320.0,400.0
63,0,ZONE_FACULTY_OCEANIC,3,IntermediateFloor,SM_FC_Mid_Faculty_Chambers_12x12,52963.83,2254.03,4868.75,400.0,280.0,400.0
63,0,ZONE_FACULTY_OCEANIC,4,IntermediateFloor,SM_FC_Mid_Academic_Lab_12x12,52963.83,2254.03,5268.75,400.0,320.0,400.0
63,0,ZONE_FACULTY_OCEANIC,5,Roof,SM_FC_Roof_BioDome_12x12,52963.83,2254.03,5668.75,800.0,180.0,300.0
64,0,ZONE_FACULTY_OCEANIC,0,Foundation,SM_FC_Foundation_SlopeCompensated_12x12,52963.83,9016.11,1890.06,400.0,850.0,1200.0
64,0,ZONE_FACULTY_OCEANIC,1,GroundFloor,SM_FC_Ground_Lobby_Transit_12x12,52963.83,9016.11,2290.06,600.0,450.0,600.0
64,0,ZONE_FACULTY_OCEANIC,2,IntermediateFloor,SM_FC_Mid_Academic_Lab_12x12,52963.83,9016.11,2890.06,400.0,320.0,400.0
64,0,ZONE_FACULTY_OCEANIC,3,Roof,SM_FC_Roof_BioDome_12x12,52963.83,9016.11,3290.06,800.0,180.0,300.0
65,0,ZONE_FACULTY_OCEANIC,0,Foundation,SM_FC_Foundation_SlopeCompensated_12x12,52963.83,15778.19,-624.82,400.0,850.0,1200.0
65,0,ZONE_FACULTY_OCEANIC,1,GroundFloor,SM_FC_Ground_Lobby_Transit_12x12,52963.83,15778.19,-224.82,600.0,450.0,600.0
65,0,ZONE_FACULTY_OCEANIC,2,IntermediateFloor,SM_FC_Mid_Academic_Lab_12x12,52963.83,15778.19,375.18,400.0,320.0,400.0
65,0,ZONE_FACULTY_OCEANIC,3,IntermediateFloor,SM_FC_Mid_Faculty_Chambers_12x12,52963.83,15778.19,775.18,400.0,280.0,400.0
65,0,ZONE_FACULTY_OCEANIC,4,Roof,SM_FC_Roof_BioDome_12x12,52963.83,15778.19,1175.18,800.0,180.0,300.0
66,0,ZONE_FACULTY_OCEANIC,0,Foundation,SM_FC_Foundation_SlopeCompensated_12x12,56127.49,-16079.12,-554.39,400.0,850.0,1200.0
66,0,ZONE_FACULTY_OCEANIC,1,GroundFloor,SM_FC_Ground_Lobby_Transit_12x12,56127.49,-16079.12,-154.39,600.0,450.0,600.0
66,0,ZONE_FACULTY_OCEANIC,2,IntermediateFloor,SM_FC_Mid_Academic_Lab_12x12,56127.49,-16079.12,445.61,400.0,320.0,400.0
66,0,ZONE_FACULTY_OCEANIC,3,IntermediateFloor,SM_FC_Mid_Faculty_Chambers_12x12,56127.49,-16079.12,845.61,400.0,280.0,400.0
66,0,ZONE_FACULTY_OCEANIC,4,IntermediateFloor,SM_FC_Mid_Academic_Lab_12x12,56127.49,-16079.12,1245.61,400.0,320.0,400.0
66,0,ZONE_FACULTY_OCEANIC,5,IntermediateFloor,SM_FC_Mid_Faculty_Chambers_12x12,56127.49,-16079.12,1645.61,400.0,280.0,400.0
66,0,ZONE_FACULTY_OCEANIC,6,Roof,SM_FC_Roof_BioDome_12x12,56127.49,-16079.12,2045.61,800.0,180.0,300.0
67,0,ZONE_FACULTY_OCEANIC,0,Foundation,SM_FC_Foundation_SlopeCompensated_12x12,56127.49,-9188.07,2024.1,400.0,850.0,1200.0
67,0,ZONE_FACULTY_OCEANIC,1,GroundFloor,SM_FC_Ground_Lobby_Transit_12x12,56127.49,-9188.07,2424.1,600.0,450.0,600.0
67,0,ZONE_FACULTY_OCEANIC,2,IntermediateFloor,SM_FC_Mid_Academic_Lab_12x12,56127.49,-9188.07,3024.1,400.0,320.0,400.0
67,0,ZONE_FACULTY_OCEANIC,3,IntermediateFloor,SM_FC_Mid_Faculty_Chambers_12x12,56127.49,-9188.07,3424.1,400.0,280.0,400.0
67,0,ZONE_FACULTY_OCEANIC,4,IntermediateFloor,SM_FC_Mid_Academic_Lab_12x12,56127.49,-9188.07,3824.1,400.0,320.0,400.0
67,0,ZONE_FACULTY_OCEANIC,5,IntermediateFloor,SM_FC_Mid_Faculty_Chambers_12x12,56127.49,-9188.07,4224.1,400.0,280.0,400.0
67,0,ZONE_FACULTY_OCEANIC,6,Roof,SM_FC_Roof_BioDome_12x12,56127.49,-9188.07,4624.1,800.0,180.0,300.0
68,0,ZONE_FACULTY_OCEANIC,0,Foundation,SM_FC_Foundation_SlopeCompensated_12x12,56127.49,-2297.02,3639.72,400.0,850.0,1200.0
68,0,ZONE_FACULTY_OCEANIC,1,GroundFloor,SM_FC_Ground_Lobby_Transit_12x12,56127.49,-2297.02,4039.72,600.0,450.0,600.0
68,0,ZONE_FACULTY_OCEANIC,2,IntermediateFloor,SM_FC_Mid_Academic_Lab_12x12,56127.49,-2297.02,4639.72,400.0,320.0,400.0
68,0,ZONE_FACULTY_OCEANIC,3,IntermediateFloor,SM_FC_Mid_Faculty_Chambers_12x12,56127.49,-2297.02,5039.72,400.0,280.0,400.0
68,0,ZONE_FACULTY_OCEANIC,4,IntermediateFloor,SM_FC_Mid_Academic_Lab_12x12,56127.49,-2297.02,5439.72,400.0,320.0,400.0
68,0,ZONE_FACULTY_OCEANIC,5,Roof,SM_FC_Roof_BioDome_12x12,56127.49,-2297.02,5839.72,800.0,180.0,300.0
69,0,ZONE_FACULTY_OCEANIC,0,Foundation,SM_FC_Foundation_SlopeCompensated_12x12,56127.49,4594.03,3208.17,400.0,850.0,1200.0
69,0,ZONE_FACULTY_OCEANIC,1,GroundFloor,SM_FC_Ground_Lobby_Transit_12x12,56127.49,4594.03,3608.17,600.0,450.0,600.0
69,0,ZONE_FACULTY_OCEANIC,2,IntermediateFloor,SM_FC_Mid_Academic_Lab_12x12,56127.49,4594.03,4208.17,400.0,320.0,400.0
69,0,ZONE_FACULTY_OCEANIC,3,IntermediateFloor,SM_FC_Mid_Faculty_Chambers_12x12,56127.49,4594.03,4608.17,400.0,280.0,400.0
69,0,ZONE_FACULTY_OCEANIC,4,IntermediateFloor,SM_FC_Mid_Academic_Lab_12x12,56127.49,4594.03,5008.17,400.0,320.0,400.0
69,0,ZONE_FACULTY_OCEANIC,5,IntermediateFloor,SM_FC_Mid_Faculty_Chambers_12x12,56127.49,4594.03,5408.17,400.0,280.0,400.0
69,0,ZONE_FACULTY_OCEANIC,6,IntermediateFloor,SM_FC_Mid_Academic_Lab_12x12,56127.49,4594.03,5808.17,400.0,320.0,400.0
69,0,ZONE_FACULTY_OCEANIC,7,IntermediateFloor,SM_FC_Mid_Faculty_Chambers_12x12,56127.49,4594.03,6208.17,400.0,280.0,400.0
69,0,ZONE_FACULTY_OCEANIC,8,Roof,SM_FC_Roof_BioDome_12x12,56127.49,4594.03,6608.17,800.0,180.0,300.0
70,0,ZONE_FACULTY_OCEANIC,0,Foundation,SM_FC_Foundation_SlopeCompensated_12x12,56127.49,11485.09,1271.59,400.0,850.0,1200.0
70,0,ZONE_FACULTY_OCEANIC,1,GroundFloor,SM_FC_Ground_Lobby_Transit_12x12,56127.49,11485.09,1671.59,600.0,450.0,600.0
70,0,ZONE_FACULTY_OCEANIC,2,IntermediateFloor,SM_FC_Mid_Academic_Lab_12x12,56127.49,11485.09,2271.59,400.0,320.0,400.0
70,0,ZONE_FACULTY_OCEANIC,3,IntermediateFloor,SM_FC_Mid_Faculty_Chambers_12x12,56127.49,11485.09,2671.59,400.0,280.0,400.0
70,0,ZONE_FACULTY_OCEANIC,4,IntermediateFloor,SM_FC_Mid_Academic_Lab_12x12,56127.49,11485.09,3071.59,400.0,320.0,400.0
70,0,ZONE_FACULTY_OCEANIC,5,Roof,SM_FC_Roof_BioDome_12x12,56127.49,11485.09,3471.59,800.0,180.0,300.0
71,0,ZONE_FACULTY_OCEANIC,0,Foundation,SM_FC_Foundation_SlopeCompensated_12x12,59291.14,-13073.55,523.87,400.0,850.0,1200.0
71,0,ZONE_FACULTY_OCEANIC,1,GroundFloor,SM_FC_Ground_Lobby_Transit_12x12,59291.14,-13073.55,923.87,600.0,450.0,600.0
71,0,ZONE_FACULTY_OCEANIC,2,IntermediateFloor,SM_FC_Mid_Academic_Lab_12x12,59291.14,-13073.55,1523.87,400.0,320.0,400.0
71,0,ZONE_FACULTY_OCEANIC,3,IntermediateFloor,SM_FC_Mid_Faculty_Chambers_12x12,59291.14,-13073.55,1923.87,400.0,280.0,400.0
71,0,ZONE_FACULTY_OCEANIC,4,IntermediateFloor,SM_FC_Mid_Academic_Lab_12x12,59291.14,-13073.55,2323.87,400.0,320.0,400.0
71,0,ZONE_FACULTY_OCEANIC,5,IntermediateFloor,SM_FC_Mid_Faculty_Chambers_12x12,59291.14,-13073.55,2723.87,400.0,280.0,400.0
71,0,ZONE_FACULTY_OCEANIC,6,IntermediateFloor,SM_FC_Mid_Academic_Lab_12x12,59291.14,-13073.55,3123.87,400.0,320.0,400.0
71,0,ZONE_FACULTY_OCEANIC,7,IntermediateFloor,SM_FC_Mid_Faculty_Chambers_12x12,59291.14,-13073.55,3523.87,400.0,280.0,400.0
71,0,ZONE_FACULTY_OCEANIC,8,Roof,SM_FC_Roof_BioDome_12x12,59291.14,-13073.55,3923.87,800.0,180.0,300.0
72,0,ZONE_FACULTY_OCEANIC,0,Foundation,SM_FC_Foundation_SlopeCompensated_12x12,59291.14,-6536.77,2814.4,400.0,850.0,1200.0
72,0,ZONE_FACULTY_OCEANIC,1,GroundFloor,SM_FC_Ground_Lobby_Transit_12x12,59291.14,-6536.77,3214.4,600.0,450.0,600.0
72,0,ZONE_FACULTY_OCEANIC,2,IntermediateFloor,SM_FC_Mid_Academic_Lab_12x12,59291.14,-6536.77,3814.4,400.0,320.0,400.0
72,0,ZONE_FACULTY_OCEANIC,3,IntermediateFloor,SM_FC_Mid_Faculty_Chambers_12x12,59291.14,-6536.77,4214.4,400.0,280.0,400.0
72,0,ZONE_FACULTY_OCEANIC,4,IntermediateFloor,SM_FC_Mid_Academic_Lab_12x12,59291.14,-6536.77,4614.4,400.0,320.0,400.0
72,0,ZONE_FACULTY_OCEANIC,5,IntermediateFloor,SM_FC_Mid_Faculty_Chambers_12x12,59291.14,-6536.77,5014.4,400.0,280.0,400.0
72,0,ZONE_FACULTY_OCEANIC,6,IntermediateFloor,SM_FC_Mid_Academic_Lab_12x12,59291.14,-6536.77,5414.4,400.0,320.0,400.0
72,0,ZONE_FACULTY_OCEANIC,7,IntermediateFloor,SM_FC_Mid_Faculty_Chambers_12x12,59291.14,-6536.77,5814.4,400.0,280.0,400.0
72,0,ZONE_FACULTY_OCEANIC,8,Roof,SM_FC_Roof_BioDome_12x12,59291.14,-6536.77,6214.4,800.0,180.0,300.0
73,0,ZONE_FACULTY_OCEANIC,0,Foundation,SM_FC_Foundation_SlopeCompensated_12x12,59291.14,0.0,4125.95,400.0,850.0,1200.0
73,0,ZONE_FACULTY_OCEANIC,1,GroundFloor,SM_FC_Ground_Lobby_Transit_12x12,59291.14,0.0,4525.95,600.0,450.0,600.0
73,0,ZONE_FACULTY_OCEANIC,2,IntermediateFloor,SM_FC_Mid_Academic_Lab_12x12,59291.14,0.0,5125.95,400.0,320.0,400.0
73,0,ZONE_FACULTY_OCEANIC,3,IntermediateFloor,SM_FC_Mid_Faculty_Chambers_12x12,59291.14,0.0,5525.95,400.0,280.0,400.0
73,0,ZONE_FACULTY_OCEANIC,4,IntermediateFloor,SM_FC_Mid_Academic_Lab_12x12,59291.14,0.0,5925.95,400.0,320.0,400.0
73,0,ZONE_FACULTY_OCEANIC,5,IntermediateFloor,SM_FC_Mid_Faculty_Chambers_12x12,59291.14,0.0,6325.95,400.0,280.0,400.0
73,0,ZONE_FACULTY_OCEANIC,6,Roof,SM_FC_Roof_BioDome_12x12,59291.14,0.0,6725.95,800.0,180.0,300.0
74,0,ZONE_FACULTY_OCEANIC,0,Foundation,SM_FC_Foundation_SlopeCompensated_12x12,59291.14,6536.77,2814.4,400.0,850.0,1200.0
74,0,ZONE_FACULTY_OCEANIC,1,GroundFloor,SM_FC_Ground_Lobby_Transit_12x12,59291.14,6536.77,3214.4,600.0,450.0,600.0
74,0,ZONE_FACULTY_OCEANIC,2,IntermediateFloor,SM_FC_Mid_Academic_Lab_12x12,59291.14,6536.77,3814.4,400.0,320.0,400.0
74,0,ZONE_FACULTY_OCEANIC,3,Roof,SM_FC_Roof_BioDome_12x12,59291.14,6536.77,4214.4,800.0,180.0,300.0
75,0,ZONE_FACULTY_OCEANIC,0,Foundation,SM_FC_Foundation_SlopeCompensated_12x12,59291.14,13073.55,523.87,400.0,850.0,1200.0
75,0,ZONE_FACULTY_OCEANIC,1,GroundFloor,SM_FC_Ground_Lobby_Transit_12x12,59291.14,13073.55,923.87,600.0,450.0,600.0
75,0,ZONE_FACULTY_OCEANIC,2,IntermediateFloor,SM_FC_Mid_Academic_Lab_12x12,59291.14,13073.55,1523.87,400.0,320.0,400.0
75,0,ZONE_FACULTY_OCEANIC,3,IntermediateFloor,SM_FC_Mid_Faculty_Chambers_12x12,59291.14,13073.55,1923.87,400.0,280.0,400.0
75,0,ZONE_FACULTY_OCEANIC,4,Roof,SM_FC_Roof_BioDome_12x12,59291.14,13073.55,2323.87,800.0,180.0,300.0
76,0,ZONE_FACULTY_OCEANIC,0,Foundation,SM_FC_Foundation_SlopeCompensated_12x12,62454.79,-10250.56,1529.73,400.0,850.0,1200.0
76,0,ZONE_FACULTY_OCEANIC,1,GroundFloor,SM_FC_Ground_Lobby_Transit_12x12,62454.79,-10250.56,1929.73,600.0,450.0,600.0
76,0,ZONE_FACULTY_OCEANIC,2,IntermediateFloor,SM_FC_Mid_Academic_Lab_12x12,62454.79,-10250.56,2529.73,400.0,320.0,400.0
76,0,ZONE_FACULTY_OCEANIC,3,IntermediateFloor,SM_FC_Mid_Faculty_Chambers_12x12,62454.79,-10250.56,2929.73,400.0,280.0,400.0
76,0,ZONE_FACULTY_OCEANIC,4,IntermediateFloor,SM_FC_Mid_Academic_Lab_12x12,62454.79,-10250.56,3329.73,400.0,320.0,400.0
76,0,ZONE_FACULTY_OCEANIC,5,IntermediateFloor,SM_FC_Mid_Faculty_Chambers_12x12,62454.79,-10250.56,3729.73,400.0,280.0,400.0
76,0,ZONE_FACULTY_OCEANIC,6,IntermediateFloor,SM_FC_Mid_Academic_Lab_12x12,62454.79,-10250.56,4129.73,400.0,320.0,400.0
76,0,ZONE_FACULTY_OCEANIC,7,IntermediateFloor,SM_FC_Mid_Faculty_Chambers_12x12,62454.79,-10250.56,4529.73,400.0,280.0,400.0
76,0,ZONE_FACULTY_OCEANIC,8,Roof,SM_FC_Roof_BioDome_12x12,62454.79,-10250.56,4929.73,800.0,180.0,300.0
77,0,ZONE_FACULTY_OCEANIC,0,Foundation,SM_FC_Foundation_SlopeCompensated_12x12,62454.79,-4100.23,3503.17,400.0,850.0,1200.0
77,0,ZONE_FACULTY_OCEANIC,1,GroundFloor,SM_FC_Ground_Lobby_Transit_12x12,62454.79,-4100.23,3903.17,600.0,450.0,600.0
77,0,ZONE_FACULTY_OCEANIC,2,IntermediateFloor,SM_FC_Mid_Academic_Lab_12x12,62454.79,-4100.23,4503.17,400.0,320.0,400.0
77,0,ZONE_FACULTY_OCEANIC,3,IntermediateFloor,SM_FC_Mid_Faculty_Chambers_12x12,62454.79,-4100.23,4903.17,400.0,280.0,400.0
77,0,ZONE_FACULTY_OCEANIC,4,Roof,SM_FC_Roof_BioDome_12x12,62454.79,-4100.23,5303.17,800.0,180.0,300.0
78,0,ZONE_FACULTY_OCEANIC,0,Foundation,SM_FC_Foundation_SlopeCompensated_12x12,62454.79,2050.11,3942.23,400.0,850.0,1200.0
78,0,ZONE_FACULTY_OCEANIC,1,GroundFloor,SM_FC_Ground_Lobby_Transit_12x12,62454.79,2050.11,4342.23,600.0,450.0,600.0
78,0,ZONE_FACULTY_OCEANIC,2,IntermediateFloor,SM_FC_Mid_Academic_Lab_12x12,62454.79,2050.11,4942.23,400.0,320.0,400.0
78,0,ZONE_FACULTY_OCEANIC,3,IntermediateFloor,SM_FC_Mid_Faculty_Chambers_12x12,62454.79,2050.11,5342.23,400.0,280.0,400.0
78,0,ZONE_FACULTY_OCEANIC,4,IntermediateFloor,SM_FC_Mid_Academic_Lab_12x12,62454.79,2050.11,5742.23,400.0,320.0,400.0
78,0,ZONE_FACULTY_OCEANIC,5,IntermediateFloor,SM_FC_Mid_Faculty_Chambers_12x12,62454.79,2050.11,6142.23,400.0,280.0,400.0
78,0,ZONE_FACULTY_OCEANIC,6,IntermediateFloor,SM_FC_Mid_Academic_Lab_12x12,62454.79,2050.11,6542.23,400.0,320.0,400.0
78,0,ZONE_FACULTY_OCEANIC,7,Roof,SM_FC_Roof_BioDome_12x12,62454.79,2050.11,6942.23,800.0,180.0,300.0
79,0,ZONE_FACULTY_OCEANIC,0,Foundation,SM_FC_Foundation_SlopeCompensated_12x12,62454.79,8200.45,2296.92,400.0,850.0,1200.0
79,0,ZONE_FACULTY_OCEANIC,1,GroundFloor,SM_FC_Ground_Lobby_Transit_12x12,62454.79,8200.45,2696.92,600.0,450.0,600.0
79,0,ZONE_FACULTY_OCEANIC,2,IntermediateFloor,SM_FC_Mid_Academic_Lab_12x12,62454.79,8200.45,3296.92,400.0,320.0,400.0
79,0,ZONE_FACULTY_OCEANIC,3,IntermediateFloor,SM_FC_Mid_Faculty_Chambers_12x12,62454.79,8200.45,3696.92,400.0,280.0,400.0
79,0,ZONE_FACULTY_OCEANIC,4,Roof,SM_FC_Roof_BioDome_12x12,62454.79,8200.45,4096.92,800.0,180.0,300.0
80,0,ZONE_FACULTY_OCEANIC,0,Foundation,SM_FC_Foundation_SlopeCompensated_12x12,62454.79,14350.79,-332.77,400.0,850.0,1200.0
80,0,ZONE_FACULTY_OCEANIC,1,GroundFloor,SM_FC_Ground_Lobby_Transit_12x12,62454.79,14350.79,67.23,600.0,450.0,600.0
80,0,ZONE_FACULTY_OCEANIC,2,IntermediateFloor,SM_FC_Mid_Academic_Lab_12x12,62454.79,14350.79,667.23,400.0,320.0,400.0
80,0,ZONE_FACULTY_OCEANIC,3,IntermediateFloor,SM_FC_Mid_Faculty_Chambers_12x12,62454.79,14350.79,1067.23,400.0,280.0,400.0
80,0,ZONE_FACULTY_OCEANIC,4,IntermediateFloor,SM_FC_Mid_Academic_Lab_12x12,62454.79,14350.79,1467.23,400.0,320.0,400.0
80,0,ZONE_FACULTY_OCEANIC,5,IntermediateFloor,SM_FC_Mid_Faculty_Chambers_12x12,62454.79,14350.79,1867.23,400.0,280.0,400.0
80,0,ZONE_FACULTY_OCEANIC,6,IntermediateFloor,SM_FC_Mid_Academic_Lab_12x12,62454.79,14350.79,2267.23,400.0,320.0,400.0
80,0,ZONE_FACULTY_OCEANIC,7,IntermediateFloor,SM_FC_Mid_Faculty_Chambers_12x12,62454.79,14350.79,2667.23,400.0,280.0,400.0
80,0,ZONE_FACULTY_OCEANIC,8,Roof,SM_FC_Roof_BioDome_12x12,62454.79,14350.79,3067.23,800.0,180.0,300.0
81,0,ZONE_FACULTY_OCEANIC,0,Foundation,SM_FC_Foundation_SlopeCompensated_12x12,65618.44,-13389.64,-180.94,400.0,850.0,1200.0
81,0,ZONE_FACULTY_OCEANIC,1,GroundFloor,SM_FC_Ground_Lobby_Transit_12x12,65618.44,-13389.64,219.06,600.0,450.0,600.0
81,0,ZONE_FACULTY_OCEANIC,2,IntermediateFloor,SM_FC_Mid_Academic_Lab_12x12,65618.44,-13389.64,819.06,400.0,320.0,400.0
81,0,ZONE_FACULTY_OCEANIC,3,Roof,SM_FC_Roof_BioDome_12x12,65618.44,-13389.64,1219.06,800.0,180.0,300.0
82,0,ZONE_FACULTY_OCEANIC,0,Foundation,SM_FC_Foundation_SlopeCompensated_12x12,65618.44,-7651.22,2435.92,400.0,850.0,1200.0
82,0,ZONE_FACULTY_OCEANIC,1,GroundFloor,SM_FC_Ground_Lobby_Transit_12x12,65618.44,-7651.22,2835.92,600.0,450.0,600.0
82,0,ZONE_FACULTY_OCEANIC,2,IntermediateFloor,SM_FC_Mid_Academic_Lab_12x12,65618.44,-7651.22,3435.92,400.0,320.0,400.0
82,0,ZONE_FACULTY_OCEANIC,3,IntermediateFloor,SM_FC_Mid_Faculty_Chambers_12x12,65618.44,-7651.22,3835.92,400.0,280.0,400.0
82,0,ZONE_FACULTY_OCEANIC,4,Roof,SM_FC_Roof_BioDome_12x12,65618.44,-7651.22,4235.92,800.0,180.0,300.0
83,0,ZONE_FACULTY_OCEANIC,0,Foundation,SM_FC_Foundation_SlopeCompensated_12x12,65618.44,-1912.81,4073.8,400.0,850.0,1200.0
83,0,ZONE_FACULTY_OCEANIC,1,GroundFloor,SM_FC_Ground_Lobby_Transit_12x12,65618.44,-1912.81,4473.8,600.0,450.0,600.0
83,0,ZONE_FACULTY_OCEANIC,2,IntermediateFloor,SM_FC_Mid_Academic_Lab_12x12,65618.44,-1912.81,5073.8,400.0,320.0,400.0
83,0,ZONE_FACULTY_OCEANIC,3,IntermediateFloor,SM_FC_Mid_Faculty_Chambers_12x12,65618.44,-1912.81,5473.8,400.0,280.0,400.0
83,0,ZONE_FACULTY_OCEANIC,4,IntermediateFloor,SM_FC_Mid_Academic_Lab_12x12,65618.44,-1912.81,5873.8,400.0,320.0,400.0
83,0,ZONE_FACULTY_OCEANIC,5,IntermediateFloor,SM_FC_Mid_Faculty_Chambers_12x12,65618.44,-1912.81,6273.8,400.0,280.0,400.0
83,0,ZONE_FACULTY_OCEANIC,6,IntermediateFloor,SM_FC_Mid_Academic_Lab_12x12,65618.44,-1912.81,6673.8,400.0,320.0,400.0
83,0,ZONE_FACULTY_OCEANIC,7,Roof,SM_FC_Roof_BioDome_12x12,65618.44,-1912.81,7073.8,800.0,180.0,300.0
84,0,ZONE_FACULTY_OCEANIC,0,Foundation,SM_FC_Foundation_SlopeCompensated_12x12,65618.44,3825.61,3636.62,400.0,850.0,1200.0
84,0,ZONE_FACULTY_OCEANIC,1,GroundFloor,SM_FC_Ground_Lobby_Transit_12x12,65618.44,3825.61,4036.62,600.0,450.0,600.0
84,0,ZONE_FACULTY_OCEANIC,2,IntermediateFloor,SM_FC_Mid_Academic_Lab_12x12,65618.44,3825.61,4636.62,400.0,320.0,400.0
84,0,ZONE_FACULTY_OCEANIC,3,IntermediateFloor,SM_FC_Mid_Faculty_Chambers_12x12,65618.44,3825.61,5036.62,400.0,280.0,400.0
84,0,ZONE_FACULTY_OCEANIC,4,IntermediateFloor,SM_FC_Mid_Academic_Lab_12x12,65618.44,3825.61,5436.62,400.0,320.0,400.0
84,0,ZONE_FACULTY_OCEANIC,5,IntermediateFloor,SM_FC_Mid_Faculty_Chambers_12x12,65618.44,3825.61,5836.62,400.0,280.0,400.0
84,0,ZONE_FACULTY_OCEANIC,6,IntermediateFloor,SM_FC_Mid_Academic_Lab_12x12,65618.44,3825.61,6236.62,400.0,320.0,400.0
84,0,ZONE_FACULTY_OCEANIC,7,IntermediateFloor,SM_FC_Mid_Faculty_Chambers_12x12,65618.44,3825.61,6636.62,400.0,280.0,400.0
84,0,ZONE_FACULTY_OCEANIC,8,Roof,SM_FC_Roof_BioDome_12x12,65618.44,3825.61,7036.62,800.0,180.0,300.0
85,0,ZONE_FACULTY_OCEANIC,0,Foundation,SM_FC_Foundation_SlopeCompensated_12x12,65618.44,9564.03,1672.41,400.0,850.0,1200.0
85,0,ZONE_FACULTY_OCEANIC,1,GroundFloor,SM_FC_Ground_Lobby_Transit_12x12,65618.44,9564.03,2072.41,600.0,450.0,600.0
85,0,ZONE_FACULTY_OCEANIC,2,IntermediateFloor,SM_FC_Mid_Academic_Lab_12x12,65618.44,9564.03,2672.41,400.0,320.0,400.0
85,0,ZONE_FACULTY_OCEANIC,3,IntermediateFloor,SM_FC_Mid_Faculty_Chambers_12x12,65618.44,9564.03,3072.41,400.0,280.0,400.0
85,0,ZONE_FACULTY_OCEANIC,4,IntermediateFloor,SM_FC_Mid_Academic_Lab_12x12,65618.44,9564.03,3472.41,400.0,320.0,400.0
85,0,ZONE_FACULTY_OCEANIC,5,IntermediateFloor,SM_FC_Mid_Faculty_Chambers_12x12,65618.44,9564.03,3872.41,400.0,280.0,400.0
85,0,ZONE_FACULTY_OCEANIC,6,Roof,SM_FC_Roof_BioDome_12x12,65618.44,9564.03,4272.41,800.0,180.0,300.0
86,0,ZONE_FACULTY_OCEANIC,0,Foundation,SM_FC_Foundation_SlopeCompensated_12x12,68782.1,-10613.96,964.61,400.0,850.0,1200.0
86,0,ZONE_FACULTY_OCEANIC,1,GroundFloor,SM_FC_Ground_Lobby_Transit_12x12,68782.1,-10613.96,1364.61,600.0,450.0,600.0
86,0,ZONE_FACULTY_OCEANIC,2,IntermediateFloor,SM_FC_Mid_Academic_Lab_12x12,68782.1,-10613.96,1964.61,400.0,320.0,400.0
86,0,ZONE_FACULTY_OCEANIC,3,IntermediateFloor,SM_FC_Mid_Faculty_Chambers_12x12,68782.1,-10613.96,2364.61,400.0,280.0,400.0
86,0,ZONE_FACULTY_OCEANIC,4,IntermediateFloor,SM_FC_Mid_Academic_Lab_12x12,68782.1,-10613.96,2764.61,400.0,320.0,400.0
86,0,ZONE_FACULTY_OCEANIC,5,IntermediateFloor,SM_FC_Mid_Faculty_Chambers_12x12,68782.1,-10613.96,3164.61,400.0,280.0,400.0
86,0,ZONE_FACULTY_OCEANIC,6,Roof,SM_FC_Roof_BioDome_12x12,68782.1,-10613.96,3564.61,800.0,180.0,300.0
87,0,ZONE_FACULTY_OCEANIC,0,Foundation,SM_FC_Foundation_SlopeCompensated_12x12,68782.1,-5306.98,3222.14,400.0,850.0,1200.0
87,0,ZONE_FACULTY_OCEANIC,1,GroundFloor,SM_FC_Ground_Lobby_Transit_12x12,68782.1,-5306.98,3622.14,600.0,450.0,600.0
87,0,ZONE_FACULTY_OCEANIC,2,IntermediateFloor,SM_FC_Mid_Academic_Lab_12x12,68782.1,-5306.98,4222.14,400.0,320.0,400.0
87,0,ZONE_FACULTY_OCEANIC,3,IntermediateFloor,SM_FC_Mid_Faculty_Chambers_12x12,68782.1,-5306.98,4622.14,400.0,280.0,400.0
87,0,ZONE_FACULTY_OCEANIC,4,Roof,SM_FC_Roof_BioDome_12x12,68782.1,-5306.98,5022.14,800.0,180.0,300.0
88,0,ZONE_FACULTY_OCEANIC,0,Foundation,SM_FC_Foundation_SlopeCompensated_12x12,68782.1,0.0,4516.81,400.0,850.0,1200.0
88,0,ZONE_FACULTY_OCEANIC,1,GroundFloor,SM_FC_Ground_Lobby_Transit_12x12,68782.1,0.0,4916.81,600.0,450.0,600.0
88,0,ZONE_FACULTY_OCEANIC,2,IntermediateFloor,SM_FC_Mid_Academic_Lab_12x12,68782.1,0.0,5516.81,400.0,320.0,400.0
88,0,ZONE_FACULTY_OCEANIC,3,IntermediateFloor,SM_FC_Mid_Faculty_Chambers_12x12,68782.1,0.0,5916.81,400.0,280.0,400.0
88,0,ZONE_FACULTY_OCEANIC,4,IntermediateFloor,SM_FC_Mid_Academic_Lab_12x12,68782.1,0.0,6316.81,400.0,320.0,400.0
88,0,ZONE_FACULTY_OCEANIC,5,IntermediateFloor,SM_FC_Mid_Faculty_Chambers_12x12,68782.1,0.0,6716.81,400.0,280.0,400.0
88,0,ZONE_FACULTY_OCEANIC,6,IntermediateFloor,SM_FC_Mid_Academic_Lab_12x12,68782.1,0.0,7116.81,400.0,320.0,400.0
88,0,ZONE_FACULTY_OCEANIC,7,IntermediateFloor,SM_FC_Mid_Faculty_Chambers_12x12,68782.1,0.0,7516.81,400.0,280.0,400.0
88,0,ZONE_FACULTY_OCEANIC,8,Roof,SM_FC_Roof_BioDome_12x12,68782.1,0.0,7916.81,800.0,180.0,300.0
89,0,ZONE_FACULTY_OCEANIC,0,Foundation,SM_FC_Foundation_SlopeCompensated_12x12,68782.1,5306.98,3222.14,400.0,850.0,1200.0
89,0,ZONE_FACULTY_OCEANIC,1,GroundFloor,SM_FC_Ground_Lobby_Transit_12x12,68782.1,5306.98,3622.14,600.0,450.0,600.0
89,0,ZONE_FACULTY_OCEANIC,2,IntermediateFloor,SM_FC_Mid_Academic_Lab_12x12,68782.1,5306.98,4222.14,400.0,320.0,400.0
89,0,ZONE_FACULTY_OCEANIC,3,Roof,SM_FC_Roof_BioDome_12x12,68782.1,5306.98,4622.14,800.0,180.0,300.0
90,0,ZONE_FACULTY_OCEANIC,0,Foundation,SM_FC_Foundation_SlopeCompensated_12x12,68782.1,10613.96,964.61,400.0,850.0,1200.0
90,0,ZONE_FACULTY_OCEANIC,1,GroundFloor,SM_FC_Ground_Lobby_Transit_12x12,68782.1,10613.96,1364.61,600.0,450.0,600.0
90,0,ZONE_FACULTY_OCEANIC,2,IntermediateFloor,SM_FC_Mid_Academic_Lab_12x12,68782.1,10613.96,1964.61,400.0,320.0,400.0
90,0,ZONE_FACULTY_OCEANIC,3,IntermediateFloor,SM_FC_Mid_Faculty_Chambers_12x12,68782.1,10613.96,2364.61,400.0,280.0,400.0
90,0,ZONE_FACULTY_OCEANIC,4,Roof,SM_FC_Roof_BioDome_12x12,68782.1,10613.96,2764.61,800.0,180.0,300.0
91,0,ZONE_FACULTY_OCEANIC,0,Foundation,SM_FC_Foundation_SlopeCompensated_12x12,71945.75,-8102.32,1984.56,400.0,850.0,1200.0
91,0,ZONE_FACULTY_OCEANIC,1,GroundFloor,SM_FC_Ground_Lobby_Transit_12x12,71945.75,-8102.32,2384.56,600.0,450.0,600.0
91,0,ZONE_FACULTY_OCEANIC,2,IntermediateFloor,SM_FC_Mid_Academic_Lab_12x12,71945.75,-8102.32,2984.56,400.0,320.0,400.0
91,0,ZONE_FACULTY_OCEANIC,3,IntermediateFloor,SM_FC_Mid_Faculty_Chambers_12x12,71945.75,-8102.32,3384.56,400.0,280.0,400.0
91,0,ZONE_FACULTY_OCEANIC,4,IntermediateFloor,SM_FC_Mid_Academic_Lab_12x12,71945.75,-8102.32,3784.56,400.0,320.0,400.0
91,0,ZONE_FACULTY_OCEANIC,5,Roof,SM_FC_Roof_BioDome_12x12,71945.75,-8102.32,4184.56,800.0,180.0,300.0
92,0,ZONE_FACULTY_OCEANIC,0,Foundation,SM_FC_Foundation_SlopeCompensated_12x12,71945.75,-3240.93,3875.31,400.0,850.0,1200.0
92,0,ZONE_FACULTY_OCEANIC,1,GroundFloor,SM_FC_Ground_Lobby_Transit_12x12,71945.75,-3240.93,4275.31,600.0,450.0,600.0
92,0,ZONE_FACULTY_OCEANIC,2,IntermediateFloor,SM_FC_Mid_Academic_Lab_12x12,71945.75,-3240.93,4875.31,400.0,320.0,400.0
92,0,ZONE_FACULTY_OCEANIC,3,Roof,SM_FC_Roof_BioDome_12x12,71945.75,-3240.93,5275.31,800.0,180.0,300.0
93,0,ZONE_FACULTY_OCEANIC,0,Foundation,SM_FC_Foundation_SlopeCompensated_12x12,71945.75,1620.46,4297.52,400.0,850.0,1200.0
93,0,ZONE_FACULTY_OCEANIC,1,GroundFloor,SM_FC_Ground_Lobby_Transit_12x12,71945.75,1620.46,4697.52,600.0,450.0,600.0
93,0,ZONE_FACULTY_OCEANIC,2,IntermediateFloor,SM_FC_Mid_Academic_Lab_12x12,71945.75,1620.46,5297.52,400.0,320.0,400.0
93,0,ZONE_FACULTY_OCEANIC,3,IntermediateFloor,SM_FC_Mid_Faculty_Chambers_12x12,71945.75,1620.46,5697.52,400.0,280.0,400.0
93,0,ZONE_FACULTY_OCEANIC,4,IntermediateFloor,SM_FC_Mid_Academic_Lab_12x12,71945.75,1620.46,6097.52,400.0,320.0,400.0
93,0,ZONE_FACULTY_OCEANIC,5,IntermediateFloor,SM_FC_Mid_Faculty_Chambers_12x12,71945.75,1620.46,6497.52,400.0,280.0,400.0
93,0,ZONE_FACULTY_OCEANIC,6,Roof,SM_FC_Roof_BioDome_12x12,71945.75,1620.46,6897.52,800.0,180.0,300.0
94,0,ZONE_FACULTY_OCEANIC,0,Foundation,SM_FC_Foundation_SlopeCompensated_12x12,71945.75,6481.86,2718.83,400.0,850.0,1200.0
94,0,ZONE_FACULTY_OCEANIC,1,GroundFloor,SM_FC_Ground_Lobby_Transit_12x12,71945.75,6481.86,3118.83,600.0,450.0,600.0
94,0,ZONE_FACULTY_OCEANIC,2,IntermediateFloor,SM_FC_Mid_Academic_Lab_12x12,71945.75,6481.86,3718.83,400.0,320.0,400.0
94,0,ZONE_FACULTY_OCEANIC,3,IntermediateFloor,SM_FC_Mid_Faculty_Chambers_12x12,71945.75,6481.86,4118.83,400.0,280.0,400.0
94,0,ZONE_FACULTY_OCEANIC,4,IntermediateFloor,SM_FC_Mid_Academic_Lab_12x12,71945.75,6481.86,4518.83,400.0,320.0,400.0
94,0,ZONE_FACULTY_OCEANIC,5,IntermediateFloor,SM_FC_Mid_Faculty_Chambers_12x12,71945.75,6481.86,4918.83,400.0,280.0,400.0
94,0,ZONE_FACULTY_OCEANIC,6,IntermediateFloor,SM_FC_Mid_Academic_Lab_12x12,71945.75,6481.86,5318.83,400.0,320.0,400.0
94,0,ZONE_FACULTY_OCEANIC,7,Roof,SM_FC_Roof_BioDome_12x12,71945.75,6481.86,5718.83,800.0,180.0,300.0
95,0,ZONE_FACULTY_OCEANIC,0,Foundation,SM_FC_Foundation_SlopeCompensated_12x12,71945.75,11343.25,203.95,400.0,850.0,1200.0
95,0,ZONE_FACULTY_OCEANIC,1,GroundFloor,SM_FC_Ground_Lobby_Transit_12x12,71945.75,11343.25,603.95,600.0,450.0,600.0
95,0,ZONE_FACULTY_OCEANIC,2,IntermediateFloor,SM_FC_Mid_Academic_Lab_12x12,71945.75,11343.25,1203.95,400.0,320.0,400.0
95,0,ZONE_FACULTY_OCEANIC,3,IntermediateFloor,SM_FC_Mid_Faculty_Chambers_12x12,71945.75,11343.25,1603.95,400.0,280.0,400.0
95,0,ZONE_FACULTY_OCEANIC,4,IntermediateFloor,SM_FC_Mid_Academic_Lab_12x12,71945.75,11343.25,2003.95,400.0,320.0,400.0
95,0,ZONE_FACULTY_OCEANIC,5,Roof,SM_FC_Roof_BioDome_12x12,71945.75,11343.25,2403.95,800.0,180.0,300.0
96,0,ZONE_FACULTY_OCEANIC,0,Foundation,SM_FC_Foundation_SlopeCompensated_12x12,75109.4,-10281.89,435.72,400.0,850.0,1200.0
96,0,ZONE_FACULTY_OCEANIC,1,GroundFloor,SM_FC_Ground_Lobby_Transit_12x12,75109.4,-10281.89,835.72,600.0,450.0,600.0
96,0,ZONE_FACULTY_OCEANIC,2,IntermediateFloor,SM_FC_Mid_Academic_Lab_12x12,75109.4,-10281.89,1435.72,400.0,320.0,400.0
96,0,ZONE_FACULTY_OCEANIC,3,IntermediateFloor,SM_FC_Mid_Faculty_Chambers_12x12,75109.4,-10281.89,1835.72,400.0,280.0,400.0
96,0,ZONE_FACULTY_OCEANIC,4,IntermediateFloor,SM_FC_Mid_Academic_Lab_12x12,75109.4,-10281.89,2235.72,400.0,320.0,400.0
96,0,ZONE_FACULTY_OCEANIC,5,IntermediateFloor,SM_FC_Mid_Faculty_Chambers_12x12,75109.4,-10281.89,2635.72,400.0,280.0,400.0
96,0,ZONE_FACULTY_OCEANIC,6,Roof,SM_FC_Roof_BioDome_12x12,75109.4,-10281.89,3035.72,800.0,180.0,300.0
97,0,ZONE_FACULTY_OCEANIC,0,Foundation,SM_FC_Foundation_SlopeCompensated_12x12,75109.4,-5875.36,2862.29,400.0,850.0,1200.0
97,0,ZONE_FACULTY_OCEANIC,1,GroundFloor,SM_FC_Ground_Lobby_Transit_12x12,75109.4,-5875.36,3262.29,600.0,450.0,600.0
97,0,ZONE_FACULTY_OCEANIC,2,IntermediateFloor,SM_FC_Mid_Academic_Lab_12x12,75109.4,-5875.36,3862.29,400.0,320.0,400.0
97,0,ZONE_FACULTY_OCEANIC,3,Roof,SM_FC_Roof_BioDome_12x12,75109.4,-5875.36,4262.29,800.0,180.0,300.0
98,0,ZONE_FACULTY_OCEANIC,0,Foundation,SM_FC_Foundation_SlopeCompensated_12x12,75109.4,-1468.84,4389.59,400.0,850.0,1200.0
98,0,ZONE_FACULTY_OCEANIC,1,GroundFloor,SM_FC_Ground_Lobby_Transit_12x12,75109.4,-1468.84,4789.59,600.0,450.0,600.0
98,0,ZONE_FACULTY_OCEANIC,2,IntermediateFloor,SM_FC_Mid_Academic_Lab_12x12,75109.4,-1468.84,5389.59,400.0,320.0,400.0
98,0,ZONE_FACULTY_OCEANIC,3,IntermediateFloor,SM_FC_Mid_Faculty_Chambers_12x12,75109.4,-1468.84,5789.59,400.0,280.0,400.0
98,0,ZONE_FACULTY_OCEANIC,4,IntermediateFloor,SM_FC_Mid_Academic_Lab_12x12,75109.4,-1468.84,6189.59,400.0,320.0,400.0
98,0,ZONE_FACULTY_OCEANIC,5,IntermediateFloor,SM_FC_Mid_Faculty_Chambers_12x12,75109.4,-1468.84,6589.59,400.0,280.0,400.0
98,0,ZONE_FACULTY_OCEANIC,6,IntermediateFloor,SM_FC_Mid_Academic_Lab_12x12,75109.4,-1468.84,6989.59,400.0,320.0,400.0
98,0,ZONE_FACULTY_OCEANIC,7,IntermediateFloor,SM_FC_Mid_Faculty_Chambers_12x12,75109.4,-1468.84,7389.59,400.0,280.0,400.0
98,0,ZONE_FACULTY_OCEANIC,8,Roof,SM_FC_Roof_BioDome_12x12,75109.4,-1468.84,7789.59,800.0,180.0,300.0
99,0,ZONE_FACULTY_OCEANIC,0,Foundation,SM_FC_Foundation_SlopeCompensated_12x12,75109.4,2937.68,3980.41,400.0,850.0,1200.0
99,0,ZONE_FACULTY_OCEANIC,1,GroundFloor,SM_FC_Ground_Lobby_Transit_12x12,75109.4,2937.68,4380.41,600.0,450.0,600.0
99,0,ZONE_FACULTY_OCEANIC,2,IntermediateFloor,SM_FC_Mid_Academic_Lab_12x12,75109.4,2937.68,4980.41,400.0,320.0,400.0
99,0,ZONE_FACULTY_OCEANIC,3,IntermediateFloor,SM_FC_Mid_Faculty_Chambers_12x12,75109.4,2937.68,5380.41,400.0,280.0,400.0
99,0,ZONE_FACULTY_OCEANIC,4,IntermediateFloor,SM_FC_Mid_Academic_Lab_12x12,75109.4,2937.68,5780.41,400.0,320.0,400.0
99,0,ZONE_FACULTY_OCEANIC,5,IntermediateFloor,SM_FC_Mid_Faculty_Chambers_12x12,75109.4,2937.68,6180.41,400.0,280.0,400.0
99,0,ZONE_FACULTY_OCEANIC,6,Roof,SM_FC_Roof_BioDome_12x12,75109.4,2937.68,6580.41,800.0,180.0,300.0
100,0,ZONE_FACULTY_OCEANIC,0,Foundation,SM_FC_Foundation_SlopeCompensated_12x12,75109.4,7344.2,2153.35,400.0,850.0,1200.0
100,0,ZONE_FACULTY_OCEANIC,1,GroundFloor,SM_FC_Ground_Lobby_Transit_12x12,75109.4,7344.2,2553.35,600.0,450.0,600.0
100,0,ZONE_FACULTY_OCEANIC,2,IntermediateFloor,SM_FC_Mid_Academic_Lab_12x12,75109.4,7344.2,3153.35,400.0,320.0,400.0
100,0,ZONE_FACULTY_OCEANIC,3,IntermediateFloor,SM_FC_Mid_Faculty_Chambers_12x12,75109.4,7344.2,3553.35,400.0,280.0,400.0
100,0,ZONE_FACULTY_OCEANIC,4,IntermediateFloor,SM_FC_Mid_Academic_Lab_12x12,75109.4,7344.2,3953.35,400.0,320.0,400.0
100,0,ZONE_FACULTY_OCEANIC,5,Roof,SM_FC_Roof_BioDome_12x12,75109.4,7344.2,4353.35,800.0,180.0,300.0
101,0,ZONE_FACULTY_OCEANIC,0,Foundation,SM_FC_Foundation_SlopeCompensated_12x12,78273.05,-7893.64,1558.48,400.0,850.0,1200.0
101,0,ZONE_FACULTY_OCEANIC,1,GroundFloor,SM_FC_Ground_Lobby_Transit_12x12,78273.05,-7893.64,1958.48,600.0,450.0,600.0
101,0,ZONE_FACULTY_OCEANIC,2,IntermediateFloor,SM_FC_Mid_Academic_Lab_12x12,78273.05,-7893.64,2558.48,400.0,320.0,400.0
101,0,ZONE_FACULTY_OCEANIC,3,IntermediateFloor,SM_FC_Mid_Faculty_Chambers_12x12,78273.05,-7893.64,2958.48,400.0,280.0,400.0
101,0,ZONE_FACULTY_OCEANIC,4,IntermediateFloor,SM_FC_Mid_Academic_Lab_12x12,78273.05,-7893.64,3358.48,400.0,320.0,400.0
101,0,ZONE_FACULTY_OCEANIC,5,Roof,SM_FC_Roof_BioDome_12x12,78273.05,-7893.64,3758.48,800.0,180.0,300.0
102,0,ZONE_FACULTY_OCEANIC,0,Foundation,SM_FC_Foundation_SlopeCompensated_12x12,78273.05,-3946.82,3588.58,400.0,850.0,1200.0
102,0,ZONE_FACULTY_OCEANIC,1,GroundFloor,SM_FC_Ground_Lobby_Transit_12x12,78273.05,-3946.82,3988.58,600.0,450.0,600.0
102,0,ZONE_FACULTY_OCEANIC,2,IntermediateFloor,SM_FC_Mid_Academic_Lab_12x12,78273.05,-3946.82,4588.58,400.0,320.0,400.0
102,0,ZONE_FACULTY_OCEANIC,3,IntermediateFloor,SM_FC_Mid_Faculty_Chambers_12x12,78273.05,-3946.82,4988.58,400.0,280.0,400.0
102,0,ZONE_FACULTY_OCEANIC,4,IntermediateFloor,SM_FC_Mid_Academic_Lab_12x12,78273.05,-3946.82,5388.58,400.0,320.0,400.0
102,0,ZONE_FACULTY_OCEANIC,5,IntermediateFloor,SM_FC_Mid_Faculty_Chambers_12x12,78273.05,-3946.82,5788.58,400.0,280.0,400.0
102,0,ZONE_FACULTY_OCEANIC,6,Roof,SM_FC_Roof_BioDome_12x12,78273.05,-3946.82,6188.58,800.0,180.0,300.0
103,0,ZONE_FACULTY_OCEANIC,0,Foundation,SM_FC_Foundation_SlopeCompensated_12x12,78273.05,0.0,4766.19,400.0,850.0,1200.0
103,0,ZONE_FACULTY_OCEANIC,1,GroundFloor,SM_FC_Ground_Lobby_Transit_12x12,78273.05,0.0,5166.19,600.0,450.0,600.0
103,0,ZONE_FACULTY_OCEANIC,2,IntermediateFloor,SM_FC_Mid_Academic_Lab_12x12,78273.05,0.0,5766.19,400.0,320.0,400.0
103,0,ZONE_FACULTY_OCEANIC,3,IntermediateFloor,SM_FC_Mid_Faculty_Chambers_12x12,78273.05,0.0,6166.19,400.0,280.0,400.0
103,0,ZONE_FACULTY_OCEANIC,4,IntermediateFloor,SM_FC_Mid_Academic_Lab_12x12,78273.05,0.0,6566.19,400.0,320.0,400.0
103,0,ZONE_FACULTY_OCEANIC,5,IntermediateFloor,SM_FC_Mid_Faculty_Chambers_12x12,78273.05,0.0,6966.19,400.0,280.0,400.0
103,0,ZONE_FACULTY_OCEANIC,6,Roof,SM_FC_Roof_BioDome_12x12,78273.05,0.0,7366.19,800.0,180.0,300.0
104,0,ZONE_FACULTY_OCEANIC,0,Foundation,SM_FC_Foundation_SlopeCompensated_12x12,78273.05,3946.82,3588.58,400.0,850.0,1200.0
104,0,ZONE_FACULTY_OCEANIC,1,GroundFloor,SM_FC_Ground_Lobby_Transit_12x12,78273.05,3946.82,3988.58,600.0,450.0,600.0
104,0,ZONE_FACULTY_OCEANIC,2,IntermediateFloor,SM_FC_Mid_Academic_Lab_12x12,78273.05,3946.82,4588.58,400.0,320.0,400.0
104,0,ZONE_FACULTY_OCEANIC,3,IntermediateFloor,SM_FC_Mid_Faculty_Chambers_12x12,78273.05,3946.82,4988.58,400.0,280.0,400.0
104,0,ZONE_FACULTY_OCEANIC,4,IntermediateFloor,SM_FC_Mid_Academic_Lab_12x12,78273.05,3946.82,5388.58,400.0,320.0,400.0
104,0,ZONE_FACULTY_OCEANIC,5,IntermediateFloor,SM_FC_Mid_Faculty_Chambers_12x12,78273.05,3946.82,5788.58,400.0,280.0,400.0
104,0,ZONE_FACULTY_OCEANIC,6,IntermediateFloor,SM_FC_Mid_Academic_Lab_12x12,78273.05,3946.82,6188.58,400.0,320.0,400.0
104,0,ZONE_FACULTY_OCEANIC,7,Roof,SM_FC_Roof_BioDome_12x12,78273.05,3946.82,6588.58,800.0,180.0,300.0
105,0,ZONE_FACULTY_OCEANIC,0,Foundation,SM_FC_Foundation_SlopeCompensated_12x12,78273.05,7893.64,1558.48,400.0,850.0,1200.0
105,0,ZONE_FACULTY_OCEANIC,1,GroundFloor,SM_FC_Ground_Lobby_Transit_12x12,78273.05,7893.64,1958.48,600.0,450.0,600.0
105,0,ZONE_FACULTY_OCEANIC,2,IntermediateFloor,SM_FC_Mid_Academic_Lab_12x12,78273.05,7893.64,2558.48,400.0,320.0,400.0
105,0,ZONE_FACULTY_OCEANIC,3,Roof,SM_FC_Roof_BioDome_12x12,78273.05,7893.64,2958.48,800.0,180.0,300.0
106,0,ZONE_FACULTY_OCEANIC,0,Foundation,SM_FC_Foundation_SlopeCompensated_12x12,81436.71,-5810.64,2513.44,400.0,850.0,1200.0
106,0,ZONE_FACULTY_OCEANIC,1,GroundFloor,SM_FC_Ground_Lobby_Transit_12x12,81436.71,-5810.64,2913.44,600.0,450.0,600.0
106,0,ZONE_FACULTY_OCEANIC,2,IntermediateFloor,SM_FC_Mid_Academic_Lab_12x12,81436.71,-5810.64,3513.44,400.0,320.0,400.0
106,0,ZONE_FACULTY_OCEANIC,3,IntermediateFloor,SM_FC_Mid_Faculty_Chambers_12x12,81436.71,-5810.64,3913.44,400.0,280.0,400.0
106,0,ZONE_FACULTY_OCEANIC,4,IntermediateFloor,SM_FC_Mid_Academic_Lab_12x12,81436.71,-5810.64,4313.44,400.0,320.0,400.0
106,0,ZONE_FACULTY_OCEANIC,5,IntermediateFloor,SM_FC_Mid_Faculty_Chambers_12x12,81436.71,-5810.64,4713.44,400.0,280.0,400.0
106,0,ZONE_FACULTY_OCEANIC,6,IntermediateFloor,SM_FC_Mid_Academic_Lab_12x12,81436.71,-5810.64,5113.44,400.0,320.0,400.0
106,0,ZONE_FACULTY_OCEANIC,7,IntermediateFloor,SM_FC_Mid_Faculty_Chambers_12x12,81436.71,-5810.64,5513.44,400.0,280.0,400.0
106,0,ZONE_FACULTY_OCEANIC,8,Roof,SM_FC_Roof_BioDome_12x12,81436.71,-5810.64,5913.44,800.0,180.0,300.0
107,0,ZONE_FACULTY_OCEANIC,0,Foundation,SM_FC_Foundation_SlopeCompensated_12x12,81436.71,-2324.26,4161.38,400.0,850.0,1200.0
107,0,ZONE_FACULTY_OCEANIC,1,GroundFloor,SM_FC_Ground_Lobby_Transit_12x12,81436.71,-2324.26,4561.38,600.0,450.0,600.0
107,0,ZONE_FACULTY_OCEANIC,2,IntermediateFloor,SM_FC_Mid_Academic_Lab_12x12,81436.71,-2324.26,5161.38,400.0,320.0,400.0
107,0,ZONE_FACULTY_OCEANIC,3,IntermediateFloor,SM_FC_Mid_Faculty_Chambers_12x12,81436.71,-2324.26,5561.38,400.0,280.0,400.0
107,0,ZONE_FACULTY_OCEANIC,4,Roof,SM_FC_Roof_BioDome_12x12,81436.71,-2324.26,5961.38,800.0,180.0,300.0
108,0,ZONE_FACULTY_OCEANIC,0,Foundation,SM_FC_Foundation_SlopeCompensated_12x12,81436.71,1162.13,4533.72,400.0,850.0,1200.0
108,0,ZONE_FACULTY_OCEANIC,1,GroundFloor,SM_FC_Ground_Lobby_Transit_12x12,81436.71,1162.13,4933.72,600.0,450.0,600.0
108,0,ZONE_FACULTY_OCEANIC,2,IntermediateFloor,SM_FC_Mid_Academic_Lab_12x12,81436.71,1162.13,5533.72,400.0,320.0,400.0
108,0,ZONE_FACULTY_OCEANIC,3,Roof,SM_FC_Roof_BioDome_12x12,81436.71,1162.13,5933.72,800.0,180.0,300.0
109,0,ZONE_FACULTY_OCEANIC,0,Foundation,SM_FC_Foundation_SlopeCompensated_12x12,81436.71,4648.51,3151.24,400.0,850.0,1200.0
109,0,ZONE_FACULTY_OCEANIC,1,GroundFloor,SM_FC_Ground_Lobby_Transit_12x12,81436.71,4648.51,3551.24,600.0,450.0,600.0
109,0,ZONE_FACULTY_OCEANIC,2,IntermediateFloor,SM_FC_Mid_Academic_Lab_12x12,81436.71,4648.51,4151.24,400.0,320.0,400.0
109,0,ZONE_FACULTY_OCEANIC,3,IntermediateFloor,SM_FC_Mid_Faculty_Chambers_12x12,81436.71,4648.51,4551.24,400.0,280.0,400.0
109,0,ZONE_FACULTY_OCEANIC,4,IntermediateFloor,SM_FC_Mid_Academic_Lab_12x12,81436.71,4648.51,4951.24,400.0,320.0,400.0
109,0,ZONE_FACULTY_OCEANIC,5,IntermediateFloor,SM_FC_Mid_Faculty_Chambers_12x12,81436.71,4648.51,5351.24,400.0,280.0,400.0
109,0,ZONE_FACULTY_OCEANIC,6,IntermediateFloor,SM_FC_Mid_Academic_Lab_12x12,81436.71,4648.51,5751.24,400.0,320.0,400.0
109,0,ZONE_FACULTY_OCEANIC,7,IntermediateFloor,SM_FC_Mid_Faculty_Chambers_12x12,81436.71,4648.51,6151.24,400.0,280.0,400.0
109,0,ZONE_FACULTY_OCEANIC,8,Roof,SM_FC_Roof_BioDome_12x12,81436.71,4648.51,6551.24,800.0,180.0,300.0
110,0,ZONE_FACULTY_OCEANIC,0,Foundation,SM_FC_Foundation_SlopeCompensated_12x12,81436.71,8134.9,972.39,400.0,850.0,1200.0
110,0,ZONE_FACULTY_OCEANIC,1,GroundFloor,SM_FC_Ground_Lobby_Transit_12x12,81436.71,8134.9,1372.39,600.0,450.0,600.0
110,0,ZONE_FACULTY_OCEANIC,2,IntermediateFloor,SM_FC_Mid_Academic_Lab_12x12,81436.71,8134.9,1972.39,400.0,320.0,400.0
110,0,ZONE_FACULTY_OCEANIC,3,IntermediateFloor,SM_FC_Mid_Faculty_Chambers_12x12,81436.71,8134.9,2372.39,400.0,280.0,400.0
110,0,ZONE_FACULTY_OCEANIC,4,IntermediateFloor,SM_FC_Mid_Academic_Lab_12x12,81436.71,8134.9,2772.39,400.0,320.0,400.0
110,0,ZONE_FACULTY_OCEANIC,5,IntermediateFloor,SM_FC_Mid_Faculty_Chambers_12x12,81436.71,8134.9,3172.39,400.0,280.0,400.0
110,0,ZONE_FACULTY_OCEANIC,6,Roof,SM_FC_Roof_BioDome_12x12,81436.71,8134.9,3572.39,800.0,180.0,300.0
111,0,ZONE_FACULTY_OCEANIC,0,Foundation,SM_FC_Foundation_SlopeCompensated_12x12,84600.36,-7067.81,1230.47,400.0,850.0,1200.0
111,0,ZONE_FACULTY_OCEANIC,1,GroundFloor,SM_FC_Ground_Lobby_Transit_12x12,84600.36,-7067.81,1630.47,600.0,450.0,600.0
111,0,ZONE_FACULTY_OCEANIC,2,IntermediateFloor,SM_FC_Mid_Academic_Lab_12x12,84600.36,-7067.81,2230.47,400.0,320.0,400.0
111,0,ZONE_FACULTY_OCEANIC,3,Roof,SM_FC_Roof_BioDome_12x12,84600.36,-7067.81,2630.47,800.0,180.0,300.0
112,0,ZONE_FACULTY_OCEANIC,0,Foundation,SM_FC_Foundation_SlopeCompensated_12x12,84600.36,-4038.75,3182.51,400.0,850.0,1200.0
112,0,ZONE_FACULTY_OCEANIC,1,GroundFloor,SM_FC_Ground_Lobby_Transit_12x12,84600.36,-4038.75,3582.51,600.0,450.0,600.0
112,0,ZONE_FACULTY_OCEANIC,2,IntermediateFloor,SM_FC_Mid_Academic_Lab_12x12,84600.36,-4038.75,4182.51,400.0,320.0,400.0
112,0,ZONE_FACULTY_OCEANIC,3,IntermediateFloor,SM_FC_Mid_Faculty_Chambers_12x12,84600.36,-4038.75,4582.51,400.0,280.0,400.0
112,0,ZONE_FACULTY_OCEANIC,4,IntermediateFloor,SM_FC_Mid_Academic_Lab_12x12,84600.36,-4038.75,4982.51,400.0,320.0,400.0
112,0,ZONE_FACULTY_OCEANIC,5,IntermediateFloor,SM_FC_Mid_Faculty_Chambers_12x12,84600.36,-4038.75,5382.51,400.0,280.0,400.0
112,0,ZONE_FACULTY_OCEANIC,6,IntermediateFloor,SM_FC_Mid_Academic_Lab_12x12,84600.36,-4038.75,5782.51,400.0,320.0,400.0
112,0,ZONE_FACULTY_OCEANIC,7,IntermediateFloor,SM_FC_Mid_Faculty_Chambers_12x12,84600.36,-4038.75,6182.51,400.0,280.0,400.0
112,0,ZONE_FACULTY_OCEANIC,8,Roof,SM_FC_Roof_BioDome_12x12,84600.36,-4038.75,6582.51,800.0,180.0,300.0
113,0,ZONE_FACULTY_OCEANIC,0,Foundation,SM_FC_Foundation_SlopeCompensated_12x12,84600.36,-1009.69,4428.12,400.0,850.0,1200.0
113,0,ZONE_FACULTY_OCEANIC,1,GroundFloor,SM_FC_Ground_Lobby_Transit_12x12,84600.36,-1009.69,4828.12,600.0,450.0,600.0
113,0,ZONE_FACULTY_OCEANIC,2,IntermediateFloor,SM_FC_Mid_Academic_Lab_12x12,84600.36,-1009.69,5428.12,400.0,320.0,400.0
113,0,ZONE_FACULTY_OCEANIC,3,IntermediateFloor,SM_FC_Mid_Faculty_Chambers_12x12,84600.36,-1009.69,5828.12,400.0,280.0,400.0
113,0,ZONE_FACULTY_OCEANIC,4,IntermediateFloor,SM_FC_Mid_Academic_Lab_12x12,84600.36,-1009.69,6228.12,400.0,320.0,400.0
113,0,ZONE_FACULTY_OCEANIC,5,IntermediateFloor,SM_FC_Mid_Faculty_Chambers_12x12,84600.36,-1009.69,6628.12,400.0,280.0,400.0
113,0,ZONE_FACULTY_OCEANIC,6,Roof,SM_FC_Roof_BioDome_12x12,84600.36,-1009.69,7028.12,800.0,180.0,300.0
114,0,ZONE_FACULTY_OCEANIC,0,Foundation,SM_FC_Foundation_SlopeCompensated_12x12,84600.36,2019.38,4091.41,400.0,850.0,1200.0
114,0,ZONE_FACULTY_OCEANIC,1,GroundFloor,SM_FC_Ground_Lobby_Transit_12x12,84600.36,2019.38,4491.41,600.0,450.0,600.0
114,0,ZONE_FACULTY_OCEANIC,2,IntermediateFloor,SM_FC_Mid_Academic_Lab_12x12,84600.36,2019.38,5091.41,400.0,320.0,400.0
114,0,ZONE_FACULTY_OCEANIC,3,Roof,SM_FC_Roof_BioDome_12x12,84600.36,2019.38,5491.41,800.0,180.0,300.0
115,0,ZONE_FACULTY_OCEANIC,0,Foundation,SM_FC_Foundation_SlopeCompensated_12x12,84600.36,5048.44,2610.33,400.0,850.0,1200.0
115,0,ZONE_FACULTY_OCEANIC,1,GroundFloor,SM_FC_Ground_Lobby_Transit_12x12,84600.36,5048.44,3010.33,600.0,450.0,600.0
115,0,ZONE_FACULTY_OCEANIC,2,IntermediateFloor,SM_FC_Mid_Academic_Lab_12x12,84600.36,5048.44,3610.33,400.0,320.0,400.0
115,0,ZONE_FACULTY_OCEANIC,3,IntermediateFloor,SM_FC_Mid_Faculty_Chambers_12x12,84600.36,5048.44,4010.33,400.0,280.0,400.0
115,0,ZONE_FACULTY_OCEANIC,4,IntermediateFloor,SM_FC_Mid_Academic_Lab_12x12,84600.36,5048.44,4410.33,400.0,320.0,400.0
115,0,ZONE_FACULTY_OCEANIC,5,Roof,SM_FC_Roof_BioDome_12x12,84600.36,5048.44,4810.33,800.0,180.0,300.0
116,0,ZONE_FACULTY_OCEANIC,0,Foundation,SM_FC_Foundation_SlopeCompensated_12x12,87764.01,-5157.0,1995.05,400.0,850.0,1200.0
116,0,ZONE_FACULTY_OCEANIC,1,GroundFloor,SM_FC_Ground_Lobby_Transit_12x12,87764.01,-5157.0,2395.05,600.0,450.0,600.0
116,0,ZONE_FACULTY_OCEANIC,2,IntermediateFloor,SM_FC_Mid_Academic_Lab_12x12,87764.01,-5157.0,2995.05,400.0,320.0,400.0
116,0,ZONE_FACULTY_OCEANIC,3,IntermediateFloor,SM_FC_Mid_Faculty_Chambers_12x12,87764.01,-5157.0,3395.05,400.0,280.0,400.0
116,0,ZONE_FACULTY_OCEANIC,4,Roof,SM_FC_Roof_BioDome_12x12,87764.01,-5157.0,3795.05,800.0,180.0,300.0
117,0,ZONE_FACULTY_OCEANIC,0,Foundation,SM_FC_Foundation_SlopeCompensated_12x12,87764.01,-2578.5,3413.57,400.0,850.0,1200.0
117,0,ZONE_FACULTY_OCEANIC,1,GroundFloor,SM_FC_Ground_Lobby_Transit_12x12,87764.01,-2578.5,3813.57,600.0,450.0,600.0
117,0,ZONE_FACULTY_OCEANIC,2,IntermediateFloor,SM_FC_Mid_Academic_Lab_12x12,87764.01,-2578.5,4413.57,400.0,320.0,400.0
117,0,ZONE_FACULTY_OCEANIC,3,IntermediateFloor,SM_FC_Mid_Faculty_Chambers_12x12,87764.01,-2578.5,4813.57,400.0,280.0,400.0
117,0,ZONE_FACULTY_OCEANIC,4,IntermediateFloor,SM_FC_Mid_Academic_Lab_12x12,87764.01,-2578.5,5213.57,400.0,320.0,400.0
117,0,ZONE_FACULTY_OCEANIC,5,IntermediateFloor,SM_FC_Mid_Faculty_Chambers_12x12,87764.01,-2578.5,5613.57,400.0,280.0,400.0
117,0,ZONE_FACULTY_OCEANIC,6,Roof,SM_FC_Roof_BioDome_12x12,87764.01,-2578.5,6013.57,800.0,180.0,300.0
118,0,ZONE_FACULTY_OCEANIC,0,Foundation,SM_FC_Foundation_SlopeCompensated_12x12,87764.01,0.0,4256.54,400.0,850.0,1200.0
118,0,ZONE_FACULTY_OCEANIC,1,GroundFloor,SM_FC_Ground_Lobby_Transit_12x12,87764.01,0.0,4656.54,600.0,450.0,600.0
118,0,ZONE_FACULTY_OCEANIC,2,IntermediateFloor,SM_FC_Mid_Academic_Lab_12x12,87764.01,0.0,5256.54,400.0,320.0,400.0
118,0,ZONE_FACULTY_OCEANIC,3,IntermediateFloor,SM_FC_Mid_Faculty_Chambers_12x12,87764.01,0.0,5656.54,400.0,280.0,400.0
118,0,ZONE_FACULTY_OCEANIC,4,IntermediateFloor,SM_FC_Mid_Academic_Lab_12x12,87764.01,0.0,6056.54,400.0,320.0,400.0
118,0,ZONE_FACULTY_OCEANIC,5,IntermediateFloor,SM_FC_Mid_Faculty_Chambers_12x12,87764.01,0.0,6456.54,400.0,280.0,400.0
118,0,ZONE_FACULTY_OCEANIC,6,IntermediateFloor,SM_FC_Mid_Academic_Lab_12x12,87764.01,0.0,6856.54,400.0,320.0,400.0
118,0,ZONE_FACULTY_OCEANIC,7,Roof,SM_FC_Roof_BioDome_12x12,87764.01,0.0,7256.54,800.0,180.0,300.0
119,0,ZONE_FACULTY_OCEANIC,0,Foundation,SM_FC_Foundation_SlopeCompensated_12x12,87764.01,2578.5,3413.57,400.0,850.0,1200.0
119,0,ZONE_FACULTY_OCEANIC,1,GroundFloor,SM_FC_Ground_Lobby_Transit_12x12,87764.01,2578.5,3813.57,600.0,450.0,600.0
119,0,ZONE_FACULTY_OCEANIC,2,IntermediateFloor,SM_FC_Mid_Academic_Lab_12x12,87764.01,2578.5,4413.57,400.0,320.0,400.0
119,0,ZONE_FACULTY_OCEANIC,3,Roof,SM_FC_Roof_BioDome_12x12,87764.01,2578.5,4813.57,800.0,180.0,300.0
120,0,ZONE_FACULTY_OCEANIC,0,Foundation,SM_FC_Foundation_SlopeCompensated_12x12,87764.01,5157.0,1995.05,400.0,850.0,1200.0
120,0,ZONE_FACULTY_OCEANIC,1,GroundFloor,SM_FC_Ground_Lobby_Transit_12x12,87764.01,5157.0,2395.05,600.0,450.0,600.0
120,0,ZONE_FACULTY_OCEANIC,2,IntermediateFloor,SM_FC_Mid_Academic_Lab_12x12,87764.01,5157.0,2995.05,400.0,320.0,400.0
120,0,ZONE_FACULTY_OCEANIC,3,IntermediateFloor,SM_FC_Mid_Faculty_Chambers_12x12,87764.01,5157.0,3395.05,400.0,280.0,400.0
120,0,ZONE_FACULTY_OCEANIC,4,IntermediateFloor,SM_FC_Mid_Academic_Lab_12x12,87764.01,5157.0,3795.05,400.0,320.0,400.0
120,0,ZONE_FACULTY_OCEANIC,5,Roof,SM_FC_Roof_BioDome_12x12,87764.01,5157.0,4195.05,800.0,180.0,300.0
121,0,ZONE_FACULTY_OCEANIC,0,Foundation,SM_FC_Foundation_SlopeCompensated_12x12,90927.66,-3563.78,2292.97,400.0,850.0,1200.0
121,0,ZONE_FACULTY_OCEANIC,1,GroundFloor,SM_FC_Ground_Lobby_Transit_12x12,90927.66,-3563.78,2692.97,600.0,450.0,600.0
121,0,ZONE_FACULTY_OCEANIC,2,IntermediateFloor,SM_FC_Mid_Academic_Lab_12x12,90927.66,-3563.78,3292.97,400.0,320.0,400.0
121,0,ZONE_FACULTY_OCEANIC,3,Roof,SM_FC_Roof_BioDome_12x12,90927.66,-3563.78,3692.97,800.0,180.0,300.0
122,0,ZONE_FACULTY_OCEANIC,0,Foundation,SM_FC_Foundation_SlopeCompensated_12x12,90927.66,-1425.51,3225.62,400.0,850.0,1200.0
122,0,ZONE_FACULTY_OCEANIC,1,GroundFloor,SM_FC_Ground_Lobby_Transit_12x12,90927.66,-1425.51,3625.62,600.0,450.0,600.0
122,0,ZONE_FACULTY_OCEANIC,2,IntermediateFloor,SM_FC_Mid_Academic_Lab_12x12,90927.66,-1425.51,4225.62,400.0,320.0,400.0
122,0,ZONE_FACULTY_OCEANIC,3,IntermediateFloor,SM_FC_Mid_Faculty_Chambers_12x12,90927.66,-1425.51,4625.62,400.0,280.0,400.0
122,0,ZONE_FACULTY_OCEANIC,4,IntermediateFloor,SM_FC_Mid_Academic_Lab_12x12,90927.66,-1425.51,5025.62,400.0,320.0,400.0
122,0,ZONE_FACULTY_OCEANIC,5,Roof,SM_FC_Roof_BioDome_12x12,90927.66,-1425.51,5425.62,800.0,180.0,300.0
123,0,ZONE_FACULTY_OCEANIC,0,Foundation,SM_FC_Foundation_SlopeCompensated_12x12,90927.66,712.76,3441.26,400.0,850.0,1200.0
123,0,ZONE_FACULTY_OCEANIC,1,GroundFloor,SM_FC_Ground_Lobby_Transit_12x12,90927.66,712.76,3841.26,600.0,450.0,600.0
123,0,ZONE_FACULTY_OCEANIC,2,IntermediateFloor,SM_FC_Mid_Academic_Lab_12x12,90927.66,712.76,4441.26,400.0,320.0,400.0
123,0,ZONE_FACULTY_OCEANIC,3,Roof,SM_FC_Roof_BioDome_12x12,90927.66,712.76,4841.26,800.0,180.0,300.0
124,0,ZONE_FACULTY_OCEANIC,0,Foundation,SM_FC_Foundation_SlopeCompensated_12x12,90927.66,2851.02,2651.47,400.0,850.0,1200.0
124,0,ZONE_FACULTY_OCEANIC,1,GroundFloor,SM_FC_Ground_Lobby_Transit_12x12,90927.66,2851.02,3051.47,600.0,450.0,600.0
124,0,ZONE_FACULTY_OCEANIC,2,IntermediateFloor,SM_FC_Mid_Academic_Lab_12x12,90927.66,2851.02,3651.47,400.0,320.0,400.0
124,0,ZONE_FACULTY_OCEANIC,3,IntermediateFloor,SM_FC_Mid_Faculty_Chambers_12x12,90927.66,2851.02,4051.47,400.0,280.0,400.0
124,0,ZONE_FACULTY_OCEANIC,4,IntermediateFloor,SM_FC_Mid_Academic_Lab_12x12,90927.66,2851.02,4451.47,400.0,320.0,400.0
124,0,ZONE_FACULTY_OCEANIC,5,IntermediateFloor,SM_FC_Mid_Faculty_Chambers_12x12,90927.66,2851.02,4851.47,400.0,280.0,400.0
124,0,ZONE_FACULTY_OCEANIC,6,Roof,SM_FC_Roof_BioDome_12x12,90927.66,2851.02,5251.47,800.0,180.0,300.0
125,0,ZONE_FACULTY_OCEANIC,0,Foundation,SM_FC_Foundation_SlopeCompensated_12x12,90927.66,4989.29,1433.09,400.0,850.0,1200.0
125,0,ZONE_FACULTY_OCEANIC,1,GroundFloor,SM_FC_Ground_Lobby_Transit_12x12,90927.66,4989.29,1833.09,600.0,450.0,600.0
125,0,ZONE_FACULTY_OCEANIC,2,IntermediateFloor,SM_FC_Mid_Academic_Lab_12x12,90927.66,4989.29,2433.09,400.0,320.0,400.0
125,0,ZONE_FACULTY_OCEANIC,3,Roof,SM_FC_Roof_BioDome_12x12,90927.66,4989.29,2833.09,800.0,180.0,300.0
126,0,ZONE_FACULTY_OCEANIC,0,Foundation,SM_FC_Foundation_SlopeCompensated_12x12,94091.32,-3994.61,1334.24,400.0,850.0,1200.0
126,0,ZONE_FACULTY_OCEANIC,1,GroundFloor,SM_FC_Ground_Lobby_Transit_12x12,94091.32,-3994.61,1734.24,600.0,450.0,600.0
126,0,ZONE_FACULTY_OCEANIC,2,IntermediateFloor,SM_FC_Mid_Academic_Lab_12x12,94091.32,-3994.61,2334.24,400.0,320.0,400.0
126,0,ZONE_FACULTY_OCEANIC,3,IntermediateFloor,SM_FC_Mid_Faculty_Chambers_12x12,94091.32,-3994.61,2734.24,400.0,280.0,400.0
126,0,ZONE_FACULTY_OCEANIC,4,IntermediateFloor,SM_FC_Mid_Academic_Lab_12x12,94091.32,-3994.61,3134.24,400.0,320.0,400.0
126,0,ZONE_FACULTY_OCEANIC,5,Roof,SM_FC_Roof_BioDome_12x12,94091.32,-3994.61,3534.24,800.0,180.0,300.0
127,0,ZONE_FACULTY_OCEANIC,0,Foundation,SM_FC_Foundation_SlopeCompensated_12x12,94091.32,-2282.64,2166.81,400.0,850.0,1200.0
127,0,ZONE_FACULTY_OCEANIC,1,GroundFloor,SM_FC_Ground_Lobby_Transit_12x12,94091.32,-2282.64,2566.81,600.0,450.0,600.0
127,0,ZONE_FACULTY_OCEANIC,2,IntermediateFloor,SM_FC_Mid_Academic_Lab_12x12,94091.32,-2282.64,3166.81,400.0,320.0,400.0
127,0,ZONE_FACULTY_OCEANIC,3,Roof,SM_FC_Roof_BioDome_12x12,94091.32,-2282.64,3566.81,800.0,180.0,300.0
128,0,ZONE_FACULTY_OCEANIC,0,Foundation,SM_FC_Foundation_SlopeCompensated_12x12,94091.32,-570.66,2712.43,400.0,850.0,1200.0
128,0,ZONE_FACULTY_OCEANIC,1,GroundFloor,SM_FC_Ground_Lobby_Transit_12x12,94091.32,-570.66,3112.43,600.0,450.0,600.0
128,0,ZONE_FACULTY_OCEANIC,2,IntermediateFloor,SM_FC_Mid_Academic_Lab_12x12,94091.32,-570.66,3712.43,400.0,320.0,400.0
128,0,ZONE_FACULTY_OCEANIC,3,IntermediateFloor,SM_FC_Mid_Faculty_Chambers_12x12,94091.32,-570.66,4112.43,400.0,280.0,400.0
128,0,ZONE_FACULTY_OCEANIC,4,IntermediateFloor,SM_FC_Mid_Academic_Lab_12x12,94091.32,-570.66,4512.43,400.0,320.0,400.0
128,0,ZONE_FACULTY_OCEANIC,5,IntermediateFloor,SM_FC_Mid_Faculty_Chambers_12x12,94091.32,-570.66,4912.43,400.0,280.0,400.0
128,0,ZONE_FACULTY_OCEANIC,6,IntermediateFloor,SM_FC_Mid_Academic_Lab_12x12,94091.32,-570.66,5312.43,400.0,320.0,400.0
128,0,ZONE_FACULTY_OCEANIC,7,IntermediateFloor,SM_FC_Mid_Faculty_Chambers_12x12,94091.32,-570.66,5712.43,400.0,280.0,400.0
128,0,ZONE_FACULTY_OCEANIC,8,Roof,SM_FC_Roof_BioDome_12x12,94091.32,-570.66,6112.43,800.0,180.0,300.0
129,0,ZONE_FACULTY_OCEANIC,0,Foundation,SM_FC_Foundation_SlopeCompensated_12x12,94091.32,1141.32,2562.44,400.0,850.0,1200.0
129,0,ZONE_FACULTY_OCEANIC,1,GroundFloor,SM_FC_Ground_Lobby_Transit_12x12,94091.32,1141.32,2962.44,600.0,450.0,600.0
129,0,ZONE_FACULTY_OCEANIC,2,IntermediateFloor,SM_FC_Mid_Academic_Lab_12x12,94091.32,1141.32,3562.44,400.0,320.0,400.0
129,0,ZONE_FACULTY_OCEANIC,3,IntermediateFloor,SM_FC_Mid_Faculty_Chambers_12x12,94091.32,1141.32,3962.44,400.0,280.0,400.0
129,0,ZONE_FACULTY_OCEANIC,4,Roof,SM_FC_Roof_BioDome_12x12,94091.32,1141.32,4362.44,800.0,180.0,300.0
130,0,ZONE_FACULTY_OCEANIC,0,Foundation,SM_FC_Foundation_SlopeCompensated_12x12,94091.32,2853.3,1921.17,400.0,850.0,1200.0
130,0,ZONE_FACULTY_OCEANIC,1,GroundFloor,SM_FC_Ground_Lobby_Transit_12x12,94091.32,2853.3,2321.17,600.0,450.0,600.0
130,0,ZONE_FACULTY_OCEANIC,2,IntermediateFloor,SM_FC_Mid_Academic_Lab_12x12,94091.32,2853.3,2921.17,400.0,320.0,400.0
130,0,ZONE_FACULTY_OCEANIC,3,IntermediateFloor,SM_FC_Mid_Faculty_Chambers_12x12,94091.32,2853.3,3321.17,400.0,280.0,400.0
130,0,ZONE_FACULTY_OCEANIC,4,IntermediateFloor,SM_FC_Mid_Academic_Lab_12x12,94091.32,2853.3,3721.17,400.0,320.0,400.0
130,0,ZONE_FACULTY_OCEANIC,5,IntermediateFloor,SM_FC_Mid_Faculty_Chambers_12x12,94091.32,2853.3,4121.17,400.0,280.0,400.0
130,0,ZONE_FACULTY_OCEANIC,6,IntermediateFloor,SM_FC_Mid_Academic_Lab_12x12,94091.32,2853.3,4521.17,400.0,320.0,400.0
130,0,ZONE_FACULTY_OCEANIC,7,IntermediateFloor,SM_FC_Mid_Faculty_Chambers_12x12,94091.32,2853.3,4921.17,400.0,280.0,400.0
130,0,ZONE_FACULTY_OCEANIC,8,Roof,SM_FC_Roof_BioDome_12x12,94091.32,2853.3,5321.17,800.0,180.0,300.0
131,0,ZONE_HARBOR_BERTH,0,Foundation,SM_FC_Foundation_SlopeCompensated_12x12,97254.97,-2607.05,1291.5,400.0,850.0,1200.0
131,0,ZONE_HARBOR_BERTH,1,GroundFloor,SM_FC_Harbor_Submersible_Berth,97254.97,-2607.05,1691.5,300.0,600.0,900.0
131,0,ZONE_HARBOR_BERTH,2,Roof,SM_FC_Roof_BioDome_12x12,97254.97,-2607.05,1991.5,800.0,180.0,300.0
132,0,ZONE_HARBOR_BERTH,0,Foundation,SM_FC_Foundation_SlopeCompensated_12x12,97254.97,-1303.52,1733.66,400.0,850.0,1200.0
132,0,ZONE_HARBOR_BERTH,1,GroundFloor,SM_FC_Harbor_Submersible_Berth,97254.97,-1303.52,2133.66,300.0,600.0,900.0
132,0,ZONE_HARBOR_BERTH,2,Roof,SM_FC_Roof_BioDome_12x12,97254.97,-1303.52,2433.66,800.0,180.0,300.0
133,0,ZONE_HARBOR_BERTH,0,Foundation,SM_FC_Foundation_SlopeCompensated_12x12,97254.97,0.0,2008.86,400.0,850.0,1200.0
133,0,ZONE_HARBOR_BERTH,1,GroundFloor,SM_FC_Harbor_Submersible_Berth,97254.97,0.0,2408.86,300.0,600.0,900.0
133,0,ZONE_HARBOR_BERTH,2,Roof,SM_FC_Roof_BioDome_12x12,97254.97,0.0,2708.86,800.0,180.0,300.0
134,0,ZONE_HARBOR_BERTH,0,Foundation,SM_FC_Foundation_SlopeCompensated_12x12,97254.97,1303.52,1733.66,400.0,850.0,1200.0
134,0,ZONE_HARBOR_BERTH,1,GroundFloor,SM_FC_Harbor_Submersible_Berth,97254.97,1303.52,2133.66,300.0,600.0,900.0
134,0,ZONE_HARBOR_BERTH,2,Roof,SM_FC_Roof_BioDome_12x12,97254.97,1303.52,2433.66,800.0,180.0,300.0
135,0,ZONE_HARBOR_BERTH,0,Foundation,SM_FC_Foundation_SlopeCompensated_12x12,97254.97,2607.05,1291.5,400.0,850.0,1200.0
135,0,ZONE_HARBOR_BERTH,1,GroundFloor,SM_FC_Harbor_Submersible_Berth,97254.97,2607.05,1691.5,300.0,600.0,900.0
135,0,ZONE_HARBOR_BERTH,2,Roof,SM_FC_Roof_BioDome_12x12,97254.97,2607.05,1991.5,800.0,180.0,300.0
136,0,ZONE_HARBOR_BERTH,0,Foundation,SM_FC_Foundation_SlopeCompensated_12x12,100418.62,-1529.14,957.06,400.0,850.0,1200.0
136,0,ZONE_HARBOR_BERTH,1,GroundFloor,SM_FC_Harbor_Submersible_Berth,100418.62,-1529.14,1357.06,300.0,600.0,900.0
136,0,ZONE_HARBOR_BERTH,2,Roof,SM_FC_Roof_BioDome_12x12,100418.62,-1529.14,1657.06,800.0,180.0,300.0
137,0,ZONE_HARBOR_BERTH,0,Foundation,SM_FC_Foundation_SlopeCompensated_12x12,100418.62,-611.66,1148.76,400.0,850.0,1200.0
137,0,ZONE_HARBOR_BERTH,1,GroundFloor,SM_FC_Harbor_Submersible_Berth,100418.62,-611.66,1548.76,300.0,600.0,900.0
137,0,ZONE_HARBOR_BERTH,2,Roof,SM_FC_Roof_BioDome_12x12,100418.62,-611.66,1848.76,800.0,180.0,300.0
138,0,ZONE_HARBOR_BERTH,0,Foundation,SM_FC_Foundation_SlopeCompensated_12x12,100418.62,305.83,1195.14,400.0,850.0,1200.0
138,0,ZONE_HARBOR_BERTH,1,GroundFloor,SM_FC_Harbor_Submersible_Berth,100418.62,305.83,1595.14,300.0,600.0,900.0
138,0,ZONE_HARBOR_BERTH,2,Roof,SM_FC_Roof_BioDome_12x12,100418.62,305.83,1895.14,800.0,180.0,300.0
139,0,ZONE_HARBOR_BERTH,0,Foundation,SM_FC_Foundation_SlopeCompensated_12x12,100418.62,1223.31,1029.72,400.0,850.0,1200.0
139,0,ZONE_HARBOR_BERTH,1,GroundFloor,SM_FC_Harbor_Submersible_Berth,100418.62,1223.31,1429.72,300.0,600.0,900.0
139,0,ZONE_HARBOR_BERTH,2,Roof,SM_FC_Roof_BioDome_12x12,100418.62,1223.31,1729.72,800.0,180.0,300.0
140,0,ZONE_HARBOR_BERTH,0,Foundation,SM_FC_Foundation_SlopeCompensated_12x12,100418.62,2140.79,785.44,400.0,850.0,1200.0
140,0,ZONE_HARBOR_BERTH,1,GroundFloor,SM_FC_Harbor_Submersible_Berth,100418.62,2140.79,1185.44,300.0,600.0,900.0
140,0,ZONE_HARBOR_BERTH,2,Roof,SM_FC_Roof_BioDome_12x12,100418.62,2140.79,1485.44,800.0,180.0,300.0
141,0,ZONE_HARBOR_BERTH,0,Foundation,SM_FC_Foundation_SlopeCompensated_12x12,103582.28,-1306.74,430.28,400.0,850.0,1200.0
141,0,ZONE_HARBOR_BERTH,1,GroundFloor,SM_FC_Harbor_Submersible_Berth,103582.28,-1306.74,830.28,300.0,600.0,900.0
141,0,ZONE_HARBOR_BERTH,2,Roof,SM_FC_Roof_BioDome_12x12,103582.28,-1306.74,1130.28,800.0,180.0,300.0
142,0,ZONE_HARBOR_BERTH,0,Foundation,SM_FC_Foundation_SlopeCompensated_12x12,103582.28,-746.71,515.14,400.0,850.0,1200.0
142,0,ZONE_HARBOR_BERTH,1,GroundFloor,SM_FC_Harbor_Submersible_Berth,103582.28,-746.71,915.14,300.0,600.0,900.0
142,0,ZONE_HARBOR_BERTH,2,Roof,SM_FC_Roof_BioDome_12x12,103582.28,-746.71,1215.14,800.0,180.0,300.0
143,0,ZONE_HARBOR_BERTH,0,Foundation,SM_FC_Foundation_SlopeCompensated_12x12,103582.28,-186.68,574.18,400.0,850.0,1200.0
143,0,ZONE_HARBOR_BERTH,1,GroundFloor,SM_FC_Harbor_Submersible_Berth,103582.28,-186.68,974.18,300.0,600.0,900.0
143,0,ZONE_HARBOR_BERTH,2,Roof,SM_FC_Roof_BioDome_12x12,103582.28,-186.68,1274.18,800.0,180.0,300.0
144,0,ZONE_HARBOR_BERTH,0,Foundation,SM_FC_Foundation_SlopeCompensated_12x12,103582.28,373.36,557.37,400.0,850.0,1200.0
144,0,ZONE_HARBOR_BERTH,1,GroundFloor,SM_FC_Harbor_Submersible_Berth,103582.28,373.36,957.37,300.0,600.0,900.0
144,0,ZONE_HARBOR_BERTH,2,Roof,SM_FC_Roof_BioDome_12x12,103582.28,373.36,1257.37,800.0,180.0,300.0
145,0,ZONE_HARBOR_BERTH,0,Foundation,SM_FC_Foundation_SlopeCompensated_12x12,103582.28,933.39,489.73,400.0,850.0,1200.0
145,0,ZONE_HARBOR_BERTH,1,GroundFloor,SM_FC_Harbor_Submersible_Berth,103582.28,933.39,889.73,300.0,600.0,900.0
145,0,ZONE_HARBOR_BERTH,2,Roof,SM_FC_Roof_BioDome_12x12,103582.28,933.39,1189.73,800.0,180.0,300.0
146,0,ZONE_HARBOR_BERTH,0,Foundation,SM_FC_Foundation_SlopeCompensated_12x12,106745.93,-483.59,134.66,400.0,850.0,1200.0
146,0,ZONE_HARBOR_BERTH,1,GroundFloor,SM_FC_Harbor_Submersible_Berth,106745.93,-483.59,534.66,300.0,600.0,900.0
146,0,ZONE_HARBOR_BERTH,2,Roof,SM_FC_Roof_BioDome_12x12,106745.93,-483.59,834.66,800.0,180.0,300.0
147,0,ZONE_HARBOR_BERTH,0,Foundation,SM_FC_Foundation_SlopeCompensated_12x12,106745.93,-241.8,146.47,400.0,850.0,1200.0
147,0,ZONE_HARBOR_BERTH,1,GroundFloor,SM_FC_Harbor_Submersible_Berth,106745.93,-241.8,546.47,300.0,600.0,900.0
147,0,ZONE_HARBOR_BERTH,2,Roof,SM_FC_Roof_BioDome_12x12,106745.93,-241.8,846.47,800.0,180.0,300.0
148,0,ZONE_HARBOR_BERTH,0,Foundation,SM_FC_Foundation_SlopeCompensated_12x12,106745.93,0.0,154.75,400.0,850.0,1200.0
148,0,ZONE_HARBOR_BERTH,1,GroundFloor,SM_FC_Harbor_Submersible_Berth,106745.93,0.0,554.75,300.0,600.0,900.0
148,0,ZONE_HARBOR_BERTH,2,Roof,SM_FC_Roof_BioDome_12x12,106745.93,0.0,854.75,800.0,180.0,300.0
149,0,ZONE_HARBOR_BERTH,0,Foundation,SM_FC_Foundation_SlopeCompensated_12x12,106745.93,241.8,146.47,400.0,850.0,1200.0
149,0,ZONE_HARBOR_BERTH,1,GroundFloor,SM_FC_Harbor_Submersible_Berth,106745.93,241.8,546.47,300.0,600.0,900.0
149,0,ZONE_HARBOR_BERTH,2,Roof,SM_FC_Roof_BioDome_12x12,106745.93,241.8,846.47,800.0,180.0,300.0
150,0,ZONE_HARBOR_BERTH,0,Foundation,SM_FC_Foundation_SlopeCompensated_12x12,106745.93,483.59,134.66,400.0,850.0,1200.0
150,0,ZONE_HARBOR_BERTH,1,GroundFloor,SM_FC_Harbor_Submersible_Berth,106745.93,483.59,534.66,300.0,600.0,900.0
150,0,ZONE_HARBOR_BERTH,2,Roof,SM_FC_Roof_BioDome_12x12,106745.93,483.59,834.66,800.0,180.0,300.0
151,0,ZONE_HARBOR_BERTH,0,Foundation,SM_FC_Foundation_SlopeCompensated_12x12,109909.58,-0.0,0.0,400.0,850.0,1200.0
151,0,ZONE_HARBOR_BERTH,1,GroundFloor,SM_FC_Harbor_Submersible_Berth,109909.58,-0.0,400.0,300.0,600.0,900.0
151,0,ZONE_HARBOR_BERTH,2,Roof,SM_FC_Roof_BioDome_12x12,109909.58,-0.0,700.0,800.0,180.0,300.0
152,0,ZONE_HARBOR_BERTH,0,Foundation,SM_FC_Foundation_SlopeCompensated_12x12,109909.58,-0.0,0.0,400.0,850.0,1200.0
152,0,ZONE_HARBOR_BERTH,1,GroundFloor,SM_FC_Harbor_Submersible_Berth,109909.58,-0.0,400.0,300.0,600.0,900.0
152,0,ZONE_HARBOR_BERTH,2,Roof,SM_FC_Roof_BioDome_12x12,109909.58,-0.0,700.0,800.0,180.0,300.0
153,0,ZONE_HARBOR_BERTH,0,Foundation,SM_FC_Foundation_SlopeCompensated_12x12,109909.58,0.0,0.0,400.0,850.0,1200.0
153,0,ZONE_HARBOR_BERTH,1,GroundFloor,SM_FC_Harbor_Submersible_Berth,109909.58,0.0,400.0,300.0,600.0,900.0
153,0,ZONE_HARBOR_BERTH,2,Roof,SM_FC_Roof_BioDome_12x12,109909.58,0.0,700.0,800.0,180.0,300.0
154,0,ZONE_HARBOR_BERTH,0,Foundation,SM_FC_Foundation_SlopeCompensated_12x12,109909.58,0.0,0.0,400.0,850.0,1200.0
154,0,ZONE_HARBOR_BERTH,1,GroundFloor,SM_FC_Harbor_Submersible_Berth,109909.58,0.0,400.0,300.0,600.0,900.0
154,0,ZONE_HARBOR_BERTH,2,Roof,SM_FC_Roof_BioDome_12x12,109909.58,0.0,700.0,800.0,180.0,300.0
155,0,ZONE_HARBOR_BERTH,0,Foundation,SM_FC_Foundation_SlopeCompensated_12x12,109909.58,0.0,0.0,400.0,850.0,1200.0
155,0,ZONE_HARBOR_BERTH,1,GroundFloor,SM_FC_Harbor_Submersible_Berth,109909.58,0.0,400.0,300.0,600.0,900.0
155,0,ZONE_HARBOR_BERTH,2,Roof,SM_FC_Roof_BioDome_12x12,109909.58,0.0,700.0,800.0,180.0,300.0
156,1,ZONE_FACULTY_BIOSPHERE,0,Foundation,SM_FC_Foundation_SlopeCompensated_12x12,10606.6,10606.6,0.0,400.0,850.0,1200.0
156,1,ZONE_FACULTY_BIOSPHERE,1,GroundFloor,SM_FC_Ground_Lobby_Transit_12x12,10606.6,10606.6,400.0,600.0,450.0,600.0
156,1,ZONE_FACULTY_BIOSPHERE,2,IntermediateFloor,SM_FC_Mid_Academic_Lab_12x12,10606.6,10606.6,1000.0,400.0,320.0,400.0
156,1,ZONE_FACULTY_BIOSPHERE,3,IntermediateFloor,SM_FC_Mid_Faculty_Chambers_12x12,10606.6,10606.6,1400.0,400.0,280.0,400.0
156,1,ZONE_FACULTY_BIOSPHERE,4,Roof,SM_FC_Roof_SolarObservatory_12x12,10606.6,10606.6,1800.0,500.0,140.0,250.0
157,1,ZONE_FACULTY_BIOSPHERE,0,Foundation,SM_FC_Foundation_SlopeCompensated_12x12,10606.6,10606.6,0.0,400.0,850.0,1200.0
157,1,ZONE_FACULTY_BIOSPHERE,1,GroundFloor,SM_FC_Ground_Lobby_Transit_12x12,10606.6,10606.6,400.0,600.0,450.0,600.0
157,1,ZONE_FACULTY_BIOSPHERE,2,IntermediateFloor,SM_FC_Mid_Academic_Lab_12x12,10606.6,10606.6,1000.0,400.0,320.0,400.0
157,1,ZONE_FACULTY_BIOSPHERE,3,IntermediateFloor,SM_FC_Mid_Faculty_Chambers_12x12,10606.6,10606.6,1400.0,400.0,280.0,400.0
157,1,ZONE_FACULTY_BIOSPHERE,4,IntermediateFloor,SM_FC_Mid_Academic_Lab_12x12,10606.6,10606.6,1800.0,400.0,320.0,400.0
157,1,ZONE_FACULTY_BIOSPHERE,5,IntermediateFloor,SM_FC_Mid_Faculty_Chambers_12x12,10606.6,10606.6,2200.0,400.0,280.0,400.0
157,1,ZONE_FACULTY_BIOSPHERE,6,IntermediateFloor,SM_FC_Mid_Academic_Lab_12x12,10606.6,10606.6,2600.0,400.0,320.0,400.0
157,1,ZONE_FACULTY_BIOSPHERE,7,Roof,SM_FC_Roof_SolarObservatory_12x12,10606.6,10606.6,3000.0,500.0,140.0,250.0
158,1,ZONE_FACULTY_BIOSPHERE,0,Foundation,SM_FC_Foundation_SlopeCompensated_12x12,10606.6,10606.6,0.0,400.0,850.0,1200.0
158,1,ZONE_FACULTY_BIOSPHERE,1,GroundFloor,SM_FC_Ground_Lobby_Transit_12x12,10606.6,10606.6,400.0,600.0,450.0,600.0
158,1,ZONE_FACULTY_BIOSPHERE,2,IntermediateFloor,SM_FC_Mid_Academic_Lab_12x12,10606.6,10606.6,1000.0,400.0,320.0,400.0
158,1,ZONE_FACULTY_BIOSPHERE,3,IntermediateFloor,SM_FC_Mid_Faculty_Chambers_12x12,10606.6,10606.6,1400.0,400.0,280.0,400.0
158,1,ZONE_FACULTY_BIOSPHERE,4,Roof,SM_FC_Roof_SolarObservatory_12x12,10606.6,10606.6,1800.0,500.0,140.0,250.0
159,1,ZONE_FACULTY_BIOSPHERE,0,Foundation,SM_FC_Foundation_SlopeCompensated_12x12,10606.6,10606.6,0.0,400.0,850.0,1200.0
159,1,ZONE_FACULTY_BIOSPHERE,1,GroundFloor,SM_FC_Ground_Lobby_Transit_12x12,10606.6,10606.6,400.0,600.0,450.0,600.0
159,1,ZONE_FACULTY_BIOSPHERE,2,IntermediateFloor,SM_FC_Mid_Academic_Lab_12x12,10606.6,10606.6,1000.0,400.0,320.0,400.0
159,1,ZONE_FACULTY_BIOSPHERE,3,IntermediateFloor,SM_FC_Mid_Faculty_Chambers_12x12,10606.6,10606.6,1400.0,400.0,280.0,400.0
159,1,ZONE_FACULTY_BIOSPHERE,4,IntermediateFloor,SM_FC_Mid_Academic_Lab_12x12,10606.6,10606.6,1800.0,400.0,320.0,400.0
159,1,ZONE_FACULTY_BIOSPHERE,5,IntermediateFloor,SM_FC_Mid_Faculty_Chambers_12x12,10606.6,10606.6,2200.0,400.0,280.0,400.0
159,1,ZONE_FACULTY_BIOSPHERE,6,IntermediateFloor,SM_FC_Mid_Academic_Lab_12x12,10606.6,10606.6,2600.0,400.0,320.0,400.0
159,1,ZONE_FACULTY_BIOSPHERE,7,IntermediateFloor,SM_FC_Mid_Faculty_Chambers_12x12,10606.6,10606.6,3000.0,400.0,280.0,400.0
159,1,ZONE_FACULTY_BIOSPHERE,8,Roof,SM_FC_Roof_SolarObservatory_12x12,10606.6,10606.6,3400.0,500.0,140.0,250.0
160,1,ZONE_FACULTY_BIOSPHERE,0,Foundation,SM_FC_Foundation_SlopeCompensated_12x12,10606.6,10606.6,0.0,400.0,850.0,1200.0
160,1,ZONE_FACULTY_BIOSPHERE,1,GroundFloor,SM_FC_Ground_Lobby_Transit_12x12,10606.6,10606.6,400.0,600.0,450.0,600.0
160,1,ZONE_FACULTY_BIOSPHERE,2,IntermediateFloor,SM_FC_Mid_Academic_Lab_12x12,10606.6,10606.6,1000.0,400.0,320.0,400.0
160,1,ZONE_FACULTY_BIOSPHERE,3,IntermediateFloor,SM_FC_Mid_Faculty_Chambers_12x12,10606.6,10606.6,1400.0,400.0,280.0,400.0
160,1,ZONE_FACULTY_BIOSPHERE,4,IntermediateFloor,SM_FC_Mid_Academic_Lab_12x12,10606.6,10606.6,1800.0,400.0,320.0,400.0
160,1,ZONE_FACULTY_BIOSPHERE,5,Roof,SM_FC_Roof_SolarObservatory_12x12,10606.6,10606.6,2200.0,500.0,140.0,250.0
161,1,ZONE_FACULTY_BIOSPHERE,0,Foundation,SM_FC_Foundation_SlopeCompensated_12x12,15337.3,10349.99,59.06,400.0,850.0,1200.0
161,1,ZONE_FACULTY_BIOSPHERE,1,GroundFloor,SM_FC_Ground_Lobby_Transit_12x12,15337.3,10349.99,459.06,600.0,450.0,600.0
161,1,ZONE_FACULTY_BIOSPHERE,2,IntermediateFloor,SM_FC_Mid_Academic_Lab_12x12,15337.3,10349.99,1059.06,400.0,320.0,400.0
161,1,ZONE_FACULTY_BIOSPHERE,3,IntermediateFloor,SM_FC_Mid_Faculty_Chambers_12x12,15337.3,10349.99,1459.06,400.0,280.0,400.0
161,1,ZONE_FACULTY_BIOSPHERE,4,IntermediateFloor,SM_FC_Mid_Academic_Lab_12x12,15337.3,10349.99,1859.06,400.0,320.0,400.0
161,1,ZONE_FACULTY_BIOSPHERE,5,IntermediateFloor,SM_FC_Mid_Faculty_Chambers_12x12,15337.3,10349.99,2259.06,400.0,280.0,400.0
161,1,ZONE_FACULTY_BIOSPHERE,6,Roof,SM_FC_Roof_SolarObservatory_12x12,15337.3,10349.99,2659.06,500.0,140.0,250.0
162,1,ZONE_FACULTY_BIOSPHERE,0,Foundation,SM_FC_Foundation_SlopeCompensated_12x12,14090.47,11596.81,403.5,400.0,850.0,1200.0
162,1,ZONE_FACULTY_BIOSPHERE,1,GroundFloor,SM_FC_Ground_Lobby_Transit_12x12,14090.47,11596.81,803.5,600.0,450.0,600.0
162,1,ZONE_FACULTY_BIOSPHERE,2,IntermediateFloor,SM_FC_Mid_Academic_Lab_12x12,14090.47,11596.81,1403.5,400.0,320.0,400.0
162,1,ZONE_FACULTY_BIOSPHERE,3,IntermediateFloor,SM_FC_Mid_Faculty_Chambers_12x12,14090.47,11596.81,1803.5,400.0,280.0,400.0
162,1,ZONE_FACULTY_BIOSPHERE,4,IntermediateFloor,SM_FC_Mid_Academic_Lab_12x12,14090.47,11596.81,2203.5,400.0,320.0,400.0
162,1,ZONE_FACULTY_BIOSPHERE,5,IntermediateFloor,SM_FC_Mid_Faculty_Chambers_12x12,14090.47,11596.81,2603.5,400.0,280.0,400.0
162,1,ZONE_FACULTY_BIOSPHERE,6,IntermediateFloor,SM_FC_Mid_Academic_Lab_12x12,14090.47,11596.81,3003.5,400.0,320.0,400.0
162,1,ZONE_FACULTY_BIOSPHERE,7,IntermediateFloor,SM_FC_Mid_Faculty_Chambers_12x12,14090.47,11596.81,3403.5,400.0,280.0,400.0
162,1,ZONE_FACULTY_BIOSPHERE,8,Roof,SM_FC_Roof_SolarObservatory_12x12,14090.47,11596.81,3803.5,500.0,140.0,250.0
163,1,ZONE_FACULTY_BIOSPHERE,0,Foundation,SM_FC_Foundation_SlopeCompensated_12x12,12843.64,12843.64,645.03,400.0,850.0,1200.0
163,1,ZONE_FACULTY_BIOSPHERE,1,GroundFloor,SM_FC_Ground_Lobby_Transit_12x12,12843.64,12843.64,1045.03,600.0,450.0,600.0
163,1,ZONE_FACULTY_BIOSPHERE,2,IntermediateFloor,SM_FC_Mid_Academic_Lab_12x12,12843.64,12843.64,1645.03,400.0,320.0,400.0
163,1,ZONE_FACULTY_BIOSPHERE,3,IntermediateFloor,SM_FC_Mid_Faculty_Chambers_12x12,12843.64,12843.64,2045.03,400.0,280.0,400.0
163,1,ZONE_FACULTY_BIOSPHERE,4,IntermediateFloor,SM_FC_Mid_Academic_Lab_12x12,12843.64,12843.64,2445.03,400.0,320.0,400.0
163,1,ZONE_FACULTY_BIOSPHERE,5,Roof,SM_FC_Roof_SolarObservatory_12x12,12843.64,12843.64,2845.03,500.0,140.0,250.0
164,1,ZONE_FACULTY_BIOSPHERE,0,Foundation,SM_FC_Foundation_SlopeCompensated_12x12,11596.81,14090.47,403.5,400.0,850.0,1200.0
164,1,ZONE_FACULTY_BIOSPHERE,1,GroundFloor,SM_FC_Ground_Lobby_Transit_12x12,11596.81,14090.47,803.5,600.0,450.0,600.0
164,1,ZONE_FACULTY_BIOSPHERE,2,IntermediateFloor,SM_FC_Mid_Academic_Lab_12x12,11596.81,14090.47,1403.5,400.0,320.0,400.0
164,1,ZONE_FACULTY_BIOSPHERE,3,IntermediateFloor,SM_FC_Mid_Faculty_Chambers_12x12,11596.81,14090.47,1803.5,400.0,280.0,400.0
164,1,ZONE_FACULTY_BIOSPHERE,4,IntermediateFloor,SM_FC_Mid_Academic_Lab_12x12,11596.81,14090.47,2203.5,400.0,320.0,400.0
164,1,ZONE_FACULTY_BIOSPHERE,5,Roof,SM_FC_Roof_SolarObservatory_12x12,11596.81,14090.47,2603.5,500.0,140.0,250.0
165,1,ZONE_FACULTY_BIOSPHERE,0,Foundation,SM_FC_Foundation_SlopeCompensated_12x12,10349.99,15337.3,59.06,400.0,850.0,1200.0
165,1,ZONE_FACULTY_BIOSPHERE,1,GroundFloor,SM_FC_Ground_Lobby_Transit_12x12,10349.99,15337.3,459.06,600.0,450.0,600.0
165,1,ZONE_FACULTY_BIOSPHERE,2,IntermediateFloor,SM_FC_Mid_Academic_Lab_12x12,10349.99,15337.3,1059.06,400.0,320.0,400.0
165,1,ZONE_FACULTY_BIOSPHERE,3,IntermediateFloor,SM_FC_Mid_Faculty_Chambers_12x12,10349.99,15337.3,1459.06,400.0,280.0,400.0
165,1,ZONE_FACULTY_BIOSPHERE,4,Roof,SM_FC_Roof_SolarObservatory_12x12,10349.99,15337.3,1859.06,500.0,140.0,250.0
166,1,ZONE_FACULTY_BIOSPHERE,0,Foundation,SM_FC_Foundation_SlopeCompensated_12x12,17694.29,12467.08,289.22,400.0,850.0,1200.0
166,1,ZONE_FACULTY_BIOSPHERE,1,GroundFloor,SM_FC_Ground_Lobby_Transit_12x12,17694.29,12467.08,689.22,600.0,450.0,600.0
166,1,ZONE_FACULTY_BIOSPHERE,2,IntermediateFloor,SM_FC_Mid_Academic_Lab_12x12,17694.29,12467.08,1289.22,400.0,320.0,400.0
166,1,ZONE_FACULTY_BIOSPHERE,3,IntermediateFloor,SM_FC_Mid_Faculty_Chambers_12x12,17694.29,12467.08,1689.22,400.0,280.0,400.0
166,1,ZONE_FACULTY_BIOSPHERE,4,IntermediateFloor,SM_FC_Mid_Academic_Lab_12x12,17694.29,12467.08,2089.22,400.0,320.0,400.0
166,1,ZONE_FACULTY_BIOSPHERE,5,IntermediateFloor,SM_FC_Mid_Faculty_Chambers_12x12,17694.29,12467.08,2489.22,400.0,280.0,400.0
166,1,ZONE_FACULTY_BIOSPHERE,6,IntermediateFloor,SM_FC_Mid_Academic_Lab_12x12,17694.29,12467.08,2889.22,400.0,320.0,400.0
166,1,ZONE_FACULTY_BIOSPHERE,7,Roof,SM_FC_Roof_SolarObservatory_12x12,17694.29,12467.08,3289.22,500.0,140.0,250.0
167,1,ZONE_FACULTY_BIOSPHERE,0,Foundation,SM_FC_Foundation_SlopeCompensated_12x12,16126.12,14035.24,825.21,400.0,850.0,1200.0
167,1,ZONE_FACULTY_BIOSPHERE,1,GroundFloor,SM_FC_Ground_Lobby_Transit_12x12,16126.12,14035.24,1225.21,600.0,450.0,600.0
167,1,ZONE_FACULTY_BIOSPHERE,2,IntermediateFloor,SM_FC_Mid_Academic_Lab_12x12,16126.12,14035.24,1825.21,400.0,320.0,400.0
167,1,ZONE_FACULTY_BIOSPHERE,3,IntermediateFloor,SM_FC_Mid_Faculty_Chambers_12x12,16126.12,14035.24,2225.21,400.0,280.0,400.0
167,1,ZONE_FACULTY_BIOSPHERE,4,Roof,SM_FC_Roof_SolarObservatory_12x12,16126.12,14035.24,2625.21,500.0,140.0,250.0
168,1,ZONE_FACULTY_BIOSPHERE,0,Foundation,SM_FC_Foundation_SlopeCompensated_12x12,14557.96,15603.4,958.39,400.0,850.0,1200.0
168,1,ZONE_FACULTY_BIOSPHERE,1,GroundFloor,SM_FC_Ground_Lobby_Transit_12x12,14557.96,15603.4,1358.39,600.0,450.0,600.0
168,1,ZONE_FACULTY_BIOSPHERE,2,IntermediateFloor,SM_FC_Mid_Academic_Lab_12x12,14557.96,15603.4,1958.39,400.0,320.0,400.0
168,1,ZONE_FACULTY_BIOSPHERE,3,IntermediateFloor,SM_FC_Mid_Faculty_Chambers_12x12,14557.96,15603.4,2358.39,400.0,280.0,400.0
168,1,ZONE_FACULTY_BIOSPHERE,4,IntermediateFloor,SM_FC_Mid_Academic_Lab_12x12,14557.96,15603.4,2758.39,400.0,320.0,400.0
168,1,ZONE_FACULTY_BIOSPHERE,5,IntermediateFloor,SM_FC_Mid_Faculty_Chambers_12x12,14557.96,15603.4,3158.39,400.0,280.0,400.0
168,1,ZONE_FACULTY_BIOSPHERE,6,Roof,SM_FC_Roof_SolarObservatory_12x12,14557.96,15603.4,3558.39,500.0,140.0,250.0
169,1,ZONE_FACULTY_BIOSPHERE,0,Foundation,SM_FC_Foundation_SlopeCompensated_12x12,12989.8,17171.57,490.62,400.0,850.0,1200.0
169,1,ZONE_FACULTY_BIOSPHERE,1,GroundFloor,SM_FC_Ground_Lobby_Transit_12x12,12989.8,17171.57,890.62,600.0,450.0,600.0
169,1,ZONE_FACULTY_BIOSPHERE,2,IntermediateFloor,SM_FC_Mid_Academic_Lab_12x12,12989.8,17171.57,1490.62,400.0,320.0,400.0
169,1,ZONE_FACULTY_BIOSPHERE,3,Roof,SM_FC_Roof_SolarObservatory_12x12,12989.8,17171.57,1890.62,500.0,140.0,250.0
170,1,ZONE_FACULTY_BIOSPHERE,0,Foundation,SM_FC_Foundation_SlopeCompensated_12x12,11421.64,18739.73,-181.81,400.0,850.0,1200.0
170,1,ZONE_FACULTY_BIOSPHERE,1,GroundFloor,SM_FC_Ground_Lobby_Transit_12x12,11421.64,18739.73,218.19,600.0,450.0,600.0
170,1,ZONE_FACULTY_BIOSPHERE,2,IntermediateFloor,SM_FC_Mid_Academic_Lab_12x12,11421.64,18739.73,818.19,400.0,320.0,400.0
170,1,ZONE_FACULTY_BIOSPHERE,3,IntermediateFloor,SM_FC_Mid_Faculty_Chambers_12x12,11421.64,18739.73,1218.19,400.0,280.0,400.0
170,1,ZONE_FACULTY_BIOSPHERE,4,Roof,SM_FC_Roof_SolarObservatory_12x12,11421.64,18739.73,1618.19,500.0,140.0,250.0
171,1,ZONE_FACULTY_BIOSPHERE,0,Foundation,SM_FC_Foundation_SlopeCompensated_12x12,21726.55,12908.89,-285.5,400.0,850.0,1200.0
171,1,ZONE_FACULTY_BIOSPHERE,1,GroundFloor,SM_FC_Ground_Lobby_Transit_12x12,21726.55,12908.89,114.5,600.0,450.0,600.0
171,1,ZONE_FACULTY_BIOSPHERE,2,IntermediateFloor,SM_FC_Mid_Academic_Lab_12x12,21726.55,12908.89,714.5,400.0,320.0,400.0
171,1,ZONE_FACULTY_BIOSPHERE,3,IntermediateFloor,SM_FC_Mid_Faculty_Chambers_12x12,21726.55,12908.89,1114.5,400.0,280.0,400.0
171,1,ZONE_FACULTY_BIOSPHERE,4,IntermediateFloor,SM_FC_Mid_Academic_Lab_12x12,21726.55,12908.89,1514.5,400.0,320.0,400.0
171,1,ZONE_FACULTY_BIOSPHERE,5,IntermediateFloor,SM_FC_Mid_Faculty_Chambers_12x12,21726.55,12908.89,1914.5,400.0,280.0,400.0
171,1,ZONE_FACULTY_BIOSPHERE,6,Roof,SM_FC_Roof_SolarObservatory_12x12,21726.55,12908.89,2314.5,500.0,140.0,250.0
172,1,ZONE_FACULTY_BIOSPHERE,0,Foundation,SM_FC_Foundation_SlopeCompensated_12x12,19837.05,14798.39,656.72,400.0,850.0,1200.0
172,1,ZONE_FACULTY_BIOSPHERE,1,GroundFloor,SM_FC_Ground_Lobby_Transit_12x12,19837.05,14798.39,1056.72,600.0,450.0,600.0
172,1,ZONE_FACULTY_BIOSPHERE,2,IntermediateFloor,SM_FC_Mid_Academic_Lab_12x12,19837.05,14798.39,1656.72,400.0,320.0,400.0
172,1,ZONE_FACULTY_BIOSPHERE,3,Roof,SM_FC_Roof_SolarObservatory_12x12,19837.05,14798.39,2056.72,500.0,140.0,250.0
173,1,ZONE_FACULTY_BIOSPHERE,0,Foundation,SM_FC_Foundation_SlopeCompensated_12x12,17947.56,16687.89,1294.75,400.0,850.0,1200.0
173,1,ZONE_FACULTY_BIOSPHERE,1,GroundFloor,SM_FC_Ground_Lobby_Transit_12x12,17947.56,16687.89,1694.75,600.0,450.0,600.0
173,1,ZONE_FACULTY_BIOSPHERE,2,IntermediateFloor,SM_FC_Mid_Academic_Lab_12x12,17947.56,16687.89,2294.75,400.0,320.0,400.0
173,1,ZONE_FACULTY_BIOSPHERE,3,IntermediateFloor,SM_FC_Mid_Faculty_Chambers_12x12,17947.56,16687.89,2694.75,400.0,280.0,400.0
173,1,ZONE_FACULTY_BIOSPHERE,4,IntermediateFloor,SM_FC_Mid_Academic_Lab_12x12,17947.56,16687.89,3094.75,400.0,320.0,400.0
173,1,ZONE_FACULTY_BIOSPHERE,5,Roof,SM_FC_Roof_SolarObservatory_12x12,17947.56,16687.89,3494.75,500.0,140.0,250.0
174,1,ZONE_FACULTY_BIOSPHERE,0,Foundation,SM_FC_Foundation_SlopeCompensated_12x12,16058.06,18577.39,1115.87,400.0,850.0,1200.0
174,1,ZONE_FACULTY_BIOSPHERE,1,GroundFloor,SM_FC_Ground_Lobby_Transit_12x12,16058.06,18577.39,1515.87,600.0,450.0,600.0
174,1,ZONE_FACULTY_BIOSPHERE,2,IntermediateFloor,SM_FC_Mid_Academic_Lab_12x12,16058.06,18577.39,2115.87,400.0,320.0,400.0
174,1,ZONE_FACULTY_BIOSPHERE,3,IntermediateFloor,SM_FC_Mid_Faculty_Chambers_12x12,16058.06,18577.39,2515.87,400.0,280.0,400.0
174,1,ZONE_FACULTY_BIOSPHERE,4,IntermediateFloor,SM_FC_Mid_Academic_Lab_12x12,16058.06,18577.39,2915.87,400.0,320.0,400.0
174,1,ZONE_FACULTY_BIOSPHERE,5,IntermediateFloor,SM_FC_Mid_Faculty_Chambers_12x12,16058.06,18577.39,3315.87,400.0,280.0,400.0
174,1,ZONE_FACULTY_BIOSPHERE,6,IntermediateFloor,SM_FC_Mid_Academic_Lab_12x12,16058.06,18577.39,3715.87,400.0,320.0,400.0
174,1,ZONE_FACULTY_BIOSPHERE,7,Roof,SM_FC_Roof_SolarObservatory_12x12,16058.06,18577.39,4115.87,500.0,140.0,250.0
175,1,ZONE_FACULTY_BIOSPHERE,0,Foundation,SM_FC_Foundation_SlopeCompensated_12x12,14168.56,20466.89,376.44,400.0,850.0,1200.0
175,1,ZONE_FACULTY_BIOSPHERE,1,GroundFloor,SM_FC_Ground_Lobby_Transit_12x12,14168.56,20466.89,776.44,600.0,450.0,600.0
175,1,ZONE_FACULTY_BIOSPHERE,2,IntermediateFloor,SM_FC_Mid_Academic_Lab_12x12,14168.56,20466.89,1376.44,400.0,320.0,400.0
175,1,ZONE_FACULTY_BIOSPHERE,3,IntermediateFloor,SM_FC_Mid_Faculty_Chambers_12x12,14168.56,20466.89,1776.44,400.0,280.0,400.0
175,1,ZONE_FACULTY_BIOSPHERE,4,IntermediateFloor,SM_FC_Mid_Academic_Lab_12x12,14168.56,20466.89,2176.44,400.0,320.0,400.0
175,1,ZONE_FACULTY_BIOSPHERE,5,IntermediateFloor,SM_FC_Mid_Faculty_Chambers_12x12,14168.56,20466.89,2576.44,400.0,280.0,400.0
175,1,ZONE_FACULTY_BIOSPHERE,6,Roof,SM_FC_Roof_SolarObservatory_12x12,14168.56,20466.89,2976.44,500.0,140.0,250.0
176,1,ZONE_FACULTY_BIOSPHERE,0,Foundation,SM_FC_Foundation_SlopeCompensated_12x12,23976.43,15133.1,58.24,400.0,850.0,1200.0
176,1,ZONE_FACULTY_BIOSPHERE,1,GroundFloor,SM_FC_Ground_Lobby_Transit_12x12,23976.43,15133.1,458.24,600.0,450.0,600.0
176,1,ZONE_FACULTY_BIOSPHERE,2,IntermediateFloor,SM_FC_Mid_Academic_Lab_12x12,23976.43,15133.1,1058.24,400.0,320.0,400.0
176,1,ZONE_FACULTY_BIOSPHERE,3,IntermediateFloor,SM_FC_Mid_Faculty_Chambers_12x12,23976.43,15133.1,1458.24,400.0,280.0,400.0
176,1,ZONE_FACULTY_BIOSPHERE,4,IntermediateFloor,SM_FC_Mid_Academic_Lab_12x12,23976.43,15133.1,1858.24,400.0,320.0,400.0
176,1,ZONE_FACULTY_BIOSPHERE,5,Roof,SM_FC_Roof_SolarObservatory_12x12,23976.43,15133.1,2258.24,500.0,140.0,250.0
177,1,ZONE_FACULTY_BIOSPHERE,0,Foundation,SM_FC_Foundation_SlopeCompensated_12x12,21765.6,17343.93,1118.55,400.0,850.0,1200.0
177,1,ZONE_FACULTY_BIOSPHERE,1,GroundFloor,SM_FC_Ground_Lobby_Transit_12x12,21765.6,17343.93,1518.55,600.0,450.0,600.0
177,1,ZONE_FACULTY_BIOSPHERE,2,IntermediateFloor,SM_FC_Mid_Academic_Lab_12x12,21765.6,17343.93,2118.55,400.0,320.0,400.0
177,1,ZONE_FACULTY_BIOSPHERE,3,IntermediateFloor,SM_FC_Mid_Faculty_Chambers_12x12,21765.6,17343.93,2518.55,400.0,280.0,400.0
177,1,ZONE_FACULTY_BIOSPHERE,4,IntermediateFloor,SM_FC_Mid_Academic_Lab_12x12,21765.6,17343.93,2918.55,400.0,320.0,400.0
177,1,ZONE_FACULTY_BIOSPHERE,5,IntermediateFloor,SM_FC_Mid_Faculty_Chambers_12x12,21765.6,17343.93,3318.55,400.0,280.0,400.0
177,1,ZONE_FACULTY_BIOSPHERE,6,Roof,SM_FC_Roof_SolarObservatory_12x12,21765.6,17343.93,3718.55,500.0,140.0,250.0
178,1,ZONE_FACULTY_BIOSPHERE,0,Foundation,SM_FC_Foundation_SlopeCompensated_12x12,19554.76,19554.76,1778.47,400.0,850.0,1200.0
178,1,ZONE_FACULTY_BIOSPHERE,1,GroundFloor,SM_FC_Ground_Lobby_Transit_12x12,19554.76,19554.76,2178.47,600.0,450.0,600.0
178,1,ZONE_FACULTY_BIOSPHERE,2,IntermediateFloor,SM_FC_Mid_Academic_Lab_12x12,19554.76,19554.76,2778.47,400.0,320.0,400.0
178,1,ZONE_FACULTY_BIOSPHERE,3,IntermediateFloor,SM_FC_Mid_Faculty_Chambers_12x12,19554.76,19554.76,3178.47,400.0,280.0,400.0
178,1,ZONE_FACULTY_BIOSPHERE,4,IntermediateFloor,SM_FC_Mid_Academic_Lab_12x12,19554.76,19554.76,3578.47,400.0,320.0,400.0
178,1,ZONE_FACULTY_BIOSPHERE,5,Roof,SM_FC_Roof_SolarObservatory_12x12,19554.76,19554.76,3978.47,500.0,140.0,250.0
179,1,ZONE_FACULTY_BIOSPHERE,0,Foundation,SM_FC_Foundation_SlopeCompensated_12x12,17343.93,21765.6,1118.55,400.0,850.0,1200.0
179,1,ZONE_FACULTY_BIOSPHERE,1,GroundFloor,SM_FC_Ground_Lobby_Transit_12x12,17343.93,21765.6,1518.55,600.0,450.0,600.0
179,1,ZONE_FACULTY_BIOSPHERE,2,IntermediateFloor,SM_FC_Mid_Academic_Lab_12x12,17343.93,21765.6,2118.55,400.0,320.0,400.0
179,1,ZONE_FACULTY_BIOSPHERE,3,IntermediateFloor,SM_FC_Mid_Faculty_Chambers_12x12,17343.93,21765.6,2518.55,400.0,280.0,400.0
179,1,ZONE_FACULTY_BIOSPHERE,4,IntermediateFloor,SM_FC_Mid_Academic_Lab_12x12,17343.93,21765.6,2918.55,400.0,320.0,400.0
179,1,ZONE_FACULTY_BIOSPHERE,5,IntermediateFloor,SM_FC_Mid_Faculty_Chambers_12x12,17343.93,21765.6,3318.55,400.0,280.0,400.0
179,1,ZONE_FACULTY_BIOSPHERE,6,Roof,SM_FC_Roof_SolarObservatory_12x12,17343.93,21765.6,3718.55,500.0,140.0,250.0
180,1,ZONE_FACULTY_BIOSPHERE,0,Foundation,SM_FC_Foundation_SlopeCompensated_12x12,15133.1,23976.43,58.24,400.0,850.0,1200.0
180,1,ZONE_FACULTY_BIOSPHERE,1,GroundFloor,SM_FC_Ground_Lobby_Transit_12x12,15133.1,23976.43,458.24,600.0,450.0,600.0
180,1,ZONE_FACULTY_BIOSPHERE,2,IntermediateFloor,SM_FC_Mid_Academic_Lab_12x12,15133.1,23976.43,1058.24,400.0,320.0,400.0
180,1,ZONE_FACULTY_BIOSPHERE,3,IntermediateFloor,SM_FC_Mid_Faculty_Chambers_12x12,15133.1,23976.43,1458.24,400.0,280.0,400.0
180,1,ZONE_FACULTY_BIOSPHERE,4,IntermediateFloor,SM_FC_Mid_Academic_Lab_12x12,15133.1,23976.43,1858.24,400.0,320.0,400.0
180,1,ZONE_FACULTY_BIOSPHERE,5,Roof,SM_FC_Roof_SolarObservatory_12x12,15133.1,23976.43,2258.24,500.0,140.0,250.0
181,1,ZONE_FACULTY_BIOSPHERE,0,Foundation,SM_FC_Foundation_SlopeCompensated_12x12,26012.08,17571.52,532.8,400.0,850.0,1200.0
181,1,ZONE_FACULTY_BIOSPHERE,1,GroundFloor,SM_FC_Ground_Lobby_Transit_12x12,26012.08,17571.52,932.8,600.0,450.0,600.0
181,1,ZONE_FACULTY_BIOSPHERE,2,IntermediateFloor,SM_FC_Mid_Academic_Lab_12x12,26012.08,17571.52,1532.8,400.0,320.0,400.0
181,1,ZONE_FACULTY_BIOSPHERE,3,Roof,SM_FC_Roof_SolarObservatory_12x12,26012.08,17571.52,1932.8,500.0,140.0,250.0
182,1,ZONE_FACULTY_BIOSPHERE,0,Foundation,SM_FC_Foundation_SlopeCompensated_12x12,23479.92,20103.69,1632.78,400.0,850.0,1200.0
182,1,ZONE_FACULTY_BIOSPHERE,1,GroundFloor,SM_FC_Ground_Lobby_Transit_12x12,23479.92,20103.69,2032.78,600.0,450.0,600.0
182,1,ZONE_FACULTY_BIOSPHERE,2,IntermediateFloor,SM_FC_Mid_Academic_Lab_12x12,23479.92,20103.69,2632.78,400.0,320.0,400.0
182,1,ZONE_FACULTY_BIOSPHERE,3,Roof,SM_FC_Roof_SolarObservatory_12x12,23479.92,20103.69,3032.78,500.0,140.0,250.0
183,1,ZONE_FACULTY_BIOSPHERE,0,Foundation,SM_FC_Foundation_SlopeCompensated_12x12,20947.75,22635.86,1890.06,400.0,850.0,1200.0
183,1,ZONE_FACULTY_BIOSPHERE,1,GroundFloor,SM_FC_Ground_Lobby_Transit_12x12,20947.75,22635.86,2290.06,600.0,450.0,600.0
183,1,ZONE_FACULTY_BIOSPHERE,2,IntermediateFloor,SM_FC_Mid_Academic_Lab_12x12,20947.75,22635.86,2890.06,400.0,320.0,400.0
183,1,ZONE_FACULTY_BIOSPHERE,3,IntermediateFloor,SM_FC_Mid_Faculty_Chambers_12x12,20947.75,22635.86,3290.06,400.0,280.0,400.0
183,1,ZONE_FACULTY_BIOSPHERE,4,Roof,SM_FC_Roof_SolarObservatory_12x12,20947.75,22635.86,3690.06,500.0,140.0,250.0
184,1,ZONE_FACULTY_BIOSPHERE,0,Foundation,SM_FC_Foundation_SlopeCompensated_12x12,18415.58,25168.03,954.15,400.0,850.0,1200.0
184,1,ZONE_FACULTY_BIOSPHERE,1,GroundFloor,SM_FC_Ground_Lobby_Transit_12x12,18415.58,25168.03,1354.15,600.0,450.0,600.0
184,1,ZONE_FACULTY_BIOSPHERE,2,IntermediateFloor,SM_FC_Mid_Academic_Lab_12x12,18415.58,25168.03,1954.15,400.0,320.0,400.0
184,1,ZONE_FACULTY_BIOSPHERE,3,IntermediateFloor,SM_FC_Mid_Faculty_Chambers_12x12,18415.58,25168.03,2354.15,400.0,280.0,400.0
184,1,ZONE_FACULTY_BIOSPHERE,4,Roof,SM_FC_Roof_SolarObservatory_12x12,18415.58,25168.03,2754.15,500.0,140.0,250.0
185,1,ZONE_FACULTY_BIOSPHERE,0,Foundation,SM_FC_Foundation_SlopeCompensated_12x12,15883.41,27700.2,-473.95,400.0,850.0,1200.0
185,1,ZONE_FACULTY_BIOSPHERE,1,GroundFloor,SM_FC_Ground_Lobby_Transit_12x12,15883.41,27700.2,-73.95,600.0,450.0,600.0
185,1,ZONE_FACULTY_BIOSPHERE,2,IntermediateFloor,SM_FC_Mid_Academic_Lab_12x12,15883.41,27700.2,526.05,400.0,320.0,400.0
185,1,ZONE_FACULTY_BIOSPHERE,3,IntermediateFloor,SM_FC_Mid_Faculty_Chambers_12x12,15883.41,27700.2,926.05,400.0,280.0,400.0
185,1,ZONE_FACULTY_BIOSPHERE,4,Roof,SM_FC_Roof_SolarObservatory_12x12,15883.41,27700.2,1326.05,500.0,140.0,250.0
186,1,ZONE_FACULTY_BIOSPHERE,0,Foundation,SM_FC_Foundation_SlopeCompensated_12x12,30687.02,17370.67,-551.63,400.0,850.0,1200.0
186,1,ZONE_FACULTY_BIOSPHERE,1,GroundFloor,SM_FC_Ground_Lobby_Transit_12x12,30687.02,17370.67,-151.63,600.0,450.0,600.0
186,1,ZONE_FACULTY_BIOSPHERE,2,IntermediateFloor,SM_FC_Mid_Academic_Lab_12x12,30687.02,17370.67,448.37,400.0,320.0,400.0
186,1,ZONE_FACULTY_BIOSPHERE,3,IntermediateFloor,SM_FC_Mid_Faculty_Chambers_12x12,30687.02,17370.67,848.37,400.0,280.0,400.0
186,1,ZONE_FACULTY_BIOSPHERE,4,IntermediateFloor,SM_FC_Mid_Academic_Lab_12x12,30687.02,17370.67,1248.37,400.0,320.0,400.0
186,1,ZONE_FACULTY_BIOSPHERE,5,IntermediateFloor,SM_FC_Mid_Faculty_Chambers_12x12,30687.02,17370.67,1648.37,400.0,280.0,400.0
186,1,ZONE_FACULTY_BIOSPHERE,6,Roof,SM_FC_Roof_SolarObservatory_12x12,30687.02,17370.67,2048.37,500.0,140.0,250.0
187,1,ZONE_FACULTY_BIOSPHERE,0,Foundation,SM_FC_Foundation_SlopeCompensated_12x12,27833.52,20224.17,1093.18,400.0,850.0,1200.0
187,1,ZONE_FACULTY_BIOSPHERE,1,GroundFloor,SM_FC_Ground_Lobby_Transit_12x12,27833.52,20224.17,1493.18,600.0,450.0,600.0
187,1,ZONE_FACULTY_BIOSPHERE,2,IntermediateFloor,SM_FC_Mid_Academic_Lab_12x12,27833.52,20224.17,2093.18,400.0,320.0,400.0
187,1,ZONE_FACULTY_BIOSPHERE,3,IntermediateFloor,SM_FC_Mid_Faculty_Chambers_12x12,27833.52,20224.17,2493.18,400.0,280.0,400.0
187,1,ZONE_FACULTY_BIOSPHERE,4,IntermediateFloor,SM_FC_Mid_Academic_Lab_12x12,27833.52,20224.17,2893.18,400.0,320.0,400.0
187,1,ZONE_FACULTY_BIOSPHERE,5,IntermediateFloor,SM_FC_Mid_Faculty_Chambers_12x12,27833.52,20224.17,3293.18,400.0,280.0,400.0
187,1,ZONE_FACULTY_BIOSPHERE,6,IntermediateFloor,SM_FC_Mid_Academic_Lab_12x12,27833.52,20224.17,3693.18,400.0,320.0,400.0
187,1,ZONE_FACULTY_BIOSPHERE,7,IntermediateFloor,SM_FC_Mid_Faculty_Chambers_12x12,27833.52,20224.17,4093.18,400.0,280.0,400.0
187,1,ZONE_FACULTY_BIOSPHERE,8,Roof,SM_FC_Roof_SolarObservatory_12x12,27833.52,20224.17,4493.18,500.0,140.0,250.0
188,1,ZONE_FACULTY_BIOSPHERE,0,Foundation,SM_FC_Foundation_SlopeCompensated_12x12,24980.01,23077.68,2159.39,400.0,850.0,1200.0
188,1,ZONE_FACULTY_BIOSPHERE,1,GroundFloor,SM_FC_Ground_Lobby_Transit_12x12,24980.01,23077.68,2559.39,600.0,450.0,600.0
188,1,ZONE_FACULTY_BIOSPHERE,2,IntermediateFloor,SM_FC_Mid_Academic_Lab_12x12,24980.01,23077.68,3159.39,400.0,320.0,400.0
188,1,ZONE_FACULTY_BIOSPHERE,3,IntermediateFloor,SM_FC_Mid_Faculty_Chambers_12x12,24980.01,23077.68,3559.39,400.0,280.0,400.0
188,1,ZONE_FACULTY_BIOSPHERE,4,IntermediateFloor,SM_FC_Mid_Academic_Lab_12x12,24980.01,23077.68,3959.39,400.0,320.0,400.0
188,1,ZONE_FACULTY_BIOSPHERE,5,IntermediateFloor,SM_FC_Mid_Faculty_Chambers_12x12,24980.01,23077.68,4359.39,400.0,280.0,400.0
188,1,ZONE_FACULTY_BIOSPHERE,6,Roof,SM_FC_Roof_SolarObservatory_12x12,24980.01,23077.68,4759.39,500.0,140.0,250.0
189,1,ZONE_FACULTY_BIOSPHERE,0,Foundation,SM_FC_Foundation_SlopeCompensated_12x12,22126.51,25931.18,1868.28,400.0,850.0,1200.0
189,1,ZONE_FACULTY_BIOSPHERE,1,GroundFloor,SM_FC_Ground_Lobby_Transit_12x12,22126.51,25931.18,2268.28,600.0,450.0,600.0
189,1,ZONE_FACULTY_BIOSPHERE,2,IntermediateFloor,SM_FC_Mid_Academic_Lab_12x12,22126.51,25931.18,2868.28,400.0,320.0,400.0
189,1,ZONE_FACULTY_BIOSPHERE,3,IntermediateFloor,SM_FC_Mid_Faculty_Chambers_12x12,22126.51,25931.18,3268.28,400.0,280.0,400.0
189,1,ZONE_FACULTY_BIOSPHERE,4,IntermediateFloor,SM_FC_Mid_Academic_Lab_12x12,22126.51,25931.18,3668.28,400.0,320.0,400.0
189,1,ZONE_FACULTY_BIOSPHERE,5,IntermediateFloor,SM_FC_Mid_Faculty_Chambers_12x12,22126.51,25931.18,4068.28,400.0,280.0,400.0
189,1,ZONE_FACULTY_BIOSPHERE,6,IntermediateFloor,SM_FC_Mid_Academic_Lab_12x12,22126.51,25931.18,4468.28,400.0,320.0,400.0
189,1,ZONE_FACULTY_BIOSPHERE,7,Roof,SM_FC_Roof_SolarObservatory_12x12,22126.51,25931.18,4868.28,500.0,140.0,250.0
190,1,ZONE_FACULTY_BIOSPHERE,0,Foundation,SM_FC_Foundation_SlopeCompensated_12x12,19273.0,28784.68,609.2,400.0,850.0,1200.0
190,1,ZONE_FACULTY_BIOSPHERE,1,GroundFloor,SM_FC_Ground_Lobby_Transit_12x12,19273.0,28784.68,1009.2,600.0,450.0,600.0
190,1,ZONE_FACULTY_BIOSPHERE,2,IntermediateFloor,SM_FC_Mid_Academic_Lab_12x12,19273.0,28784.68,1609.2,400.0,320.0,400.0
190,1,ZONE_FACULTY_BIOSPHERE,3,IntermediateFloor,SM_FC_Mid_Faculty_Chambers_12x12,19273.0,28784.68,2009.2,400.0,280.0,400.0
190,1,ZONE_FACULTY_BIOSPHERE,4,Roof,SM_FC_Roof_SolarObservatory_12x12,19273.0,28784.68,2409.2,500.0,140.0,250.0
191,1,ZONE_FACULTY_BIOSPHERE,0,Foundation,SM_FC_Foundation_SlopeCompensated_12x12,32615.56,19916.21,73.13,400.0,850.0,1200.0
191,1,ZONE_FACULTY_BIOSPHERE,1,GroundFloor,SM_FC_Ground_Lobby_Transit_12x12,32615.56,19916.21,473.13,600.0,450.0,600.0
191,1,ZONE_FACULTY_BIOSPHERE,2,IntermediateFloor,SM_FC_Mid_Academic_Lab_12x12,32615.56,19916.21,1073.13,400.0,320.0,400.0
191,1,ZONE_FACULTY_BIOSPHERE,3,IntermediateFloor,SM_FC_Mid_Faculty_Chambers_12x12,32615.56,19916.21,1473.13,400.0,280.0,400.0
191,1,ZONE_FACULTY_BIOSPHERE,4,IntermediateFloor,SM_FC_Mid_Academic_Lab_12x12,32615.56,19916.21,1873.13,400.0,320.0,400.0
191,1,ZONE_FACULTY_BIOSPHERE,5,IntermediateFloor,SM_FC_Mid_Faculty_Chambers_12x12,32615.56,19916.21,2273.13,400.0,280.0,400.0
191,1,ZONE_FACULTY_BIOSPHERE,6,IntermediateFloor,SM_FC_Mid_Academic_Lab_12x12,32615.56,19916.21,2673.13,400.0,320.0,400.0
191,1,ZONE_FACULTY_BIOSPHERE,7,IntermediateFloor,SM_FC_Mid_Faculty_Chambers_12x12,32615.56,19916.21,3073.13,400.0,280.0,400.0
191,1,ZONE_FACULTY_BIOSPHERE,8,Roof,SM_FC_Roof_SolarObservatory_12x12,32615.56,19916.21,3473.13,500.0,140.0,250.0
192,1,ZONE_FACULTY_BIOSPHERE,0,Foundation,SM_FC_Foundation_SlopeCompensated_12x12,29440.72,23091.04,1696.53,400.0,850.0,1200.0
192,1,ZONE_FACULTY_BIOSPHERE,1,GroundFloor,SM_FC_Ground_Lobby_Transit_12x12,29440.72,23091.04,2096.53,600.0,450.0,600.0
192,1,ZONE_FACULTY_BIOSPHERE,2,IntermediateFloor,SM_FC_Mid_Academic_Lab_12x12,29440.72,23091.04,2696.53,400.0,320.0,400.0
192,1,ZONE_FACULTY_BIOSPHERE,3,IntermediateFloor,SM_FC_Mid_Faculty_Chambers_12x12,29440.72,23091.04,3096.53,400.0,280.0,400.0
192,1,ZONE_FACULTY_BIOSPHERE,4,IntermediateFloor,SM_FC_Mid_Academic_Lab_12x12,29440.72,23091.04,3496.53,400.0,320.0,400.0
192,1,ZONE_FACULTY_BIOSPHERE,5,Roof,SM_FC_Roof_SolarObservatory_12x12,29440.72,23091.04,3896.53,500.0,140.0,250.0
193,1,ZONE_FACULTY_BIOSPHERE,0,Foundation,SM_FC_Foundation_SlopeCompensated_12x12,26265.88,26265.88,2661.25,400.0,850.0,1200.0
193,1,ZONE_FACULTY_BIOSPHERE,1,GroundFloor,SM_FC_Ground_Lobby_Transit_12x12,26265.88,26265.88,3061.25,600.0,450.0,600.0
193,1,ZONE_FACULTY_BIOSPHERE,2,IntermediateFloor,SM_FC_Mid_Academic_Lab_12x12,26265.88,26265.88,3661.25,400.0,320.0,400.0
193,1,ZONE_FACULTY_BIOSPHERE,3,IntermediateFloor,SM_FC_Mid_Faculty_Chambers_12x12,26265.88,26265.88,4061.25,400.0,280.0,400.0
193,1,ZONE_FACULTY_BIOSPHERE,4,IntermediateFloor,SM_FC_Mid_Academic_Lab_12x12,26265.88,26265.88,4461.25,400.0,320.0,400.0
193,1,ZONE_FACULTY_BIOSPHERE,5,IntermediateFloor,SM_FC_Mid_Faculty_Chambers_12x12,26265.88,26265.88,4861.25,400.0,280.0,400.0
193,1,ZONE_FACULTY_BIOSPHERE,6,IntermediateFloor,SM_FC_Mid_Academic_Lab_12x12,26265.88,26265.88,5261.25,400.0,320.0,400.0
193,1,ZONE_FACULTY_BIOSPHERE,7,Roof,SM_FC_Roof_SolarObservatory_12x12,26265.88,26265.88,5661.25,500.0,140.0,250.0
194,1,ZONE_FACULTY_BIOSPHERE,0,Foundation,SM_FC_Foundation_SlopeCompensated_12x12,23091.04,29440.72,1696.53,400.0,850.0,1200.0
194,1,ZONE_FACULTY_BIOSPHERE,1,GroundFloor,SM_FC_Ground_Lobby_Transit_12x12,23091.04,29440.72,2096.53,600.0,450.0,600.0
194,1,ZONE_FACULTY_BIOSPHERE,2,IntermediateFloor,SM_FC_Mid_Academic_Lab_12x12,23091.04,29440.72,2696.53,400.0,320.0,400.0
194,1,ZONE_FACULTY_BIOSPHERE,3,IntermediateFloor,SM_FC_Mid_Faculty_Chambers_12x12,23091.04,29440.72,3096.53,400.0,280.0,400.0
194,1,ZONE_FACULTY_BIOSPHERE,4,Roof,SM_FC_Roof_SolarObservatory_12x12,23091.04,29440.72,3496.53,500.0,140.0,250.0
195,1,ZONE_FACULTY_BIOSPHERE,0,Foundation,SM_FC_Foundation_SlopeCompensated_12x12,19916.21,32615.56,73.13,400.0,850.0,1200.0
195,1,ZONE_FACULTY_BIOSPHERE,1,GroundFloor,SM_FC_Ground_Lobby_Transit_12x12,19916.21,32615.56,473.13,600.0,450.0,600.0
195,1,ZONE_FACULTY_BIOSPHERE,2,IntermediateFloor,SM_FC_Mid_Academic_Lab_12x12,19916.21,32615.56,1073.13,400.0,320.0,400.0
195,1,ZONE_FACULTY_BIOSPHERE,3,IntermediateFloor,SM_FC_Mid_Faculty_Chambers_12x12,19916.21,32615.56,1473.13,400.0,280.0,400.0
195,1,ZONE_FACULTY_BIOSPHERE,4,Roof,SM_FC_Roof_SolarObservatory_12x12,19916.21,32615.56,1873.13,500.0,140.0,250.0
196,1,ZONE_FACULTY_BIOSPHERE,0,Foundation,SM_FC_Foundation_SlopeCompensated_12x12,34329.88,22675.97,769.23,400.0,850.0,1200.0
196,1,ZONE_FACULTY_BIOSPHERE,1,GroundFloor,SM_FC_Ground_Lobby_Transit_12x12,34329.88,22675.97,1169.23,600.0,450.0,600.0
196,1,ZONE_FACULTY_BIOSPHERE,2,IntermediateFloor,SM_FC_Mid_Academic_Lab_12x12,34329.88,22675.97,1769.23,400.0,320.0,400.0
196,1,ZONE_FACULTY_BIOSPHERE,3,Roof,SM_FC_Roof_SolarObservatory_12x12,34329.88,22675.97,2169.23,500.0,140.0,250.0
197,1,ZONE_FACULTY_BIOSPHERE,0,Foundation,SM_FC_Foundation_SlopeCompensated_12x12,30833.71,26172.14,2302.91,400.0,850.0,1200.0
197,1,ZONE_FACULTY_BIOSPHERE,1,GroundFloor,SM_FC_Ground_Lobby_Transit_12x12,30833.71,26172.14,2702.91,600.0,450.0,600.0
197,1,ZONE_FACULTY_BIOSPHERE,2,IntermediateFloor,SM_FC_Mid_Academic_Lab_12x12,30833.71,26172.14,3302.91,400.0,320.0,400.0
197,1,ZONE_FACULTY_BIOSPHERE,3,IntermediateFloor,SM_FC_Mid_Faculty_Chambers_12x12,30833.71,26172.14,3702.91,400.0,280.0,400.0
197,1,ZONE_FACULTY_BIOSPHERE,4,IntermediateFloor,SM_FC_Mid_Academic_Lab_12x12,30833.71,26172.14,4102.91,400.0,320.0,400.0
197,1,ZONE_FACULTY_BIOSPHERE,5,IntermediateFloor,SM_FC_Mid_Faculty_Chambers_12x12,30833.71,26172.14,4502.91,400.0,280.0,400.0
197,1,ZONE_FACULTY_BIOSPHERE,6,IntermediateFloor,SM_FC_Mid_Academic_Lab_12x12,30833.71,26172.14,4902.91,400.0,320.0,400.0
197,1,ZONE_FACULTY_BIOSPHERE,7,IntermediateFloor,SM_FC_Mid_Faculty_Chambers_12x12,30833.71,26172.14,5302.91,400.0,280.0,400.0
197,1,ZONE_FACULTY_BIOSPHERE,8,Roof,SM_FC_Roof_SolarObservatory_12x12,30833.71,26172.14,5702.91,500.0,140.0,250.0
198,1,ZONE_FACULTY_BIOSPHERE,0,Foundation,SM_FC_Foundation_SlopeCompensated_12x12,27337.53,29668.32,2651.57,400.0,850.0,1200.0
198,1,ZONE_FACULTY_BIOSPHERE,1,GroundFloor,SM_FC_Ground_Lobby_Transit_12x12,27337.53,29668.32,3051.57,600.0,450.0,600.0
198,1,ZONE_FACULTY_BIOSPHERE,2,IntermediateFloor,SM_FC_Mid_Academic_Lab_12x12,27337.53,29668.32,3651.57,400.0,320.0,400.0
198,1,ZONE_FACULTY_BIOSPHERE,3,IntermediateFloor,SM_FC_Mid_Faculty_Chambers_12x12,27337.53,29668.32,4051.57,400.0,280.0,400.0
198,1,ZONE_FACULTY_BIOSPHERE,4,IntermediateFloor,SM_FC_Mid_Academic_Lab_12x12,27337.53,29668.32,4451.57,400.0,320.0,400.0
198,1,ZONE_FACULTY_BIOSPHERE,5,IntermediateFloor,SM_FC_Mid_Faculty_Chambers_12x12,27337.53,29668.32,4851.57,400.0,280.0,400.0
198,1,ZONE_FACULTY_BIOSPHERE,6,Roof,SM_FC_Roof_SolarObservatory_12x12,27337.53,29668.32,5251.57,500.0,140.0,250.0
199,1,ZONE_FACULTY_BIOSPHERE,0,Foundation,SM_FC_Foundation_SlopeCompensated_12x12,23841.36,33164.49,1361.74,400.0,850.0,1200.0
199,1,ZONE_FACULTY_BIOSPHERE,1,GroundFloor,SM_FC_Ground_Lobby_Transit_12x12,23841.36,33164.49,1761.74,600.0,450.0,600.0
199,1,ZONE_FACULTY_BIOSPHERE,2,IntermediateFloor,SM_FC_Mid_Academic_Lab_12x12,23841.36,33164.49,2361.74,400.0,320.0,400.0
199,1,ZONE_FACULTY_BIOSPHERE,3,IntermediateFloor,SM_FC_Mid_Faculty_Chambers_12x12,23841.36,33164.49,2761.74,400.0,280.0,400.0
199,1,ZONE_FACULTY_BIOSPHERE,4,IntermediateFloor,SM_FC_Mid_Academic_Lab_12x12,23841.36,33164.49,3161.74,400.0,320.0,400.0
199,1,ZONE_FACULTY_BIOSPHERE,5,IntermediateFloor,SM_FC_Mid_Faculty_Chambers_12x12,23841.36,33164.49,3561.74,400.0,280.0,400.0
199,1,ZONE_FACULTY_BIOSPHERE,6,IntermediateFloor,SM_FC_Mid_Academic_Lab_12x12,23841.36,33164.49,3961.74,400.0,320.0,400.0
199,1,ZONE_FACULTY_BIOSPHERE,7,Roof,SM_FC_Roof_SolarObservatory_12x12,23841.36,33164.49,4361.74,500.0,140.0,250.0
200,1,ZONE_FACULTY_BIOSPHERE,0,Foundation,SM_FC_Foundation_SlopeCompensated_12x12,20345.18,36660.66,-659.63,400.0,850.0,1200.0
200,1,ZONE_FACULTY_BIOSPHERE,1,GroundFloor,SM_FC_Ground_Lobby_Transit_12x12,20345.18,36660.66,-259.63,600.0,450.0,600.0
200,1,ZONE_FACULTY_BIOSPHERE,2,IntermediateFloor,SM_FC_Mid_Academic_Lab_12x12,20345.18,36660.66,340.37,400.0,320.0,400.0
200,1,ZONE_FACULTY_BIOSPHERE,3,IntermediateFloor,SM_FC_Mid_Faculty_Chambers_12x12,20345.18,36660.66,740.37,400.0,280.0,400.0
200,1,ZONE_FACULTY_BIOSPHERE,4,IntermediateFloor,SM_FC_Mid_Academic_Lab_12x12,20345.18,36660.66,1140.37,400.0,320.0,400.0
200,1,ZONE_FACULTY_BIOSPHERE,5,IntermediateFloor,SM_FC_Mid_Faculty_Chambers_12x12,20345.18,36660.66,1540.37,400.0,280.0,400.0
200,1,ZONE_FACULTY_BIOSPHERE,6,Roof,SM_FC_Roof_SolarObservatory_12x12,20345.18,36660.66,1940.37,500.0,140.0,250.0
201,1,ZONE_FACULTY_BIOSPHERE,0,Foundation,SM_FC_Foundation_SlopeCompensated_12x12,39647.49,21832.44,-685.15,400.0,850.0,1200.0
201,1,ZONE_FACULTY_BIOSPHERE,1,GroundFloor,SM_FC_Ground_Lobby_Transit_12x12,39647.49,21832.44,-285.15,600.0,450.0,600.0
201,1,ZONE_FACULTY_BIOSPHERE,2,IntermediateFloor,SM_FC_Mid_Academic_Lab_12x12,39647.49,21832.44,314.85,400.0,320.0,400.0
201,1,ZONE_FACULTY_BIOSPHERE,3,IntermediateFloor,SM_FC_Mid_Faculty_Chambers_12x12,39647.49,21832.44,714.85,400.0,280.0,400.0
201,1,ZONE_FACULTY_BIOSPHERE,4,IntermediateFloor,SM_FC_Mid_Academic_Lab_12x12,39647.49,21832.44,1114.85,400.0,320.0,400.0
201,1,ZONE_FACULTY_BIOSPHERE,5,IntermediateFloor,SM_FC_Mid_Faculty_Chambers_12x12,39647.49,21832.44,1514.85,400.0,280.0,400.0
201,1,ZONE_FACULTY_BIOSPHERE,6,IntermediateFloor,SM_FC_Mid_Academic_Lab_12x12,39647.49,21832.44,1914.85,400.0,320.0,400.0
201,1,ZONE_FACULTY_BIOSPHERE,7,IntermediateFloor,SM_FC_Mid_Faculty_Chambers_12x12,39647.49,21832.44,2314.85,400.0,280.0,400.0
201,1,ZONE_FACULTY_BIOSPHERE,8,Roof,SM_FC_Roof_SolarObservatory_12x12,39647.49,21832.44,2714.85,500.0,140.0,250.0
202,1,ZONE_FACULTY_BIOSPHERE,0,Foundation,SM_FC_Foundation_SlopeCompensated_12x12,35829.98,25649.95,1493.7,400.0,850.0,1200.0
202,1,ZONE_FACULTY_BIOSPHERE,1,GroundFloor,SM_FC_Ground_Lobby_Transit_12x12,35829.98,25649.95,1893.7,600.0,450.0,600.0
202,1,ZONE_FACULTY_BIOSPHERE,2,IntermediateFloor,SM_FC_Mid_Academic_Lab_12x12,35829.98,25649.95,2493.7,400.0,320.0,400.0
202,1,ZONE_FACULTY_BIOSPHERE,3,IntermediateFloor,SM_FC_Mid_Faculty_Chambers_12x12,35829.98,25649.95,2893.7,400.0,280.0,400.0
202,1,ZONE_FACULTY_BIOSPHERE,4,IntermediateFloor,SM_FC_Mid_Academic_Lab_12x12,35829.98,25649.95,3293.7,400.0,320.0,400.0
202,1,ZONE_FACULTY_BIOSPHERE,5,Roof,SM_FC_Roof_SolarObservatory_12x12,35829.98,25649.95,3693.7,500.0,140.0,250.0
203,1,ZONE_FACULTY_BIOSPHERE,0,Foundation,SM_FC_Foundation_SlopeCompensated_12x12,32012.47,29467.46,2876.18,400.0,850.0,1200.0
203,1,ZONE_FACULTY_BIOSPHERE,1,GroundFloor,SM_FC_Ground_Lobby_Transit_12x12,32012.47,29467.46,3276.18,600.0,450.0,600.0
203,1,ZONE_FACULTY_BIOSPHERE,2,IntermediateFloor,SM_FC_Mid_Academic_Lab_12x12,32012.47,29467.46,3876.18,400.0,320.0,400.0
203,1,ZONE_FACULTY_BIOSPHERE,3,Roof,SM_FC_Roof_SolarObservatory_12x12,32012.47,29467.46,4276.18,500.0,140.0,250.0
204,1,ZONE_FACULTY_BIOSPHERE,0,Foundation,SM_FC_Foundation_SlopeCompensated_12x12,28194.96,33284.97,2503.84,400.0,850.0,1200.0
204,1,ZONE_FACULTY_BIOSPHERE,1,GroundFloor,SM_FC_Ground_Lobby_Transit_12x12,28194.96,33284.97,2903.84,600.0,450.0,600.0
204,1,ZONE_FACULTY_BIOSPHERE,2,IntermediateFloor,SM_FC_Mid_Academic_Lab_12x12,28194.96,33284.97,3503.84,400.0,320.0,400.0
204,1,ZONE_FACULTY_BIOSPHERE,3,IntermediateFloor,SM_FC_Mid_Faculty_Chambers_12x12,28194.96,33284.97,3903.84,400.0,280.0,400.0
204,1,ZONE_FACULTY_BIOSPHERE,4,IntermediateFloor,SM_FC_Mid_Academic_Lab_12x12,28194.96,33284.97,4303.84,400.0,320.0,400.0
204,1,ZONE_FACULTY_BIOSPHERE,5,IntermediateFloor,SM_FC_Mid_Faculty_Chambers_12x12,28194.96,33284.97,4703.84,400.0,280.0,400.0
204,1,ZONE_FACULTY_BIOSPHERE,6,Roof,SM_FC_Roof_SolarObservatory_12x12,28194.96,33284.97,5103.84,500.0,140.0,250.0
205,1,ZONE_FACULTY_BIOSPHERE,0,Foundation,SM_FC_Foundation_SlopeCompensated_12x12,24377.45,37102.48,855.9,400.0,850.0,1200.0
205,1,ZONE_FACULTY_BIOSPHERE,1,GroundFloor,SM_FC_Ground_Lobby_Transit_12x12,24377.45,37102.48,1255.9,600.0,450.0,600.0
205,1,ZONE_FACULTY_BIOSPHERE,2,IntermediateFloor,SM_FC_Mid_Academic_Lab_12x12,24377.45,37102.48,1855.9,400.0,320.0,400.0
205,1,ZONE_FACULTY_BIOSPHERE,3,Roof,SM_FC_Roof_SolarObservatory_12x12,24377.45,37102.48,2255.9,500.0,140.0,250.0
206,1,ZONE_FACULTY_BIOSPHERE,0,Foundation,SM_FC_Foundation_SlopeCompensated_12x12,41254.69,24699.32,177.2,400.0,850.0,1200.0
206,1,ZONE_FACULTY_BIOSPHERE,1,GroundFloor,SM_FC_Ground_Lobby_Transit_12x12,41254.69,24699.32,577.2,600.0,450.0,600.0
206,1,ZONE_FACULTY_BIOSPHERE,2,IntermediateFloor,SM_FC_Mid_Academic_Lab_12x12,41254.69,24699.32,1177.2,400.0,320.0,400.0
206,1,ZONE_FACULTY_BIOSPHERE,3,IntermediateFloor,SM_FC_Mid_Faculty_Chambers_12x12,41254.69,24699.32,1577.2,400.0,280.0,400.0
206,1,ZONE_FACULTY_BIOSPHERE,4,IntermediateFloor,SM_FC_Mid_Academic_Lab_12x12,41254.69,24699.32,1977.2,400.0,320.0,400.0
206,1,ZONE_FACULTY_BIOSPHERE,5,Roof,SM_FC_Roof_SolarObservatory_12x12,41254.69,24699.32,2377.2,500.0,140.0,250.0
207,1,ZONE_FACULTY_BIOSPHERE,0,Foundation,SM_FC_Foundation_SlopeCompensated_12x12,37115.85,28838.16,2207.3,400.0,850.0,1200.0
207,1,ZONE_FACULTY_BIOSPHERE,1,GroundFloor,SM_FC_Ground_Lobby_Transit_12x12,37115.85,28838.16,2607.3,600.0,450.0,600.0
207,1,ZONE_FACULTY_BIOSPHERE,2,IntermediateFloor,SM_FC_Mid_Academic_Lab_12x12,37115.85,28838.16,3207.3,400.0,320.0,400.0
207,1,ZONE_FACULTY_BIOSPHERE,3,IntermediateFloor,SM_FC_Mid_Faculty_Chambers_12x12,37115.85,28838.16,3607.3,400.0,280.0,400.0
207,1,ZONE_FACULTY_BIOSPHERE,4,IntermediateFloor,SM_FC_Mid_Academic_Lab_12x12,37115.85,28838.16,4007.3,400.0,320.0,400.0
207,1,ZONE_FACULTY_BIOSPHERE,5,IntermediateFloor,SM_FC_Mid_Faculty_Chambers_12x12,37115.85,28838.16,4407.3,400.0,280.0,400.0
207,1,ZONE_FACULTY_BIOSPHERE,6,IntermediateFloor,SM_FC_Mid_Academic_Lab_12x12,37115.85,28838.16,4807.3,400.0,320.0,400.0
207,1,ZONE_FACULTY_BIOSPHERE,7,Roof,SM_FC_Roof_SolarObservatory_12x12,37115.85,28838.16,5207.3,500.0,140.0,250.0
208,1,ZONE_FACULTY_BIOSPHERE,0,Foundation,SM_FC_Foundation_SlopeCompensated_12x12,32977.0,32977.0,3384.91,400.0,850.0,1200.0
208,1,ZONE_FACULTY_BIOSPHERE,1,GroundFloor,SM_FC_Ground_Lobby_Transit_12x12,32977.0,32977.0,3784.91,600.0,450.0,600.0
208,1,ZONE_FACULTY_BIOSPHERE,2,IntermediateFloor,SM_FC_Mid_Academic_Lab_12x12,32977.0,32977.0,4384.91,400.0,320.0,400.0
208,1,ZONE_FACULTY_BIOSPHERE,3,Roof,SM_FC_Roof_SolarObservatory_12x12,32977.0,32977.0,4784.91,500.0,140.0,250.0
209,1,ZONE_FACULTY_BIOSPHERE,0,Foundation,SM_FC_Foundation_SlopeCompensated_12x12,28838.16,37115.85,2207.3,400.0,850.0,1200.0
209,1,ZONE_FACULTY_BIOSPHERE,1,GroundFloor,SM_FC_Ground_Lobby_Transit_12x12,28838.16,37115.85,2607.3,600.0,450.0,600.0
209,1,ZONE_FACULTY_BIOSPHERE,2,IntermediateFloor,SM_FC_Mid_Academic_Lab_12x12,28838.16,37115.85,3207.3,400.0,320.0,400.0
209,1,ZONE_FACULTY_BIOSPHERE,3,IntermediateFloor,SM_FC_Mid_Faculty_Chambers_12x12,28838.16,37115.85,3607.3,400.0,280.0,400.0
209,1,ZONE_FACULTY_BIOSPHERE,4,IntermediateFloor,SM_FC_Mid_Academic_Lab_12x12,28838.16,37115.85,4007.3,400.0,320.0,400.0
209,1,ZONE_FACULTY_BIOSPHERE,5,IntermediateFloor,SM_FC_Mid_Faculty_Chambers_12x12,28838.16,37115.85,4407.3,400.0,280.0,400.0
209,1,ZONE_FACULTY_BIOSPHERE,6,IntermediateFloor,SM_FC_Mid_Academic_Lab_12x12,28838.16,37115.85,4807.3,400.0,320.0,400.0
209,1,ZONE_FACULTY_BIOSPHERE,7,IntermediateFloor,SM_FC_Mid_Faculty_Chambers_12x12,28838.16,37115.85,5207.3,400.0,280.0,400.0
209,1,ZONE_FACULTY_BIOSPHERE,8,Roof,SM_FC_Roof_SolarObservatory_12x12,28838.16,37115.85,5607.3,500.0,140.0,250.0
210,1,ZONE_FACULTY_BIOSPHERE,0,Foundation,SM_FC_Foundation_SlopeCompensated_12x12,24699.32,41254.69,177.2,400.0,850.0,1200.0
210,1,ZONE_FACULTY_BIOSPHERE,1,GroundFloor,SM_FC_Ground_Lobby_Transit_12x12,24699.32,41254.69,577.2,600.0,450.0,600.0
210,1,ZONE_FACULTY_BIOSPHERE,2,IntermediateFloor,SM_FC_Mid_Academic_Lab_12x12,24699.32,41254.69,1177.2,400.0,320.0,400.0
210,1,ZONE_FACULTY_BIOSPHERE,3,IntermediateFloor,SM_FC_Mid_Faculty_Chambers_12x12,24699.32,41254.69,1577.2,400.0,280.0,400.0
210,1,ZONE_FACULTY_BIOSPHERE,4,Roof,SM_FC_Roof_SolarObservatory_12x12,24699.32,41254.69,1977.2,500.0,140.0,250.0
211,1,ZONE_FACULTY_BIOSPHERE,0,Foundation,SM_FC_Foundation_SlopeCompensated_12x12,42647.68,27780.41,1048.33,400.0,850.0,1200.0
211,1,ZONE_FACULTY_BIOSPHERE,1,GroundFloor,SM_FC_Ground_Lobby_Transit_12x12,42647.68,27780.41,1448.33,600.0,450.0,600.0
211,1,ZONE_FACULTY_BIOSPHERE,2,IntermediateFloor,SM_FC_Mid_Academic_Lab_12x12,42647.68,27780.41,2048.33,400.0,320.0,400.0
211,1,ZONE_FACULTY_BIOSPHERE,3,IntermediateFloor,SM_FC_Mid_Faculty_Chambers_12x12,42647.68,27780.41,2448.33,400.0,280.0,400.0
211,1,ZONE_FACULTY_BIOSPHERE,4,Roof,SM_FC_Roof_SolarObservatory_12x12,42647.68,27780.41,2848.33,500.0,140.0,250.0
212,1,ZONE_FACULTY_BIOSPHERE,0,Foundation,SM_FC_Foundation_SlopeCompensated_12x12,38187.5,32240.59,2875.39,400.0,850.0,1200.0
212,1,ZONE_FACULTY_BIOSPHERE,1,GroundFloor,SM_FC_Ground_Lobby_Transit_12x12,38187.5,32240.59,3275.39,600.0,450.0,600.0
212,1,ZONE_FACULTY_BIOSPHERE,2,IntermediateFloor,SM_FC_Mid_Academic_Lab_12x12,38187.5,32240.59,3875.39,400.0,320.0,400.0
212,1,ZONE_FACULTY_BIOSPHERE,3,IntermediateFloor,SM_FC_Mid_Faculty_Chambers_12x12,38187.5,32240.59,4275.39,400.0,280.0,400.0
212,1,ZONE_FACULTY_BIOSPHERE,4,IntermediateFloor,SM_FC_Mid_Academic_Lab_12x12,38187.5,32240.59,4675.39,400.0,320.0,400.0
212,1,ZONE_FACULTY_BIOSPHERE,5,IntermediateFloor,SM_FC_Mid_Faculty_Chambers_12x12,38187.5,32240.59,5075.39,400.0,280.0,400.0
212,1,ZONE_FACULTY_BIOSPHERE,6,Roof,SM_FC_Roof_SolarObservatory_12x12,38187.5,32240.59,5475.39,500.0,140.0,250.0
213,1,ZONE_FACULTY_BIOSPHERE,0,Foundation,SM_FC_Foundation_SlopeCompensated_12x12,33727.32,36700.77,3284.57,400.0,850.0,1200.0
213,1,ZONE_FACULTY_BIOSPHERE,1,GroundFloor,SM_FC_Ground_Lobby_Transit_12x12,33727.32,36700.77,3684.57,600.0,450.0,600.0
213,1,ZONE_FACULTY_BIOSPHERE,2,IntermediateFloor,SM_FC_Mid_Academic_Lab_12x12,33727.32,36700.77,4284.57,400.0,320.0,400.0
213,1,ZONE_FACULTY_BIOSPHERE,3,IntermediateFloor,SM_FC_Mid_Faculty_Chambers_12x12,33727.32,36700.77,4684.57,400.0,280.0,400.0
213,1,ZONE_FACULTY_BIOSPHERE,4,IntermediateFloor,SM_FC_Mid_Academic_Lab_12x12,33727.32,36700.77,5084.57,400.0,320.0,400.0
213,1,ZONE_FACULTY_BIOSPHERE,5,IntermediateFloor,SM_FC_Mid_Faculty_Chambers_12x12,33727.32,36700.77,5484.57,400.0,280.0,400.0
213,1,ZONE_FACULTY_BIOSPHERE,6,IntermediateFloor,SM_FC_Mid_Academic_Lab_12x12,33727.32,36700.77,5884.57,400.0,320.0,400.0
213,1,ZONE_FACULTY_BIOSPHERE,7,Roof,SM_FC_Roof_SolarObservatory_12x12,33727.32,36700.77,6284.57,500.0,140.0,250.0
214,1,ZONE_FACULTY_BIOSPHERE,0,Foundation,SM_FC_Foundation_SlopeCompensated_12x12,29267.14,41160.95,1757.27,400.0,850.0,1200.0
214,1,ZONE_FACULTY_BIOSPHERE,1,GroundFloor,SM_FC_Ground_Lobby_Transit_12x12,29267.14,41160.95,2157.27,600.0,450.0,600.0
214,1,ZONE_FACULTY_BIOSPHERE,2,IntermediateFloor,SM_FC_Mid_Academic_Lab_12x12,29267.14,41160.95,2757.27,400.0,320.0,400.0
214,1,ZONE_FACULTY_BIOSPHERE,3,IntermediateFloor,SM_FC_Mid_Faculty_Chambers_12x12,29267.14,41160.95,3157.27,400.0,280.0,400.0
214,1,ZONE_FACULTY_BIOSPHERE,4,Roof,SM_FC_Roof_SolarObservatory_12x12,29267.14,41160.95,3557.27,500.0,140.0,250.0
215,1,ZONE_FACULTY_BIOSPHERE,0,Foundation,SM_FC_Foundation_SlopeCompensated_12x12,24806.96,45621.13,-669.3,400.0,850.0,1200.0
215,1,ZONE_FACULTY_BIOSPHERE,1,GroundFloor,SM_FC_Ground_Lobby_Transit_12x12,24806.96,45621.13,-269.3,600.0,450.0,600.0
215,1,ZONE_FACULTY_BIOSPHERE,2,IntermediateFloor,SM_FC_Mid_Academic_Lab_12x12,24806.96,45621.13,330.7,400.0,320.0,400.0
215,1,ZONE_FACULTY_BIOSPHERE,3,Roof,SM_FC_Roof_SolarObservatory_12x12,24806.96,45621.13,730.7,500.0,140.0,250.0
216,1,ZONE_FACULTY_BIOSPHERE,0,Foundation,SM_FC_Foundation_SlopeCompensated_12x12,48607.95,26294.22,-624.82,400.0,850.0,1200.0
216,1,ZONE_FACULTY_BIOSPHERE,1,GroundFloor,SM_FC_Ground_Lobby_Transit_12x12,48607.95,26294.22,-224.82,600.0,450.0,600.0
216,1,ZONE_FACULTY_BIOSPHERE,2,IntermediateFloor,SM_FC_Mid_Academic_Lab_12x12,48607.95,26294.22,375.18,400.0,320.0,400.0
216,1,ZONE_FACULTY_BIOSPHERE,3,IntermediateFloor,SM_FC_Mid_Faculty_Chambers_12x12,48607.95,26294.22,775.18,400.0,280.0,400.0
216,1,ZONE_FACULTY_BIOSPHERE,4,IntermediateFloor,SM_FC_Mid_Academic_Lab_12x12,48607.95,26294.22,1175.18,400.0,320.0,400.0
216,1,ZONE_FACULTY_BIOSPHERE,5,IntermediateFloor,SM_FC_Mid_Faculty_Chambers_12x12,48607.95,26294.22,1575.18,400.0,280.0,400.0
216,1,ZONE_FACULTY_BIOSPHERE,6,Roof,SM_FC_Roof_SolarObservatory_12x12,48607.95,26294.22,1975.18,500.0,140.0,250.0
217,1,ZONE_FACULTY_BIOSPHERE,0,Foundation,SM_FC_Foundation_SlopeCompensated_12x12,43826.44,31075.73,1890.06,400.0,850.0,1200.0
217,1,ZONE_FACULTY_BIOSPHERE,1,GroundFloor,SM_FC_Ground_Lobby_Transit_12x12,43826.44,31075.73,2290.06,600.0,450.0,600.0
217,1,ZONE_FACULTY_BIOSPHERE,2,IntermediateFloor,SM_FC_Mid_Academic_Lab_12x12,43826.44,31075.73,2890.06,400.0,320.0,400.0
217,1,ZONE_FACULTY_BIOSPHERE,3,IntermediateFloor,SM_FC_Mid_Faculty_Chambers_12x12,43826.44,31075.73,3290.06,400.0,280.0,400.0
217,1,ZONE_FACULTY_BIOSPHERE,4,IntermediateFloor,SM_FC_Mid_Academic_Lab_12x12,43826.44,31075.73,3690.06,400.0,320.0,400.0
217,1,ZONE_FACULTY_BIOSPHERE,5,IntermediateFloor,SM_FC_Mid_Faculty_Chambers_12x12,43826.44,31075.73,4090.06,400.0,280.0,400.0
217,1,ZONE_FACULTY_BIOSPHERE,6,IntermediateFloor,SM_FC_Mid_Academic_Lab_12x12,43826.44,31075.73,4490.06,400.0,320.0,400.0
217,1,ZONE_FACULTY_BIOSPHERE,7,IntermediateFloor,SM_FC_Mid_Faculty_Chambers_12x12,43826.44,31075.73,4890.06,400.0,280.0,400.0
217,1,ZONE_FACULTY_BIOSPHERE,8,Roof,SM_FC_Roof_SolarObservatory_12x12,43826.44,31075.73,5290.06,500.0,140.0,250.0
218,1,ZONE_FACULTY_BIOSPHERE,0,Foundation,SM_FC_Foundation_SlopeCompensated_12x12,39044.92,35857.25,3468.75,400.0,850.0,1200.0
218,1,ZONE_FACULTY_BIOSPHERE,1,GroundFloor,SM_FC_Ground_Lobby_Transit_12x12,39044.92,35857.25,3868.75,600.0,450.0,600.0
218,1,ZONE_FACULTY_BIOSPHERE,2,IntermediateFloor,SM_FC_Mid_Academic_Lab_12x12,39044.92,35857.25,4468.75,400.0,320.0,400.0
218,1,ZONE_FACULTY_BIOSPHERE,3,IntermediateFloor,SM_FC_Mid_Faculty_Chambers_12x12,39044.92,35857.25,4868.75,400.0,280.0,400.0
218,1,ZONE_FACULTY_BIOSPHERE,4,IntermediateFloor,SM_FC_Mid_Academic_Lab_12x12,39044.92,35857.25,5268.75,400.0,320.0,400.0
218,1,ZONE_FACULTY_BIOSPHERE,5,IntermediateFloor,SM_FC_Mid_Faculty_Chambers_12x12,39044.92,35857.25,5668.75,400.0,280.0,400.0
218,1,ZONE_FACULTY_BIOSPHERE,6,IntermediateFloor,SM_FC_Mid_Academic_Lab_12x12,39044.92,35857.25,6068.75,400.0,320.0,400.0
218,1,ZONE_FACULTY_BIOSPHERE,7,IntermediateFloor,SM_FC_Mid_Faculty_Chambers_12x12,39044.92,35857.25,6468.75,400.0,280.0,400.0
218,1,ZONE_FACULTY_BIOSPHERE,8,Roof,SM_FC_Roof_SolarObservatory_12x12,39044.92,35857.25,6868.75,500.0,140.0,250.0
219,1,ZONE_FACULTY_BIOSPHERE,0,Foundation,SM_FC_Foundation_SlopeCompensated_12x12,34263.41,40638.76,3046.54,400.0,850.0,1200.0
219,1,ZONE_FACULTY_BIOSPHERE,1,GroundFloor,SM_FC_Ground_Lobby_Transit_12x12,34263.41,40638.76,3446.54,600.0,450.0,600.0
219,1,ZONE_FACULTY_BIOSPHERE,2,IntermediateFloor,SM_FC_Mid_Academic_Lab_12x12,34263.41,40638.76,4046.54,400.0,320.0,400.0
219,1,ZONE_FACULTY_BIOSPHERE,3,IntermediateFloor,SM_FC_Mid_Faculty_Chambers_12x12,34263.41,40638.76,4446.54,400.0,280.0,400.0
219,1,ZONE_FACULTY_BIOSPHERE,4,IntermediateFloor,SM_FC_Mid_Academic_Lab_12x12,34263.41,40638.76,4846.54,400.0,320.0,400.0
219,1,ZONE_FACULTY_BIOSPHERE,5,Roof,SM_FC_Roof_SolarObservatory_12x12,34263.41,40638.76,5246.54,500.0,140.0,250.0
220,1,ZONE_FACULTY_BIOSPHERE,0,Foundation,SM_FC_Foundation_SlopeCompensated_12x12,29481.89,45420.28,1155.79,400.0,850.0,1200.0
220,1,ZONE_FACULTY_BIOSPHERE,1,GroundFloor,SM_FC_Ground_Lobby_Transit_12x12,29481.89,45420.28,1555.79,600.0,450.0,600.0
220,1,ZONE_FACULTY_BIOSPHERE,2,IntermediateFloor,SM_FC_Mid_Academic_Lab_12x12,29481.89,45420.28,2155.79,400.0,320.0,400.0
220,1,ZONE_FACULTY_BIOSPHERE,3,IntermediateFloor,SM_FC_Mid_Faculty_Chambers_12x12,29481.89,45420.28,2555.79,400.0,280.0,400.0
220,1,ZONE_FACULTY_BIOSPHERE,4,IntermediateFloor,SM_FC_Mid_Academic_Lab_12x12,29481.89,45420.28,2955.79,400.0,320.0,400.0
220,1,ZONE_FACULTY_BIOSPHERE,5,IntermediateFloor,SM_FC_Mid_Faculty_Chambers_12x12,29481.89,45420.28,3355.79,400.0,280.0,400.0
220,1,ZONE_FACULTY_BIOSPHERE,6,IntermediateFloor,SM_FC_Mid_Academic_Lab_12x12,29481.89,45420.28,3755.79,400.0,320.0,400.0
220,1,ZONE_FACULTY_BIOSPHERE,7,IntermediateFloor,SM_FC_Mid_Faculty_Chambers_12x12,29481.89,45420.28,4155.79,400.0,280.0,400.0
220,1,ZONE_FACULTY_BIOSPHERE,8,Roof,SM_FC_Roof_SolarObservatory_12x12,29481.89,45420.28,4555.79,500.0,140.0,250.0
221,1,ZONE_FACULTY_BIOSPHERE,0,Foundation,SM_FC_Foundation_SlopeCompensated_12x12,49433.54,29942.71,412.09,400.0,850.0,1200.0
221,1,ZONE_FACULTY_BIOSPHERE,1,GroundFloor,SM_FC_Ground_Lobby_Transit_12x12,49433.54,29942.71,812.09,600.0,450.0,600.0
221,1,ZONE_FACULTY_BIOSPHERE,2,IntermediateFloor,SM_FC_Mid_Academic_Lab_12x12,49433.54,29942.71,1412.09,400.0,320.0,400.0
221,1,ZONE_FACULTY_BIOSPHERE,3,Roof,SM_FC_Roof_SolarObservatory_12x12,49433.54,29942.71,1812.09,500.0,140.0,250.0
222,1,ZONE_FACULTY_BIOSPHERE,0,Foundation,SM_FC_Foundation_SlopeCompensated_12x12,44560.83,34815.42,2669.63,400.0,850.0,1200.0
222,1,ZONE_FACULTY_BIOSPHERE,1,GroundFloor,SM_FC_Ground_Lobby_Transit_12x12,44560.83,34815.42,3069.63,600.0,450.0,600.0
222,1,ZONE_FACULTY_BIOSPHERE,2,IntermediateFloor,SM_FC_Mid_Academic_Lab_12x12,44560.83,34815.42,3669.63,400.0,320.0,400.0
222,1,ZONE_FACULTY_BIOSPHERE,3,IntermediateFloor,SM_FC_Mid_Faculty_Chambers_12x12,44560.83,34815.42,4069.63,400.0,280.0,400.0
222,1,ZONE_FACULTY_BIOSPHERE,4,Roof,SM_FC_Roof_SolarObservatory_12x12,44560.83,34815.42,4469.63,500.0,140.0,250.0
223,1,ZONE_FACULTY_BIOSPHERE,0,Foundation,SM_FC_Foundation_SlopeCompensated_12x12,39688.13,39688.13,3964.3,400.0,850.0,1200.0
223,1,ZONE_FACULTY_BIOSPHERE,1,GroundFloor,SM_FC_Ground_Lobby_Transit_12x12,39688.13,39688.13,4364.3,600.0,450.0,600.0
223,1,ZONE_FACULTY_BIOSPHERE,2,IntermediateFloor,SM_FC_Mid_Academic_Lab_12x12,39688.13,39688.13,4964.3,400.0,320.0,400.0
223,1,ZONE_FACULTY_BIOSPHERE,3,Roof,SM_FC_Roof_SolarObservatory_12x12,39688.13,39688.13,5364.3,500.0,140.0,250.0
224,1,ZONE_FACULTY_BIOSPHERE,0,Foundation,SM_FC_Foundation_SlopeCompensated_12x12,34815.42,44560.83,2669.63,400.0,850.0,1200.0
224,1,ZONE_FACULTY_BIOSPHERE,1,GroundFloor,SM_FC_Ground_Lobby_Transit_12x12,34815.42,44560.83,3069.63,600.0,450.0,600.0
224,1,ZONE_FACULTY_BIOSPHERE,2,IntermediateFloor,SM_FC_Mid_Academic_Lab_12x12,34815.42,44560.83,3669.63,400.0,320.0,400.0
224,1,ZONE_FACULTY_BIOSPHERE,3,IntermediateFloor,SM_FC_Mid_Faculty_Chambers_12x12,34815.42,44560.83,4069.63,400.0,280.0,400.0
224,1,ZONE_FACULTY_BIOSPHERE,4,IntermediateFloor,SM_FC_Mid_Academic_Lab_12x12,34815.42,44560.83,4469.63,400.0,320.0,400.0
224,1,ZONE_FACULTY_BIOSPHERE,5,Roof,SM_FC_Roof_SolarObservatory_12x12,34815.42,44560.83,4869.63,500.0,140.0,250.0
225,1,ZONE_FACULTY_BIOSPHERE,0,Foundation,SM_FC_Foundation_SlopeCompensated_12x12,29942.71,49433.54,412.09,400.0,850.0,1200.0
225,1,ZONE_FACULTY_BIOSPHERE,1,GroundFloor,SM_FC_Ground_Lobby_Transit_12x12,29942.71,49433.54,812.09,600.0,450.0,600.0
225,1,ZONE_FACULTY_BIOSPHERE,2,IntermediateFloor,SM_FC_Mid_Academic_Lab_12x12,29942.71,49433.54,1412.09,400.0,320.0,400.0
225,1,ZONE_FACULTY_BIOSPHERE,3,IntermediateFloor,SM_FC_Mid_Faculty_Chambers_12x12,29942.71,49433.54,1812.09,400.0,280.0,400.0
225,1,ZONE_FACULTY_BIOSPHERE,4,IntermediateFloor,SM_FC_Mid_Academic_Lab_12x12,29942.71,49433.54,2212.09,400.0,320.0,400.0
225,1,ZONE_FACULTY_BIOSPHERE,5,IntermediateFloor,SM_FC_Mid_Faculty_Chambers_12x12,29942.71,49433.54,2612.09,400.0,280.0,400.0
225,1,ZONE_FACULTY_BIOSPHERE,6,IntermediateFloor,SM_FC_Mid_Academic_Lab_12x12,29942.71,49433.54,3012.09,400.0,320.0,400.0
225,1,ZONE_FACULTY_BIOSPHERE,7,Roof,SM_FC_Roof_SolarObservatory_12x12,29942.71,49433.54,3412.09,500.0,140.0,250.0
226,1,ZONE_FACULTY_BIOSPHERE,0,Foundation,SM_FC_Foundation_SlopeCompensated_12x12,49628.83,34221.5,1396.15,400.0,850.0,1200.0
226,1,ZONE_FACULTY_BIOSPHERE,1,GroundFloor,SM_FC_Ground_Lobby_Transit_12x12,49628.83,34221.5,1796.15,600.0,450.0,600.0
226,1,ZONE_FACULTY_BIOSPHERE,2,IntermediateFloor,SM_FC_Mid_Academic_Lab_12x12,49628.83,34221.5,2396.15,400.0,320.0,400.0
226,1,ZONE_FACULTY_BIOSPHERE,3,Roof,SM_FC_Roof_SolarObservatory_12x12,49628.83,34221.5,2796.15,500.0,140.0,250.0
227,1,ZONE_FACULTY_BIOSPHERE,0,Foundation,SM_FC_Foundation_SlopeCompensated_12x12,45006.63,38843.7,3360.36,400.0,850.0,1200.0
227,1,ZONE_FACULTY_BIOSPHERE,1,GroundFloor,SM_FC_Ground_Lobby_Transit_12x12,45006.63,38843.7,3760.36,600.0,450.0,600.0
227,1,ZONE_FACULTY_BIOSPHERE,2,IntermediateFloor,SM_FC_Mid_Academic_Lab_12x12,45006.63,38843.7,4360.36,400.0,320.0,400.0
227,1,ZONE_FACULTY_BIOSPHERE,3,IntermediateFloor,SM_FC_Mid_Faculty_Chambers_12x12,45006.63,38843.7,4760.36,400.0,280.0,400.0
227,1,ZONE_FACULTY_BIOSPHERE,4,Roof,SM_FC_Roof_SolarObservatory_12x12,45006.63,38843.7,5160.36,500.0,140.0,250.0
228,1,ZONE_FACULTY_BIOSPHERE,0,Foundation,SM_FC_Foundation_SlopeCompensated_12x12,40384.43,43465.9,3797.54,400.0,850.0,1200.0
228,1,ZONE_FACULTY_BIOSPHERE,1,GroundFloor,SM_FC_Ground_Lobby_Transit_12x12,40384.43,43465.9,4197.54,600.0,450.0,600.0
228,1,ZONE_FACULTY_BIOSPHERE,2,IntermediateFloor,SM_FC_Mid_Academic_Lab_12x12,40384.43,43465.9,4797.54,400.0,320.0,400.0
228,1,ZONE_FACULTY_BIOSPHERE,3,Roof,SM_FC_Roof_SolarObservatory_12x12,40384.43,43465.9,5197.54,500.0,140.0,250.0
229,1,ZONE_FACULTY_BIOSPHERE,0,Foundation,SM_FC_Foundation_SlopeCompensated_12x12,35762.24,48088.1,2159.67,400.0,850.0,1200.0
229,1,ZONE_FACULTY_BIOSPHERE,1,GroundFloor,SM_FC_Ground_Lobby_Transit_12x12,35762.24,48088.1,2559.67,600.0,450.0,600.0
229,1,ZONE_FACULTY_BIOSPHERE,2,IntermediateFloor,SM_FC_Mid_Academic_Lab_12x12,35762.24,48088.1,3159.67,400.0,320.0,400.0
229,1,ZONE_FACULTY_BIOSPHERE,3,IntermediateFloor,SM_FC_Mid_Faculty_Chambers_12x12,35762.24,48088.1,3559.67,400.0,280.0,400.0
229,1,ZONE_FACULTY_BIOSPHERE,4,Roof,SM_FC_Roof_SolarObservatory_12x12,35762.24,48088.1,3959.67,500.0,140.0,250.0
230,1,ZONE_FACULTY_BIOSPHERE,0,Foundation,SM_FC_Foundation_SlopeCompensated_12x12,31140.04,52710.29,-457.2,400.0,850.0,1200.0
230,1,ZONE_FACULTY_BIOSPHERE,1,GroundFloor,SM_FC_Ground_Lobby_Transit_12x12,31140.04,52710.29,-57.2,600.0,450.0,600.0
230,1,ZONE_FACULTY_BIOSPHERE,2,IntermediateFloor,SM_FC_Mid_Academic_Lab_12x12,31140.04,52710.29,542.8,400.0,320.0,400.0
230,1,ZONE_FACULTY_BIOSPHERE,3,IntermediateFloor,SM_FC_Mid_Faculty_Chambers_12x12,31140.04,52710.29,942.8,400.0,280.0,400.0
230,1,ZONE_FACULTY_BIOSPHERE,4,IntermediateFloor,SM_FC_Mid_Academic_Lab_12x12,31140.04,52710.29,1342.8,400.0,320.0,400.0
230,1,ZONE_FACULTY_BIOSPHERE,5,IntermediateFloor,SM_FC_Mid_Faculty_Chambers_12x12,31140.04,52710.29,1742.8,400.0,280.0,400.0
230,1,ZONE_FACULTY_BIOSPHERE,6,IntermediateFloor,SM_FC_Mid_Academic_Lab_12x12,31140.04,52710.29,2142.8,400.0,320.0,400.0
230,1,ZONE_FACULTY_BIOSPHERE,7,IntermediateFloor,SM_FC_Mid_Faculty_Chambers_12x12,31140.04,52710.29,2542.8,400.0,280.0,400.0
230,1,ZONE_FACULTY_BIOSPHERE,8,Roof,SM_FC_Roof_SolarObservatory_12x12,31140.04,52710.29,2942.8,500.0,140.0,250.0
231,1,ZONE_FACULTY_BIOSPHERE,0,Foundation,SM_FC_Foundation_SlopeCompensated_12x12,54309.75,34014.67,-332.77,400.0,850.0,1200.0
231,1,ZONE_FACULTY_BIOSPHERE,1,GroundFloor,SM_FC_Ground_Lobby_Transit_12x12,54309.75,34014.67,67.23,600.0,450.0,600.0
231,1,ZONE_FACULTY_BIOSPHERE,2,IntermediateFloor,SM_FC_Mid_Academic_Lab_12x12,54309.75,34014.67,667.23,400.0,320.0,400.0
231,1,ZONE_FACULTY_BIOSPHERE,3,IntermediateFloor,SM_FC_Mid_Faculty_Chambers_12x12,54309.75,34014.67,1067.23,400.0,280.0,400.0
231,1,ZONE_FACULTY_BIOSPHERE,4,IntermediateFloor,SM_FC_Mid_Academic_Lab_12x12,54309.75,34014.67,1467.23,400.0,320.0,400.0
231,1,ZONE_FACULTY_BIOSPHERE,5,Roof,SM_FC_Roof_SolarObservatory_12x12,54309.75,34014.67,1867.23,500.0,140.0,250.0
232,1,ZONE_FACULTY_BIOSPHERE,0,Foundation,SM_FC_Foundation_SlopeCompensated_12x12,49960.8,38363.61,2296.92,400.0,850.0,1200.0
232,1,ZONE_FACULTY_BIOSPHERE,1,GroundFloor,SM_FC_Ground_Lobby_Transit_12x12,49960.8,38363.61,2696.92,600.0,450.0,600.0
232,1,ZONE_FACULTY_BIOSPHERE,2,IntermediateFloor,SM_FC_Mid_Academic_Lab_12x12,49960.8,38363.61,3296.92,400.0,320.0,400.0
232,1,ZONE_FACULTY_BIOSPHERE,3,IntermediateFloor,SM_FC_Mid_Faculty_Chambers_12x12,49960.8,38363.61,3696.92,400.0,280.0,400.0
232,1,ZONE_FACULTY_BIOSPHERE,4,Roof,SM_FC_Roof_SolarObservatory_12x12,49960.8,38363.61,4096.92,500.0,140.0,250.0
233,1,ZONE_FACULTY_BIOSPHERE,0,Foundation,SM_FC_Foundation_SlopeCompensated_12x12,45611.85,42712.56,3942.23,400.0,850.0,1200.0
233,1,ZONE_FACULTY_BIOSPHERE,1,GroundFloor,SM_FC_Ground_Lobby_Transit_12x12,45611.85,42712.56,4342.23,600.0,450.0,600.0
233,1,ZONE_FACULTY_BIOSPHERE,2,IntermediateFloor,SM_FC_Mid_Academic_Lab_12x12,45611.85,42712.56,4942.23,400.0,320.0,400.0
233,1,ZONE_FACULTY_BIOSPHERE,3,IntermediateFloor,SM_FC_Mid_Faculty_Chambers_12x12,45611.85,42712.56,5342.23,400.0,280.0,400.0
233,1,ZONE_FACULTY_BIOSPHERE,4,IntermediateFloor,SM_FC_Mid_Academic_Lab_12x12,45611.85,42712.56,5742.23,400.0,320.0,400.0
233,1,ZONE_FACULTY_BIOSPHERE,5,IntermediateFloor,SM_FC_Mid_Faculty_Chambers_12x12,45611.85,42712.56,6142.23,400.0,280.0,400.0
233,1,ZONE_FACULTY_BIOSPHERE,6,IntermediateFloor,SM_FC_Mid_Academic_Lab_12x12,45611.85,42712.56,6542.23,400.0,320.0,400.0
233,1,ZONE_FACULTY_BIOSPHERE,7,IntermediateFloor,SM_FC_Mid_Faculty_Chambers_12x12,45611.85,42712.56,6942.23,400.0,280.0,400.0
233,1,ZONE_FACULTY_BIOSPHERE,8,Roof,SM_FC_Roof_SolarObservatory_12x12,45611.85,42712.56,7342.23,500.0,140.0,250.0
234,1,ZONE_FACULTY_BIOSPHERE,0,Foundation,SM_FC_Foundation_SlopeCompensated_12x12,41262.91,47061.5,3503.17,400.0,850.0,1200.0
234,1,ZONE_FACULTY_BIOSPHERE,1,GroundFloor,SM_FC_Ground_Lobby_Transit_12x12,41262.91,47061.5,3903.17,600.0,450.0,600.0
234,1,ZONE_FACULTY_BIOSPHERE,2,IntermediateFloor,SM_FC_Mid_Academic_Lab_12x12,41262.91,47061.5,4503.17,400.0,320.0,400.0
234,1,ZONE_FACULTY_BIOSPHERE,3,IntermediateFloor,SM_FC_Mid_Faculty_Chambers_12x12,41262.91,47061.5,4903.17,400.0,280.0,400.0
234,1,ZONE_FACULTY_BIOSPHERE,4,IntermediateFloor,SM_FC_Mid_Academic_Lab_12x12,41262.91,47061.5,5303.17,400.0,320.0,400.0
234,1,ZONE_FACULTY_BIOSPHERE,5,IntermediateFloor,SM_FC_Mid_Faculty_Chambers_12x12,41262.91,47061.5,5703.17,400.0,280.0,400.0
234,1,ZONE_FACULTY_BIOSPHERE,6,IntermediateFloor,SM_FC_Mid_Academic_Lab_12x12,41262.91,47061.5,6103.17,400.0,320.0,400.0
234,1,ZONE_FACULTY_BIOSPHERE,7,IntermediateFloor,SM_FC_Mid_Faculty_Chambers_12x12,41262.91,47061.5,6503.17,400.0,280.0,400.0
234,1,ZONE_FACULTY_BIOSPHERE,8,Roof,SM_FC_Roof_SolarObservatory_12x12,41262.91,47061.5,6903.17,500.0,140.0,250.0
235,1,ZONE_FACULTY_BIOSPHERE,0,Foundation,SM_FC_Foundation_SlopeCompensated_12x12,36913.96,51410.45,1529.73,400.0,850.0,1200.0
235,1,ZONE_FACULTY_BIOSPHERE,1,GroundFloor,SM_FC_Ground_Lobby_Transit_12x12,36913.96,51410.45,1929.73,600.0,450.0,600.0
235,1,ZONE_FACULTY_BIOSPHERE,2,IntermediateFloor,SM_FC_Mid_Academic_Lab_12x12,36913.96,51410.45,2529.73,400.0,320.0,400.0
235,1,ZONE_FACULTY_BIOSPHERE,3,Roof,SM_FC_Roof_SolarObservatory_12x12,36913.96,51410.45,2929.73,500.0,140.0,250.0
236,1,ZONE_FACULTY_BIOSPHERE,0,Foundation,SM_FC_Foundation_SlopeCompensated_12x12,54514.6,38283.9,800.12,400.0,850.0,1200.0
236,1,ZONE_FACULTY_BIOSPHERE,1,GroundFloor,SM_FC_Ground_Lobby_Transit_12x12,54514.6,38283.9,1200.12,600.0,450.0,600.0
236,1,ZONE_FACULTY_BIOSPHERE,2,IntermediateFloor,SM_FC_Mid_Academic_Lab_12x12,54514.6,38283.9,1800.12,400.0,320.0,400.0
236,1,ZONE_FACULTY_BIOSPHERE,3,IntermediateFloor,SM_FC_Mid_Faculty_Chambers_12x12,54514.6,38283.9,2200.12,400.0,280.0,400.0
236,1,ZONE_FACULTY_BIOSPHERE,4,Roof,SM_FC_Roof_SolarObservatory_12x12,54514.6,38283.9,2600.12,500.0,140.0,250.0
237,1,ZONE_FACULTY_BIOSPHERE,0,Foundation,SM_FC_Foundation_SlopeCompensated_12x12,50456.92,42341.57,3090.66,400.0,850.0,1200.0
237,1,ZONE_FACULTY_BIOSPHERE,1,GroundFloor,SM_FC_Ground_Lobby_Transit_12x12,50456.92,42341.57,3490.66,600.0,450.0,600.0
237,1,ZONE_FACULTY_BIOSPHERE,2,IntermediateFloor,SM_FC_Mid_Academic_Lab_12x12,50456.92,42341.57,4090.66,400.0,320.0,400.0
237,1,ZONE_FACULTY_BIOSPHERE,3,IntermediateFloor,SM_FC_Mid_Faculty_Chambers_12x12,50456.92,42341.57,4490.66,400.0,280.0,400.0
237,1,ZONE_FACULTY_BIOSPHERE,4,IntermediateFloor,SM_FC_Mid_Academic_Lab_12x12,50456.92,42341.57,4890.66,400.0,320.0,400.0
237,1,ZONE_FACULTY_BIOSPHERE,5,IntermediateFloor,SM_FC_Mid_Faculty_Chambers_12x12,50456.92,42341.57,5290.66,400.0,280.0,400.0
237,1,ZONE_FACULTY_BIOSPHERE,6,IntermediateFloor,SM_FC_Mid_Academic_Lab_12x12,50456.92,42341.57,5690.66,400.0,320.0,400.0
237,1,ZONE_FACULTY_BIOSPHERE,7,IntermediateFloor,SM_FC_Mid_Faculty_Chambers_12x12,50456.92,42341.57,6090.66,400.0,280.0,400.0
237,1,ZONE_FACULTY_BIOSPHERE,8,Roof,SM_FC_Roof_SolarObservatory_12x12,50456.92,42341.57,6490.66,500.0,140.0,250.0
238,1,ZONE_FACULTY_BIOSPHERE,0,Foundation,SM_FC_Foundation_SlopeCompensated_12x12,46399.25,46399.25,4402.21,400.0,850.0,1200.0
238,1,ZONE_FACULTY_BIOSPHERE,1,GroundFloor,SM_FC_Ground_Lobby_Transit_12x12,46399.25,46399.25,4802.21,600.0,450.0,600.0
238,1,ZONE_FACULTY_BIOSPHERE,2,IntermediateFloor,SM_FC_Mid_Academic_Lab_12x12,46399.25,46399.25,5402.21,400.0,320.0,400.0
238,1,ZONE_FACULTY_BIOSPHERE,3,IntermediateFloor,SM_FC_Mid_Faculty_Chambers_12x12,46399.25,46399.25,5802.21,400.0,280.0,400.0
238,1,ZONE_FACULTY_BIOSPHERE,4,IntermediateFloor,SM_FC_Mid_Academic_Lab_12x12,46399.25,46399.25,6202.21,400.0,320.0,400.0
238,1,ZONE_FACULTY_BIOSPHERE,5,IntermediateFloor,SM_FC_Mid_Faculty_Chambers_12x12,46399.25,46399.25,6602.21,400.0,280.0,400.0
238,1,ZONE_FACULTY_BIOSPHERE,6,IntermediateFloor,SM_FC_Mid_Academic_Lab_12x12,46399.25,46399.25,7002.21,400.0,320.0,400.0
238,1,ZONE_FACULTY_BIOSPHERE,7,IntermediateFloor,SM_FC_Mid_Faculty_Chambers_12x12,46399.25,46399.25,7402.21,400.0,280.0,400.0
238,1,ZONE_FACULTY_BIOSPHERE,8,Roof,SM_FC_Roof_SolarObservatory_12x12,46399.25,46399.25,7802.21,500.0,140.0,250.0
239,1,ZONE_FACULTY_BIOSPHERE,0,Foundation,SM_FC_Foundation_SlopeCompensated_12x12,42341.57,50456.92,3090.66,400.0,850.0,1200.0
239,1,ZONE_FACULTY_BIOSPHERE,1,GroundFloor,SM_FC_Ground_Lobby_Transit_12x12,42341.57,50456.92,3490.66,600.0,450.0,600.0
239,1,ZONE_FACULTY_BIOSPHERE,2,IntermediateFloor,SM_FC_Mid_Academic_Lab_12x12,42341.57,50456.92,4090.66,400.0,320.0,400.0
239,1,ZONE_FACULTY_BIOSPHERE,3,IntermediateFloor,SM_FC_Mid_Faculty_Chambers_12x12,42341.57,50456.92,4490.66,400.0,280.0,400.0
239,1,ZONE_FACULTY_BIOSPHERE,4,IntermediateFloor,SM_FC_Mid_Academic_Lab_12x12,42341.57,50456.92,4890.66,400.0,320.0,400.0
239,1,ZONE_FACULTY_BIOSPHERE,5,IntermediateFloor,SM_FC_Mid_Faculty_Chambers_12x12,42341.57,50456.92,5290.66,400.0,280.0,400.0
239,1,ZONE_FACULTY_BIOSPHERE,6,IntermediateFloor,SM_FC_Mid_Academic_Lab_12x12,42341.57,50456.92,5690.66,400.0,320.0,400.0
239,1,ZONE_FACULTY_BIOSPHERE,7,Roof,SM_FC_Roof_SolarObservatory_12x12,42341.57,50456.92,6090.66,500.0,140.0,250.0
240,1,ZONE_FACULTY_BIOSPHERE,0,Foundation,SM_FC_Foundation_SlopeCompensated_12x12,38283.9,54514.6,800.12,400.0,850.0,1200.0
240,1,ZONE_FACULTY_BIOSPHERE,1,GroundFloor,SM_FC_Ground_Lobby_Transit_12x12,38283.9,54514.6,1200.12,600.0,450.0,600.0
240,1,ZONE_FACULTY_BIOSPHERE,2,IntermediateFloor,SM_FC_Mid_Academic_Lab_12x12,38283.9,54514.6,1800.12,400.0,320.0,400.0
240,1,ZONE_FACULTY_BIOSPHERE,3,IntermediateFloor,SM_FC_Mid_Faculty_Chambers_12x12,38283.9,54514.6,2200.12,400.0,280.0,400.0
240,1,ZONE_FACULTY_BIOSPHERE,4,IntermediateFloor,SM_FC_Mid_Academic_Lab_12x12,38283.9,54514.6,2600.12,400.0,320.0,400.0
240,1,ZONE_FACULTY_BIOSPHERE,5,IntermediateFloor,SM_FC_Mid_Faculty_Chambers_12x12,38283.9,54514.6,3000.12,400.0,280.0,400.0
240,1,ZONE_FACULTY_BIOSPHERE,6,Roof,SM_FC_Roof_SolarObservatory_12x12,38283.9,54514.6,3400.12,500.0,140.0,250.0
241,1,ZONE_FACULTY_BIOSPHERE,0,Foundation,SM_FC_Foundation_SlopeCompensated_12x12,54890.62,42381.95,1824.1,400.0,850.0,1200.0
241,1,ZONE_FACULTY_BIOSPHERE,1,GroundFloor,SM_FC_Ground_Lobby_Transit_12x12,54890.62,42381.95,2224.1,600.0,450.0,600.0
241,1,ZONE_FACULTY_BIOSPHERE,2,IntermediateFloor,SM_FC_Mid_Academic_Lab_12x12,54890.62,42381.95,2824.1,400.0,320.0,400.0
241,1,ZONE_FACULTY_BIOSPHERE,3,IntermediateFloor,SM_FC_Mid_Faculty_Chambers_12x12,54890.62,42381.95,3224.1,400.0,280.0,400.0
241,1,ZONE_FACULTY_BIOSPHERE,4,IntermediateFloor,SM_FC_Mid_Academic_Lab_12x12,54890.62,42381.95,3624.1,400.0,320.0,400.0
241,1,ZONE_FACULTY_BIOSPHERE,5,Roof,SM_FC_Roof_SolarObservatory_12x12,54890.62,42381.95,4024.1,500.0,140.0,250.0
242,1,ZONE_FACULTY_BIOSPHERE,0,Foundation,SM_FC_Foundation_SlopeCompensated_12x12,51138.02,46134.55,3760.68,400.0,850.0,1200.0
242,1,ZONE_FACULTY_BIOSPHERE,1,GroundFloor,SM_FC_Ground_Lobby_Transit_12x12,51138.02,46134.55,4160.68,600.0,450.0,600.0
242,1,ZONE_FACULTY_BIOSPHERE,2,IntermediateFloor,SM_FC_Mid_Academic_Lab_12x12,51138.02,46134.55,4760.68,400.0,320.0,400.0
242,1,ZONE_FACULTY_BIOSPHERE,3,IntermediateFloor,SM_FC_Mid_Faculty_Chambers_12x12,51138.02,46134.55,5160.68,400.0,280.0,400.0
242,1,ZONE_FACULTY_BIOSPHERE,4,IntermediateFloor,SM_FC_Mid_Academic_Lab_12x12,51138.02,46134.55,5560.68,400.0,320.0,400.0
242,1,ZONE_FACULTY_BIOSPHERE,5,IntermediateFloor,SM_FC_Mid_Faculty_Chambers_12x12,51138.02,46134.55,5960.68,400.0,280.0,400.0
242,1,ZONE_FACULTY_BIOSPHERE,6,IntermediateFloor,SM_FC_Mid_Academic_Lab_12x12,51138.02,46134.55,6360.68,400.0,320.0,400.0
242,1,ZONE_FACULTY_BIOSPHERE,7,IntermediateFloor,SM_FC_Mid_Faculty_Chambers_12x12,51138.02,46134.55,6760.68,400.0,280.0,400.0
242,1,ZONE_FACULTY_BIOSPHERE,8,Roof,SM_FC_Roof_SolarObservatory_12x12,51138.02,46134.55,7160.68,500.0,140.0,250.0
243,1,ZONE_FACULTY_BIOSPHERE,0,Foundation,SM_FC_Foundation_SlopeCompensated_12x12,47385.42,49887.15,4192.24,400.0,850.0,1200.0
243,1,ZONE_FACULTY_BIOSPHERE,1,GroundFloor,SM_FC_Ground_Lobby_Transit_12x12,47385.42,49887.15,4592.24,600.0,450.0,600.0
243,1,ZONE_FACULTY_BIOSPHERE,2,IntermediateFloor,SM_FC_Mid_Academic_Lab_12x12,47385.42,49887.15,5192.24,400.0,320.0,400.0
243,1,ZONE_FACULTY_BIOSPHERE,3,IntermediateFloor,SM_FC_Mid_Faculty_Chambers_12x12,47385.42,49887.15,5592.24,400.0,280.0,400.0
243,1,ZONE_FACULTY_BIOSPHERE,4,IntermediateFloor,SM_FC_Mid_Academic_Lab_12x12,47385.42,49887.15,5992.24,400.0,320.0,400.0
243,1,ZONE_FACULTY_BIOSPHERE,5,IntermediateFloor,SM_FC_Mid_Faculty_Chambers_12x12,47385.42,49887.15,6392.24,400.0,280.0,400.0
243,1,ZONE_FACULTY_BIOSPHERE,6,IntermediateFloor,SM_FC_Mid_Academic_Lab_12x12,47385.42,49887.15,6792.24,400.0,320.0,400.0
243,1,ZONE_FACULTY_BIOSPHERE,7,IntermediateFloor,SM_FC_Mid_Faculty_Chambers_12x12,47385.42,49887.15,7192.24,400.0,280.0,400.0
243,1,ZONE_FACULTY_BIOSPHERE,8,Roof,SM_FC_Roof_SolarObservatory_12x12,47385.42,49887.15,7592.24,500.0,140.0,250.0
244,1,ZONE_FACULTY_BIOSPHERE,0,Foundation,SM_FC_Foundation_SlopeCompensated_12x12,43632.82,53639.76,2576.61,400.0,850.0,1200.0
244,1,ZONE_FACULTY_BIOSPHERE,1,GroundFloor,SM_FC_Ground_Lobby_Transit_12x12,43632.82,53639.76,2976.61,600.0,450.0,600.0
244,1,ZONE_FACULTY_BIOSPHERE,2,IntermediateFloor,SM_FC_Mid_Academic_Lab_12x12,43632.82,53639.76,3576.61,400.0,320.0,400.0
244,1,ZONE_FACULTY_BIOSPHERE,3,IntermediateFloor,SM_FC_Mid_Faculty_Chambers_12x12,43632.82,53639.76,3976.61,400.0,280.0,400.0
244,1,ZONE_FACULTY_BIOSPHERE,4,IntermediateFloor,SM_FC_Mid_Academic_Lab_12x12,43632.82,53639.76,4376.61,400.0,320.0,400.0
244,1,ZONE_FACULTY_BIOSPHERE,5,IntermediateFloor,SM_FC_Mid_Faculty_Chambers_12x12,43632.82,53639.76,4776.61,400.0,280.0,400.0
244,1,ZONE_FACULTY_BIOSPHERE,6,IntermediateFloor,SM_FC_Mid_Academic_Lab_12x12,43632.82,53639.76,5176.61,400.0,320.0,400.0
244,1,ZONE_FACULTY_BIOSPHERE,7,Roof,SM_FC_Roof_SolarObservatory_12x12,43632.82,53639.76,5576.61,500.0,140.0,250.0
245,1,ZONE_FACULTY_BIOSPHERE,0,Foundation,SM_FC_Foundation_SlopeCompensated_12x12,39880.22,57392.36,-1.87,400.0,850.0,1200.0
245,1,ZONE_FACULTY_BIOSPHERE,1,GroundFloor,SM_FC_Ground_Lobby_Transit_12x12,39880.22,57392.36,398.13,600.0,450.0,600.0
245,1,ZONE_FACULTY_BIOSPHERE,2,IntermediateFloor,SM_FC_Mid_Academic_Lab_12x12,39880.22,57392.36,998.13,400.0,320.0,400.0
245,1,ZONE_FACULTY_BIOSPHERE,3,IntermediateFloor,SM_FC_Mid_Faculty_Chambers_12x12,39880.22,57392.36,1398.13,400.0,280.0,400.0
245,1,ZONE_FACULTY_BIOSPHERE,4,IntermediateFloor,SM_FC_Mid_Academic_Lab_12x12,39880.22,57392.36,1798.13,400.0,320.0,400.0
245,1,ZONE_FACULTY_BIOSPHERE,5,IntermediateFloor,SM_FC_Mid_Faculty_Chambers_12x12,39880.22,57392.36,2198.13,400.0,280.0,400.0
245,1,ZONE_FACULTY_BIOSPHERE,6,IntermediateFloor,SM_FC_Mid_Academic_Lab_12x12,39880.22,57392.36,2598.13,400.0,320.0,400.0
245,1,ZONE_FACULTY_BIOSPHERE,7,IntermediateFloor,SM_FC_Mid_Faculty_Chambers_12x12,39880.22,57392.36,2998.13,400.0,280.0,400.0
245,1,ZONE_FACULTY_BIOSPHERE,8,Roof,SM_FC_Roof_SolarObservatory_12x12,39880.22,57392.36,3398.13,500.0,140.0,250.0
246,1,ZONE_FACULTY_BIOSPHERE,0,Foundation,SM_FC_Foundation_SlopeCompensated_12x12,58894.21,42852.44,203.95,400.0,850.0,1200.0
246,1,ZONE_FACULTY_BIOSPHERE,1,GroundFloor,SM_FC_Ground_Lobby_Transit_12x12,58894.21,42852.44,603.95,600.0,450.0,600.0
246,1,ZONE_FACULTY_BIOSPHERE,2,IntermediateFloor,SM_FC_Mid_Academic_Lab_12x12,58894.21,42852.44,1203.95,400.0,320.0,400.0
246,1,ZONE_FACULTY_BIOSPHERE,3,IntermediateFloor,SM_FC_Mid_Faculty_Chambers_12x12,58894.21,42852.44,1603.95,400.0,280.0,400.0
246,1,ZONE_FACULTY_BIOSPHERE,4,IntermediateFloor,SM_FC_Mid_Academic_Lab_12x12,58894.21,42852.44,2003.95,400.0,320.0,400.0
246,1,ZONE_FACULTY_BIOSPHERE,5,IntermediateFloor,SM_FC_Mid_Faculty_Chambers_12x12,58894.21,42852.44,2403.95,400.0,280.0,400.0
246,1,ZONE_FACULTY_BIOSPHERE,6,Roof,SM_FC_Roof_SolarObservatory_12x12,58894.21,42852.44,2803.95,500.0,140.0,250.0
247,1,ZONE_FACULTY_BIOSPHERE,0,Foundation,SM_FC_Foundation_SlopeCompensated_12x12,55456.69,46289.96,2718.83,400.0,850.0,1200.0
247,1,ZONE_FACULTY_BIOSPHERE,1,GroundFloor,SM_FC_Ground_Lobby_Transit_12x12,55456.69,46289.96,3118.83,600.0,450.0,600.0
247,1,ZONE_FACULTY_BIOSPHERE,2,IntermediateFloor,SM_FC_Mid_Academic_Lab_12x12,55456.69,46289.96,3718.83,400.0,320.0,400.0
247,1,ZONE_FACULTY_BIOSPHERE,3,IntermediateFloor,SM_FC_Mid_Faculty_Chambers_12x12,55456.69,46289.96,4118.83,400.0,280.0,400.0
247,1,ZONE_FACULTY_BIOSPHERE,4,Roof,SM_FC_Roof_SolarObservatory_12x12,55456.69,46289.96,4518.83,500.0,140.0,250.0
248,1,ZONE_FACULTY_BIOSPHERE,0,Foundation,SM_FC_Foundation_SlopeCompensated_12x12,52019.17,49727.49,4297.52,400.0,850.0,1200.0
248,1,ZONE_FACULTY_BIOSPHERE,1,GroundFloor,SM_FC_Ground_Lobby_Transit_12x12,52019.17,49727.49,4697.52,600.0,450.0,600.0
248,1,ZONE_FACULTY_BIOSPHERE,2,IntermediateFloor,SM_FC_Mid_Academic_Lab_12x12,52019.17,49727.49,5297.52,400.0,320.0,400.0
248,1,ZONE_FACULTY_BIOSPHERE,3,Roof,SM_FC_Roof_SolarObservatory_12x12,52019.17,49727.49,5697.52,500.0,140.0,250.0
249,1,ZONE_FACULTY_BIOSPHERE,0,Foundation,SM_FC_Foundation_SlopeCompensated_12x12,48581.64,53165.01,3875.31,400.0,850.0,1200.0
249,1,ZONE_FACULTY_BIOSPHERE,1,GroundFloor,SM_FC_Ground_Lobby_Transit_12x12,48581.64,53165.01,4275.31,600.0,450.0,600.0
249,1,ZONE_FACULTY_BIOSPHERE,2,IntermediateFloor,SM_FC_Mid_Academic_Lab_12x12,48581.64,53165.01,4875.31,400.0,320.0,400.0
249,1,ZONE_FACULTY_BIOSPHERE,3,IntermediateFloor,SM_FC_Mid_Faculty_Chambers_12x12,48581.64,53165.01,5275.31,400.0,280.0,400.0
249,1,ZONE_FACULTY_BIOSPHERE,4,IntermediateFloor,SM_FC_Mid_Academic_Lab_12x12,48581.64,53165.01,5675.31,400.0,320.0,400.0
249,1,ZONE_FACULTY_BIOSPHERE,5,IntermediateFloor,SM_FC_Mid_Faculty_Chambers_12x12,48581.64,53165.01,6075.31,400.0,280.0,400.0
249,1,ZONE_FACULTY_BIOSPHERE,6,IntermediateFloor,SM_FC_Mid_Academic_Lab_12x12,48581.64,53165.01,6475.31,400.0,320.0,400.0
249,1,ZONE_FACULTY_BIOSPHERE,7,Roof,SM_FC_Roof_SolarObservatory_12x12,48581.64,53165.01,6875.31,500.0,140.0,250.0
250,1,ZONE_FACULTY_BIOSPHERE,0,Foundation,SM_FC_Foundation_SlopeCompensated_12x12,45144.12,56602.53,1984.56,400.0,850.0,1200.0
250,1,ZONE_FACULTY_BIOSPHERE,1,GroundFloor,SM_FC_Ground_Lobby_Transit_12x12,45144.12,56602.53,2384.56,600.0,450.0,600.0
250,1,ZONE_FACULTY_BIOSPHERE,2,IntermediateFloor,SM_FC_Mid_Academic_Lab_12x12,45144.12,56602.53,2984.56,400.0,320.0,400.0
250,1,ZONE_FACULTY_BIOSPHERE,3,IntermediateFloor,SM_FC_Mid_Faculty_Chambers_12x12,45144.12,56602.53,3384.56,400.0,280.0,400.0
250,1,ZONE_FACULTY_BIOSPHERE,4,IntermediateFloor,SM_FC_Mid_Academic_Lab_12x12,45144.12,56602.53,3784.56,400.0,320.0,400.0
250,1,ZONE_FACULTY_BIOSPHERE,5,IntermediateFloor,SM_FC_Mid_Faculty_Chambers_12x12,45144.12,56602.53,4184.56,400.0,280.0,400.0
250,1,ZONE_FACULTY_BIOSPHERE,6,IntermediateFloor,SM_FC_Mid_Academic_Lab_12x12,45144.12,56602.53,4584.56,400.0,320.0,400.0
250,1,ZONE_FACULTY_BIOSPHERE,7,IntermediateFloor,SM_FC_Mid_Faculty_Chambers_12x12,45144.12,56602.53,4984.56,400.0,280.0,400.0
250,1,ZONE_FACULTY_BIOSPHERE,8,Roof,SM_FC_Roof_SolarObservatory_12x12,45144.12,56602.53,5384.56,500.0,140.0,250.0
251,1,ZONE_FACULTY_BIOSPHERE,0,Foundation,SM_FC_Foundation_SlopeCompensated_12x12,59342.13,46878.6,1344.5,400.0,850.0,1200.0
251,1,ZONE_FACULTY_BIOSPHERE,1,GroundFloor,SM_FC_Ground_Lobby_Transit_12x12,59342.13,46878.6,1744.5,600.0,450.0,600.0
251,1,ZONE_FACULTY_BIOSPHERE,2,IntermediateFloor,SM_FC_Mid_Academic_Lab_12x12,59342.13,46878.6,2344.5,400.0,320.0,400.0
251,1,ZONE_FACULTY_BIOSPHERE,3,IntermediateFloor,SM_FC_Mid_Faculty_Chambers_12x12,59342.13,46878.6,2744.5,400.0,280.0,400.0
251,1,ZONE_FACULTY_BIOSPHERE,4,IntermediateFloor,SM_FC_Mid_Academic_Lab_12x12,59342.13,46878.6,3144.5,400.0,320.0,400.0
251,1,ZONE_FACULTY_BIOSPHERE,5,IntermediateFloor,SM_FC_Mid_Faculty_Chambers_12x12,59342.13,46878.6,3544.5,400.0,280.0,400.0
251,1,ZONE_FACULTY_BIOSPHERE,6,IntermediateFloor,SM_FC_Mid_Academic_Lab_12x12,59342.13,46878.6,3944.5,400.0,320.0,400.0
251,1,ZONE_FACULTY_BIOSPHERE,7,IntermediateFloor,SM_FC_Mid_Faculty_Chambers_12x12,59342.13,46878.6,4344.5,400.0,280.0,400.0
251,1,ZONE_FACULTY_BIOSPHERE,8,Roof,SM_FC_Roof_SolarObservatory_12x12,59342.13,46878.6,4744.5,500.0,140.0,250.0
252,1,ZONE_FACULTY_BIOSPHERE,0,Foundation,SM_FC_Foundation_SlopeCompensated_12x12,56226.25,49994.49,3471.31,400.0,850.0,1200.0
252,1,ZONE_FACULTY_BIOSPHERE,1,GroundFloor,SM_FC_Ground_Lobby_Transit_12x12,56226.25,49994.49,3871.31,600.0,450.0,600.0
252,1,ZONE_FACULTY_BIOSPHERE,2,IntermediateFloor,SM_FC_Mid_Academic_Lab_12x12,56226.25,49994.49,4471.31,400.0,320.0,400.0
252,1,ZONE_FACULTY_BIOSPHERE,3,IntermediateFloor,SM_FC_Mid_Faculty_Chambers_12x12,56226.25,49994.49,4871.31,400.0,280.0,400.0
252,1,ZONE_FACULTY_BIOSPHERE,4,IntermediateFloor,SM_FC_Mid_Academic_Lab_12x12,56226.25,49994.49,5271.31,400.0,320.0,400.0
252,1,ZONE_FACULTY_BIOSPHERE,5,IntermediateFloor,SM_FC_Mid_Faculty_Chambers_12x12,56226.25,49994.49,5671.31,400.0,280.0,400.0
252,1,ZONE_FACULTY_BIOSPHERE,6,Roof,SM_FC_Roof_SolarObservatory_12x12,56226.25,49994.49,6071.31,500.0,140.0,250.0
253,1,ZONE_FACULTY_BIOSPHERE,0,Foundation,SM_FC_Foundation_SlopeCompensated_12x12,53110.37,53110.37,4698.86,400.0,850.0,1200.0
253,1,ZONE_FACULTY_BIOSPHERE,1,GroundFloor,SM_FC_Ground_Lobby_Transit_12x12,53110.37,53110.37,5098.86,600.0,450.0,600.0
253,1,ZONE_FACULTY_BIOSPHERE,2,IntermediateFloor,SM_FC_Mid_Academic_Lab_12x12,53110.37,53110.37,5698.86,400.0,320.0,400.0
253,1,ZONE_FACULTY_BIOSPHERE,3,IntermediateFloor,SM_FC_Mid_Faculty_Chambers_12x12,53110.37,53110.37,6098.86,400.0,280.0,400.0
253,1,ZONE_FACULTY_BIOSPHERE,4,IntermediateFloor,SM_FC_Mid_Academic_Lab_12x12,53110.37,53110.37,6498.86,400.0,320.0,400.0
253,1,ZONE_FACULTY_BIOSPHERE,5,IntermediateFloor,SM_FC_Mid_Faculty_Chambers_12x12,53110.37,53110.37,6898.86,400.0,280.0,400.0
253,1,ZONE_FACULTY_BIOSPHERE,6,Roof,SM_FC_Roof_SolarObservatory_12x12,53110.37,53110.37,7298.86,500.0,140.0,250.0
254,1,ZONE_FACULTY_BIOSPHERE,0,Foundation,SM_FC_Foundation_SlopeCompensated_12x12,49994.49,56226.25,3471.31,400.0,850.0,1200.0
254,1,ZONE_FACULTY_BIOSPHERE,1,GroundFloor,SM_FC_Ground_Lobby_Transit_12x12,49994.49,56226.25,3871.31,600.0,450.0,600.0
254,1,ZONE_FACULTY_BIOSPHERE,2,IntermediateFloor,SM_FC_Mid_Academic_Lab_12x12,49994.49,56226.25,4471.31,400.0,320.0,400.0
254,1,ZONE_FACULTY_BIOSPHERE,3,IntermediateFloor,SM_FC_Mid_Faculty_Chambers_12x12,49994.49,56226.25,4871.31,400.0,280.0,400.0
254,1,ZONE_FACULTY_BIOSPHERE,4,IntermediateFloor,SM_FC_Mid_Academic_Lab_12x12,49994.49,56226.25,5271.31,400.0,320.0,400.0
254,1,ZONE_FACULTY_BIOSPHERE,5,IntermediateFloor,SM_FC_Mid_Faculty_Chambers_12x12,49994.49,56226.25,5671.31,400.0,280.0,400.0
254,1,ZONE_FACULTY_BIOSPHERE,6,IntermediateFloor,SM_FC_Mid_Academic_Lab_12x12,49994.49,56226.25,6071.31,400.0,320.0,400.0
254,1,ZONE_FACULTY_BIOSPHERE,7,IntermediateFloor,SM_FC_Mid_Faculty_Chambers_12x12,49994.49,56226.25,6471.31,400.0,280.0,400.0
254,1,ZONE_FACULTY_BIOSPHERE,8,Roof,SM_FC_Roof_SolarObservatory_12x12,49994.49,56226.25,6871.31,500.0,140.0,250.0
255,1,ZONE_FACULTY_BIOSPHERE,0,Foundation,SM_FC_Foundation_SlopeCompensated_12x12,46878.6,59342.13,1344.5,400.0,850.0,1200.0
255,1,ZONE_FACULTY_BIOSPHERE,1,GroundFloor,SM_FC_Ground_Lobby_Transit_12x12,46878.6,59342.13,1744.5,600.0,450.0,600.0
255,1,ZONE_FACULTY_BIOSPHERE,2,IntermediateFloor,SM_FC_Mid_Academic_Lab_12x12,46878.6,59342.13,2344.5,400.0,320.0,400.0
255,1,ZONE_FACULTY_BIOSPHERE,3,IntermediateFloor,SM_FC_Mid_Faculty_Chambers_12x12,46878.6,59342.13,2744.5,400.0,280.0,400.0
255,1,ZONE_FACULTY_BIOSPHERE,4,IntermediateFloor,SM_FC_Mid_Academic_Lab_12x12,46878.6,59342.13,3144.5,400.0,320.0,400.0
255,1,ZONE_FACULTY_BIOSPHERE,5,IntermediateFloor,SM_FC_Mid_Faculty_Chambers_12x12,46878.6,59342.13,3544.5,400.0,280.0,400.0
255,1,ZONE_FACULTY_BIOSPHERE,6,IntermediateFloor,SM_FC_Mid_Academic_Lab_12x12,46878.6,59342.13,3944.5,400.0,320.0,400.0
255,1,ZONE_FACULTY_BIOSPHERE,7,IntermediateFloor,SM_FC_Mid_Faculty_Chambers_12x12,46878.6,59342.13,4344.5,400.0,280.0,400.0
255,1,ZONE_FACULTY_BIOSPHERE,8,Roof,SM_FC_Roof_SolarObservatory_12x12,46878.6,59342.13,4744.5,500.0,140.0,250.0
256,1,ZONE_FACULTY_BIOSPHERE,0,Foundation,SM_FC_Foundation_SlopeCompensated_12x12,59998.78,50696.04,2329.9,400.0,850.0,1200.0
256,1,ZONE_FACULTY_BIOSPHERE,1,GroundFloor,SM_FC_Ground_Lobby_Transit_12x12,59998.78,50696.04,2729.9,600.0,450.0,600.0
256,1,ZONE_FACULTY_BIOSPHERE,2,IntermediateFloor,SM_FC_Mid_Academic_Lab_12x12,59998.78,50696.04,3329.9,400.0,320.0,400.0
256,1,ZONE_FACULTY_BIOSPHERE,3,Roof,SM_FC_Roof_SolarObservatory_12x12,59998.78,50696.04,3729.9,500.0,140.0,250.0
257,1,ZONE_FACULTY_BIOSPHERE,0,Foundation,SM_FC_Foundation_SlopeCompensated_12x12,57207.96,53486.86,4075.84,400.0,850.0,1200.0
257,1,ZONE_FACULTY_BIOSPHERE,1,GroundFloor,SM_FC_Ground_Lobby_Transit_12x12,57207.96,53486.86,4475.84,600.0,450.0,600.0
257,1,ZONE_FACULTY_BIOSPHERE,2,IntermediateFloor,SM_FC_Mid_Academic_Lab_12x12,57207.96,53486.86,5075.84,400.0,320.0,400.0
257,1,ZONE_FACULTY_BIOSPHERE,3,Roof,SM_FC_Roof_SolarObservatory_12x12,57207.96,53486.86,5475.84,500.0,140.0,250.0
258,1,ZONE_FACULTY_BIOSPHERE,0,Foundation,SM_FC_Foundation_SlopeCompensated_12x12,54417.13,56277.68,4468.38,400.0,850.0,1200.0
258,1,ZONE_FACULTY_BIOSPHERE,1,GroundFloor,SM_FC_Ground_Lobby_Transit_12x12,54417.13,56277.68,4868.38,600.0,450.0,600.0
258,1,ZONE_FACULTY_BIOSPHERE,2,IntermediateFloor,SM_FC_Mid_Academic_Lab_12x12,54417.13,56277.68,5468.38,400.0,320.0,400.0
258,1,ZONE_FACULTY_BIOSPHERE,3,IntermediateFloor,SM_FC_Mid_Faculty_Chambers_12x12,54417.13,56277.68,5868.38,400.0,280.0,400.0
258,1,ZONE_FACULTY_BIOSPHERE,4,IntermediateFloor,SM_FC_Mid_Academic_Lab_12x12,54417.13,56277.68,6268.38,400.0,320.0,400.0
258,1,ZONE_FACULTY_BIOSPHERE,5,IntermediateFloor,SM_FC_Mid_Faculty_Chambers_12x12,54417.13,56277.68,6668.38,400.0,280.0,400.0
258,1,ZONE_FACULTY_BIOSPHERE,6,IntermediateFloor,SM_FC_Mid_Academic_Lab_12x12,54417.13,56277.68,7068.38,400.0,320.0,400.0
258,1,ZONE_FACULTY_BIOSPHERE,7,IntermediateFloor,SM_FC_Mid_Faculty_Chambers_12x12,54417.13,56277.68,7468.38,400.0,280.0,400.0
258,1,ZONE_FACULTY_BIOSPHERE,8,Roof,SM_FC_Roof_SolarObservatory_12x12,54417.13,56277.68,7868.38,500.0,140.0,250.0
259,1,ZONE_FACULTY_BIOSPHERE,0,Foundation,SM_FC_Foundation_SlopeCompensated_12x12,51626.31,59068.5,3006.6,400.0,850.0,1200.0
259,1,ZONE_FACULTY_BIOSPHERE,1,GroundFloor,SM_FC_Ground_Lobby_Transit_12x12,51626.31,59068.5,3406.6,600.0,450.0,600.0
259,1,ZONE_FACULTY_BIOSPHERE,2,IntermediateFloor,SM_FC_Mid_Academic_Lab_12x12,51626.31,59068.5,4006.6,400.0,320.0,400.0
259,1,ZONE_FACULTY_BIOSPHERE,3,IntermediateFloor,SM_FC_Mid_Faculty_Chambers_12x12,51626.31,59068.5,4406.6,400.0,280.0,400.0
259,1,ZONE_FACULTY_BIOSPHERE,4,IntermediateFloor,SM_FC_Mid_Academic_Lab_12x12,51626.31,59068.5,4806.6,400.0,320.0,400.0
259,1,ZONE_FACULTY_BIOSPHERE,5,IntermediateFloor,SM_FC_Mid_Faculty_Chambers_12x12,51626.31,59068.5,5206.6,400.0,280.0,400.0
259,1,ZONE_FACULTY_BIOSPHERE,6,IntermediateFloor,SM_FC_Mid_Academic_Lab_12x12,51626.31,59068.5,5606.6,400.0,320.0,400.0
259,1,ZONE_FACULTY_BIOSPHERE,7,IntermediateFloor,SM_FC_Mid_Faculty_Chambers_12x12,51626.31,59068.5,6006.6,400.0,280.0,400.0
259,1,ZONE_FACULTY_BIOSPHERE,8,Roof,SM_FC_Roof_SolarObservatory_12x12,51626.31,59068.5,6406.6,500.0,140.0,250.0
260,1,ZONE_FACULTY_BIOSPHERE,0,Foundation,SM_FC_Foundation_SlopeCompensated_12x12,48835.49,61859.33,692.34,400.0,850.0,1200.0
260,1,ZONE_FACULTY_BIOSPHERE,1,GroundFloor,SM_FC_Ground_Lobby_Transit_12x12,48835.49,61859.33,1092.34,600.0,450.0,600.0
260,1,ZONE_FACULTY_BIOSPHERE,2,IntermediateFloor,SM_FC_Mid_Academic_Lab_12x12,48835.49,61859.33,1692.34,400.0,320.0,400.0
260,1,ZONE_FACULTY_BIOSPHERE,3,Roof,SM_FC_Roof_SolarObservatory_12x12,48835.49,61859.33,2092.34,500.0,140.0,250.0
261,1,ZONE_FACULTY_BIOSPHERE,0,Foundation,SM_FC_Foundation_SlopeCompensated_12x12,63336.69,51832.2,972.39,400.0,850.0,1200.0
261,1,ZONE_FACULTY_BIOSPHERE,1,GroundFloor,SM_FC_Ground_Lobby_Transit_12x12,63336.69,51832.2,1372.39,600.0,450.0,600.0
261,1,ZONE_FACULTY_BIOSPHERE,2,IntermediateFloor,SM_FC_Mid_Academic_Lab_12x12,63336.69,51832.2,1972.39,400.0,320.0,400.0
261,1,ZONE_FACULTY_BIOSPHERE,3,IntermediateFloor,SM_FC_Mid_Faculty_Chambers_12x12,63336.69,51832.2,2372.39,400.0,280.0,400.0
261,1,ZONE_FACULTY_BIOSPHERE,4,IntermediateFloor,SM_FC_Mid_Academic_Lab_12x12,63336.69,51832.2,2772.39,400.0,320.0,400.0
261,1,ZONE_FACULTY_BIOSPHERE,5,IntermediateFloor,SM_FC_Mid_Faculty_Chambers_12x12,63336.69,51832.2,3172.39,400.0,280.0,400.0
261,1,ZONE_FACULTY_BIOSPHERE,6,IntermediateFloor,SM_FC_Mid_Academic_Lab_12x12,63336.69,51832.2,3572.39,400.0,320.0,400.0
261,1,ZONE_FACULTY_BIOSPHERE,7,Roof,SM_FC_Roof_SolarObservatory_12x12,63336.69,51832.2,3972.39,500.0,140.0,250.0
262,1,ZONE_FACULTY_BIOSPHERE,0,Foundation,SM_FC_Foundation_SlopeCompensated_12x12,60871.44,54297.45,3151.24,400.0,850.0,1200.0
262,1,ZONE_FACULTY_BIOSPHERE,1,GroundFloor,SM_FC_Ground_Lobby_Transit_12x12,60871.44,54297.45,3551.24,600.0,450.0,600.0
262,1,ZONE_FACULTY_BIOSPHERE,2,IntermediateFloor,SM_FC_Mid_Academic_Lab_12x12,60871.44,54297.45,4151.24,400.0,320.0,400.0
262,1,ZONE_FACULTY_BIOSPHERE,3,IntermediateFloor,SM_FC_Mid_Faculty_Chambers_12x12,60871.44,54297.45,4551.24,400.0,280.0,400.0
262,1,ZONE_FACULTY_BIOSPHERE,4,IntermediateFloor,SM_FC_Mid_Academic_Lab_12x12,60871.44,54297.45,4951.24,400.0,320.0,400.0
262,1,ZONE_FACULTY_BIOSPHERE,5,IntermediateFloor,SM_FC_Mid_Faculty_Chambers_12x12,60871.44,54297.45,5351.24,400.0,280.0,400.0
262,1,ZONE_FACULTY_BIOSPHERE,6,IntermediateFloor,SM_FC_Mid_Academic_Lab_12x12,60871.44,54297.45,5751.24,400.0,320.0,400.0
262,1,ZONE_FACULTY_BIOSPHERE,7,IntermediateFloor,SM_FC_Mid_Faculty_Chambers_12x12,60871.44,54297.45,6151.24,400.0,280.0,400.0
262,1,ZONE_FACULTY_BIOSPHERE,8,Roof,SM_FC_Roof_SolarObservatory_12x12,60871.44,54297.45,6551.24,500.0,140.0,250.0
263,1,ZONE_FACULTY_BIOSPHERE,0,Foundation,SM_FC_Foundation_SlopeCompensated_12x12,58406.2,56762.7,4533.72,400.0,850.0,1200.0
263,1,ZONE_FACULTY_BIOSPHERE,1,GroundFloor,SM_FC_Ground_Lobby_Transit_12x12,58406.2,56762.7,4933.72,600.0,450.0,600.0
263,1,ZONE_FACULTY_BIOSPHERE,2,IntermediateFloor,SM_FC_Mid_Academic_Lab_12x12,58406.2,56762.7,5533.72,400.0,320.0,400.0
263,1,ZONE_FACULTY_BIOSPHERE,3,Roof,SM_FC_Roof_SolarObservatory_12x12,58406.2,56762.7,5933.72,500.0,140.0,250.0
264,1,ZONE_FACULTY_BIOSPHERE,0,Foundation,SM_FC_Foundation_SlopeCompensated_12x12,55940.95,59227.95,4161.38,400.0,850.0,1200.0
264,1,ZONE_FACULTY_BIOSPHERE,1,GroundFloor,SM_FC_Ground_Lobby_Transit_12x12,55940.95,59227.95,4561.38,600.0,450.0,600.0
264,1,ZONE_FACULTY_BIOSPHERE,2,IntermediateFloor,SM_FC_Mid_Academic_Lab_12x12,55940.95,59227.95,5161.38,400.0,320.0,400.0
264,1,ZONE_FACULTY_BIOSPHERE,3,IntermediateFloor,SM_FC_Mid_Faculty_Chambers_12x12,55940.95,59227.95,5561.38,400.0,280.0,400.0
264,1,ZONE_FACULTY_BIOSPHERE,4,Roof,SM_FC_Roof_SolarObservatory_12x12,55940.95,59227.95,5961.38,500.0,140.0,250.0
265,1,ZONE_FACULTY_BIOSPHERE,0,Foundation,SM_FC_Foundation_SlopeCompensated_12x12,53475.7,61693.19,2513.44,400.0,850.0,1200.0
265,1,ZONE_FACULTY_BIOSPHERE,1,GroundFloor,SM_FC_Ground_Lobby_Transit_12x12,53475.7,61693.19,2913.44,600.0,450.0,600.0
265,1,ZONE_FACULTY_BIOSPHERE,2,IntermediateFloor,SM_FC_Mid_Academic_Lab_12x12,53475.7,61693.19,3513.44,400.0,320.0,400.0
265,1,ZONE_FACULTY_BIOSPHERE,3,Roof,SM_FC_Roof_SolarObservatory_12x12,53475.7,61693.19,3913.44,500.0,140.0,250.0
266,1,ZONE_FACULTY_BIOSPHERE,0,Foundation,SM_FC_Foundation_SlopeCompensated_12x12,64105.23,55537.75,1959.64,400.0,850.0,1200.0
266,1,ZONE_FACULTY_BIOSPHERE,1,GroundFloor,SM_FC_Ground_Lobby_Transit_12x12,64105.23,55537.75,2359.64,600.0,450.0,600.0
266,1,ZONE_FACULTY_BIOSPHERE,2,IntermediateFloor,SM_FC_Mid_Academic_Lab_12x12,64105.23,55537.75,2959.64,400.0,320.0,400.0
266,1,ZONE_FACULTY_BIOSPHERE,3,IntermediateFloor,SM_FC_Mid_Faculty_Chambers_12x12,64105.23,55537.75,3359.64,400.0,280.0,400.0
266,1,ZONE_FACULTY_BIOSPHERE,4,Roof,SM_FC_Roof_SolarObservatory_12x12,64105.23,55537.75,3759.64,500.0,140.0,250.0
267,1,ZONE_FACULTY_BIOSPHERE,0,Foundation,SM_FC_Foundation_SlopeCompensated_12x12,61963.36,57679.62,3676.21,400.0,850.0,1200.0
267,1,ZONE_FACULTY_BIOSPHERE,1,GroundFloor,SM_FC_Ground_Lobby_Transit_12x12,61963.36,57679.62,4076.21,600.0,450.0,600.0
267,1,ZONE_FACULTY_BIOSPHERE,2,IntermediateFloor,SM_FC_Mid_Academic_Lab_12x12,61963.36,57679.62,4676.21,400.0,320.0,400.0
267,1,ZONE_FACULTY_BIOSPHERE,3,Roof,SM_FC_Roof_SolarObservatory_12x12,61963.36,57679.62,5076.21,500.0,140.0,250.0
268,1,ZONE_FACULTY_BIOSPHERE,0,Foundation,SM_FC_Foundation_SlopeCompensated_12x12,59821.49,59821.49,4686.33,400.0,850.0,1200.0
268,1,ZONE_FACULTY_BIOSPHERE,1,GroundFloor,SM_FC_Ground_Lobby_Transit_12x12,59821.49,59821.49,5086.33,600.0,450.0,600.0
268,1,ZONE_FACULTY_BIOSPHERE,2,IntermediateFloor,SM_FC_Mid_Academic_Lab_12x12,59821.49,59821.49,5686.33,400.0,320.0,400.0
268,1,ZONE_FACULTY_BIOSPHERE,3,IntermediateFloor,SM_FC_Mid_Faculty_Chambers_12x12,59821.49,59821.49,6086.33,400.0,280.0,400.0
268,1,ZONE_FACULTY_BIOSPHERE,4,IntermediateFloor,SM_FC_Mid_Academic_Lab_12x12,59821.49,59821.49,6486.33,400.0,320.0,400.0
268,1,ZONE_FACULTY_BIOSPHERE,5,IntermediateFloor,SM_FC_Mid_Faculty_Chambers_12x12,59821.49,59821.49,6886.33,400.0,280.0,400.0
268,1,ZONE_FACULTY_BIOSPHERE,6,IntermediateFloor,SM_FC_Mid_Academic_Lab_12x12,59821.49,59821.49,7286.33,400.0,320.0,400.0
268,1,ZONE_FACULTY_BIOSPHERE,7,IntermediateFloor,SM_FC_Mid_Faculty_Chambers_12x12,59821.49,59821.49,7686.33,400.0,280.0,400.0
268,1,ZONE_FACULTY_BIOSPHERE,8,Roof,SM_FC_Roof_SolarObservatory_12x12,59821.49,59821.49,8086.33,500.0,140.0,250.0
269,1,ZONE_FACULTY_BIOSPHERE,0,Foundation,SM_FC_Foundation_SlopeCompensated_12x12,57679.62,61963.36,3676.21,400.0,850.0,1200.0
269,1,ZONE_FACULTY_BIOSPHERE,1,GroundFloor,SM_FC_Ground_Lobby_Transit_12x12,57679.62,61963.36,4076.21,600.0,450.0,600.0
269,1,ZONE_FACULTY_BIOSPHERE,2,IntermediateFloor,SM_FC_Mid_Academic_Lab_12x12,57679.62,61963.36,4676.21,400.0,320.0,400.0
269,1,ZONE_FACULTY_BIOSPHERE,3,IntermediateFloor,SM_FC_Mid_Faculty_Chambers_12x12,57679.62,61963.36,5076.21,400.0,280.0,400.0
269,1,ZONE_FACULTY_BIOSPHERE,4,IntermediateFloor,SM_FC_Mid_Academic_Lab_12x12,57679.62,61963.36,5476.21,400.0,320.0,400.0
269,1,ZONE_FACULTY_BIOSPHERE,5,IntermediateFloor,SM_FC_Mid_Faculty_Chambers_12x12,57679.62,61963.36,5876.21,400.0,280.0,400.0
269,1,ZONE_FACULTY_BIOSPHERE,6,IntermediateFloor,SM_FC_Mid_Academic_Lab_12x12,57679.62,61963.36,6276.21,400.0,320.0,400.0
269,1,ZONE_FACULTY_BIOSPHERE,7,IntermediateFloor,SM_FC_Mid_Faculty_Chambers_12x12,57679.62,61963.36,6676.21,400.0,280.0,400.0
269,1,ZONE_FACULTY_BIOSPHERE,8,Roof,SM_FC_Roof_SolarObservatory_12x12,57679.62,61963.36,7076.21,500.0,140.0,250.0
270,1,ZONE_FACULTY_BIOSPHERE,0,Foundation,SM_FC_Foundation_SlopeCompensated_12x12,55537.75,64105.23,1959.64,400.0,850.0,1200.0
270,1,ZONE_FACULTY_BIOSPHERE,1,GroundFloor,SM_FC_Ground_Lobby_Transit_12x12,55537.75,64105.23,2359.64,600.0,450.0,600.0
270,1,ZONE_FACULTY_BIOSPHERE,2,IntermediateFloor,SM_FC_Mid_Academic_Lab_12x12,55537.75,64105.23,2959.64,400.0,320.0,400.0
270,1,ZONE_FACULTY_BIOSPHERE,3,IntermediateFloor,SM_FC_Mid_Faculty_Chambers_12x12,55537.75,64105.23,3359.64,400.0,280.0,400.0
270,1,ZONE_FACULTY_BIOSPHERE,4,IntermediateFloor,SM_FC_Mid_Academic_Lab_12x12,55537.75,64105.23,3759.64,400.0,320.0,400.0
270,1,ZONE_FACULTY_BIOSPHERE,5,Roof,SM_FC_Roof_SolarObservatory_12x12,55537.75,64105.23,4159.64,500.0,140.0,250.0
271,1,ZONE_FACULTY_BIOSPHERE,0,Foundation,SM_FC_Foundation_SlopeCompensated_12x12,65097.32,59019.74,2531.84,400.0,850.0,1200.0
271,1,ZONE_FACULTY_BIOSPHERE,1,GroundFloor,SM_FC_Ground_Lobby_Transit_12x12,65097.32,59019.74,2931.84,600.0,450.0,600.0
271,1,ZONE_FACULTY_BIOSPHERE,2,IntermediateFloor,SM_FC_Mid_Academic_Lab_12x12,65097.32,59019.74,3531.84,400.0,320.0,400.0
271,1,ZONE_FACULTY_BIOSPHERE,3,IntermediateFloor,SM_FC_Mid_Faculty_Chambers_12x12,65097.32,59019.74,3931.84,400.0,280.0,400.0
271,1,ZONE_FACULTY_BIOSPHERE,4,IntermediateFloor,SM_FC_Mid_Academic_Lab_12x12,65097.32,59019.74,4331.84,400.0,320.0,400.0
271,1,ZONE_FACULTY_BIOSPHERE,5,Roof,SM_FC_Roof_SolarObservatory_12x12,65097.32,59019.74,4731.84,500.0,140.0,250.0
272,1,ZONE_FACULTY_BIOSPHERE,0,Foundation,SM_FC_Foundation_SlopeCompensated_12x12,63274.05,60843.01,3758.51,400.0,850.0,1200.0
272,1,ZONE_FACULTY_BIOSPHERE,1,GroundFloor,SM_FC_Ground_Lobby_Transit_12x12,63274.05,60843.01,4158.51,600.0,450.0,600.0
272,1,ZONE_FACULTY_BIOSPHERE,2,IntermediateFloor,SM_FC_Mid_Academic_Lab_12x12,63274.05,60843.01,4758.51,400.0,320.0,400.0
272,1,ZONE_FACULTY_BIOSPHERE,3,Roof,SM_FC_Roof_SolarObservatory_12x12,63274.05,60843.01,5158.51,500.0,140.0,250.0
273,1,ZONE_FACULTY_BIOSPHERE,0,Foundation,SM_FC_Foundation_SlopeCompensated_12x12,61450.77,62666.29,4039.5,400.0,850.0,1200.0
273,1,ZONE_FACULTY_BIOSPHERE,1,GroundFloor,SM_FC_Ground_Lobby_Transit_12x12,61450.77,62666.29,4439.5,600.0,450.0,600.0
273,1,ZONE_FACULTY_BIOSPHERE,2,IntermediateFloor,SM_FC_Mid_Academic_Lab_12x12,61450.77,62666.29,5039.5,400.0,320.0,400.0
273,1,ZONE_FACULTY_BIOSPHERE,3,IntermediateFloor,SM_FC_Mid_Faculty_Chambers_12x12,61450.77,62666.29,5439.5,400.0,280.0,400.0
273,1,ZONE_FACULTY_BIOSPHERE,4,IntermediateFloor,SM_FC_Mid_Academic_Lab_12x12,61450.77,62666.29,5839.5,400.0,320.0,400.0
273,1,ZONE_FACULTY_BIOSPHERE,5,IntermediateFloor,SM_FC_Mid_Faculty_Chambers_12x12,61450.77,62666.29,6239.5,400.0,280.0,400.0
273,1,ZONE_FACULTY_BIOSPHERE,6,IntermediateFloor,SM_FC_Mid_Academic_Lab_12x12,61450.77,62666.29,6639.5,400.0,320.0,400.0
273,1,ZONE_FACULTY_BIOSPHERE,7,IntermediateFloor,SM_FC_Mid_Faculty_Chambers_12x12,61450.77,62666.29,7039.5,400.0,280.0,400.0
273,1,ZONE_FACULTY_BIOSPHERE,8,Roof,SM_FC_Roof_SolarObservatory_12x12,61450.77,62666.29,7439.5,500.0,140.0,250.0
274,1,ZONE_FACULTY_BIOSPHERE,0,Foundation,SM_FC_Foundation_SlopeCompensated_12x12,59627.49,64489.56,3004.68,400.0,850.0,1200.0
274,1,ZONE_FACULTY_BIOSPHERE,1,GroundFloor,SM_FC_Ground_Lobby_Transit_12x12,59627.49,64489.56,3404.68,600.0,450.0,600.0
274,1,ZONE_FACULTY_BIOSPHERE,2,IntermediateFloor,SM_FC_Mid_Academic_Lab_12x12,59627.49,64489.56,4004.68,400.0,320.0,400.0
274,1,ZONE_FACULTY_BIOSPHERE,3,IntermediateFloor,SM_FC_Mid_Faculty_Chambers_12x12,59627.49,64489.56,4404.68,400.0,280.0,400.0
274,1,ZONE_FACULTY_BIOSPHERE,4,IntermediateFloor,SM_FC_Mid_Academic_Lab_12x12,59627.49,64489.56,4804.68,400.0,320.0,400.0
274,1,ZONE_FACULTY_BIOSPHERE,5,IntermediateFloor,SM_FC_Mid_Faculty_Chambers_12x12,59627.49,64489.56,5204.68,400.0,280.0,400.0
274,1,ZONE_FACULTY_BIOSPHERE,6,IntermediateFloor,SM_FC_Mid_Academic_Lab_12x12,59627.49,64489.56,5604.68,400.0,320.0,400.0
274,1,ZONE_FACULTY_BIOSPHERE,7,IntermediateFloor,SM_FC_Mid_Faculty_Chambers_12x12,59627.49,64489.56,6004.68,400.0,280.0,400.0
274,1,ZONE_FACULTY_BIOSPHERE,8,Roof,SM_FC_Roof_SolarObservatory_12x12,59627.49,64489.56,6404.68,500.0,140.0,250.0
275,1,ZONE_FACULTY_BIOSPHERE,0,Foundation,SM_FC_Foundation_SlopeCompensated_12x12,57804.22,66312.84,1394.3,400.0,850.0,1200.0
275,1,ZONE_FACULTY_BIOSPHERE,1,GroundFloor,SM_FC_Ground_Lobby_Transit_12x12,57804.22,66312.84,1794.3,600.0,450.0,600.0
275,1,ZONE_FACULTY_BIOSPHERE,2,IntermediateFloor,SM_FC_Mid_Academic_Lab_12x12,57804.22,66312.84,2394.3,400.0,320.0,400.0
275,1,ZONE_FACULTY_BIOSPHERE,3,IntermediateFloor,SM_FC_Mid_Faculty_Chambers_12x12,57804.22,66312.84,2794.3,400.0,280.0,400.0
275,1,ZONE_FACULTY_BIOSPHERE,4,IntermediateFloor,SM_FC_Mid_Academic_Lab_12x12,57804.22,66312.84,3194.3,400.0,320.0,400.0
275,1,ZONE_FACULTY_BIOSPHERE,5,IntermediateFloor,SM_FC_Mid_Faculty_Chambers_12x12,57804.22,66312.84,3594.3,400.0,280.0,400.0
275,1,ZONE_FACULTY_BIOSPHERE,6,IntermediateFloor,SM_FC_Mid_Academic_Lab_12x12,57804.22,66312.84,3994.3,400.0,320.0,400.0
275,1,ZONE_FACULTY_BIOSPHERE,7,IntermediateFloor,SM_FC_Mid_Faculty_Chambers_12x12,57804.22,66312.84,4394.3,400.0,280.0,400.0
275,1,ZONE_FACULTY_BIOSPHERE,8,Roof,SM_FC_Roof_SolarObservatory_12x12,57804.22,66312.84,4794.3,500.0,140.0,250.0
276,1,ZONE_FACULTY_BIOSPHERE,0,Foundation,SM_FC_Foundation_SlopeCompensated_12x12,67823.53,60767.61,1433.09,400.0,850.0,1200.0
276,1,ZONE_FACULTY_BIOSPHERE,1,GroundFloor,SM_FC_Ground_Lobby_Transit_12x12,67823.53,60767.61,1833.09,600.0,450.0,600.0
276,1,ZONE_FACULTY_BIOSPHERE,2,IntermediateFloor,SM_FC_Mid_Academic_Lab_12x12,67823.53,60767.61,2433.09,400.0,320.0,400.0
276,1,ZONE_FACULTY_BIOSPHERE,3,IntermediateFloor,SM_FC_Mid_Faculty_Chambers_12x12,67823.53,60767.61,2833.09,400.0,280.0,400.0
276,1,ZONE_FACULTY_BIOSPHERE,4,IntermediateFloor,SM_FC_Mid_Academic_Lab_12x12,67823.53,60767.61,3233.09,400.0,320.0,400.0
276,1,ZONE_FACULTY_BIOSPHERE,5,IntermediateFloor,SM_FC_Mid_Faculty_Chambers_12x12,67823.53,60767.61,3633.09,400.0,280.0,400.0
276,1,ZONE_FACULTY_BIOSPHERE,6,IntermediateFloor,SM_FC_Mid_Academic_Lab_12x12,67823.53,60767.61,4033.09,400.0,320.0,400.0
276,1,ZONE_FACULTY_BIOSPHERE,7,IntermediateFloor,SM_FC_Mid_Faculty_Chambers_12x12,67823.53,60767.61,4433.09,400.0,280.0,400.0
276,1,ZONE_FACULTY_BIOSPHERE,8,Roof,SM_FC_Roof_SolarObservatory_12x12,67823.53,60767.61,4833.09,500.0,140.0,250.0
277,1,ZONE_FACULTY_BIOSPHERE,0,Foundation,SM_FC_Foundation_SlopeCompensated_12x12,66311.55,62279.59,2651.47,400.0,850.0,1200.0
277,1,ZONE_FACULTY_BIOSPHERE,1,GroundFloor,SM_FC_Ground_Lobby_Transit_12x12,66311.55,62279.59,3051.47,600.0,450.0,600.0
277,1,ZONE_FACULTY_BIOSPHERE,2,IntermediateFloor,SM_FC_Mid_Academic_Lab_12x12,66311.55,62279.59,3651.47,400.0,320.0,400.0
277,1,ZONE_FACULTY_BIOSPHERE,3,IntermediateFloor,SM_FC_Mid_Faculty_Chambers_12x12,66311.55,62279.59,4051.47,400.0,280.0,400.0
277,1,ZONE_FACULTY_BIOSPHERE,4,IntermediateFloor,SM_FC_Mid_Academic_Lab_12x12,66311.55,62279.59,4451.47,400.0,320.0,400.0
277,1,ZONE_FACULTY_BIOSPHERE,5,IntermediateFloor,SM_FC_Mid_Faculty_Chambers_12x12,66311.55,62279.59,4851.47,400.0,280.0,400.0
277,1,ZONE_FACULTY_BIOSPHERE,6,IntermediateFloor,SM_FC_Mid_Academic_Lab_12x12,66311.55,62279.59,5251.47,400.0,320.0,400.0
277,1,ZONE_FACULTY_BIOSPHERE,7,IntermediateFloor,SM_FC_Mid_Faculty_Chambers_12x12,66311.55,62279.59,5651.47,400.0,280.0,400.0
277,1,ZONE_FACULTY_BIOSPHERE,8,Roof,SM_FC_Roof_SolarObservatory_12x12,66311.55,62279.59,6051.47,500.0,140.0,250.0
278,1,ZONE_FACULTY_BIOSPHERE,0,Foundation,SM_FC_Foundation_SlopeCompensated_12x12,64799.56,63791.57,3441.26,400.0,850.0,1200.0
278,1,ZONE_FACULTY_BIOSPHERE,1,GroundFloor,SM_FC_Ground_Lobby_Transit_12x12,64799.56,63791.57,3841.26,600.0,450.0,600.0
278,1,ZONE_FACULTY_BIOSPHERE,2,IntermediateFloor,SM_FC_Mid_Academic_Lab_12x12,64799.56,63791.57,4441.26,400.0,320.0,400.0
278,1,ZONE_FACULTY_BIOSPHERE,3,IntermediateFloor,SM_FC_Mid_Faculty_Chambers_12x12,64799.56,63791.57,4841.26,400.0,280.0,400.0
278,1,ZONE_FACULTY_BIOSPHERE,4,Roof,SM_FC_Roof_SolarObservatory_12x12,64799.56,63791.57,5241.26,500.0,140.0,250.0
279,1,ZONE_FACULTY_BIOSPHERE,0,Foundation,SM_FC_Foundation_SlopeCompensated_12x12,63287.58,65303.56,3225.62,400.0,850.0,1200.0
279,1,ZONE_FACULTY_BIOSPHERE,1,GroundFloor,SM_FC_Ground_Lobby_Transit_12x12,63287.58,65303.56,3625.62,600.0,450.0,600.0
279,1,ZONE_FACULTY_BIOSPHERE,2,IntermediateFloor,SM_FC_Mid_Academic_Lab_12x12,63287.58,65303.56,4225.62,400.0,320.0,400.0
279,1,ZONE_FACULTY_BIOSPHERE,3,IntermediateFloor,SM_FC_Mid_Faculty_Chambers_12x12,63287.58,65303.56,4625.62,400.0,280.0,400.0
279,1,ZONE_FACULTY_BIOSPHERE,4,IntermediateFloor,SM_FC_Mid_Academic_Lab_12x12,63287.58,65303.56,5025.62,400.0,320.0,400.0
279,1,ZONE_FACULTY_BIOSPHERE,5,IntermediateFloor,SM_FC_Mid_Faculty_Chambers_12x12,63287.58,65303.56,5425.62,400.0,280.0,400.0
279,1,ZONE_FACULTY_BIOSPHERE,6,Roof,SM_FC_Roof_SolarObservatory_12x12,63287.58,65303.56,5825.62,500.0,140.0,250.0
280,1,ZONE_FACULTY_BIOSPHERE,0,Foundation,SM_FC_Foundation_SlopeCompensated_12x12,61775.6,66815.54,2292.97,400.0,850.0,1200.0
280,1,ZONE_FACULTY_BIOSPHERE,1,GroundFloor,SM_FC_Ground_Lobby_Transit_12x12,61775.6,66815.54,2692.97,600.0,450.0,600.0
280,1,ZONE_FACULTY_BIOSPHERE,2,IntermediateFloor,SM_FC_Mid_Academic_Lab_12x12,61775.6,66815.54,3292.97,400.0,320.0,400.0
280,1,ZONE_FACULTY_BIOSPHERE,3,IntermediateFloor,SM_FC_Mid_Faculty_Chambers_12x12,61775.6,66815.54,3692.97,400.0,280.0,400.0
280,1,ZONE_FACULTY_BIOSPHERE,4,IntermediateFloor,SM_FC_Mid_Academic_Lab_12x12,61775.6,66815.54,4092.97,400.0,320.0,400.0
280,1,ZONE_FACULTY_BIOSPHERE,5,IntermediateFloor,SM_FC_Mid_Faculty_Chambers_12x12,61775.6,66815.54,4492.97,400.0,280.0,400.0
280,1,ZONE_FACULTY_BIOSPHERE,6,IntermediateFloor,SM_FC_Mid_Academic_Lab_12x12,61775.6,66815.54,4892.97,400.0,320.0,400.0
280,1,ZONE_FACULTY_BIOSPHERE,7,Roof,SM_FC_Roof_SolarObservatory_12x12,61775.6,66815.54,5292.97,500.0,140.0,250.0
281,1,ZONE_FACULTY_BIOSPHERE,0,Foundation,SM_FC_Foundation_SlopeCompensated_12x12,68953.71,64111.51,1643.64,400.0,850.0,1200.0
281,1,ZONE_FACULTY_BIOSPHERE,1,GroundFloor,SM_FC_Ground_Lobby_Transit_12x12,68953.71,64111.51,2043.64,600.0,450.0,600.0
281,1,ZONE_FACULTY_BIOSPHERE,2,IntermediateFloor,SM_FC_Mid_Academic_Lab_12x12,68953.71,64111.51,2643.64,400.0,320.0,400.0
281,1,ZONE_FACULTY_BIOSPHERE,3,IntermediateFloor,SM_FC_Mid_Faculty_Chambers_12x12,68953.71,64111.51,3043.64,400.0,280.0,400.0
281,1,ZONE_FACULTY_BIOSPHERE,4,Roof,SM_FC_Roof_SolarObservatory_12x12,68953.71,64111.51,3443.64,500.0,140.0,250.0
282,1,ZONE_FACULTY_BIOSPHERE,0,Foundation,SM_FC_Foundation_SlopeCompensated_12x12,67743.16,65322.06,2380.56,400.0,850.0,1200.0
282,1,ZONE_FACULTY_BIOSPHERE,1,GroundFloor,SM_FC_Ground_Lobby_Transit_12x12,67743.16,65322.06,2780.56,600.0,450.0,600.0
282,1,ZONE_FACULTY_BIOSPHERE,2,IntermediateFloor,SM_FC_Mid_Academic_Lab_12x12,67743.16,65322.06,3380.56,400.0,320.0,400.0
282,1,ZONE_FACULTY_BIOSPHERE,3,IntermediateFloor,SM_FC_Mid_Faculty_Chambers_12x12,67743.16,65322.06,3780.56,400.0,280.0,400.0
282,1,ZONE_FACULTY_BIOSPHERE,4,IntermediateFloor,SM_FC_Mid_Academic_Lab_12x12,67743.16,65322.06,4180.56,400.0,320.0,400.0
282,1,ZONE_FACULTY_BIOSPHERE,5,IntermediateFloor,SM_FC_Mid_Faculty_Chambers_12x12,67743.16,65322.06,4580.56,400.0,280.0,400.0
282,1,ZONE_FACULTY_BIOSPHERE,6,Roof,SM_FC_Roof_SolarObservatory_12x12,67743.16,65322.06,4980.56,500.0,140.0,250.0
283,1,ZONE_FACULTY_BIOSPHERE,0,Foundation,SM_FC_Foundation_SlopeCompensated_12x12,66532.61,66532.61,2830.55,400.0,850.0,1200.0
283,1,ZONE_FACULTY_BIOSPHERE,1,GroundFloor,SM_FC_Ground_Lobby_Transit_12x12,66532.61,66532.61,3230.55,600.0,450.0,600.0
283,1,ZONE_FACULTY_BIOSPHERE,2,IntermediateFloor,SM_FC_Mid_Academic_Lab_12x12,66532.61,66532.61,3830.55,400.0,320.0,400.0
283,1,ZONE_FACULTY_BIOSPHERE,3,Roof,SM_FC_Roof_SolarObservatory_12x12,66532.61,66532.61,4230.55,500.0,140.0,250.0
284,1,ZONE_FACULTY_BIOSPHERE,0,Foundation,SM_FC_Foundation_SlopeCompensated_12x12,65322.06,67743.16,2380.56,400.0,850.0,1200.0
284,1,ZONE_FACULTY_BIOSPHERE,1,GroundFloor,SM_FC_Ground_Lobby_Transit_12x12,65322.06,67743.16,2780.56,600.0,450.0,600.0
284,1,ZONE_FACULTY_BIOSPHERE,2,IntermediateFloor,SM_FC_Mid_Academic_Lab_12x12,65322.06,67743.16,3380.56,400.0,320.0,400.0
284,1,ZONE_FACULTY_BIOSPHERE,3,IntermediateFloor,SM_FC_Mid_Faculty_Chambers_12x12,65322.06,67743.16,3780.56,400.0,280.0,400.0
284,1,ZONE_FACULTY_BIOSPHERE,4,Roof,SM_FC_Roof_SolarObservatory_12x12,65322.06,67743.16,4180.56,500.0,140.0,250.0
285,1,ZONE_FACULTY_BIOSPHERE,0,Foundation,SM_FC_Foundation_SlopeCompensated_12x12,64111.51,68953.71,1643.64,400.0,850.0,1200.0
285,1,ZONE_FACULTY_BIOSPHERE,1,GroundFloor,SM_FC_Ground_Lobby_Transit_12x12,64111.51,68953.71,2043.64,600.0,450.0,600.0
285,1,ZONE_FACULTY_BIOSPHERE,2,IntermediateFloor,SM_FC_Mid_Academic_Lab_12x12,64111.51,68953.71,2643.64,400.0,320.0,400.0
285,1,ZONE_FACULTY_BIOSPHERE,3,IntermediateFloor,SM_FC_Mid_Faculty_Chambers_12x12,64111.51,68953.71,3043.64,400.0,280.0,400.0
285,1,ZONE_FACULTY_BIOSPHERE,4,Roof,SM_FC_Roof_SolarObservatory_12x12,64111.51,68953.71,3443.64,500.0,140.0,250.0
286,1,ZONE_HARBOR_BERTH,0,Foundation,SM_FC_Foundation_SlopeCompensated_12x12,70305.87,67233.43,1457.44,400.0,850.0,1200.0
286,1,ZONE_HARBOR_BERTH,1,GroundFloor,SM_FC_Harbor_Submersible_Berth,70305.87,67233.43,1857.44,300.0,600.0,900.0
286,1,ZONE_HARBOR_BERTH,2,Roof,SM_FC_Roof_SolarObservatory_12x12,70305.87,67233.43,2157.44,500.0,140.0,250.0
287,1,ZONE_HARBOR_BERTH,0,Foundation,SM_FC_Foundation_SlopeCompensated_12x12,69384.14,68155.16,1843.94,400.0,850.0,1200.0
287,1,ZONE_HARBOR_BERTH,1,GroundFloor,SM_FC_Harbor_Submersible_Berth,69384.14,68155.16,2243.94,300.0,600.0,900.0
287,1,ZONE_HARBOR_BERTH,2,Roof,SM_FC_Roof_SolarObservatory_12x12,69384.14,68155.16,2543.94,500.0,140.0,250.0
288,1,ZONE_HARBOR_BERTH,0,Foundation,SM_FC_Foundation_SlopeCompensated_12x12,68462.41,69076.89,1935.68,400.0,850.0,1200.0
288,1,ZONE_HARBOR_BERTH,1,GroundFloor,SM_FC_Harbor_Submersible_Berth,68462.41,69076.89,2335.68,300.0,600.0,900.0
288,1,ZONE_HARBOR_BERTH,2,Roof,SM_FC_Roof_SolarObservatory_12x12,68462.41,69076.89,2635.68,500.0,140.0,250.0
289,1,ZONE_HARBOR_BERTH,0,Foundation,SM_FC_Foundation_SlopeCompensated_12x12,67540.67,69998.62,1604.83,400.0,850.0,1200.0
289,1,ZONE_HARBOR_BERTH,1,GroundFloor,SM_FC_Harbor_Submersible_Berth,67540.67,69998.62,2004.83,300.0,600.0,900.0
289,1,ZONE_HARBOR_BERTH,2,Roof,SM_FC_Roof_SolarObservatory_12x12,67540.67,69998.62,2304.83,500.0,140.0,250.0
290,1,ZONE_HARBOR_BERTH,0,Foundation,SM_FC_Foundation_SlopeCompensated_12x12,66618.94,70920.35,1107.01,400.0,850.0,1200.0
290,1,ZONE_HARBOR_BERTH,1,GroundFloor,SM_FC_Harbor_Submersible_Berth,66618.94,70920.35,1507.01,300.0,600.0,900.0
290,1,ZONE_HARBOR_BERTH,2,Roof,SM_FC_Roof_SolarObservatory_12x12,66618.94,70920.35,1807.01,500.0,140.0,250.0
291,1,ZONE_HARBOR_BERTH,0,Foundation,SM_FC_Foundation_SlopeCompensated_12x12,72520.46,69492.92,785.44,400.0,850.0,1200.0
291,1,ZONE_HARBOR_BERTH,1,GroundFloor,SM_FC_Harbor_Submersible_Berth,72520.46,69492.92,1185.44,300.0,600.0,900.0
291,1,ZONE_HARBOR_BERTH,2,Roof,SM_FC_Roof_SolarObservatory_12x12,72520.46,69492.92,1485.44,500.0,140.0,250.0
292,1,ZONE_HARBOR_BERTH,0,Foundation,SM_FC_Foundation_SlopeCompensated_12x12,71871.7,70141.68,1029.72,400.0,850.0,1200.0
292,1,ZONE_HARBOR_BERTH,1,GroundFloor,SM_FC_Harbor_Submersible_Berth,71871.7,70141.68,1429.72,300.0,600.0,900.0
292,1,ZONE_HARBOR_BERTH,2,Roof,SM_FC_Roof_SolarObservatory_12x12,71871.7,70141.68,1729.72,500.0,140.0,250.0
293,1,ZONE_HARBOR_BERTH,0,Foundation,SM_FC_Foundation_SlopeCompensated_12x12,71222.94,70790.44,1195.14,400.0,850.0,1200.0
293,1,ZONE_HARBOR_BERTH,1,GroundFloor,SM_FC_Harbor_Submersible_Berth,71222.94,70790.44,1595.14,300.0,600.0,900.0
293,1,ZONE_HARBOR_BERTH,2,Roof,SM_FC_Roof_SolarObservatory_12x12,71222.94,70790.44,1895.14,500.0,140.0,250.0
294,1,ZONE_HARBOR_BERTH,0,Foundation,SM_FC_Foundation_SlopeCompensated_12x12,70574.18,71439.19,1148.76,400.0,850.0,1200.0
294,1,ZONE_HARBOR_BERTH,1,GroundFloor,SM_FC_Harbor_Submersible_Berth,70574.18,71439.19,1548.76,300.0,600.0,900.0
294,1,ZONE_HARBOR_BERTH,2,Roof,SM_FC_Roof_SolarObservatory_12x12,70574.18,71439.19,1848.76,500.0,140.0,250.0
295,1,ZONE_HARBOR_BERTH,0,Foundation,SM_FC_Foundation_SlopeCompensated_12x12,69925.43,72087.95,957.06,400.0,850.0,1200.0
295,1,ZONE_HARBOR_BERTH,1,GroundFloor,SM_FC_Harbor_Submersible_Berth,69925.43,72087.95,1357.06,300.0,600.0,900.0
295,1,ZONE_HARBOR_BERTH,2,Roof,SM_FC_Roof_SolarObservatory_12x12,69925.43,72087.95,1657.06,500.0,140.0,250.0
296,1,ZONE_HARBOR_BERTH,0,Foundation,SM_FC_Foundation_SlopeCompensated_12x12,74035.74,72451.72,461.44,400.0,850.0,1200.0
296,1,ZONE_HARBOR_BERTH,1,GroundFloor,SM_FC_Harbor_Submersible_Berth,74035.74,72451.72,861.44,300.0,600.0,900.0
296,1,ZONE_HARBOR_BERTH,2,Roof,SM_FC_Roof_SolarObservatory_12x12,74035.74,72451.72,1161.44,500.0,140.0,250.0
297,1,ZONE_HARBOR_BERTH,0,Foundation,SM_FC_Foundation_SlopeCompensated_12x12,73639.73,72847.73,537.69,400.0,850.0,1200.0
297,1,ZONE_HARBOR_BERTH,1,GroundFloor,SM_FC_Harbor_Submersible_Berth,73639.73,72847.73,937.69,300.0,600.0,900.0
297,1,ZONE_HARBOR_BERTH,2,Roof,SM_FC_Roof_SolarObservatory_12x12,73639.73,72847.73,1237.69,500.0,140.0,250.0
298,1,ZONE_HARBOR_BERTH,0,Foundation,SM_FC_Foundation_SlopeCompensated_12x12,73243.73,73243.73,588.11,400.0,850.0,1200.0
298,1,ZONE_HARBOR_BERTH,1,GroundFloor,SM_FC_Harbor_Submersible_Berth,73243.73,73243.73,988.11,300.0,600.0,900.0
298,1,ZONE_HARBOR_BERTH,2,Roof,SM_FC_Roof_SolarObservatory_12x12,73243.73,73243.73,1288.11,500.0,140.0,250.0
299,1,ZONE_HARBOR_BERTH,0,Foundation,SM_FC_Foundation_SlopeCompensated_12x12,72847.73,73639.73,537.69,400.0,850.0,1200.0
299,1,ZONE_HARBOR_BERTH,1,GroundFloor,SM_FC_Harbor_Submersible_Berth,72847.73,73639.73,937.69,300.0,600.0,900.0
299,1,ZONE_HARBOR_BERTH,2,Roof,SM_FC_Roof_SolarObservatory_12x12,72847.73,73639.73,1237.69,500.0,140.0,250.0
300,1,ZONE_HARBOR_BERTH,0,Foundation,SM_FC_Foundation_SlopeCompensated_12x12,72451.72,74035.74,461.44,400.0,850.0,1200.0
300,1,ZONE_HARBOR_BERTH,1,GroundFloor,SM_FC_Harbor_Submersible_Berth,72451.72,74035.74,861.44,300.0,600.0,900.0
300,1,ZONE_HARBOR_BERTH,2,Roof,SM_FC_Roof_SolarObservatory_12x12,72451.72,74035.74,1161.44,500.0,140.0,250.0
301,1,ZONE_HARBOR_BERTH,0,Foundation,SM_FC_Foundation_SlopeCompensated_12x12,75765.73,75195.81,138.99,400.0,850.0,1200.0
301,1,ZONE_HARBOR_BERTH,1,GroundFloor,SM_FC_Harbor_Submersible_Berth,75765.73,75195.81,538.99,300.0,600.0,900.0
301,1,ZONE_HARBOR_BERTH,2,Roof,SM_FC_Roof_SolarObservatory_12x12,75765.73,75195.81,838.99,500.0,140.0,250.0
302,1,ZONE_HARBOR_BERTH,0,Foundation,SM_FC_Foundation_SlopeCompensated_12x12,75594.75,75366.79,149.62,400.0,850.0,1200.0
302,1,ZONE_HARBOR_BERTH,1,GroundFloor,SM_FC_Harbor_Submersible_Berth,75594.75,75366.79,549.62,300.0,600.0,900.0
302,1,ZONE_HARBOR_BERTH,2,Roof,SM_FC_Roof_SolarObservatory_12x12,75594.75,75366.79,849.62,500.0,140.0,250.0
303,1,ZONE_HARBOR_BERTH,0,Foundation,SM_FC_Foundation_SlopeCompensated_12x12,75423.78,75537.76,152.38,400.0,850.0,1200.0
303,1,ZONE_HARBOR_BERTH,1,GroundFloor,SM_FC_Harbor_Submersible_Berth,75423.78,75537.76,552.38,300.0,600.0,900.0
303,1,ZONE_HARBOR_BERTH,2,Roof,SM_FC_Roof_SolarObservatory_12x12,75423.78,75537.76,852.38,500.0,140.0,250.0
304,1,ZONE_HARBOR_BERTH,0,Foundation,SM_FC_Foundation_SlopeCompensated_12x12,75252.8,75708.74,142.93,400.0,850.0,1200.0
304,1,ZONE_HARBOR_BERTH,1,GroundFloor,SM_FC_Harbor_Submersible_Berth,75252.8,75708.74,542.93,300.0,600.0,900.0
304,1,ZONE_HARBOR_BERTH,2,Roof,SM_FC_Roof_SolarObservatory_12x12,75252.8,75708.74,842.93,500.0,140.0,250.0
305,1,ZONE_HARBOR_BERTH,0,Foundation,SM_FC_Foundation_SlopeCompensated_12x12,75081.83,75879.71,129.94,400.0,850.0,1200.0
305,1,ZONE_HARBOR_BERTH,1,GroundFloor,SM_FC_Harbor_Submersible_Berth,75081.83,75879.71,529.94,300.0,600.0,900.0
305,1,ZONE_HARBOR_BERTH,2,Roof,SM_FC_Roof_SolarObservatory_12x12,75081.83,75879.71,829.94,500.0,140.0,250.0
306,1,ZONE_HARBOR_BERTH,0,Foundation,SM_FC_Foundation_SlopeCompensated_12x12,77717.81,77717.81,0.0,400.0,850.0,1200.0
306,1,ZONE_HARBOR_BERTH,1,GroundFloor,SM_FC_Harbor_Submersible_Berth,77717.81,77717.81,400.0,300.0,600.0,900.0
306,1,ZONE_HARBOR_BERTH,2,Roof,SM_FC_Roof_SolarObservatory_12x12,77717.81,77717.81,700.0,500.0,140.0,250.0
307,1,ZONE_HARBOR_BERTH,0,Foundation,SM_FC_Foundation_SlopeCompensated_12x12,77717.81,77717.81,0.0,400.0,850.0,1200.0
307,1,ZONE_HARBOR_BERTH,1,GroundFloor,SM_FC_Harbor_Submersible_Berth,77717.81,77717.81,400.0,300.0,600.0,900.0
307,1,ZONE_HARBOR_BERTH,2,Roof,SM_FC_Roof_SolarObservatory_12x12,77717.81,77717.81,700.0,500.0,140.0,250.0
308,1,ZONE_HARBOR_BERTH,0,Foundation,SM_FC_Foundation_SlopeCompensated_12x12,77717.81,77717.81,0.0,400.0,850.0,1200.0
308,1,ZONE_HARBOR_BERTH,1,GroundFloor,SM_FC_Harbor_Submersible_Berth,77717.81,77717.81,400.0,300.0,600.0,900.0
308,1,ZONE_HARBOR_BERTH,2,Roof,SM_FC_Roof_SolarObservatory_12x12,77717.81,77717.81,700.0,500.0,140.0,250.0
309,1,ZONE_HARBOR_BERTH,0,Foundation,SM_FC_Foundation_SlopeCompensated_12x12,77717.81,77717.81,0.0,400.0,850.0,1200.0
309,1,ZONE_HARBOR_BERTH,1,GroundFloor,SM_FC_Harbor_Submersible_Berth,77717.81,77717.81,400.0,300.0,600.0,900.0
309,1,ZONE_HARBOR_BERTH,2,Roof,SM_FC_Roof_SolarObservatory_12x12,77717.81,77717.81,700.0,500.0,140.0,250.0
310,1,ZONE_HARBOR_BERTH,0,Foundation,SM_FC_Foundation_SlopeCompensated_12x12,77717.81,77717.81,0.0,400.0,850.0,1200.0
310,1,ZONE_HARBOR_BERTH,1,GroundFloor,SM_FC_Harbor_Submersible_Berth,77717.81,77717.81,400.0,300.0,600.0,900.0
310,1,ZONE_HARBOR_BERTH,2,Roof,SM_FC_Roof_SolarObservatory_12x12,77717.81,77717.81,700.0,500.0,140.0,250.0
311,2,ZONE_FACULTY_CLIMATE,0,Foundation,SM_FC_Foundation_SlopeCompensated_12x12,0.0,15000.0,0.0,400.0,850.0,1200.0
311,2,ZONE_FACULTY_CLIMATE,1,GroundFloor,SM_FC_Ground_Lobby_Transit_12x12,0.0,15000.0,400.0,600.0,450.0,600.0
311,2,ZONE_FACULTY_CLIMATE,2,IntermediateFloor,SM_FC_Mid_Academic_Lab_12x12,0.0,15000.0,1000.0,400.0,320.0,400.0
311,2,ZONE_FACULTY_CLIMATE,3,IntermediateFloor,SM_FC_Mid_Faculty_Chambers_12x12,0.0,15000.0,1400.0,400.0,280.0,400.0
311,2,ZONE_FACULTY_CLIMATE,4,Roof,SM_FC_Roof_BioDome_12x12,0.0,15000.0,1800.0,800.0,180.0,300.0
312,2,ZONE_FACULTY_CLIMATE,0,Foundation,SM_FC_Foundation_SlopeCompensated_12x12,0.0,15000.0,0.0,400.0,850.0,1200.0
312,2,ZONE_FACULTY_CLIMATE,1,GroundFloor,SM_FC_Ground_Lobby_Transit_12x12,0.0,15000.0,400.0,600.0,450.0,600.0
312,2,ZONE_FACULTY_CLIMATE,2,IntermediateFloor,SM_FC_Mid_Academic_Lab_12x12,0.0,15000.0,1000.0,400.0,320.0,400.0
312,2,ZONE_FACULTY_CLIMATE,3,IntermediateFloor,SM_FC_Mid_Faculty_Chambers_12x12,0.0,15000.0,1400.0,400.0,280.0,400.0
312,2,ZONE_FACULTY_CLIMATE,4,Roof,SM_FC_Roof_BioDome_12x12,0.0,15000.0,1800.0,800.0,180.0,300.0
313,2,ZONE_FACULTY_CLIMATE,0,Foundation,SM_FC_Foundation_SlopeCompensated_12x12,0.0,15000.0,0.0,400.0,850.0,1200.0
313,2,ZONE_FACULTY_CLIMATE,1,GroundFloor,SM_FC_Ground_Lobby_Transit_12x12,0.0,15000.0,400.0,600.0,450.0,600.0
313,2,ZONE_FACULTY_CLIMATE,2,IntermediateFloor,SM_FC_Mid_Academic_Lab_12x12,0.0,15000.0,1000.0,400.0,320.0,400.0
313,2,ZONE_FACULTY_CLIMATE,3,IntermediateFloor,SM_FC_Mid_Faculty_Chambers_12x12,0.0,15000.0,1400.0,400.0,280.0,400.0
313,2,ZONE_FACULTY_CLIMATE,4,IntermediateFloor,SM_FC_Mid_Academic_Lab_12x12,0.0,15000.0,1800.0,400.0,320.0,400.0
313,2,ZONE_FACULTY_CLIMATE,5,IntermediateFloor,SM_FC_Mid_Faculty_Chambers_12x12,0.0,15000.0,2200.0,400.0,280.0,400.0
313,2,ZONE_FACULTY_CLIMATE,6,IntermediateFloor,SM_FC_Mid_Academic_Lab_12x12,0.0,15000.0,2600.0,400.0,320.0,400.0
313,2,ZONE_FACULTY_CLIMATE,7,IntermediateFloor,SM_FC_Mid_Faculty_Chambers_12x12,0.0,15000.0,3000.0,400.0,280.0,400.0
313,2,ZONE_FACULTY_CLIMATE,8,Roof,SM_FC_Roof_BioDome_12x12,0.0,15000.0,3400.0,800.0,180.0,300.0
314,2,ZONE_FACULTY_CLIMATE,0,Foundation,SM_FC_Foundation_SlopeCompensated_12x12,0.0,15000.0,0.0,400.0,850.0,1200.0
314,2,ZONE_FACULTY_CLIMATE,1,GroundFloor,SM_FC_Ground_Lobby_Transit_12x12,0.0,15000.0,400.0,600.0,450.0,600.0
314,2,ZONE_FACULTY_CLIMATE,2,IntermediateFloor,SM_FC_Mid_Academic_Lab_12x12,0.0,15000.0,1000.0,400.0,320.0,400.0
314,2,ZONE_FACULTY_CLIMATE,3,IntermediateFloor,SM_FC_Mid_Faculty_Chambers_12x12,0.0,15000.0,1400.0,400.0,280.0,400.0
314,2,ZONE_FACULTY_CLIMATE,4,IntermediateFloor,SM_FC_Mid_Academic_Lab_12x12,0.0,15000.0,1800.0,400.0,320.0,400.0
314,2,ZONE_FACULTY_CLIMATE,5,IntermediateFloor,SM_FC_Mid_Faculty_Chambers_12x12,0.0,15000.0,2200.0,400.0,280.0,400.0
314,2,ZONE_FACULTY_CLIMATE,6,IntermediateFloor,SM_FC_Mid_Academic_Lab_12x12,0.0,15000.0,2600.0,400.0,320.0,400.0
314,2,ZONE_FACULTY_CLIMATE,7,IntermediateFloor,SM_FC_Mid_Faculty_Chambers_12x12,0.0,15000.0,3000.0,400.0,280.0,400.0
314,2,ZONE_FACULTY_CLIMATE,8,Roof,SM_FC_Roof_BioDome_12x12,0.0,15000.0,3400.0,800.0,180.0,300.0
315,2,ZONE_FACULTY_CLIMATE,0,Foundation,SM_FC_Foundation_SlopeCompensated_12x12,0.0,15000.0,0.0,400.0,850.0,1200.0
315,2,ZONE_FACULTY_CLIMATE,1,GroundFloor,SM_FC_Ground_Lobby_Transit_12x12,0.0,15000.0,400.0,600.0,450.0,600.0
315,2,ZONE_FACULTY_CLIMATE,2,IntermediateFloor,SM_FC_Mid_Academic_Lab_12x12,0.0,15000.0,1000.0,400.0,320.0,400.0
315,2,ZONE_FACULTY_CLIMATE,3,IntermediateFloor,SM_FC_Mid_Faculty_Chambers_12x12,0.0,15000.0,1400.0,400.0,280.0,400.0
315,2,ZONE_FACULTY_CLIMATE,4,IntermediateFloor,SM_FC_Mid_Academic_Lab_12x12,0.0,15000.0,1800.0,400.0,320.0,400.0
315,2,ZONE_FACULTY_CLIMATE,5,Roof,SM_FC_Roof_BioDome_12x12,0.0,15000.0,2200.0,800.0,180.0,300.0
316,2,ZONE_FACULTY_CLIMATE,0,Foundation,SM_FC_Foundation_SlopeCompensated_12x12,2938.8,18163.65,185.31,400.0,850.0,1200.0
316,2,ZONE_FACULTY_CLIMATE,1,GroundFloor,SM_FC_Ground_Lobby_Transit_12x12,2938.8,18163.65,585.31,600.0,450.0,600.0
316,2,ZONE_FACULTY_CLIMATE,2,IntermediateFloor,SM_FC_Mid_Academic_Lab_12x12,2938.8,18163.65,1185.31,400.0,320.0,400.0
316,2,ZONE_FACULTY_CLIMATE,3,Roof,SM_FC_Roof_BioDome_12x12,2938.8,18163.65,1585.31,800.0,180.0,300.0
317,2,ZONE_FACULTY_CLIMATE,0,Foundation,SM_FC_Foundation_SlopeCompensated_12x12,1175.52,18163.65,495.44,400.0,850.0,1200.0
317,2,ZONE_FACULTY_CLIMATE,1,GroundFloor,SM_FC_Ground_Lobby_Transit_12x12,1175.52,18163.65,895.44,600.0,450.0,600.0
317,2,ZONE_FACULTY_CLIMATE,2,IntermediateFloor,SM_FC_Mid_Academic_Lab_12x12,1175.52,18163.65,1495.44,400.0,320.0,400.0
317,2,ZONE_FACULTY_CLIMATE,3,IntermediateFloor,SM_FC_Mid_Faculty_Chambers_12x12,1175.52,18163.65,1895.44,400.0,280.0,400.0
317,2,ZONE_FACULTY_CLIMATE,4,IntermediateFloor,SM_FC_Mid_Academic_Lab_12x12,1175.52,18163.65,2295.44,400.0,320.0,400.0
317,2,ZONE_FACULTY_CLIMATE,5,IntermediateFloor,SM_FC_Mid_Faculty_Chambers_12x12,1175.52,18163.65,2695.44,400.0,280.0,400.0
317,2,ZONE_FACULTY_CLIMATE,6,IntermediateFloor,SM_FC_Mid_Academic_Lab_12x12,1175.52,18163.65,3095.44,400.0,320.0,400.0
317,2,ZONE_FACULTY_CLIMATE,7,IntermediateFloor,SM_FC_Mid_Faculty_Chambers_12x12,1175.52,18163.65,3495.44,400.0,280.0,400.0
317,2,ZONE_FACULTY_CLIMATE,8,Roof,SM_FC_Roof_BioDome_12x12,1175.52,18163.65,3895.44,800.0,180.0,300.0
318,2,ZONE_FACULTY_CLIMATE,0,Foundation,SM_FC_Foundation_SlopeCompensated_12x12,-587.76,18163.65,575.95,400.0,850.0,1200.0
318,2,ZONE_FACULTY_CLIMATE,1,GroundFloor,SM_FC_Ground_Lobby_Transit_12x12,-587.76,18163.65,975.95,600.0,450.0,600.0
318,2,ZONE_FACULTY_CLIMATE,2,IntermediateFloor,SM_FC_Mid_Academic_Lab_12x12,-587.76,18163.65,1575.95,400.0,320.0,400.0
318,2,ZONE_FACULTY_CLIMATE,3,IntermediateFloor,SM_FC_Mid_Faculty_Chambers_12x12,-587.76,18163.65,1975.95,400.0,280.0,400.0
318,2,ZONE_FACULTY_CLIMATE,4,Roof,SM_FC_Roof_BioDome_12x12,-587.76,18163.65,2375.95,800.0,180.0,300.0
319,2,ZONE_FACULTY_CLIMATE,0,Foundation,SM_FC_Foundation_SlopeCompensated_12x12,-2351.04,18163.65,300.12,400.0,850.0,1200.0
319,2,ZONE_FACULTY_CLIMATE,1,GroundFloor,SM_FC_Ground_Lobby_Transit_12x12,-2351.04,18163.65,700.12,600.0,450.0,600.0
319,2,ZONE_FACULTY_CLIMATE,2,IntermediateFloor,SM_FC_Mid_Academic_Lab_12x12,-2351.04,18163.65,1300.12,400.0,320.0,400.0
319,2,ZONE_FACULTY_CLIMATE,3,IntermediateFloor,SM_FC_Mid_Faculty_Chambers_12x12,-2351.04,18163.65,1700.12,400.0,280.0,400.0
319,2,ZONE_FACULTY_CLIMATE,4,IntermediateFloor,SM_FC_Mid_Academic_Lab_12x12,-2351.04,18163.65,2100.12,400.0,320.0,400.0
319,2,ZONE_FACULTY_CLIMATE,5,Roof,SM_FC_Roof_BioDome_12x12,-2351.04,18163.65,2500.12,800.0,180.0,300.0
320,2,ZONE_FACULTY_CLIMATE,0,Foundation,SM_FC_Foundation_SlopeCompensated_12x12,-4114.32,18163.65,-78.61,400.0,850.0,1200.0
320,2,ZONE_FACULTY_CLIMATE,1,GroundFloor,SM_FC_Ground_Lobby_Transit_12x12,-4114.32,18163.65,321.39,600.0,450.0,600.0
320,2,ZONE_FACULTY_CLIMATE,2,IntermediateFloor,SM_FC_Mid_Academic_Lab_12x12,-4114.32,18163.65,921.39,400.0,320.0,400.0
320,2,ZONE_FACULTY_CLIMATE,3,Roof,SM_FC_Roof_BioDome_12x12,-4114.32,18163.65,1321.39,800.0,180.0,300.0
321,2,ZONE_FACULTY_CLIMATE,0,Foundation,SM_FC_Foundation_SlopeCompensated_12x12,5174.67,21327.31,-181.81,400.0,850.0,1200.0
321,2,ZONE_FACULTY_CLIMATE,1,GroundFloor,SM_FC_Ground_Lobby_Transit_12x12,5174.67,21327.31,218.19,600.0,450.0,600.0
321,2,ZONE_FACULTY_CLIMATE,2,IntermediateFloor,SM_FC_Mid_Academic_Lab_12x12,5174.67,21327.31,818.19,400.0,320.0,400.0
321,2,ZONE_FACULTY_CLIMATE,3,IntermediateFloor,SM_FC_Mid_Faculty_Chambers_12x12,5174.67,21327.31,1218.19,400.0,280.0,400.0
321,2,ZONE_FACULTY_CLIMATE,4,Roof,SM_FC_Roof_BioDome_12x12,5174.67,21327.31,1618.19,800.0,180.0,300.0
322,2,ZONE_FACULTY_CLIMATE,0,Foundation,SM_FC_Foundation_SlopeCompensated_12x12,2956.96,21327.31,490.62,400.0,850.0,1200.0
322,2,ZONE_FACULTY_CLIMATE,1,GroundFloor,SM_FC_Ground_Lobby_Transit_12x12,2956.96,21327.31,890.62,600.0,450.0,600.0
322,2,ZONE_FACULTY_CLIMATE,2,IntermediateFloor,SM_FC_Mid_Academic_Lab_12x12,2956.96,21327.31,1490.62,400.0,320.0,400.0
322,2,ZONE_FACULTY_CLIMATE,3,IntermediateFloor,SM_FC_Mid_Faculty_Chambers_12x12,2956.96,21327.31,1890.62,400.0,280.0,400.0
322,2,ZONE_FACULTY_CLIMATE,4,IntermediateFloor,SM_FC_Mid_Academic_Lab_12x12,2956.96,21327.31,2290.62,400.0,320.0,400.0
322,2,ZONE_FACULTY_CLIMATE,5,IntermediateFloor,SM_FC_Mid_Faculty_Chambers_12x12,2956.96,21327.31,2690.62,400.0,280.0,400.0
322,2,ZONE_FACULTY_CLIMATE,6,IntermediateFloor,SM_FC_Mid_Academic_Lab_12x12,2956.96,21327.31,3090.62,400.0,320.0,400.0
322,2,ZONE_FACULTY_CLIMATE,7,IntermediateFloor,SM_FC_Mid_Faculty_Chambers_12x12,2956.96,21327.31,3490.62,400.0,280.0,400.0
322,2,ZONE_FACULTY_CLIMATE,8,Roof,SM_FC_Roof_BioDome_12x12,2956.96,21327.31,3890.62,800.0,180.0,300.0
323,2,ZONE_FACULTY_CLIMATE,0,Foundation,SM_FC_Foundation_SlopeCompensated_12x12,739.24,21327.31,958.39,400.0,850.0,1200.0
323,2,ZONE_FACULTY_CLIMATE,1,GroundFloor,SM_FC_Ground_Lobby_Transit_12x12,739.24,21327.31,1358.39,600.0,450.0,600.0
323,2,ZONE_FACULTY_CLIMATE,2,IntermediateFloor,SM_FC_Mid_Academic_Lab_12x12,739.24,21327.31,1958.39,400.0,320.0,400.0
323,2,ZONE_FACULTY_CLIMATE,3,IntermediateFloor,SM_FC_Mid_Faculty_Chambers_12x12,739.24,21327.31,2358.39,400.0,280.0,400.0
323,2,ZONE_FACULTY_CLIMATE,4,IntermediateFloor,SM_FC_Mid_Academic_Lab_12x12,739.24,21327.31,2758.39,400.0,320.0,400.0
323,2,ZONE_FACULTY_CLIMATE,5,Roof,SM_FC_Roof_BioDome_12x12,739.24,21327.31,3158.39,800.0,180.0,300.0
324,2,ZONE_FACULTY_CLIMATE,0,Foundation,SM_FC_Foundation_SlopeCompensated_12x12,-1478.48,21327.31,825.21,400.0,850.0,1200.0
324,2,ZONE_FACULTY_CLIMATE,1,GroundFloor,SM_FC_Ground_Lobby_Transit_12x12,-1478.48,21327.31,1225.21,600.0,450.0,600.0
324,2,ZONE_FACULTY_CLIMATE,2,IntermediateFloor,SM_FC_Mid_Academic_Lab_12x12,-1478.48,21327.31,1825.21,400.0,320.0,400.0
324,2,ZONE_FACULTY_CLIMATE,3,IntermediateFloor,SM_FC_Mid_Faculty_Chambers_12x12,-1478.48,21327.31,2225.21,400.0,280.0,400.0
324,2,ZONE_FACULTY_CLIMATE,4,IntermediateFloor,SM_FC_Mid_Academic_Lab_12x12,-1478.48,21327.31,2625.21,400.0,320.0,400.0
324,2,ZONE_FACULTY_CLIMATE,5,IntermediateFloor,SM_FC_Mid_Faculty_Chambers_12x12,-1478.48,21327.31,3025.21,400.0,280.0,400.0
324,2,ZONE_FACULTY_CLIMATE,6,Roof,SM_FC_Roof_BioDome_12x12,-1478.48,21327.31,3425.21,800.0,180.0,300.0
325,2,ZONE_FACULTY_CLIMATE,0,Foundation,SM_FC_Foundation_SlopeCompensated_12x12,-3696.2,21327.31,289.22,400.0,850.0,1200.0
325,2,ZONE_FACULTY_CLIMATE,1,GroundFloor,SM_FC_Ground_Lobby_Transit_12x12,-3696.2,21327.31,689.22,600.0,450.0,600.0
325,2,ZONE_FACULTY_CLIMATE,2,IntermediateFloor,SM_FC_Mid_Academic_Lab_12x12,-3696.2,21327.31,1289.22,400.0,320.0,400.0
325,2,ZONE_FACULTY_CLIMATE,3,IntermediateFloor,SM_FC_Mid_Faculty_Chambers_12x12,-3696.2,21327.31,1689.22,400.0,280.0,400.0
325,2,ZONE_FACULTY_CLIMATE,4,IntermediateFloor,SM_FC_Mid_Academic_Lab_12x12,-3696.2,21327.31,2089.22,400.0,320.0,400.0
325,2,ZONE_FACULTY_CLIMATE,5,IntermediateFloor,SM_FC_Mid_Faculty_Chambers_12x12,-3696.2,21327.31,2489.22,400.0,280.0,400.0
325,2,ZONE_FACULTY_CLIMATE,6,IntermediateFloor,SM_FC_Mid_Academic_Lab_12x12,-3696.2,21327.31,2889.22,400.0,320.0,400.0
325,2,ZONE_FACULTY_CLIMATE,7,IntermediateFloor,SM_FC_Mid_Faculty_Chambers_12x12,-3696.2,21327.31,3289.22,400.0,280.0,400.0
325,2,ZONE_FACULTY_CLIMATE,8,Roof,SM_FC_Roof_BioDome_12x12,-3696.2,21327.31,3689.22,800.0,180.0,300.0
326,2,ZONE_FACULTY_CLIMATE,0,Foundation,SM_FC_Foundation_SlopeCompensated_12x12,5344.31,24490.96,62.37,400.0,850.0,1200.0
326,2,ZONE_FACULTY_CLIMATE,1,GroundFloor,SM_FC_Ground_Lobby_Transit_12x12,5344.31,24490.96,462.37,600.0,450.0,600.0
326,2,ZONE_FACULTY_CLIMATE,2,IntermediateFloor,SM_FC_Mid_Academic_Lab_12x12,5344.31,24490.96,1062.37,400.0,320.0,400.0
326,2,ZONE_FACULTY_CLIMATE,3,Roof,SM_FC_Roof_BioDome_12x12,5344.31,24490.96,1462.37,800.0,180.0,300.0
327,2,ZONE_FACULTY_CLIMATE,0,Foundation,SM_FC_Foundation_SlopeCompensated_12x12,2672.15,24490.96,903.19,400.0,850.0,1200.0
327,2,ZONE_FACULTY_CLIMATE,1,GroundFloor,SM_FC_Ground_Lobby_Transit_12x12,2672.15,24490.96,1303.19,600.0,450.0,600.0
327,2,ZONE_FACULTY_CLIMATE,2,IntermediateFloor,SM_FC_Mid_Academic_Lab_12x12,2672.15,24490.96,1903.19,400.0,320.0,400.0
327,2,ZONE_FACULTY_CLIMATE,3,IntermediateFloor,SM_FC_Mid_Faculty_Chambers_12x12,2672.15,24490.96,2303.19,400.0,280.0,400.0
327,2,ZONE_FACULTY_CLIMATE,4,IntermediateFloor,SM_FC_Mid_Academic_Lab_12x12,2672.15,24490.96,2703.19,400.0,320.0,400.0
327,2,ZONE_FACULTY_CLIMATE,5,IntermediateFloor,SM_FC_Mid_Faculty_Chambers_12x12,2672.15,24490.96,3103.19,400.0,280.0,400.0
327,2,ZONE_FACULTY_CLIMATE,6,IntermediateFloor,SM_FC_Mid_Academic_Lab_12x12,2672.15,24490.96,3503.19,400.0,320.0,400.0
327,2,ZONE_FACULTY_CLIMATE,7,IntermediateFloor,SM_FC_Mid_Faculty_Chambers_12x12,2672.15,24490.96,3903.19,400.0,280.0,400.0
327,2,ZONE_FACULTY_CLIMATE,8,Roof,SM_FC_Roof_BioDome_12x12,2672.15,24490.96,4303.19,800.0,180.0,300.0
328,2,ZONE_FACULTY_CLIMATE,0,Foundation,SM_FC_Foundation_SlopeCompensated_12x12,0.0,24490.96,1439.83,400.0,850.0,1200.0
328,2,ZONE_FACULTY_CLIMATE,1,GroundFloor,SM_FC_Ground_Lobby_Transit_12x12,0.0,24490.96,1839.83,600.0,450.0,600.0
328,2,ZONE_FACULTY_CLIMATE,2,IntermediateFloor,SM_FC_Mid_Academic_Lab_12x12,0.0,24490.96,2439.83,400.0,320.0,400.0
328,2,ZONE_FACULTY_CLIMATE,3,IntermediateFloor,SM_FC_Mid_Faculty_Chambers_12x12,0.0,24490.96,2839.83,400.0,280.0,400.0
328,2,ZONE_FACULTY_CLIMATE,4,IntermediateFloor,SM_FC_Mid_Academic_Lab_12x12,0.0,24490.96,3239.83,400.0,320.0,400.0
328,2,ZONE_FACULTY_CLIMATE,5,IntermediateFloor,SM_FC_Mid_Faculty_Chambers_12x12,0.0,24490.96,3639.83,400.0,280.0,400.0
328,2,ZONE_FACULTY_CLIMATE,6,IntermediateFloor,SM_FC_Mid_Academic_Lab_12x12,0.0,24490.96,4039.83,400.0,320.0,400.0
328,2,ZONE_FACULTY_CLIMATE,7,Roof,SM_FC_Roof_BioDome_12x12,0.0,24490.96,4439.83,800.0,180.0,300.0
329,2,ZONE_FACULTY_CLIMATE,0,Foundation,SM_FC_Foundation_SlopeCompensated_12x12,-2672.15,24490.96,903.19,400.0,850.0,1200.0
329,2,ZONE_FACULTY_CLIMATE,1,GroundFloor,SM_FC_Ground_Lobby_Transit_12x12,-2672.15,24490.96,1303.19,600.0,450.0,600.0
329,2,ZONE_FACULTY_CLIMATE,2,IntermediateFloor,SM_FC_Mid_Academic_Lab_12x12,-2672.15,24490.96,1903.19,400.0,320.0,400.0
329,2,ZONE_FACULTY_CLIMATE,3,IntermediateFloor,SM_FC_Mid_Faculty_Chambers_12x12,-2672.15,24490.96,2303.19,400.0,280.0,400.0
329,2,ZONE_FACULTY_CLIMATE,4,Roof,SM_FC_Roof_BioDome_12x12,-2672.15,24490.96,2703.19,800.0,180.0,300.0
330,2,ZONE_FACULTY_CLIMATE,0,Foundation,SM_FC_Foundation_SlopeCompensated_12x12,-5344.31,24490.96,62.37,400.0,850.0,1200.0
330,2,ZONE_FACULTY_CLIMATE,1,GroundFloor,SM_FC_Ground_Lobby_Transit_12x12,-5344.31,24490.96,462.37,600.0,450.0,600.0
330,2,ZONE_FACULTY_CLIMATE,2,IntermediateFloor,SM_FC_Mid_Academic_Lab_12x12,-5344.31,24490.96,1062.37,400.0,320.0,400.0
330,2,ZONE_FACULTY_CLIMATE,3,IntermediateFloor,SM_FC_Mid_Faculty_Chambers_12x12,-5344.31,24490.96,1462.37,400.0,280.0,400.0
330,2,ZONE_FACULTY_CLIMATE,4,Roof,SM_FC_Roof_BioDome_12x12,-5344.31,24490.96,1862.37,800.0,180.0,300.0
331,2,ZONE_FACULTY_CLIMATE,0,Foundation,SM_FC_Foundation_SlopeCompensated_12x12,5210.98,27654.61,456.16,400.0,850.0,1200.0
331,2,ZONE_FACULTY_CLIMATE,1,GroundFloor,SM_FC_Ground_Lobby_Transit_12x12,5210.98,27654.61,856.16,600.0,450.0,600.0
331,2,ZONE_FACULTY_CLIMATE,2,IntermediateFloor,SM_FC_Mid_Academic_Lab_12x12,5210.98,27654.61,1456.16,400.0,320.0,400.0
331,2,ZONE_FACULTY_CLIMATE,3,IntermediateFloor,SM_FC_Mid_Faculty_Chambers_12x12,5210.98,27654.61,1856.16,400.0,280.0,400.0
331,2,ZONE_FACULTY_CLIMATE,4,IntermediateFloor,SM_FC_Mid_Academic_Lab_12x12,5210.98,27654.61,2256.16,400.0,320.0,400.0
331,2,ZONE_FACULTY_CLIMATE,5,IntermediateFloor,SM_FC_Mid_Faculty_Chambers_12x12,5210.98,27654.61,2656.16,400.0,280.0,400.0
331,2,ZONE_FACULTY_CLIMATE,6,IntermediateFloor,SM_FC_Mid_Academic_Lab_12x12,5210.98,27654.61,3056.16,400.0,320.0,400.0
331,2,ZONE_FACULTY_CLIMATE,7,IntermediateFloor,SM_FC_Mid_Faculty_Chambers_12x12,5210.98,27654.61,3456.16,400.0,280.0,400.0
331,2,ZONE_FACULTY_CLIMATE,8,Roof,SM_FC_Roof_BioDome_12x12,5210.98,27654.61,3856.16,800.0,180.0,300.0
332,2,ZONE_FACULTY_CLIMATE,0,Foundation,SM_FC_Foundation_SlopeCompensated_12x12,2084.39,27654.61,1383.01,400.0,850.0,1200.0
332,2,ZONE_FACULTY_CLIMATE,1,GroundFloor,SM_FC_Ground_Lobby_Transit_12x12,2084.39,27654.61,1783.01,600.0,450.0,600.0
332,2,ZONE_FACULTY_CLIMATE,2,IntermediateFloor,SM_FC_Mid_Academic_Lab_12x12,2084.39,27654.61,2383.01,400.0,320.0,400.0
332,2,ZONE_FACULTY_CLIMATE,3,IntermediateFloor,SM_FC_Mid_Faculty_Chambers_12x12,2084.39,27654.61,2783.01,400.0,280.0,400.0
332,2,ZONE_FACULTY_CLIMATE,4,Roof,SM_FC_Roof_BioDome_12x12,2084.39,27654.61,3183.01,800.0,180.0,300.0
333,2,ZONE_FACULTY_CLIMATE,0,Foundation,SM_FC_Foundation_SlopeCompensated_12x12,-1042.2,27654.61,1602.98,400.0,850.0,1200.0
333,2,ZONE_FACULTY_CLIMATE,1,GroundFloor,SM_FC_Ground_Lobby_Transit_12x12,-1042.2,27654.61,2002.98,600.0,450.0,600.0
333,2,ZONE_FACULTY_CLIMATE,2,IntermediateFloor,SM_FC_Mid_Academic_Lab_12x12,-1042.2,27654.61,2602.98,400.0,320.0,400.0
333,2,ZONE_FACULTY_CLIMATE,3,IntermediateFloor,SM_FC_Mid_Faculty_Chambers_12x12,-1042.2,27654.61,3002.98,400.0,280.0,400.0
333,2,ZONE_FACULTY_CLIMATE,4,IntermediateFloor,SM_FC_Mid_Academic_Lab_12x12,-1042.2,27654.61,3402.98,400.0,320.0,400.0
333,2,ZONE_FACULTY_CLIMATE,5,IntermediateFloor,SM_FC_Mid_Faculty_Chambers_12x12,-1042.2,27654.61,3802.98,400.0,280.0,400.0
333,2,ZONE_FACULTY_CLIMATE,6,Roof,SM_FC_Roof_BioDome_12x12,-1042.2,27654.61,4202.98,800.0,180.0,300.0
334,2,ZONE_FACULTY_CLIMATE,0,Foundation,SM_FC_Foundation_SlopeCompensated_12x12,-4168.79,27654.61,809.6,400.0,850.0,1200.0
334,2,ZONE_FACULTY_CLIMATE,1,GroundFloor,SM_FC_Ground_Lobby_Transit_12x12,-4168.79,27654.61,1209.6,600.0,450.0,600.0
334,2,ZONE_FACULTY_CLIMATE,2,IntermediateFloor,SM_FC_Mid_Academic_Lab_12x12,-4168.79,27654.61,1809.6,400.0,320.0,400.0
334,2,ZONE_FACULTY_CLIMATE,3,IntermediateFloor,SM_FC_Mid_Faculty_Chambers_12x12,-4168.79,27654.61,2209.6,400.0,280.0,400.0
334,2,ZONE_FACULTY_CLIMATE,4,IntermediateFloor,SM_FC_Mid_Academic_Lab_12x12,-4168.79,27654.61,2609.6,400.0,320.0,400.0
334,2,ZONE_FACULTY_CLIMATE,5,Roof,SM_FC_Roof_BioDome_12x12,-4168.79,27654.61,3009.6,800.0,180.0,300.0
335,2,ZONE_FACULTY_CLIMATE,0,Foundation,SM_FC_Foundation_SlopeCompensated_12x12,-7295.38,27654.61,-384.17,400.0,850.0,1200.0
335,2,ZONE_FACULTY_CLIMATE,1,GroundFloor,SM_FC_Ground_Lobby_Transit_12x12,-7295.38,27654.61,15.83,600.0,450.0,600.0
335,2,ZONE_FACULTY_CLIMATE,2,IntermediateFloor,SM_FC_Mid_Academic_Lab_12x12,-7295.38,27654.61,615.83,400.0,320.0,400.0
335,2,ZONE_FACULTY_CLIMATE,3,IntermediateFloor,SM_FC_Mid_Faculty_Chambers_12x12,-7295.38,27654.61,1015.83,400.0,280.0,400.0
335,2,ZONE_FACULTY_CLIMATE,4,IntermediateFloor,SM_FC_Mid_Academic_Lab_12x12,-7295.38,27654.61,1415.83,400.0,320.0,400.0
335,2,ZONE_FACULTY_CLIMATE,5,IntermediateFloor,SM_FC_Mid_Faculty_Chambers_12x12,-7295.38,27654.61,1815.83,400.0,280.0,400.0
335,2,ZONE_FACULTY_CLIMATE,6,IntermediateFloor,SM_FC_Mid_Academic_Lab_12x12,-7295.38,27654.61,2215.83,400.0,320.0,400.0
335,2,ZONE_FACULTY_CLIMATE,7,IntermediateFloor,SM_FC_Mid_Faculty_Chambers_12x12,-7295.38,27654.61,2615.83,400.0,280.0,400.0
335,2,ZONE_FACULTY_CLIMATE,8,Roof,SM_FC_Roof_BioDome_12x12,-7295.38,27654.61,3015.83,800.0,180.0,300.0
336,2,ZONE_FACULTY_CLIMATE,0,Foundation,SM_FC_Foundation_SlopeCompensated_12x12,8355.73,30818.26,-473.95,400.0,850.0,1200.0
336,2,ZONE_FACULTY_CLIMATE,1,GroundFloor,SM_FC_Ground_Lobby_Transit_12x12,8355.73,30818.26,-73.95,600.0,450.0,600.0
336,2,ZONE_FACULTY_CLIMATE,2,IntermediateFloor,SM_FC_Mid_Academic_Lab_12x12,8355.73,30818.26,526.05,400.0,320.0,400.0
336,2,ZONE_FACULTY_CLIMATE,3,Roof,SM_FC_Roof_BioDome_12x12,8355.73,30818.26,926.05,800.0,180.0,300.0
337,2,ZONE_FACULTY_CLIMATE,0,Foundation,SM_FC_Foundation_SlopeCompensated_12x12,4774.7,30818.26,954.15,400.0,850.0,1200.0
337,2,ZONE_FACULTY_CLIMATE,1,GroundFloor,SM_FC_Ground_Lobby_Transit_12x12,4774.7,30818.26,1354.15,600.0,450.0,600.0
337,2,ZONE_FACULTY_CLIMATE,2,IntermediateFloor,SM_FC_Mid_Academic_Lab_12x12,4774.7,30818.26,1954.15,400.0,320.0,400.0
337,2,ZONE_FACULTY_CLIMATE,3,Roof,SM_FC_Roof_BioDome_12x12,4774.7,30818.26,2354.15,800.0,180.0,300.0
338,2,ZONE_FACULTY_CLIMATE,0,Foundation,SM_FC_Foundation_SlopeCompensated_12x12,1193.68,30818.26,1890.06,400.0,850.0,1200.0
338,2,ZONE_FACULTY_CLIMATE,1,GroundFloor,SM_FC_Ground_Lobby_Transit_12x12,1193.68,30818.26,2290.06,600.0,450.0,600.0
338,2,ZONE_FACULTY_CLIMATE,2,IntermediateFloor,SM_FC_Mid_Academic_Lab_12x12,1193.68,30818.26,2890.06,400.0,320.0,400.0
338,2,ZONE_FACULTY_CLIMATE,3,Roof,SM_FC_Roof_BioDome_12x12,1193.68,30818.26,3290.06,800.0,180.0,300.0
339,2,ZONE_FACULTY_CLIMATE,0,Foundation,SM_FC_Foundation_SlopeCompensated_12x12,-2387.35,30818.26,1632.78,400.0,850.0,1200.0
339,2,ZONE_FACULTY_CLIMATE,1,GroundFloor,SM_FC_Ground_Lobby_Transit_12x12,-2387.35,30818.26,2032.78,600.0,450.0,600.0
339,2,ZONE_FACULTY_CLIMATE,2,IntermediateFloor,SM_FC_Mid_Academic_Lab_12x12,-2387.35,30818.26,2632.78,400.0,320.0,400.0
339,2,ZONE_FACULTY_CLIMATE,3,IntermediateFloor,SM_FC_Mid_Faculty_Chambers_12x12,-2387.35,30818.26,3032.78,400.0,280.0,400.0
339,2,ZONE_FACULTY_CLIMATE,4,Roof,SM_FC_Roof_BioDome_12x12,-2387.35,30818.26,3432.78,800.0,180.0,300.0
340,2,ZONE_FACULTY_CLIMATE,0,Foundation,SM_FC_Foundation_SlopeCompensated_12x12,-5968.38,30818.26,532.8,400.0,850.0,1200.0
340,2,ZONE_FACULTY_CLIMATE,1,GroundFloor,SM_FC_Ground_Lobby_Transit_12x12,-5968.38,30818.26,932.8,600.0,450.0,600.0
340,2,ZONE_FACULTY_CLIMATE,2,IntermediateFloor,SM_FC_Mid_Academic_Lab_12x12,-5968.38,30818.26,1532.8,400.0,320.0,400.0
340,2,ZONE_FACULTY_CLIMATE,3,IntermediateFloor,SM_FC_Mid_Faculty_Chambers_12x12,-5968.38,30818.26,1932.8,400.0,280.0,400.0
340,2,ZONE_FACULTY_CLIMATE,4,IntermediateFloor,SM_FC_Mid_Academic_Lab_12x12,-5968.38,30818.26,2332.8,400.0,320.0,400.0
340,2,ZONE_FACULTY_CLIMATE,5,IntermediateFloor,SM_FC_Mid_Faculty_Chambers_12x12,-5968.38,30818.26,2732.8,400.0,280.0,400.0
340,2,ZONE_FACULTY_CLIMATE,6,Roof,SM_FC_Roof_BioDome_12x12,-5968.38,30818.26,3132.8,800.0,180.0,300.0
341,2,ZONE_FACULTY_CLIMATE,0,Foundation,SM_FC_Foundation_SlopeCompensated_12x12,8070.93,33981.92,60.93,400.0,850.0,1200.0
341,2,ZONE_FACULTY_CLIMATE,1,GroundFloor,SM_FC_Ground_Lobby_Transit_12x12,8070.93,33981.92,460.93,600.0,450.0,600.0
341,2,ZONE_FACULTY_CLIMATE,2,IntermediateFloor,SM_FC_Mid_Academic_Lab_12x12,8070.93,33981.92,1060.93,400.0,320.0,400.0
341,2,ZONE_FACULTY_CLIMATE,3,IntermediateFloor,SM_FC_Mid_Faculty_Chambers_12x12,8070.93,33981.92,1460.93,400.0,280.0,400.0
341,2,ZONE_FACULTY_CLIMATE,4,IntermediateFloor,SM_FC_Mid_Academic_Lab_12x12,8070.93,33981.92,1860.93,400.0,320.0,400.0
341,2,ZONE_FACULTY_CLIMATE,5,Roof,SM_FC_Roof_BioDome_12x12,8070.93,33981.92,2260.93,800.0,180.0,300.0
342,2,ZONE_FACULTY_CLIMATE,0,Foundation,SM_FC_Foundation_SlopeCompensated_12x12,4035.46,33981.92,1512.88,400.0,850.0,1200.0
342,2,ZONE_FACULTY_CLIMATE,1,GroundFloor,SM_FC_Ground_Lobby_Transit_12x12,4035.46,33981.92,1912.88,600.0,450.0,600.0
342,2,ZONE_FACULTY_CLIMATE,2,IntermediateFloor,SM_FC_Mid_Academic_Lab_12x12,4035.46,33981.92,2512.88,400.0,320.0,400.0
342,2,ZONE_FACULTY_CLIMATE,3,IntermediateFloor,SM_FC_Mid_Faculty_Chambers_12x12,4035.46,33981.92,2912.88,400.0,280.0,400.0
342,2,ZONE_FACULTY_CLIMATE,4,Roof,SM_FC_Roof_BioDome_12x12,4035.46,33981.92,3312.88,800.0,180.0,300.0
343,2,ZONE_FACULTY_CLIMATE,0,Foundation,SM_FC_Foundation_SlopeCompensated_12x12,0.0,33981.92,2386.22,400.0,850.0,1200.0
343,2,ZONE_FACULTY_CLIMATE,1,GroundFloor,SM_FC_Ground_Lobby_Transit_12x12,0.0,33981.92,2786.22,600.0,450.0,600.0
343,2,ZONE_FACULTY_CLIMATE,2,IntermediateFloor,SM_FC_Mid_Academic_Lab_12x12,0.0,33981.92,3386.22,400.0,320.0,400.0
343,2,ZONE_FACULTY_CLIMATE,3,IntermediateFloor,SM_FC_Mid_Faculty_Chambers_12x12,0.0,33981.92,3786.22,400.0,280.0,400.0
343,2,ZONE_FACULTY_CLIMATE,4,IntermediateFloor,SM_FC_Mid_Academic_Lab_12x12,0.0,33981.92,4186.22,400.0,320.0,400.0
343,2,ZONE_FACULTY_CLIMATE,5,IntermediateFloor,SM_FC_Mid_Faculty_Chambers_12x12,0.0,33981.92,4586.22,400.0,280.0,400.0
343,2,ZONE_FACULTY_CLIMATE,6,Roof,SM_FC_Roof_BioDome_12x12,0.0,33981.92,4986.22,800.0,180.0,300.0
344,2,ZONE_FACULTY_CLIMATE,0,Foundation,SM_FC_Foundation_SlopeCompensated_12x12,-4035.46,33981.92,1512.88,400.0,850.0,1200.0
344,2,ZONE_FACULTY_CLIMATE,1,GroundFloor,SM_FC_Ground_Lobby_Transit_12x12,-4035.46,33981.92,1912.88,600.0,450.0,600.0
344,2,ZONE_FACULTY_CLIMATE,2,IntermediateFloor,SM_FC_Mid_Academic_Lab_12x12,-4035.46,33981.92,2512.88,400.0,320.0,400.0
344,2,ZONE_FACULTY_CLIMATE,3,IntermediateFloor,SM_FC_Mid_Faculty_Chambers_12x12,-4035.46,33981.92,2912.88,400.0,280.0,400.0
344,2,ZONE_FACULTY_CLIMATE,4,IntermediateFloor,SM_FC_Mid_Academic_Lab_12x12,-4035.46,33981.92,3312.88,400.0,320.0,400.0
344,2,ZONE_FACULTY_CLIMATE,5,Roof,SM_FC_Roof_BioDome_12x12,-4035.46,33981.92,3712.88,800.0,180.0,300.0
345,2,ZONE_FACULTY_CLIMATE,0,Foundation,SM_FC_Foundation_SlopeCompensated_12x12,-8070.93,33981.92,60.93,400.0,850.0,1200.0
345,2,ZONE_FACULTY_CLIMATE,1,GroundFloor,SM_FC_Ground_Lobby_Transit_12x12,-8070.93,33981.92,460.93,600.0,450.0,600.0
345,2,ZONE_FACULTY_CLIMATE,2,IntermediateFloor,SM_FC_Mid_Academic_Lab_12x12,-8070.93,33981.92,1060.93,400.0,320.0,400.0
345,2,ZONE_FACULTY_CLIMATE,3,IntermediateFloor,SM_FC_Mid_Faculty_Chambers_12x12,-8070.93,33981.92,1460.93,400.0,280.0,400.0
345,2,ZONE_FACULTY_CLIMATE,4,IntermediateFloor,SM_FC_Mid_Academic_Lab_12x12,-8070.93,33981.92,1860.93,400.0,320.0,400.0
345,2,ZONE_FACULTY_CLIMATE,5,IntermediateFloor,SM_FC_Mid_Faculty_Chambers_12x12,-8070.93,33981.92,2260.93,400.0,280.0,400.0
345,2,ZONE_FACULTY_CLIMATE,6,IntermediateFloor,SM_FC_Mid_Academic_Lab_12x12,-8070.93,33981.92,2660.93,400.0,320.0,400.0
345,2,ZONE_FACULTY_CLIMATE,7,IntermediateFloor,SM_FC_Mid_Faculty_Chambers_12x12,-8070.93,33981.92,3060.93,400.0,280.0,400.0
345,2,ZONE_FACULTY_CLIMATE,8,Roof,SM_FC_Roof_BioDome_12x12,-8070.93,33981.92,3460.93,800.0,180.0,300.0
346,2,ZONE_FACULTY_CLIMATE,0,Foundation,SM_FC_Foundation_SlopeCompensated_12x12,7483.17,37145.57,687.45,400.0,850.0,1200.0
346,2,ZONE_FACULTY_CLIMATE,1,GroundFloor,SM_FC_Ground_Lobby_Transit_12x12,7483.17,37145.57,1087.45,600.0,450.0,600.0
346,2,ZONE_FACULTY_CLIMATE,2,IntermediateFloor,SM_FC_Mid_Academic_Lab_12x12,7483.17,37145.57,1687.45,400.0,320.0,400.0
346,2,ZONE_FACULTY_CLIMATE,3,IntermediateFloor,SM_FC_Mid_Faculty_Chambers_12x12,7483.17,37145.57,2087.45,400.0,280.0,400.0
346,2,ZONE_FACULTY_CLIMATE,4,IntermediateFloor,SM_FC_Mid_Academic_Lab_12x12,7483.17,37145.57,2487.45,400.0,320.0,400.0
346,2,ZONE_FACULTY_CLIMATE,5,IntermediateFloor,SM_FC_Mid_Faculty_Chambers_12x12,7483.17,37145.57,2887.45,400.0,280.0,400.0
346,2,ZONE_FACULTY_CLIMATE,6,IntermediateFloor,SM_FC_Mid_Academic_Lab_12x12,7483.17,37145.57,3287.45,400.0,320.0,400.0
346,2,ZONE_FACULTY_CLIMATE,7,Roof,SM_FC_Roof_BioDome_12x12,7483.17,37145.57,3687.45,800.0,180.0,300.0
347,2,ZONE_FACULTY_CLIMATE,0,Foundation,SM_FC_Foundation_SlopeCompensated_12x12,2993.27,37145.57,2091.29,400.0,850.0,1200.0
347,2,ZONE_FACULTY_CLIMATE,1,GroundFloor,SM_FC_Ground_Lobby_Transit_12x12,2993.27,37145.57,2491.29,600.0,450.0,600.0
347,2,ZONE_FACULTY_CLIMATE,2,IntermediateFloor,SM_FC_Mid_Academic_Lab_12x12,2993.27,37145.57,3091.29,400.0,320.0,400.0
347,2,ZONE_FACULTY_CLIMATE,3,IntermediateFloor,SM_FC_Mid_Faculty_Chambers_12x12,2993.27,37145.57,3491.29,400.0,280.0,400.0
347,2,ZONE_FACULTY_CLIMATE,4,IntermediateFloor,SM_FC_Mid_Academic_Lab_12x12,2993.27,37145.57,3891.29,400.0,320.0,400.0
347,2,ZONE_FACULTY_CLIMATE,5,IntermediateFloor,SM_FC_Mid_Faculty_Chambers_12x12,2993.27,37145.57,4291.29,400.0,280.0,400.0
347,2,ZONE_FACULTY_CLIMATE,6,IntermediateFloor,SM_FC_Mid_Academic_Lab_12x12,2993.27,37145.57,4691.29,400.0,320.0,400.0
347,2,ZONE_FACULTY_CLIMATE,7,IntermediateFloor,SM_FC_Mid_Faculty_Chambers_12x12,2993.27,37145.57,5091.29,400.0,280.0,400.0
347,2,ZONE_FACULTY_CLIMATE,8,Roof,SM_FC_Roof_BioDome_12x12,2993.27,37145.57,5491.29,800.0,180.0,300.0
348,2,ZONE_FACULTY_CLIMATE,0,Foundation,SM_FC_Foundation_SlopeCompensated_12x12,-1496.63,37145.57,2412.87,400.0,850.0,1200.0
348,2,ZONE_FACULTY_CLIMATE,1,GroundFloor,SM_FC_Ground_Lobby_Transit_12x12,-1496.63,37145.57,2812.87,600.0,450.0,600.0
348,2,ZONE_FACULTY_CLIMATE,2,IntermediateFloor,SM_FC_Mid_Academic_Lab_12x12,-1496.63,37145.57,3412.87,400.0,320.0,400.0
348,2,ZONE_FACULTY_CLIMATE,3,IntermediateFloor,SM_FC_Mid_Faculty_Chambers_12x12,-1496.63,37145.57,3812.87,400.0,280.0,400.0
348,2,ZONE_FACULTY_CLIMATE,4,IntermediateFloor,SM_FC_Mid_Academic_Lab_12x12,-1496.63,37145.57,4212.87,400.0,320.0,400.0
348,2,ZONE_FACULTY_CLIMATE,5,Roof,SM_FC_Roof_BioDome_12x12,-1496.63,37145.57,4612.87,800.0,180.0,300.0
349,2,ZONE_FACULTY_CLIMATE,0,Foundation,SM_FC_Foundation_SlopeCompensated_12x12,-5986.53,37145.57,1228.59,400.0,850.0,1200.0
349,2,ZONE_FACULTY_CLIMATE,1,GroundFloor,SM_FC_Ground_Lobby_Transit_12x12,-5986.53,37145.57,1628.59,600.0,450.0,600.0
349,2,ZONE_FACULTY_CLIMATE,2,IntermediateFloor,SM_FC_Mid_Academic_Lab_12x12,-5986.53,37145.57,2228.59,400.0,320.0,400.0
349,2,ZONE_FACULTY_CLIMATE,3,IntermediateFloor,SM_FC_Mid_Faculty_Chambers_12x12,-5986.53,37145.57,2628.59,400.0,280.0,400.0
349,2,ZONE_FACULTY_CLIMATE,4,IntermediateFloor,SM_FC_Mid_Academic_Lab_12x12,-5986.53,37145.57,3028.59,400.0,320.0,400.0
349,2,ZONE_FACULTY_CLIMATE,5,IntermediateFloor,SM_FC_Mid_Faculty_Chambers_12x12,-5986.53,37145.57,3428.59,400.0,280.0,400.0
349,2,ZONE_FACULTY_CLIMATE,6,IntermediateFloor,SM_FC_Mid_Academic_Lab_12x12,-5986.53,37145.57,3828.59,400.0,320.0,400.0
349,2,ZONE_FACULTY_CLIMATE,7,Roof,SM_FC_Roof_BioDome_12x12,-5986.53,37145.57,4228.59,800.0,180.0,300.0
350,2,ZONE_FACULTY_CLIMATE,0,Foundation,SM_FC_Foundation_SlopeCompensated_12x12,-10476.43,37145.57,-614.37,400.0,850.0,1200.0
350,2,ZONE_FACULTY_CLIMATE,1,GroundFloor,SM_FC_Ground_Lobby_Transit_12x12,-10476.43,37145.57,-214.37,600.0,450.0,600.0
350,2,ZONE_FACULTY_CLIMATE,2,IntermediateFloor,SM_FC_Mid_Academic_Lab_12x12,-10476.43,37145.57,385.63,400.0,320.0,400.0
350,2,ZONE_FACULTY_CLIMATE,3,IntermediateFloor,SM_FC_Mid_Faculty_Chambers_12x12,-10476.43,37145.57,785.63,400.0,280.0,400.0
350,2,ZONE_FACULTY_CLIMATE,4,IntermediateFloor,SM_FC_Mid_Academic_Lab_12x12,-10476.43,37145.57,1185.63,400.0,320.0,400.0
350,2,ZONE_FACULTY_CLIMATE,5,Roof,SM_FC_Roof_BioDome_12x12,-10476.43,37145.57,1585.63,800.0,180.0,300.0
351,2,ZONE_FACULTY_CLIMATE,0,Foundation,SM_FC_Foundation_SlopeCompensated_12x12,11536.79,40309.22,-659.63,400.0,850.0,1200.0
351,2,ZONE_FACULTY_CLIMATE,1,GroundFloor,SM_FC_Ground_Lobby_Transit_12x12,11536.79,40309.22,-259.63,600.0,450.0,600.0
351,2,ZONE_FACULTY_CLIMATE,2,IntermediateFloor,SM_FC_Mid_Academic_Lab_12x12,11536.79,40309.22,340.37,400.0,320.0,400.0
351,2,ZONE_FACULTY_CLIMATE,3,IntermediateFloor,SM_FC_Mid_Faculty_Chambers_12x12,11536.79,40309.22,740.37,400.0,280.0,400.0
351,2,ZONE_FACULTY_CLIMATE,4,IntermediateFloor,SM_FC_Mid_Academic_Lab_12x12,11536.79,40309.22,1140.37,400.0,320.0,400.0
351,2,ZONE_FACULTY_CLIMATE,5,IntermediateFloor,SM_FC_Mid_Faculty_Chambers_12x12,11536.79,40309.22,1540.37,400.0,280.0,400.0
351,2,ZONE_FACULTY_CLIMATE,6,Roof,SM_FC_Roof_BioDome_12x12,11536.79,40309.22,1940.37,800.0,180.0,300.0
352,2,ZONE_FACULTY_CLIMATE,0,Foundation,SM_FC_Foundation_SlopeCompensated_12x12,6592.45,40309.22,1361.74,400.0,850.0,1200.0
352,2,ZONE_FACULTY_CLIMATE,1,GroundFloor,SM_FC_Ground_Lobby_Transit_12x12,6592.45,40309.22,1761.74,600.0,450.0,600.0
352,2,ZONE_FACULTY_CLIMATE,2,IntermediateFloor,SM_FC_Mid_Academic_Lab_12x12,6592.45,40309.22,2361.74,400.0,320.0,400.0
352,2,ZONE_FACULTY_CLIMATE,3,Roof,SM_FC_Roof_BioDome_12x12,6592.45,40309.22,2761.74,800.0,180.0,300.0
353,2,ZONE_FACULTY_CLIMATE,0,Foundation,SM_FC_Foundation_SlopeCompensated_12x12,1648.11,40309.22,2651.57,400.0,850.0,1200.0
353,2,ZONE_FACULTY_CLIMATE,1,GroundFloor,SM_FC_Ground_Lobby_Transit_12x12,1648.11,40309.22,3051.57,600.0,450.0,600.0
353,2,ZONE_FACULTY_CLIMATE,2,IntermediateFloor,SM_FC_Mid_Academic_Lab_12x12,1648.11,40309.22,3651.57,400.0,320.0,400.0
353,2,ZONE_FACULTY_CLIMATE,3,IntermediateFloor,SM_FC_Mid_Faculty_Chambers_12x12,1648.11,40309.22,4051.57,400.0,280.0,400.0
353,2,ZONE_FACULTY_CLIMATE,4,Roof,SM_FC_Roof_BioDome_12x12,1648.11,40309.22,4451.57,800.0,180.0,300.0
354,2,ZONE_FACULTY_CLIMATE,0,Foundation,SM_FC_Foundation_SlopeCompensated_12x12,-3296.22,40309.22,2302.91,400.0,850.0,1200.0
354,2,ZONE_FACULTY_CLIMATE,1,GroundFloor,SM_FC_Ground_Lobby_Transit_12x12,-3296.22,40309.22,2702.91,600.0,450.0,600.0
354,2,ZONE_FACULTY_CLIMATE,2,IntermediateFloor,SM_FC_Mid_Academic_Lab_12x12,-3296.22,40309.22,3302.91,400.0,320.0,400.0
354,2,ZONE_FACULTY_CLIMATE,3,IntermediateFloor,SM_FC_Mid_Faculty_Chambers_12x12,-3296.22,40309.22,3702.91,400.0,280.0,400.0
354,2,ZONE_FACULTY_CLIMATE,4,Roof,SM_FC_Roof_BioDome_12x12,-3296.22,40309.22,4102.91,800.0,180.0,300.0
355,2,ZONE_FACULTY_CLIMATE,0,Foundation,SM_FC_Foundation_SlopeCompensated_12x12,-8240.56,40309.22,769.23,400.0,850.0,1200.0
355,2,ZONE_FACULTY_CLIMATE,1,GroundFloor,SM_FC_Ground_Lobby_Transit_12x12,-8240.56,40309.22,1169.23,600.0,450.0,600.0
355,2,ZONE_FACULTY_CLIMATE,2,IntermediateFloor,SM_FC_Mid_Academic_Lab_12x12,-8240.56,40309.22,1769.23,400.0,320.0,400.0
355,2,ZONE_FACULTY_CLIMATE,3,IntermediateFloor,SM_FC_Mid_Faculty_Chambers_12x12,-8240.56,40309.22,2169.23,400.0,280.0,400.0
355,2,ZONE_FACULTY_CLIMATE,4,IntermediateFloor,SM_FC_Mid_Academic_Lab_12x12,-8240.56,40309.22,2569.23,400.0,320.0,400.0
355,2,ZONE_FACULTY_CLIMATE,5,IntermediateFloor,SM_FC_Mid_Faculty_Chambers_12x12,-8240.56,40309.22,2969.23,400.0,280.0,400.0
355,2,ZONE_FACULTY_CLIMATE,6,IntermediateFloor,SM_FC_Mid_Academic_Lab_12x12,-8240.56,40309.22,3369.23,400.0,320.0,400.0
355,2,ZONE_FACULTY_CLIMATE,7,Roof,SM_FC_Roof_BioDome_12x12,-8240.56,40309.22,3769.23,800.0,180.0,300.0
356,2,ZONE_FACULTY_CLIMATE,0,Foundation,SM_FC_Foundation_SlopeCompensated_12x12,10797.55,43472.87,129.62,400.0,850.0,1200.0
356,2,ZONE_FACULTY_CLIMATE,1,GroundFloor,SM_FC_Ground_Lobby_Transit_12x12,10797.55,43472.87,529.62,600.0,450.0,600.0
356,2,ZONE_FACULTY_CLIMATE,2,IntermediateFloor,SM_FC_Mid_Academic_Lab_12x12,10797.55,43472.87,1129.62,400.0,320.0,400.0
356,2,ZONE_FACULTY_CLIMATE,3,IntermediateFloor,SM_FC_Mid_Faculty_Chambers_12x12,10797.55,43472.87,1529.62,400.0,280.0,400.0
356,2,ZONE_FACULTY_CLIMATE,4,IntermediateFloor,SM_FC_Mid_Academic_Lab_12x12,10797.55,43472.87,1929.62,400.0,320.0,400.0
356,2,ZONE_FACULTY_CLIMATE,5,IntermediateFloor,SM_FC_Mid_Faculty_Chambers_12x12,10797.55,43472.87,2329.62,400.0,280.0,400.0
356,2,ZONE_FACULTY_CLIMATE,6,IntermediateFloor,SM_FC_Mid_Academic_Lab_12x12,10797.55,43472.87,2729.62,400.0,320.0,400.0
356,2,ZONE_FACULTY_CLIMATE,7,IntermediateFloor,SM_FC_Mid_Faculty_Chambers_12x12,10797.55,43472.87,3129.62,400.0,280.0,400.0
356,2,ZONE_FACULTY_CLIMATE,8,Roof,SM_FC_Roof_BioDome_12x12,10797.55,43472.87,3529.62,800.0,180.0,300.0
357,2,ZONE_FACULTY_CLIMATE,0,Foundation,SM_FC_Foundation_SlopeCompensated_12x12,5398.77,43472.87,2043.02,400.0,850.0,1200.0
357,2,ZONE_FACULTY_CLIMATE,1,GroundFloor,SM_FC_Ground_Lobby_Transit_12x12,5398.77,43472.87,2443.02,600.0,450.0,600.0
357,2,ZONE_FACULTY_CLIMATE,2,IntermediateFloor,SM_FC_Mid_Academic_Lab_12x12,5398.77,43472.87,3043.02,400.0,320.0,400.0
357,2,ZONE_FACULTY_CLIMATE,3,Roof,SM_FC_Roof_BioDome_12x12,5398.77,43472.87,3443.02,800.0,180.0,300.0
358,2,ZONE_FACULTY_CLIMATE,0,Foundation,SM_FC_Foundation_SlopeCompensated_12x12,0.0,43472.87,3160.03,400.0,850.0,1200.0
358,2,ZONE_FACULTY_CLIMATE,1,GroundFloor,SM_FC_Ground_Lobby_Transit_12x12,0.0,43472.87,3560.03,600.0,450.0,600.0
358,2,ZONE_FACULTY_CLIMATE,2,IntermediateFloor,SM_FC_Mid_Academic_Lab_12x12,0.0,43472.87,4160.03,400.0,320.0,400.0
358,2,ZONE_FACULTY_CLIMATE,3,IntermediateFloor,SM_FC_Mid_Faculty_Chambers_12x12,0.0,43472.87,4560.03,400.0,280.0,400.0
358,2,ZONE_FACULTY_CLIMATE,4,IntermediateFloor,SM_FC_Mid_Academic_Lab_12x12,0.0,43472.87,4960.03,400.0,320.0,400.0
358,2,ZONE_FACULTY_CLIMATE,5,IntermediateFloor,SM_FC_Mid_Faculty_Chambers_12x12,0.0,43472.87,5360.03,400.0,280.0,400.0
358,2,ZONE_FACULTY_CLIMATE,6,IntermediateFloor,SM_FC_Mid_Academic_Lab_12x12,0.0,43472.87,5760.03,400.0,320.0,400.0
358,2,ZONE_FACULTY_CLIMATE,7,IntermediateFloor,SM_FC_Mid_Faculty_Chambers_12x12,0.0,43472.87,6160.03,400.0,280.0,400.0
358,2,ZONE_FACULTY_CLIMATE,8,Roof,SM_FC_Roof_BioDome_12x12,0.0,43472.87,6560.03,800.0,180.0,300.0
359,2,ZONE_FACULTY_CLIMATE,0,Foundation,SM_FC_Foundation_SlopeCompensated_12x12,-5398.77,43472.87,2043.02,400.0,850.0,1200.0
359,2,ZONE_FACULTY_CLIMATE,1,GroundFloor,SM_FC_Ground_Lobby_Transit_12x12,-5398.77,43472.87,2443.02,600.0,450.0,600.0
359,2,ZONE_FACULTY_CLIMATE,2,IntermediateFloor,SM_FC_Mid_Academic_Lab_12x12,-5398.77,43472.87,3043.02,400.0,320.0,400.0
359,2,ZONE_FACULTY_CLIMATE,3,IntermediateFloor,SM_FC_Mid_Faculty_Chambers_12x12,-5398.77,43472.87,3443.02,400.0,280.0,400.0
359,2,ZONE_FACULTY_CLIMATE,4,IntermediateFloor,SM_FC_Mid_Academic_Lab_12x12,-5398.77,43472.87,3843.02,400.0,320.0,400.0
359,2,ZONE_FACULTY_CLIMATE,5,Roof,SM_FC_Roof_BioDome_12x12,-5398.77,43472.87,4243.02,800.0,180.0,300.0
360,2,ZONE_FACULTY_CLIMATE,0,Foundation,SM_FC_Foundation_SlopeCompensated_12x12,-10797.55,43472.87,129.62,400.0,850.0,1200.0
360,2,ZONE_FACULTY_CLIMATE,1,GroundFloor,SM_FC_Ground_Lobby_Transit_12x12,-10797.55,43472.87,529.62,600.0,450.0,600.0
360,2,ZONE_FACULTY_CLIMATE,2,IntermediateFloor,SM_FC_Mid_Academic_Lab_12x12,-10797.55,43472.87,1129.62,400.0,320.0,400.0
360,2,ZONE_FACULTY_CLIMATE,3,IntermediateFloor,SM_FC_Mid_Faculty_Chambers_12x12,-10797.55,43472.87,1529.62,400.0,280.0,400.0
360,2,ZONE_FACULTY_CLIMATE,4,IntermediateFloor,SM_FC_Mid_Academic_Lab_12x12,-10797.55,43472.87,1929.62,400.0,320.0,400.0
360,2,ZONE_FACULTY_CLIMATE,5,Roof,SM_FC_Roof_BioDome_12x12,-10797.55,43472.87,2329.62,800.0,180.0,300.0
361,2,ZONE_FACULTY_CLIMATE,0,Foundation,SM_FC_Foundation_SlopeCompensated_12x12,9755.35,46636.53,948.62,400.0,850.0,1200.0
361,2,ZONE_FACULTY_CLIMATE,1,GroundFloor,SM_FC_Ground_Lobby_Transit_12x12,9755.35,46636.53,1348.62,600.0,450.0,600.0
361,2,ZONE_FACULTY_CLIMATE,2,IntermediateFloor,SM_FC_Mid_Academic_Lab_12x12,9755.35,46636.53,1948.62,400.0,320.0,400.0
361,2,ZONE_FACULTY_CLIMATE,3,IntermediateFloor,SM_FC_Mid_Faculty_Chambers_12x12,9755.35,46636.53,2348.62,400.0,280.0,400.0
361,2,ZONE_FACULTY_CLIMATE,4,IntermediateFloor,SM_FC_Mid_Academic_Lab_12x12,9755.35,46636.53,2748.62,400.0,320.0,400.0
361,2,ZONE_FACULTY_CLIMATE,5,IntermediateFloor,SM_FC_Mid_Faculty_Chambers_12x12,9755.35,46636.53,3148.62,400.0,280.0,400.0
361,2,ZONE_FACULTY_CLIMATE,6,Roof,SM_FC_Roof_BioDome_12x12,9755.35,46636.53,3548.62,800.0,180.0,300.0
362,2,ZONE_FACULTY_CLIMATE,0,Foundation,SM_FC_Foundation_SlopeCompensated_12x12,3902.14,46636.53,2694.56,400.0,850.0,1200.0
362,2,ZONE_FACULTY_CLIMATE,1,GroundFloor,SM_FC_Ground_Lobby_Transit_12x12,3902.14,46636.53,3094.56,600.0,450.0,600.0
362,2,ZONE_FACULTY_CLIMATE,2,IntermediateFloor,SM_FC_Mid_Academic_Lab_12x12,3902.14,46636.53,3694.56,400.0,320.0,400.0
362,2,ZONE_FACULTY_CLIMATE,3,IntermediateFloor,SM_FC_Mid_Faculty_Chambers_12x12,3902.14,46636.53,4094.56,400.0,280.0,400.0
362,2,ZONE_FACULTY_CLIMATE,4,IntermediateFloor,SM_FC_Mid_Academic_Lab_12x12,3902.14,46636.53,4494.56,400.0,320.0,400.0
362,2,ZONE_FACULTY_CLIMATE,5,IntermediateFloor,SM_FC_Mid_Faculty_Chambers_12x12,3902.14,46636.53,4894.56,400.0,280.0,400.0
362,2,ZONE_FACULTY_CLIMATE,6,IntermediateFloor,SM_FC_Mid_Academic_Lab_12x12,3902.14,46636.53,5294.56,400.0,320.0,400.0
362,2,ZONE_FACULTY_CLIMATE,7,Roof,SM_FC_Roof_BioDome_12x12,3902.14,46636.53,5694.56,800.0,180.0,300.0
363,2,ZONE_FACULTY_CLIMATE,0,Foundation,SM_FC_Foundation_SlopeCompensated_12x12,-1951.07,46636.53,3087.1,400.0,850.0,1200.0
363,2,ZONE_FACULTY_CLIMATE,1,GroundFloor,SM_FC_Ground_Lobby_Transit_12x12,-1951.07,46636.53,3487.1,600.0,450.0,600.0
363,2,ZONE_FACULTY_CLIMATE,2,IntermediateFloor,SM_FC_Mid_Academic_Lab_12x12,-1951.07,46636.53,4087.1,400.0,320.0,400.0
363,2,ZONE_FACULTY_CLIMATE,3,IntermediateFloor,SM_FC_Mid_Faculty_Chambers_12x12,-1951.07,46636.53,4487.1,400.0,280.0,400.0
363,2,ZONE_FACULTY_CLIMATE,4,IntermediateFloor,SM_FC_Mid_Academic_Lab_12x12,-1951.07,46636.53,4887.1,400.0,320.0,400.0
363,2,ZONE_FACULTY_CLIMATE,5,IntermediateFloor,SM_FC_Mid_Faculty_Chambers_12x12,-1951.07,46636.53,5287.1,400.0,280.0,400.0
363,2,ZONE_FACULTY_CLIMATE,6,IntermediateFloor,SM_FC_Mid_Academic_Lab_12x12,-1951.07,46636.53,5687.1,400.0,320.0,400.0
363,2,ZONE_FACULTY_CLIMATE,7,Roof,SM_FC_Roof_BioDome_12x12,-1951.07,46636.53,6087.1,800.0,180.0,300.0
364,2,ZONE_FACULTY_CLIMATE,0,Foundation,SM_FC_Foundation_SlopeCompensated_12x12,-7804.28,46636.53,1625.32,400.0,850.0,1200.0
364,2,ZONE_FACULTY_CLIMATE,1,GroundFloor,SM_FC_Ground_Lobby_Transit_12x12,-7804.28,46636.53,2025.32,600.0,450.0,600.0
364,2,ZONE_FACULTY_CLIMATE,2,IntermediateFloor,SM_FC_Mid_Academic_Lab_12x12,-7804.28,46636.53,2625.32,400.0,320.0,400.0
364,2,ZONE_FACULTY_CLIMATE,3,Roof,SM_FC_Roof_BioDome_12x12,-7804.28,46636.53,3025.32,800.0,180.0,300.0
365,2,ZONE_FACULTY_CLIMATE,0,Foundation,SM_FC_Foundation_SlopeCompensated_12x12,-13657.49,46636.53,-688.94,400.0,850.0,1200.0
365,2,ZONE_FACULTY_CLIMATE,1,GroundFloor,SM_FC_Ground_Lobby_Transit_12x12,-13657.49,46636.53,-288.94,600.0,450.0,600.0
365,2,ZONE_FACULTY_CLIMATE,2,IntermediateFloor,SM_FC_Mid_Academic_Lab_12x12,-13657.49,46636.53,311.06,400.0,320.0,400.0
365,2,ZONE_FACULTY_CLIMATE,3,IntermediateFloor,SM_FC_Mid_Faculty_Chambers_12x12,-13657.49,46636.53,711.06,400.0,280.0,400.0
365,2,ZONE_FACULTY_CLIMATE,4,IntermediateFloor,SM_FC_Mid_Academic_Lab_12x12,-13657.49,46636.53,1111.06,400.0,320.0,400.0
365,2,ZONE_FACULTY_CLIMATE,5,Roof,SM_FC_Roof_BioDome_12x12,-13657.49,46636.53,1511.06,800.0,180.0,300.0
366,2,ZONE_FACULTY_CLIMATE,0,Foundation,SM_FC_Foundation_SlopeCompensated_12x12,14717.84,49800.18,-669.3,400.0,850.0,1200.0
366,2,ZONE_FACULTY_CLIMATE,1,GroundFloor,SM_FC_Ground_Lobby_Transit_12x12,14717.84,49800.18,-269.3,600.0,450.0,600.0
366,2,ZONE_FACULTY_CLIMATE,2,IntermediateFloor,SM_FC_Mid_Academic_Lab_12x12,14717.84,49800.18,330.7,400.0,320.0,400.0
366,2,ZONE_FACULTY_CLIMATE,3,Roof,SM_FC_Roof_BioDome_12x12,14717.84,49800.18,730.7,800.0,180.0,300.0
367,2,ZONE_FACULTY_CLIMATE,0,Foundation,SM_FC_Foundation_SlopeCompensated_12x12,8410.2,49800.18,1757.27,400.0,850.0,1200.0
367,2,ZONE_FACULTY_CLIMATE,1,GroundFloor,SM_FC_Ground_Lobby_Transit_12x12,8410.2,49800.18,2157.27,600.0,450.0,600.0
367,2,ZONE_FACULTY_CLIMATE,2,IntermediateFloor,SM_FC_Mid_Academic_Lab_12x12,8410.2,49800.18,2757.27,400.0,320.0,400.0
367,2,ZONE_FACULTY_CLIMATE,3,IntermediateFloor,SM_FC_Mid_Faculty_Chambers_12x12,8410.2,49800.18,3157.27,400.0,280.0,400.0
367,2,ZONE_FACULTY_CLIMATE,4,Roof,SM_FC_Roof_BioDome_12x12,8410.2,49800.18,3557.27,800.0,180.0,300.0
368,2,ZONE_FACULTY_CLIMATE,0,Foundation,SM_FC_Foundation_SlopeCompensated_12x12,2102.55,49800.18,3284.57,400.0,850.0,1200.0
368,2,ZONE_FACULTY_CLIMATE,1,GroundFloor,SM_FC_Ground_Lobby_Transit_12x12,2102.55,49800.18,3684.57,600.0,450.0,600.0
368,2,ZONE_FACULTY_CLIMATE,2,IntermediateFloor,SM_FC_Mid_Academic_Lab_12x12,2102.55,49800.18,4284.57,400.0,320.0,400.0
368,2,ZONE_FACULTY_CLIMATE,3,Roof,SM_FC_Roof_BioDome_12x12,2102.55,49800.18,4684.57,800.0,180.0,300.0
369,2,ZONE_FACULTY_CLIMATE,0,Foundation,SM_FC_Foundation_SlopeCompensated_12x12,-4205.1,49800.18,2875.39,400.0,850.0,1200.0
369,2,ZONE_FACULTY_CLIMATE,1,GroundFloor,SM_FC_Ground_Lobby_Transit_12x12,-4205.1,49800.18,3275.39,600.0,450.0,600.0
369,2,ZONE_FACULTY_CLIMATE,2,IntermediateFloor,SM_FC_Mid_Academic_Lab_12x12,-4205.1,49800.18,3875.39,400.0,320.0,400.0
369,2,ZONE_FACULTY_CLIMATE,3,IntermediateFloor,SM_FC_Mid_Faculty_Chambers_12x12,-4205.1,49800.18,4275.39,400.0,280.0,400.0
369,2,ZONE_FACULTY_CLIMATE,4,IntermediateFloor,SM_FC_Mid_Academic_Lab_12x12,-4205.1,49800.18,4675.39,400.0,320.0,400.0
369,2,ZONE_FACULTY_CLIMATE,5,IntermediateFloor,SM_FC_Mid_Faculty_Chambers_12x12,-4205.1,49800.18,5075.39,400.0,280.0,400.0
369,2,ZONE_FACULTY_CLIMATE,6,Roof,SM_FC_Roof_BioDome_12x12,-4205.1,49800.18,5475.39,800.0,180.0,300.0
370,2,ZONE_FACULTY_CLIMATE,0,Foundation,SM_FC_Foundation_SlopeCompensated_12x12,-10512.74,49800.18,1048.33,400.0,850.0,1200.0
370,2,ZONE_FACULTY_CLIMATE,1,GroundFloor,SM_FC_Ground_Lobby_Transit_12x12,-10512.74,49800.18,1448.33,600.0,450.0,600.0
370,2,ZONE_FACULTY_CLIMATE,2,IntermediateFloor,SM_FC_Mid_Academic_Lab_12x12,-10512.74,49800.18,2048.33,400.0,320.0,400.0
370,2,ZONE_FACULTY_CLIMATE,3,IntermediateFloor,SM_FC_Mid_Faculty_Chambers_12x12,-10512.74,49800.18,2448.33,400.0,280.0,400.0
370,2,ZONE_FACULTY_CLIMATE,4,IntermediateFloor,SM_FC_Mid_Academic_Lab_12x12,-10512.74,49800.18,2848.33,400.0,320.0,400.0
370,2,ZONE_FACULTY_CLIMATE,5,IntermediateFloor,SM_FC_Mid_Faculty_Chambers_12x12,-10512.74,49800.18,3248.33,400.0,280.0,400.0
370,2,ZONE_FACULTY_CLIMATE,6,IntermediateFloor,SM_FC_Mid_Academic_Lab_12x12,-10512.74,49800.18,3648.33,400.0,320.0,400.0
370,2,ZONE_FACULTY_CLIMATE,7,Roof,SM_FC_Roof_BioDome_12x12,-10512.74,49800.18,4048.33,800.0,180.0,300.0
371,2,ZONE_FACULTY_CLIMATE,0,Foundation,SM_FC_Foundation_SlopeCompensated_12x12,13524.17,52963.83,317.49,400.0,850.0,1200.0
371,2,ZONE_FACULTY_CLIMATE,1,GroundFloor,SM_FC_Ground_Lobby_Transit_12x12,13524.17,52963.83,717.49,600.0,450.0,600.0
371,2,ZONE_FACULTY_CLIMATE,2,IntermediateFloor,SM_FC_Mid_Academic_Lab_12x12,13524.17,52963.83,1317.49,400.0,320.0,400.0
371,2,ZONE_FACULTY_CLIMATE,3,IntermediateFloor,SM_FC_Mid_Faculty_Chambers_12x12,13524.17,52963.83,1717.49,400.0,280.0,400.0
371,2,ZONE_FACULTY_CLIMATE,4,IntermediateFloor,SM_FC_Mid_Academic_Lab_12x12,13524.17,52963.83,2117.49,400.0,320.0,400.0
371,2,ZONE_FACULTY_CLIMATE,5,IntermediateFloor,SM_FC_Mid_Faculty_Chambers_12x12,13524.17,52963.83,2517.49,400.0,280.0,400.0
371,2,ZONE_FACULTY_CLIMATE,6,IntermediateFloor,SM_FC_Mid_Academic_Lab_12x12,13524.17,52963.83,2917.49,400.0,320.0,400.0
371,2,ZONE_FACULTY_CLIMATE,7,Roof,SM_FC_Roof_BioDome_12x12,13524.17,52963.83,3317.49,800.0,180.0,300.0
372,2,ZONE_FACULTY_CLIMATE,0,Foundation,SM_FC_Foundation_SlopeCompensated_12x12,6762.08,52963.83,2520.31,400.0,850.0,1200.0
372,2,ZONE_FACULTY_CLIMATE,1,GroundFloor,SM_FC_Ground_Lobby_Transit_12x12,6762.08,52963.83,2920.31,600.0,450.0,600.0
372,2,ZONE_FACULTY_CLIMATE,2,IntermediateFloor,SM_FC_Mid_Academic_Lab_12x12,6762.08,52963.83,3520.31,400.0,320.0,400.0
372,2,ZONE_FACULTY_CLIMATE,3,IntermediateFloor,SM_FC_Mid_Faculty_Chambers_12x12,6762.08,52963.83,3920.31,400.0,280.0,400.0
372,2,ZONE_FACULTY_CLIMATE,4,IntermediateFloor,SM_FC_Mid_Academic_Lab_12x12,6762.08,52963.83,4320.31,400.0,320.0,400.0
372,2,ZONE_FACULTY_CLIMATE,5,IntermediateFloor,SM_FC_Mid_Faculty_Chambers_12x12,6762.08,52963.83,4720.31,400.0,280.0,400.0
372,2,ZONE_FACULTY_CLIMATE,6,IntermediateFloor,SM_FC_Mid_Academic_Lab_12x12,6762.08,52963.83,5120.31,400.0,320.0,400.0
372,2,ZONE_FACULTY_CLIMATE,7,IntermediateFloor,SM_FC_Mid_Faculty_Chambers_12x12,6762.08,52963.83,5520.31,400.0,280.0,400.0
372,2,ZONE_FACULTY_CLIMATE,8,Roof,SM_FC_Roof_BioDome_12x12,6762.08,52963.83,5920.31,800.0,180.0,300.0
373,2,ZONE_FACULTY_CLIMATE,0,Foundation,SM_FC_Foundation_SlopeCompensated_12x12,0.0,52963.83,3786.93,400.0,850.0,1200.0
373,2,ZONE_FACULTY_CLIMATE,1,GroundFloor,SM_FC_Ground_Lobby_Transit_12x12,0.0,52963.83,4186.93,600.0,450.0,600.0
373,2,ZONE_FACULTY_CLIMATE,2,IntermediateFloor,SM_FC_Mid_Academic_Lab_12x12,0.0,52963.83,4786.93,400.0,320.0,400.0
373,2,ZONE_FACULTY_CLIMATE,3,IntermediateFloor,SM_FC_Mid_Faculty_Chambers_12x12,0.0,52963.83,5186.93,400.0,280.0,400.0
373,2,ZONE_FACULTY_CLIMATE,4,IntermediateFloor,SM_FC_Mid_Academic_Lab_12x12,0.0,52963.83,5586.93,400.0,320.0,400.0
373,2,ZONE_FACULTY_CLIMATE,5,IntermediateFloor,SM_FC_Mid_Faculty_Chambers_12x12,0.0,52963.83,5986.93,400.0,280.0,400.0
373,2,ZONE_FACULTY_CLIMATE,6,IntermediateFloor,SM_FC_Mid_Academic_Lab_12x12,0.0,52963.83,6386.93,400.0,320.0,400.0
373,2,ZONE_FACULTY_CLIMATE,7,IntermediateFloor,SM_FC_Mid_Faculty_Chambers_12x12,0.0,52963.83,6786.93,400.0,280.0,400.0
373,2,ZONE_FACULTY_CLIMATE,8,Roof,SM_FC_Roof_BioDome_12x12,0.0,52963.83,7186.93,800.0,180.0,300.0
374,2,ZONE_FACULTY_CLIMATE,0,Foundation,SM_FC_Foundation_SlopeCompensated_12x12,-6762.08,52963.83,2520.31,400.0,850.0,1200.0
374,2,ZONE_FACULTY_CLIMATE,1,GroundFloor,SM_FC_Ground_Lobby_Transit_12x12,-6762.08,52963.83,2920.31,600.0,450.0,600.0
374,2,ZONE_FACULTY_CLIMATE,2,IntermediateFloor,SM_FC_Mid_Academic_Lab_12x12,-6762.08,52963.83,3520.31,400.0,320.0,400.0
374,2,ZONE_FACULTY_CLIMATE,3,Roof,SM_FC_Roof_BioDome_12x12,-6762.08,52963.83,3920.31,800.0,180.0,300.0
375,2,ZONE_FACULTY_CLIMATE,0,Foundation,SM_FC_Foundation_SlopeCompensated_12x12,-13524.17,52963.83,317.49,400.0,850.0,1200.0
375,2,ZONE_FACULTY_CLIMATE,1,GroundFloor,SM_FC_Ground_Lobby_Transit_12x12,-13524.17,52963.83,717.49,600.0,450.0,600.0
375,2,ZONE_FACULTY_CLIMATE,2,IntermediateFloor,SM_FC_Mid_Academic_Lab_12x12,-13524.17,52963.83,1317.49,400.0,320.0,400.0
375,2,ZONE_FACULTY_CLIMATE,3,IntermediateFloor,SM_FC_Mid_Faculty_Chambers_12x12,-13524.17,52963.83,1717.49,400.0,280.0,400.0
375,2,ZONE_FACULTY_CLIMATE,4,IntermediateFloor,SM_FC_Mid_Academic_Lab_12x12,-13524.17,52963.83,2117.49,400.0,320.0,400.0
375,2,ZONE_FACULTY_CLIMATE,5,IntermediateFloor,SM_FC_Mid_Faculty_Chambers_12x12,-13524.17,52963.83,2517.49,400.0,280.0,400.0
375,2,ZONE_FACULTY_CLIMATE,6,IntermediateFloor,SM_FC_Mid_Academic_Lab_12x12,-13524.17,52963.83,2917.49,400.0,320.0,400.0
375,2,ZONE_FACULTY_CLIMATE,7,Roof,SM_FC_Roof_BioDome_12x12,-13524.17,52963.83,3317.49,800.0,180.0,300.0
376,2,ZONE_FACULTY_CLIMATE,0,Foundation,SM_FC_Foundation_SlopeCompensated_12x12,11485.09,56127.49,1271.59,400.0,850.0,1200.0
376,2,ZONE_FACULTY_CLIMATE,1,GroundFloor,SM_FC_Ground_Lobby_Transit_12x12,11485.09,56127.49,1671.59,600.0,450.0,600.0
376,2,ZONE_FACULTY_CLIMATE,2,IntermediateFloor,SM_FC_Mid_Academic_Lab_12x12,11485.09,56127.49,2271.59,400.0,320.0,400.0
376,2,ZONE_FACULTY_CLIMATE,3,Roof,SM_FC_Roof_BioDome_12x12,11485.09,56127.49,2671.59,800.0,180.0,300.0
377,2,ZONE_FACULTY_CLIMATE,0,Foundation,SM_FC_Foundation_SlopeCompensated_12x12,4594.03,56127.49,3208.17,400.0,850.0,1200.0
377,2,ZONE_FACULTY_CLIMATE,1,GroundFloor,SM_FC_Ground_Lobby_Transit_12x12,4594.03,56127.49,3608.17,600.0,450.0,600.0
377,2,ZONE_FACULTY_CLIMATE,2,IntermediateFloor,SM_FC_Mid_Academic_Lab_12x12,4594.03,56127.49,4208.17,400.0,320.0,400.0
377,2,ZONE_FACULTY_CLIMATE,3,IntermediateFloor,SM_FC_Mid_Faculty_Chambers_12x12,4594.03,56127.49,4608.17,400.0,280.0,400.0
377,2,ZONE_FACULTY_CLIMATE,4,IntermediateFloor,SM_FC_Mid_Academic_Lab_12x12,4594.03,56127.49,5008.17,400.0,320.0,400.0
377,2,ZONE_FACULTY_CLIMATE,5,IntermediateFloor,SM_FC_Mid_Faculty_Chambers_12x12,4594.03,56127.49,5408.17,400.0,280.0,400.0
377,2,ZONE_FACULTY_CLIMATE,6,IntermediateFloor,SM_FC_Mid_Academic_Lab_12x12,4594.03,56127.49,5808.17,400.0,320.0,400.0
377,2,ZONE_FACULTY_CLIMATE,7,IntermediateFloor,SM_FC_Mid_Faculty_Chambers_12x12,4594.03,56127.49,6208.17,400.0,280.0,400.0
377,2,ZONE_FACULTY_CLIMATE,8,Roof,SM_FC_Roof_BioDome_12x12,4594.03,56127.49,6608.17,800.0,180.0,300.0
378,2,ZONE_FACULTY_CLIMATE,0,Foundation,SM_FC_Foundation_SlopeCompensated_12x12,-2297.02,56127.49,3639.72,400.0,850.0,1200.0
378,2,ZONE_FACULTY_CLIMATE,1,GroundFloor,SM_FC_Ground_Lobby_Transit_12x12,-2297.02,56127.49,4039.72,600.0,450.0,600.0
378,2,ZONE_FACULTY_CLIMATE,2,IntermediateFloor,SM_FC_Mid_Academic_Lab_12x12,-2297.02,56127.49,4639.72,400.0,320.0,400.0
378,2,ZONE_FACULTY_CLIMATE,3,Roof,SM_FC_Roof_BioDome_12x12,-2297.02,56127.49,5039.72,800.0,180.0,300.0
379,2,ZONE_FACULTY_CLIMATE,0,Foundation,SM_FC_Foundation_SlopeCompensated_12x12,-9188.07,56127.49,2024.1,400.0,850.0,1200.0
379,2,ZONE_FACULTY_CLIMATE,1,GroundFloor,SM_FC_Ground_Lobby_Transit_12x12,-9188.07,56127.49,2424.1,600.0,450.0,600.0
379,2,ZONE_FACULTY_CLIMATE,2,IntermediateFloor,SM_FC_Mid_Academic_Lab_12x12,-9188.07,56127.49,3024.1,400.0,320.0,400.0
379,2,ZONE_FACULTY_CLIMATE,3,Roof,SM_FC_Roof_BioDome_12x12,-9188.07,56127.49,3424.1,800.0,180.0,300.0
380,2,ZONE_FACULTY_CLIMATE,0,Foundation,SM_FC_Foundation_SlopeCompensated_12x12,-16079.12,56127.49,-554.39,400.0,850.0,1200.0
380,2,ZONE_FACULTY_CLIMATE,1,GroundFloor,SM_FC_Ground_Lobby_Transit_12x12,-16079.12,56127.49,-154.39,600.0,450.0,600.0
380,2,ZONE_FACULTY_CLIMATE,2,IntermediateFloor,SM_FC_Mid_Academic_Lab_12x12,-16079.12,56127.49,445.61,400.0,320.0,400.0
380,2,ZONE_FACULTY_CLIMATE,3,IntermediateFloor,SM_FC_Mid_Faculty_Chambers_12x12,-16079.12,56127.49,845.61,400.0,280.0,400.0
380,2,ZONE_FACULTY_CLIMATE,4,IntermediateFloor,SM_FC_Mid_Academic_Lab_12x12,-16079.12,56127.49,1245.61,400.0,320.0,400.0
380,2,ZONE_FACULTY_CLIMATE,5,Roof,SM_FC_Roof_BioDome_12x12,-16079.12,56127.49,1645.61,800.0,180.0,300.0
381,2,ZONE_FACULTY_CLIMATE,0,Foundation,SM_FC_Foundation_SlopeCompensated_12x12,15252.47,59291.14,-457.2,400.0,850.0,1200.0
381,2,ZONE_FACULTY_CLIMATE,1,GroundFloor,SM_FC_Ground_Lobby_Transit_12x12,15252.47,59291.14,-57.2,600.0,450.0,600.0
381,2,ZONE_FACULTY_CLIMATE,2,IntermediateFloor,SM_FC_Mid_Academic_Lab_12x12,15252.47,59291.14,542.8,400.0,320.0,400.0
381,2,ZONE_FACULTY_CLIMATE,3,IntermediateFloor,SM_FC_Mid_Faculty_Chambers_12x12,15252.47,59291.14,942.8,400.0,280.0,400.0
381,2,ZONE_FACULTY_CLIMATE,4,IntermediateFloor,SM_FC_Mid_Academic_Lab_12x12,15252.47,59291.14,1342.8,400.0,320.0,400.0
381,2,ZONE_FACULTY_CLIMATE,5,IntermediateFloor,SM_FC_Mid_Faculty_Chambers_12x12,15252.47,59291.14,1742.8,400.0,280.0,400.0
381,2,ZONE_FACULTY_CLIMATE,6,IntermediateFloor,SM_FC_Mid_Academic_Lab_12x12,15252.47,59291.14,2142.8,400.0,320.0,400.0
381,2,ZONE_FACULTY_CLIMATE,7,IntermediateFloor,SM_FC_Mid_Faculty_Chambers_12x12,15252.47,59291.14,2542.8,400.0,280.0,400.0
381,2,ZONE_FACULTY_CLIMATE,8,Roof,SM_FC_Roof_BioDome_12x12,15252.47,59291.14,2942.8,800.0,180.0,300.0
382,2,ZONE_FACULTY_CLIMATE,0,Foundation,SM_FC_Foundation_SlopeCompensated_12x12,8715.7,59291.14,2159.67,400.0,850.0,1200.0
382,2,ZONE_FACULTY_CLIMATE,1,GroundFloor,SM_FC_Ground_Lobby_Transit_12x12,8715.7,59291.14,2559.67,600.0,450.0,600.0
382,2,ZONE_FACULTY_CLIMATE,2,IntermediateFloor,SM_FC_Mid_Academic_Lab_12x12,8715.7,59291.14,3159.67,400.0,320.0,400.0
382,2,ZONE_FACULTY_CLIMATE,3,IntermediateFloor,SM_FC_Mid_Faculty_Chambers_12x12,8715.7,59291.14,3559.67,400.0,280.0,400.0
382,2,ZONE_FACULTY_CLIMATE,4,IntermediateFloor,SM_FC_Mid_Academic_Lab_12x12,8715.7,59291.14,3959.67,400.0,320.0,400.0
382,2,ZONE_FACULTY_CLIMATE,5,IntermediateFloor,SM_FC_Mid_Faculty_Chambers_12x12,8715.7,59291.14,4359.67,400.0,280.0,400.0
382,2,ZONE_FACULTY_CLIMATE,6,IntermediateFloor,SM_FC_Mid_Academic_Lab_12x12,8715.7,59291.14,4759.67,400.0,320.0,400.0
382,2,ZONE_FACULTY_CLIMATE,7,Roof,SM_FC_Roof_BioDome_12x12,8715.7,59291.14,5159.67,800.0,180.0,300.0
383,2,ZONE_FACULTY_CLIMATE,0,Foundation,SM_FC_Foundation_SlopeCompensated_12x12,2178.92,59291.14,3797.54,400.0,850.0,1200.0
383,2,ZONE_FACULTY_CLIMATE,1,GroundFloor,SM_FC_Ground_Lobby_Transit_12x12,2178.92,59291.14,4197.54,600.0,450.0,600.0
383,2,ZONE_FACULTY_CLIMATE,2,IntermediateFloor,SM_FC_Mid_Academic_Lab_12x12,2178.92,59291.14,4797.54,400.0,320.0,400.0
383,2,ZONE_FACULTY_CLIMATE,3,IntermediateFloor,SM_FC_Mid_Faculty_Chambers_12x12,2178.92,59291.14,5197.54,400.0,280.0,400.0
383,2,ZONE_FACULTY_CLIMATE,4,IntermediateFloor,SM_FC_Mid_Academic_Lab_12x12,2178.92,59291.14,5597.54,400.0,320.0,400.0
383,2,ZONE_FACULTY_CLIMATE,5,IntermediateFloor,SM_FC_Mid_Faculty_Chambers_12x12,2178.92,59291.14,5997.54,400.0,280.0,400.0
383,2,ZONE_FACULTY_CLIMATE,6,IntermediateFloor,SM_FC_Mid_Academic_Lab_12x12,2178.92,59291.14,6397.54,400.0,320.0,400.0
383,2,ZONE_FACULTY_CLIMATE,7,Roof,SM_FC_Roof_BioDome_12x12,2178.92,59291.14,6797.54,800.0,180.0,300.0
384,2,ZONE_FACULTY_CLIMATE,0,Foundation,SM_FC_Foundation_SlopeCompensated_12x12,-4357.85,59291.14,3360.36,400.0,850.0,1200.0
384,2,ZONE_FACULTY_CLIMATE,1,GroundFloor,SM_FC_Ground_Lobby_Transit_12x12,-4357.85,59291.14,3760.36,600.0,450.0,600.0
384,2,ZONE_FACULTY_CLIMATE,2,IntermediateFloor,SM_FC_Mid_Academic_Lab_12x12,-4357.85,59291.14,4360.36,400.0,320.0,400.0
384,2,ZONE_FACULTY_CLIMATE,3,IntermediateFloor,SM_FC_Mid_Faculty_Chambers_12x12,-4357.85,59291.14,4760.36,400.0,280.0,400.0
384,2,ZONE_FACULTY_CLIMATE,4,IntermediateFloor,SM_FC_Mid_Academic_Lab_12x12,-4357.85,59291.14,5160.36,400.0,320.0,400.0
384,2,ZONE_FACULTY_CLIMATE,5,IntermediateFloor,SM_FC_Mid_Faculty_Chambers_12x12,-4357.85,59291.14,5560.36,400.0,280.0,400.0
384,2,ZONE_FACULTY_CLIMATE,6,IntermediateFloor,SM_FC_Mid_Academic_Lab_12x12,-4357.85,59291.14,5960.36,400.0,320.0,400.0
384,2,ZONE_FACULTY_CLIMATE,7,Roof,SM_FC_Roof_BioDome_12x12,-4357.85,59291.14,6360.36,800.0,180.0,300.0
385,2,ZONE_FACULTY_CLIMATE,0,Foundation,SM_FC_Foundation_SlopeCompensated_12x12,-10894.62,59291.14,1396.15,400.0,850.0,1200.0
385,2,ZONE_FACULTY_CLIMATE,1,GroundFloor,SM_FC_Ground_Lobby_Transit_12x12,-10894.62,59291.14,1796.15,600.0,450.0,600.0
385,2,ZONE_FACULTY_CLIMATE,2,IntermediateFloor,SM_FC_Mid_Academic_Lab_12x12,-10894.62,59291.14,2396.15,400.0,320.0,400.0
385,2,ZONE_FACULTY_CLIMATE,3,IntermediateFloor,SM_FC_Mid_Faculty_Chambers_12x12,-10894.62,59291.14,2796.15,400.0,280.0,400.0
385,2,ZONE_FACULTY_CLIMATE,4,IntermediateFloor,SM_FC_Mid_Academic_Lab_12x12,-10894.62,59291.14,3196.15,400.0,320.0,400.0
385,2,ZONE_FACULTY_CLIMATE,5,IntermediateFloor,SM_FC_Mid_Faculty_Chambers_12x12,-10894.62,59291.14,3596.15,400.0,280.0,400.0
385,2,ZONE_FACULTY_CLIMATE,6,IntermediateFloor,SM_FC_Mid_Academic_Lab_12x12,-10894.62,59291.14,3996.15,400.0,320.0,400.0
385,2,ZONE_FACULTY_CLIMATE,7,IntermediateFloor,SM_FC_Mid_Faculty_Chambers_12x12,-10894.62,59291.14,4396.15,400.0,280.0,400.0
385,2,ZONE_FACULTY_CLIMATE,8,Roof,SM_FC_Roof_BioDome_12x12,-10894.62,59291.14,4796.15,800.0,180.0,300.0
386,2,ZONE_FACULTY_CLIMATE,0,Foundation,SM_FC_Foundation_SlopeCompensated_12x12,12300.68,62454.79,653.17,400.0,850.0,1200.0
386,2,ZONE_FACULTY_CLIMATE,1,GroundFloor,SM_FC_Ground_Lobby_Transit_12x12,12300.68,62454.79,1053.17,600.0,450.0,600.0
386,2,ZONE_FACULTY_CLIMATE,2,IntermediateFloor,SM_FC_Mid_Academic_Lab_12x12,12300.68,62454.79,1653.17,400.0,320.0,400.0
386,2,ZONE_FACULTY_CLIMATE,3,IntermediateFloor,SM_FC_Mid_Faculty_Chambers_12x12,12300.68,62454.79,2053.17,400.0,280.0,400.0
386,2,ZONE_FACULTY_CLIMATE,4,IntermediateFloor,SM_FC_Mid_Academic_Lab_12x12,12300.68,62454.79,2453.17,400.0,320.0,400.0
386,2,ZONE_FACULTY_CLIMATE,5,IntermediateFloor,SM_FC_Mid_Faculty_Chambers_12x12,12300.68,62454.79,2853.17,400.0,280.0,400.0
386,2,ZONE_FACULTY_CLIMATE,6,IntermediateFloor,SM_FC_Mid_Academic_Lab_12x12,12300.68,62454.79,3253.17,400.0,320.0,400.0
386,2,ZONE_FACULTY_CLIMATE,7,IntermediateFloor,SM_FC_Mid_Faculty_Chambers_12x12,12300.68,62454.79,3653.17,400.0,280.0,400.0
386,2,ZONE_FACULTY_CLIMATE,8,Roof,SM_FC_Roof_BioDome_12x12,12300.68,62454.79,4053.17,800.0,180.0,300.0
387,2,ZONE_FACULTY_CLIMATE,0,Foundation,SM_FC_Foundation_SlopeCompensated_12x12,6150.34,62454.79,2954.73,400.0,850.0,1200.0
387,2,ZONE_FACULTY_CLIMATE,1,GroundFloor,SM_FC_Ground_Lobby_Transit_12x12,6150.34,62454.79,3354.73,600.0,450.0,600.0
387,2,ZONE_FACULTY_CLIMATE,2,IntermediateFloor,SM_FC_Mid_Academic_Lab_12x12,6150.34,62454.79,3954.73,400.0,320.0,400.0
387,2,ZONE_FACULTY_CLIMATE,3,IntermediateFloor,SM_FC_Mid_Faculty_Chambers_12x12,6150.34,62454.79,4354.73,400.0,280.0,400.0
387,2,ZONE_FACULTY_CLIMATE,4,IntermediateFloor,SM_FC_Mid_Academic_Lab_12x12,6150.34,62454.79,4754.73,400.0,320.0,400.0
387,2,ZONE_FACULTY_CLIMATE,5,IntermediateFloor,SM_FC_Mid_Faculty_Chambers_12x12,6150.34,62454.79,5154.73,400.0,280.0,400.0
387,2,ZONE_FACULTY_CLIMATE,6,IntermediateFloor,SM_FC_Mid_Academic_Lab_12x12,6150.34,62454.79,5554.73,400.0,320.0,400.0
387,2,ZONE_FACULTY_CLIMATE,7,Roof,SM_FC_Roof_BioDome_12x12,6150.34,62454.79,5954.73,800.0,180.0,300.0
388,2,ZONE_FACULTY_CLIMATE,0,Foundation,SM_FC_Foundation_SlopeCompensated_12x12,0.0,62454.79,4271.92,400.0,850.0,1200.0
388,2,ZONE_FACULTY_CLIMATE,1,GroundFloor,SM_FC_Ground_Lobby_Transit_12x12,0.0,62454.79,4671.92,600.0,450.0,600.0
388,2,ZONE_FACULTY_CLIMATE,2,IntermediateFloor,SM_FC_Mid_Academic_Lab_12x12,0.0,62454.79,5271.92,400.0,320.0,400.0
388,2,ZONE_FACULTY_CLIMATE,3,IntermediateFloor,SM_FC_Mid_Faculty_Chambers_12x12,0.0,62454.79,5671.92,400.0,280.0,400.0
388,2,ZONE_FACULTY_CLIMATE,4,IntermediateFloor,SM_FC_Mid_Academic_Lab_12x12,0.0,62454.79,6071.92,400.0,320.0,400.0
388,2,ZONE_FACULTY_CLIMATE,5,IntermediateFloor,SM_FC_Mid_Faculty_Chambers_12x12,0.0,62454.79,6471.92,400.0,280.0,400.0
388,2,ZONE_FACULTY_CLIMATE,6,IntermediateFloor,SM_FC_Mid_Academic_Lab_12x12,0.0,62454.79,6871.92,400.0,320.0,400.0
388,2,ZONE_FACULTY_CLIMATE,7,Roof,SM_FC_Roof_BioDome_12x12,0.0,62454.79,7271.92,800.0,180.0,300.0
389,2,ZONE_FACULTY_CLIMATE,0,Foundation,SM_FC_Foundation_SlopeCompensated_12x12,-6150.34,62454.79,2954.73,400.0,850.0,1200.0
389,2,ZONE_FACULTY_CLIMATE,1,GroundFloor,SM_FC_Ground_Lobby_Transit_12x12,-6150.34,62454.79,3354.73,600.0,450.0,600.0
389,2,ZONE_FACULTY_CLIMATE,2,IntermediateFloor,SM_FC_Mid_Academic_Lab_12x12,-6150.34,62454.79,3954.73,400.0,320.0,400.0
389,2,ZONE_FACULTY_CLIMATE,3,IntermediateFloor,SM_FC_Mid_Faculty_Chambers_12x12,-6150.34,62454.79,4354.73,400.0,280.0,400.0
389,2,ZONE_FACULTY_CLIMATE,4,IntermediateFloor,SM_FC_Mid_Academic_Lab_12x12,-6150.34,62454.79,4754.73,400.0,320.0,400.0
389,2,ZONE_FACULTY_CLIMATE,5,IntermediateFloor,SM_FC_Mid_Faculty_Chambers_12x12,-6150.34,62454.79,5154.73,400.0,280.0,400.0
389,2,ZONE_FACULTY_CLIMATE,6,IntermediateFloor,SM_FC_Mid_Academic_Lab_12x12,-6150.34,62454.79,5554.73,400.0,320.0,400.0
389,2,ZONE_FACULTY_CLIMATE,7,Roof,SM_FC_Roof_BioDome_12x12,-6150.34,62454.79,5954.73,800.0,180.0,300.0
390,2,ZONE_FACULTY_CLIMATE,0,Foundation,SM_FC_Foundation_SlopeCompensated_12x12,-12300.68,62454.79,653.17,400.0,850.0,1200.0
390,2,ZONE_FACULTY_CLIMATE,1,GroundFloor,SM_FC_Ground_Lobby_Transit_12x12,-12300.68,62454.79,1053.17,600.0,450.0,600.0
390,2,ZONE_FACULTY_CLIMATE,2,IntermediateFloor,SM_FC_Mid_Academic_Lab_12x12,-12300.68,62454.79,1653.17,400.0,320.0,400.0
390,2,ZONE_FACULTY_CLIMATE,3,IntermediateFloor,SM_FC_Mid_Faculty_Chambers_12x12,-12300.68,62454.79,2053.17,400.0,280.0,400.0
390,2,ZONE_FACULTY_CLIMATE,4,IntermediateFloor,SM_FC_Mid_Academic_Lab_12x12,-12300.68,62454.79,2453.17,400.0,320.0,400.0
390,2,ZONE_FACULTY_CLIMATE,5,Roof,SM_FC_Roof_BioDome_12x12,-12300.68,62454.79,2853.17,800.0,180.0,300.0
391,2,ZONE_FACULTY_CLIMATE,0,Foundation,SM_FC_Foundation_SlopeCompensated_12x12,9564.03,65618.44,1672.41,400.0,850.0,1200.0
391,2,ZONE_FACULTY_CLIMATE,1,GroundFloor,SM_FC_Ground_Lobby_Transit_12x12,9564.03,65618.44,2072.41,600.0,450.0,600.0
391,2,ZONE_FACULTY_CLIMATE,2,IntermediateFloor,SM_FC_Mid_Academic_Lab_12x12,9564.03,65618.44,2672.41,400.0,320.0,400.0
391,2,ZONE_FACULTY_CLIMATE,3,IntermediateFloor,SM_FC_Mid_Faculty_Chambers_12x12,9564.03,65618.44,3072.41,400.0,280.0,400.0
391,2,ZONE_FACULTY_CLIMATE,4,IntermediateFloor,SM_FC_Mid_Academic_Lab_12x12,9564.03,65618.44,3472.41,400.0,320.0,400.0
391,2,ZONE_FACULTY_CLIMATE,5,IntermediateFloor,SM_FC_Mid_Faculty_Chambers_12x12,9564.03,65618.44,3872.41,400.0,280.0,400.0
391,2,ZONE_FACULTY_CLIMATE,6,IntermediateFloor,SM_FC_Mid_Academic_Lab_12x12,9564.03,65618.44,4272.41,400.0,320.0,400.0
391,2,ZONE_FACULTY_CLIMATE,7,IntermediateFloor,SM_FC_Mid_Faculty_Chambers_12x12,9564.03,65618.44,4672.41,400.0,280.0,400.0
391,2,ZONE_FACULTY_CLIMATE,8,Roof,SM_FC_Roof_BioDome_12x12,9564.03,65618.44,5072.41,800.0,180.0,300.0
392,2,ZONE_FACULTY_CLIMATE,0,Foundation,SM_FC_Foundation_SlopeCompensated_12x12,3825.61,65618.44,3636.62,400.0,850.0,1200.0
392,2,ZONE_FACULTY_CLIMATE,1,GroundFloor,SM_FC_Ground_Lobby_Transit_12x12,3825.61,65618.44,4036.62,600.0,450.0,600.0
392,2,ZONE_FACULTY_CLIMATE,2,IntermediateFloor,SM_FC_Mid_Academic_Lab_12x12,3825.61,65618.44,4636.62,400.0,320.0,400.0
392,2,ZONE_FACULTY_CLIMATE,3,IntermediateFloor,SM_FC_Mid_Faculty_Chambers_12x12,3825.61,65618.44,5036.62,400.0,280.0,400.0
392,2,ZONE_FACULTY_CLIMATE,4,IntermediateFloor,SM_FC_Mid_Academic_Lab_12x12,3825.61,65618.44,5436.62,400.0,320.0,400.0
392,2,ZONE_FACULTY_CLIMATE,5,IntermediateFloor,SM_FC_Mid_Faculty_Chambers_12x12,3825.61,65618.44,5836.62,400.0,280.0,400.0
392,2,ZONE_FACULTY_CLIMATE,6,IntermediateFloor,SM_FC_Mid_Academic_Lab_12x12,3825.61,65618.44,6236.62,400.0,320.0,400.0
392,2,ZONE_FACULTY_CLIMATE,7,Roof,SM_FC_Roof_BioDome_12x12,3825.61,65618.44,6636.62,800.0,180.0,300.0
393,2,ZONE_FACULTY_CLIMATE,0,Foundation,SM_FC_Foundation_SlopeCompensated_12x12,-1912.81,65618.44,4073.8,400.0,850.0,1200.0
393,2,ZONE_FACULTY_CLIMATE,1,GroundFloor,SM_FC_Ground_Lobby_Transit_12x12,-1912.81,65618.44,4473.8,600.0,450.0,600.0
393,2,ZONE_FACULTY_CLIMATE,2,IntermediateFloor,SM_FC_Mid_Academic_Lab_12x12,-1912.81,65618.44,5073.8,400.0,320.0,400.0
393,2,ZONE_FACULTY_CLIMATE,3,IntermediateFloor,SM_FC_Mid_Faculty_Chambers_12x12,-1912.81,65618.44,5473.8,400.0,280.0,400.0
393,2,ZONE_FACULTY_CLIMATE,4,Roof,SM_FC_Roof_BioDome_12x12,-1912.81,65618.44,5873.8,800.0,180.0,300.0
394,2,ZONE_FACULTY_CLIMATE,0,Foundation,SM_FC_Foundation_SlopeCompensated_12x12,-7651.22,65618.44,2435.92,400.0,850.0,1200.0
394,2,ZONE_FACULTY_CLIMATE,1,GroundFloor,SM_FC_Ground_Lobby_Transit_12x12,-7651.22,65618.44,2835.92,600.0,450.0,600.0
394,2,ZONE_FACULTY_CLIMATE,2,IntermediateFloor,SM_FC_Mid_Academic_Lab_12x12,-7651.22,65618.44,3435.92,400.0,320.0,400.0
394,2,ZONE_FACULTY_CLIMATE,3,IntermediateFloor,SM_FC_Mid_Faculty_Chambers_12x12,-7651.22,65618.44,3835.92,400.0,280.0,400.0
394,2,ZONE_FACULTY_CLIMATE,4,IntermediateFloor,SM_FC_Mid_Academic_Lab_12x12,-7651.22,65618.44,4235.92,400.0,320.0,400.0
394,2,ZONE_FACULTY_CLIMATE,5,IntermediateFloor,SM_FC_Mid_Faculty_Chambers_12x12,-7651.22,65618.44,4635.92,400.0,280.0,400.0
394,2,ZONE_FACULTY_CLIMATE,6,Roof,SM_FC_Roof_BioDome_12x12,-7651.22,65618.44,5035.92,800.0,180.0,300.0
395,2,ZONE_FACULTY_CLIMATE,0,Foundation,SM_FC_Foundation_SlopeCompensated_12x12,-13389.64,65618.44,-180.94,400.0,850.0,1200.0
395,2,ZONE_FACULTY_CLIMATE,1,GroundFloor,SM_FC_Ground_Lobby_Transit_12x12,-13389.64,65618.44,219.06,600.0,450.0,600.0
395,2,ZONE_FACULTY_CLIMATE,2,IntermediateFloor,SM_FC_Mid_Academic_Lab_12x12,-13389.64,65618.44,819.06,400.0,320.0,400.0
395,2,ZONE_FACULTY_CLIMATE,3,IntermediateFloor,SM_FC_Mid_Faculty_Chambers_12x12,-13389.64,65618.44,1219.06,400.0,280.0,400.0
395,2,ZONE_FACULTY_CLIMATE,4,IntermediateFloor,SM_FC_Mid_Academic_Lab_12x12,-13389.64,65618.44,1619.06,400.0,320.0,400.0
395,2,ZONE_FACULTY_CLIMATE,5,Roof,SM_FC_Roof_BioDome_12x12,-13389.64,65618.44,2019.06,800.0,180.0,300.0
396,2,ZONE_FACULTY_CLIMATE,0,Foundation,SM_FC_Foundation_SlopeCompensated_12x12,12382.95,68782.1,-1.87,400.0,850.0,1200.0
396,2,ZONE_FACULTY_CLIMATE,1,GroundFloor,SM_FC_Ground_Lobby_Transit_12x12,12382.95,68782.1,398.13,600.0,450.0,600.0
396,2,ZONE_FACULTY_CLIMATE,2,IntermediateFloor,SM_FC_Mid_Academic_Lab_12x12,12382.95,68782.1,998.13,400.0,320.0,400.0
396,2,ZONE_FACULTY_CLIMATE,3,IntermediateFloor,SM_FC_Mid_Faculty_Chambers_12x12,12382.95,68782.1,1398.13,400.0,280.0,400.0
396,2,ZONE_FACULTY_CLIMATE,4,IntermediateFloor,SM_FC_Mid_Academic_Lab_12x12,12382.95,68782.1,1798.13,400.0,320.0,400.0
396,2,ZONE_FACULTY_CLIMATE,5,Roof,SM_FC_Roof_BioDome_12x12,12382.95,68782.1,2198.13,800.0,180.0,300.0
397,2,ZONE_FACULTY_CLIMATE,0,Foundation,SM_FC_Foundation_SlopeCompensated_12x12,7075.97,68782.1,2576.61,400.0,850.0,1200.0
397,2,ZONE_FACULTY_CLIMATE,1,GroundFloor,SM_FC_Ground_Lobby_Transit_12x12,7075.97,68782.1,2976.61,600.0,450.0,600.0
397,2,ZONE_FACULTY_CLIMATE,2,IntermediateFloor,SM_FC_Mid_Academic_Lab_12x12,7075.97,68782.1,3576.61,400.0,320.0,400.0
397,2,ZONE_FACULTY_CLIMATE,3,IntermediateFloor,SM_FC_Mid_Faculty_Chambers_12x12,7075.97,68782.1,3976.61,400.0,280.0,400.0
397,2,ZONE_FACULTY_CLIMATE,4,IntermediateFloor,SM_FC_Mid_Academic_Lab_12x12,7075.97,68782.1,4376.61,400.0,320.0,400.0
397,2,ZONE_FACULTY_CLIMATE,5,IntermediateFloor,SM_FC_Mid_Faculty_Chambers_12x12,7075.97,68782.1,4776.61,400.0,280.0,400.0
397,2,ZONE_FACULTY_CLIMATE,6,IntermediateFloor,SM_FC_Mid_Academic_Lab_12x12,7075.97,68782.1,5176.61,400.0,320.0,400.0
397,2,ZONE_FACULTY_CLIMATE,7,Roof,SM_FC_Roof_BioDome_12x12,7075.97,68782.1,5576.61,800.0,180.0,300.0
398,2,ZONE_FACULTY_CLIMATE,0,Foundation,SM_FC_Foundation_SlopeCompensated_12x12,1768.99,68782.1,4192.24,400.0,850.0,1200.0
398,2,ZONE_FACULTY_CLIMATE,1,GroundFloor,SM_FC_Ground_Lobby_Transit_12x12,1768.99,68782.1,4592.24,600.0,450.0,600.0
398,2,ZONE_FACULTY_CLIMATE,2,IntermediateFloor,SM_FC_Mid_Academic_Lab_12x12,1768.99,68782.1,5192.24,400.0,320.0,400.0
398,2,ZONE_FACULTY_CLIMATE,3,Roof,SM_FC_Roof_BioDome_12x12,1768.99,68782.1,5592.24,800.0,180.0,300.0
399,2,ZONE_FACULTY_CLIMATE,0,Foundation,SM_FC_Foundation_SlopeCompensated_12x12,-3537.99,68782.1,3760.68,400.0,850.0,1200.0
399,2,ZONE_FACULTY_CLIMATE,1,GroundFloor,SM_FC_Ground_Lobby_Transit_12x12,-3537.99,68782.1,4160.68,600.0,450.0,600.0
399,2,ZONE_FACULTY_CLIMATE,2,IntermediateFloor,SM_FC_Mid_Academic_Lab_12x12,-3537.99,68782.1,4760.68,400.0,320.0,400.0
399,2,ZONE_FACULTY_CLIMATE,3,IntermediateFloor,SM_FC_Mid_Faculty_Chambers_12x12,-3537.99,68782.1,5160.68,400.0,280.0,400.0
399,2,ZONE_FACULTY_CLIMATE,4,IntermediateFloor,SM_FC_Mid_Academic_Lab_12x12,-3537.99,68782.1,5560.68,400.0,320.0,400.0
399,2,ZONE_FACULTY_CLIMATE,5,IntermediateFloor,SM_FC_Mid_Faculty_Chambers_12x12,-3537.99,68782.1,5960.68,400.0,280.0,400.0
399,2,ZONE_FACULTY_CLIMATE,6,Roof,SM_FC_Roof_BioDome_12x12,-3537.99,68782.1,6360.68,800.0,180.0,300.0
400,2,ZONE_FACULTY_CLIMATE,0,Foundation,SM_FC_Foundation_SlopeCompensated_12x12,-8844.97,68782.1,1824.1,400.0,850.0,1200.0
400,2,ZONE_FACULTY_CLIMATE,1,GroundFloor,SM_FC_Ground_Lobby_Transit_12x12,-8844.97,68782.1,2224.1,600.0,450.0,600.0
400,2,ZONE_FACULTY_CLIMATE,2,IntermediateFloor,SM_FC_Mid_Academic_Lab_12x12,-8844.97,68782.1,2824.1,400.0,320.0,400.0
400,2,ZONE_FACULTY_CLIMATE,3,IntermediateFloor,SM_FC_Mid_Faculty_Chambers_12x12,-8844.97,68782.1,3224.1,400.0,280.0,400.0
400,2,ZONE_FACULTY_CLIMATE,4,Roof,SM_FC_Roof_BioDome_12x12,-8844.97,68782.1,3624.1,800.0,180.0,300.0
401,2,ZONE_FACULTY_CLIMATE,0,Foundation,SM_FC_Foundation_SlopeCompensated_12x12,9722.78,71945.75,1146.26,400.0,850.0,1200.0
401,2,ZONE_FACULTY_CLIMATE,1,GroundFloor,SM_FC_Ground_Lobby_Transit_12x12,9722.78,71945.75,1546.26,600.0,450.0,600.0
401,2,ZONE_FACULTY_CLIMATE,2,IntermediateFloor,SM_FC_Mid_Academic_Lab_12x12,9722.78,71945.75,2146.26,400.0,320.0,400.0
401,2,ZONE_FACULTY_CLIMATE,3,IntermediateFloor,SM_FC_Mid_Faculty_Chambers_12x12,9722.78,71945.75,2546.26,400.0,280.0,400.0
401,2,ZONE_FACULTY_CLIMATE,4,IntermediateFloor,SM_FC_Mid_Academic_Lab_12x12,9722.78,71945.75,2946.26,400.0,320.0,400.0
401,2,ZONE_FACULTY_CLIMATE,5,IntermediateFloor,SM_FC_Mid_Faculty_Chambers_12x12,9722.78,71945.75,3346.26,400.0,280.0,400.0
401,2,ZONE_FACULTY_CLIMATE,6,Roof,SM_FC_Roof_BioDome_12x12,9722.78,71945.75,3746.26,800.0,180.0,300.0
402,2,ZONE_FACULTY_CLIMATE,0,Foundation,SM_FC_Foundation_SlopeCompensated_12x12,4861.39,71945.75,3349.08,400.0,850.0,1200.0
402,2,ZONE_FACULTY_CLIMATE,1,GroundFloor,SM_FC_Ground_Lobby_Transit_12x12,4861.39,71945.75,3749.08,600.0,450.0,600.0
402,2,ZONE_FACULTY_CLIMATE,2,IntermediateFloor,SM_FC_Mid_Academic_Lab_12x12,4861.39,71945.75,4349.08,400.0,320.0,400.0
402,2,ZONE_FACULTY_CLIMATE,3,IntermediateFloor,SM_FC_Mid_Faculty_Chambers_12x12,4861.39,71945.75,4749.08,400.0,280.0,400.0
402,2,ZONE_FACULTY_CLIMATE,4,IntermediateFloor,SM_FC_Mid_Academic_Lab_12x12,4861.39,71945.75,5149.08,400.0,320.0,400.0
402,2,ZONE_FACULTY_CLIMATE,5,IntermediateFloor,SM_FC_Mid_Faculty_Chambers_12x12,4861.39,71945.75,5549.08,400.0,280.0,400.0
402,2,ZONE_FACULTY_CLIMATE,6,IntermediateFloor,SM_FC_Mid_Academic_Lab_12x12,4861.39,71945.75,5949.08,400.0,320.0,400.0
402,2,ZONE_FACULTY_CLIMATE,7,IntermediateFloor,SM_FC_Mid_Faculty_Chambers_12x12,4861.39,71945.75,6349.08,400.0,280.0,400.0
402,2,ZONE_FACULTY_CLIMATE,8,Roof,SM_FC_Roof_BioDome_12x12,4861.39,71945.75,6749.08,800.0,180.0,300.0
403,2,ZONE_FACULTY_CLIMATE,0,Foundation,SM_FC_Foundation_SlopeCompensated_12x12,0.0,71945.75,4615.7,400.0,850.0,1200.0
403,2,ZONE_FACULTY_CLIMATE,1,GroundFloor,SM_FC_Ground_Lobby_Transit_12x12,0.0,71945.75,5015.7,600.0,450.0,600.0
403,2,ZONE_FACULTY_CLIMATE,2,IntermediateFloor,SM_FC_Mid_Academic_Lab_12x12,0.0,71945.75,5615.7,400.0,320.0,400.0
403,2,ZONE_FACULTY_CLIMATE,3,IntermediateFloor,SM_FC_Mid_Faculty_Chambers_12x12,0.0,71945.75,6015.7,400.0,280.0,400.0
403,2,ZONE_FACULTY_CLIMATE,4,IntermediateFloor,SM_FC_Mid_Academic_Lab_12x12,0.0,71945.75,6415.7,400.0,320.0,400.0
403,2,ZONE_FACULTY_CLIMATE,5,Roof,SM_FC_Roof_BioDome_12x12,0.0,71945.75,6815.7,800.0,180.0,300.0
404,2,ZONE_FACULTY_CLIMATE,0,Foundation,SM_FC_Foundation_SlopeCompensated_12x12,-4861.39,71945.75,3349.08,400.0,850.0,1200.0
404,2,ZONE_FACULTY_CLIMATE,1,GroundFloor,SM_FC_Ground_Lobby_Transit_12x12,-4861.39,71945.75,3749.08,600.0,450.0,600.0
404,2,ZONE_FACULTY_CLIMATE,2,IntermediateFloor,SM_FC_Mid_Academic_Lab_12x12,-4861.39,71945.75,4349.08,400.0,320.0,400.0
404,2,ZONE_FACULTY_CLIMATE,3,IntermediateFloor,SM_FC_Mid_Faculty_Chambers_12x12,-4861.39,71945.75,4749.08,400.0,280.0,400.0
404,2,ZONE_FACULTY_CLIMATE,4,IntermediateFloor,SM_FC_Mid_Academic_Lab_12x12,-4861.39,71945.75,5149.08,400.0,320.0,400.0
404,2,ZONE_FACULTY_CLIMATE,5,IntermediateFloor,SM_FC_Mid_Faculty_Chambers_12x12,-4861.39,71945.75,5549.08,400.0,280.0,400.0
404,2,ZONE_FACULTY_CLIMATE,6,IntermediateFloor,SM_FC_Mid_Academic_Lab_12x12,-4861.39,71945.75,5949.08,400.0,320.0,400.0
404,2,ZONE_FACULTY_CLIMATE,7,IntermediateFloor,SM_FC_Mid_Faculty_Chambers_12x12,-4861.39,71945.75,6349.08,400.0,280.0,400.0
404,2,ZONE_FACULTY_CLIMATE,8,Roof,SM_FC_Roof_BioDome_12x12,-4861.39,71945.75,6749.08,800.0,180.0,300.0
405,2,ZONE_FACULTY_CLIMATE,0,Foundation,SM_FC_Foundation_SlopeCompensated_12x12,-9722.78,71945.75,1146.26,400.0,850.0,1200.0
405,2,ZONE_FACULTY_CLIMATE,1,GroundFloor,SM_FC_Ground_Lobby_Transit_12x12,-9722.78,71945.75,1546.26,600.0,450.0,600.0
405,2,ZONE_FACULTY_CLIMATE,2,IntermediateFloor,SM_FC_Mid_Academic_Lab_12x12,-9722.78,71945.75,2146.26,400.0,320.0,400.0
405,2,ZONE_FACULTY_CLIMATE,3,IntermediateFloor,SM_FC_Mid_Faculty_Chambers_12x12,-9722.78,71945.75,2546.26,400.0,280.0,400.0
405,2,ZONE_FACULTY_CLIMATE,4,IntermediateFloor,SM_FC_Mid_Academic_Lab_12x12,-9722.78,71945.75,2946.26,400.0,320.0,400.0
405,2,ZONE_FACULTY_CLIMATE,5,Roof,SM_FC_Roof_BioDome_12x12,-9722.78,71945.75,3346.26,800.0,180.0,300.0
406,2,ZONE_FACULTY_CLIMATE,0,Foundation,SM_FC_Foundation_SlopeCompensated_12x12,7344.2,75109.4,2153.35,400.0,850.0,1200.0
406,2,ZONE_FACULTY_CLIMATE,1,GroundFloor,SM_FC_Ground_Lobby_Transit_12x12,7344.2,75109.4,2553.35,600.0,450.0,600.0
406,2,ZONE_FACULTY_CLIMATE,2,IntermediateFloor,SM_FC_Mid_Academic_Lab_12x12,7344.2,75109.4,3153.35,400.0,320.0,400.0
406,2,ZONE_FACULTY_CLIMATE,3,IntermediateFloor,SM_FC_Mid_Faculty_Chambers_12x12,7344.2,75109.4,3553.35,400.0,280.0,400.0
406,2,ZONE_FACULTY_CLIMATE,4,IntermediateFloor,SM_FC_Mid_Academic_Lab_12x12,7344.2,75109.4,3953.35,400.0,320.0,400.0
406,2,ZONE_FACULTY_CLIMATE,5,Roof,SM_FC_Roof_BioDome_12x12,7344.2,75109.4,4353.35,800.0,180.0,300.0
407,2,ZONE_FACULTY_CLIMATE,0,Foundation,SM_FC_Foundation_SlopeCompensated_12x12,2937.68,75109.4,3980.41,400.0,850.0,1200.0
407,2,ZONE_FACULTY_CLIMATE,1,GroundFloor,SM_FC_Ground_Lobby_Transit_12x12,2937.68,75109.4,4380.41,600.0,450.0,600.0
407,2,ZONE_FACULTY_CLIMATE,2,IntermediateFloor,SM_FC_Mid_Academic_Lab_12x12,2937.68,75109.4,4980.41,400.0,320.0,400.0
407,2,ZONE_FACULTY_CLIMATE,3,Roof,SM_FC_Roof_BioDome_12x12,2937.68,75109.4,5380.41,800.0,180.0,300.0
408,2,ZONE_FACULTY_CLIMATE,0,Foundation,SM_FC_Foundation_SlopeCompensated_12x12,-1468.84,75109.4,4389.59,400.0,850.0,1200.0
408,2,ZONE_FACULTY_CLIMATE,1,GroundFloor,SM_FC_Ground_Lobby_Transit_12x12,-1468.84,75109.4,4789.59,600.0,450.0,600.0
408,2,ZONE_FACULTY_CLIMATE,2,IntermediateFloor,SM_FC_Mid_Academic_Lab_12x12,-1468.84,75109.4,5389.59,400.0,320.0,400.0
408,2,ZONE_FACULTY_CLIMATE,3,Roof,SM_FC_Roof_BioDome_12x12,-1468.84,75109.4,5789.59,800.0,180.0,300.0
409,2,ZONE_FACULTY_CLIMATE,0,Foundation,SM_FC_Foundation_SlopeCompensated_12x12,-5875.36,75109.4,2862.29,400.0,850.0,1200.0
409,2,ZONE_FACULTY_CLIMATE,1,GroundFloor,SM_FC_Ground_Lobby_Transit_12x12,-5875.36,75109.4,3262.29,600.0,450.0,600.0
409,2,ZONE_FACULTY_CLIMATE,2,IntermediateFloor,SM_FC_Mid_Academic_Lab_12x12,-5875.36,75109.4,3862.29,400.0,320.0,400.0
409,2,ZONE_FACULTY_CLIMATE,3,IntermediateFloor,SM_FC_Mid_Faculty_Chambers_12x12,-5875.36,75109.4,4262.29,400.0,280.0,400.0
409,2,ZONE_FACULTY_CLIMATE,4,IntermediateFloor,SM_FC_Mid_Academic_Lab_12x12,-5875.36,75109.4,4662.29,400.0,320.0,400.0
409,2,ZONE_FACULTY_CLIMATE,5,IntermediateFloor,SM_FC_Mid_Faculty_Chambers_12x12,-5875.36,75109.4,5062.29,400.0,280.0,400.0
409,2,ZONE_FACULTY_CLIMATE,6,Roof,SM_FC_Roof_BioDome_12x12,-5875.36,75109.4,5462.29,800.0,180.0,300.0
410,2,ZONE_FACULTY_CLIMATE,0,Foundation,SM_FC_Foundation_SlopeCompensated_12x12,-10281.89,75109.4,435.72,400.0,850.0,1200.0
410,2,ZONE_FACULTY_CLIMATE,1,GroundFloor,SM_FC_Ground_Lobby_Transit_12x12,-10281.89,75109.4,835.72,600.0,450.0,600.0
410,2,ZONE_FACULTY_CLIMATE,2,IntermediateFloor,SM_FC_Mid_Academic_Lab_12x12,-10281.89,75109.4,1435.72,400.0,320.0,400.0
410,2,ZONE_FACULTY_CLIMATE,3,IntermediateFloor,SM_FC_Mid_Faculty_Chambers_12x12,-10281.89,75109.4,1835.72,400.0,280.0,400.0
410,2,ZONE_FACULTY_CLIMATE,4,IntermediateFloor,SM_FC_Mid_Academic_Lab_12x12,-10281.89,75109.4,2235.72,400.0,320.0,400.0
410,2,ZONE_FACULTY_CLIMATE,5,IntermediateFloor,SM_FC_Mid_Faculty_Chambers_12x12,-10281.89,75109.4,2635.72,400.0,280.0,400.0
410,2,ZONE_FACULTY_CLIMATE,6,Roof,SM_FC_Roof_BioDome_12x12,-10281.89,75109.4,3035.72,800.0,180.0,300.0
411,2,ZONE_FACULTY_CLIMATE,0,Foundation,SM_FC_Foundation_SlopeCompensated_12x12,9209.24,78273.05,692.34,400.0,850.0,1200.0
411,2,ZONE_FACULTY_CLIMATE,1,GroundFloor,SM_FC_Ground_Lobby_Transit_12x12,9209.24,78273.05,1092.34,600.0,450.0,600.0
411,2,ZONE_FACULTY_CLIMATE,2,IntermediateFloor,SM_FC_Mid_Academic_Lab_12x12,9209.24,78273.05,1692.34,400.0,320.0,400.0
411,2,ZONE_FACULTY_CLIMATE,3,IntermediateFloor,SM_FC_Mid_Faculty_Chambers_12x12,9209.24,78273.05,2092.34,400.0,280.0,400.0
411,2,ZONE_FACULTY_CLIMATE,4,Roof,SM_FC_Roof_BioDome_12x12,9209.24,78273.05,2492.34,800.0,180.0,300.0
412,2,ZONE_FACULTY_CLIMATE,0,Foundation,SM_FC_Foundation_SlopeCompensated_12x12,5262.42,78273.05,3006.6,400.0,850.0,1200.0
412,2,ZONE_FACULTY_CLIMATE,1,GroundFloor,SM_FC_Ground_Lobby_Transit_12x12,5262.42,78273.05,3406.6,600.0,450.0,600.0
412,2,ZONE_FACULTY_CLIMATE,2,IntermediateFloor,SM_FC_Mid_Academic_Lab_12x12,5262.42,78273.05,4006.6,400.0,320.0,400.0
412,2,ZONE_FACULTY_CLIMATE,3,IntermediateFloor,SM_FC_Mid_Faculty_Chambers_12x12,5262.42,78273.05,4406.6,400.0,280.0,400.0
412,2,ZONE_FACULTY_CLIMATE,4,IntermediateFloor,SM_FC_Mid_Academic_Lab_12x12,5262.42,78273.05,4806.6,400.0,320.0,400.0
412,2,ZONE_FACULTY_CLIMATE,5,IntermediateFloor,SM_FC_Mid_Faculty_Chambers_12x12,5262.42,78273.05,5206.6,400.0,280.0,400.0
412,2,ZONE_FACULTY_CLIMATE,6,Roof,SM_FC_Roof_BioDome_12x12,5262.42,78273.05,5606.6,800.0,180.0,300.0
413,2,ZONE_FACULTY_CLIMATE,0,Foundation,SM_FC_Foundation_SlopeCompensated_12x12,1315.61,78273.05,4468.38,400.0,850.0,1200.0
413,2,ZONE_FACULTY_CLIMATE,1,GroundFloor,SM_FC_Ground_Lobby_Transit_12x12,1315.61,78273.05,4868.38,600.0,450.0,600.0
413,2,ZONE_FACULTY_CLIMATE,2,IntermediateFloor,SM_FC_Mid_Academic_Lab_12x12,1315.61,78273.05,5468.38,400.0,320.0,400.0
413,2,ZONE_FACULTY_CLIMATE,3,IntermediateFloor,SM_FC_Mid_Faculty_Chambers_12x12,1315.61,78273.05,5868.38,400.0,280.0,400.0
413,2,ZONE_FACULTY_CLIMATE,4,Roof,SM_FC_Roof_BioDome_12x12,1315.61,78273.05,6268.38,800.0,180.0,300.0
414,2,ZONE_FACULTY_CLIMATE,0,Foundation,SM_FC_Foundation_SlopeCompensated_12x12,-2631.21,78273.05,4075.84,400.0,850.0,1200.0
414,2,ZONE_FACULTY_CLIMATE,1,GroundFloor,SM_FC_Ground_Lobby_Transit_12x12,-2631.21,78273.05,4475.84,600.0,450.0,600.0
414,2,ZONE_FACULTY_CLIMATE,2,IntermediateFloor,SM_FC_Mid_Academic_Lab_12x12,-2631.21,78273.05,5075.84,400.0,320.0,400.0
414,2,ZONE_FACULTY_CLIMATE,3,IntermediateFloor,SM_FC_Mid_Faculty_Chambers_12x12,-2631.21,78273.05,5475.84,400.0,280.0,400.0
414,2,ZONE_FACULTY_CLIMATE,4,Roof,SM_FC_Roof_BioDome_12x12,-2631.21,78273.05,5875.84,800.0,180.0,300.0
415,2,ZONE_FACULTY_CLIMATE,0,Foundation,SM_FC_Foundation_SlopeCompensated_12x12,-6578.03,78273.05,2329.9,400.0,850.0,1200.0
415,2,ZONE_FACULTY_CLIMATE,1,GroundFloor,SM_FC_Ground_Lobby_Transit_12x12,-6578.03,78273.05,2729.9,600.0,450.0,600.0
415,2,ZONE_FACULTY_CLIMATE,2,IntermediateFloor,SM_FC_Mid_Academic_Lab_12x12,-6578.03,78273.05,3329.9,400.0,320.0,400.0
415,2,ZONE_FACULTY_CLIMATE,3,IntermediateFloor,SM_FC_Mid_Faculty_Chambers_12x12,-6578.03,78273.05,3729.9,400.0,280.0,400.0
415,2,ZONE_FACULTY_CLIMATE,4,Roof,SM_FC_Roof_BioDome_12x12,-6578.03,78273.05,4129.9,800.0,180.0,300.0
416,2,ZONE_FACULTY_CLIMATE,0,Foundation,SM_FC_Foundation_SlopeCompensated_12x12,6972.77,81436.71,1787.16,400.0,850.0,1200.0
416,2,ZONE_FACULTY_CLIMATE,1,GroundFloor,SM_FC_Ground_Lobby_Transit_12x12,6972.77,81436.71,2187.16,600.0,450.0,600.0
416,2,ZONE_FACULTY_CLIMATE,2,IntermediateFloor,SM_FC_Mid_Academic_Lab_12x12,6972.77,81436.71,2787.16,400.0,320.0,400.0
416,2,ZONE_FACULTY_CLIMATE,3,IntermediateFloor,SM_FC_Mid_Faculty_Chambers_12x12,6972.77,81436.71,3187.16,400.0,280.0,400.0
416,2,ZONE_FACULTY_CLIMATE,4,IntermediateFloor,SM_FC_Mid_Academic_Lab_12x12,6972.77,81436.71,3587.16,400.0,320.0,400.0
416,2,ZONE_FACULTY_CLIMATE,5,Roof,SM_FC_Roof_BioDome_12x12,6972.77,81436.71,3987.16,800.0,180.0,300.0
417,2,ZONE_FACULTY_CLIMATE,0,Foundation,SM_FC_Foundation_SlopeCompensated_12x12,3486.39,81436.71,3700.55,400.0,850.0,1200.0
417,2,ZONE_FACULTY_CLIMATE,1,GroundFloor,SM_FC_Ground_Lobby_Transit_12x12,3486.39,81436.71,4100.55,600.0,450.0,600.0
417,2,ZONE_FACULTY_CLIMATE,2,IntermediateFloor,SM_FC_Mid_Academic_Lab_12x12,3486.39,81436.71,4700.55,400.0,320.0,400.0
417,2,ZONE_FACULTY_CLIMATE,3,IntermediateFloor,SM_FC_Mid_Faculty_Chambers_12x12,3486.39,81436.71,5100.55,400.0,280.0,400.0
417,2,ZONE_FACULTY_CLIMATE,4,Roof,SM_FC_Roof_BioDome_12x12,3486.39,81436.71,5500.55,800.0,180.0,300.0
418,2,ZONE_FACULTY_CLIMATE,0,Foundation,SM_FC_Foundation_SlopeCompensated_12x12,0.0,81436.71,4817.57,400.0,850.0,1200.0
418,2,ZONE_FACULTY_CLIMATE,1,GroundFloor,SM_FC_Ground_Lobby_Transit_12x12,0.0,81436.71,5217.57,600.0,450.0,600.0
418,2,ZONE_FACULTY_CLIMATE,2,IntermediateFloor,SM_FC_Mid_Academic_Lab_12x12,0.0,81436.71,5817.57,400.0,320.0,400.0
418,2,ZONE_FACULTY_CLIMATE,3,IntermediateFloor,SM_FC_Mid_Faculty_Chambers_12x12,0.0,81436.71,6217.57,400.0,280.0,400.0
418,2,ZONE_FACULTY_CLIMATE,4,IntermediateFloor,SM_FC_Mid_Academic_Lab_12x12,0.0,81436.71,6617.57,400.0,320.0,400.0
418,2,ZONE_FACULTY_CLIMATE,5,IntermediateFloor,SM_FC_Mid_Faculty_Chambers_12x12,0.0,81436.71,7017.57,400.0,280.0,400.0
418,2,ZONE_FACULTY_CLIMATE,6,IntermediateFloor,SM_FC_Mid_Academic_Lab_12x12,0.0,81436.71,7417.57,400.0,320.0,400.0
418,2,ZONE_FACULTY_CLIMATE,7,Roof,SM_FC_Roof_BioDome_12x12,0.0,81436.71,7817.57,800.0,180.0,300.0
419,2,ZONE_FACULTY_CLIMATE,0,Foundation,SM_FC_Foundation_SlopeCompensated_12x12,-3486.39,81436.71,3700.55,400.0,850.0,1200.0
419,2,ZONE_FACULTY_CLIMATE,1,GroundFloor,SM_FC_Ground_Lobby_Transit_12x12,-3486.39,81436.71,4100.55,600.0,450.0,600.0
419,2,ZONE_FACULTY_CLIMATE,2,IntermediateFloor,SM_FC_Mid_Academic_Lab_12x12,-3486.39,81436.71,4700.55,400.0,320.0,400.0
419,2,ZONE_FACULTY_CLIMATE,3,IntermediateFloor,SM_FC_Mid_Faculty_Chambers_12x12,-3486.39,81436.71,5100.55,400.0,280.0,400.0
419,2,ZONE_FACULTY_CLIMATE,4,Roof,SM_FC_Roof_BioDome_12x12,-3486.39,81436.71,5500.55,800.0,180.0,300.0
420,2,ZONE_FACULTY_CLIMATE,0,Foundation,SM_FC_Foundation_SlopeCompensated_12x12,-6972.77,81436.71,1787.16,400.0,850.0,1200.0
420,2,ZONE_FACULTY_CLIMATE,1,GroundFloor,SM_FC_Ground_Lobby_Transit_12x12,-6972.77,81436.71,2187.16,600.0,450.0,600.0
420,2,ZONE_FACULTY_CLIMATE,2,IntermediateFloor,SM_FC_Mid_Academic_Lab_12x12,-6972.77,81436.71,2787.16,400.0,320.0,400.0
420,2,ZONE_FACULTY_CLIMATE,3,IntermediateFloor,SM_FC_Mid_Faculty_Chambers_12x12,-6972.77,81436.71,3187.16,400.0,280.0,400.0
420,2,ZONE_FACULTY_CLIMATE,4,IntermediateFloor,SM_FC_Mid_Academic_Lab_12x12,-6972.77,81436.71,3587.16,400.0,320.0,400.0
420,2,ZONE_FACULTY_CLIMATE,5,IntermediateFloor,SM_FC_Mid_Faculty_Chambers_12x12,-6972.77,81436.71,3987.16,400.0,280.0,400.0
420,2,ZONE_FACULTY_CLIMATE,6,IntermediateFloor,SM_FC_Mid_Academic_Lab_12x12,-6972.77,81436.71,4387.16,400.0,320.0,400.0
420,2,ZONE_FACULTY_CLIMATE,7,Roof,SM_FC_Roof_BioDome_12x12,-6972.77,81436.71,4787.16,800.0,180.0,300.0
421,2,ZONE_FACULTY_CLIMATE,0,Foundation,SM_FC_Foundation_SlopeCompensated_12x12,5048.44,84600.36,2610.33,400.0,850.0,1200.0
421,2,ZONE_FACULTY_CLIMATE,1,GroundFloor,SM_FC_Ground_Lobby_Transit_12x12,5048.44,84600.36,3010.33,600.0,450.0,600.0
421,2,ZONE_FACULTY_CLIMATE,2,IntermediateFloor,SM_FC_Mid_Academic_Lab_12x12,5048.44,84600.36,3610.33,400.0,320.0,400.0
421,2,ZONE_FACULTY_CLIMATE,3,IntermediateFloor,SM_FC_Mid_Faculty_Chambers_12x12,5048.44,84600.36,4010.33,400.0,280.0,400.0
421,2,ZONE_FACULTY_CLIMATE,4,IntermediateFloor,SM_FC_Mid_Academic_Lab_12x12,5048.44,84600.36,4410.33,400.0,320.0,400.0
421,2,ZONE_FACULTY_CLIMATE,5,IntermediateFloor,SM_FC_Mid_Faculty_Chambers_12x12,5048.44,84600.36,4810.33,400.0,280.0,400.0
421,2,ZONE_FACULTY_CLIMATE,6,IntermediateFloor,SM_FC_Mid_Academic_Lab_12x12,5048.44,84600.36,5210.33,400.0,320.0,400.0
421,2,ZONE_FACULTY_CLIMATE,7,Roof,SM_FC_Roof_BioDome_12x12,5048.44,84600.36,5610.33,800.0,180.0,300.0
422,2,ZONE_FACULTY_CLIMATE,0,Foundation,SM_FC_Foundation_SlopeCompensated_12x12,2019.38,84600.36,4091.41,400.0,850.0,1200.0
422,2,ZONE_FACULTY_CLIMATE,1,GroundFloor,SM_FC_Ground_Lobby_Transit_12x12,2019.38,84600.36,4491.41,600.0,450.0,600.0
422,2,ZONE_FACULTY_CLIMATE,2,IntermediateFloor,SM_FC_Mid_Academic_Lab_12x12,2019.38,84600.36,5091.41,400.0,320.0,400.0
422,2,ZONE_FACULTY_CLIMATE,3,IntermediateFloor,SM_FC_Mid_Faculty_Chambers_12x12,2019.38,84600.36,5491.41,400.0,280.0,400.0
422,2,ZONE_FACULTY_CLIMATE,4,IntermediateFloor,SM_FC_Mid_Academic_Lab_12x12,2019.38,84600.36,5891.41,400.0,320.0,400.0
422,2,ZONE_FACULTY_CLIMATE,5,IntermediateFloor,SM_FC_Mid_Faculty_Chambers_12x12,2019.38,84600.36,6291.41,400.0,280.0,400.0
422,2,ZONE_FACULTY_CLIMATE,6,Roof,SM_FC_Roof_BioDome_12x12,2019.38,84600.36,6691.41,800.0,180.0,300.0
423,2,ZONE_FACULTY_CLIMATE,0,Foundation,SM_FC_Foundation_SlopeCompensated_12x12,-1009.69,84600.36,4428.12,400.0,850.0,1200.0
423,2,ZONE_FACULTY_CLIMATE,1,GroundFloor,SM_FC_Ground_Lobby_Transit_12x12,-1009.69,84600.36,4828.12,600.0,450.0,600.0
423,2,ZONE_FACULTY_CLIMATE,2,IntermediateFloor,SM_FC_Mid_Academic_Lab_12x12,-1009.69,84600.36,5428.12,400.0,320.0,400.0
423,2,ZONE_FACULTY_CLIMATE,3,IntermediateFloor,SM_FC_Mid_Faculty_Chambers_12x12,-1009.69,84600.36,5828.12,400.0,280.0,400.0
423,2,ZONE_FACULTY_CLIMATE,4,IntermediateFloor,SM_FC_Mid_Academic_Lab_12x12,-1009.69,84600.36,6228.12,400.0,320.0,400.0
423,2,ZONE_FACULTY_CLIMATE,5,Roof,SM_FC_Roof_BioDome_12x12,-1009.69,84600.36,6628.12,800.0,180.0,300.0
424,2,ZONE_FACULTY_CLIMATE,0,Foundation,SM_FC_Foundation_SlopeCompensated_12x12,-4038.75,84600.36,3182.51,400.0,850.0,1200.0
424,2,ZONE_FACULTY_CLIMATE,1,GroundFloor,SM_FC_Ground_Lobby_Transit_12x12,-4038.75,84600.36,3582.51,600.0,450.0,600.0
424,2,ZONE_FACULTY_CLIMATE,2,IntermediateFloor,SM_FC_Mid_Academic_Lab_12x12,-4038.75,84600.36,4182.51,400.0,320.0,400.0
424,2,ZONE_FACULTY_CLIMATE,3,IntermediateFloor,SM_FC_Mid_Faculty_Chambers_12x12,-4038.75,84600.36,4582.51,400.0,280.0,400.0
424,2,ZONE_FACULTY_CLIMATE,4,IntermediateFloor,SM_FC_Mid_Academic_Lab_12x12,-4038.75,84600.36,4982.51,400.0,320.0,400.0
424,2,ZONE_FACULTY_CLIMATE,5,IntermediateFloor,SM_FC_Mid_Faculty_Chambers_12x12,-4038.75,84600.36,5382.51,400.0,280.0,400.0
424,2,ZONE_FACULTY_CLIMATE,6,Roof,SM_FC_Roof_BioDome_12x12,-4038.75,84600.36,5782.51,800.0,180.0,300.0
425,2,ZONE_FACULTY_CLIMATE,0,Foundation,SM_FC_Foundation_SlopeCompensated_12x12,-7067.81,84600.36,1230.47,400.0,850.0,1200.0
425,2,ZONE_FACULTY_CLIMATE,1,GroundFloor,SM_FC_Ground_Lobby_Transit_12x12,-7067.81,84600.36,1630.47,600.0,450.0,600.0
425,2,ZONE_FACULTY_CLIMATE,2,IntermediateFloor,SM_FC_Mid_Academic_Lab_12x12,-7067.81,84600.36,2230.47,400.0,320.0,400.0
425,2,ZONE_FACULTY_CLIMATE,3,IntermediateFloor,SM_FC_Mid_Faculty_Chambers_12x12,-7067.81,84600.36,2630.47,400.0,280.0,400.0
425,2,ZONE_FACULTY_CLIMATE,4,IntermediateFloor,SM_FC_Mid_Academic_Lab_12x12,-7067.81,84600.36,3030.47,400.0,320.0,400.0
425,2,ZONE_FACULTY_CLIMATE,5,Roof,SM_FC_Roof_BioDome_12x12,-7067.81,84600.36,3430.47,800.0,180.0,300.0
426,2,ZONE_FACULTY_CLIMATE,0,Foundation,SM_FC_Foundation_SlopeCompensated_12x12,6016.5,87764.01,1394.3,400.0,850.0,1200.0
426,2,ZONE_FACULTY_CLIMATE,1,GroundFloor,SM_FC_Ground_Lobby_Transit_12x12,6016.5,87764.01,1794.3,600.0,450.0,600.0
426,2,ZONE_FACULTY_CLIMATE,2,IntermediateFloor,SM_FC_Mid_Academic_Lab_12x12,6016.5,87764.01,2394.3,400.0,320.0,400.0
426,2,ZONE_FACULTY_CLIMATE,3,Roof,SM_FC_Roof_BioDome_12x12,6016.5,87764.01,2794.3,800.0,180.0,300.0
427,2,ZONE_FACULTY_CLIMATE,0,Foundation,SM_FC_Foundation_SlopeCompensated_12x12,3438.0,87764.01,3004.68,400.0,850.0,1200.0
427,2,ZONE_FACULTY_CLIMATE,1,GroundFloor,SM_FC_Ground_Lobby_Transit_12x12,3438.0,87764.01,3404.68,600.0,450.0,600.0
427,2,ZONE_FACULTY_CLIMATE,2,IntermediateFloor,SM_FC_Mid_Academic_Lab_12x12,3438.0,87764.01,4004.68,400.0,320.0,400.0
427,2,ZONE_FACULTY_CLIMATE,3,IntermediateFloor,SM_FC_Mid_Faculty_Chambers_12x12,3438.0,87764.01,4404.68,400.0,280.0,400.0
427,2,ZONE_FACULTY_CLIMATE,4,IntermediateFloor,SM_FC_Mid_Academic_Lab_12x12,3438.0,87764.01,4804.68,400.0,320.0,400.0
427,2,ZONE_FACULTY_CLIMATE,5,IntermediateFloor,SM_FC_Mid_Faculty_Chambers_12x12,3438.0,87764.01,5204.68,400.0,280.0,400.0
427,2,ZONE_FACULTY_CLIMATE,6,IntermediateFloor,SM_FC_Mid_Academic_Lab_12x12,3438.0,87764.01,5604.68,400.0,320.0,400.0
427,2,ZONE_FACULTY_CLIMATE,7,Roof,SM_FC_Roof_BioDome_12x12,3438.0,87764.01,6004.68,800.0,180.0,300.0
428,2,ZONE_FACULTY_CLIMATE,0,Foundation,SM_FC_Foundation_SlopeCompensated_12x12,859.5,87764.01,4039.5,400.0,850.0,1200.0
428,2,ZONE_FACULTY_CLIMATE,1,GroundFloor,SM_FC_Ground_Lobby_Transit_12x12,859.5,87764.01,4439.5,600.0,450.0,600.0
428,2,ZONE_FACULTY_CLIMATE,2,IntermediateFloor,SM_FC_Mid_Academic_Lab_12x12,859.5,87764.01,5039.5,400.0,320.0,400.0
428,2,ZONE_FACULTY_CLIMATE,3,IntermediateFloor,SM_FC_Mid_Faculty_Chambers_12x12,859.5,87764.01,5439.5,400.0,280.0,400.0
428,2,ZONE_FACULTY_CLIMATE,4,IntermediateFloor,SM_FC_Mid_Academic_Lab_12x12,859.5,87764.01,5839.5,400.0,320.0,400.0
428,2,ZONE_FACULTY_CLIMATE,5,Roof,SM_FC_Roof_BioDome_12x12,859.5,87764.01,6239.5,800.0,180.0,300.0
429,2,ZONE_FACULTY_CLIMATE,0,Foundation,SM_FC_Foundation_SlopeCompensated_12x12,-1719.0,87764.01,3758.51,400.0,850.0,1200.0
429,2,ZONE_FACULTY_CLIMATE,1,GroundFloor,SM_FC_Ground_Lobby_Transit_12x12,-1719.0,87764.01,4158.51,600.0,450.0,600.0
429,2,ZONE_FACULTY_CLIMATE,2,IntermediateFloor,SM_FC_Mid_Academic_Lab_12x12,-1719.0,87764.01,4758.51,400.0,320.0,400.0
429,2,ZONE_FACULTY_CLIMATE,3,IntermediateFloor,SM_FC_Mid_Faculty_Chambers_12x12,-1719.0,87764.01,5158.51,400.0,280.0,400.0
429,2,ZONE_FACULTY_CLIMATE,4,Roof,SM_FC_Roof_BioDome_12x12,-1719.0,87764.01,5558.51,800.0,180.0,300.0
430,2,ZONE_FACULTY_CLIMATE,0,Foundation,SM_FC_Foundation_SlopeCompensated_12x12,-4297.5,87764.01,2531.84,400.0,850.0,1200.0
430,2,ZONE_FACULTY_CLIMATE,1,GroundFloor,SM_FC_Ground_Lobby_Transit_12x12,-4297.5,87764.01,2931.84,600.0,450.0,600.0
430,2,ZONE_FACULTY_CLIMATE,2,IntermediateFloor,SM_FC_Mid_Academic_Lab_12x12,-4297.5,87764.01,3531.84,400.0,320.0,400.0
430,2,ZONE_FACULTY_CLIMATE,3,IntermediateFloor,SM_FC_Mid_Faculty_Chambers_12x12,-4297.5,87764.01,3931.84,400.0,280.0,400.0
430,2,ZONE_FACULTY_CLIMATE,4,IntermediateFloor,SM_FC_Mid_Academic_Lab_12x12,-4297.5,87764.01,4331.84,400.0,320.0,400.0
430,2,ZONE_FACULTY_CLIMATE,5,IntermediateFloor,SM_FC_Mid_Faculty_Chambers_12x12,-4297.5,87764.01,4731.84,400.0,280.0,400.0
430,2,ZONE_FACULTY_CLIMATE,6,Roof,SM_FC_Roof_BioDome_12x12,-4297.5,87764.01,5131.84,800.0,180.0,300.0
431,2,ZONE_FACULTY_CLIMATE,0,Foundation,SM_FC_Foundation_SlopeCompensated_12x12,4276.53,90927.66,1886.84,400.0,850.0,1200.0
431,2,ZONE_FACULTY_CLIMATE,1,GroundFloor,SM_FC_Ground_Lobby_Transit_12x12,4276.53,90927.66,2286.84,600.0,450.0,600.0
431,2,ZONE_FACULTY_CLIMATE,2,IntermediateFloor,SM_FC_Mid_Academic_Lab_12x12,4276.53,90927.66,2886.84,400.0,320.0,400.0
431,2,ZONE_FACULTY_CLIMATE,3,IntermediateFloor,SM_FC_Mid_Faculty_Chambers_12x12,4276.53,90927.66,3286.84,400.0,280.0,400.0
431,2,ZONE_FACULTY_CLIMATE,4,IntermediateFloor,SM_FC_Mid_Academic_Lab_12x12,4276.53,90927.66,3686.84,400.0,320.0,400.0
431,2,ZONE_FACULTY_CLIMATE,5,IntermediateFloor,SM_FC_Mid_Faculty_Chambers_12x12,4276.53,90927.66,4086.84,400.0,280.0,400.0
431,2,ZONE_FACULTY_CLIMATE,6,IntermediateFloor,SM_FC_Mid_Academic_Lab_12x12,4276.53,90927.66,4486.84,400.0,320.0,400.0
431,2,ZONE_FACULTY_CLIMATE,7,Roof,SM_FC_Roof_BioDome_12x12,4276.53,90927.66,4886.84,800.0,180.0,300.0
432,2,ZONE_FACULTY_CLIMATE,0,Foundation,SM_FC_Foundation_SlopeCompensated_12x12,2138.27,90927.66,2962.36,400.0,850.0,1200.0
432,2,ZONE_FACULTY_CLIMATE,1,GroundFloor,SM_FC_Ground_Lobby_Transit_12x12,2138.27,90927.66,3362.36,600.0,450.0,600.0
432,2,ZONE_FACULTY_CLIMATE,2,IntermediateFloor,SM_FC_Mid_Academic_Lab_12x12,2138.27,90927.66,3962.36,400.0,320.0,400.0
432,2,ZONE_FACULTY_CLIMATE,3,IntermediateFloor,SM_FC_Mid_Faculty_Chambers_12x12,2138.27,90927.66,4362.36,400.0,280.0,400.0
432,2,ZONE_FACULTY_CLIMATE,4,Roof,SM_FC_Roof_BioDome_12x12,2138.27,90927.66,4762.36,800.0,180.0,300.0
433,2,ZONE_FACULTY_CLIMATE,0,Foundation,SM_FC_Foundation_SlopeCompensated_12x12,0.0,90927.66,3609.28,400.0,850.0,1200.0
433,2,ZONE_FACULTY_CLIMATE,1,GroundFloor,SM_FC_Ground_Lobby_Transit_12x12,0.0,90927.66,4009.28,600.0,450.0,600.0
433,2,ZONE_FACULTY_CLIMATE,2,IntermediateFloor,SM_FC_Mid_Academic_Lab_12x12,0.0,90927.66,4609.28,400.0,320.0,400.0
433,2,ZONE_FACULTY_CLIMATE,3,IntermediateFloor,SM_FC_Mid_Faculty_Chambers_12x12,0.0,90927.66,5009.28,400.0,280.0,400.0
433,2,ZONE_FACULTY_CLIMATE,4,Roof,SM_FC_Roof_BioDome_12x12,0.0,90927.66,5409.28,800.0,180.0,300.0
434,2,ZONE_FACULTY_CLIMATE,0,Foundation,SM_FC_Foundation_SlopeCompensated_12x12,-2138.27,90927.66,2962.36,400.0,850.0,1200.0
434,2,ZONE_FACULTY_CLIMATE,1,GroundFloor,SM_FC_Ground_Lobby_Transit_12x12,-2138.27,90927.66,3362.36,600.0,450.0,600.0
434,2,ZONE_FACULTY_CLIMATE,2,IntermediateFloor,SM_FC_Mid_Academic_Lab_12x12,-2138.27,90927.66,3962.36,400.0,320.0,400.0
434,2,ZONE_FACULTY_CLIMATE,3,Roof,SM_FC_Roof_BioDome_12x12,-2138.27,90927.66,4362.36,800.0,180.0,300.0
435,2,ZONE_FACULTY_CLIMATE,0,Foundation,SM_FC_Foundation_SlopeCompensated_12x12,-4276.53,90927.66,1886.84,400.0,850.0,1200.0
435,2,ZONE_FACULTY_CLIMATE,1,GroundFloor,SM_FC_Ground_Lobby_Transit_12x12,-4276.53,90927.66,2286.84,600.0,450.0,600.0
435,2,ZONE_FACULTY_CLIMATE,2,IntermediateFloor,SM_FC_Mid_Academic_Lab_12x12,-4276.53,90927.66,2886.84,400.0,320.0,400.0
435,2,ZONE_FACULTY_CLIMATE,3,IntermediateFloor,SM_FC_Mid_Faculty_Chambers_12x12,-4276.53,90927.66,3286.84,400.0,280.0,400.0
435,2,ZONE_FACULTY_CLIMATE,4,IntermediateFloor,SM_FC_Mid_Academic_Lab_12x12,-4276.53,90927.66,3686.84,400.0,320.0,400.0
435,2,ZONE_FACULTY_CLIMATE,5,IntermediateFloor,SM_FC_Mid_Faculty_Chambers_12x12,-4276.53,90927.66,4086.84,400.0,280.0,400.0
435,2,ZONE_FACULTY_CLIMATE,6,IntermediateFloor,SM_FC_Mid_Academic_Lab_12x12,-4276.53,90927.66,4486.84,400.0,320.0,400.0
435,2,ZONE_FACULTY_CLIMATE,7,Roof,SM_FC_Roof_BioDome_12x12,-4276.53,90927.66,4886.84,800.0,180.0,300.0
436,2,ZONE_FACULTY_CLIMATE,0,Foundation,SM_FC_Foundation_SlopeCompensated_12x12,2853.3,94091.32,1921.17,400.0,850.0,1200.0
436,2,ZONE_FACULTY_CLIMATE,1,GroundFloor,SM_FC_Ground_Lobby_Transit_12x12,2853.3,94091.32,2321.17,600.0,450.0,600.0
436,2,ZONE_FACULTY_CLIMATE,2,IntermediateFloor,SM_FC_Mid_Academic_Lab_12x12,2853.3,94091.32,2921.17,400.0,320.0,400.0
436,2,ZONE_FACULTY_CLIMATE,3,IntermediateFloor,SM_FC_Mid_Faculty_Chambers_12x12,2853.3,94091.32,3321.17,400.0,280.0,400.0
436,2,ZONE_FACULTY_CLIMATE,4,IntermediateFloor,SM_FC_Mid_Academic_Lab_12x12,2853.3,94091.32,3721.17,400.0,320.0,400.0
436,2,ZONE_FACULTY_CLIMATE,5,IntermediateFloor,SM_FC_Mid_Faculty_Chambers_12x12,2853.3,94091.32,4121.17,400.0,280.0,400.0
436,2,ZONE_FACULTY_CLIMATE,6,IntermediateFloor,SM_FC_Mid_Academic_Lab_12x12,2853.3,94091.32,4521.17,400.0,320.0,400.0
436,2,ZONE_FACULTY_CLIMATE,7,IntermediateFloor,SM_FC_Mid_Faculty_Chambers_12x12,2853.3,94091.32,4921.17,400.0,280.0,400.0
436,2,ZONE_FACULTY_CLIMATE,8,Roof,SM_FC_Roof_BioDome_12x12,2853.3,94091.32,5321.17,800.0,180.0,300.0
437,2,ZONE_FACULTY_CLIMATE,0,Foundation,SM_FC_Foundation_SlopeCompensated_12x12,1141.32,94091.32,2562.44,400.0,850.0,1200.0
437,2,ZONE_FACULTY_CLIMATE,1,GroundFloor,SM_FC_Ground_Lobby_Transit_12x12,1141.32,94091.32,2962.44,600.0,450.0,600.0
437,2,ZONE_FACULTY_CLIMATE,2,IntermediateFloor,SM_FC_Mid_Academic_Lab_12x12,1141.32,94091.32,3562.44,400.0,320.0,400.0
437,2,ZONE_FACULTY_CLIMATE,3,IntermediateFloor,SM_FC_Mid_Faculty_Chambers_12x12,1141.32,94091.32,3962.44,400.0,280.0,400.0
437,2,ZONE_FACULTY_CLIMATE,4,IntermediateFloor,SM_FC_Mid_Academic_Lab_12x12,1141.32,94091.32,4362.44,400.0,320.0,400.0
437,2,ZONE_FACULTY_CLIMATE,5,IntermediateFloor,SM_FC_Mid_Faculty_Chambers_12x12,1141.32,94091.32,4762.44,400.0,280.0,400.0
437,2,ZONE_FACULTY_CLIMATE,6,IntermediateFloor,SM_FC_Mid_Academic_Lab_12x12,1141.32,94091.32,5162.44,400.0,320.0,400.0
437,2,ZONE_FACULTY_CLIMATE,7,Roof,SM_FC_Roof_BioDome_12x12,1141.32,94091.32,5562.44,800.0,180.0,300.0
438,2,ZONE_FACULTY_CLIMATE,0,Foundation,SM_FC_Foundation_SlopeCompensated_12x12,-570.66,94091.32,2712.43,400.0,850.0,1200.0
438,2,ZONE_FACULTY_CLIMATE,1,GroundFloor,SM_FC_Ground_Lobby_Transit_12x12,-570.66,94091.32,3112.43,600.0,450.0,600.0
438,2,ZONE_FACULTY_CLIMATE,2,IntermediateFloor,SM_FC_Mid_Academic_Lab_12x12,-570.66,94091.32,3712.43,400.0,320.0,400.0
438,2,ZONE_FACULTY_CLIMATE,3,IntermediateFloor,SM_FC_Mid_Faculty_Chambers_12x12,-570.66,94091.32,4112.43,400.0,280.0,400.0
438,2,ZONE_FACULTY_CLIMATE,4,IntermediateFloor,SM_FC_Mid_Academic_Lab_12x12,-570.66,94091.32,4512.43,400.0,320.0,400.0
438,2,ZONE_FACULTY_CLIMATE,5,IntermediateFloor,SM_FC_Mid_Faculty_Chambers_12x12,-570.66,94091.32,4912.43,400.0,280.0,400.0
438,2,ZONE_FACULTY_CLIMATE,6,IntermediateFloor,SM_FC_Mid_Academic_Lab_12x12,-570.66,94091.32,5312.43,400.0,320.0,400.0
438,2,ZONE_FACULTY_CLIMATE,7,Roof,SM_FC_Roof_BioDome_12x12,-570.66,94091.32,5712.43,800.0,180.0,300.0
439,2,ZONE_FACULTY_CLIMATE,0,Foundation,SM_FC_Foundation_SlopeCompensated_12x12,-2282.64,94091.32,2166.81,400.0,850.0,1200.0
439,2,ZONE_FACULTY_CLIMATE,1,GroundFloor,SM_FC_Ground_Lobby_Transit_12x12,-2282.64,94091.32,2566.81,600.0,450.0,600.0
439,2,ZONE_FACULTY_CLIMATE,2,IntermediateFloor,SM_FC_Mid_Academic_Lab_12x12,-2282.64,94091.32,3166.81,400.0,320.0,400.0
439,2,ZONE_FACULTY_CLIMATE,3,IntermediateFloor,SM_FC_Mid_Faculty_Chambers_12x12,-2282.64,94091.32,3566.81,400.0,280.0,400.0
439,2,ZONE_FACULTY_CLIMATE,4,IntermediateFloor,SM_FC_Mid_Academic_Lab_12x12,-2282.64,94091.32,3966.81,400.0,320.0,400.0
439,2,ZONE_FACULTY_CLIMATE,5,IntermediateFloor,SM_FC_Mid_Faculty_Chambers_12x12,-2282.64,94091.32,4366.81,400.0,280.0,400.0
439,2,ZONE_FACULTY_CLIMATE,6,IntermediateFloor,SM_FC_Mid_Academic_Lab_12x12,-2282.64,94091.32,4766.81,400.0,320.0,400.0
439,2,ZONE_FACULTY_CLIMATE,7,IntermediateFloor,SM_FC_Mid_Faculty_Chambers_12x12,-2282.64,94091.32,5166.81,400.0,280.0,400.0
439,2,ZONE_FACULTY_CLIMATE,8,Roof,SM_FC_Roof_BioDome_12x12,-2282.64,94091.32,5566.81,800.0,180.0,300.0
440,2,ZONE_FACULTY_CLIMATE,0,Foundation,SM_FC_Foundation_SlopeCompensated_12x12,-3994.61,94091.32,1334.24,400.0,850.0,1200.0
440,2,ZONE_FACULTY_CLIMATE,1,GroundFloor,SM_FC_Ground_Lobby_Transit_12x12,-3994.61,94091.32,1734.24,600.0,450.0,600.0
440,2,ZONE_FACULTY_CLIMATE,2,IntermediateFloor,SM_FC_Mid_Academic_Lab_12x12,-3994.61,94091.32,2334.24,400.0,320.0,400.0
440,2,ZONE_FACULTY_CLIMATE,3,Roof,SM_FC_Roof_BioDome_12x12,-3994.61,94091.32,2734.24,800.0,180.0,300.0
441,2,ZONE_HARBOR_BERTH,0,Foundation,SM_FC_Foundation_SlopeCompensated_12x12,3041.56,97254.97,1107.01,400.0,850.0,1200.0
441,2,ZONE_HARBOR_BERTH,1,GroundFloor,SM_FC_Harbor_Submersible_Berth,3041.56,97254.97,1507.01,300.0,600.0,900.0
441,2,ZONE_HARBOR_BERTH,2,Roof,SM_FC_Roof_BioDome_12x12,3041.56,97254.97,1807.01,800.0,180.0,300.0
442,2,ZONE_HARBOR_BERTH,0,Foundation,SM_FC_Foundation_SlopeCompensated_12x12,1738.03,97254.97,1604.83,400.0,850.0,1200.0
442,2,ZONE_HARBOR_BERTH,1,GroundFloor,SM_FC_Harbor_Submersible_Berth,1738.03,97254.97,2004.83,300.0,600.0,900.0
442,2,ZONE_HARBOR_BERTH,2,Roof,SM_FC_Roof_BioDome_12x12,1738.03,97254.97,2304.83,800.0,180.0,300.0
443,2,ZONE_HARBOR_BERTH,0,Foundation,SM_FC_Foundation_SlopeCompensated_12x12,434.51,97254.97,1935.68,400.0,850.0,1200.0
443,2,ZONE_HARBOR_BERTH,1,GroundFloor,SM_FC_Harbor_Submersible_Berth,434.51,97254.97,2335.68,300.0,600.0,900.0
443,2,ZONE_HARBOR_BERTH,2,Roof,SM_FC_Roof_BioDome_12x12,434.51,97254.97,2635.68,800.0,180.0,300.0
444,2,ZONE_HARBOR_BERTH,0,Foundation,SM_FC_Foundation_SlopeCompensated_12x12,-869.02,97254.97,1843.94,400.0,850.0,1200.0
444,2,ZONE_HARBOR_BERTH,1,GroundFloor,SM_FC_Harbor_Submersible_Berth,-869.02,97254.97,2243.94,300.0,600.0,900.0
444,2,ZONE_HARBOR_BERTH,2,Roof,SM_FC_Roof_BioDome_12x12,-869.02,97254.97,2543.94,800.0,180.0,300.0
445,2,ZONE_HARBOR_BERTH,0,Foundation,SM_FC_Foundation_SlopeCompensated_12x12,-2172.54,97254.97,1457.44,400.0,850.0,1200.0
445,2,ZONE_HARBOR_BERTH,1,GroundFloor,SM_FC_Harbor_Submersible_Berth,-2172.54,97254.97,1857.44,300.0,600.0,900.0
445,2,ZONE_HARBOR_BERTH,2,Roof,SM_FC_Roof_BioDome_12x12,-2172.54,97254.97,2157.44,800.0,180.0,300.0
446,2,ZONE_HARBOR_BERTH,0,Foundation,SM_FC_Foundation_SlopeCompensated_12x12,1834.97,100418.62,875.63,400.0,850.0,1200.0
446,2,ZONE_HARBOR_BERTH,1,GroundFloor,SM_FC_Harbor_Submersible_Berth,1834.97,100418.62,1275.63,300.0,600.0,900.0
446,2,ZONE_HARBOR_BERTH,2,Roof,SM_FC_Roof_BioDome_12x12,1834.97,100418.62,1575.63,800.0,180.0,300.0
447,2,ZONE_HARBOR_BERTH,0,Foundation,SM_FC_Foundation_SlopeCompensated_12x12,917.48,100418.62,1093.62,400.0,850.0,1200.0
447,2,ZONE_HARBOR_BERTH,1,GroundFloor,SM_FC_Harbor_Submersible_Berth,917.48,100418.62,1493.62,300.0,600.0,900.0
447,2,ZONE_HARBOR_BERTH,2,Roof,SM_FC_Roof_BioDome_12x12,917.48,100418.62,1793.62,800.0,180.0,300.0
448,2,ZONE_HARBOR_BERTH,0,Foundation,SM_FC_Foundation_SlopeCompensated_12x12,0.0,100418.62,1232.75,400.0,850.0,1200.0
448,2,ZONE_HARBOR_BERTH,1,GroundFloor,SM_FC_Harbor_Submersible_Berth,0.0,100418.62,1632.75,300.0,600.0,900.0
448,2,ZONE_HARBOR_BERTH,2,Roof,SM_FC_Roof_BioDome_12x12,0.0,100418.62,1932.75,800.0,180.0,300.0
449,2,ZONE_HARBOR_BERTH,0,Foundation,SM_FC_Foundation_SlopeCompensated_12x12,-917.48,100418.62,1093.62,400.0,850.0,1200.0
449,2,ZONE_HARBOR_BERTH,1,GroundFloor,SM_FC_Harbor_Submersible_Berth,-917.48,100418.62,1493.62,300.0,600.0,900.0
449,2,ZONE_HARBOR_BERTH,2,Roof,SM_FC_Roof_BioDome_12x12,-917.48,100418.62,1793.62,800.0,180.0,300.0
450,2,ZONE_HARBOR_BERTH,0,Foundation,SM_FC_Foundation_SlopeCompensated_12x12,-1834.97,100418.62,875.63,400.0,850.0,1200.0
450,2,ZONE_HARBOR_BERTH,1,GroundFloor,SM_FC_Harbor_Submersible_Berth,-1834.97,100418.62,1275.63,300.0,600.0,900.0
450,2,ZONE_HARBOR_BERTH,2,Roof,SM_FC_Roof_BioDome_12x12,-1834.97,100418.62,1575.63,800.0,180.0,300.0
451,2,ZONE_HARBOR_BERTH,0,Foundation,SM_FC_Foundation_SlopeCompensated_12x12,933.39,103582.28,489.73,400.0,850.0,1200.0
451,2,ZONE_HARBOR_BERTH,1,GroundFloor,SM_FC_Harbor_Submersible_Berth,933.39,103582.28,889.73,300.0,600.0,900.0
451,2,ZONE_HARBOR_BERTH,2,Roof,SM_FC_Roof_BioDome_12x12,933.39,103582.28,1189.73,800.0,180.0,300.0
452,2,ZONE_HARBOR_BERTH,0,Foundation,SM_FC_Foundation_SlopeCompensated_12x12,373.36,103582.28,557.37,400.0,850.0,1200.0
452,2,ZONE_HARBOR_BERTH,1,GroundFloor,SM_FC_Harbor_Submersible_Berth,373.36,103582.28,957.37,300.0,600.0,900.0
452,2,ZONE_HARBOR_BERTH,2,Roof,SM_FC_Roof_BioDome_12x12,373.36,103582.28,1257.37,800.0,180.0,300.0
453,2,ZONE_HARBOR_BERTH,0,Foundation,SM_FC_Foundation_SlopeCompensated_12x12,-186.68,103582.28,574.18,400.0,850.0,1200.0
453,2,ZONE_HARBOR_BERTH,1,GroundFloor,SM_FC_Harbor_Submersible_Berth,-186.68,103582.28,974.18,300.0,600.0,900.0
453,2,ZONE_HARBOR_BERTH,2,Roof,SM_FC_Roof_BioDome_12x12,-186.68,103582.28,1274.18,800.0,180.0,300.0
454,2,ZONE_HARBOR_BERTH,0,Foundation,SM_FC_Foundation_SlopeCompensated_12x12,-746.71,103582.28,515.14,400.0,850.0,1200.0
454,2,ZONE_HARBOR_BERTH,1,GroundFloor,SM_FC_Harbor_Submersible_Berth,-746.71,103582.28,915.14,300.0,600.0,900.0
454,2,ZONE_HARBOR_BERTH,2,Roof,SM_FC_Roof_BioDome_12x12,-746.71,103582.28,1215.14,800.0,180.0,300.0
455,2,ZONE_HARBOR_BERTH,0,Foundation,SM_FC_Foundation_SlopeCompensated_12x12,-1306.74,103582.28,430.28,400.0,850.0,1200.0
455,2,ZONE_HARBOR_BERTH,1,GroundFloor,SM_FC_Harbor_Submersible_Berth,-1306.74,103582.28,830.28,300.0,600.0,900.0
455,2,ZONE_HARBOR_BERTH,2,Roof,SM_FC_Roof_BioDome_12x12,-1306.74,103582.28,1130.28,800.0,180.0,300.0
456,2,ZONE_HARBOR_BERTH,0,Foundation,SM_FC_Foundation_SlopeCompensated_12x12,564.19,106745.93,129.94,400.0,850.0,1200.0
456,2,ZONE_HARBOR_BERTH,1,GroundFloor,SM_FC_Harbor_Submersible_Berth,564.19,106745.93,529.94,300.0,600.0,900.0
456,2,ZONE_HARBOR_BERTH,2,Roof,SM_FC_Roof_BioDome_12x12,564.19,106745.93,829.94,800.0,180.0,300.0
457,2,ZONE_HARBOR_BERTH,0,Foundation,SM_FC_Foundation_SlopeCompensated_12x12,322.39,106745.93,142.93,400.0,850.0,1200.0
457,2,ZONE_HARBOR_BERTH,1,GroundFloor,SM_FC_Harbor_Submersible_Berth,322.39,106745.93,542.93,300.0,600.0,900.0
457,2,ZONE_HARBOR_BERTH,2,Roof,SM_FC_Roof_BioDome_12x12,322.39,106745.93,842.93,800.0,180.0,300.0
458,2,ZONE_HARBOR_BERTH,0,Foundation,SM_FC_Foundation_SlopeCompensated_12x12,80.6,106745.93,152.38,400.0,850.0,1200.0
458,2,ZONE_HARBOR_BERTH,1,GroundFloor,SM_FC_Harbor_Submersible_Berth,80.6,106745.93,552.38,300.0,600.0,900.0
458,2,ZONE_HARBOR_BERTH,2,Roof,SM_FC_Roof_BioDome_12x12,80.6,106745.93,852.38,800.0,180.0,300.0
459,2,ZONE_HARBOR_BERTH,0,Foundation,SM_FC_Foundation_SlopeCompensated_12x12,-161.2,106745.93,149.62,400.0,850.0,1200.0
459,2,ZONE_HARBOR_BERTH,1,GroundFloor,SM_FC_Harbor_Submersible_Berth,-161.2,106745.93,549.62,300.0,600.0,900.0
459,2,ZONE_HARBOR_BERTH,2,Roof,SM_FC_Roof_BioDome_12x12,-161.2,106745.93,849.62,800.0,180.0,300.0
460,2,ZONE_HARBOR_BERTH,0,Foundation,SM_FC_Foundation_SlopeCompensated_12x12,-402.99,106745.93,138.99,400.0,850.0,1200.0
460,2,ZONE_HARBOR_BERTH,1,GroundFloor,SM_FC_Harbor_Submersible_Berth,-402.99,106745.93,538.99,300.0,600.0,900.0
460,2,ZONE_HARBOR_BERTH,2,Roof,SM_FC_Roof_BioDome_12x12,-402.99,106745.93,838.99,800.0,180.0,300.0
461,2,ZONE_HARBOR_BERTH,0,Foundation,SM_FC_Foundation_SlopeCompensated_12x12,0.0,109909.58,0.0,400.0,850.0,1200.0
461,2,ZONE_HARBOR_BERTH,1,GroundFloor,SM_FC_Harbor_Submersible_Berth,0.0,109909.58,400.0,300.0,600.0,900.0
461,2,ZONE_HARBOR_BERTH,2,Roof,SM_FC_Roof_BioDome_12x12,0.0,109909.58,700.0,800.0,180.0,300.0
462,2,ZONE_HARBOR_BERTH,0,Foundation,SM_FC_Foundation_SlopeCompensated_12x12,0.0,109909.58,0.0,400.0,850.0,1200.0
462,2,ZONE_HARBOR_BERTH,1,GroundFloor,SM_FC_Harbor_Submersible_Berth,0.0,109909.58,400.0,300.0,600.0,900.0
462,2,ZONE_HARBOR_BERTH,2,Roof,SM_FC_Roof_BioDome_12x12,0.0,109909.58,700.0,800.0,180.0,300.0
463,2,ZONE_HARBOR_BERTH,0,Foundation,SM_FC_Foundation_SlopeCompensated_12x12,0.0,109909.58,0.0,400.0,850.0,1200.0
463,2,ZONE_HARBOR_BERTH,1,GroundFloor,SM_FC_Harbor_Submersible_Berth,0.0,109909.58,400.0,300.0,600.0,900.0
463,2,ZONE_HARBOR_BERTH,2,Roof,SM_FC_Roof_BioDome_12x12,0.0,109909.58,700.0,800.0,180.0,300.0
464,2,ZONE_HARBOR_BERTH,0,Foundation,SM_FC_Foundation_SlopeCompensated_12x12,0.0,109909.58,0.0,400.0,850.0,1200.0
464,2,ZONE_HARBOR_BERTH,1,GroundFloor,SM_FC_Harbor_Submersible_Berth,0.0,109909.58,400.0,300.0,600.0,900.0
464,2,ZONE_HARBOR_BERTH,2,Roof,SM_FC_Roof_BioDome_12x12,0.0,109909.58,700.0,800.0,180.0,300.0
465,2,ZONE_HARBOR_BERTH,0,Foundation,SM_FC_Foundation_SlopeCompensated_12x12,0.0,109909.58,0.0,400.0,850.0,1200.0
465,2,ZONE_HARBOR_BERTH,1,GroundFloor,SM_FC_Harbor_Submersible_Berth,0.0,109909.58,400.0,300.0,600.0,900.0
465,2,ZONE_HARBOR_BERTH,2,Roof,SM_FC_Roof_BioDome_12x12,0.0,109909.58,700.0,800.0,180.0,300.0
466,3,ZONE_FACULTY_MEGASTRUCT,0,Foundation,SM_FC_Foundation_SlopeCompensated_12x12,-10606.6,10606.6,0.0,400.0,850.0,1200.0
466,3,ZONE_FACULTY_MEGASTRUCT,1,GroundFloor,SM_FC_Ground_Lobby_Transit_12x12,-10606.6,10606.6,400.0,600.0,450.0,600.0
466,3,ZONE_FACULTY_MEGASTRUCT,2,IntermediateFloor,SM_FC_Mid_Academic_Lab_12x12,-10606.6,10606.6,1000.0,400.0,320.0,400.0
466,3,ZONE_FACULTY_MEGASTRUCT,3,Roof,SM_FC_Roof_SolarObservatory_12x12,-10606.6,10606.6,1400.0,500.0,140.0,250.0
467,3,ZONE_FACULTY_MEGASTRUCT,0,Foundation,SM_FC_Foundation_SlopeCompensated_12x12,-10606.6,10606.6,0.0,400.0,850.0,1200.0
467,3,ZONE_FACULTY_MEGASTRUCT,1,GroundFloor,SM_FC_Ground_Lobby_Transit_12x12,-10606.6,10606.6,400.0,600.0,450.0,600.0
467,3,ZONE_FACULTY_MEGASTRUCT,2,IntermediateFloor,SM_FC_Mid_Academic_Lab_12x12,-10606.6,10606.6,1000.0,400.0,320.0,400.0
467,3,ZONE_FACULTY_MEGASTRUCT,3,IntermediateFloor,SM_FC_Mid_Faculty_Chambers_12x12,-10606.6,10606.6,1400.0,400.0,280.0,400.0
467,3,ZONE_FACULTY_MEGASTRUCT,4,Roof,SM_FC_Roof_SolarObservatory_12x12,-10606.6,10606.6,1800.0,500.0,140.0,250.0
468,3,ZONE_FACULTY_MEGASTRUCT,0,Foundation,SM_FC_Foundation_SlopeCompensated_12x12,-10606.6,10606.6,0.0,400.0,850.0,1200.0
468,3,ZONE_FACULTY_MEGASTRUCT,1,GroundFloor,SM_FC_Ground_Lobby_Transit_12x12,-10606.6,10606.6,400.0,600.0,450.0,600.0
468,3,ZONE_FACULTY_MEGASTRUCT,2,IntermediateFloor,SM_FC_Mid_Academic_Lab_12x12,-10606.6,10606.6,1000.0,400.0,320.0,400.0
468,3,ZONE_FACULTY_MEGASTRUCT,3,IntermediateFloor,SM_FC_Mid_Faculty_Chambers_12x12,-10606.6,10606.6,1400.0,400.0,280.0,400.0
468,3,ZONE_FACULTY_MEGASTRUCT,4,Roof,SM_FC_Roof_SolarObservatory_12x12,-10606.6,10606.6,1800.0,500.0,140.0,250.0
469,3,ZONE_FACULTY_MEGASTRUCT,0,Foundation,SM_FC_Foundation_SlopeCompensated_12x12,-10606.6,10606.6,0.0,400.0,850.0,1200.0
469,3,ZONE_FACULTY_MEGASTRUCT,1,GroundFloor,SM_FC_Ground_Lobby_Transit_12x12,-10606.6,10606.6,400.0,600.0,450.0,600.0
469,3,ZONE_FACULTY_MEGASTRUCT,2,IntermediateFloor,SM_FC_Mid_Academic_Lab_12x12,-10606.6,10606.6,1000.0,400.0,320.0,400.0
469,3,ZONE_FACULTY_MEGASTRUCT,3,IntermediateFloor,SM_FC_Mid_Faculty_Chambers_12x12,-10606.6,10606.6,1400.0,400.0,280.0,400.0
469,3,ZONE_FACULTY_MEGASTRUCT,4,Roof,SM_FC_Roof_SolarObservatory_12x12,-10606.6,10606.6,1800.0,500.0,140.0,250.0
470,3,ZONE_FACULTY_MEGASTRUCT,0,Foundation,SM_FC_Foundation_SlopeCompensated_12x12,-10606.6,10606.6,0.0,400.0,850.0,1200.0
470,3,ZONE_FACULTY_MEGASTRUCT,1,GroundFloor,SM_FC_Ground_Lobby_Transit_12x12,-10606.6,10606.6,400.0,600.0,450.0,600.0
470,3,ZONE_FACULTY_MEGASTRUCT,2,IntermediateFloor,SM_FC_Mid_Academic_Lab_12x12,-10606.6,10606.6,1000.0,400.0,320.0,400.0
470,3,ZONE_FACULTY_MEGASTRUCT,3,Roof,SM_FC_Roof_SolarObservatory_12x12,-10606.6,10606.6,1400.0,500.0,140.0,250.0
471,3,ZONE_FACULTY_MEGASTRUCT,0,Foundation,SM_FC_Foundation_SlopeCompensated_12x12,-9934.38,15752.91,-78.61,400.0,850.0,1200.0
471,3,ZONE_FACULTY_MEGASTRUCT,1,GroundFloor,SM_FC_Ground_Lobby_Transit_12x12,-9934.38,15752.91,321.39,600.0,450.0,600.0
471,3,ZONE_FACULTY_MEGASTRUCT,2,IntermediateFloor,SM_FC_Mid_Academic_Lab_12x12,-9934.38,15752.91,921.39,400.0,320.0,400.0
471,3,ZONE_FACULTY_MEGASTRUCT,3,IntermediateFloor,SM_FC_Mid_Faculty_Chambers_12x12,-9934.38,15752.91,1321.39,400.0,280.0,400.0
471,3,ZONE_FACULTY_MEGASTRUCT,4,IntermediateFloor,SM_FC_Mid_Academic_Lab_12x12,-9934.38,15752.91,1721.39,400.0,320.0,400.0
471,3,ZONE_FACULTY_MEGASTRUCT,5,IntermediateFloor,SM_FC_Mid_Faculty_Chambers_12x12,-9934.38,15752.91,2121.39,400.0,280.0,400.0
471,3,ZONE_FACULTY_MEGASTRUCT,6,IntermediateFloor,SM_FC_Mid_Academic_Lab_12x12,-9934.38,15752.91,2521.39,400.0,320.0,400.0
471,3,ZONE_FACULTY_MEGASTRUCT,7,Roof,SM_FC_Roof_SolarObservatory_12x12,-9934.38,15752.91,2921.39,500.0,140.0,250.0
472,3,ZONE_FACULTY_MEGASTRUCT,0,Foundation,SM_FC_Foundation_SlopeCompensated_12x12,-11181.2,14506.08,300.12,400.0,850.0,1200.0
472,3,ZONE_FACULTY_MEGASTRUCT,1,GroundFloor,SM_FC_Ground_Lobby_Transit_12x12,-11181.2,14506.08,700.12,600.0,450.0,600.0
472,3,ZONE_FACULTY_MEGASTRUCT,2,IntermediateFloor,SM_FC_Mid_Academic_Lab_12x12,-11181.2,14506.08,1300.12,400.0,320.0,400.0
472,3,ZONE_FACULTY_MEGASTRUCT,3,IntermediateFloor,SM_FC_Mid_Faculty_Chambers_12x12,-11181.2,14506.08,1700.12,400.0,280.0,400.0
472,3,ZONE_FACULTY_MEGASTRUCT,4,IntermediateFloor,SM_FC_Mid_Academic_Lab_12x12,-11181.2,14506.08,2100.12,400.0,320.0,400.0
472,3,ZONE_FACULTY_MEGASTRUCT,5,IntermediateFloor,SM_FC_Mid_Faculty_Chambers_12x12,-11181.2,14506.08,2500.12,400.0,280.0,400.0
472,3,ZONE_FACULTY_MEGASTRUCT,6,IntermediateFloor,SM_FC_Mid_Academic_Lab_12x12,-11181.2,14506.08,2900.12,400.0,320.0,400.0
472,3,ZONE_FACULTY_MEGASTRUCT,7,Roof,SM_FC_Roof_SolarObservatory_12x12,-11181.2,14506.08,3300.12,500.0,140.0,250.0
473,3,ZONE_FACULTY_MEGASTRUCT,0,Foundation,SM_FC_Foundation_SlopeCompensated_12x12,-12428.03,13259.25,575.95,400.0,850.0,1200.0
473,3,ZONE_FACULTY_MEGASTRUCT,1,GroundFloor,SM_FC_Ground_Lobby_Transit_12x12,-12428.03,13259.25,975.95,600.0,450.0,600.0
473,3,ZONE_FACULTY_MEGASTRUCT,2,IntermediateFloor,SM_FC_Mid_Academic_Lab_12x12,-12428.03,13259.25,1575.95,400.0,320.0,400.0
473,3,ZONE_FACULTY_MEGASTRUCT,3,IntermediateFloor,SM_FC_Mid_Faculty_Chambers_12x12,-12428.03,13259.25,1975.95,400.0,280.0,400.0
473,3,ZONE_FACULTY_MEGASTRUCT,4,Roof,SM_FC_Roof_SolarObservatory_12x12,-12428.03,13259.25,2375.95,500.0,140.0,250.0
474,3,ZONE_FACULTY_MEGASTRUCT,0,Foundation,SM_FC_Foundation_SlopeCompensated_12x12,-13674.86,12012.42,495.44,400.0,850.0,1200.0
474,3,ZONE_FACULTY_MEGASTRUCT,1,GroundFloor,SM_FC_Ground_Lobby_Transit_12x12,-13674.86,12012.42,895.44,600.0,450.0,600.0
474,3,ZONE_FACULTY_MEGASTRUCT,2,IntermediateFloor,SM_FC_Mid_Academic_Lab_12x12,-13674.86,12012.42,1495.44,400.0,320.0,400.0
474,3,ZONE_FACULTY_MEGASTRUCT,3,IntermediateFloor,SM_FC_Mid_Faculty_Chambers_12x12,-13674.86,12012.42,1895.44,400.0,280.0,400.0
474,3,ZONE_FACULTY_MEGASTRUCT,4,IntermediateFloor,SM_FC_Mid_Academic_Lab_12x12,-13674.86,12012.42,2295.44,400.0,320.0,400.0
474,3,ZONE_FACULTY_MEGASTRUCT,5,IntermediateFloor,SM_FC_Mid_Faculty_Chambers_12x12,-13674.86,12012.42,2695.44,400.0,280.0,400.0
474,3,ZONE_FACULTY_MEGASTRUCT,6,IntermediateFloor,SM_FC_Mid_Academic_Lab_12x12,-13674.86,12012.42,3095.44,400.0,320.0,400.0
474,3,ZONE_FACULTY_MEGASTRUCT,7,Roof,SM_FC_Roof_SolarObservatory_12x12,-13674.86,12012.42,3495.44,500.0,140.0,250.0
475,3,ZONE_FACULTY_MEGASTRUCT,0,Foundation,SM_FC_Foundation_SlopeCompensated_12x12,-14921.69,10765.6,185.31,400.0,850.0,1200.0
475,3,ZONE_FACULTY_MEGASTRUCT,1,GroundFloor,SM_FC_Ground_Lobby_Transit_12x12,-14921.69,10765.6,585.31,600.0,450.0,600.0
475,3,ZONE_FACULTY_MEGASTRUCT,2,IntermediateFloor,SM_FC_Mid_Academic_Lab_12x12,-14921.69,10765.6,1185.31,400.0,320.0,400.0
475,3,ZONE_FACULTY_MEGASTRUCT,3,IntermediateFloor,SM_FC_Mid_Faculty_Chambers_12x12,-14921.69,10765.6,1585.31,400.0,280.0,400.0
475,3,ZONE_FACULTY_MEGASTRUCT,4,IntermediateFloor,SM_FC_Mid_Academic_Lab_12x12,-14921.69,10765.6,1985.31,400.0,320.0,400.0
475,3,ZONE_FACULTY_MEGASTRUCT,5,Roof,SM_FC_Roof_SolarObservatory_12x12,-14921.69,10765.6,2385.31,500.0,140.0,250.0
476,3,ZONE_FACULTY_MEGASTRUCT,0,Foundation,SM_FC_Foundation_SlopeCompensated_12x12,-11944.36,18217.01,65.08,400.0,850.0,1200.0
476,3,ZONE_FACULTY_MEGASTRUCT,1,GroundFloor,SM_FC_Ground_Lobby_Transit_12x12,-11944.36,18217.01,465.08,600.0,450.0,600.0
476,3,ZONE_FACULTY_MEGASTRUCT,2,IntermediateFloor,SM_FC_Mid_Academic_Lab_12x12,-11944.36,18217.01,1065.08,400.0,320.0,400.0
476,3,ZONE_FACULTY_MEGASTRUCT,3,IntermediateFloor,SM_FC_Mid_Faculty_Chambers_12x12,-11944.36,18217.01,1465.08,400.0,280.0,400.0
476,3,ZONE_FACULTY_MEGASTRUCT,4,IntermediateFloor,SM_FC_Mid_Academic_Lab_12x12,-11944.36,18217.01,1865.08,400.0,320.0,400.0
476,3,ZONE_FACULTY_MEGASTRUCT,5,IntermediateFloor,SM_FC_Mid_Faculty_Chambers_12x12,-11944.36,18217.01,2265.08,400.0,280.0,400.0
476,3,ZONE_FACULTY_MEGASTRUCT,6,IntermediateFloor,SM_FC_Mid_Academic_Lab_12x12,-11944.36,18217.01,2665.08,400.0,320.0,400.0
476,3,ZONE_FACULTY_MEGASTRUCT,7,Roof,SM_FC_Roof_SolarObservatory_12x12,-11944.36,18217.01,3065.08,500.0,140.0,250.0
477,3,ZONE_FACULTY_MEGASTRUCT,0,Foundation,SM_FC_Foundation_SlopeCompensated_12x12,-13512.52,16648.85,669.29,400.0,850.0,1200.0
477,3,ZONE_FACULTY_MEGASTRUCT,1,GroundFloor,SM_FC_Ground_Lobby_Transit_12x12,-13512.52,16648.85,1069.29,600.0,450.0,600.0
477,3,ZONE_FACULTY_MEGASTRUCT,2,IntermediateFloor,SM_FC_Mid_Academic_Lab_12x12,-13512.52,16648.85,1669.29,400.0,320.0,400.0
477,3,ZONE_FACULTY_MEGASTRUCT,3,IntermediateFloor,SM_FC_Mid_Faculty_Chambers_12x12,-13512.52,16648.85,2069.29,400.0,280.0,400.0
477,3,ZONE_FACULTY_MEGASTRUCT,4,Roof,SM_FC_Roof_SolarObservatory_12x12,-13512.52,16648.85,2469.29,500.0,140.0,250.0
478,3,ZONE_FACULTY_MEGASTRUCT,0,Foundation,SM_FC_Foundation_SlopeCompensated_12x12,-15080.68,15080.68,1068.84,400.0,850.0,1200.0
478,3,ZONE_FACULTY_MEGASTRUCT,1,GroundFloor,SM_FC_Ground_Lobby_Transit_12x12,-15080.68,15080.68,1468.84,600.0,450.0,600.0
478,3,ZONE_FACULTY_MEGASTRUCT,2,IntermediateFloor,SM_FC_Mid_Academic_Lab_12x12,-15080.68,15080.68,2068.84,400.0,320.0,400.0
478,3,ZONE_FACULTY_MEGASTRUCT,3,IntermediateFloor,SM_FC_Mid_Faculty_Chambers_12x12,-15080.68,15080.68,2468.84,400.0,280.0,400.0
478,3,ZONE_FACULTY_MEGASTRUCT,4,IntermediateFloor,SM_FC_Mid_Academic_Lab_12x12,-15080.68,15080.68,2868.84,400.0,320.0,400.0
478,3,ZONE_FACULTY_MEGASTRUCT,5,Roof,SM_FC_Roof_SolarObservatory_12x12,-15080.68,15080.68,3268.84,500.0,140.0,250.0
479,3,ZONE_FACULTY_MEGASTRUCT,0,Foundation,SM_FC_Foundation_SlopeCompensated_12x12,-16648.85,13512.52,669.29,400.0,850.0,1200.0
479,3,ZONE_FACULTY_MEGASTRUCT,1,GroundFloor,SM_FC_Ground_Lobby_Transit_12x12,-16648.85,13512.52,1069.29,600.0,450.0,600.0
479,3,ZONE_FACULTY_MEGASTRUCT,2,IntermediateFloor,SM_FC_Mid_Academic_Lab_12x12,-16648.85,13512.52,1669.29,400.0,320.0,400.0
479,3,ZONE_FACULTY_MEGASTRUCT,3,IntermediateFloor,SM_FC_Mid_Faculty_Chambers_12x12,-16648.85,13512.52,2069.29,400.0,280.0,400.0
479,3,ZONE_FACULTY_MEGASTRUCT,4,IntermediateFloor,SM_FC_Mid_Academic_Lab_12x12,-16648.85,13512.52,2469.29,400.0,320.0,400.0
479,3,ZONE_FACULTY_MEGASTRUCT,5,IntermediateFloor,SM_FC_Mid_Faculty_Chambers_12x12,-16648.85,13512.52,2869.29,400.0,280.0,400.0
479,3,ZONE_FACULTY_MEGASTRUCT,6,IntermediateFloor,SM_FC_Mid_Academic_Lab_12x12,-16648.85,13512.52,3269.29,400.0,320.0,400.0
479,3,ZONE_FACULTY_MEGASTRUCT,7,IntermediateFloor,SM_FC_Mid_Faculty_Chambers_12x12,-16648.85,13512.52,3669.29,400.0,280.0,400.0
479,3,ZONE_FACULTY_MEGASTRUCT,8,Roof,SM_FC_Roof_SolarObservatory_12x12,-16648.85,13512.52,4069.29,500.0,140.0,250.0
480,3,ZONE_FACULTY_MEGASTRUCT,0,Foundation,SM_FC_Foundation_SlopeCompensated_12x12,-18217.01,11944.36,65.08,400.0,850.0,1200.0
480,3,ZONE_FACULTY_MEGASTRUCT,1,GroundFloor,SM_FC_Ground_Lobby_Transit_12x12,-18217.01,11944.36,465.08,600.0,450.0,600.0
480,3,ZONE_FACULTY_MEGASTRUCT,2,IntermediateFloor,SM_FC_Mid_Academic_Lab_12x12,-18217.01,11944.36,1065.08,400.0,320.0,400.0
480,3,ZONE_FACULTY_MEGASTRUCT,3,Roof,SM_FC_Roof_SolarObservatory_12x12,-18217.01,11944.36,1465.08,500.0,140.0,250.0
481,3,ZONE_FACULTY_MEGASTRUCT,0,Foundation,SM_FC_Foundation_SlopeCompensated_12x12,-14168.56,20466.89,376.44,400.0,850.0,1200.0
481,3,ZONE_FACULTY_MEGASTRUCT,1,GroundFloor,SM_FC_Ground_Lobby_Transit_12x12,-14168.56,20466.89,776.44,600.0,450.0,600.0
481,3,ZONE_FACULTY_MEGASTRUCT,2,IntermediateFloor,SM_FC_Mid_Academic_Lab_12x12,-14168.56,20466.89,1376.44,400.0,320.0,400.0
481,3,ZONE_FACULTY_MEGASTRUCT,3,IntermediateFloor,SM_FC_Mid_Faculty_Chambers_12x12,-14168.56,20466.89,1776.44,400.0,280.0,400.0
481,3,ZONE_FACULTY_MEGASTRUCT,4,IntermediateFloor,SM_FC_Mid_Academic_Lab_12x12,-14168.56,20466.89,2176.44,400.0,320.0,400.0
481,3,ZONE_FACULTY_MEGASTRUCT,5,Roof,SM_FC_Roof_SolarObservatory_12x12,-14168.56,20466.89,2576.44,500.0,140.0,250.0
482,3,ZONE_FACULTY_MEGASTRUCT,0,Foundation,SM_FC_Foundation_SlopeCompensated_12x12,-16058.06,18577.39,1115.87,400.0,850.0,1200.0
482,3,ZONE_FACULTY_MEGASTRUCT,1,GroundFloor,SM_FC_Ground_Lobby_Transit_12x12,-16058.06,18577.39,1515.87,600.0,450.0,600.0
482,3,ZONE_FACULTY_MEGASTRUCT,2,IntermediateFloor,SM_FC_Mid_Academic_Lab_12x12,-16058.06,18577.39,2115.87,400.0,320.0,400.0
482,3,ZONE_FACULTY_MEGASTRUCT,3,Roof,SM_FC_Roof_SolarObservatory_12x12,-16058.06,18577.39,2515.87,500.0,140.0,250.0
483,3,ZONE_FACULTY_MEGASTRUCT,0,Foundation,SM_FC_Foundation_SlopeCompensated_12x12,-17947.56,16687.89,1294.75,400.0,850.0,1200.0
483,3,ZONE_FACULTY_MEGASTRUCT,1,GroundFloor,SM_FC_Ground_Lobby_Transit_12x12,-17947.56,16687.89,1694.75,600.0,450.0,600.0
483,3,ZONE_FACULTY_MEGASTRUCT,2,IntermediateFloor,SM_FC_Mid_Academic_Lab_12x12,-17947.56,16687.89,2294.75,400.0,320.0,400.0
483,3,ZONE_FACULTY_MEGASTRUCT,3,IntermediateFloor,SM_FC_Mid_Faculty_Chambers_12x12,-17947.56,16687.89,2694.75,400.0,280.0,400.0
483,3,ZONE_FACULTY_MEGASTRUCT,4,IntermediateFloor,SM_FC_Mid_Academic_Lab_12x12,-17947.56,16687.89,3094.75,400.0,320.0,400.0
483,3,ZONE_FACULTY_MEGASTRUCT,5,Roof,SM_FC_Roof_SolarObservatory_12x12,-17947.56,16687.89,3494.75,500.0,140.0,250.0
484,3,ZONE_FACULTY_MEGASTRUCT,0,Foundation,SM_FC_Foundation_SlopeCompensated_12x12,-19837.05,14798.39,656.72,400.0,850.0,1200.0
484,3,ZONE_FACULTY_MEGASTRUCT,1,GroundFloor,SM_FC_Ground_Lobby_Transit_12x12,-19837.05,14798.39,1056.72,600.0,450.0,600.0
484,3,ZONE_FACULTY_MEGASTRUCT,2,IntermediateFloor,SM_FC_Mid_Academic_Lab_12x12,-19837.05,14798.39,1656.72,400.0,320.0,400.0
484,3,ZONE_FACULTY_MEGASTRUCT,3,IntermediateFloor,SM_FC_Mid_Faculty_Chambers_12x12,-19837.05,14798.39,2056.72,400.0,280.0,400.0
484,3,ZONE_FACULTY_MEGASTRUCT,4,IntermediateFloor,SM_FC_Mid_Academic_Lab_12x12,-19837.05,14798.39,2456.72,400.0,320.0,400.0
484,3,ZONE_FACULTY_MEGASTRUCT,5,IntermediateFloor,SM_FC_Mid_Faculty_Chambers_12x12,-19837.05,14798.39,2856.72,400.0,280.0,400.0
484,3,ZONE_FACULTY_MEGASTRUCT,6,IntermediateFloor,SM_FC_Mid_Academic_Lab_12x12,-19837.05,14798.39,3256.72,400.0,320.0,400.0
484,3,ZONE_FACULTY_MEGASTRUCT,7,Roof,SM_FC_Roof_SolarObservatory_12x12,-19837.05,14798.39,3656.72,500.0,140.0,250.0
485,3,ZONE_FACULTY_MEGASTRUCT,0,Foundation,SM_FC_Foundation_SlopeCompensated_12x12,-21726.55,12908.89,-285.5,400.0,850.0,1200.0
485,3,ZONE_FACULTY_MEGASTRUCT,1,GroundFloor,SM_FC_Ground_Lobby_Transit_12x12,-21726.55,12908.89,114.5,600.0,450.0,600.0
485,3,ZONE_FACULTY_MEGASTRUCT,2,IntermediateFloor,SM_FC_Mid_Academic_Lab_12x12,-21726.55,12908.89,714.5,400.0,320.0,400.0
485,3,ZONE_FACULTY_MEGASTRUCT,3,IntermediateFloor,SM_FC_Mid_Faculty_Chambers_12x12,-21726.55,12908.89,1114.5,400.0,280.0,400.0
485,3,ZONE_FACULTY_MEGASTRUCT,4,IntermediateFloor,SM_FC_Mid_Academic_Lab_12x12,-21726.55,12908.89,1514.5,400.0,320.0,400.0
485,3,ZONE_FACULTY_MEGASTRUCT,5,IntermediateFloor,SM_FC_Mid_Faculty_Chambers_12x12,-21726.55,12908.89,1914.5,400.0,280.0,400.0
485,3,ZONE_FACULTY_MEGASTRUCT,6,IntermediateFloor,SM_FC_Mid_Academic_Lab_12x12,-21726.55,12908.89,2314.5,400.0,320.0,400.0
485,3,ZONE_FACULTY_MEGASTRUCT,7,IntermediateFloor,SM_FC_Mid_Faculty_Chambers_12x12,-21726.55,12908.89,2714.5,400.0,280.0,400.0
485,3,ZONE_FACULTY_MEGASTRUCT,8,Roof,SM_FC_Roof_SolarObservatory_12x12,-21726.55,12908.89,3114.5,500.0,140.0,250.0
486,3,ZONE_FACULTY_MEGASTRUCT,0,Foundation,SM_FC_Foundation_SlopeCompensated_12x12,-14396.15,24713.37,-384.17,400.0,850.0,1200.0
486,3,ZONE_FACULTY_MEGASTRUCT,1,GroundFloor,SM_FC_Ground_Lobby_Transit_12x12,-14396.15,24713.37,15.83,600.0,450.0,600.0
486,3,ZONE_FACULTY_MEGASTRUCT,2,IntermediateFloor,SM_FC_Mid_Academic_Lab_12x12,-14396.15,24713.37,615.83,400.0,320.0,400.0
486,3,ZONE_FACULTY_MEGASTRUCT,3,IntermediateFloor,SM_FC_Mid_Faculty_Chambers_12x12,-14396.15,24713.37,1015.83,400.0,280.0,400.0
486,3,ZONE_FACULTY_MEGASTRUCT,4,IntermediateFloor,SM_FC_Mid_Academic_Lab_12x12,-14396.15,24713.37,1415.83,400.0,320.0,400.0
486,3,ZONE_FACULTY_MEGASTRUCT,5,Roof,SM_FC_Roof_SolarObservatory_12x12,-14396.15,24713.37,1815.83,500.0,140.0,250.0
487,3,ZONE_FACULTY_MEGASTRUCT,0,Foundation,SM_FC_Foundation_SlopeCompensated_12x12,-16606.98,22502.54,809.6,400.0,850.0,1200.0
487,3,ZONE_FACULTY_MEGASTRUCT,1,GroundFloor,SM_FC_Ground_Lobby_Transit_12x12,-16606.98,22502.54,1209.6,600.0,450.0,600.0
487,3,ZONE_FACULTY_MEGASTRUCT,2,IntermediateFloor,SM_FC_Mid_Academic_Lab_12x12,-16606.98,22502.54,1809.6,400.0,320.0,400.0
487,3,ZONE_FACULTY_MEGASTRUCT,3,IntermediateFloor,SM_FC_Mid_Faculty_Chambers_12x12,-16606.98,22502.54,2209.6,400.0,280.0,400.0
487,3,ZONE_FACULTY_MEGASTRUCT,4,IntermediateFloor,SM_FC_Mid_Academic_Lab_12x12,-16606.98,22502.54,2609.6,400.0,320.0,400.0
487,3,ZONE_FACULTY_MEGASTRUCT,5,IntermediateFloor,SM_FC_Mid_Faculty_Chambers_12x12,-16606.98,22502.54,3009.6,400.0,280.0,400.0
487,3,ZONE_FACULTY_MEGASTRUCT,6,IntermediateFloor,SM_FC_Mid_Academic_Lab_12x12,-16606.98,22502.54,3409.6,400.0,320.0,400.0
487,3,ZONE_FACULTY_MEGASTRUCT,7,Roof,SM_FC_Roof_SolarObservatory_12x12,-16606.98,22502.54,3809.6,500.0,140.0,250.0
488,3,ZONE_FACULTY_MEGASTRUCT,0,Foundation,SM_FC_Foundation_SlopeCompensated_12x12,-18817.82,20291.71,1602.98,400.0,850.0,1200.0
488,3,ZONE_FACULTY_MEGASTRUCT,1,GroundFloor,SM_FC_Ground_Lobby_Transit_12x12,-18817.82,20291.71,2002.98,600.0,450.0,600.0
488,3,ZONE_FACULTY_MEGASTRUCT,2,IntermediateFloor,SM_FC_Mid_Academic_Lab_12x12,-18817.82,20291.71,2602.98,400.0,320.0,400.0
488,3,ZONE_FACULTY_MEGASTRUCT,3,IntermediateFloor,SM_FC_Mid_Faculty_Chambers_12x12,-18817.82,20291.71,3002.98,400.0,280.0,400.0
488,3,ZONE_FACULTY_MEGASTRUCT,4,IntermediateFloor,SM_FC_Mid_Academic_Lab_12x12,-18817.82,20291.71,3402.98,400.0,320.0,400.0
488,3,ZONE_FACULTY_MEGASTRUCT,5,IntermediateFloor,SM_FC_Mid_Faculty_Chambers_12x12,-18817.82,20291.71,3802.98,400.0,280.0,400.0
488,3,ZONE_FACULTY_MEGASTRUCT,6,IntermediateFloor,SM_FC_Mid_Academic_Lab_12x12,-18817.82,20291.71,4202.98,400.0,320.0,400.0
488,3,ZONE_FACULTY_MEGASTRUCT,7,IntermediateFloor,SM_FC_Mid_Faculty_Chambers_12x12,-18817.82,20291.71,4602.98,400.0,280.0,400.0
488,3,ZONE_FACULTY_MEGASTRUCT,8,Roof,SM_FC_Roof_SolarObservatory_12x12,-18817.82,20291.71,5002.98,500.0,140.0,250.0
489,3,ZONE_FACULTY_MEGASTRUCT,0,Foundation,SM_FC_Foundation_SlopeCompensated_12x12,-21028.65,18080.87,1383.01,400.0,850.0,1200.0
489,3,ZONE_FACULTY_MEGASTRUCT,1,GroundFloor,SM_FC_Ground_Lobby_Transit_12x12,-21028.65,18080.87,1783.01,600.0,450.0,600.0
489,3,ZONE_FACULTY_MEGASTRUCT,2,IntermediateFloor,SM_FC_Mid_Academic_Lab_12x12,-21028.65,18080.87,2383.01,400.0,320.0,400.0
489,3,ZONE_FACULTY_MEGASTRUCT,3,IntermediateFloor,SM_FC_Mid_Faculty_Chambers_12x12,-21028.65,18080.87,2783.01,400.0,280.0,400.0
489,3,ZONE_FACULTY_MEGASTRUCT,4,IntermediateFloor,SM_FC_Mid_Academic_Lab_12x12,-21028.65,18080.87,3183.01,400.0,320.0,400.0
489,3,ZONE_FACULTY_MEGASTRUCT,5,IntermediateFloor,SM_FC_Mid_Faculty_Chambers_12x12,-21028.65,18080.87,3583.01,400.0,280.0,400.0
489,3,ZONE_FACULTY_MEGASTRUCT,6,Roof,SM_FC_Roof_SolarObservatory_12x12,-21028.65,18080.87,3983.01,500.0,140.0,250.0
490,3,ZONE_FACULTY_MEGASTRUCT,0,Foundation,SM_FC_Foundation_SlopeCompensated_12x12,-23239.49,15870.04,456.16,400.0,850.0,1200.0
490,3,ZONE_FACULTY_MEGASTRUCT,1,GroundFloor,SM_FC_Ground_Lobby_Transit_12x12,-23239.49,15870.04,856.16,600.0,450.0,600.0
490,3,ZONE_FACULTY_MEGASTRUCT,2,IntermediateFloor,SM_FC_Mid_Academic_Lab_12x12,-23239.49,15870.04,1456.16,400.0,320.0,400.0
490,3,ZONE_FACULTY_MEGASTRUCT,3,IntermediateFloor,SM_FC_Mid_Faculty_Chambers_12x12,-23239.49,15870.04,1856.16,400.0,280.0,400.0
490,3,ZONE_FACULTY_MEGASTRUCT,4,IntermediateFloor,SM_FC_Mid_Academic_Lab_12x12,-23239.49,15870.04,2256.16,400.0,320.0,400.0
490,3,ZONE_FACULTY_MEGASTRUCT,5,IntermediateFloor,SM_FC_Mid_Faculty_Chambers_12x12,-23239.49,15870.04,2656.16,400.0,280.0,400.0
490,3,ZONE_FACULTY_MEGASTRUCT,6,IntermediateFloor,SM_FC_Mid_Academic_Lab_12x12,-23239.49,15870.04,3056.16,400.0,320.0,400.0
490,3,ZONE_FACULTY_MEGASTRUCT,7,Roof,SM_FC_Roof_SolarObservatory_12x12,-23239.49,15870.04,3456.16,500.0,140.0,250.0
491,3,ZONE_FACULTY_MEGASTRUCT,0,Foundation,SM_FC_Foundation_SlopeCompensated_12x12,-16727.47,26856.14,56.77,400.0,850.0,1200.0
491,3,ZONE_FACULTY_MEGASTRUCT,1,GroundFloor,SM_FC_Ground_Lobby_Transit_12x12,-16727.47,26856.14,456.77,600.0,450.0,600.0
491,3,ZONE_FACULTY_MEGASTRUCT,2,IntermediateFloor,SM_FC_Mid_Academic_Lab_12x12,-16727.47,26856.14,1056.77,400.0,320.0,400.0
491,3,ZONE_FACULTY_MEGASTRUCT,3,IntermediateFloor,SM_FC_Mid_Faculty_Chambers_12x12,-16727.47,26856.14,1456.77,400.0,280.0,400.0
491,3,ZONE_FACULTY_MEGASTRUCT,4,IntermediateFloor,SM_FC_Mid_Academic_Lab_12x12,-16727.47,26856.14,1856.77,400.0,320.0,400.0
491,3,ZONE_FACULTY_MEGASTRUCT,5,IntermediateFloor,SM_FC_Mid_Faculty_Chambers_12x12,-16727.47,26856.14,2256.77,400.0,280.0,400.0
491,3,ZONE_FACULTY_MEGASTRUCT,6,IntermediateFloor,SM_FC_Mid_Academic_Lab_12x12,-16727.47,26856.14,2656.77,400.0,320.0,400.0
491,3,ZONE_FACULTY_MEGASTRUCT,7,Roof,SM_FC_Roof_SolarObservatory_12x12,-16727.47,26856.14,3056.77,500.0,140.0,250.0
492,3,ZONE_FACULTY_MEGASTRUCT,0,Foundation,SM_FC_Foundation_SlopeCompensated_12x12,-19259.63,24323.97,1320.81,400.0,850.0,1200.0
492,3,ZONE_FACULTY_MEGASTRUCT,1,GroundFloor,SM_FC_Ground_Lobby_Transit_12x12,-19259.63,24323.97,1720.81,600.0,450.0,600.0
492,3,ZONE_FACULTY_MEGASTRUCT,2,IntermediateFloor,SM_FC_Mid_Academic_Lab_12x12,-19259.63,24323.97,2320.81,400.0,320.0,400.0
492,3,ZONE_FACULTY_MEGASTRUCT,3,IntermediateFloor,SM_FC_Mid_Faculty_Chambers_12x12,-19259.63,24323.97,2720.81,400.0,280.0,400.0
492,3,ZONE_FACULTY_MEGASTRUCT,4,IntermediateFloor,SM_FC_Mid_Academic_Lab_12x12,-19259.63,24323.97,3120.81,400.0,320.0,400.0
492,3,ZONE_FACULTY_MEGASTRUCT,5,IntermediateFloor,SM_FC_Mid_Faculty_Chambers_12x12,-19259.63,24323.97,3520.81,400.0,280.0,400.0
492,3,ZONE_FACULTY_MEGASTRUCT,6,Roof,SM_FC_Roof_SolarObservatory_12x12,-19259.63,24323.97,3920.81,500.0,140.0,250.0
493,3,ZONE_FACULTY_MEGASTRUCT,0,Foundation,SM_FC_Foundation_SlopeCompensated_12x12,-21791.8,21791.8,2092.66,400.0,850.0,1200.0
493,3,ZONE_FACULTY_MEGASTRUCT,1,GroundFloor,SM_FC_Ground_Lobby_Transit_12x12,-21791.8,21791.8,2492.66,600.0,450.0,600.0
493,3,ZONE_FACULTY_MEGASTRUCT,2,IntermediateFloor,SM_FC_Mid_Academic_Lab_12x12,-21791.8,21791.8,3092.66,400.0,320.0,400.0
493,3,ZONE_FACULTY_MEGASTRUCT,3,IntermediateFloor,SM_FC_Mid_Faculty_Chambers_12x12,-21791.8,21791.8,3492.66,400.0,280.0,400.0
493,3,ZONE_FACULTY_MEGASTRUCT,4,Roof,SM_FC_Roof_SolarObservatory_12x12,-21791.8,21791.8,3892.66,500.0,140.0,250.0
494,3,ZONE_FACULTY_MEGASTRUCT,0,Foundation,SM_FC_Foundation_SlopeCompensated_12x12,-24323.97,19259.63,1320.81,400.0,850.0,1200.0
494,3,ZONE_FACULTY_MEGASTRUCT,1,GroundFloor,SM_FC_Ground_Lobby_Transit_12x12,-24323.97,19259.63,1720.81,600.0,450.0,600.0
494,3,ZONE_FACULTY_MEGASTRUCT,2,IntermediateFloor,SM_FC_Mid_Academic_Lab_12x12,-24323.97,19259.63,2320.81,400.0,320.0,400.0
494,3,ZONE_FACULTY_MEGASTRUCT,3,IntermediateFloor,SM_FC_Mid_Faculty_Chambers_12x12,-24323.97,19259.63,2720.81,400.0,280.0,400.0
494,3,ZONE_FACULTY_MEGASTRUCT,4,IntermediateFloor,SM_FC_Mid_Academic_Lab_12x12,-24323.97,19259.63,3120.81,400.0,320.0,400.0
494,3,ZONE_FACULTY_MEGASTRUCT,5,Roof,SM_FC_Roof_SolarObservatory_12x12,-24323.97,19259.63,3520.81,500.0,140.0,250.0
495,3,ZONE_FACULTY_MEGASTRUCT,0,Foundation,SM_FC_Foundation_SlopeCompensated_12x12,-26856.14,16727.47,56.77,400.0,850.0,1200.0
495,3,ZONE_FACULTY_MEGASTRUCT,1,GroundFloor,SM_FC_Ground_Lobby_Transit_12x12,-26856.14,16727.47,456.77,600.0,450.0,600.0
495,3,ZONE_FACULTY_MEGASTRUCT,2,IntermediateFloor,SM_FC_Mid_Academic_Lab_12x12,-26856.14,16727.47,1056.77,400.0,320.0,400.0
495,3,ZONE_FACULTY_MEGASTRUCT,3,IntermediateFloor,SM_FC_Mid_Faculty_Chambers_12x12,-26856.14,16727.47,1456.77,400.0,280.0,400.0
495,3,ZONE_FACULTY_MEGASTRUCT,4,Roof,SM_FC_Roof_SolarObservatory_12x12,-26856.14,16727.47,1856.77,500.0,140.0,250.0
496,3,ZONE_FACULTY_MEGASTRUCT,0,Foundation,SM_FC_Foundation_SlopeCompensated_12x12,-19273.0,28784.68,609.2,400.0,850.0,1200.0
496,3,ZONE_FACULTY_MEGASTRUCT,1,GroundFloor,SM_FC_Ground_Lobby_Transit_12x12,-19273.0,28784.68,1009.2,600.0,450.0,600.0
496,3,ZONE_FACULTY_MEGASTRUCT,2,IntermediateFloor,SM_FC_Mid_Academic_Lab_12x12,-19273.0,28784.68,1609.2,400.0,320.0,400.0
496,3,ZONE_FACULTY_MEGASTRUCT,3,IntermediateFloor,SM_FC_Mid_Faculty_Chambers_12x12,-19273.0,28784.68,2009.2,400.0,280.0,400.0
496,3,ZONE_FACULTY_MEGASTRUCT,4,IntermediateFloor,SM_FC_Mid_Academic_Lab_12x12,-19273.0,28784.68,2409.2,400.0,320.0,400.0
496,3,ZONE_FACULTY_MEGASTRUCT,5,IntermediateFloor,SM_FC_Mid_Faculty_Chambers_12x12,-19273.0,28784.68,2809.2,400.0,280.0,400.0
496,3,ZONE_FACULTY_MEGASTRUCT,6,Roof,SM_FC_Roof_SolarObservatory_12x12,-19273.0,28784.68,3209.2,500.0,140.0,250.0
497,3,ZONE_FACULTY_MEGASTRUCT,0,Foundation,SM_FC_Foundation_SlopeCompensated_12x12,-22126.51,25931.18,1868.28,400.0,850.0,1200.0
497,3,ZONE_FACULTY_MEGASTRUCT,1,GroundFloor,SM_FC_Ground_Lobby_Transit_12x12,-22126.51,25931.18,2268.28,600.0,450.0,600.0
497,3,ZONE_FACULTY_MEGASTRUCT,2,IntermediateFloor,SM_FC_Mid_Academic_Lab_12x12,-22126.51,25931.18,2868.28,400.0,320.0,400.0
497,3,ZONE_FACULTY_MEGASTRUCT,3,IntermediateFloor,SM_FC_Mid_Faculty_Chambers_12x12,-22126.51,25931.18,3268.28,400.0,280.0,400.0
497,3,ZONE_FACULTY_MEGASTRUCT,4,IntermediateFloor,SM_FC_Mid_Academic_Lab_12x12,-22126.51,25931.18,3668.28,400.0,320.0,400.0
497,3,ZONE_FACULTY_MEGASTRUCT,5,IntermediateFloor,SM_FC_Mid_Faculty_Chambers_12x12,-22126.51,25931.18,4068.28,400.0,280.0,400.0
497,3,ZONE_FACULTY_MEGASTRUCT,6,Roof,SM_FC_Roof_SolarObservatory_12x12,-22126.51,25931.18,4468.28,500.0,140.0,250.0
498,3,ZONE_FACULTY_MEGASTRUCT,0,Foundation,SM_FC_Foundation_SlopeCompensated_12x12,-24980.01,23077.68,2159.39,400.0,850.0,1200.0
498,3,ZONE_FACULTY_MEGASTRUCT,1,GroundFloor,SM_FC_Ground_Lobby_Transit_12x12,-24980.01,23077.68,2559.39,600.0,450.0,600.0
498,3,ZONE_FACULTY_MEGASTRUCT,2,IntermediateFloor,SM_FC_Mid_Academic_Lab_12x12,-24980.01,23077.68,3159.39,400.0,320.0,400.0
498,3,ZONE_FACULTY_MEGASTRUCT,3,IntermediateFloor,SM_FC_Mid_Faculty_Chambers_12x12,-24980.01,23077.68,3559.39,400.0,280.0,400.0
498,3,ZONE_FACULTY_MEGASTRUCT,4,Roof,SM_FC_Roof_SolarObservatory_12x12,-24980.01,23077.68,3959.39,500.0,140.0,250.0
499,3,ZONE_FACULTY_MEGASTRUCT,0,Foundation,SM_FC_Foundation_SlopeCompensated_12x12,-27833.52,20224.17,1093.18,400.0,850.0,1200.0
499,3,ZONE_FACULTY_MEGASTRUCT,1,GroundFloor,SM_FC_Ground_Lobby_Transit_12x12,-27833.52,20224.17,1493.18,600.0,450.0,600.0
499,3,ZONE_FACULTY_MEGASTRUCT,2,IntermediateFloor,SM_FC_Mid_Academic_Lab_12x12,-27833.52,20224.17,2093.18,400.0,320.0,400.0
499,3,ZONE_FACULTY_MEGASTRUCT,3,IntermediateFloor,SM_FC_Mid_Faculty_Chambers_12x12,-27833.52,20224.17,2493.18,400.0,280.0,400.0
499,3,ZONE_FACULTY_MEGASTRUCT,4,IntermediateFloor,SM_FC_Mid_Academic_Lab_12x12,-27833.52,20224.17,2893.18,400.0,320.0,400.0
499,3,ZONE_FACULTY_MEGASTRUCT,5,Roof,SM_FC_Roof_SolarObservatory_12x12,-27833.52,20224.17,3293.18,500.0,140.0,250.0
500,3,ZONE_FACULTY_MEGASTRUCT,0,Foundation,SM_FC_Foundation_SlopeCompensated_12x12,-30687.02,17370.67,-551.63,400.0,850.0,1200.0
500,3,ZONE_FACULTY_MEGASTRUCT,1,GroundFloor,SM_FC_Ground_Lobby_Transit_12x12,-30687.02,17370.67,-151.63,600.0,450.0,600.0
500,3,ZONE_FACULTY_MEGASTRUCT,2,IntermediateFloor,SM_FC_Mid_Academic_Lab_12x12,-30687.02,17370.67,448.37,400.0,320.0,400.0
500,3,ZONE_FACULTY_MEGASTRUCT,3,IntermediateFloor,SM_FC_Mid_Faculty_Chambers_12x12,-30687.02,17370.67,848.37,400.0,280.0,400.0
500,3,ZONE_FACULTY_MEGASTRUCT,4,IntermediateFloor,SM_FC_Mid_Academic_Lab_12x12,-30687.02,17370.67,1248.37,400.0,320.0,400.0
500,3,ZONE_FACULTY_MEGASTRUCT,5,Roof,SM_FC_Roof_SolarObservatory_12x12,-30687.02,17370.67,1648.37,500.0,140.0,250.0
501,3,ZONE_FACULTY_MEGASTRUCT,0,Foundation,SM_FC_Foundation_SlopeCompensated_12x12,-18857.93,33673.84,-614.37,400.0,850.0,1200.0
501,3,ZONE_FACULTY_MEGASTRUCT,1,GroundFloor,SM_FC_Ground_Lobby_Transit_12x12,-18857.93,33673.84,-214.37,600.0,450.0,600.0
501,3,ZONE_FACULTY_MEGASTRUCT,2,IntermediateFloor,SM_FC_Mid_Academic_Lab_12x12,-18857.93,33673.84,385.63,400.0,320.0,400.0
501,3,ZONE_FACULTY_MEGASTRUCT,3,IntermediateFloor,SM_FC_Mid_Faculty_Chambers_12x12,-18857.93,33673.84,785.63,400.0,280.0,400.0
501,3,ZONE_FACULTY_MEGASTRUCT,4,IntermediateFloor,SM_FC_Mid_Academic_Lab_12x12,-18857.93,33673.84,1185.63,400.0,320.0,400.0
501,3,ZONE_FACULTY_MEGASTRUCT,5,Roof,SM_FC_Roof_SolarObservatory_12x12,-18857.93,33673.84,1585.63,500.0,140.0,250.0
502,3,ZONE_FACULTY_MEGASTRUCT,0,Foundation,SM_FC_Foundation_SlopeCompensated_12x12,-22032.77,30499.0,1228.59,400.0,850.0,1200.0
502,3,ZONE_FACULTY_MEGASTRUCT,1,GroundFloor,SM_FC_Ground_Lobby_Transit_12x12,-22032.77,30499.0,1628.59,600.0,450.0,600.0
502,3,ZONE_FACULTY_MEGASTRUCT,2,IntermediateFloor,SM_FC_Mid_Academic_Lab_12x12,-22032.77,30499.0,2228.59,400.0,320.0,400.0
502,3,ZONE_FACULTY_MEGASTRUCT,3,IntermediateFloor,SM_FC_Mid_Faculty_Chambers_12x12,-22032.77,30499.0,2628.59,400.0,280.0,400.0
502,3,ZONE_FACULTY_MEGASTRUCT,4,IntermediateFloor,SM_FC_Mid_Academic_Lab_12x12,-22032.77,30499.0,3028.59,400.0,320.0,400.0
502,3,ZONE_FACULTY_MEGASTRUCT,5,IntermediateFloor,SM_FC_Mid_Faculty_Chambers_12x12,-22032.77,30499.0,3428.59,400.0,280.0,400.0
502,3,ZONE_FACULTY_MEGASTRUCT,6,IntermediateFloor,SM_FC_Mid_Academic_Lab_12x12,-22032.77,30499.0,3828.59,400.0,320.0,400.0
502,3,ZONE_FACULTY_MEGASTRUCT,7,IntermediateFloor,SM_FC_Mid_Faculty_Chambers_12x12,-22032.77,30499.0,4228.59,400.0,280.0,400.0
502,3,ZONE_FACULTY_MEGASTRUCT,8,Roof,SM_FC_Roof_SolarObservatory_12x12,-22032.77,30499.0,4628.59,500.0,140.0,250.0
503,3,ZONE_FACULTY_MEGASTRUCT,0,Foundation,SM_FC_Foundation_SlopeCompensated_12x12,-25207.6,27324.16,2412.87,400.0,850.0,1200.0
503,3,ZONE_FACULTY_MEGASTRUCT,1,GroundFloor,SM_FC_Ground_Lobby_Transit_12x12,-25207.6,27324.16,2812.87,600.0,450.0,600.0
503,3,ZONE_FACULTY_MEGASTRUCT,2,IntermediateFloor,SM_FC_Mid_Academic_Lab_12x12,-25207.6,27324.16,3412.87,400.0,320.0,400.0
503,3,ZONE_FACULTY_MEGASTRUCT,3,IntermediateFloor,SM_FC_Mid_Faculty_Chambers_12x12,-25207.6,27324.16,3812.87,400.0,280.0,400.0
503,3,ZONE_FACULTY_MEGASTRUCT,4,Roof,SM_FC_Roof_SolarObservatory_12x12,-25207.6,27324.16,4212.87,500.0,140.0,250.0
504,3,ZONE_FACULTY_MEGASTRUCT,0,Foundation,SM_FC_Foundation_SlopeCompensated_12x12,-28382.44,24149.32,2091.29,400.0,850.0,1200.0
504,3,ZONE_FACULTY_MEGASTRUCT,1,GroundFloor,SM_FC_Ground_Lobby_Transit_12x12,-28382.44,24149.32,2491.29,600.0,450.0,600.0
504,3,ZONE_FACULTY_MEGASTRUCT,2,IntermediateFloor,SM_FC_Mid_Academic_Lab_12x12,-28382.44,24149.32,3091.29,400.0,320.0,400.0
504,3,ZONE_FACULTY_MEGASTRUCT,3,IntermediateFloor,SM_FC_Mid_Faculty_Chambers_12x12,-28382.44,24149.32,3491.29,400.0,280.0,400.0
504,3,ZONE_FACULTY_MEGASTRUCT,4,Roof,SM_FC_Roof_SolarObservatory_12x12,-28382.44,24149.32,3891.29,500.0,140.0,250.0
505,3,ZONE_FACULTY_MEGASTRUCT,0,Foundation,SM_FC_Foundation_SlopeCompensated_12x12,-31557.28,20974.49,687.45,400.0,850.0,1200.0
505,3,ZONE_FACULTY_MEGASTRUCT,1,GroundFloor,SM_FC_Ground_Lobby_Transit_12x12,-31557.28,20974.49,1087.45,600.0,450.0,600.0
505,3,ZONE_FACULTY_MEGASTRUCT,2,IntermediateFloor,SM_FC_Mid_Academic_Lab_12x12,-31557.28,20974.49,1687.45,400.0,320.0,400.0
505,3,ZONE_FACULTY_MEGASTRUCT,3,IntermediateFloor,SM_FC_Mid_Faculty_Chambers_12x12,-31557.28,20974.49,2087.45,400.0,280.0,400.0
505,3,ZONE_FACULTY_MEGASTRUCT,4,Roof,SM_FC_Roof_SolarObservatory_12x12,-31557.28,20974.49,2487.45,500.0,140.0,250.0
506,3,ZONE_FACULTY_MEGASTRUCT,0,Foundation,SM_FC_Foundation_SlopeCompensated_12x12,-21510.58,35495.27,95.44,400.0,850.0,1200.0
506,3,ZONE_FACULTY_MEGASTRUCT,1,GroundFloor,SM_FC_Ground_Lobby_Transit_12x12,-21510.58,35495.27,495.44,600.0,450.0,600.0
506,3,ZONE_FACULTY_MEGASTRUCT,2,IntermediateFloor,SM_FC_Mid_Academic_Lab_12x12,-21510.58,35495.27,1095.44,400.0,320.0,400.0
506,3,ZONE_FACULTY_MEGASTRUCT,3,IntermediateFloor,SM_FC_Mid_Faculty_Chambers_12x12,-21510.58,35495.27,1495.44,400.0,280.0,400.0
506,3,ZONE_FACULTY_MEGASTRUCT,4,IntermediateFloor,SM_FC_Mid_Academic_Lab_12x12,-21510.58,35495.27,1895.44,400.0,320.0,400.0
506,3,ZONE_FACULTY_MEGASTRUCT,5,IntermediateFloor,SM_FC_Mid_Faculty_Chambers_12x12,-21510.58,35495.27,2295.44,400.0,280.0,400.0
506,3,ZONE_FACULTY_MEGASTRUCT,6,IntermediateFloor,SM_FC_Mid_Academic_Lab_12x12,-21510.58,35495.27,2695.44,400.0,320.0,400.0
506,3,ZONE_FACULTY_MEGASTRUCT,7,IntermediateFloor,SM_FC_Mid_Faculty_Chambers_12x12,-21510.58,35495.27,3095.44,400.0,280.0,400.0
506,3,ZONE_FACULTY_MEGASTRUCT,8,Roof,SM_FC_Roof_SolarObservatory_12x12,-21510.58,35495.27,3495.44,500.0,140.0,250.0
507,3,ZONE_FACULTY_MEGASTRUCT,0,Foundation,SM_FC_Foundation_SlopeCompensated_12x12,-25006.75,31999.1,1872.96,400.0,850.0,1200.0
507,3,ZONE_FACULTY_MEGASTRUCT,1,GroundFloor,SM_FC_Ground_Lobby_Transit_12x12,-25006.75,31999.1,2272.96,600.0,450.0,600.0
507,3,ZONE_FACULTY_MEGASTRUCT,2,IntermediateFloor,SM_FC_Mid_Academic_Lab_12x12,-25006.75,31999.1,2872.96,400.0,320.0,400.0
507,3,ZONE_FACULTY_MEGASTRUCT,3,IntermediateFloor,SM_FC_Mid_Faculty_Chambers_12x12,-25006.75,31999.1,3272.96,400.0,280.0,400.0
507,3,ZONE_FACULTY_MEGASTRUCT,4,IntermediateFloor,SM_FC_Mid_Academic_Lab_12x12,-25006.75,31999.1,3672.96,400.0,320.0,400.0
507,3,ZONE_FACULTY_MEGASTRUCT,5,IntermediateFloor,SM_FC_Mid_Faculty_Chambers_12x12,-25006.75,31999.1,4072.96,400.0,280.0,400.0
507,3,ZONE_FACULTY_MEGASTRUCT,6,IntermediateFloor,SM_FC_Mid_Academic_Lab_12x12,-25006.75,31999.1,4472.96,400.0,320.0,400.0
507,3,ZONE_FACULTY_MEGASTRUCT,7,Roof,SM_FC_Roof_SolarObservatory_12x12,-25006.75,31999.1,4872.96,500.0,140.0,250.0
508,3,ZONE_FACULTY_MEGASTRUCT,0,Foundation,SM_FC_Foundation_SlopeCompensated_12x12,-28502.92,28502.92,2918.95,400.0,850.0,1200.0
508,3,ZONE_FACULTY_MEGASTRUCT,1,GroundFloor,SM_FC_Ground_Lobby_Transit_12x12,-28502.92,28502.92,3318.95,600.0,450.0,600.0
508,3,ZONE_FACULTY_MEGASTRUCT,2,IntermediateFloor,SM_FC_Mid_Academic_Lab_12x12,-28502.92,28502.92,3918.95,400.0,320.0,400.0
508,3,ZONE_FACULTY_MEGASTRUCT,3,IntermediateFloor,SM_FC_Mid_Faculty_Chambers_12x12,-28502.92,28502.92,4318.95,400.0,280.0,400.0
508,3,ZONE_FACULTY_MEGASTRUCT,4,IntermediateFloor,SM_FC_Mid_Academic_Lab_12x12,-28502.92,28502.92,4718.95,400.0,320.0,400.0
508,3,ZONE_FACULTY_MEGASTRUCT,5,IntermediateFloor,SM_FC_Mid_Faculty_Chambers_12x12,-28502.92,28502.92,5118.95,400.0,280.0,400.0
508,3,ZONE_FACULTY_MEGASTRUCT,6,IntermediateFloor,SM_FC_Mid_Academic_Lab_12x12,-28502.92,28502.92,5518.95,400.0,320.0,400.0
508,3,ZONE_FACULTY_MEGASTRUCT,7,Roof,SM_FC_Roof_SolarObservatory_12x12,-28502.92,28502.92,5918.95,500.0,140.0,250.0
509,3,ZONE_FACULTY_MEGASTRUCT,0,Foundation,SM_FC_Foundation_SlopeCompensated_12x12,-31999.1,25006.75,1872.96,400.0,850.0,1200.0
509,3,ZONE_FACULTY_MEGASTRUCT,1,GroundFloor,SM_FC_Ground_Lobby_Transit_12x12,-31999.1,25006.75,2272.96,600.0,450.0,600.0
509,3,ZONE_FACULTY_MEGASTRUCT,2,IntermediateFloor,SM_FC_Mid_Academic_Lab_12x12,-31999.1,25006.75,2872.96,400.0,320.0,400.0
509,3,ZONE_FACULTY_MEGASTRUCT,3,Roof,SM_FC_Roof_SolarObservatory_12x12,-31999.1,25006.75,3272.96,500.0,140.0,250.0
510,3,ZONE_FACULTY_MEGASTRUCT,0,Foundation,SM_FC_Foundation_SlopeCompensated_12x12,-35495.27,21510.58,95.44,400.0,850.0,1200.0
510,3,ZONE_FACULTY_MEGASTRUCT,1,GroundFloor,SM_FC_Ground_Lobby_Transit_12x12,-35495.27,21510.58,495.44,600.0,450.0,600.0
510,3,ZONE_FACULTY_MEGASTRUCT,2,IntermediateFloor,SM_FC_Mid_Academic_Lab_12x12,-35495.27,21510.58,1095.44,400.0,320.0,400.0
510,3,ZONE_FACULTY_MEGASTRUCT,3,IntermediateFloor,SM_FC_Mid_Faculty_Chambers_12x12,-35495.27,21510.58,1495.44,400.0,280.0,400.0
510,3,ZONE_FACULTY_MEGASTRUCT,4,IntermediateFloor,SM_FC_Mid_Academic_Lab_12x12,-35495.27,21510.58,1895.44,400.0,320.0,400.0
510,3,ZONE_FACULTY_MEGASTRUCT,5,IntermediateFloor,SM_FC_Mid_Faculty_Chambers_12x12,-35495.27,21510.58,2295.44,400.0,280.0,400.0
510,3,ZONE_FACULTY_MEGASTRUCT,6,Roof,SM_FC_Roof_SolarObservatory_12x12,-35495.27,21510.58,2695.44,500.0,140.0,250.0
511,3,ZONE_FACULTY_MEGASTRUCT,0,Foundation,SM_FC_Foundation_SlopeCompensated_12x12,-24377.45,37102.48,855.9,400.0,850.0,1200.0
511,3,ZONE_FACULTY_MEGASTRUCT,1,GroundFloor,SM_FC_Ground_Lobby_Transit_12x12,-24377.45,37102.48,1255.9,600.0,450.0,600.0
511,3,ZONE_FACULTY_MEGASTRUCT,2,IntermediateFloor,SM_FC_Mid_Academic_Lab_12x12,-24377.45,37102.48,1855.9,400.0,320.0,400.0
511,3,ZONE_FACULTY_MEGASTRUCT,3,Roof,SM_FC_Roof_SolarObservatory_12x12,-24377.45,37102.48,2255.9,500.0,140.0,250.0
512,3,ZONE_FACULTY_MEGASTRUCT,0,Foundation,SM_FC_Foundation_SlopeCompensated_12x12,-28194.96,33284.97,2503.84,400.0,850.0,1200.0
512,3,ZONE_FACULTY_MEGASTRUCT,1,GroundFloor,SM_FC_Ground_Lobby_Transit_12x12,-28194.96,33284.97,2903.84,600.0,450.0,600.0
512,3,ZONE_FACULTY_MEGASTRUCT,2,IntermediateFloor,SM_FC_Mid_Academic_Lab_12x12,-28194.96,33284.97,3503.84,400.0,320.0,400.0
512,3,ZONE_FACULTY_MEGASTRUCT,3,IntermediateFloor,SM_FC_Mid_Faculty_Chambers_12x12,-28194.96,33284.97,3903.84,400.0,280.0,400.0
512,3,ZONE_FACULTY_MEGASTRUCT,4,IntermediateFloor,SM_FC_Mid_Academic_Lab_12x12,-28194.96,33284.97,4303.84,400.0,320.0,400.0
512,3,ZONE_FACULTY_MEGASTRUCT,5,IntermediateFloor,SM_FC_Mid_Faculty_Chambers_12x12,-28194.96,33284.97,4703.84,400.0,280.0,400.0
512,3,ZONE_FACULTY_MEGASTRUCT,6,IntermediateFloor,SM_FC_Mid_Academic_Lab_12x12,-28194.96,33284.97,5103.84,400.0,320.0,400.0
512,3,ZONE_FACULTY_MEGASTRUCT,7,IntermediateFloor,SM_FC_Mid_Faculty_Chambers_12x12,-28194.96,33284.97,5503.84,400.0,280.0,400.0
512,3,ZONE_FACULTY_MEGASTRUCT,8,Roof,SM_FC_Roof_SolarObservatory_12x12,-28194.96,33284.97,5903.84,500.0,140.0,250.0
513,3,ZONE_FACULTY_MEGASTRUCT,0,Foundation,SM_FC_Foundation_SlopeCompensated_12x12,-32012.47,29467.46,2876.18,400.0,850.0,1200.0
513,3,ZONE_FACULTY_MEGASTRUCT,1,GroundFloor,SM_FC_Ground_Lobby_Transit_12x12,-32012.47,29467.46,3276.18,600.0,450.0,600.0
513,3,ZONE_FACULTY_MEGASTRUCT,2,IntermediateFloor,SM_FC_Mid_Academic_Lab_12x12,-32012.47,29467.46,3876.18,400.0,320.0,400.0
513,3,ZONE_FACULTY_MEGASTRUCT,3,IntermediateFloor,SM_FC_Mid_Faculty_Chambers_12x12,-32012.47,29467.46,4276.18,400.0,280.0,400.0
513,3,ZONE_FACULTY_MEGASTRUCT,4,IntermediateFloor,SM_FC_Mid_Academic_Lab_12x12,-32012.47,29467.46,4676.18,400.0,320.0,400.0
513,3,ZONE_FACULTY_MEGASTRUCT,5,IntermediateFloor,SM_FC_Mid_Faculty_Chambers_12x12,-32012.47,29467.46,5076.18,400.0,280.0,400.0
513,3,ZONE_FACULTY_MEGASTRUCT,6,Roof,SM_FC_Roof_SolarObservatory_12x12,-32012.47,29467.46,5476.18,500.0,140.0,250.0
514,3,ZONE_FACULTY_MEGASTRUCT,0,Foundation,SM_FC_Foundation_SlopeCompensated_12x12,-35829.98,25649.95,1493.7,400.0,850.0,1200.0
514,3,ZONE_FACULTY_MEGASTRUCT,1,GroundFloor,SM_FC_Ground_Lobby_Transit_12x12,-35829.98,25649.95,1893.7,600.0,450.0,600.0
514,3,ZONE_FACULTY_MEGASTRUCT,2,IntermediateFloor,SM_FC_Mid_Academic_Lab_12x12,-35829.98,25649.95,2493.7,400.0,320.0,400.0
514,3,ZONE_FACULTY_MEGASTRUCT,3,IntermediateFloor,SM_FC_Mid_Faculty_Chambers_12x12,-35829.98,25649.95,2893.7,400.0,280.0,400.0
514,3,ZONE_FACULTY_MEGASTRUCT,4,IntermediateFloor,SM_FC_Mid_Academic_Lab_12x12,-35829.98,25649.95,3293.7,400.0,320.0,400.0
514,3,ZONE_FACULTY_MEGASTRUCT,5,Roof,SM_FC_Roof_SolarObservatory_12x12,-35829.98,25649.95,3693.7,500.0,140.0,250.0
515,3,ZONE_FACULTY_MEGASTRUCT,0,Foundation,SM_FC_Foundation_SlopeCompensated_12x12,-39647.49,21832.44,-685.15,400.0,850.0,1200.0
515,3,ZONE_FACULTY_MEGASTRUCT,1,GroundFloor,SM_FC_Ground_Lobby_Transit_12x12,-39647.49,21832.44,-285.15,600.0,450.0,600.0
515,3,ZONE_FACULTY_MEGASTRUCT,2,IntermediateFloor,SM_FC_Mid_Academic_Lab_12x12,-39647.49,21832.44,314.85,400.0,320.0,400.0
515,3,ZONE_FACULTY_MEGASTRUCT,3,IntermediateFloor,SM_FC_Mid_Faculty_Chambers_12x12,-39647.49,21832.44,714.85,400.0,280.0,400.0
515,3,ZONE_FACULTY_MEGASTRUCT,4,Roof,SM_FC_Roof_SolarObservatory_12x12,-39647.49,21832.44,1114.85,500.0,140.0,250.0
516,3,ZONE_FACULTY_MEGASTRUCT,0,Foundation,SM_FC_Foundation_SlopeCompensated_12x12,-23319.7,42634.31,-688.94,400.0,850.0,1200.0
516,3,ZONE_FACULTY_MEGASTRUCT,1,GroundFloor,SM_FC_Ground_Lobby_Transit_12x12,-23319.7,42634.31,-288.94,600.0,450.0,600.0
516,3,ZONE_FACULTY_MEGASTRUCT,2,IntermediateFloor,SM_FC_Mid_Academic_Lab_12x12,-23319.7,42634.31,311.06,400.0,320.0,400.0
516,3,ZONE_FACULTY_MEGASTRUCT,3,Roof,SM_FC_Roof_SolarObservatory_12x12,-23319.7,42634.31,711.06,500.0,140.0,250.0
517,3,ZONE_FACULTY_MEGASTRUCT,0,Foundation,SM_FC_Foundation_SlopeCompensated_12x12,-27458.55,38495.46,1625.32,400.0,850.0,1200.0
517,3,ZONE_FACULTY_MEGASTRUCT,1,GroundFloor,SM_FC_Ground_Lobby_Transit_12x12,-27458.55,38495.46,2025.32,600.0,450.0,600.0
517,3,ZONE_FACULTY_MEGASTRUCT,2,IntermediateFloor,SM_FC_Mid_Academic_Lab_12x12,-27458.55,38495.46,2625.32,400.0,320.0,400.0
517,3,ZONE_FACULTY_MEGASTRUCT,3,Roof,SM_FC_Roof_SolarObservatory_12x12,-27458.55,38495.46,3025.32,500.0,140.0,250.0
518,3,ZONE_FACULTY_MEGASTRUCT,0,Foundation,SM_FC_Foundation_SlopeCompensated_12x12,-31597.39,34356.62,3087.1,400.0,850.0,1200.0
518,3,ZONE_FACULTY_MEGASTRUCT,1,GroundFloor,SM_FC_Ground_Lobby_Transit_12x12,-31597.39,34356.62,3487.1,600.0,450.0,600.0
518,3,ZONE_FACULTY_MEGASTRUCT,2,IntermediateFloor,SM_FC_Mid_Academic_Lab_12x12,-31597.39,34356.62,4087.1,400.0,320.0,400.0
518,3,ZONE_FACULTY_MEGASTRUCT,3,Roof,SM_FC_Roof_SolarObservatory_12x12,-31597.39,34356.62,4487.1,500.0,140.0,250.0
519,3,ZONE_FACULTY_MEGASTRUCT,0,Foundation,SM_FC_Foundation_SlopeCompensated_12x12,-35736.23,30217.77,2694.56,400.0,850.0,1200.0
519,3,ZONE_FACULTY_MEGASTRUCT,1,GroundFloor,SM_FC_Ground_Lobby_Transit_12x12,-35736.23,30217.77,3094.56,600.0,450.0,600.0
519,3,ZONE_FACULTY_MEGASTRUCT,2,IntermediateFloor,SM_FC_Mid_Academic_Lab_12x12,-35736.23,30217.77,3694.56,400.0,320.0,400.0
519,3,ZONE_FACULTY_MEGASTRUCT,3,IntermediateFloor,SM_FC_Mid_Faculty_Chambers_12x12,-35736.23,30217.77,4094.56,400.0,280.0,400.0
519,3,ZONE_FACULTY_MEGASTRUCT,4,Roof,SM_FC_Roof_SolarObservatory_12x12,-35736.23,30217.77,4494.56,500.0,140.0,250.0
520,3,ZONE_FACULTY_MEGASTRUCT,0,Foundation,SM_FC_Foundation_SlopeCompensated_12x12,-39875.08,26078.93,948.62,400.0,850.0,1200.0
520,3,ZONE_FACULTY_MEGASTRUCT,1,GroundFloor,SM_FC_Ground_Lobby_Transit_12x12,-39875.08,26078.93,1348.62,600.0,450.0,600.0
520,3,ZONE_FACULTY_MEGASTRUCT,2,IntermediateFloor,SM_FC_Mid_Academic_Lab_12x12,-39875.08,26078.93,1948.62,400.0,320.0,400.0
520,3,ZONE_FACULTY_MEGASTRUCT,3,IntermediateFloor,SM_FC_Mid_Faculty_Chambers_12x12,-39875.08,26078.93,2348.62,400.0,280.0,400.0
520,3,ZONE_FACULTY_MEGASTRUCT,4,IntermediateFloor,SM_FC_Mid_Academic_Lab_12x12,-39875.08,26078.93,2748.62,400.0,320.0,400.0
520,3,ZONE_FACULTY_MEGASTRUCT,5,IntermediateFloor,SM_FC_Mid_Faculty_Chambers_12x12,-39875.08,26078.93,3148.62,400.0,280.0,400.0
520,3,ZONE_FACULTY_MEGASTRUCT,6,Roof,SM_FC_Roof_SolarObservatory_12x12,-39875.08,26078.93,3548.62,500.0,140.0,250.0
521,3,ZONE_FACULTY_MEGASTRUCT,0,Foundation,SM_FC_Foundation_SlopeCompensated_12x12,-26293.69,44134.4,239.47,400.0,850.0,1200.0
521,3,ZONE_FACULTY_MEGASTRUCT,1,GroundFloor,SM_FC_Ground_Lobby_Transit_12x12,-26293.69,44134.4,639.47,600.0,450.0,600.0
521,3,ZONE_FACULTY_MEGASTRUCT,2,IntermediateFloor,SM_FC_Mid_Academic_Lab_12x12,-26293.69,44134.4,1239.47,400.0,320.0,400.0
521,3,ZONE_FACULTY_MEGASTRUCT,3,IntermediateFloor,SM_FC_Mid_Faculty_Chambers_12x12,-26293.69,44134.4,1639.47,400.0,280.0,400.0
521,3,ZONE_FACULTY_MEGASTRUCT,4,IntermediateFloor,SM_FC_Mid_Academic_Lab_12x12,-26293.69,44134.4,2039.47,400.0,320.0,400.0
521,3,ZONE_FACULTY_MEGASTRUCT,5,Roof,SM_FC_Roof_SolarObservatory_12x12,-26293.69,44134.4,2439.47,500.0,140.0,250.0
522,3,ZONE_FACULTY_MEGASTRUCT,0,Foundation,SM_FC_Foundation_SlopeCompensated_12x12,-30753.87,39674.22,2366.29,400.0,850.0,1200.0
522,3,ZONE_FACULTY_MEGASTRUCT,1,GroundFloor,SM_FC_Ground_Lobby_Transit_12x12,-30753.87,39674.22,2766.29,600.0,450.0,600.0
522,3,ZONE_FACULTY_MEGASTRUCT,2,IntermediateFloor,SM_FC_Mid_Academic_Lab_12x12,-30753.87,39674.22,3366.29,400.0,320.0,400.0
522,3,ZONE_FACULTY_MEGASTRUCT,3,Roof,SM_FC_Roof_SolarObservatory_12x12,-30753.87,39674.22,3766.29,500.0,140.0,250.0
523,3,ZONE_FACULTY_MEGASTRUCT,0,Foundation,SM_FC_Foundation_SlopeCompensated_12x12,-35214.04,35214.04,3593.83,400.0,850.0,1200.0
523,3,ZONE_FACULTY_MEGASTRUCT,1,GroundFloor,SM_FC_Ground_Lobby_Transit_12x12,-35214.04,35214.04,3993.83,600.0,450.0,600.0
523,3,ZONE_FACULTY_MEGASTRUCT,2,IntermediateFloor,SM_FC_Mid_Academic_Lab_12x12,-35214.04,35214.04,4593.83,400.0,320.0,400.0
523,3,ZONE_FACULTY_MEGASTRUCT,3,IntermediateFloor,SM_FC_Mid_Faculty_Chambers_12x12,-35214.04,35214.04,4993.83,400.0,280.0,400.0
523,3,ZONE_FACULTY_MEGASTRUCT,4,IntermediateFloor,SM_FC_Mid_Academic_Lab_12x12,-35214.04,35214.04,5393.83,400.0,320.0,400.0
523,3,ZONE_FACULTY_MEGASTRUCT,5,IntermediateFloor,SM_FC_Mid_Faculty_Chambers_12x12,-35214.04,35214.04,5793.83,400.0,280.0,400.0
523,3,ZONE_FACULTY_MEGASTRUCT,6,Roof,SM_FC_Roof_SolarObservatory_12x12,-35214.04,35214.04,6193.83,500.0,140.0,250.0
524,3,ZONE_FACULTY_MEGASTRUCT,0,Foundation,SM_FC_Foundation_SlopeCompensated_12x12,-39674.22,30753.87,2366.29,400.0,850.0,1200.0
524,3,ZONE_FACULTY_MEGASTRUCT,1,GroundFloor,SM_FC_Ground_Lobby_Transit_12x12,-39674.22,30753.87,2766.29,600.0,450.0,600.0
524,3,ZONE_FACULTY_MEGASTRUCT,2,IntermediateFloor,SM_FC_Mid_Academic_Lab_12x12,-39674.22,30753.87,3366.29,400.0,320.0,400.0
524,3,ZONE_FACULTY_MEGASTRUCT,3,IntermediateFloor,SM_FC_Mid_Faculty_Chambers_12x12,-39674.22,30753.87,3766.29,400.0,280.0,400.0
524,3,ZONE_FACULTY_MEGASTRUCT,4,IntermediateFloor,SM_FC_Mid_Academic_Lab_12x12,-39674.22,30753.87,4166.29,400.0,320.0,400.0
524,3,ZONE_FACULTY_MEGASTRUCT,5,IntermediateFloor,SM_FC_Mid_Faculty_Chambers_12x12,-39674.22,30753.87,4566.29,400.0,280.0,400.0
524,3,ZONE_FACULTY_MEGASTRUCT,6,IntermediateFloor,SM_FC_Mid_Academic_Lab_12x12,-39674.22,30753.87,4966.29,400.0,320.0,400.0
524,3,ZONE_FACULTY_MEGASTRUCT,7,IntermediateFloor,SM_FC_Mid_Faculty_Chambers_12x12,-39674.22,30753.87,5366.29,400.0,280.0,400.0
524,3,ZONE_FACULTY_MEGASTRUCT,8,Roof,SM_FC_Roof_SolarObservatory_12x12,-39674.22,30753.87,5766.29,500.0,140.0,250.0
525,3,ZONE_FACULTY_MEGASTRUCT,0,Foundation,SM_FC_Foundation_SlopeCompensated_12x12,-44134.4,26293.69,239.47,400.0,850.0,1200.0
525,3,ZONE_FACULTY_MEGASTRUCT,1,GroundFloor,SM_FC_Ground_Lobby_Transit_12x12,-44134.4,26293.69,639.47,600.0,450.0,600.0
525,3,ZONE_FACULTY_MEGASTRUCT,2,IntermediateFloor,SM_FC_Mid_Academic_Lab_12x12,-44134.4,26293.69,1239.47,400.0,320.0,400.0
525,3,ZONE_FACULTY_MEGASTRUCT,3,IntermediateFloor,SM_FC_Mid_Faculty_Chambers_12x12,-44134.4,26293.69,1639.47,400.0,280.0,400.0
525,3,ZONE_FACULTY_MEGASTRUCT,4,IntermediateFloor,SM_FC_Mid_Academic_Lab_12x12,-44134.4,26293.69,2039.47,400.0,320.0,400.0
525,3,ZONE_FACULTY_MEGASTRUCT,5,IntermediateFloor,SM_FC_Mid_Faculty_Chambers_12x12,-44134.4,26293.69,2439.47,400.0,280.0,400.0
525,3,ZONE_FACULTY_MEGASTRUCT,6,IntermediateFloor,SM_FC_Mid_Academic_Lab_12x12,-44134.4,26293.69,2839.47,400.0,320.0,400.0
525,3,ZONE_FACULTY_MEGASTRUCT,7,Roof,SM_FC_Roof_SolarObservatory_12x12,-44134.4,26293.69,3239.47,500.0,140.0,250.0
526,3,ZONE_FACULTY_MEGASTRUCT,0,Foundation,SM_FC_Foundation_SlopeCompensated_12x12,-29481.89,45420.28,1155.79,400.0,850.0,1200.0
526,3,ZONE_FACULTY_MEGASTRUCT,1,GroundFloor,SM_FC_Ground_Lobby_Transit_12x12,-29481.89,45420.28,1555.79,600.0,450.0,600.0
526,3,ZONE_FACULTY_MEGASTRUCT,2,IntermediateFloor,SM_FC_Mid_Academic_Lab_12x12,-29481.89,45420.28,2155.79,400.0,320.0,400.0
526,3,ZONE_FACULTY_MEGASTRUCT,3,Roof,SM_FC_Roof_SolarObservatory_12x12,-29481.89,45420.28,2555.79,500.0,140.0,250.0
527,3,ZONE_FACULTY_MEGASTRUCT,0,Foundation,SM_FC_Foundation_SlopeCompensated_12x12,-34263.41,40638.76,3046.54,400.0,850.0,1200.0
527,3,ZONE_FACULTY_MEGASTRUCT,1,GroundFloor,SM_FC_Ground_Lobby_Transit_12x12,-34263.41,40638.76,3446.54,600.0,450.0,600.0
527,3,ZONE_FACULTY_MEGASTRUCT,2,IntermediateFloor,SM_FC_Mid_Academic_Lab_12x12,-34263.41,40638.76,4046.54,400.0,320.0,400.0
527,3,ZONE_FACULTY_MEGASTRUCT,3,Roof,SM_FC_Roof_SolarObservatory_12x12,-34263.41,40638.76,4446.54,500.0,140.0,250.0
528,3,ZONE_FACULTY_MEGASTRUCT,0,Foundation,SM_FC_Foundation_SlopeCompensated_12x12,-39044.92,35857.25,3468.75,400.0,850.0,1200.0
528,3,ZONE_FACULTY_MEGASTRUCT,1,GroundFloor,SM_FC_Ground_Lobby_Transit_12x12,-39044.92,35857.25,3868.75,600.0,450.0,600.0
528,3,ZONE_FACULTY_MEGASTRUCT,2,IntermediateFloor,SM_FC_Mid_Academic_Lab_12x12,-39044.92,35857.25,4468.75,400.0,320.0,400.0
528,3,ZONE_FACULTY_MEGASTRUCT,3,IntermediateFloor,SM_FC_Mid_Faculty_Chambers_12x12,-39044.92,35857.25,4868.75,400.0,280.0,400.0
528,3,ZONE_FACULTY_MEGASTRUCT,4,Roof,SM_FC_Roof_SolarObservatory_12x12,-39044.92,35857.25,5268.75,500.0,140.0,250.0
529,3,ZONE_FACULTY_MEGASTRUCT,0,Foundation,SM_FC_Foundation_SlopeCompensated_12x12,-43826.44,31075.73,1890.06,400.0,850.0,1200.0
529,3,ZONE_FACULTY_MEGASTRUCT,1,GroundFloor,SM_FC_Ground_Lobby_Transit_12x12,-43826.44,31075.73,2290.06,600.0,450.0,600.0
529,3,ZONE_FACULTY_MEGASTRUCT,2,IntermediateFloor,SM_FC_Mid_Academic_Lab_12x12,-43826.44,31075.73,2890.06,400.0,320.0,400.0
529,3,ZONE_FACULTY_MEGASTRUCT,3,IntermediateFloor,SM_FC_Mid_Faculty_Chambers_12x12,-43826.44,31075.73,3290.06,400.0,280.0,400.0
529,3,ZONE_FACULTY_MEGASTRUCT,4,IntermediateFloor,SM_FC_Mid_Academic_Lab_12x12,-43826.44,31075.73,3690.06,400.0,320.0,400.0
529,3,ZONE_FACULTY_MEGASTRUCT,5,IntermediateFloor,SM_FC_Mid_Faculty_Chambers_12x12,-43826.44,31075.73,4090.06,400.0,280.0,400.0
529,3,ZONE_FACULTY_MEGASTRUCT,6,IntermediateFloor,SM_FC_Mid_Academic_Lab_12x12,-43826.44,31075.73,4490.06,400.0,320.0,400.0
529,3,ZONE_FACULTY_MEGASTRUCT,7,Roof,SM_FC_Roof_SolarObservatory_12x12,-43826.44,31075.73,4890.06,500.0,140.0,250.0
530,3,ZONE_FACULTY_MEGASTRUCT,0,Foundation,SM_FC_Foundation_SlopeCompensated_12x12,-48607.95,26294.22,-624.82,400.0,850.0,1200.0
530,3,ZONE_FACULTY_MEGASTRUCT,1,GroundFloor,SM_FC_Ground_Lobby_Transit_12x12,-48607.95,26294.22,-224.82,600.0,450.0,600.0
530,3,ZONE_FACULTY_MEGASTRUCT,2,IntermediateFloor,SM_FC_Mid_Academic_Lab_12x12,-48607.95,26294.22,375.18,400.0,320.0,400.0
530,3,ZONE_FACULTY_MEGASTRUCT,3,IntermediateFloor,SM_FC_Mid_Faculty_Chambers_12x12,-48607.95,26294.22,775.18,400.0,280.0,400.0
530,3,ZONE_FACULTY_MEGASTRUCT,4,IntermediateFloor,SM_FC_Mid_Academic_Lab_12x12,-48607.95,26294.22,1175.18,400.0,320.0,400.0
530,3,ZONE_FACULTY_MEGASTRUCT,5,IntermediateFloor,SM_FC_Mid_Faculty_Chambers_12x12,-48607.95,26294.22,1575.18,400.0,280.0,400.0
530,3,ZONE_FACULTY_MEGASTRUCT,6,Roof,SM_FC_Roof_SolarObservatory_12x12,-48607.95,26294.22,1975.18,500.0,140.0,250.0
531,3,ZONE_FACULTY_MEGASTRUCT,0,Foundation,SM_FC_Foundation_SlopeCompensated_12x12,-28318.47,51057.78,-554.39,400.0,850.0,1200.0
531,3,ZONE_FACULTY_MEGASTRUCT,1,GroundFloor,SM_FC_Ground_Lobby_Transit_12x12,-28318.47,51057.78,-154.39,600.0,450.0,600.0
531,3,ZONE_FACULTY_MEGASTRUCT,2,IntermediateFloor,SM_FC_Mid_Academic_Lab_12x12,-28318.47,51057.78,445.61,400.0,320.0,400.0
531,3,ZONE_FACULTY_MEGASTRUCT,3,Roof,SM_FC_Roof_SolarObservatory_12x12,-28318.47,51057.78,845.61,500.0,140.0,250.0
532,3,ZONE_FACULTY_MEGASTRUCT,0,Foundation,SM_FC_Foundation_SlopeCompensated_12x12,-33191.18,46185.07,2024.1,400.0,850.0,1200.0
532,3,ZONE_FACULTY_MEGASTRUCT,1,GroundFloor,SM_FC_Ground_Lobby_Transit_12x12,-33191.18,46185.07,2424.1,600.0,450.0,600.0
532,3,ZONE_FACULTY_MEGASTRUCT,2,IntermediateFloor,SM_FC_Mid_Academic_Lab_12x12,-33191.18,46185.07,3024.1,400.0,320.0,400.0
532,3,ZONE_FACULTY_MEGASTRUCT,3,IntermediateFloor,SM_FC_Mid_Faculty_Chambers_12x12,-33191.18,46185.07,3424.1,400.0,280.0,400.0
532,3,ZONE_FACULTY_MEGASTRUCT,4,IntermediateFloor,SM_FC_Mid_Academic_Lab_12x12,-33191.18,46185.07,3824.1,400.0,320.0,400.0
532,3,ZONE_FACULTY_MEGASTRUCT,5,IntermediateFloor,SM_FC_Mid_Faculty_Chambers_12x12,-33191.18,46185.07,4224.1,400.0,280.0,400.0
532,3,ZONE_FACULTY_MEGASTRUCT,6,IntermediateFloor,SM_FC_Mid_Academic_Lab_12x12,-33191.18,46185.07,4624.1,400.0,320.0,400.0
532,3,ZONE_FACULTY_MEGASTRUCT,7,Roof,SM_FC_Roof_SolarObservatory_12x12,-33191.18,46185.07,5024.1,500.0,140.0,250.0
533,3,ZONE_FACULTY_MEGASTRUCT,0,Foundation,SM_FC_Foundation_SlopeCompensated_12x12,-38063.89,41312.36,3639.72,400.0,850.0,1200.0
533,3,ZONE_FACULTY_MEGASTRUCT,1,GroundFloor,SM_FC_Ground_Lobby_Transit_12x12,-38063.89,41312.36,4039.72,600.0,450.0,600.0
533,3,ZONE_FACULTY_MEGASTRUCT,2,IntermediateFloor,SM_FC_Mid_Academic_Lab_12x12,-38063.89,41312.36,4639.72,400.0,320.0,400.0
533,3,ZONE_FACULTY_MEGASTRUCT,3,Roof,SM_FC_Roof_SolarObservatory_12x12,-38063.89,41312.36,5039.72,500.0,140.0,250.0
534,3,ZONE_FACULTY_MEGASTRUCT,0,Foundation,SM_FC_Foundation_SlopeCompensated_12x12,-42936.6,36439.65,3208.17,400.0,850.0,1200.0
534,3,ZONE_FACULTY_MEGASTRUCT,1,GroundFloor,SM_FC_Ground_Lobby_Transit_12x12,-42936.6,36439.65,3608.17,600.0,450.0,600.0
534,3,ZONE_FACULTY_MEGASTRUCT,2,IntermediateFloor,SM_FC_Mid_Academic_Lab_12x12,-42936.6,36439.65,4208.17,400.0,320.0,400.0
534,3,ZONE_FACULTY_MEGASTRUCT,3,IntermediateFloor,SM_FC_Mid_Faculty_Chambers_12x12,-42936.6,36439.65,4608.17,400.0,280.0,400.0
534,3,ZONE_FACULTY_MEGASTRUCT,4,IntermediateFloor,SM_FC_Mid_Academic_Lab_12x12,-42936.6,36439.65,5008.17,400.0,320.0,400.0
534,3,ZONE_FACULTY_MEGASTRUCT,5,IntermediateFloor,SM_FC_Mid_Faculty_Chambers_12x12,-42936.6,36439.65,5408.17,400.0,280.0,400.0
534,3,ZONE_FACULTY_MEGASTRUCT,6,IntermediateFloor,SM_FC_Mid_Academic_Lab_12x12,-42936.6,36439.65,5808.17,400.0,320.0,400.0
534,3,ZONE_FACULTY_MEGASTRUCT,7,IntermediateFloor,SM_FC_Mid_Faculty_Chambers_12x12,-42936.6,36439.65,6208.17,400.0,280.0,400.0
534,3,ZONE_FACULTY_MEGASTRUCT,8,Roof,SM_FC_Roof_SolarObservatory_12x12,-42936.6,36439.65,6608.17,500.0,140.0,250.0
535,3,ZONE_FACULTY_MEGASTRUCT,0,Foundation,SM_FC_Foundation_SlopeCompensated_12x12,-47809.31,31566.94,1271.59,400.0,850.0,1200.0
535,3,ZONE_FACULTY_MEGASTRUCT,1,GroundFloor,SM_FC_Ground_Lobby_Transit_12x12,-47809.31,31566.94,1671.59,600.0,450.0,600.0
535,3,ZONE_FACULTY_MEGASTRUCT,2,IntermediateFloor,SM_FC_Mid_Academic_Lab_12x12,-47809.31,31566.94,2271.59,400.0,320.0,400.0
535,3,ZONE_FACULTY_MEGASTRUCT,3,IntermediateFloor,SM_FC_Mid_Faculty_Chambers_12x12,-47809.31,31566.94,2671.59,400.0,280.0,400.0
535,3,ZONE_FACULTY_MEGASTRUCT,4,Roof,SM_FC_Roof_SolarObservatory_12x12,-47809.31,31566.94,3071.59,500.0,140.0,250.0
536,3,ZONE_FACULTY_MEGASTRUCT,0,Foundation,SM_FC_Foundation_SlopeCompensated_12x12,-32680.77,51169.56,523.87,400.0,850.0,1200.0
536,3,ZONE_FACULTY_MEGASTRUCT,1,GroundFloor,SM_FC_Ground_Lobby_Transit_12x12,-32680.77,51169.56,923.87,600.0,450.0,600.0
536,3,ZONE_FACULTY_MEGASTRUCT,2,IntermediateFloor,SM_FC_Mid_Academic_Lab_12x12,-32680.77,51169.56,1523.87,400.0,320.0,400.0
536,3,ZONE_FACULTY_MEGASTRUCT,3,IntermediateFloor,SM_FC_Mid_Faculty_Chambers_12x12,-32680.77,51169.56,1923.87,400.0,280.0,400.0
536,3,ZONE_FACULTY_MEGASTRUCT,4,Roof,SM_FC_Roof_SolarObservatory_12x12,-32680.77,51169.56,2323.87,500.0,140.0,250.0
537,3,ZONE_FACULTY_MEGASTRUCT,0,Foundation,SM_FC_Foundation_SlopeCompensated_12x12,-37302.97,46547.36,2814.4,400.0,850.0,1200.0
537,3,ZONE_FACULTY_MEGASTRUCT,1,GroundFloor,SM_FC_Ground_Lobby_Transit_12x12,-37302.97,46547.36,3214.4,600.0,450.0,600.0
537,3,ZONE_FACULTY_MEGASTRUCT,2,IntermediateFloor,SM_FC_Mid_Academic_Lab_12x12,-37302.97,46547.36,3814.4,400.0,320.0,400.0
537,3,ZONE_FACULTY_MEGASTRUCT,3,IntermediateFloor,SM_FC_Mid_Faculty_Chambers_12x12,-37302.97,46547.36,4214.4,400.0,280.0,400.0
537,3,ZONE_FACULTY_MEGASTRUCT,4,Roof,SM_FC_Roof_SolarObservatory_12x12,-37302.97,46547.36,4614.4,500.0,140.0,250.0
538,3,ZONE_FACULTY_MEGASTRUCT,0,Foundation,SM_FC_Foundation_SlopeCompensated_12x12,-41925.17,41925.17,4125.95,400.0,850.0,1200.0
538,3,ZONE_FACULTY_MEGASTRUCT,1,GroundFloor,SM_FC_Ground_Lobby_Transit_12x12,-41925.17,41925.17,4525.95,600.0,450.0,600.0
538,3,ZONE_FACULTY_MEGASTRUCT,2,IntermediateFloor,SM_FC_Mid_Academic_Lab_12x12,-41925.17,41925.17,5125.95,400.0,320.0,400.0
538,3,ZONE_FACULTY_MEGASTRUCT,3,IntermediateFloor,SM_FC_Mid_Faculty_Chambers_12x12,-41925.17,41925.17,5525.95,400.0,280.0,400.0
538,3,ZONE_FACULTY_MEGASTRUCT,4,IntermediateFloor,SM_FC_Mid_Academic_Lab_12x12,-41925.17,41925.17,5925.95,400.0,320.0,400.0
538,3,ZONE_FACULTY_MEGASTRUCT,5,Roof,SM_FC_Roof_SolarObservatory_12x12,-41925.17,41925.17,6325.95,500.0,140.0,250.0
539,3,ZONE_FACULTY_MEGASTRUCT,0,Foundation,SM_FC_Foundation_SlopeCompensated_12x12,-46547.36,37302.97,2814.4,400.0,850.0,1200.0
539,3,ZONE_FACULTY_MEGASTRUCT,1,GroundFloor,SM_FC_Ground_Lobby_Transit_12x12,-46547.36,37302.97,3214.4,600.0,450.0,600.0
539,3,ZONE_FACULTY_MEGASTRUCT,2,IntermediateFloor,SM_FC_Mid_Academic_Lab_12x12,-46547.36,37302.97,3814.4,400.0,320.0,400.0
539,3,ZONE_FACULTY_MEGASTRUCT,3,Roof,SM_FC_Roof_SolarObservatory_12x12,-46547.36,37302.97,4214.4,500.0,140.0,250.0
540,3,ZONE_FACULTY_MEGASTRUCT,0,Foundation,SM_FC_Foundation_SlopeCompensated_12x12,-51169.56,32680.77,523.87,400.0,850.0,1200.0
540,3,ZONE_FACULTY_MEGASTRUCT,1,GroundFloor,SM_FC_Ground_Lobby_Transit_12x12,-51169.56,32680.77,923.87,600.0,450.0,600.0
540,3,ZONE_FACULTY_MEGASTRUCT,2,IntermediateFloor,SM_FC_Mid_Academic_Lab_12x12,-51169.56,32680.77,1523.87,400.0,320.0,400.0
540,3,ZONE_FACULTY_MEGASTRUCT,3,IntermediateFloor,SM_FC_Mid_Faculty_Chambers_12x12,-51169.56,32680.77,1923.87,400.0,280.0,400.0
540,3,ZONE_FACULTY_MEGASTRUCT,4,IntermediateFloor,SM_FC_Mid_Academic_Lab_12x12,-51169.56,32680.77,2323.87,400.0,320.0,400.0
540,3,ZONE_FACULTY_MEGASTRUCT,5,Roof,SM_FC_Roof_SolarObservatory_12x12,-51169.56,32680.77,2723.87,500.0,140.0,250.0
541,3,ZONE_FACULTY_MEGASTRUCT,0,Foundation,SM_FC_Foundation_SlopeCompensated_12x12,-36913.96,51410.45,1529.73,400.0,850.0,1200.0
541,3,ZONE_FACULTY_MEGASTRUCT,1,GroundFloor,SM_FC_Ground_Lobby_Transit_12x12,-36913.96,51410.45,1929.73,600.0,450.0,600.0
541,3,ZONE_FACULTY_MEGASTRUCT,2,IntermediateFloor,SM_FC_Mid_Academic_Lab_12x12,-36913.96,51410.45,2529.73,400.0,320.0,400.0
541,3,ZONE_FACULTY_MEGASTRUCT,3,IntermediateFloor,SM_FC_Mid_Faculty_Chambers_12x12,-36913.96,51410.45,2929.73,400.0,280.0,400.0
541,3,ZONE_FACULTY_MEGASTRUCT,4,IntermediateFloor,SM_FC_Mid_Academic_Lab_12x12,-36913.96,51410.45,3329.73,400.0,320.0,400.0
541,3,ZONE_FACULTY_MEGASTRUCT,5,Roof,SM_FC_Roof_SolarObservatory_12x12,-36913.96,51410.45,3729.73,500.0,140.0,250.0
542,3,ZONE_FACULTY_MEGASTRUCT,0,Foundation,SM_FC_Foundation_SlopeCompensated_12x12,-41262.91,47061.5,3503.17,400.0,850.0,1200.0
542,3,ZONE_FACULTY_MEGASTRUCT,1,GroundFloor,SM_FC_Ground_Lobby_Transit_12x12,-41262.91,47061.5,3903.17,600.0,450.0,600.0
542,3,ZONE_FACULTY_MEGASTRUCT,2,IntermediateFloor,SM_FC_Mid_Academic_Lab_12x12,-41262.91,47061.5,4503.17,400.0,320.0,400.0
542,3,ZONE_FACULTY_MEGASTRUCT,3,IntermediateFloor,SM_FC_Mid_Faculty_Chambers_12x12,-41262.91,47061.5,4903.17,400.0,280.0,400.0
542,3,ZONE_FACULTY_MEGASTRUCT,4,Roof,SM_FC_Roof_SolarObservatory_12x12,-41262.91,47061.5,5303.17,500.0,140.0,250.0
543,3,ZONE_FACULTY_MEGASTRUCT,0,Foundation,SM_FC_Foundation_SlopeCompensated_12x12,-45611.85,42712.56,3942.23,400.0,850.0,1200.0
543,3,ZONE_FACULTY_MEGASTRUCT,1,GroundFloor,SM_FC_Ground_Lobby_Transit_12x12,-45611.85,42712.56,4342.23,600.0,450.0,600.0
543,3,ZONE_FACULTY_MEGASTRUCT,2,IntermediateFloor,SM_FC_Mid_Academic_Lab_12x12,-45611.85,42712.56,4942.23,400.0,320.0,400.0
543,3,ZONE_FACULTY_MEGASTRUCT,3,IntermediateFloor,SM_FC_Mid_Faculty_Chambers_12x12,-45611.85,42712.56,5342.23,400.0,280.0,400.0
543,3,ZONE_FACULTY_MEGASTRUCT,4,Roof,SM_FC_Roof_SolarObservatory_12x12,-45611.85,42712.56,5742.23,500.0,140.0,250.0
544,3,ZONE_FACULTY_MEGASTRUCT,0,Foundation,SM_FC_Foundation_SlopeCompensated_12x12,-49960.8,38363.61,2296.92,400.0,850.0,1200.0
544,3,ZONE_FACULTY_MEGASTRUCT,1,GroundFloor,SM_FC_Ground_Lobby_Transit_12x12,-49960.8,38363.61,2696.92,600.0,450.0,600.0
544,3,ZONE_FACULTY_MEGASTRUCT,2,IntermediateFloor,SM_FC_Mid_Academic_Lab_12x12,-49960.8,38363.61,3296.92,400.0,320.0,400.0
544,3,ZONE_FACULTY_MEGASTRUCT,3,IntermediateFloor,SM_FC_Mid_Faculty_Chambers_12x12,-49960.8,38363.61,3696.92,400.0,280.0,400.0
544,3,ZONE_FACULTY_MEGASTRUCT,4,IntermediateFloor,SM_FC_Mid_Academic_Lab_12x12,-49960.8,38363.61,4096.92,400.0,320.0,400.0
544,3,ZONE_FACULTY_MEGASTRUCT,5,IntermediateFloor,SM_FC_Mid_Faculty_Chambers_12x12,-49960.8,38363.61,4496.92,400.0,280.0,400.0
544,3,ZONE_FACULTY_MEGASTRUCT,6,IntermediateFloor,SM_FC_Mid_Academic_Lab_12x12,-49960.8,38363.61,4896.92,400.0,320.0,400.0
544,3,ZONE_FACULTY_MEGASTRUCT,7,IntermediateFloor,SM_FC_Mid_Faculty_Chambers_12x12,-49960.8,38363.61,5296.92,400.0,280.0,400.0
544,3,ZONE_FACULTY_MEGASTRUCT,8,Roof,SM_FC_Roof_SolarObservatory_12x12,-49960.8,38363.61,5696.92,500.0,140.0,250.0
545,3,ZONE_FACULTY_MEGASTRUCT,0,Foundation,SM_FC_Foundation_SlopeCompensated_12x12,-54309.75,34014.67,-332.77,400.0,850.0,1200.0
545,3,ZONE_FACULTY_MEGASTRUCT,1,GroundFloor,SM_FC_Ground_Lobby_Transit_12x12,-54309.75,34014.67,67.23,600.0,450.0,600.0
545,3,ZONE_FACULTY_MEGASTRUCT,2,IntermediateFloor,SM_FC_Mid_Academic_Lab_12x12,-54309.75,34014.67,667.23,400.0,320.0,400.0
545,3,ZONE_FACULTY_MEGASTRUCT,3,IntermediateFloor,SM_FC_Mid_Faculty_Chambers_12x12,-54309.75,34014.67,1067.23,400.0,280.0,400.0
545,3,ZONE_FACULTY_MEGASTRUCT,4,IntermediateFloor,SM_FC_Mid_Academic_Lab_12x12,-54309.75,34014.67,1467.23,400.0,320.0,400.0
545,3,ZONE_FACULTY_MEGASTRUCT,5,IntermediateFloor,SM_FC_Mid_Faculty_Chambers_12x12,-54309.75,34014.67,1867.23,400.0,280.0,400.0
545,3,ZONE_FACULTY_MEGASTRUCT,6,IntermediateFloor,SM_FC_Mid_Academic_Lab_12x12,-54309.75,34014.67,2267.23,400.0,320.0,400.0
545,3,ZONE_FACULTY_MEGASTRUCT,7,IntermediateFloor,SM_FC_Mid_Faculty_Chambers_12x12,-54309.75,34014.67,2667.23,400.0,280.0,400.0
545,3,ZONE_FACULTY_MEGASTRUCT,8,Roof,SM_FC_Roof_SolarObservatory_12x12,-54309.75,34014.67,3067.23,500.0,140.0,250.0
546,3,ZONE_FACULTY_MEGASTRUCT,0,Foundation,SM_FC_Foundation_SlopeCompensated_12x12,-36931.34,55867.15,-180.94,400.0,850.0,1200.0
546,3,ZONE_FACULTY_MEGASTRUCT,1,GroundFloor,SM_FC_Ground_Lobby_Transit_12x12,-36931.34,55867.15,219.06,600.0,450.0,600.0
546,3,ZONE_FACULTY_MEGASTRUCT,2,IntermediateFloor,SM_FC_Mid_Academic_Lab_12x12,-36931.34,55867.15,819.06,400.0,320.0,400.0
546,3,ZONE_FACULTY_MEGASTRUCT,3,IntermediateFloor,SM_FC_Mid_Faculty_Chambers_12x12,-36931.34,55867.15,1219.06,400.0,280.0,400.0
546,3,ZONE_FACULTY_MEGASTRUCT,4,IntermediateFloor,SM_FC_Mid_Academic_Lab_12x12,-36931.34,55867.15,1619.06,400.0,320.0,400.0
546,3,ZONE_FACULTY_MEGASTRUCT,5,IntermediateFloor,SM_FC_Mid_Faculty_Chambers_12x12,-36931.34,55867.15,2019.06,400.0,280.0,400.0
546,3,ZONE_FACULTY_MEGASTRUCT,6,Roof,SM_FC_Roof_SolarObservatory_12x12,-36931.34,55867.15,2419.06,500.0,140.0,250.0
547,3,ZONE_FACULTY_MEGASTRUCT,0,Foundation,SM_FC_Foundation_SlopeCompensated_12x12,-40989.01,51809.48,2435.92,400.0,850.0,1200.0
547,3,ZONE_FACULTY_MEGASTRUCT,1,GroundFloor,SM_FC_Ground_Lobby_Transit_12x12,-40989.01,51809.48,2835.92,600.0,450.0,600.0
547,3,ZONE_FACULTY_MEGASTRUCT,2,IntermediateFloor,SM_FC_Mid_Academic_Lab_12x12,-40989.01,51809.48,3435.92,400.0,320.0,400.0
547,3,ZONE_FACULTY_MEGASTRUCT,3,IntermediateFloor,SM_FC_Mid_Faculty_Chambers_12x12,-40989.01,51809.48,3835.92,400.0,280.0,400.0
547,3,ZONE_FACULTY_MEGASTRUCT,4,IntermediateFloor,SM_FC_Mid_Academic_Lab_12x12,-40989.01,51809.48,4235.92,400.0,320.0,400.0
547,3,ZONE_FACULTY_MEGASTRUCT,5,IntermediateFloor,SM_FC_Mid_Faculty_Chambers_12x12,-40989.01,51809.48,4635.92,400.0,280.0,400.0
547,3,ZONE_FACULTY_MEGASTRUCT,6,IntermediateFloor,SM_FC_Mid_Academic_Lab_12x12,-40989.01,51809.48,5035.92,400.0,320.0,400.0
547,3,ZONE_FACULTY_MEGASTRUCT,7,Roof,SM_FC_Roof_SolarObservatory_12x12,-40989.01,51809.48,5435.92,500.0,140.0,250.0
548,3,ZONE_FACULTY_MEGASTRUCT,0,Foundation,SM_FC_Foundation_SlopeCompensated_12x12,-45046.69,47751.8,4073.8,400.0,850.0,1200.0
548,3,ZONE_FACULTY_MEGASTRUCT,1,GroundFloor,SM_FC_Ground_Lobby_Transit_12x12,-45046.69,47751.8,4473.8,600.0,450.0,600.0
548,3,ZONE_FACULTY_MEGASTRUCT,2,IntermediateFloor,SM_FC_Mid_Academic_Lab_12x12,-45046.69,47751.8,5073.8,400.0,320.0,400.0
548,3,ZONE_FACULTY_MEGASTRUCT,3,IntermediateFloor,SM_FC_Mid_Faculty_Chambers_12x12,-45046.69,47751.8,5473.8,400.0,280.0,400.0
548,3,ZONE_FACULTY_MEGASTRUCT,4,IntermediateFloor,SM_FC_Mid_Academic_Lab_12x12,-45046.69,47751.8,5873.8,400.0,320.0,400.0
548,3,ZONE_FACULTY_MEGASTRUCT,5,IntermediateFloor,SM_FC_Mid_Faculty_Chambers_12x12,-45046.69,47751.8,6273.8,400.0,280.0,400.0
548,3,ZONE_FACULTY_MEGASTRUCT,6,IntermediateFloor,SM_FC_Mid_Academic_Lab_12x12,-45046.69,47751.8,6673.8,400.0,320.0,400.0
548,3,ZONE_FACULTY_MEGASTRUCT,7,Roof,SM_FC_Roof_SolarObservatory_12x12,-45046.69,47751.8,7073.8,500.0,140.0,250.0
549,3,ZONE_FACULTY_MEGASTRUCT,0,Foundation,SM_FC_Foundation_SlopeCompensated_12x12,-49104.36,43694.13,3636.62,400.0,850.0,1200.0
549,3,ZONE_FACULTY_MEGASTRUCT,1,GroundFloor,SM_FC_Ground_Lobby_Transit_12x12,-49104.36,43694.13,4036.62,600.0,450.0,600.0
549,3,ZONE_FACULTY_MEGASTRUCT,2,IntermediateFloor,SM_FC_Mid_Academic_Lab_12x12,-49104.36,43694.13,4636.62,400.0,320.0,400.0
549,3,ZONE_FACULTY_MEGASTRUCT,3,IntermediateFloor,SM_FC_Mid_Faculty_Chambers_12x12,-49104.36,43694.13,5036.62,400.0,280.0,400.0
549,3,ZONE_FACULTY_MEGASTRUCT,4,Roof,SM_FC_Roof_SolarObservatory_12x12,-49104.36,43694.13,5436.62,500.0,140.0,250.0
550,3,ZONE_FACULTY_MEGASTRUCT,0,Foundation,SM_FC_Foundation_SlopeCompensated_12x12,-53162.04,39636.46,1672.41,400.0,850.0,1200.0
550,3,ZONE_FACULTY_MEGASTRUCT,1,GroundFloor,SM_FC_Ground_Lobby_Transit_12x12,-53162.04,39636.46,2072.41,600.0,450.0,600.0
550,3,ZONE_FACULTY_MEGASTRUCT,2,IntermediateFloor,SM_FC_Mid_Academic_Lab_12x12,-53162.04,39636.46,2672.41,400.0,320.0,400.0
550,3,ZONE_FACULTY_MEGASTRUCT,3,IntermediateFloor,SM_FC_Mid_Faculty_Chambers_12x12,-53162.04,39636.46,3072.41,400.0,280.0,400.0
550,3,ZONE_FACULTY_MEGASTRUCT,4,IntermediateFloor,SM_FC_Mid_Academic_Lab_12x12,-53162.04,39636.46,3472.41,400.0,320.0,400.0
550,3,ZONE_FACULTY_MEGASTRUCT,5,IntermediateFloor,SM_FC_Mid_Faculty_Chambers_12x12,-53162.04,39636.46,3872.41,400.0,280.0,400.0
550,3,ZONE_FACULTY_MEGASTRUCT,6,IntermediateFloor,SM_FC_Mid_Academic_Lab_12x12,-53162.04,39636.46,4272.41,400.0,320.0,400.0
550,3,ZONE_FACULTY_MEGASTRUCT,7,IntermediateFloor,SM_FC_Mid_Faculty_Chambers_12x12,-53162.04,39636.46,4672.41,400.0,280.0,400.0
550,3,ZONE_FACULTY_MEGASTRUCT,8,Roof,SM_FC_Roof_SolarObservatory_12x12,-53162.04,39636.46,5072.41,500.0,140.0,250.0
551,3,ZONE_FACULTY_MEGASTRUCT,0,Foundation,SM_FC_Foundation_SlopeCompensated_12x12,-41131.08,56141.49,964.61,400.0,850.0,1200.0
551,3,ZONE_FACULTY_MEGASTRUCT,1,GroundFloor,SM_FC_Ground_Lobby_Transit_12x12,-41131.08,56141.49,1364.61,600.0,450.0,600.0
551,3,ZONE_FACULTY_MEGASTRUCT,2,IntermediateFloor,SM_FC_Mid_Academic_Lab_12x12,-41131.08,56141.49,1964.61,400.0,320.0,400.0
551,3,ZONE_FACULTY_MEGASTRUCT,3,IntermediateFloor,SM_FC_Mid_Faculty_Chambers_12x12,-41131.08,56141.49,2364.61,400.0,280.0,400.0
551,3,ZONE_FACULTY_MEGASTRUCT,4,IntermediateFloor,SM_FC_Mid_Academic_Lab_12x12,-41131.08,56141.49,2764.61,400.0,320.0,400.0
551,3,ZONE_FACULTY_MEGASTRUCT,5,Roof,SM_FC_Roof_SolarObservatory_12x12,-41131.08,56141.49,3164.61,500.0,140.0,250.0
552,3,ZONE_FACULTY_MEGASTRUCT,0,Foundation,SM_FC_Foundation_SlopeCompensated_12x12,-44883.68,52388.89,3222.14,400.0,850.0,1200.0
552,3,ZONE_FACULTY_MEGASTRUCT,1,GroundFloor,SM_FC_Ground_Lobby_Transit_12x12,-44883.68,52388.89,3622.14,600.0,450.0,600.0
552,3,ZONE_FACULTY_MEGASTRUCT,2,IntermediateFloor,SM_FC_Mid_Academic_Lab_12x12,-44883.68,52388.89,4222.14,400.0,320.0,400.0
552,3,ZONE_FACULTY_MEGASTRUCT,3,IntermediateFloor,SM_FC_Mid_Faculty_Chambers_12x12,-44883.68,52388.89,4622.14,400.0,280.0,400.0
552,3,ZONE_FACULTY_MEGASTRUCT,4,Roof,SM_FC_Roof_SolarObservatory_12x12,-44883.68,52388.89,5022.14,500.0,140.0,250.0
553,3,ZONE_FACULTY_MEGASTRUCT,0,Foundation,SM_FC_Foundation_SlopeCompensated_12x12,-48636.29,48636.29,4516.81,400.0,850.0,1200.0
553,3,ZONE_FACULTY_MEGASTRUCT,1,GroundFloor,SM_FC_Ground_Lobby_Transit_12x12,-48636.29,48636.29,4916.81,600.0,450.0,600.0
553,3,ZONE_FACULTY_MEGASTRUCT,2,IntermediateFloor,SM_FC_Mid_Academic_Lab_12x12,-48636.29,48636.29,5516.81,400.0,320.0,400.0
553,3,ZONE_FACULTY_MEGASTRUCT,3,IntermediateFloor,SM_FC_Mid_Faculty_Chambers_12x12,-48636.29,48636.29,5916.81,400.0,280.0,400.0
553,3,ZONE_FACULTY_MEGASTRUCT,4,Roof,SM_FC_Roof_SolarObservatory_12x12,-48636.29,48636.29,6316.81,500.0,140.0,250.0
554,3,ZONE_FACULTY_MEGASTRUCT,0,Foundation,SM_FC_Foundation_SlopeCompensated_12x12,-52388.89,44883.68,3222.14,400.0,850.0,1200.0
554,3,ZONE_FACULTY_MEGASTRUCT,1,GroundFloor,SM_FC_Ground_Lobby_Transit_12x12,-52388.89,44883.68,3622.14,600.0,450.0,600.0
554,3,ZONE_FACULTY_MEGASTRUCT,2,IntermediateFloor,SM_FC_Mid_Academic_Lab_12x12,-52388.89,44883.68,4222.14,400.0,320.0,400.0
554,3,ZONE_FACULTY_MEGASTRUCT,3,Roof,SM_FC_Roof_SolarObservatory_12x12,-52388.89,44883.68,4622.14,500.0,140.0,250.0
555,3,ZONE_FACULTY_MEGASTRUCT,0,Foundation,SM_FC_Foundation_SlopeCompensated_12x12,-56141.49,41131.08,964.61,400.0,850.0,1200.0
555,3,ZONE_FACULTY_MEGASTRUCT,1,GroundFloor,SM_FC_Ground_Lobby_Transit_12x12,-56141.49,41131.08,1364.61,600.0,450.0,600.0
555,3,ZONE_FACULTY_MEGASTRUCT,2,IntermediateFloor,SM_FC_Mid_Academic_Lab_12x12,-56141.49,41131.08,1964.61,400.0,320.0,400.0
555,3,ZONE_FACULTY_MEGASTRUCT,3,IntermediateFloor,SM_FC_Mid_Faculty_Chambers_12x12,-56141.49,41131.08,2364.61,400.0,280.0,400.0
555,3,ZONE_FACULTY_MEGASTRUCT,4,IntermediateFloor,SM_FC_Mid_Academic_Lab_12x12,-56141.49,41131.08,2764.61,400.0,320.0,400.0
555,3,ZONE_FACULTY_MEGASTRUCT,5,IntermediateFloor,SM_FC_Mid_Faculty_Chambers_12x12,-56141.49,41131.08,3164.61,400.0,280.0,400.0
555,3,ZONE_FACULTY_MEGASTRUCT,6,IntermediateFloor,SM_FC_Mid_Academic_Lab_12x12,-56141.49,41131.08,3564.61,400.0,320.0,400.0
555,3,ZONE_FACULTY_MEGASTRUCT,7,IntermediateFloor,SM_FC_Mid_Faculty_Chambers_12x12,-56141.49,41131.08,3964.61,400.0,280.0,400.0
555,3,ZONE_FACULTY_MEGASTRUCT,8,Roof,SM_FC_Roof_SolarObservatory_12x12,-56141.49,41131.08,4364.61,500.0,140.0,250.0
556,3,ZONE_FACULTY_MEGASTRUCT,0,Foundation,SM_FC_Foundation_SlopeCompensated_12x12,-45144.12,56602.53,1984.56,400.0,850.0,1200.0
556,3,ZONE_FACULTY_MEGASTRUCT,1,GroundFloor,SM_FC_Ground_Lobby_Transit_12x12,-45144.12,56602.53,2384.56,600.0,450.0,600.0
556,3,ZONE_FACULTY_MEGASTRUCT,2,IntermediateFloor,SM_FC_Mid_Academic_Lab_12x12,-45144.12,56602.53,2984.56,400.0,320.0,400.0
556,3,ZONE_FACULTY_MEGASTRUCT,3,IntermediateFloor,SM_FC_Mid_Faculty_Chambers_12x12,-45144.12,56602.53,3384.56,400.0,280.0,400.0
556,3,ZONE_FACULTY_MEGASTRUCT,4,IntermediateFloor,SM_FC_Mid_Academic_Lab_12x12,-45144.12,56602.53,3784.56,400.0,320.0,400.0
556,3,ZONE_FACULTY_MEGASTRUCT,5,IntermediateFloor,SM_FC_Mid_Faculty_Chambers_12x12,-45144.12,56602.53,4184.56,400.0,280.0,400.0
556,3,ZONE_FACULTY_MEGASTRUCT,6,IntermediateFloor,SM_FC_Mid_Academic_Lab_12x12,-45144.12,56602.53,4584.56,400.0,320.0,400.0
556,3,ZONE_FACULTY_MEGASTRUCT,7,Roof,SM_FC_Roof_SolarObservatory_12x12,-45144.12,56602.53,4984.56,500.0,140.0,250.0
557,3,ZONE_FACULTY_MEGASTRUCT,0,Foundation,SM_FC_Foundation_SlopeCompensated_12x12,-48581.64,53165.01,3875.31,400.0,850.0,1200.0
557,3,ZONE_FACULTY_MEGASTRUCT,1,GroundFloor,SM_FC_Ground_Lobby_Transit_12x12,-48581.64,53165.01,4275.31,600.0,450.0,600.0
557,3,ZONE_FACULTY_MEGASTRUCT,2,IntermediateFloor,SM_FC_Mid_Academic_Lab_12x12,-48581.64,53165.01,4875.31,400.0,320.0,400.0
557,3,ZONE_FACULTY_MEGASTRUCT,3,IntermediateFloor,SM_FC_Mid_Faculty_Chambers_12x12,-48581.64,53165.01,5275.31,400.0,280.0,400.0
557,3,ZONE_FACULTY_MEGASTRUCT,4,IntermediateFloor,SM_FC_Mid_Academic_Lab_12x12,-48581.64,53165.01,5675.31,400.0,320.0,400.0
557,3,ZONE_FACULTY_MEGASTRUCT,5,IntermediateFloor,SM_FC_Mid_Faculty_Chambers_12x12,-48581.64,53165.01,6075.31,400.0,280.0,400.0
557,3,ZONE_FACULTY_MEGASTRUCT,6,Roof,SM_FC_Roof_SolarObservatory_12x12,-48581.64,53165.01,6475.31,500.0,140.0,250.0
558,3,ZONE_FACULTY_MEGASTRUCT,0,Foundation,SM_FC_Foundation_SlopeCompensated_12x12,-52019.17,49727.49,4297.52,400.0,850.0,1200.0
558,3,ZONE_FACULTY_MEGASTRUCT,1,GroundFloor,SM_FC_Ground_Lobby_Transit_12x12,-52019.17,49727.49,4697.52,600.0,450.0,600.0
558,3,ZONE_FACULTY_MEGASTRUCT,2,IntermediateFloor,SM_FC_Mid_Academic_Lab_12x12,-52019.17,49727.49,5297.52,400.0,320.0,400.0
558,3,ZONE_FACULTY_MEGASTRUCT,3,IntermediateFloor,SM_FC_Mid_Faculty_Chambers_12x12,-52019.17,49727.49,5697.52,400.0,280.0,400.0
558,3,ZONE_FACULTY_MEGASTRUCT,4,IntermediateFloor,SM_FC_Mid_Academic_Lab_12x12,-52019.17,49727.49,6097.52,400.0,320.0,400.0
558,3,ZONE_FACULTY_MEGASTRUCT,5,Roof,SM_FC_Roof_SolarObservatory_12x12,-52019.17,49727.49,6497.52,500.0,140.0,250.0
559,3,ZONE_FACULTY_MEGASTRUCT,0,Foundation,SM_FC_Foundation_SlopeCompensated_12x12,-55456.69,46289.96,2718.83,400.0,850.0,1200.0
559,3,ZONE_FACULTY_MEGASTRUCT,1,GroundFloor,SM_FC_Ground_Lobby_Transit_12x12,-55456.69,46289.96,3118.83,600.0,450.0,600.0
559,3,ZONE_FACULTY_MEGASTRUCT,2,IntermediateFloor,SM_FC_Mid_Academic_Lab_12x12,-55456.69,46289.96,3718.83,400.0,320.0,400.0
559,3,ZONE_FACULTY_MEGASTRUCT,3,Roof,SM_FC_Roof_SolarObservatory_12x12,-55456.69,46289.96,4118.83,500.0,140.0,250.0
560,3,ZONE_FACULTY_MEGASTRUCT,0,Foundation,SM_FC_Foundation_SlopeCompensated_12x12,-58894.21,42852.44,203.95,400.0,850.0,1200.0
560,3,ZONE_FACULTY_MEGASTRUCT,1,GroundFloor,SM_FC_Ground_Lobby_Transit_12x12,-58894.21,42852.44,603.95,600.0,450.0,600.0
560,3,ZONE_FACULTY_MEGASTRUCT,2,IntermediateFloor,SM_FC_Mid_Academic_Lab_12x12,-58894.21,42852.44,1203.95,400.0,320.0,400.0
560,3,ZONE_FACULTY_MEGASTRUCT,3,IntermediateFloor,SM_FC_Mid_Faculty_Chambers_12x12,-58894.21,42852.44,1603.95,400.0,280.0,400.0
560,3,ZONE_FACULTY_MEGASTRUCT,4,Roof,SM_FC_Roof_SolarObservatory_12x12,-58894.21,42852.44,2003.95,500.0,140.0,250.0
561,3,ZONE_FACULTY_MEGASTRUCT,0,Foundation,SM_FC_Foundation_SlopeCompensated_12x12,-45839.98,60380.76,435.72,400.0,850.0,1200.0
561,3,ZONE_FACULTY_MEGASTRUCT,1,GroundFloor,SM_FC_Ground_Lobby_Transit_12x12,-45839.98,60380.76,835.72,600.0,450.0,600.0
561,3,ZONE_FACULTY_MEGASTRUCT,2,IntermediateFloor,SM_FC_Mid_Academic_Lab_12x12,-45839.98,60380.76,1435.72,400.0,320.0,400.0
561,3,ZONE_FACULTY_MEGASTRUCT,3,IntermediateFloor,SM_FC_Mid_Faculty_Chambers_12x12,-45839.98,60380.76,1835.72,400.0,280.0,400.0
561,3,ZONE_FACULTY_MEGASTRUCT,4,Roof,SM_FC_Roof_SolarObservatory_12x12,-45839.98,60380.76,2235.72,500.0,140.0,250.0
562,3,ZONE_FACULTY_MEGASTRUCT,0,Foundation,SM_FC_Foundation_SlopeCompensated_12x12,-48955.86,57264.88,2862.29,400.0,850.0,1200.0
562,3,ZONE_FACULTY_MEGASTRUCT,1,GroundFloor,SM_FC_Ground_Lobby_Transit_12x12,-48955.86,57264.88,3262.29,600.0,450.0,600.0
562,3,ZONE_FACULTY_MEGASTRUCT,2,IntermediateFloor,SM_FC_Mid_Academic_Lab_12x12,-48955.86,57264.88,3862.29,400.0,320.0,400.0
562,3,ZONE_FACULTY_MEGASTRUCT,3,Roof,SM_FC_Roof_SolarObservatory_12x12,-48955.86,57264.88,4262.29,500.0,140.0,250.0
563,3,ZONE_FACULTY_MEGASTRUCT,0,Foundation,SM_FC_Foundation_SlopeCompensated_12x12,-52071.74,54148.99,4389.59,400.0,850.0,1200.0
563,3,ZONE_FACULTY_MEGASTRUCT,1,GroundFloor,SM_FC_Ground_Lobby_Transit_12x12,-52071.74,54148.99,4789.59,600.0,450.0,600.0
563,3,ZONE_FACULTY_MEGASTRUCT,2,IntermediateFloor,SM_FC_Mid_Academic_Lab_12x12,-52071.74,54148.99,5389.59,400.0,320.0,400.0
563,3,ZONE_FACULTY_MEGASTRUCT,3,IntermediateFloor,SM_FC_Mid_Faculty_Chambers_12x12,-52071.74,54148.99,5789.59,400.0,280.0,400.0
563,3,ZONE_FACULTY_MEGASTRUCT,4,IntermediateFloor,SM_FC_Mid_Academic_Lab_12x12,-52071.74,54148.99,6189.59,400.0,320.0,400.0
563,3,ZONE_FACULTY_MEGASTRUCT,5,IntermediateFloor,SM_FC_Mid_Faculty_Chambers_12x12,-52071.74,54148.99,6589.59,400.0,280.0,400.0
563,3,ZONE_FACULTY_MEGASTRUCT,6,IntermediateFloor,SM_FC_Mid_Academic_Lab_12x12,-52071.74,54148.99,6989.59,400.0,320.0,400.0
563,3,ZONE_FACULTY_MEGASTRUCT,7,Roof,SM_FC_Roof_SolarObservatory_12x12,-52071.74,54148.99,7389.59,500.0,140.0,250.0
564,3,ZONE_FACULTY_MEGASTRUCT,0,Foundation,SM_FC_Foundation_SlopeCompensated_12x12,-55187.62,51033.11,3980.41,400.0,850.0,1200.0
564,3,ZONE_FACULTY_MEGASTRUCT,1,GroundFloor,SM_FC_Ground_Lobby_Transit_12x12,-55187.62,51033.11,4380.41,600.0,450.0,600.0
564,3,ZONE_FACULTY_MEGASTRUCT,2,IntermediateFloor,SM_FC_Mid_Academic_Lab_12x12,-55187.62,51033.11,4980.41,400.0,320.0,400.0
564,3,ZONE_FACULTY_MEGASTRUCT,3,IntermediateFloor,SM_FC_Mid_Faculty_Chambers_12x12,-55187.62,51033.11,5380.41,400.0,280.0,400.0
564,3,ZONE_FACULTY_MEGASTRUCT,4,IntermediateFloor,SM_FC_Mid_Academic_Lab_12x12,-55187.62,51033.11,5780.41,400.0,320.0,400.0
564,3,ZONE_FACULTY_MEGASTRUCT,5,IntermediateFloor,SM_FC_Mid_Faculty_Chambers_12x12,-55187.62,51033.11,6180.41,400.0,280.0,400.0
564,3,ZONE_FACULTY_MEGASTRUCT,6,Roof,SM_FC_Roof_SolarObservatory_12x12,-55187.62,51033.11,6580.41,500.0,140.0,250.0
565,3,ZONE_FACULTY_MEGASTRUCT,0,Foundation,SM_FC_Foundation_SlopeCompensated_12x12,-58303.5,47917.23,2153.35,400.0,850.0,1200.0
565,3,ZONE_FACULTY_MEGASTRUCT,1,GroundFloor,SM_FC_Ground_Lobby_Transit_12x12,-58303.5,47917.23,2553.35,600.0,450.0,600.0
565,3,ZONE_FACULTY_MEGASTRUCT,2,IntermediateFloor,SM_FC_Mid_Academic_Lab_12x12,-58303.5,47917.23,3153.35,400.0,320.0,400.0
565,3,ZONE_FACULTY_MEGASTRUCT,3,IntermediateFloor,SM_FC_Mid_Faculty_Chambers_12x12,-58303.5,47917.23,3553.35,400.0,280.0,400.0
565,3,ZONE_FACULTY_MEGASTRUCT,4,IntermediateFloor,SM_FC_Mid_Academic_Lab_12x12,-58303.5,47917.23,3953.35,400.0,320.0,400.0
565,3,ZONE_FACULTY_MEGASTRUCT,5,IntermediateFloor,SM_FC_Mid_Faculty_Chambers_12x12,-58303.5,47917.23,4353.35,400.0,280.0,400.0
565,3,ZONE_FACULTY_MEGASTRUCT,6,IntermediateFloor,SM_FC_Mid_Academic_Lab_12x12,-58303.5,47917.23,4753.35,400.0,320.0,400.0
565,3,ZONE_FACULTY_MEGASTRUCT,7,IntermediateFloor,SM_FC_Mid_Faculty_Chambers_12x12,-58303.5,47917.23,5153.35,400.0,280.0,400.0
565,3,ZONE_FACULTY_MEGASTRUCT,8,Roof,SM_FC_Roof_SolarObservatory_12x12,-58303.5,47917.23,5553.35,500.0,140.0,250.0
566,3,ZONE_FACULTY_MEGASTRUCT,0,Foundation,SM_FC_Foundation_SlopeCompensated_12x12,-49765.76,60929.05,1558.48,400.0,850.0,1200.0
566,3,ZONE_FACULTY_MEGASTRUCT,1,GroundFloor,SM_FC_Ground_Lobby_Transit_12x12,-49765.76,60929.05,1958.48,600.0,450.0,600.0
566,3,ZONE_FACULTY_MEGASTRUCT,2,IntermediateFloor,SM_FC_Mid_Academic_Lab_12x12,-49765.76,60929.05,2558.48,400.0,320.0,400.0
566,3,ZONE_FACULTY_MEGASTRUCT,3,IntermediateFloor,SM_FC_Mid_Faculty_Chambers_12x12,-49765.76,60929.05,2958.48,400.0,280.0,400.0
566,3,ZONE_FACULTY_MEGASTRUCT,4,Roof,SM_FC_Roof_SolarObservatory_12x12,-49765.76,60929.05,3358.48,500.0,140.0,250.0
567,3,ZONE_FACULTY_MEGASTRUCT,0,Foundation,SM_FC_Foundation_SlopeCompensated_12x12,-52556.59,58138.23,3588.58,400.0,850.0,1200.0
567,3,ZONE_FACULTY_MEGASTRUCT,1,GroundFloor,SM_FC_Ground_Lobby_Transit_12x12,-52556.59,58138.23,3988.58,600.0,450.0,600.0
567,3,ZONE_FACULTY_MEGASTRUCT,2,IntermediateFloor,SM_FC_Mid_Academic_Lab_12x12,-52556.59,58138.23,4588.58,400.0,320.0,400.0
567,3,ZONE_FACULTY_MEGASTRUCT,3,IntermediateFloor,SM_FC_Mid_Faculty_Chambers_12x12,-52556.59,58138.23,4988.58,400.0,280.0,400.0
567,3,ZONE_FACULTY_MEGASTRUCT,4,IntermediateFloor,SM_FC_Mid_Academic_Lab_12x12,-52556.59,58138.23,5388.58,400.0,320.0,400.0
567,3,ZONE_FACULTY_MEGASTRUCT,5,IntermediateFloor,SM_FC_Mid_Faculty_Chambers_12x12,-52556.59,58138.23,5788.58,400.0,280.0,400.0
567,3,ZONE_FACULTY_MEGASTRUCT,6,Roof,SM_FC_Roof_SolarObservatory_12x12,-52556.59,58138.23,6188.58,500.0,140.0,250.0
568,3,ZONE_FACULTY_MEGASTRUCT,0,Foundation,SM_FC_Foundation_SlopeCompensated_12x12,-55347.41,55347.41,4766.19,400.0,850.0,1200.0
568,3,ZONE_FACULTY_MEGASTRUCT,1,GroundFloor,SM_FC_Ground_Lobby_Transit_12x12,-55347.41,55347.41,5166.19,600.0,450.0,600.0
568,3,ZONE_FACULTY_MEGASTRUCT,2,IntermediateFloor,SM_FC_Mid_Academic_Lab_12x12,-55347.41,55347.41,5766.19,400.0,320.0,400.0
568,3,ZONE_FACULTY_MEGASTRUCT,3,Roof,SM_FC_Roof_SolarObservatory_12x12,-55347.41,55347.41,6166.19,500.0,140.0,250.0
569,3,ZONE_FACULTY_MEGASTRUCT,0,Foundation,SM_FC_Foundation_SlopeCompensated_12x12,-58138.23,52556.59,3588.58,400.0,850.0,1200.0
569,3,ZONE_FACULTY_MEGASTRUCT,1,GroundFloor,SM_FC_Ground_Lobby_Transit_12x12,-58138.23,52556.59,3988.58,600.0,450.0,600.0
569,3,ZONE_FACULTY_MEGASTRUCT,2,IntermediateFloor,SM_FC_Mid_Academic_Lab_12x12,-58138.23,52556.59,4588.58,400.0,320.0,400.0
569,3,ZONE_FACULTY_MEGASTRUCT,3,IntermediateFloor,SM_FC_Mid_Faculty_Chambers_12x12,-58138.23,52556.59,4988.58,400.0,280.0,400.0
569,3,ZONE_FACULTY_MEGASTRUCT,4,IntermediateFloor,SM_FC_Mid_Academic_Lab_12x12,-58138.23,52556.59,5388.58,400.0,320.0,400.0
569,3,ZONE_FACULTY_MEGASTRUCT,5,IntermediateFloor,SM_FC_Mid_Faculty_Chambers_12x12,-58138.23,52556.59,5788.58,400.0,280.0,400.0
569,3,ZONE_FACULTY_MEGASTRUCT,6,Roof,SM_FC_Roof_SolarObservatory_12x12,-58138.23,52556.59,6188.58,500.0,140.0,250.0
570,3,ZONE_FACULTY_MEGASTRUCT,0,Foundation,SM_FC_Foundation_SlopeCompensated_12x12,-60929.05,49765.76,1558.48,400.0,850.0,1200.0
570,3,ZONE_FACULTY_MEGASTRUCT,1,GroundFloor,SM_FC_Ground_Lobby_Transit_12x12,-60929.05,49765.76,1958.48,600.0,450.0,600.0
570,3,ZONE_FACULTY_MEGASTRUCT,2,IntermediateFloor,SM_FC_Mid_Academic_Lab_12x12,-60929.05,49765.76,2558.48,400.0,320.0,400.0
570,3,ZONE_FACULTY_MEGASTRUCT,3,IntermediateFloor,SM_FC_Mid_Faculty_Chambers_12x12,-60929.05,49765.76,2958.48,400.0,280.0,400.0
570,3,ZONE_FACULTY_MEGASTRUCT,4,IntermediateFloor,SM_FC_Mid_Academic_Lab_12x12,-60929.05,49765.76,3358.48,400.0,320.0,400.0
570,3,ZONE_FACULTY_MEGASTRUCT,5,IntermediateFloor,SM_FC_Mid_Faculty_Chambers_12x12,-60929.05,49765.76,3758.48,400.0,280.0,400.0
570,3,ZONE_FACULTY_MEGASTRUCT,6,Roof,SM_FC_Roof_SolarObservatory_12x12,-60929.05,49765.76,4158.48,500.0,140.0,250.0
571,3,ZONE_FACULTY_MEGASTRUCT,0,Foundation,SM_FC_Foundation_SlopeCompensated_12x12,-53475.7,61693.19,2513.44,400.0,850.0,1200.0
571,3,ZONE_FACULTY_MEGASTRUCT,1,GroundFloor,SM_FC_Ground_Lobby_Transit_12x12,-53475.7,61693.19,2913.44,600.0,450.0,600.0
571,3,ZONE_FACULTY_MEGASTRUCT,2,IntermediateFloor,SM_FC_Mid_Academic_Lab_12x12,-53475.7,61693.19,3513.44,400.0,320.0,400.0
571,3,ZONE_FACULTY_MEGASTRUCT,3,IntermediateFloor,SM_FC_Mid_Faculty_Chambers_12x12,-53475.7,61693.19,3913.44,400.0,280.0,400.0
571,3,ZONE_FACULTY_MEGASTRUCT,4,IntermediateFloor,SM_FC_Mid_Academic_Lab_12x12,-53475.7,61693.19,4313.44,400.0,320.0,400.0
571,3,ZONE_FACULTY_MEGASTRUCT,5,IntermediateFloor,SM_FC_Mid_Faculty_Chambers_12x12,-53475.7,61693.19,4713.44,400.0,280.0,400.0
571,3,ZONE_FACULTY_MEGASTRUCT,6,Roof,SM_FC_Roof_SolarObservatory_12x12,-53475.7,61693.19,5113.44,500.0,140.0,250.0
572,3,ZONE_FACULTY_MEGASTRUCT,0,Foundation,SM_FC_Foundation_SlopeCompensated_12x12,-55940.95,59227.95,4161.38,400.0,850.0,1200.0
572,3,ZONE_FACULTY_MEGASTRUCT,1,GroundFloor,SM_FC_Ground_Lobby_Transit_12x12,-55940.95,59227.95,4561.38,600.0,450.0,600.0
572,3,ZONE_FACULTY_MEGASTRUCT,2,IntermediateFloor,SM_FC_Mid_Academic_Lab_12x12,-55940.95,59227.95,5161.38,400.0,320.0,400.0
572,3,ZONE_FACULTY_MEGASTRUCT,3,IntermediateFloor,SM_FC_Mid_Faculty_Chambers_12x12,-55940.95,59227.95,5561.38,400.0,280.0,400.0
572,3,ZONE_FACULTY_MEGASTRUCT,4,IntermediateFloor,SM_FC_Mid_Academic_Lab_12x12,-55940.95,59227.95,5961.38,400.0,320.0,400.0
572,3,ZONE_FACULTY_MEGASTRUCT,5,IntermediateFloor,SM_FC_Mid_Faculty_Chambers_12x12,-55940.95,59227.95,6361.38,400.0,280.0,400.0
572,3,ZONE_FACULTY_MEGASTRUCT,6,Roof,SM_FC_Roof_SolarObservatory_12x12,-55940.95,59227.95,6761.38,500.0,140.0,250.0
573,3,ZONE_FACULTY_MEGASTRUCT,0,Foundation,SM_FC_Foundation_SlopeCompensated_12x12,-58406.2,56762.7,4533.72,400.0,850.0,1200.0
573,3,ZONE_FACULTY_MEGASTRUCT,1,GroundFloor,SM_FC_Ground_Lobby_Transit_12x12,-58406.2,56762.7,4933.72,600.0,450.0,600.0
573,3,ZONE_FACULTY_MEGASTRUCT,2,IntermediateFloor,SM_FC_Mid_Academic_Lab_12x12,-58406.2,56762.7,5533.72,400.0,320.0,400.0
573,3,ZONE_FACULTY_MEGASTRUCT,3,IntermediateFloor,SM_FC_Mid_Faculty_Chambers_12x12,-58406.2,56762.7,5933.72,400.0,280.0,400.0
573,3,ZONE_FACULTY_MEGASTRUCT,4,IntermediateFloor,SM_FC_Mid_Academic_Lab_12x12,-58406.2,56762.7,6333.72,400.0,320.0,400.0
573,3,ZONE_FACULTY_MEGASTRUCT,5,Roof,SM_FC_Roof_SolarObservatory_12x12,-58406.2,56762.7,6733.72,500.0,140.0,250.0
574,3,ZONE_FACULTY_MEGASTRUCT,0,Foundation,SM_FC_Foundation_SlopeCompensated_12x12,-60871.44,54297.45,3151.24,400.0,850.0,1200.0
574,3,ZONE_FACULTY_MEGASTRUCT,1,GroundFloor,SM_FC_Ground_Lobby_Transit_12x12,-60871.44,54297.45,3551.24,600.0,450.0,600.0
574,3,ZONE_FACULTY_MEGASTRUCT,2,IntermediateFloor,SM_FC_Mid_Academic_Lab_12x12,-60871.44,54297.45,4151.24,400.0,320.0,400.0
574,3,ZONE_FACULTY_MEGASTRUCT,3,IntermediateFloor,SM_FC_Mid_Faculty_Chambers_12x12,-60871.44,54297.45,4551.24,400.0,280.0,400.0
574,3,ZONE_FACULTY_MEGASTRUCT,4,IntermediateFloor,SM_FC_Mid_Academic_Lab_12x12,-60871.44,54297.45,4951.24,400.0,320.0,400.0
574,3,ZONE_FACULTY_MEGASTRUCT,5,Roof,SM_FC_Roof_SolarObservatory_12x12,-60871.44,54297.45,5351.24,500.0,140.0,250.0
575,3,ZONE_FACULTY_MEGASTRUCT,0,Foundation,SM_FC_Foundation_SlopeCompensated_12x12,-63336.69,51832.2,972.39,400.0,850.0,1200.0
575,3,ZONE_FACULTY_MEGASTRUCT,1,GroundFloor,SM_FC_Ground_Lobby_Transit_12x12,-63336.69,51832.2,1372.39,600.0,450.0,600.0
575,3,ZONE_FACULTY_MEGASTRUCT,2,IntermediateFloor,SM_FC_Mid_Academic_Lab_12x12,-63336.69,51832.2,1972.39,400.0,320.0,400.0
575,3,ZONE_FACULTY_MEGASTRUCT,3,IntermediateFloor,SM_FC_Mid_Faculty_Chambers_12x12,-63336.69,51832.2,2372.39,400.0,280.0,400.0
575,3,ZONE_FACULTY_MEGASTRUCT,4,Roof,SM_FC_Roof_SolarObservatory_12x12,-63336.69,51832.2,2772.39,500.0,140.0,250.0
576,3,ZONE_FACULTY_MEGASTRUCT,0,Foundation,SM_FC_Foundation_SlopeCompensated_12x12,-54823.79,64819.19,1230.47,400.0,850.0,1200.0
576,3,ZONE_FACULTY_MEGASTRUCT,1,GroundFloor,SM_FC_Ground_Lobby_Transit_12x12,-54823.79,64819.19,1630.47,600.0,450.0,600.0
576,3,ZONE_FACULTY_MEGASTRUCT,2,IntermediateFloor,SM_FC_Mid_Academic_Lab_12x12,-54823.79,64819.19,2230.47,400.0,320.0,400.0
576,3,ZONE_FACULTY_MEGASTRUCT,3,IntermediateFloor,SM_FC_Mid_Faculty_Chambers_12x12,-54823.79,64819.19,2630.47,400.0,280.0,400.0
576,3,ZONE_FACULTY_MEGASTRUCT,4,IntermediateFloor,SM_FC_Mid_Academic_Lab_12x12,-54823.79,64819.19,3030.47,400.0,320.0,400.0
576,3,ZONE_FACULTY_MEGASTRUCT,5,IntermediateFloor,SM_FC_Mid_Faculty_Chambers_12x12,-54823.79,64819.19,3430.47,400.0,280.0,400.0
576,3,ZONE_FACULTY_MEGASTRUCT,6,IntermediateFloor,SM_FC_Mid_Academic_Lab_12x12,-54823.79,64819.19,3830.47,400.0,320.0,400.0
576,3,ZONE_FACULTY_MEGASTRUCT,7,Roof,SM_FC_Roof_SolarObservatory_12x12,-54823.79,64819.19,4230.47,500.0,140.0,250.0
577,3,ZONE_FACULTY_MEGASTRUCT,0,Foundation,SM_FC_Foundation_SlopeCompensated_12x12,-56965.66,62677.32,3182.51,400.0,850.0,1200.0
577,3,ZONE_FACULTY_MEGASTRUCT,1,GroundFloor,SM_FC_Ground_Lobby_Transit_12x12,-56965.66,62677.32,3582.51,600.0,450.0,600.0
577,3,ZONE_FACULTY_MEGASTRUCT,2,IntermediateFloor,SM_FC_Mid_Academic_Lab_12x12,-56965.66,62677.32,4182.51,400.0,320.0,400.0
577,3,ZONE_FACULTY_MEGASTRUCT,3,IntermediateFloor,SM_FC_Mid_Faculty_Chambers_12x12,-56965.66,62677.32,4582.51,400.0,280.0,400.0
577,3,ZONE_FACULTY_MEGASTRUCT,4,IntermediateFloor,SM_FC_Mid_Academic_Lab_12x12,-56965.66,62677.32,4982.51,400.0,320.0,400.0
577,3,ZONE_FACULTY_MEGASTRUCT,5,IntermediateFloor,SM_FC_Mid_Faculty_Chambers_12x12,-56965.66,62677.32,5382.51,400.0,280.0,400.0
577,3,ZONE_FACULTY_MEGASTRUCT,6,Roof,SM_FC_Roof_SolarObservatory_12x12,-56965.66,62677.32,5782.51,500.0,140.0,250.0
578,3,ZONE_FACULTY_MEGASTRUCT,0,Foundation,SM_FC_Foundation_SlopeCompensated_12x12,-59107.53,60535.44,4428.12,400.0,850.0,1200.0
578,3,ZONE_FACULTY_MEGASTRUCT,1,GroundFloor,SM_FC_Ground_Lobby_Transit_12x12,-59107.53,60535.44,4828.12,600.0,450.0,600.0
578,3,ZONE_FACULTY_MEGASTRUCT,2,IntermediateFloor,SM_FC_Mid_Academic_Lab_12x12,-59107.53,60535.44,5428.12,400.0,320.0,400.0
578,3,ZONE_FACULTY_MEGASTRUCT,3,IntermediateFloor,SM_FC_Mid_Faculty_Chambers_12x12,-59107.53,60535.44,5828.12,400.0,280.0,400.0
578,3,ZONE_FACULTY_MEGASTRUCT,4,IntermediateFloor,SM_FC_Mid_Academic_Lab_12x12,-59107.53,60535.44,6228.12,400.0,320.0,400.0
578,3,ZONE_FACULTY_MEGASTRUCT,5,IntermediateFloor,SM_FC_Mid_Faculty_Chambers_12x12,-59107.53,60535.44,6628.12,400.0,280.0,400.0
578,3,ZONE_FACULTY_MEGASTRUCT,6,IntermediateFloor,SM_FC_Mid_Academic_Lab_12x12,-59107.53,60535.44,7028.12,400.0,320.0,400.0
578,3,ZONE_FACULTY_MEGASTRUCT,7,IntermediateFloor,SM_FC_Mid_Faculty_Chambers_12x12,-59107.53,60535.44,7428.12,400.0,280.0,400.0
578,3,ZONE_FACULTY_MEGASTRUCT,8,Roof,SM_FC_Roof_SolarObservatory_12x12,-59107.53,60535.44,7828.12,500.0,140.0,250.0
579,3,ZONE_FACULTY_MEGASTRUCT,0,Foundation,SM_FC_Foundation_SlopeCompensated_12x12,-61249.4,58393.57,4091.41,400.0,850.0,1200.0
579,3,ZONE_FACULTY_MEGASTRUCT,1,GroundFloor,SM_FC_Ground_Lobby_Transit_12x12,-61249.4,58393.57,4491.41,600.0,450.0,600.0
579,3,ZONE_FACULTY_MEGASTRUCT,2,IntermediateFloor,SM_FC_Mid_Academic_Lab_12x12,-61249.4,58393.57,5091.41,400.0,320.0,400.0
579,3,ZONE_FACULTY_MEGASTRUCT,3,Roof,SM_FC_Roof_SolarObservatory_12x12,-61249.4,58393.57,5491.41,500.0,140.0,250.0
580,3,ZONE_FACULTY_MEGASTRUCT,0,Foundation,SM_FC_Foundation_SlopeCompensated_12x12,-63391.27,56251.7,2610.33,400.0,850.0,1200.0
580,3,ZONE_FACULTY_MEGASTRUCT,1,GroundFloor,SM_FC_Ground_Lobby_Transit_12x12,-63391.27,56251.7,3010.33,600.0,450.0,600.0
580,3,ZONE_FACULTY_MEGASTRUCT,2,IntermediateFloor,SM_FC_Mid_Academic_Lab_12x12,-63391.27,56251.7,3610.33,400.0,320.0,400.0
580,3,ZONE_FACULTY_MEGASTRUCT,3,Roof,SM_FC_Roof_SolarObservatory_12x12,-63391.27,56251.7,4010.33,500.0,140.0,250.0
581,3,ZONE_FACULTY_MEGASTRUCT,0,Foundation,SM_FC_Foundation_SlopeCompensated_12x12,-58411.98,65705.08,1995.05,400.0,850.0,1200.0
581,3,ZONE_FACULTY_MEGASTRUCT,1,GroundFloor,SM_FC_Ground_Lobby_Transit_12x12,-58411.98,65705.08,2395.05,600.0,450.0,600.0
581,3,ZONE_FACULTY_MEGASTRUCT,2,IntermediateFloor,SM_FC_Mid_Academic_Lab_12x12,-58411.98,65705.08,2995.05,400.0,320.0,400.0
581,3,ZONE_FACULTY_MEGASTRUCT,3,IntermediateFloor,SM_FC_Mid_Faculty_Chambers_12x12,-58411.98,65705.08,3395.05,400.0,280.0,400.0
581,3,ZONE_FACULTY_MEGASTRUCT,4,Roof,SM_FC_Roof_SolarObservatory_12x12,-58411.98,65705.08,3795.05,500.0,140.0,250.0
582,3,ZONE_FACULTY_MEGASTRUCT,0,Foundation,SM_FC_Foundation_SlopeCompensated_12x12,-60235.25,63881.8,3413.57,400.0,850.0,1200.0
582,3,ZONE_FACULTY_MEGASTRUCT,1,GroundFloor,SM_FC_Ground_Lobby_Transit_12x12,-60235.25,63881.8,3813.57,600.0,450.0,600.0
582,3,ZONE_FACULTY_MEGASTRUCT,2,IntermediateFloor,SM_FC_Mid_Academic_Lab_12x12,-60235.25,63881.8,4413.57,400.0,320.0,400.0
582,3,ZONE_FACULTY_MEGASTRUCT,3,IntermediateFloor,SM_FC_Mid_Faculty_Chambers_12x12,-60235.25,63881.8,4813.57,400.0,280.0,400.0
582,3,ZONE_FACULTY_MEGASTRUCT,4,IntermediateFloor,SM_FC_Mid_Academic_Lab_12x12,-60235.25,63881.8,5213.57,400.0,320.0,400.0
582,3,ZONE_FACULTY_MEGASTRUCT,5,IntermediateFloor,SM_FC_Mid_Faculty_Chambers_12x12,-60235.25,63881.8,5613.57,400.0,280.0,400.0
582,3,ZONE_FACULTY_MEGASTRUCT,6,Roof,SM_FC_Roof_SolarObservatory_12x12,-60235.25,63881.8,6013.57,500.0,140.0,250.0
583,3,ZONE_FACULTY_MEGASTRUCT,0,Foundation,SM_FC_Foundation_SlopeCompensated_12x12,-62058.53,62058.53,4256.54,400.0,850.0,1200.0
583,3,ZONE_FACULTY_MEGASTRUCT,1,GroundFloor,SM_FC_Ground_Lobby_Transit_12x12,-62058.53,62058.53,4656.54,600.0,450.0,600.0
583,3,ZONE_FACULTY_MEGASTRUCT,2,IntermediateFloor,SM_FC_Mid_Academic_Lab_12x12,-62058.53,62058.53,5256.54,400.0,320.0,400.0
583,3,ZONE_FACULTY_MEGASTRUCT,3,IntermediateFloor,SM_FC_Mid_Faculty_Chambers_12x12,-62058.53,62058.53,5656.54,400.0,280.0,400.0
583,3,ZONE_FACULTY_MEGASTRUCT,4,IntermediateFloor,SM_FC_Mid_Academic_Lab_12x12,-62058.53,62058.53,6056.54,400.0,320.0,400.0
583,3,ZONE_FACULTY_MEGASTRUCT,5,IntermediateFloor,SM_FC_Mid_Faculty_Chambers_12x12,-62058.53,62058.53,6456.54,400.0,280.0,400.0
583,3,ZONE_FACULTY_MEGASTRUCT,6,Roof,SM_FC_Roof_SolarObservatory_12x12,-62058.53,62058.53,6856.54,500.0,140.0,250.0
584,3,ZONE_FACULTY_MEGASTRUCT,0,Foundation,SM_FC_Foundation_SlopeCompensated_12x12,-63881.8,60235.25,3413.57,400.0,850.0,1200.0
584,3,ZONE_FACULTY_MEGASTRUCT,1,GroundFloor,SM_FC_Ground_Lobby_Transit_12x12,-63881.8,60235.25,3813.57,600.0,450.0,600.0
584,3,ZONE_FACULTY_MEGASTRUCT,2,IntermediateFloor,SM_FC_Mid_Academic_Lab_12x12,-63881.8,60235.25,4413.57,400.0,320.0,400.0
584,3,ZONE_FACULTY_MEGASTRUCT,3,IntermediateFloor,SM_FC_Mid_Faculty_Chambers_12x12,-63881.8,60235.25,4813.57,400.0,280.0,400.0
584,3,ZONE_FACULTY_MEGASTRUCT,4,IntermediateFloor,SM_FC_Mid_Academic_Lab_12x12,-63881.8,60235.25,5213.57,400.0,320.0,400.0
584,3,ZONE_FACULTY_MEGASTRUCT,5,IntermediateFloor,SM_FC_Mid_Faculty_Chambers_12x12,-63881.8,60235.25,5613.57,400.0,280.0,400.0
584,3,ZONE_FACULTY_MEGASTRUCT,6,IntermediateFloor,SM_FC_Mid_Academic_Lab_12x12,-63881.8,60235.25,6013.57,400.0,320.0,400.0
584,3,ZONE_FACULTY_MEGASTRUCT,7,Roof,SM_FC_Roof_SolarObservatory_12x12,-63881.8,60235.25,6413.57,500.0,140.0,250.0
585,3,ZONE_FACULTY_MEGASTRUCT,0,Foundation,SM_FC_Foundation_SlopeCompensated_12x12,-65705.08,58411.98,1995.05,400.0,850.0,1200.0
585,3,ZONE_FACULTY_MEGASTRUCT,1,GroundFloor,SM_FC_Ground_Lobby_Transit_12x12,-65705.08,58411.98,2395.05,600.0,450.0,600.0
585,3,ZONE_FACULTY_MEGASTRUCT,2,IntermediateFloor,SM_FC_Mid_Academic_Lab_12x12,-65705.08,58411.98,2995.05,400.0,320.0,400.0
585,3,ZONE_FACULTY_MEGASTRUCT,3,IntermediateFloor,SM_FC_Mid_Faculty_Chambers_12x12,-65705.08,58411.98,3395.05,400.0,280.0,400.0
585,3,ZONE_FACULTY_MEGASTRUCT,4,Roof,SM_FC_Roof_SolarObservatory_12x12,-65705.08,58411.98,3795.05,500.0,140.0,250.0
586,3,ZONE_FACULTY_MEGASTRUCT,0,Foundation,SM_FC_Foundation_SlopeCompensated_12x12,-61775.6,66815.54,2292.97,400.0,850.0,1200.0
586,3,ZONE_FACULTY_MEGASTRUCT,1,GroundFloor,SM_FC_Ground_Lobby_Transit_12x12,-61775.6,66815.54,2692.97,600.0,450.0,600.0
586,3,ZONE_FACULTY_MEGASTRUCT,2,IntermediateFloor,SM_FC_Mid_Academic_Lab_12x12,-61775.6,66815.54,3292.97,400.0,320.0,400.0
586,3,ZONE_FACULTY_MEGASTRUCT,3,Roof,SM_FC_Roof_SolarObservatory_12x12,-61775.6,66815.54,3692.97,500.0,140.0,250.0
587,3,ZONE_FACULTY_MEGASTRUCT,0,Foundation,SM_FC_Foundation_SlopeCompensated_12x12,-63287.58,65303.56,3225.62,400.0,850.0,1200.0
587,3,ZONE_FACULTY_MEGASTRUCT,1,GroundFloor,SM_FC_Ground_Lobby_Transit_12x12,-63287.58,65303.56,3625.62,600.0,450.0,600.0
587,3,ZONE_FACULTY_MEGASTRUCT,2,IntermediateFloor,SM_FC_Mid_Academic_Lab_12x12,-63287.58,65303.56,4225.62,400.0,320.0,400.0
587,3,ZONE_FACULTY_MEGASTRUCT,3,IntermediateFloor,SM_FC_Mid_Faculty_Chambers_12x12,-63287.58,65303.56,4625.62,400.0,280.0,400.0
587,3,ZONE_FACULTY_MEGASTRUCT,4,IntermediateFloor,SM_FC_Mid_Academic_Lab_12x12,-63287.58,65303.56,5025.62,400.0,320.0,400.0
587,3,ZONE_FACULTY_MEGASTRUCT,5,Roof,SM_FC_Roof_SolarObservatory_12x12,-63287.58,65303.56,5425.62,500.0,140.0,250.0
588,3,ZONE_FACULTY_MEGASTRUCT,0,Foundation,SM_FC_Foundation_SlopeCompensated_12x12,-64799.56,63791.57,3441.26,400.0,850.0,1200.0
588,3,ZONE_FACULTY_MEGASTRUCT,1,GroundFloor,SM_FC_Ground_Lobby_Transit_12x12,-64799.56,63791.57,3841.26,600.0,450.0,600.0
588,3,ZONE_FACULTY_MEGASTRUCT,2,IntermediateFloor,SM_FC_Mid_Academic_Lab_12x12,-64799.56,63791.57,4441.26,400.0,320.0,400.0
588,3,ZONE_FACULTY_MEGASTRUCT,3,IntermediateFloor,SM_FC_Mid_Faculty_Chambers_12x12,-64799.56,63791.57,4841.26,400.0,280.0,400.0
588,3,ZONE_FACULTY_MEGASTRUCT,4,IntermediateFloor,SM_FC_Mid_Academic_Lab_12x12,-64799.56,63791.57,5241.26,400.0,320.0,400.0
588,3,ZONE_FACULTY_MEGASTRUCT,5,IntermediateFloor,SM_FC_Mid_Faculty_Chambers_12x12,-64799.56,63791.57,5641.26,400.0,280.0,400.0
588,3,ZONE_FACULTY_MEGASTRUCT,6,Roof,SM_FC_Roof_SolarObservatory_12x12,-64799.56,63791.57,6041.26,500.0,140.0,250.0
589,3,ZONE_FACULTY_MEGASTRUCT,0,Foundation,SM_FC_Foundation_SlopeCompensated_12x12,-66311.55,62279.59,2651.47,400.0,850.0,1200.0
589,3,ZONE_FACULTY_MEGASTRUCT,1,GroundFloor,SM_FC_Ground_Lobby_Transit_12x12,-66311.55,62279.59,3051.47,600.0,450.0,600.0
589,3,ZONE_FACULTY_MEGASTRUCT,2,IntermediateFloor,SM_FC_Mid_Academic_Lab_12x12,-66311.55,62279.59,3651.47,400.0,320.0,400.0
589,3,ZONE_FACULTY_MEGASTRUCT,3,Roof,SM_FC_Roof_SolarObservatory_12x12,-66311.55,62279.59,4051.47,500.0,140.0,250.0
590,3,ZONE_FACULTY_MEGASTRUCT,0,Foundation,SM_FC_Foundation_SlopeCompensated_12x12,-67823.53,60767.61,1433.09,400.0,850.0,1200.0
590,3,ZONE_FACULTY_MEGASTRUCT,1,GroundFloor,SM_FC_Ground_Lobby_Transit_12x12,-67823.53,60767.61,1833.09,600.0,450.0,600.0
590,3,ZONE_FACULTY_MEGASTRUCT,2,IntermediateFloor,SM_FC_Mid_Academic_Lab_12x12,-67823.53,60767.61,2433.09,400.0,320.0,400.0
590,3,ZONE_FACULTY_MEGASTRUCT,3,IntermediateFloor,SM_FC_Mid_Faculty_Chambers_12x12,-67823.53,60767.61,2833.09,400.0,280.0,400.0
590,3,ZONE_FACULTY_MEGASTRUCT,4,IntermediateFloor,SM_FC_Mid_Academic_Lab_12x12,-67823.53,60767.61,3233.09,400.0,320.0,400.0
590,3,ZONE_FACULTY_MEGASTRUCT,5,IntermediateFloor,SM_FC_Mid_Faculty_Chambers_12x12,-67823.53,60767.61,3633.09,400.0,280.0,400.0
590,3,ZONE_FACULTY_MEGASTRUCT,6,IntermediateFloor,SM_FC_Mid_Academic_Lab_12x12,-67823.53,60767.61,4033.09,400.0,320.0,400.0
590,3,ZONE_FACULTY_MEGASTRUCT,7,IntermediateFloor,SM_FC_Mid_Faculty_Chambers_12x12,-67823.53,60767.61,4433.09,400.0,280.0,400.0
590,3,ZONE_FACULTY_MEGASTRUCT,8,Roof,SM_FC_Roof_SolarObservatory_12x12,-67823.53,60767.61,4833.09,500.0,140.0,250.0
591,3,ZONE_FACULTY_MEGASTRUCT,0,Foundation,SM_FC_Foundation_SlopeCompensated_12x12,-63707.99,69357.23,1334.24,400.0,850.0,1200.0
591,3,ZONE_FACULTY_MEGASTRUCT,1,GroundFloor,SM_FC_Ground_Lobby_Transit_12x12,-63707.99,69357.23,1734.24,600.0,450.0,600.0
591,3,ZONE_FACULTY_MEGASTRUCT,2,IntermediateFloor,SM_FC_Mid_Academic_Lab_12x12,-63707.99,69357.23,2334.24,400.0,320.0,400.0
591,3,ZONE_FACULTY_MEGASTRUCT,3,IntermediateFloor,SM_FC_Mid_Faculty_Chambers_12x12,-63707.99,69357.23,2734.24,400.0,280.0,400.0
591,3,ZONE_FACULTY_MEGASTRUCT,4,IntermediateFloor,SM_FC_Mid_Academic_Lab_12x12,-63707.99,69357.23,3134.24,400.0,320.0,400.0
591,3,ZONE_FACULTY_MEGASTRUCT,5,IntermediateFloor,SM_FC_Mid_Faculty_Chambers_12x12,-63707.99,69357.23,3534.24,400.0,280.0,400.0
591,3,ZONE_FACULTY_MEGASTRUCT,6,IntermediateFloor,SM_FC_Mid_Academic_Lab_12x12,-63707.99,69357.23,3934.24,400.0,320.0,400.0
591,3,ZONE_FACULTY_MEGASTRUCT,7,Roof,SM_FC_Roof_SolarObservatory_12x12,-63707.99,69357.23,4334.24,500.0,140.0,250.0
592,3,ZONE_FACULTY_MEGASTRUCT,0,Foundation,SM_FC_Foundation_SlopeCompensated_12x12,-64918.54,68146.68,2166.81,400.0,850.0,1200.0
592,3,ZONE_FACULTY_MEGASTRUCT,1,GroundFloor,SM_FC_Ground_Lobby_Transit_12x12,-64918.54,68146.68,2566.81,600.0,450.0,600.0
592,3,ZONE_FACULTY_MEGASTRUCT,2,IntermediateFloor,SM_FC_Mid_Academic_Lab_12x12,-64918.54,68146.68,3166.81,400.0,320.0,400.0
592,3,ZONE_FACULTY_MEGASTRUCT,3,IntermediateFloor,SM_FC_Mid_Faculty_Chambers_12x12,-64918.54,68146.68,3566.81,400.0,280.0,400.0
592,3,ZONE_FACULTY_MEGASTRUCT,4,IntermediateFloor,SM_FC_Mid_Academic_Lab_12x12,-64918.54,68146.68,3966.81,400.0,320.0,400.0
592,3,ZONE_FACULTY_MEGASTRUCT,5,IntermediateFloor,SM_FC_Mid_Faculty_Chambers_12x12,-64918.54,68146.68,4366.81,400.0,280.0,400.0
592,3,ZONE_FACULTY_MEGASTRUCT,6,IntermediateFloor,SM_FC_Mid_Academic_Lab_12x12,-64918.54,68146.68,4766.81,400.0,320.0,400.0
592,3,ZONE_FACULTY_MEGASTRUCT,7,Roof,SM_FC_Roof_SolarObservatory_12x12,-64918.54,68146.68,5166.81,500.0,140.0,250.0
593,3,ZONE_FACULTY_MEGASTRUCT,0,Foundation,SM_FC_Foundation_SlopeCompensated_12x12,-66129.09,66936.13,2712.43,400.0,850.0,1200.0
593,3,ZONE_FACULTY_MEGASTRUCT,1,GroundFloor,SM_FC_Ground_Lobby_Transit_12x12,-66129.09,66936.13,3112.43,600.0,450.0,600.0
593,3,ZONE_FACULTY_MEGASTRUCT,2,IntermediateFloor,SM_FC_Mid_Academic_Lab_12x12,-66129.09,66936.13,3712.43,400.0,320.0,400.0
593,3,ZONE_FACULTY_MEGASTRUCT,3,IntermediateFloor,SM_FC_Mid_Faculty_Chambers_12x12,-66129.09,66936.13,4112.43,400.0,280.0,400.0
593,3,ZONE_FACULTY_MEGASTRUCT,4,Roof,SM_FC_Roof_SolarObservatory_12x12,-66129.09,66936.13,4512.43,500.0,140.0,250.0
594,3,ZONE_FACULTY_MEGASTRUCT,0,Foundation,SM_FC_Foundation_SlopeCompensated_12x12,-67339.64,65725.57,2562.44,400.0,850.0,1200.0
594,3,ZONE_FACULTY_MEGASTRUCT,1,GroundFloor,SM_FC_Ground_Lobby_Transit_12x12,-67339.64,65725.57,2962.44,600.0,450.0,600.0
594,3,ZONE_FACULTY_MEGASTRUCT,2,IntermediateFloor,SM_FC_Mid_Academic_Lab_12x12,-67339.64,65725.57,3562.44,400.0,320.0,400.0
594,3,ZONE_FACULTY_MEGASTRUCT,3,IntermediateFloor,SM_FC_Mid_Faculty_Chambers_12x12,-67339.64,65725.57,3962.44,400.0,280.0,400.0
594,3,ZONE_FACULTY_MEGASTRUCT,4,IntermediateFloor,SM_FC_Mid_Academic_Lab_12x12,-67339.64,65725.57,4362.44,400.0,320.0,400.0
594,3,ZONE_FACULTY_MEGASTRUCT,5,IntermediateFloor,SM_FC_Mid_Faculty_Chambers_12x12,-67339.64,65725.57,4762.44,400.0,280.0,400.0
594,3,ZONE_FACULTY_MEGASTRUCT,6,IntermediateFloor,SM_FC_Mid_Academic_Lab_12x12,-67339.64,65725.57,5162.44,400.0,320.0,400.0
594,3,ZONE_FACULTY_MEGASTRUCT,7,IntermediateFloor,SM_FC_Mid_Faculty_Chambers_12x12,-67339.64,65725.57,5562.44,400.0,280.0,400.0
594,3,ZONE_FACULTY_MEGASTRUCT,8,Roof,SM_FC_Roof_SolarObservatory_12x12,-67339.64,65725.57,5962.44,500.0,140.0,250.0
595,3,ZONE_FACULTY_MEGASTRUCT,0,Foundation,SM_FC_Foundation_SlopeCompensated_12x12,-68550.19,64515.02,1921.17,400.0,850.0,1200.0
595,3,ZONE_FACULTY_MEGASTRUCT,1,GroundFloor,SM_FC_Ground_Lobby_Transit_12x12,-68550.19,64515.02,2321.17,600.0,450.0,600.0
595,3,ZONE_FACULTY_MEGASTRUCT,2,IntermediateFloor,SM_FC_Mid_Academic_Lab_12x12,-68550.19,64515.02,2921.17,400.0,320.0,400.0
595,3,ZONE_FACULTY_MEGASTRUCT,3,IntermediateFloor,SM_FC_Mid_Faculty_Chambers_12x12,-68550.19,64515.02,3321.17,400.0,280.0,400.0
595,3,ZONE_FACULTY_MEGASTRUCT,4,IntermediateFloor,SM_FC_Mid_Academic_Lab_12x12,-68550.19,64515.02,3721.17,400.0,320.0,400.0
595,3,ZONE_FACULTY_MEGASTRUCT,5,IntermediateFloor,SM_FC_Mid_Faculty_Chambers_12x12,-68550.19,64515.02,4121.17,400.0,280.0,400.0
595,3,ZONE_FACULTY_MEGASTRUCT,6,IntermediateFloor,SM_FC_Mid_Academic_Lab_12x12,-68550.19,64515.02,4521.17,400.0,320.0,400.0
595,3,ZONE_FACULTY_MEGASTRUCT,7,IntermediateFloor,SM_FC_Mid_Faculty_Chambers_12x12,-68550.19,64515.02,4921.17,400.0,280.0,400.0
595,3,ZONE_FACULTY_MEGASTRUCT,8,Roof,SM_FC_Roof_SolarObservatory_12x12,-68550.19,64515.02,5321.17,500.0,140.0,250.0
596,3,ZONE_HARBOR_BERTH,0,Foundation,SM_FC_Foundation_SlopeCompensated_12x12,-66926.19,70613.11,1291.5,400.0,850.0,1200.0
596,3,ZONE_HARBOR_BERTH,1,GroundFloor,SM_FC_Harbor_Submersible_Berth,-66926.19,70613.11,1691.5,300.0,600.0,900.0
596,3,ZONE_HARBOR_BERTH,2,Roof,SM_FC_Roof_SolarObservatory_12x12,-66926.19,70613.11,1991.5,500.0,140.0,250.0
597,3,ZONE_HARBOR_BERTH,0,Foundation,SM_FC_Foundation_SlopeCompensated_12x12,-67847.92,69691.38,1733.66,400.0,850.0,1200.0
597,3,ZONE_HARBOR_BERTH,1,GroundFloor,SM_FC_Harbor_Submersible_Berth,-67847.92,69691.38,2133.66,300.0,600.0,900.0
597,3,ZONE_HARBOR_BERTH,2,Roof,SM_FC_Roof_SolarObservatory_12x12,-67847.92,69691.38,2433.66,500.0,140.0,250.0
598,3,ZONE_HARBOR_BERTH,0,Foundation,SM_FC_Foundation_SlopeCompensated_12x12,-68769.65,68769.65,2008.86,400.0,850.0,1200.0
598,3,ZONE_HARBOR_BERTH,1,GroundFloor,SM_FC_Harbor_Submersible_Berth,-68769.65,68769.65,2408.86,300.0,600.0,900.0
598,3,ZONE_HARBOR_BERTH,2,Roof,SM_FC_Roof_SolarObservatory_12x12,-68769.65,68769.65,2708.86,500.0,140.0,250.0
599,3,ZONE_HARBOR_BERTH,0,Foundation,SM_FC_Foundation_SlopeCompensated_12x12,-69691.38,67847.92,1733.66,400.0,850.0,1200.0
599,3,ZONE_HARBOR_BERTH,1,GroundFloor,SM_FC_Harbor_Submersible_Berth,-69691.38,67847.92,2133.66,300.0,600.0,900.0
599,3,ZONE_HARBOR_BERTH,2,Roof,SM_FC_Roof_SolarObservatory_12x12,-69691.38,67847.92,2433.66,500.0,140.0,250.0
600,3,ZONE_HARBOR_BERTH,0,Foundation,SM_FC_Foundation_SlopeCompensated_12x12,-70613.11,66926.19,1291.5,400.0,850.0,1200.0
600,3,ZONE_HARBOR_BERTH,1,GroundFloor,SM_FC_Harbor_Submersible_Berth,-70613.11,66926.19,1691.5,300.0,600.0,900.0
600,3,ZONE_HARBOR_BERTH,2,Roof,SM_FC_Roof_SolarObservatory_12x12,-70613.11,66926.19,1991.5,500.0,140.0,250.0
601,3,ZONE_HARBOR_BERTH,0,Foundation,SM_FC_Foundation_SlopeCompensated_12x12,-69925.43,72087.95,957.06,400.0,850.0,1200.0
601,3,ZONE_HARBOR_BERTH,1,GroundFloor,SM_FC_Harbor_Submersible_Berth,-69925.43,72087.95,1357.06,300.0,600.0,900.0
601,3,ZONE_HARBOR_BERTH,2,Roof,SM_FC_Roof_SolarObservatory_12x12,-69925.43,72087.95,1657.06,500.0,140.0,250.0
602,3,ZONE_HARBOR_BERTH,0,Foundation,SM_FC_Foundation_SlopeCompensated_12x12,-70574.18,71439.19,1148.76,400.0,850.0,1200.0
602,3,ZONE_HARBOR_BERTH,1,GroundFloor,SM_FC_Harbor_Submersible_Berth,-70574.18,71439.19,1548.76,300.0,600.0,900.0
602,3,ZONE_HARBOR_BERTH,2,Roof,SM_FC_Roof_SolarObservatory_12x12,-70574.18,71439.19,1848.76,500.0,140.0,250.0
603,3,ZONE_HARBOR_BERTH,0,Foundation,SM_FC_Foundation_SlopeCompensated_12x12,-71222.94,70790.44,1195.14,400.0,850.0,1200.0
603,3,ZONE_HARBOR_BERTH,1,GroundFloor,SM_FC_Harbor_Submersible_Berth,-71222.94,70790.44,1595.14,300.0,600.0,900.0
603,3,ZONE_HARBOR_BERTH,2,Roof,SM_FC_Roof_SolarObservatory_12x12,-71222.94,70790.44,1895.14,500.0,140.0,250.0
604,3,ZONE_HARBOR_BERTH,0,Foundation,SM_FC_Foundation_SlopeCompensated_12x12,-71871.7,70141.68,1029.72,400.0,850.0,1200.0
604,3,ZONE_HARBOR_BERTH,1,GroundFloor,SM_FC_Harbor_Submersible_Berth,-71871.7,70141.68,1429.72,300.0,600.0,900.0
604,3,ZONE_HARBOR_BERTH,2,Roof,SM_FC_Roof_SolarObservatory_12x12,-71871.7,70141.68,1729.72,500.0,140.0,250.0
605,3,ZONE_HARBOR_BERTH,0,Foundation,SM_FC_Foundation_SlopeCompensated_12x12,-72520.46,69492.92,785.44,400.0,850.0,1200.0
605,3,ZONE_HARBOR_BERTH,1,GroundFloor,SM_FC_Harbor_Submersible_Berth,-72520.46,69492.92,1185.44,300.0,600.0,900.0
605,3,ZONE_HARBOR_BERTH,2,Roof,SM_FC_Roof_SolarObservatory_12x12,-72520.46,69492.92,1485.44,500.0,140.0,250.0
606,3,ZONE_HARBOR_BERTH,0,Foundation,SM_FC_Foundation_SlopeCompensated_12x12,-72319.72,74167.74,430.28,400.0,850.0,1200.0
606,3,ZONE_HARBOR_BERTH,1,GroundFloor,SM_FC_Harbor_Submersible_Berth,-72319.72,74167.74,830.28,300.0,600.0,900.0
606,3,ZONE_HARBOR_BERTH,2,Roof,SM_FC_Roof_SolarObservatory_12x12,-72319.72,74167.74,1130.28,500.0,140.0,250.0
607,3,ZONE_HARBOR_BERTH,0,Foundation,SM_FC_Foundation_SlopeCompensated_12x12,-72715.73,73771.73,515.14,400.0,850.0,1200.0
607,3,ZONE_HARBOR_BERTH,1,GroundFloor,SM_FC_Harbor_Submersible_Berth,-72715.73,73771.73,915.14,300.0,600.0,900.0
607,3,ZONE_HARBOR_BERTH,2,Roof,SM_FC_Roof_SolarObservatory_12x12,-72715.73,73771.73,1215.14,500.0,140.0,250.0
608,3,ZONE_HARBOR_BERTH,0,Foundation,SM_FC_Foundation_SlopeCompensated_12x12,-73111.73,73375.73,574.18,400.0,850.0,1200.0
608,3,ZONE_HARBOR_BERTH,1,GroundFloor,SM_FC_Harbor_Submersible_Berth,-73111.73,73375.73,974.18,300.0,600.0,900.0
608,3,ZONE_HARBOR_BERTH,2,Roof,SM_FC_Roof_SolarObservatory_12x12,-73111.73,73375.73,1274.18,500.0,140.0,250.0
609,3,ZONE_HARBOR_BERTH,0,Foundation,SM_FC_Foundation_SlopeCompensated_12x12,-73507.73,72979.73,557.37,400.0,850.0,1200.0
609,3,ZONE_HARBOR_BERTH,1,GroundFloor,SM_FC_Harbor_Submersible_Berth,-73507.73,72979.73,957.37,300.0,600.0,900.0
609,3,ZONE_HARBOR_BERTH,2,Roof,SM_FC_Roof_SolarObservatory_12x12,-73507.73,72979.73,1257.37,500.0,140.0,250.0
610,3,ZONE_HARBOR_BERTH,0,Foundation,SM_FC_Foundation_SlopeCompensated_12x12,-73903.74,72583.72,489.73,400.0,850.0,1200.0
610,3,ZONE_HARBOR_BERTH,1,GroundFloor,SM_FC_Harbor_Submersible_Berth,-73903.74,72583.72,889.73,300.0,600.0,900.0
610,3,ZONE_HARBOR_BERTH,2,Roof,SM_FC_Roof_SolarObservatory_12x12,-73903.74,72583.72,1189.73,500.0,140.0,250.0
611,3,ZONE_HARBOR_BERTH,0,Foundation,SM_FC_Foundation_SlopeCompensated_12x12,-75138.82,75822.72,134.66,400.0,850.0,1200.0
611,3,ZONE_HARBOR_BERTH,1,GroundFloor,SM_FC_Harbor_Submersible_Berth,-75138.82,75822.72,534.66,300.0,600.0,900.0
611,3,ZONE_HARBOR_BERTH,2,Roof,SM_FC_Roof_SolarObservatory_12x12,-75138.82,75822.72,834.66,500.0,140.0,250.0
612,3,ZONE_HARBOR_BERTH,0,Foundation,SM_FC_Foundation_SlopeCompensated_12x12,-75309.79,75651.75,146.47,400.0,850.0,1200.0
612,3,ZONE_HARBOR_BERTH,1,GroundFloor,SM_FC_Harbor_Submersible_Berth,-75309.79,75651.75,546.47,300.0,600.0,900.0
612,3,ZONE_HARBOR_BERTH,2,Roof,SM_FC_Roof_SolarObservatory_12x12,-75309.79,75651.75,846.47,500.0,140.0,250.0
613,3,ZONE_HARBOR_BERTH,0,Foundation,SM_FC_Foundation_SlopeCompensated_12x12,-75480.77,75480.77,154.75,400.0,850.0,1200.0
613,3,ZONE_HARBOR_BERTH,1,GroundFloor,SM_FC_Harbor_Submersible_Berth,-75480.77,75480.77,554.75,300.0,600.0,900.0
613,3,ZONE_HARBOR_BERTH,2,Roof,SM_FC_Roof_SolarObservatory_12x12,-75480.77,75480.77,854.75,500.0,140.0,250.0
614,3,ZONE_HARBOR_BERTH,0,Foundation,SM_FC_Foundation_SlopeCompensated_12x12,-75651.75,75309.79,146.47,400.0,850.0,1200.0
614,3,ZONE_HARBOR_BERTH,1,GroundFloor,SM_FC_Harbor_Submersible_Berth,-75651.75,75309.79,546.47,300.0,600.0,900.0
614,3,ZONE_HARBOR_BERTH,2,Roof,SM_FC_Roof_SolarObservatory_12x12,-75651.75,75309.79,846.47,500.0,140.0,250.0
615,3,ZONE_HARBOR_BERTH,0,Foundation,SM_FC_Foundation_SlopeCompensated_12x12,-75822.72,75138.82,134.66,400.0,850.0,1200.0
615,3,ZONE_HARBOR_BERTH,1,GroundFloor,SM_FC_Harbor_Submersible_Berth,-75822.72,75138.82,534.66,300.0,600.0,900.0
615,3,ZONE_HARBOR_BERTH,2,Roof,SM_FC_Roof_SolarObservatory_12x12,-75822.72,75138.82,834.66,500.0,140.0,250.0
616,3,ZONE_HARBOR_BERTH,0,Foundation,SM_FC_Foundation_SlopeCompensated_12x12,-77717.81,77717.81,0.0,400.0,850.0,1200.0
616,3,ZONE_HARBOR_BERTH,1,GroundFloor,SM_FC_Harbor_Submersible_Berth,-77717.81,77717.81,400.0,300.0,600.0,900.0
616,3,ZONE_HARBOR_BERTH,2,Roof,SM_FC_Roof_SolarObservatory_12x12,-77717.81,77717.81,700.0,500.0,140.0,250.0
617,3,ZONE_HARBOR_BERTH,0,Foundation,SM_FC_Foundation_SlopeCompensated_12x12,-77717.81,77717.81,0.0,400.0,850.0,1200.0
617,3,ZONE_HARBOR_BERTH,1,GroundFloor,SM_FC_Harbor_Submersible_Berth,-77717.81,77717.81,400.0,300.0,600.0,900.0
617,3,ZONE_HARBOR_BERTH,2,Roof,SM_FC_Roof_SolarObservatory_12x12,-77717.81,77717.81,700.0,500.0,140.0,250.0
618,3,ZONE_HARBOR_BERTH,0,Foundation,SM_FC_Foundation_SlopeCompensated_12x12,-77717.81,77717.81,0.0,400.0,850.0,1200.0
618,3,ZONE_HARBOR_BERTH,1,GroundFloor,SM_FC_Harbor_Submersible_Berth,-77717.81,77717.81,400.0,300.0,600.0,900.0
618,3,ZONE_HARBOR_BERTH,2,Roof,SM_FC_Roof_SolarObservatory_12x12,-77717.81,77717.81,700.0,500.0,140.0,250.0
619,3,ZONE_HARBOR_BERTH,0,Foundation,SM_FC_Foundation_SlopeCompensated_12x12,-77717.81,77717.81,0.0,400.0,850.0,1200.0
619,3,ZONE_HARBOR_BERTH,1,GroundFloor,SM_FC_Harbor_Submersible_Berth,-77717.81,77717.81,400.0,300.0,600.0,900.0
619,3,ZONE_HARBOR_BERTH,2,Roof,SM_FC_Roof_SolarObservatory_12x12,-77717.81,77717.81,700.0,500.0,140.0,250.0
620,3,ZONE_HARBOR_BERTH,0,Foundation,SM_FC_Foundation_SlopeCompensated_12x12,-77717.81,77717.81,0.0,400.0,850.0,1200.0
620,3,ZONE_HARBOR_BERTH,1,GroundFloor,SM_FC_Harbor_Submersible_Berth,-77717.81,77717.81,400.0,300.0,600.0,900.0
620,3,ZONE_HARBOR_BERTH,2,Roof,SM_FC_Roof_SolarObservatory_12x12,-77717.81,77717.81,700.0,500.0,140.0,250.0
621,4,ZONE_FACULTY_ARCHIVES,0,Foundation,SM_FC_Foundation_SlopeCompensated_12x12,-15000.0,0.0,0.0,400.0,850.0,1200.0
621,4,ZONE_FACULTY_ARCHIVES,1,GroundFloor,SM_FC_Ground_Lobby_Transit_12x12,-15000.0,0.0,400.0,600.0,450.0,600.0
621,4,ZONE_FACULTY_ARCHIVES,2,IntermediateFloor,SM_FC_Mid_Academic_Lab_12x12,-15000.0,0.0,1000.0,400.0,320.0,400.0
621,4,ZONE_FACULTY_ARCHIVES,3,Roof,SM_FC_Roof_BioDome_12x12,-15000.0,0.0,1400.0,800.0,180.0,300.0
622,4,ZONE_FACULTY_ARCHIVES,0,Foundation,SM_FC_Foundation_SlopeCompensated_12x12,-15000.0,0.0,0.0,400.0,850.0,1200.0
622,4,ZONE_FACULTY_ARCHIVES,1,GroundFloor,SM_FC_Ground_Lobby_Transit_12x12,-15000.0,0.0,400.0,600.0,450.0,600.0
622,4,ZONE_FACULTY_ARCHIVES,2,IntermediateFloor,SM_FC_Mid_Academic_Lab_12x12,-15000.0,0.0,1000.0,400.0,320.0,400.0
622,4,ZONE_FACULTY_ARCHIVES,3,Roof,SM_FC_Roof_BioDome_12x12,-15000.0,0.0,1400.0,800.0,180.0,300.0
623,4,ZONE_FACULTY_ARCHIVES,0,Foundation,SM_FC_Foundation_SlopeCompensated_12x12,-15000.0,0.0,0.0,400.0,850.0,1200.0
623,4,ZONE_FACULTY_ARCHIVES,1,GroundFloor,SM_FC_Ground_Lobby_Transit_12x12,-15000.0,0.0,400.0,600.0,450.0,600.0
623,4,ZONE_FACULTY_ARCHIVES,2,IntermediateFloor,SM_FC_Mid_Academic_Lab_12x12,-15000.0,0.0,1000.0,400.0,320.0,400.0
623,4,ZONE_FACULTY_ARCHIVES,3,IntermediateFloor,SM_FC_Mid_Faculty_Chambers_12x12,-15000.0,0.0,1400.0,400.0,280.0,400.0
623,4,ZONE_FACULTY_ARCHIVES,4,IntermediateFloor,SM_FC_Mid_Academic_Lab_12x12,-15000.0,0.0,1800.0,400.0,320.0,400.0
623,4,ZONE_FACULTY_ARCHIVES,5,IntermediateFloor,SM_FC_Mid_Faculty_Chambers_12x12,-15000.0,0.0,2200.0,400.0,280.0,400.0
623,4,ZONE_FACULTY_ARCHIVES,6,Roof,SM_FC_Roof_BioDome_12x12,-15000.0,0.0,2600.0,800.0,180.0,300.0
624,4,ZONE_FACULTY_ARCHIVES,0,Foundation,SM_FC_Foundation_SlopeCompensated_12x12,-15000.0,0.0,0.0,400.0,850.0,1200.0
624,4,ZONE_FACULTY_ARCHIVES,1,GroundFloor,SM_FC_Ground_Lobby_Transit_12x12,-15000.0,0.0,400.0,600.0,450.0,600.0
624,4,ZONE_FACULTY_ARCHIVES,2,IntermediateFloor,SM_FC_Mid_Academic_Lab_12x12,-15000.0,0.0,1000.0,400.0,320.0,400.0
624,4,ZONE_FACULTY_ARCHIVES,3,IntermediateFloor,SM_FC_Mid_Faculty_Chambers_12x12,-15000.0,0.0,1400.0,400.0,280.0,400.0
624,4,ZONE_FACULTY_ARCHIVES,4,IntermediateFloor,SM_FC_Mid_Academic_Lab_12x12,-15000.0,0.0,1800.0,400.0,320.0,400.0
624,4,ZONE_FACULTY_ARCHIVES,5,IntermediateFloor,SM_FC_Mid_Faculty_Chambers_12x12,-15000.0,0.0,2200.0,400.0,280.0,400.0
624,4,ZONE_FACULTY_ARCHIVES,6,IntermediateFloor,SM_FC_Mid_Academic_Lab_12x12,-15000.0,0.0,2600.0,400.0,320.0,400.0
624,4,ZONE_FACULTY_ARCHIVES,7,Roof,SM_FC_Roof_BioDome_12x12,-15000.0,0.0,3000.0,800.0,180.0,300.0
625,4,ZONE_FACULTY_ARCHIVES,0,Foundation,SM_FC_Foundation_SlopeCompensated_12x12,-15000.0,0.0,0.0,400.0,850.0,1200.0
625,4,ZONE_FACULTY_ARCHIVES,1,GroundFloor,SM_FC_Ground_Lobby_Transit_12x12,-15000.0,0.0,400.0,600.0,450.0,600.0
625,4,ZONE_FACULTY_ARCHIVES,2,IntermediateFloor,SM_FC_Mid_Academic_Lab_12x12,-15000.0,0.0,1000.0,400.0,320.0,400.0
625,4,ZONE_FACULTY_ARCHIVES,3,IntermediateFloor,SM_FC_Mid_Faculty_Chambers_12x12,-15000.0,0.0,1400.0,400.0,280.0,400.0
625,4,ZONE_FACULTY_ARCHIVES,4,IntermediateFloor,SM_FC_Mid_Academic_Lab_12x12,-15000.0,0.0,1800.0,400.0,320.0,400.0
625,4,ZONE_FACULTY_ARCHIVES,5,IntermediateFloor,SM_FC_Mid_Faculty_Chambers_12x12,-15000.0,0.0,2200.0,400.0,280.0,400.0
625,4,ZONE_FACULTY_ARCHIVES,6,Roof,SM_FC_Roof_BioDome_12x12,-15000.0,0.0,2600.0,800.0,180.0,300.0
626,4,ZONE_FACULTY_ARCHIVES,0,Foundation,SM_FC_Foundation_SlopeCompensated_12x12,-18163.65,3526.56,59.06,400.0,850.0,1200.0
626,4,ZONE_FACULTY_ARCHIVES,1,GroundFloor,SM_FC_Ground_Lobby_Transit_12x12,-18163.65,3526.56,459.06,600.0,450.0,600.0
626,4,ZONE_FACULTY_ARCHIVES,2,IntermediateFloor,SM_FC_Mid_Academic_Lab_12x12,-18163.65,3526.56,1059.06,400.0,320.0,400.0
626,4,ZONE_FACULTY_ARCHIVES,3,IntermediateFloor,SM_FC_Mid_Faculty_Chambers_12x12,-18163.65,3526.56,1459.06,400.0,280.0,400.0
626,4,ZONE_FACULTY_ARCHIVES,4,IntermediateFloor,SM_FC_Mid_Academic_Lab_12x12,-18163.65,3526.56,1859.06,400.0,320.0,400.0
626,4,ZONE_FACULTY_ARCHIVES,5,IntermediateFloor,SM_FC_Mid_Faculty_Chambers_12x12,-18163.65,3526.56,2259.06,400.0,280.0,400.0
626,4,ZONE_FACULTY_ARCHIVES,6,Roof,SM_FC_Roof_BioDome_12x12,-18163.65,3526.56,2659.06,800.0,180.0,300.0
627,4,ZONE_FACULTY_ARCHIVES,0,Foundation,SM_FC_Foundation_SlopeCompensated_12x12,-18163.65,1763.28,403.5,400.0,850.0,1200.0
627,4,ZONE_FACULTY_ARCHIVES,1,GroundFloor,SM_FC_Ground_Lobby_Transit_12x12,-18163.65,1763.28,803.5,600.0,450.0,600.0
627,4,ZONE_FACULTY_ARCHIVES,2,IntermediateFloor,SM_FC_Mid_Academic_Lab_12x12,-18163.65,1763.28,1403.5,400.0,320.0,400.0
627,4,ZONE_FACULTY_ARCHIVES,3,IntermediateFloor,SM_FC_Mid_Faculty_Chambers_12x12,-18163.65,1763.28,1803.5,400.0,280.0,400.0
627,4,ZONE_FACULTY_ARCHIVES,4,IntermediateFloor,SM_FC_Mid_Academic_Lab_12x12,-18163.65,1763.28,2203.5,400.0,320.0,400.0
627,4,ZONE_FACULTY_ARCHIVES,5,IntermediateFloor,SM_FC_Mid_Faculty_Chambers_12x12,-18163.65,1763.28,2603.5,400.0,280.0,400.0
627,4,ZONE_FACULTY_ARCHIVES,6,Roof,SM_FC_Roof_BioDome_12x12,-18163.65,1763.28,3003.5,800.0,180.0,300.0
628,4,ZONE_FACULTY_ARCHIVES,0,Foundation,SM_FC_Foundation_SlopeCompensated_12x12,-18163.65,0.0,645.03,400.0,850.0,1200.0
628,4,ZONE_FACULTY_ARCHIVES,1,GroundFloor,SM_FC_Ground_Lobby_Transit_12x12,-18163.65,0.0,1045.03,600.0,450.0,600.0
628,4,ZONE_FACULTY_ARCHIVES,2,IntermediateFloor,SM_FC_Mid_Academic_Lab_12x12,-18163.65,0.0,1645.03,400.0,320.0,400.0
628,4,ZONE_FACULTY_ARCHIVES,3,IntermediateFloor,SM_FC_Mid_Faculty_Chambers_12x12,-18163.65,0.0,2045.03,400.0,280.0,400.0
628,4,ZONE_FACULTY_ARCHIVES,4,Roof,SM_FC_Roof_BioDome_12x12,-18163.65,0.0,2445.03,800.0,180.0,300.0
629,4,ZONE_FACULTY_ARCHIVES,0,Foundation,SM_FC_Foundation_SlopeCompensated_12x12,-18163.65,-1763.28,403.5,400.0,850.0,1200.0
629,4,ZONE_FACULTY_ARCHIVES,1,GroundFloor,SM_FC_Ground_Lobby_Transit_12x12,-18163.65,-1763.28,803.5,600.0,450.0,600.0
629,4,ZONE_FACULTY_ARCHIVES,2,IntermediateFloor,SM_FC_Mid_Academic_Lab_12x12,-18163.65,-1763.28,1403.5,400.0,320.0,400.0
629,4,ZONE_FACULTY_ARCHIVES,3,IntermediateFloor,SM_FC_Mid_Faculty_Chambers_12x12,-18163.65,-1763.28,1803.5,400.0,280.0,400.0
629,4,ZONE_FACULTY_ARCHIVES,4,Roof,SM_FC_Roof_BioDome_12x12,-18163.65,-1763.28,2203.5,800.0,180.0,300.0
630,4,ZONE_FACULTY_ARCHIVES,0,Foundation,SM_FC_Foundation_SlopeCompensated_12x12,-18163.65,-3526.56,59.06,400.0,850.0,1200.0
630,4,ZONE_FACULTY_ARCHIVES,1,GroundFloor,SM_FC_Ground_Lobby_Transit_12x12,-18163.65,-3526.56,459.06,600.0,450.0,600.0
630,4,ZONE_FACULTY_ARCHIVES,2,IntermediateFloor,SM_FC_Mid_Academic_Lab_12x12,-18163.65,-3526.56,1059.06,400.0,320.0,400.0
630,4,ZONE_FACULTY_ARCHIVES,3,IntermediateFloor,SM_FC_Mid_Faculty_Chambers_12x12,-18163.65,-3526.56,1459.06,400.0,280.0,400.0
630,4,ZONE_FACULTY_ARCHIVES,4,IntermediateFloor,SM_FC_Mid_Academic_Lab_12x12,-18163.65,-3526.56,1859.06,400.0,320.0,400.0
630,4,ZONE_FACULTY_ARCHIVES,5,IntermediateFloor,SM_FC_Mid_Faculty_Chambers_12x12,-18163.65,-3526.56,2259.06,400.0,280.0,400.0
630,4,ZONE_FACULTY_ARCHIVES,6,IntermediateFloor,SM_FC_Mid_Academic_Lab_12x12,-18163.65,-3526.56,2659.06,400.0,320.0,400.0
630,4,ZONE_FACULTY_ARCHIVES,7,Roof,SM_FC_Roof_BioDome_12x12,-18163.65,-3526.56,3059.06,800.0,180.0,300.0
631,4,ZONE_FACULTY_ARCHIVES,0,Foundation,SM_FC_Foundation_SlopeCompensated_12x12,-21327.31,3696.2,289.22,400.0,850.0,1200.0
631,4,ZONE_FACULTY_ARCHIVES,1,GroundFloor,SM_FC_Ground_Lobby_Transit_12x12,-21327.31,3696.2,689.22,600.0,450.0,600.0
631,4,ZONE_FACULTY_ARCHIVES,2,IntermediateFloor,SM_FC_Mid_Academic_Lab_12x12,-21327.31,3696.2,1289.22,400.0,320.0,400.0
631,4,ZONE_FACULTY_ARCHIVES,3,IntermediateFloor,SM_FC_Mid_Faculty_Chambers_12x12,-21327.31,3696.2,1689.22,400.0,280.0,400.0
631,4,ZONE_FACULTY_ARCHIVES,4,IntermediateFloor,SM_FC_Mid_Academic_Lab_12x12,-21327.31,3696.2,2089.22,400.0,320.0,400.0
631,4,ZONE_FACULTY_ARCHIVES,5,Roof,SM_FC_Roof_BioDome_12x12,-21327.31,3696.2,2489.22,800.0,180.0,300.0
632,4,ZONE_FACULTY_ARCHIVES,0,Foundation,SM_FC_Foundation_SlopeCompensated_12x12,-21327.31,1478.48,825.21,400.0,850.0,1200.0
632,4,ZONE_FACULTY_ARCHIVES,1,GroundFloor,SM_FC_Ground_Lobby_Transit_12x12,-21327.31,1478.48,1225.21,600.0,450.0,600.0
632,4,ZONE_FACULTY_ARCHIVES,2,IntermediateFloor,SM_FC_Mid_Academic_Lab_12x12,-21327.31,1478.48,1825.21,400.0,320.0,400.0
632,4,ZONE_FACULTY_ARCHIVES,3,Roof,SM_FC_Roof_BioDome_12x12,-21327.31,1478.48,2225.21,800.0,180.0,300.0
633,4,ZONE_FACULTY_ARCHIVES,0,Foundation,SM_FC_Foundation_SlopeCompensated_12x12,-21327.31,-739.24,958.39,400.0,850.0,1200.0
633,4,ZONE_FACULTY_ARCHIVES,1,GroundFloor,SM_FC_Ground_Lobby_Transit_12x12,-21327.31,-739.24,1358.39,600.0,450.0,600.0
633,4,ZONE_FACULTY_ARCHIVES,2,IntermediateFloor,SM_FC_Mid_Academic_Lab_12x12,-21327.31,-739.24,1958.39,400.0,320.0,400.0
633,4,ZONE_FACULTY_ARCHIVES,3,IntermediateFloor,SM_FC_Mid_Faculty_Chambers_12x12,-21327.31,-739.24,2358.39,400.0,280.0,400.0
633,4,ZONE_FACULTY_ARCHIVES,4,IntermediateFloor,SM_FC_Mid_Academic_Lab_12x12,-21327.31,-739.24,2758.39,400.0,320.0,400.0
633,4,ZONE_FACULTY_ARCHIVES,5,IntermediateFloor,SM_FC_Mid_Faculty_Chambers_12x12,-21327.31,-739.24,3158.39,400.0,280.0,400.0
633,4,ZONE_FACULTY_ARCHIVES,6,IntermediateFloor,SM_FC_Mid_Academic_Lab_12x12,-21327.31,-739.24,3558.39,400.0,320.0,400.0
633,4,ZONE_FACULTY_ARCHIVES,7,IntermediateFloor,SM_FC_Mid_Faculty_Chambers_12x12,-21327.31,-739.24,3958.39,400.0,280.0,400.0
633,4,ZONE_FACULTY_ARCHIVES,8,Roof,SM_FC_Roof_BioDome_12x12,-21327.31,-739.24,4358.39,800.0,180.0,300.0
634,4,ZONE_FACULTY_ARCHIVES,0,Foundation,SM_FC_Foundation_SlopeCompensated_12x12,-21327.31,-2956.96,490.62,400.0,850.0,1200.0
634,4,ZONE_FACULTY_ARCHIVES,1,GroundFloor,SM_FC_Ground_Lobby_Transit_12x12,-21327.31,-2956.96,890.62,600.0,450.0,600.0
634,4,ZONE_FACULTY_ARCHIVES,2,IntermediateFloor,SM_FC_Mid_Academic_Lab_12x12,-21327.31,-2956.96,1490.62,400.0,320.0,400.0
634,4,ZONE_FACULTY_ARCHIVES,3,IntermediateFloor,SM_FC_Mid_Faculty_Chambers_12x12,-21327.31,-2956.96,1890.62,400.0,280.0,400.0
634,4,ZONE_FACULTY_ARCHIVES,4,IntermediateFloor,SM_FC_Mid_Academic_Lab_12x12,-21327.31,-2956.96,2290.62,400.0,320.0,400.0
634,4,ZONE_FACULTY_ARCHIVES,5,IntermediateFloor,SM_FC_Mid_Faculty_Chambers_12x12,-21327.31,-2956.96,2690.62,400.0,280.0,400.0
634,4,ZONE_FACULTY_ARCHIVES,6,Roof,SM_FC_Roof_BioDome_12x12,-21327.31,-2956.96,3090.62,800.0,180.0,300.0
635,4,ZONE_FACULTY_ARCHIVES,0,Foundation,SM_FC_Foundation_SlopeCompensated_12x12,-21327.31,-5174.67,-181.81,400.0,850.0,1200.0
635,4,ZONE_FACULTY_ARCHIVES,1,GroundFloor,SM_FC_Ground_Lobby_Transit_12x12,-21327.31,-5174.67,218.19,600.0,450.0,600.0
635,4,ZONE_FACULTY_ARCHIVES,2,IntermediateFloor,SM_FC_Mid_Academic_Lab_12x12,-21327.31,-5174.67,818.19,400.0,320.0,400.0
635,4,ZONE_FACULTY_ARCHIVES,3,IntermediateFloor,SM_FC_Mid_Faculty_Chambers_12x12,-21327.31,-5174.67,1218.19,400.0,280.0,400.0
635,4,ZONE_FACULTY_ARCHIVES,4,IntermediateFloor,SM_FC_Mid_Academic_Lab_12x12,-21327.31,-5174.67,1618.19,400.0,320.0,400.0
635,4,ZONE_FACULTY_ARCHIVES,5,IntermediateFloor,SM_FC_Mid_Faculty_Chambers_12x12,-21327.31,-5174.67,2018.19,400.0,280.0,400.0
635,4,ZONE_FACULTY_ARCHIVES,6,IntermediateFloor,SM_FC_Mid_Academic_Lab_12x12,-21327.31,-5174.67,2418.19,400.0,320.0,400.0
635,4,ZONE_FACULTY_ARCHIVES,7,IntermediateFloor,SM_FC_Mid_Faculty_Chambers_12x12,-21327.31,-5174.67,2818.19,400.0,280.0,400.0
635,4,ZONE_FACULTY_ARCHIVES,8,Roof,SM_FC_Roof_BioDome_12x12,-21327.31,-5174.67,3218.19,800.0,180.0,300.0
636,4,ZONE_FACULTY_ARCHIVES,0,Foundation,SM_FC_Foundation_SlopeCompensated_12x12,-24490.96,6235.03,-285.5,400.0,850.0,1200.0
636,4,ZONE_FACULTY_ARCHIVES,1,GroundFloor,SM_FC_Ground_Lobby_Transit_12x12,-24490.96,6235.03,114.5,600.0,450.0,600.0
636,4,ZONE_FACULTY_ARCHIVES,2,IntermediateFloor,SM_FC_Mid_Academic_Lab_12x12,-24490.96,6235.03,714.5,400.0,320.0,400.0
636,4,ZONE_FACULTY_ARCHIVES,3,IntermediateFloor,SM_FC_Mid_Faculty_Chambers_12x12,-24490.96,6235.03,1114.5,400.0,280.0,400.0
636,4,ZONE_FACULTY_ARCHIVES,4,IntermediateFloor,SM_FC_Mid_Academic_Lab_12x12,-24490.96,6235.03,1514.5,400.0,320.0,400.0
636,4,ZONE_FACULTY_ARCHIVES,5,IntermediateFloor,SM_FC_Mid_Faculty_Chambers_12x12,-24490.96,6235.03,1914.5,400.0,280.0,400.0
636,4,ZONE_FACULTY_ARCHIVES,6,Roof,SM_FC_Roof_BioDome_12x12,-24490.96,6235.03,2314.5,800.0,180.0,300.0
637,4,ZONE_FACULTY_ARCHIVES,0,Foundation,SM_FC_Foundation_SlopeCompensated_12x12,-24490.96,3562.87,656.72,400.0,850.0,1200.0
637,4,ZONE_FACULTY_ARCHIVES,1,GroundFloor,SM_FC_Ground_Lobby_Transit_12x12,-24490.96,3562.87,1056.72,600.0,450.0,600.0
637,4,ZONE_FACULTY_ARCHIVES,2,IntermediateFloor,SM_FC_Mid_Academic_Lab_12x12,-24490.96,3562.87,1656.72,400.0,320.0,400.0
637,4,ZONE_FACULTY_ARCHIVES,3,IntermediateFloor,SM_FC_Mid_Faculty_Chambers_12x12,-24490.96,3562.87,2056.72,400.0,280.0,400.0
637,4,ZONE_FACULTY_ARCHIVES,4,IntermediateFloor,SM_FC_Mid_Academic_Lab_12x12,-24490.96,3562.87,2456.72,400.0,320.0,400.0
637,4,ZONE_FACULTY_ARCHIVES,5,Roof,SM_FC_Roof_BioDome_12x12,-24490.96,3562.87,2856.72,800.0,180.0,300.0
638,4,ZONE_FACULTY_ARCHIVES,0,Foundation,SM_FC_Foundation_SlopeCompensated_12x12,-24490.96,890.72,1294.75,400.0,850.0,1200.0
638,4,ZONE_FACULTY_ARCHIVES,1,GroundFloor,SM_FC_Ground_Lobby_Transit_12x12,-24490.96,890.72,1694.75,600.0,450.0,600.0
638,4,ZONE_FACULTY_ARCHIVES,2,IntermediateFloor,SM_FC_Mid_Academic_Lab_12x12,-24490.96,890.72,2294.75,400.0,320.0,400.0
638,4,ZONE_FACULTY_ARCHIVES,3,IntermediateFloor,SM_FC_Mid_Faculty_Chambers_12x12,-24490.96,890.72,2694.75,400.0,280.0,400.0
638,4,ZONE_FACULTY_ARCHIVES,4,IntermediateFloor,SM_FC_Mid_Academic_Lab_12x12,-24490.96,890.72,3094.75,400.0,320.0,400.0
638,4,ZONE_FACULTY_ARCHIVES,5,IntermediateFloor,SM_FC_Mid_Faculty_Chambers_12x12,-24490.96,890.72,3494.75,400.0,280.0,400.0
638,4,ZONE_FACULTY_ARCHIVES,6,IntermediateFloor,SM_FC_Mid_Academic_Lab_12x12,-24490.96,890.72,3894.75,400.0,320.0,400.0
638,4,ZONE_FACULTY_ARCHIVES,7,IntermediateFloor,SM_FC_Mid_Faculty_Chambers_12x12,-24490.96,890.72,4294.75,400.0,280.0,400.0
638,4,ZONE_FACULTY_ARCHIVES,8,Roof,SM_FC_Roof_BioDome_12x12,-24490.96,890.72,4694.75,800.0,180.0,300.0
639,4,ZONE_FACULTY_ARCHIVES,0,Foundation,SM_FC_Foundation_SlopeCompensated_12x12,-24490.96,-1781.44,1115.87,400.0,850.0,1200.0
639,4,ZONE_FACULTY_ARCHIVES,1,GroundFloor,SM_FC_Ground_Lobby_Transit_12x12,-24490.96,-1781.44,1515.87,600.0,450.0,600.0
639,4,ZONE_FACULTY_ARCHIVES,2,IntermediateFloor,SM_FC_Mid_Academic_Lab_12x12,-24490.96,-1781.44,2115.87,400.0,320.0,400.0
639,4,ZONE_FACULTY_ARCHIVES,3,Roof,SM_FC_Roof_BioDome_12x12,-24490.96,-1781.44,2515.87,800.0,180.0,300.0
640,4,ZONE_FACULTY_ARCHIVES,0,Foundation,SM_FC_Foundation_SlopeCompensated_12x12,-24490.96,-4453.59,376.44,400.0,850.0,1200.0
640,4,ZONE_FACULTY_ARCHIVES,1,GroundFloor,SM_FC_Ground_Lobby_Transit_12x12,-24490.96,-4453.59,776.44,600.0,450.0,600.0
640,4,ZONE_FACULTY_ARCHIVES,2,IntermediateFloor,SM_FC_Mid_Academic_Lab_12x12,-24490.96,-4453.59,1376.44,400.0,320.0,400.0
640,4,ZONE_FACULTY_ARCHIVES,3,IntermediateFloor,SM_FC_Mid_Faculty_Chambers_12x12,-24490.96,-4453.59,1776.44,400.0,280.0,400.0
640,4,ZONE_FACULTY_ARCHIVES,4,Roof,SM_FC_Roof_BioDome_12x12,-24490.96,-4453.59,2176.44,800.0,180.0,300.0
641,4,ZONE_FACULTY_ARCHIVES,0,Foundation,SM_FC_Foundation_SlopeCompensated_12x12,-27654.61,6253.18,58.24,400.0,850.0,1200.0
641,4,ZONE_FACULTY_ARCHIVES,1,GroundFloor,SM_FC_Ground_Lobby_Transit_12x12,-27654.61,6253.18,458.24,600.0,450.0,600.0
641,4,ZONE_FACULTY_ARCHIVES,2,IntermediateFloor,SM_FC_Mid_Academic_Lab_12x12,-27654.61,6253.18,1058.24,400.0,320.0,400.0
641,4,ZONE_FACULTY_ARCHIVES,3,IntermediateFloor,SM_FC_Mid_Faculty_Chambers_12x12,-27654.61,6253.18,1458.24,400.0,280.0,400.0
641,4,ZONE_FACULTY_ARCHIVES,4,Roof,SM_FC_Roof_BioDome_12x12,-27654.61,6253.18,1858.24,800.0,180.0,300.0
642,4,ZONE_FACULTY_ARCHIVES,0,Foundation,SM_FC_Foundation_SlopeCompensated_12x12,-27654.61,3126.59,1118.55,400.0,850.0,1200.0
642,4,ZONE_FACULTY_ARCHIVES,1,GroundFloor,SM_FC_Ground_Lobby_Transit_12x12,-27654.61,3126.59,1518.55,600.0,450.0,600.0
642,4,ZONE_FACULTY_ARCHIVES,2,IntermediateFloor,SM_FC_Mid_Academic_Lab_12x12,-27654.61,3126.59,2118.55,400.0,320.0,400.0
642,4,ZONE_FACULTY_ARCHIVES,3,Roof,SM_FC_Roof_BioDome_12x12,-27654.61,3126.59,2518.55,800.0,180.0,300.0
643,4,ZONE_FACULTY_ARCHIVES,0,Foundation,SM_FC_Foundation_SlopeCompensated_12x12,-27654.61,0.0,1778.47,400.0,850.0,1200.0
643,4,ZONE_FACULTY_ARCHIVES,1,GroundFloor,SM_FC_Ground_Lobby_Transit_12x12,-27654.61,0.0,2178.47,600.0,450.0,600.0
643,4,ZONE_FACULTY_ARCHIVES,2,IntermediateFloor,SM_FC_Mid_Academic_Lab_12x12,-27654.61,0.0,2778.47,400.0,320.0,400.0
643,4,ZONE_FACULTY_ARCHIVES,3,Roof,SM_FC_Roof_BioDome_12x12,-27654.61,0.0,3178.47,800.0,180.0,300.0
644,4,ZONE_FACULTY_ARCHIVES,0,Foundation,SM_FC_Foundation_SlopeCompensated_12x12,-27654.61,-3126.59,1118.55,400.0,850.0,1200.0
644,4,ZONE_FACULTY_ARCHIVES,1,GroundFloor,SM_FC_Ground_Lobby_Transit_12x12,-27654.61,-3126.59,1518.55,600.0,450.0,600.0
644,4,ZONE_FACULTY_ARCHIVES,2,IntermediateFloor,SM_FC_Mid_Academic_Lab_12x12,-27654.61,-3126.59,2118.55,400.0,320.0,400.0
644,4,ZONE_FACULTY_ARCHIVES,3,IntermediateFloor,SM_FC_Mid_Faculty_Chambers_12x12,-27654.61,-3126.59,2518.55,400.0,280.0,400.0
644,4,ZONE_FACULTY_ARCHIVES,4,IntermediateFloor,SM_FC_Mid_Academic_Lab_12x12,-27654.61,-3126.59,2918.55,400.0,320.0,400.0
644,4,ZONE_FACULTY_ARCHIVES,5,IntermediateFloor,SM_FC_Mid_Faculty_Chambers_12x12,-27654.61,-3126.59,3318.55,400.0,280.0,400.0
644,4,ZONE_FACULTY_ARCHIVES,6,IntermediateFloor,SM_FC_Mid_Academic_Lab_12x12,-27654.61,-3126.59,3718.55,400.0,320.0,400.0
644,4,ZONE_FACULTY_ARCHIVES,7,IntermediateFloor,SM_FC_Mid_Faculty_Chambers_12x12,-27654.61,-3126.59,4118.55,400.0,280.0,400.0
644,4,ZONE_FACULTY_ARCHIVES,8,Roof,SM_FC_Roof_BioDome_12x12,-27654.61,-3126.59,4518.55,800.0,180.0,300.0
645,4,ZONE_FACULTY_ARCHIVES,0,Foundation,SM_FC_Foundation_SlopeCompensated_12x12,-27654.61,-6253.18,58.24,400.0,850.0,1200.0
645,4,ZONE_FACULTY_ARCHIVES,1,GroundFloor,SM_FC_Ground_Lobby_Transit_12x12,-27654.61,-6253.18,458.24,600.0,450.0,600.0
645,4,ZONE_FACULTY_ARCHIVES,2,IntermediateFloor,SM_FC_Mid_Academic_Lab_12x12,-27654.61,-6253.18,1058.24,400.0,320.0,400.0
645,4,ZONE_FACULTY_ARCHIVES,3,IntermediateFloor,SM_FC_Mid_Faculty_Chambers_12x12,-27654.61,-6253.18,1458.24,400.0,280.0,400.0
645,4,ZONE_FACULTY_ARCHIVES,4,IntermediateFloor,SM_FC_Mid_Academic_Lab_12x12,-27654.61,-6253.18,1858.24,400.0,320.0,400.0
645,4,ZONE_FACULTY_ARCHIVES,5,IntermediateFloor,SM_FC_Mid_Faculty_Chambers_12x12,-27654.61,-6253.18,2258.24,400.0,280.0,400.0
645,4,ZONE_FACULTY_ARCHIVES,6,IntermediateFloor,SM_FC_Mid_Academic_Lab_12x12,-27654.61,-6253.18,2658.24,400.0,320.0,400.0
645,4,ZONE_FACULTY_ARCHIVES,7,IntermediateFloor,SM_FC_Mid_Faculty_Chambers_12x12,-27654.61,-6253.18,3058.24,400.0,280.0,400.0
645,4,ZONE_FACULTY_ARCHIVES,8,Roof,SM_FC_Roof_BioDome_12x12,-27654.61,-6253.18,3458.24,800.0,180.0,300.0
646,4,ZONE_FACULTY_ARCHIVES,0,Foundation,SM_FC_Foundation_SlopeCompensated_12x12,-30818.26,5968.38,532.8,400.0,850.0,1200.0
646,4,ZONE_FACULTY_ARCHIVES,1,GroundFloor,SM_FC_Ground_Lobby_Transit_12x12,-30818.26,5968.38,932.8,600.0,450.0,600.0
646,4,ZONE_FACULTY_ARCHIVES,2,IntermediateFloor,SM_FC_Mid_Academic_Lab_12x12,-30818.26,5968.38,1532.8,400.0,320.0,400.0
646,4,ZONE_FACULTY_ARCHIVES,3,IntermediateFloor,SM_FC_Mid_Faculty_Chambers_12x12,-30818.26,5968.38,1932.8,400.0,280.0,400.0
646,4,ZONE_FACULTY_ARCHIVES,4,Roof,SM_FC_Roof_BioDome_12x12,-30818.26,5968.38,2332.8,800.0,180.0,300.0
647,4,ZONE_FACULTY_ARCHIVES,0,Foundation,SM_FC_Foundation_SlopeCompensated_12x12,-30818.26,2387.35,1632.78,400.0,850.0,1200.0
647,4,ZONE_FACULTY_ARCHIVES,1,GroundFloor,SM_FC_Ground_Lobby_Transit_12x12,-30818.26,2387.35,2032.78,600.0,450.0,600.0
647,4,ZONE_FACULTY_ARCHIVES,2,IntermediateFloor,SM_FC_Mid_Academic_Lab_12x12,-30818.26,2387.35,2632.78,400.0,320.0,400.0
647,4,ZONE_FACULTY_ARCHIVES,3,IntermediateFloor,SM_FC_Mid_Faculty_Chambers_12x12,-30818.26,2387.35,3032.78,400.0,280.0,400.0
647,4,ZONE_FACULTY_ARCHIVES,4,Roof,SM_FC_Roof_BioDome_12x12,-30818.26,2387.35,3432.78,800.0,180.0,300.0
648,4,ZONE_FACULTY_ARCHIVES,0,Foundation,SM_FC_Foundation_SlopeCompensated_12x12,-30818.26,-1193.68,1890.06,400.0,850.0,1200.0
648,4,ZONE_FACULTY_ARCHIVES,1,GroundFloor,SM_FC_Ground_Lobby_Transit_12x12,-30818.26,-1193.68,2290.06,600.0,450.0,600.0
648,4,ZONE_FACULTY_ARCHIVES,2,IntermediateFloor,SM_FC_Mid_Academic_Lab_12x12,-30818.26,-1193.68,2890.06,400.0,320.0,400.0
648,4,ZONE_FACULTY_ARCHIVES,3,IntermediateFloor,SM_FC_Mid_Faculty_Chambers_12x12,-30818.26,-1193.68,3290.06,400.0,280.0,400.0
648,4,ZONE_FACULTY_ARCHIVES,4,IntermediateFloor,SM_FC_Mid_Academic_Lab_12x12,-30818.26,-1193.68,3690.06,400.0,320.0,400.0
648,4,ZONE_FACULTY_ARCHIVES,5,IntermediateFloor,SM_FC_Mid_Faculty_Chambers_12x12,-30818.26,-1193.68,4090.06,400.0,280.0,400.0
648,4,ZONE_FACULTY_ARCHIVES,6,Roof,SM_FC_Roof_BioDome_12x12,-30818.26,-1193.68,4490.06,800.0,180.0,300.0
649,4,ZONE_FACULTY_ARCHIVES,0,Foundation,SM_FC_Foundation_SlopeCompensated_12x12,-30818.26,-4774.7,954.15,400.0,850.0,1200.0
649,4,ZONE_FACULTY_ARCHIVES,1,GroundFloor,SM_FC_Ground_Lobby_Transit_12x12,-30818.26,-4774.7,1354.15,600.0,450.0,600.0
649,4,ZONE_FACULTY_ARCHIVES,2,IntermediateFloor,SM_FC_Mid_Academic_Lab_12x12,-30818.26,-4774.7,1954.15,400.0,320.0,400.0
649,4,ZONE_FACULTY_ARCHIVES,3,IntermediateFloor,SM_FC_Mid_Faculty_Chambers_12x12,-30818.26,-4774.7,2354.15,400.0,280.0,400.0
649,4,ZONE_FACULTY_ARCHIVES,4,IntermediateFloor,SM_FC_Mid_Academic_Lab_12x12,-30818.26,-4774.7,2754.15,400.0,320.0,400.0
649,4,ZONE_FACULTY_ARCHIVES,5,IntermediateFloor,SM_FC_Mid_Faculty_Chambers_12x12,-30818.26,-4774.7,3154.15,400.0,280.0,400.0
649,4,ZONE_FACULTY_ARCHIVES,6,IntermediateFloor,SM_FC_Mid_Academic_Lab_12x12,-30818.26,-4774.7,3554.15,400.0,320.0,400.0
649,4,ZONE_FACULTY_ARCHIVES,7,IntermediateFloor,SM_FC_Mid_Faculty_Chambers_12x12,-30818.26,-4774.7,3954.15,400.0,280.0,400.0
649,4,ZONE_FACULTY_ARCHIVES,8,Roof,SM_FC_Roof_BioDome_12x12,-30818.26,-4774.7,4354.15,800.0,180.0,300.0
650,4,ZONE_FACULTY_ARCHIVES,0,Foundation,SM_FC_Foundation_SlopeCompensated_12x12,-30818.26,-8355.73,-473.95,400.0,850.0,1200.0
650,4,ZONE_FACULTY_ARCHIVES,1,GroundFloor,SM_FC_Ground_Lobby_Transit_12x12,-30818.26,-8355.73,-73.95,600.0,450.0,600.0
650,4,ZONE_FACULTY_ARCHIVES,2,IntermediateFloor,SM_FC_Mid_Academic_Lab_12x12,-30818.26,-8355.73,526.05,400.0,320.0,400.0
650,4,ZONE_FACULTY_ARCHIVES,3,IntermediateFloor,SM_FC_Mid_Faculty_Chambers_12x12,-30818.26,-8355.73,926.05,400.0,280.0,400.0
650,4,ZONE_FACULTY_ARCHIVES,4,IntermediateFloor,SM_FC_Mid_Academic_Lab_12x12,-30818.26,-8355.73,1326.05,400.0,320.0,400.0
650,4,ZONE_FACULTY_ARCHIVES,5,IntermediateFloor,SM_FC_Mid_Faculty_Chambers_12x12,-30818.26,-8355.73,1726.05,400.0,280.0,400.0
650,4,ZONE_FACULTY_ARCHIVES,6,IntermediateFloor,SM_FC_Mid_Academic_Lab_12x12,-30818.26,-8355.73,2126.05,400.0,320.0,400.0
650,4,ZONE_FACULTY_ARCHIVES,7,Roof,SM_FC_Roof_BioDome_12x12,-30818.26,-8355.73,2526.05,800.0,180.0,300.0
651,4,ZONE_FACULTY_ARCHIVES,0,Foundation,SM_FC_Foundation_SlopeCompensated_12x12,-33981.92,9416.08,-551.63,400.0,850.0,1200.0
651,4,ZONE_FACULTY_ARCHIVES,1,GroundFloor,SM_FC_Ground_Lobby_Transit_12x12,-33981.92,9416.08,-151.63,600.0,450.0,600.0
651,4,ZONE_FACULTY_ARCHIVES,2,IntermediateFloor,SM_FC_Mid_Academic_Lab_12x12,-33981.92,9416.08,448.37,400.0,320.0,400.0
651,4,ZONE_FACULTY_ARCHIVES,3,IntermediateFloor,SM_FC_Mid_Faculty_Chambers_12x12,-33981.92,9416.08,848.37,400.0,280.0,400.0
651,4,ZONE_FACULTY_ARCHIVES,4,IntermediateFloor,SM_FC_Mid_Academic_Lab_12x12,-33981.92,9416.08,1248.37,400.0,320.0,400.0
651,4,ZONE_FACULTY_ARCHIVES,5,IntermediateFloor,SM_FC_Mid_Faculty_Chambers_12x12,-33981.92,9416.08,1648.37,400.0,280.0,400.0
651,4,ZONE_FACULTY_ARCHIVES,6,IntermediateFloor,SM_FC_Mid_Academic_Lab_12x12,-33981.92,9416.08,2048.37,400.0,320.0,400.0
651,4,ZONE_FACULTY_ARCHIVES,7,Roof,SM_FC_Roof_BioDome_12x12,-33981.92,9416.08,2448.37,800.0,180.0,300.0
652,4,ZONE_FACULTY_ARCHIVES,0,Foundation,SM_FC_Foundation_SlopeCompensated_12x12,-33981.92,5380.62,1093.18,400.0,850.0,1200.0
652,4,ZONE_FACULTY_ARCHIVES,1,GroundFloor,SM_FC_Ground_Lobby_Transit_12x12,-33981.92,5380.62,1493.18,600.0,450.0,600.0
652,4,ZONE_FACULTY_ARCHIVES,2,IntermediateFloor,SM_FC_Mid_Academic_Lab_12x12,-33981.92,5380.62,2093.18,400.0,320.0,400.0
652,4,ZONE_FACULTY_ARCHIVES,3,IntermediateFloor,SM_FC_Mid_Faculty_Chambers_12x12,-33981.92,5380.62,2493.18,400.0,280.0,400.0
652,4,ZONE_FACULTY_ARCHIVES,4,IntermediateFloor,SM_FC_Mid_Academic_Lab_12x12,-33981.92,5380.62,2893.18,400.0,320.0,400.0
652,4,ZONE_FACULTY_ARCHIVES,5,IntermediateFloor,SM_FC_Mid_Faculty_Chambers_12x12,-33981.92,5380.62,3293.18,400.0,280.0,400.0
652,4,ZONE_FACULTY_ARCHIVES,6,IntermediateFloor,SM_FC_Mid_Academic_Lab_12x12,-33981.92,5380.62,3693.18,400.0,320.0,400.0
652,4,ZONE_FACULTY_ARCHIVES,7,Roof,SM_FC_Roof_BioDome_12x12,-33981.92,5380.62,4093.18,800.0,180.0,300.0
653,4,ZONE_FACULTY_ARCHIVES,0,Foundation,SM_FC_Foundation_SlopeCompensated_12x12,-33981.92,1345.15,2159.39,400.0,850.0,1200.0
653,4,ZONE_FACULTY_ARCHIVES,1,GroundFloor,SM_FC_Ground_Lobby_Transit_12x12,-33981.92,1345.15,2559.39,600.0,450.0,600.0
653,4,ZONE_FACULTY_ARCHIVES,2,IntermediateFloor,SM_FC_Mid_Academic_Lab_12x12,-33981.92,1345.15,3159.39,400.0,320.0,400.0
653,4,ZONE_FACULTY_ARCHIVES,3,IntermediateFloor,SM_FC_Mid_Faculty_Chambers_12x12,-33981.92,1345.15,3559.39,400.0,280.0,400.0
653,4,ZONE_FACULTY_ARCHIVES,4,Roof,SM_FC_Roof_BioDome_12x12,-33981.92,1345.15,3959.39,800.0,180.0,300.0
654,4,ZONE_FACULTY_ARCHIVES,0,Foundation,SM_FC_Foundation_SlopeCompensated_12x12,-33981.92,-2690.31,1868.28,400.0,850.0,1200.0
654,4,ZONE_FACULTY_ARCHIVES,1,GroundFloor,SM_FC_Ground_Lobby_Transit_12x12,-33981.92,-2690.31,2268.28,600.0,450.0,600.0
654,4,ZONE_FACULTY_ARCHIVES,2,IntermediateFloor,SM_FC_Mid_Academic_Lab_12x12,-33981.92,-2690.31,2868.28,400.0,320.0,400.0
654,4,ZONE_FACULTY_ARCHIVES,3,IntermediateFloor,SM_FC_Mid_Faculty_Chambers_12x12,-33981.92,-2690.31,3268.28,400.0,280.0,400.0
654,4,ZONE_FACULTY_ARCHIVES,4,IntermediateFloor,SM_FC_Mid_Academic_Lab_12x12,-33981.92,-2690.31,3668.28,400.0,320.0,400.0
654,4,ZONE_FACULTY_ARCHIVES,5,IntermediateFloor,SM_FC_Mid_Faculty_Chambers_12x12,-33981.92,-2690.31,4068.28,400.0,280.0,400.0
654,4,ZONE_FACULTY_ARCHIVES,6,IntermediateFloor,SM_FC_Mid_Academic_Lab_12x12,-33981.92,-2690.31,4468.28,400.0,320.0,400.0
654,4,ZONE_FACULTY_ARCHIVES,7,Roof,SM_FC_Roof_BioDome_12x12,-33981.92,-2690.31,4868.28,800.0,180.0,300.0
655,4,ZONE_FACULTY_ARCHIVES,0,Foundation,SM_FC_Foundation_SlopeCompensated_12x12,-33981.92,-6725.77,609.2,400.0,850.0,1200.0
655,4,ZONE_FACULTY_ARCHIVES,1,GroundFloor,SM_FC_Ground_Lobby_Transit_12x12,-33981.92,-6725.77,1009.2,600.0,450.0,600.0
655,4,ZONE_FACULTY_ARCHIVES,2,IntermediateFloor,SM_FC_Mid_Academic_Lab_12x12,-33981.92,-6725.77,1609.2,400.0,320.0,400.0
655,4,ZONE_FACULTY_ARCHIVES,3,IntermediateFloor,SM_FC_Mid_Faculty_Chambers_12x12,-33981.92,-6725.77,2009.2,400.0,280.0,400.0
655,4,ZONE_FACULTY_ARCHIVES,4,IntermediateFloor,SM_FC_Mid_Academic_Lab_12x12,-33981.92,-6725.77,2409.2,400.0,320.0,400.0
655,4,ZONE_FACULTY_ARCHIVES,5,IntermediateFloor,SM_FC_Mid_Faculty_Chambers_12x12,-33981.92,-6725.77,2809.2,400.0,280.0,400.0
655,4,ZONE_FACULTY_ARCHIVES,6,IntermediateFloor,SM_FC_Mid_Academic_Lab_12x12,-33981.92,-6725.77,3209.2,400.0,320.0,400.0
655,4,ZONE_FACULTY_ARCHIVES,7,IntermediateFloor,SM_FC_Mid_Faculty_Chambers_12x12,-33981.92,-6725.77,3609.2,400.0,280.0,400.0
655,4,ZONE_FACULTY_ARCHIVES,8,Roof,SM_FC_Roof_BioDome_12x12,-33981.92,-6725.77,4009.2,800.0,180.0,300.0
656,4,ZONE_FACULTY_ARCHIVES,0,Foundation,SM_FC_Foundation_SlopeCompensated_12x12,-37145.57,8979.8,73.13,400.0,850.0,1200.0
656,4,ZONE_FACULTY_ARCHIVES,1,GroundFloor,SM_FC_Ground_Lobby_Transit_12x12,-37145.57,8979.8,473.13,600.0,450.0,600.0
656,4,ZONE_FACULTY_ARCHIVES,2,IntermediateFloor,SM_FC_Mid_Academic_Lab_12x12,-37145.57,8979.8,1073.13,400.0,320.0,400.0
656,4,ZONE_FACULTY_ARCHIVES,3,IntermediateFloor,SM_FC_Mid_Faculty_Chambers_12x12,-37145.57,8979.8,1473.13,400.0,280.0,400.0
656,4,ZONE_FACULTY_ARCHIVES,4,IntermediateFloor,SM_FC_Mid_Academic_Lab_12x12,-37145.57,8979.8,1873.13,400.0,320.0,400.0
656,4,ZONE_FACULTY_ARCHIVES,5,IntermediateFloor,SM_FC_Mid_Faculty_Chambers_12x12,-37145.57,8979.8,2273.13,400.0,280.0,400.0
656,4,ZONE_FACULTY_ARCHIVES,6,Roof,SM_FC_Roof_BioDome_12x12,-37145.57,8979.8,2673.13,800.0,180.0,300.0
657,4,ZONE_FACULTY_ARCHIVES,0,Foundation,SM_FC_Foundation_SlopeCompensated_12x12,-37145.57,4489.9,1696.53,400.0,850.0,1200.0
657,4,ZONE_FACULTY_ARCHIVES,1,GroundFloor,SM_FC_Ground_Lobby_Transit_12x12,-37145.57,4489.9,2096.53,600.0,450.0,600.0
657,4,ZONE_FACULTY_ARCHIVES,2,IntermediateFloor,SM_FC_Mid_Academic_Lab_12x12,-37145.57,4489.9,2696.53,400.0,320.0,400.0
657,4,ZONE_FACULTY_ARCHIVES,3,IntermediateFloor,SM_FC_Mid_Faculty_Chambers_12x12,-37145.57,4489.9,3096.53,400.0,280.0,400.0
657,4,ZONE_FACULTY_ARCHIVES,4,IntermediateFloor,SM_FC_Mid_Academic_Lab_12x12,-37145.57,4489.9,3496.53,400.0,320.0,400.0
657,4,ZONE_FACULTY_ARCHIVES,5,IntermediateFloor,SM_FC_Mid_Faculty_Chambers_12x12,-37145.57,4489.9,3896.53,400.0,280.0,400.0
657,4,ZONE_FACULTY_ARCHIVES,6,IntermediateFloor,SM_FC_Mid_Academic_Lab_12x12,-37145.57,4489.9,4296.53,400.0,320.0,400.0
657,4,ZONE_FACULTY_ARCHIVES,7,Roof,SM_FC_Roof_BioDome_12x12,-37145.57,4489.9,4696.53,800.0,180.0,300.0
658,4,ZONE_FACULTY_ARCHIVES,0,Foundation,SM_FC_Foundation_SlopeCompensated_12x12,-37145.57,0.0,2661.25,400.0,850.0,1200.0
658,4,ZONE_FACULTY_ARCHIVES,1,GroundFloor,SM_FC_Ground_Lobby_Transit_12x12,-37145.57,0.0,3061.25,600.0,450.0,600.0
658,4,ZONE_FACULTY_ARCHIVES,2,IntermediateFloor,SM_FC_Mid_Academic_Lab_12x12,-37145.57,0.0,3661.25,400.0,320.0,400.0
658,4,ZONE_FACULTY_ARCHIVES,3,IntermediateFloor,SM_FC_Mid_Faculty_Chambers_12x12,-37145.57,0.0,4061.25,400.0,280.0,400.0
658,4,ZONE_FACULTY_ARCHIVES,4,IntermediateFloor,SM_FC_Mid_Academic_Lab_12x12,-37145.57,0.0,4461.25,400.0,320.0,400.0
658,4,ZONE_FACULTY_ARCHIVES,5,IntermediateFloor,SM_FC_Mid_Faculty_Chambers_12x12,-37145.57,0.0,4861.25,400.0,280.0,400.0
658,4,ZONE_FACULTY_ARCHIVES,6,IntermediateFloor,SM_FC_Mid_Academic_Lab_12x12,-37145.57,0.0,5261.25,400.0,320.0,400.0
658,4,ZONE_FACULTY_ARCHIVES,7,IntermediateFloor,SM_FC_Mid_Faculty_Chambers_12x12,-37145.57,0.0,5661.25,400.0,280.0,400.0
658,4,ZONE_FACULTY_ARCHIVES,8,Roof,SM_FC_Roof_BioDome_12x12,-37145.57,0.0,6061.25,800.0,180.0,300.0
659,4,ZONE_FACULTY_ARCHIVES,0,Foundation,SM_FC_Foundation_SlopeCompensated_12x12,-37145.57,-4489.9,1696.53,400.0,850.0,1200.0
659,4,ZONE_FACULTY_ARCHIVES,1,GroundFloor,SM_FC_Ground_Lobby_Transit_12x12,-37145.57,-4489.9,2096.53,600.0,450.0,600.0
659,4,ZONE_FACULTY_ARCHIVES,2,IntermediateFloor,SM_FC_Mid_Academic_Lab_12x12,-37145.57,-4489.9,2696.53,400.0,320.0,400.0
659,4,ZONE_FACULTY_ARCHIVES,3,Roof,SM_FC_Roof_BioDome_12x12,-37145.57,-4489.9,3096.53,800.0,180.0,300.0
660,4,ZONE_FACULTY_ARCHIVES,0,Foundation,SM_FC_Foundation_SlopeCompensated_12x12,-37145.57,-8979.8,73.13,400.0,850.0,1200.0
660,4,ZONE_FACULTY_ARCHIVES,1,GroundFloor,SM_FC_Ground_Lobby_Transit_12x12,-37145.57,-8979.8,473.13,600.0,450.0,600.0
660,4,ZONE_FACULTY_ARCHIVES,2,IntermediateFloor,SM_FC_Mid_Academic_Lab_12x12,-37145.57,-8979.8,1073.13,400.0,320.0,400.0
660,4,ZONE_FACULTY_ARCHIVES,3,IntermediateFloor,SM_FC_Mid_Faculty_Chambers_12x12,-37145.57,-8979.8,1473.13,400.0,280.0,400.0
660,4,ZONE_FACULTY_ARCHIVES,4,IntermediateFloor,SM_FC_Mid_Academic_Lab_12x12,-37145.57,-8979.8,1873.13,400.0,320.0,400.0
660,4,ZONE_FACULTY_ARCHIVES,5,IntermediateFloor,SM_FC_Mid_Faculty_Chambers_12x12,-37145.57,-8979.8,2273.13,400.0,280.0,400.0
660,4,ZONE_FACULTY_ARCHIVES,6,IntermediateFloor,SM_FC_Mid_Academic_Lab_12x12,-37145.57,-8979.8,2673.13,400.0,320.0,400.0
660,4,ZONE_FACULTY_ARCHIVES,7,Roof,SM_FC_Roof_BioDome_12x12,-37145.57,-8979.8,3073.13,800.0,180.0,300.0
661,4,ZONE_FACULTY_ARCHIVES,0,Foundation,SM_FC_Foundation_SlopeCompensated_12x12,-40309.22,8240.56,769.23,400.0,850.0,1200.0
661,4,ZONE_FACULTY_ARCHIVES,1,GroundFloor,SM_FC_Ground_Lobby_Transit_12x12,-40309.22,8240.56,1169.23,600.0,450.0,600.0
661,4,ZONE_FACULTY_ARCHIVES,2,IntermediateFloor,SM_FC_Mid_Academic_Lab_12x12,-40309.22,8240.56,1769.23,400.0,320.0,400.0
661,4,ZONE_FACULTY_ARCHIVES,3,IntermediateFloor,SM_FC_Mid_Faculty_Chambers_12x12,-40309.22,8240.56,2169.23,400.0,280.0,400.0
661,4,ZONE_FACULTY_ARCHIVES,4,IntermediateFloor,SM_FC_Mid_Academic_Lab_12x12,-40309.22,8240.56,2569.23,400.0,320.0,400.0
661,4,ZONE_FACULTY_ARCHIVES,5,IntermediateFloor,SM_FC_Mid_Faculty_Chambers_12x12,-40309.22,8240.56,2969.23,400.0,280.0,400.0
661,4,ZONE_FACULTY_ARCHIVES,6,Roof,SM_FC_Roof_BioDome_12x12,-40309.22,8240.56,3369.23,800.0,180.0,300.0
662,4,ZONE_FACULTY_ARCHIVES,0,Foundation,SM_FC_Foundation_SlopeCompensated_12x12,-40309.22,3296.22,2302.91,400.0,850.0,1200.0
662,4,ZONE_FACULTY_ARCHIVES,1,GroundFloor,SM_FC_Ground_Lobby_Transit_12x12,-40309.22,3296.22,2702.91,600.0,450.0,600.0
662,4,ZONE_FACULTY_ARCHIVES,2,IntermediateFloor,SM_FC_Mid_Academic_Lab_12x12,-40309.22,3296.22,3302.91,400.0,320.0,400.0
662,4,ZONE_FACULTY_ARCHIVES,3,IntermediateFloor,SM_FC_Mid_Faculty_Chambers_12x12,-40309.22,3296.22,3702.91,400.0,280.0,400.0
662,4,ZONE_FACULTY_ARCHIVES,4,IntermediateFloor,SM_FC_Mid_Academic_Lab_12x12,-40309.22,3296.22,4102.91,400.0,320.0,400.0
662,4,ZONE_FACULTY_ARCHIVES,5,IntermediateFloor,SM_FC_Mid_Faculty_Chambers_12x12,-40309.22,3296.22,4502.91,400.0,280.0,400.0
662,4,ZONE_FACULTY_ARCHIVES,6,Roof,SM_FC_Roof_BioDome_12x12,-40309.22,3296.22,4902.91,800.0,180.0,300.0
663,4,ZONE_FACULTY_ARCHIVES,0,Foundation,SM_FC_Foundation_SlopeCompensated_12x12,-40309.22,-1648.11,2651.57,400.0,850.0,1200.0
663,4,ZONE_FACULTY_ARCHIVES,1,GroundFloor,SM_FC_Ground_Lobby_Transit_12x12,-40309.22,-1648.11,3051.57,600.0,450.0,600.0
663,4,ZONE_FACULTY_ARCHIVES,2,IntermediateFloor,SM_FC_Mid_Academic_Lab_12x12,-40309.22,-1648.11,3651.57,400.0,320.0,400.0
663,4,ZONE_FACULTY_ARCHIVES,3,IntermediateFloor,SM_FC_Mid_Faculty_Chambers_12x12,-40309.22,-1648.11,4051.57,400.0,280.0,400.0
663,4,ZONE_FACULTY_ARCHIVES,4,IntermediateFloor,SM_FC_Mid_Academic_Lab_12x12,-40309.22,-1648.11,4451.57,400.0,320.0,400.0
663,4,ZONE_FACULTY_ARCHIVES,5,IntermediateFloor,SM_FC_Mid_Faculty_Chambers_12x12,-40309.22,-1648.11,4851.57,400.0,280.0,400.0
663,4,ZONE_FACULTY_ARCHIVES,6,IntermediateFloor,SM_FC_Mid_Academic_Lab_12x12,-40309.22,-1648.11,5251.57,400.0,320.0,400.0
663,4,ZONE_FACULTY_ARCHIVES,7,Roof,SM_FC_Roof_BioDome_12x12,-40309.22,-1648.11,5651.57,800.0,180.0,300.0
664,4,ZONE_FACULTY_ARCHIVES,0,Foundation,SM_FC_Foundation_SlopeCompensated_12x12,-40309.22,-6592.45,1361.74,400.0,850.0,1200.0
664,4,ZONE_FACULTY_ARCHIVES,1,GroundFloor,SM_FC_Ground_Lobby_Transit_12x12,-40309.22,-6592.45,1761.74,600.0,450.0,600.0
664,4,ZONE_FACULTY_ARCHIVES,2,IntermediateFloor,SM_FC_Mid_Academic_Lab_12x12,-40309.22,-6592.45,2361.74,400.0,320.0,400.0
664,4,ZONE_FACULTY_ARCHIVES,3,IntermediateFloor,SM_FC_Mid_Faculty_Chambers_12x12,-40309.22,-6592.45,2761.74,400.0,280.0,400.0
664,4,ZONE_FACULTY_ARCHIVES,4,Roof,SM_FC_Roof_BioDome_12x12,-40309.22,-6592.45,3161.74,800.0,180.0,300.0
665,4,ZONE_FACULTY_ARCHIVES,0,Foundation,SM_FC_Foundation_SlopeCompensated_12x12,-40309.22,-11536.79,-659.63,400.0,850.0,1200.0
665,4,ZONE_FACULTY_ARCHIVES,1,GroundFloor,SM_FC_Ground_Lobby_Transit_12x12,-40309.22,-11536.79,-259.63,600.0,450.0,600.0
665,4,ZONE_FACULTY_ARCHIVES,2,IntermediateFloor,SM_FC_Mid_Academic_Lab_12x12,-40309.22,-11536.79,340.37,400.0,320.0,400.0
665,4,ZONE_FACULTY_ARCHIVES,3,IntermediateFloor,SM_FC_Mid_Faculty_Chambers_12x12,-40309.22,-11536.79,740.37,400.0,280.0,400.0
665,4,ZONE_FACULTY_ARCHIVES,4,IntermediateFloor,SM_FC_Mid_Academic_Lab_12x12,-40309.22,-11536.79,1140.37,400.0,320.0,400.0
665,4,ZONE_FACULTY_ARCHIVES,5,IntermediateFloor,SM_FC_Mid_Faculty_Chambers_12x12,-40309.22,-11536.79,1540.37,400.0,280.0,400.0
665,4,ZONE_FACULTY_ARCHIVES,6,IntermediateFloor,SM_FC_Mid_Academic_Lab_12x12,-40309.22,-11536.79,1940.37,400.0,320.0,400.0
665,4,ZONE_FACULTY_ARCHIVES,7,IntermediateFloor,SM_FC_Mid_Faculty_Chambers_12x12,-40309.22,-11536.79,2340.37,400.0,280.0,400.0
665,4,ZONE_FACULTY_ARCHIVES,8,Roof,SM_FC_Roof_BioDome_12x12,-40309.22,-11536.79,2740.37,800.0,180.0,300.0
666,4,ZONE_FACULTY_ARCHIVES,0,Foundation,SM_FC_Foundation_SlopeCompensated_12x12,-43472.87,12597.14,-685.15,400.0,850.0,1200.0
666,4,ZONE_FACULTY_ARCHIVES,1,GroundFloor,SM_FC_Ground_Lobby_Transit_12x12,-43472.87,12597.14,-285.15,600.0,450.0,600.0
666,4,ZONE_FACULTY_ARCHIVES,2,IntermediateFloor,SM_FC_Mid_Academic_Lab_12x12,-43472.87,12597.14,314.85,400.0,320.0,400.0
666,4,ZONE_FACULTY_ARCHIVES,3,IntermediateFloor,SM_FC_Mid_Faculty_Chambers_12x12,-43472.87,12597.14,714.85,400.0,280.0,400.0
666,4,ZONE_FACULTY_ARCHIVES,4,Roof,SM_FC_Roof_BioDome_12x12,-43472.87,12597.14,1114.85,800.0,180.0,300.0
667,4,ZONE_FACULTY_ARCHIVES,0,Foundation,SM_FC_Foundation_SlopeCompensated_12x12,-43472.87,7198.36,1493.7,400.0,850.0,1200.0
667,4,ZONE_FACULTY_ARCHIVES,1,GroundFloor,SM_FC_Ground_Lobby_Transit_12x12,-43472.87,7198.36,1893.7,600.0,450.0,600.0
667,4,ZONE_FACULTY_ARCHIVES,2,IntermediateFloor,SM_FC_Mid_Academic_Lab_12x12,-43472.87,7198.36,2493.7,400.0,320.0,400.0
667,4,ZONE_FACULTY_ARCHIVES,3,IntermediateFloor,SM_FC_Mid_Faculty_Chambers_12x12,-43472.87,7198.36,2893.7,400.0,280.0,400.0
667,4,ZONE_FACULTY_ARCHIVES,4,IntermediateFloor,SM_FC_Mid_Academic_Lab_12x12,-43472.87,7198.36,3293.7,400.0,320.0,400.0
667,4,ZONE_FACULTY_ARCHIVES,5,IntermediateFloor,SM_FC_Mid_Faculty_Chambers_12x12,-43472.87,7198.36,3693.7,400.0,280.0,400.0
667,4,ZONE_FACULTY_ARCHIVES,6,Roof,SM_FC_Roof_BioDome_12x12,-43472.87,7198.36,4093.7,800.0,180.0,300.0
668,4,ZONE_FACULTY_ARCHIVES,0,Foundation,SM_FC_Foundation_SlopeCompensated_12x12,-43472.87,1799.59,2876.18,400.0,850.0,1200.0
668,4,ZONE_FACULTY_ARCHIVES,1,GroundFloor,SM_FC_Ground_Lobby_Transit_12x12,-43472.87,1799.59,3276.18,600.0,450.0,600.0
668,4,ZONE_FACULTY_ARCHIVES,2,IntermediateFloor,SM_FC_Mid_Academic_Lab_12x12,-43472.87,1799.59,3876.18,400.0,320.0,400.0
668,4,ZONE_FACULTY_ARCHIVES,3,IntermediateFloor,SM_FC_Mid_Faculty_Chambers_12x12,-43472.87,1799.59,4276.18,400.0,280.0,400.0
668,4,ZONE_FACULTY_ARCHIVES,4,IntermediateFloor,SM_FC_Mid_Academic_Lab_12x12,-43472.87,1799.59,4676.18,400.0,320.0,400.0
668,4,ZONE_FACULTY_ARCHIVES,5,IntermediateFloor,SM_FC_Mid_Faculty_Chambers_12x12,-43472.87,1799.59,5076.18,400.0,280.0,400.0
668,4,ZONE_FACULTY_ARCHIVES,6,IntermediateFloor,SM_FC_Mid_Academic_Lab_12x12,-43472.87,1799.59,5476.18,400.0,320.0,400.0
668,4,ZONE_FACULTY_ARCHIVES,7,Roof,SM_FC_Roof_BioDome_12x12,-43472.87,1799.59,5876.18,800.0,180.0,300.0
669,4,ZONE_FACULTY_ARCHIVES,0,Foundation,SM_FC_Foundation_SlopeCompensated_12x12,-43472.87,-3599.18,2503.84,400.0,850.0,1200.0
669,4,ZONE_FACULTY_ARCHIVES,1,GroundFloor,SM_FC_Ground_Lobby_Transit_12x12,-43472.87,-3599.18,2903.84,600.0,450.0,600.0
669,4,ZONE_FACULTY_ARCHIVES,2,IntermediateFloor,SM_FC_Mid_Academic_Lab_12x12,-43472.87,-3599.18,3503.84,400.0,320.0,400.0
669,4,ZONE_FACULTY_ARCHIVES,3,IntermediateFloor,SM_FC_Mid_Faculty_Chambers_12x12,-43472.87,-3599.18,3903.84,400.0,280.0,400.0
669,4,ZONE_FACULTY_ARCHIVES,4,IntermediateFloor,SM_FC_Mid_Academic_Lab_12x12,-43472.87,-3599.18,4303.84,400.0,320.0,400.0
669,4,ZONE_FACULTY_ARCHIVES,5,IntermediateFloor,SM_FC_Mid_Faculty_Chambers_12x12,-43472.87,-3599.18,4703.84,400.0,280.0,400.0
669,4,ZONE_FACULTY_ARCHIVES,6,IntermediateFloor,SM_FC_Mid_Academic_Lab_12x12,-43472.87,-3599.18,5103.84,400.0,320.0,400.0
669,4,ZONE_FACULTY_ARCHIVES,7,Roof,SM_FC_Roof_BioDome_12x12,-43472.87,-3599.18,5503.84,800.0,180.0,300.0
670,4,ZONE_FACULTY_ARCHIVES,0,Foundation,SM_FC_Foundation_SlopeCompensated_12x12,-43472.87,-8997.96,855.9,400.0,850.0,1200.0
670,4,ZONE_FACULTY_ARCHIVES,1,GroundFloor,SM_FC_Ground_Lobby_Transit_12x12,-43472.87,-8997.96,1255.9,600.0,450.0,600.0
670,4,ZONE_FACULTY_ARCHIVES,2,IntermediateFloor,SM_FC_Mid_Academic_Lab_12x12,-43472.87,-8997.96,1855.9,400.0,320.0,400.0
670,4,ZONE_FACULTY_ARCHIVES,3,IntermediateFloor,SM_FC_Mid_Faculty_Chambers_12x12,-43472.87,-8997.96,2255.9,400.0,280.0,400.0
670,4,ZONE_FACULTY_ARCHIVES,4,IntermediateFloor,SM_FC_Mid_Academic_Lab_12x12,-43472.87,-8997.96,2655.9,400.0,320.0,400.0
670,4,ZONE_FACULTY_ARCHIVES,5,IntermediateFloor,SM_FC_Mid_Faculty_Chambers_12x12,-43472.87,-8997.96,3055.9,400.0,280.0,400.0
670,4,ZONE_FACULTY_ARCHIVES,6,Roof,SM_FC_Roof_BioDome_12x12,-43472.87,-8997.96,3455.9,800.0,180.0,300.0
671,4,ZONE_FACULTY_ARCHIVES,0,Foundation,SM_FC_Foundation_SlopeCompensated_12x12,-46636.53,11706.42,177.2,400.0,850.0,1200.0
671,4,ZONE_FACULTY_ARCHIVES,1,GroundFloor,SM_FC_Ground_Lobby_Transit_12x12,-46636.53,11706.42,577.2,600.0,450.0,600.0
671,4,ZONE_FACULTY_ARCHIVES,2,IntermediateFloor,SM_FC_Mid_Academic_Lab_12x12,-46636.53,11706.42,1177.2,400.0,320.0,400.0
671,4,ZONE_FACULTY_ARCHIVES,3,IntermediateFloor,SM_FC_Mid_Faculty_Chambers_12x12,-46636.53,11706.42,1577.2,400.0,280.0,400.0
671,4,ZONE_FACULTY_ARCHIVES,4,Roof,SM_FC_Roof_BioDome_12x12,-46636.53,11706.42,1977.2,800.0,180.0,300.0
672,4,ZONE_FACULTY_ARCHIVES,0,Foundation,SM_FC_Foundation_SlopeCompensated_12x12,-46636.53,5853.21,2207.3,400.0,850.0,1200.0
672,4,ZONE_FACULTY_ARCHIVES,1,GroundFloor,SM_FC_Ground_Lobby_Transit_12x12,-46636.53,5853.21,2607.3,600.0,450.0,600.0
672,4,ZONE_FACULTY_ARCHIVES,2,IntermediateFloor,SM_FC_Mid_Academic_Lab_12x12,-46636.53,5853.21,3207.3,400.0,320.0,400.0
672,4,ZONE_FACULTY_ARCHIVES,3,IntermediateFloor,SM_FC_Mid_Faculty_Chambers_12x12,-46636.53,5853.21,3607.3,400.0,280.0,400.0
672,4,ZONE_FACULTY_ARCHIVES,4,IntermediateFloor,SM_FC_Mid_Academic_Lab_12x12,-46636.53,5853.21,4007.3,400.0,320.0,400.0
672,4,ZONE_FACULTY_ARCHIVES,5,IntermediateFloor,SM_FC_Mid_Faculty_Chambers_12x12,-46636.53,5853.21,4407.3,400.0,280.0,400.0
672,4,ZONE_FACULTY_ARCHIVES,6,IntermediateFloor,SM_FC_Mid_Academic_Lab_12x12,-46636.53,5853.21,4807.3,400.0,320.0,400.0
672,4,ZONE_FACULTY_ARCHIVES,7,IntermediateFloor,SM_FC_Mid_Faculty_Chambers_12x12,-46636.53,5853.21,5207.3,400.0,280.0,400.0
672,4,ZONE_FACULTY_ARCHIVES,8,Roof,SM_FC_Roof_BioDome_12x12,-46636.53,5853.21,5607.3,800.0,180.0,300.0
673,4,ZONE_FACULTY_ARCHIVES,0,Foundation,SM_FC_Foundation_SlopeCompensated_12x12,-46636.53,0.0,3384.91,400.0,850.0,1200.0
673,4,ZONE_FACULTY_ARCHIVES,1,GroundFloor,SM_FC_Ground_Lobby_Transit_12x12,-46636.53,0.0,3784.91,600.0,450.0,600.0
673,4,ZONE_FACULTY_ARCHIVES,2,IntermediateFloor,SM_FC_Mid_Academic_Lab_12x12,-46636.53,0.0,4384.91,400.0,320.0,400.0
673,4,ZONE_FACULTY_ARCHIVES,3,Roof,SM_FC_Roof_BioDome_12x12,-46636.53,0.0,4784.91,800.0,180.0,300.0
674,4,ZONE_FACULTY_ARCHIVES,0,Foundation,SM_FC_Foundation_SlopeCompensated_12x12,-46636.53,-5853.21,2207.3,400.0,850.0,1200.0
674,4,ZONE_FACULTY_ARCHIVES,1,GroundFloor,SM_FC_Ground_Lobby_Transit_12x12,-46636.53,-5853.21,2607.3,600.0,450.0,600.0
674,4,ZONE_FACULTY_ARCHIVES,2,IntermediateFloor,SM_FC_Mid_Academic_Lab_12x12,-46636.53,-5853.21,3207.3,400.0,320.0,400.0
674,4,ZONE_FACULTY_ARCHIVES,3,IntermediateFloor,SM_FC_Mid_Faculty_Chambers_12x12,-46636.53,-5853.21,3607.3,400.0,280.0,400.0
674,4,ZONE_FACULTY_ARCHIVES,4,IntermediateFloor,SM_FC_Mid_Academic_Lab_12x12,-46636.53,-5853.21,4007.3,400.0,320.0,400.0
674,4,ZONE_FACULTY_ARCHIVES,5,IntermediateFloor,SM_FC_Mid_Faculty_Chambers_12x12,-46636.53,-5853.21,4407.3,400.0,280.0,400.0
674,4,ZONE_FACULTY_ARCHIVES,6,IntermediateFloor,SM_FC_Mid_Academic_Lab_12x12,-46636.53,-5853.21,4807.3,400.0,320.0,400.0
674,4,ZONE_FACULTY_ARCHIVES,7,Roof,SM_FC_Roof_BioDome_12x12,-46636.53,-5853.21,5207.3,800.0,180.0,300.0
675,4,ZONE_FACULTY_ARCHIVES,0,Foundation,SM_FC_Foundation_SlopeCompensated_12x12,-46636.53,-11706.42,177.2,400.0,850.0,1200.0
675,4,ZONE_FACULTY_ARCHIVES,1,GroundFloor,SM_FC_Ground_Lobby_Transit_12x12,-46636.53,-11706.42,577.2,600.0,450.0,600.0
675,4,ZONE_FACULTY_ARCHIVES,2,IntermediateFloor,SM_FC_Mid_Academic_Lab_12x12,-46636.53,-11706.42,1177.2,400.0,320.0,400.0
675,4,ZONE_FACULTY_ARCHIVES,3,Roof,SM_FC_Roof_BioDome_12x12,-46636.53,-11706.42,1577.2,800.0,180.0,300.0
676,4,ZONE_FACULTY_ARCHIVES,0,Foundation,SM_FC_Foundation_SlopeCompensated_12x12,-49800.18,10512.74,1048.33,400.0,850.0,1200.0
676,4,ZONE_FACULTY_ARCHIVES,1,GroundFloor,SM_FC_Ground_Lobby_Transit_12x12,-49800.18,10512.74,1448.33,600.0,450.0,600.0
676,4,ZONE_FACULTY_ARCHIVES,2,IntermediateFloor,SM_FC_Mid_Academic_Lab_12x12,-49800.18,10512.74,2048.33,400.0,320.0,400.0
676,4,ZONE_FACULTY_ARCHIVES,3,IntermediateFloor,SM_FC_Mid_Faculty_Chambers_12x12,-49800.18,10512.74,2448.33,400.0,280.0,400.0
676,4,ZONE_FACULTY_ARCHIVES,4,IntermediateFloor,SM_FC_Mid_Academic_Lab_12x12,-49800.18,10512.74,2848.33,400.0,320.0,400.0
676,4,ZONE_FACULTY_ARCHIVES,5,IntermediateFloor,SM_FC_Mid_Faculty_Chambers_12x12,-49800.18,10512.74,3248.33,400.0,280.0,400.0
676,4,ZONE_FACULTY_ARCHIVES,6,IntermediateFloor,SM_FC_Mid_Academic_Lab_12x12,-49800.18,10512.74,3648.33,400.0,320.0,400.0
676,4,ZONE_FACULTY_ARCHIVES,7,Roof,SM_FC_Roof_BioDome_12x12,-49800.18,10512.74,4048.33,800.0,180.0,300.0
677,4,ZONE_FACULTY_ARCHIVES,0,Foundation,SM_FC_Foundation_SlopeCompensated_12x12,-49800.18,4205.1,2875.39,400.0,850.0,1200.0
677,4,ZONE_FACULTY_ARCHIVES,1,GroundFloor,SM_FC_Ground_Lobby_Transit_12x12,-49800.18,4205.1,3275.39,600.0,450.0,600.0
677,4,ZONE_FACULTY_ARCHIVES,2,IntermediateFloor,SM_FC_Mid_Academic_Lab_12x12,-49800.18,4205.1,3875.39,400.0,320.0,400.0
677,4,ZONE_FACULTY_ARCHIVES,3,IntermediateFloor,SM_FC_Mid_Faculty_Chambers_12x12,-49800.18,4205.1,4275.39,400.0,280.0,400.0
677,4,ZONE_FACULTY_ARCHIVES,4,IntermediateFloor,SM_FC_Mid_Academic_Lab_12x12,-49800.18,4205.1,4675.39,400.0,320.0,400.0
677,4,ZONE_FACULTY_ARCHIVES,5,IntermediateFloor,SM_FC_Mid_Faculty_Chambers_12x12,-49800.18,4205.1,5075.39,400.0,280.0,400.0
677,4,ZONE_FACULTY_ARCHIVES,6,IntermediateFloor,SM_FC_Mid_Academic_Lab_12x12,-49800.18,4205.1,5475.39,400.0,320.0,400.0
677,4,ZONE_FACULTY_ARCHIVES,7,Roof,SM_FC_Roof_BioDome_12x12,-49800.18,4205.1,5875.39,800.0,180.0,300.0
678,4,ZONE_FACULTY_ARCHIVES,0,Foundation,SM_FC_Foundation_SlopeCompensated_12x12,-49800.18,-2102.55,3284.57,400.0,850.0,1200.0
678,4,ZONE_FACULTY_ARCHIVES,1,GroundFloor,SM_FC_Ground_Lobby_Transit_12x12,-49800.18,-2102.55,3684.57,600.0,450.0,600.0
678,4,ZONE_FACULTY_ARCHIVES,2,IntermediateFloor,SM_FC_Mid_Academic_Lab_12x12,-49800.18,-2102.55,4284.57,400.0,320.0,400.0
678,4,ZONE_FACULTY_ARCHIVES,3,IntermediateFloor,SM_FC_Mid_Faculty_Chambers_12x12,-49800.18,-2102.55,4684.57,400.0,280.0,400.0
678,4,ZONE_FACULTY_ARCHIVES,4,Roof,SM_FC_Roof_BioDome_12x12,-49800.18,-2102.55,5084.57,800.0,180.0,300.0
679,4,ZONE_FACULTY_ARCHIVES,0,Foundation,SM_FC_Foundation_SlopeCompensated_12x12,-49800.18,-8410.2,1757.27,400.0,850.0,1200.0
679,4,ZONE_FACULTY_ARCHIVES,1,GroundFloor,SM_FC_Ground_Lobby_Transit_12x12,-49800.18,-8410.2,2157.27,600.0,450.0,600.0
679,4,ZONE_FACULTY_ARCHIVES,2,IntermediateFloor,SM_FC_Mid_Academic_Lab_12x12,-49800.18,-8410.2,2757.27,400.0,320.0,400.0
679,4,ZONE_FACULTY_ARCHIVES,3,IntermediateFloor,SM_FC_Mid_Faculty_Chambers_12x12,-49800.18,-8410.2,3157.27,400.0,280.0,400.0
679,4,ZONE_FACULTY_ARCHIVES,4,IntermediateFloor,SM_FC_Mid_Academic_Lab_12x12,-49800.18,-8410.2,3557.27,400.0,320.0,400.0
679,4,ZONE_FACULTY_ARCHIVES,5,IntermediateFloor,SM_FC_Mid_Faculty_Chambers_12x12,-49800.18,-8410.2,3957.27,400.0,280.0,400.0
679,4,ZONE_FACULTY_ARCHIVES,6,Roof,SM_FC_Roof_BioDome_12x12,-49800.18,-8410.2,4357.27,800.0,180.0,300.0
680,4,ZONE_FACULTY_ARCHIVES,0,Foundation,SM_FC_Foundation_SlopeCompensated_12x12,-49800.18,-14717.84,-669.3,400.0,850.0,1200.0
680,4,ZONE_FACULTY_ARCHIVES,1,GroundFloor,SM_FC_Ground_Lobby_Transit_12x12,-49800.18,-14717.84,-269.3,600.0,450.0,600.0
680,4,ZONE_FACULTY_ARCHIVES,2,IntermediateFloor,SM_FC_Mid_Academic_Lab_12x12,-49800.18,-14717.84,330.7,400.0,320.0,400.0
680,4,ZONE_FACULTY_ARCHIVES,3,IntermediateFloor,SM_FC_Mid_Faculty_Chambers_12x12,-49800.18,-14717.84,730.7,400.0,280.0,400.0
680,4,ZONE_FACULTY_ARCHIVES,4,Roof,SM_FC_Roof_BioDome_12x12,-49800.18,-14717.84,1130.7,800.0,180.0,300.0
681,4,ZONE_FACULTY_ARCHIVES,0,Foundation,SM_FC_Foundation_SlopeCompensated_12x12,-52963.83,15778.19,-624.82,400.0,850.0,1200.0
681,4,ZONE_FACULTY_ARCHIVES,1,GroundFloor,SM_FC_Ground_Lobby_Transit_12x12,-52963.83,15778.19,-224.82,600.0,450.0,600.0
681,4,ZONE_FACULTY_ARCHIVES,2,IntermediateFloor,SM_FC_Mid_Academic_Lab_12x12,-52963.83,15778.19,375.18,400.0,320.0,400.0
681,4,ZONE_FACULTY_ARCHIVES,3,IntermediateFloor,SM_FC_Mid_Faculty_Chambers_12x12,-52963.83,15778.19,775.18,400.0,280.0,400.0
681,4,ZONE_FACULTY_ARCHIVES,4,IntermediateFloor,SM_FC_Mid_Academic_Lab_12x12,-52963.83,15778.19,1175.18,400.0,320.0,400.0
681,4,ZONE_FACULTY_ARCHIVES,5,IntermediateFloor,SM_FC_Mid_Faculty_Chambers_12x12,-52963.83,15778.19,1575.18,400.0,280.0,400.0
681,4,ZONE_FACULTY_ARCHIVES,6,Roof,SM_FC_Roof_BioDome_12x12,-52963.83,15778.19,1975.18,800.0,180.0,300.0
682,4,ZONE_FACULTY_ARCHIVES,0,Foundation,SM_FC_Foundation_SlopeCompensated_12x12,-52963.83,9016.11,1890.06,400.0,850.0,1200.0
682,4,ZONE_FACULTY_ARCHIVES,1,GroundFloor,SM_FC_Ground_Lobby_Transit_12x12,-52963.83,9016.11,2290.06,600.0,450.0,600.0
682,4,ZONE_FACULTY_ARCHIVES,2,IntermediateFloor,SM_FC_Mid_Academic_Lab_12x12,-52963.83,9016.11,2890.06,400.0,320.0,400.0
682,4,ZONE_FACULTY_ARCHIVES,3,IntermediateFloor,SM_FC_Mid_Faculty_Chambers_12x12,-52963.83,9016.11,3290.06,400.0,280.0,400.0
682,4,ZONE_FACULTY_ARCHIVES,4,IntermediateFloor,SM_FC_Mid_Academic_Lab_12x12,-52963.83,9016.11,3690.06,400.0,320.0,400.0
682,4,ZONE_FACULTY_ARCHIVES,5,IntermediateFloor,SM_FC_Mid_Faculty_Chambers_12x12,-52963.83,9016.11,4090.06,400.0,280.0,400.0
682,4,ZONE_FACULTY_ARCHIVES,6,IntermediateFloor,SM_FC_Mid_Academic_Lab_12x12,-52963.83,9016.11,4490.06,400.0,320.0,400.0
682,4,ZONE_FACULTY_ARCHIVES,7,IntermediateFloor,SM_FC_Mid_Faculty_Chambers_12x12,-52963.83,9016.11,4890.06,400.0,280.0,400.0
682,4,ZONE_FACULTY_ARCHIVES,8,Roof,SM_FC_Roof_BioDome_12x12,-52963.83,9016.11,5290.06,800.0,180.0,300.0
683,4,ZONE_FACULTY_ARCHIVES,0,Foundation,SM_FC_Foundation_SlopeCompensated_12x12,-52963.83,2254.03,3468.75,400.0,850.0,1200.0
683,4,ZONE_FACULTY_ARCHIVES,1,GroundFloor,SM_FC_Ground_Lobby_Transit_12x12,-52963.83,2254.03,3868.75,600.0,450.0,600.0
683,4,ZONE_FACULTY_ARCHIVES,2,IntermediateFloor,SM_FC_Mid_Academic_Lab_12x12,-52963.83,2254.03,4468.75,400.0,320.0,400.0
683,4,ZONE_FACULTY_ARCHIVES,3,IntermediateFloor,SM_FC_Mid_Faculty_Chambers_12x12,-52963.83,2254.03,4868.75,400.0,280.0,400.0
683,4,ZONE_FACULTY_ARCHIVES,4,IntermediateFloor,SM_FC_Mid_Academic_Lab_12x12,-52963.83,2254.03,5268.75,400.0,320.0,400.0
683,4,ZONE_FACULTY_ARCHIVES,5,IntermediateFloor,SM_FC_Mid_Faculty_Chambers_12x12,-52963.83,2254.03,5668.75,400.0,280.0,400.0
683,4,ZONE_FACULTY_ARCHIVES,6,Roof,SM_FC_Roof_BioDome_12x12,-52963.83,2254.03,6068.75,800.0,180.0,300.0
684,4,ZONE_FACULTY_ARCHIVES,0,Foundation,SM_FC_Foundation_SlopeCompensated_12x12,-52963.83,-4508.06,3046.54,400.0,850.0,1200.0
684,4,ZONE_FACULTY_ARCHIVES,1,GroundFloor,SM_FC_Ground_Lobby_Transit_12x12,-52963.83,-4508.06,3446.54,600.0,450.0,600.0
684,4,ZONE_FACULTY_ARCHIVES,2,IntermediateFloor,SM_FC_Mid_Academic_Lab_12x12,-52963.83,-4508.06,4046.54,400.0,320.0,400.0
684,4,ZONE_FACULTY_ARCHIVES,3,IntermediateFloor,SM_FC_Mid_Faculty_Chambers_12x12,-52963.83,-4508.06,4446.54,400.0,280.0,400.0
684,4,ZONE_FACULTY_ARCHIVES,4,IntermediateFloor,SM_FC_Mid_Academic_Lab_12x12,-52963.83,-4508.06,4846.54,400.0,320.0,400.0
684,4,ZONE_FACULTY_ARCHIVES,5,IntermediateFloor,SM_FC_Mid_Faculty_Chambers_12x12,-52963.83,-4508.06,5246.54,400.0,280.0,400.0
684,4,ZONE_FACULTY_ARCHIVES,6,IntermediateFloor,SM_FC_Mid_Academic_Lab_12x12,-52963.83,-4508.06,5646.54,400.0,320.0,400.0
684,4,ZONE_FACULTY_ARCHIVES,7,IntermediateFloor,SM_FC_Mid_Faculty_Chambers_12x12,-52963.83,-4508.06,6046.54,400.0,280.0,400.0
684,4,ZONE_FACULTY_ARCHIVES,8,Roof,SM_FC_Roof_BioDome_12x12,-52963.83,-4508.06,6446.54,800.0,180.0,300.0
685,4,ZONE_FACULTY_ARCHIVES,0,Foundation,SM_FC_Foundation_SlopeCompensated_12x12,-52963.83,-11270.14,1155.79,400.0,850.0,1200.0
685,4,ZONE_FACULTY_ARCHIVES,1,GroundFloor,SM_FC_Ground_Lobby_Transit_12x12,-52963.83,-11270.14,1555.79,600.0,450.0,600.0
685,4,ZONE_FACULTY_ARCHIVES,2,IntermediateFloor,SM_FC_Mid_Academic_Lab_12x12,-52963.83,-11270.14,2155.79,400.0,320.0,400.0
685,4,ZONE_FACULTY_ARCHIVES,3,Roof,SM_FC_Roof_BioDome_12x12,-52963.83,-11270.14,2555.79,800.0,180.0,300.0
686,4,ZONE_FACULTY_ARCHIVES,0,Foundation,SM_FC_Foundation_SlopeCompensated_12x12,-56127.49,13782.1,412.09,400.0,850.0,1200.0
686,4,ZONE_FACULTY_ARCHIVES,1,GroundFloor,SM_FC_Ground_Lobby_Transit_12x12,-56127.49,13782.1,812.09,600.0,450.0,600.0
686,4,ZONE_FACULTY_ARCHIVES,2,IntermediateFloor,SM_FC_Mid_Academic_Lab_12x12,-56127.49,13782.1,1412.09,400.0,320.0,400.0
686,4,ZONE_FACULTY_ARCHIVES,3,IntermediateFloor,SM_FC_Mid_Faculty_Chambers_12x12,-56127.49,13782.1,1812.09,400.0,280.0,400.0
686,4,ZONE_FACULTY_ARCHIVES,4,IntermediateFloor,SM_FC_Mid_Academic_Lab_12x12,-56127.49,13782.1,2212.09,400.0,320.0,400.0
686,4,ZONE_FACULTY_ARCHIVES,5,Roof,SM_FC_Roof_BioDome_12x12,-56127.49,13782.1,2612.09,800.0,180.0,300.0
687,4,ZONE_FACULTY_ARCHIVES,0,Foundation,SM_FC_Foundation_SlopeCompensated_12x12,-56127.49,6891.05,2669.63,400.0,850.0,1200.0
687,4,ZONE_FACULTY_ARCHIVES,1,GroundFloor,SM_FC_Ground_Lobby_Transit_12x12,-56127.49,6891.05,3069.63,600.0,450.0,600.0
687,4,ZONE_FACULTY_ARCHIVES,2,IntermediateFloor,SM_FC_Mid_Academic_Lab_12x12,-56127.49,6891.05,3669.63,400.0,320.0,400.0
687,4,ZONE_FACULTY_ARCHIVES,3,IntermediateFloor,SM_FC_Mid_Faculty_Chambers_12x12,-56127.49,6891.05,4069.63,400.0,280.0,400.0
687,4,ZONE_FACULTY_ARCHIVES,4,IntermediateFloor,SM_FC_Mid_Academic_Lab_12x12,-56127.49,6891.05,4469.63,400.0,320.0,400.0
687,4,ZONE_FACULTY_ARCHIVES,5,IntermediateFloor,SM_FC_Mid_Faculty_Chambers_12x12,-56127.49,6891.05,4869.63,400.0,280.0,400.0
687,4,ZONE_FACULTY_ARCHIVES,6,IntermediateFloor,SM_FC_Mid_Academic_Lab_12x12,-56127.49,6891.05,5269.63,400.0,320.0,400.0
687,4,ZONE_FACULTY_ARCHIVES,7,Roof,SM_FC_Roof_BioDome_12x12,-56127.49,6891.05,5669.63,800.0,180.0,300.0
688,4,ZONE_FACULTY_ARCHIVES,0,Foundation,SM_FC_Foundation_SlopeCompensated_12x12,-56127.49,0.0,3964.3,400.0,850.0,1200.0
688,4,ZONE_FACULTY_ARCHIVES,1,GroundFloor,SM_FC_Ground_Lobby_Transit_12x12,-56127.49,0.0,4364.3,600.0,450.0,600.0
688,4,ZONE_FACULTY_ARCHIVES,2,IntermediateFloor,SM_FC_Mid_Academic_Lab_12x12,-56127.49,0.0,4964.3,400.0,320.0,400.0
688,4,ZONE_FACULTY_ARCHIVES,3,IntermediateFloor,SM_FC_Mid_Faculty_Chambers_12x12,-56127.49,0.0,5364.3,400.0,280.0,400.0
688,4,ZONE_FACULTY_ARCHIVES,4,IntermediateFloor,SM_FC_Mid_Academic_Lab_12x12,-56127.49,0.0,5764.3,400.0,320.0,400.0
688,4,ZONE_FACULTY_ARCHIVES,5,IntermediateFloor,SM_FC_Mid_Faculty_Chambers_12x12,-56127.49,0.0,6164.3,400.0,280.0,400.0
688,4,ZONE_FACULTY_ARCHIVES,6,Roof,SM_FC_Roof_BioDome_12x12,-56127.49,0.0,6564.3,800.0,180.0,300.0
689,4,ZONE_FACULTY_ARCHIVES,0,Foundation,SM_FC_Foundation_SlopeCompensated_12x12,-56127.49,-6891.05,2669.63,400.0,850.0,1200.0
689,4,ZONE_FACULTY_ARCHIVES,1,GroundFloor,SM_FC_Ground_Lobby_Transit_12x12,-56127.49,-6891.05,3069.63,600.0,450.0,600.0
689,4,ZONE_FACULTY_ARCHIVES,2,IntermediateFloor,SM_FC_Mid_Academic_Lab_12x12,-56127.49,-6891.05,3669.63,400.0,320.0,400.0
689,4,ZONE_FACULTY_ARCHIVES,3,IntermediateFloor,SM_FC_Mid_Faculty_Chambers_12x12,-56127.49,-6891.05,4069.63,400.0,280.0,400.0
689,4,ZONE_FACULTY_ARCHIVES,4,IntermediateFloor,SM_FC_Mid_Academic_Lab_12x12,-56127.49,-6891.05,4469.63,400.0,320.0,400.0
689,4,ZONE_FACULTY_ARCHIVES,5,IntermediateFloor,SM_FC_Mid_Faculty_Chambers_12x12,-56127.49,-6891.05,4869.63,400.0,280.0,400.0
689,4,ZONE_FACULTY_ARCHIVES,6,IntermediateFloor,SM_FC_Mid_Academic_Lab_12x12,-56127.49,-6891.05,5269.63,400.0,320.0,400.0
689,4,ZONE_FACULTY_ARCHIVES,7,IntermediateFloor,SM_FC_Mid_Faculty_Chambers_12x12,-56127.49,-6891.05,5669.63,400.0,280.0,400.0
689,4,ZONE_FACULTY_ARCHIVES,8,Roof,SM_FC_Roof_BioDome_12x12,-56127.49,-6891.05,6069.63,800.0,180.0,300.0
690,4,ZONE_FACULTY_ARCHIVES,0,Foundation,SM_FC_Foundation_SlopeCompensated_12x12,-56127.49,-13782.1,412.09,400.0,850.0,1200.0
690,4,ZONE_FACULTY_ARCHIVES,1,GroundFloor,SM_FC_Ground_Lobby_Transit_12x12,-56127.49,-13782.1,812.09,600.0,450.0,600.0
690,4,ZONE_FACULTY_ARCHIVES,2,IntermediateFloor,SM_FC_Mid_Academic_Lab_12x12,-56127.49,-13782.1,1412.09,400.0,320.0,400.0
690,4,ZONE_FACULTY_ARCHIVES,3,IntermediateFloor,SM_FC_Mid_Faculty_Chambers_12x12,-56127.49,-13782.1,1812.09,400.0,280.0,400.0
690,4,ZONE_FACULTY_ARCHIVES,4,IntermediateFloor,SM_FC_Mid_Academic_Lab_12x12,-56127.49,-13782.1,2212.09,400.0,320.0,400.0
690,4,ZONE_FACULTY_ARCHIVES,5,IntermediateFloor,SM_FC_Mid_Faculty_Chambers_12x12,-56127.49,-13782.1,2612.09,400.0,280.0,400.0
690,4,ZONE_FACULTY_ARCHIVES,6,IntermediateFloor,SM_FC_Mid_Academic_Lab_12x12,-56127.49,-13782.1,3012.09,400.0,320.0,400.0
690,4,ZONE_FACULTY_ARCHIVES,7,IntermediateFloor,SM_FC_Mid_Faculty_Chambers_12x12,-56127.49,-13782.1,3412.09,400.0,280.0,400.0
690,4,ZONE_FACULTY_ARCHIVES,8,Roof,SM_FC_Roof_BioDome_12x12,-56127.49,-13782.1,3812.09,800.0,180.0,300.0
691,4,ZONE_FACULTY_ARCHIVES,0,Foundation,SM_FC_Foundation_SlopeCompensated_12x12,-59291.14,10894.62,1396.15,400.0,850.0,1200.0
691,4,ZONE_FACULTY_ARCHIVES,1,GroundFloor,SM_FC_Ground_Lobby_Transit_12x12,-59291.14,10894.62,1796.15,600.0,450.0,600.0
691,4,ZONE_FACULTY_ARCHIVES,2,IntermediateFloor,SM_FC_Mid_Academic_Lab_12x12,-59291.14,10894.62,2396.15,400.0,320.0,400.0
691,4,ZONE_FACULTY_ARCHIVES,3,IntermediateFloor,SM_FC_Mid_Faculty_Chambers_12x12,-59291.14,10894.62,2796.15,400.0,280.0,400.0
691,4,ZONE_FACULTY_ARCHIVES,4,IntermediateFloor,SM_FC_Mid_Academic_Lab_12x12,-59291.14,10894.62,3196.15,400.0,320.0,400.0
691,4,ZONE_FACULTY_ARCHIVES,5,Roof,SM_FC_Roof_BioDome_12x12,-59291.14,10894.62,3596.15,800.0,180.0,300.0
692,4,ZONE_FACULTY_ARCHIVES,0,Foundation,SM_FC_Foundation_SlopeCompensated_12x12,-59291.14,4357.85,3360.36,400.0,850.0,1200.0
692,4,ZONE_FACULTY_ARCHIVES,1,GroundFloor,SM_FC_Ground_Lobby_Transit_12x12,-59291.14,4357.85,3760.36,600.0,450.0,600.0
692,4,ZONE_FACULTY_ARCHIVES,2,IntermediateFloor,SM_FC_Mid_Academic_Lab_12x12,-59291.14,4357.85,4360.36,400.0,320.0,400.0
692,4,ZONE_FACULTY_ARCHIVES,3,IntermediateFloor,SM_FC_Mid_Faculty_Chambers_12x12,-59291.14,4357.85,4760.36,400.0,280.0,400.0
692,4,ZONE_FACULTY_ARCHIVES,4,IntermediateFloor,SM_FC_Mid_Academic_Lab_12x12,-59291.14,4357.85,5160.36,400.0,320.0,400.0
692,4,ZONE_FACULTY_ARCHIVES,5,IntermediateFloor,SM_FC_Mid_Faculty_Chambers_12x12,-59291.14,4357.85,5560.36,400.0,280.0,400.0
692,4,ZONE_FACULTY_ARCHIVES,6,Roof,SM_FC_Roof_BioDome_12x12,-59291.14,4357.85,5960.36,800.0,180.0,300.0
693,4,ZONE_FACULTY_ARCHIVES,0,Foundation,SM_FC_Foundation_SlopeCompensated_12x12,-59291.14,-2178.92,3797.54,400.0,850.0,1200.0
693,4,ZONE_FACULTY_ARCHIVES,1,GroundFloor,SM_FC_Ground_Lobby_Transit_12x12,-59291.14,-2178.92,4197.54,600.0,450.0,600.0
693,4,ZONE_FACULTY_ARCHIVES,2,IntermediateFloor,SM_FC_Mid_Academic_Lab_12x12,-59291.14,-2178.92,4797.54,400.0,320.0,400.0
693,4,ZONE_FACULTY_ARCHIVES,3,IntermediateFloor,SM_FC_Mid_Faculty_Chambers_12x12,-59291.14,-2178.92,5197.54,400.0,280.0,400.0
693,4,ZONE_FACULTY_ARCHIVES,4,IntermediateFloor,SM_FC_Mid_Academic_Lab_12x12,-59291.14,-2178.92,5597.54,400.0,320.0,400.0
693,4,ZONE_FACULTY_ARCHIVES,5,IntermediateFloor,SM_FC_Mid_Faculty_Chambers_12x12,-59291.14,-2178.92,5997.54,400.0,280.0,400.0
693,4,ZONE_FACULTY_ARCHIVES,6,IntermediateFloor,SM_FC_Mid_Academic_Lab_12x12,-59291.14,-2178.92,6397.54,400.0,320.0,400.0
693,4,ZONE_FACULTY_ARCHIVES,7,Roof,SM_FC_Roof_BioDome_12x12,-59291.14,-2178.92,6797.54,800.0,180.0,300.0
694,4,ZONE_FACULTY_ARCHIVES,0,Foundation,SM_FC_Foundation_SlopeCompensated_12x12,-59291.14,-8715.7,2159.67,400.0,850.0,1200.0
694,4,ZONE_FACULTY_ARCHIVES,1,GroundFloor,SM_FC_Ground_Lobby_Transit_12x12,-59291.14,-8715.7,2559.67,600.0,450.0,600.0
694,4,ZONE_FACULTY_ARCHIVES,2,IntermediateFloor,SM_FC_Mid_Academic_Lab_12x12,-59291.14,-8715.7,3159.67,400.0,320.0,400.0
694,4,ZONE_FACULTY_ARCHIVES,3,Roof,SM_FC_Roof_BioDome_12x12,-59291.14,-8715.7,3559.67,800.0,180.0,300.0
695,4,ZONE_FACULTY_ARCHIVES,0,Foundation,SM_FC_Foundation_SlopeCompensated_12x12,-59291.14,-15252.47,-457.2,400.0,850.0,1200.0
695,4,ZONE_FACULTY_ARCHIVES,1,GroundFloor,SM_FC_Ground_Lobby_Transit_12x12,-59291.14,-15252.47,-57.2,600.0,450.0,600.0
695,4,ZONE_FACULTY_ARCHIVES,2,IntermediateFloor,SM_FC_Mid_Academic_Lab_12x12,-59291.14,-15252.47,542.8,400.0,320.0,400.0
695,4,ZONE_FACULTY_ARCHIVES,3,IntermediateFloor,SM_FC_Mid_Faculty_Chambers_12x12,-59291.14,-15252.47,942.8,400.0,280.0,400.0
695,4,ZONE_FACULTY_ARCHIVES,4,IntermediateFloor,SM_FC_Mid_Academic_Lab_12x12,-59291.14,-15252.47,1342.8,400.0,320.0,400.0
695,4,ZONE_FACULTY_ARCHIVES,5,IntermediateFloor,SM_FC_Mid_Faculty_Chambers_12x12,-59291.14,-15252.47,1742.8,400.0,280.0,400.0
695,4,ZONE_FACULTY_ARCHIVES,6,Roof,SM_FC_Roof_BioDome_12x12,-59291.14,-15252.47,2142.8,800.0,180.0,300.0
696,4,ZONE_FACULTY_ARCHIVES,0,Foundation,SM_FC_Foundation_SlopeCompensated_12x12,-62454.79,14350.79,-332.77,400.0,850.0,1200.0
696,4,ZONE_FACULTY_ARCHIVES,1,GroundFloor,SM_FC_Ground_Lobby_Transit_12x12,-62454.79,14350.79,67.23,600.0,450.0,600.0
696,4,ZONE_FACULTY_ARCHIVES,2,IntermediateFloor,SM_FC_Mid_Academic_Lab_12x12,-62454.79,14350.79,667.23,400.0,320.0,400.0
696,4,ZONE_FACULTY_ARCHIVES,3,Roof,SM_FC_Roof_BioDome_12x12,-62454.79,14350.79,1067.23,800.0,180.0,300.0
697,4,ZONE_FACULTY_ARCHIVES,0,Foundation,SM_FC_Foundation_SlopeCompensated_12x12,-62454.79,8200.45,2296.92,400.0,850.0,1200.0
697,4,ZONE_FACULTY_ARCHIVES,1,GroundFloor,SM_FC_Ground_Lobby_Transit_12x12,-62454.79,8200.45,2696.92,600.0,450.0,600.0
697,4,ZONE_FACULTY_ARCHIVES,2,IntermediateFloor,SM_FC_Mid_Academic_Lab_12x12,-62454.79,8200.45,3296.92,400.0,320.0,400.0
697,4,ZONE_FACULTY_ARCHIVES,3,IntermediateFloor,SM_FC_Mid_Faculty_Chambers_12x12,-62454.79,8200.45,3696.92,400.0,280.0,400.0
697,4,ZONE_FACULTY_ARCHIVES,4,IntermediateFloor,SM_FC_Mid_Academic_Lab_12x12,-62454.79,8200.45,4096.92,400.0,320.0,400.0
697,4,ZONE_FACULTY_ARCHIVES,5,IntermediateFloor,SM_FC_Mid_Faculty_Chambers_12x12,-62454.79,8200.45,4496.92,400.0,280.0,400.0
697,4,ZONE_FACULTY_ARCHIVES,6,IntermediateFloor,SM_FC_Mid_Academic_Lab_12x12,-62454.79,8200.45,4896.92,400.0,320.0,400.0
697,4,ZONE_FACULTY_ARCHIVES,7,Roof,SM_FC_Roof_BioDome_12x12,-62454.79,8200.45,5296.92,800.0,180.0,300.0
698,4,ZONE_FACULTY_ARCHIVES,0,Foundation,SM_FC_Foundation_SlopeCompensated_12x12,-62454.79,2050.11,3942.23,400.0,850.0,1200.0
698,4,ZONE_FACULTY_ARCHIVES,1,GroundFloor,SM_FC_Ground_Lobby_Transit_12x12,-62454.79,2050.11,4342.23,600.0,450.0,600.0
698,4,ZONE_FACULTY_ARCHIVES,2,IntermediateFloor,SM_FC_Mid_Academic_Lab_12x12,-62454.79,2050.11,4942.23,400.0,320.0,400.0
698,4,ZONE_FACULTY_ARCHIVES,3,IntermediateFloor,SM_FC_Mid_Faculty_Chambers_12x12,-62454.79,2050.11,5342.23,400.0,280.0,400.0
698,4,ZONE_FACULTY_ARCHIVES,4,IntermediateFloor,SM_FC_Mid_Academic_Lab_12x12,-62454.79,2050.11,5742.23,400.0,320.0,400.0
698,4,ZONE_FACULTY_ARCHIVES,5,IntermediateFloor,SM_FC_Mid_Faculty_Chambers_12x12,-62454.79,2050.11,6142.23,400.0,280.0,400.0
698,4,ZONE_FACULTY_ARCHIVES,6,Roof,SM_FC_Roof_BioDome_12x12,-62454.79,2050.11,6542.23,800.0,180.0,300.0
699,4,ZONE_FACULTY_ARCHIVES,0,Foundation,SM_FC_Foundation_SlopeCompensated_12x12,-62454.79,-4100.23,3503.17,400.0,850.0,1200.0
699,4,ZONE_FACULTY_ARCHIVES,1,GroundFloor,SM_FC_Ground_Lobby_Transit_12x12,-62454.79,-4100.23,3903.17,600.0,450.0,600.0
699,4,ZONE_FACULTY_ARCHIVES,2,IntermediateFloor,SM_FC_Mid_Academic_Lab_12x12,-62454.79,-4100.23,4503.17,400.0,320.0,400.0
699,4,ZONE_FACULTY_ARCHIVES,3,Roof,SM_FC_Roof_BioDome_12x12,-62454.79,-4100.23,4903.17,800.0,180.0,300.0
700,4,ZONE_FACULTY_ARCHIVES,0,Foundation,SM_FC_Foundation_SlopeCompensated_12x12,-62454.79,-10250.56,1529.73,400.0,850.0,1200.0
700,4,ZONE_FACULTY_ARCHIVES,1,GroundFloor,SM_FC_Ground_Lobby_Transit_12x12,-62454.79,-10250.56,1929.73,600.0,450.0,600.0
700,4,ZONE_FACULTY_ARCHIVES,2,IntermediateFloor,SM_FC_Mid_Academic_Lab_12x12,-62454.79,-10250.56,2529.73,400.0,320.0,400.0
700,4,ZONE_FACULTY_ARCHIVES,3,IntermediateFloor,SM_FC_Mid_Faculty_Chambers_12x12,-62454.79,-10250.56,2929.73,400.0,280.0,400.0
700,4,ZONE_FACULTY_ARCHIVES,4,IntermediateFloor,SM_FC_Mid_Academic_Lab_12x12,-62454.79,-10250.56,3329.73,400.0,320.0,400.0
700,4,ZONE_FACULTY_ARCHIVES,5,IntermediateFloor,SM_FC_Mid_Faculty_Chambers_12x12,-62454.79,-10250.56,3729.73,400.0,280.0,400.0
700,4,ZONE_FACULTY_ARCHIVES,6,Roof,SM_FC_Roof_BioDome_12x12,-62454.79,-10250.56,4129.73,800.0,180.0,300.0
701,4,ZONE_FACULTY_ARCHIVES,0,Foundation,SM_FC_Foundation_SlopeCompensated_12x12,-65618.44,11476.84,800.12,400.0,850.0,1200.0
701,4,ZONE_FACULTY_ARCHIVES,1,GroundFloor,SM_FC_Ground_Lobby_Transit_12x12,-65618.44,11476.84,1200.12,600.0,450.0,600.0
701,4,ZONE_FACULTY_ARCHIVES,2,IntermediateFloor,SM_FC_Mid_Academic_Lab_12x12,-65618.44,11476.84,1800.12,400.0,320.0,400.0
701,4,ZONE_FACULTY_ARCHIVES,3,IntermediateFloor,SM_FC_Mid_Faculty_Chambers_12x12,-65618.44,11476.84,2200.12,400.0,280.0,400.0
701,4,ZONE_FACULTY_ARCHIVES,4,IntermediateFloor,SM_FC_Mid_Academic_Lab_12x12,-65618.44,11476.84,2600.12,400.0,320.0,400.0
701,4,ZONE_FACULTY_ARCHIVES,5,Roof,SM_FC_Roof_BioDome_12x12,-65618.44,11476.84,3000.12,800.0,180.0,300.0
702,4,ZONE_FACULTY_ARCHIVES,0,Foundation,SM_FC_Foundation_SlopeCompensated_12x12,-65618.44,5738.42,3090.66,400.0,850.0,1200.0
702,4,ZONE_FACULTY_ARCHIVES,1,GroundFloor,SM_FC_Ground_Lobby_Transit_12x12,-65618.44,5738.42,3490.66,600.0,450.0,600.0
702,4,ZONE_FACULTY_ARCHIVES,2,IntermediateFloor,SM_FC_Mid_Academic_Lab_12x12,-65618.44,5738.42,4090.66,400.0,320.0,400.0
702,4,ZONE_FACULTY_ARCHIVES,3,IntermediateFloor,SM_FC_Mid_Faculty_Chambers_12x12,-65618.44,5738.42,4490.66,400.0,280.0,400.0
702,4,ZONE_FACULTY_ARCHIVES,4,IntermediateFloor,SM_FC_Mid_Academic_Lab_12x12,-65618.44,5738.42,4890.66,400.0,320.0,400.0
702,4,ZONE_FACULTY_ARCHIVES,5,IntermediateFloor,SM_FC_Mid_Faculty_Chambers_12x12,-65618.44,5738.42,5290.66,400.0,280.0,400.0
702,4,ZONE_FACULTY_ARCHIVES,6,IntermediateFloor,SM_FC_Mid_Academic_Lab_12x12,-65618.44,5738.42,5690.66,400.0,320.0,400.0
702,4,ZONE_FACULTY_ARCHIVES,7,IntermediateFloor,SM_FC_Mid_Faculty_Chambers_12x12,-65618.44,5738.42,6090.66,400.0,280.0,400.0
702,4,ZONE_FACULTY_ARCHIVES,8,Roof,SM_FC_Roof_BioDome_12x12,-65618.44,5738.42,6490.66,800.0,180.0,300.0
703,4,ZONE_FACULTY_ARCHIVES,0,Foundation,SM_FC_Foundation_SlopeCompensated_12x12,-65618.44,0.0,4402.21,400.0,850.0,1200.0
703,4,ZONE_FACULTY_ARCHIVES,1,GroundFloor,SM_FC_Ground_Lobby_Transit_12x12,-65618.44,0.0,4802.21,600.0,450.0,600.0
703,4,ZONE_FACULTY_ARCHIVES,2,IntermediateFloor,SM_FC_Mid_Academic_Lab_12x12,-65618.44,0.0,5402.21,400.0,320.0,400.0
703,4,ZONE_FACULTY_ARCHIVES,3,IntermediateFloor,SM_FC_Mid_Faculty_Chambers_12x12,-65618.44,0.0,5802.21,400.0,280.0,400.0
703,4,ZONE_FACULTY_ARCHIVES,4,IntermediateFloor,SM_FC_Mid_Academic_Lab_12x12,-65618.44,0.0,6202.21,400.0,320.0,400.0
703,4,ZONE_FACULTY_ARCHIVES,5,Roof,SM_FC_Roof_BioDome_12x12,-65618.44,0.0,6602.21,800.0,180.0,300.0
704,4,ZONE_FACULTY_ARCHIVES,0,Foundation,SM_FC_Foundation_SlopeCompensated_12x12,-65618.44,-5738.42,3090.66,400.0,850.0,1200.0
704,4,ZONE_FACULTY_ARCHIVES,1,GroundFloor,SM_FC_Ground_Lobby_Transit_12x12,-65618.44,-5738.42,3490.66,600.0,450.0,600.0
704,4,ZONE_FACULTY_ARCHIVES,2,IntermediateFloor,SM_FC_Mid_Academic_Lab_12x12,-65618.44,-5738.42,4090.66,400.0,320.0,400.0
704,4,ZONE_FACULTY_ARCHIVES,3,IntermediateFloor,SM_FC_Mid_Faculty_Chambers_12x12,-65618.44,-5738.42,4490.66,400.0,280.0,400.0
704,4,ZONE_FACULTY_ARCHIVES,4,IntermediateFloor,SM_FC_Mid_Academic_Lab_12x12,-65618.44,-5738.42,4890.66,400.0,320.0,400.0
704,4,ZONE_FACULTY_ARCHIVES,5,IntermediateFloor,SM_FC_Mid_Faculty_Chambers_12x12,-65618.44,-5738.42,5290.66,400.0,280.0,400.0
704,4,ZONE_FACULTY_ARCHIVES,6,Roof,SM_FC_Roof_BioDome_12x12,-65618.44,-5738.42,5690.66,800.0,180.0,300.0
705,4,ZONE_FACULTY_ARCHIVES,0,Foundation,SM_FC_Foundation_SlopeCompensated_12x12,-65618.44,-11476.84,800.12,400.0,850.0,1200.0
705,4,ZONE_FACULTY_ARCHIVES,1,GroundFloor,SM_FC_Ground_Lobby_Transit_12x12,-65618.44,-11476.84,1200.12,600.0,450.0,600.0
705,4,ZONE_FACULTY_ARCHIVES,2,IntermediateFloor,SM_FC_Mid_Academic_Lab_12x12,-65618.44,-11476.84,1800.12,400.0,320.0,400.0
705,4,ZONE_FACULTY_ARCHIVES,3,IntermediateFloor,SM_FC_Mid_Faculty_Chambers_12x12,-65618.44,-11476.84,2200.12,400.0,280.0,400.0
705,4,ZONE_FACULTY_ARCHIVES,4,IntermediateFloor,SM_FC_Mid_Academic_Lab_12x12,-65618.44,-11476.84,2600.12,400.0,320.0,400.0
705,4,ZONE_FACULTY_ARCHIVES,5,IntermediateFloor,SM_FC_Mid_Faculty_Chambers_12x12,-65618.44,-11476.84,3000.12,400.0,280.0,400.0
705,4,ZONE_FACULTY_ARCHIVES,6,IntermediateFloor,SM_FC_Mid_Academic_Lab_12x12,-65618.44,-11476.84,3400.12,400.0,320.0,400.0
705,4,ZONE_FACULTY_ARCHIVES,7,Roof,SM_FC_Roof_BioDome_12x12,-65618.44,-11476.84,3800.12,800.0,180.0,300.0
706,4,ZONE_FACULTY_ARCHIVES,0,Foundation,SM_FC_Foundation_SlopeCompensated_12x12,-68782.1,8844.97,1824.1,400.0,850.0,1200.0
706,4,ZONE_FACULTY_ARCHIVES,1,GroundFloor,SM_FC_Ground_Lobby_Transit_12x12,-68782.1,8844.97,2224.1,600.0,450.0,600.0
706,4,ZONE_FACULTY_ARCHIVES,2,IntermediateFloor,SM_FC_Mid_Academic_Lab_12x12,-68782.1,8844.97,2824.1,400.0,320.0,400.0
706,4,ZONE_FACULTY_ARCHIVES,3,IntermediateFloor,SM_FC_Mid_Faculty_Chambers_12x12,-68782.1,8844.97,3224.1,400.0,280.0,400.0
706,4,ZONE_FACULTY_ARCHIVES,4,Roof,SM_FC_Roof_BioDome_12x12,-68782.1,8844.97,3624.1,800.0,180.0,300.0
707,4,ZONE_FACULTY_ARCHIVES,0,Foundation,SM_FC_Foundation_SlopeCompensated_12x12,-68782.1,3537.99,3760.68,400.0,850.0,1200.0
707,4,ZONE_FACULTY_ARCHIVES,1,GroundFloor,SM_FC_Ground_Lobby_Transit_12x12,-68782.1,3537.99,4160.68,600.0,450.0,600.0
707,4,ZONE_FACULTY_ARCHIVES,2,IntermediateFloor,SM_FC_Mid_Academic_Lab_12x12,-68782.1,3537.99,4760.68,400.0,320.0,400.0
707,4,ZONE_FACULTY_ARCHIVES,3,Roof,SM_FC_Roof_BioDome_12x12,-68782.1,3537.99,5160.68,800.0,180.0,300.0
708,4,ZONE_FACULTY_ARCHIVES,0,Foundation,SM_FC_Foundation_SlopeCompensated_12x12,-68782.1,-1768.99,4192.24,400.0,850.0,1200.0
708,4,ZONE_FACULTY_ARCHIVES,1,GroundFloor,SM_FC_Ground_Lobby_Transit_12x12,-68782.1,-1768.99,4592.24,600.0,450.0,600.0
708,4,ZONE_FACULTY_ARCHIVES,2,IntermediateFloor,SM_FC_Mid_Academic_Lab_12x12,-68782.1,-1768.99,5192.24,400.0,320.0,400.0
708,4,ZONE_FACULTY_ARCHIVES,3,Roof,SM_FC_Roof_BioDome_12x12,-68782.1,-1768.99,5592.24,800.0,180.0,300.0
709,4,ZONE_FACULTY_ARCHIVES,0,Foundation,SM_FC_Foundation_SlopeCompensated_12x12,-68782.1,-7075.97,2576.61,400.0,850.0,1200.0
709,4,ZONE_FACULTY_ARCHIVES,1,GroundFloor,SM_FC_Ground_Lobby_Transit_12x12,-68782.1,-7075.97,2976.61,600.0,450.0,600.0
709,4,ZONE_FACULTY_ARCHIVES,2,IntermediateFloor,SM_FC_Mid_Academic_Lab_12x12,-68782.1,-7075.97,3576.61,400.0,320.0,400.0
709,4,ZONE_FACULTY_ARCHIVES,3,IntermediateFloor,SM_FC_Mid_Faculty_Chambers_12x12,-68782.1,-7075.97,3976.61,400.0,280.0,400.0
709,4,ZONE_FACULTY_ARCHIVES,4,IntermediateFloor,SM_FC_Mid_Academic_Lab_12x12,-68782.1,-7075.97,4376.61,400.0,320.0,400.0
709,4,ZONE_FACULTY_ARCHIVES,5,Roof,SM_FC_Roof_BioDome_12x12,-68782.1,-7075.97,4776.61,800.0,180.0,300.0
710,4,ZONE_FACULTY_ARCHIVES,0,Foundation,SM_FC_Foundation_SlopeCompensated_12x12,-68782.1,-12382.95,-1.87,400.0,850.0,1200.0
710,4,ZONE_FACULTY_ARCHIVES,1,GroundFloor,SM_FC_Ground_Lobby_Transit_12x12,-68782.1,-12382.95,398.13,600.0,450.0,600.0
710,4,ZONE_FACULTY_ARCHIVES,2,IntermediateFloor,SM_FC_Mid_Academic_Lab_12x12,-68782.1,-12382.95,998.13,400.0,320.0,400.0
710,4,ZONE_FACULTY_ARCHIVES,3,Roof,SM_FC_Roof_BioDome_12x12,-68782.1,-12382.95,1398.13,800.0,180.0,300.0
711,4,ZONE_FACULTY_ARCHIVES,0,Foundation,SM_FC_Foundation_SlopeCompensated_12x12,-71945.75,11343.25,203.95,400.0,850.0,1200.0
711,4,ZONE_FACULTY_ARCHIVES,1,GroundFloor,SM_FC_Ground_Lobby_Transit_12x12,-71945.75,11343.25,603.95,600.0,450.0,600.0
711,4,ZONE_FACULTY_ARCHIVES,2,IntermediateFloor,SM_FC_Mid_Academic_Lab_12x12,-71945.75,11343.25,1203.95,400.0,320.0,400.0
711,4,ZONE_FACULTY_ARCHIVES,3,IntermediateFloor,SM_FC_Mid_Faculty_Chambers_12x12,-71945.75,11343.25,1603.95,400.0,280.0,400.0
711,4,ZONE_FACULTY_ARCHIVES,4,IntermediateFloor,SM_FC_Mid_Academic_Lab_12x12,-71945.75,11343.25,2003.95,400.0,320.0,400.0
711,4,ZONE_FACULTY_ARCHIVES,5,IntermediateFloor,SM_FC_Mid_Faculty_Chambers_12x12,-71945.75,11343.25,2403.95,400.0,280.0,400.0
711,4,ZONE_FACULTY_ARCHIVES,6,IntermediateFloor,SM_FC_Mid_Academic_Lab_12x12,-71945.75,11343.25,2803.95,400.0,320.0,400.0
711,4,ZONE_FACULTY_ARCHIVES,7,IntermediateFloor,SM_FC_Mid_Faculty_Chambers_12x12,-71945.75,11343.25,3203.95,400.0,280.0,400.0
711,4,ZONE_FACULTY_ARCHIVES,8,Roof,SM_FC_Roof_BioDome_12x12,-71945.75,11343.25,3603.95,800.0,180.0,300.0
712,4,ZONE_FACULTY_ARCHIVES,0,Foundation,SM_FC_Foundation_SlopeCompensated_12x12,-71945.75,6481.86,2718.83,400.0,850.0,1200.0
712,4,ZONE_FACULTY_ARCHIVES,1,GroundFloor,SM_FC_Ground_Lobby_Transit_12x12,-71945.75,6481.86,3118.83,600.0,450.0,600.0
712,4,ZONE_FACULTY_ARCHIVES,2,IntermediateFloor,SM_FC_Mid_Academic_Lab_12x12,-71945.75,6481.86,3718.83,400.0,320.0,400.0
712,4,ZONE_FACULTY_ARCHIVES,3,IntermediateFloor,SM_FC_Mid_Faculty_Chambers_12x12,-71945.75,6481.86,4118.83,400.0,280.0,400.0
712,4,ZONE_FACULTY_ARCHIVES,4,IntermediateFloor,SM_FC_Mid_Academic_Lab_12x12,-71945.75,6481.86,4518.83,400.0,320.0,400.0
712,4,ZONE_FACULTY_ARCHIVES,5,IntermediateFloor,SM_FC_Mid_Faculty_Chambers_12x12,-71945.75,6481.86,4918.83,400.0,280.0,400.0
712,4,ZONE_FACULTY_ARCHIVES,6,IntermediateFloor,SM_FC_Mid_Academic_Lab_12x12,-71945.75,6481.86,5318.83,400.0,320.0,400.0
712,4,ZONE_FACULTY_ARCHIVES,7,IntermediateFloor,SM_FC_Mid_Faculty_Chambers_12x12,-71945.75,6481.86,5718.83,400.0,280.0,400.0
712,4,ZONE_FACULTY_ARCHIVES,8,Roof,SM_FC_Roof_BioDome_12x12,-71945.75,6481.86,6118.83,800.0,180.0,300.0
713,4,ZONE_FACULTY_ARCHIVES,0,Foundation,SM_FC_Foundation_SlopeCompensated_12x12,-71945.75,1620.46,4297.52,400.0,850.0,1200.0
713,4,ZONE_FACULTY_ARCHIVES,1,GroundFloor,SM_FC_Ground_Lobby_Transit_12x12,-71945.75,1620.46,4697.52,600.0,450.0,600.0
713,4,ZONE_FACULTY_ARCHIVES,2,IntermediateFloor,SM_FC_Mid_Academic_Lab_12x12,-71945.75,1620.46,5297.52,400.0,320.0,400.0
713,4,ZONE_FACULTY_ARCHIVES,3,IntermediateFloor,SM_FC_Mid_Faculty_Chambers_12x12,-71945.75,1620.46,5697.52,400.0,280.0,400.0
713,4,ZONE_FACULTY_ARCHIVES,4,IntermediateFloor,SM_FC_Mid_Academic_Lab_12x12,-71945.75,1620.46,6097.52,400.0,320.0,400.0
713,4,ZONE_FACULTY_ARCHIVES,5,IntermediateFloor,SM_FC_Mid_Faculty_Chambers_12x12,-71945.75,1620.46,6497.52,400.0,280.0,400.0
713,4,ZONE_FACULTY_ARCHIVES,6,IntermediateFloor,SM_FC_Mid_Academic_Lab_12x12,-71945.75,1620.46,6897.52,400.0,320.0,400.0
713,4,ZONE_FACULTY_ARCHIVES,7,IntermediateFloor,SM_FC_Mid_Faculty_Chambers_12x12,-71945.75,1620.46,7297.52,400.0,280.0,400.0
713,4,ZONE_FACULTY_ARCHIVES,8,Roof,SM_FC_Roof_BioDome_12x12,-71945.75,1620.46,7697.52,800.0,180.0,300.0
714,4,ZONE_FACULTY_ARCHIVES,0,Foundation,SM_FC_Foundation_SlopeCompensated_12x12,-71945.75,-3240.93,3875.31,400.0,850.0,1200.0
714,4,ZONE_FACULTY_ARCHIVES,1,GroundFloor,SM_FC_Ground_Lobby_Transit_12x12,-71945.75,-3240.93,4275.31,600.0,450.0,600.0
714,4,ZONE_FACULTY_ARCHIVES,2,IntermediateFloor,SM_FC_Mid_Academic_Lab_12x12,-71945.75,-3240.93,4875.31,400.0,320.0,400.0
714,4,ZONE_FACULTY_ARCHIVES,3,IntermediateFloor,SM_FC_Mid_Faculty_Chambers_12x12,-71945.75,-3240.93,5275.31,400.0,280.0,400.0
714,4,ZONE_FACULTY_ARCHIVES,4,IntermediateFloor,SM_FC_Mid_Academic_Lab_12x12,-71945.75,-3240.93,5675.31,400.0,320.0,400.0
714,4,ZONE_FACULTY_ARCHIVES,5,IntermediateFloor,SM_FC_Mid_Faculty_Chambers_12x12,-71945.75,-3240.93,6075.31,400.0,280.0,400.0
714,4,ZONE_FACULTY_ARCHIVES,6,Roof,SM_FC_Roof_BioDome_12x12,-71945.75,-3240.93,6475.31,800.0,180.0,300.0
715,4,ZONE_FACULTY_ARCHIVES,0,Foundation,SM_FC_Foundation_SlopeCompensated_12x12,-71945.75,-8102.32,1984.56,400.0,850.0,1200.0
715,4,ZONE_FACULTY_ARCHIVES,1,GroundFloor,SM_FC_Ground_Lobby_Transit_12x12,-71945.75,-8102.32,2384.56,600.0,450.0,600.0
715,4,ZONE_FACULTY_ARCHIVES,2,IntermediateFloor,SM_FC_Mid_Academic_Lab_12x12,-71945.75,-8102.32,2984.56,400.0,320.0,400.0
715,4,ZONE_FACULTY_ARCHIVES,3,Roof,SM_FC_Roof_BioDome_12x12,-71945.75,-8102.32,3384.56,800.0,180.0,300.0
716,4,ZONE_FACULTY_ARCHIVES,0,Foundation,SM_FC_Foundation_SlopeCompensated_12x12,-75109.4,8813.04,1344.5,400.0,850.0,1200.0
716,4,ZONE_FACULTY_ARCHIVES,1,GroundFloor,SM_FC_Ground_Lobby_Transit_12x12,-75109.4,8813.04,1744.5,600.0,450.0,600.0
716,4,ZONE_FACULTY_ARCHIVES,2,IntermediateFloor,SM_FC_Mid_Academic_Lab_12x12,-75109.4,8813.04,2344.5,400.0,320.0,400.0
716,4,ZONE_FACULTY_ARCHIVES,3,Roof,SM_FC_Roof_BioDome_12x12,-75109.4,8813.04,2744.5,800.0,180.0,300.0
717,4,ZONE_FACULTY_ARCHIVES,0,Foundation,SM_FC_Foundation_SlopeCompensated_12x12,-75109.4,4406.52,3471.31,400.0,850.0,1200.0
717,4,ZONE_FACULTY_ARCHIVES,1,GroundFloor,SM_FC_Ground_Lobby_Transit_12x12,-75109.4,4406.52,3871.31,600.0,450.0,600.0
717,4,ZONE_FACULTY_ARCHIVES,2,IntermediateFloor,SM_FC_Mid_Academic_Lab_12x12,-75109.4,4406.52,4471.31,400.0,320.0,400.0
717,4,ZONE_FACULTY_ARCHIVES,3,IntermediateFloor,SM_FC_Mid_Faculty_Chambers_12x12,-75109.4,4406.52,4871.31,400.0,280.0,400.0
717,4,ZONE_FACULTY_ARCHIVES,4,IntermediateFloor,SM_FC_Mid_Academic_Lab_12x12,-75109.4,4406.52,5271.31,400.0,320.0,400.0
717,4,ZONE_FACULTY_ARCHIVES,5,IntermediateFloor,SM_FC_Mid_Faculty_Chambers_12x12,-75109.4,4406.52,5671.31,400.0,280.0,400.0
717,4,ZONE_FACULTY_ARCHIVES,6,IntermediateFloor,SM_FC_Mid_Academic_Lab_12x12,-75109.4,4406.52,6071.31,400.0,320.0,400.0
717,4,ZONE_FACULTY_ARCHIVES,7,Roof,SM_FC_Roof_BioDome_12x12,-75109.4,4406.52,6471.31,800.0,180.0,300.0
718,4,ZONE_FACULTY_ARCHIVES,0,Foundation,SM_FC_Foundation_SlopeCompensated_12x12,-75109.4,0.0,4698.86,400.0,850.0,1200.0
718,4,ZONE_FACULTY_ARCHIVES,1,GroundFloor,SM_FC_Ground_Lobby_Transit_12x12,-75109.4,0.0,5098.86,600.0,450.0,600.0
718,4,ZONE_FACULTY_ARCHIVES,2,IntermediateFloor,SM_FC_Mid_Academic_Lab_12x12,-75109.4,0.0,5698.86,400.0,320.0,400.0
718,4,ZONE_FACULTY_ARCHIVES,3,IntermediateFloor,SM_FC_Mid_Faculty_Chambers_12x12,-75109.4,0.0,6098.86,400.0,280.0,400.0
718,4,ZONE_FACULTY_ARCHIVES,4,IntermediateFloor,SM_FC_Mid_Academic_Lab_12x12,-75109.4,0.0,6498.86,400.0,320.0,400.0
718,4,ZONE_FACULTY_ARCHIVES,5,IntermediateFloor,SM_FC_Mid_Faculty_Chambers_12x12,-75109.4,0.0,6898.86,400.0,280.0,400.0
718,4,ZONE_FACULTY_ARCHIVES,6,IntermediateFloor,SM_FC_Mid_Academic_Lab_12x12,-75109.4,0.0,7298.86,400.0,320.0,400.0
718,4,ZONE_FACULTY_ARCHIVES,7,IntermediateFloor,SM_FC_Mid_Faculty_Chambers_12x12,-75109.4,0.0,7698.86,400.0,280.0,400.0
718,4,ZONE_FACULTY_ARCHIVES,8,Roof,SM_FC_Roof_BioDome_12x12,-75109.4,0.0,8098.86,800.0,180.0,300.0
719,4,ZONE_FACULTY_ARCHIVES,0,Foundation,SM_FC_Foundation_SlopeCompensated_12x12,-75109.4,-4406.52,3471.31,400.0,850.0,1200.0
719,4,ZONE_FACULTY_ARCHIVES,1,GroundFloor,SM_FC_Ground_Lobby_Transit_12x12,-75109.4,-4406.52,3871.31,600.0,450.0,600.0
719,4,ZONE_FACULTY_ARCHIVES,2,IntermediateFloor,SM_FC_Mid_Academic_Lab_12x12,-75109.4,-4406.52,4471.31,400.0,320.0,400.0
719,4,ZONE_FACULTY_ARCHIVES,3,Roof,SM_FC_Roof_BioDome_12x12,-75109.4,-4406.52,4871.31,800.0,180.0,300.0
720,4,ZONE_FACULTY_ARCHIVES,0,Foundation,SM_FC_Foundation_SlopeCompensated_12x12,-75109.4,-8813.04,1344.5,400.0,850.0,1200.0
720,4,ZONE_FACULTY_ARCHIVES,1,GroundFloor,SM_FC_Ground_Lobby_Transit_12x12,-75109.4,-8813.04,1744.5,600.0,450.0,600.0
720,4,ZONE_FACULTY_ARCHIVES,2,IntermediateFloor,SM_FC_Mid_Academic_Lab_12x12,-75109.4,-8813.04,2344.5,400.0,320.0,400.0
720,4,ZONE_FACULTY_ARCHIVES,3,IntermediateFloor,SM_FC_Mid_Faculty_Chambers_12x12,-75109.4,-8813.04,2744.5,400.0,280.0,400.0
720,4,ZONE_FACULTY_ARCHIVES,4,Roof,SM_FC_Roof_BioDome_12x12,-75109.4,-8813.04,3144.5,800.0,180.0,300.0
721,4,ZONE_FACULTY_ARCHIVES,0,Foundation,SM_FC_Foundation_SlopeCompensated_12x12,-78273.05,6578.03,2329.9,400.0,850.0,1200.0
721,4,ZONE_FACULTY_ARCHIVES,1,GroundFloor,SM_FC_Ground_Lobby_Transit_12x12,-78273.05,6578.03,2729.9,600.0,450.0,600.0
721,4,ZONE_FACULTY_ARCHIVES,2,IntermediateFloor,SM_FC_Mid_Academic_Lab_12x12,-78273.05,6578.03,3329.9,400.0,320.0,400.0
721,4,ZONE_FACULTY_ARCHIVES,3,IntermediateFloor,SM_FC_Mid_Faculty_Chambers_12x12,-78273.05,6578.03,3729.9,400.0,280.0,400.0
721,4,ZONE_FACULTY_ARCHIVES,4,IntermediateFloor,SM_FC_Mid_Academic_Lab_12x12,-78273.05,6578.03,4129.9,400.0,320.0,400.0
721,4,ZONE_FACULTY_ARCHIVES,5,IntermediateFloor,SM_FC_Mid_Faculty_Chambers_12x12,-78273.05,6578.03,4529.9,400.0,280.0,400.0
721,4,ZONE_FACULTY_ARCHIVES,6,Roof,SM_FC_Roof_BioDome_12x12,-78273.05,6578.03,4929.9,800.0,180.0,300.0
722,4,ZONE_FACULTY_ARCHIVES,0,Foundation,SM_FC_Foundation_SlopeCompensated_12x12,-78273.05,2631.21,4075.84,400.0,850.0,1200.0
722,4,ZONE_FACULTY_ARCHIVES,1,GroundFloor,SM_FC_Ground_Lobby_Transit_12x12,-78273.05,2631.21,4475.84,600.0,450.0,600.0
722,4,ZONE_FACULTY_ARCHIVES,2,IntermediateFloor,SM_FC_Mid_Academic_Lab_12x12,-78273.05,2631.21,5075.84,400.0,320.0,400.0
722,4,ZONE_FACULTY_ARCHIVES,3,Roof,SM_FC_Roof_BioDome_12x12,-78273.05,2631.21,5475.84,800.0,180.0,300.0
723,4,ZONE_FACULTY_ARCHIVES,0,Foundation,SM_FC_Foundation_SlopeCompensated_12x12,-78273.05,-1315.61,4468.38,400.0,850.0,1200.0
723,4,ZONE_FACULTY_ARCHIVES,1,GroundFloor,SM_FC_Ground_Lobby_Transit_12x12,-78273.05,-1315.61,4868.38,600.0,450.0,600.0
723,4,ZONE_FACULTY_ARCHIVES,2,IntermediateFloor,SM_FC_Mid_Academic_Lab_12x12,-78273.05,-1315.61,5468.38,400.0,320.0,400.0
723,4,ZONE_FACULTY_ARCHIVES,3,IntermediateFloor,SM_FC_Mid_Faculty_Chambers_12x12,-78273.05,-1315.61,5868.38,400.0,280.0,400.0
723,4,ZONE_FACULTY_ARCHIVES,4,IntermediateFloor,SM_FC_Mid_Academic_Lab_12x12,-78273.05,-1315.61,6268.38,400.0,320.0,400.0
723,4,ZONE_FACULTY_ARCHIVES,5,IntermediateFloor,SM_FC_Mid_Faculty_Chambers_12x12,-78273.05,-1315.61,6668.38,400.0,280.0,400.0
723,4,ZONE_FACULTY_ARCHIVES,6,IntermediateFloor,SM_FC_Mid_Academic_Lab_12x12,-78273.05,-1315.61,7068.38,400.0,320.0,400.0
723,4,ZONE_FACULTY_ARCHIVES,7,IntermediateFloor,SM_FC_Mid_Faculty_Chambers_12x12,-78273.05,-1315.61,7468.38,400.0,280.0,400.0
723,4,ZONE_FACULTY_ARCHIVES,8,Roof,SM_FC_Roof_BioDome_12x12,-78273.05,-1315.61,7868.38,800.0,180.0,300.0
724,4,ZONE_FACULTY_ARCHIVES,0,Foundation,SM_FC_Foundation_SlopeCompensated_12x12,-78273.05,-5262.42,3006.6,400.0,850.0,1200.0
724,4,ZONE_FACULTY_ARCHIVES,1,GroundFloor,SM_FC_Ground_Lobby_Transit_12x12,-78273.05,-5262.42,3406.6,600.0,450.0,600.0
724,4,ZONE_FACULTY_ARCHIVES,2,IntermediateFloor,SM_FC_Mid_Academic_Lab_12x12,-78273.05,-5262.42,4006.6,400.0,320.0,400.0
724,4,ZONE_FACULTY_ARCHIVES,3,IntermediateFloor,SM_FC_Mid_Faculty_Chambers_12x12,-78273.05,-5262.42,4406.6,400.0,280.0,400.0
724,4,ZONE_FACULTY_ARCHIVES,4,Roof,SM_FC_Roof_BioDome_12x12,-78273.05,-5262.42,4806.6,800.0,180.0,300.0
725,4,ZONE_FACULTY_ARCHIVES,0,Foundation,SM_FC_Foundation_SlopeCompensated_12x12,-78273.05,-9209.24,692.34,400.0,850.0,1200.0
725,4,ZONE_FACULTY_ARCHIVES,1,GroundFloor,SM_FC_Ground_Lobby_Transit_12x12,-78273.05,-9209.24,1092.34,600.0,450.0,600.0
725,4,ZONE_FACULTY_ARCHIVES,2,IntermediateFloor,SM_FC_Mid_Academic_Lab_12x12,-78273.05,-9209.24,1692.34,400.0,320.0,400.0
725,4,ZONE_FACULTY_ARCHIVES,3,IntermediateFloor,SM_FC_Mid_Faculty_Chambers_12x12,-78273.05,-9209.24,2092.34,400.0,280.0,400.0
725,4,ZONE_FACULTY_ARCHIVES,4,Roof,SM_FC_Roof_BioDome_12x12,-78273.05,-9209.24,2492.34,800.0,180.0,300.0
726,4,ZONE_FACULTY_ARCHIVES,0,Foundation,SM_FC_Foundation_SlopeCompensated_12x12,-81436.71,8134.9,972.39,400.0,850.0,1200.0
726,4,ZONE_FACULTY_ARCHIVES,1,GroundFloor,SM_FC_Ground_Lobby_Transit_12x12,-81436.71,8134.9,1372.39,600.0,450.0,600.0
726,4,ZONE_FACULTY_ARCHIVES,2,IntermediateFloor,SM_FC_Mid_Academic_Lab_12x12,-81436.71,8134.9,1972.39,400.0,320.0,400.0
726,4,ZONE_FACULTY_ARCHIVES,3,IntermediateFloor,SM_FC_Mid_Faculty_Chambers_12x12,-81436.71,8134.9,2372.39,400.0,280.0,400.0
726,4,ZONE_FACULTY_ARCHIVES,4,IntermediateFloor,SM_FC_Mid_Academic_Lab_12x12,-81436.71,8134.9,2772.39,400.0,320.0,400.0
726,4,ZONE_FACULTY_ARCHIVES,5,IntermediateFloor,SM_FC_Mid_Faculty_Chambers_12x12,-81436.71,8134.9,3172.39,400.0,280.0,400.0
726,4,ZONE_FACULTY_ARCHIVES,6,IntermediateFloor,SM_FC_Mid_Academic_Lab_12x12,-81436.71,8134.9,3572.39,400.0,320.0,400.0
726,4,ZONE_FACULTY_ARCHIVES,7,Roof,SM_FC_Roof_BioDome_12x12,-81436.71,8134.9,3972.39,800.0,180.0,300.0
727,4,ZONE_FACULTY_ARCHIVES,0,Foundation,SM_FC_Foundation_SlopeCompensated_12x12,-81436.71,4648.51,3151.24,400.0,850.0,1200.0
727,4,ZONE_FACULTY_ARCHIVES,1,GroundFloor,SM_FC_Ground_Lobby_Transit_12x12,-81436.71,4648.51,3551.24,600.0,450.0,600.0
727,4,ZONE_FACULTY_ARCHIVES,2,IntermediateFloor,SM_FC_Mid_Academic_Lab_12x12,-81436.71,4648.51,4151.24,400.0,320.0,400.0
727,4,ZONE_FACULTY_ARCHIVES,3,IntermediateFloor,SM_FC_Mid_Faculty_Chambers_12x12,-81436.71,4648.51,4551.24,400.0,280.0,400.0
727,4,ZONE_FACULTY_ARCHIVES,4,IntermediateFloor,SM_FC_Mid_Academic_Lab_12x12,-81436.71,4648.51,4951.24,400.0,320.0,400.0
727,4,ZONE_FACULTY_ARCHIVES,5,IntermediateFloor,SM_FC_Mid_Faculty_Chambers_12x12,-81436.71,4648.51,5351.24,400.0,280.0,400.0
727,4,ZONE_FACULTY_ARCHIVES,6,Roof,SM_FC_Roof_BioDome_12x12,-81436.71,4648.51,5751.24,800.0,180.0,300.0
728,4,ZONE_FACULTY_ARCHIVES,0,Foundation,SM_FC_Foundation_SlopeCompensated_12x12,-81436.71,1162.13,4533.72,400.0,850.0,1200.0
728,4,ZONE_FACULTY_ARCHIVES,1,GroundFloor,SM_FC_Ground_Lobby_Transit_12x12,-81436.71,1162.13,4933.72,600.0,450.0,600.0
728,4,ZONE_FACULTY_ARCHIVES,2,IntermediateFloor,SM_FC_Mid_Academic_Lab_12x12,-81436.71,1162.13,5533.72,400.0,320.0,400.0
728,4,ZONE_FACULTY_ARCHIVES,3,IntermediateFloor,SM_FC_Mid_Faculty_Chambers_12x12,-81436.71,1162.13,5933.72,400.0,280.0,400.0
728,4,ZONE_FACULTY_ARCHIVES,4,IntermediateFloor,SM_FC_Mid_Academic_Lab_12x12,-81436.71,1162.13,6333.72,400.0,320.0,400.0
728,4,ZONE_FACULTY_ARCHIVES,5,IntermediateFloor,SM_FC_Mid_Faculty_Chambers_12x12,-81436.71,1162.13,6733.72,400.0,280.0,400.0
728,4,ZONE_FACULTY_ARCHIVES,6,IntermediateFloor,SM_FC_Mid_Academic_Lab_12x12,-81436.71,1162.13,7133.72,400.0,320.0,400.0
728,4,ZONE_FACULTY_ARCHIVES,7,IntermediateFloor,SM_FC_Mid_Faculty_Chambers_12x12,-81436.71,1162.13,7533.72,400.0,280.0,400.0
728,4,ZONE_FACULTY_ARCHIVES,8,Roof,SM_FC_Roof_BioDome_12x12,-81436.71,1162.13,7933.72,800.0,180.0,300.0
729,4,ZONE_FACULTY_ARCHIVES,0,Foundation,SM_FC_Foundation_SlopeCompensated_12x12,-81436.71,-2324.26,4161.38,400.0,850.0,1200.0
729,4,ZONE_FACULTY_ARCHIVES,1,GroundFloor,SM_FC_Ground_Lobby_Transit_12x12,-81436.71,-2324.26,4561.38,600.0,450.0,600.0
729,4,ZONE_FACULTY_ARCHIVES,2,IntermediateFloor,SM_FC_Mid_Academic_Lab_12x12,-81436.71,-2324.26,5161.38,400.0,320.0,400.0
729,4,ZONE_FACULTY_ARCHIVES,3,Roof,SM_FC_Roof_BioDome_12x12,-81436.71,-2324.26,5561.38,800.0,180.0,300.0
730,4,ZONE_FACULTY_ARCHIVES,0,Foundation,SM_FC_Foundation_SlopeCompensated_12x12,-81436.71,-5810.64,2513.44,400.0,850.0,1200.0
730,4,ZONE_FACULTY_ARCHIVES,1,GroundFloor,SM_FC_Ground_Lobby_Transit_12x12,-81436.71,-5810.64,2913.44,600.0,450.0,600.0
730,4,ZONE_FACULTY_ARCHIVES,2,IntermediateFloor,SM_FC_Mid_Academic_Lab_12x12,-81436.71,-5810.64,3513.44,400.0,320.0,400.0
730,4,ZONE_FACULTY_ARCHIVES,3,IntermediateFloor,SM_FC_Mid_Faculty_Chambers_12x12,-81436.71,-5810.64,3913.44,400.0,280.0,400.0
730,4,ZONE_FACULTY_ARCHIVES,4,IntermediateFloor,SM_FC_Mid_Academic_Lab_12x12,-81436.71,-5810.64,4313.44,400.0,320.0,400.0
730,4,ZONE_FACULTY_ARCHIVES,5,IntermediateFloor,SM_FC_Mid_Faculty_Chambers_12x12,-81436.71,-5810.64,4713.44,400.0,280.0,400.0
730,4,ZONE_FACULTY_ARCHIVES,6,IntermediateFloor,SM_FC_Mid_Academic_Lab_12x12,-81436.71,-5810.64,5113.44,400.0,320.0,400.0
730,4,ZONE_FACULTY_ARCHIVES,7,IntermediateFloor,SM_FC_Mid_Faculty_Chambers_12x12,-81436.71,-5810.64,5513.44,400.0,280.0,400.0
730,4,ZONE_FACULTY_ARCHIVES,8,Roof,SM_FC_Roof_BioDome_12x12,-81436.71,-5810.64,5913.44,800.0,180.0,300.0
731,4,ZONE_FACULTY_ARCHIVES,0,Foundation,SM_FC_Foundation_SlopeCompensated_12x12,-84600.36,6058.13,1959.64,400.0,850.0,1200.0
731,4,ZONE_FACULTY_ARCHIVES,1,GroundFloor,SM_FC_Ground_Lobby_Transit_12x12,-84600.36,6058.13,2359.64,600.0,450.0,600.0
731,4,ZONE_FACULTY_ARCHIVES,2,IntermediateFloor,SM_FC_Mid_Academic_Lab_12x12,-84600.36,6058.13,2959.64,400.0,320.0,400.0
731,4,ZONE_FACULTY_ARCHIVES,3,IntermediateFloor,SM_FC_Mid_Faculty_Chambers_12x12,-84600.36,6058.13,3359.64,400.0,280.0,400.0
731,4,ZONE_FACULTY_ARCHIVES,4,Roof,SM_FC_Roof_BioDome_12x12,-84600.36,6058.13,3759.64,800.0,180.0,300.0
732,4,ZONE_FACULTY_ARCHIVES,0,Foundation,SM_FC_Foundation_SlopeCompensated_12x12,-84600.36,3029.06,3676.21,400.0,850.0,1200.0
732,4,ZONE_FACULTY_ARCHIVES,1,GroundFloor,SM_FC_Ground_Lobby_Transit_12x12,-84600.36,3029.06,4076.21,600.0,450.0,600.0
732,4,ZONE_FACULTY_ARCHIVES,2,IntermediateFloor,SM_FC_Mid_Academic_Lab_12x12,-84600.36,3029.06,4676.21,400.0,320.0,400.0
732,4,ZONE_FACULTY_ARCHIVES,3,IntermediateFloor,SM_FC_Mid_Faculty_Chambers_12x12,-84600.36,3029.06,5076.21,400.0,280.0,400.0
732,4,ZONE_FACULTY_ARCHIVES,4,IntermediateFloor,SM_FC_Mid_Academic_Lab_12x12,-84600.36,3029.06,5476.21,400.0,320.0,400.0
732,4,ZONE_FACULTY_ARCHIVES,5,IntermediateFloor,SM_FC_Mid_Faculty_Chambers_12x12,-84600.36,3029.06,5876.21,400.0,280.0,400.0
732,4,ZONE_FACULTY_ARCHIVES,6,IntermediateFloor,SM_FC_Mid_Academic_Lab_12x12,-84600.36,3029.06,6276.21,400.0,320.0,400.0
732,4,ZONE_FACULTY_ARCHIVES,7,IntermediateFloor,SM_FC_Mid_Faculty_Chambers_12x12,-84600.36,3029.06,6676.21,400.0,280.0,400.0
732,4,ZONE_FACULTY_ARCHIVES,8,Roof,SM_FC_Roof_BioDome_12x12,-84600.36,3029.06,7076.21,800.0,180.0,300.0
733,4,ZONE_FACULTY_ARCHIVES,0,Foundation,SM_FC_Foundation_SlopeCompensated_12x12,-84600.36,0.0,4686.33,400.0,850.0,1200.0
733,4,ZONE_FACULTY_ARCHIVES,1,GroundFloor,SM_FC_Ground_Lobby_Transit_12x12,-84600.36,0.0,5086.33,600.0,450.0,600.0
733,4,ZONE_FACULTY_ARCHIVES,2,IntermediateFloor,SM_FC_Mid_Academic_Lab_12x12,-84600.36,0.0,5686.33,400.0,320.0,400.0
733,4,ZONE_FACULTY_ARCHIVES,3,IntermediateFloor,SM_FC_Mid_Faculty_Chambers_12x12,-84600.36,0.0,6086.33,400.0,280.0,400.0
733,4,ZONE_FACULTY_ARCHIVES,4,IntermediateFloor,SM_FC_Mid_Academic_Lab_12x12,-84600.36,0.0,6486.33,400.0,320.0,400.0
733,4,ZONE_FACULTY_ARCHIVES,5,IntermediateFloor,SM_FC_Mid_Faculty_Chambers_12x12,-84600.36,0.0,6886.33,400.0,280.0,400.0
733,4,ZONE_FACULTY_ARCHIVES,6,IntermediateFloor,SM_FC_Mid_Academic_Lab_12x12,-84600.36,0.0,7286.33,400.0,320.0,400.0
733,4,ZONE_FACULTY_ARCHIVES,7,IntermediateFloor,SM_FC_Mid_Faculty_Chambers_12x12,-84600.36,0.0,7686.33,400.0,280.0,400.0
733,4,ZONE_FACULTY_ARCHIVES,8,Roof,SM_FC_Roof_BioDome_12x12,-84600.36,0.0,8086.33,800.0,180.0,300.0
734,4,ZONE_FACULTY_ARCHIVES,0,Foundation,SM_FC_Foundation_SlopeCompensated_12x12,-84600.36,-3029.06,3676.21,400.0,850.0,1200.0
734,4,ZONE_FACULTY_ARCHIVES,1,GroundFloor,SM_FC_Ground_Lobby_Transit_12x12,-84600.36,-3029.06,4076.21,600.0,450.0,600.0
734,4,ZONE_FACULTY_ARCHIVES,2,IntermediateFloor,SM_FC_Mid_Academic_Lab_12x12,-84600.36,-3029.06,4676.21,400.0,320.0,400.0
734,4,ZONE_FACULTY_ARCHIVES,3,IntermediateFloor,SM_FC_Mid_Faculty_Chambers_12x12,-84600.36,-3029.06,5076.21,400.0,280.0,400.0
734,4,ZONE_FACULTY_ARCHIVES,4,IntermediateFloor,SM_FC_Mid_Academic_Lab_12x12,-84600.36,-3029.06,5476.21,400.0,320.0,400.0
734,4,ZONE_FACULTY_ARCHIVES,5,IntermediateFloor,SM_FC_Mid_Faculty_Chambers_12x12,-84600.36,-3029.06,5876.21,400.0,280.0,400.0
734,4,ZONE_FACULTY_ARCHIVES,6,IntermediateFloor,SM_FC_Mid_Academic_Lab_12x12,-84600.36,-3029.06,6276.21,400.0,320.0,400.0
734,4,ZONE_FACULTY_ARCHIVES,7,Roof,SM_FC_Roof_BioDome_12x12,-84600.36,-3029.06,6676.21,800.0,180.0,300.0
735,4,ZONE_FACULTY_ARCHIVES,0,Foundation,SM_FC_Foundation_SlopeCompensated_12x12,-84600.36,-6058.13,1959.64,400.0,850.0,1200.0
735,4,ZONE_FACULTY_ARCHIVES,1,GroundFloor,SM_FC_Ground_Lobby_Transit_12x12,-84600.36,-6058.13,2359.64,600.0,450.0,600.0
735,4,ZONE_FACULTY_ARCHIVES,2,IntermediateFloor,SM_FC_Mid_Academic_Lab_12x12,-84600.36,-6058.13,2959.64,400.0,320.0,400.0
735,4,ZONE_FACULTY_ARCHIVES,3,IntermediateFloor,SM_FC_Mid_Faculty_Chambers_12x12,-84600.36,-6058.13,3359.64,400.0,280.0,400.0
735,4,ZONE_FACULTY_ARCHIVES,4,IntermediateFloor,SM_FC_Mid_Academic_Lab_12x12,-84600.36,-6058.13,3759.64,400.0,320.0,400.0
735,4,ZONE_FACULTY_ARCHIVES,5,IntermediateFloor,SM_FC_Mid_Faculty_Chambers_12x12,-84600.36,-6058.13,4159.64,400.0,280.0,400.0
735,4,ZONE_FACULTY_ARCHIVES,6,IntermediateFloor,SM_FC_Mid_Academic_Lab_12x12,-84600.36,-6058.13,4559.64,400.0,320.0,400.0
735,4,ZONE_FACULTY_ARCHIVES,7,IntermediateFloor,SM_FC_Mid_Faculty_Chambers_12x12,-84600.36,-6058.13,4959.64,400.0,280.0,400.0
735,4,ZONE_FACULTY_ARCHIVES,8,Roof,SM_FC_Roof_BioDome_12x12,-84600.36,-6058.13,5359.64,800.0,180.0,300.0
736,4,ZONE_FACULTY_ARCHIVES,0,Foundation,SM_FC_Foundation_SlopeCompensated_12x12,-87764.01,4297.5,2531.84,400.0,850.0,1200.0
736,4,ZONE_FACULTY_ARCHIVES,1,GroundFloor,SM_FC_Ground_Lobby_Transit_12x12,-87764.01,4297.5,2931.84,600.0,450.0,600.0
736,4,ZONE_FACULTY_ARCHIVES,2,IntermediateFloor,SM_FC_Mid_Academic_Lab_12x12,-87764.01,4297.5,3531.84,400.0,320.0,400.0
736,4,ZONE_FACULTY_ARCHIVES,3,IntermediateFloor,SM_FC_Mid_Faculty_Chambers_12x12,-87764.01,4297.5,3931.84,400.0,280.0,400.0
736,4,ZONE_FACULTY_ARCHIVES,4,IntermediateFloor,SM_FC_Mid_Academic_Lab_12x12,-87764.01,4297.5,4331.84,400.0,320.0,400.0
736,4,ZONE_FACULTY_ARCHIVES,5,IntermediateFloor,SM_FC_Mid_Faculty_Chambers_12x12,-87764.01,4297.5,4731.84,400.0,280.0,400.0
736,4,ZONE_FACULTY_ARCHIVES,6,IntermediateFloor,SM_FC_Mid_Academic_Lab_12x12,-87764.01,4297.5,5131.84,400.0,320.0,400.0
736,4,ZONE_FACULTY_ARCHIVES,7,IntermediateFloor,SM_FC_Mid_Faculty_Chambers_12x12,-87764.01,4297.5,5531.84,400.0,280.0,400.0
736,4,ZONE_FACULTY_ARCHIVES,8,Roof,SM_FC_Roof_BioDome_12x12,-87764.01,4297.5,5931.84,800.0,180.0,300.0
737,4,ZONE_FACULTY_ARCHIVES,0,Foundation,SM_FC_Foundation_SlopeCompensated_12x12,-87764.01,1719.0,3758.51,400.0,850.0,1200.0
737,4,ZONE_FACULTY_ARCHIVES,1,GroundFloor,SM_FC_Ground_Lobby_Transit_12x12,-87764.01,1719.0,4158.51,600.0,450.0,600.0
737,4,ZONE_FACULTY_ARCHIVES,2,IntermediateFloor,SM_FC_Mid_Academic_Lab_12x12,-87764.01,1719.0,4758.51,400.0,320.0,400.0
737,4,ZONE_FACULTY_ARCHIVES,3,IntermediateFloor,SM_FC_Mid_Faculty_Chambers_12x12,-87764.01,1719.0,5158.51,400.0,280.0,400.0
737,4,ZONE_FACULTY_ARCHIVES,4,IntermediateFloor,SM_FC_Mid_Academic_Lab_12x12,-87764.01,1719.0,5558.51,400.0,320.0,400.0
737,4,ZONE_FACULTY_ARCHIVES,5,IntermediateFloor,SM_FC_Mid_Faculty_Chambers_12x12,-87764.01,1719.0,5958.51,400.0,280.0,400.0
737,4,ZONE_FACULTY_ARCHIVES,6,IntermediateFloor,SM_FC_Mid_Academic_Lab_12x12,-87764.01,1719.0,6358.51,400.0,320.0,400.0
737,4,ZONE_FACULTY_ARCHIVES,7,Roof,SM_FC_Roof_BioDome_12x12,-87764.01,1719.0,6758.51,800.0,180.0,300.0
738,4,ZONE_FACULTY_ARCHIVES,0,Foundation,SM_FC_Foundation_SlopeCompensated_12x12,-87764.01,-859.5,4039.5,400.0,850.0,1200.0
738,4,ZONE_FACULTY_ARCHIVES,1,GroundFloor,SM_FC_Ground_Lobby_Transit_12x12,-87764.01,-859.5,4439.5,600.0,450.0,600.0
738,4,ZONE_FACULTY_ARCHIVES,2,IntermediateFloor,SM_FC_Mid_Academic_Lab_12x12,-87764.01,-859.5,5039.5,400.0,320.0,400.0
738,4,ZONE_FACULTY_ARCHIVES,3,Roof,SM_FC_Roof_BioDome_12x12,-87764.01,-859.5,5439.5,800.0,180.0,300.0
739,4,ZONE_FACULTY_ARCHIVES,0,Foundation,SM_FC_Foundation_SlopeCompensated_12x12,-87764.01,-3438.0,3004.68,400.0,850.0,1200.0
739,4,ZONE_FACULTY_ARCHIVES,1,GroundFloor,SM_FC_Ground_Lobby_Transit_12x12,-87764.01,-3438.0,3404.68,600.0,450.0,600.0
739,4,ZONE_FACULTY_ARCHIVES,2,IntermediateFloor,SM_FC_Mid_Academic_Lab_12x12,-87764.01,-3438.0,4004.68,400.0,320.0,400.0
739,4,ZONE_FACULTY_ARCHIVES,3,Roof,SM_FC_Roof_BioDome_12x12,-87764.01,-3438.0,4404.68,800.0,180.0,300.0
740,4,ZONE_FACULTY_ARCHIVES,0,Foundation,SM_FC_Foundation_SlopeCompensated_12x12,-87764.01,-6016.5,1394.3,400.0,850.0,1200.0
740,4,ZONE_FACULTY_ARCHIVES,1,GroundFloor,SM_FC_Ground_Lobby_Transit_12x12,-87764.01,-6016.5,1794.3,600.0,450.0,600.0
740,4,ZONE_FACULTY_ARCHIVES,2,IntermediateFloor,SM_FC_Mid_Academic_Lab_12x12,-87764.01,-6016.5,2394.3,400.0,320.0,400.0
740,4,ZONE_FACULTY_ARCHIVES,3,IntermediateFloor,SM_FC_Mid_Faculty_Chambers_12x12,-87764.01,-6016.5,2794.3,400.0,280.0,400.0
740,4,ZONE_FACULTY_ARCHIVES,4,Roof,SM_FC_Roof_BioDome_12x12,-87764.01,-6016.5,3194.3,800.0,180.0,300.0
741,4,ZONE_FACULTY_ARCHIVES,0,Foundation,SM_FC_Foundation_SlopeCompensated_12x12,-90927.66,4989.29,1433.09,400.0,850.0,1200.0
741,4,ZONE_FACULTY_ARCHIVES,1,GroundFloor,SM_FC_Ground_Lobby_Transit_12x12,-90927.66,4989.29,1833.09,600.0,450.0,600.0
741,4,ZONE_FACULTY_ARCHIVES,2,IntermediateFloor,SM_FC_Mid_Academic_Lab_12x12,-90927.66,4989.29,2433.09,400.0,320.0,400.0
741,4,ZONE_FACULTY_ARCHIVES,3,IntermediateFloor,SM_FC_Mid_Faculty_Chambers_12x12,-90927.66,4989.29,2833.09,400.0,280.0,400.0
741,4,ZONE_FACULTY_ARCHIVES,4,Roof,SM_FC_Roof_BioDome_12x12,-90927.66,4989.29,3233.09,800.0,180.0,300.0
742,4,ZONE_FACULTY_ARCHIVES,0,Foundation,SM_FC_Foundation_SlopeCompensated_12x12,-90927.66,2851.02,2651.47,400.0,850.0,1200.0
742,4,ZONE_FACULTY_ARCHIVES,1,GroundFloor,SM_FC_Ground_Lobby_Transit_12x12,-90927.66,2851.02,3051.47,600.0,450.0,600.0
742,4,ZONE_FACULTY_ARCHIVES,2,IntermediateFloor,SM_FC_Mid_Academic_Lab_12x12,-90927.66,2851.02,3651.47,400.0,320.0,400.0
742,4,ZONE_FACULTY_ARCHIVES,3,IntermediateFloor,SM_FC_Mid_Faculty_Chambers_12x12,-90927.66,2851.02,4051.47,400.0,280.0,400.0
742,4,ZONE_FACULTY_ARCHIVES,4,Roof,SM_FC_Roof_BioDome_12x12,-90927.66,2851.02,4451.47,800.0,180.0,300.0
743,4,ZONE_FACULTY_ARCHIVES,0,Foundation,SM_FC_Foundation_SlopeCompensated_12x12,-90927.66,712.76,3441.26,400.0,850.0,1200.0
743,4,ZONE_FACULTY_ARCHIVES,1,GroundFloor,SM_FC_Ground_Lobby_Transit_12x12,-90927.66,712.76,3841.26,600.0,450.0,600.0
743,4,ZONE_FACULTY_ARCHIVES,2,IntermediateFloor,SM_FC_Mid_Academic_Lab_12x12,-90927.66,712.76,4441.26,400.0,320.0,400.0
743,4,ZONE_FACULTY_ARCHIVES,3,IntermediateFloor,SM_FC_Mid_Faculty_Chambers_12x12,-90927.66,712.76,4841.26,400.0,280.0,400.0
743,4,ZONE_FACULTY_ARCHIVES,4,IntermediateFloor,SM_FC_Mid_Academic_Lab_12x12,-90927.66,712.76,5241.26,400.0,320.0,400.0
743,4,ZONE_FACULTY_ARCHIVES,5,IntermediateFloor,SM_FC_Mid_Faculty_Chambers_12x12,-90927.66,712.76,5641.26,400.0,280.0,400.0
743,4,ZONE_FACULTY_ARCHIVES,6,IntermediateFloor,SM_FC_Mid_Academic_Lab_12x12,-90927.66,712.76,6041.26,400.0,320.0,400.0
743,4,ZONE_FACULTY_ARCHIVES,7,Roof,SM_FC_Roof_BioDome_12x12,-90927.66,712.76,6441.26,800.0,180.0,300.0
744,4,ZONE_FACULTY_ARCHIVES,0,Foundation,SM_FC_Foundation_SlopeCompensated_12x12,-90927.66,-1425.51,3225.62,400.0,850.0,1200.0
744,4,ZONE_FACULTY_ARCHIVES,1,GroundFloor,SM_FC_Ground_Lobby_Transit_12x12,-90927.66,-1425.51,3625.62,600.0,450.0,600.0
744,4,ZONE_FACULTY_ARCHIVES,2,IntermediateFloor,SM_FC_Mid_Academic_Lab_12x12,-90927.66,-1425.51,4225.62,400.0,320.0,400.0
744,4,ZONE_FACULTY_ARCHIVES,3,Roof,SM_FC_Roof_BioDome_12x12,-90927.66,-1425.51,4625.62,800.0,180.0,300.0
745,4,ZONE_FACULTY_ARCHIVES,0,Foundation,SM_FC_Foundation_SlopeCompensated_12x12,-90927.66,-3563.78,2292.97,400.0,850.0,1200.0
745,4,ZONE_FACULTY_ARCHIVES,1,GroundFloor,SM_FC_Ground_Lobby_Transit_12x12,-90927.66,-3563.78,2692.97,600.0,450.0,600.0
745,4,ZONE_FACULTY_ARCHIVES,2,IntermediateFloor,SM_FC_Mid_Academic_Lab_12x12,-90927.66,-3563.78,3292.97,400.0,320.0,400.0
745,4,ZONE_FACULTY_ARCHIVES,3,Roof,SM_FC_Roof_BioDome_12x12,-90927.66,-3563.78,3692.97,800.0,180.0,300.0
746,4,ZONE_FACULTY_ARCHIVES,0,Foundation,SM_FC_Foundation_SlopeCompensated_12x12,-94091.32,3423.95,1643.64,400.0,850.0,1200.0
746,4,ZONE_FACULTY_ARCHIVES,1,GroundFloor,SM_FC_Ground_Lobby_Transit_12x12,-94091.32,3423.95,2043.64,600.0,450.0,600.0
746,4,ZONE_FACULTY_ARCHIVES,2,IntermediateFloor,SM_FC_Mid_Academic_Lab_12x12,-94091.32,3423.95,2643.64,400.0,320.0,400.0
746,4,ZONE_FACULTY_ARCHIVES,3,IntermediateFloor,SM_FC_Mid_Faculty_Chambers_12x12,-94091.32,3423.95,3043.64,400.0,280.0,400.0
746,4,ZONE_FACULTY_ARCHIVES,4,IntermediateFloor,SM_FC_Mid_Academic_Lab_12x12,-94091.32,3423.95,3443.64,400.0,320.0,400.0
746,4,ZONE_FACULTY_ARCHIVES,5,IntermediateFloor,SM_FC_Mid_Faculty_Chambers_12x12,-94091.32,3423.95,3843.64,400.0,280.0,400.0
746,4,ZONE_FACULTY_ARCHIVES,6,IntermediateFloor,SM_FC_Mid_Academic_Lab_12x12,-94091.32,3423.95,4243.64,400.0,320.0,400.0
746,4,ZONE_FACULTY_ARCHIVES,7,IntermediateFloor,SM_FC_Mid_Faculty_Chambers_12x12,-94091.32,3423.95,4643.64,400.0,280.0,400.0
746,4,ZONE_FACULTY_ARCHIVES,8,Roof,SM_FC_Roof_BioDome_12x12,-94091.32,3423.95,5043.64,800.0,180.0,300.0
747,4,ZONE_FACULTY_ARCHIVES,0,Foundation,SM_FC_Foundation_SlopeCompensated_12x12,-94091.32,1711.98,2380.56,400.0,850.0,1200.0
747,4,ZONE_FACULTY_ARCHIVES,1,GroundFloor,SM_FC_Ground_Lobby_Transit_12x12,-94091.32,1711.98,2780.56,600.0,450.0,600.0
747,4,ZONE_FACULTY_ARCHIVES,2,IntermediateFloor,SM_FC_Mid_Academic_Lab_12x12,-94091.32,1711.98,3380.56,400.0,320.0,400.0
747,4,ZONE_FACULTY_ARCHIVES,3,IntermediateFloor,SM_FC_Mid_Faculty_Chambers_12x12,-94091.32,1711.98,3780.56,400.0,280.0,400.0
747,4,ZONE_FACULTY_ARCHIVES,4,Roof,SM_FC_Roof_BioDome_12x12,-94091.32,1711.98,4180.56,800.0,180.0,300.0
748,4,ZONE_FACULTY_ARCHIVES,0,Foundation,SM_FC_Foundation_SlopeCompensated_12x12,-94091.32,0.0,2830.55,400.0,850.0,1200.0
748,4,ZONE_FACULTY_ARCHIVES,1,GroundFloor,SM_FC_Ground_Lobby_Transit_12x12,-94091.32,0.0,3230.55,600.0,450.0,600.0
748,4,ZONE_FACULTY_ARCHIVES,2,IntermediateFloor,SM_FC_Mid_Academic_Lab_12x12,-94091.32,0.0,3830.55,400.0,320.0,400.0
748,4,ZONE_FACULTY_ARCHIVES,3,IntermediateFloor,SM_FC_Mid_Faculty_Chambers_12x12,-94091.32,0.0,4230.55,400.0,280.0,400.0
748,4,ZONE_FACULTY_ARCHIVES,4,IntermediateFloor,SM_FC_Mid_Academic_Lab_12x12,-94091.32,0.0,4630.55,400.0,320.0,400.0
748,4,ZONE_FACULTY_ARCHIVES,5,IntermediateFloor,SM_FC_Mid_Faculty_Chambers_12x12,-94091.32,0.0,5030.55,400.0,280.0,400.0
748,4,ZONE_FACULTY_ARCHIVES,6,IntermediateFloor,SM_FC_Mid_Academic_Lab_12x12,-94091.32,0.0,5430.55,400.0,320.0,400.0
748,4,ZONE_FACULTY_ARCHIVES,7,Roof,SM_FC_Roof_BioDome_12x12,-94091.32,0.0,5830.55,800.0,180.0,300.0
749,4,ZONE_FACULTY_ARCHIVES,0,Foundation,SM_FC_Foundation_SlopeCompensated_12x12,-94091.32,-1711.98,2380.56,400.0,850.0,1200.0
749,4,ZONE_FACULTY_ARCHIVES,1,GroundFloor,SM_FC_Ground_Lobby_Transit_12x12,-94091.32,-1711.98,2780.56,600.0,450.0,600.0
749,4,ZONE_FACULTY_ARCHIVES,2,IntermediateFloor,SM_FC_Mid_Academic_Lab_12x12,-94091.32,-1711.98,3380.56,400.0,320.0,400.0
749,4,ZONE_FACULTY_ARCHIVES,3,IntermediateFloor,SM_FC_Mid_Faculty_Chambers_12x12,-94091.32,-1711.98,3780.56,400.0,280.0,400.0
749,4,ZONE_FACULTY_ARCHIVES,4,IntermediateFloor,SM_FC_Mid_Academic_Lab_12x12,-94091.32,-1711.98,4180.56,400.0,320.0,400.0
749,4,ZONE_FACULTY_ARCHIVES,5,IntermediateFloor,SM_FC_Mid_Faculty_Chambers_12x12,-94091.32,-1711.98,4580.56,400.0,280.0,400.0
749,4,ZONE_FACULTY_ARCHIVES,6,IntermediateFloor,SM_FC_Mid_Academic_Lab_12x12,-94091.32,-1711.98,4980.56,400.0,320.0,400.0
749,4,ZONE_FACULTY_ARCHIVES,7,IntermediateFloor,SM_FC_Mid_Faculty_Chambers_12x12,-94091.32,-1711.98,5380.56,400.0,280.0,400.0
749,4,ZONE_FACULTY_ARCHIVES,8,Roof,SM_FC_Roof_BioDome_12x12,-94091.32,-1711.98,5780.56,800.0,180.0,300.0
750,4,ZONE_FACULTY_ARCHIVES,0,Foundation,SM_FC_Foundation_SlopeCompensated_12x12,-94091.32,-3423.95,1643.64,400.0,850.0,1200.0
750,4,ZONE_FACULTY_ARCHIVES,1,GroundFloor,SM_FC_Ground_Lobby_Transit_12x12,-94091.32,-3423.95,2043.64,600.0,450.0,600.0
750,4,ZONE_FACULTY_ARCHIVES,2,IntermediateFloor,SM_FC_Mid_Academic_Lab_12x12,-94091.32,-3423.95,2643.64,400.0,320.0,400.0
750,4,ZONE_FACULTY_ARCHIVES,3,IntermediateFloor,SM_FC_Mid_Faculty_Chambers_12x12,-94091.32,-3423.95,3043.64,400.0,280.0,400.0
750,4,ZONE_FACULTY_ARCHIVES,4,IntermediateFloor,SM_FC_Mid_Academic_Lab_12x12,-94091.32,-3423.95,3443.64,400.0,320.0,400.0
750,4,ZONE_FACULTY_ARCHIVES,5,IntermediateFloor,SM_FC_Mid_Faculty_Chambers_12x12,-94091.32,-3423.95,3843.64,400.0,280.0,400.0
750,4,ZONE_FACULTY_ARCHIVES,6,IntermediateFloor,SM_FC_Mid_Academic_Lab_12x12,-94091.32,-3423.95,4243.64,400.0,320.0,400.0
750,4,ZONE_FACULTY_ARCHIVES,7,IntermediateFloor,SM_FC_Mid_Faculty_Chambers_12x12,-94091.32,-3423.95,4643.64,400.0,280.0,400.0
750,4,ZONE_FACULTY_ARCHIVES,8,Roof,SM_FC_Roof_BioDome_12x12,-94091.32,-3423.95,5043.64,800.0,180.0,300.0
751,4,ZONE_HARBOR_BERTH,0,Foundation,SM_FC_Foundation_SlopeCompensated_12x12,-97254.97,2172.54,1457.44,400.0,850.0,1200.0
751,4,ZONE_HARBOR_BERTH,1,GroundFloor,SM_FC_Harbor_Submersible_Berth,-97254.97,2172.54,1857.44,300.0,600.0,900.0
751,4,ZONE_HARBOR_BERTH,2,Roof,SM_FC_Roof_BioDome_12x12,-97254.97,2172.54,2157.44,800.0,180.0,300.0
752,4,ZONE_HARBOR_BERTH,0,Foundation,SM_FC_Foundation_SlopeCompensated_12x12,-97254.97,869.02,1843.94,400.0,850.0,1200.0
752,4,ZONE_HARBOR_BERTH,1,GroundFloor,SM_FC_Harbor_Submersible_Berth,-97254.97,869.02,2243.94,300.0,600.0,900.0
752,4,ZONE_HARBOR_BERTH,2,Roof,SM_FC_Roof_BioDome_12x12,-97254.97,869.02,2543.94,800.0,180.0,300.0
753,4,ZONE_HARBOR_BERTH,0,Foundation,SM_FC_Foundation_SlopeCompensated_12x12,-97254.97,-434.51,1935.68,400.0,850.0,1200.0
753,4,ZONE_HARBOR_BERTH,1,GroundFloor,SM_FC_Harbor_Submersible_Berth,-97254.97,-434.51,2335.68,300.0,600.0,900.0
753,4,ZONE_HARBOR_BERTH,2,Roof,SM_FC_Roof_BioDome_12x12,-97254.97,-434.51,2635.68,800.0,180.0,300.0
754,4,ZONE_HARBOR_BERTH,0,Foundation,SM_FC_Foundation_SlopeCompensated_12x12,-97254.97,-1738.03,1604.83,400.0,850.0,1200.0
754,4,ZONE_HARBOR_BERTH,1,GroundFloor,SM_FC_Harbor_Submersible_Berth,-97254.97,-1738.03,2004.83,300.0,600.0,900.0
754,4,ZONE_HARBOR_BERTH,2,Roof,SM_FC_Roof_BioDome_12x12,-97254.97,-1738.03,2304.83,800.0,180.0,300.0
755,4,ZONE_HARBOR_BERTH,0,Foundation,SM_FC_Foundation_SlopeCompensated_12x12,-97254.97,-3041.56,1107.01,400.0,850.0,1200.0
755,4,ZONE_HARBOR_BERTH,1,GroundFloor,SM_FC_Harbor_Submersible_Berth,-97254.97,-3041.56,1507.01,300.0,600.0,900.0
755,4,ZONE_HARBOR_BERTH,2,Roof,SM_FC_Roof_BioDome_12x12,-97254.97,-3041.56,1807.01,800.0,180.0,300.0
756,4,ZONE_HARBOR_BERTH,0,Foundation,SM_FC_Foundation_SlopeCompensated_12x12,-100418.62,2140.79,785.44,400.0,850.0,1200.0
756,4,ZONE_HARBOR_BERTH,1,GroundFloor,SM_FC_Harbor_Submersible_Berth,-100418.62,2140.79,1185.44,300.0,600.0,900.0
756,4,ZONE_HARBOR_BERTH,2,Roof,SM_FC_Roof_BioDome_12x12,-100418.62,2140.79,1485.44,800.0,180.0,300.0
757,4,ZONE_HARBOR_BERTH,0,Foundation,SM_FC_Foundation_SlopeCompensated_12x12,-100418.62,1223.31,1029.72,400.0,850.0,1200.0
757,4,ZONE_HARBOR_BERTH,1,GroundFloor,SM_FC_Harbor_Submersible_Berth,-100418.62,1223.31,1429.72,300.0,600.0,900.0
757,4,ZONE_HARBOR_BERTH,2,Roof,SM_FC_Roof_BioDome_12x12,-100418.62,1223.31,1729.72,800.0,180.0,300.0
758,4,ZONE_HARBOR_BERTH,0,Foundation,SM_FC_Foundation_SlopeCompensated_12x12,-100418.62,305.83,1195.14,400.0,850.0,1200.0
758,4,ZONE_HARBOR_BERTH,1,GroundFloor,SM_FC_Harbor_Submersible_Berth,-100418.62,305.83,1595.14,300.0,600.0,900.0
758,4,ZONE_HARBOR_BERTH,2,Roof,SM_FC_Roof_BioDome_12x12,-100418.62,305.83,1895.14,800.0,180.0,300.0
759,4,ZONE_HARBOR_BERTH,0,Foundation,SM_FC_Foundation_SlopeCompensated_12x12,-100418.62,-611.66,1148.76,400.0,850.0,1200.0
759,4,ZONE_HARBOR_BERTH,1,GroundFloor,SM_FC_Harbor_Submersible_Berth,-100418.62,-611.66,1548.76,300.0,600.0,900.0
759,4,ZONE_HARBOR_BERTH,2,Roof,SM_FC_Roof_BioDome_12x12,-100418.62,-611.66,1848.76,800.0,180.0,300.0
760,4,ZONE_HARBOR_BERTH,0,Foundation,SM_FC_Foundation_SlopeCompensated_12x12,-100418.62,-1529.14,957.06,400.0,850.0,1200.0
760,4,ZONE_HARBOR_BERTH,1,GroundFloor,SM_FC_Harbor_Submersible_Berth,-100418.62,-1529.14,1357.06,300.0,600.0,900.0
760,4,ZONE_HARBOR_BERTH,2,Roof,SM_FC_Roof_BioDome_12x12,-100418.62,-1529.14,1657.06,800.0,180.0,300.0
761,4,ZONE_HARBOR_BERTH,0,Foundation,SM_FC_Foundation_SlopeCompensated_12x12,-103582.28,1120.07,461.44,400.0,850.0,1200.0
761,4,ZONE_HARBOR_BERTH,1,GroundFloor,SM_FC_Harbor_Submersible_Berth,-103582.28,1120.07,861.44,300.0,600.0,900.0
761,4,ZONE_HARBOR_BERTH,2,Roof,SM_FC_Roof_BioDome_12x12,-103582.28,1120.07,1161.44,800.0,180.0,300.0
762,4,ZONE_HARBOR_BERTH,0,Foundation,SM_FC_Foundation_SlopeCompensated_12x12,-103582.28,560.03,537.69,400.0,850.0,1200.0
762,4,ZONE_HARBOR_BERTH,1,GroundFloor,SM_FC_Harbor_Submersible_Berth,-103582.28,560.03,937.69,300.0,600.0,900.0
762,4,ZONE_HARBOR_BERTH,2,Roof,SM_FC_Roof_BioDome_12x12,-103582.28,560.03,1237.69,800.0,180.0,300.0
763,4,ZONE_HARBOR_BERTH,0,Foundation,SM_FC_Foundation_SlopeCompensated_12x12,-103582.28,0.0,588.11,400.0,850.0,1200.0
763,4,ZONE_HARBOR_BERTH,1,GroundFloor,SM_FC_Harbor_Submersible_Berth,-103582.28,0.0,988.11,300.0,600.0,900.0
763,4,ZONE_HARBOR_BERTH,2,Roof,SM_FC_Roof_BioDome_12x12,-103582.28,0.0,1288.11,800.0,180.0,300.0
764,4,ZONE_HARBOR_BERTH,0,Foundation,SM_FC_Foundation_SlopeCompensated_12x12,-103582.28,-560.03,537.69,400.0,850.0,1200.0
764,4,ZONE_HARBOR_BERTH,1,GroundFloor,SM_FC_Harbor_Submersible_Berth,-103582.28,-560.03,937.69,300.0,600.0,900.0
764,4,ZONE_HARBOR_BERTH,2,Roof,SM_FC_Roof_BioDome_12x12,-103582.28,-560.03,1237.69,800.0,180.0,300.0
765,4,ZONE_HARBOR_BERTH,0,Foundation,SM_FC_Foundation_SlopeCompensated_12x12,-103582.28,-1120.07,461.44,400.0,850.0,1200.0
765,4,ZONE_HARBOR_BERTH,1,GroundFloor,SM_FC_Harbor_Submersible_Berth,-103582.28,-1120.07,861.44,300.0,600.0,900.0
765,4,ZONE_HARBOR_BERTH,2,Roof,SM_FC_Roof_BioDome_12x12,-103582.28,-1120.07,1161.44,800.0,180.0,300.0
766,4,ZONE_HARBOR_BERTH,0,Foundation,SM_FC_Foundation_SlopeCompensated_12x12,-106745.93,402.99,138.99,400.0,850.0,1200.0
766,4,ZONE_HARBOR_BERTH,1,GroundFloor,SM_FC_Harbor_Submersible_Berth,-106745.93,402.99,538.99,300.0,600.0,900.0
766,4,ZONE_HARBOR_BERTH,2,Roof,SM_FC_Roof_BioDome_12x12,-106745.93,402.99,838.99,800.0,180.0,300.0
767,4,ZONE_HARBOR_BERTH,0,Foundation,SM_FC_Foundation_SlopeCompensated_12x12,-106745.93,161.2,149.62,400.0,850.0,1200.0
767,4,ZONE_HARBOR_BERTH,1,GroundFloor,SM_FC_Harbor_Submersible_Berth,-106745.93,161.2,549.62,300.0,600.0,900.0
767,4,ZONE_HARBOR_BERTH,2,Roof,SM_FC_Roof_BioDome_12x12,-106745.93,161.2,849.62,800.0,180.0,300.0
768,4,ZONE_HARBOR_BERTH,0,Foundation,SM_FC_Foundation_SlopeCompensated_12x12,-106745.93,-80.6,152.38,400.0,850.0,1200.0
768,4,ZONE_HARBOR_BERTH,1,GroundFloor,SM_FC_Harbor_Submersible_Berth,-106745.93,-80.6,552.38,300.0,600.0,900.0
768,4,ZONE_HARBOR_BERTH,2,Roof,SM_FC_Roof_BioDome_12x12,-106745.93,-80.6,852.38,800.0,180.0,300.0
769,4,ZONE_HARBOR_BERTH,0,Foundation,SM_FC_Foundation_SlopeCompensated_12x12,-106745.93,-322.39,142.93,400.0,850.0,1200.0
769,4,ZONE_HARBOR_BERTH,1,GroundFloor,SM_FC_Harbor_Submersible_Berth,-106745.93,-322.39,542.93,300.0,600.0,900.0
769,4,ZONE_HARBOR_BERTH,2,Roof,SM_FC_Roof_BioDome_12x12,-106745.93,-322.39,842.93,800.0,180.0,300.0
770,4,ZONE_HARBOR_BERTH,0,Foundation,SM_FC_Foundation_SlopeCompensated_12x12,-106745.93,-564.19,129.94,400.0,850.0,1200.0
770,4,ZONE_HARBOR_BERTH,1,GroundFloor,SM_FC_Harbor_Submersible_Berth,-106745.93,-564.19,529.94,300.0,600.0,900.0
770,4,ZONE_HARBOR_BERTH,2,Roof,SM_FC_Roof_BioDome_12x12,-106745.93,-564.19,829.94,800.0,180.0,300.0
771,4,ZONE_HARBOR_BERTH,0,Foundation,SM_FC_Foundation_SlopeCompensated_12x12,-109909.58,0.0,0.0,400.0,850.0,1200.0
771,4,ZONE_HARBOR_BERTH,1,GroundFloor,SM_FC_Harbor_Submersible_Berth,-109909.58,0.0,400.0,300.0,600.0,900.0
771,4,ZONE_HARBOR_BERTH,2,Roof,SM_FC_Roof_BioDome_12x12,-109909.58,0.0,700.0,800.0,180.0,300.0
772,4,ZONE_HARBOR_BERTH,0,Foundation,SM_FC_Foundation_SlopeCompensated_12x12,-109909.58,0.0,0.0,400.0,850.0,1200.0
772,4,ZONE_HARBOR_BERTH,1,GroundFloor,SM_FC_Harbor_Submersible_Berth,-109909.58,0.0,400.0,300.0,600.0,900.0
772,4,ZONE_HARBOR_BERTH,2,Roof,SM_FC_Roof_BioDome_12x12,-109909.58,0.0,700.0,800.0,180.0,300.0
773,4,ZONE_HARBOR_BERTH,0,Foundation,SM_FC_Foundation_SlopeCompensated_12x12,-109909.58,0.0,0.0,400.0,850.0,1200.0
773,4,ZONE_HARBOR_BERTH,1,GroundFloor,SM_FC_Harbor_Submersible_Berth,-109909.58,0.0,400.0,300.0,600.0,900.0
773,4,ZONE_HARBOR_BERTH,2,Roof,SM_FC_Roof_BioDome_12x12,-109909.58,0.0,700.0,800.0,180.0,300.0
774,4,ZONE_HARBOR_BERTH,0,Foundation,SM_FC_Foundation_SlopeCompensated_12x12,-109909.58,0.0,0.0,400.0,850.0,1200.0
774,4,ZONE_HARBOR_BERTH,1,GroundFloor,SM_FC_Harbor_Submersible_Berth,-109909.58,0.0,400.0,300.0,600.0,900.0
774,4,ZONE_HARBOR_BERTH,2,Roof,SM_FC_Roof_BioDome_12x12,-109909.58,0.0,700.0,800.0,180.0,300.0
775,4,ZONE_HARBOR_BERTH,0,Foundation,SM_FC_Foundation_SlopeCompensated_12x12,-109909.58,0.0,0.0,400.0,850.0,1200.0
775,4,ZONE_HARBOR_BERTH,1,GroundFloor,SM_FC_Harbor_Submersible_Berth,-109909.58,0.0,400.0,300.0,600.0,900.0
775,4,ZONE_HARBOR_BERTH,2,Roof,SM_FC_Roof_BioDome_12x12,-109909.58,0.0,700.0,800.0,180.0,300.0
776,5,ZONE_FACULTY_ABYSSAL,0,Foundation,SM_FC_Foundation_SlopeCompensated_12x12,-10606.6,-10606.6,0.0,400.0,850.0,1200.0
776,5,ZONE_FACULTY_ABYSSAL,1,GroundFloor,SM_FC_Ground_Lobby_Transit_12x12,-10606.6,-10606.6,400.0,600.0,450.0,600.0
776,5,ZONE_FACULTY_ABYSSAL,2,IntermediateFloor,SM_FC_Mid_Academic_Lab_12x12,-10606.6,-10606.6,1000.0,400.0,320.0,400.0
776,5,ZONE_FACULTY_ABYSSAL,3,IntermediateFloor,SM_FC_Mid_Faculty_Chambers_12x12,-10606.6,-10606.6,1400.0,400.0,280.0,400.0
776,5,ZONE_FACULTY_ABYSSAL,4,Roof,SM_FC_Roof_SolarObservatory_12x12,-10606.6,-10606.6,1800.0,500.0,140.0,250.0
777,5,ZONE_FACULTY_ABYSSAL,0,Foundation,SM_FC_Foundation_SlopeCompensated_12x12,-10606.6,-10606.6,0.0,400.0,850.0,1200.0
777,5,ZONE_FACULTY_ABYSSAL,1,GroundFloor,SM_FC_Ground_Lobby_Transit_12x12,-10606.6,-10606.6,400.0,600.0,450.0,600.0
777,5,ZONE_FACULTY_ABYSSAL,2,IntermediateFloor,SM_FC_Mid_Academic_Lab_12x12,-10606.6,-10606.6,1000.0,400.0,320.0,400.0
777,5,ZONE_FACULTY_ABYSSAL,3,IntermediateFloor,SM_FC_Mid_Faculty_Chambers_12x12,-10606.6,-10606.6,1400.0,400.0,280.0,400.0
777,5,ZONE_FACULTY_ABYSSAL,4,IntermediateFloor,SM_FC_Mid_Academic_Lab_12x12,-10606.6,-10606.6,1800.0,400.0,320.0,400.0
777,5,ZONE_FACULTY_ABYSSAL,5,IntermediateFloor,SM_FC_Mid_Faculty_Chambers_12x12,-10606.6,-10606.6,2200.0,400.0,280.0,400.0
777,5,ZONE_FACULTY_ABYSSAL,6,Roof,SM_FC_Roof_SolarObservatory_12x12,-10606.6,-10606.6,2600.0,500.0,140.0,250.0
778,5,ZONE_FACULTY_ABYSSAL,0,Foundation,SM_FC_Foundation_SlopeCompensated_12x12,-10606.6,-10606.6,0.0,400.0,850.0,1200.0
778,5,ZONE_FACULTY_ABYSSAL,1,GroundFloor,SM_FC_Ground_Lobby_Transit_12x12,-10606.6,-10606.6,400.0,600.0,450.0,600.0
778,5,ZONE_FACULTY_ABYSSAL,2,IntermediateFloor,SM_FC_Mid_Academic_Lab_12x12,-10606.6,-10606.6,1000.0,400.0,320.0,400.0
778,5,ZONE_FACULTY_ABYSSAL,3,IntermediateFloor,SM_FC_Mid_Faculty_Chambers_12x12,-10606.6,-10606.6,1400.0,400.0,280.0,400.0
778,5,ZONE_FACULTY_ABYSSAL,4,Roof,SM_FC_Roof_SolarObservatory_12x12,-10606.6,-10606.6,1800.0,500.0,140.0,250.0
779,5,ZONE_FACULTY_ABYSSAL,0,Foundation,SM_FC_Foundation_SlopeCompensated_12x12,-10606.6,-10606.6,0.0,400.0,850.0,1200.0
779,5,ZONE_FACULTY_ABYSSAL,1,GroundFloor,SM_FC_Ground_Lobby_Transit_12x12,-10606.6,-10606.6,400.0,600.0,450.0,600.0
779,5,ZONE_FACULTY_ABYSSAL,2,IntermediateFloor,SM_FC_Mid_Academic_Lab_12x12,-10606.6,-10606.6,1000.0,400.0,320.0,400.0
779,5,ZONE_FACULTY_ABYSSAL,3,IntermediateFloor,SM_FC_Mid_Faculty_Chambers_12x12,-10606.6,-10606.6,1400.0,400.0,280.0,400.0
779,5,ZONE_FACULTY_ABYSSAL,4,IntermediateFloor,SM_FC_Mid_Academic_Lab_12x12,-10606.6,-10606.6,1800.0,400.0,320.0,400.0
779,5,ZONE_FACULTY_ABYSSAL,5,IntermediateFloor,SM_FC_Mid_Faculty_Chambers_12x12,-10606.6,-10606.6,2200.0,400.0,280.0,400.0
779,5,ZONE_FACULTY_ABYSSAL,6,Roof,SM_FC_Roof_SolarObservatory_12x12,-10606.6,-10606.6,2600.0,500.0,140.0,250.0
780,5,ZONE_FACULTY_ABYSSAL,0,Foundation,SM_FC_Foundation_SlopeCompensated_12x12,-10606.6,-10606.6,0.0,400.0,850.0,1200.0
780,5,ZONE_FACULTY_ABYSSAL,1,GroundFloor,SM_FC_Ground_Lobby_Transit_12x12,-10606.6,-10606.6,400.0,600.0,450.0,600.0
780,5,ZONE_FACULTY_ABYSSAL,2,IntermediateFloor,SM_FC_Mid_Academic_Lab_12x12,-10606.6,-10606.6,1000.0,400.0,320.0,400.0
780,5,ZONE_FACULTY_ABYSSAL,3,IntermediateFloor,SM_FC_Mid_Faculty_Chambers_12x12,-10606.6,-10606.6,1400.0,400.0,280.0,400.0
780,5,ZONE_FACULTY_ABYSSAL,4,IntermediateFloor,SM_FC_Mid_Academic_Lab_12x12,-10606.6,-10606.6,1800.0,400.0,320.0,400.0
780,5,ZONE_FACULTY_ABYSSAL,5,IntermediateFloor,SM_FC_Mid_Faculty_Chambers_12x12,-10606.6,-10606.6,2200.0,400.0,280.0,400.0
780,5,ZONE_FACULTY_ABYSSAL,6,Roof,SM_FC_Roof_SolarObservatory_12x12,-10606.6,-10606.6,2600.0,500.0,140.0,250.0
781,5,ZONE_FACULTY_ABYSSAL,0,Foundation,SM_FC_Foundation_SlopeCompensated_12x12,-14921.69,-10765.6,185.31,400.0,850.0,1200.0
781,5,ZONE_FACULTY_ABYSSAL,1,GroundFloor,SM_FC_Ground_Lobby_Transit_12x12,-14921.69,-10765.6,585.31,600.0,450.0,600.0
781,5,ZONE_FACULTY_ABYSSAL,2,IntermediateFloor,SM_FC_Mid_Academic_Lab_12x12,-14921.69,-10765.6,1185.31,400.0,320.0,400.0
781,5,ZONE_FACULTY_ABYSSAL,3,Roof,SM_FC_Roof_SolarObservatory_12x12,-14921.69,-10765.6,1585.31,500.0,140.0,250.0
782,5,ZONE_FACULTY_ABYSSAL,0,Foundation,SM_FC_Foundation_SlopeCompensated_12x12,-13674.86,-12012.42,495.44,400.0,850.0,1200.0
782,5,ZONE_FACULTY_ABYSSAL,1,GroundFloor,SM_FC_Ground_Lobby_Transit_12x12,-13674.86,-12012.42,895.44,600.0,450.0,600.0
782,5,ZONE_FACULTY_ABYSSAL,2,IntermediateFloor,SM_FC_Mid_Academic_Lab_12x12,-13674.86,-12012.42,1495.44,400.0,320.0,400.0
782,5,ZONE_FACULTY_ABYSSAL,3,IntermediateFloor,SM_FC_Mid_Faculty_Chambers_12x12,-13674.86,-12012.42,1895.44,400.0,280.0,400.0
782,5,ZONE_FACULTY_ABYSSAL,4,IntermediateFloor,SM_FC_Mid_Academic_Lab_12x12,-13674.86,-12012.42,2295.44,400.0,320.0,400.0
782,5,ZONE_FACULTY_ABYSSAL,5,Roof,SM_FC_Roof_SolarObservatory_12x12,-13674.86,-12012.42,2695.44,500.0,140.0,250.0
783,5,ZONE_FACULTY_ABYSSAL,0,Foundation,SM_FC_Foundation_SlopeCompensated_12x12,-12428.03,-13259.25,575.95,400.0,850.0,1200.0
783,5,ZONE_FACULTY_ABYSSAL,1,GroundFloor,SM_FC_Ground_Lobby_Transit_12x12,-12428.03,-13259.25,975.95,600.0,450.0,600.0
783,5,ZONE_FACULTY_ABYSSAL,2,IntermediateFloor,SM_FC_Mid_Academic_Lab_12x12,-12428.03,-13259.25,1575.95,400.0,320.0,400.0
783,5,ZONE_FACULTY_ABYSSAL,3,IntermediateFloor,SM_FC_Mid_Faculty_Chambers_12x12,-12428.03,-13259.25,1975.95,400.0,280.0,400.0
783,5,ZONE_FACULTY_ABYSSAL,4,IntermediateFloor,SM_FC_Mid_Academic_Lab_12x12,-12428.03,-13259.25,2375.95,400.0,320.0,400.0
783,5,ZONE_FACULTY_ABYSSAL,5,IntermediateFloor,SM_FC_Mid_Faculty_Chambers_12x12,-12428.03,-13259.25,2775.95,400.0,280.0,400.0
783,5,ZONE_FACULTY_ABYSSAL,6,IntermediateFloor,SM_FC_Mid_Academic_Lab_12x12,-12428.03,-13259.25,3175.95,400.0,320.0,400.0
783,5,ZONE_FACULTY_ABYSSAL,7,IntermediateFloor,SM_FC_Mid_Faculty_Chambers_12x12,-12428.03,-13259.25,3575.95,400.0,280.0,400.0
783,5,ZONE_FACULTY_ABYSSAL,8,Roof,SM_FC_Roof_SolarObservatory_12x12,-12428.03,-13259.25,3975.95,500.0,140.0,250.0
784,5,ZONE_FACULTY_ABYSSAL,0,Foundation,SM_FC_Foundation_SlopeCompensated_12x12,-11181.2,-14506.08,300.12,400.0,850.0,1200.0
784,5,ZONE_FACULTY_ABYSSAL,1,GroundFloor,SM_FC_Ground_Lobby_Transit_12x12,-11181.2,-14506.08,700.12,600.0,450.0,600.0
784,5,ZONE_FACULTY_ABYSSAL,2,IntermediateFloor,SM_FC_Mid_Academic_Lab_12x12,-11181.2,-14506.08,1300.12,400.0,320.0,400.0
784,5,ZONE_FACULTY_ABYSSAL,3,IntermediateFloor,SM_FC_Mid_Faculty_Chambers_12x12,-11181.2,-14506.08,1700.12,400.0,280.0,400.0
784,5,ZONE_FACULTY_ABYSSAL,4,Roof,SM_FC_Roof_SolarObservatory_12x12,-11181.2,-14506.08,2100.12,500.0,140.0,250.0
785,5,ZONE_FACULTY_ABYSSAL,0,Foundation,SM_FC_Foundation_SlopeCompensated_12x12,-9934.38,-15752.91,-78.61,400.0,850.0,1200.0
785,5,ZONE_FACULTY_ABYSSAL,1,GroundFloor,SM_FC_Ground_Lobby_Transit_12x12,-9934.38,-15752.91,321.39,600.0,450.0,600.0
785,5,ZONE_FACULTY_ABYSSAL,2,IntermediateFloor,SM_FC_Mid_Academic_Lab_12x12,-9934.38,-15752.91,921.39,400.0,320.0,400.0
785,5,ZONE_FACULTY_ABYSSAL,3,IntermediateFloor,SM_FC_Mid_Faculty_Chambers_12x12,-9934.38,-15752.91,1321.39,400.0,280.0,400.0
785,5,ZONE_FACULTY_ABYSSAL,4,IntermediateFloor,SM_FC_Mid_Academic_Lab_12x12,-9934.38,-15752.91,1721.39,400.0,320.0,400.0
785,5,ZONE_FACULTY_ABYSSAL,5,IntermediateFloor,SM_FC_Mid_Faculty_Chambers_12x12,-9934.38,-15752.91,2121.39,400.0,280.0,400.0
785,5,ZONE_FACULTY_ABYSSAL,6,Roof,SM_FC_Roof_SolarObservatory_12x12,-9934.38,-15752.91,2521.39,500.0,140.0,250.0
786,5,ZONE_FACULTY_ABYSSAL,0,Foundation,SM_FC_Foundation_SlopeCompensated_12x12,-18739.73,-11421.64,-181.81,400.0,850.0,1200.0
786,5,ZONE_FACULTY_ABYSSAL,1,GroundFloor,SM_FC_Ground_Lobby_Transit_12x12,-18739.73,-11421.64,218.19,600.0,450.0,600.0
786,5,ZONE_FACULTY_ABYSSAL,2,IntermediateFloor,SM_FC_Mid_Academic_Lab_12x12,-18739.73,-11421.64,818.19,400.0,320.0,400.0
786,5,ZONE_FACULTY_ABYSSAL,3,Roof,SM_FC_Roof_SolarObservatory_12x12,-18739.73,-11421.64,1218.19,500.0,140.0,250.0
787,5,ZONE_FACULTY_ABYSSAL,0,Foundation,SM_FC_Foundation_SlopeCompensated_12x12,-17171.57,-12989.8,490.62,400.0,850.0,1200.0
787,5,ZONE_FACULTY_ABYSSAL,1,GroundFloor,SM_FC_Ground_Lobby_Transit_12x12,-17171.57,-12989.8,890.62,600.0,450.0,600.0
787,5,ZONE_FACULTY_ABYSSAL,2,IntermediateFloor,SM_FC_Mid_Academic_Lab_12x12,-17171.57,-12989.8,1490.62,400.0,320.0,400.0
787,5,ZONE_FACULTY_ABYSSAL,3,IntermediateFloor,SM_FC_Mid_Faculty_Chambers_12x12,-17171.57,-12989.8,1890.62,400.0,280.0,400.0
787,5,ZONE_FACULTY_ABYSSAL,4,IntermediateFloor,SM_FC_Mid_Academic_Lab_12x12,-17171.57,-12989.8,2290.62,400.0,320.0,400.0
787,5,ZONE_FACULTY_ABYSSAL,5,IntermediateFloor,SM_FC_Mid_Faculty_Chambers_12x12,-17171.57,-12989.8,2690.62,400.0,280.0,400.0
787,5,ZONE_FACULTY_ABYSSAL,6,IntermediateFloor,SM_FC_Mid_Academic_Lab_12x12,-17171.57,-12989.8,3090.62,400.0,320.0,400.0
787,5,ZONE_FACULTY_ABYSSAL,7,IntermediateFloor,SM_FC_Mid_Faculty_Chambers_12x12,-17171.57,-12989.8,3490.62,400.0,280.0,400.0
787,5,ZONE_FACULTY_ABYSSAL,8,Roof,SM_FC_Roof_SolarObservatory_12x12,-17171.57,-12989.8,3890.62,500.0,140.0,250.0
788,5,ZONE_FACULTY_ABYSSAL,0,Foundation,SM_FC_Foundation_SlopeCompensated_12x12,-15603.4,-14557.96,958.39,400.0,850.0,1200.0
788,5,ZONE_FACULTY_ABYSSAL,1,GroundFloor,SM_FC_Ground_Lobby_Transit_12x12,-15603.4,-14557.96,1358.39,600.0,450.0,600.0
788,5,ZONE_FACULTY_ABYSSAL,2,IntermediateFloor,SM_FC_Mid_Academic_Lab_12x12,-15603.4,-14557.96,1958.39,400.0,320.0,400.0
788,5,ZONE_FACULTY_ABYSSAL,3,IntermediateFloor,SM_FC_Mid_Faculty_Chambers_12x12,-15603.4,-14557.96,2358.39,400.0,280.0,400.0
788,5,ZONE_FACULTY_ABYSSAL,4,IntermediateFloor,SM_FC_Mid_Academic_Lab_12x12,-15603.4,-14557.96,2758.39,400.0,320.0,400.0
788,5,ZONE_FACULTY_ABYSSAL,5,IntermediateFloor,SM_FC_Mid_Faculty_Chambers_12x12,-15603.4,-14557.96,3158.39,400.0,280.0,400.0
788,5,ZONE_FACULTY_ABYSSAL,6,IntermediateFloor,SM_FC_Mid_Academic_Lab_12x12,-15603.4,-14557.96,3558.39,400.0,320.0,400.0
788,5,ZONE_FACULTY_ABYSSAL,7,Roof,SM_FC_Roof_SolarObservatory_12x12,-15603.4,-14557.96,3958.39,500.0,140.0,250.0
789,5,ZONE_FACULTY_ABYSSAL,0,Foundation,SM_FC_Foundation_SlopeCompensated_12x12,-14035.24,-16126.12,825.21,400.0,850.0,1200.0
789,5,ZONE_FACULTY_ABYSSAL,1,GroundFloor,SM_FC_Ground_Lobby_Transit_12x12,-14035.24,-16126.12,1225.21,600.0,450.0,600.0
789,5,ZONE_FACULTY_ABYSSAL,2,IntermediateFloor,SM_FC_Mid_Academic_Lab_12x12,-14035.24,-16126.12,1825.21,400.0,320.0,400.0
789,5,ZONE_FACULTY_ABYSSAL,3,IntermediateFloor,SM_FC_Mid_Faculty_Chambers_12x12,-14035.24,-16126.12,2225.21,400.0,280.0,400.0
789,5,ZONE_FACULTY_ABYSSAL,4,Roof,SM_FC_Roof_SolarObservatory_12x12,-14035.24,-16126.12,2625.21,500.0,140.0,250.0
790,5,ZONE_FACULTY_ABYSSAL,0,Foundation,SM_FC_Foundation_SlopeCompensated_12x12,-12467.08,-17694.29,289.22,400.0,850.0,1200.0
790,5,ZONE_FACULTY_ABYSSAL,1,GroundFloor,SM_FC_Ground_Lobby_Transit_12x12,-12467.08,-17694.29,689.22,600.0,450.0,600.0
790,5,ZONE_FACULTY_ABYSSAL,2,IntermediateFloor,SM_FC_Mid_Academic_Lab_12x12,-12467.08,-17694.29,1289.22,400.0,320.0,400.0
790,5,ZONE_FACULTY_ABYSSAL,3,Roof,SM_FC_Roof_SolarObservatory_12x12,-12467.08,-17694.29,1689.22,500.0,140.0,250.0
791,5,ZONE_FACULTY_ABYSSAL,0,Foundation,SM_FC_Foundation_SlopeCompensated_12x12,-21096.72,-13538.73,62.37,400.0,850.0,1200.0
791,5,ZONE_FACULTY_ABYSSAL,1,GroundFloor,SM_FC_Ground_Lobby_Transit_12x12,-21096.72,-13538.73,462.37,600.0,450.0,600.0
791,5,ZONE_FACULTY_ABYSSAL,2,IntermediateFloor,SM_FC_Mid_Academic_Lab_12x12,-21096.72,-13538.73,1062.37,400.0,320.0,400.0
791,5,ZONE_FACULTY_ABYSSAL,3,IntermediateFloor,SM_FC_Mid_Faculty_Chambers_12x12,-21096.72,-13538.73,1462.37,400.0,280.0,400.0
791,5,ZONE_FACULTY_ABYSSAL,4,IntermediateFloor,SM_FC_Mid_Academic_Lab_12x12,-21096.72,-13538.73,1862.37,400.0,320.0,400.0
791,5,ZONE_FACULTY_ABYSSAL,5,IntermediateFloor,SM_FC_Mid_Faculty_Chambers_12x12,-21096.72,-13538.73,2262.37,400.0,280.0,400.0
791,5,ZONE_FACULTY_ABYSSAL,6,IntermediateFloor,SM_FC_Mid_Academic_Lab_12x12,-21096.72,-13538.73,2662.37,400.0,320.0,400.0
791,5,ZONE_FACULTY_ABYSSAL,7,IntermediateFloor,SM_FC_Mid_Faculty_Chambers_12x12,-21096.72,-13538.73,3062.37,400.0,280.0,400.0
791,5,ZONE_FACULTY_ABYSSAL,8,Roof,SM_FC_Roof_SolarObservatory_12x12,-21096.72,-13538.73,3462.37,500.0,140.0,250.0
792,5,ZONE_FACULTY_ABYSSAL,0,Foundation,SM_FC_Foundation_SlopeCompensated_12x12,-19207.22,-15428.22,903.19,400.0,850.0,1200.0
792,5,ZONE_FACULTY_ABYSSAL,1,GroundFloor,SM_FC_Ground_Lobby_Transit_12x12,-19207.22,-15428.22,1303.19,600.0,450.0,600.0
792,5,ZONE_FACULTY_ABYSSAL,2,IntermediateFloor,SM_FC_Mid_Academic_Lab_12x12,-19207.22,-15428.22,1903.19,400.0,320.0,400.0
792,5,ZONE_FACULTY_ABYSSAL,3,IntermediateFloor,SM_FC_Mid_Faculty_Chambers_12x12,-19207.22,-15428.22,2303.19,400.0,280.0,400.0
792,5,ZONE_FACULTY_ABYSSAL,4,Roof,SM_FC_Roof_SolarObservatory_12x12,-19207.22,-15428.22,2703.19,500.0,140.0,250.0
793,5,ZONE_FACULTY_ABYSSAL,0,Foundation,SM_FC_Foundation_SlopeCompensated_12x12,-17317.72,-17317.72,1439.83,400.0,850.0,1200.0
793,5,ZONE_FACULTY_ABYSSAL,1,GroundFloor,SM_FC_Ground_Lobby_Transit_12x12,-17317.72,-17317.72,1839.83,600.0,450.0,600.0
793,5,ZONE_FACULTY_ABYSSAL,2,IntermediateFloor,SM_FC_Mid_Academic_Lab_12x12,-17317.72,-17317.72,2439.83,400.0,320.0,400.0
793,5,ZONE_FACULTY_ABYSSAL,3,IntermediateFloor,SM_FC_Mid_Faculty_Chambers_12x12,-17317.72,-17317.72,2839.83,400.0,280.0,400.0
793,5,ZONE_FACULTY_ABYSSAL,4,IntermediateFloor,SM_FC_Mid_Academic_Lab_12x12,-17317.72,-17317.72,3239.83,400.0,320.0,400.0
793,5,ZONE_FACULTY_ABYSSAL,5,IntermediateFloor,SM_FC_Mid_Faculty_Chambers_12x12,-17317.72,-17317.72,3639.83,400.0,280.0,400.0
793,5,ZONE_FACULTY_ABYSSAL,6,Roof,SM_FC_Roof_SolarObservatory_12x12,-17317.72,-17317.72,4039.83,500.0,140.0,250.0
794,5,ZONE_FACULTY_ABYSSAL,0,Foundation,SM_FC_Foundation_SlopeCompensated_12x12,-15428.22,-19207.22,903.19,400.0,850.0,1200.0
794,5,ZONE_FACULTY_ABYSSAL,1,GroundFloor,SM_FC_Ground_Lobby_Transit_12x12,-15428.22,-19207.22,1303.19,600.0,450.0,600.0
794,5,ZONE_FACULTY_ABYSSAL,2,IntermediateFloor,SM_FC_Mid_Academic_Lab_12x12,-15428.22,-19207.22,1903.19,400.0,320.0,400.0
794,5,ZONE_FACULTY_ABYSSAL,3,Roof,SM_FC_Roof_SolarObservatory_12x12,-15428.22,-19207.22,2303.19,500.0,140.0,250.0
795,5,ZONE_FACULTY_ABYSSAL,0,Foundation,SM_FC_Foundation_SlopeCompensated_12x12,-13538.73,-21096.72,62.37,400.0,850.0,1200.0
795,5,ZONE_FACULTY_ABYSSAL,1,GroundFloor,SM_FC_Ground_Lobby_Transit_12x12,-13538.73,-21096.72,462.37,600.0,450.0,600.0
795,5,ZONE_FACULTY_ABYSSAL,2,IntermediateFloor,SM_FC_Mid_Academic_Lab_12x12,-13538.73,-21096.72,1062.37,400.0,320.0,400.0
795,5,ZONE_FACULTY_ABYSSAL,3,IntermediateFloor,SM_FC_Mid_Faculty_Chambers_12x12,-13538.73,-21096.72,1462.37,400.0,280.0,400.0
795,5,ZONE_FACULTY_ABYSSAL,4,IntermediateFloor,SM_FC_Mid_Academic_Lab_12x12,-13538.73,-21096.72,1862.37,400.0,320.0,400.0
795,5,ZONE_FACULTY_ABYSSAL,5,IntermediateFloor,SM_FC_Mid_Faculty_Chambers_12x12,-13538.73,-21096.72,2262.37,400.0,280.0,400.0
795,5,ZONE_FACULTY_ABYSSAL,6,Roof,SM_FC_Roof_SolarObservatory_12x12,-13538.73,-21096.72,2662.37,500.0,140.0,250.0
796,5,ZONE_FACULTY_ABYSSAL,0,Foundation,SM_FC_Foundation_SlopeCompensated_12x12,-23239.49,-15870.04,456.16,400.0,850.0,1200.0
796,5,ZONE_FACULTY_ABYSSAL,1,GroundFloor,SM_FC_Ground_Lobby_Transit_12x12,-23239.49,-15870.04,856.16,600.0,450.0,600.0
796,5,ZONE_FACULTY_ABYSSAL,2,IntermediateFloor,SM_FC_Mid_Academic_Lab_12x12,-23239.49,-15870.04,1456.16,400.0,320.0,400.0
796,5,ZONE_FACULTY_ABYSSAL,3,IntermediateFloor,SM_FC_Mid_Faculty_Chambers_12x12,-23239.49,-15870.04,1856.16,400.0,280.0,400.0
796,5,ZONE_FACULTY_ABYSSAL,4,IntermediateFloor,SM_FC_Mid_Academic_Lab_12x12,-23239.49,-15870.04,2256.16,400.0,320.0,400.0
796,5,ZONE_FACULTY_ABYSSAL,5,Roof,SM_FC_Roof_SolarObservatory_12x12,-23239.49,-15870.04,2656.16,500.0,140.0,250.0
797,5,ZONE_FACULTY_ABYSSAL,0,Foundation,SM_FC_Foundation_SlopeCompensated_12x12,-21028.65,-18080.87,1383.01,400.0,850.0,1200.0
797,5,ZONE_FACULTY_ABYSSAL,1,GroundFloor,SM_FC_Ground_Lobby_Transit_12x12,-21028.65,-18080.87,1783.01,600.0,450.0,600.0
797,5,ZONE_FACULTY_ABYSSAL,2,IntermediateFloor,SM_FC_Mid_Academic_Lab_12x12,-21028.65,-18080.87,2383.01,400.0,320.0,400.0
797,5,ZONE_FACULTY_ABYSSAL,3,IntermediateFloor,SM_FC_Mid_Faculty_Chambers_12x12,-21028.65,-18080.87,2783.01,400.0,280.0,400.0
797,5,ZONE_FACULTY_ABYSSAL,4,IntermediateFloor,SM_FC_Mid_Academic_Lab_12x12,-21028.65,-18080.87,3183.01,400.0,320.0,400.0
797,5,ZONE_FACULTY_ABYSSAL,5,IntermediateFloor,SM_FC_Mid_Faculty_Chambers_12x12,-21028.65,-18080.87,3583.01,400.0,280.0,400.0
797,5,ZONE_FACULTY_ABYSSAL,6,IntermediateFloor,SM_FC_Mid_Academic_Lab_12x12,-21028.65,-18080.87,3983.01,400.0,320.0,400.0
797,5,ZONE_FACULTY_ABYSSAL,7,IntermediateFloor,SM_FC_Mid_Faculty_Chambers_12x12,-21028.65,-18080.87,4383.01,400.0,280.0,400.0
797,5,ZONE_FACULTY_ABYSSAL,8,Roof,SM_FC_Roof_SolarObservatory_12x12,-21028.65,-18080.87,4783.01,500.0,140.0,250.0
798,5,ZONE_FACULTY_ABYSSAL,0,Foundation,SM_FC_Foundation_SlopeCompensated_12x12,-18817.82,-20291.71,1602.98,400.0,850.0,1200.0
798,5,ZONE_FACULTY_ABYSSAL,1,GroundFloor,SM_FC_Ground_Lobby_Transit_12x12,-18817.82,-20291.71,2002.98,600.0,450.0,600.0
798,5,ZONE_FACULTY_ABYSSAL,2,IntermediateFloor,SM_FC_Mid_Academic_Lab_12x12,-18817.82,-20291.71,2602.98,400.0,320.0,400.0
798,5,ZONE_FACULTY_ABYSSAL,3,IntermediateFloor,SM_FC_Mid_Faculty_Chambers_12x12,-18817.82,-20291.71,3002.98,400.0,280.0,400.0
798,5,ZONE_FACULTY_ABYSSAL,4,Roof,SM_FC_Roof_SolarObservatory_12x12,-18817.82,-20291.71,3402.98,500.0,140.0,250.0
799,5,ZONE_FACULTY_ABYSSAL,0,Foundation,SM_FC_Foundation_SlopeCompensated_12x12,-16606.98,-22502.54,809.6,400.0,850.0,1200.0
799,5,ZONE_FACULTY_ABYSSAL,1,GroundFloor,SM_FC_Ground_Lobby_Transit_12x12,-16606.98,-22502.54,1209.6,600.0,450.0,600.0
799,5,ZONE_FACULTY_ABYSSAL,2,IntermediateFloor,SM_FC_Mid_Academic_Lab_12x12,-16606.98,-22502.54,1809.6,400.0,320.0,400.0
799,5,ZONE_FACULTY_ABYSSAL,3,IntermediateFloor,SM_FC_Mid_Faculty_Chambers_12x12,-16606.98,-22502.54,2209.6,400.0,280.0,400.0
799,5,ZONE_FACULTY_ABYSSAL,4,IntermediateFloor,SM_FC_Mid_Academic_Lab_12x12,-16606.98,-22502.54,2609.6,400.0,320.0,400.0
799,5,ZONE_FACULTY_ABYSSAL,5,Roof,SM_FC_Roof_SolarObservatory_12x12,-16606.98,-22502.54,3009.6,500.0,140.0,250.0
800,5,ZONE_FACULTY_ABYSSAL,0,Foundation,SM_FC_Foundation_SlopeCompensated_12x12,-14396.15,-24713.37,-384.17,400.0,850.0,1200.0
800,5,ZONE_FACULTY_ABYSSAL,1,GroundFloor,SM_FC_Ground_Lobby_Transit_12x12,-14396.15,-24713.37,15.83,600.0,450.0,600.0
800,5,ZONE_FACULTY_ABYSSAL,2,IntermediateFloor,SM_FC_Mid_Academic_Lab_12x12,-14396.15,-24713.37,615.83,400.0,320.0,400.0
800,5,ZONE_FACULTY_ABYSSAL,3,IntermediateFloor,SM_FC_Mid_Faculty_Chambers_12x12,-14396.15,-24713.37,1015.83,400.0,280.0,400.0
800,5,ZONE_FACULTY_ABYSSAL,4,IntermediateFloor,SM_FC_Mid_Academic_Lab_12x12,-14396.15,-24713.37,1415.83,400.0,320.0,400.0
800,5,ZONE_FACULTY_ABYSSAL,5,IntermediateFloor,SM_FC_Mid_Faculty_Chambers_12x12,-14396.15,-24713.37,1815.83,400.0,280.0,400.0
800,5,ZONE_FACULTY_ABYSSAL,6,IntermediateFloor,SM_FC_Mid_Academic_Lab_12x12,-14396.15,-24713.37,2215.83,400.0,320.0,400.0
800,5,ZONE_FACULTY_ABYSSAL,7,IntermediateFloor,SM_FC_Mid_Faculty_Chambers_12x12,-14396.15,-24713.37,2615.83,400.0,280.0,400.0
800,5,ZONE_FACULTY_ABYSSAL,8,Roof,SM_FC_Roof_SolarObservatory_12x12,-14396.15,-24713.37,3015.83,500.0,140.0,250.0
801,5,ZONE_FACULTY_ABYSSAL,0,Foundation,SM_FC_Foundation_SlopeCompensated_12x12,-27700.2,-15883.41,-473.95,400.0,850.0,1200.0
801,5,ZONE_FACULTY_ABYSSAL,1,GroundFloor,SM_FC_Ground_Lobby_Transit_12x12,-27700.2,-15883.41,-73.95,600.0,450.0,600.0
801,5,ZONE_FACULTY_ABYSSAL,2,IntermediateFloor,SM_FC_Mid_Academic_Lab_12x12,-27700.2,-15883.41,526.05,400.0,320.0,400.0
801,5,ZONE_FACULTY_ABYSSAL,3,IntermediateFloor,SM_FC_Mid_Faculty_Chambers_12x12,-27700.2,-15883.41,926.05,400.0,280.0,400.0
801,5,ZONE_FACULTY_ABYSSAL,4,IntermediateFloor,SM_FC_Mid_Academic_Lab_12x12,-27700.2,-15883.41,1326.05,400.0,320.0,400.0
801,5,ZONE_FACULTY_ABYSSAL,5,IntermediateFloor,SM_FC_Mid_Faculty_Chambers_12x12,-27700.2,-15883.41,1726.05,400.0,280.0,400.0
801,5,ZONE_FACULTY_ABYSSAL,6,IntermediateFloor,SM_FC_Mid_Academic_Lab_12x12,-27700.2,-15883.41,2126.05,400.0,320.0,400.0
801,5,ZONE_FACULTY_ABYSSAL,7,Roof,SM_FC_Roof_SolarObservatory_12x12,-27700.2,-15883.41,2526.05,500.0,140.0,250.0
802,5,ZONE_FACULTY_ABYSSAL,0,Foundation,SM_FC_Foundation_SlopeCompensated_12x12,-25168.03,-18415.58,954.15,400.0,850.0,1200.0
802,5,ZONE_FACULTY_ABYSSAL,1,GroundFloor,SM_FC_Ground_Lobby_Transit_12x12,-25168.03,-18415.58,1354.15,600.0,450.0,600.0
802,5,ZONE_FACULTY_ABYSSAL,2,IntermediateFloor,SM_FC_Mid_Academic_Lab_12x12,-25168.03,-18415.58,1954.15,400.0,320.0,400.0
802,5,ZONE_FACULTY_ABYSSAL,3,IntermediateFloor,SM_FC_Mid_Faculty_Chambers_12x12,-25168.03,-18415.58,2354.15,400.0,280.0,400.0
802,5,ZONE_FACULTY_ABYSSAL,4,IntermediateFloor,SM_FC_Mid_Academic_Lab_12x12,-25168.03,-18415.58,2754.15,400.0,320.0,400.0
802,5,ZONE_FACULTY_ABYSSAL,5,IntermediateFloor,SM_FC_Mid_Faculty_Chambers_12x12,-25168.03,-18415.58,3154.15,400.0,280.0,400.0
802,5,ZONE_FACULTY_ABYSSAL,6,IntermediateFloor,SM_FC_Mid_Academic_Lab_12x12,-25168.03,-18415.58,3554.15,400.0,320.0,400.0
802,5,ZONE_FACULTY_ABYSSAL,7,Roof,SM_FC_Roof_SolarObservatory_12x12,-25168.03,-18415.58,3954.15,500.0,140.0,250.0
803,5,ZONE_FACULTY_ABYSSAL,0,Foundation,SM_FC_Foundation_SlopeCompensated_12x12,-22635.86,-20947.75,1890.06,400.0,850.0,1200.0
803,5,ZONE_FACULTY_ABYSSAL,1,GroundFloor,SM_FC_Ground_Lobby_Transit_12x12,-22635.86,-20947.75,2290.06,600.0,450.0,600.0
803,5,ZONE_FACULTY_ABYSSAL,2,IntermediateFloor,SM_FC_Mid_Academic_Lab_12x12,-22635.86,-20947.75,2890.06,400.0,320.0,400.0
803,5,ZONE_FACULTY_ABYSSAL,3,Roof,SM_FC_Roof_SolarObservatory_12x12,-22635.86,-20947.75,3290.06,500.0,140.0,250.0
804,5,ZONE_FACULTY_ABYSSAL,0,Foundation,SM_FC_Foundation_SlopeCompensated_12x12,-20103.69,-23479.92,1632.78,400.0,850.0,1200.0
804,5,ZONE_FACULTY_ABYSSAL,1,GroundFloor,SM_FC_Ground_Lobby_Transit_12x12,-20103.69,-23479.92,2032.78,600.0,450.0,600.0
804,5,ZONE_FACULTY_ABYSSAL,2,IntermediateFloor,SM_FC_Mid_Academic_Lab_12x12,-20103.69,-23479.92,2632.78,400.0,320.0,400.0
804,5,ZONE_FACULTY_ABYSSAL,3,IntermediateFloor,SM_FC_Mid_Faculty_Chambers_12x12,-20103.69,-23479.92,3032.78,400.0,280.0,400.0
804,5,ZONE_FACULTY_ABYSSAL,4,IntermediateFloor,SM_FC_Mid_Academic_Lab_12x12,-20103.69,-23479.92,3432.78,400.0,320.0,400.0
804,5,ZONE_FACULTY_ABYSSAL,5,IntermediateFloor,SM_FC_Mid_Faculty_Chambers_12x12,-20103.69,-23479.92,3832.78,400.0,280.0,400.0
804,5,ZONE_FACULTY_ABYSSAL,6,IntermediateFloor,SM_FC_Mid_Academic_Lab_12x12,-20103.69,-23479.92,4232.78,400.0,320.0,400.0
804,5,ZONE_FACULTY_ABYSSAL,7,IntermediateFloor,SM_FC_Mid_Faculty_Chambers_12x12,-20103.69,-23479.92,4632.78,400.0,280.0,400.0
804,5,ZONE_FACULTY_ABYSSAL,8,Roof,SM_FC_Roof_SolarObservatory_12x12,-20103.69,-23479.92,5032.78,500.0,140.0,250.0
805,5,ZONE_FACULTY_ABYSSAL,0,Foundation,SM_FC_Foundation_SlopeCompensated_12x12,-17571.52,-26012.08,532.8,400.0,850.0,1200.0
805,5,ZONE_FACULTY_ABYSSAL,1,GroundFloor,SM_FC_Ground_Lobby_Transit_12x12,-17571.52,-26012.08,932.8,600.0,450.0,600.0
805,5,ZONE_FACULTY_ABYSSAL,2,IntermediateFloor,SM_FC_Mid_Academic_Lab_12x12,-17571.52,-26012.08,1532.8,400.0,320.0,400.0
805,5,ZONE_FACULTY_ABYSSAL,3,IntermediateFloor,SM_FC_Mid_Faculty_Chambers_12x12,-17571.52,-26012.08,1932.8,400.0,280.0,400.0
805,5,ZONE_FACULTY_ABYSSAL,4,IntermediateFloor,SM_FC_Mid_Academic_Lab_12x12,-17571.52,-26012.08,2332.8,400.0,320.0,400.0
805,5,ZONE_FACULTY_ABYSSAL,5,IntermediateFloor,SM_FC_Mid_Faculty_Chambers_12x12,-17571.52,-26012.08,2732.8,400.0,280.0,400.0
805,5,ZONE_FACULTY_ABYSSAL,6,IntermediateFloor,SM_FC_Mid_Academic_Lab_12x12,-17571.52,-26012.08,3132.8,400.0,320.0,400.0
805,5,ZONE_FACULTY_ABYSSAL,7,Roof,SM_FC_Roof_SolarObservatory_12x12,-17571.52,-26012.08,3532.8,500.0,140.0,250.0
806,5,ZONE_FACULTY_ABYSSAL,0,Foundation,SM_FC_Foundation_SlopeCompensated_12x12,-29735.85,-18321.84,60.93,400.0,850.0,1200.0
806,5,ZONE_FACULTY_ABYSSAL,1,GroundFloor,SM_FC_Ground_Lobby_Transit_12x12,-29735.85,-18321.84,460.93,600.0,450.0,600.0
806,5,ZONE_FACULTY_ABYSSAL,2,IntermediateFloor,SM_FC_Mid_Academic_Lab_12x12,-29735.85,-18321.84,1060.93,400.0,320.0,400.0
806,5,ZONE_FACULTY_ABYSSAL,3,IntermediateFloor,SM_FC_Mid_Faculty_Chambers_12x12,-29735.85,-18321.84,1460.93,400.0,280.0,400.0
806,5,ZONE_FACULTY_ABYSSAL,4,IntermediateFloor,SM_FC_Mid_Academic_Lab_12x12,-29735.85,-18321.84,1860.93,400.0,320.0,400.0
806,5,ZONE_FACULTY_ABYSSAL,5,IntermediateFloor,SM_FC_Mid_Faculty_Chambers_12x12,-29735.85,-18321.84,2260.93,400.0,280.0,400.0
806,5,ZONE_FACULTY_ABYSSAL,6,Roof,SM_FC_Roof_SolarObservatory_12x12,-29735.85,-18321.84,2660.93,500.0,140.0,250.0
807,5,ZONE_FACULTY_ABYSSAL,0,Foundation,SM_FC_Foundation_SlopeCompensated_12x12,-26882.35,-21175.34,1512.88,400.0,850.0,1200.0
807,5,ZONE_FACULTY_ABYSSAL,1,GroundFloor,SM_FC_Ground_Lobby_Transit_12x12,-26882.35,-21175.34,1912.88,600.0,450.0,600.0
807,5,ZONE_FACULTY_ABYSSAL,2,IntermediateFloor,SM_FC_Mid_Academic_Lab_12x12,-26882.35,-21175.34,2512.88,400.0,320.0,400.0
807,5,ZONE_FACULTY_ABYSSAL,3,IntermediateFloor,SM_FC_Mid_Faculty_Chambers_12x12,-26882.35,-21175.34,2912.88,400.0,280.0,400.0
807,5,ZONE_FACULTY_ABYSSAL,4,IntermediateFloor,SM_FC_Mid_Academic_Lab_12x12,-26882.35,-21175.34,3312.88,400.0,320.0,400.0
807,5,ZONE_FACULTY_ABYSSAL,5,IntermediateFloor,SM_FC_Mid_Faculty_Chambers_12x12,-26882.35,-21175.34,3712.88,400.0,280.0,400.0
807,5,ZONE_FACULTY_ABYSSAL,6,IntermediateFloor,SM_FC_Mid_Academic_Lab_12x12,-26882.35,-21175.34,4112.88,400.0,320.0,400.0
807,5,ZONE_FACULTY_ABYSSAL,7,IntermediateFloor,SM_FC_Mid_Faculty_Chambers_12x12,-26882.35,-21175.34,4512.88,400.0,280.0,400.0
807,5,ZONE_FACULTY_ABYSSAL,8,Roof,SM_FC_Roof_SolarObservatory_12x12,-26882.35,-21175.34,4912.88,500.0,140.0,250.0
808,5,ZONE_FACULTY_ABYSSAL,0,Foundation,SM_FC_Foundation_SlopeCompensated_12x12,-24028.84,-24028.84,2386.22,400.0,850.0,1200.0
808,5,ZONE_FACULTY_ABYSSAL,1,GroundFloor,SM_FC_Ground_Lobby_Transit_12x12,-24028.84,-24028.84,2786.22,600.0,450.0,600.0
808,5,ZONE_FACULTY_ABYSSAL,2,IntermediateFloor,SM_FC_Mid_Academic_Lab_12x12,-24028.84,-24028.84,3386.22,400.0,320.0,400.0
808,5,ZONE_FACULTY_ABYSSAL,3,IntermediateFloor,SM_FC_Mid_Faculty_Chambers_12x12,-24028.84,-24028.84,3786.22,400.0,280.0,400.0
808,5,ZONE_FACULTY_ABYSSAL,4,IntermediateFloor,SM_FC_Mid_Academic_Lab_12x12,-24028.84,-24028.84,4186.22,400.0,320.0,400.0
808,5,ZONE_FACULTY_ABYSSAL,5,IntermediateFloor,SM_FC_Mid_Faculty_Chambers_12x12,-24028.84,-24028.84,4586.22,400.0,280.0,400.0
808,5,ZONE_FACULTY_ABYSSAL,6,IntermediateFloor,SM_FC_Mid_Academic_Lab_12x12,-24028.84,-24028.84,4986.22,400.0,320.0,400.0
808,5,ZONE_FACULTY_ABYSSAL,7,Roof,SM_FC_Roof_SolarObservatory_12x12,-24028.84,-24028.84,5386.22,500.0,140.0,250.0
809,5,ZONE_FACULTY_ABYSSAL,0,Foundation,SM_FC_Foundation_SlopeCompensated_12x12,-21175.34,-26882.35,1512.88,400.0,850.0,1200.0
809,5,ZONE_FACULTY_ABYSSAL,1,GroundFloor,SM_FC_Ground_Lobby_Transit_12x12,-21175.34,-26882.35,1912.88,600.0,450.0,600.0
809,5,ZONE_FACULTY_ABYSSAL,2,IntermediateFloor,SM_FC_Mid_Academic_Lab_12x12,-21175.34,-26882.35,2512.88,400.0,320.0,400.0
809,5,ZONE_FACULTY_ABYSSAL,3,IntermediateFloor,SM_FC_Mid_Faculty_Chambers_12x12,-21175.34,-26882.35,2912.88,400.0,280.0,400.0
809,5,ZONE_FACULTY_ABYSSAL,4,IntermediateFloor,SM_FC_Mid_Academic_Lab_12x12,-21175.34,-26882.35,3312.88,400.0,320.0,400.0
809,5,ZONE_FACULTY_ABYSSAL,5,IntermediateFloor,SM_FC_Mid_Faculty_Chambers_12x12,-21175.34,-26882.35,3712.88,400.0,280.0,400.0
809,5,ZONE_FACULTY_ABYSSAL,6,IntermediateFloor,SM_FC_Mid_Academic_Lab_12x12,-21175.34,-26882.35,4112.88,400.0,320.0,400.0
809,5,ZONE_FACULTY_ABYSSAL,7,Roof,SM_FC_Roof_SolarObservatory_12x12,-21175.34,-26882.35,4512.88,500.0,140.0,250.0
810,5,ZONE_FACULTY_ABYSSAL,0,Foundation,SM_FC_Foundation_SlopeCompensated_12x12,-18321.84,-29735.85,60.93,400.0,850.0,1200.0
810,5,ZONE_FACULTY_ABYSSAL,1,GroundFloor,SM_FC_Ground_Lobby_Transit_12x12,-18321.84,-29735.85,460.93,600.0,450.0,600.0
810,5,ZONE_FACULTY_ABYSSAL,2,IntermediateFloor,SM_FC_Mid_Academic_Lab_12x12,-18321.84,-29735.85,1060.93,400.0,320.0,400.0
810,5,ZONE_FACULTY_ABYSSAL,3,Roof,SM_FC_Roof_SolarObservatory_12x12,-18321.84,-29735.85,1460.93,500.0,140.0,250.0
811,5,ZONE_FACULTY_ABYSSAL,0,Foundation,SM_FC_Foundation_SlopeCompensated_12x12,-31557.28,-20974.49,687.45,400.0,850.0,1200.0
811,5,ZONE_FACULTY_ABYSSAL,1,GroundFloor,SM_FC_Ground_Lobby_Transit_12x12,-31557.28,-20974.49,1087.45,600.0,450.0,600.0
811,5,ZONE_FACULTY_ABYSSAL,2,IntermediateFloor,SM_FC_Mid_Academic_Lab_12x12,-31557.28,-20974.49,1687.45,400.0,320.0,400.0
811,5,ZONE_FACULTY_ABYSSAL,3,IntermediateFloor,SM_FC_Mid_Faculty_Chambers_12x12,-31557.28,-20974.49,2087.45,400.0,280.0,400.0
811,5,ZONE_FACULTY_ABYSSAL,4,IntermediateFloor,SM_FC_Mid_Academic_Lab_12x12,-31557.28,-20974.49,2487.45,400.0,320.0,400.0
811,5,ZONE_FACULTY_ABYSSAL,5,IntermediateFloor,SM_FC_Mid_Faculty_Chambers_12x12,-31557.28,-20974.49,2887.45,400.0,280.0,400.0
811,5,ZONE_FACULTY_ABYSSAL,6,IntermediateFloor,SM_FC_Mid_Academic_Lab_12x12,-31557.28,-20974.49,3287.45,400.0,320.0,400.0
811,5,ZONE_FACULTY_ABYSSAL,7,IntermediateFloor,SM_FC_Mid_Faculty_Chambers_12x12,-31557.28,-20974.49,3687.45,400.0,280.0,400.0
811,5,ZONE_FACULTY_ABYSSAL,8,Roof,SM_FC_Roof_SolarObservatory_12x12,-31557.28,-20974.49,4087.45,500.0,140.0,250.0
812,5,ZONE_FACULTY_ABYSSAL,0,Foundation,SM_FC_Foundation_SlopeCompensated_12x12,-28382.44,-24149.32,2091.29,400.0,850.0,1200.0
812,5,ZONE_FACULTY_ABYSSAL,1,GroundFloor,SM_FC_Ground_Lobby_Transit_12x12,-28382.44,-24149.32,2491.29,600.0,450.0,600.0
812,5,ZONE_FACULTY_ABYSSAL,2,IntermediateFloor,SM_FC_Mid_Academic_Lab_12x12,-28382.44,-24149.32,3091.29,400.0,320.0,400.0
812,5,ZONE_FACULTY_ABYSSAL,3,IntermediateFloor,SM_FC_Mid_Faculty_Chambers_12x12,-28382.44,-24149.32,3491.29,400.0,280.0,400.0
812,5,ZONE_FACULTY_ABYSSAL,4,IntermediateFloor,SM_FC_Mid_Academic_Lab_12x12,-28382.44,-24149.32,3891.29,400.0,320.0,400.0
812,5,ZONE_FACULTY_ABYSSAL,5,IntermediateFloor,SM_FC_Mid_Faculty_Chambers_12x12,-28382.44,-24149.32,4291.29,400.0,280.0,400.0
812,5,ZONE_FACULTY_ABYSSAL,6,IntermediateFloor,SM_FC_Mid_Academic_Lab_12x12,-28382.44,-24149.32,4691.29,400.0,320.0,400.0
812,5,ZONE_FACULTY_ABYSSAL,7,IntermediateFloor,SM_FC_Mid_Faculty_Chambers_12x12,-28382.44,-24149.32,5091.29,400.0,280.0,400.0
812,5,ZONE_FACULTY_ABYSSAL,8,Roof,SM_FC_Roof_SolarObservatory_12x12,-28382.44,-24149.32,5491.29,500.0,140.0,250.0
813,5,ZONE_FACULTY_ABYSSAL,0,Foundation,SM_FC_Foundation_SlopeCompensated_12x12,-25207.6,-27324.16,2412.87,400.0,850.0,1200.0
813,5,ZONE_FACULTY_ABYSSAL,1,GroundFloor,SM_FC_Ground_Lobby_Transit_12x12,-25207.6,-27324.16,2812.87,600.0,450.0,600.0
813,5,ZONE_FACULTY_ABYSSAL,2,IntermediateFloor,SM_FC_Mid_Academic_Lab_12x12,-25207.6,-27324.16,3412.87,400.0,320.0,400.0
813,5,ZONE_FACULTY_ABYSSAL,3,IntermediateFloor,SM_FC_Mid_Faculty_Chambers_12x12,-25207.6,-27324.16,3812.87,400.0,280.0,400.0
813,5,ZONE_FACULTY_ABYSSAL,4,IntermediateFloor,SM_FC_Mid_Academic_Lab_12x12,-25207.6,-27324.16,4212.87,400.0,320.0,400.0
813,5,ZONE_FACULTY_ABYSSAL,5,IntermediateFloor,SM_FC_Mid_Faculty_Chambers_12x12,-25207.6,-27324.16,4612.87,400.0,280.0,400.0
813,5,ZONE_FACULTY_ABYSSAL,6,IntermediateFloor,SM_FC_Mid_Academic_Lab_12x12,-25207.6,-27324.16,5012.87,400.0,320.0,400.0
813,5,ZONE_FACULTY_ABYSSAL,7,IntermediateFloor,SM_FC_Mid_Faculty_Chambers_12x12,-25207.6,-27324.16,5412.87,400.0,280.0,400.0
813,5,ZONE_FACULTY_ABYSSAL,8,Roof,SM_FC_Roof_SolarObservatory_12x12,-25207.6,-27324.16,5812.87,500.0,140.0,250.0
814,5,ZONE_FACULTY_ABYSSAL,0,Foundation,SM_FC_Foundation_SlopeCompensated_12x12,-22032.77,-30499.0,1228.59,400.0,850.0,1200.0
814,5,ZONE_FACULTY_ABYSSAL,1,GroundFloor,SM_FC_Ground_Lobby_Transit_12x12,-22032.77,-30499.0,1628.59,600.0,450.0,600.0
814,5,ZONE_FACULTY_ABYSSAL,2,IntermediateFloor,SM_FC_Mid_Academic_Lab_12x12,-22032.77,-30499.0,2228.59,400.0,320.0,400.0
814,5,ZONE_FACULTY_ABYSSAL,3,IntermediateFloor,SM_FC_Mid_Faculty_Chambers_12x12,-22032.77,-30499.0,2628.59,400.0,280.0,400.0
814,5,ZONE_FACULTY_ABYSSAL,4,IntermediateFloor,SM_FC_Mid_Academic_Lab_12x12,-22032.77,-30499.0,3028.59,400.0,320.0,400.0
814,5,ZONE_FACULTY_ABYSSAL,5,IntermediateFloor,SM_FC_Mid_Faculty_Chambers_12x12,-22032.77,-30499.0,3428.59,400.0,280.0,400.0
814,5,ZONE_FACULTY_ABYSSAL,6,IntermediateFloor,SM_FC_Mid_Academic_Lab_12x12,-22032.77,-30499.0,3828.59,400.0,320.0,400.0
814,5,ZONE_FACULTY_ABYSSAL,7,Roof,SM_FC_Roof_SolarObservatory_12x12,-22032.77,-30499.0,4228.59,500.0,140.0,250.0
815,5,ZONE_FACULTY_ABYSSAL,0,Foundation,SM_FC_Foundation_SlopeCompensated_12x12,-18857.93,-33673.84,-614.37,400.0,850.0,1200.0
815,5,ZONE_FACULTY_ABYSSAL,1,GroundFloor,SM_FC_Ground_Lobby_Transit_12x12,-18857.93,-33673.84,-214.37,600.0,450.0,600.0
815,5,ZONE_FACULTY_ABYSSAL,2,IntermediateFloor,SM_FC_Mid_Academic_Lab_12x12,-18857.93,-33673.84,385.63,400.0,320.0,400.0
815,5,ZONE_FACULTY_ABYSSAL,3,IntermediateFloor,SM_FC_Mid_Faculty_Chambers_12x12,-18857.93,-33673.84,785.63,400.0,280.0,400.0
815,5,ZONE_FACULTY_ABYSSAL,4,IntermediateFloor,SM_FC_Mid_Academic_Lab_12x12,-18857.93,-33673.84,1185.63,400.0,320.0,400.0
815,5,ZONE_FACULTY_ABYSSAL,5,Roof,SM_FC_Roof_SolarObservatory_12x12,-18857.93,-33673.84,1585.63,500.0,140.0,250.0
816,5,ZONE_FACULTY_ABYSSAL,0,Foundation,SM_FC_Foundation_SlopeCompensated_12x12,-36660.66,-20345.18,-659.63,400.0,850.0,1200.0
816,5,ZONE_FACULTY_ABYSSAL,1,GroundFloor,SM_FC_Ground_Lobby_Transit_12x12,-36660.66,-20345.18,-259.63,600.0,450.0,600.0
816,5,ZONE_FACULTY_ABYSSAL,2,IntermediateFloor,SM_FC_Mid_Academic_Lab_12x12,-36660.66,-20345.18,340.37,400.0,320.0,400.0
816,5,ZONE_FACULTY_ABYSSAL,3,IntermediateFloor,SM_FC_Mid_Faculty_Chambers_12x12,-36660.66,-20345.18,740.37,400.0,280.0,400.0
816,5,ZONE_FACULTY_ABYSSAL,4,Roof,SM_FC_Roof_SolarObservatory_12x12,-36660.66,-20345.18,1140.37,500.0,140.0,250.0
817,5,ZONE_FACULTY_ABYSSAL,0,Foundation,SM_FC_Foundation_SlopeCompensated_12x12,-33164.49,-23841.36,1361.74,400.0,850.0,1200.0
817,5,ZONE_FACULTY_ABYSSAL,1,GroundFloor,SM_FC_Ground_Lobby_Transit_12x12,-33164.49,-23841.36,1761.74,600.0,450.0,600.0
817,5,ZONE_FACULTY_ABYSSAL,2,IntermediateFloor,SM_FC_Mid_Academic_Lab_12x12,-33164.49,-23841.36,2361.74,400.0,320.0,400.0
817,5,ZONE_FACULTY_ABYSSAL,3,IntermediateFloor,SM_FC_Mid_Faculty_Chambers_12x12,-33164.49,-23841.36,2761.74,400.0,280.0,400.0
817,5,ZONE_FACULTY_ABYSSAL,4,IntermediateFloor,SM_FC_Mid_Academic_Lab_12x12,-33164.49,-23841.36,3161.74,400.0,320.0,400.0
817,5,ZONE_FACULTY_ABYSSAL,5,IntermediateFloor,SM_FC_Mid_Faculty_Chambers_12x12,-33164.49,-23841.36,3561.74,400.0,280.0,400.0
817,5,ZONE_FACULTY_ABYSSAL,6,Roof,SM_FC_Roof_SolarObservatory_12x12,-33164.49,-23841.36,3961.74,500.0,140.0,250.0
818,5,ZONE_FACULTY_ABYSSAL,0,Foundation,SM_FC_Foundation_SlopeCompensated_12x12,-29668.32,-27337.53,2651.57,400.0,850.0,1200.0
818,5,ZONE_FACULTY_ABYSSAL,1,GroundFloor,SM_FC_Ground_Lobby_Transit_12x12,-29668.32,-27337.53,3051.57,600.0,450.0,600.0
818,5,ZONE_FACULTY_ABYSSAL,2,IntermediateFloor,SM_FC_Mid_Academic_Lab_12x12,-29668.32,-27337.53,3651.57,400.0,320.0,400.0
818,5,ZONE_FACULTY_ABYSSAL,3,IntermediateFloor,SM_FC_Mid_Faculty_Chambers_12x12,-29668.32,-27337.53,4051.57,400.0,280.0,400.0
818,5,ZONE_FACULTY_ABYSSAL,4,IntermediateFloor,SM_FC_Mid_Academic_Lab_12x12,-29668.32,-27337.53,4451.57,400.0,320.0,400.0
818,5,ZONE_FACULTY_ABYSSAL,5,IntermediateFloor,SM_FC_Mid_Faculty_Chambers_12x12,-29668.32,-27337.53,4851.57,400.0,280.0,400.0
818,5,ZONE_FACULTY_ABYSSAL,6,IntermediateFloor,SM_FC_Mid_Academic_Lab_12x12,-29668.32,-27337.53,5251.57,400.0,320.0,400.0
818,5,ZONE_FACULTY_ABYSSAL,7,Roof,SM_FC_Roof_SolarObservatory_12x12,-29668.32,-27337.53,5651.57,500.0,140.0,250.0
819,5,ZONE_FACULTY_ABYSSAL,0,Foundation,SM_FC_Foundation_SlopeCompensated_12x12,-26172.14,-30833.71,2302.91,400.0,850.0,1200.0
819,5,ZONE_FACULTY_ABYSSAL,1,GroundFloor,SM_FC_Ground_Lobby_Transit_12x12,-26172.14,-30833.71,2702.91,600.0,450.0,600.0
819,5,ZONE_FACULTY_ABYSSAL,2,IntermediateFloor,SM_FC_Mid_Academic_Lab_12x12,-26172.14,-30833.71,3302.91,400.0,320.0,400.0
819,5,ZONE_FACULTY_ABYSSAL,3,IntermediateFloor,SM_FC_Mid_Faculty_Chambers_12x12,-26172.14,-30833.71,3702.91,400.0,280.0,400.0
819,5,ZONE_FACULTY_ABYSSAL,4,IntermediateFloor,SM_FC_Mid_Academic_Lab_12x12,-26172.14,-30833.71,4102.91,400.0,320.0,400.0
819,5,ZONE_FACULTY_ABYSSAL,5,IntermediateFloor,SM_FC_Mid_Faculty_Chambers_12x12,-26172.14,-30833.71,4502.91,400.0,280.0,400.0
819,5,ZONE_FACULTY_ABYSSAL,6,IntermediateFloor,SM_FC_Mid_Academic_Lab_12x12,-26172.14,-30833.71,4902.91,400.0,320.0,400.0
819,5,ZONE_FACULTY_ABYSSAL,7,IntermediateFloor,SM_FC_Mid_Faculty_Chambers_12x12,-26172.14,-30833.71,5302.91,400.0,280.0,400.0
819,5,ZONE_FACULTY_ABYSSAL,8,Roof,SM_FC_Roof_SolarObservatory_12x12,-26172.14,-30833.71,5702.91,500.0,140.0,250.0
820,5,ZONE_FACULTY_ABYSSAL,0,Foundation,SM_FC_Foundation_SlopeCompensated_12x12,-22675.97,-34329.88,769.23,400.0,850.0,1200.0
820,5,ZONE_FACULTY_ABYSSAL,1,GroundFloor,SM_FC_Ground_Lobby_Transit_12x12,-22675.97,-34329.88,1169.23,600.0,450.0,600.0
820,5,ZONE_FACULTY_ABYSSAL,2,IntermediateFloor,SM_FC_Mid_Academic_Lab_12x12,-22675.97,-34329.88,1769.23,400.0,320.0,400.0
820,5,ZONE_FACULTY_ABYSSAL,3,IntermediateFloor,SM_FC_Mid_Faculty_Chambers_12x12,-22675.97,-34329.88,2169.23,400.0,280.0,400.0
820,5,ZONE_FACULTY_ABYSSAL,4,Roof,SM_FC_Roof_SolarObservatory_12x12,-22675.97,-34329.88,2569.23,500.0,140.0,250.0
821,5,ZONE_FACULTY_ABYSSAL,0,Foundation,SM_FC_Foundation_SlopeCompensated_12x12,-38374.98,-23104.95,129.62,400.0,850.0,1200.0
821,5,ZONE_FACULTY_ABYSSAL,1,GroundFloor,SM_FC_Ground_Lobby_Transit_12x12,-38374.98,-23104.95,529.62,600.0,450.0,600.0
821,5,ZONE_FACULTY_ABYSSAL,2,IntermediateFloor,SM_FC_Mid_Academic_Lab_12x12,-38374.98,-23104.95,1129.62,400.0,320.0,400.0
821,5,ZONE_FACULTY_ABYSSAL,3,IntermediateFloor,SM_FC_Mid_Faculty_Chambers_12x12,-38374.98,-23104.95,1529.62,400.0,280.0,400.0
821,5,ZONE_FACULTY_ABYSSAL,4,IntermediateFloor,SM_FC_Mid_Academic_Lab_12x12,-38374.98,-23104.95,1929.62,400.0,320.0,400.0
821,5,ZONE_FACULTY_ABYSSAL,5,IntermediateFloor,SM_FC_Mid_Faculty_Chambers_12x12,-38374.98,-23104.95,2329.62,400.0,280.0,400.0
821,5,ZONE_FACULTY_ABYSSAL,6,IntermediateFloor,SM_FC_Mid_Academic_Lab_12x12,-38374.98,-23104.95,2729.62,400.0,320.0,400.0
821,5,ZONE_FACULTY_ABYSSAL,7,Roof,SM_FC_Roof_SolarObservatory_12x12,-38374.98,-23104.95,3129.62,500.0,140.0,250.0
822,5,ZONE_FACULTY_ABYSSAL,0,Foundation,SM_FC_Foundation_SlopeCompensated_12x12,-34557.47,-26922.45,2043.02,400.0,850.0,1200.0
822,5,ZONE_FACULTY_ABYSSAL,1,GroundFloor,SM_FC_Ground_Lobby_Transit_12x12,-34557.47,-26922.45,2443.02,600.0,450.0,600.0
822,5,ZONE_FACULTY_ABYSSAL,2,IntermediateFloor,SM_FC_Mid_Academic_Lab_12x12,-34557.47,-26922.45,3043.02,400.0,320.0,400.0
822,5,ZONE_FACULTY_ABYSSAL,3,Roof,SM_FC_Roof_SolarObservatory_12x12,-34557.47,-26922.45,3443.02,500.0,140.0,250.0
823,5,ZONE_FACULTY_ABYSSAL,0,Foundation,SM_FC_Foundation_SlopeCompensated_12x12,-30739.96,-30739.96,3160.03,400.0,850.0,1200.0
823,5,ZONE_FACULTY_ABYSSAL,1,GroundFloor,SM_FC_Ground_Lobby_Transit_12x12,-30739.96,-30739.96,3560.03,600.0,450.0,600.0
823,5,ZONE_FACULTY_ABYSSAL,2,IntermediateFloor,SM_FC_Mid_Academic_Lab_12x12,-30739.96,-30739.96,4160.03,400.0,320.0,400.0
823,5,ZONE_FACULTY_ABYSSAL,3,IntermediateFloor,SM_FC_Mid_Faculty_Chambers_12x12,-30739.96,-30739.96,4560.03,400.0,280.0,400.0
823,5,ZONE_FACULTY_ABYSSAL,4,IntermediateFloor,SM_FC_Mid_Academic_Lab_12x12,-30739.96,-30739.96,4960.03,400.0,320.0,400.0
823,5,ZONE_FACULTY_ABYSSAL,5,Roof,SM_FC_Roof_SolarObservatory_12x12,-30739.96,-30739.96,5360.03,500.0,140.0,250.0
824,5,ZONE_FACULTY_ABYSSAL,0,Foundation,SM_FC_Foundation_SlopeCompensated_12x12,-26922.45,-34557.47,2043.02,400.0,850.0,1200.0
824,5,ZONE_FACULTY_ABYSSAL,1,GroundFloor,SM_FC_Ground_Lobby_Transit_12x12,-26922.45,-34557.47,2443.02,600.0,450.0,600.0
824,5,ZONE_FACULTY_ABYSSAL,2,IntermediateFloor,SM_FC_Mid_Academic_Lab_12x12,-26922.45,-34557.47,3043.02,400.0,320.0,400.0
824,5,ZONE_FACULTY_ABYSSAL,3,Roof,SM_FC_Roof_SolarObservatory_12x12,-26922.45,-34557.47,3443.02,500.0,140.0,250.0
825,5,ZONE_FACULTY_ABYSSAL,0,Foundation,SM_FC_Foundation_SlopeCompensated_12x12,-23104.95,-38374.98,129.62,400.0,850.0,1200.0
825,5,ZONE_FACULTY_ABYSSAL,1,GroundFloor,SM_FC_Ground_Lobby_Transit_12x12,-23104.95,-38374.98,529.62,600.0,450.0,600.0
825,5,ZONE_FACULTY_ABYSSAL,2,IntermediateFloor,SM_FC_Mid_Academic_Lab_12x12,-23104.95,-38374.98,1129.62,400.0,320.0,400.0
825,5,ZONE_FACULTY_ABYSSAL,3,IntermediateFloor,SM_FC_Mid_Faculty_Chambers_12x12,-23104.95,-38374.98,1529.62,400.0,280.0,400.0
825,5,ZONE_FACULTY_ABYSSAL,4,IntermediateFloor,SM_FC_Mid_Academic_Lab_12x12,-23104.95,-38374.98,1929.62,400.0,320.0,400.0
825,5,ZONE_FACULTY_ABYSSAL,5,IntermediateFloor,SM_FC_Mid_Faculty_Chambers_12x12,-23104.95,-38374.98,2329.62,400.0,280.0,400.0
825,5,ZONE_FACULTY_ABYSSAL,6,Roof,SM_FC_Roof_SolarObservatory_12x12,-23104.95,-38374.98,2729.62,500.0,140.0,250.0
826,5,ZONE_FACULTY_ABYSSAL,0,Foundation,SM_FC_Foundation_SlopeCompensated_12x12,-39875.08,-26078.93,948.62,400.0,850.0,1200.0
826,5,ZONE_FACULTY_ABYSSAL,1,GroundFloor,SM_FC_Ground_Lobby_Transit_12x12,-39875.08,-26078.93,1348.62,600.0,450.0,600.0
826,5,ZONE_FACULTY_ABYSSAL,2,IntermediateFloor,SM_FC_Mid_Academic_Lab_12x12,-39875.08,-26078.93,1948.62,400.0,320.0,400.0
826,5,ZONE_FACULTY_ABYSSAL,3,IntermediateFloor,SM_FC_Mid_Faculty_Chambers_12x12,-39875.08,-26078.93,2348.62,400.0,280.0,400.0
826,5,ZONE_FACULTY_ABYSSAL,4,IntermediateFloor,SM_FC_Mid_Academic_Lab_12x12,-39875.08,-26078.93,2748.62,400.0,320.0,400.0
826,5,ZONE_FACULTY_ABYSSAL,5,IntermediateFloor,SM_FC_Mid_Faculty_Chambers_12x12,-39875.08,-26078.93,3148.62,400.0,280.0,400.0
826,5,ZONE_FACULTY_ABYSSAL,6,IntermediateFloor,SM_FC_Mid_Academic_Lab_12x12,-39875.08,-26078.93,3548.62,400.0,320.0,400.0
826,5,ZONE_FACULTY_ABYSSAL,7,Roof,SM_FC_Roof_SolarObservatory_12x12,-39875.08,-26078.93,3948.62,500.0,140.0,250.0
827,5,ZONE_FACULTY_ABYSSAL,0,Foundation,SM_FC_Foundation_SlopeCompensated_12x12,-35736.23,-30217.77,2694.56,400.0,850.0,1200.0
827,5,ZONE_FACULTY_ABYSSAL,1,GroundFloor,SM_FC_Ground_Lobby_Transit_12x12,-35736.23,-30217.77,3094.56,600.0,450.0,600.0
827,5,ZONE_FACULTY_ABYSSAL,2,IntermediateFloor,SM_FC_Mid_Academic_Lab_12x12,-35736.23,-30217.77,3694.56,400.0,320.0,400.0
827,5,ZONE_FACULTY_ABYSSAL,3,Roof,SM_FC_Roof_SolarObservatory_12x12,-35736.23,-30217.77,4094.56,500.0,140.0,250.0
828,5,ZONE_FACULTY_ABYSSAL,0,Foundation,SM_FC_Foundation_SlopeCompensated_12x12,-31597.39,-34356.62,3087.1,400.0,850.0,1200.0
828,5,ZONE_FACULTY_ABYSSAL,1,GroundFloor,SM_FC_Ground_Lobby_Transit_12x12,-31597.39,-34356.62,3487.1,600.0,450.0,600.0
828,5,ZONE_FACULTY_ABYSSAL,2,IntermediateFloor,SM_FC_Mid_Academic_Lab_12x12,-31597.39,-34356.62,4087.1,400.0,320.0,400.0
828,5,ZONE_FACULTY_ABYSSAL,3,IntermediateFloor,SM_FC_Mid_Faculty_Chambers_12x12,-31597.39,-34356.62,4487.1,400.0,280.0,400.0
828,5,ZONE_FACULTY_ABYSSAL,4,IntermediateFloor,SM_FC_Mid_Academic_Lab_12x12,-31597.39,-34356.62,4887.1,400.0,320.0,400.0
828,5,ZONE_FACULTY_ABYSSAL,5,Roof,SM_FC_Roof_SolarObservatory_12x12,-31597.39,-34356.62,5287.1,500.0,140.0,250.0
829,5,ZONE_FACULTY_ABYSSAL,0,Foundation,SM_FC_Foundation_SlopeCompensated_12x12,-27458.55,-38495.46,1625.32,400.0,850.0,1200.0
829,5,ZONE_FACULTY_ABYSSAL,1,GroundFloor,SM_FC_Ground_Lobby_Transit_12x12,-27458.55,-38495.46,2025.32,600.0,450.0,600.0
829,5,ZONE_FACULTY_ABYSSAL,2,IntermediateFloor,SM_FC_Mid_Academic_Lab_12x12,-27458.55,-38495.46,2625.32,400.0,320.0,400.0
829,5,ZONE_FACULTY_ABYSSAL,3,IntermediateFloor,SM_FC_Mid_Faculty_Chambers_12x12,-27458.55,-38495.46,3025.32,400.0,280.0,400.0
829,5,ZONE_FACULTY_ABYSSAL,4,Roof,SM_FC_Roof_SolarObservatory_12x12,-27458.55,-38495.46,3425.32,500.0,140.0,250.0
830,5,ZONE_FACULTY_ABYSSAL,0,Foundation,SM_FC_Foundation_SlopeCompensated_12x12,-23319.7,-42634.31,-688.94,400.0,850.0,1200.0
830,5,ZONE_FACULTY_ABYSSAL,1,GroundFloor,SM_FC_Ground_Lobby_Transit_12x12,-23319.7,-42634.31,-288.94,600.0,450.0,600.0
830,5,ZONE_FACULTY_ABYSSAL,2,IntermediateFloor,SM_FC_Mid_Academic_Lab_12x12,-23319.7,-42634.31,311.06,400.0,320.0,400.0
830,5,ZONE_FACULTY_ABYSSAL,3,IntermediateFloor,SM_FC_Mid_Faculty_Chambers_12x12,-23319.7,-42634.31,711.06,400.0,280.0,400.0
830,5,ZONE_FACULTY_ABYSSAL,4,IntermediateFloor,SM_FC_Mid_Academic_Lab_12x12,-23319.7,-42634.31,1111.06,400.0,320.0,400.0
830,5,ZONE_FACULTY_ABYSSAL,5,IntermediateFloor,SM_FC_Mid_Faculty_Chambers_12x12,-23319.7,-42634.31,1511.06,400.0,280.0,400.0
830,5,ZONE_FACULTY_ABYSSAL,6,Roof,SM_FC_Roof_SolarObservatory_12x12,-23319.7,-42634.31,1911.06,500.0,140.0,250.0
831,5,ZONE_FACULTY_ABYSSAL,0,Foundation,SM_FC_Foundation_SlopeCompensated_12x12,-45621.13,-24806.96,-669.3,400.0,850.0,1200.0
831,5,ZONE_FACULTY_ABYSSAL,1,GroundFloor,SM_FC_Ground_Lobby_Transit_12x12,-45621.13,-24806.96,-269.3,600.0,450.0,600.0
831,5,ZONE_FACULTY_ABYSSAL,2,IntermediateFloor,SM_FC_Mid_Academic_Lab_12x12,-45621.13,-24806.96,330.7,400.0,320.0,400.0
831,5,ZONE_FACULTY_ABYSSAL,3,IntermediateFloor,SM_FC_Mid_Faculty_Chambers_12x12,-45621.13,-24806.96,730.7,400.0,280.0,400.0
831,5,ZONE_FACULTY_ABYSSAL,4,IntermediateFloor,SM_FC_Mid_Academic_Lab_12x12,-45621.13,-24806.96,1130.7,400.0,320.0,400.0
831,5,ZONE_FACULTY_ABYSSAL,5,IntermediateFloor,SM_FC_Mid_Faculty_Chambers_12x12,-45621.13,-24806.96,1530.7,400.0,280.0,400.0
831,5,ZONE_FACULTY_ABYSSAL,6,IntermediateFloor,SM_FC_Mid_Academic_Lab_12x12,-45621.13,-24806.96,1930.7,400.0,320.0,400.0
831,5,ZONE_FACULTY_ABYSSAL,7,IntermediateFloor,SM_FC_Mid_Faculty_Chambers_12x12,-45621.13,-24806.96,2330.7,400.0,280.0,400.0
831,5,ZONE_FACULTY_ABYSSAL,8,Roof,SM_FC_Roof_SolarObservatory_12x12,-45621.13,-24806.96,2730.7,500.0,140.0,250.0
832,5,ZONE_FACULTY_ABYSSAL,0,Foundation,SM_FC_Foundation_SlopeCompensated_12x12,-41160.95,-29267.14,1757.27,400.0,850.0,1200.0
832,5,ZONE_FACULTY_ABYSSAL,1,GroundFloor,SM_FC_Ground_Lobby_Transit_12x12,-41160.95,-29267.14,2157.27,600.0,450.0,600.0
832,5,ZONE_FACULTY_ABYSSAL,2,IntermediateFloor,SM_FC_Mid_Academic_Lab_12x12,-41160.95,-29267.14,2757.27,400.0,320.0,400.0
832,5,ZONE_FACULTY_ABYSSAL,3,IntermediateFloor,SM_FC_Mid_Faculty_Chambers_12x12,-41160.95,-29267.14,3157.27,400.0,280.0,400.0
832,5,ZONE_FACULTY_ABYSSAL,4,IntermediateFloor,SM_FC_Mid_Academic_Lab_12x12,-41160.95,-29267.14,3557.27,400.0,320.0,400.0
832,5,ZONE_FACULTY_ABYSSAL,5,Roof,SM_FC_Roof_SolarObservatory_12x12,-41160.95,-29267.14,3957.27,500.0,140.0,250.0
833,5,ZONE_FACULTY_ABYSSAL,0,Foundation,SM_FC_Foundation_SlopeCompensated_12x12,-36700.77,-33727.32,3284.57,400.0,850.0,1200.0
833,5,ZONE_FACULTY_ABYSSAL,1,GroundFloor,SM_FC_Ground_Lobby_Transit_12x12,-36700.77,-33727.32,3684.57,600.0,450.0,600.0
833,5,ZONE_FACULTY_ABYSSAL,2,IntermediateFloor,SM_FC_Mid_Academic_Lab_12x12,-36700.77,-33727.32,4284.57,400.0,320.0,400.0
833,5,ZONE_FACULTY_ABYSSAL,3,Roof,SM_FC_Roof_SolarObservatory_12x12,-36700.77,-33727.32,4684.57,500.0,140.0,250.0
834,5,ZONE_FACULTY_ABYSSAL,0,Foundation,SM_FC_Foundation_SlopeCompensated_12x12,-32240.59,-38187.5,2875.39,400.0,850.0,1200.0
834,5,ZONE_FACULTY_ABYSSAL,1,GroundFloor,SM_FC_Ground_Lobby_Transit_12x12,-32240.59,-38187.5,3275.39,600.0,450.0,600.0
834,5,ZONE_FACULTY_ABYSSAL,2,IntermediateFloor,SM_FC_Mid_Academic_Lab_12x12,-32240.59,-38187.5,3875.39,400.0,320.0,400.0
834,5,ZONE_FACULTY_ABYSSAL,3,IntermediateFloor,SM_FC_Mid_Faculty_Chambers_12x12,-32240.59,-38187.5,4275.39,400.0,280.0,400.0
834,5,ZONE_FACULTY_ABYSSAL,4,IntermediateFloor,SM_FC_Mid_Academic_Lab_12x12,-32240.59,-38187.5,4675.39,400.0,320.0,400.0
834,5,ZONE_FACULTY_ABYSSAL,5,IntermediateFloor,SM_FC_Mid_Faculty_Chambers_12x12,-32240.59,-38187.5,5075.39,400.0,280.0,400.0
834,5,ZONE_FACULTY_ABYSSAL,6,IntermediateFloor,SM_FC_Mid_Academic_Lab_12x12,-32240.59,-38187.5,5475.39,400.0,320.0,400.0
834,5,ZONE_FACULTY_ABYSSAL,7,IntermediateFloor,SM_FC_Mid_Faculty_Chambers_12x12,-32240.59,-38187.5,5875.39,400.0,280.0,400.0
834,5,ZONE_FACULTY_ABYSSAL,8,Roof,SM_FC_Roof_SolarObservatory_12x12,-32240.59,-38187.5,6275.39,500.0,140.0,250.0
835,5,ZONE_FACULTY_ABYSSAL,0,Foundation,SM_FC_Foundation_SlopeCompensated_12x12,-27780.41,-42647.68,1048.33,400.0,850.0,1200.0
835,5,ZONE_FACULTY_ABYSSAL,1,GroundFloor,SM_FC_Ground_Lobby_Transit_12x12,-27780.41,-42647.68,1448.33,600.0,450.0,600.0
835,5,ZONE_FACULTY_ABYSSAL,2,IntermediateFloor,SM_FC_Mid_Academic_Lab_12x12,-27780.41,-42647.68,2048.33,400.0,320.0,400.0
835,5,ZONE_FACULTY_ABYSSAL,3,IntermediateFloor,SM_FC_Mid_Faculty_Chambers_12x12,-27780.41,-42647.68,2448.33,400.0,280.0,400.0
835,5,ZONE_FACULTY_ABYSSAL,4,IntermediateFloor,SM_FC_Mid_Academic_Lab_12x12,-27780.41,-42647.68,2848.33,400.0,320.0,400.0
835,5,ZONE_FACULTY_ABYSSAL,5,IntermediateFloor,SM_FC_Mid_Faculty_Chambers_12x12,-27780.41,-42647.68,3248.33,400.0,280.0,400.0
835,5,ZONE_FACULTY_ABYSSAL,6,Roof,SM_FC_Roof_SolarObservatory_12x12,-27780.41,-42647.68,3648.33,500.0,140.0,250.0
836,5,ZONE_FACULTY_ABYSSAL,0,Foundation,SM_FC_Foundation_SlopeCompensated_12x12,-47014.11,-27888.06,317.49,400.0,850.0,1200.0
836,5,ZONE_FACULTY_ABYSSAL,1,GroundFloor,SM_FC_Ground_Lobby_Transit_12x12,-47014.11,-27888.06,717.49,600.0,450.0,600.0
836,5,ZONE_FACULTY_ABYSSAL,2,IntermediateFloor,SM_FC_Mid_Academic_Lab_12x12,-47014.11,-27888.06,1317.49,400.0,320.0,400.0
836,5,ZONE_FACULTY_ABYSSAL,3,IntermediateFloor,SM_FC_Mid_Faculty_Chambers_12x12,-47014.11,-27888.06,1717.49,400.0,280.0,400.0
836,5,ZONE_FACULTY_ABYSSAL,4,Roof,SM_FC_Roof_SolarObservatory_12x12,-47014.11,-27888.06,2117.49,500.0,140.0,250.0
837,5,ZONE_FACULTY_ABYSSAL,0,Foundation,SM_FC_Foundation_SlopeCompensated_12x12,-42232.6,-32669.57,2520.31,400.0,850.0,1200.0
837,5,ZONE_FACULTY_ABYSSAL,1,GroundFloor,SM_FC_Ground_Lobby_Transit_12x12,-42232.6,-32669.57,2920.31,600.0,450.0,600.0
837,5,ZONE_FACULTY_ABYSSAL,2,IntermediateFloor,SM_FC_Mid_Academic_Lab_12x12,-42232.6,-32669.57,3520.31,400.0,320.0,400.0
837,5,ZONE_FACULTY_ABYSSAL,3,Roof,SM_FC_Roof_SolarObservatory_12x12,-42232.6,-32669.57,3920.31,500.0,140.0,250.0
838,5,ZONE_FACULTY_ABYSSAL,0,Foundation,SM_FC_Foundation_SlopeCompensated_12x12,-37451.09,-37451.09,3786.93,400.0,850.0,1200.0
838,5,ZONE_FACULTY_ABYSSAL,1,GroundFloor,SM_FC_Ground_Lobby_Transit_12x12,-37451.09,-37451.09,4186.93,600.0,450.0,600.0
838,5,ZONE_FACULTY_ABYSSAL,2,IntermediateFloor,SM_FC_Mid_Academic_Lab_12x12,-37451.09,-37451.09,4786.93,400.0,320.0,400.0
838,5,ZONE_FACULTY_ABYSSAL,3,IntermediateFloor,SM_FC_Mid_Faculty_Chambers_12x12,-37451.09,-37451.09,5186.93,400.0,280.0,400.0
838,5,ZONE_FACULTY_ABYSSAL,4,IntermediateFloor,SM_FC_Mid_Academic_Lab_12x12,-37451.09,-37451.09,5586.93,400.0,320.0,400.0
838,5,ZONE_FACULTY_ABYSSAL,5,IntermediateFloor,SM_FC_Mid_Faculty_Chambers_12x12,-37451.09,-37451.09,5986.93,400.0,280.0,400.0
838,5,ZONE_FACULTY_ABYSSAL,6,IntermediateFloor,SM_FC_Mid_Academic_Lab_12x12,-37451.09,-37451.09,6386.93,400.0,320.0,400.0
838,5,ZONE_FACULTY_ABYSSAL,7,Roof,SM_FC_Roof_SolarObservatory_12x12,-37451.09,-37451.09,6786.93,500.0,140.0,250.0
839,5,ZONE_FACULTY_ABYSSAL,0,Foundation,SM_FC_Foundation_SlopeCompensated_12x12,-32669.57,-42232.6,2520.31,400.0,850.0,1200.0
839,5,ZONE_FACULTY_ABYSSAL,1,GroundFloor,SM_FC_Ground_Lobby_Transit_12x12,-32669.57,-42232.6,2920.31,600.0,450.0,600.0
839,5,ZONE_FACULTY_ABYSSAL,2,IntermediateFloor,SM_FC_Mid_Academic_Lab_12x12,-32669.57,-42232.6,3520.31,400.0,320.0,400.0
839,5,ZONE_FACULTY_ABYSSAL,3,IntermediateFloor,SM_FC_Mid_Faculty_Chambers_12x12,-32669.57,-42232.6,3920.31,400.0,280.0,400.0
839,5,ZONE_FACULTY_ABYSSAL,4,IntermediateFloor,SM_FC_Mid_Academic_Lab_12x12,-32669.57,-42232.6,4320.31,400.0,320.0,400.0
839,5,ZONE_FACULTY_ABYSSAL,5,Roof,SM_FC_Roof_SolarObservatory_12x12,-32669.57,-42232.6,4720.31,500.0,140.0,250.0
840,5,ZONE_FACULTY_ABYSSAL,0,Foundation,SM_FC_Foundation_SlopeCompensated_12x12,-27888.06,-47014.11,317.49,400.0,850.0,1200.0
840,5,ZONE_FACULTY_ABYSSAL,1,GroundFloor,SM_FC_Ground_Lobby_Transit_12x12,-27888.06,-47014.11,717.49,600.0,450.0,600.0
840,5,ZONE_FACULTY_ABYSSAL,2,IntermediateFloor,SM_FC_Mid_Academic_Lab_12x12,-27888.06,-47014.11,1317.49,400.0,320.0,400.0
840,5,ZONE_FACULTY_ABYSSAL,3,IntermediateFloor,SM_FC_Mid_Faculty_Chambers_12x12,-27888.06,-47014.11,1717.49,400.0,280.0,400.0
840,5,ZONE_FACULTY_ABYSSAL,4,IntermediateFloor,SM_FC_Mid_Academic_Lab_12x12,-27888.06,-47014.11,2117.49,400.0,320.0,400.0
840,5,ZONE_FACULTY_ABYSSAL,5,IntermediateFloor,SM_FC_Mid_Faculty_Chambers_12x12,-27888.06,-47014.11,2517.49,400.0,280.0,400.0
840,5,ZONE_FACULTY_ABYSSAL,6,Roof,SM_FC_Roof_SolarObservatory_12x12,-27888.06,-47014.11,2917.49,500.0,140.0,250.0
841,5,ZONE_FACULTY_ABYSSAL,0,Foundation,SM_FC_Foundation_SlopeCompensated_12x12,-47809.31,-31566.94,1271.59,400.0,850.0,1200.0
841,5,ZONE_FACULTY_ABYSSAL,1,GroundFloor,SM_FC_Ground_Lobby_Transit_12x12,-47809.31,-31566.94,1671.59,600.0,450.0,600.0
841,5,ZONE_FACULTY_ABYSSAL,2,IntermediateFloor,SM_FC_Mid_Academic_Lab_12x12,-47809.31,-31566.94,2271.59,400.0,320.0,400.0
841,5,ZONE_FACULTY_ABYSSAL,3,IntermediateFloor,SM_FC_Mid_Faculty_Chambers_12x12,-47809.31,-31566.94,2671.59,400.0,280.0,400.0
841,5,ZONE_FACULTY_ABYSSAL,4,IntermediateFloor,SM_FC_Mid_Academic_Lab_12x12,-47809.31,-31566.94,3071.59,400.0,320.0,400.0
841,5,ZONE_FACULTY_ABYSSAL,5,IntermediateFloor,SM_FC_Mid_Faculty_Chambers_12x12,-47809.31,-31566.94,3471.59,400.0,280.0,400.0
841,5,ZONE_FACULTY_ABYSSAL,6,IntermediateFloor,SM_FC_Mid_Academic_Lab_12x12,-47809.31,-31566.94,3871.59,400.0,320.0,400.0
841,5,ZONE_FACULTY_ABYSSAL,7,IntermediateFloor,SM_FC_Mid_Faculty_Chambers_12x12,-47809.31,-31566.94,4271.59,400.0,280.0,400.0
841,5,ZONE_FACULTY_ABYSSAL,8,Roof,SM_FC_Roof_SolarObservatory_12x12,-47809.31,-31566.94,4671.59,500.0,140.0,250.0
842,5,ZONE_FACULTY_ABYSSAL,0,Foundation,SM_FC_Foundation_SlopeCompensated_12x12,-42936.6,-36439.65,3208.17,400.0,850.0,1200.0
842,5,ZONE_FACULTY_ABYSSAL,1,GroundFloor,SM_FC_Ground_Lobby_Transit_12x12,-42936.6,-36439.65,3608.17,600.0,450.0,600.0
842,5,ZONE_FACULTY_ABYSSAL,2,IntermediateFloor,SM_FC_Mid_Academic_Lab_12x12,-42936.6,-36439.65,4208.17,400.0,320.0,400.0
842,5,ZONE_FACULTY_ABYSSAL,3,IntermediateFloor,SM_FC_Mid_Faculty_Chambers_12x12,-42936.6,-36439.65,4608.17,400.0,280.0,400.0
842,5,ZONE_FACULTY_ABYSSAL,4,IntermediateFloor,SM_FC_Mid_Academic_Lab_12x12,-42936.6,-36439.65,5008.17,400.0,320.0,400.0
842,5,ZONE_FACULTY_ABYSSAL,5,IntermediateFloor,SM_FC_Mid_Faculty_Chambers_12x12,-42936.6,-36439.65,5408.17,400.0,280.0,400.0
842,5,ZONE_FACULTY_ABYSSAL,6,Roof,SM_FC_Roof_SolarObservatory_12x12,-42936.6,-36439.65,5808.17,500.0,140.0,250.0
843,5,ZONE_FACULTY_ABYSSAL,0,Foundation,SM_FC_Foundation_SlopeCompensated_12x12,-38063.89,-41312.36,3639.72,400.0,850.0,1200.0
843,5,ZONE_FACULTY_ABYSSAL,1,GroundFloor,SM_FC_Ground_Lobby_Transit_12x12,-38063.89,-41312.36,4039.72,600.0,450.0,600.0
843,5,ZONE_FACULTY_ABYSSAL,2,IntermediateFloor,SM_FC_Mid_Academic_Lab_12x12,-38063.89,-41312.36,4639.72,400.0,320.0,400.0
843,5,ZONE_FACULTY_ABYSSAL,3,Roof,SM_FC_Roof_SolarObservatory_12x12,-38063.89,-41312.36,5039.72,500.0,140.0,250.0
844,5,ZONE_FACULTY_ABYSSAL,0,Foundation,SM_FC_Foundation_SlopeCompensated_12x12,-33191.18,-46185.07,2024.1,400.0,850.0,1200.0
844,5,ZONE_FACULTY_ABYSSAL,1,GroundFloor,SM_FC_Ground_Lobby_Transit_12x12,-33191.18,-46185.07,2424.1,600.0,450.0,600.0
844,5,ZONE_FACULTY_ABYSSAL,2,IntermediateFloor,SM_FC_Mid_Academic_Lab_12x12,-33191.18,-46185.07,3024.1,400.0,320.0,400.0
844,5,ZONE_FACULTY_ABYSSAL,3,Roof,SM_FC_Roof_SolarObservatory_12x12,-33191.18,-46185.07,3424.1,500.0,140.0,250.0
845,5,ZONE_FACULTY_ABYSSAL,0,Foundation,SM_FC_Foundation_SlopeCompensated_12x12,-28318.47,-51057.78,-554.39,400.0,850.0,1200.0
845,5,ZONE_FACULTY_ABYSSAL,1,GroundFloor,SM_FC_Ground_Lobby_Transit_12x12,-28318.47,-51057.78,-154.39,600.0,450.0,600.0
845,5,ZONE_FACULTY_ABYSSAL,2,IntermediateFloor,SM_FC_Mid_Academic_Lab_12x12,-28318.47,-51057.78,445.61,400.0,320.0,400.0
845,5,ZONE_FACULTY_ABYSSAL,3,IntermediateFloor,SM_FC_Mid_Faculty_Chambers_12x12,-28318.47,-51057.78,845.61,400.0,280.0,400.0
845,5,ZONE_FACULTY_ABYSSAL,4,IntermediateFloor,SM_FC_Mid_Academic_Lab_12x12,-28318.47,-51057.78,1245.61,400.0,320.0,400.0
845,5,ZONE_FACULTY_ABYSSAL,5,IntermediateFloor,SM_FC_Mid_Faculty_Chambers_12x12,-28318.47,-51057.78,1645.61,400.0,280.0,400.0
845,5,ZONE_FACULTY_ABYSSAL,6,Roof,SM_FC_Roof_SolarObservatory_12x12,-28318.47,-51057.78,2045.61,500.0,140.0,250.0
846,5,ZONE_FACULTY_ABYSSAL,0,Foundation,SM_FC_Foundation_SlopeCompensated_12x12,-52710.29,-31140.04,-457.2,400.0,850.0,1200.0
846,5,ZONE_FACULTY_ABYSSAL,1,GroundFloor,SM_FC_Ground_Lobby_Transit_12x12,-52710.29,-31140.04,-57.2,600.0,450.0,600.0
846,5,ZONE_FACULTY_ABYSSAL,2,IntermediateFloor,SM_FC_Mid_Academic_Lab_12x12,-52710.29,-31140.04,542.8,400.0,320.0,400.0
846,5,ZONE_FACULTY_ABYSSAL,3,IntermediateFloor,SM_FC_Mid_Faculty_Chambers_12x12,-52710.29,-31140.04,942.8,400.0,280.0,400.0
846,5,ZONE_FACULTY_ABYSSAL,4,IntermediateFloor,SM_FC_Mid_Academic_Lab_12x12,-52710.29,-31140.04,1342.8,400.0,320.0,400.0
846,5,ZONE_FACULTY_ABYSSAL,5,IntermediateFloor,SM_FC_Mid_Faculty_Chambers_12x12,-52710.29,-31140.04,1742.8,400.0,280.0,400.0
846,5,ZONE_FACULTY_ABYSSAL,6,IntermediateFloor,SM_FC_Mid_Academic_Lab_12x12,-52710.29,-31140.04,2142.8,400.0,320.0,400.0
846,5,ZONE_FACULTY_ABYSSAL,7,IntermediateFloor,SM_FC_Mid_Faculty_Chambers_12x12,-52710.29,-31140.04,2542.8,400.0,280.0,400.0
846,5,ZONE_FACULTY_ABYSSAL,8,Roof,SM_FC_Roof_SolarObservatory_12x12,-52710.29,-31140.04,2942.8,500.0,140.0,250.0
847,5,ZONE_FACULTY_ABYSSAL,0,Foundation,SM_FC_Foundation_SlopeCompensated_12x12,-48088.1,-35762.24,2159.67,400.0,850.0,1200.0
847,5,ZONE_FACULTY_ABYSSAL,1,GroundFloor,SM_FC_Ground_Lobby_Transit_12x12,-48088.1,-35762.24,2559.67,600.0,450.0,600.0
847,5,ZONE_FACULTY_ABYSSAL,2,IntermediateFloor,SM_FC_Mid_Academic_Lab_12x12,-48088.1,-35762.24,3159.67,400.0,320.0,400.0
847,5,ZONE_FACULTY_ABYSSAL,3,IntermediateFloor,SM_FC_Mid_Faculty_Chambers_12x12,-48088.1,-35762.24,3559.67,400.0,280.0,400.0
847,5,ZONE_FACULTY_ABYSSAL,4,IntermediateFloor,SM_FC_Mid_Academic_Lab_12x12,-48088.1,-35762.24,3959.67,400.0,320.0,400.0
847,5,ZONE_FACULTY_ABYSSAL,5,IntermediateFloor,SM_FC_Mid_Faculty_Chambers_12x12,-48088.1,-35762.24,4359.67,400.0,280.0,400.0
847,5,ZONE_FACULTY_ABYSSAL,6,IntermediateFloor,SM_FC_Mid_Academic_Lab_12x12,-48088.1,-35762.24,4759.67,400.0,320.0,400.0
847,5,ZONE_FACULTY_ABYSSAL,7,IntermediateFloor,SM_FC_Mid_Faculty_Chambers_12x12,-48088.1,-35762.24,5159.67,400.0,280.0,400.0
847,5,ZONE_FACULTY_ABYSSAL,8,Roof,SM_FC_Roof_SolarObservatory_12x12,-48088.1,-35762.24,5559.67,500.0,140.0,250.0
848,5,ZONE_FACULTY_ABYSSAL,0,Foundation,SM_FC_Foundation_SlopeCompensated_12x12,-43465.9,-40384.43,3797.54,400.0,850.0,1200.0
848,5,ZONE_FACULTY_ABYSSAL,1,GroundFloor,SM_FC_Ground_Lobby_Transit_12x12,-43465.9,-40384.43,4197.54,600.0,450.0,600.0
848,5,ZONE_FACULTY_ABYSSAL,2,IntermediateFloor,SM_FC_Mid_Academic_Lab_12x12,-43465.9,-40384.43,4797.54,400.0,320.0,400.0
848,5,ZONE_FACULTY_ABYSSAL,3,IntermediateFloor,SM_FC_Mid_Faculty_Chambers_12x12,-43465.9,-40384.43,5197.54,400.0,280.0,400.0
848,5,ZONE_FACULTY_ABYSSAL,4,IntermediateFloor,SM_FC_Mid_Academic_Lab_12x12,-43465.9,-40384.43,5597.54,400.0,320.0,400.0
848,5,ZONE_FACULTY_ABYSSAL,5,Roof,SM_FC_Roof_SolarObservatory_12x12,-43465.9,-40384.43,5997.54,500.0,140.0,250.0
849,5,ZONE_FACULTY_ABYSSAL,0,Foundation,SM_FC_Foundation_SlopeCompensated_12x12,-38843.7,-45006.63,3360.36,400.0,850.0,1200.0
849,5,ZONE_FACULTY_ABYSSAL,1,GroundFloor,SM_FC_Ground_Lobby_Transit_12x12,-38843.7,-45006.63,3760.36,600.0,450.0,600.0
849,5,ZONE_FACULTY_ABYSSAL,2,IntermediateFloor,SM_FC_Mid_Academic_Lab_12x12,-38843.7,-45006.63,4360.36,400.0,320.0,400.0
849,5,ZONE_FACULTY_ABYSSAL,3,IntermediateFloor,SM_FC_Mid_Faculty_Chambers_12x12,-38843.7,-45006.63,4760.36,400.0,280.0,400.0
849,5,ZONE_FACULTY_ABYSSAL,4,IntermediateFloor,SM_FC_Mid_Academic_Lab_12x12,-38843.7,-45006.63,5160.36,400.0,320.0,400.0
849,5,ZONE_FACULTY_ABYSSAL,5,Roof,SM_FC_Roof_SolarObservatory_12x12,-38843.7,-45006.63,5560.36,500.0,140.0,250.0
850,5,ZONE_FACULTY_ABYSSAL,0,Foundation,SM_FC_Foundation_SlopeCompensated_12x12,-34221.5,-49628.83,1396.15,400.0,850.0,1200.0
850,5,ZONE_FACULTY_ABYSSAL,1,GroundFloor,SM_FC_Ground_Lobby_Transit_12x12,-34221.5,-49628.83,1796.15,600.0,450.0,600.0
850,5,ZONE_FACULTY_ABYSSAL,2,IntermediateFloor,SM_FC_Mid_Academic_Lab_12x12,-34221.5,-49628.83,2396.15,400.0,320.0,400.0
850,5,ZONE_FACULTY_ABYSSAL,3,IntermediateFloor,SM_FC_Mid_Faculty_Chambers_12x12,-34221.5,-49628.83,2796.15,400.0,280.0,400.0
850,5,ZONE_FACULTY_ABYSSAL,4,IntermediateFloor,SM_FC_Mid_Academic_Lab_12x12,-34221.5,-49628.83,3196.15,400.0,320.0,400.0
850,5,ZONE_FACULTY_ABYSSAL,5,Roof,SM_FC_Roof_SolarObservatory_12x12,-34221.5,-49628.83,3596.15,500.0,140.0,250.0
851,5,ZONE_FACULTY_ABYSSAL,0,Foundation,SM_FC_Foundation_SlopeCompensated_12x12,-52860.1,-35464.31,653.17,400.0,850.0,1200.0
851,5,ZONE_FACULTY_ABYSSAL,1,GroundFloor,SM_FC_Ground_Lobby_Transit_12x12,-52860.1,-35464.31,1053.17,600.0,450.0,600.0
851,5,ZONE_FACULTY_ABYSSAL,2,IntermediateFloor,SM_FC_Mid_Academic_Lab_12x12,-52860.1,-35464.31,1653.17,400.0,320.0,400.0
851,5,ZONE_FACULTY_ABYSSAL,3,IntermediateFloor,SM_FC_Mid_Faculty_Chambers_12x12,-52860.1,-35464.31,2053.17,400.0,280.0,400.0
851,5,ZONE_FACULTY_ABYSSAL,4,IntermediateFloor,SM_FC_Mid_Academic_Lab_12x12,-52860.1,-35464.31,2453.17,400.0,320.0,400.0
851,5,ZONE_FACULTY_ABYSSAL,5,IntermediateFloor,SM_FC_Mid_Faculty_Chambers_12x12,-52860.1,-35464.31,2853.17,400.0,280.0,400.0
851,5,ZONE_FACULTY_ABYSSAL,6,Roof,SM_FC_Roof_SolarObservatory_12x12,-52860.1,-35464.31,3253.17,500.0,140.0,250.0
852,5,ZONE_FACULTY_ABYSSAL,0,Foundation,SM_FC_Foundation_SlopeCompensated_12x12,-48511.15,-39813.26,2954.73,400.0,850.0,1200.0
852,5,ZONE_FACULTY_ABYSSAL,1,GroundFloor,SM_FC_Ground_Lobby_Transit_12x12,-48511.15,-39813.26,3354.73,600.0,450.0,600.0
852,5,ZONE_FACULTY_ABYSSAL,2,IntermediateFloor,SM_FC_Mid_Academic_Lab_12x12,-48511.15,-39813.26,3954.73,400.0,320.0,400.0
852,5,ZONE_FACULTY_ABYSSAL,3,IntermediateFloor,SM_FC_Mid_Faculty_Chambers_12x12,-48511.15,-39813.26,4354.73,400.0,280.0,400.0
852,5,ZONE_FACULTY_ABYSSAL,4,IntermediateFloor,SM_FC_Mid_Academic_Lab_12x12,-48511.15,-39813.26,4754.73,400.0,320.0,400.0
852,5,ZONE_FACULTY_ABYSSAL,5,IntermediateFloor,SM_FC_Mid_Faculty_Chambers_12x12,-48511.15,-39813.26,5154.73,400.0,280.0,400.0
852,5,ZONE_FACULTY_ABYSSAL,6,IntermediateFloor,SM_FC_Mid_Academic_Lab_12x12,-48511.15,-39813.26,5554.73,400.0,320.0,400.0
852,5,ZONE_FACULTY_ABYSSAL,7,Roof,SM_FC_Roof_SolarObservatory_12x12,-48511.15,-39813.26,5954.73,500.0,140.0,250.0
853,5,ZONE_FACULTY_ABYSSAL,0,Foundation,SM_FC_Foundation_SlopeCompensated_12x12,-44162.21,-44162.21,4271.92,400.0,850.0,1200.0
853,5,ZONE_FACULTY_ABYSSAL,1,GroundFloor,SM_FC_Ground_Lobby_Transit_12x12,-44162.21,-44162.21,4671.92,600.0,450.0,600.0
853,5,ZONE_FACULTY_ABYSSAL,2,IntermediateFloor,SM_FC_Mid_Academic_Lab_12x12,-44162.21,-44162.21,5271.92,400.0,320.0,400.0
853,5,ZONE_FACULTY_ABYSSAL,3,IntermediateFloor,SM_FC_Mid_Faculty_Chambers_12x12,-44162.21,-44162.21,5671.92,400.0,280.0,400.0
853,5,ZONE_FACULTY_ABYSSAL,4,IntermediateFloor,SM_FC_Mid_Academic_Lab_12x12,-44162.21,-44162.21,6071.92,400.0,320.0,400.0
853,5,ZONE_FACULTY_ABYSSAL,5,IntermediateFloor,SM_FC_Mid_Faculty_Chambers_12x12,-44162.21,-44162.21,6471.92,400.0,280.0,400.0
853,5,ZONE_FACULTY_ABYSSAL,6,IntermediateFloor,SM_FC_Mid_Academic_Lab_12x12,-44162.21,-44162.21,6871.92,400.0,320.0,400.0
853,5,ZONE_FACULTY_ABYSSAL,7,IntermediateFloor,SM_FC_Mid_Faculty_Chambers_12x12,-44162.21,-44162.21,7271.92,400.0,280.0,400.0
853,5,ZONE_FACULTY_ABYSSAL,8,Roof,SM_FC_Roof_SolarObservatory_12x12,-44162.21,-44162.21,7671.92,500.0,140.0,250.0
854,5,ZONE_FACULTY_ABYSSAL,0,Foundation,SM_FC_Foundation_SlopeCompensated_12x12,-39813.26,-48511.15,2954.73,400.0,850.0,1200.0
854,5,ZONE_FACULTY_ABYSSAL,1,GroundFloor,SM_FC_Ground_Lobby_Transit_12x12,-39813.26,-48511.15,3354.73,600.0,450.0,600.0
854,5,ZONE_FACULTY_ABYSSAL,2,IntermediateFloor,SM_FC_Mid_Academic_Lab_12x12,-39813.26,-48511.15,3954.73,400.0,320.0,400.0
854,5,ZONE_FACULTY_ABYSSAL,3,Roof,SM_FC_Roof_SolarObservatory_12x12,-39813.26,-48511.15,4354.73,500.0,140.0,250.0
855,5,ZONE_FACULTY_ABYSSAL,0,Foundation,SM_FC_Foundation_SlopeCompensated_12x12,-35464.31,-52860.1,653.17,400.0,850.0,1200.0
855,5,ZONE_FACULTY_ABYSSAL,1,GroundFloor,SM_FC_Ground_Lobby_Transit_12x12,-35464.31,-52860.1,1053.17,600.0,450.0,600.0
855,5,ZONE_FACULTY_ABYSSAL,2,IntermediateFloor,SM_FC_Mid_Academic_Lab_12x12,-35464.31,-52860.1,1653.17,400.0,320.0,400.0
855,5,ZONE_FACULTY_ABYSSAL,3,IntermediateFloor,SM_FC_Mid_Faculty_Chambers_12x12,-35464.31,-52860.1,2053.17,400.0,280.0,400.0
855,5,ZONE_FACULTY_ABYSSAL,4,IntermediateFloor,SM_FC_Mid_Academic_Lab_12x12,-35464.31,-52860.1,2453.17,400.0,320.0,400.0
855,5,ZONE_FACULTY_ABYSSAL,5,IntermediateFloor,SM_FC_Mid_Faculty_Chambers_12x12,-35464.31,-52860.1,2853.17,400.0,280.0,400.0
855,5,ZONE_FACULTY_ABYSSAL,6,IntermediateFloor,SM_FC_Mid_Academic_Lab_12x12,-35464.31,-52860.1,3253.17,400.0,320.0,400.0
855,5,ZONE_FACULTY_ABYSSAL,7,IntermediateFloor,SM_FC_Mid_Faculty_Chambers_12x12,-35464.31,-52860.1,3653.17,400.0,280.0,400.0
855,5,ZONE_FACULTY_ABYSSAL,8,Roof,SM_FC_Roof_SolarObservatory_12x12,-35464.31,-52860.1,4053.17,500.0,140.0,250.0
856,5,ZONE_FACULTY_ABYSSAL,0,Foundation,SM_FC_Foundation_SlopeCompensated_12x12,-53162.04,-39636.46,1672.41,400.0,850.0,1200.0
856,5,ZONE_FACULTY_ABYSSAL,1,GroundFloor,SM_FC_Ground_Lobby_Transit_12x12,-53162.04,-39636.46,2072.41,600.0,450.0,600.0
856,5,ZONE_FACULTY_ABYSSAL,2,IntermediateFloor,SM_FC_Mid_Academic_Lab_12x12,-53162.04,-39636.46,2672.41,400.0,320.0,400.0
856,5,ZONE_FACULTY_ABYSSAL,3,IntermediateFloor,SM_FC_Mid_Faculty_Chambers_12x12,-53162.04,-39636.46,3072.41,400.0,280.0,400.0
856,5,ZONE_FACULTY_ABYSSAL,4,IntermediateFloor,SM_FC_Mid_Academic_Lab_12x12,-53162.04,-39636.46,3472.41,400.0,320.0,400.0
856,5,ZONE_FACULTY_ABYSSAL,5,IntermediateFloor,SM_FC_Mid_Faculty_Chambers_12x12,-53162.04,-39636.46,3872.41,400.0,280.0,400.0
856,5,ZONE_FACULTY_ABYSSAL,6,IntermediateFloor,SM_FC_Mid_Academic_Lab_12x12,-53162.04,-39636.46,4272.41,400.0,320.0,400.0
856,5,ZONE_FACULTY_ABYSSAL,7,IntermediateFloor,SM_FC_Mid_Faculty_Chambers_12x12,-53162.04,-39636.46,4672.41,400.0,280.0,400.0
856,5,ZONE_FACULTY_ABYSSAL,8,Roof,SM_FC_Roof_SolarObservatory_12x12,-53162.04,-39636.46,5072.41,500.0,140.0,250.0
857,5,ZONE_FACULTY_ABYSSAL,0,Foundation,SM_FC_Foundation_SlopeCompensated_12x12,-49104.36,-43694.13,3636.62,400.0,850.0,1200.0
857,5,ZONE_FACULTY_ABYSSAL,1,GroundFloor,SM_FC_Ground_Lobby_Transit_12x12,-49104.36,-43694.13,4036.62,600.0,450.0,600.0
857,5,ZONE_FACULTY_ABYSSAL,2,IntermediateFloor,SM_FC_Mid_Academic_Lab_12x12,-49104.36,-43694.13,4636.62,400.0,320.0,400.0
857,5,ZONE_FACULTY_ABYSSAL,3,Roof,SM_FC_Roof_SolarObservatory_12x12,-49104.36,-43694.13,5036.62,500.0,140.0,250.0
858,5,ZONE_FACULTY_ABYSSAL,0,Foundation,SM_FC_Foundation_SlopeCompensated_12x12,-45046.69,-47751.8,4073.8,400.0,850.0,1200.0
858,5,ZONE_FACULTY_ABYSSAL,1,GroundFloor,SM_FC_Ground_Lobby_Transit_12x12,-45046.69,-47751.8,4473.8,600.0,450.0,600.0
858,5,ZONE_FACULTY_ABYSSAL,2,IntermediateFloor,SM_FC_Mid_Academic_Lab_12x12,-45046.69,-47751.8,5073.8,400.0,320.0,400.0
858,5,ZONE_FACULTY_ABYSSAL,3,IntermediateFloor,SM_FC_Mid_Faculty_Chambers_12x12,-45046.69,-47751.8,5473.8,400.0,280.0,400.0
858,5,ZONE_FACULTY_ABYSSAL,4,IntermediateFloor,SM_FC_Mid_Academic_Lab_12x12,-45046.69,-47751.8,5873.8,400.0,320.0,400.0
858,5,ZONE_FACULTY_ABYSSAL,5,IntermediateFloor,SM_FC_Mid_Faculty_Chambers_12x12,-45046.69,-47751.8,6273.8,400.0,280.0,400.0
858,5,ZONE_FACULTY_ABYSSAL,6,IntermediateFloor,SM_FC_Mid_Academic_Lab_12x12,-45046.69,-47751.8,6673.8,400.0,320.0,400.0
858,5,ZONE_FACULTY_ABYSSAL,7,IntermediateFloor,SM_FC_Mid_Faculty_Chambers_12x12,-45046.69,-47751.8,7073.8,400.0,280.0,400.0
858,5,ZONE_FACULTY_ABYSSAL,8,Roof,SM_FC_Roof_SolarObservatory_12x12,-45046.69,-47751.8,7473.8,500.0,140.0,250.0
859,5,ZONE_FACULTY_ABYSSAL,0,Foundation,SM_FC_Foundation_SlopeCompensated_12x12,-40989.01,-51809.48,2435.92,400.0,850.0,1200.0
859,5,ZONE_FACULTY_ABYSSAL,1,GroundFloor,SM_FC_Ground_Lobby_Transit_12x12,-40989.01,-51809.48,2835.92,600.0,450.0,600.0
859,5,ZONE_FACULTY_ABYSSAL,2,IntermediateFloor,SM_FC_Mid_Academic_Lab_12x12,-40989.01,-51809.48,3435.92,400.0,320.0,400.0
859,5,ZONE_FACULTY_ABYSSAL,3,IntermediateFloor,SM_FC_Mid_Faculty_Chambers_12x12,-40989.01,-51809.48,3835.92,400.0,280.0,400.0
859,5,ZONE_FACULTY_ABYSSAL,4,IntermediateFloor,SM_FC_Mid_Academic_Lab_12x12,-40989.01,-51809.48,4235.92,400.0,320.0,400.0
859,5,ZONE_FACULTY_ABYSSAL,5,IntermediateFloor,SM_FC_Mid_Faculty_Chambers_12x12,-40989.01,-51809.48,4635.92,400.0,280.0,400.0
859,5,ZONE_FACULTY_ABYSSAL,6,Roof,SM_FC_Roof_SolarObservatory_12x12,-40989.01,-51809.48,5035.92,500.0,140.0,250.0
860,5,ZONE_FACULTY_ABYSSAL,0,Foundation,SM_FC_Foundation_SlopeCompensated_12x12,-36931.34,-55867.15,-180.94,400.0,850.0,1200.0
860,5,ZONE_FACULTY_ABYSSAL,1,GroundFloor,SM_FC_Ground_Lobby_Transit_12x12,-36931.34,-55867.15,219.06,600.0,450.0,600.0
860,5,ZONE_FACULTY_ABYSSAL,2,IntermediateFloor,SM_FC_Mid_Academic_Lab_12x12,-36931.34,-55867.15,819.06,400.0,320.0,400.0
860,5,ZONE_FACULTY_ABYSSAL,3,IntermediateFloor,SM_FC_Mid_Faculty_Chambers_12x12,-36931.34,-55867.15,1219.06,400.0,280.0,400.0
860,5,ZONE_FACULTY_ABYSSAL,4,IntermediateFloor,SM_FC_Mid_Academic_Lab_12x12,-36931.34,-55867.15,1619.06,400.0,320.0,400.0
860,5,ZONE_FACULTY_ABYSSAL,5,IntermediateFloor,SM_FC_Mid_Faculty_Chambers_12x12,-36931.34,-55867.15,2019.06,400.0,280.0,400.0
860,5,ZONE_FACULTY_ABYSSAL,6,Roof,SM_FC_Roof_SolarObservatory_12x12,-36931.34,-55867.15,2419.06,500.0,140.0,250.0
861,5,ZONE_FACULTY_ABYSSAL,0,Foundation,SM_FC_Foundation_SlopeCompensated_12x12,-57392.36,-39880.22,-1.87,400.0,850.0,1200.0
861,5,ZONE_FACULTY_ABYSSAL,1,GroundFloor,SM_FC_Ground_Lobby_Transit_12x12,-57392.36,-39880.22,398.13,600.0,450.0,600.0
861,5,ZONE_FACULTY_ABYSSAL,2,IntermediateFloor,SM_FC_Mid_Academic_Lab_12x12,-57392.36,-39880.22,998.13,400.0,320.0,400.0
861,5,ZONE_FACULTY_ABYSSAL,3,IntermediateFloor,SM_FC_Mid_Faculty_Chambers_12x12,-57392.36,-39880.22,1398.13,400.0,280.0,400.0
861,5,ZONE_FACULTY_ABYSSAL,4,IntermediateFloor,SM_FC_Mid_Academic_Lab_12x12,-57392.36,-39880.22,1798.13,400.0,320.0,400.0
861,5,ZONE_FACULTY_ABYSSAL,5,IntermediateFloor,SM_FC_Mid_Faculty_Chambers_12x12,-57392.36,-39880.22,2198.13,400.0,280.0,400.0
861,5,ZONE_FACULTY_ABYSSAL,6,IntermediateFloor,SM_FC_Mid_Academic_Lab_12x12,-57392.36,-39880.22,2598.13,400.0,320.0,400.0
861,5,ZONE_FACULTY_ABYSSAL,7,Roof,SM_FC_Roof_SolarObservatory_12x12,-57392.36,-39880.22,2998.13,500.0,140.0,250.0
862,5,ZONE_FACULTY_ABYSSAL,0,Foundation,SM_FC_Foundation_SlopeCompensated_12x12,-53639.76,-43632.82,2576.61,400.0,850.0,1200.0
862,5,ZONE_FACULTY_ABYSSAL,1,GroundFloor,SM_FC_Ground_Lobby_Transit_12x12,-53639.76,-43632.82,2976.61,600.0,450.0,600.0
862,5,ZONE_FACULTY_ABYSSAL,2,IntermediateFloor,SM_FC_Mid_Academic_Lab_12x12,-53639.76,-43632.82,3576.61,400.0,320.0,400.0
862,5,ZONE_FACULTY_ABYSSAL,3,Roof,SM_FC_Roof_SolarObservatory_12x12,-53639.76,-43632.82,3976.61,500.0,140.0,250.0
863,5,ZONE_FACULTY_ABYSSAL,0,Foundation,SM_FC_Foundation_SlopeCompensated_12x12,-49887.15,-47385.42,4192.24,400.0,850.0,1200.0
863,5,ZONE_FACULTY_ABYSSAL,1,GroundFloor,SM_FC_Ground_Lobby_Transit_12x12,-49887.15,-47385.42,4592.24,600.0,450.0,600.0
863,5,ZONE_FACULTY_ABYSSAL,2,IntermediateFloor,SM_FC_Mid_Academic_Lab_12x12,-49887.15,-47385.42,5192.24,400.0,320.0,400.0
863,5,ZONE_FACULTY_ABYSSAL,3,Roof,SM_FC_Roof_SolarObservatory_12x12,-49887.15,-47385.42,5592.24,500.0,140.0,250.0
864,5,ZONE_FACULTY_ABYSSAL,0,Foundation,SM_FC_Foundation_SlopeCompensated_12x12,-46134.55,-51138.02,3760.68,400.0,850.0,1200.0
864,5,ZONE_FACULTY_ABYSSAL,1,GroundFloor,SM_FC_Ground_Lobby_Transit_12x12,-46134.55,-51138.02,4160.68,600.0,450.0,600.0
864,5,ZONE_FACULTY_ABYSSAL,2,IntermediateFloor,SM_FC_Mid_Academic_Lab_12x12,-46134.55,-51138.02,4760.68,400.0,320.0,400.0
864,5,ZONE_FACULTY_ABYSSAL,3,Roof,SM_FC_Roof_SolarObservatory_12x12,-46134.55,-51138.02,5160.68,500.0,140.0,250.0
865,5,ZONE_FACULTY_ABYSSAL,0,Foundation,SM_FC_Foundation_SlopeCompensated_12x12,-42381.95,-54890.62,1824.1,400.0,850.0,1200.0
865,5,ZONE_FACULTY_ABYSSAL,1,GroundFloor,SM_FC_Ground_Lobby_Transit_12x12,-42381.95,-54890.62,2224.1,600.0,450.0,600.0
865,5,ZONE_FACULTY_ABYSSAL,2,IntermediateFloor,SM_FC_Mid_Academic_Lab_12x12,-42381.95,-54890.62,2824.1,400.0,320.0,400.0
865,5,ZONE_FACULTY_ABYSSAL,3,IntermediateFloor,SM_FC_Mid_Faculty_Chambers_12x12,-42381.95,-54890.62,3224.1,400.0,280.0,400.0
865,5,ZONE_FACULTY_ABYSSAL,4,IntermediateFloor,SM_FC_Mid_Academic_Lab_12x12,-42381.95,-54890.62,3624.1,400.0,320.0,400.0
865,5,ZONE_FACULTY_ABYSSAL,5,IntermediateFloor,SM_FC_Mid_Faculty_Chambers_12x12,-42381.95,-54890.62,4024.1,400.0,280.0,400.0
865,5,ZONE_FACULTY_ABYSSAL,6,Roof,SM_FC_Roof_SolarObservatory_12x12,-42381.95,-54890.62,4424.1,500.0,140.0,250.0
866,5,ZONE_FACULTY_ABYSSAL,0,Foundation,SM_FC_Foundation_SlopeCompensated_12x12,-57748.37,-43998.28,1146.26,400.0,850.0,1200.0
866,5,ZONE_FACULTY_ABYSSAL,1,GroundFloor,SM_FC_Ground_Lobby_Transit_12x12,-57748.37,-43998.28,1546.26,600.0,450.0,600.0
866,5,ZONE_FACULTY_ABYSSAL,2,IntermediateFloor,SM_FC_Mid_Academic_Lab_12x12,-57748.37,-43998.28,2146.26,400.0,320.0,400.0
866,5,ZONE_FACULTY_ABYSSAL,3,IntermediateFloor,SM_FC_Mid_Faculty_Chambers_12x12,-57748.37,-43998.28,2546.26,400.0,280.0,400.0
866,5,ZONE_FACULTY_ABYSSAL,4,Roof,SM_FC_Roof_SolarObservatory_12x12,-57748.37,-43998.28,2946.26,500.0,140.0,250.0
867,5,ZONE_FACULTY_ABYSSAL,0,Foundation,SM_FC_Foundation_SlopeCompensated_12x12,-54310.85,-47435.8,3349.08,400.0,850.0,1200.0
867,5,ZONE_FACULTY_ABYSSAL,1,GroundFloor,SM_FC_Ground_Lobby_Transit_12x12,-54310.85,-47435.8,3749.08,600.0,450.0,600.0
867,5,ZONE_FACULTY_ABYSSAL,2,IntermediateFloor,SM_FC_Mid_Academic_Lab_12x12,-54310.85,-47435.8,4349.08,400.0,320.0,400.0
867,5,ZONE_FACULTY_ABYSSAL,3,Roof,SM_FC_Roof_SolarObservatory_12x12,-54310.85,-47435.8,4749.08,500.0,140.0,250.0
868,5,ZONE_FACULTY_ABYSSAL,0,Foundation,SM_FC_Foundation_SlopeCompensated_12x12,-50873.33,-50873.33,4615.7,400.0,850.0,1200.0
868,5,ZONE_FACULTY_ABYSSAL,1,GroundFloor,SM_FC_Ground_Lobby_Transit_12x12,-50873.33,-50873.33,5015.7,600.0,450.0,600.0
868,5,ZONE_FACULTY_ABYSSAL,2,IntermediateFloor,SM_FC_Mid_Academic_Lab_12x12,-50873.33,-50873.33,5615.7,400.0,320.0,400.0
868,5,ZONE_FACULTY_ABYSSAL,3,IntermediateFloor,SM_FC_Mid_Faculty_Chambers_12x12,-50873.33,-50873.33,6015.7,400.0,280.0,400.0
868,5,ZONE_FACULTY_ABYSSAL,4,IntermediateFloor,SM_FC_Mid_Academic_Lab_12x12,-50873.33,-50873.33,6415.7,400.0,320.0,400.0
868,5,ZONE_FACULTY_ABYSSAL,5,IntermediateFloor,SM_FC_Mid_Faculty_Chambers_12x12,-50873.33,-50873.33,6815.7,400.0,280.0,400.0
868,5,ZONE_FACULTY_ABYSSAL,6,Roof,SM_FC_Roof_SolarObservatory_12x12,-50873.33,-50873.33,7215.7,500.0,140.0,250.0
869,5,ZONE_FACULTY_ABYSSAL,0,Foundation,SM_FC_Foundation_SlopeCompensated_12x12,-47435.8,-54310.85,3349.08,400.0,850.0,1200.0
869,5,ZONE_FACULTY_ABYSSAL,1,GroundFloor,SM_FC_Ground_Lobby_Transit_12x12,-47435.8,-54310.85,3749.08,600.0,450.0,600.0
869,5,ZONE_FACULTY_ABYSSAL,2,IntermediateFloor,SM_FC_Mid_Academic_Lab_12x12,-47435.8,-54310.85,4349.08,400.0,320.0,400.0
869,5,ZONE_FACULTY_ABYSSAL,3,IntermediateFloor,SM_FC_Mid_Faculty_Chambers_12x12,-47435.8,-54310.85,4749.08,400.0,280.0,400.0
869,5,ZONE_FACULTY_ABYSSAL,4,Roof,SM_FC_Roof_SolarObservatory_12x12,-47435.8,-54310.85,5149.08,500.0,140.0,250.0
870,5,ZONE_FACULTY_ABYSSAL,0,Foundation,SM_FC_Foundation_SlopeCompensated_12x12,-43998.28,-57748.37,1146.26,400.0,850.0,1200.0
870,5,ZONE_FACULTY_ABYSSAL,1,GroundFloor,SM_FC_Ground_Lobby_Transit_12x12,-43998.28,-57748.37,1546.26,600.0,450.0,600.0
870,5,ZONE_FACULTY_ABYSSAL,2,IntermediateFloor,SM_FC_Mid_Academic_Lab_12x12,-43998.28,-57748.37,2146.26,400.0,320.0,400.0
870,5,ZONE_FACULTY_ABYSSAL,3,Roof,SM_FC_Roof_SolarObservatory_12x12,-43998.28,-57748.37,2546.26,500.0,140.0,250.0
871,5,ZONE_FACULTY_ABYSSAL,0,Foundation,SM_FC_Foundation_SlopeCompensated_12x12,-58303.5,-47917.23,2153.35,400.0,850.0,1200.0
871,5,ZONE_FACULTY_ABYSSAL,1,GroundFloor,SM_FC_Ground_Lobby_Transit_12x12,-58303.5,-47917.23,2553.35,600.0,450.0,600.0
871,5,ZONE_FACULTY_ABYSSAL,2,IntermediateFloor,SM_FC_Mid_Academic_Lab_12x12,-58303.5,-47917.23,3153.35,400.0,320.0,400.0
871,5,ZONE_FACULTY_ABYSSAL,3,IntermediateFloor,SM_FC_Mid_Faculty_Chambers_12x12,-58303.5,-47917.23,3553.35,400.0,280.0,400.0
871,5,ZONE_FACULTY_ABYSSAL,4,IntermediateFloor,SM_FC_Mid_Academic_Lab_12x12,-58303.5,-47917.23,3953.35,400.0,320.0,400.0
871,5,ZONE_FACULTY_ABYSSAL,5,IntermediateFloor,SM_FC_Mid_Faculty_Chambers_12x12,-58303.5,-47917.23,4353.35,400.0,280.0,400.0
871,5,ZONE_FACULTY_ABYSSAL,6,IntermediateFloor,SM_FC_Mid_Academic_Lab_12x12,-58303.5,-47917.23,4753.35,400.0,320.0,400.0
871,5,ZONE_FACULTY_ABYSSAL,7,IntermediateFloor,SM_FC_Mid_Faculty_Chambers_12x12,-58303.5,-47917.23,5153.35,400.0,280.0,400.0
871,5,ZONE_FACULTY_ABYSSAL,8,Roof,SM_FC_Roof_SolarObservatory_12x12,-58303.5,-47917.23,5553.35,500.0,140.0,250.0
872,5,ZONE_FACULTY_ABYSSAL,0,Foundation,SM_FC_Foundation_SlopeCompensated_12x12,-55187.62,-51033.11,3980.41,400.0,850.0,1200.0
872,5,ZONE_FACULTY_ABYSSAL,1,GroundFloor,SM_FC_Ground_Lobby_Transit_12x12,-55187.62,-51033.11,4380.41,600.0,450.0,600.0
872,5,ZONE_FACULTY_ABYSSAL,2,IntermediateFloor,SM_FC_Mid_Academic_Lab_12x12,-55187.62,-51033.11,4980.41,400.0,320.0,400.0
872,5,ZONE_FACULTY_ABYSSAL,3,IntermediateFloor,SM_FC_Mid_Faculty_Chambers_12x12,-55187.62,-51033.11,5380.41,400.0,280.0,400.0
872,5,ZONE_FACULTY_ABYSSAL,4,IntermediateFloor,SM_FC_Mid_Academic_Lab_12x12,-55187.62,-51033.11,5780.41,400.0,320.0,400.0
872,5,ZONE_FACULTY_ABYSSAL,5,Roof,SM_FC_Roof_SolarObservatory_12x12,-55187.62,-51033.11,6180.41,500.0,140.0,250.0
873,5,ZONE_FACULTY_ABYSSAL,0,Foundation,SM_FC_Foundation_SlopeCompensated_12x12,-52071.74,-54148.99,4389.59,400.0,850.0,1200.0
873,5,ZONE_FACULTY_ABYSSAL,1,GroundFloor,SM_FC_Ground_Lobby_Transit_12x12,-52071.74,-54148.99,4789.59,600.0,450.0,600.0
873,5,ZONE_FACULTY_ABYSSAL,2,IntermediateFloor,SM_FC_Mid_Academic_Lab_12x12,-52071.74,-54148.99,5389.59,400.0,320.0,400.0
873,5,ZONE_FACULTY_ABYSSAL,3,IntermediateFloor,SM_FC_Mid_Faculty_Chambers_12x12,-52071.74,-54148.99,5789.59,400.0,280.0,400.0
873,5,ZONE_FACULTY_ABYSSAL,4,Roof,SM_FC_Roof_SolarObservatory_12x12,-52071.74,-54148.99,6189.59,500.0,140.0,250.0
874,5,ZONE_FACULTY_ABYSSAL,0,Foundation,SM_FC_Foundation_SlopeCompensated_12x12,-48955.86,-57264.88,2862.29,400.0,850.0,1200.0
874,5,ZONE_FACULTY_ABYSSAL,1,GroundFloor,SM_FC_Ground_Lobby_Transit_12x12,-48955.86,-57264.88,3262.29,600.0,450.0,600.0
874,5,ZONE_FACULTY_ABYSSAL,2,IntermediateFloor,SM_FC_Mid_Academic_Lab_12x12,-48955.86,-57264.88,3862.29,400.0,320.0,400.0
874,5,ZONE_FACULTY_ABYSSAL,3,IntermediateFloor,SM_FC_Mid_Faculty_Chambers_12x12,-48955.86,-57264.88,4262.29,400.0,280.0,400.0
874,5,ZONE_FACULTY_ABYSSAL,4,IntermediateFloor,SM_FC_Mid_Academic_Lab_12x12,-48955.86,-57264.88,4662.29,400.0,320.0,400.0
874,5,ZONE_FACULTY_ABYSSAL,5,Roof,SM_FC_Roof_SolarObservatory_12x12,-48955.86,-57264.88,5062.29,500.0,140.0,250.0
875,5,ZONE_FACULTY_ABYSSAL,0,Foundation,SM_FC_Foundation_SlopeCompensated_12x12,-45839.98,-60380.76,435.72,400.0,850.0,1200.0
875,5,ZONE_FACULTY_ABYSSAL,1,GroundFloor,SM_FC_Ground_Lobby_Transit_12x12,-45839.98,-60380.76,835.72,600.0,450.0,600.0
875,5,ZONE_FACULTY_ABYSSAL,2,IntermediateFloor,SM_FC_Mid_Academic_Lab_12x12,-45839.98,-60380.76,1435.72,400.0,320.0,400.0
875,5,ZONE_FACULTY_ABYSSAL,3,IntermediateFloor,SM_FC_Mid_Faculty_Chambers_12x12,-45839.98,-60380.76,1835.72,400.0,280.0,400.0
875,5,ZONE_FACULTY_ABYSSAL,4,IntermediateFloor,SM_FC_Mid_Academic_Lab_12x12,-45839.98,-60380.76,2235.72,400.0,320.0,400.0
875,5,ZONE_FACULTY_ABYSSAL,5,Roof,SM_FC_Roof_SolarObservatory_12x12,-45839.98,-60380.76,2635.72,500.0,140.0,250.0
876,5,ZONE_FACULTY_ABYSSAL,0,Foundation,SM_FC_Foundation_SlopeCompensated_12x12,-61859.33,-48835.49,692.34,400.0,850.0,1200.0
876,5,ZONE_FACULTY_ABYSSAL,1,GroundFloor,SM_FC_Ground_Lobby_Transit_12x12,-61859.33,-48835.49,1092.34,600.0,450.0,600.0
876,5,ZONE_FACULTY_ABYSSAL,2,IntermediateFloor,SM_FC_Mid_Academic_Lab_12x12,-61859.33,-48835.49,1692.34,400.0,320.0,400.0
876,5,ZONE_FACULTY_ABYSSAL,3,IntermediateFloor,SM_FC_Mid_Faculty_Chambers_12x12,-61859.33,-48835.49,2092.34,400.0,280.0,400.0
876,5,ZONE_FACULTY_ABYSSAL,4,IntermediateFloor,SM_FC_Mid_Academic_Lab_12x12,-61859.33,-48835.49,2492.34,400.0,320.0,400.0
876,5,ZONE_FACULTY_ABYSSAL,5,IntermediateFloor,SM_FC_Mid_Faculty_Chambers_12x12,-61859.33,-48835.49,2892.34,400.0,280.0,400.0
876,5,ZONE_FACULTY_ABYSSAL,6,IntermediateFloor,SM_FC_Mid_Academic_Lab_12x12,-61859.33,-48835.49,3292.34,400.0,320.0,400.0
876,5,ZONE_FACULTY_ABYSSAL,7,Roof,SM_FC_Roof_SolarObservatory_12x12,-61859.33,-48835.49,3692.34,500.0,140.0,250.0
877,5,ZONE_FACULTY_ABYSSAL,0,Foundation,SM_FC_Foundation_SlopeCompensated_12x12,-59068.5,-51626.31,3006.6,400.0,850.0,1200.0
877,5,ZONE_FACULTY_ABYSSAL,1,GroundFloor,SM_FC_Ground_Lobby_Transit_12x12,-59068.5,-51626.31,3406.6,600.0,450.0,600.0
877,5,ZONE_FACULTY_ABYSSAL,2,IntermediateFloor,SM_FC_Mid_Academic_Lab_12x12,-59068.5,-51626.31,4006.6,400.0,320.0,400.0
877,5,ZONE_FACULTY_ABYSSAL,3,IntermediateFloor,SM_FC_Mid_Faculty_Chambers_12x12,-59068.5,-51626.31,4406.6,400.0,280.0,400.0
877,5,ZONE_FACULTY_ABYSSAL,4,IntermediateFloor,SM_FC_Mid_Academic_Lab_12x12,-59068.5,-51626.31,4806.6,400.0,320.0,400.0
877,5,ZONE_FACULTY_ABYSSAL,5,IntermediateFloor,SM_FC_Mid_Faculty_Chambers_12x12,-59068.5,-51626.31,5206.6,400.0,280.0,400.0
877,5,ZONE_FACULTY_ABYSSAL,6,IntermediateFloor,SM_FC_Mid_Academic_Lab_12x12,-59068.5,-51626.31,5606.6,400.0,320.0,400.0
877,5,ZONE_FACULTY_ABYSSAL,7,IntermediateFloor,SM_FC_Mid_Faculty_Chambers_12x12,-59068.5,-51626.31,6006.6,400.0,280.0,400.0
877,5,ZONE_FACULTY_ABYSSAL,8,Roof,SM_FC_Roof_SolarObservatory_12x12,-59068.5,-51626.31,6406.6,500.0,140.0,250.0
878,5,ZONE_FACULTY_ABYSSAL,0,Foundation,SM_FC_Foundation_SlopeCompensated_12x12,-56277.68,-54417.13,4468.38,400.0,850.0,1200.0
878,5,ZONE_FACULTY_ABYSSAL,1,GroundFloor,SM_FC_Ground_Lobby_Transit_12x12,-56277.68,-54417.13,4868.38,600.0,450.0,600.0
878,5,ZONE_FACULTY_ABYSSAL,2,IntermediateFloor,SM_FC_Mid_Academic_Lab_12x12,-56277.68,-54417.13,5468.38,400.0,320.0,400.0
878,5,ZONE_FACULTY_ABYSSAL,3,IntermediateFloor,SM_FC_Mid_Faculty_Chambers_12x12,-56277.68,-54417.13,5868.38,400.0,280.0,400.0
878,5,ZONE_FACULTY_ABYSSAL,4,IntermediateFloor,SM_FC_Mid_Academic_Lab_12x12,-56277.68,-54417.13,6268.38,400.0,320.0,400.0
878,5,ZONE_FACULTY_ABYSSAL,5,IntermediateFloor,SM_FC_Mid_Faculty_Chambers_12x12,-56277.68,-54417.13,6668.38,400.0,280.0,400.0
878,5,ZONE_FACULTY_ABYSSAL,6,IntermediateFloor,SM_FC_Mid_Academic_Lab_12x12,-56277.68,-54417.13,7068.38,400.0,320.0,400.0
878,5,ZONE_FACULTY_ABYSSAL,7,Roof,SM_FC_Roof_SolarObservatory_12x12,-56277.68,-54417.13,7468.38,500.0,140.0,250.0
879,5,ZONE_FACULTY_ABYSSAL,0,Foundation,SM_FC_Foundation_SlopeCompensated_12x12,-53486.86,-57207.96,4075.84,400.0,850.0,1200.0
879,5,ZONE_FACULTY_ABYSSAL,1,GroundFloor,SM_FC_Ground_Lobby_Transit_12x12,-53486.86,-57207.96,4475.84,600.0,450.0,600.0
879,5,ZONE_FACULTY_ABYSSAL,2,IntermediateFloor,SM_FC_Mid_Academic_Lab_12x12,-53486.86,-57207.96,5075.84,400.0,320.0,400.0
879,5,ZONE_FACULTY_ABYSSAL,3,Roof,SM_FC_Roof_SolarObservatory_12x12,-53486.86,-57207.96,5475.84,500.0,140.0,250.0
880,5,ZONE_FACULTY_ABYSSAL,0,Foundation,SM_FC_Foundation_SlopeCompensated_12x12,-50696.04,-59998.78,2329.9,400.0,850.0,1200.0
880,5,ZONE_FACULTY_ABYSSAL,1,GroundFloor,SM_FC_Ground_Lobby_Transit_12x12,-50696.04,-59998.78,2729.9,600.0,450.0,600.0
880,5,ZONE_FACULTY_ABYSSAL,2,IntermediateFloor,SM_FC_Mid_Academic_Lab_12x12,-50696.04,-59998.78,3329.9,400.0,320.0,400.0
880,5,ZONE_FACULTY_ABYSSAL,3,IntermediateFloor,SM_FC_Mid_Faculty_Chambers_12x12,-50696.04,-59998.78,3729.9,400.0,280.0,400.0
880,5,ZONE_FACULTY_ABYSSAL,4,Roof,SM_FC_Roof_SolarObservatory_12x12,-50696.04,-59998.78,4129.9,500.0,140.0,250.0
881,5,ZONE_FACULTY_ABYSSAL,0,Foundation,SM_FC_Foundation_SlopeCompensated_12x12,-62514.94,-52653.95,1787.16,400.0,850.0,1200.0
881,5,ZONE_FACULTY_ABYSSAL,1,GroundFloor,SM_FC_Ground_Lobby_Transit_12x12,-62514.94,-52653.95,2187.16,600.0,450.0,600.0
881,5,ZONE_FACULTY_ABYSSAL,2,IntermediateFloor,SM_FC_Mid_Academic_Lab_12x12,-62514.94,-52653.95,2787.16,400.0,320.0,400.0
881,5,ZONE_FACULTY_ABYSSAL,3,IntermediateFloor,SM_FC_Mid_Faculty_Chambers_12x12,-62514.94,-52653.95,3187.16,400.0,280.0,400.0
881,5,ZONE_FACULTY_ABYSSAL,4,Roof,SM_FC_Roof_SolarObservatory_12x12,-62514.94,-52653.95,3587.16,500.0,140.0,250.0
882,5,ZONE_FACULTY_ABYSSAL,0,Foundation,SM_FC_Foundation_SlopeCompensated_12x12,-60049.69,-55119.2,3700.55,400.0,850.0,1200.0
882,5,ZONE_FACULTY_ABYSSAL,1,GroundFloor,SM_FC_Ground_Lobby_Transit_12x12,-60049.69,-55119.2,4100.55,600.0,450.0,600.0
882,5,ZONE_FACULTY_ABYSSAL,2,IntermediateFloor,SM_FC_Mid_Academic_Lab_12x12,-60049.69,-55119.2,4700.55,400.0,320.0,400.0
882,5,ZONE_FACULTY_ABYSSAL,3,Roof,SM_FC_Roof_SolarObservatory_12x12,-60049.69,-55119.2,5100.55,500.0,140.0,250.0
883,5,ZONE_FACULTY_ABYSSAL,0,Foundation,SM_FC_Foundation_SlopeCompensated_12x12,-57584.45,-57584.45,4817.57,400.0,850.0,1200.0
883,5,ZONE_FACULTY_ABYSSAL,1,GroundFloor,SM_FC_Ground_Lobby_Transit_12x12,-57584.45,-57584.45,5217.57,600.0,450.0,600.0
883,5,ZONE_FACULTY_ABYSSAL,2,IntermediateFloor,SM_FC_Mid_Academic_Lab_12x12,-57584.45,-57584.45,5817.57,400.0,320.0,400.0
883,5,ZONE_FACULTY_ABYSSAL,3,Roof,SM_FC_Roof_SolarObservatory_12x12,-57584.45,-57584.45,6217.57,500.0,140.0,250.0
884,5,ZONE_FACULTY_ABYSSAL,0,Foundation,SM_FC_Foundation_SlopeCompensated_12x12,-55119.2,-60049.69,3700.55,400.0,850.0,1200.0
884,5,ZONE_FACULTY_ABYSSAL,1,GroundFloor,SM_FC_Ground_Lobby_Transit_12x12,-55119.2,-60049.69,4100.55,600.0,450.0,600.0
884,5,ZONE_FACULTY_ABYSSAL,2,IntermediateFloor,SM_FC_Mid_Academic_Lab_12x12,-55119.2,-60049.69,4700.55,400.0,320.0,400.0
884,5,ZONE_FACULTY_ABYSSAL,3,IntermediateFloor,SM_FC_Mid_Faculty_Chambers_12x12,-55119.2,-60049.69,5100.55,400.0,280.0,400.0
884,5,ZONE_FACULTY_ABYSSAL,4,Roof,SM_FC_Roof_SolarObservatory_12x12,-55119.2,-60049.69,5500.55,500.0,140.0,250.0
885,5,ZONE_FACULTY_ABYSSAL,0,Foundation,SM_FC_Foundation_SlopeCompensated_12x12,-52653.95,-62514.94,1787.16,400.0,850.0,1200.0
885,5,ZONE_FACULTY_ABYSSAL,1,GroundFloor,SM_FC_Ground_Lobby_Transit_12x12,-52653.95,-62514.94,2187.16,600.0,450.0,600.0
885,5,ZONE_FACULTY_ABYSSAL,2,IntermediateFloor,SM_FC_Mid_Academic_Lab_12x12,-52653.95,-62514.94,2787.16,400.0,320.0,400.0
885,5,ZONE_FACULTY_ABYSSAL,3,IntermediateFloor,SM_FC_Mid_Faculty_Chambers_12x12,-52653.95,-62514.94,3187.16,400.0,280.0,400.0
885,5,ZONE_FACULTY_ABYSSAL,4,IntermediateFloor,SM_FC_Mid_Academic_Lab_12x12,-52653.95,-62514.94,3587.16,400.0,320.0,400.0
885,5,ZONE_FACULTY_ABYSSAL,5,IntermediateFloor,SM_FC_Mid_Faculty_Chambers_12x12,-52653.95,-62514.94,3987.16,400.0,280.0,400.0
885,5,ZONE_FACULTY_ABYSSAL,6,IntermediateFloor,SM_FC_Mid_Academic_Lab_12x12,-52653.95,-62514.94,4387.16,400.0,320.0,400.0
885,5,ZONE_FACULTY_ABYSSAL,7,IntermediateFloor,SM_FC_Mid_Faculty_Chambers_12x12,-52653.95,-62514.94,4787.16,400.0,280.0,400.0
885,5,ZONE_FACULTY_ABYSSAL,8,Roof,SM_FC_Roof_SolarObservatory_12x12,-52653.95,-62514.94,5187.16,500.0,140.0,250.0
886,5,ZONE_FACULTY_ABYSSAL,0,Foundation,SM_FC_Foundation_SlopeCompensated_12x12,-63391.27,-56251.7,2610.33,400.0,850.0,1200.0
886,5,ZONE_FACULTY_ABYSSAL,1,GroundFloor,SM_FC_Ground_Lobby_Transit_12x12,-63391.27,-56251.7,3010.33,600.0,450.0,600.0
886,5,ZONE_FACULTY_ABYSSAL,2,IntermediateFloor,SM_FC_Mid_Academic_Lab_12x12,-63391.27,-56251.7,3610.33,400.0,320.0,400.0
886,5,ZONE_FACULTY_ABYSSAL,3,Roof,SM_FC_Roof_SolarObservatory_12x12,-63391.27,-56251.7,4010.33,500.0,140.0,250.0
887,5,ZONE_FACULTY_ABYSSAL,0,Foundation,SM_FC_Foundation_SlopeCompensated_12x12,-61249.4,-58393.57,4091.41,400.0,850.0,1200.0
887,5,ZONE_FACULTY_ABYSSAL,1,GroundFloor,SM_FC_Ground_Lobby_Transit_12x12,-61249.4,-58393.57,4491.41,600.0,450.0,600.0
887,5,ZONE_FACULTY_ABYSSAL,2,IntermediateFloor,SM_FC_Mid_Academic_Lab_12x12,-61249.4,-58393.57,5091.41,400.0,320.0,400.0
887,5,ZONE_FACULTY_ABYSSAL,3,IntermediateFloor,SM_FC_Mid_Faculty_Chambers_12x12,-61249.4,-58393.57,5491.41,400.0,280.0,400.0
887,5,ZONE_FACULTY_ABYSSAL,4,IntermediateFloor,SM_FC_Mid_Academic_Lab_12x12,-61249.4,-58393.57,5891.41,400.0,320.0,400.0
887,5,ZONE_FACULTY_ABYSSAL,5,IntermediateFloor,SM_FC_Mid_Faculty_Chambers_12x12,-61249.4,-58393.57,6291.41,400.0,280.0,400.0
887,5,ZONE_FACULTY_ABYSSAL,6,IntermediateFloor,SM_FC_Mid_Academic_Lab_12x12,-61249.4,-58393.57,6691.41,400.0,320.0,400.0
887,5,ZONE_FACULTY_ABYSSAL,7,IntermediateFloor,SM_FC_Mid_Faculty_Chambers_12x12,-61249.4,-58393.57,7091.41,400.0,280.0,400.0
887,5,ZONE_FACULTY_ABYSSAL,8,Roof,SM_FC_Roof_SolarObservatory_12x12,-61249.4,-58393.57,7491.41,500.0,140.0,250.0
888,5,ZONE_FACULTY_ABYSSAL,0,Foundation,SM_FC_Foundation_SlopeCompensated_12x12,-59107.53,-60535.44,4428.12,400.0,850.0,1200.0
888,5,ZONE_FACULTY_ABYSSAL,1,GroundFloor,SM_FC_Ground_Lobby_Transit_12x12,-59107.53,-60535.44,4828.12,600.0,450.0,600.0
888,5,ZONE_FACULTY_ABYSSAL,2,IntermediateFloor,SM_FC_Mid_Academic_Lab_12x12,-59107.53,-60535.44,5428.12,400.0,320.0,400.0
888,5,ZONE_FACULTY_ABYSSAL,3,IntermediateFloor,SM_FC_Mid_Faculty_Chambers_12x12,-59107.53,-60535.44,5828.12,400.0,280.0,400.0
888,5,ZONE_FACULTY_ABYSSAL,4,IntermediateFloor,SM_FC_Mid_Academic_Lab_12x12,-59107.53,-60535.44,6228.12,400.0,320.0,400.0
888,5,ZONE_FACULTY_ABYSSAL,5,IntermediateFloor,SM_FC_Mid_Faculty_Chambers_12x12,-59107.53,-60535.44,6628.12,400.0,280.0,400.0
888,5,ZONE_FACULTY_ABYSSAL,6,Roof,SM_FC_Roof_SolarObservatory_12x12,-59107.53,-60535.44,7028.12,500.0,140.0,250.0
889,5,ZONE_FACULTY_ABYSSAL,0,Foundation,SM_FC_Foundation_SlopeCompensated_12x12,-56965.66,-62677.32,3182.51,400.0,850.0,1200.0
889,5,ZONE_FACULTY_ABYSSAL,1,GroundFloor,SM_FC_Ground_Lobby_Transit_12x12,-56965.66,-62677.32,3582.51,600.0,450.0,600.0
889,5,ZONE_FACULTY_ABYSSAL,2,IntermediateFloor,SM_FC_Mid_Academic_Lab_12x12,-56965.66,-62677.32,4182.51,400.0,320.0,400.0
889,5,ZONE_FACULTY_ABYSSAL,3,IntermediateFloor,SM_FC_Mid_Faculty_Chambers_12x12,-56965.66,-62677.32,4582.51,400.0,280.0,400.0
889,5,ZONE_FACULTY_ABYSSAL,4,Roof,SM_FC_Roof_SolarObservatory_12x12,-56965.66,-62677.32,4982.51,500.0,140.0,250.0
890,5,ZONE_FACULTY_ABYSSAL,0,Foundation,SM_FC_Foundation_SlopeCompensated_12x12,-54823.79,-64819.19,1230.47,400.0,850.0,1200.0
890,5,ZONE_FACULTY_ABYSSAL,1,GroundFloor,SM_FC_Ground_Lobby_Transit_12x12,-54823.79,-64819.19,1630.47,600.0,450.0,600.0
890,5,ZONE_FACULTY_ABYSSAL,2,IntermediateFloor,SM_FC_Mid_Academic_Lab_12x12,-54823.79,-64819.19,2230.47,400.0,320.0,400.0
890,5,ZONE_FACULTY_ABYSSAL,3,IntermediateFloor,SM_FC_Mid_Faculty_Chambers_12x12,-54823.79,-64819.19,2630.47,400.0,280.0,400.0
890,5,ZONE_FACULTY_ABYSSAL,4,Roof,SM_FC_Roof_SolarObservatory_12x12,-54823.79,-64819.19,3030.47,500.0,140.0,250.0
891,5,ZONE_FACULTY_ABYSSAL,0,Foundation,SM_FC_Foundation_SlopeCompensated_12x12,-66312.84,-57804.22,1394.3,400.0,850.0,1200.0
891,5,ZONE_FACULTY_ABYSSAL,1,GroundFloor,SM_FC_Ground_Lobby_Transit_12x12,-66312.84,-57804.22,1794.3,600.0,450.0,600.0
891,5,ZONE_FACULTY_ABYSSAL,2,IntermediateFloor,SM_FC_Mid_Academic_Lab_12x12,-66312.84,-57804.22,2394.3,400.0,320.0,400.0
891,5,ZONE_FACULTY_ABYSSAL,3,IntermediateFloor,SM_FC_Mid_Faculty_Chambers_12x12,-66312.84,-57804.22,2794.3,400.0,280.0,400.0
891,5,ZONE_FACULTY_ABYSSAL,4,IntermediateFloor,SM_FC_Mid_Academic_Lab_12x12,-66312.84,-57804.22,3194.3,400.0,320.0,400.0
891,5,ZONE_FACULTY_ABYSSAL,5,IntermediateFloor,SM_FC_Mid_Faculty_Chambers_12x12,-66312.84,-57804.22,3594.3,400.0,280.0,400.0
891,5,ZONE_FACULTY_ABYSSAL,6,IntermediateFloor,SM_FC_Mid_Academic_Lab_12x12,-66312.84,-57804.22,3994.3,400.0,320.0,400.0
891,5,ZONE_FACULTY_ABYSSAL,7,Roof,SM_FC_Roof_SolarObservatory_12x12,-66312.84,-57804.22,4394.3,500.0,140.0,250.0
892,5,ZONE_FACULTY_ABYSSAL,0,Foundation,SM_FC_Foundation_SlopeCompensated_12x12,-64489.56,-59627.49,3004.68,400.0,850.0,1200.0
892,5,ZONE_FACULTY_ABYSSAL,1,GroundFloor,SM_FC_Ground_Lobby_Transit_12x12,-64489.56,-59627.49,3404.68,600.0,450.0,600.0
892,5,ZONE_FACULTY_ABYSSAL,2,IntermediateFloor,SM_FC_Mid_Academic_Lab_12x12,-64489.56,-59627.49,4004.68,400.0,320.0,400.0
892,5,ZONE_FACULTY_ABYSSAL,3,Roof,SM_FC_Roof_SolarObservatory_12x12,-64489.56,-59627.49,4404.68,500.0,140.0,250.0
893,5,ZONE_FACULTY_ABYSSAL,0,Foundation,SM_FC_Foundation_SlopeCompensated_12x12,-62666.29,-61450.77,4039.5,400.0,850.0,1200.0
893,5,ZONE_FACULTY_ABYSSAL,1,GroundFloor,SM_FC_Ground_Lobby_Transit_12x12,-62666.29,-61450.77,4439.5,600.0,450.0,600.0
893,5,ZONE_FACULTY_ABYSSAL,2,IntermediateFloor,SM_FC_Mid_Academic_Lab_12x12,-62666.29,-61450.77,5039.5,400.0,320.0,400.0
893,5,ZONE_FACULTY_ABYSSAL,3,IntermediateFloor,SM_FC_Mid_Faculty_Chambers_12x12,-62666.29,-61450.77,5439.5,400.0,280.0,400.0
893,5,ZONE_FACULTY_ABYSSAL,4,IntermediateFloor,SM_FC_Mid_Academic_Lab_12x12,-62666.29,-61450.77,5839.5,400.0,320.0,400.0
893,5,ZONE_FACULTY_ABYSSAL,5,IntermediateFloor,SM_FC_Mid_Faculty_Chambers_12x12,-62666.29,-61450.77,6239.5,400.0,280.0,400.0
893,5,ZONE_FACULTY_ABYSSAL,6,IntermediateFloor,SM_FC_Mid_Academic_Lab_12x12,-62666.29,-61450.77,6639.5,400.0,320.0,400.0
893,5,ZONE_FACULTY_ABYSSAL,7,Roof,SM_FC_Roof_SolarObservatory_12x12,-62666.29,-61450.77,7039.5,500.0,140.0,250.0
894,5,ZONE_FACULTY_ABYSSAL,0,Foundation,SM_FC_Foundation_SlopeCompensated_12x12,-60843.01,-63274.05,3758.51,400.0,850.0,1200.0
894,5,ZONE_FACULTY_ABYSSAL,1,GroundFloor,SM_FC_Ground_Lobby_Transit_12x12,-60843.01,-63274.05,4158.51,600.0,450.0,600.0
894,5,ZONE_FACULTY_ABYSSAL,2,IntermediateFloor,SM_FC_Mid_Academic_Lab_12x12,-60843.01,-63274.05,4758.51,400.0,320.0,400.0
894,5,ZONE_FACULTY_ABYSSAL,3,Roof,SM_FC_Roof_SolarObservatory_12x12,-60843.01,-63274.05,5158.51,500.0,140.0,250.0
895,5,ZONE_FACULTY_ABYSSAL,0,Foundation,SM_FC_Foundation_SlopeCompensated_12x12,-59019.74,-65097.32,2531.84,400.0,850.0,1200.0
895,5,ZONE_FACULTY_ABYSSAL,1,GroundFloor,SM_FC_Ground_Lobby_Transit_12x12,-59019.74,-65097.32,2931.84,600.0,450.0,600.0
895,5,ZONE_FACULTY_ABYSSAL,2,IntermediateFloor,SM_FC_Mid_Academic_Lab_12x12,-59019.74,-65097.32,3531.84,400.0,320.0,400.0
895,5,ZONE_FACULTY_ABYSSAL,3,IntermediateFloor,SM_FC_Mid_Faculty_Chambers_12x12,-59019.74,-65097.32,3931.84,400.0,280.0,400.0
895,5,ZONE_FACULTY_ABYSSAL,4,IntermediateFloor,SM_FC_Mid_Academic_Lab_12x12,-59019.74,-65097.32,4331.84,400.0,320.0,400.0
895,5,ZONE_FACULTY_ABYSSAL,5,IntermediateFloor,SM_FC_Mid_Faculty_Chambers_12x12,-59019.74,-65097.32,4731.84,400.0,280.0,400.0
895,5,ZONE_FACULTY_ABYSSAL,6,Roof,SM_FC_Roof_SolarObservatory_12x12,-59019.74,-65097.32,5131.84,500.0,140.0,250.0
896,5,ZONE_FACULTY_ABYSSAL,0,Foundation,SM_FC_Foundation_SlopeCompensated_12x12,-67319.53,-61271.6,1886.84,400.0,850.0,1200.0
896,5,ZONE_FACULTY_ABYSSAL,1,GroundFloor,SM_FC_Ground_Lobby_Transit_12x12,-67319.53,-61271.6,2286.84,600.0,450.0,600.0
896,5,ZONE_FACULTY_ABYSSAL,2,IntermediateFloor,SM_FC_Mid_Academic_Lab_12x12,-67319.53,-61271.6,2886.84,400.0,320.0,400.0
896,5,ZONE_FACULTY_ABYSSAL,3,IntermediateFloor,SM_FC_Mid_Faculty_Chambers_12x12,-67319.53,-61271.6,3286.84,400.0,280.0,400.0
896,5,ZONE_FACULTY_ABYSSAL,4,IntermediateFloor,SM_FC_Mid_Academic_Lab_12x12,-67319.53,-61271.6,3686.84,400.0,320.0,400.0
896,5,ZONE_FACULTY_ABYSSAL,5,Roof,SM_FC_Roof_SolarObservatory_12x12,-67319.53,-61271.6,4086.84,500.0,140.0,250.0
897,5,ZONE_FACULTY_ABYSSAL,0,Foundation,SM_FC_Foundation_SlopeCompensated_12x12,-65807.55,-62783.59,2962.36,400.0,850.0,1200.0
897,5,ZONE_FACULTY_ABYSSAL,1,GroundFloor,SM_FC_Ground_Lobby_Transit_12x12,-65807.55,-62783.59,3362.36,600.0,450.0,600.0
897,5,ZONE_FACULTY_ABYSSAL,2,IntermediateFloor,SM_FC_Mid_Academic_Lab_12x12,-65807.55,-62783.59,3962.36,400.0,320.0,400.0
897,5,ZONE_FACULTY_ABYSSAL,3,IntermediateFloor,SM_FC_Mid_Faculty_Chambers_12x12,-65807.55,-62783.59,4362.36,400.0,280.0,400.0
897,5,ZONE_FACULTY_ABYSSAL,4,IntermediateFloor,SM_FC_Mid_Academic_Lab_12x12,-65807.55,-62783.59,4762.36,400.0,320.0,400.0
897,5,ZONE_FACULTY_ABYSSAL,5,IntermediateFloor,SM_FC_Mid_Faculty_Chambers_12x12,-65807.55,-62783.59,5162.36,400.0,280.0,400.0
897,5,ZONE_FACULTY_ABYSSAL,6,IntermediateFloor,SM_FC_Mid_Academic_Lab_12x12,-65807.55,-62783.59,5562.36,400.0,320.0,400.0
897,5,ZONE_FACULTY_ABYSSAL,7,IntermediateFloor,SM_FC_Mid_Faculty_Chambers_12x12,-65807.55,-62783.59,5962.36,400.0,280.0,400.0
897,5,ZONE_FACULTY_ABYSSAL,8,Roof,SM_FC_Roof_SolarObservatory_12x12,-65807.55,-62783.59,6362.36,500.0,140.0,250.0
898,5,ZONE_FACULTY_ABYSSAL,0,Foundation,SM_FC_Foundation_SlopeCompensated_12x12,-64295.57,-64295.57,3609.28,400.0,850.0,1200.0
898,5,ZONE_FACULTY_ABYSSAL,1,GroundFloor,SM_FC_Ground_Lobby_Transit_12x12,-64295.57,-64295.57,4009.28,600.0,450.0,600.0
898,5,ZONE_FACULTY_ABYSSAL,2,IntermediateFloor,SM_FC_Mid_Academic_Lab_12x12,-64295.57,-64295.57,4609.28,400.0,320.0,400.0
898,5,ZONE_FACULTY_ABYSSAL,3,IntermediateFloor,SM_FC_Mid_Faculty_Chambers_12x12,-64295.57,-64295.57,5009.28,400.0,280.0,400.0
898,5,ZONE_FACULTY_ABYSSAL,4,Roof,SM_FC_Roof_SolarObservatory_12x12,-64295.57,-64295.57,5409.28,500.0,140.0,250.0
899,5,ZONE_FACULTY_ABYSSAL,0,Foundation,SM_FC_Foundation_SlopeCompensated_12x12,-62783.59,-65807.55,2962.36,400.0,850.0,1200.0
899,5,ZONE_FACULTY_ABYSSAL,1,GroundFloor,SM_FC_Ground_Lobby_Transit_12x12,-62783.59,-65807.55,3362.36,600.0,450.0,600.0
899,5,ZONE_FACULTY_ABYSSAL,2,IntermediateFloor,SM_FC_Mid_Academic_Lab_12x12,-62783.59,-65807.55,3962.36,400.0,320.0,400.0
899,5,ZONE_FACULTY_ABYSSAL,3,IntermediateFloor,SM_FC_Mid_Faculty_Chambers_12x12,-62783.59,-65807.55,4362.36,400.0,280.0,400.0
899,5,ZONE_FACULTY_ABYSSAL,4,IntermediateFloor,SM_FC_Mid_Academic_Lab_12x12,-62783.59,-65807.55,4762.36,400.0,320.0,400.0
899,5,ZONE_FACULTY_ABYSSAL,5,IntermediateFloor,SM_FC_Mid_Faculty_Chambers_12x12,-62783.59,-65807.55,5162.36,400.0,280.0,400.0
899,5,ZONE_FACULTY_ABYSSAL,6,IntermediateFloor,SM_FC_Mid_Academic_Lab_12x12,-62783.59,-65807.55,5562.36,400.0,320.0,400.0
899,5,ZONE_FACULTY_ABYSSAL,7,IntermediateFloor,SM_FC_Mid_Faculty_Chambers_12x12,-62783.59,-65807.55,5962.36,400.0,280.0,400.0
899,5,ZONE_FACULTY_ABYSSAL,8,Roof,SM_FC_Roof_SolarObservatory_12x12,-62783.59,-65807.55,6362.36,500.0,140.0,250.0
900,5,ZONE_FACULTY_ABYSSAL,0,Foundation,SM_FC_Foundation_SlopeCompensated_12x12,-61271.6,-67319.53,1886.84,400.0,850.0,1200.0
900,5,ZONE_FACULTY_ABYSSAL,1,GroundFloor,SM_FC_Ground_Lobby_Transit_12x12,-61271.6,-67319.53,2286.84,600.0,450.0,600.0
900,5,ZONE_FACULTY_ABYSSAL,2,IntermediateFloor,SM_FC_Mid_Academic_Lab_12x12,-61271.6,-67319.53,2886.84,400.0,320.0,400.0
900,5,ZONE_FACULTY_ABYSSAL,3,IntermediateFloor,SM_FC_Mid_Faculty_Chambers_12x12,-61271.6,-67319.53,3286.84,400.0,280.0,400.0
900,5,ZONE_FACULTY_ABYSSAL,4,IntermediateFloor,SM_FC_Mid_Academic_Lab_12x12,-61271.6,-67319.53,3686.84,400.0,320.0,400.0
900,5,ZONE_FACULTY_ABYSSAL,5,IntermediateFloor,SM_FC_Mid_Faculty_Chambers_12x12,-61271.6,-67319.53,4086.84,400.0,280.0,400.0
900,5,ZONE_FACULTY_ABYSSAL,6,Roof,SM_FC_Roof_SolarObservatory_12x12,-61271.6,-67319.53,4486.84,500.0,140.0,250.0
901,5,ZONE_FACULTY_ABYSSAL,0,Foundation,SM_FC_Foundation_SlopeCompensated_12x12,-68550.19,-64515.02,1921.17,400.0,850.0,1200.0
901,5,ZONE_FACULTY_ABYSSAL,1,GroundFloor,SM_FC_Ground_Lobby_Transit_12x12,-68550.19,-64515.02,2321.17,600.0,450.0,600.0
901,5,ZONE_FACULTY_ABYSSAL,2,IntermediateFloor,SM_FC_Mid_Academic_Lab_12x12,-68550.19,-64515.02,2921.17,400.0,320.0,400.0
901,5,ZONE_FACULTY_ABYSSAL,3,IntermediateFloor,SM_FC_Mid_Faculty_Chambers_12x12,-68550.19,-64515.02,3321.17,400.0,280.0,400.0
901,5,ZONE_FACULTY_ABYSSAL,4,IntermediateFloor,SM_FC_Mid_Academic_Lab_12x12,-68550.19,-64515.02,3721.17,400.0,320.0,400.0
901,5,ZONE_FACULTY_ABYSSAL,5,Roof,SM_FC_Roof_SolarObservatory_12x12,-68550.19,-64515.02,4121.17,500.0,140.0,250.0
902,5,ZONE_FACULTY_ABYSSAL,0,Foundation,SM_FC_Foundation_SlopeCompensated_12x12,-67339.64,-65725.57,2562.44,400.0,850.0,1200.0
902,5,ZONE_FACULTY_ABYSSAL,1,GroundFloor,SM_FC_Ground_Lobby_Transit_12x12,-67339.64,-65725.57,2962.44,600.0,450.0,600.0
902,5,ZONE_FACULTY_ABYSSAL,2,IntermediateFloor,SM_FC_Mid_Academic_Lab_12x12,-67339.64,-65725.57,3562.44,400.0,320.0,400.0
902,5,ZONE_FACULTY_ABYSSAL,3,IntermediateFloor,SM_FC_Mid_Faculty_Chambers_12x12,-67339.64,-65725.57,3962.44,400.0,280.0,400.0
902,5,ZONE_FACULTY_ABYSSAL,4,Roof,SM_FC_Roof_SolarObservatory_12x12,-67339.64,-65725.57,4362.44,500.0,140.0,250.0
903,5,ZONE_FACULTY_ABYSSAL,0,Foundation,SM_FC_Foundation_SlopeCompensated_12x12,-66129.09,-66936.13,2712.43,400.0,850.0,1200.0
903,5,ZONE_FACULTY_ABYSSAL,1,GroundFloor,SM_FC_Ground_Lobby_Transit_12x12,-66129.09,-66936.13,3112.43,600.0,450.0,600.0
903,5,ZONE_FACULTY_ABYSSAL,2,IntermediateFloor,SM_FC_Mid_Academic_Lab_12x12,-66129.09,-66936.13,3712.43,400.0,320.0,400.0
903,5,ZONE_FACULTY_ABYSSAL,3,IntermediateFloor,SM_FC_Mid_Faculty_Chambers_12x12,-66129.09,-66936.13,4112.43,400.0,280.0,400.0
903,5,ZONE_FACULTY_ABYSSAL,4,IntermediateFloor,SM_FC_Mid_Academic_Lab_12x12,-66129.09,-66936.13,4512.43,400.0,320.0,400.0
903,5,ZONE_FACULTY_ABYSSAL,5,IntermediateFloor,SM_FC_Mid_Faculty_Chambers_12x12,-66129.09,-66936.13,4912.43,400.0,280.0,400.0
903,5,ZONE_FACULTY_ABYSSAL,6,Roof,SM_FC_Roof_SolarObservatory_12x12,-66129.09,-66936.13,5312.43,500.0,140.0,250.0
904,5,ZONE_FACULTY_ABYSSAL,0,Foundation,SM_FC_Foundation_SlopeCompensated_12x12,-64918.54,-68146.68,2166.81,400.0,850.0,1200.0
904,5,ZONE_FACULTY_ABYSSAL,1,GroundFloor,SM_FC_Ground_Lobby_Transit_12x12,-64918.54,-68146.68,2566.81,600.0,450.0,600.0
904,5,ZONE_FACULTY_ABYSSAL,2,IntermediateFloor,SM_FC_Mid_Academic_Lab_12x12,-64918.54,-68146.68,3166.81,400.0,320.0,400.0
904,5,ZONE_FACULTY_ABYSSAL,3,IntermediateFloor,SM_FC_Mid_Faculty_Chambers_12x12,-64918.54,-68146.68,3566.81,400.0,280.0,400.0
904,5,ZONE_FACULTY_ABYSSAL,4,Roof,SM_FC_Roof_SolarObservatory_12x12,-64918.54,-68146.68,3966.81,500.0,140.0,250.0
905,5,ZONE_FACULTY_ABYSSAL,0,Foundation,SM_FC_Foundation_SlopeCompensated_12x12,-63707.99,-69357.23,1334.24,400.0,850.0,1200.0
905,5,ZONE_FACULTY_ABYSSAL,1,GroundFloor,SM_FC_Ground_Lobby_Transit_12x12,-63707.99,-69357.23,1734.24,600.0,450.0,600.0
905,5,ZONE_FACULTY_ABYSSAL,2,IntermediateFloor,SM_FC_Mid_Academic_Lab_12x12,-63707.99,-69357.23,2334.24,400.0,320.0,400.0
905,5,ZONE_FACULTY_ABYSSAL,3,IntermediateFloor,SM_FC_Mid_Faculty_Chambers_12x12,-63707.99,-69357.23,2734.24,400.0,280.0,400.0
905,5,ZONE_FACULTY_ABYSSAL,4,Roof,SM_FC_Roof_SolarObservatory_12x12,-63707.99,-69357.23,3134.24,500.0,140.0,250.0
906,5,ZONE_HARBOR_BERTH,0,Foundation,SM_FC_Foundation_SlopeCompensated_12x12,-70920.35,-66618.94,1107.01,400.0,850.0,1200.0
906,5,ZONE_HARBOR_BERTH,1,GroundFloor,SM_FC_Harbor_Submersible_Berth,-70920.35,-66618.94,1507.01,300.0,600.0,900.0
906,5,ZONE_HARBOR_BERTH,2,Roof,SM_FC_Roof_SolarObservatory_12x12,-70920.35,-66618.94,1807.01,500.0,140.0,250.0
907,5,ZONE_HARBOR_BERTH,0,Foundation,SM_FC_Foundation_SlopeCompensated_12x12,-69998.62,-67540.67,1604.83,400.0,850.0,1200.0
907,5,ZONE_HARBOR_BERTH,1,GroundFloor,SM_FC_Harbor_Submersible_Berth,-69998.62,-67540.67,2004.83,300.0,600.0,900.0
907,5,ZONE_HARBOR_BERTH,2,Roof,SM_FC_Roof_SolarObservatory_12x12,-69998.62,-67540.67,2304.83,500.0,140.0,250.0
908,5,ZONE_HARBOR_BERTH,0,Foundation,SM_FC_Foundation_SlopeCompensated_12x12,-69076.89,-68462.41,1935.68,400.0,850.0,1200.0
908,5,ZONE_HARBOR_BERTH,1,GroundFloor,SM_FC_Harbor_Submersible_Berth,-69076.89,-68462.41,2335.68,300.0,600.0,900.0
908,5,ZONE_HARBOR_BERTH,2,Roof,SM_FC_Roof_SolarObservatory_12x12,-69076.89,-68462.41,2635.68,500.0,140.0,250.0
909,5,ZONE_HARBOR_BERTH,0,Foundation,SM_FC_Foundation_SlopeCompensated_12x12,-68155.16,-69384.14,1843.94,400.0,850.0,1200.0
909,5,ZONE_HARBOR_BERTH,1,GroundFloor,SM_FC_Harbor_Submersible_Berth,-68155.16,-69384.14,2243.94,300.0,600.0,900.0
909,5,ZONE_HARBOR_BERTH,2,Roof,SM_FC_Roof_SolarObservatory_12x12,-68155.16,-69384.14,2543.94,500.0,140.0,250.0
910,5,ZONE_HARBOR_BERTH,0,Foundation,SM_FC_Foundation_SlopeCompensated_12x12,-67233.43,-70305.87,1457.44,400.0,850.0,1200.0
910,5,ZONE_HARBOR_BERTH,1,GroundFloor,SM_FC_Harbor_Submersible_Berth,-67233.43,-70305.87,1857.44,300.0,600.0,900.0
910,5,ZONE_HARBOR_BERTH,2,Roof,SM_FC_Roof_SolarObservatory_12x12,-67233.43,-70305.87,2157.44,500.0,140.0,250.0
911,5,ZONE_HARBOR_BERTH,0,Foundation,SM_FC_Foundation_SlopeCompensated_12x12,-72304.21,-69709.17,875.63,400.0,850.0,1200.0
911,5,ZONE_HARBOR_BERTH,1,GroundFloor,SM_FC_Harbor_Submersible_Berth,-72304.21,-69709.17,1275.63,300.0,600.0,900.0
911,5,ZONE_HARBOR_BERTH,2,Roof,SM_FC_Roof_SolarObservatory_12x12,-72304.21,-69709.17,1575.63,500.0,140.0,250.0
912,5,ZONE_HARBOR_BERTH,0,Foundation,SM_FC_Foundation_SlopeCompensated_12x12,-71655.45,-70357.93,1093.62,400.0,850.0,1200.0
912,5,ZONE_HARBOR_BERTH,1,GroundFloor,SM_FC_Harbor_Submersible_Berth,-71655.45,-70357.93,1493.62,300.0,600.0,900.0
912,5,ZONE_HARBOR_BERTH,2,Roof,SM_FC_Roof_SolarObservatory_12x12,-71655.45,-70357.93,1793.62,500.0,140.0,250.0
913,5,ZONE_HARBOR_BERTH,0,Foundation,SM_FC_Foundation_SlopeCompensated_12x12,-71006.69,-71006.69,1232.75,400.0,850.0,1200.0
913,5,ZONE_HARBOR_BERTH,1,GroundFloor,SM_FC_Harbor_Submersible_Berth,-71006.69,-71006.69,1632.75,300.0,600.0,900.0
913,5,ZONE_HARBOR_BERTH,2,Roof,SM_FC_Roof_SolarObservatory_12x12,-71006.69,-71006.69,1932.75,500.0,140.0,250.0
914,5,ZONE_HARBOR_BERTH,0,Foundation,SM_FC_Foundation_SlopeCompensated_12x12,-70357.93,-71655.45,1093.62,400.0,850.0,1200.0
914,5,ZONE_HARBOR_BERTH,1,GroundFloor,SM_FC_Harbor_Submersible_Berth,-70357.93,-71655.45,1493.62,300.0,600.0,900.0
914,5,ZONE_HARBOR_BERTH,2,Roof,SM_FC_Roof_SolarObservatory_12x12,-70357.93,-71655.45,1793.62,500.0,140.0,250.0
915,5,ZONE_HARBOR_BERTH,0,Foundation,SM_FC_Foundation_SlopeCompensated_12x12,-69709.17,-72304.21,875.63,400.0,850.0,1200.0
915,5,ZONE_HARBOR_BERTH,1,GroundFloor,SM_FC_Harbor_Submersible_Berth,-69709.17,-72304.21,1275.63,300.0,600.0,900.0
915,5,ZONE_HARBOR_BERTH,2,Roof,SM_FC_Roof_SolarObservatory_12x12,-69709.17,-72304.21,1575.63,500.0,140.0,250.0
916,5,ZONE_HARBOR_BERTH,0,Foundation,SM_FC_Foundation_SlopeCompensated_12x12,-73903.74,-72583.72,489.73,400.0,850.0,1200.0
916,5,ZONE_HARBOR_BERTH,1,GroundFloor,SM_FC_Harbor_Submersible_Berth,-73903.74,-72583.72,889.73,300.0,600.0,900.0
916,5,ZONE_HARBOR_BERTH,2,Roof,SM_FC_Roof_SolarObservatory_12x12,-73903.74,-72583.72,1189.73,500.0,140.0,250.0
917,5,ZONE_HARBOR_BERTH,0,Foundation,SM_FC_Foundation_SlopeCompensated_12x12,-73507.73,-72979.73,557.37,400.0,850.0,1200.0
917,5,ZONE_HARBOR_BERTH,1,GroundFloor,SM_FC_Harbor_Submersible_Berth,-73507.73,-72979.73,957.37,300.0,600.0,900.0
917,5,ZONE_HARBOR_BERTH,2,Roof,SM_FC_Roof_SolarObservatory_12x12,-73507.73,-72979.73,1257.37,500.0,140.0,250.0
918,5,ZONE_HARBOR_BERTH,0,Foundation,SM_FC_Foundation_SlopeCompensated_12x12,-73111.73,-73375.73,574.18,400.0,850.0,1200.0
918,5,ZONE_HARBOR_BERTH,1,GroundFloor,SM_FC_Harbor_Submersible_Berth,-73111.73,-73375.73,974.18,300.0,600.0,900.0
918,5,ZONE_HARBOR_BERTH,2,Roof,SM_FC_Roof_SolarObservatory_12x12,-73111.73,-73375.73,1274.18,500.0,140.0,250.0
919,5,ZONE_HARBOR_BERTH,0,Foundation,SM_FC_Foundation_SlopeCompensated_12x12,-72715.73,-73771.73,515.14,400.0,850.0,1200.0
919,5,ZONE_HARBOR_BERTH,1,GroundFloor,SM_FC_Harbor_Submersible_Berth,-72715.73,-73771.73,915.14,300.0,600.0,900.0
919,5,ZONE_HARBOR_BERTH,2,Roof,SM_FC_Roof_SolarObservatory_12x12,-72715.73,-73771.73,1215.14,500.0,140.0,250.0
920,5,ZONE_HARBOR_BERTH,0,Foundation,SM_FC_Foundation_SlopeCompensated_12x12,-72319.72,-74167.74,430.28,400.0,850.0,1200.0
920,5,ZONE_HARBOR_BERTH,1,GroundFloor,SM_FC_Harbor_Submersible_Berth,-72319.72,-74167.74,830.28,300.0,600.0,900.0
920,5,ZONE_HARBOR_BERTH,2,Roof,SM_FC_Roof_SolarObservatory_12x12,-72319.72,-74167.74,1130.28,500.0,140.0,250.0
921,5,ZONE_HARBOR_BERTH,0,Foundation,SM_FC_Foundation_SlopeCompensated_12x12,-75879.71,-75081.83,129.94,400.0,850.0,1200.0
921,5,ZONE_HARBOR_BERTH,1,GroundFloor,SM_FC_Harbor_Submersible_Berth,-75879.71,-75081.83,529.94,300.0,600.0,900.0
921,5,ZONE_HARBOR_BERTH,2,Roof,SM_FC_Roof_SolarObservatory_12x12,-75879.71,-75081.83,829.94,500.0,140.0,250.0
922,5,ZONE_HARBOR_BERTH,0,Foundation,SM_FC_Foundation_SlopeCompensated_12x12,-75708.74,-75252.8,142.93,400.0,850.0,1200.0
922,5,ZONE_HARBOR_BERTH,1,GroundFloor,SM_FC_Harbor_Submersible_Berth,-75708.74,-75252.8,542.93,300.0,600.0,900.0
922,5,ZONE_HARBOR_BERTH,2,Roof,SM_FC_Roof_SolarObservatory_12x12,-75708.74,-75252.8,842.93,500.0,140.0,250.0
923,5,ZONE_HARBOR_BERTH,0,Foundation,SM_FC_Foundation_SlopeCompensated_12x12,-75537.76,-75423.78,152.38,400.0,850.0,1200.0
923,5,ZONE_HARBOR_BERTH,1,GroundFloor,SM_FC_Harbor_Submersible_Berth,-75537.76,-75423.78,552.38,300.0,600.0,900.0
923,5,ZONE_HARBOR_BERTH,2,Roof,SM_FC_Roof_SolarObservatory_12x12,-75537.76,-75423.78,852.38,500.0,140.0,250.0
924,5,ZONE_HARBOR_BERTH,0,Foundation,SM_FC_Foundation_SlopeCompensated_12x12,-75366.79,-75594.75,149.62,400.0,850.0,1200.0
924,5,ZONE_HARBOR_BERTH,1,GroundFloor,SM_FC_Harbor_Submersible_Berth,-75366.79,-75594.75,549.62,300.0,600.0,900.0
924,5,ZONE_HARBOR_BERTH,2,Roof,SM_FC_Roof_SolarObservatory_12x12,-75366.79,-75594.75,849.62,500.0,140.0,250.0
925,5,ZONE_HARBOR_BERTH,0,Foundation,SM_FC_Foundation_SlopeCompensated_12x12,-75195.81,-75765.73,138.99,400.0,850.0,1200.0
925,5,ZONE_HARBOR_BERTH,1,GroundFloor,SM_FC_Harbor_Submersible_Berth,-75195.81,-75765.73,538.99,300.0,600.0,900.0
925,5,ZONE_HARBOR_BERTH,2,Roof,SM_FC_Roof_SolarObservatory_12x12,-75195.81,-75765.73,838.99,500.0,140.0,250.0
926,5,ZONE_HARBOR_BERTH,0,Foundation,SM_FC_Foundation_SlopeCompensated_12x12,-77717.81,-77717.81,0.0,400.0,850.0,1200.0
926,5,ZONE_HARBOR_BERTH,1,GroundFloor,SM_FC_Harbor_Submersible_Berth,-77717.81,-77717.81,400.0,300.0,600.0,900.0
926,5,ZONE_HARBOR_BERTH,2,Roof,SM_FC_Roof_SolarObservatory_12x12,-77717.81,-77717.81,700.0,500.0,140.0,250.0
927,5,ZONE_HARBOR_BERTH,0,Foundation,SM_FC_Foundation_SlopeCompensated_12x12,-77717.81,-77717.81,0.0,400.0,850.0,1200.0
927,5,ZONE_HARBOR_BERTH,1,GroundFloor,SM_FC_Harbor_Submersible_Berth,-77717.81,-77717.81,400.0,300.0,600.0,900.0
927,5,ZONE_HARBOR_BERTH,2,Roof,SM_FC_Roof_SolarObservatory_12x12,-77717.81,-77717.81,700.0,500.0,140.0,250.0
928,5,ZONE_HARBOR_BERTH,0,Foundation,SM_FC_Foundation_SlopeCompensated_12x12,-77717.81,-77717.81,0.0,400.0,850.0,1200.0
928,5,ZONE_HARBOR_BERTH,1,GroundFloor,SM_FC_Harbor_Submersible_Berth,-77717.81,-77717.81,400.0,300.0,600.0,900.0
928,5,ZONE_HARBOR_BERTH,2,Roof,SM_FC_Roof_SolarObservatory_12x12,-77717.81,-77717.81,700.0,500.0,140.0,250.0
929,5,ZONE_HARBOR_BERTH,0,Foundation,SM_FC_Foundation_SlopeCompensated_12x12,-77717.81,-77717.81,0.0,400.0,850.0,1200.0
929,5,ZONE_HARBOR_BERTH,1,GroundFloor,SM_FC_Harbor_Submersible_Berth,-77717.81,-77717.81,400.0,300.0,600.0,900.0
929,5,ZONE_HARBOR_BERTH,2,Roof,SM_FC_Roof_SolarObservatory_12x12,-77717.81,-77717.81,700.0,500.0,140.0,250.0
930,5,ZONE_HARBOR_BERTH,0,Foundation,SM_FC_Foundation_SlopeCompensated_12x12,-77717.81,-77717.81,0.0,400.0,850.0,1200.0
930,5,ZONE_HARBOR_BERTH,1,GroundFloor,SM_FC_Harbor_Submersible_Berth,-77717.81,-77717.81,400.0,300.0,600.0,900.0
930,5,ZONE_HARBOR_BERTH,2,Roof,SM_FC_Roof_SolarObservatory_12x12,-77717.81,-77717.81,700.0,500.0,140.0,250.0
931,6,ZONE_FACULTY_DIPLOMACY,0,Foundation,SM_FC_Foundation_SlopeCompensated_12x12,-0.0,-15000.0,0.0,400.0,850.0,1200.0
931,6,ZONE_FACULTY_DIPLOMACY,1,GroundFloor,SM_FC_Ground_Lobby_Transit_12x12,-0.0,-15000.0,400.0,600.0,450.0,600.0
931,6,ZONE_FACULTY_DIPLOMACY,2,IntermediateFloor,SM_FC_Mid_Academic_Lab_12x12,-0.0,-15000.0,1000.0,400.0,320.0,400.0
931,6,ZONE_FACULTY_DIPLOMACY,3,Roof,SM_FC_Roof_BioDome_12x12,-0.0,-15000.0,1400.0,800.0,180.0,300.0
932,6,ZONE_FACULTY_DIPLOMACY,0,Foundation,SM_FC_Foundation_SlopeCompensated_12x12,-0.0,-15000.0,0.0,400.0,850.0,1200.0
932,6,ZONE_FACULTY_DIPLOMACY,1,GroundFloor,SM_FC_Ground_Lobby_Transit_12x12,-0.0,-15000.0,400.0,600.0,450.0,600.0
932,6,ZONE_FACULTY_DIPLOMACY,2,IntermediateFloor,SM_FC_Mid_Academic_Lab_12x12,-0.0,-15000.0,1000.0,400.0,320.0,400.0
932,6,ZONE_FACULTY_DIPLOMACY,3,IntermediateFloor,SM_FC_Mid_Faculty_Chambers_12x12,-0.0,-15000.0,1400.0,400.0,280.0,400.0
932,6,ZONE_FACULTY_DIPLOMACY,4,IntermediateFloor,SM_FC_Mid_Academic_Lab_12x12,-0.0,-15000.0,1800.0,400.0,320.0,400.0
932,6,ZONE_FACULTY_DIPLOMACY,5,IntermediateFloor,SM_FC_Mid_Faculty_Chambers_12x12,-0.0,-15000.0,2200.0,400.0,280.0,400.0
932,6,ZONE_FACULTY_DIPLOMACY,6,Roof,SM_FC_Roof_BioDome_12x12,-0.0,-15000.0,2600.0,800.0,180.0,300.0
933,6,ZONE_FACULTY_DIPLOMACY,0,Foundation,SM_FC_Foundation_SlopeCompensated_12x12,-0.0,-15000.0,0.0,400.0,850.0,1200.0
933,6,ZONE_FACULTY_DIPLOMACY,1,GroundFloor,SM_FC_Ground_Lobby_Transit_12x12,-0.0,-15000.0,400.0,600.0,450.0,600.0
933,6,ZONE_FACULTY_DIPLOMACY,2,IntermediateFloor,SM_FC_Mid_Academic_Lab_12x12,-0.0,-15000.0,1000.0,400.0,320.0,400.0
933,6,ZONE_FACULTY_DIPLOMACY,3,IntermediateFloor,SM_FC_Mid_Faculty_Chambers_12x12,-0.0,-15000.0,1400.0,400.0,280.0,400.0
933,6,ZONE_FACULTY_DIPLOMACY,4,Roof,SM_FC_Roof_BioDome_12x12,-0.0,-15000.0,1800.0,800.0,180.0,300.0
934,6,ZONE_FACULTY_DIPLOMACY,0,Foundation,SM_FC_Foundation_SlopeCompensated_12x12,-0.0,-15000.0,0.0,400.0,850.0,1200.0
934,6,ZONE_FACULTY_DIPLOMACY,1,GroundFloor,SM_FC_Ground_Lobby_Transit_12x12,-0.0,-15000.0,400.0,600.0,450.0,600.0
934,6,ZONE_FACULTY_DIPLOMACY,2,IntermediateFloor,SM_FC_Mid_Academic_Lab_12x12,-0.0,-15000.0,1000.0,400.0,320.0,400.0
934,6,ZONE_FACULTY_DIPLOMACY,3,IntermediateFloor,SM_FC_Mid_Faculty_Chambers_12x12,-0.0,-15000.0,1400.0,400.0,280.0,400.0
934,6,ZONE_FACULTY_DIPLOMACY,4,IntermediateFloor,SM_FC_Mid_Academic_Lab_12x12,-0.0,-15000.0,1800.0,400.0,320.0,400.0
934,6,ZONE_FACULTY_DIPLOMACY,5,IntermediateFloor,SM_FC_Mid_Faculty_Chambers_12x12,-0.0,-15000.0,2200.0,400.0,280.0,400.0
934,6,ZONE_FACULTY_DIPLOMACY,6,IntermediateFloor,SM_FC_Mid_Academic_Lab_12x12,-0.0,-15000.0,2600.0,400.0,320.0,400.0
934,6,ZONE_FACULTY_DIPLOMACY,7,IntermediateFloor,SM_FC_Mid_Faculty_Chambers_12x12,-0.0,-15000.0,3000.0,400.0,280.0,400.0
934,6,ZONE_FACULTY_DIPLOMACY,8,Roof,SM_FC_Roof_BioDome_12x12,-0.0,-15000.0,3400.0,800.0,180.0,300.0
935,6,ZONE_FACULTY_DIPLOMACY,0,Foundation,SM_FC_Foundation_SlopeCompensated_12x12,-0.0,-15000.0,0.0,400.0,850.0,1200.0
935,6,ZONE_FACULTY_DIPLOMACY,1,GroundFloor,SM_FC_Ground_Lobby_Transit_12x12,-0.0,-15000.0,400.0,600.0,450.0,600.0
935,6,ZONE_FACULTY_DIPLOMACY,2,IntermediateFloor,SM_FC_Mid_Academic_Lab_12x12,-0.0,-15000.0,1000.0,400.0,320.0,400.0
935,6,ZONE_FACULTY_DIPLOMACY,3,IntermediateFloor,SM_FC_Mid_Faculty_Chambers_12x12,-0.0,-15000.0,1400.0,400.0,280.0,400.0
935,6,ZONE_FACULTY_DIPLOMACY,4,Roof,SM_FC_Roof_BioDome_12x12,-0.0,-15000.0,1800.0,800.0,180.0,300.0
936,6,ZONE_FACULTY_DIPLOMACY,0,Foundation,SM_FC_Foundation_SlopeCompensated_12x12,-4114.32,-18163.65,-78.61,400.0,850.0,1200.0
936,6,ZONE_FACULTY_DIPLOMACY,1,GroundFloor,SM_FC_Ground_Lobby_Transit_12x12,-4114.32,-18163.65,321.39,600.0,450.0,600.0
936,6,ZONE_FACULTY_DIPLOMACY,2,IntermediateFloor,SM_FC_Mid_Academic_Lab_12x12,-4114.32,-18163.65,921.39,400.0,320.0,400.0
936,6,ZONE_FACULTY_DIPLOMACY,3,IntermediateFloor,SM_FC_Mid_Faculty_Chambers_12x12,-4114.32,-18163.65,1321.39,400.0,280.0,400.0
936,6,ZONE_FACULTY_DIPLOMACY,4,IntermediateFloor,SM_FC_Mid_Academic_Lab_12x12,-4114.32,-18163.65,1721.39,400.0,320.0,400.0
936,6,ZONE_FACULTY_DIPLOMACY,5,IntermediateFloor,SM_FC_Mid_Faculty_Chambers_12x12,-4114.32,-18163.65,2121.39,400.0,280.0,400.0
936,6,ZONE_FACULTY_DIPLOMACY,6,IntermediateFloor,SM_FC_Mid_Academic_Lab_12x12,-4114.32,-18163.65,2521.39,400.0,320.0,400.0
936,6,ZONE_FACULTY_DIPLOMACY,7,IntermediateFloor,SM_FC_Mid_Faculty_Chambers_12x12,-4114.32,-18163.65,2921.39,400.0,280.0,400.0
936,6,ZONE_FACULTY_DIPLOMACY,8,Roof,SM_FC_Roof_BioDome_12x12,-4114.32,-18163.65,3321.39,800.0,180.0,300.0
937,6,ZONE_FACULTY_DIPLOMACY,0,Foundation,SM_FC_Foundation_SlopeCompensated_12x12,-2351.04,-18163.65,300.12,400.0,850.0,1200.0
937,6,ZONE_FACULTY_DIPLOMACY,1,GroundFloor,SM_FC_Ground_Lobby_Transit_12x12,-2351.04,-18163.65,700.12,600.0,450.0,600.0
937,6,ZONE_FACULTY_DIPLOMACY,2,IntermediateFloor,SM_FC_Mid_Academic_Lab_12x12,-2351.04,-18163.65,1300.12,400.0,320.0,400.0
937,6,ZONE_FACULTY_DIPLOMACY,3,IntermediateFloor,SM_FC_Mid_Faculty_Chambers_12x12,-2351.04,-18163.65,1700.12,400.0,280.0,400.0
937,6,ZONE_FACULTY_DIPLOMACY,4,IntermediateFloor,SM_FC_Mid_Academic_Lab_12x12,-2351.04,-18163.65,2100.12,400.0,320.0,400.0
937,6,ZONE_FACULTY_DIPLOMACY,5,IntermediateFloor,SM_FC_Mid_Faculty_Chambers_12x12,-2351.04,-18163.65,2500.12,400.0,280.0,400.0
937,6,ZONE_FACULTY_DIPLOMACY,6,Roof,SM_FC_Roof_BioDome_12x12,-2351.04,-18163.65,2900.12,800.0,180.0,300.0
938,6,ZONE_FACULTY_DIPLOMACY,0,Foundation,SM_FC_Foundation_SlopeCompensated_12x12,-587.76,-18163.65,575.95,400.0,850.0,1200.0
938,6,ZONE_FACULTY_DIPLOMACY,1,GroundFloor,SM_FC_Ground_Lobby_Transit_12x12,-587.76,-18163.65,975.95,600.0,450.0,600.0
938,6,ZONE_FACULTY_DIPLOMACY,2,IntermediateFloor,SM_FC_Mid_Academic_Lab_12x12,-587.76,-18163.65,1575.95,400.0,320.0,400.0
938,6,ZONE_FACULTY_DIPLOMACY,3,Roof,SM_FC_Roof_BioDome_12x12,-587.76,-18163.65,1975.95,800.0,180.0,300.0
939,6,ZONE_FACULTY_DIPLOMACY,0,Foundation,SM_FC_Foundation_SlopeCompensated_12x12,1175.52,-18163.65,495.44,400.0,850.0,1200.0
939,6,ZONE_FACULTY_DIPLOMACY,1,GroundFloor,SM_FC_Ground_Lobby_Transit_12x12,1175.52,-18163.65,895.44,600.0,450.0,600.0
939,6,ZONE_FACULTY_DIPLOMACY,2,IntermediateFloor,SM_FC_Mid_Academic_Lab_12x12,1175.52,-18163.65,1495.44,400.0,320.0,400.0
939,6,ZONE_FACULTY_DIPLOMACY,3,Roof,SM_FC_Roof_BioDome_12x12,1175.52,-18163.65,1895.44,800.0,180.0,300.0
940,6,ZONE_FACULTY_DIPLOMACY,0,Foundation,SM_FC_Foundation_SlopeCompensated_12x12,2938.8,-18163.65,185.31,400.0,850.0,1200.0
940,6,ZONE_FACULTY_DIPLOMACY,1,GroundFloor,SM_FC_Ground_Lobby_Transit_12x12,2938.8,-18163.65,585.31,600.0,450.0,600.0
940,6,ZONE_FACULTY_DIPLOMACY,2,IntermediateFloor,SM_FC_Mid_Academic_Lab_12x12,2938.8,-18163.65,1185.31,400.0,320.0,400.0
940,6,ZONE_FACULTY_DIPLOMACY,3,IntermediateFloor,SM_FC_Mid_Faculty_Chambers_12x12,2938.8,-18163.65,1585.31,400.0,280.0,400.0
940,6,ZONE_FACULTY_DIPLOMACY,4,IntermediateFloor,SM_FC_Mid_Academic_Lab_12x12,2938.8,-18163.65,1985.31,400.0,320.0,400.0
940,6,ZONE_FACULTY_DIPLOMACY,5,Roof,SM_FC_Roof_BioDome_12x12,2938.8,-18163.65,2385.31,800.0,180.0,300.0
941,6,ZONE_FACULTY_DIPLOMACY,0,Foundation,SM_FC_Foundation_SlopeCompensated_12x12,-4435.43,-21327.31,65.08,400.0,850.0,1200.0
941,6,ZONE_FACULTY_DIPLOMACY,1,GroundFloor,SM_FC_Ground_Lobby_Transit_12x12,-4435.43,-21327.31,465.08,600.0,450.0,600.0
941,6,ZONE_FACULTY_DIPLOMACY,2,IntermediateFloor,SM_FC_Mid_Academic_Lab_12x12,-4435.43,-21327.31,1065.08,400.0,320.0,400.0
941,6,ZONE_FACULTY_DIPLOMACY,3,Roof,SM_FC_Roof_BioDome_12x12,-4435.43,-21327.31,1465.08,800.0,180.0,300.0
942,6,ZONE_FACULTY_DIPLOMACY,0,Foundation,SM_FC_Foundation_SlopeCompensated_12x12,-2217.72,-21327.31,669.29,400.0,850.0,1200.0
942,6,ZONE_FACULTY_DIPLOMACY,1,GroundFloor,SM_FC_Ground_Lobby_Transit_12x12,-2217.72,-21327.31,1069.29,600.0,450.0,600.0
942,6,ZONE_FACULTY_DIPLOMACY,2,IntermediateFloor,SM_FC_Mid_Academic_Lab_12x12,-2217.72,-21327.31,1669.29,400.0,320.0,400.0
942,6,ZONE_FACULTY_DIPLOMACY,3,IntermediateFloor,SM_FC_Mid_Faculty_Chambers_12x12,-2217.72,-21327.31,2069.29,400.0,280.0,400.0
942,6,ZONE_FACULTY_DIPLOMACY,4,IntermediateFloor,SM_FC_Mid_Academic_Lab_12x12,-2217.72,-21327.31,2469.29,400.0,320.0,400.0
942,6,ZONE_FACULTY_DIPLOMACY,5,IntermediateFloor,SM_FC_Mid_Faculty_Chambers_12x12,-2217.72,-21327.31,2869.29,400.0,280.0,400.0
942,6,ZONE_FACULTY_DIPLOMACY,6,IntermediateFloor,SM_FC_Mid_Academic_Lab_12x12,-2217.72,-21327.31,3269.29,400.0,320.0,400.0
942,6,ZONE_FACULTY_DIPLOMACY,7,Roof,SM_FC_Roof_BioDome_12x12,-2217.72,-21327.31,3669.29,800.0,180.0,300.0
943,6,ZONE_FACULTY_DIPLOMACY,0,Foundation,SM_FC_Foundation_SlopeCompensated_12x12,-0.0,-21327.31,1068.84,400.0,850.0,1200.0
943,6,ZONE_FACULTY_DIPLOMACY,1,GroundFloor,SM_FC_Ground_Lobby_Transit_12x12,-0.0,-21327.31,1468.84,600.0,450.0,600.0
943,6,ZONE_FACULTY_DIPLOMACY,2,IntermediateFloor,SM_FC_Mid_Academic_Lab_12x12,-0.0,-21327.31,2068.84,400.0,320.0,400.0
943,6,ZONE_FACULTY_DIPLOMACY,3,IntermediateFloor,SM_FC_Mid_Faculty_Chambers_12x12,-0.0,-21327.31,2468.84,400.0,280.0,400.0
943,6,ZONE_FACULTY_DIPLOMACY,4,IntermediateFloor,SM_FC_Mid_Academic_Lab_12x12,-0.0,-21327.31,2868.84,400.0,320.0,400.0
943,6,ZONE_FACULTY_DIPLOMACY,5,IntermediateFloor,SM_FC_Mid_Faculty_Chambers_12x12,-0.0,-21327.31,3268.84,400.0,280.0,400.0
943,6,ZONE_FACULTY_DIPLOMACY,6,IntermediateFloor,SM_FC_Mid_Academic_Lab_12x12,-0.0,-21327.31,3668.84,400.0,320.0,400.0
943,6,ZONE_FACULTY_DIPLOMACY,7,IntermediateFloor,SM_FC_Mid_Faculty_Chambers_12x12,-0.0,-21327.31,4068.84,400.0,280.0,400.0
943,6,ZONE_FACULTY_DIPLOMACY,8,Roof,SM_FC_Roof_BioDome_12x12,-0.0,-21327.31,4468.84,800.0,180.0,300.0
944,6,ZONE_FACULTY_DIPLOMACY,0,Foundation,SM_FC_Foundation_SlopeCompensated_12x12,2217.72,-21327.31,669.29,400.0,850.0,1200.0
944,6,ZONE_FACULTY_DIPLOMACY,1,GroundFloor,SM_FC_Ground_Lobby_Transit_12x12,2217.72,-21327.31,1069.29,600.0,450.0,600.0
944,6,ZONE_FACULTY_DIPLOMACY,2,IntermediateFloor,SM_FC_Mid_Academic_Lab_12x12,2217.72,-21327.31,1669.29,400.0,320.0,400.0
944,6,ZONE_FACULTY_DIPLOMACY,3,Roof,SM_FC_Roof_BioDome_12x12,2217.72,-21327.31,2069.29,800.0,180.0,300.0
945,6,ZONE_FACULTY_DIPLOMACY,0,Foundation,SM_FC_Foundation_SlopeCompensated_12x12,4435.43,-21327.31,65.08,400.0,850.0,1200.0
945,6,ZONE_FACULTY_DIPLOMACY,1,GroundFloor,SM_FC_Ground_Lobby_Transit_12x12,4435.43,-21327.31,465.08,600.0,450.0,600.0
945,6,ZONE_FACULTY_DIPLOMACY,2,IntermediateFloor,SM_FC_Mid_Academic_Lab_12x12,4435.43,-21327.31,1065.08,400.0,320.0,400.0
945,6,ZONE_FACULTY_DIPLOMACY,3,IntermediateFloor,SM_FC_Mid_Faculty_Chambers_12x12,4435.43,-21327.31,1465.08,400.0,280.0,400.0
945,6,ZONE_FACULTY_DIPLOMACY,4,IntermediateFloor,SM_FC_Mid_Academic_Lab_12x12,4435.43,-21327.31,1865.08,400.0,320.0,400.0
945,6,ZONE_FACULTY_DIPLOMACY,5,IntermediateFloor,SM_FC_Mid_Faculty_Chambers_12x12,4435.43,-21327.31,2265.08,400.0,280.0,400.0
945,6,ZONE_FACULTY_DIPLOMACY,6,IntermediateFloor,SM_FC_Mid_Academic_Lab_12x12,4435.43,-21327.31,2665.08,400.0,320.0,400.0
945,6,ZONE_FACULTY_DIPLOMACY,7,Roof,SM_FC_Roof_BioDome_12x12,4435.43,-21327.31,3065.08,800.0,180.0,300.0
946,6,ZONE_FACULTY_DIPLOMACY,0,Foundation,SM_FC_Foundation_SlopeCompensated_12x12,-4453.59,-24490.96,376.44,400.0,850.0,1200.0
946,6,ZONE_FACULTY_DIPLOMACY,1,GroundFloor,SM_FC_Ground_Lobby_Transit_12x12,-4453.59,-24490.96,776.44,600.0,450.0,600.0
946,6,ZONE_FACULTY_DIPLOMACY,2,IntermediateFloor,SM_FC_Mid_Academic_Lab_12x12,-4453.59,-24490.96,1376.44,400.0,320.0,400.0
946,6,ZONE_FACULTY_DIPLOMACY,3,Roof,SM_FC_Roof_BioDome_12x12,-4453.59,-24490.96,1776.44,800.0,180.0,300.0
947,6,ZONE_FACULTY_DIPLOMACY,0,Foundation,SM_FC_Foundation_SlopeCompensated_12x12,-1781.44,-24490.96,1115.87,400.0,850.0,1200.0
947,6,ZONE_FACULTY_DIPLOMACY,1,GroundFloor,SM_FC_Ground_Lobby_Transit_12x12,-1781.44,-24490.96,1515.87,600.0,450.0,600.0
947,6,ZONE_FACULTY_DIPLOMACY,2,IntermediateFloor,SM_FC_Mid_Academic_Lab_12x12,-1781.44,-24490.96,2115.87,400.0,320.0,400.0
947,6,ZONE_FACULTY_DIPLOMACY,3,IntermediateFloor,SM_FC_Mid_Faculty_Chambers_12x12,-1781.44,-24490.96,2515.87,400.0,280.0,400.0
947,6,ZONE_FACULTY_DIPLOMACY,4,IntermediateFloor,SM_FC_Mid_Academic_Lab_12x12,-1781.44,-24490.96,2915.87,400.0,320.0,400.0
947,6,ZONE_FACULTY_DIPLOMACY,5,IntermediateFloor,SM_FC_Mid_Faculty_Chambers_12x12,-1781.44,-24490.96,3315.87,400.0,280.0,400.0
947,6,ZONE_FACULTY_DIPLOMACY,6,IntermediateFloor,SM_FC_Mid_Academic_Lab_12x12,-1781.44,-24490.96,3715.87,400.0,320.0,400.0
947,6,ZONE_FACULTY_DIPLOMACY,7,IntermediateFloor,SM_FC_Mid_Faculty_Chambers_12x12,-1781.44,-24490.96,4115.87,400.0,280.0,400.0
947,6,ZONE_FACULTY_DIPLOMACY,8,Roof,SM_FC_Roof_BioDome_12x12,-1781.44,-24490.96,4515.87,800.0,180.0,300.0
948,6,ZONE_FACULTY_DIPLOMACY,0,Foundation,SM_FC_Foundation_SlopeCompensated_12x12,890.72,-24490.96,1294.75,400.0,850.0,1200.0
948,6,ZONE_FACULTY_DIPLOMACY,1,GroundFloor,SM_FC_Ground_Lobby_Transit_12x12,890.72,-24490.96,1694.75,600.0,450.0,600.0
948,6,ZONE_FACULTY_DIPLOMACY,2,IntermediateFloor,SM_FC_Mid_Academic_Lab_12x12,890.72,-24490.96,2294.75,400.0,320.0,400.0
948,6,ZONE_FACULTY_DIPLOMACY,3,IntermediateFloor,SM_FC_Mid_Faculty_Chambers_12x12,890.72,-24490.96,2694.75,400.0,280.0,400.0
948,6,ZONE_FACULTY_DIPLOMACY,4,IntermediateFloor,SM_FC_Mid_Academic_Lab_12x12,890.72,-24490.96,3094.75,400.0,320.0,400.0
948,6,ZONE_FACULTY_DIPLOMACY,5,IntermediateFloor,SM_FC_Mid_Faculty_Chambers_12x12,890.72,-24490.96,3494.75,400.0,280.0,400.0
948,6,ZONE_FACULTY_DIPLOMACY,6,Roof,SM_FC_Roof_BioDome_12x12,890.72,-24490.96,3894.75,800.0,180.0,300.0
949,6,ZONE_FACULTY_DIPLOMACY,0,Foundation,SM_FC_Foundation_SlopeCompensated_12x12,3562.87,-24490.96,656.72,400.0,850.0,1200.0
949,6,ZONE_FACULTY_DIPLOMACY,1,GroundFloor,SM_FC_Ground_Lobby_Transit_12x12,3562.87,-24490.96,1056.72,600.0,450.0,600.0
949,6,ZONE_FACULTY_DIPLOMACY,2,IntermediateFloor,SM_FC_Mid_Academic_Lab_12x12,3562.87,-24490.96,1656.72,400.0,320.0,400.0
949,6,ZONE_FACULTY_DIPLOMACY,3,IntermediateFloor,SM_FC_Mid_Faculty_Chambers_12x12,3562.87,-24490.96,2056.72,400.0,280.0,400.0
949,6,ZONE_FACULTY_DIPLOMACY,4,IntermediateFloor,SM_FC_Mid_Academic_Lab_12x12,3562.87,-24490.96,2456.72,400.0,320.0,400.0
949,6,ZONE_FACULTY_DIPLOMACY,5,IntermediateFloor,SM_FC_Mid_Faculty_Chambers_12x12,3562.87,-24490.96,2856.72,400.0,280.0,400.0
949,6,ZONE_FACULTY_DIPLOMACY,6,IntermediateFloor,SM_FC_Mid_Academic_Lab_12x12,3562.87,-24490.96,3256.72,400.0,320.0,400.0
949,6,ZONE_FACULTY_DIPLOMACY,7,Roof,SM_FC_Roof_BioDome_12x12,3562.87,-24490.96,3656.72,800.0,180.0,300.0
950,6,ZONE_FACULTY_DIPLOMACY,0,Foundation,SM_FC_Foundation_SlopeCompensated_12x12,6235.03,-24490.96,-285.5,400.0,850.0,1200.0
950,6,ZONE_FACULTY_DIPLOMACY,1,GroundFloor,SM_FC_Ground_Lobby_Transit_12x12,6235.03,-24490.96,114.5,600.0,450.0,600.0
950,6,ZONE_FACULTY_DIPLOMACY,2,IntermediateFloor,SM_FC_Mid_Academic_Lab_12x12,6235.03,-24490.96,714.5,400.0,320.0,400.0
950,6,ZONE_FACULTY_DIPLOMACY,3,IntermediateFloor,SM_FC_Mid_Faculty_Chambers_12x12,6235.03,-24490.96,1114.5,400.0,280.0,400.0
950,6,ZONE_FACULTY_DIPLOMACY,4,IntermediateFloor,SM_FC_Mid_Academic_Lab_12x12,6235.03,-24490.96,1514.5,400.0,320.0,400.0
950,6,ZONE_FACULTY_DIPLOMACY,5,IntermediateFloor,SM_FC_Mid_Faculty_Chambers_12x12,6235.03,-24490.96,1914.5,400.0,280.0,400.0
950,6,ZONE_FACULTY_DIPLOMACY,6,Roof,SM_FC_Roof_BioDome_12x12,6235.03,-24490.96,2314.5,800.0,180.0,300.0
951,6,ZONE_FACULTY_DIPLOMACY,0,Foundation,SM_FC_Foundation_SlopeCompensated_12x12,-7295.38,-27654.61,-384.17,400.0,850.0,1200.0
951,6,ZONE_FACULTY_DIPLOMACY,1,GroundFloor,SM_FC_Ground_Lobby_Transit_12x12,-7295.38,-27654.61,15.83,600.0,450.0,600.0
951,6,ZONE_FACULTY_DIPLOMACY,2,IntermediateFloor,SM_FC_Mid_Academic_Lab_12x12,-7295.38,-27654.61,615.83,400.0,320.0,400.0
951,6,ZONE_FACULTY_DIPLOMACY,3,IntermediateFloor,SM_FC_Mid_Faculty_Chambers_12x12,-7295.38,-27654.61,1015.83,400.0,280.0,400.0
951,6,ZONE_FACULTY_DIPLOMACY,4,Roof,SM_FC_Roof_BioDome_12x12,-7295.38,-27654.61,1415.83,800.0,180.0,300.0
952,6,ZONE_FACULTY_DIPLOMACY,0,Foundation,SM_FC_Foundation_SlopeCompensated_12x12,-4168.79,-27654.61,809.6,400.0,850.0,1200.0
952,6,ZONE_FACULTY_DIPLOMACY,1,GroundFloor,SM_FC_Ground_Lobby_Transit_12x12,-4168.79,-27654.61,1209.6,600.0,450.0,600.0
952,6,ZONE_FACULTY_DIPLOMACY,2,IntermediateFloor,SM_FC_Mid_Academic_Lab_12x12,-4168.79,-27654.61,1809.6,400.0,320.0,400.0
952,6,ZONE_FACULTY_DIPLOMACY,3,Roof,SM_FC_Roof_BioDome_12x12,-4168.79,-27654.61,2209.6,800.0,180.0,300.0
953,6,ZONE_FACULTY_DIPLOMACY,0,Foundation,SM_FC_Foundation_SlopeCompensated_12x12,-1042.2,-27654.61,1602.98,400.0,850.0,1200.0
953,6,ZONE_FACULTY_DIPLOMACY,1,GroundFloor,SM_FC_Ground_Lobby_Transit_12x12,-1042.2,-27654.61,2002.98,600.0,450.0,600.0
953,6,ZONE_FACULTY_DIPLOMACY,2,IntermediateFloor,SM_FC_Mid_Academic_Lab_12x12,-1042.2,-27654.61,2602.98,400.0,320.0,400.0
953,6,ZONE_FACULTY_DIPLOMACY,3,IntermediateFloor,SM_FC_Mid_Faculty_Chambers_12x12,-1042.2,-27654.61,3002.98,400.0,280.0,400.0
953,6,ZONE_FACULTY_DIPLOMACY,4,IntermediateFloor,SM_FC_Mid_Academic_Lab_12x12,-1042.2,-27654.61,3402.98,400.0,320.0,400.0
953,6,ZONE_FACULTY_DIPLOMACY,5,IntermediateFloor,SM_FC_Mid_Faculty_Chambers_12x12,-1042.2,-27654.61,3802.98,400.0,280.0,400.0
953,6,ZONE_FACULTY_DIPLOMACY,6,IntermediateFloor,SM_FC_Mid_Academic_Lab_12x12,-1042.2,-27654.61,4202.98,400.0,320.0,400.0
953,6,ZONE_FACULTY_DIPLOMACY,7,IntermediateFloor,SM_FC_Mid_Faculty_Chambers_12x12,-1042.2,-27654.61,4602.98,400.0,280.0,400.0
953,6,ZONE_FACULTY_DIPLOMACY,8,Roof,SM_FC_Roof_BioDome_12x12,-1042.2,-27654.61,5002.98,800.0,180.0,300.0
954,6,ZONE_FACULTY_DIPLOMACY,0,Foundation,SM_FC_Foundation_SlopeCompensated_12x12,2084.39,-27654.61,1383.01,400.0,850.0,1200.0
954,6,ZONE_FACULTY_DIPLOMACY,1,GroundFloor,SM_FC_Ground_Lobby_Transit_12x12,2084.39,-27654.61,1783.01,600.0,450.0,600.0
954,6,ZONE_FACULTY_DIPLOMACY,2,IntermediateFloor,SM_FC_Mid_Academic_Lab_12x12,2084.39,-27654.61,2383.01,400.0,320.0,400.0
954,6,ZONE_FACULTY_DIPLOMACY,3,IntermediateFloor,SM_FC_Mid_Faculty_Chambers_12x12,2084.39,-27654.61,2783.01,400.0,280.0,400.0
954,6,ZONE_FACULTY_DIPLOMACY,4,IntermediateFloor,SM_FC_Mid_Academic_Lab_12x12,2084.39,-27654.61,3183.01,400.0,320.0,400.0
954,6,ZONE_FACULTY_DIPLOMACY,5,IntermediateFloor,SM_FC_Mid_Faculty_Chambers_12x12,2084.39,-27654.61,3583.01,400.0,280.0,400.0
954,6,ZONE_FACULTY_DIPLOMACY,6,Roof,SM_FC_Roof_BioDome_12x12,2084.39,-27654.61,3983.01,800.0,180.0,300.0
955,6,ZONE_FACULTY_DIPLOMACY,0,Foundation,SM_FC_Foundation_SlopeCompensated_12x12,5210.98,-27654.61,456.16,400.0,850.0,1200.0
955,6,ZONE_FACULTY_DIPLOMACY,1,GroundFloor,SM_FC_Ground_Lobby_Transit_12x12,5210.98,-27654.61,856.16,600.0,450.0,600.0
955,6,ZONE_FACULTY_DIPLOMACY,2,IntermediateFloor,SM_FC_Mid_Academic_Lab_12x12,5210.98,-27654.61,1456.16,400.0,320.0,400.0
955,6,ZONE_FACULTY_DIPLOMACY,3,IntermediateFloor,SM_FC_Mid_Faculty_Chambers_12x12,5210.98,-27654.61,1856.16,400.0,280.0,400.0
955,6,ZONE_FACULTY_DIPLOMACY,4,IntermediateFloor,SM_FC_Mid_Academic_Lab_12x12,5210.98,-27654.61,2256.16,400.0,320.0,400.0
955,6,ZONE_FACULTY_DIPLOMACY,5,IntermediateFloor,SM_FC_Mid_Faculty_Chambers_12x12,5210.98,-27654.61,2656.16,400.0,280.0,400.0
955,6,ZONE_FACULTY_DIPLOMACY,6,Roof,SM_FC_Roof_BioDome_12x12,5210.98,-27654.61,3056.16,800.0,180.0,300.0
956,6,ZONE_FACULTY_DIPLOMACY,0,Foundation,SM_FC_Foundation_SlopeCompensated_12x12,-7162.05,-30818.26,56.77,400.0,850.0,1200.0
956,6,ZONE_FACULTY_DIPLOMACY,1,GroundFloor,SM_FC_Ground_Lobby_Transit_12x12,-7162.05,-30818.26,456.77,600.0,450.0,600.0
956,6,ZONE_FACULTY_DIPLOMACY,2,IntermediateFloor,SM_FC_Mid_Academic_Lab_12x12,-7162.05,-30818.26,1056.77,400.0,320.0,400.0
956,6,ZONE_FACULTY_DIPLOMACY,3,IntermediateFloor,SM_FC_Mid_Faculty_Chambers_12x12,-7162.05,-30818.26,1456.77,400.0,280.0,400.0
956,6,ZONE_FACULTY_DIPLOMACY,4,Roof,SM_FC_Roof_BioDome_12x12,-7162.05,-30818.26,1856.77,800.0,180.0,300.0
957,6,ZONE_FACULTY_DIPLOMACY,0,Foundation,SM_FC_Foundation_SlopeCompensated_12x12,-3581.03,-30818.26,1320.81,400.0,850.0,1200.0
957,6,ZONE_FACULTY_DIPLOMACY,1,GroundFloor,SM_FC_Ground_Lobby_Transit_12x12,-3581.03,-30818.26,1720.81,600.0,450.0,600.0
957,6,ZONE_FACULTY_DIPLOMACY,2,IntermediateFloor,SM_FC_Mid_Academic_Lab_12x12,-3581.03,-30818.26,2320.81,400.0,320.0,400.0
957,6,ZONE_FACULTY_DIPLOMACY,3,IntermediateFloor,SM_FC_Mid_Faculty_Chambers_12x12,-3581.03,-30818.26,2720.81,400.0,280.0,400.0
957,6,ZONE_FACULTY_DIPLOMACY,4,IntermediateFloor,SM_FC_Mid_Academic_Lab_12x12,-3581.03,-30818.26,3120.81,400.0,320.0,400.0
957,6,ZONE_FACULTY_DIPLOMACY,5,IntermediateFloor,SM_FC_Mid_Faculty_Chambers_12x12,-3581.03,-30818.26,3520.81,400.0,280.0,400.0
957,6,ZONE_FACULTY_DIPLOMACY,6,IntermediateFloor,SM_FC_Mid_Academic_Lab_12x12,-3581.03,-30818.26,3920.81,400.0,320.0,400.0
957,6,ZONE_FACULTY_DIPLOMACY,7,IntermediateFloor,SM_FC_Mid_Faculty_Chambers_12x12,-3581.03,-30818.26,4320.81,400.0,280.0,400.0
957,6,ZONE_FACULTY_DIPLOMACY,8,Roof,SM_FC_Roof_BioDome_12x12,-3581.03,-30818.26,4720.81,800.0,180.0,300.0
958,6,ZONE_FACULTY_DIPLOMACY,0,Foundation,SM_FC_Foundation_SlopeCompensated_12x12,-0.0,-30818.26,2092.66,400.0,850.0,1200.0
958,6,ZONE_FACULTY_DIPLOMACY,1,GroundFloor,SM_FC_Ground_Lobby_Transit_12x12,-0.0,-30818.26,2492.66,600.0,450.0,600.0
958,6,ZONE_FACULTY_DIPLOMACY,2,IntermediateFloor,SM_FC_Mid_Academic_Lab_12x12,-0.0,-30818.26,3092.66,400.0,320.0,400.0
958,6,ZONE_FACULTY_DIPLOMACY,3,IntermediateFloor,SM_FC_Mid_Faculty_Chambers_12x12,-0.0,-30818.26,3492.66,400.0,280.0,400.0
958,6,ZONE_FACULTY_DIPLOMACY,4,IntermediateFloor,SM_FC_Mid_Academic_Lab_12x12,-0.0,-30818.26,3892.66,400.0,320.0,400.0
958,6,ZONE_FACULTY_DIPLOMACY,5,Roof,SM_FC_Roof_BioDome_12x12,-0.0,-30818.26,4292.66,800.0,180.0,300.0
959,6,ZONE_FACULTY_DIPLOMACY,0,Foundation,SM_FC_Foundation_SlopeCompensated_12x12,3581.03,-30818.26,1320.81,400.0,850.0,1200.0
959,6,ZONE_FACULTY_DIPLOMACY,1,GroundFloor,SM_FC_Ground_Lobby_Transit_12x12,3581.03,-30818.26,1720.81,600.0,450.0,600.0
959,6,ZONE_FACULTY_DIPLOMACY,2,IntermediateFloor,SM_FC_Mid_Academic_Lab_12x12,3581.03,-30818.26,2320.81,400.0,320.0,400.0
959,6,ZONE_FACULTY_DIPLOMACY,3,IntermediateFloor,SM_FC_Mid_Faculty_Chambers_12x12,3581.03,-30818.26,2720.81,400.0,280.0,400.0
959,6,ZONE_FACULTY_DIPLOMACY,4,IntermediateFloor,SM_FC_Mid_Academic_Lab_12x12,3581.03,-30818.26,3120.81,400.0,320.0,400.0
959,6,ZONE_FACULTY_DIPLOMACY,5,IntermediateFloor,SM_FC_Mid_Faculty_Chambers_12x12,3581.03,-30818.26,3520.81,400.0,280.0,400.0
959,6,ZONE_FACULTY_DIPLOMACY,6,IntermediateFloor,SM_FC_Mid_Academic_Lab_12x12,3581.03,-30818.26,3920.81,400.0,320.0,400.0
959,6,ZONE_FACULTY_DIPLOMACY,7,Roof,SM_FC_Roof_BioDome_12x12,3581.03,-30818.26,4320.81,800.0,180.0,300.0
960,6,ZONE_FACULTY_DIPLOMACY,0,Foundation,SM_FC_Foundation_SlopeCompensated_12x12,7162.05,-30818.26,56.77,400.0,850.0,1200.0
960,6,ZONE_FACULTY_DIPLOMACY,1,GroundFloor,SM_FC_Ground_Lobby_Transit_12x12,7162.05,-30818.26,456.77,600.0,450.0,600.0
960,6,ZONE_FACULTY_DIPLOMACY,2,IntermediateFloor,SM_FC_Mid_Academic_Lab_12x12,7162.05,-30818.26,1056.77,400.0,320.0,400.0
960,6,ZONE_FACULTY_DIPLOMACY,3,Roof,SM_FC_Roof_BioDome_12x12,7162.05,-30818.26,1456.77,800.0,180.0,300.0
961,6,ZONE_FACULTY_DIPLOMACY,0,Foundation,SM_FC_Foundation_SlopeCompensated_12x12,-6725.77,-33981.92,609.2,400.0,850.0,1200.0
961,6,ZONE_FACULTY_DIPLOMACY,1,GroundFloor,SM_FC_Ground_Lobby_Transit_12x12,-6725.77,-33981.92,1009.2,600.0,450.0,600.0
961,6,ZONE_FACULTY_DIPLOMACY,2,IntermediateFloor,SM_FC_Mid_Academic_Lab_12x12,-6725.77,-33981.92,1609.2,400.0,320.0,400.0
961,6,ZONE_FACULTY_DIPLOMACY,3,IntermediateFloor,SM_FC_Mid_Faculty_Chambers_12x12,-6725.77,-33981.92,2009.2,400.0,280.0,400.0
961,6,ZONE_FACULTY_DIPLOMACY,4,IntermediateFloor,SM_FC_Mid_Academic_Lab_12x12,-6725.77,-33981.92,2409.2,400.0,320.0,400.0
961,6,ZONE_FACULTY_DIPLOMACY,5,IntermediateFloor,SM_FC_Mid_Faculty_Chambers_12x12,-6725.77,-33981.92,2809.2,400.0,280.0,400.0
961,6,ZONE_FACULTY_DIPLOMACY,6,Roof,SM_FC_Roof_BioDome_12x12,-6725.77,-33981.92,3209.2,800.0,180.0,300.0
962,6,ZONE_FACULTY_DIPLOMACY,0,Foundation,SM_FC_Foundation_SlopeCompensated_12x12,-2690.31,-33981.92,1868.28,400.0,850.0,1200.0
962,6,ZONE_FACULTY_DIPLOMACY,1,GroundFloor,SM_FC_Ground_Lobby_Transit_12x12,-2690.31,-33981.92,2268.28,600.0,450.0,600.0
962,6,ZONE_FACULTY_DIPLOMACY,2,IntermediateFloor,SM_FC_Mid_Academic_Lab_12x12,-2690.31,-33981.92,2868.28,400.0,320.0,400.0
962,6,ZONE_FACULTY_DIPLOMACY,3,IntermediateFloor,SM_FC_Mid_Faculty_Chambers_12x12,-2690.31,-33981.92,3268.28,400.0,280.0,400.0
962,6,ZONE_FACULTY_DIPLOMACY,4,IntermediateFloor,SM_FC_Mid_Academic_Lab_12x12,-2690.31,-33981.92,3668.28,400.0,320.0,400.0
962,6,ZONE_FACULTY_DIPLOMACY,5,IntermediateFloor,SM_FC_Mid_Faculty_Chambers_12x12,-2690.31,-33981.92,4068.28,400.0,280.0,400.0
962,6,ZONE_FACULTY_DIPLOMACY,6,IntermediateFloor,SM_FC_Mid_Academic_Lab_12x12,-2690.31,-33981.92,4468.28,400.0,320.0,400.0
962,6,ZONE_FACULTY_DIPLOMACY,7,IntermediateFloor,SM_FC_Mid_Faculty_Chambers_12x12,-2690.31,-33981.92,4868.28,400.0,280.0,400.0
962,6,ZONE_FACULTY_DIPLOMACY,8,Roof,SM_FC_Roof_BioDome_12x12,-2690.31,-33981.92,5268.28,800.0,180.0,300.0
963,6,ZONE_FACULTY_DIPLOMACY,0,Foundation,SM_FC_Foundation_SlopeCompensated_12x12,1345.15,-33981.92,2159.39,400.0,850.0,1200.0
963,6,ZONE_FACULTY_DIPLOMACY,1,GroundFloor,SM_FC_Ground_Lobby_Transit_12x12,1345.15,-33981.92,2559.39,600.0,450.0,600.0
963,6,ZONE_FACULTY_DIPLOMACY,2,IntermediateFloor,SM_FC_Mid_Academic_Lab_12x12,1345.15,-33981.92,3159.39,400.0,320.0,400.0
963,6,ZONE_FACULTY_DIPLOMACY,3,Roof,SM_FC_Roof_BioDome_12x12,1345.15,-33981.92,3559.39,800.0,180.0,300.0
964,6,ZONE_FACULTY_DIPLOMACY,0,Foundation,SM_FC_Foundation_SlopeCompensated_12x12,5380.62,-33981.92,1093.18,400.0,850.0,1200.0
964,6,ZONE_FACULTY_DIPLOMACY,1,GroundFloor,SM_FC_Ground_Lobby_Transit_12x12,5380.62,-33981.92,1493.18,600.0,450.0,600.0
964,6,ZONE_FACULTY_DIPLOMACY,2,IntermediateFloor,SM_FC_Mid_Academic_Lab_12x12,5380.62,-33981.92,2093.18,400.0,320.0,400.0
964,6,ZONE_FACULTY_DIPLOMACY,3,IntermediateFloor,SM_FC_Mid_Faculty_Chambers_12x12,5380.62,-33981.92,2493.18,400.0,280.0,400.0
964,6,ZONE_FACULTY_DIPLOMACY,4,IntermediateFloor,SM_FC_Mid_Academic_Lab_12x12,5380.62,-33981.92,2893.18,400.0,320.0,400.0
964,6,ZONE_FACULTY_DIPLOMACY,5,Roof,SM_FC_Roof_BioDome_12x12,5380.62,-33981.92,3293.18,800.0,180.0,300.0
965,6,ZONE_FACULTY_DIPLOMACY,0,Foundation,SM_FC_Foundation_SlopeCompensated_12x12,9416.08,-33981.92,-551.63,400.0,850.0,1200.0
965,6,ZONE_FACULTY_DIPLOMACY,1,GroundFloor,SM_FC_Ground_Lobby_Transit_12x12,9416.08,-33981.92,-151.63,600.0,450.0,600.0
965,6,ZONE_FACULTY_DIPLOMACY,2,IntermediateFloor,SM_FC_Mid_Academic_Lab_12x12,9416.08,-33981.92,448.37,400.0,320.0,400.0
965,6,ZONE_FACULTY_DIPLOMACY,3,IntermediateFloor,SM_FC_Mid_Faculty_Chambers_12x12,9416.08,-33981.92,848.37,400.0,280.0,400.0
965,6,ZONE_FACULTY_DIPLOMACY,4,IntermediateFloor,SM_FC_Mid_Academic_Lab_12x12,9416.08,-33981.92,1248.37,400.0,320.0,400.0
965,6,ZONE_FACULTY_DIPLOMACY,5,Roof,SM_FC_Roof_BioDome_12x12,9416.08,-33981.92,1648.37,800.0,180.0,300.0
966,6,ZONE_FACULTY_DIPLOMACY,0,Foundation,SM_FC_Foundation_SlopeCompensated_12x12,-10476.43,-37145.57,-614.37,400.0,850.0,1200.0
966,6,ZONE_FACULTY_DIPLOMACY,1,GroundFloor,SM_FC_Ground_Lobby_Transit_12x12,-10476.43,-37145.57,-214.37,600.0,450.0,600.0
966,6,ZONE_FACULTY_DIPLOMACY,2,IntermediateFloor,SM_FC_Mid_Academic_Lab_12x12,-10476.43,-37145.57,385.63,400.0,320.0,400.0
966,6,ZONE_FACULTY_DIPLOMACY,3,IntermediateFloor,SM_FC_Mid_Faculty_Chambers_12x12,-10476.43,-37145.57,785.63,400.0,280.0,400.0
966,6,ZONE_FACULTY_DIPLOMACY,4,IntermediateFloor,SM_FC_Mid_Academic_Lab_12x12,-10476.43,-37145.57,1185.63,400.0,320.0,400.0
966,6,ZONE_FACULTY_DIPLOMACY,5,Roof,SM_FC_Roof_BioDome_12x12,-10476.43,-37145.57,1585.63,800.0,180.0,300.0
967,6,ZONE_FACULTY_DIPLOMACY,0,Foundation,SM_FC_Foundation_SlopeCompensated_12x12,-5986.53,-37145.57,1228.59,400.0,850.0,1200.0
967,6,ZONE_FACULTY_DIPLOMACY,1,GroundFloor,SM_FC_Ground_Lobby_Transit_12x12,-5986.53,-37145.57,1628.59,600.0,450.0,600.0
967,6,ZONE_FACULTY_DIPLOMACY,2,IntermediateFloor,SM_FC_Mid_Academic_Lab_12x12,-5986.53,-37145.57,2228.59,400.0,320.0,400.0
967,6,ZONE_FACULTY_DIPLOMACY,3,IntermediateFloor,SM_FC_Mid_Faculty_Chambers_12x12,-5986.53,-37145.57,2628.59,400.0,280.0,400.0
967,6,ZONE_FACULTY_DIPLOMACY,4,IntermediateFloor,SM_FC_Mid_Academic_Lab_12x12,-5986.53,-37145.57,3028.59,400.0,320.0,400.0
967,6,ZONE_FACULTY_DIPLOMACY,5,IntermediateFloor,SM_FC_Mid_Faculty_Chambers_12x12,-5986.53,-37145.57,3428.59,400.0,280.0,400.0
967,6,ZONE_FACULTY_DIPLOMACY,6,Roof,SM_FC_Roof_BioDome_12x12,-5986.53,-37145.57,3828.59,800.0,180.0,300.0
968,6,ZONE_FACULTY_DIPLOMACY,0,Foundation,SM_FC_Foundation_SlopeCompensated_12x12,-1496.63,-37145.57,2412.87,400.0,850.0,1200.0
968,6,ZONE_FACULTY_DIPLOMACY,1,GroundFloor,SM_FC_Ground_Lobby_Transit_12x12,-1496.63,-37145.57,2812.87,600.0,450.0,600.0
968,6,ZONE_FACULTY_DIPLOMACY,2,IntermediateFloor,SM_FC_Mid_Academic_Lab_12x12,-1496.63,-37145.57,3412.87,400.0,320.0,400.0
968,6,ZONE_FACULTY_DIPLOMACY,3,IntermediateFloor,SM_FC_Mid_Faculty_Chambers_12x12,-1496.63,-37145.57,3812.87,400.0,280.0,400.0
968,6,ZONE_FACULTY_DIPLOMACY,4,IntermediateFloor,SM_FC_Mid_Academic_Lab_12x12,-1496.63,-37145.57,4212.87,400.0,320.0,400.0
968,6,ZONE_FACULTY_DIPLOMACY,5,IntermediateFloor,SM_FC_Mid_Faculty_Chambers_12x12,-1496.63,-37145.57,4612.87,400.0,280.0,400.0
968,6,ZONE_FACULTY_DIPLOMACY,6,Roof,SM_FC_Roof_BioDome_12x12,-1496.63,-37145.57,5012.87,800.0,180.0,300.0
969,6,ZONE_FACULTY_DIPLOMACY,0,Foundation,SM_FC_Foundation_SlopeCompensated_12x12,2993.27,-37145.57,2091.29,400.0,850.0,1200.0
969,6,ZONE_FACULTY_DIPLOMACY,1,GroundFloor,SM_FC_Ground_Lobby_Transit_12x12,2993.27,-37145.57,2491.29,600.0,450.0,600.0
969,6,ZONE_FACULTY_DIPLOMACY,2,IntermediateFloor,SM_FC_Mid_Academic_Lab_12x12,2993.27,-37145.57,3091.29,400.0,320.0,400.0
969,6,ZONE_FACULTY_DIPLOMACY,3,IntermediateFloor,SM_FC_Mid_Faculty_Chambers_12x12,2993.27,-37145.57,3491.29,400.0,280.0,400.0
969,6,ZONE_FACULTY_DIPLOMACY,4,IntermediateFloor,SM_FC_Mid_Academic_Lab_12x12,2993.27,-37145.57,3891.29,400.0,320.0,400.0
969,6,ZONE_FACULTY_DIPLOMACY,5,Roof,SM_FC_Roof_BioDome_12x12,2993.27,-37145.57,4291.29,800.0,180.0,300.0
970,6,ZONE_FACULTY_DIPLOMACY,0,Foundation,SM_FC_Foundation_SlopeCompensated_12x12,7483.17,-37145.57,687.45,400.0,850.0,1200.0
970,6,ZONE_FACULTY_DIPLOMACY,1,GroundFloor,SM_FC_Ground_Lobby_Transit_12x12,7483.17,-37145.57,1087.45,600.0,450.0,600.0
970,6,ZONE_FACULTY_DIPLOMACY,2,IntermediateFloor,SM_FC_Mid_Academic_Lab_12x12,7483.17,-37145.57,1687.45,400.0,320.0,400.0
970,6,ZONE_FACULTY_DIPLOMACY,3,IntermediateFloor,SM_FC_Mid_Faculty_Chambers_12x12,7483.17,-37145.57,2087.45,400.0,280.0,400.0
970,6,ZONE_FACULTY_DIPLOMACY,4,IntermediateFloor,SM_FC_Mid_Academic_Lab_12x12,7483.17,-37145.57,2487.45,400.0,320.0,400.0
970,6,ZONE_FACULTY_DIPLOMACY,5,IntermediateFloor,SM_FC_Mid_Faculty_Chambers_12x12,7483.17,-37145.57,2887.45,400.0,280.0,400.0
970,6,ZONE_FACULTY_DIPLOMACY,6,IntermediateFloor,SM_FC_Mid_Academic_Lab_12x12,7483.17,-37145.57,3287.45,400.0,320.0,400.0
970,6,ZONE_FACULTY_DIPLOMACY,7,IntermediateFloor,SM_FC_Mid_Faculty_Chambers_12x12,7483.17,-37145.57,3687.45,400.0,280.0,400.0
970,6,ZONE_FACULTY_DIPLOMACY,8,Roof,SM_FC_Roof_BioDome_12x12,7483.17,-37145.57,4087.45,800.0,180.0,300.0
971,6,ZONE_FACULTY_DIPLOMACY,0,Foundation,SM_FC_Foundation_SlopeCompensated_12x12,-9888.67,-40309.22,95.44,400.0,850.0,1200.0
971,6,ZONE_FACULTY_DIPLOMACY,1,GroundFloor,SM_FC_Ground_Lobby_Transit_12x12,-9888.67,-40309.22,495.44,600.0,450.0,600.0
971,6,ZONE_FACULTY_DIPLOMACY,2,IntermediateFloor,SM_FC_Mid_Academic_Lab_12x12,-9888.67,-40309.22,1095.44,400.0,320.0,400.0
971,6,ZONE_FACULTY_DIPLOMACY,3,IntermediateFloor,SM_FC_Mid_Faculty_Chambers_12x12,-9888.67,-40309.22,1495.44,400.0,280.0,400.0
971,6,ZONE_FACULTY_DIPLOMACY,4,IntermediateFloor,SM_FC_Mid_Academic_Lab_12x12,-9888.67,-40309.22,1895.44,400.0,320.0,400.0
971,6,ZONE_FACULTY_DIPLOMACY,5,IntermediateFloor,SM_FC_Mid_Faculty_Chambers_12x12,-9888.67,-40309.22,2295.44,400.0,280.0,400.0
971,6,ZONE_FACULTY_DIPLOMACY,6,IntermediateFloor,SM_FC_Mid_Academic_Lab_12x12,-9888.67,-40309.22,2695.44,400.0,320.0,400.0
971,6,ZONE_FACULTY_DIPLOMACY,7,IntermediateFloor,SM_FC_Mid_Faculty_Chambers_12x12,-9888.67,-40309.22,3095.44,400.0,280.0,400.0
971,6,ZONE_FACULTY_DIPLOMACY,8,Roof,SM_FC_Roof_BioDome_12x12,-9888.67,-40309.22,3495.44,800.0,180.0,300.0
972,6,ZONE_FACULTY_DIPLOMACY,0,Foundation,SM_FC_Foundation_SlopeCompensated_12x12,-4944.34,-40309.22,1872.96,400.0,850.0,1200.0
972,6,ZONE_FACULTY_DIPLOMACY,1,GroundFloor,SM_FC_Ground_Lobby_Transit_12x12,-4944.34,-40309.22,2272.96,600.0,450.0,600.0
972,6,ZONE_FACULTY_DIPLOMACY,2,IntermediateFloor,SM_FC_Mid_Academic_Lab_12x12,-4944.34,-40309.22,2872.96,400.0,320.0,400.0
972,6,ZONE_FACULTY_DIPLOMACY,3,IntermediateFloor,SM_FC_Mid_Faculty_Chambers_12x12,-4944.34,-40309.22,3272.96,400.0,280.0,400.0
972,6,ZONE_FACULTY_DIPLOMACY,4,IntermediateFloor,SM_FC_Mid_Academic_Lab_12x12,-4944.34,-40309.22,3672.96,400.0,320.0,400.0
972,6,ZONE_FACULTY_DIPLOMACY,5,IntermediateFloor,SM_FC_Mid_Faculty_Chambers_12x12,-4944.34,-40309.22,4072.96,400.0,280.0,400.0
972,6,ZONE_FACULTY_DIPLOMACY,6,IntermediateFloor,SM_FC_Mid_Academic_Lab_12x12,-4944.34,-40309.22,4472.96,400.0,320.0,400.0
972,6,ZONE_FACULTY_DIPLOMACY,7,IntermediateFloor,SM_FC_Mid_Faculty_Chambers_12x12,-4944.34,-40309.22,4872.96,400.0,280.0,400.0
972,6,ZONE_FACULTY_DIPLOMACY,8,Roof,SM_FC_Roof_BioDome_12x12,-4944.34,-40309.22,5272.96,800.0,180.0,300.0
973,6,ZONE_FACULTY_DIPLOMACY,0,Foundation,SM_FC_Foundation_SlopeCompensated_12x12,-0.0,-40309.22,2918.95,400.0,850.0,1200.0
973,6,ZONE_FACULTY_DIPLOMACY,1,GroundFloor,SM_FC_Ground_Lobby_Transit_12x12,-0.0,-40309.22,3318.95,600.0,450.0,600.0
973,6,ZONE_FACULTY_DIPLOMACY,2,IntermediateFloor,SM_FC_Mid_Academic_Lab_12x12,-0.0,-40309.22,3918.95,400.0,320.0,400.0
973,6,ZONE_FACULTY_DIPLOMACY,3,IntermediateFloor,SM_FC_Mid_Faculty_Chambers_12x12,-0.0,-40309.22,4318.95,400.0,280.0,400.0
973,6,ZONE_FACULTY_DIPLOMACY,4,Roof,SM_FC_Roof_BioDome_12x12,-0.0,-40309.22,4718.95,800.0,180.0,300.0
974,6,ZONE_FACULTY_DIPLOMACY,0,Foundation,SM_FC_Foundation_SlopeCompensated_12x12,4944.34,-40309.22,1872.96,400.0,850.0,1200.0
974,6,ZONE_FACULTY_DIPLOMACY,1,GroundFloor,SM_FC_Ground_Lobby_Transit_12x12,4944.34,-40309.22,2272.96,600.0,450.0,600.0
974,6,ZONE_FACULTY_DIPLOMACY,2,IntermediateFloor,SM_FC_Mid_Academic_Lab_12x12,4944.34,-40309.22,2872.96,400.0,320.0,400.0
974,6,ZONE_FACULTY_DIPLOMACY,3,IntermediateFloor,SM_FC_Mid_Faculty_Chambers_12x12,4944.34,-40309.22,3272.96,400.0,280.0,400.0
974,6,ZONE_FACULTY_DIPLOMACY,4,IntermediateFloor,SM_FC_Mid_Academic_Lab_12x12,4944.34,-40309.22,3672.96,400.0,320.0,400.0
974,6,ZONE_FACULTY_DIPLOMACY,5,Roof,SM_FC_Roof_BioDome_12x12,4944.34,-40309.22,4072.96,800.0,180.0,300.0
975,6,ZONE_FACULTY_DIPLOMACY,0,Foundation,SM_FC_Foundation_SlopeCompensated_12x12,9888.67,-40309.22,95.44,400.0,850.0,1200.0
975,6,ZONE_FACULTY_DIPLOMACY,1,GroundFloor,SM_FC_Ground_Lobby_Transit_12x12,9888.67,-40309.22,495.44,600.0,450.0,600.0
975,6,ZONE_FACULTY_DIPLOMACY,2,IntermediateFloor,SM_FC_Mid_Academic_Lab_12x12,9888.67,-40309.22,1095.44,400.0,320.0,400.0
975,6,ZONE_FACULTY_DIPLOMACY,3,IntermediateFloor,SM_FC_Mid_Faculty_Chambers_12x12,9888.67,-40309.22,1495.44,400.0,280.0,400.0
975,6,ZONE_FACULTY_DIPLOMACY,4,IntermediateFloor,SM_FC_Mid_Academic_Lab_12x12,9888.67,-40309.22,1895.44,400.0,320.0,400.0
975,6,ZONE_FACULTY_DIPLOMACY,5,IntermediateFloor,SM_FC_Mid_Faculty_Chambers_12x12,9888.67,-40309.22,2295.44,400.0,280.0,400.0
975,6,ZONE_FACULTY_DIPLOMACY,6,Roof,SM_FC_Roof_BioDome_12x12,9888.67,-40309.22,2695.44,800.0,180.0,300.0
976,6,ZONE_FACULTY_DIPLOMACY,0,Foundation,SM_FC_Foundation_SlopeCompensated_12x12,-8997.96,-43472.87,855.9,400.0,850.0,1200.0
976,6,ZONE_FACULTY_DIPLOMACY,1,GroundFloor,SM_FC_Ground_Lobby_Transit_12x12,-8997.96,-43472.87,1255.9,600.0,450.0,600.0
976,6,ZONE_FACULTY_DIPLOMACY,2,IntermediateFloor,SM_FC_Mid_Academic_Lab_12x12,-8997.96,-43472.87,1855.9,400.0,320.0,400.0
976,6,ZONE_FACULTY_DIPLOMACY,3,IntermediateFloor,SM_FC_Mid_Faculty_Chambers_12x12,-8997.96,-43472.87,2255.9,400.0,280.0,400.0
976,6,ZONE_FACULTY_DIPLOMACY,4,IntermediateFloor,SM_FC_Mid_Academic_Lab_12x12,-8997.96,-43472.87,2655.9,400.0,320.0,400.0
976,6,ZONE_FACULTY_DIPLOMACY,5,IntermediateFloor,SM_FC_Mid_Faculty_Chambers_12x12,-8997.96,-43472.87,3055.9,400.0,280.0,400.0
976,6,ZONE_FACULTY_DIPLOMACY,6,IntermediateFloor,SM_FC_Mid_Academic_Lab_12x12,-8997.96,-43472.87,3455.9,400.0,320.0,400.0
976,6,ZONE_FACULTY_DIPLOMACY,7,IntermediateFloor,SM_FC_Mid_Faculty_Chambers_12x12,-8997.96,-43472.87,3855.9,400.0,280.0,400.0
976,6,ZONE_FACULTY_DIPLOMACY,8,Roof,SM_FC_Roof_BioDome_12x12,-8997.96,-43472.87,4255.9,800.0,180.0,300.0
977,6,ZONE_FACULTY_DIPLOMACY,0,Foundation,SM_FC_Foundation_SlopeCompensated_12x12,-3599.18,-43472.87,2503.84,400.0,850.0,1200.0
977,6,ZONE_FACULTY_DIPLOMACY,1,GroundFloor,SM_FC_Ground_Lobby_Transit_12x12,-3599.18,-43472.87,2903.84,600.0,450.0,600.0
977,6,ZONE_FACULTY_DIPLOMACY,2,IntermediateFloor,SM_FC_Mid_Academic_Lab_12x12,-3599.18,-43472.87,3503.84,400.0,320.0,400.0
977,6,ZONE_FACULTY_DIPLOMACY,3,IntermediateFloor,SM_FC_Mid_Faculty_Chambers_12x12,-3599.18,-43472.87,3903.84,400.0,280.0,400.0
977,6,ZONE_FACULTY_DIPLOMACY,4,IntermediateFloor,SM_FC_Mid_Academic_Lab_12x12,-3599.18,-43472.87,4303.84,400.0,320.0,400.0
977,6,ZONE_FACULTY_DIPLOMACY,5,Roof,SM_FC_Roof_BioDome_12x12,-3599.18,-43472.87,4703.84,800.0,180.0,300.0
978,6,ZONE_FACULTY_DIPLOMACY,0,Foundation,SM_FC_Foundation_SlopeCompensated_12x12,1799.59,-43472.87,2876.18,400.0,850.0,1200.0
978,6,ZONE_FACULTY_DIPLOMACY,1,GroundFloor,SM_FC_Ground_Lobby_Transit_12x12,1799.59,-43472.87,3276.18,600.0,450.0,600.0
978,6,ZONE_FACULTY_DIPLOMACY,2,IntermediateFloor,SM_FC_Mid_Academic_Lab_12x12,1799.59,-43472.87,3876.18,400.0,320.0,400.0
978,6,ZONE_FACULTY_DIPLOMACY,3,IntermediateFloor,SM_FC_Mid_Faculty_Chambers_12x12,1799.59,-43472.87,4276.18,400.0,280.0,400.0
978,6,ZONE_FACULTY_DIPLOMACY,4,IntermediateFloor,SM_FC_Mid_Academic_Lab_12x12,1799.59,-43472.87,4676.18,400.0,320.0,400.0
978,6,ZONE_FACULTY_DIPLOMACY,5,IntermediateFloor,SM_FC_Mid_Faculty_Chambers_12x12,1799.59,-43472.87,5076.18,400.0,280.0,400.0
978,6,ZONE_FACULTY_DIPLOMACY,6,IntermediateFloor,SM_FC_Mid_Academic_Lab_12x12,1799.59,-43472.87,5476.18,400.0,320.0,400.0
978,6,ZONE_FACULTY_DIPLOMACY,7,IntermediateFloor,SM_FC_Mid_Faculty_Chambers_12x12,1799.59,-43472.87,5876.18,400.0,280.0,400.0
978,6,ZONE_FACULTY_DIPLOMACY,8,Roof,SM_FC_Roof_BioDome_12x12,1799.59,-43472.87,6276.18,800.0,180.0,300.0
979,6,ZONE_FACULTY_DIPLOMACY,0,Foundation,SM_FC_Foundation_SlopeCompensated_12x12,7198.36,-43472.87,1493.7,400.0,850.0,1200.0
979,6,ZONE_FACULTY_DIPLOMACY,1,GroundFloor,SM_FC_Ground_Lobby_Transit_12x12,7198.36,-43472.87,1893.7,600.0,450.0,600.0
979,6,ZONE_FACULTY_DIPLOMACY,2,IntermediateFloor,SM_FC_Mid_Academic_Lab_12x12,7198.36,-43472.87,2493.7,400.0,320.0,400.0
979,6,ZONE_FACULTY_DIPLOMACY,3,IntermediateFloor,SM_FC_Mid_Faculty_Chambers_12x12,7198.36,-43472.87,2893.7,400.0,280.0,400.0
979,6,ZONE_FACULTY_DIPLOMACY,4,IntermediateFloor,SM_FC_Mid_Academic_Lab_12x12,7198.36,-43472.87,3293.7,400.0,320.0,400.0
979,6,ZONE_FACULTY_DIPLOMACY,5,IntermediateFloor,SM_FC_Mid_Faculty_Chambers_12x12,7198.36,-43472.87,3693.7,400.0,280.0,400.0
979,6,ZONE_FACULTY_DIPLOMACY,6,IntermediateFloor,SM_FC_Mid_Academic_Lab_12x12,7198.36,-43472.87,4093.7,400.0,320.0,400.0
979,6,ZONE_FACULTY_DIPLOMACY,7,IntermediateFloor,SM_FC_Mid_Faculty_Chambers_12x12,7198.36,-43472.87,4493.7,400.0,280.0,400.0
979,6,ZONE_FACULTY_DIPLOMACY,8,Roof,SM_FC_Roof_BioDome_12x12,7198.36,-43472.87,4893.7,800.0,180.0,300.0
980,6,ZONE_FACULTY_DIPLOMACY,0,Foundation,SM_FC_Foundation_SlopeCompensated_12x12,12597.14,-43472.87,-685.15,400.0,850.0,1200.0
980,6,ZONE_FACULTY_DIPLOMACY,1,GroundFloor,SM_FC_Ground_Lobby_Transit_12x12,12597.14,-43472.87,-285.15,600.0,450.0,600.0
980,6,ZONE_FACULTY_DIPLOMACY,2,IntermediateFloor,SM_FC_Mid_Academic_Lab_12x12,12597.14,-43472.87,314.85,400.0,320.0,400.0
980,6,ZONE_FACULTY_DIPLOMACY,3,IntermediateFloor,SM_FC_Mid_Faculty_Chambers_12x12,12597.14,-43472.87,714.85,400.0,280.0,400.0
980,6,ZONE_FACULTY_DIPLOMACY,4,IntermediateFloor,SM_FC_Mid_Academic_Lab_12x12,12597.14,-43472.87,1114.85,400.0,320.0,400.0
980,6,ZONE_FACULTY_DIPLOMACY,5,IntermediateFloor,SM_FC_Mid_Faculty_Chambers_12x12,12597.14,-43472.87,1514.85,400.0,280.0,400.0
980,6,ZONE_FACULTY_DIPLOMACY,6,Roof,SM_FC_Roof_BioDome_12x12,12597.14,-43472.87,1914.85,800.0,180.0,300.0
981,6,ZONE_FACULTY_DIPLOMACY,0,Foundation,SM_FC_Foundation_SlopeCompensated_12x12,-13657.49,-46636.53,-688.94,400.0,850.0,1200.0
981,6,ZONE_FACULTY_DIPLOMACY,1,GroundFloor,SM_FC_Ground_Lobby_Transit_12x12,-13657.49,-46636.53,-288.94,600.0,450.0,600.0
981,6,ZONE_FACULTY_DIPLOMACY,2,IntermediateFloor,SM_FC_Mid_Academic_Lab_12x12,-13657.49,-46636.53,311.06,400.0,320.0,400.0
981,6,ZONE_FACULTY_DIPLOMACY,3,IntermediateFloor,SM_FC_Mid_Faculty_Chambers_12x12,-13657.49,-46636.53,711.06,400.0,280.0,400.0
981,6,ZONE_FACULTY_DIPLOMACY,4,IntermediateFloor,SM_FC_Mid_Academic_Lab_12x12,-13657.49,-46636.53,1111.06,400.0,320.0,400.0
981,6,ZONE_FACULTY_DIPLOMACY,5,Roof,SM_FC_Roof_BioDome_12x12,-13657.49,-46636.53,1511.06,800.0,180.0,300.0
982,6,ZONE_FACULTY_DIPLOMACY,0,Foundation,SM_FC_Foundation_SlopeCompensated_12x12,-7804.28,-46636.53,1625.32,400.0,850.0,1200.0
982,6,ZONE_FACULTY_DIPLOMACY,1,GroundFloor,SM_FC_Ground_Lobby_Transit_12x12,-7804.28,-46636.53,2025.32,600.0,450.0,600.0
982,6,ZONE_FACULTY_DIPLOMACY,2,IntermediateFloor,SM_FC_Mid_Academic_Lab_12x12,-7804.28,-46636.53,2625.32,400.0,320.0,400.0
982,6,ZONE_FACULTY_DIPLOMACY,3,IntermediateFloor,SM_FC_Mid_Faculty_Chambers_12x12,-7804.28,-46636.53,3025.32,400.0,280.0,400.0
982,6,ZONE_FACULTY_DIPLOMACY,4,IntermediateFloor,SM_FC_Mid_Academic_Lab_12x12,-7804.28,-46636.53,3425.32,400.0,320.0,400.0
982,6,ZONE_FACULTY_DIPLOMACY,5,Roof,SM_FC_Roof_BioDome_12x12,-7804.28,-46636.53,3825.32,800.0,180.0,300.0
983,6,ZONE_FACULTY_DIPLOMACY,0,Foundation,SM_FC_Foundation_SlopeCompensated_12x12,-1951.07,-46636.53,3087.1,400.0,850.0,1200.0
983,6,ZONE_FACULTY_DIPLOMACY,1,GroundFloor,SM_FC_Ground_Lobby_Transit_12x12,-1951.07,-46636.53,3487.1,600.0,450.0,600.0
983,6,ZONE_FACULTY_DIPLOMACY,2,IntermediateFloor,SM_FC_Mid_Academic_Lab_12x12,-1951.07,-46636.53,4087.1,400.0,320.0,400.0
983,6,ZONE_FACULTY_DIPLOMACY,3,IntermediateFloor,SM_FC_Mid_Faculty_Chambers_12x12,-1951.07,-46636.53,4487.1,400.0,280.0,400.0
983,6,ZONE_FACULTY_DIPLOMACY,4,IntermediateFloor,SM_FC_Mid_Academic_Lab_12x12,-1951.07,-46636.53,4887.1,400.0,320.0,400.0
983,6,ZONE_FACULTY_DIPLOMACY,5,Roof,SM_FC_Roof_BioDome_12x12,-1951.07,-46636.53,5287.1,800.0,180.0,300.0
984,6,ZONE_FACULTY_DIPLOMACY,0,Foundation,SM_FC_Foundation_SlopeCompensated_12x12,3902.14,-46636.53,2694.56,400.0,850.0,1200.0
984,6,ZONE_FACULTY_DIPLOMACY,1,GroundFloor,SM_FC_Ground_Lobby_Transit_12x12,3902.14,-46636.53,3094.56,600.0,450.0,600.0
984,6,ZONE_FACULTY_DIPLOMACY,2,IntermediateFloor,SM_FC_Mid_Academic_Lab_12x12,3902.14,-46636.53,3694.56,400.0,320.0,400.0
984,6,ZONE_FACULTY_DIPLOMACY,3,IntermediateFloor,SM_FC_Mid_Faculty_Chambers_12x12,3902.14,-46636.53,4094.56,400.0,280.0,400.0
984,6,ZONE_FACULTY_DIPLOMACY,4,IntermediateFloor,SM_FC_Mid_Academic_Lab_12x12,3902.14,-46636.53,4494.56,400.0,320.0,400.0
984,6,ZONE_FACULTY_DIPLOMACY,5,IntermediateFloor,SM_FC_Mid_Faculty_Chambers_12x12,3902.14,-46636.53,4894.56,400.0,280.0,400.0
984,6,ZONE_FACULTY_DIPLOMACY,6,IntermediateFloor,SM_FC_Mid_Academic_Lab_12x12,3902.14,-46636.53,5294.56,400.0,320.0,400.0
984,6,ZONE_FACULTY_DIPLOMACY,7,IntermediateFloor,SM_FC_Mid_Faculty_Chambers_12x12,3902.14,-46636.53,5694.56,400.0,280.0,400.0
984,6,ZONE_FACULTY_DIPLOMACY,8,Roof,SM_FC_Roof_BioDome_12x12,3902.14,-46636.53,6094.56,800.0,180.0,300.0
985,6,ZONE_FACULTY_DIPLOMACY,0,Foundation,SM_FC_Foundation_SlopeCompensated_12x12,9755.35,-46636.53,948.62,400.0,850.0,1200.0
985,6,ZONE_FACULTY_DIPLOMACY,1,GroundFloor,SM_FC_Ground_Lobby_Transit_12x12,9755.35,-46636.53,1348.62,600.0,450.0,600.0
985,6,ZONE_FACULTY_DIPLOMACY,2,IntermediateFloor,SM_FC_Mid_Academic_Lab_12x12,9755.35,-46636.53,1948.62,400.0,320.0,400.0
985,6,ZONE_FACULTY_DIPLOMACY,3,IntermediateFloor,SM_FC_Mid_Faculty_Chambers_12x12,9755.35,-46636.53,2348.62,400.0,280.0,400.0
985,6,ZONE_FACULTY_DIPLOMACY,4,IntermediateFloor,SM_FC_Mid_Academic_Lab_12x12,9755.35,-46636.53,2748.62,400.0,320.0,400.0
985,6,ZONE_FACULTY_DIPLOMACY,5,IntermediateFloor,SM_FC_Mid_Faculty_Chambers_12x12,9755.35,-46636.53,3148.62,400.0,280.0,400.0
985,6,ZONE_FACULTY_DIPLOMACY,6,IntermediateFloor,SM_FC_Mid_Academic_Lab_12x12,9755.35,-46636.53,3548.62,400.0,320.0,400.0
985,6,ZONE_FACULTY_DIPLOMACY,7,IntermediateFloor,SM_FC_Mid_Faculty_Chambers_12x12,9755.35,-46636.53,3948.62,400.0,280.0,400.0
985,6,ZONE_FACULTY_DIPLOMACY,8,Roof,SM_FC_Roof_BioDome_12x12,9755.35,-46636.53,4348.62,800.0,180.0,300.0
986,6,ZONE_FACULTY_DIPLOMACY,0,Foundation,SM_FC_Foundation_SlopeCompensated_12x12,-12615.29,-49800.18,239.47,400.0,850.0,1200.0
986,6,ZONE_FACULTY_DIPLOMACY,1,GroundFloor,SM_FC_Ground_Lobby_Transit_12x12,-12615.29,-49800.18,639.47,600.0,450.0,600.0
986,6,ZONE_FACULTY_DIPLOMACY,2,IntermediateFloor,SM_FC_Mid_Academic_Lab_12x12,-12615.29,-49800.18,1239.47,400.0,320.0,400.0
986,6,ZONE_FACULTY_DIPLOMACY,3,IntermediateFloor,SM_FC_Mid_Faculty_Chambers_12x12,-12615.29,-49800.18,1639.47,400.0,280.0,400.0
986,6,ZONE_FACULTY_DIPLOMACY,4,IntermediateFloor,SM_FC_Mid_Academic_Lab_12x12,-12615.29,-49800.18,2039.47,400.0,320.0,400.0
986,6,ZONE_FACULTY_DIPLOMACY,5,Roof,SM_FC_Roof_BioDome_12x12,-12615.29,-49800.18,2439.47,800.0,180.0,300.0
987,6,ZONE_FACULTY_DIPLOMACY,0,Foundation,SM_FC_Foundation_SlopeCompensated_12x12,-6307.65,-49800.18,2366.29,400.0,850.0,1200.0
987,6,ZONE_FACULTY_DIPLOMACY,1,GroundFloor,SM_FC_Ground_Lobby_Transit_12x12,-6307.65,-49800.18,2766.29,600.0,450.0,600.0
987,6,ZONE_FACULTY_DIPLOMACY,2,IntermediateFloor,SM_FC_Mid_Academic_Lab_12x12,-6307.65,-49800.18,3366.29,400.0,320.0,400.0
987,6,ZONE_FACULTY_DIPLOMACY,3,Roof,SM_FC_Roof_BioDome_12x12,-6307.65,-49800.18,3766.29,800.0,180.0,300.0
988,6,ZONE_FACULTY_DIPLOMACY,0,Foundation,SM_FC_Foundation_SlopeCompensated_12x12,-0.0,-49800.18,3593.83,400.0,850.0,1200.0
988,6,ZONE_FACULTY_DIPLOMACY,1,GroundFloor,SM_FC_Ground_Lobby_Transit_12x12,-0.0,-49800.18,3993.83,600.0,450.0,600.0
988,6,ZONE_FACULTY_DIPLOMACY,2,IntermediateFloor,SM_FC_Mid_Academic_Lab_12x12,-0.0,-49800.18,4593.83,400.0,320.0,400.0
988,6,ZONE_FACULTY_DIPLOMACY,3,Roof,SM_FC_Roof_BioDome_12x12,-0.0,-49800.18,4993.83,800.0,180.0,300.0
989,6,ZONE_FACULTY_DIPLOMACY,0,Foundation,SM_FC_Foundation_SlopeCompensated_12x12,6307.65,-49800.18,2366.29,400.0,850.0,1200.0
989,6,ZONE_FACULTY_DIPLOMACY,1,GroundFloor,SM_FC_Ground_Lobby_Transit_12x12,6307.65,-49800.18,2766.29,600.0,450.0,600.0
989,6,ZONE_FACULTY_DIPLOMACY,2,IntermediateFloor,SM_FC_Mid_Academic_Lab_12x12,6307.65,-49800.18,3366.29,400.0,320.0,400.0
989,6,ZONE_FACULTY_DIPLOMACY,3,IntermediateFloor,SM_FC_Mid_Faculty_Chambers_12x12,6307.65,-49800.18,3766.29,400.0,280.0,400.0
989,6,ZONE_FACULTY_DIPLOMACY,4,IntermediateFloor,SM_FC_Mid_Academic_Lab_12x12,6307.65,-49800.18,4166.29,400.0,320.0,400.0
989,6,ZONE_FACULTY_DIPLOMACY,5,IntermediateFloor,SM_FC_Mid_Faculty_Chambers_12x12,6307.65,-49800.18,4566.29,400.0,280.0,400.0
989,6,ZONE_FACULTY_DIPLOMACY,6,IntermediateFloor,SM_FC_Mid_Academic_Lab_12x12,6307.65,-49800.18,4966.29,400.0,320.0,400.0
989,6,ZONE_FACULTY_DIPLOMACY,7,Roof,SM_FC_Roof_BioDome_12x12,6307.65,-49800.18,5366.29,800.0,180.0,300.0
990,6,ZONE_FACULTY_DIPLOMACY,0,Foundation,SM_FC_Foundation_SlopeCompensated_12x12,12615.29,-49800.18,239.47,400.0,850.0,1200.0
990,6,ZONE_FACULTY_DIPLOMACY,1,GroundFloor,SM_FC_Ground_Lobby_Transit_12x12,12615.29,-49800.18,639.47,600.0,450.0,600.0
990,6,ZONE_FACULTY_DIPLOMACY,2,IntermediateFloor,SM_FC_Mid_Academic_Lab_12x12,12615.29,-49800.18,1239.47,400.0,320.0,400.0
990,6,ZONE_FACULTY_DIPLOMACY,3,IntermediateFloor,SM_FC_Mid_Faculty_Chambers_12x12,12615.29,-49800.18,1639.47,400.0,280.0,400.0
990,6,ZONE_FACULTY_DIPLOMACY,4,IntermediateFloor,SM_FC_Mid_Academic_Lab_12x12,12615.29,-49800.18,2039.47,400.0,320.0,400.0
990,6,ZONE_FACULTY_DIPLOMACY,5,IntermediateFloor,SM_FC_Mid_Faculty_Chambers_12x12,12615.29,-49800.18,2439.47,400.0,280.0,400.0
990,6,ZONE_FACULTY_DIPLOMACY,6,IntermediateFloor,SM_FC_Mid_Academic_Lab_12x12,12615.29,-49800.18,2839.47,400.0,320.0,400.0
990,6,ZONE_FACULTY_DIPLOMACY,7,IntermediateFloor,SM_FC_Mid_Faculty_Chambers_12x12,12615.29,-49800.18,3239.47,400.0,280.0,400.0
990,6,ZONE_FACULTY_DIPLOMACY,8,Roof,SM_FC_Roof_BioDome_12x12,12615.29,-49800.18,3639.47,800.0,180.0,300.0
991,6,ZONE_FACULTY_DIPLOMACY,0,Foundation,SM_FC_Foundation_SlopeCompensated_12x12,-11270.14,-52963.83,1155.79,400.0,850.0,1200.0
991,6,ZONE_FACULTY_DIPLOMACY,1,GroundFloor,SM_FC_Ground_Lobby_Transit_12x12,-11270.14,-52963.83,1555.79,600.0,450.0,600.0
991,6,ZONE_FACULTY_DIPLOMACY,2,IntermediateFloor,SM_FC_Mid_Academic_Lab_12x12,-11270.14,-52963.83,2155.79,400.0,320.0,400.0
991,6,ZONE_FACULTY_DIPLOMACY,3,IntermediateFloor,SM_FC_Mid_Faculty_Chambers_12x12,-11270.14,-52963.83,2555.79,400.0,280.0,400.0
991,6,ZONE_FACULTY_DIPLOMACY,4,Roof,SM_FC_Roof_BioDome_12x12,-11270.14,-52963.83,2955.79,800.0,180.0,300.0
992,6,ZONE_FACULTY_DIPLOMACY,0,Foundation,SM_FC_Foundation_SlopeCompensated_12x12,-4508.06,-52963.83,3046.54,400.0,850.0,1200.0
992,6,ZONE_FACULTY_DIPLOMACY,1,GroundFloor,SM_FC_Ground_Lobby_Transit_12x12,-4508.06,-52963.83,3446.54,600.0,450.0,600.0
992,6,ZONE_FACULTY_DIPLOMACY,2,IntermediateFloor,SM_FC_Mid_Academic_Lab_12x12,-4508.06,-52963.83,4046.54,400.0,320.0,400.0
992,6,ZONE_FACULTY_DIPLOMACY,3,IntermediateFloor,SM_FC_Mid_Faculty_Chambers_12x12,-4508.06,-52963.83,4446.54,400.0,280.0,400.0
992,6,ZONE_FACULTY_DIPLOMACY,4,IntermediateFloor,SM_FC_Mid_Academic_Lab_12x12,-4508.06,-52963.83,4846.54,400.0,320.0,400.0
992,6,ZONE_FACULTY_DIPLOMACY,5,IntermediateFloor,SM_FC_Mid_Faculty_Chambers_12x12,-4508.06,-52963.83,5246.54,400.0,280.0,400.0
992,6,ZONE_FACULTY_DIPLOMACY,6,Roof,SM_FC_Roof_BioDome_12x12,-4508.06,-52963.83,5646.54,800.0,180.0,300.0
993,6,ZONE_FACULTY_DIPLOMACY,0,Foundation,SM_FC_Foundation_SlopeCompensated_12x12,2254.03,-52963.83,3468.75,400.0,850.0,1200.0
993,6,ZONE_FACULTY_DIPLOMACY,1,GroundFloor,SM_FC_Ground_Lobby_Transit_12x12,2254.03,-52963.83,3868.75,600.0,450.0,600.0
993,6,ZONE_FACULTY_DIPLOMACY,2,IntermediateFloor,SM_FC_Mid_Academic_Lab_12x12,2254.03,-52963.83,4468.75,400.0,320.0,400.0
993,6,ZONE_FACULTY_DIPLOMACY,3,IntermediateFloor,SM_FC_Mid_Faculty_Chambers_12x12,2254.03,-52963.83,4868.75,400.0,280.0,400.0
993,6,ZONE_FACULTY_DIPLOMACY,4,IntermediateFloor,SM_FC_Mid_Academic_Lab_12x12,2254.03,-52963.83,5268.75,400.0,320.0,400.0
993,6,ZONE_FACULTY_DIPLOMACY,5,Roof,SM_FC_Roof_BioDome_12x12,2254.03,-52963.83,5668.75,800.0,180.0,300.0
994,6,ZONE_FACULTY_DIPLOMACY,0,Foundation,SM_FC_Foundation_SlopeCompensated_12x12,9016.11,-52963.83,1890.06,400.0,850.0,1200.0
994,6,ZONE_FACULTY_DIPLOMACY,1,GroundFloor,SM_FC_Ground_Lobby_Transit_12x12,9016.11,-52963.83,2290.06,600.0,450.0,600.0
994,6,ZONE_FACULTY_DIPLOMACY,2,IntermediateFloor,SM_FC_Mid_Academic_Lab_12x12,9016.11,-52963.83,2890.06,400.0,320.0,400.0
994,6,ZONE_FACULTY_DIPLOMACY,3,IntermediateFloor,SM_FC_Mid_Faculty_Chambers_12x12,9016.11,-52963.83,3290.06,400.0,280.0,400.0
994,6,ZONE_FACULTY_DIPLOMACY,4,Roof,SM_FC_Roof_BioDome_12x12,9016.11,-52963.83,3690.06,800.0,180.0,300.0
995,6,ZONE_FACULTY_DIPLOMACY,0,Foundation,SM_FC_Foundation_SlopeCompensated_12x12,15778.19,-52963.83,-624.82,400.0,850.0,1200.0
995,6,ZONE_FACULTY_DIPLOMACY,1,GroundFloor,SM_FC_Ground_Lobby_Transit_12x12,15778.19,-52963.83,-224.82,600.0,450.0,600.0
995,6,ZONE_FACULTY_DIPLOMACY,2,IntermediateFloor,SM_FC_Mid_Academic_Lab_12x12,15778.19,-52963.83,375.18,400.0,320.0,400.0
995,6,ZONE_FACULTY_DIPLOMACY,3,IntermediateFloor,SM_FC_Mid_Faculty_Chambers_12x12,15778.19,-52963.83,775.18,400.0,280.0,400.0
995,6,ZONE_FACULTY_DIPLOMACY,4,IntermediateFloor,SM_FC_Mid_Academic_Lab_12x12,15778.19,-52963.83,1175.18,400.0,320.0,400.0
995,6,ZONE_FACULTY_DIPLOMACY,5,IntermediateFloor,SM_FC_Mid_Faculty_Chambers_12x12,15778.19,-52963.83,1575.18,400.0,280.0,400.0
995,6,ZONE_FACULTY_DIPLOMACY,6,IntermediateFloor,SM_FC_Mid_Academic_Lab_12x12,15778.19,-52963.83,1975.18,400.0,320.0,400.0
995,6,ZONE_FACULTY_DIPLOMACY,7,IntermediateFloor,SM_FC_Mid_Faculty_Chambers_12x12,15778.19,-52963.83,2375.18,400.0,280.0,400.0
995,6,ZONE_FACULTY_DIPLOMACY,8,Roof,SM_FC_Roof_BioDome_12x12,15778.19,-52963.83,2775.18,800.0,180.0,300.0
996,6,ZONE_FACULTY_DIPLOMACY,0,Foundation,SM_FC_Foundation_SlopeCompensated_12x12,-16079.12,-56127.49,-554.39,400.0,850.0,1200.0
996,6,ZONE_FACULTY_DIPLOMACY,1,GroundFloor,SM_FC_Ground_Lobby_Transit_12x12,-16079.12,-56127.49,-154.39,600.0,450.0,600.0
996,6,ZONE_FACULTY_DIPLOMACY,2,IntermediateFloor,SM_FC_Mid_Academic_Lab_12x12,-16079.12,-56127.49,445.61,400.0,320.0,400.0
996,6,ZONE_FACULTY_DIPLOMACY,3,Roof,SM_FC_Roof_BioDome_12x12,-16079.12,-56127.49,845.61,800.0,180.0,300.0
997,6,ZONE_FACULTY_DIPLOMACY,0,Foundation,SM_FC_Foundation_SlopeCompensated_12x12,-9188.07,-56127.49,2024.1,400.0,850.0,1200.0
997,6,ZONE_FACULTY_DIPLOMACY,1,GroundFloor,SM_FC_Ground_Lobby_Transit_12x12,-9188.07,-56127.49,2424.1,600.0,450.0,600.0
997,6,ZONE_FACULTY_DIPLOMACY,2,IntermediateFloor,SM_FC_Mid_Academic_Lab_12x12,-9188.07,-56127.49,3024.1,400.0,320.0,400.0
997,6,ZONE_FACULTY_DIPLOMACY,3,IntermediateFloor,SM_FC_Mid_Faculty_Chambers_12x12,-9188.07,-56127.49,3424.1,400.0,280.0,400.0
997,6,ZONE_FACULTY_DIPLOMACY,4,IntermediateFloor,SM_FC_Mid_Academic_Lab_12x12,-9188.07,-56127.49,3824.1,400.0,320.0,400.0
997,6,ZONE_FACULTY_DIPLOMACY,5,IntermediateFloor,SM_FC_Mid_Faculty_Chambers_12x12,-9188.07,-56127.49,4224.1,400.0,280.0,400.0
997,6,ZONE_FACULTY_DIPLOMACY,6,IntermediateFloor,SM_FC_Mid_Academic_Lab_12x12,-9188.07,-56127.49,4624.1,400.0,320.0,400.0
997,6,ZONE_FACULTY_DIPLOMACY,7,IntermediateFloor,SM_FC_Mid_Faculty_Chambers_12x12,-9188.07,-56127.49,5024.1,400.0,280.0,400.0
997,6,ZONE_FACULTY_DIPLOMACY,8,Roof,SM_FC_Roof_BioDome_12x12,-9188.07,-56127.49,5424.1,800.0,180.0,300.0
998,6,ZONE_FACULTY_DIPLOMACY,0,Foundation,SM_FC_Foundation_SlopeCompensated_12x12,-2297.02,-56127.49,3639.72,400.0,850.0,1200.0
998,6,ZONE_FACULTY_DIPLOMACY,1,GroundFloor,SM_FC_Ground_Lobby_Transit_12x12,-2297.02,-56127.49,4039.72,600.0,450.0,600.0
998,6,ZONE_FACULTY_DIPLOMACY,2,IntermediateFloor,SM_FC_Mid_Academic_Lab_12x12,-2297.02,-56127.49,4639.72,400.0,320.0,400.0
998,6,ZONE_FACULTY_DIPLOMACY,3,IntermediateFloor,SM_FC_Mid_Faculty_Chambers_12x12,-2297.02,-56127.49,5039.72,400.0,280.0,400.0
998,6,ZONE_FACULTY_DIPLOMACY,4,IntermediateFloor,SM_FC_Mid_Academic_Lab_12x12,-2297.02,-56127.49,5439.72,400.0,320.0,400.0
998,6,ZONE_FACULTY_DIPLOMACY,5,IntermediateFloor,SM_FC_Mid_Faculty_Chambers_12x12,-2297.02,-56127.49,5839.72,400.0,280.0,400.0
998,6,ZONE_FACULTY_DIPLOMACY,6,Roof,SM_FC_Roof_BioDome_12x12,-2297.02,-56127.49,6239.72,800.0,180.0,300.0
999,6,ZONE_FACULTY_DIPLOMACY,0,Foundation,SM_FC_Foundation_SlopeCompensated_12x12,4594.03,-56127.49,3208.17,400.0,850.0,1200.0
999,6,ZONE_FACULTY_DIPLOMACY,1,GroundFloor,SM_FC_Ground_Lobby_Transit_12x12,4594.03,-56127.49,3608.17,600.0,450.0,600.0
999,6,ZONE_FACULTY_DIPLOMACY,2,IntermediateFloor,SM_FC_Mid_Academic_Lab_12x12,4594.03,-56127.49,4208.17,400.0,320.0,400.0
999,6,ZONE_FACULTY_DIPLOMACY,3,IntermediateFloor,SM_FC_Mid_Faculty_Chambers_12x12,4594.03,-56127.49,4608.17,400.0,280.0,400.0
999,6,ZONE_FACULTY_DIPLOMACY,4,IntermediateFloor,SM_FC_Mid_Academic_Lab_12x12,4594.03,-56127.49,5008.17,400.0,320.0,400.0
999,6,ZONE_FACULTY_DIPLOMACY,5,Roof,SM_FC_Roof_BioDome_12x12,4594.03,-56127.49,5408.17,800.0,180.0,300.0
1000,6,ZONE_FACULTY_DIPLOMACY,0,Foundation,SM_FC_Foundation_SlopeCompensated_12x12,11485.09,-56127.49,1271.59,400.0,850.0,1200.0
1000,6,ZONE_FACULTY_DIPLOMACY,1,GroundFloor,SM_FC_Ground_Lobby_Transit_12x12,11485.09,-56127.49,1671.59,600.0,450.0,600.0
1000,6,ZONE_FACULTY_DIPLOMACY,2,IntermediateFloor,SM_FC_Mid_Academic_Lab_12x12,11485.09,-56127.49,2271.59,400.0,320.0,400.0
1000,6,ZONE_FACULTY_DIPLOMACY,3,IntermediateFloor,SM_FC_Mid_Faculty_Chambers_12x12,11485.09,-56127.49,2671.59,400.0,280.0,400.0
1000,6,ZONE_FACULTY_DIPLOMACY,4,IntermediateFloor,SM_FC_Mid_Academic_Lab_12x12,11485.09,-56127.49,3071.59,400.0,320.0,400.0
1000,6,ZONE_FACULTY_DIPLOMACY,5,IntermediateFloor,SM_FC_Mid_Faculty_Chambers_12x12,11485.09,-56127.49,3471.59,400.0,280.0,400.0
1000,6,ZONE_FACULTY_DIPLOMACY,6,IntermediateFloor,SM_FC_Mid_Academic_Lab_12x12,11485.09,-56127.49,3871.59,400.0,320.0,400.0
1000,6,ZONE_FACULTY_DIPLOMACY,7,IntermediateFloor,SM_FC_Mid_Faculty_Chambers_12x12,11485.09,-56127.49,4271.59,400.0,280.0,400.0
1000,6,ZONE_FACULTY_DIPLOMACY,8,Roof,SM_FC_Roof_BioDome_12x12,11485.09,-56127.49,4671.59,800.0,180.0,300.0
1001,6,ZONE_FACULTY_DIPLOMACY,0,Foundation,SM_FC_Foundation_SlopeCompensated_12x12,-13073.55,-59291.14,523.87,400.0,850.0,1200.0
1001,6,ZONE_FACULTY_DIPLOMACY,1,GroundFloor,SM_FC_Ground_Lobby_Transit_12x12,-13073.55,-59291.14,923.87,600.0,450.0,600.0
1001,6,ZONE_FACULTY_DIPLOMACY,2,IntermediateFloor,SM_FC_Mid_Academic_Lab_12x12,-13073.55,-59291.14,1523.87,400.0,320.0,400.0
1001,6,ZONE_FACULTY_DIPLOMACY,3,IntermediateFloor,SM_FC_Mid_Faculty_Chambers_12x12,-13073.55,-59291.14,1923.87,400.0,280.0,400.0
1001,6,ZONE_FACULTY_DIPLOMACY,4,IntermediateFloor,SM_FC_Mid_Academic_Lab_12x12,-13073.55,-59291.14,2323.87,400.0,320.0,400.0
1001,6,ZONE_FACULTY_DIPLOMACY,5,IntermediateFloor,SM_FC_Mid_Faculty_Chambers_12x12,-13073.55,-59291.14,2723.87,400.0,280.0,400.0
1001,6,ZONE_FACULTY_DIPLOMACY,6,IntermediateFloor,SM_FC_Mid_Academic_Lab_12x12,-13073.55,-59291.14,3123.87,400.0,320.0,400.0
1001,6,ZONE_FACULTY_DIPLOMACY,7,Roof,SM_FC_Roof_BioDome_12x12,-13073.55,-59291.14,3523.87,800.0,180.0,300.0
1002,6,ZONE_FACULTY_DIPLOMACY,0,Foundation,SM_FC_Foundation_SlopeCompensated_12x12,-6536.77,-59291.14,2814.4,400.0,850.0,1200.0
1002,6,ZONE_FACULTY_DIPLOMACY,1,GroundFloor,SM_FC_Ground_Lobby_Transit_12x12,-6536.77,-59291.14,3214.4,600.0,450.0,600.0
1002,6,ZONE_FACULTY_DIPLOMACY,2,IntermediateFloor,SM_FC_Mid_Academic_Lab_12x12,-6536.77,-59291.14,3814.4,400.0,320.0,400.0
1002,6,ZONE_FACULTY_DIPLOMACY,3,IntermediateFloor,SM_FC_Mid_Faculty_Chambers_12x12,-6536.77,-59291.14,4214.4,400.0,280.0,400.0
1002,6,ZONE_FACULTY_DIPLOMACY,4,IntermediateFloor,SM_FC_Mid_Academic_Lab_12x12,-6536.77,-59291.14,4614.4,400.0,320.0,400.0
1002,6,ZONE_FACULTY_DIPLOMACY,5,IntermediateFloor,SM_FC_Mid_Faculty_Chambers_12x12,-6536.77,-59291.14,5014.4,400.0,280.0,400.0
1002,6,ZONE_FACULTY_DIPLOMACY,6,Roof,SM_FC_Roof_BioDome_12x12,-6536.77,-59291.14,5414.4,800.0,180.0,300.0
1003,6,ZONE_FACULTY_DIPLOMACY,0,Foundation,SM_FC_Foundation_SlopeCompensated_12x12,-0.0,-59291.14,4125.95,400.0,850.0,1200.0
1003,6,ZONE_FACULTY_DIPLOMACY,1,GroundFloor,SM_FC_Ground_Lobby_Transit_12x12,-0.0,-59291.14,4525.95,600.0,450.0,600.0
1003,6,ZONE_FACULTY_DIPLOMACY,2,IntermediateFloor,SM_FC_Mid_Academic_Lab_12x12,-0.0,-59291.14,5125.95,400.0,320.0,400.0
1003,6,ZONE_FACULTY_DIPLOMACY,3,IntermediateFloor,SM_FC_Mid_Faculty_Chambers_12x12,-0.0,-59291.14,5525.95,400.0,280.0,400.0
1003,6,ZONE_FACULTY_DIPLOMACY,4,IntermediateFloor,SM_FC_Mid_Academic_Lab_12x12,-0.0,-59291.14,5925.95,400.0,320.0,400.0
1003,6,ZONE_FACULTY_DIPLOMACY,5,Roof,SM_FC_Roof_BioDome_12x12,-0.0,-59291.14,6325.95,800.0,180.0,300.0
1004,6,ZONE_FACULTY_DIPLOMACY,0,Foundation,SM_FC_Foundation_SlopeCompensated_12x12,6536.77,-59291.14,2814.4,400.0,850.0,1200.0
1004,6,ZONE_FACULTY_DIPLOMACY,1,GroundFloor,SM_FC_Ground_Lobby_Transit_12x12,6536.77,-59291.14,3214.4,600.0,450.0,600.0
1004,6,ZONE_FACULTY_DIPLOMACY,2,IntermediateFloor,SM_FC_Mid_Academic_Lab_12x12,6536.77,-59291.14,3814.4,400.0,320.0,400.0
1004,6,ZONE_FACULTY_DIPLOMACY,3,IntermediateFloor,SM_FC_Mid_Faculty_Chambers_12x12,6536.77,-59291.14,4214.4,400.0,280.0,400.0
1004,6,ZONE_FACULTY_DIPLOMACY,4,IntermediateFloor,SM_FC_Mid_Academic_Lab_12x12,6536.77,-59291.14,4614.4,400.0,320.0,400.0
1004,6,ZONE_FACULTY_DIPLOMACY,5,IntermediateFloor,SM_FC_Mid_Faculty_Chambers_12x12,6536.77,-59291.14,5014.4,400.0,280.0,400.0
1004,6,ZONE_FACULTY_DIPLOMACY,6,IntermediateFloor,SM_FC_Mid_Academic_Lab_12x12,6536.77,-59291.14,5414.4,400.0,320.0,400.0
1004,6,ZONE_FACULTY_DIPLOMACY,7,Roof,SM_FC_Roof_BioDome_12x12,6536.77,-59291.14,5814.4,800.0,180.0,300.0
1005,6,ZONE_FACULTY_DIPLOMACY,0,Foundation,SM_FC_Foundation_SlopeCompensated_12x12,13073.55,-59291.14,523.87,400.0,850.0,1200.0
1005,6,ZONE_FACULTY_DIPLOMACY,1,GroundFloor,SM_FC_Ground_Lobby_Transit_12x12,13073.55,-59291.14,923.87,600.0,450.0,600.0
1005,6,ZONE_FACULTY_DIPLOMACY,2,IntermediateFloor,SM_FC_Mid_Academic_Lab_12x12,13073.55,-59291.14,1523.87,400.0,320.0,400.0
1005,6,ZONE_FACULTY_DIPLOMACY,3,IntermediateFloor,SM_FC_Mid_Faculty_Chambers_12x12,13073.55,-59291.14,1923.87,400.0,280.0,400.0
1005,6,ZONE_FACULTY_DIPLOMACY,4,IntermediateFloor,SM_FC_Mid_Academic_Lab_12x12,13073.55,-59291.14,2323.87,400.0,320.0,400.0
1005,6,ZONE_FACULTY_DIPLOMACY,5,IntermediateFloor,SM_FC_Mid_Faculty_Chambers_12x12,13073.55,-59291.14,2723.87,400.0,280.0,400.0
1005,6,ZONE_FACULTY_DIPLOMACY,6,IntermediateFloor,SM_FC_Mid_Academic_Lab_12x12,13073.55,-59291.14,3123.87,400.0,320.0,400.0
1005,6,ZONE_FACULTY_DIPLOMACY,7,Roof,SM_FC_Roof_BioDome_12x12,13073.55,-59291.14,3523.87,800.0,180.0,300.0
1006,6,ZONE_FACULTY_DIPLOMACY,0,Foundation,SM_FC_Foundation_SlopeCompensated_12x12,-10250.56,-62454.79,1529.73,400.0,850.0,1200.0
1006,6,ZONE_FACULTY_DIPLOMACY,1,GroundFloor,SM_FC_Ground_Lobby_Transit_12x12,-10250.56,-62454.79,1929.73,600.0,450.0,600.0
1006,6,ZONE_FACULTY_DIPLOMACY,2,IntermediateFloor,SM_FC_Mid_Academic_Lab_12x12,-10250.56,-62454.79,2529.73,400.0,320.0,400.0
1006,6,ZONE_FACULTY_DIPLOMACY,3,IntermediateFloor,SM_FC_Mid_Faculty_Chambers_12x12,-10250.56,-62454.79,2929.73,400.0,280.0,400.0
1006,6,ZONE_FACULTY_DIPLOMACY,4,IntermediateFloor,SM_FC_Mid_Academic_Lab_12x12,-10250.56,-62454.79,3329.73,400.0,320.0,400.0
1006,6,ZONE_FACULTY_DIPLOMACY,5,IntermediateFloor,SM_FC_Mid_Faculty_Chambers_12x12,-10250.56,-62454.79,3729.73,400.0,280.0,400.0
1006,6,ZONE_FACULTY_DIPLOMACY,6,IntermediateFloor,SM_FC_Mid_Academic_Lab_12x12,-10250.56,-62454.79,4129.73,400.0,320.0,400.0
1006,6,ZONE_FACULTY_DIPLOMACY,7,Roof,SM_FC_Roof_BioDome_12x12,-10250.56,-62454.79,4529.73,800.0,180.0,300.0
1007,6,ZONE_FACULTY_DIPLOMACY,0,Foundation,SM_FC_Foundation_SlopeCompensated_12x12,-4100.23,-62454.79,3503.17,400.0,850.0,1200.0
1007,6,ZONE_FACULTY_DIPLOMACY,1,GroundFloor,SM_FC_Ground_Lobby_Transit_12x12,-4100.23,-62454.79,3903.17,600.0,450.0,600.0
1007,6,ZONE_FACULTY_DIPLOMACY,2,IntermediateFloor,SM_FC_Mid_Academic_Lab_12x12,-4100.23,-62454.79,4503.17,400.0,320.0,400.0
1007,6,ZONE_FACULTY_DIPLOMACY,3,IntermediateFloor,SM_FC_Mid_Faculty_Chambers_12x12,-4100.23,-62454.79,4903.17,400.0,280.0,400.0
1007,6,ZONE_FACULTY_DIPLOMACY,4,IntermediateFloor,SM_FC_Mid_Academic_Lab_12x12,-4100.23,-62454.79,5303.17,400.0,320.0,400.0
1007,6,ZONE_FACULTY_DIPLOMACY,5,IntermediateFloor,SM_FC_Mid_Faculty_Chambers_12x12,-4100.23,-62454.79,5703.17,400.0,280.0,400.0
1007,6,ZONE_FACULTY_DIPLOMACY,6,IntermediateFloor,SM_FC_Mid_Academic_Lab_12x12,-4100.23,-62454.79,6103.17,400.0,320.0,400.0
1007,6,ZONE_FACULTY_DIPLOMACY,7,Roof,SM_FC_Roof_BioDome_12x12,-4100.23,-62454.79,6503.17,800.0,180.0,300.0
1008,6,ZONE_FACULTY_DIPLOMACY,0,Foundation,SM_FC_Foundation_SlopeCompensated_12x12,2050.11,-62454.79,3942.23,400.0,850.0,1200.0
1008,6,ZONE_FACULTY_DIPLOMACY,1,GroundFloor,SM_FC_Ground_Lobby_Transit_12x12,2050.11,-62454.79,4342.23,600.0,450.0,600.0
1008,6,ZONE_FACULTY_DIPLOMACY,2,IntermediateFloor,SM_FC_Mid_Academic_Lab_12x12,2050.11,-62454.79,4942.23,400.0,320.0,400.0
1008,6,ZONE_FACULTY_DIPLOMACY,3,Roof,SM_FC_Roof_BioDome_12x12,2050.11,-62454.79,5342.23,800.0,180.0,300.0
1009,6,ZONE_FACULTY_DIPLOMACY,0,Foundation,SM_FC_Foundation_SlopeCompensated_12x12,8200.45,-62454.79,2296.92,400.0,850.0,1200.0
1009,6,ZONE_FACULTY_DIPLOMACY,1,GroundFloor,SM_FC_Ground_Lobby_Transit_12x12,8200.45,-62454.79,2696.92,600.0,450.0,600.0
1009,6,ZONE_FACULTY_DIPLOMACY,2,IntermediateFloor,SM_FC_Mid_Academic_Lab_12x12,8200.45,-62454.79,3296.92,400.0,320.0,400.0
1009,6,ZONE_FACULTY_DIPLOMACY,3,IntermediateFloor,SM_FC_Mid_Faculty_Chambers_12x12,8200.45,-62454.79,3696.92,400.0,280.0,400.0
1009,6,ZONE_FACULTY_DIPLOMACY,4,Roof,SM_FC_Roof_BioDome_12x12,8200.45,-62454.79,4096.92,800.0,180.0,300.0
1010,6,ZONE_FACULTY_DIPLOMACY,0,Foundation,SM_FC_Foundation_SlopeCompensated_12x12,14350.79,-62454.79,-332.77,400.0,850.0,1200.0
1010,6,ZONE_FACULTY_DIPLOMACY,1,GroundFloor,SM_FC_Ground_Lobby_Transit_12x12,14350.79,-62454.79,67.23,600.0,450.0,600.0
1010,6,ZONE_FACULTY_DIPLOMACY,2,IntermediateFloor,SM_FC_Mid_Academic_Lab_12x12,14350.79,-62454.79,667.23,400.0,320.0,400.0
1010,6,ZONE_FACULTY_DIPLOMACY,3,IntermediateFloor,SM_FC_Mid_Faculty_Chambers_12x12,14350.79,-62454.79,1067.23,400.0,280.0,400.0
1010,6,ZONE_FACULTY_DIPLOMACY,4,IntermediateFloor,SM_FC_Mid_Academic_Lab_12x12,14350.79,-62454.79,1467.23,400.0,320.0,400.0
1010,6,ZONE_FACULTY_DIPLOMACY,5,IntermediateFloor,SM_FC_Mid_Faculty_Chambers_12x12,14350.79,-62454.79,1867.23,400.0,280.0,400.0
1010,6,ZONE_FACULTY_DIPLOMACY,6,Roof,SM_FC_Roof_BioDome_12x12,14350.79,-62454.79,2267.23,800.0,180.0,300.0
1011,6,ZONE_FACULTY_DIPLOMACY,0,Foundation,SM_FC_Foundation_SlopeCompensated_12x12,-13389.64,-65618.44,-180.94,400.0,850.0,1200.0
1011,6,ZONE_FACULTY_DIPLOMACY,1,GroundFloor,SM_FC_Ground_Lobby_Transit_12x12,-13389.64,-65618.44,219.06,600.0,450.0,600.0
1011,6,ZONE_FACULTY_DIPLOMACY,2,IntermediateFloor,SM_FC_Mid_Academic_Lab_12x12,-13389.64,-65618.44,819.06,400.0,320.0,400.0
1011,6,ZONE_FACULTY_DIPLOMACY,3,IntermediateFloor,SM_FC_Mid_Faculty_Chambers_12x12,-13389.64,-65618.44,1219.06,400.0,280.0,400.0
1011,6,ZONE_FACULTY_DIPLOMACY,4,IntermediateFloor,SM_FC_Mid_Academic_Lab_12x12,-13389.64,-65618.44,1619.06,400.0,320.0,400.0
1011,6,ZONE_FACULTY_DIPLOMACY,5,Roof,SM_FC_Roof_BioDome_12x12,-13389.64,-65618.44,2019.06,800.0,180.0,300.0
1012,6,ZONE_FACULTY_DIPLOMACY,0,Foundation,SM_FC_Foundation_SlopeCompensated_12x12,-7651.22,-65618.44,2435.92,400.0,850.0,1200.0
1012,6,ZONE_FACULTY_DIPLOMACY,1,GroundFloor,SM_FC_Ground_Lobby_Transit_12x12,-7651.22,-65618.44,2835.92,600.0,450.0,600.0
1012,6,ZONE_FACULTY_DIPLOMACY,2,IntermediateFloor,SM_FC_Mid_Academic_Lab_12x12,-7651.22,-65618.44,3435.92,400.0,320.0,400.0
1012,6,ZONE_FACULTY_DIPLOMACY,3,IntermediateFloor,SM_FC_Mid_Faculty_Chambers_12x12,-7651.22,-65618.44,3835.92,400.0,280.0,400.0
1012,6,ZONE_FACULTY_DIPLOMACY,4,IntermediateFloor,SM_FC_Mid_Academic_Lab_12x12,-7651.22,-65618.44,4235.92,400.0,320.0,400.0
1012,6,ZONE_FACULTY_DIPLOMACY,5,IntermediateFloor,SM_FC_Mid_Faculty_Chambers_12x12,-7651.22,-65618.44,4635.92,400.0,280.0,400.0
1012,6,ZONE_FACULTY_DIPLOMACY,6,IntermediateFloor,SM_FC_Mid_Academic_Lab_12x12,-7651.22,-65618.44,5035.92,400.0,320.0,400.0
1012,6,ZONE_FACULTY_DIPLOMACY,7,Roof,SM_FC_Roof_BioDome_12x12,-7651.22,-65618.44,5435.92,800.0,180.0,300.0
1013,6,ZONE_FACULTY_DIPLOMACY,0,Foundation,SM_FC_Foundation_SlopeCompensated_12x12,-1912.81,-65618.44,4073.8,400.0,850.0,1200.0
1013,6,ZONE_FACULTY_DIPLOMACY,1,GroundFloor,SM_FC_Ground_Lobby_Transit_12x12,-1912.81,-65618.44,4473.8,600.0,450.0,600.0
1013,6,ZONE_FACULTY_DIPLOMACY,2,IntermediateFloor,SM_FC_Mid_Academic_Lab_12x12,-1912.81,-65618.44,5073.8,400.0,320.0,400.0
1013,6,ZONE_FACULTY_DIPLOMACY,3,IntermediateFloor,SM_FC_Mid_Faculty_Chambers_12x12,-1912.81,-65618.44,5473.8,400.0,280.0,400.0
1013,6,ZONE_FACULTY_DIPLOMACY,4,Roof,SM_FC_Roof_BioDome_12x12,-1912.81,-65618.44,5873.8,800.0,180.0,300.0
1014,6,ZONE_FACULTY_DIPLOMACY,0,Foundation,SM_FC_Foundation_SlopeCompensated_12x12,3825.61,-65618.44,3636.62,400.0,850.0,1200.0
1014,6,ZONE_FACULTY_DIPLOMACY,1,GroundFloor,SM_FC_Ground_Lobby_Transit_12x12,3825.61,-65618.44,4036.62,600.0,450.0,600.0
1014,6,ZONE_FACULTY_DIPLOMACY,2,IntermediateFloor,SM_FC_Mid_Academic_Lab_12x12,3825.61,-65618.44,4636.62,400.0,320.0,400.0
1014,6,ZONE_FACULTY_DIPLOMACY,3,IntermediateFloor,SM_FC_Mid_Faculty_Chambers_12x12,3825.61,-65618.44,5036.62,400.0,280.0,400.0
1014,6,ZONE_FACULTY_DIPLOMACY,4,IntermediateFloor,SM_FC_Mid_Academic_Lab_12x12,3825.61,-65618.44,5436.62,400.0,320.0,400.0
1014,6,ZONE_FACULTY_DIPLOMACY,5,Roof,SM_FC_Roof_BioDome_12x12,3825.61,-65618.44,5836.62,800.0,180.0,300.0
1015,6,ZONE_FACULTY_DIPLOMACY,0,Foundation,SM_FC_Foundation_SlopeCompensated_12x12,9564.03,-65618.44,1672.41,400.0,850.0,1200.0
1015,6,ZONE_FACULTY_DIPLOMACY,1,GroundFloor,SM_FC_Ground_Lobby_Transit_12x12,9564.03,-65618.44,2072.41,600.0,450.0,600.0
1015,6,ZONE_FACULTY_DIPLOMACY,2,IntermediateFloor,SM_FC_Mid_Academic_Lab_12x12,9564.03,-65618.44,2672.41,400.0,320.0,400.0
1015,6,ZONE_FACULTY_DIPLOMACY,3,IntermediateFloor,SM_FC_Mid_Faculty_Chambers_12x12,9564.03,-65618.44,3072.41,400.0,280.0,400.0
1015,6,ZONE_FACULTY_DIPLOMACY,4,IntermediateFloor,SM_FC_Mid_Academic_Lab_12x12,9564.03,-65618.44,3472.41,400.0,320.0,400.0
1015,6,ZONE_FACULTY_DIPLOMACY,5,Roof,SM_FC_Roof_BioDome_12x12,9564.03,-65618.44,3872.41,800.0,180.0,300.0
1016,6,ZONE_FACULTY_DIPLOMACY,0,Foundation,SM_FC_Foundation_SlopeCompensated_12x12,-10613.96,-68782.1,964.61,400.0,850.0,1200.0
1016,6,ZONE_FACULTY_DIPLOMACY,1,GroundFloor,SM_FC_Ground_Lobby_Transit_12x12,-10613.96,-68782.1,1364.61,600.0,450.0,600.0
1016,6,ZONE_FACULTY_DIPLOMACY,2,IntermediateFloor,SM_FC_Mid_Academic_Lab_12x12,-10613.96,-68782.1,1964.61,400.0,320.0,400.0
1016,6,ZONE_FACULTY_DIPLOMACY,3,IntermediateFloor,SM_FC_Mid_Faculty_Chambers_12x12,-10613.96,-68782.1,2364.61,400.0,280.0,400.0
1016,6,ZONE_FACULTY_DIPLOMACY,4,IntermediateFloor,SM_FC_Mid_Academic_Lab_12x12,-10613.96,-68782.1,2764.61,400.0,320.0,400.0
1016,6,ZONE_FACULTY_DIPLOMACY,5,IntermediateFloor,SM_FC_Mid_Faculty_Chambers_12x12,-10613.96,-68782.1,3164.61,400.0,280.0,400.0
1016,6,ZONE_FACULTY_DIPLOMACY,6,Roof,SM_FC_Roof_BioDome_12x12,-10613.96,-68782.1,3564.61,800.0,180.0,300.0
1017,6,ZONE_FACULTY_DIPLOMACY,0,Foundation,SM_FC_Foundation_SlopeCompensated_12x12,-5306.98,-68782.1,3222.14,400.0,850.0,1200.0
1017,6,ZONE_FACULTY_DIPLOMACY,1,GroundFloor,SM_FC_Ground_Lobby_Transit_12x12,-5306.98,-68782.1,3622.14,600.0,450.0,600.0
1017,6,ZONE_FACULTY_DIPLOMACY,2,IntermediateFloor,SM_FC_Mid_Academic_Lab_12x12,-5306.98,-68782.1,4222.14,400.0,320.0,400.0
1017,6,ZONE_FACULTY_DIPLOMACY,3,IntermediateFloor,SM_FC_Mid_Faculty_Chambers_12x12,-5306.98,-68782.1,4622.14,400.0,280.0,400.0
1017,6,ZONE_FACULTY_DIPLOMACY,4,Roof,SM_FC_Roof_BioDome_12x12,-5306.98,-68782.1,5022.14,800.0,180.0,300.0
1018,6,ZONE_FACULTY_DIPLOMACY,0,Foundation,SM_FC_Foundation_SlopeCompensated_12x12,-0.0,-68782.1,4516.81,400.0,850.0,1200.0
1018,6,ZONE_FACULTY_DIPLOMACY,1,GroundFloor,SM_FC_Ground_Lobby_Transit_12x12,-0.0,-68782.1,4916.81,600.0,450.0,600.0
1018,6,ZONE_FACULTY_DIPLOMACY,2,IntermediateFloor,SM_FC_Mid_Academic_Lab_12x12,-0.0,-68782.1,5516.81,400.0,320.0,400.0
1018,6,ZONE_FACULTY_DIPLOMACY,3,IntermediateFloor,SM_FC_Mid_Faculty_Chambers_12x12,-0.0,-68782.1,5916.81,400.0,280.0,400.0
1018,6,ZONE_FACULTY_DIPLOMACY,4,IntermediateFloor,SM_FC_Mid_Academic_Lab_12x12,-0.0,-68782.1,6316.81,400.0,320.0,400.0
1018,6,ZONE_FACULTY_DIPLOMACY,5,Roof,SM_FC_Roof_BioDome_12x12,-0.0,-68782.1,6716.81,800.0,180.0,300.0
1019,6,ZONE_FACULTY_DIPLOMACY,0,Foundation,SM_FC_Foundation_SlopeCompensated_12x12,5306.98,-68782.1,3222.14,400.0,850.0,1200.0
1019,6,ZONE_FACULTY_DIPLOMACY,1,GroundFloor,SM_FC_Ground_Lobby_Transit_12x12,5306.98,-68782.1,3622.14,600.0,450.0,600.0
1019,6,ZONE_FACULTY_DIPLOMACY,2,IntermediateFloor,SM_FC_Mid_Academic_Lab_12x12,5306.98,-68782.1,4222.14,400.0,320.0,400.0
1019,6,ZONE_FACULTY_DIPLOMACY,3,IntermediateFloor,SM_FC_Mid_Faculty_Chambers_12x12,5306.98,-68782.1,4622.14,400.0,280.0,400.0
1019,6,ZONE_FACULTY_DIPLOMACY,4,IntermediateFloor,SM_FC_Mid_Academic_Lab_12x12,5306.98,-68782.1,5022.14,400.0,320.0,400.0
1019,6,ZONE_FACULTY_DIPLOMACY,5,IntermediateFloor,SM_FC_Mid_Faculty_Chambers_12x12,5306.98,-68782.1,5422.14,400.0,280.0,400.0
1019,6,ZONE_FACULTY_DIPLOMACY,6,Roof,SM_FC_Roof_BioDome_12x12,5306.98,-68782.1,5822.14,800.0,180.0,300.0
1020,6,ZONE_FACULTY_DIPLOMACY,0,Foundation,SM_FC_Foundation_SlopeCompensated_12x12,10613.96,-68782.1,964.61,400.0,850.0,1200.0
1020,6,ZONE_FACULTY_DIPLOMACY,1,GroundFloor,SM_FC_Ground_Lobby_Transit_12x12,10613.96,-68782.1,1364.61,600.0,450.0,600.0
1020,6,ZONE_FACULTY_DIPLOMACY,2,IntermediateFloor,SM_FC_Mid_Academic_Lab_12x12,10613.96,-68782.1,1964.61,400.0,320.0,400.0
1020,6,ZONE_FACULTY_DIPLOMACY,3,IntermediateFloor,SM_FC_Mid_Faculty_Chambers_12x12,10613.96,-68782.1,2364.61,400.0,280.0,400.0
1020,6,ZONE_FACULTY_DIPLOMACY,4,IntermediateFloor,SM_FC_Mid_Academic_Lab_12x12,10613.96,-68782.1,2764.61,400.0,320.0,400.0
1020,6,ZONE_FACULTY_DIPLOMACY,5,Roof,SM_FC_Roof_BioDome_12x12,10613.96,-68782.1,3164.61,800.0,180.0,300.0
1021,6,ZONE_FACULTY_DIPLOMACY,0,Foundation,SM_FC_Foundation_SlopeCompensated_12x12,-8102.32,-71945.75,1984.56,400.0,850.0,1200.0
1021,6,ZONE_FACULTY_DIPLOMACY,1,GroundFloor,SM_FC_Ground_Lobby_Transit_12x12,-8102.32,-71945.75,2384.56,600.0,450.0,600.0
1021,6,ZONE_FACULTY_DIPLOMACY,2,IntermediateFloor,SM_FC_Mid_Academic_Lab_12x12,-8102.32,-71945.75,2984.56,400.0,320.0,400.0
1021,6,ZONE_FACULTY_DIPLOMACY,3,IntermediateFloor,SM_FC_Mid_Faculty_Chambers_12x12,-8102.32,-71945.75,3384.56,400.0,280.0,400.0
1021,6,ZONE_FACULTY_DIPLOMACY,4,Roof,SM_FC_Roof_BioDome_12x12,-8102.32,-71945.75,3784.56,800.0,180.0,300.0
1022,6,ZONE_FACULTY_DIPLOMACY,0,Foundation,SM_FC_Foundation_SlopeCompensated_12x12,-3240.93,-71945.75,3875.31,400.0,850.0,1200.0
1022,6,ZONE_FACULTY_DIPLOMACY,1,GroundFloor,SM_FC_Ground_Lobby_Transit_12x12,-3240.93,-71945.75,4275.31,600.0,450.0,600.0
1022,6,ZONE_FACULTY_DIPLOMACY,2,IntermediateFloor,SM_FC_Mid_Academic_Lab_12x12,-3240.93,-71945.75,4875.31,400.0,320.0,400.0
1022,6,ZONE_FACULTY_DIPLOMACY,3,IntermediateFloor,SM_FC_Mid_Faculty_Chambers_12x12,-3240.93,-71945.75,5275.31,400.0,280.0,400.0
1022,6,ZONE_FACULTY_DIPLOMACY,4,IntermediateFloor,SM_FC_Mid_Academic_Lab_12x12,-3240.93,-71945.75,5675.31,400.0,320.0,400.0
1022,6,ZONE_FACULTY_DIPLOMACY,5,IntermediateFloor,SM_FC_Mid_Faculty_Chambers_12x12,-3240.93,-71945.75,6075.31,400.0,280.0,400.0
1022,6,ZONE_FACULTY_DIPLOMACY,6,IntermediateFloor,SM_FC_Mid_Academic_Lab_12x12,-3240.93,-71945.75,6475.31,400.0,320.0,400.0
1022,6,ZONE_FACULTY_DIPLOMACY,7,IntermediateFloor,SM_FC_Mid_Faculty_Chambers_12x12,-3240.93,-71945.75,6875.31,400.0,280.0,400.0
1022,6,ZONE_FACULTY_DIPLOMACY,8,Roof,SM_FC_Roof_BioDome_12x12,-3240.93,-71945.75,7275.31,800.0,180.0,300.0
1023,6,ZONE_FACULTY_DIPLOMACY,0,Foundation,SM_FC_Foundation_SlopeCompensated_12x12,1620.46,-71945.75,4297.52,400.0,850.0,1200.0
1023,6,ZONE_FACULTY_DIPLOMACY,1,GroundFloor,SM_FC_Ground_Lobby_Transit_12x12,1620.46,-71945.75,4697.52,600.0,450.0,600.0
1023,6,ZONE_FACULTY_DIPLOMACY,2,IntermediateFloor,SM_FC_Mid_Academic_Lab_12x12,1620.46,-71945.75,5297.52,400.0,320.0,400.0
1023,6,ZONE_FACULTY_DIPLOMACY,3,IntermediateFloor,SM_FC_Mid_Faculty_Chambers_12x12,1620.46,-71945.75,5697.52,400.0,280.0,400.0
1023,6,ZONE_FACULTY_DIPLOMACY,4,IntermediateFloor,SM_FC_Mid_Academic_Lab_12x12,1620.46,-71945.75,6097.52,400.0,320.0,400.0
1023,6,ZONE_FACULTY_DIPLOMACY,5,IntermediateFloor,SM_FC_Mid_Faculty_Chambers_12x12,1620.46,-71945.75,6497.52,400.0,280.0,400.0
1023,6,ZONE_FACULTY_DIPLOMACY,6,Roof,SM_FC_Roof_BioDome_12x12,1620.46,-71945.75,6897.52,800.0,180.0,300.0
1024,6,ZONE_FACULTY_DIPLOMACY,0,Foundation,SM_FC_Foundation_SlopeCompensated_12x12,6481.86,-71945.75,2718.83,400.0,850.0,1200.0
1024,6,ZONE_FACULTY_DIPLOMACY,1,GroundFloor,SM_FC_Ground_Lobby_Transit_12x12,6481.86,-71945.75,3118.83,600.0,450.0,600.0
1024,6,ZONE_FACULTY_DIPLOMACY,2,IntermediateFloor,SM_FC_Mid_Academic_Lab_12x12,6481.86,-71945.75,3718.83,400.0,320.0,400.0
1024,6,ZONE_FACULTY_DIPLOMACY,3,IntermediateFloor,SM_FC_Mid_Faculty_Chambers_12x12,6481.86,-71945.75,4118.83,400.0,280.0,400.0
1024,6,ZONE_FACULTY_DIPLOMACY,4,Roof,SM_FC_Roof_BioDome_12x12,6481.86,-71945.75,4518.83,800.0,180.0,300.0
1025,6,ZONE_FACULTY_DIPLOMACY,0,Foundation,SM_FC_Foundation_SlopeCompensated_12x12,11343.25,-71945.75,203.95,400.0,850.0,1200.0
1025,6,ZONE_FACULTY_DIPLOMACY,1,GroundFloor,SM_FC_Ground_Lobby_Transit_12x12,11343.25,-71945.75,603.95,600.0,450.0,600.0
1025,6,ZONE_FACULTY_DIPLOMACY,2,IntermediateFloor,SM_FC_Mid_Academic_Lab_12x12,11343.25,-71945.75,1203.95,400.0,320.0,400.0
1025,6,ZONE_FACULTY_DIPLOMACY,3,IntermediateFloor,SM_FC_Mid_Faculty_Chambers_12x12,11343.25,-71945.75,1603.95,400.0,280.0,400.0
1025,6,ZONE_FACULTY_DIPLOMACY,4,IntermediateFloor,SM_FC_Mid_Academic_Lab_12x12,11343.25,-71945.75,2003.95,400.0,320.0,400.0
1025,6,ZONE_FACULTY_DIPLOMACY,5,IntermediateFloor,SM_FC_Mid_Faculty_Chambers_12x12,11343.25,-71945.75,2403.95,400.0,280.0,400.0
1025,6,ZONE_FACULTY_DIPLOMACY,6,IntermediateFloor,SM_FC_Mid_Academic_Lab_12x12,11343.25,-71945.75,2803.95,400.0,320.0,400.0
1025,6,ZONE_FACULTY_DIPLOMACY,7,Roof,SM_FC_Roof_BioDome_12x12,11343.25,-71945.75,3203.95,800.0,180.0,300.0
1026,6,ZONE_FACULTY_DIPLOMACY,0,Foundation,SM_FC_Foundation_SlopeCompensated_12x12,-10281.89,-75109.4,435.72,400.0,850.0,1200.0
1026,6,ZONE_FACULTY_DIPLOMACY,1,GroundFloor,SM_FC_Ground_Lobby_Transit_12x12,-10281.89,-75109.4,835.72,600.0,450.0,600.0
1026,6,ZONE_FACULTY_DIPLOMACY,2,IntermediateFloor,SM_FC_Mid_Academic_Lab_12x12,-10281.89,-75109.4,1435.72,400.0,320.0,400.0
1026,6,ZONE_FACULTY_DIPLOMACY,3,Roof,SM_FC_Roof_BioDome_12x12,-10281.89,-75109.4,1835.72,800.0,180.0,300.0
1027,6,ZONE_FACULTY_DIPLOMACY,0,Foundation,SM_FC_Foundation_SlopeCompensated_12x12,-5875.36,-75109.4,2862.29,400.0,850.0,1200.0
1027,6,ZONE_FACULTY_DIPLOMACY,1,GroundFloor,SM_FC_Ground_Lobby_Transit_12x12,-5875.36,-75109.4,3262.29,600.0,450.0,600.0
1027,6,ZONE_FACULTY_DIPLOMACY,2,IntermediateFloor,SM_FC_Mid_Academic_Lab_12x12,-5875.36,-75109.4,3862.29,400.0,320.0,400.0
1027,6,ZONE_FACULTY_DIPLOMACY,3,Roof,SM_FC_Roof_BioDome_12x12,-5875.36,-75109.4,4262.29,800.0,180.0,300.0
1028,6,ZONE_FACULTY_DIPLOMACY,0,Foundation,SM_FC_Foundation_SlopeCompensated_12x12,-1468.84,-75109.4,4389.59,400.0,850.0,1200.0
1028,6,ZONE_FACULTY_DIPLOMACY,1,GroundFloor,SM_FC_Ground_Lobby_Transit_12x12,-1468.84,-75109.4,4789.59,600.0,450.0,600.0
1028,6,ZONE_FACULTY_DIPLOMACY,2,IntermediateFloor,SM_FC_Mid_Academic_Lab_12x12,-1468.84,-75109.4,5389.59,400.0,320.0,400.0
1028,6,ZONE_FACULTY_DIPLOMACY,3,IntermediateFloor,SM_FC_Mid_Faculty_Chambers_12x12,-1468.84,-75109.4,5789.59,400.0,280.0,400.0
1028,6,ZONE_FACULTY_DIPLOMACY,4,Roof,SM_FC_Roof_BioDome_12x12,-1468.84,-75109.4,6189.59,800.0,180.0,300.0
1029,6,ZONE_FACULTY_DIPLOMACY,0,Foundation,SM_FC_Foundation_SlopeCompensated_12x12,2937.68,-75109.4,3980.41,400.0,850.0,1200.0
1029,6,ZONE_FACULTY_DIPLOMACY,1,GroundFloor,SM_FC_Ground_Lobby_Transit_12x12,2937.68,-75109.4,4380.41,600.0,450.0,600.0
1029,6,ZONE_FACULTY_DIPLOMACY,2,IntermediateFloor,SM_FC_Mid_Academic_Lab_12x12,2937.68,-75109.4,4980.41,400.0,320.0,400.0
1029,6,ZONE_FACULTY_DIPLOMACY,3,IntermediateFloor,SM_FC_Mid_Faculty_Chambers_12x12,2937.68,-75109.4,5380.41,400.0,280.0,400.0
1029,6,ZONE_FACULTY_DIPLOMACY,4,Roof,SM_FC_Roof_BioDome_12x12,2937.68,-75109.4,5780.41,800.0,180.0,300.0
1030,6,ZONE_FACULTY_DIPLOMACY,0,Foundation,SM_FC_Foundation_SlopeCompensated_12x12,7344.2,-75109.4,2153.35,400.0,850.0,1200.0
1030,6,ZONE_FACULTY_DIPLOMACY,1,GroundFloor,SM_FC_Ground_Lobby_Transit_12x12,7344.2,-75109.4,2553.35,600.0,450.0,600.0
1030,6,ZONE_FACULTY_DIPLOMACY,2,IntermediateFloor,SM_FC_Mid_Academic_Lab_12x12,7344.2,-75109.4,3153.35,400.0,320.0,400.0
1030,6,ZONE_FACULTY_DIPLOMACY,3,Roof,SM_FC_Roof_BioDome_12x12,7344.2,-75109.4,3553.35,800.0,180.0,300.0
1031,6,ZONE_FACULTY_DIPLOMACY,0,Foundation,SM_FC_Foundation_SlopeCompensated_12x12,-7893.64,-78273.05,1558.48,400.0,850.0,1200.0
1031,6,ZONE_FACULTY_DIPLOMACY,1,GroundFloor,SM_FC_Ground_Lobby_Transit_12x12,-7893.64,-78273.05,1958.48,600.0,450.0,600.0
1031,6,ZONE_FACULTY_DIPLOMACY,2,IntermediateFloor,SM_FC_Mid_Academic_Lab_12x12,-7893.64,-78273.05,2558.48,400.0,320.0,400.0
1031,6,ZONE_FACULTY_DIPLOMACY,3,IntermediateFloor,SM_FC_Mid_Faculty_Chambers_12x12,-7893.64,-78273.05,2958.48,400.0,280.0,400.0
1031,6,ZONE_FACULTY_DIPLOMACY,4,IntermediateFloor,SM_FC_Mid_Academic_Lab_12x12,-7893.64,-78273.05,3358.48,400.0,320.0,400.0
1031,6,ZONE_FACULTY_DIPLOMACY,5,IntermediateFloor,SM_FC_Mid_Faculty_Chambers_12x12,-7893.64,-78273.05,3758.48,400.0,280.0,400.0
1031,6,ZONE_FACULTY_DIPLOMACY,6,IntermediateFloor,SM_FC_Mid_Academic_Lab_12x12,-7893.64,-78273.05,4158.48,400.0,320.0,400.0
1031,6,ZONE_FACULTY_DIPLOMACY,7,Roof,SM_FC_Roof_BioDome_12x12,-7893.64,-78273.05,4558.48,800.0,180.0,300.0
1032,6,ZONE_FACULTY_DIPLOMACY,0,Foundation,SM_FC_Foundation_SlopeCompensated_12x12,-3946.82,-78273.05,3588.58,400.0,850.0,1200.0
1032,6,ZONE_FACULTY_DIPLOMACY,1,GroundFloor,SM_FC_Ground_Lobby_Transit_12x12,-3946.82,-78273.05,3988.58,600.0,450.0,600.0
1032,6,ZONE_FACULTY_DIPLOMACY,2,IntermediateFloor,SM_FC_Mid_Academic_Lab_12x12,-3946.82,-78273.05,4588.58,400.0,320.0,400.0
1032,6,ZONE_FACULTY_DIPLOMACY,3,IntermediateFloor,SM_FC_Mid_Faculty_Chambers_12x12,-3946.82,-78273.05,4988.58,400.0,280.0,400.0
1032,6,ZONE_FACULTY_DIPLOMACY,4,Roof,SM_FC_Roof_BioDome_12x12,-3946.82,-78273.05,5388.58,800.0,180.0,300.0
1033,6,ZONE_FACULTY_DIPLOMACY,0,Foundation,SM_FC_Foundation_SlopeCompensated_12x12,-0.0,-78273.05,4766.19,400.0,850.0,1200.0
1033,6,ZONE_FACULTY_DIPLOMACY,1,GroundFloor,SM_FC_Ground_Lobby_Transit_12x12,-0.0,-78273.05,5166.19,600.0,450.0,600.0
1033,6,ZONE_FACULTY_DIPLOMACY,2,IntermediateFloor,SM_FC_Mid_Academic_Lab_12x12,-0.0,-78273.05,5766.19,400.0,320.0,400.0
1033,6,ZONE_FACULTY_DIPLOMACY,3,IntermediateFloor,SM_FC_Mid_Faculty_Chambers_12x12,-0.0,-78273.05,6166.19,400.0,280.0,400.0
1033,6,ZONE_FACULTY_DIPLOMACY,4,IntermediateFloor,SM_FC_Mid_Academic_Lab_12x12,-0.0,-78273.05,6566.19,400.0,320.0,400.0
1033,6,ZONE_FACULTY_DIPLOMACY,5,IntermediateFloor,SM_FC_Mid_Faculty_Chambers_12x12,-0.0,-78273.05,6966.19,400.0,280.0,400.0
1033,6,ZONE_FACULTY_DIPLOMACY,6,Roof,SM_FC_Roof_BioDome_12x12,-0.0,-78273.05,7366.19,800.0,180.0,300.0
1034,6,ZONE_FACULTY_DIPLOMACY,0,Foundation,SM_FC_Foundation_SlopeCompensated_12x12,3946.82,-78273.05,3588.58,400.0,850.0,1200.0
1034,6,ZONE_FACULTY_DIPLOMACY,1,GroundFloor,SM_FC_Ground_Lobby_Transit_12x12,3946.82,-78273.05,3988.58,600.0,450.0,600.0
1034,6,ZONE_FACULTY_DIPLOMACY,2,IntermediateFloor,SM_FC_Mid_Academic_Lab_12x12,3946.82,-78273.05,4588.58,400.0,320.0,400.0
1034,6,ZONE_FACULTY_DIPLOMACY,3,IntermediateFloor,SM_FC_Mid_Faculty_Chambers_12x12,3946.82,-78273.05,4988.58,400.0,280.0,400.0
1034,6,ZONE_FACULTY_DIPLOMACY,4,IntermediateFloor,SM_FC_Mid_Academic_Lab_12x12,3946.82,-78273.05,5388.58,400.0,320.0,400.0
1034,6,ZONE_FACULTY_DIPLOMACY,5,IntermediateFloor,SM_FC_Mid_Faculty_Chambers_12x12,3946.82,-78273.05,5788.58,400.0,280.0,400.0
1034,6,ZONE_FACULTY_DIPLOMACY,6,Roof,SM_FC_Roof_BioDome_12x12,3946.82,-78273.05,6188.58,800.0,180.0,300.0
1035,6,ZONE_FACULTY_DIPLOMACY,0,Foundation,SM_FC_Foundation_SlopeCompensated_12x12,7893.64,-78273.05,1558.48,400.0,850.0,1200.0
1035,6,ZONE_FACULTY_DIPLOMACY,1,GroundFloor,SM_FC_Ground_Lobby_Transit_12x12,7893.64,-78273.05,1958.48,600.0,450.0,600.0
1035,6,ZONE_FACULTY_DIPLOMACY,2,IntermediateFloor,SM_FC_Mid_Academic_Lab_12x12,7893.64,-78273.05,2558.48,400.0,320.0,400.0
1035,6,ZONE_FACULTY_DIPLOMACY,3,Roof,SM_FC_Roof_BioDome_12x12,7893.64,-78273.05,2958.48,800.0,180.0,300.0
1036,6,ZONE_FACULTY_DIPLOMACY,0,Foundation,SM_FC_Foundation_SlopeCompensated_12x12,-5810.64,-81436.71,2513.44,400.0,850.0,1200.0
1036,6,ZONE_FACULTY_DIPLOMACY,1,GroundFloor,SM_FC_Ground_Lobby_Transit_12x12,-5810.64,-81436.71,2913.44,600.0,450.0,600.0
1036,6,ZONE_FACULTY_DIPLOMACY,2,IntermediateFloor,SM_FC_Mid_Academic_Lab_12x12,-5810.64,-81436.71,3513.44,400.0,320.0,400.0
1036,6,ZONE_FACULTY_DIPLOMACY,3,IntermediateFloor,SM_FC_Mid_Faculty_Chambers_12x12,-5810.64,-81436.71,3913.44,400.0,280.0,400.0
1036,6,ZONE_FACULTY_DIPLOMACY,4,Roof,SM_FC_Roof_BioDome_12x12,-5810.64,-81436.71,4313.44,800.0,180.0,300.0
1037,6,ZONE_FACULTY_DIPLOMACY,0,Foundation,SM_FC_Foundation_SlopeCompensated_12x12,-2324.26,-81436.71,4161.38,400.0,850.0,1200.0
1037,6,ZONE_FACULTY_DIPLOMACY,1,GroundFloor,SM_FC_Ground_Lobby_Transit_12x12,-2324.26,-81436.71,4561.38,600.0,450.0,600.0
1037,6,ZONE_FACULTY_DIPLOMACY,2,IntermediateFloor,SM_FC_Mid_Academic_Lab_12x12,-2324.26,-81436.71,5161.38,400.0,320.0,400.0
1037,6,ZONE_FACULTY_DIPLOMACY,3,IntermediateFloor,SM_FC_Mid_Faculty_Chambers_12x12,-2324.26,-81436.71,5561.38,400.0,280.0,400.0
1037,6,ZONE_FACULTY_DIPLOMACY,4,IntermediateFloor,SM_FC_Mid_Academic_Lab_12x12,-2324.26,-81436.71,5961.38,400.0,320.0,400.0
1037,6,ZONE_FACULTY_DIPLOMACY,5,IntermediateFloor,SM_FC_Mid_Faculty_Chambers_12x12,-2324.26,-81436.71,6361.38,400.0,280.0,400.0
1037,6,ZONE_FACULTY_DIPLOMACY,6,IntermediateFloor,SM_FC_Mid_Academic_Lab_12x12,-2324.26,-81436.71,6761.38,400.0,320.0,400.0
1037,6,ZONE_FACULTY_DIPLOMACY,7,IntermediateFloor,SM_FC_Mid_Faculty_Chambers_12x12,-2324.26,-81436.71,7161.38,400.0,280.0,400.0
1037,6,ZONE_FACULTY_DIPLOMACY,8,Roof,SM_FC_Roof_BioDome_12x12,-2324.26,-81436.71,7561.38,800.0,180.0,300.0
1038,6,ZONE_FACULTY_DIPLOMACY,0,Foundation,SM_FC_Foundation_SlopeCompensated_12x12,1162.13,-81436.71,4533.72,400.0,850.0,1200.0
1038,6,ZONE_FACULTY_DIPLOMACY,1,GroundFloor,SM_FC_Ground_Lobby_Transit_12x12,1162.13,-81436.71,4933.72,600.0,450.0,600.0
1038,6,ZONE_FACULTY_DIPLOMACY,2,IntermediateFloor,SM_FC_Mid_Academic_Lab_12x12,1162.13,-81436.71,5533.72,400.0,320.0,400.0
1038,6,ZONE_FACULTY_DIPLOMACY,3,Roof,SM_FC_Roof_BioDome_12x12,1162.13,-81436.71,5933.72,800.0,180.0,300.0
1039,6,ZONE_FACULTY_DIPLOMACY,0,Foundation,SM_FC_Foundation_SlopeCompensated_12x12,4648.51,-81436.71,3151.24,400.0,850.0,1200.0
1039,6,ZONE_FACULTY_DIPLOMACY,1,GroundFloor,SM_FC_Ground_Lobby_Transit_12x12,4648.51,-81436.71,3551.24,600.0,450.0,600.0
1039,6,ZONE_FACULTY_DIPLOMACY,2,IntermediateFloor,SM_FC_Mid_Academic_Lab_12x12,4648.51,-81436.71,4151.24,400.0,320.0,400.0
1039,6,ZONE_FACULTY_DIPLOMACY,3,IntermediateFloor,SM_FC_Mid_Faculty_Chambers_12x12,4648.51,-81436.71,4551.24,400.0,280.0,400.0
1039,6,ZONE_FACULTY_DIPLOMACY,4,IntermediateFloor,SM_FC_Mid_Academic_Lab_12x12,4648.51,-81436.71,4951.24,400.0,320.0,400.0
1039,6,ZONE_FACULTY_DIPLOMACY,5,IntermediateFloor,SM_FC_Mid_Faculty_Chambers_12x12,4648.51,-81436.71,5351.24,400.0,280.0,400.0
1039,6,ZONE_FACULTY_DIPLOMACY,6,IntermediateFloor,SM_FC_Mid_Academic_Lab_12x12,4648.51,-81436.71,5751.24,400.0,320.0,400.0
1039,6,ZONE_FACULTY_DIPLOMACY,7,IntermediateFloor,SM_FC_Mid_Faculty_Chambers_12x12,4648.51,-81436.71,6151.24,400.0,280.0,400.0
1039,6,ZONE_FACULTY_DIPLOMACY,8,Roof,SM_FC_Roof_BioDome_12x12,4648.51,-81436.71,6551.24,800.0,180.0,300.0
1040,6,ZONE_FACULTY_DIPLOMACY,0,Foundation,SM_FC_Foundation_SlopeCompensated_12x12,8134.9,-81436.71,972.39,400.0,850.0,1200.0
1040,6,ZONE_FACULTY_DIPLOMACY,1,GroundFloor,SM_FC_Ground_Lobby_Transit_12x12,8134.9,-81436.71,1372.39,600.0,450.0,600.0
1040,6,ZONE_FACULTY_DIPLOMACY,2,IntermediateFloor,SM_FC_Mid_Academic_Lab_12x12,8134.9,-81436.71,1972.39,400.0,320.0,400.0
1040,6,ZONE_FACULTY_DIPLOMACY,3,IntermediateFloor,SM_FC_Mid_Faculty_Chambers_12x12,8134.9,-81436.71,2372.39,400.0,280.0,400.0
1040,6,ZONE_FACULTY_DIPLOMACY,4,IntermediateFloor,SM_FC_Mid_Academic_Lab_12x12,8134.9,-81436.71,2772.39,400.0,320.0,400.0
1040,6,ZONE_FACULTY_DIPLOMACY,5,Roof,SM_FC_Roof_BioDome_12x12,8134.9,-81436.71,3172.39,800.0,180.0,300.0
1041,6,ZONE_FACULTY_DIPLOMACY,0,Foundation,SM_FC_Foundation_SlopeCompensated_12x12,-7067.81,-84600.36,1230.47,400.0,850.0,1200.0
1041,6,ZONE_FACULTY_DIPLOMACY,1,GroundFloor,SM_FC_Ground_Lobby_Transit_12x12,-7067.81,-84600.36,1630.47,600.0,450.0,600.0
1041,6,ZONE_FACULTY_DIPLOMACY,2,IntermediateFloor,SM_FC_Mid_Academic_Lab_12x12,-7067.81,-84600.36,2230.47,400.0,320.0,400.0
1041,6,ZONE_FACULTY_DIPLOMACY,3,IntermediateFloor,SM_FC_Mid_Faculty_Chambers_12x12,-7067.81,-84600.36,2630.47,400.0,280.0,400.0
1041,6,ZONE_FACULTY_DIPLOMACY,4,IntermediateFloor,SM_FC_Mid_Academic_Lab_12x12,-7067.81,-84600.36,3030.47,400.0,320.0,400.0
1041,6,ZONE_FACULTY_DIPLOMACY,5,IntermediateFloor,SM_FC_Mid_Faculty_Chambers_12x12,-7067.81,-84600.36,3430.47,400.0,280.0,400.0
1041,6,ZONE_FACULTY_DIPLOMACY,6,IntermediateFloor,SM_FC_Mid_Academic_Lab_12x12,-7067.81,-84600.36,3830.47,400.0,320.0,400.0
1041,6,ZONE_FACULTY_DIPLOMACY,7,IntermediateFloor,SM_FC_Mid_Faculty_Chambers_12x12,-7067.81,-84600.36,4230.47,400.0,280.0,400.0
1041,6,ZONE_FACULTY_DIPLOMACY,8,Roof,SM_FC_Roof_BioDome_12x12,-7067.81,-84600.36,4630.47,800.0,180.0,300.0
1042,6,ZONE_FACULTY_DIPLOMACY,0,Foundation,SM_FC_Foundation_SlopeCompensated_12x12,-4038.75,-84600.36,3182.51,400.0,850.0,1200.0
1042,6,ZONE_FACULTY_DIPLOMACY,1,GroundFloor,SM_FC_Ground_Lobby_Transit_12x12,-4038.75,-84600.36,3582.51,600.0,450.0,600.0
1042,6,ZONE_FACULTY_DIPLOMACY,2,IntermediateFloor,SM_FC_Mid_Academic_Lab_12x12,-4038.75,-84600.36,4182.51,400.0,320.0,400.0
1042,6,ZONE_FACULTY_DIPLOMACY,3,IntermediateFloor,SM_FC_Mid_Faculty_Chambers_12x12,-4038.75,-84600.36,4582.51,400.0,280.0,400.0
1042,6,ZONE_FACULTY_DIPLOMACY,4,Roof,SM_FC_Roof_BioDome_12x12,-4038.75,-84600.36,4982.51,800.0,180.0,300.0
1043,6,ZONE_FACULTY_DIPLOMACY,0,Foundation,SM_FC_Foundation_SlopeCompensated_12x12,-1009.69,-84600.36,4428.12,400.0,850.0,1200.0
1043,6,ZONE_FACULTY_DIPLOMACY,1,GroundFloor,SM_FC_Ground_Lobby_Transit_12x12,-1009.69,-84600.36,4828.12,600.0,450.0,600.0
1043,6,ZONE_FACULTY_DIPLOMACY,2,IntermediateFloor,SM_FC_Mid_Academic_Lab_12x12,-1009.69,-84600.36,5428.12,400.0,320.0,400.0
1043,6,ZONE_FACULTY_DIPLOMACY,3,IntermediateFloor,SM_FC_Mid_Faculty_Chambers_12x12,-1009.69,-84600.36,5828.12,400.0,280.0,400.0
1043,6,ZONE_FACULTY_DIPLOMACY,4,IntermediateFloor,SM_FC_Mid_Academic_Lab_12x12,-1009.69,-84600.36,6228.12,400.0,320.0,400.0
1043,6,ZONE_FACULTY_DIPLOMACY,5,IntermediateFloor,SM_FC_Mid_Faculty_Chambers_12x12,-1009.69,-84600.36,6628.12,400.0,280.0,400.0
1043,6,ZONE_FACULTY_DIPLOMACY,6,IntermediateFloor,SM_FC_Mid_Academic_Lab_12x12,-1009.69,-84600.36,7028.12,400.0,320.0,400.0
1043,6,ZONE_FACULTY_DIPLOMACY,7,Roof,SM_FC_Roof_BioDome_12x12,-1009.69,-84600.36,7428.12,800.0,180.0,300.0
1044,6,ZONE_FACULTY_DIPLOMACY,0,Foundation,SM_FC_Foundation_SlopeCompensated_12x12,2019.38,-84600.36,4091.41,400.0,850.0,1200.0
1044,6,ZONE_FACULTY_DIPLOMACY,1,GroundFloor,SM_FC_Ground_Lobby_Transit_12x12,2019.38,-84600.36,4491.41,600.0,450.0,600.0
1044,6,ZONE_FACULTY_DIPLOMACY,2,IntermediateFloor,SM_FC_Mid_Academic_Lab_12x12,2019.38,-84600.36,5091.41,400.0,320.0,400.0
1044,6,ZONE_FACULTY_DIPLOMACY,3,IntermediateFloor,SM_FC_Mid_Faculty_Chambers_12x12,2019.38,-84600.36,5491.41,400.0,280.0,400.0
1044,6,ZONE_FACULTY_DIPLOMACY,4,IntermediateFloor,SM_FC_Mid_Academic_Lab_12x12,2019.38,-84600.36,5891.41,400.0,320.0,400.0
1044,6,ZONE_FACULTY_DIPLOMACY,5,IntermediateFloor,SM_FC_Mid_Faculty_Chambers_12x12,2019.38,-84600.36,6291.41,400.0,280.0,400.0
1044,6,ZONE_FACULTY_DIPLOMACY,6,IntermediateFloor,SM_FC_Mid_Academic_Lab_12x12,2019.38,-84600.36,6691.41,400.0,320.0,400.0
1044,6,ZONE_FACULTY_DIPLOMACY,7,IntermediateFloor,SM_FC_Mid_Faculty_Chambers_12x12,2019.38,-84600.36,7091.41,400.0,280.0,400.0
1044,6,ZONE_FACULTY_DIPLOMACY,8,Roof,SM_FC_Roof_BioDome_12x12,2019.38,-84600.36,7491.41,800.0,180.0,300.0
1045,6,ZONE_FACULTY_DIPLOMACY,0,Foundation,SM_FC_Foundation_SlopeCompensated_12x12,5048.44,-84600.36,2610.33,400.0,850.0,1200.0
1045,6,ZONE_FACULTY_DIPLOMACY,1,GroundFloor,SM_FC_Ground_Lobby_Transit_12x12,5048.44,-84600.36,3010.33,600.0,450.0,600.0
1045,6,ZONE_FACULTY_DIPLOMACY,2,IntermediateFloor,SM_FC_Mid_Academic_Lab_12x12,5048.44,-84600.36,3610.33,400.0,320.0,400.0
1045,6,ZONE_FACULTY_DIPLOMACY,3,IntermediateFloor,SM_FC_Mid_Faculty_Chambers_12x12,5048.44,-84600.36,4010.33,400.0,280.0,400.0
1045,6,ZONE_FACULTY_DIPLOMACY,4,IntermediateFloor,SM_FC_Mid_Academic_Lab_12x12,5048.44,-84600.36,4410.33,400.0,320.0,400.0
1045,6,ZONE_FACULTY_DIPLOMACY,5,Roof,SM_FC_Roof_BioDome_12x12,5048.44,-84600.36,4810.33,800.0,180.0,300.0
1046,6,ZONE_FACULTY_DIPLOMACY,0,Foundation,SM_FC_Foundation_SlopeCompensated_12x12,-5157.0,-87764.01,1995.05,400.0,850.0,1200.0
1046,6,ZONE_FACULTY_DIPLOMACY,1,GroundFloor,SM_FC_Ground_Lobby_Transit_12x12,-5157.0,-87764.01,2395.05,600.0,450.0,600.0
1046,6,ZONE_FACULTY_DIPLOMACY,2,IntermediateFloor,SM_FC_Mid_Academic_Lab_12x12,-5157.0,-87764.01,2995.05,400.0,320.0,400.0
1046,6,ZONE_FACULTY_DIPLOMACY,3,IntermediateFloor,SM_FC_Mid_Faculty_Chambers_12x12,-5157.0,-87764.01,3395.05,400.0,280.0,400.0
1046,6,ZONE_FACULTY_DIPLOMACY,4,IntermediateFloor,SM_FC_Mid_Academic_Lab_12x12,-5157.0,-87764.01,3795.05,400.0,320.0,400.0
1046,6,ZONE_FACULTY_DIPLOMACY,5,IntermediateFloor,SM_FC_Mid_Faculty_Chambers_12x12,-5157.0,-87764.01,4195.05,400.0,280.0,400.0
1046,6,ZONE_FACULTY_DIPLOMACY,6,IntermediateFloor,SM_FC_Mid_Academic_Lab_12x12,-5157.0,-87764.01,4595.05,400.0,320.0,400.0
1046,6,ZONE_FACULTY_DIPLOMACY,7,IntermediateFloor,SM_FC_Mid_Faculty_Chambers_12x12,-5157.0,-87764.01,4995.05,400.0,280.0,400.0
1046,6,ZONE_FACULTY_DIPLOMACY,8,Roof,SM_FC_Roof_BioDome_12x12,-5157.0,-87764.01,5395.05,800.0,180.0,300.0
1047,6,ZONE_FACULTY_DIPLOMACY,0,Foundation,SM_FC_Foundation_SlopeCompensated_12x12,-2578.5,-87764.01,3413.57,400.0,850.0,1200.0
1047,6,ZONE_FACULTY_DIPLOMACY,1,GroundFloor,SM_FC_Ground_Lobby_Transit_12x12,-2578.5,-87764.01,3813.57,600.0,450.0,600.0
1047,6,ZONE_FACULTY_DIPLOMACY,2,IntermediateFloor,SM_FC_Mid_Academic_Lab_12x12,-2578.5,-87764.01,4413.57,400.0,320.0,400.0
1047,6,ZONE_FACULTY_DIPLOMACY,3,IntermediateFloor,SM_FC_Mid_Faculty_Chambers_12x12,-2578.5,-87764.01,4813.57,400.0,280.0,400.0
1047,6,ZONE_FACULTY_DIPLOMACY,4,IntermediateFloor,SM_FC_Mid_Academic_Lab_12x12,-2578.5,-87764.01,5213.57,400.0,320.0,400.0
1047,6,ZONE_FACULTY_DIPLOMACY,5,IntermediateFloor,SM_FC_Mid_Faculty_Chambers_12x12,-2578.5,-87764.01,5613.57,400.0,280.0,400.0
1047,6,ZONE_FACULTY_DIPLOMACY,6,IntermediateFloor,SM_FC_Mid_Academic_Lab_12x12,-2578.5,-87764.01,6013.57,400.0,320.0,400.0
1047,6,ZONE_FACULTY_DIPLOMACY,7,IntermediateFloor,SM_FC_Mid_Faculty_Chambers_12x12,-2578.5,-87764.01,6413.57,400.0,280.0,400.0
1047,6,ZONE_FACULTY_DIPLOMACY,8,Roof,SM_FC_Roof_BioDome_12x12,-2578.5,-87764.01,6813.57,800.0,180.0,300.0
1048,6,ZONE_FACULTY_DIPLOMACY,0,Foundation,SM_FC_Foundation_SlopeCompensated_12x12,-0.0,-87764.01,4256.54,400.0,850.0,1200.0
1048,6,ZONE_FACULTY_DIPLOMACY,1,GroundFloor,SM_FC_Ground_Lobby_Transit_12x12,-0.0,-87764.01,4656.54,600.0,450.0,600.0
1048,6,ZONE_FACULTY_DIPLOMACY,2,IntermediateFloor,SM_FC_Mid_Academic_Lab_12x12,-0.0,-87764.01,5256.54,400.0,320.0,400.0
1048,6,ZONE_FACULTY_DIPLOMACY,3,IntermediateFloor,SM_FC_Mid_Faculty_Chambers_12x12,-0.0,-87764.01,5656.54,400.0,280.0,400.0
1048,6,ZONE_FACULTY_DIPLOMACY,4,IntermediateFloor,SM_FC_Mid_Academic_Lab_12x12,-0.0,-87764.01,6056.54,400.0,320.0,400.0
1048,6,ZONE_FACULTY_DIPLOMACY,5,Roof,SM_FC_Roof_BioDome_12x12,-0.0,-87764.01,6456.54,800.0,180.0,300.0
1049,6,ZONE_FACULTY_DIPLOMACY,0,Foundation,SM_FC_Foundation_SlopeCompensated_12x12,2578.5,-87764.01,3413.57,400.0,850.0,1200.0
1049,6,ZONE_FACULTY_DIPLOMACY,1,GroundFloor,SM_FC_Ground_Lobby_Transit_12x12,2578.5,-87764.01,3813.57,600.0,450.0,600.0
1049,6,ZONE_FACULTY_DIPLOMACY,2,IntermediateFloor,SM_FC_Mid_Academic_Lab_12x12,2578.5,-87764.01,4413.57,400.0,320.0,400.0
1049,6,ZONE_FACULTY_DIPLOMACY,3,IntermediateFloor,SM_FC_Mid_Faculty_Chambers_12x12,2578.5,-87764.01,4813.57,400.0,280.0,400.0
1049,6,ZONE_FACULTY_DIPLOMACY,4,Roof,SM_FC_Roof_BioDome_12x12,2578.5,-87764.01,5213.57,800.0,180.0,300.0
1050,6,ZONE_FACULTY_DIPLOMACY,0,Foundation,SM_FC_Foundation_SlopeCompensated_12x12,5157.0,-87764.01,1995.05,400.0,850.0,1200.0
1050,6,ZONE_FACULTY_DIPLOMACY,1,GroundFloor,SM_FC_Ground_Lobby_Transit_12x12,5157.0,-87764.01,2395.05,600.0,450.0,600.0
1050,6,ZONE_FACULTY_DIPLOMACY,2,IntermediateFloor,SM_FC_Mid_Academic_Lab_12x12,5157.0,-87764.01,2995.05,400.0,320.0,400.0
1050,6,ZONE_FACULTY_DIPLOMACY,3,IntermediateFloor,SM_FC_Mid_Faculty_Chambers_12x12,5157.0,-87764.01,3395.05,400.0,280.0,400.0
1050,6,ZONE_FACULTY_DIPLOMACY,4,IntermediateFloor,SM_FC_Mid_Academic_Lab_12x12,5157.0,-87764.01,3795.05,400.0,320.0,400.0
1050,6,ZONE_FACULTY_DIPLOMACY,5,Roof,SM_FC_Roof_BioDome_12x12,5157.0,-87764.01,4195.05,800.0,180.0,300.0
1051,6,ZONE_FACULTY_DIPLOMACY,0,Foundation,SM_FC_Foundation_SlopeCompensated_12x12,-3563.78,-90927.66,2292.97,400.0,850.0,1200.0
1051,6,ZONE_FACULTY_DIPLOMACY,1,GroundFloor,SM_FC_Ground_Lobby_Transit_12x12,-3563.78,-90927.66,2692.97,600.0,450.0,600.0
1051,6,ZONE_FACULTY_DIPLOMACY,2,IntermediateFloor,SM_FC_Mid_Academic_Lab_12x12,-3563.78,-90927.66,3292.97,400.0,320.0,400.0
1051,6,ZONE_FACULTY_DIPLOMACY,3,IntermediateFloor,SM_FC_Mid_Faculty_Chambers_12x12,-3563.78,-90927.66,3692.97,400.0,280.0,400.0
1051,6,ZONE_FACULTY_DIPLOMACY,4,IntermediateFloor,SM_FC_Mid_Academic_Lab_12x12,-3563.78,-90927.66,4092.97,400.0,320.0,400.0
1051,6,ZONE_FACULTY_DIPLOMACY,5,IntermediateFloor,SM_FC_Mid_Faculty_Chambers_12x12,-3563.78,-90927.66,4492.97,400.0,280.0,400.0
1051,6,ZONE_FACULTY_DIPLOMACY,6,Roof,SM_FC_Roof_BioDome_12x12,-3563.78,-90927.66,4892.97,800.0,180.0,300.0
1052,6,ZONE_FACULTY_DIPLOMACY,0,Foundation,SM_FC_Foundation_SlopeCompensated_12x12,-1425.51,-90927.66,3225.62,400.0,850.0,1200.0
1052,6,ZONE_FACULTY_DIPLOMACY,1,GroundFloor,SM_FC_Ground_Lobby_Transit_12x12,-1425.51,-90927.66,3625.62,600.0,450.0,600.0
1052,6,ZONE_FACULTY_DIPLOMACY,2,IntermediateFloor,SM_FC_Mid_Academic_Lab_12x12,-1425.51,-90927.66,4225.62,400.0,320.0,400.0
1052,6,ZONE_FACULTY_DIPLOMACY,3,IntermediateFloor,SM_FC_Mid_Faculty_Chambers_12x12,-1425.51,-90927.66,4625.62,400.0,280.0,400.0
1052,6,ZONE_FACULTY_DIPLOMACY,4,Roof,SM_FC_Roof_BioDome_12x12,-1425.51,-90927.66,5025.62,800.0,180.0,300.0
1053,6,ZONE_FACULTY_DIPLOMACY,0,Foundation,SM_FC_Foundation_SlopeCompensated_12x12,712.76,-90927.66,3441.26,400.0,850.0,1200.0
1053,6,ZONE_FACULTY_DIPLOMACY,1,GroundFloor,SM_FC_Ground_Lobby_Transit_12x12,712.76,-90927.66,3841.26,600.0,450.0,600.0
1053,6,ZONE_FACULTY_DIPLOMACY,2,IntermediateFloor,SM_FC_Mid_Academic_Lab_12x12,712.76,-90927.66,4441.26,400.0,320.0,400.0
1053,6,ZONE_FACULTY_DIPLOMACY,3,IntermediateFloor,SM_FC_Mid_Faculty_Chambers_12x12,712.76,-90927.66,4841.26,400.0,280.0,400.0
1053,6,ZONE_FACULTY_DIPLOMACY,4,IntermediateFloor,SM_FC_Mid_Academic_Lab_12x12,712.76,-90927.66,5241.26,400.0,320.0,400.0
1053,6,ZONE_FACULTY_DIPLOMACY,5,IntermediateFloor,SM_FC_Mid_Faculty_Chambers_12x12,712.76,-90927.66,5641.26,400.0,280.0,400.0
1053,6,ZONE_FACULTY_DIPLOMACY,6,IntermediateFloor,SM_FC_Mid_Academic_Lab_12x12,712.76,-90927.66,6041.26,400.0,320.0,400.0
1053,6,ZONE_FACULTY_DIPLOMACY,7,Roof,SM_FC_Roof_BioDome_12x12,712.76,-90927.66,6441.26,800.0,180.0,300.0
1054,6,ZONE_FACULTY_DIPLOMACY,0,Foundation,SM_FC_Foundation_SlopeCompensated_12x12,2851.02,-90927.66,2651.47,400.0,850.0,1200.0
1054,6,ZONE_FACULTY_DIPLOMACY,1,GroundFloor,SM_FC_Ground_Lobby_Transit_12x12,2851.02,-90927.66,3051.47,600.0,450.0,600.0
1054,6,ZONE_FACULTY_DIPLOMACY,2,IntermediateFloor,SM_FC_Mid_Academic_Lab_12x12,2851.02,-90927.66,3651.47,400.0,320.0,400.0
1054,6,ZONE_FACULTY_DIPLOMACY,3,IntermediateFloor,SM_FC_Mid_Faculty_Chambers_12x12,2851.02,-90927.66,4051.47,400.0,280.0,400.0
1054,6,ZONE_FACULTY_DIPLOMACY,4,IntermediateFloor,SM_FC_Mid_Academic_Lab_12x12,2851.02,-90927.66,4451.47,400.0,320.0,400.0
1054,6,ZONE_FACULTY_DIPLOMACY,5,IntermediateFloor,SM_FC_Mid_Faculty_Chambers_12x12,2851.02,-90927.66,4851.47,400.0,280.0,400.0
1054,6,ZONE_FACULTY_DIPLOMACY,6,IntermediateFloor,SM_FC_Mid_Academic_Lab_12x12,2851.02,-90927.66,5251.47,400.0,320.0,400.0
1054,6,ZONE_FACULTY_DIPLOMACY,7,Roof,SM_FC_Roof_BioDome_12x12,2851.02,-90927.66,5651.47,800.0,180.0,300.0
1055,6,ZONE_FACULTY_DIPLOMACY,0,Foundation,SM_FC_Foundation_SlopeCompensated_12x12,4989.29,-90927.66,1433.09,400.0,850.0,1200.0
1055,6,ZONE_FACULTY_DIPLOMACY,1,GroundFloor,SM_FC_Ground_Lobby_Transit_12x12,4989.29,-90927.66,1833.09,600.0,450.0,600.0
1055,6,ZONE_FACULTY_DIPLOMACY,2,IntermediateFloor,SM_FC_Mid_Academic_Lab_12x12,4989.29,-90927.66,2433.09,400.0,320.0,400.0
1055,6,ZONE_FACULTY_DIPLOMACY,3,IntermediateFloor,SM_FC_Mid_Faculty_Chambers_12x12,4989.29,-90927.66,2833.09,400.0,280.0,400.0
1055,6,ZONE_FACULTY_DIPLOMACY,4,IntermediateFloor,SM_FC_Mid_Academic_Lab_12x12,4989.29,-90927.66,3233.09,400.0,320.0,400.0
1055,6,ZONE_FACULTY_DIPLOMACY,5,IntermediateFloor,SM_FC_Mid_Faculty_Chambers_12x12,4989.29,-90927.66,3633.09,400.0,280.0,400.0
1055,6,ZONE_FACULTY_DIPLOMACY,6,IntermediateFloor,SM_FC_Mid_Academic_Lab_12x12,4989.29,-90927.66,4033.09,400.0,320.0,400.0
1055,6,ZONE_FACULTY_DIPLOMACY,7,IntermediateFloor,SM_FC_Mid_Faculty_Chambers_12x12,4989.29,-90927.66,4433.09,400.0,280.0,400.0
1055,6,ZONE_FACULTY_DIPLOMACY,8,Roof,SM_FC_Roof_BioDome_12x12,4989.29,-90927.66,4833.09,800.0,180.0,300.0
1056,6,ZONE_FACULTY_DIPLOMACY,0,Foundation,SM_FC_Foundation_SlopeCompensated_12x12,-3994.61,-94091.32,1334.24,400.0,850.0,1200.0
1056,6,ZONE_FACULTY_DIPLOMACY,1,GroundFloor,SM_FC_Ground_Lobby_Transit_12x12,-3994.61,-94091.32,1734.24,600.0,450.0,600.0
1056,6,ZONE_FACULTY_DIPLOMACY,2,IntermediateFloor,SM_FC_Mid_Academic_Lab_12x12,-3994.61,-94091.32,2334.24,400.0,320.0,400.0
1056,6,ZONE_FACULTY_DIPLOMACY,3,IntermediateFloor,SM_FC_Mid_Faculty_Chambers_12x12,-3994.61,-94091.32,2734.24,400.0,280.0,400.0
1056,6,ZONE_FACULTY_DIPLOMACY,4,IntermediateFloor,SM_FC_Mid_Academic_Lab_12x12,-3994.61,-94091.32,3134.24,400.0,320.0,400.0
1056,6,ZONE_FACULTY_DIPLOMACY,5,IntermediateFloor,SM_FC_Mid_Faculty_Chambers_12x12,-3994.61,-94091.32,3534.24,400.0,280.0,400.0
1056,6,ZONE_FACULTY_DIPLOMACY,6,IntermediateFloor,SM_FC_Mid_Academic_Lab_12x12,-3994.61,-94091.32,3934.24,400.0,320.0,400.0
1056,6,ZONE_FACULTY_DIPLOMACY,7,IntermediateFloor,SM_FC_Mid_Faculty_Chambers_12x12,-3994.61,-94091.32,4334.24,400.0,280.0,400.0
1056,6,ZONE_FACULTY_DIPLOMACY,8,Roof,SM_FC_Roof_BioDome_12x12,-3994.61,-94091.32,4734.24,800.0,180.0,300.0
1057,6,ZONE_FACULTY_DIPLOMACY,0,Foundation,SM_FC_Foundation_SlopeCompensated_12x12,-2282.64,-94091.32,2166.81,400.0,850.0,1200.0
1057,6,ZONE_FACULTY_DIPLOMACY,1,GroundFloor,SM_FC_Ground_Lobby_Transit_12x12,-2282.64,-94091.32,2566.81,600.0,450.0,600.0
1057,6,ZONE_FACULTY_DIPLOMACY,2,IntermediateFloor,SM_FC_Mid_Academic_Lab_12x12,-2282.64,-94091.32,3166.81,400.0,320.0,400.0
1057,6,ZONE_FACULTY_DIPLOMACY,3,IntermediateFloor,SM_FC_Mid_Faculty_Chambers_12x12,-2282.64,-94091.32,3566.81,400.0,280.0,400.0
1057,6,ZONE_FACULTY_DIPLOMACY,4,IntermediateFloor,SM_FC_Mid_Academic_Lab_12x12,-2282.64,-94091.32,3966.81,400.0,320.0,400.0
1057,6,ZONE_FACULTY_DIPLOMACY,5,Roof,SM_FC_Roof_BioDome_12x12,-2282.64,-94091.32,4366.81,800.0,180.0,300.0
1058,6,ZONE_FACULTY_DIPLOMACY,0,Foundation,SM_FC_Foundation_SlopeCompensated_12x12,-570.66,-94091.32,2712.43,400.0,850.0,1200.0
1058,6,ZONE_FACULTY_DIPLOMACY,1,GroundFloor,SM_FC_Ground_Lobby_Transit_12x12,-570.66,-94091.32,3112.43,600.0,450.0,600.0
1058,6,ZONE_FACULTY_DIPLOMACY,2,IntermediateFloor,SM_FC_Mid_Academic_Lab_12x12,-570.66,-94091.32,3712.43,400.0,320.0,400.0
1058,6,ZONE_FACULTY_DIPLOMACY,3,IntermediateFloor,SM_FC_Mid_Faculty_Chambers_12x12,-570.66,-94091.32,4112.43,400.0,280.0,400.0
1058,6,ZONE_FACULTY_DIPLOMACY,4,IntermediateFloor,SM_FC_Mid_Academic_Lab_12x12,-570.66,-94091.32,4512.43,400.0,320.0,400.0
1058,6,ZONE_FACULTY_DIPLOMACY,5,IntermediateFloor,SM_FC_Mid_Faculty_Chambers_12x12,-570.66,-94091.32,4912.43,400.0,280.0,400.0
1058,6,ZONE_FACULTY_DIPLOMACY,6,IntermediateFloor,SM_FC_Mid_Academic_Lab_12x12,-570.66,-94091.32,5312.43,400.0,320.0,400.0
1058,6,ZONE_FACULTY_DIPLOMACY,7,IntermediateFloor,SM_FC_Mid_Faculty_Chambers_12x12,-570.66,-94091.32,5712.43,400.0,280.0,400.0
1058,6,ZONE_FACULTY_DIPLOMACY,8,Roof,SM_FC_Roof_BioDome_12x12,-570.66,-94091.32,6112.43,800.0,180.0,300.0
1059,6,ZONE_FACULTY_DIPLOMACY,0,Foundation,SM_FC_Foundation_SlopeCompensated_12x12,1141.32,-94091.32,2562.44,400.0,850.0,1200.0
1059,6,ZONE_FACULTY_DIPLOMACY,1,GroundFloor,SM_FC_Ground_Lobby_Transit_12x12,1141.32,-94091.32,2962.44,600.0,450.0,600.0
1059,6,ZONE_FACULTY_DIPLOMACY,2,IntermediateFloor,SM_FC_Mid_Academic_Lab_12x12,1141.32,-94091.32,3562.44,400.0,320.0,400.0
1059,6,ZONE_FACULTY_DIPLOMACY,3,IntermediateFloor,SM_FC_Mid_Faculty_Chambers_12x12,1141.32,-94091.32,3962.44,400.0,280.0,400.0
1059,6,ZONE_FACULTY_DIPLOMACY,4,IntermediateFloor,SM_FC_Mid_Academic_Lab_12x12,1141.32,-94091.32,4362.44,400.0,320.0,400.0
1059,6,ZONE_FACULTY_DIPLOMACY,5,IntermediateFloor,SM_FC_Mid_Faculty_Chambers_12x12,1141.32,-94091.32,4762.44,400.0,280.0,400.0
1059,6,ZONE_FACULTY_DIPLOMACY,6,IntermediateFloor,SM_FC_Mid_Academic_Lab_12x12,1141.32,-94091.32,5162.44,400.0,320.0,400.0
1059,6,ZONE_FACULTY_DIPLOMACY,7,Roof,SM_FC_Roof_BioDome_12x12,1141.32,-94091.32,5562.44,800.0,180.0,300.0
1060,6,ZONE_FACULTY_DIPLOMACY,0,Foundation,SM_FC_Foundation_SlopeCompensated_12x12,2853.3,-94091.32,1921.17,400.0,850.0,1200.0
1060,6,ZONE_FACULTY_DIPLOMACY,1,GroundFloor,SM_FC_Ground_Lobby_Transit_12x12,2853.3,-94091.32,2321.17,600.0,450.0,600.0
1060,6,ZONE_FACULTY_DIPLOMACY,2,IntermediateFloor,SM_FC_Mid_Academic_Lab_12x12,2853.3,-94091.32,2921.17,400.0,320.0,400.0
1060,6,ZONE_FACULTY_DIPLOMACY,3,IntermediateFloor,SM_FC_Mid_Faculty_Chambers_12x12,2853.3,-94091.32,3321.17,400.0,280.0,400.0
1060,6,ZONE_FACULTY_DIPLOMACY,4,IntermediateFloor,SM_FC_Mid_Academic_Lab_12x12,2853.3,-94091.32,3721.17,400.0,320.0,400.0
1060,6,ZONE_FACULTY_DIPLOMACY,5,IntermediateFloor,SM_FC_Mid_Faculty_Chambers_12x12,2853.3,-94091.32,4121.17,400.0,280.0,400.0
1060,6,ZONE_FACULTY_DIPLOMACY,6,IntermediateFloor,SM_FC_Mid_Academic_Lab_12x12,2853.3,-94091.32,4521.17,400.0,320.0,400.0
1060,6,ZONE_FACULTY_DIPLOMACY,7,Roof,SM_FC_Roof_BioDome_12x12,2853.3,-94091.32,4921.17,800.0,180.0,300.0
1061,6,ZONE_HARBOR_BERTH,0,Foundation,SM_FC_Foundation_SlopeCompensated_12x12,-2607.05,-97254.97,1291.5,400.0,850.0,1200.0
1061,6,ZONE_HARBOR_BERTH,1,GroundFloor,SM_FC_Harbor_Submersible_Berth,-2607.05,-97254.97,1691.5,300.0,600.0,900.0
1061,6,ZONE_HARBOR_BERTH,2,Roof,SM_FC_Roof_BioDome_12x12,-2607.05,-97254.97,1991.5,800.0,180.0,300.0
1062,6,ZONE_HARBOR_BERTH,0,Foundation,SM_FC_Foundation_SlopeCompensated_12x12,-1303.52,-97254.97,1733.66,400.0,850.0,1200.0
1062,6,ZONE_HARBOR_BERTH,1,GroundFloor,SM_FC_Harbor_Submersible_Berth,-1303.52,-97254.97,2133.66,300.0,600.0,900.0
1062,6,ZONE_HARBOR_BERTH,2,Roof,SM_FC_Roof_BioDome_12x12,-1303.52,-97254.97,2433.66,800.0,180.0,300.0
1063,6,ZONE_HARBOR_BERTH,0,Foundation,SM_FC_Foundation_SlopeCompensated_12x12,-0.0,-97254.97,2008.86,400.0,850.0,1200.0
1063,6,ZONE_HARBOR_BERTH,1,GroundFloor,SM_FC_Harbor_Submersible_Berth,-0.0,-97254.97,2408.86,300.0,600.0,900.0
1063,6,ZONE_HARBOR_BERTH,2,Roof,SM_FC_Roof_BioDome_12x12,-0.0,-97254.97,2708.86,800.0,180.0,300.0
1064,6,ZONE_HARBOR_BERTH,0,Foundation,SM_FC_Foundation_SlopeCompensated_12x12,1303.52,-97254.97,1733.66,400.0,850.0,1200.0
1064,6,ZONE_HARBOR_BERTH,1,GroundFloor,SM_FC_Harbor_Submersible_Berth,1303.52,-97254.97,2133.66,300.0,600.0,900.0
1064,6,ZONE_HARBOR_BERTH,2,Roof,SM_FC_Roof_BioDome_12x12,1303.52,-97254.97,2433.66,800.0,180.0,300.0
1065,6,ZONE_HARBOR_BERTH,0,Foundation,SM_FC_Foundation_SlopeCompensated_12x12,2607.05,-97254.97,1291.5,400.0,850.0,1200.0
1065,6,ZONE_HARBOR_BERTH,1,GroundFloor,SM_FC_Harbor_Submersible_Berth,2607.05,-97254.97,1691.5,300.0,600.0,900.0
1065,6,ZONE_HARBOR_BERTH,2,Roof,SM_FC_Roof_BioDome_12x12,2607.05,-97254.97,1991.5,800.0,180.0,300.0
1066,6,ZONE_HARBOR_BERTH,0,Foundation,SM_FC_Foundation_SlopeCompensated_12x12,-1529.14,-100418.62,957.06,400.0,850.0,1200.0
1066,6,ZONE_HARBOR_BERTH,1,GroundFloor,SM_FC_Harbor_Submersible_Berth,-1529.14,-100418.62,1357.06,300.0,600.0,900.0
1066,6,ZONE_HARBOR_BERTH,2,Roof,SM_FC_Roof_BioDome_12x12,-1529.14,-100418.62,1657.06,800.0,180.0,300.0
1067,6,ZONE_HARBOR_BERTH,0,Foundation,SM_FC_Foundation_SlopeCompensated_12x12,-611.66,-100418.62,1148.76,400.0,850.0,1200.0
1067,6,ZONE_HARBOR_BERTH,1,GroundFloor,SM_FC_Harbor_Submersible_Berth,-611.66,-100418.62,1548.76,300.0,600.0,900.0
1067,6,ZONE_HARBOR_BERTH,2,Roof,SM_FC_Roof_BioDome_12x12,-611.66,-100418.62,1848.76,800.0,180.0,300.0
1068,6,ZONE_HARBOR_BERTH,0,Foundation,SM_FC_Foundation_SlopeCompensated_12x12,305.83,-100418.62,1195.14,400.0,850.0,1200.0
1068,6,ZONE_HARBOR_BERTH,1,GroundFloor,SM_FC_Harbor_Submersible_Berth,305.83,-100418.62,1595.14,300.0,600.0,900.0
1068,6,ZONE_HARBOR_BERTH,2,Roof,SM_FC_Roof_BioDome_12x12,305.83,-100418.62,1895.14,800.0,180.0,300.0
1069,6,ZONE_HARBOR_BERTH,0,Foundation,SM_FC_Foundation_SlopeCompensated_12x12,1223.31,-100418.62,1029.72,400.0,850.0,1200.0
1069,6,ZONE_HARBOR_BERTH,1,GroundFloor,SM_FC_Harbor_Submersible_Berth,1223.31,-100418.62,1429.72,300.0,600.0,900.0
1069,6,ZONE_HARBOR_BERTH,2,Roof,SM_FC_Roof_BioDome_12x12,1223.31,-100418.62,1729.72,800.0,180.0,300.0
1070,6,ZONE_HARBOR_BERTH,0,Foundation,SM_FC_Foundation_SlopeCompensated_12x12,2140.79,-100418.62,785.44,400.0,850.0,1200.0
1070,6,ZONE_HARBOR_BERTH,1,GroundFloor,SM_FC_Harbor_Submersible_Berth,2140.79,-100418.62,1185.44,300.0,600.0,900.0
1070,6,ZONE_HARBOR_BERTH,2,Roof,SM_FC_Roof_BioDome_12x12,2140.79,-100418.62,1485.44,800.0,180.0,300.0
1071,6,ZONE_HARBOR_BERTH,0,Foundation,SM_FC_Foundation_SlopeCompensated_12x12,-1306.74,-103582.28,430.28,400.0,850.0,1200.0
1071,6,ZONE_HARBOR_BERTH,1,GroundFloor,SM_FC_Harbor_Submersible_Berth,-1306.74,-103582.28,830.28,300.0,600.0,900.0
1071,6,ZONE_HARBOR_BERTH,2,Roof,SM_FC_Roof_BioDome_12x12,-1306.74,-103582.28,1130.28,800.0,180.0,300.0
1072,6,ZONE_HARBOR_BERTH,0,Foundation,SM_FC_Foundation_SlopeCompensated_12x12,-746.71,-103582.28,515.14,400.0,850.0,1200.0
1072,6,ZONE_HARBOR_BERTH,1,GroundFloor,SM_FC_Harbor_Submersible_Berth,-746.71,-103582.28,915.14,300.0,600.0,900.0
1072,6,ZONE_HARBOR_BERTH,2,Roof,SM_FC_Roof_BioDome_12x12,-746.71,-103582.28,1215.14,800.0,180.0,300.0
1073,6,ZONE_HARBOR_BERTH,0,Foundation,SM_FC_Foundation_SlopeCompensated_12x12,-186.68,-103582.28,574.18,400.0,850.0,1200.0
1073,6,ZONE_HARBOR_BERTH,1,GroundFloor,SM_FC_Harbor_Submersible_Berth,-186.68,-103582.28,974.18,300.0,600.0,900.0
1073,6,ZONE_HARBOR_BERTH,2,Roof,SM_FC_Roof_BioDome_12x12,-186.68,-103582.28,1274.18,800.0,180.0,300.0
1074,6,ZONE_HARBOR_BERTH,0,Foundation,SM_FC_Foundation_SlopeCompensated_12x12,373.36,-103582.28,557.37,400.0,850.0,1200.0
1074,6,ZONE_HARBOR_BERTH,1,GroundFloor,SM_FC_Harbor_Submersible_Berth,373.36,-103582.28,957.37,300.0,600.0,900.0
1074,6,ZONE_HARBOR_BERTH,2,Roof,SM_FC_Roof_BioDome_12x12,373.36,-103582.28,1257.37,800.0,180.0,300.0
1075,6,ZONE_HARBOR_BERTH,0,Foundation,SM_FC_Foundation_SlopeCompensated_12x12,933.39,-103582.28,489.73,400.0,850.0,1200.0
1075,6,ZONE_HARBOR_BERTH,1,GroundFloor,SM_FC_Harbor_Submersible_Berth,933.39,-103582.28,889.73,300.0,600.0,900.0
1075,6,ZONE_HARBOR_BERTH,2,Roof,SM_FC_Roof_BioDome_12x12,933.39,-103582.28,1189.73,800.0,180.0,300.0
1076,6,ZONE_HARBOR_BERTH,0,Foundation,SM_FC_Foundation_SlopeCompensated_12x12,-483.59,-106745.93,134.66,400.0,850.0,1200.0
1076,6,ZONE_HARBOR_BERTH,1,GroundFloor,SM_FC_Harbor_Submersible_Berth,-483.59,-106745.93,534.66,300.0,600.0,900.0
1076,6,ZONE_HARBOR_BERTH,2,Roof,SM_FC_Roof_BioDome_12x12,-483.59,-106745.93,834.66,800.0,180.0,300.0
1077,6,ZONE_HARBOR_BERTH,0,Foundation,SM_FC_Foundation_SlopeCompensated_12x12,-241.8,-106745.93,146.47,400.0,850.0,1200.0
1077,6,ZONE_HARBOR_BERTH,1,GroundFloor,SM_FC_Harbor_Submersible_Berth,-241.8,-106745.93,546.47,300.0,600.0,900.0
1077,6,ZONE_HARBOR_BERTH,2,Roof,SM_FC_Roof_BioDome_12x12,-241.8,-106745.93,846.47,800.0,180.0,300.0
1078,6,ZONE_HARBOR_BERTH,0,Foundation,SM_FC_Foundation_SlopeCompensated_12x12,-0.0,-106745.93,154.75,400.0,850.0,1200.0
1078,6,ZONE_HARBOR_BERTH,1,GroundFloor,SM_FC_Harbor_Submersible_Berth,-0.0,-106745.93,554.75,300.0,600.0,900.0
1078,6,ZONE_HARBOR_BERTH,2,Roof,SM_FC_Roof_BioDome_12x12,-0.0,-106745.93,854.75,800.0,180.0,300.0
1079,6,ZONE_HARBOR_BERTH,0,Foundation,SM_FC_Foundation_SlopeCompensated_12x12,241.8,-106745.93,146.47,400.0,850.0,1200.0
1079,6,ZONE_HARBOR_BERTH,1,GroundFloor,SM_FC_Harbor_Submersible_Berth,241.8,-106745.93,546.47,300.0,600.0,900.0
1079,6,ZONE_HARBOR_BERTH,2,Roof,SM_FC_Roof_BioDome_12x12,241.8,-106745.93,846.47,800.0,180.0,300.0
1080,6,ZONE_HARBOR_BERTH,0,Foundation,SM_FC_Foundation_SlopeCompensated_12x12,483.59,-106745.93,134.66,400.0,850.0,1200.0
1080,6,ZONE_HARBOR_BERTH,1,GroundFloor,SM_FC_Harbor_Submersible_Berth,483.59,-106745.93,534.66,300.0,600.0,900.0
1080,6,ZONE_HARBOR_BERTH,2,Roof,SM_FC_Roof_BioDome_12x12,483.59,-106745.93,834.66,800.0,180.0,300.0
1081,6,ZONE_HARBOR_BERTH,0,Foundation,SM_FC_Foundation_SlopeCompensated_12x12,-0.0,-109909.58,0.0,400.0,850.0,1200.0
1081,6,ZONE_HARBOR_BERTH,1,GroundFloor,SM_FC_Harbor_Submersible_Berth,-0.0,-109909.58,400.0,300.0,600.0,900.0
1081,6,ZONE_HARBOR_BERTH,2,Roof,SM_FC_Roof_BioDome_12x12,-0.0,-109909.58,700.0,800.0,180.0,300.0
1082,6,ZONE_HARBOR_BERTH,0,Foundation,SM_FC_Foundation_SlopeCompensated_12x12,-0.0,-109909.58,0.0,400.0,850.0,1200.0
1082,6,ZONE_HARBOR_BERTH,1,GroundFloor,SM_FC_Harbor_Submersible_Berth,-0.0,-109909.58,400.0,300.0,600.0,900.0
1082,6,ZONE_HARBOR_BERTH,2,Roof,SM_FC_Roof_BioDome_12x12,-0.0,-109909.58,700.0,800.0,180.0,300.0
1083,6,ZONE_HARBOR_BERTH,0,Foundation,SM_FC_Foundation_SlopeCompensated_12x12,-0.0,-109909.58,0.0,400.0,850.0,1200.0
1083,6,ZONE_HARBOR_BERTH,1,GroundFloor,SM_FC_Harbor_Submersible_Berth,-0.0,-109909.58,400.0,300.0,600.0,900.0
1083,6,ZONE_HARBOR_BERTH,2,Roof,SM_FC_Roof_BioDome_12x12,-0.0,-109909.58,700.0,800.0,180.0,300.0
1084,6,ZONE_HARBOR_BERTH,0,Foundation,SM_FC_Foundation_SlopeCompensated_12x12,-0.0,-109909.58,0.0,400.0,850.0,1200.0
1084,6,ZONE_HARBOR_BERTH,1,GroundFloor,SM_FC_Harbor_Submersible_Berth,-0.0,-109909.58,400.0,300.0,600.0,900.0
1084,6,ZONE_HARBOR_BERTH,2,Roof,SM_FC_Roof_BioDome_12x12,-0.0,-109909.58,700.0,800.0,180.0,300.0
1085,6,ZONE_HARBOR_BERTH,0,Foundation,SM_FC_Foundation_SlopeCompensated_12x12,-0.0,-109909.58,0.0,400.0,850.0,1200.0
1085,6,ZONE_HARBOR_BERTH,1,GroundFloor,SM_FC_Harbor_Submersible_Berth,-0.0,-109909.58,400.0,300.0,600.0,900.0
1085,6,ZONE_HARBOR_BERTH,2,Roof,SM_FC_Roof_BioDome_12x12,-0.0,-109909.58,700.0,800.0,180.0,300.0
1086,7,ZONE_FACULTY_MEDICINE,0,Foundation,SM_FC_Foundation_SlopeCompensated_12x12,10606.6,-10606.6,0.0,400.0,850.0,1200.0
1086,7,ZONE_FACULTY_MEDICINE,1,GroundFloor,SM_FC_Ground_Lobby_Transit_12x12,10606.6,-10606.6,400.0,600.0,450.0,600.0
1086,7,ZONE_FACULTY_MEDICINE,2,IntermediateFloor,SM_FC_Mid_Academic_Lab_12x12,10606.6,-10606.6,1000.0,400.0,320.0,400.0
1086,7,ZONE_FACULTY_MEDICINE,3,IntermediateFloor,SM_FC_Mid_Faculty_Chambers_12x12,10606.6,-10606.6,1400.0,400.0,280.0,400.0
1086,7,ZONE_FACULTY_MEDICINE,4,IntermediateFloor,SM_FC_Mid_Academic_Lab_12x12,10606.6,-10606.6,1800.0,400.0,320.0,400.0
1086,7,ZONE_FACULTY_MEDICINE,5,IntermediateFloor,SM_FC_Mid_Faculty_Chambers_12x12,10606.6,-10606.6,2200.0,400.0,280.0,400.0
1086,7,ZONE_FACULTY_MEDICINE,6,IntermediateFloor,SM_FC_Mid_Academic_Lab_12x12,10606.6,-10606.6,2600.0,400.0,320.0,400.0
1086,7,ZONE_FACULTY_MEDICINE,7,IntermediateFloor,SM_FC_Mid_Faculty_Chambers_12x12,10606.6,-10606.6,3000.0,400.0,280.0,400.0
1086,7,ZONE_FACULTY_MEDICINE,8,Roof,SM_FC_Roof_SolarObservatory_12x12,10606.6,-10606.6,3400.0,500.0,140.0,250.0
1087,7,ZONE_FACULTY_MEDICINE,0,Foundation,SM_FC_Foundation_SlopeCompensated_12x12,10606.6,-10606.6,0.0,400.0,850.0,1200.0
1087,7,ZONE_FACULTY_MEDICINE,1,GroundFloor,SM_FC_Ground_Lobby_Transit_12x12,10606.6,-10606.6,400.0,600.0,450.0,600.0
1087,7,ZONE_FACULTY_MEDICINE,2,IntermediateFloor,SM_FC_Mid_Academic_Lab_12x12,10606.6,-10606.6,1000.0,400.0,320.0,400.0
1087,7,ZONE_FACULTY_MEDICINE,3,IntermediateFloor,SM_FC_Mid_Faculty_Chambers_12x12,10606.6,-10606.6,1400.0,400.0,280.0,400.0
1087,7,ZONE_FACULTY_MEDICINE,4,IntermediateFloor,SM_FC_Mid_Academic_Lab_12x12,10606.6,-10606.6,1800.0,400.0,320.0,400.0
1087,7,ZONE_FACULTY_MEDICINE,5,IntermediateFloor,SM_FC_Mid_Faculty_Chambers_12x12,10606.6,-10606.6,2200.0,400.0,280.0,400.0
1087,7,ZONE_FACULTY_MEDICINE,6,Roof,SM_FC_Roof_SolarObservatory_12x12,10606.6,-10606.6,2600.0,500.0,140.0,250.0
1088,7,ZONE_FACULTY_MEDICINE,0,Foundation,SM_FC_Foundation_SlopeCompensated_12x12,10606.6,-10606.6,0.0,400.0,850.0,1200.0
1088,7,ZONE_FACULTY_MEDICINE,1,GroundFloor,SM_FC_Ground_Lobby_Transit_12x12,10606.6,-10606.6,400.0,600.0,450.0,600.0
1088,7,ZONE_FACULTY_MEDICINE,2,IntermediateFloor,SM_FC_Mid_Academic_Lab_12x12,10606.6,-10606.6,1000.0,400.0,320.0,400.0
1088,7,ZONE_FACULTY_MEDICINE,3,IntermediateFloor,SM_FC_Mid_Faculty_Chambers_12x12,10606.6,-10606.6,1400.0,400.0,280.0,400.0
1088,7,ZONE_FACULTY_MEDICINE,4,IntermediateFloor,SM_FC_Mid_Academic_Lab_12x12,10606.6,-10606.6,1800.0,400.0,320.0,400.0
1088,7,ZONE_FACULTY_MEDICINE,5,IntermediateFloor,SM_FC_Mid_Faculty_Chambers_12x12,10606.6,-10606.6,2200.0,400.0,280.0,400.0
1088,7,ZONE_FACULTY_MEDICINE,6,Roof,SM_FC_Roof_SolarObservatory_12x12,10606.6,-10606.6,2600.0,500.0,140.0,250.0
1089,7,ZONE_FACULTY_MEDICINE,0,Foundation,SM_FC_Foundation_SlopeCompensated_12x12,10606.6,-10606.6,0.0,400.0,850.0,1200.0
1089,7,ZONE_FACULTY_MEDICINE,1,GroundFloor,SM_FC_Ground_Lobby_Transit_12x12,10606.6,-10606.6,400.0,600.0,450.0,600.0
1089,7,ZONE_FACULTY_MEDICINE,2,IntermediateFloor,SM_FC_Mid_Academic_Lab_12x12,10606.6,-10606.6,1000.0,400.0,320.0,400.0
1089,7,ZONE_FACULTY_MEDICINE,3,IntermediateFloor,SM_FC_Mid_Faculty_Chambers_12x12,10606.6,-10606.6,1400.0,400.0,280.0,400.0
1089,7,ZONE_FACULTY_MEDICINE,4,IntermediateFloor,SM_FC_Mid_Academic_Lab_12x12,10606.6,-10606.6,1800.0,400.0,320.0,400.0
1089,7,ZONE_FACULTY_MEDICINE,5,IntermediateFloor,SM_FC_Mid_Faculty_Chambers_12x12,10606.6,-10606.6,2200.0,400.0,280.0,400.0
1089,7,ZONE_FACULTY_MEDICINE,6,IntermediateFloor,SM_FC_Mid_Academic_Lab_12x12,10606.6,-10606.6,2600.0,400.0,320.0,400.0
1089,7,ZONE_FACULTY_MEDICINE,7,Roof,SM_FC_Roof_SolarObservatory_12x12,10606.6,-10606.6,3000.0,500.0,140.0,250.0
1090,7,ZONE_FACULTY_MEDICINE,0,Foundation,SM_FC_Foundation_SlopeCompensated_12x12,10606.6,-10606.6,0.0,400.0,850.0,1200.0
1090,7,ZONE_FACULTY_MEDICINE,1,GroundFloor,SM_FC_Ground_Lobby_Transit_12x12,10606.6,-10606.6,400.0,600.0,450.0,600.0
1090,7,ZONE_FACULTY_MEDICINE,2,IntermediateFloor,SM_FC_Mid_Academic_Lab_12x12,10606.6,-10606.6,1000.0,400.0,320.0,400.0
1090,7,ZONE_FACULTY_MEDICINE,3,IntermediateFloor,SM_FC_Mid_Faculty_Chambers_12x12,10606.6,-10606.6,1400.0,400.0,280.0,400.0
1090,7,ZONE_FACULTY_MEDICINE,4,IntermediateFloor,SM_FC_Mid_Academic_Lab_12x12,10606.6,-10606.6,1800.0,400.0,320.0,400.0
1090,7,ZONE_FACULTY_MEDICINE,5,Roof,SM_FC_Roof_SolarObservatory_12x12,10606.6,-10606.6,2200.0,500.0,140.0,250.0
1091,7,ZONE_FACULTY_MEDICINE,0,Foundation,SM_FC_Foundation_SlopeCompensated_12x12,10349.99,-15337.3,59.06,400.0,850.0,1200.0
1091,7,ZONE_FACULTY_MEDICINE,1,GroundFloor,SM_FC_Ground_Lobby_Transit_12x12,10349.99,-15337.3,459.06,600.0,450.0,600.0
1091,7,ZONE_FACULTY_MEDICINE,2,IntermediateFloor,SM_FC_Mid_Academic_Lab_12x12,10349.99,-15337.3,1059.06,400.0,320.0,400.0
1091,7,ZONE_FACULTY_MEDICINE,3,IntermediateFloor,SM_FC_Mid_Faculty_Chambers_12x12,10349.99,-15337.3,1459.06,400.0,280.0,400.0
1091,7,ZONE_FACULTY_MEDICINE,4,IntermediateFloor,SM_FC_Mid_Academic_Lab_12x12,10349.99,-15337.3,1859.06,400.0,320.0,400.0
1091,7,ZONE_FACULTY_MEDICINE,5,IntermediateFloor,SM_FC_Mid_Faculty_Chambers_12x12,10349.99,-15337.3,2259.06,400.0,280.0,400.0
1091,7,ZONE_FACULTY_MEDICINE,6,IntermediateFloor,SM_FC_Mid_Academic_Lab_12x12,10349.99,-15337.3,2659.06,400.0,320.0,400.0
1091,7,ZONE_FACULTY_MEDICINE,7,IntermediateFloor,SM_FC_Mid_Faculty_Chambers_12x12,10349.99,-15337.3,3059.06,400.0,280.0,400.0
1091,7,ZONE_FACULTY_MEDICINE,8,Roof,SM_FC_Roof_SolarObservatory_12x12,10349.99,-15337.3,3459.06,500.0,140.0,250.0
1092,7,ZONE_FACULTY_MEDICINE,0,Foundation,SM_FC_Foundation_SlopeCompensated_12x12,11596.81,-14090.47,403.5,400.0,850.0,1200.0
1092,7,ZONE_FACULTY_MEDICINE,1,GroundFloor,SM_FC_Ground_Lobby_Transit_12x12,11596.81,-14090.47,803.5,600.0,450.0,600.0
1092,7,ZONE_FACULTY_MEDICINE,2,IntermediateFloor,SM_FC_Mid_Academic_Lab_12x12,11596.81,-14090.47,1403.5,400.0,320.0,400.0
1092,7,ZONE_FACULTY_MEDICINE,3,IntermediateFloor,SM_FC_Mid_Faculty_Chambers_12x12,11596.81,-14090.47,1803.5,400.0,280.0,400.0
1092,7,ZONE_FACULTY_MEDICINE,4,Roof,SM_FC_Roof_SolarObservatory_12x12,11596.81,-14090.47,2203.5,500.0,140.0,250.0
1093,7,ZONE_FACULTY_MEDICINE,0,Foundation,SM_FC_Foundation_SlopeCompensated_12x12,12843.64,-12843.64,645.03,400.0,850.0,1200.0
1093,7,ZONE_FACULTY_MEDICINE,1,GroundFloor,SM_FC_Ground_Lobby_Transit_12x12,12843.64,-12843.64,1045.03,600.0,450.0,600.0
1093,7,ZONE_FACULTY_MEDICINE,2,IntermediateFloor,SM_FC_Mid_Academic_Lab_12x12,12843.64,-12843.64,1645.03,400.0,320.0,400.0
1093,7,ZONE_FACULTY_MEDICINE,3,Roof,SM_FC_Roof_SolarObservatory_12x12,12843.64,-12843.64,2045.03,500.0,140.0,250.0
1094,7,ZONE_FACULTY_MEDICINE,0,Foundation,SM_FC_Foundation_SlopeCompensated_12x12,14090.47,-11596.81,403.5,400.0,850.0,1200.0
1094,7,ZONE_FACULTY_MEDICINE,1,GroundFloor,SM_FC_Ground_Lobby_Transit_12x12,14090.47,-11596.81,803.5,600.0,450.0,600.0
1094,7,ZONE_FACULTY_MEDICINE,2,IntermediateFloor,SM_FC_Mid_Academic_Lab_12x12,14090.47,-11596.81,1403.5,400.0,320.0,400.0
1094,7,ZONE_FACULTY_MEDICINE,3,Roof,SM_FC_Roof_SolarObservatory_12x12,14090.47,-11596.81,1803.5,500.0,140.0,250.0
1095,7,ZONE_FACULTY_MEDICINE,0,Foundation,SM_FC_Foundation_SlopeCompensated_12x12,15337.3,-10349.99,59.06,400.0,850.0,1200.0
1095,7,ZONE_FACULTY_MEDICINE,1,GroundFloor,SM_FC_Ground_Lobby_Transit_12x12,15337.3,-10349.99,459.06,600.0,450.0,600.0
1095,7,ZONE_FACULTY_MEDICINE,2,IntermediateFloor,SM_FC_Mid_Academic_Lab_12x12,15337.3,-10349.99,1059.06,400.0,320.0,400.0
1095,7,ZONE_FACULTY_MEDICINE,3,IntermediateFloor,SM_FC_Mid_Faculty_Chambers_12x12,15337.3,-10349.99,1459.06,400.0,280.0,400.0
1095,7,ZONE_FACULTY_MEDICINE,4,IntermediateFloor,SM_FC_Mid_Academic_Lab_12x12,15337.3,-10349.99,1859.06,400.0,320.0,400.0
1095,7,ZONE_FACULTY_MEDICINE,5,IntermediateFloor,SM_FC_Mid_Faculty_Chambers_12x12,15337.3,-10349.99,2259.06,400.0,280.0,400.0
1095,7,ZONE_FACULTY_MEDICINE,6,IntermediateFloor,SM_FC_Mid_Academic_Lab_12x12,15337.3,-10349.99,2659.06,400.0,320.0,400.0
1095,7,ZONE_FACULTY_MEDICINE,7,IntermediateFloor,SM_FC_Mid_Faculty_Chambers_12x12,15337.3,-10349.99,3059.06,400.0,280.0,400.0
1095,7,ZONE_FACULTY_MEDICINE,8,Roof,SM_FC_Roof_SolarObservatory_12x12,15337.3,-10349.99,3459.06,500.0,140.0,250.0
1096,7,ZONE_FACULTY_MEDICINE,0,Foundation,SM_FC_Foundation_SlopeCompensated_12x12,12467.08,-17694.29,289.22,400.0,850.0,1200.0
1096,7,ZONE_FACULTY_MEDICINE,1,GroundFloor,SM_FC_Ground_Lobby_Transit_12x12,12467.08,-17694.29,689.22,600.0,450.0,600.0
1096,7,ZONE_FACULTY_MEDICINE,2,IntermediateFloor,SM_FC_Mid_Academic_Lab_12x12,12467.08,-17694.29,1289.22,400.0,320.0,400.0
1096,7,ZONE_FACULTY_MEDICINE,3,IntermediateFloor,SM_FC_Mid_Faculty_Chambers_12x12,12467.08,-17694.29,1689.22,400.0,280.0,400.0
1096,7,ZONE_FACULTY_MEDICINE,4,IntermediateFloor,SM_FC_Mid_Academic_Lab_12x12,12467.08,-17694.29,2089.22,400.0,320.0,400.0
1096,7,ZONE_FACULTY_MEDICINE,5,IntermediateFloor,SM_FC_Mid_Faculty_Chambers_12x12,12467.08,-17694.29,2489.22,400.0,280.0,400.0
1096,7,ZONE_FACULTY_MEDICINE,6,IntermediateFloor,SM_FC_Mid_Academic_Lab_12x12,12467.08,-17694.29,2889.22,400.0,320.0,400.0
1096,7,ZONE_FACULTY_MEDICINE,7,Roof,SM_FC_Roof_SolarObservatory_12x12,12467.08,-17694.29,3289.22,500.0,140.0,250.0
1097,7,ZONE_FACULTY_MEDICINE,0,Foundation,SM_FC_Foundation_SlopeCompensated_12x12,14035.24,-16126.12,825.21,400.0,850.0,1200.0
1097,7,ZONE_FACULTY_MEDICINE,1,GroundFloor,SM_FC_Ground_Lobby_Transit_12x12,14035.24,-16126.12,1225.21,600.0,450.0,600.0
1097,7,ZONE_FACULTY_MEDICINE,2,IntermediateFloor,SM_FC_Mid_Academic_Lab_12x12,14035.24,-16126.12,1825.21,400.0,320.0,400.0
1097,7,ZONE_FACULTY_MEDICINE,3,IntermediateFloor,SM_FC_Mid_Faculty_Chambers_12x12,14035.24,-16126.12,2225.21,400.0,280.0,400.0
1097,7,ZONE_FACULTY_MEDICINE,4,IntermediateFloor,SM_FC_Mid_Academic_Lab_12x12,14035.24,-16126.12,2625.21,400.0,320.0,400.0
1097,7,ZONE_FACULTY_MEDICINE,5,Roof,SM_FC_Roof_SolarObservatory_12x12,14035.24,-16126.12,3025.21,500.0,140.0,250.0
1098,7,ZONE_FACULTY_MEDICINE,0,Foundation,SM_FC_Foundation_SlopeCompensated_12x12,15603.4,-14557.96,958.39,400.0,850.0,1200.0
1098,7,ZONE_FACULTY_MEDICINE,1,GroundFloor,SM_FC_Ground_Lobby_Transit_12x12,15603.4,-14557.96,1358.39,600.0,450.0,600.0
1098,7,ZONE_FACULTY_MEDICINE,2,IntermediateFloor,SM_FC_Mid_Academic_Lab_12x12,15603.4,-14557.96,1958.39,400.0,320.0,400.0
1098,7,ZONE_FACULTY_MEDICINE,3,IntermediateFloor,SM_FC_Mid_Faculty_Chambers_12x12,15603.4,-14557.96,2358.39,400.0,280.0,400.0
1098,7,ZONE_FACULTY_MEDICINE,4,IntermediateFloor,SM_FC_Mid_Academic_Lab_12x12,15603.4,-14557.96,2758.39,400.0,320.0,400.0
1098,7,ZONE_FACULTY_MEDICINE,5,IntermediateFloor,SM_FC_Mid_Faculty_Chambers_12x12,15603.4,-14557.96,3158.39,400.0,280.0,400.0
1098,7,ZONE_FACULTY_MEDICINE,6,IntermediateFloor,SM_FC_Mid_Academic_Lab_12x12,15603.4,-14557.96,3558.39,400.0,320.0,400.0
1098,7,ZONE_FACULTY_MEDICINE,7,IntermediateFloor,SM_FC_Mid_Faculty_Chambers_12x12,15603.4,-14557.96,3958.39,400.0,280.0,400.0
1098,7,ZONE_FACULTY_MEDICINE,8,Roof,SM_FC_Roof_SolarObservatory_12x12,15603.4,-14557.96,4358.39,500.0,140.0,250.0
1099,7,ZONE_FACULTY_MEDICINE,0,Foundation,SM_FC_Foundation_SlopeCompensated_12x12,17171.57,-12989.8,490.62,400.0,850.0,1200.0
1099,7,ZONE_FACULTY_MEDICINE,1,GroundFloor,SM_FC_Ground_Lobby_Transit_12x12,17171.57,-12989.8,890.62,600.0,450.0,600.0
1099,7,ZONE_FACULTY_MEDICINE,2,IntermediateFloor,SM_FC_Mid_Academic_Lab_12x12,17171.57,-12989.8,1490.62,400.0,320.0,400.0
1099,7,ZONE_FACULTY_MEDICINE,3,IntermediateFloor,SM_FC_Mid_Faculty_Chambers_12x12,17171.57,-12989.8,1890.62,400.0,280.0,400.0
1099,7,ZONE_FACULTY_MEDICINE,4,IntermediateFloor,SM_FC_Mid_Academic_Lab_12x12,17171.57,-12989.8,2290.62,400.0,320.0,400.0
1099,7,ZONE_FACULTY_MEDICINE,5,IntermediateFloor,SM_FC_Mid_Faculty_Chambers_12x12,17171.57,-12989.8,2690.62,400.0,280.0,400.0
1099,7,ZONE_FACULTY_MEDICINE,6,Roof,SM_FC_Roof_SolarObservatory_12x12,17171.57,-12989.8,3090.62,500.0,140.0,250.0
1100,7,ZONE_FACULTY_MEDICINE,0,Foundation,SM_FC_Foundation_SlopeCompensated_12x12,18739.73,-11421.64,-181.81,400.0,850.0,1200.0
1100,7,ZONE_FACULTY_MEDICINE,1,GroundFloor,SM_FC_Ground_Lobby_Transit_12x12,18739.73,-11421.64,218.19,600.0,450.0,600.0
1100,7,ZONE_FACULTY_MEDICINE,2,IntermediateFloor,SM_FC_Mid_Academic_Lab_12x12,18739.73,-11421.64,818.19,400.0,320.0,400.0
1100,7,ZONE_FACULTY_MEDICINE,3,IntermediateFloor,SM_FC_Mid_Faculty_Chambers_12x12,18739.73,-11421.64,1218.19,400.0,280.0,400.0
1100,7,ZONE_FACULTY_MEDICINE,4,Roof,SM_FC_Roof_SolarObservatory_12x12,18739.73,-11421.64,1618.19,500.0,140.0,250.0
1101,7,ZONE_FACULTY_MEDICINE,0,Foundation,SM_FC_Foundation_SlopeCompensated_12x12,12908.89,-21726.55,-285.5,400.0,850.0,1200.0
1101,7,ZONE_FACULTY_MEDICINE,1,GroundFloor,SM_FC_Ground_Lobby_Transit_12x12,12908.89,-21726.55,114.5,600.0,450.0,600.0
1101,7,ZONE_FACULTY_MEDICINE,2,IntermediateFloor,SM_FC_Mid_Academic_Lab_12x12,12908.89,-21726.55,714.5,400.0,320.0,400.0
1101,7,ZONE_FACULTY_MEDICINE,3,Roof,SM_FC_Roof_SolarObservatory_12x12,12908.89,-21726.55,1114.5,500.0,140.0,250.0
1102,7,ZONE_FACULTY_MEDICINE,0,Foundation,SM_FC_Foundation_SlopeCompensated_12x12,14798.39,-19837.05,656.72,400.0,850.0,1200.0
1102,7,ZONE_FACULTY_MEDICINE,1,GroundFloor,SM_FC_Ground_Lobby_Transit_12x12,14798.39,-19837.05,1056.72,600.0,450.0,600.0
1102,7,ZONE_FACULTY_MEDICINE,2,IntermediateFloor,SM_FC_Mid_Academic_Lab_12x12,14798.39,-19837.05,1656.72,400.0,320.0,400.0
1102,7,ZONE_FACULTY_MEDICINE,3,IntermediateFloor,SM_FC_Mid_Faculty_Chambers_12x12,14798.39,-19837.05,2056.72,400.0,280.0,400.0
1102,7,ZONE_FACULTY_MEDICINE,4,IntermediateFloor,SM_FC_Mid_Academic_Lab_12x12,14798.39,-19837.05,2456.72,400.0,320.0,400.0
1102,7,ZONE_FACULTY_MEDICINE,5,Roof,SM_FC_Roof_SolarObservatory_12x12,14798.39,-19837.05,2856.72,500.0,140.0,250.0
1103,7,ZONE_FACULTY_MEDICINE,0,Foundation,SM_FC_Foundation_SlopeCompensated_12x12,16687.89,-17947.56,1294.75,400.0,850.0,1200.0
1103,7,ZONE_FACULTY_MEDICINE,1,GroundFloor,SM_FC_Ground_Lobby_Transit_12x12,16687.89,-17947.56,1694.75,600.0,450.0,600.0
1103,7,ZONE_FACULTY_MEDICINE,2,IntermediateFloor,SM_FC_Mid_Academic_Lab_12x12,16687.89,-17947.56,2294.75,400.0,320.0,400.0
1103,7,ZONE_FACULTY_MEDICINE,3,IntermediateFloor,SM_FC_Mid_Faculty_Chambers_12x12,16687.89,-17947.56,2694.75,400.0,280.0,400.0
1103,7,ZONE_FACULTY_MEDICINE,4,IntermediateFloor,SM_FC_Mid_Academic_Lab_12x12,16687.89,-17947.56,3094.75,400.0,320.0,400.0
1103,7,ZONE_FACULTY_MEDICINE,5,IntermediateFloor,SM_FC_Mid_Faculty_Chambers_12x12,16687.89,-17947.56,3494.75,400.0,280.0,400.0
1103,7,ZONE_FACULTY_MEDICINE,6,IntermediateFloor,SM_FC_Mid_Academic_Lab_12x12,16687.89,-17947.56,3894.75,400.0,320.0,400.0
1103,7,ZONE_FACULTY_MEDICINE,7,IntermediateFloor,SM_FC_Mid_Faculty_Chambers_12x12,16687.89,-17947.56,4294.75,400.0,280.0,400.0
1103,7,ZONE_FACULTY_MEDICINE,8,Roof,SM_FC_Roof_SolarObservatory_12x12,16687.89,-17947.56,4694.75,500.0,140.0,250.0
1104,7,ZONE_FACULTY_MEDICINE,0,Foundation,SM_FC_Foundation_SlopeCompensated_12x12,18577.39,-16058.06,1115.87,400.0,850.0,1200.0
1104,7,ZONE_FACULTY_MEDICINE,1,GroundFloor,SM_FC_Ground_Lobby_Transit_12x12,18577.39,-16058.06,1515.87,600.0,450.0,600.0
1104,7,ZONE_FACULTY_MEDICINE,2,IntermediateFloor,SM_FC_Mid_Academic_Lab_12x12,18577.39,-16058.06,2115.87,400.0,320.0,400.0
1104,7,ZONE_FACULTY_MEDICINE,3,IntermediateFloor,SM_FC_Mid_Faculty_Chambers_12x12,18577.39,-16058.06,2515.87,400.0,280.0,400.0
1104,7,ZONE_FACULTY_MEDICINE,4,Roof,SM_FC_Roof_SolarObservatory_12x12,18577.39,-16058.06,2915.87,500.0,140.0,250.0
1105,7,ZONE_FACULTY_MEDICINE,0,Foundation,SM_FC_Foundation_SlopeCompensated_12x12,20466.89,-14168.56,376.44,400.0,850.0,1200.0
1105,7,ZONE_FACULTY_MEDICINE,1,GroundFloor,SM_FC_Ground_Lobby_Transit_12x12,20466.89,-14168.56,776.44,600.0,450.0,600.0
1105,7,ZONE_FACULTY_MEDICINE,2,IntermediateFloor,SM_FC_Mid_Academic_Lab_12x12,20466.89,-14168.56,1376.44,400.0,320.0,400.0
1105,7,ZONE_FACULTY_MEDICINE,3,IntermediateFloor,SM_FC_Mid_Faculty_Chambers_12x12,20466.89,-14168.56,1776.44,400.0,280.0,400.0
1105,7,ZONE_FACULTY_MEDICINE,4,IntermediateFloor,SM_FC_Mid_Academic_Lab_12x12,20466.89,-14168.56,2176.44,400.0,320.0,400.0
1105,7,ZONE_FACULTY_MEDICINE,5,IntermediateFloor,SM_FC_Mid_Faculty_Chambers_12x12,20466.89,-14168.56,2576.44,400.0,280.0,400.0
1105,7,ZONE_FACULTY_MEDICINE,6,IntermediateFloor,SM_FC_Mid_Academic_Lab_12x12,20466.89,-14168.56,2976.44,400.0,320.0,400.0
1105,7,ZONE_FACULTY_MEDICINE,7,Roof,SM_FC_Roof_SolarObservatory_12x12,20466.89,-14168.56,3376.44,500.0,140.0,250.0
1106,7,ZONE_FACULTY_MEDICINE,0,Foundation,SM_FC_Foundation_SlopeCompensated_12x12,15133.1,-23976.43,58.24,400.0,850.0,1200.0
1106,7,ZONE_FACULTY_MEDICINE,1,GroundFloor,SM_FC_Ground_Lobby_Transit_12x12,15133.1,-23976.43,458.24,600.0,450.0,600.0
1106,7,ZONE_FACULTY_MEDICINE,2,IntermediateFloor,SM_FC_Mid_Academic_Lab_12x12,15133.1,-23976.43,1058.24,400.0,320.0,400.0
1106,7,ZONE_FACULTY_MEDICINE,3,IntermediateFloor,SM_FC_Mid_Faculty_Chambers_12x12,15133.1,-23976.43,1458.24,400.0,280.0,400.0
1106,7,ZONE_FACULTY_MEDICINE,4,Roof,SM_FC_Roof_SolarObservatory_12x12,15133.1,-23976.43,1858.24,500.0,140.0,250.0
1107,7,ZONE_FACULTY_MEDICINE,0,Foundation,SM_FC_Foundation_SlopeCompensated_12x12,17343.93,-21765.6,1118.55,400.0,850.0,1200.0
1107,7,ZONE_FACULTY_MEDICINE,1,GroundFloor,SM_FC_Ground_Lobby_Transit_12x12,17343.93,-21765.6,1518.55,600.0,450.0,600.0
1107,7,ZONE_FACULTY_MEDICINE,2,IntermediateFloor,SM_FC_Mid_Academic_Lab_12x12,17343.93,-21765.6,2118.55,400.0,320.0,400.0
1107,7,ZONE_FACULTY_MEDICINE,3,IntermediateFloor,SM_FC_Mid_Faculty_Chambers_12x12,17343.93,-21765.6,2518.55,400.0,280.0,400.0
1107,7,ZONE_FACULTY_MEDICINE,4,IntermediateFloor,SM_FC_Mid_Academic_Lab_12x12,17343.93,-21765.6,2918.55,400.0,320.0,400.0
1107,7,ZONE_FACULTY_MEDICINE,5,IntermediateFloor,SM_FC_Mid_Faculty_Chambers_12x12,17343.93,-21765.6,3318.55,400.0,280.0,400.0
1107,7,ZONE_FACULTY_MEDICINE,6,IntermediateFloor,SM_FC_Mid_Academic_Lab_12x12,17343.93,-21765.6,3718.55,400.0,320.0,400.0
1107,7,ZONE_FACULTY_MEDICINE,7,IntermediateFloor,SM_FC_Mid_Faculty_Chambers_12x12,17343.93,-21765.6,4118.55,400.0,280.0,400.0
1107,7,ZONE_FACULTY_MEDICINE,8,Roof,SM_FC_Roof_SolarObservatory_12x12,17343.93,-21765.6,4518.55,500.0,140.0,250.0
1108,7,ZONE_FACULTY_MEDICINE,0,Foundation,SM_FC_Foundation_SlopeCompensated_12x12,19554.76,-19554.76,1778.47,400.0,850.0,1200.0
1108,7,ZONE_FACULTY_MEDICINE,1,GroundFloor,SM_FC_Ground_Lobby_Transit_12x12,19554.76,-19554.76,2178.47,600.0,450.0,600.0
1108,7,ZONE_FACULTY_MEDICINE,2,IntermediateFloor,SM_FC_Mid_Academic_Lab_12x12,19554.76,-19554.76,2778.47,400.0,320.0,400.0
1108,7,ZONE_FACULTY_MEDICINE,3,Roof,SM_FC_Roof_SolarObservatory_12x12,19554.76,-19554.76,3178.47,500.0,140.0,250.0
1109,7,ZONE_FACULTY_MEDICINE,0,Foundation,SM_FC_Foundation_SlopeCompensated_12x12,21765.6,-17343.93,1118.55,400.0,850.0,1200.0
1109,7,ZONE_FACULTY_MEDICINE,1,GroundFloor,SM_FC_Ground_Lobby_Transit_12x12,21765.6,-17343.93,1518.55,600.0,450.0,600.0
1109,7,ZONE_FACULTY_MEDICINE,2,IntermediateFloor,SM_FC_Mid_Academic_Lab_12x12,21765.6,-17343.93,2118.55,400.0,320.0,400.0
1109,7,ZONE_FACULTY_MEDICINE,3,IntermediateFloor,SM_FC_Mid_Faculty_Chambers_12x12,21765.6,-17343.93,2518.55,400.0,280.0,400.0
1109,7,ZONE_FACULTY_MEDICINE,4,Roof,SM_FC_Roof_SolarObservatory_12x12,21765.6,-17343.93,2918.55,500.0,140.0,250.0
1110,7,ZONE_FACULTY_MEDICINE,0,Foundation,SM_FC_Foundation_SlopeCompensated_12x12,23976.43,-15133.1,58.24,400.0,850.0,1200.0
1110,7,ZONE_FACULTY_MEDICINE,1,GroundFloor,SM_FC_Ground_Lobby_Transit_12x12,23976.43,-15133.1,458.24,600.0,450.0,600.0
1110,7,ZONE_FACULTY_MEDICINE,2,IntermediateFloor,SM_FC_Mid_Academic_Lab_12x12,23976.43,-15133.1,1058.24,400.0,320.0,400.0
1110,7,ZONE_FACULTY_MEDICINE,3,IntermediateFloor,SM_FC_Mid_Faculty_Chambers_12x12,23976.43,-15133.1,1458.24,400.0,280.0,400.0
1110,7,ZONE_FACULTY_MEDICINE,4,IntermediateFloor,SM_FC_Mid_Academic_Lab_12x12,23976.43,-15133.1,1858.24,400.0,320.0,400.0
1110,7,ZONE_FACULTY_MEDICINE,5,IntermediateFloor,SM_FC_Mid_Faculty_Chambers_12x12,23976.43,-15133.1,2258.24,400.0,280.0,400.0
1110,7,ZONE_FACULTY_MEDICINE,6,IntermediateFloor,SM_FC_Mid_Academic_Lab_12x12,23976.43,-15133.1,2658.24,400.0,320.0,400.0
1110,7,ZONE_FACULTY_MEDICINE,7,Roof,SM_FC_Roof_SolarObservatory_12x12,23976.43,-15133.1,3058.24,500.0,140.0,250.0
1111,7,ZONE_FACULTY_MEDICINE,0,Foundation,SM_FC_Foundation_SlopeCompensated_12x12,17571.52,-26012.08,532.8,400.0,850.0,1200.0
1111,7,ZONE_FACULTY_MEDICINE,1,GroundFloor,SM_FC_Ground_Lobby_Transit_12x12,17571.52,-26012.08,932.8,600.0,450.0,600.0
1111,7,ZONE_FACULTY_MEDICINE,2,IntermediateFloor,SM_FC_Mid_Academic_Lab_12x12,17571.52,-26012.08,1532.8,400.0,320.0,400.0
1111,7,ZONE_FACULTY_MEDICINE,3,IntermediateFloor,SM_FC_Mid_Faculty_Chambers_12x12,17571.52,-26012.08,1932.8,400.0,280.0,400.0
1111,7,ZONE_FACULTY_MEDICINE,4,IntermediateFloor,SM_FC_Mid_Academic_Lab_12x12,17571.52,-26012.08,2332.8,400.0,320.0,400.0
1111,7,ZONE_FACULTY_MEDICINE,5,Roof,SM_FC_Roof_SolarObservatory_12x12,17571.52,-26012.08,2732.8,500.0,140.0,250.0
1112,7,ZONE_FACULTY_MEDICINE,0,Foundation,SM_FC_Foundation_SlopeCompensated_12x12,20103.69,-23479.92,1632.78,400.0,850.0,1200.0
1112,7,ZONE_FACULTY_MEDICINE,1,GroundFloor,SM_FC_Ground_Lobby_Transit_12x12,20103.69,-23479.92,2032.78,600.0,450.0,600.0
1112,7,ZONE_FACULTY_MEDICINE,2,IntermediateFloor,SM_FC_Mid_Academic_Lab_12x12,20103.69,-23479.92,2632.78,400.0,320.0,400.0
1112,7,ZONE_FACULTY_MEDICINE,3,IntermediateFloor,SM_FC_Mid_Faculty_Chambers_12x12,20103.69,-23479.92,3032.78,400.0,280.0,400.0
1112,7,ZONE_FACULTY_MEDICINE,4,IntermediateFloor,SM_FC_Mid_Academic_Lab_12x12,20103.69,-23479.92,3432.78,400.0,320.0,400.0
1112,7,ZONE_FACULTY_MEDICINE,5,IntermediateFloor,SM_FC_Mid_Faculty_Chambers_12x12,20103.69,-23479.92,3832.78,400.0,280.0,400.0
1112,7,ZONE_FACULTY_MEDICINE,6,IntermediateFloor,SM_FC_Mid_Academic_Lab_12x12,20103.69,-23479.92,4232.78,400.0,320.0,400.0
1112,7,ZONE_FACULTY_MEDICINE,7,Roof,SM_FC_Roof_SolarObservatory_12x12,20103.69,-23479.92,4632.78,500.0,140.0,250.0
1113,7,ZONE_FACULTY_MEDICINE,0,Foundation,SM_FC_Foundation_SlopeCompensated_12x12,22635.86,-20947.75,1890.06,400.0,850.0,1200.0
1113,7,ZONE_FACULTY_MEDICINE,1,GroundFloor,SM_FC_Ground_Lobby_Transit_12x12,22635.86,-20947.75,2290.06,600.0,450.0,600.0
1113,7,ZONE_FACULTY_MEDICINE,2,IntermediateFloor,SM_FC_Mid_Academic_Lab_12x12,22635.86,-20947.75,2890.06,400.0,320.0,400.0
1113,7,ZONE_FACULTY_MEDICINE,3,IntermediateFloor,SM_FC_Mid_Faculty_Chambers_12x12,22635.86,-20947.75,3290.06,400.0,280.0,400.0
1113,7,ZONE_FACULTY_MEDICINE,4,Roof,SM_FC_Roof_SolarObservatory_12x12,22635.86,-20947.75,3690.06,500.0,140.0,250.0
1114,7,ZONE_FACULTY_MEDICINE,0,Foundation,SM_FC_Foundation_SlopeCompensated_12x12,25168.03,-18415.58,954.15,400.0,850.0,1200.0
1114,7,ZONE_FACULTY_MEDICINE,1,GroundFloor,SM_FC_Ground_Lobby_Transit_12x12,25168.03,-18415.58,1354.15,600.0,450.0,600.0
1114,7,ZONE_FACULTY_MEDICINE,2,IntermediateFloor,SM_FC_Mid_Academic_Lab_12x12,25168.03,-18415.58,1954.15,400.0,320.0,400.0
1114,7,ZONE_FACULTY_MEDICINE,3,IntermediateFloor,SM_FC_Mid_Faculty_Chambers_12x12,25168.03,-18415.58,2354.15,400.0,280.0,400.0
1114,7,ZONE_FACULTY_MEDICINE,4,Roof,SM_FC_Roof_SolarObservatory_12x12,25168.03,-18415.58,2754.15,500.0,140.0,250.0
1115,7,ZONE_FACULTY_MEDICINE,0,Foundation,SM_FC_Foundation_SlopeCompensated_12x12,27700.2,-15883.41,-473.95,400.0,850.0,1200.0
1115,7,ZONE_FACULTY_MEDICINE,1,GroundFloor,SM_FC_Ground_Lobby_Transit_12x12,27700.2,-15883.41,-73.95,600.0,450.0,600.0
1115,7,ZONE_FACULTY_MEDICINE,2,IntermediateFloor,SM_FC_Mid_Academic_Lab_12x12,27700.2,-15883.41,526.05,400.0,320.0,400.0
1115,7,ZONE_FACULTY_MEDICINE,3,IntermediateFloor,SM_FC_Mid_Faculty_Chambers_12x12,27700.2,-15883.41,926.05,400.0,280.0,400.0
1115,7,ZONE_FACULTY_MEDICINE,4,IntermediateFloor,SM_FC_Mid_Academic_Lab_12x12,27700.2,-15883.41,1326.05,400.0,320.0,400.0
1115,7,ZONE_FACULTY_MEDICINE,5,IntermediateFloor,SM_FC_Mid_Faculty_Chambers_12x12,27700.2,-15883.41,1726.05,400.0,280.0,400.0
1115,7,ZONE_FACULTY_MEDICINE,6,Roof,SM_FC_Roof_SolarObservatory_12x12,27700.2,-15883.41,2126.05,500.0,140.0,250.0
1116,7,ZONE_FACULTY_MEDICINE,0,Foundation,SM_FC_Foundation_SlopeCompensated_12x12,17370.67,-30687.02,-551.63,400.0,850.0,1200.0
1116,7,ZONE_FACULTY_MEDICINE,1,GroundFloor,SM_FC_Ground_Lobby_Transit_12x12,17370.67,-30687.02,-151.63,600.0,450.0,600.0
1116,7,ZONE_FACULTY_MEDICINE,2,IntermediateFloor,SM_FC_Mid_Academic_Lab_12x12,17370.67,-30687.02,448.37,400.0,320.0,400.0
1116,7,ZONE_FACULTY_MEDICINE,3,IntermediateFloor,SM_FC_Mid_Faculty_Chambers_12x12,17370.67,-30687.02,848.37,400.0,280.0,400.0
1116,7,ZONE_FACULTY_MEDICINE,4,IntermediateFloor,SM_FC_Mid_Academic_Lab_12x12,17370.67,-30687.02,1248.37,400.0,320.0,400.0
1116,7,ZONE_FACULTY_MEDICINE,5,IntermediateFloor,SM_FC_Mid_Faculty_Chambers_12x12,17370.67,-30687.02,1648.37,400.0,280.0,400.0
1116,7,ZONE_FACULTY_MEDICINE,6,Roof,SM_FC_Roof_SolarObservatory_12x12,17370.67,-30687.02,2048.37,500.0,140.0,250.0
1117,7,ZONE_FACULTY_MEDICINE,0,Foundation,SM_FC_Foundation_SlopeCompensated_12x12,20224.17,-27833.52,1093.18,400.0,850.0,1200.0
1117,7,ZONE_FACULTY_MEDICINE,1,GroundFloor,SM_FC_Ground_Lobby_Transit_12x12,20224.17,-27833.52,1493.18,600.0,450.0,600.0
1117,7,ZONE_FACULTY_MEDICINE,2,IntermediateFloor,SM_FC_Mid_Academic_Lab_12x12,20224.17,-27833.52,2093.18,400.0,320.0,400.0
1117,7,ZONE_FACULTY_MEDICINE,3,IntermediateFloor,SM_FC_Mid_Faculty_Chambers_12x12,20224.17,-27833.52,2493.18,400.0,280.0,400.0
1117,7,ZONE_FACULTY_MEDICINE,4,IntermediateFloor,SM_FC_Mid_Academic_Lab_12x12,20224.17,-27833.52,2893.18,400.0,320.0,400.0
1117,7,ZONE_FACULTY_MEDICINE,5,IntermediateFloor,SM_FC_Mid_Faculty_Chambers_12x12,20224.17,-27833.52,3293.18,400.0,280.0,400.0
1117,7,ZONE_FACULTY_MEDICINE,6,IntermediateFloor,SM_FC_Mid_Academic_Lab_12x12,20224.17,-27833.52,3693.18,400.0,320.0,400.0
1117,7,ZONE_FACULTY_MEDICINE,7,Roof,SM_FC_Roof_SolarObservatory_12x12,20224.17,-27833.52,4093.18,500.0,140.0,250.0
1118,7,ZONE_FACULTY_MEDICINE,0,Foundation,SM_FC_Foundation_SlopeCompensated_12x12,23077.68,-24980.01,2159.39,400.0,850.0,1200.0
1118,7,ZONE_FACULTY_MEDICINE,1,GroundFloor,SM_FC_Ground_Lobby_Transit_12x12,23077.68,-24980.01,2559.39,600.0,450.0,600.0
1118,7,ZONE_FACULTY_MEDICINE,2,IntermediateFloor,SM_FC_Mid_Academic_Lab_12x12,23077.68,-24980.01,3159.39,400.0,320.0,400.0
1118,7,ZONE_FACULTY_MEDICINE,3,IntermediateFloor,SM_FC_Mid_Faculty_Chambers_12x12,23077.68,-24980.01,3559.39,400.0,280.0,400.0
1118,7,ZONE_FACULTY_MEDICINE,4,IntermediateFloor,SM_FC_Mid_Academic_Lab_12x12,23077.68,-24980.01,3959.39,400.0,320.0,400.0
1118,7,ZONE_FACULTY_MEDICINE,5,IntermediateFloor,SM_FC_Mid_Faculty_Chambers_12x12,23077.68,-24980.01,4359.39,400.0,280.0,400.0
1118,7,ZONE_FACULTY_MEDICINE,6,Roof,SM_FC_Roof_SolarObservatory_12x12,23077.68,-24980.01,4759.39,500.0,140.0,250.0
1119,7,ZONE_FACULTY_MEDICINE,0,Foundation,SM_FC_Foundation_SlopeCompensated_12x12,25931.18,-22126.51,1868.28,400.0,850.0,1200.0
1119,7,ZONE_FACULTY_MEDICINE,1,GroundFloor,SM_FC_Ground_Lobby_Transit_12x12,25931.18,-22126.51,2268.28,600.0,450.0,600.0
1119,7,ZONE_FACULTY_MEDICINE,2,IntermediateFloor,SM_FC_Mid_Academic_Lab_12x12,25931.18,-22126.51,2868.28,400.0,320.0,400.0
1119,7,ZONE_FACULTY_MEDICINE,3,IntermediateFloor,SM_FC_Mid_Faculty_Chambers_12x12,25931.18,-22126.51,3268.28,400.0,280.0,400.0
1119,7,ZONE_FACULTY_MEDICINE,4,IntermediateFloor,SM_FC_Mid_Academic_Lab_12x12,25931.18,-22126.51,3668.28,400.0,320.0,400.0
1119,7,ZONE_FACULTY_MEDICINE,5,IntermediateFloor,SM_FC_Mid_Faculty_Chambers_12x12,25931.18,-22126.51,4068.28,400.0,280.0,400.0
1119,7,ZONE_FACULTY_MEDICINE,6,IntermediateFloor,SM_FC_Mid_Academic_Lab_12x12,25931.18,-22126.51,4468.28,400.0,320.0,400.0
1119,7,ZONE_FACULTY_MEDICINE,7,Roof,SM_FC_Roof_SolarObservatory_12x12,25931.18,-22126.51,4868.28,500.0,140.0,250.0
1120,7,ZONE_FACULTY_MEDICINE,0,Foundation,SM_FC_Foundation_SlopeCompensated_12x12,28784.68,-19273.0,609.2,400.0,850.0,1200.0
1120,7,ZONE_FACULTY_MEDICINE,1,GroundFloor,SM_FC_Ground_Lobby_Transit_12x12,28784.68,-19273.0,1009.2,600.0,450.0,600.0
1120,7,ZONE_FACULTY_MEDICINE,2,IntermediateFloor,SM_FC_Mid_Academic_Lab_12x12,28784.68,-19273.0,1609.2,400.0,320.0,400.0
1120,7,ZONE_FACULTY_MEDICINE,3,IntermediateFloor,SM_FC_Mid_Faculty_Chambers_12x12,28784.68,-19273.0,2009.2,400.0,280.0,400.0
1120,7,ZONE_FACULTY_MEDICINE,4,IntermediateFloor,SM_FC_Mid_Academic_Lab_12x12,28784.68,-19273.0,2409.2,400.0,320.0,400.0
1120,7,ZONE_FACULTY_MEDICINE,5,IntermediateFloor,SM_FC_Mid_Faculty_Chambers_12x12,28784.68,-19273.0,2809.2,400.0,280.0,400.0
1120,7,ZONE_FACULTY_MEDICINE,6,IntermediateFloor,SM_FC_Mid_Academic_Lab_12x12,28784.68,-19273.0,3209.2,400.0,320.0,400.0
1120,7,ZONE_FACULTY_MEDICINE,7,Roof,SM_FC_Roof_SolarObservatory_12x12,28784.68,-19273.0,3609.2,500.0,140.0,250.0
1121,7,ZONE_FACULTY_MEDICINE,0,Foundation,SM_FC_Foundation_SlopeCompensated_12x12,19916.21,-32615.56,73.13,400.0,850.0,1200.0
1121,7,ZONE_FACULTY_MEDICINE,1,GroundFloor,SM_FC_Ground_Lobby_Transit_12x12,19916.21,-32615.56,473.13,600.0,450.0,600.0
1121,7,ZONE_FACULTY_MEDICINE,2,IntermediateFloor,SM_FC_Mid_Academic_Lab_12x12,19916.21,-32615.56,1073.13,400.0,320.0,400.0
1121,7,ZONE_FACULTY_MEDICINE,3,IntermediateFloor,SM_FC_Mid_Faculty_Chambers_12x12,19916.21,-32615.56,1473.13,400.0,280.0,400.0
1121,7,ZONE_FACULTY_MEDICINE,4,IntermediateFloor,SM_FC_Mid_Academic_Lab_12x12,19916.21,-32615.56,1873.13,400.0,320.0,400.0
1121,7,ZONE_FACULTY_MEDICINE,5,IntermediateFloor,SM_FC_Mid_Faculty_Chambers_12x12,19916.21,-32615.56,2273.13,400.0,280.0,400.0
1121,7,ZONE_FACULTY_MEDICINE,6,IntermediateFloor,SM_FC_Mid_Academic_Lab_12x12,19916.21,-32615.56,2673.13,400.0,320.0,400.0
1121,7,ZONE_FACULTY_MEDICINE,7,Roof,SM_FC_Roof_SolarObservatory_12x12,19916.21,-32615.56,3073.13,500.0,140.0,250.0
1122,7,ZONE_FACULTY_MEDICINE,0,Foundation,SM_FC_Foundation_SlopeCompensated_12x12,23091.04,-29440.72,1696.53,400.0,850.0,1200.0
1122,7,ZONE_FACULTY_MEDICINE,1,GroundFloor,SM_FC_Ground_Lobby_Transit_12x12,23091.04,-29440.72,2096.53,600.0,450.0,600.0
1122,7,ZONE_FACULTY_MEDICINE,2,IntermediateFloor,SM_FC_Mid_Academic_Lab_12x12,23091.04,-29440.72,2696.53,400.0,320.0,400.0
1122,7,ZONE_FACULTY_MEDICINE,3,IntermediateFloor,SM_FC_Mid_Faculty_Chambers_12x12,23091.04,-29440.72,3096.53,400.0,280.0,400.0
1122,7,ZONE_FACULTY_MEDICINE,4,Roof,SM_FC_Roof_SolarObservatory_12x12,23091.04,-29440.72,3496.53,500.0,140.0,250.0
1123,7,ZONE_FACULTY_MEDICINE,0,Foundation,SM_FC_Foundation_SlopeCompensated_12x12,26265.88,-26265.88,2661.25,400.0,850.0,1200.0
1123,7,ZONE_FACULTY_MEDICINE,1,GroundFloor,SM_FC_Ground_Lobby_Transit_12x12,26265.88,-26265.88,3061.25,600.0,450.0,600.0
1123,7,ZONE_FACULTY_MEDICINE,2,IntermediateFloor,SM_FC_Mid_Academic_Lab_12x12,26265.88,-26265.88,3661.25,400.0,320.0,400.0
1123,7,ZONE_FACULTY_MEDICINE,3,IntermediateFloor,SM_FC_Mid_Faculty_Chambers_12x12,26265.88,-26265.88,4061.25,400.0,280.0,400.0
1123,7,ZONE_FACULTY_MEDICINE,4,IntermediateFloor,SM_FC_Mid_Academic_Lab_12x12,26265.88,-26265.88,4461.25,400.0,320.0,400.0
1123,7,ZONE_FACULTY_MEDICINE,5,Roof,SM_FC_Roof_SolarObservatory_12x12,26265.88,-26265.88,4861.25,500.0,140.0,250.0
1124,7,ZONE_FACULTY_MEDICINE,0,Foundation,SM_FC_Foundation_SlopeCompensated_12x12,29440.72,-23091.04,1696.53,400.0,850.0,1200.0
1124,7,ZONE_FACULTY_MEDICINE,1,GroundFloor,SM_FC_Ground_Lobby_Transit_12x12,29440.72,-23091.04,2096.53,600.0,450.0,600.0
1124,7,ZONE_FACULTY_MEDICINE,2,IntermediateFloor,SM_FC_Mid_Academic_Lab_12x12,29440.72,-23091.04,2696.53,400.0,320.0,400.0
1124,7,ZONE_FACULTY_MEDICINE,3,IntermediateFloor,SM_FC_Mid_Faculty_Chambers_12x12,29440.72,-23091.04,3096.53,400.0,280.0,400.0
1124,7,ZONE_FACULTY_MEDICINE,4,IntermediateFloor,SM_FC_Mid_Academic_Lab_12x12,29440.72,-23091.04,3496.53,400.0,320.0,400.0
1124,7,ZONE_FACULTY_MEDICINE,5,IntermediateFloor,SM_FC_Mid_Faculty_Chambers_12x12,29440.72,-23091.04,3896.53,400.0,280.0,400.0
1124,7,ZONE_FACULTY_MEDICINE,6,IntermediateFloor,SM_FC_Mid_Academic_Lab_12x12,29440.72,-23091.04,4296.53,400.0,320.0,400.0
1124,7,ZONE_FACULTY_MEDICINE,7,Roof,SM_FC_Roof_SolarObservatory_12x12,29440.72,-23091.04,4696.53,500.0,140.0,250.0
1125,7,ZONE_FACULTY_MEDICINE,0,Foundation,SM_FC_Foundation_SlopeCompensated_12x12,32615.56,-19916.21,73.13,400.0,850.0,1200.0
1125,7,ZONE_FACULTY_MEDICINE,1,GroundFloor,SM_FC_Ground_Lobby_Transit_12x12,32615.56,-19916.21,473.13,600.0,450.0,600.0
1125,7,ZONE_FACULTY_MEDICINE,2,IntermediateFloor,SM_FC_Mid_Academic_Lab_12x12,32615.56,-19916.21,1073.13,400.0,320.0,400.0
1125,7,ZONE_FACULTY_MEDICINE,3,IntermediateFloor,SM_FC_Mid_Faculty_Chambers_12x12,32615.56,-19916.21,1473.13,400.0,280.0,400.0
1125,7,ZONE_FACULTY_MEDICINE,4,IntermediateFloor,SM_FC_Mid_Academic_Lab_12x12,32615.56,-19916.21,1873.13,400.0,320.0,400.0
1125,7,ZONE_FACULTY_MEDICINE,5,IntermediateFloor,SM_FC_Mid_Faculty_Chambers_12x12,32615.56,-19916.21,2273.13,400.0,280.0,400.0
1125,7,ZONE_FACULTY_MEDICINE,6,Roof,SM_FC_Roof_SolarObservatory_12x12,32615.56,-19916.21,2673.13,500.0,140.0,250.0
1126,7,ZONE_FACULTY_MEDICINE,0,Foundation,SM_FC_Foundation_SlopeCompensated_12x12,22675.97,-34329.88,769.23,400.0,850.0,1200.0
1126,7,ZONE_FACULTY_MEDICINE,1,GroundFloor,SM_FC_Ground_Lobby_Transit_12x12,22675.97,-34329.88,1169.23,600.0,450.0,600.0
1126,7,ZONE_FACULTY_MEDICINE,2,IntermediateFloor,SM_FC_Mid_Academic_Lab_12x12,22675.97,-34329.88,1769.23,400.0,320.0,400.0
1126,7,ZONE_FACULTY_MEDICINE,3,IntermediateFloor,SM_FC_Mid_Faculty_Chambers_12x12,22675.97,-34329.88,2169.23,400.0,280.0,400.0
1126,7,ZONE_FACULTY_MEDICINE,4,IntermediateFloor,SM_FC_Mid_Academic_Lab_12x12,22675.97,-34329.88,2569.23,400.0,320.0,400.0
1126,7,ZONE_FACULTY_MEDICINE,5,IntermediateFloor,SM_FC_Mid_Faculty_Chambers_12x12,22675.97,-34329.88,2969.23,400.0,280.0,400.0
1126,7,ZONE_FACULTY_MEDICINE,6,IntermediateFloor,SM_FC_Mid_Academic_Lab_12x12,22675.97,-34329.88,3369.23,400.0,320.0,400.0
1126,7,ZONE_FACULTY_MEDICINE,7,IntermediateFloor,SM_FC_Mid_Faculty_Chambers_12x12,22675.97,-34329.88,3769.23,400.0,280.0,400.0
1126,7,ZONE_FACULTY_MEDICINE,8,Roof,SM_FC_Roof_SolarObservatory_12x12,22675.97,-34329.88,4169.23,500.0,140.0,250.0
1127,7,ZONE_FACULTY_MEDICINE,0,Foundation,SM_FC_Foundation_SlopeCompensated_12x12,26172.14,-30833.71,2302.91,400.0,850.0,1200.0
1127,7,ZONE_FACULTY_MEDICINE,1,GroundFloor,SM_FC_Ground_Lobby_Transit_12x12,26172.14,-30833.71,2702.91,600.0,450.0,600.0
1127,7,ZONE_FACULTY_MEDICINE,2,IntermediateFloor,SM_FC_Mid_Academic_Lab_12x12,26172.14,-30833.71,3302.91,400.0,320.0,400.0
1127,7,ZONE_FACULTY_MEDICINE,3,IntermediateFloor,SM_FC_Mid_Faculty_Chambers_12x12,26172.14,-30833.71,3702.91,400.0,280.0,400.0
1127,7,ZONE_FACULTY_MEDICINE,4,IntermediateFloor,SM_FC_Mid_Academic_Lab_12x12,26172.14,-30833.71,4102.91,400.0,320.0,400.0
1127,7,ZONE_FACULTY_MEDICINE,5,IntermediateFloor,SM_FC_Mid_Faculty_Chambers_12x12,26172.14,-30833.71,4502.91,400.0,280.0,400.0
1127,7,ZONE_FACULTY_MEDICINE,6,Roof,SM_FC_Roof_SolarObservatory_12x12,26172.14,-30833.71,4902.91,500.0,140.0,250.0
1128,7,ZONE_FACULTY_MEDICINE,0,Foundation,SM_FC_Foundation_SlopeCompensated_12x12,29668.32,-27337.53,2651.57,400.0,850.0,1200.0
1128,7,ZONE_FACULTY_MEDICINE,1,GroundFloor,SM_FC_Ground_Lobby_Transit_12x12,29668.32,-27337.53,3051.57,600.0,450.0,600.0
1128,7,ZONE_FACULTY_MEDICINE,2,IntermediateFloor,SM_FC_Mid_Academic_Lab_12x12,29668.32,-27337.53,3651.57,400.0,320.0,400.0
1128,7,ZONE_FACULTY_MEDICINE,3,IntermediateFloor,SM_FC_Mid_Faculty_Chambers_12x12,29668.32,-27337.53,4051.57,400.0,280.0,400.0
1128,7,ZONE_FACULTY_MEDICINE,4,Roof,SM_FC_Roof_SolarObservatory_12x12,29668.32,-27337.53,4451.57,500.0,140.0,250.0
1129,7,ZONE_FACULTY_MEDICINE,0,Foundation,SM_FC_Foundation_SlopeCompensated_12x12,33164.49,-23841.36,1361.74,400.0,850.0,1200.0
1129,7,ZONE_FACULTY_MEDICINE,1,GroundFloor,SM_FC_Ground_Lobby_Transit_12x12,33164.49,-23841.36,1761.74,600.0,450.0,600.0
1129,7,ZONE_FACULTY_MEDICINE,2,IntermediateFloor,SM_FC_Mid_Academic_Lab_12x12,33164.49,-23841.36,2361.74,400.0,320.0,400.0
1129,7,ZONE_FACULTY_MEDICINE,3,IntermediateFloor,SM_FC_Mid_Faculty_Chambers_12x12,33164.49,-23841.36,2761.74,400.0,280.0,400.0
1129,7,ZONE_FACULTY_MEDICINE,4,IntermediateFloor,SM_FC_Mid_Academic_Lab_12x12,33164.49,-23841.36,3161.74,400.0,320.0,400.0
1129,7,ZONE_FACULTY_MEDICINE,5,IntermediateFloor,SM_FC_Mid_Faculty_Chambers_12x12,33164.49,-23841.36,3561.74,400.0,280.0,400.0
1129,7,ZONE_FACULTY_MEDICINE,6,IntermediateFloor,SM_FC_Mid_Academic_Lab_12x12,33164.49,-23841.36,3961.74,400.0,320.0,400.0
1129,7,ZONE_FACULTY_MEDICINE,7,Roof,SM_FC_Roof_SolarObservatory_12x12,33164.49,-23841.36,4361.74,500.0,140.0,250.0
1130,7,ZONE_FACULTY_MEDICINE,0,Foundation,SM_FC_Foundation_SlopeCompensated_12x12,36660.66,-20345.18,-659.63,400.0,850.0,1200.0
1130,7,ZONE_FACULTY_MEDICINE,1,GroundFloor,SM_FC_Ground_Lobby_Transit_12x12,36660.66,-20345.18,-259.63,600.0,450.0,600.0
1130,7,ZONE_FACULTY_MEDICINE,2,IntermediateFloor,SM_FC_Mid_Academic_Lab_12x12,36660.66,-20345.18,340.37,400.0,320.0,400.0
1130,7,ZONE_FACULTY_MEDICINE,3,IntermediateFloor,SM_FC_Mid_Faculty_Chambers_12x12,36660.66,-20345.18,740.37,400.0,280.0,400.0
1130,7,ZONE_FACULTY_MEDICINE,4,IntermediateFloor,SM_FC_Mid_Academic_Lab_12x12,36660.66,-20345.18,1140.37,400.0,320.0,400.0
1130,7,ZONE_FACULTY_MEDICINE,5,IntermediateFloor,SM_FC_Mid_Faculty_Chambers_12x12,36660.66,-20345.18,1540.37,400.0,280.0,400.0
1130,7,ZONE_FACULTY_MEDICINE,6,IntermediateFloor,SM_FC_Mid_Academic_Lab_12x12,36660.66,-20345.18,1940.37,400.0,320.0,400.0
1130,7,ZONE_FACULTY_MEDICINE,7,Roof,SM_FC_Roof_SolarObservatory_12x12,36660.66,-20345.18,2340.37,500.0,140.0,250.0
1131,7,ZONE_FACULTY_MEDICINE,0,Foundation,SM_FC_Foundation_SlopeCompensated_12x12,21832.44,-39647.49,-685.15,400.0,850.0,1200.0
1131,7,ZONE_FACULTY_MEDICINE,1,GroundFloor,SM_FC_Ground_Lobby_Transit_12x12,21832.44,-39647.49,-285.15,600.0,450.0,600.0
1131,7,ZONE_FACULTY_MEDICINE,2,IntermediateFloor,SM_FC_Mid_Academic_Lab_12x12,21832.44,-39647.49,314.85,400.0,320.0,400.0
1131,7,ZONE_FACULTY_MEDICINE,3,IntermediateFloor,SM_FC_Mid_Faculty_Chambers_12x12,21832.44,-39647.49,714.85,400.0,280.0,400.0
1131,7,ZONE_FACULTY_MEDICINE,4,IntermediateFloor,SM_FC_Mid_Academic_Lab_12x12,21832.44,-39647.49,1114.85,400.0,320.0,400.0
1131,7,ZONE_FACULTY_MEDICINE,5,IntermediateFloor,SM_FC_Mid_Faculty_Chambers_12x12,21832.44,-39647.49,1514.85,400.0,280.0,400.0
1131,7,ZONE_FACULTY_MEDICINE,6,IntermediateFloor,SM_FC_Mid_Academic_Lab_12x12,21832.44,-39647.49,1914.85,400.0,320.0,400.0
1131,7,ZONE_FACULTY_MEDICINE,7,IntermediateFloor,SM_FC_Mid_Faculty_Chambers_12x12,21832.44,-39647.49,2314.85,400.0,280.0,400.0
1131,7,ZONE_FACULTY_MEDICINE,8,Roof,SM_FC_Roof_SolarObservatory_12x12,21832.44,-39647.49,2714.85,500.0,140.0,250.0
1132,7,ZONE_FACULTY_MEDICINE,0,Foundation,SM_FC_Foundation_SlopeCompensated_12x12,25649.95,-35829.98,1493.7,400.0,850.0,1200.0
1132,7,ZONE_FACULTY_MEDICINE,1,GroundFloor,SM_FC_Ground_Lobby_Transit_12x12,25649.95,-35829.98,1893.7,600.0,450.0,600.0
1132,7,ZONE_FACULTY_MEDICINE,2,IntermediateFloor,SM_FC_Mid_Academic_Lab_12x12,25649.95,-35829.98,2493.7,400.0,320.0,400.0
1132,7,ZONE_FACULTY_MEDICINE,3,IntermediateFloor,SM_FC_Mid_Faculty_Chambers_12x12,25649.95,-35829.98,2893.7,400.0,280.0,400.0
1132,7,ZONE_FACULTY_MEDICINE,4,Roof,SM_FC_Roof_SolarObservatory_12x12,25649.95,-35829.98,3293.7,500.0,140.0,250.0
1133,7,ZONE_FACULTY_MEDICINE,0,Foundation,SM_FC_Foundation_SlopeCompensated_12x12,29467.46,-32012.47,2876.18,400.0,850.0,1200.0
1133,7,ZONE_FACULTY_MEDICINE,1,GroundFloor,SM_FC_Ground_Lobby_Transit_12x12,29467.46,-32012.47,3276.18,600.0,450.0,600.0
1133,7,ZONE_FACULTY_MEDICINE,2,IntermediateFloor,SM_FC_Mid_Academic_Lab_12x12,29467.46,-32012.47,3876.18,400.0,320.0,400.0
1133,7,ZONE_FACULTY_MEDICINE,3,IntermediateFloor,SM_FC_Mid_Faculty_Chambers_12x12,29467.46,-32012.47,4276.18,400.0,280.0,400.0
1133,7,ZONE_FACULTY_MEDICINE,4,IntermediateFloor,SM_FC_Mid_Academic_Lab_12x12,29467.46,-32012.47,4676.18,400.0,320.0,400.0
1133,7,ZONE_FACULTY_MEDICINE,5,IntermediateFloor,SM_FC_Mid_Faculty_Chambers_12x12,29467.46,-32012.47,5076.18,400.0,280.0,400.0
1133,7,ZONE_FACULTY_MEDICINE,6,Roof,SM_FC_Roof_SolarObservatory_12x12,29467.46,-32012.47,5476.18,500.0,140.0,250.0
1134,7,ZONE_FACULTY_MEDICINE,0,Foundation,SM_FC_Foundation_SlopeCompensated_12x12,33284.97,-28194.96,2503.84,400.0,850.0,1200.0
1134,7,ZONE_FACULTY_MEDICINE,1,GroundFloor,SM_FC_Ground_Lobby_Transit_12x12,33284.97,-28194.96,2903.84,600.0,450.0,600.0
1134,7,ZONE_FACULTY_MEDICINE,2,IntermediateFloor,SM_FC_Mid_Academic_Lab_12x12,33284.97,-28194.96,3503.84,400.0,320.0,400.0
1134,7,ZONE_FACULTY_MEDICINE,3,IntermediateFloor,SM_FC_Mid_Faculty_Chambers_12x12,33284.97,-28194.96,3903.84,400.0,280.0,400.0
1134,7,ZONE_FACULTY_MEDICINE,4,IntermediateFloor,SM_FC_Mid_Academic_Lab_12x12,33284.97,-28194.96,4303.84,400.0,320.0,400.0
1134,7,ZONE_FACULTY_MEDICINE,5,IntermediateFloor,SM_FC_Mid_Faculty_Chambers_12x12,33284.97,-28194.96,4703.84,400.0,280.0,400.0
1134,7,ZONE_FACULTY_MEDICINE,6,IntermediateFloor,SM_FC_Mid_Academic_Lab_12x12,33284.97,-28194.96,5103.84,400.0,320.0,400.0
1134,7,ZONE_FACULTY_MEDICINE,7,Roof,SM_FC_Roof_SolarObservatory_12x12,33284.97,-28194.96,5503.84,500.0,140.0,250.0
1135,7,ZONE_FACULTY_MEDICINE,0,Foundation,SM_FC_Foundation_SlopeCompensated_12x12,37102.48,-24377.45,855.9,400.0,850.0,1200.0
1135,7,ZONE_FACULTY_MEDICINE,1,GroundFloor,SM_FC_Ground_Lobby_Transit_12x12,37102.48,-24377.45,1255.9,600.0,450.0,600.0
1135,7,ZONE_FACULTY_MEDICINE,2,IntermediateFloor,SM_FC_Mid_Academic_Lab_12x12,37102.48,-24377.45,1855.9,400.0,320.0,400.0
1135,7,ZONE_FACULTY_MEDICINE,3,IntermediateFloor,SM_FC_Mid_Faculty_Chambers_12x12,37102.48,-24377.45,2255.9,400.0,280.0,400.0
1135,7,ZONE_FACULTY_MEDICINE,4,Roof,SM_FC_Roof_SolarObservatory_12x12,37102.48,-24377.45,2655.9,500.0,140.0,250.0
1136,7,ZONE_FACULTY_MEDICINE,0,Foundation,SM_FC_Foundation_SlopeCompensated_12x12,24699.32,-41254.69,177.2,400.0,850.0,1200.0
1136,7,ZONE_FACULTY_MEDICINE,1,GroundFloor,SM_FC_Ground_Lobby_Transit_12x12,24699.32,-41254.69,577.2,600.0,450.0,600.0
1136,7,ZONE_FACULTY_MEDICINE,2,IntermediateFloor,SM_FC_Mid_Academic_Lab_12x12,24699.32,-41254.69,1177.2,400.0,320.0,400.0
1136,7,ZONE_FACULTY_MEDICINE,3,Roof,SM_FC_Roof_SolarObservatory_12x12,24699.32,-41254.69,1577.2,500.0,140.0,250.0
1137,7,ZONE_FACULTY_MEDICINE,0,Foundation,SM_FC_Foundation_SlopeCompensated_12x12,28838.16,-37115.85,2207.3,400.0,850.0,1200.0
1137,7,ZONE_FACULTY_MEDICINE,1,GroundFloor,SM_FC_Ground_Lobby_Transit_12x12,28838.16,-37115.85,2607.3,600.0,450.0,600.0
1137,7,ZONE_FACULTY_MEDICINE,2,IntermediateFloor,SM_FC_Mid_Academic_Lab_12x12,28838.16,-37115.85,3207.3,400.0,320.0,400.0
1137,7,ZONE_FACULTY_MEDICINE,3,IntermediateFloor,SM_FC_Mid_Faculty_Chambers_12x12,28838.16,-37115.85,3607.3,400.0,280.0,400.0
1137,7,ZONE_FACULTY_MEDICINE,4,IntermediateFloor,SM_FC_Mid_Academic_Lab_12x12,28838.16,-37115.85,4007.3,400.0,320.0,400.0
1137,7,ZONE_FACULTY_MEDICINE,5,IntermediateFloor,SM_FC_Mid_Faculty_Chambers_12x12,28838.16,-37115.85,4407.3,400.0,280.0,400.0
1137,7,ZONE_FACULTY_MEDICINE,6,IntermediateFloor,SM_FC_Mid_Academic_Lab_12x12,28838.16,-37115.85,4807.3,400.0,320.0,400.0
1137,7,ZONE_FACULTY_MEDICINE,7,IntermediateFloor,SM_FC_Mid_Faculty_Chambers_12x12,28838.16,-37115.85,5207.3,400.0,280.0,400.0
1137,7,ZONE_FACULTY_MEDICINE,8,Roof,SM_FC_Roof_SolarObservatory_12x12,28838.16,-37115.85,5607.3,500.0,140.0,250.0
1138,7,ZONE_FACULTY_MEDICINE,0,Foundation,SM_FC_Foundation_SlopeCompensated_12x12,32977.0,-32977.0,3384.91,400.0,850.0,1200.0
1138,7,ZONE_FACULTY_MEDICINE,1,GroundFloor,SM_FC_Ground_Lobby_Transit_12x12,32977.0,-32977.0,3784.91,600.0,450.0,600.0
1138,7,ZONE_FACULTY_MEDICINE,2,IntermediateFloor,SM_FC_Mid_Academic_Lab_12x12,32977.0,-32977.0,4384.91,400.0,320.0,400.0
1138,7,ZONE_FACULTY_MEDICINE,3,IntermediateFloor,SM_FC_Mid_Faculty_Chambers_12x12,32977.0,-32977.0,4784.91,400.0,280.0,400.0
1138,7,ZONE_FACULTY_MEDICINE,4,IntermediateFloor,SM_FC_Mid_Academic_Lab_12x12,32977.0,-32977.0,5184.91,400.0,320.0,400.0
1138,7,ZONE_FACULTY_MEDICINE,5,IntermediateFloor,SM_FC_Mid_Faculty_Chambers_12x12,32977.0,-32977.0,5584.91,400.0,280.0,400.0
1138,7,ZONE_FACULTY_MEDICINE,6,Roof,SM_FC_Roof_SolarObservatory_12x12,32977.0,-32977.0,5984.91,500.0,140.0,250.0
1139,7,ZONE_FACULTY_MEDICINE,0,Foundation,SM_FC_Foundation_SlopeCompensated_12x12,37115.85,-28838.16,2207.3,400.0,850.0,1200.0
1139,7,ZONE_FACULTY_MEDICINE,1,GroundFloor,SM_FC_Ground_Lobby_Transit_12x12,37115.85,-28838.16,2607.3,600.0,450.0,600.0
1139,7,ZONE_FACULTY_MEDICINE,2,IntermediateFloor,SM_FC_Mid_Academic_Lab_12x12,37115.85,-28838.16,3207.3,400.0,320.0,400.0
1139,7,ZONE_FACULTY_MEDICINE,3,IntermediateFloor,SM_FC_Mid_Faculty_Chambers_12x12,37115.85,-28838.16,3607.3,400.0,280.0,400.0
1139,7,ZONE_FACULTY_MEDICINE,4,Roof,SM_FC_Roof_SolarObservatory_12x12,37115.85,-28838.16,4007.3,500.0,140.0,250.0
1140,7,ZONE_FACULTY_MEDICINE,0,Foundation,SM_FC_Foundation_SlopeCompensated_12x12,41254.69,-24699.32,177.2,400.0,850.0,1200.0
1140,7,ZONE_FACULTY_MEDICINE,1,GroundFloor,SM_FC_Ground_Lobby_Transit_12x12,41254.69,-24699.32,577.2,600.0,450.0,600.0
1140,7,ZONE_FACULTY_MEDICINE,2,IntermediateFloor,SM_FC_Mid_Academic_Lab_12x12,41254.69,-24699.32,1177.2,400.0,320.0,400.0
1140,7,ZONE_FACULTY_MEDICINE,3,IntermediateFloor,SM_FC_Mid_Faculty_Chambers_12x12,41254.69,-24699.32,1577.2,400.0,280.0,400.0
1140,7,ZONE_FACULTY_MEDICINE,4,Roof,SM_FC_Roof_SolarObservatory_12x12,41254.69,-24699.32,1977.2,500.0,140.0,250.0
1141,7,ZONE_FACULTY_MEDICINE,0,Foundation,SM_FC_Foundation_SlopeCompensated_12x12,27780.41,-42647.68,1048.33,400.0,850.0,1200.0
1141,7,ZONE_FACULTY_MEDICINE,1,GroundFloor,SM_FC_Ground_Lobby_Transit_12x12,27780.41,-42647.68,1448.33,600.0,450.0,600.0
1141,7,ZONE_FACULTY_MEDICINE,2,IntermediateFloor,SM_FC_Mid_Academic_Lab_12x12,27780.41,-42647.68,2048.33,400.0,320.0,400.0
1141,7,ZONE_FACULTY_MEDICINE,3,IntermediateFloor,SM_FC_Mid_Faculty_Chambers_12x12,27780.41,-42647.68,2448.33,400.0,280.0,400.0
1141,7,ZONE_FACULTY_MEDICINE,4,IntermediateFloor,SM_FC_Mid_Academic_Lab_12x12,27780.41,-42647.68,2848.33,400.0,320.0,400.0
1141,7,ZONE_FACULTY_MEDICINE,5,IntermediateFloor,SM_FC_Mid_Faculty_Chambers_12x12,27780.41,-42647.68,3248.33,400.0,280.0,400.0
1141,7,ZONE_FACULTY_MEDICINE,6,Roof,SM_FC_Roof_SolarObservatory_12x12,27780.41,-42647.68,3648.33,500.0,140.0,250.0
1142,7,ZONE_FACULTY_MEDICINE,0,Foundation,SM_FC_Foundation_SlopeCompensated_12x12,32240.59,-38187.5,2875.39,400.0,850.0,1200.0
1142,7,ZONE_FACULTY_MEDICINE,1,GroundFloor,SM_FC_Ground_Lobby_Transit_12x12,32240.59,-38187.5,3275.39,600.0,450.0,600.0
1142,7,ZONE_FACULTY_MEDICINE,2,IntermediateFloor,SM_FC_Mid_Academic_Lab_12x12,32240.59,-38187.5,3875.39,400.0,320.0,400.0
1142,7,ZONE_FACULTY_MEDICINE,3,IntermediateFloor,SM_FC_Mid_Faculty_Chambers_12x12,32240.59,-38187.5,4275.39,400.0,280.0,400.0
1142,7,ZONE_FACULTY_MEDICINE,4,IntermediateFloor,SM_FC_Mid_Academic_Lab_12x12,32240.59,-38187.5,4675.39,400.0,320.0,400.0
1142,7,ZONE_FACULTY_MEDICINE,5,IntermediateFloor,SM_FC_Mid_Faculty_Chambers_12x12,32240.59,-38187.5,5075.39,400.0,280.0,400.0
1142,7,ZONE_FACULTY_MEDICINE,6,IntermediateFloor,SM_FC_Mid_Academic_Lab_12x12,32240.59,-38187.5,5475.39,400.0,320.0,400.0
1142,7,ZONE_FACULTY_MEDICINE,7,Roof,SM_FC_Roof_SolarObservatory_12x12,32240.59,-38187.5,5875.39,500.0,140.0,250.0
1143,7,ZONE_FACULTY_MEDICINE,0,Foundation,SM_FC_Foundation_SlopeCompensated_12x12,36700.77,-33727.32,3284.57,400.0,850.0,1200.0
1143,7,ZONE_FACULTY_MEDICINE,1,GroundFloor,SM_FC_Ground_Lobby_Transit_12x12,36700.77,-33727.32,3684.57,600.0,450.0,600.0
1143,7,ZONE_FACULTY_MEDICINE,2,IntermediateFloor,SM_FC_Mid_Academic_Lab_12x12,36700.77,-33727.32,4284.57,400.0,320.0,400.0
1143,7,ZONE_FACULTY_MEDICINE,3,IntermediateFloor,SM_FC_Mid_Faculty_Chambers_12x12,36700.77,-33727.32,4684.57,400.0,280.0,400.0
1143,7,ZONE_FACULTY_MEDICINE,4,IntermediateFloor,SM_FC_Mid_Academic_Lab_12x12,36700.77,-33727.32,5084.57,400.0,320.0,400.0
1143,7,ZONE_FACULTY_MEDICINE,5,IntermediateFloor,SM_FC_Mid_Faculty_Chambers_12x12,36700.77,-33727.32,5484.57,400.0,280.0,400.0
1143,7,ZONE_FACULTY_MEDICINE,6,Roof,SM_FC_Roof_SolarObservatory_12x12,36700.77,-33727.32,5884.57,500.0,140.0,250.0
1144,7,ZONE_FACULTY_MEDICINE,0,Foundation,SM_FC_Foundation_SlopeCompensated_12x12,41160.95,-29267.14,1757.27,400.0,850.0,1200.0
1144,7,ZONE_FACULTY_MEDICINE,1,GroundFloor,SM_FC_Ground_Lobby_Transit_12x12,41160.95,-29267.14,2157.27,600.0,450.0,600.0
1144,7,ZONE_FACULTY_MEDICINE,2,IntermediateFloor,SM_FC_Mid_Academic_Lab_12x12,41160.95,-29267.14,2757.27,400.0,320.0,400.0
1144,7,ZONE_FACULTY_MEDICINE,3,Roof,SM_FC_Roof_SolarObservatory_12x12,41160.95,-29267.14,3157.27,500.0,140.0,250.0
1145,7,ZONE_FACULTY_MEDICINE,0,Foundation,SM_FC_Foundation_SlopeCompensated_12x12,45621.13,-24806.96,-669.3,400.0,850.0,1200.0
1145,7,ZONE_FACULTY_MEDICINE,1,GroundFloor,SM_FC_Ground_Lobby_Transit_12x12,45621.13,-24806.96,-269.3,600.0,450.0,600.0
1145,7,ZONE_FACULTY_MEDICINE,2,IntermediateFloor,SM_FC_Mid_Academic_Lab_12x12,45621.13,-24806.96,330.7,400.0,320.0,400.0
1145,7,ZONE_FACULTY_MEDICINE,3,Roof,SM_FC_Roof_SolarObservatory_12x12,45621.13,-24806.96,730.7,500.0,140.0,250.0
1146,7,ZONE_FACULTY_MEDICINE,0,Foundation,SM_FC_Foundation_SlopeCompensated_12x12,26294.22,-48607.95,-624.82,400.0,850.0,1200.0
1146,7,ZONE_FACULTY_MEDICINE,1,GroundFloor,SM_FC_Ground_Lobby_Transit_12x12,26294.22,-48607.95,-224.82,600.0,450.0,600.0
1146,7,ZONE_FACULTY_MEDICINE,2,IntermediateFloor,SM_FC_Mid_Academic_Lab_12x12,26294.22,-48607.95,375.18,400.0,320.0,400.0
1146,7,ZONE_FACULTY_MEDICINE,3,IntermediateFloor,SM_FC_Mid_Faculty_Chambers_12x12,26294.22,-48607.95,775.18,400.0,280.0,400.0
1146,7,ZONE_FACULTY_MEDICINE,4,IntermediateFloor,SM_FC_Mid_Academic_Lab_12x12,26294.22,-48607.95,1175.18,400.0,320.0,400.0
1146,7,ZONE_FACULTY_MEDICINE,5,IntermediateFloor,SM_FC_Mid_Faculty_Chambers_12x12,26294.22,-48607.95,1575.18,400.0,280.0,400.0
1146,7,ZONE_FACULTY_MEDICINE,6,IntermediateFloor,SM_FC_Mid_Academic_Lab_12x12,26294.22,-48607.95,1975.18,400.0,320.0,400.0
1146,7,ZONE_FACULTY_MEDICINE,7,IntermediateFloor,SM_FC_Mid_Faculty_Chambers_12x12,26294.22,-48607.95,2375.18,400.0,280.0,400.0
1146,7,ZONE_FACULTY_MEDICINE,8,Roof,SM_FC_Roof_SolarObservatory_12x12,26294.22,-48607.95,2775.18,500.0,140.0,250.0
1147,7,ZONE_FACULTY_MEDICINE,0,Foundation,SM_FC_Foundation_SlopeCompensated_12x12,31075.73,-43826.44,1890.06,400.0,850.0,1200.0
1147,7,ZONE_FACULTY_MEDICINE,1,GroundFloor,SM_FC_Ground_Lobby_Transit_12x12,31075.73,-43826.44,2290.06,600.0,450.0,600.0
1147,7,ZONE_FACULTY_MEDICINE,2,IntermediateFloor,SM_FC_Mid_Academic_Lab_12x12,31075.73,-43826.44,2890.06,400.0,320.0,400.0
1147,7,ZONE_FACULTY_MEDICINE,3,Roof,SM_FC_Roof_SolarObservatory_12x12,31075.73,-43826.44,3290.06,500.0,140.0,250.0
1148,7,ZONE_FACULTY_MEDICINE,0,Foundation,SM_FC_Foundation_SlopeCompensated_12x12,35857.25,-39044.92,3468.75,400.0,850.0,1200.0
1148,7,ZONE_FACULTY_MEDICINE,1,GroundFloor,SM_FC_Ground_Lobby_Transit_12x12,35857.25,-39044.92,3868.75,600.0,450.0,600.0
1148,7,ZONE_FACULTY_MEDICINE,2,IntermediateFloor,SM_FC_Mid_Academic_Lab_12x12,35857.25,-39044.92,4468.75,400.0,320.0,400.0
1148,7,ZONE_FACULTY_MEDICINE,3,IntermediateFloor,SM_FC_Mid_Faculty_Chambers_12x12,35857.25,-39044.92,4868.75,400.0,280.0,400.0
1148,7,ZONE_FACULTY_MEDICINE,4,IntermediateFloor,SM_FC_Mid_Academic_Lab_12x12,35857.25,-39044.92,5268.75,400.0,320.0,400.0
1148,7,ZONE_FACULTY_MEDICINE,5,IntermediateFloor,SM_FC_Mid_Faculty_Chambers_12x12,35857.25,-39044.92,5668.75,400.0,280.0,400.0
1148,7,ZONE_FACULTY_MEDICINE,6,IntermediateFloor,SM_FC_Mid_Academic_Lab_12x12,35857.25,-39044.92,6068.75,400.0,320.0,400.0
1148,7,ZONE_FACULTY_MEDICINE,7,Roof,SM_FC_Roof_SolarObservatory_12x12,35857.25,-39044.92,6468.75,500.0,140.0,250.0
1149,7,ZONE_FACULTY_MEDICINE,0,Foundation,SM_FC_Foundation_SlopeCompensated_12x12,40638.76,-34263.41,3046.54,400.0,850.0,1200.0
1149,7,ZONE_FACULTY_MEDICINE,1,GroundFloor,SM_FC_Ground_Lobby_Transit_12x12,40638.76,-34263.41,3446.54,600.0,450.0,600.0
1149,7,ZONE_FACULTY_MEDICINE,2,IntermediateFloor,SM_FC_Mid_Academic_Lab_12x12,40638.76,-34263.41,4046.54,400.0,320.0,400.0
1149,7,ZONE_FACULTY_MEDICINE,3,IntermediateFloor,SM_FC_Mid_Faculty_Chambers_12x12,40638.76,-34263.41,4446.54,400.0,280.0,400.0
1149,7,ZONE_FACULTY_MEDICINE,4,IntermediateFloor,SM_FC_Mid_Academic_Lab_12x12,40638.76,-34263.41,4846.54,400.0,320.0,400.0
1149,7,ZONE_FACULTY_MEDICINE,5,Roof,SM_FC_Roof_SolarObservatory_12x12,40638.76,-34263.41,5246.54,500.0,140.0,250.0
1150,7,ZONE_FACULTY_MEDICINE,0,Foundation,SM_FC_Foundation_SlopeCompensated_12x12,45420.28,-29481.89,1155.79,400.0,850.0,1200.0
1150,7,ZONE_FACULTY_MEDICINE,1,GroundFloor,SM_FC_Ground_Lobby_Transit_12x12,45420.28,-29481.89,1555.79,600.0,450.0,600.0
1150,7,ZONE_FACULTY_MEDICINE,2,IntermediateFloor,SM_FC_Mid_Academic_Lab_12x12,45420.28,-29481.89,2155.79,400.0,320.0,400.0
1150,7,ZONE_FACULTY_MEDICINE,3,IntermediateFloor,SM_FC_Mid_Faculty_Chambers_12x12,45420.28,-29481.89,2555.79,400.0,280.0,400.0
1150,7,ZONE_FACULTY_MEDICINE,4,IntermediateFloor,SM_FC_Mid_Academic_Lab_12x12,45420.28,-29481.89,2955.79,400.0,320.0,400.0
1150,7,ZONE_FACULTY_MEDICINE,5,IntermediateFloor,SM_FC_Mid_Faculty_Chambers_12x12,45420.28,-29481.89,3355.79,400.0,280.0,400.0
1150,7,ZONE_FACULTY_MEDICINE,6,IntermediateFloor,SM_FC_Mid_Academic_Lab_12x12,45420.28,-29481.89,3755.79,400.0,320.0,400.0
1150,7,ZONE_FACULTY_MEDICINE,7,Roof,SM_FC_Roof_SolarObservatory_12x12,45420.28,-29481.89,4155.79,500.0,140.0,250.0
1151,7,ZONE_FACULTY_MEDICINE,0,Foundation,SM_FC_Foundation_SlopeCompensated_12x12,29942.71,-49433.54,412.09,400.0,850.0,1200.0
1151,7,ZONE_FACULTY_MEDICINE,1,GroundFloor,SM_FC_Ground_Lobby_Transit_12x12,29942.71,-49433.54,812.09,600.0,450.0,600.0
1151,7,ZONE_FACULTY_MEDICINE,2,IntermediateFloor,SM_FC_Mid_Academic_Lab_12x12,29942.71,-49433.54,1412.09,400.0,320.0,400.0
1151,7,ZONE_FACULTY_MEDICINE,3,IntermediateFloor,SM_FC_Mid_Faculty_Chambers_12x12,29942.71,-49433.54,1812.09,400.0,280.0,400.0
1151,7,ZONE_FACULTY_MEDICINE,4,IntermediateFloor,SM_FC_Mid_Academic_Lab_12x12,29942.71,-49433.54,2212.09,400.0,320.0,400.0
1151,7,ZONE_FACULTY_MEDICINE,5,IntermediateFloor,SM_FC_Mid_Faculty_Chambers_12x12,29942.71,-49433.54,2612.09,400.0,280.0,400.0
1151,7,ZONE_FACULTY_MEDICINE,6,IntermediateFloor,SM_FC_Mid_Academic_Lab_12x12,29942.71,-49433.54,3012.09,400.0,320.0,400.0
1151,7,ZONE_FACULTY_MEDICINE,7,Roof,SM_FC_Roof_SolarObservatory_12x12,29942.71,-49433.54,3412.09,500.0,140.0,250.0
1152,7,ZONE_FACULTY_MEDICINE,0,Foundation,SM_FC_Foundation_SlopeCompensated_12x12,34815.42,-44560.83,2669.63,400.0,850.0,1200.0
1152,7,ZONE_FACULTY_MEDICINE,1,GroundFloor,SM_FC_Ground_Lobby_Transit_12x12,34815.42,-44560.83,3069.63,600.0,450.0,600.0
1152,7,ZONE_FACULTY_MEDICINE,2,IntermediateFloor,SM_FC_Mid_Academic_Lab_12x12,34815.42,-44560.83,3669.63,400.0,320.0,400.0
1152,7,ZONE_FACULTY_MEDICINE,3,IntermediateFloor,SM_FC_Mid_Faculty_Chambers_12x12,34815.42,-44560.83,4069.63,400.0,280.0,400.0
1152,7,ZONE_FACULTY_MEDICINE,4,Roof,SM_FC_Roof_SolarObservatory_12x12,34815.42,-44560.83,4469.63,500.0,140.0,250.0
1153,7,ZONE_FACULTY_MEDICINE,0,Foundation,SM_FC_Foundation_SlopeCompensated_12x12,39688.13,-39688.13,3964.3,400.0,850.0,1200.0
1153,7,ZONE_FACULTY_MEDICINE,1,GroundFloor,SM_FC_Ground_Lobby_Transit_12x12,39688.13,-39688.13,4364.3,600.0,450.0,600.0
1153,7,ZONE_FACULTY_MEDICINE,2,IntermediateFloor,SM_FC_Mid_Academic_Lab_12x12,39688.13,-39688.13,4964.3,400.0,320.0,400.0
1153,7,ZONE_FACULTY_MEDICINE,3,IntermediateFloor,SM_FC_Mid_Faculty_Chambers_12x12,39688.13,-39688.13,5364.3,400.0,280.0,400.0
1153,7,ZONE_FACULTY_MEDICINE,4,IntermediateFloor,SM_FC_Mid_Academic_Lab_12x12,39688.13,-39688.13,5764.3,400.0,320.0,400.0
1153,7,ZONE_FACULTY_MEDICINE,5,IntermediateFloor,SM_FC_Mid_Faculty_Chambers_12x12,39688.13,-39688.13,6164.3,400.0,280.0,400.0
1153,7,ZONE_FACULTY_MEDICINE,6,IntermediateFloor,SM_FC_Mid_Academic_Lab_12x12,39688.13,-39688.13,6564.3,400.0,320.0,400.0
1153,7,ZONE_FACULTY_MEDICINE,7,IntermediateFloor,SM_FC_Mid_Faculty_Chambers_12x12,39688.13,-39688.13,6964.3,400.0,280.0,400.0
1153,7,ZONE_FACULTY_MEDICINE,8,Roof,SM_FC_Roof_SolarObservatory_12x12,39688.13,-39688.13,7364.3,500.0,140.0,250.0
1154,7,ZONE_FACULTY_MEDICINE,0,Foundation,SM_FC_Foundation_SlopeCompensated_12x12,44560.83,-34815.42,2669.63,400.0,850.0,1200.0
1154,7,ZONE_FACULTY_MEDICINE,1,GroundFloor,SM_FC_Ground_Lobby_Transit_12x12,44560.83,-34815.42,3069.63,600.0,450.0,600.0
1154,7,ZONE_FACULTY_MEDICINE,2,IntermediateFloor,SM_FC_Mid_Academic_Lab_12x12,44560.83,-34815.42,3669.63,400.0,320.0,400.0
1154,7,ZONE_FACULTY_MEDICINE,3,IntermediateFloor,SM_FC_Mid_Faculty_Chambers_12x12,44560.83,-34815.42,4069.63,400.0,280.0,400.0
1154,7,ZONE_FACULTY_MEDICINE,4,IntermediateFloor,SM_FC_Mid_Academic_Lab_12x12,44560.83,-34815.42,4469.63,400.0,320.0,400.0
1154,7,ZONE_FACULTY_MEDICINE,5,IntermediateFloor,SM_FC_Mid_Faculty_Chambers_12x12,44560.83,-34815.42,4869.63,400.0,280.0,400.0
1154,7,ZONE_FACULTY_MEDICINE,6,Roof,SM_FC_Roof_SolarObservatory_12x12,44560.83,-34815.42,5269.63,500.0,140.0,250.0
1155,7,ZONE_FACULTY_MEDICINE,0,Foundation,SM_FC_Foundation_SlopeCompensated_12x12,49433.54,-29942.71,412.09,400.0,850.0,1200.0
1155,7,ZONE_FACULTY_MEDICINE,1,GroundFloor,SM_FC_Ground_Lobby_Transit_12x12,49433.54,-29942.71,812.09,600.0,450.0,600.0
1155,7,ZONE_FACULTY_MEDICINE,2,IntermediateFloor,SM_FC_Mid_Academic_Lab_12x12,49433.54,-29942.71,1412.09,400.0,320.0,400.0
1155,7,ZONE_FACULTY_MEDICINE,3,Roof,SM_FC_Roof_SolarObservatory_12x12,49433.54,-29942.71,1812.09,500.0,140.0,250.0
1156,7,ZONE_FACULTY_MEDICINE,0,Foundation,SM_FC_Foundation_SlopeCompensated_12x12,34221.5,-49628.83,1396.15,400.0,850.0,1200.0
1156,7,ZONE_FACULTY_MEDICINE,1,GroundFloor,SM_FC_Ground_Lobby_Transit_12x12,34221.5,-49628.83,1796.15,600.0,450.0,600.0
1156,7,ZONE_FACULTY_MEDICINE,2,IntermediateFloor,SM_FC_Mid_Academic_Lab_12x12,34221.5,-49628.83,2396.15,400.0,320.0,400.0
1156,7,ZONE_FACULTY_MEDICINE,3,IntermediateFloor,SM_FC_Mid_Faculty_Chambers_12x12,34221.5,-49628.83,2796.15,400.0,280.0,400.0
1156,7,ZONE_FACULTY_MEDICINE,4,Roof,SM_FC_Roof_SolarObservatory_12x12,34221.5,-49628.83,3196.15,500.0,140.0,250.0
1157,7,ZONE_FACULTY_MEDICINE,0,Foundation,SM_FC_Foundation_SlopeCompensated_12x12,38843.7,-45006.63,3360.36,400.0,850.0,1200.0
1157,7,ZONE_FACULTY_MEDICINE,1,GroundFloor,SM_FC_Ground_Lobby_Transit_12x12,38843.7,-45006.63,3760.36,600.0,450.0,600.0
1157,7,ZONE_FACULTY_MEDICINE,2,IntermediateFloor,SM_FC_Mid_Academic_Lab_12x12,38843.7,-45006.63,4360.36,400.0,320.0,400.0
1157,7,ZONE_FACULTY_MEDICINE,3,IntermediateFloor,SM_FC_Mid_Faculty_Chambers_12x12,38843.7,-45006.63,4760.36,400.0,280.0,400.0
1157,7,ZONE_FACULTY_MEDICINE,4,IntermediateFloor,SM_FC_Mid_Academic_Lab_12x12,38843.7,-45006.63,5160.36,400.0,320.0,400.0
1157,7,ZONE_FACULTY_MEDICINE,5,Roof,SM_FC_Roof_SolarObservatory_12x12,38843.7,-45006.63,5560.36,500.0,140.0,250.0
1158,7,ZONE_FACULTY_MEDICINE,0,Foundation,SM_FC_Foundation_SlopeCompensated_12x12,43465.9,-40384.43,3797.54,400.0,850.0,1200.0
1158,7,ZONE_FACULTY_MEDICINE,1,GroundFloor,SM_FC_Ground_Lobby_Transit_12x12,43465.9,-40384.43,4197.54,600.0,450.0,600.0
1158,7,ZONE_FACULTY_MEDICINE,2,IntermediateFloor,SM_FC_Mid_Academic_Lab_12x12,43465.9,-40384.43,4797.54,400.0,320.0,400.0
1158,7,ZONE_FACULTY_MEDICINE,3,IntermediateFloor,SM_FC_Mid_Faculty_Chambers_12x12,43465.9,-40384.43,5197.54,400.0,280.0,400.0
1158,7,ZONE_FACULTY_MEDICINE,4,IntermediateFloor,SM_FC_Mid_Academic_Lab_12x12,43465.9,-40384.43,5597.54,400.0,320.0,400.0
1158,7,ZONE_FACULTY_MEDICINE,5,Roof,SM_FC_Roof_SolarObservatory_12x12,43465.9,-40384.43,5997.54,500.0,140.0,250.0
1159,7,ZONE_FACULTY_MEDICINE,0,Foundation,SM_FC_Foundation_SlopeCompensated_12x12,48088.1,-35762.24,2159.67,400.0,850.0,1200.0
1159,7,ZONE_FACULTY_MEDICINE,1,GroundFloor,SM_FC_Ground_Lobby_Transit_12x12,48088.1,-35762.24,2559.67,600.0,450.0,600.0
1159,7,ZONE_FACULTY_MEDICINE,2,IntermediateFloor,SM_FC_Mid_Academic_Lab_12x12,48088.1,-35762.24,3159.67,400.0,320.0,400.0
1159,7,ZONE_FACULTY_MEDICINE,3,IntermediateFloor,SM_FC_Mid_Faculty_Chambers_12x12,48088.1,-35762.24,3559.67,400.0,280.0,400.0
1159,7,ZONE_FACULTY_MEDICINE,4,IntermediateFloor,SM_FC_Mid_Academic_Lab_12x12,48088.1,-35762.24,3959.67,400.0,320.0,400.0
1159,7,ZONE_FACULTY_MEDICINE,5,IntermediateFloor,SM_FC_Mid_Faculty_Chambers_12x12,48088.1,-35762.24,4359.67,400.0,280.0,400.0
1159,7,ZONE_FACULTY_MEDICINE,6,IntermediateFloor,SM_FC_Mid_Academic_Lab_12x12,48088.1,-35762.24,4759.67,400.0,320.0,400.0
1159,7,ZONE_FACULTY_MEDICINE,7,IntermediateFloor,SM_FC_Mid_Faculty_Chambers_12x12,48088.1,-35762.24,5159.67,400.0,280.0,400.0
1159,7,ZONE_FACULTY_MEDICINE,8,Roof,SM_FC_Roof_SolarObservatory_12x12,48088.1,-35762.24,5559.67,500.0,140.0,250.0
1160,7,ZONE_FACULTY_MEDICINE,0,Foundation,SM_FC_Foundation_SlopeCompensated_12x12,52710.29,-31140.04,-457.2,400.0,850.0,1200.0
1160,7,ZONE_FACULTY_MEDICINE,1,GroundFloor,SM_FC_Ground_Lobby_Transit_12x12,52710.29,-31140.04,-57.2,600.0,450.0,600.0
1160,7,ZONE_FACULTY_MEDICINE,2,IntermediateFloor,SM_FC_Mid_Academic_Lab_12x12,52710.29,-31140.04,542.8,400.0,320.0,400.0
1160,7,ZONE_FACULTY_MEDICINE,3,IntermediateFloor,SM_FC_Mid_Faculty_Chambers_12x12,52710.29,-31140.04,942.8,400.0,280.0,400.0
1160,7,ZONE_FACULTY_MEDICINE,4,IntermediateFloor,SM_FC_Mid_Academic_Lab_12x12,52710.29,-31140.04,1342.8,400.0,320.0,400.0
1160,7,ZONE_FACULTY_MEDICINE,5,IntermediateFloor,SM_FC_Mid_Faculty_Chambers_12x12,52710.29,-31140.04,1742.8,400.0,280.0,400.0
1160,7,ZONE_FACULTY_MEDICINE,6,IntermediateFloor,SM_FC_Mid_Academic_Lab_12x12,52710.29,-31140.04,2142.8,400.0,320.0,400.0
1160,7,ZONE_FACULTY_MEDICINE,7,Roof,SM_FC_Roof_SolarObservatory_12x12,52710.29,-31140.04,2542.8,500.0,140.0,250.0
1161,7,ZONE_FACULTY_MEDICINE,0,Foundation,SM_FC_Foundation_SlopeCompensated_12x12,34014.67,-54309.75,-332.77,400.0,850.0,1200.0
1161,7,ZONE_FACULTY_MEDICINE,1,GroundFloor,SM_FC_Ground_Lobby_Transit_12x12,34014.67,-54309.75,67.23,600.0,450.0,600.0
1161,7,ZONE_FACULTY_MEDICINE,2,IntermediateFloor,SM_FC_Mid_Academic_Lab_12x12,34014.67,-54309.75,667.23,400.0,320.0,400.0
1161,7,ZONE_FACULTY_MEDICINE,3,IntermediateFloor,SM_FC_Mid_Faculty_Chambers_12x12,34014.67,-54309.75,1067.23,400.0,280.0,400.0
1161,7,ZONE_FACULTY_MEDICINE,4,IntermediateFloor,SM_FC_Mid_Academic_Lab_12x12,34014.67,-54309.75,1467.23,400.0,320.0,400.0
1161,7,ZONE_FACULTY_MEDICINE,5,Roof,SM_FC_Roof_SolarObservatory_12x12,34014.67,-54309.75,1867.23,500.0,140.0,250.0
1162,7,ZONE_FACULTY_MEDICINE,0,Foundation,SM_FC_Foundation_SlopeCompensated_12x12,38363.61,-49960.8,2296.92,400.0,850.0,1200.0
1162,7,ZONE_FACULTY_MEDICINE,1,GroundFloor,SM_FC_Ground_Lobby_Transit_12x12,38363.61,-49960.8,2696.92,600.0,450.0,600.0
1162,7,ZONE_FACULTY_MEDICINE,2,IntermediateFloor,SM_FC_Mid_Academic_Lab_12x12,38363.61,-49960.8,3296.92,400.0,320.0,400.0
1162,7,ZONE_FACULTY_MEDICINE,3,IntermediateFloor,SM_FC_Mid_Faculty_Chambers_12x12,38363.61,-49960.8,3696.92,400.0,280.0,400.0
1162,7,ZONE_FACULTY_MEDICINE,4,IntermediateFloor,SM_FC_Mid_Academic_Lab_12x12,38363.61,-49960.8,4096.92,400.0,320.0,400.0
1162,7,ZONE_FACULTY_MEDICINE,5,IntermediateFloor,SM_FC_Mid_Faculty_Chambers_12x12,38363.61,-49960.8,4496.92,400.0,280.0,400.0
1162,7,ZONE_FACULTY_MEDICINE,6,IntermediateFloor,SM_FC_Mid_Academic_Lab_12x12,38363.61,-49960.8,4896.92,400.0,320.0,400.0
1162,7,ZONE_FACULTY_MEDICINE,7,IntermediateFloor,SM_FC_Mid_Faculty_Chambers_12x12,38363.61,-49960.8,5296.92,400.0,280.0,400.0
1162,7,ZONE_FACULTY_MEDICINE,8,Roof,SM_FC_Roof_SolarObservatory_12x12,38363.61,-49960.8,5696.92,500.0,140.0,250.0
1163,7,ZONE_FACULTY_MEDICINE,0,Foundation,SM_FC_Foundation_SlopeCompensated_12x12,42712.56,-45611.85,3942.23,400.0,850.0,1200.0
1163,7,ZONE_FACULTY_MEDICINE,1,GroundFloor,SM_FC_Ground_Lobby_Transit_12x12,42712.56,-45611.85,4342.23,600.0,450.0,600.0
1163,7,ZONE_FACULTY_MEDICINE,2,IntermediateFloor,SM_FC_Mid_Academic_Lab_12x12,42712.56,-45611.85,4942.23,400.0,320.0,400.0
1163,7,ZONE_FACULTY_MEDICINE,3,Roof,SM_FC_Roof_SolarObservatory_12x12,42712.56,-45611.85,5342.23,500.0,140.0,250.0
1164,7,ZONE_FACULTY_MEDICINE,0,Foundation,SM_FC_Foundation_SlopeCompensated_12x12,47061.5,-41262.91,3503.17,400.0,850.0,1200.0
1164,7,ZONE_FACULTY_MEDICINE,1,GroundFloor,SM_FC_Ground_Lobby_Transit_12x12,47061.5,-41262.91,3903.17,600.0,450.0,600.0
1164,7,ZONE_FACULTY_MEDICINE,2,IntermediateFloor,SM_FC_Mid_Academic_Lab_12x12,47061.5,-41262.91,4503.17,400.0,320.0,400.0
1164,7,ZONE_FACULTY_MEDICINE,3,IntermediateFloor,SM_FC_Mid_Faculty_Chambers_12x12,47061.5,-41262.91,4903.17,400.0,280.0,400.0
1164,7,ZONE_FACULTY_MEDICINE,4,IntermediateFloor,SM_FC_Mid_Academic_Lab_12x12,47061.5,-41262.91,5303.17,400.0,320.0,400.0
1164,7,ZONE_FACULTY_MEDICINE,5,Roof,SM_FC_Roof_SolarObservatory_12x12,47061.5,-41262.91,5703.17,500.0,140.0,250.0
1165,7,ZONE_FACULTY_MEDICINE,0,Foundation,SM_FC_Foundation_SlopeCompensated_12x12,51410.45,-36913.96,1529.73,400.0,850.0,1200.0
1165,7,ZONE_FACULTY_MEDICINE,1,GroundFloor,SM_FC_Ground_Lobby_Transit_12x12,51410.45,-36913.96,1929.73,600.0,450.0,600.0
1165,7,ZONE_FACULTY_MEDICINE,2,IntermediateFloor,SM_FC_Mid_Academic_Lab_12x12,51410.45,-36913.96,2529.73,400.0,320.0,400.0
1165,7,ZONE_FACULTY_MEDICINE,3,IntermediateFloor,SM_FC_Mid_Faculty_Chambers_12x12,51410.45,-36913.96,2929.73,400.0,280.0,400.0
1165,7,ZONE_FACULTY_MEDICINE,4,IntermediateFloor,SM_FC_Mid_Academic_Lab_12x12,51410.45,-36913.96,3329.73,400.0,320.0,400.0
1165,7,ZONE_FACULTY_MEDICINE,5,IntermediateFloor,SM_FC_Mid_Faculty_Chambers_12x12,51410.45,-36913.96,3729.73,400.0,280.0,400.0
1165,7,ZONE_FACULTY_MEDICINE,6,Roof,SM_FC_Roof_SolarObservatory_12x12,51410.45,-36913.96,4129.73,500.0,140.0,250.0
1166,7,ZONE_FACULTY_MEDICINE,0,Foundation,SM_FC_Foundation_SlopeCompensated_12x12,38283.9,-54514.6,800.12,400.0,850.0,1200.0
1166,7,ZONE_FACULTY_MEDICINE,1,GroundFloor,SM_FC_Ground_Lobby_Transit_12x12,38283.9,-54514.6,1200.12,600.0,450.0,600.0
1166,7,ZONE_FACULTY_MEDICINE,2,IntermediateFloor,SM_FC_Mid_Academic_Lab_12x12,38283.9,-54514.6,1800.12,400.0,320.0,400.0
1166,7,ZONE_FACULTY_MEDICINE,3,IntermediateFloor,SM_FC_Mid_Faculty_Chambers_12x12,38283.9,-54514.6,2200.12,400.0,280.0,400.0
1166,7,ZONE_FACULTY_MEDICINE,4,Roof,SM_FC_Roof_SolarObservatory_12x12,38283.9,-54514.6,2600.12,500.0,140.0,250.0
1167,7,ZONE_FACULTY_MEDICINE,0,Foundation,SM_FC_Foundation_SlopeCompensated_12x12,42341.57,-50456.92,3090.66,400.0,850.0,1200.0
1167,7,ZONE_FACULTY_MEDICINE,1,GroundFloor,SM_FC_Ground_Lobby_Transit_12x12,42341.57,-50456.92,3490.66,600.0,450.0,600.0
1167,7,ZONE_FACULTY_MEDICINE,2,IntermediateFloor,SM_FC_Mid_Academic_Lab_12x12,42341.57,-50456.92,4090.66,400.0,320.0,400.0
1167,7,ZONE_FACULTY_MEDICINE,3,IntermediateFloor,SM_FC_Mid_Faculty_Chambers_12x12,42341.57,-50456.92,4490.66,400.0,280.0,400.0
1167,7,ZONE_FACULTY_MEDICINE,4,IntermediateFloor,SM_FC_Mid_Academic_Lab_12x12,42341.57,-50456.92,4890.66,400.0,320.0,400.0
1167,7,ZONE_FACULTY_MEDICINE,5,Roof,SM_FC_Roof_SolarObservatory_12x12,42341.57,-50456.92,5290.66,500.0,140.0,250.0
1168,7,ZONE_FACULTY_MEDICINE,0,Foundation,SM_FC_Foundation_SlopeCompensated_12x12,46399.25,-46399.25,4402.21,400.0,850.0,1200.0
1168,7,ZONE_FACULTY_MEDICINE,1,GroundFloor,SM_FC_Ground_Lobby_Transit_12x12,46399.25,-46399.25,4802.21,600.0,450.0,600.0
1168,7,ZONE_FACULTY_MEDICINE,2,IntermediateFloor,SM_FC_Mid_Academic_Lab_12x12,46399.25,-46399.25,5402.21,400.0,320.0,400.0
1168,7,ZONE_FACULTY_MEDICINE,3,IntermediateFloor,SM_FC_Mid_Faculty_Chambers_12x12,46399.25,-46399.25,5802.21,400.0,280.0,400.0
1168,7,ZONE_FACULTY_MEDICINE,4,IntermediateFloor,SM_FC_Mid_Academic_Lab_12x12,46399.25,-46399.25,6202.21,400.0,320.0,400.0
1168,7,ZONE_FACULTY_MEDICINE,5,IntermediateFloor,SM_FC_Mid_Faculty_Chambers_12x12,46399.25,-46399.25,6602.21,400.0,280.0,400.0
1168,7,ZONE_FACULTY_MEDICINE,6,Roof,SM_FC_Roof_SolarObservatory_12x12,46399.25,-46399.25,7002.21,500.0,140.0,250.0
1169,7,ZONE_FACULTY_MEDICINE,0,Foundation,SM_FC_Foundation_SlopeCompensated_12x12,50456.92,-42341.57,3090.66,400.0,850.0,1200.0
1169,7,ZONE_FACULTY_MEDICINE,1,GroundFloor,SM_FC_Ground_Lobby_Transit_12x12,50456.92,-42341.57,3490.66,600.0,450.0,600.0
1169,7,ZONE_FACULTY_MEDICINE,2,IntermediateFloor,SM_FC_Mid_Academic_Lab_12x12,50456.92,-42341.57,4090.66,400.0,320.0,400.0
1169,7,ZONE_FACULTY_MEDICINE,3,IntermediateFloor,SM_FC_Mid_Faculty_Chambers_12x12,50456.92,-42341.57,4490.66,400.0,280.0,400.0
1169,7,ZONE_FACULTY_MEDICINE,4,IntermediateFloor,SM_FC_Mid_Academic_Lab_12x12,50456.92,-42341.57,4890.66,400.0,320.0,400.0
1169,7,ZONE_FACULTY_MEDICINE,5,IntermediateFloor,SM_FC_Mid_Faculty_Chambers_12x12,50456.92,-42341.57,5290.66,400.0,280.0,400.0
1169,7,ZONE_FACULTY_MEDICINE,6,Roof,SM_FC_Roof_SolarObservatory_12x12,50456.92,-42341.57,5690.66,500.0,140.0,250.0
1170,7,ZONE_FACULTY_MEDICINE,0,Foundation,SM_FC_Foundation_SlopeCompensated_12x12,54514.6,-38283.9,800.12,400.0,850.0,1200.0
1170,7,ZONE_FACULTY_MEDICINE,1,GroundFloor,SM_FC_Ground_Lobby_Transit_12x12,54514.6,-38283.9,1200.12,600.0,450.0,600.0
1170,7,ZONE_FACULTY_MEDICINE,2,IntermediateFloor,SM_FC_Mid_Academic_Lab_12x12,54514.6,-38283.9,1800.12,400.0,320.0,400.0
1170,7,ZONE_FACULTY_MEDICINE,3,IntermediateFloor,SM_FC_Mid_Faculty_Chambers_12x12,54514.6,-38283.9,2200.12,400.0,280.0,400.0
1170,7,ZONE_FACULTY_MEDICINE,4,IntermediateFloor,SM_FC_Mid_Academic_Lab_12x12,54514.6,-38283.9,2600.12,400.0,320.0,400.0
1170,7,ZONE_FACULTY_MEDICINE,5,Roof,SM_FC_Roof_SolarObservatory_12x12,54514.6,-38283.9,3000.12,500.0,140.0,250.0
1171,7,ZONE_FACULTY_MEDICINE,0,Foundation,SM_FC_Foundation_SlopeCompensated_12x12,42381.95,-54890.62,1824.1,400.0,850.0,1200.0
1171,7,ZONE_FACULTY_MEDICINE,1,GroundFloor,SM_FC_Ground_Lobby_Transit_12x12,42381.95,-54890.62,2224.1,600.0,450.0,600.0
1171,7,ZONE_FACULTY_MEDICINE,2,IntermediateFloor,SM_FC_Mid_Academic_Lab_12x12,42381.95,-54890.62,2824.1,400.0,320.0,400.0
1171,7,ZONE_FACULTY_MEDICINE,3,IntermediateFloor,SM_FC_Mid_Faculty_Chambers_12x12,42381.95,-54890.62,3224.1,400.0,280.0,400.0
1171,7,ZONE_FACULTY_MEDICINE,4,IntermediateFloor,SM_FC_Mid_Academic_Lab_12x12,42381.95,-54890.62,3624.1,400.0,320.0,400.0
1171,7,ZONE_FACULTY_MEDICINE,5,IntermediateFloor,SM_FC_Mid_Faculty_Chambers_12x12,42381.95,-54890.62,4024.1,400.0,280.0,400.0
1171,7,ZONE_FACULTY_MEDICINE,6,IntermediateFloor,SM_FC_Mid_Academic_Lab_12x12,42381.95,-54890.62,4424.1,400.0,320.0,400.0
1171,7,ZONE_FACULTY_MEDICINE,7,IntermediateFloor,SM_FC_Mid_Faculty_Chambers_12x12,42381.95,-54890.62,4824.1,400.0,280.0,400.0
1171,7,ZONE_FACULTY_MEDICINE,8,Roof,SM_FC_Roof_SolarObservatory_12x12,42381.95,-54890.62,5224.1,500.0,140.0,250.0
1172,7,ZONE_FACULTY_MEDICINE,0,Foundation,SM_FC_Foundation_SlopeCompensated_12x12,46134.55,-51138.02,3760.68,400.0,850.0,1200.0
1172,7,ZONE_FACULTY_MEDICINE,1,GroundFloor,SM_FC_Ground_Lobby_Transit_12x12,46134.55,-51138.02,4160.68,600.0,450.0,600.0
1172,7,ZONE_FACULTY_MEDICINE,2,IntermediateFloor,SM_FC_Mid_Academic_Lab_12x12,46134.55,-51138.02,4760.68,400.0,320.0,400.0
1172,7,ZONE_FACULTY_MEDICINE,3,Roof,SM_FC_Roof_SolarObservatory_12x12,46134.55,-51138.02,5160.68,500.0,140.0,250.0
1173,7,ZONE_FACULTY_MEDICINE,0,Foundation,SM_FC_Foundation_SlopeCompensated_12x12,49887.15,-47385.42,4192.24,400.0,850.0,1200.0
1173,7,ZONE_FACULTY_MEDICINE,1,GroundFloor,SM_FC_Ground_Lobby_Transit_12x12,49887.15,-47385.42,4592.24,600.0,450.0,600.0
1173,7,ZONE_FACULTY_MEDICINE,2,IntermediateFloor,SM_FC_Mid_Academic_Lab_12x12,49887.15,-47385.42,5192.24,400.0,320.0,400.0
1173,7,ZONE_FACULTY_MEDICINE,3,IntermediateFloor,SM_FC_Mid_Faculty_Chambers_12x12,49887.15,-47385.42,5592.24,400.0,280.0,400.0
1173,7,ZONE_FACULTY_MEDICINE,4,IntermediateFloor,SM_FC_Mid_Academic_Lab_12x12,49887.15,-47385.42,5992.24,400.0,320.0,400.0
1173,7,ZONE_FACULTY_MEDICINE,5,IntermediateFloor,SM_FC_Mid_Faculty_Chambers_12x12,49887.15,-47385.42,6392.24,400.0,280.0,400.0
1173,7,ZONE_FACULTY_MEDICINE,6,Roof,SM_FC_Roof_SolarObservatory_12x12,49887.15,-47385.42,6792.24,500.0,140.0,250.0
1174,7,ZONE_FACULTY_MEDICINE,0,Foundation,SM_FC_Foundation_SlopeCompensated_12x12,53639.76,-43632.82,2576.61,400.0,850.0,1200.0
1174,7,ZONE_FACULTY_MEDICINE,1,GroundFloor,SM_FC_Ground_Lobby_Transit_12x12,53639.76,-43632.82,2976.61,600.0,450.0,600.0
1174,7,ZONE_FACULTY_MEDICINE,2,IntermediateFloor,SM_FC_Mid_Academic_Lab_12x12,53639.76,-43632.82,3576.61,400.0,320.0,400.0
1174,7,ZONE_FACULTY_MEDICINE,3,IntermediateFloor,SM_FC_Mid_Faculty_Chambers_12x12,53639.76,-43632.82,3976.61,400.0,280.0,400.0
1174,7,ZONE_FACULTY_MEDICINE,4,Roof,SM_FC_Roof_SolarObservatory_12x12,53639.76,-43632.82,4376.61,500.0,140.0,250.0
1175,7,ZONE_FACULTY_MEDICINE,0,Foundation,SM_FC_Foundation_SlopeCompensated_12x12,57392.36,-39880.22,-1.87,400.0,850.0,1200.0
1175,7,ZONE_FACULTY_MEDICINE,1,GroundFloor,SM_FC_Ground_Lobby_Transit_12x12,57392.36,-39880.22,398.13,600.0,450.0,600.0
1175,7,ZONE_FACULTY_MEDICINE,2,IntermediateFloor,SM_FC_Mid_Academic_Lab_12x12,57392.36,-39880.22,998.13,400.0,320.0,400.0
1175,7,ZONE_FACULTY_MEDICINE,3,IntermediateFloor,SM_FC_Mid_Faculty_Chambers_12x12,57392.36,-39880.22,1398.13,400.0,280.0,400.0
1175,7,ZONE_FACULTY_MEDICINE,4,IntermediateFloor,SM_FC_Mid_Academic_Lab_12x12,57392.36,-39880.22,1798.13,400.0,320.0,400.0
1175,7,ZONE_FACULTY_MEDICINE,5,IntermediateFloor,SM_FC_Mid_Faculty_Chambers_12x12,57392.36,-39880.22,2198.13,400.0,280.0,400.0
1175,7,ZONE_FACULTY_MEDICINE,6,Roof,SM_FC_Roof_SolarObservatory_12x12,57392.36,-39880.22,2598.13,500.0,140.0,250.0
1176,7,ZONE_FACULTY_MEDICINE,0,Foundation,SM_FC_Foundation_SlopeCompensated_12x12,42852.44,-58894.21,203.95,400.0,850.0,1200.0
1176,7,ZONE_FACULTY_MEDICINE,1,GroundFloor,SM_FC_Ground_Lobby_Transit_12x12,42852.44,-58894.21,603.95,600.0,450.0,600.0
1176,7,ZONE_FACULTY_MEDICINE,2,IntermediateFloor,SM_FC_Mid_Academic_Lab_12x12,42852.44,-58894.21,1203.95,400.0,320.0,400.0
1176,7,ZONE_FACULTY_MEDICINE,3,Roof,SM_FC_Roof_SolarObservatory_12x12,42852.44,-58894.21,1603.95,500.0,140.0,250.0
1177,7,ZONE_FACULTY_MEDICINE,0,Foundation,SM_FC_Foundation_SlopeCompensated_12x12,46289.96,-55456.69,2718.83,400.0,850.0,1200.0
1177,7,ZONE_FACULTY_MEDICINE,1,GroundFloor,SM_FC_Ground_Lobby_Transit_12x12,46289.96,-55456.69,3118.83,600.0,450.0,600.0
1177,7,ZONE_FACULTY_MEDICINE,2,IntermediateFloor,SM_FC_Mid_Academic_Lab_12x12,46289.96,-55456.69,3718.83,400.0,320.0,400.0
1177,7,ZONE_FACULTY_MEDICINE,3,Roof,SM_FC_Roof_SolarObservatory_12x12,46289.96,-55456.69,4118.83,500.0,140.0,250.0
1178,7,ZONE_FACULTY_MEDICINE,0,Foundation,SM_FC_Foundation_SlopeCompensated_12x12,49727.49,-52019.17,4297.52,400.0,850.0,1200.0
1178,7,ZONE_FACULTY_MEDICINE,1,GroundFloor,SM_FC_Ground_Lobby_Transit_12x12,49727.49,-52019.17,4697.52,600.0,450.0,600.0
1178,7,ZONE_FACULTY_MEDICINE,2,IntermediateFloor,SM_FC_Mid_Academic_Lab_12x12,49727.49,-52019.17,5297.52,400.0,320.0,400.0
1178,7,ZONE_FACULTY_MEDICINE,3,IntermediateFloor,SM_FC_Mid_Faculty_Chambers_12x12,49727.49,-52019.17,5697.52,400.0,280.0,400.0
1178,7,ZONE_FACULTY_MEDICINE,4,IntermediateFloor,SM_FC_Mid_Academic_Lab_12x12,49727.49,-52019.17,6097.52,400.0,320.0,400.0
1178,7,ZONE_FACULTY_MEDICINE,5,IntermediateFloor,SM_FC_Mid_Faculty_Chambers_12x12,49727.49,-52019.17,6497.52,400.0,280.0,400.0
1178,7,ZONE_FACULTY_MEDICINE,6,IntermediateFloor,SM_FC_Mid_Academic_Lab_12x12,49727.49,-52019.17,6897.52,400.0,320.0,400.0
1178,7,ZONE_FACULTY_MEDICINE,7,Roof,SM_FC_Roof_SolarObservatory_12x12,49727.49,-52019.17,7297.52,500.0,140.0,250.0
1179,7,ZONE_FACULTY_MEDICINE,0,Foundation,SM_FC_Foundation_SlopeCompensated_12x12,53165.01,-48581.64,3875.31,400.0,850.0,1200.0
1179,7,ZONE_FACULTY_MEDICINE,1,GroundFloor,SM_FC_Ground_Lobby_Transit_12x12,53165.01,-48581.64,4275.31,600.0,450.0,600.0
1179,7,ZONE_FACULTY_MEDICINE,2,IntermediateFloor,SM_FC_Mid_Academic_Lab_12x12,53165.01,-48581.64,4875.31,400.0,320.0,400.0
1179,7,ZONE_FACULTY_MEDICINE,3,IntermediateFloor,SM_FC_Mid_Faculty_Chambers_12x12,53165.01,-48581.64,5275.31,400.0,280.0,400.0
1179,7,ZONE_FACULTY_MEDICINE,4,Roof,SM_FC_Roof_SolarObservatory_12x12,53165.01,-48581.64,5675.31,500.0,140.0,250.0
1180,7,ZONE_FACULTY_MEDICINE,0,Foundation,SM_FC_Foundation_SlopeCompensated_12x12,56602.53,-45144.12,1984.56,400.0,850.0,1200.0
1180,7,ZONE_FACULTY_MEDICINE,1,GroundFloor,SM_FC_Ground_Lobby_Transit_12x12,56602.53,-45144.12,2384.56,600.0,450.0,600.0
1180,7,ZONE_FACULTY_MEDICINE,2,IntermediateFloor,SM_FC_Mid_Academic_Lab_12x12,56602.53,-45144.12,2984.56,400.0,320.0,400.0
1180,7,ZONE_FACULTY_MEDICINE,3,IntermediateFloor,SM_FC_Mid_Faculty_Chambers_12x12,56602.53,-45144.12,3384.56,400.0,280.0,400.0
1180,7,ZONE_FACULTY_MEDICINE,4,Roof,SM_FC_Roof_SolarObservatory_12x12,56602.53,-45144.12,3784.56,500.0,140.0,250.0
1181,7,ZONE_FACULTY_MEDICINE,0,Foundation,SM_FC_Foundation_SlopeCompensated_12x12,46878.6,-59342.13,1344.5,400.0,850.0,1200.0
1181,7,ZONE_FACULTY_MEDICINE,1,GroundFloor,SM_FC_Ground_Lobby_Transit_12x12,46878.6,-59342.13,1744.5,600.0,450.0,600.0
1181,7,ZONE_FACULTY_MEDICINE,2,IntermediateFloor,SM_FC_Mid_Academic_Lab_12x12,46878.6,-59342.13,2344.5,400.0,320.0,400.0
1181,7,ZONE_FACULTY_MEDICINE,3,IntermediateFloor,SM_FC_Mid_Faculty_Chambers_12x12,46878.6,-59342.13,2744.5,400.0,280.0,400.0
1181,7,ZONE_FACULTY_MEDICINE,4,IntermediateFloor,SM_FC_Mid_Academic_Lab_12x12,46878.6,-59342.13,3144.5,400.0,320.0,400.0
1181,7,ZONE_FACULTY_MEDICINE,5,IntermediateFloor,SM_FC_Mid_Faculty_Chambers_12x12,46878.6,-59342.13,3544.5,400.0,280.0,400.0
1181,7,ZONE_FACULTY_MEDICINE,6,IntermediateFloor,SM_FC_Mid_Academic_Lab_12x12,46878.6,-59342.13,3944.5,400.0,320.0,400.0
1181,7,ZONE_FACULTY_MEDICINE,7,IntermediateFloor,SM_FC_Mid_Faculty_Chambers_12x12,46878.6,-59342.13,4344.5,400.0,280.0,400.0
1181,7,ZONE_FACULTY_MEDICINE,8,Roof,SM_FC_Roof_SolarObservatory_12x12,46878.6,-59342.13,4744.5,500.0,140.0,250.0
1182,7,ZONE_FACULTY_MEDICINE,0,Foundation,SM_FC_Foundation_SlopeCompensated_12x12,49994.49,-56226.25,3471.31,400.0,850.0,1200.0
1182,7,ZONE_FACULTY_MEDICINE,1,GroundFloor,SM_FC_Ground_Lobby_Transit_12x12,49994.49,-56226.25,3871.31,600.0,450.0,600.0
1182,7,ZONE_FACULTY_MEDICINE,2,IntermediateFloor,SM_FC_Mid_Academic_Lab_12x12,49994.49,-56226.25,4471.31,400.0,320.0,400.0
1182,7,ZONE_FACULTY_MEDICINE,3,Roof,SM_FC_Roof_SolarObservatory_12x12,49994.49,-56226.25,4871.31,500.0,140.0,250.0
1183,7,ZONE_FACULTY_MEDICINE,0,Foundation,SM_FC_Foundation_SlopeCompensated_12x12,53110.37,-53110.37,4698.86,400.0,850.0,1200.0
1183,7,ZONE_FACULTY_MEDICINE,1,GroundFloor,SM_FC_Ground_Lobby_Transit_12x12,53110.37,-53110.37,5098.86,600.0,450.0,600.0
1183,7,ZONE_FACULTY_MEDICINE,2,IntermediateFloor,SM_FC_Mid_Academic_Lab_12x12,53110.37,-53110.37,5698.86,400.0,320.0,400.0
1183,7,ZONE_FACULTY_MEDICINE,3,IntermediateFloor,SM_FC_Mid_Faculty_Chambers_12x12,53110.37,-53110.37,6098.86,400.0,280.0,400.0
1183,7,ZONE_FACULTY_MEDICINE,4,IntermediateFloor,SM_FC_Mid_Academic_Lab_12x12,53110.37,-53110.37,6498.86,400.0,320.0,400.0
1183,7,ZONE_FACULTY_MEDICINE,5,IntermediateFloor,SM_FC_Mid_Faculty_Chambers_12x12,53110.37,-53110.37,6898.86,400.0,280.0,400.0
1183,7,ZONE_FACULTY_MEDICINE,6,IntermediateFloor,SM_FC_Mid_Academic_Lab_12x12,53110.37,-53110.37,7298.86,400.0,320.0,400.0
1183,7,ZONE_FACULTY_MEDICINE,7,Roof,SM_FC_Roof_SolarObservatory_12x12,53110.37,-53110.37,7698.86,500.0,140.0,250.0
1184,7,ZONE_FACULTY_MEDICINE,0,Foundation,SM_FC_Foundation_SlopeCompensated_12x12,56226.25,-49994.49,3471.31,400.0,850.0,1200.0
1184,7,ZONE_FACULTY_MEDICINE,1,GroundFloor,SM_FC_Ground_Lobby_Transit_12x12,56226.25,-49994.49,3871.31,600.0,450.0,600.0
1184,7,ZONE_FACULTY_MEDICINE,2,IntermediateFloor,SM_FC_Mid_Academic_Lab_12x12,56226.25,-49994.49,4471.31,400.0,320.0,400.0
1184,7,ZONE_FACULTY_MEDICINE,3,IntermediateFloor,SM_FC_Mid_Faculty_Chambers_12x12,56226.25,-49994.49,4871.31,400.0,280.0,400.0
1184,7,ZONE_FACULTY_MEDICINE,4,Roof,SM_FC_Roof_SolarObservatory_12x12,56226.25,-49994.49,5271.31,500.0,140.0,250.0
1185,7,ZONE_FACULTY_MEDICINE,0,Foundation,SM_FC_Foundation_SlopeCompensated_12x12,59342.13,-46878.6,1344.5,400.0,850.0,1200.0
1185,7,ZONE_FACULTY_MEDICINE,1,GroundFloor,SM_FC_Ground_Lobby_Transit_12x12,59342.13,-46878.6,1744.5,600.0,450.0,600.0
1185,7,ZONE_FACULTY_MEDICINE,2,IntermediateFloor,SM_FC_Mid_Academic_Lab_12x12,59342.13,-46878.6,2344.5,400.0,320.0,400.0
1185,7,ZONE_FACULTY_MEDICINE,3,Roof,SM_FC_Roof_SolarObservatory_12x12,59342.13,-46878.6,2744.5,500.0,140.0,250.0
1186,7,ZONE_FACULTY_MEDICINE,0,Foundation,SM_FC_Foundation_SlopeCompensated_12x12,50696.04,-59998.78,2329.9,400.0,850.0,1200.0
1186,7,ZONE_FACULTY_MEDICINE,1,GroundFloor,SM_FC_Ground_Lobby_Transit_12x12,50696.04,-59998.78,2729.9,600.0,450.0,600.0
1186,7,ZONE_FACULTY_MEDICINE,2,IntermediateFloor,SM_FC_Mid_Academic_Lab_12x12,50696.04,-59998.78,3329.9,400.0,320.0,400.0
1186,7,ZONE_FACULTY_MEDICINE,3,Roof,SM_FC_Roof_SolarObservatory_12x12,50696.04,-59998.78,3729.9,500.0,140.0,250.0
1187,7,ZONE_FACULTY_MEDICINE,0,Foundation,SM_FC_Foundation_SlopeCompensated_12x12,53486.86,-57207.96,4075.84,400.0,850.0,1200.0
1187,7,ZONE_FACULTY_MEDICINE,1,GroundFloor,SM_FC_Ground_Lobby_Transit_12x12,53486.86,-57207.96,4475.84,600.0,450.0,600.0
1187,7,ZONE_FACULTY_MEDICINE,2,IntermediateFloor,SM_FC_Mid_Academic_Lab_12x12,53486.86,-57207.96,5075.84,400.0,320.0,400.0
1187,7,ZONE_FACULTY_MEDICINE,3,IntermediateFloor,SM_FC_Mid_Faculty_Chambers_12x12,53486.86,-57207.96,5475.84,400.0,280.0,400.0
1187,7,ZONE_FACULTY_MEDICINE,4,IntermediateFloor,SM_FC_Mid_Academic_Lab_12x12,53486.86,-57207.96,5875.84,400.0,320.0,400.0
1187,7,ZONE_FACULTY_MEDICINE,5,Roof,SM_FC_Roof_SolarObservatory_12x12,53486.86,-57207.96,6275.84,500.0,140.0,250.0
1188,7,ZONE_FACULTY_MEDICINE,0,Foundation,SM_FC_Foundation_SlopeCompensated_12x12,56277.68,-54417.13,4468.38,400.0,850.0,1200.0
1188,7,ZONE_FACULTY_MEDICINE,1,GroundFloor,SM_FC_Ground_Lobby_Transit_12x12,56277.68,-54417.13,4868.38,600.0,450.0,600.0
1188,7,ZONE_FACULTY_MEDICINE,2,IntermediateFloor,SM_FC_Mid_Academic_Lab_12x12,56277.68,-54417.13,5468.38,400.0,320.0,400.0
1188,7,ZONE_FACULTY_MEDICINE,3,IntermediateFloor,SM_FC_Mid_Faculty_Chambers_12x12,56277.68,-54417.13,5868.38,400.0,280.0,400.0
1188,7,ZONE_FACULTY_MEDICINE,4,IntermediateFloor,SM_FC_Mid_Academic_Lab_12x12,56277.68,-54417.13,6268.38,400.0,320.0,400.0
1188,7,ZONE_FACULTY_MEDICINE,5,IntermediateFloor,SM_FC_Mid_Faculty_Chambers_12x12,56277.68,-54417.13,6668.38,400.0,280.0,400.0
1188,7,ZONE_FACULTY_MEDICINE,6,Roof,SM_FC_Roof_SolarObservatory_12x12,56277.68,-54417.13,7068.38,500.0,140.0,250.0
1189,7,ZONE_FACULTY_MEDICINE,0,Foundation,SM_FC_Foundation_SlopeCompensated_12x12,59068.5,-51626.31,3006.6,400.0,850.0,1200.0
1189,7,ZONE_FACULTY_MEDICINE,1,GroundFloor,SM_FC_Ground_Lobby_Transit_12x12,59068.5,-51626.31,3406.6,600.0,450.0,600.0
1189,7,ZONE_FACULTY_MEDICINE,2,IntermediateFloor,SM_FC_Mid_Academic_Lab_12x12,59068.5,-51626.31,4006.6,400.0,320.0,400.0
1189,7,ZONE_FACULTY_MEDICINE,3,IntermediateFloor,SM_FC_Mid_Faculty_Chambers_12x12,59068.5,-51626.31,4406.6,400.0,280.0,400.0
1189,7,ZONE_FACULTY_MEDICINE,4,Roof,SM_FC_Roof_SolarObservatory_12x12,59068.5,-51626.31,4806.6,500.0,140.0,250.0
1190,7,ZONE_FACULTY_MEDICINE,0,Foundation,SM_FC_Foundation_SlopeCompensated_12x12,61859.33,-48835.49,692.34,400.0,850.0,1200.0
1190,7,ZONE_FACULTY_MEDICINE,1,GroundFloor,SM_FC_Ground_Lobby_Transit_12x12,61859.33,-48835.49,1092.34,600.0,450.0,600.0
1190,7,ZONE_FACULTY_MEDICINE,2,IntermediateFloor,SM_FC_Mid_Academic_Lab_12x12,61859.33,-48835.49,1692.34,400.0,320.0,400.0
1190,7,ZONE_FACULTY_MEDICINE,3,IntermediateFloor,SM_FC_Mid_Faculty_Chambers_12x12,61859.33,-48835.49,2092.34,400.0,280.0,400.0
1190,7,ZONE_FACULTY_MEDICINE,4,IntermediateFloor,SM_FC_Mid_Academic_Lab_12x12,61859.33,-48835.49,2492.34,400.0,320.0,400.0
1190,7,ZONE_FACULTY_MEDICINE,5,Roof,SM_FC_Roof_SolarObservatory_12x12,61859.33,-48835.49,2892.34,500.0,140.0,250.0
1191,7,ZONE_FACULTY_MEDICINE,0,Foundation,SM_FC_Foundation_SlopeCompensated_12x12,51832.2,-63336.69,972.39,400.0,850.0,1200.0
1191,7,ZONE_FACULTY_MEDICINE,1,GroundFloor,SM_FC_Ground_Lobby_Transit_12x12,51832.2,-63336.69,1372.39,600.0,450.0,600.0
1191,7,ZONE_FACULTY_MEDICINE,2,IntermediateFloor,SM_FC_Mid_Academic_Lab_12x12,51832.2,-63336.69,1972.39,400.0,320.0,400.0
1191,7,ZONE_FACULTY_MEDICINE,3,IntermediateFloor,SM_FC_Mid_Faculty_Chambers_12x12,51832.2,-63336.69,2372.39,400.0,280.0,400.0
1191,7,ZONE_FACULTY_MEDICINE,4,Roof,SM_FC_Roof_SolarObservatory_12x12,51832.2,-63336.69,2772.39,500.0,140.0,250.0
1192,7,ZONE_FACULTY_MEDICINE,0,Foundation,SM_FC_Foundation_SlopeCompensated_12x12,54297.45,-60871.44,3151.24,400.0,850.0,1200.0
1192,7,ZONE_FACULTY_MEDICINE,1,GroundFloor,SM_FC_Ground_Lobby_Transit_12x12,54297.45,-60871.44,3551.24,600.0,450.0,600.0
1192,7,ZONE_FACULTY_MEDICINE,2,IntermediateFloor,SM_FC_Mid_Academic_Lab_12x12,54297.45,-60871.44,4151.24,400.0,320.0,400.0
1192,7,ZONE_FACULTY_MEDICINE,3,IntermediateFloor,SM_FC_Mid_Faculty_Chambers_12x12,54297.45,-60871.44,4551.24,400.0,280.0,400.0
1192,7,ZONE_FACULTY_MEDICINE,4,IntermediateFloor,SM_FC_Mid_Academic_Lab_12x12,54297.45,-60871.44,4951.24,400.0,320.0,400.0
1192,7,ZONE_FACULTY_MEDICINE,5,IntermediateFloor,SM_FC_Mid_Faculty_Chambers_12x12,54297.45,-60871.44,5351.24,400.0,280.0,400.0
1192,7,ZONE_FACULTY_MEDICINE,6,IntermediateFloor,SM_FC_Mid_Academic_Lab_12x12,54297.45,-60871.44,5751.24,400.0,320.0,400.0
1192,7,ZONE_FACULTY_MEDICINE,7,IntermediateFloor,SM_FC_Mid_Faculty_Chambers_12x12,54297.45,-60871.44,6151.24,400.0,280.0,400.0
1192,7,ZONE_FACULTY_MEDICINE,8,Roof,SM_FC_Roof_SolarObservatory_12x12,54297.45,-60871.44,6551.24,500.0,140.0,250.0
1193,7,ZONE_FACULTY_MEDICINE,0,Foundation,SM_FC_Foundation_SlopeCompensated_12x12,56762.7,-58406.2,4533.72,400.0,850.0,1200.0
1193,7,ZONE_FACULTY_MEDICINE,1,GroundFloor,SM_FC_Ground_Lobby_Transit_12x12,56762.7,-58406.2,4933.72,600.0,450.0,600.0
1193,7,ZONE_FACULTY_MEDICINE,2,IntermediateFloor,SM_FC_Mid_Academic_Lab_12x12,56762.7,-58406.2,5533.72,400.0,320.0,400.0
1193,7,ZONE_FACULTY_MEDICINE,3,IntermediateFloor,SM_FC_Mid_Faculty_Chambers_12x12,56762.7,-58406.2,5933.72,400.0,280.0,400.0
1193,7,ZONE_FACULTY_MEDICINE,4,IntermediateFloor,SM_FC_Mid_Academic_Lab_12x12,56762.7,-58406.2,6333.72,400.0,320.0,400.0
1193,7,ZONE_FACULTY_MEDICINE,5,Roof,SM_FC_Roof_SolarObservatory_12x12,56762.7,-58406.2,6733.72,500.0,140.0,250.0
1194,7,ZONE_FACULTY_MEDICINE,0,Foundation,SM_FC_Foundation_SlopeCompensated_12x12,59227.95,-55940.95,4161.38,400.0,850.0,1200.0
1194,7,ZONE_FACULTY_MEDICINE,1,GroundFloor,SM_FC_Ground_Lobby_Transit_12x12,59227.95,-55940.95,4561.38,600.0,450.0,600.0
1194,7,ZONE_FACULTY_MEDICINE,2,IntermediateFloor,SM_FC_Mid_Academic_Lab_12x12,59227.95,-55940.95,5161.38,400.0,320.0,400.0
1194,7,ZONE_FACULTY_MEDICINE,3,IntermediateFloor,SM_FC_Mid_Faculty_Chambers_12x12,59227.95,-55940.95,5561.38,400.0,280.0,400.0
1194,7,ZONE_FACULTY_MEDICINE,4,IntermediateFloor,SM_FC_Mid_Academic_Lab_12x12,59227.95,-55940.95,5961.38,400.0,320.0,400.0
1194,7,ZONE_FACULTY_MEDICINE,5,IntermediateFloor,SM_FC_Mid_Faculty_Chambers_12x12,59227.95,-55940.95,6361.38,400.0,280.0,400.0
1194,7,ZONE_FACULTY_MEDICINE,6,IntermediateFloor,SM_FC_Mid_Academic_Lab_12x12,59227.95,-55940.95,6761.38,400.0,320.0,400.0
1194,7,ZONE_FACULTY_MEDICINE,7,Roof,SM_FC_Roof_SolarObservatory_12x12,59227.95,-55940.95,7161.38,500.0,140.0,250.0
1195,7,ZONE_FACULTY_MEDICINE,0,Foundation,SM_FC_Foundation_SlopeCompensated_12x12,61693.19,-53475.7,2513.44,400.0,850.0,1200.0
1195,7,ZONE_FACULTY_MEDICINE,1,GroundFloor,SM_FC_Ground_Lobby_Transit_12x12,61693.19,-53475.7,2913.44,600.0,450.0,600.0
1195,7,ZONE_FACULTY_MEDICINE,2,IntermediateFloor,SM_FC_Mid_Academic_Lab_12x12,61693.19,-53475.7,3513.44,400.0,320.0,400.0
1195,7,ZONE_FACULTY_MEDICINE,3,IntermediateFloor,SM_FC_Mid_Faculty_Chambers_12x12,61693.19,-53475.7,3913.44,400.0,280.0,400.0
1195,7,ZONE_FACULTY_MEDICINE,4,IntermediateFloor,SM_FC_Mid_Academic_Lab_12x12,61693.19,-53475.7,4313.44,400.0,320.0,400.0
1195,7,ZONE_FACULTY_MEDICINE,5,Roof,SM_FC_Roof_SolarObservatory_12x12,61693.19,-53475.7,4713.44,500.0,140.0,250.0
1196,7,ZONE_FACULTY_MEDICINE,0,Foundation,SM_FC_Foundation_SlopeCompensated_12x12,55537.75,-64105.23,1959.64,400.0,850.0,1200.0
1196,7,ZONE_FACULTY_MEDICINE,1,GroundFloor,SM_FC_Ground_Lobby_Transit_12x12,55537.75,-64105.23,2359.64,600.0,450.0,600.0
1196,7,ZONE_FACULTY_MEDICINE,2,IntermediateFloor,SM_FC_Mid_Academic_Lab_12x12,55537.75,-64105.23,2959.64,400.0,320.0,400.0
1196,7,ZONE_FACULTY_MEDICINE,3,IntermediateFloor,SM_FC_Mid_Faculty_Chambers_12x12,55537.75,-64105.23,3359.64,400.0,280.0,400.0
1196,7,ZONE_FACULTY_MEDICINE,4,IntermediateFloor,SM_FC_Mid_Academic_Lab_12x12,55537.75,-64105.23,3759.64,400.0,320.0,400.0
1196,7,ZONE_FACULTY_MEDICINE,5,IntermediateFloor,SM_FC_Mid_Faculty_Chambers_12x12,55537.75,-64105.23,4159.64,400.0,280.0,400.0
1196,7,ZONE_FACULTY_MEDICINE,6,IntermediateFloor,SM_FC_Mid_Academic_Lab_12x12,55537.75,-64105.23,4559.64,400.0,320.0,400.0
1196,7,ZONE_FACULTY_MEDICINE,7,IntermediateFloor,SM_FC_Mid_Faculty_Chambers_12x12,55537.75,-64105.23,4959.64,400.0,280.0,400.0
1196,7,ZONE_FACULTY_MEDICINE,8,Roof,SM_FC_Roof_SolarObservatory_12x12,55537.75,-64105.23,5359.64,500.0,140.0,250.0
1197,7,ZONE_FACULTY_MEDICINE,0,Foundation,SM_FC_Foundation_SlopeCompensated_12x12,57679.62,-61963.36,3676.21,400.0,850.0,1200.0
1197,7,ZONE_FACULTY_MEDICINE,1,GroundFloor,SM_FC_Ground_Lobby_Transit_12x12,57679.62,-61963.36,4076.21,600.0,450.0,600.0
1197,7,ZONE_FACULTY_MEDICINE,2,IntermediateFloor,SM_FC_Mid_Academic_Lab_12x12,57679.62,-61963.36,4676.21,400.0,320.0,400.0
1197,7,ZONE_FACULTY_MEDICINE,3,IntermediateFloor,SM_FC_Mid_Faculty_Chambers_12x12,57679.62,-61963.36,5076.21,400.0,280.0,400.0
1197,7,ZONE_FACULTY_MEDICINE,4,IntermediateFloor,SM_FC_Mid_Academic_Lab_12x12,57679.62,-61963.36,5476.21,400.0,320.0,400.0
1197,7,ZONE_FACULTY_MEDICINE,5,Roof,SM_FC_Roof_SolarObservatory_12x12,57679.62,-61963.36,5876.21,500.0,140.0,250.0
1198,7,ZONE_FACULTY_MEDICINE,0,Foundation,SM_FC_Foundation_SlopeCompensated_12x12,59821.49,-59821.49,4686.33,400.0,850.0,1200.0
1198,7,ZONE_FACULTY_MEDICINE,1,GroundFloor,SM_FC_Ground_Lobby_Transit_12x12,59821.49,-59821.49,5086.33,600.0,450.0,600.0
1198,7,ZONE_FACULTY_MEDICINE,2,IntermediateFloor,SM_FC_Mid_Academic_Lab_12x12,59821.49,-59821.49,5686.33,400.0,320.0,400.0
1198,7,ZONE_FACULTY_MEDICINE,3,Roof,SM_FC_Roof_SolarObservatory_12x12,59821.49,-59821.49,6086.33,500.0,140.0,250.0
1199,7,ZONE_FACULTY_MEDICINE,0,Foundation,SM_FC_Foundation_SlopeCompensated_12x12,61963.36,-57679.62,3676.21,400.0,850.0,1200.0
1199,7,ZONE_FACULTY_MEDICINE,1,GroundFloor,SM_FC_Ground_Lobby_Transit_12x12,61963.36,-57679.62,4076.21,600.0,450.0,600.0
1199,7,ZONE_FACULTY_MEDICINE,2,IntermediateFloor,SM_FC_Mid_Academic_Lab_12x12,61963.36,-57679.62,4676.21,400.0,320.0,400.0
1199,7,ZONE_FACULTY_MEDICINE,3,IntermediateFloor,SM_FC_Mid_Faculty_Chambers_12x12,61963.36,-57679.62,5076.21,400.0,280.0,400.0
1199,7,ZONE_FACULTY_MEDICINE,4,Roof,SM_FC_Roof_SolarObservatory_12x12,61963.36,-57679.62,5476.21,500.0,140.0,250.0
1200,7,ZONE_FACULTY_MEDICINE,0,Foundation,SM_FC_Foundation_SlopeCompensated_12x12,64105.23,-55537.75,1959.64,400.0,850.0,1200.0
1200,7,ZONE_FACULTY_MEDICINE,1,GroundFloor,SM_FC_Ground_Lobby_Transit_12x12,64105.23,-55537.75,2359.64,600.0,450.0,600.0
1200,7,ZONE_FACULTY_MEDICINE,2,IntermediateFloor,SM_FC_Mid_Academic_Lab_12x12,64105.23,-55537.75,2959.64,400.0,320.0,400.0
1200,7,ZONE_FACULTY_MEDICINE,3,IntermediateFloor,SM_FC_Mid_Faculty_Chambers_12x12,64105.23,-55537.75,3359.64,400.0,280.0,400.0
1200,7,ZONE_FACULTY_MEDICINE,4,IntermediateFloor,SM_FC_Mid_Academic_Lab_12x12,64105.23,-55537.75,3759.64,400.0,320.0,400.0
1200,7,ZONE_FACULTY_MEDICINE,5,IntermediateFloor,SM_FC_Mid_Faculty_Chambers_12x12,64105.23,-55537.75,4159.64,400.0,280.0,400.0
1200,7,ZONE_FACULTY_MEDICINE,6,IntermediateFloor,SM_FC_Mid_Academic_Lab_12x12,64105.23,-55537.75,4559.64,400.0,320.0,400.0
1200,7,ZONE_FACULTY_MEDICINE,7,Roof,SM_FC_Roof_SolarObservatory_12x12,64105.23,-55537.75,4959.64,500.0,140.0,250.0
1201,7,ZONE_FACULTY_MEDICINE,0,Foundation,SM_FC_Foundation_SlopeCompensated_12x12,59019.74,-65097.32,2531.84,400.0,850.0,1200.0
1201,7,ZONE_FACULTY_MEDICINE,1,GroundFloor,SM_FC_Ground_Lobby_Transit_12x12,59019.74,-65097.32,2931.84,600.0,450.0,600.0
1201,7,ZONE_FACULTY_MEDICINE,2,IntermediateFloor,SM_FC_Mid_Academic_Lab_12x12,59019.74,-65097.32,3531.84,400.0,320.0,400.0
1201,7,ZONE_FACULTY_MEDICINE,3,Roof,SM_FC_Roof_SolarObservatory_12x12,59019.74,-65097.32,3931.84,500.0,140.0,250.0
1202,7,ZONE_FACULTY_MEDICINE,0,Foundation,SM_FC_Foundation_SlopeCompensated_12x12,60843.01,-63274.05,3758.51,400.0,850.0,1200.0
1202,7,ZONE_FACULTY_MEDICINE,1,GroundFloor,SM_FC_Ground_Lobby_Transit_12x12,60843.01,-63274.05,4158.51,600.0,450.0,600.0
1202,7,ZONE_FACULTY_MEDICINE,2,IntermediateFloor,SM_FC_Mid_Academic_Lab_12x12,60843.01,-63274.05,4758.51,400.0,320.0,400.0
1202,7,ZONE_FACULTY_MEDICINE,3,IntermediateFloor,SM_FC_Mid_Faculty_Chambers_12x12,60843.01,-63274.05,5158.51,400.0,280.0,400.0
1202,7,ZONE_FACULTY_MEDICINE,4,IntermediateFloor,SM_FC_Mid_Academic_Lab_12x12,60843.01,-63274.05,5558.51,400.0,320.0,400.0
1202,7,ZONE_FACULTY_MEDICINE,5,IntermediateFloor,SM_FC_Mid_Faculty_Chambers_12x12,60843.01,-63274.05,5958.51,400.0,280.0,400.0
1202,7,ZONE_FACULTY_MEDICINE,6,IntermediateFloor,SM_FC_Mid_Academic_Lab_12x12,60843.01,-63274.05,6358.51,400.0,320.0,400.0
1202,7,ZONE_FACULTY_MEDICINE,7,IntermediateFloor,SM_FC_Mid_Faculty_Chambers_12x12,60843.01,-63274.05,6758.51,400.0,280.0,400.0
1202,7,ZONE_FACULTY_MEDICINE,8,Roof,SM_FC_Roof_SolarObservatory_12x12,60843.01,-63274.05,7158.51,500.0,140.0,250.0
1203,7,ZONE_FACULTY_MEDICINE,0,Foundation,SM_FC_Foundation_SlopeCompensated_12x12,62666.29,-61450.77,4039.5,400.0,850.0,1200.0
1203,7,ZONE_FACULTY_MEDICINE,1,GroundFloor,SM_FC_Ground_Lobby_Transit_12x12,62666.29,-61450.77,4439.5,600.0,450.0,600.0
1203,7,ZONE_FACULTY_MEDICINE,2,IntermediateFloor,SM_FC_Mid_Academic_Lab_12x12,62666.29,-61450.77,5039.5,400.0,320.0,400.0
1203,7,ZONE_FACULTY_MEDICINE,3,Roof,SM_FC_Roof_SolarObservatory_12x12,62666.29,-61450.77,5439.5,500.0,140.0,250.0
1204,7,ZONE_FACULTY_MEDICINE,0,Foundation,SM_FC_Foundation_SlopeCompensated_12x12,64489.56,-59627.49,3004.68,400.0,850.0,1200.0
1204,7,ZONE_FACULTY_MEDICINE,1,GroundFloor,SM_FC_Ground_Lobby_Transit_12x12,64489.56,-59627.49,3404.68,600.0,450.0,600.0
1204,7,ZONE_FACULTY_MEDICINE,2,IntermediateFloor,SM_FC_Mid_Academic_Lab_12x12,64489.56,-59627.49,4004.68,400.0,320.0,400.0
1204,7,ZONE_FACULTY_MEDICINE,3,IntermediateFloor,SM_FC_Mid_Faculty_Chambers_12x12,64489.56,-59627.49,4404.68,400.0,280.0,400.0
1204,7,ZONE_FACULTY_MEDICINE,4,IntermediateFloor,SM_FC_Mid_Academic_Lab_12x12,64489.56,-59627.49,4804.68,400.0,320.0,400.0
1204,7,ZONE_FACULTY_MEDICINE,5,Roof,SM_FC_Roof_SolarObservatory_12x12,64489.56,-59627.49,5204.68,500.0,140.0,250.0
1205,7,ZONE_FACULTY_MEDICINE,0,Foundation,SM_FC_Foundation_SlopeCompensated_12x12,66312.84,-57804.22,1394.3,400.0,850.0,1200.0
1205,7,ZONE_FACULTY_MEDICINE,1,GroundFloor,SM_FC_Ground_Lobby_Transit_12x12,66312.84,-57804.22,1794.3,600.0,450.0,600.0
1205,7,ZONE_FACULTY_MEDICINE,2,IntermediateFloor,SM_FC_Mid_Academic_Lab_12x12,66312.84,-57804.22,2394.3,400.0,320.0,400.0
1205,7,ZONE_FACULTY_MEDICINE,3,Roof,SM_FC_Roof_SolarObservatory_12x12,66312.84,-57804.22,2794.3,500.0,140.0,250.0
1206,7,ZONE_FACULTY_MEDICINE,0,Foundation,SM_FC_Foundation_SlopeCompensated_12x12,60767.61,-67823.53,1433.09,400.0,850.0,1200.0
1206,7,ZONE_FACULTY_MEDICINE,1,GroundFloor,SM_FC_Ground_Lobby_Transit_12x12,60767.61,-67823.53,1833.09,600.0,450.0,600.0
1206,7,ZONE_FACULTY_MEDICINE,2,IntermediateFloor,SM_FC_Mid_Academic_Lab_12x12,60767.61,-67823.53,2433.09,400.0,320.0,400.0
1206,7,ZONE_FACULTY_MEDICINE,3,IntermediateFloor,SM_FC_Mid_Faculty_Chambers_12x12,60767.61,-67823.53,2833.09,400.0,280.0,400.0
1206,7,ZONE_FACULTY_MEDICINE,4,IntermediateFloor,SM_FC_Mid_Academic_Lab_12x12,60767.61,-67823.53,3233.09,400.0,320.0,400.0
1206,7,ZONE_FACULTY_MEDICINE,5,IntermediateFloor,SM_FC_Mid_Faculty_Chambers_12x12,60767.61,-67823.53,3633.09,400.0,280.0,400.0
1206,7,ZONE_FACULTY_MEDICINE,6,IntermediateFloor,SM_FC_Mid_Academic_Lab_12x12,60767.61,-67823.53,4033.09,400.0,320.0,400.0
1206,7,ZONE_FACULTY_MEDICINE,7,Roof,SM_FC_Roof_SolarObservatory_12x12,60767.61,-67823.53,4433.09,500.0,140.0,250.0
1207,7,ZONE_FACULTY_MEDICINE,0,Foundation,SM_FC_Foundation_SlopeCompensated_12x12,62279.59,-66311.55,2651.47,400.0,850.0,1200.0
1207,7,ZONE_FACULTY_MEDICINE,1,GroundFloor,SM_FC_Ground_Lobby_Transit_12x12,62279.59,-66311.55,3051.47,600.0,450.0,600.0
1207,7,ZONE_FACULTY_MEDICINE,2,IntermediateFloor,SM_FC_Mid_Academic_Lab_12x12,62279.59,-66311.55,3651.47,400.0,320.0,400.0
1207,7,ZONE_FACULTY_MEDICINE,3,IntermediateFloor,SM_FC_Mid_Faculty_Chambers_12x12,62279.59,-66311.55,4051.47,400.0,280.0,400.0
1207,7,ZONE_FACULTY_MEDICINE,4,IntermediateFloor,SM_FC_Mid_Academic_Lab_12x12,62279.59,-66311.55,4451.47,400.0,320.0,400.0
1207,7,ZONE_FACULTY_MEDICINE,5,IntermediateFloor,SM_FC_Mid_Faculty_Chambers_12x12,62279.59,-66311.55,4851.47,400.0,280.0,400.0
1207,7,ZONE_FACULTY_MEDICINE,6,Roof,SM_FC_Roof_SolarObservatory_12x12,62279.59,-66311.55,5251.47,500.0,140.0,250.0
1208,7,ZONE_FACULTY_MEDICINE,0,Foundation,SM_FC_Foundation_SlopeCompensated_12x12,63791.57,-64799.56,3441.26,400.0,850.0,1200.0
1208,7,ZONE_FACULTY_MEDICINE,1,GroundFloor,SM_FC_Ground_Lobby_Transit_12x12,63791.57,-64799.56,3841.26,600.0,450.0,600.0
1208,7,ZONE_FACULTY_MEDICINE,2,IntermediateFloor,SM_FC_Mid_Academic_Lab_12x12,63791.57,-64799.56,4441.26,400.0,320.0,400.0
1208,7,ZONE_FACULTY_MEDICINE,3,IntermediateFloor,SM_FC_Mid_Faculty_Chambers_12x12,63791.57,-64799.56,4841.26,400.0,280.0,400.0
1208,7,ZONE_FACULTY_MEDICINE,4,Roof,SM_FC_Roof_SolarObservatory_12x12,63791.57,-64799.56,5241.26,500.0,140.0,250.0
1209,7,ZONE_FACULTY_MEDICINE,0,Foundation,SM_FC_Foundation_SlopeCompensated_12x12,65303.56,-63287.58,3225.62,400.0,850.0,1200.0
1209,7,ZONE_FACULTY_MEDICINE,1,GroundFloor,SM_FC_Ground_Lobby_Transit_12x12,65303.56,-63287.58,3625.62,600.0,450.0,600.0
1209,7,ZONE_FACULTY_MEDICINE,2,IntermediateFloor,SM_FC_Mid_Academic_Lab_12x12,65303.56,-63287.58,4225.62,400.0,320.0,400.0
1209,7,ZONE_FACULTY_MEDICINE,3,IntermediateFloor,SM_FC_Mid_Faculty_Chambers_12x12,65303.56,-63287.58,4625.62,400.0,280.0,400.0
1209,7,ZONE_FACULTY_MEDICINE,4,IntermediateFloor,SM_FC_Mid_Academic_Lab_12x12,65303.56,-63287.58,5025.62,400.0,320.0,400.0
1209,7,ZONE_FACULTY_MEDICINE,5,IntermediateFloor,SM_FC_Mid_Faculty_Chambers_12x12,65303.56,-63287.58,5425.62,400.0,280.0,400.0
1209,7,ZONE_FACULTY_MEDICINE,6,IntermediateFloor,SM_FC_Mid_Academic_Lab_12x12,65303.56,-63287.58,5825.62,400.0,320.0,400.0
1209,7,ZONE_FACULTY_MEDICINE,7,Roof,SM_FC_Roof_SolarObservatory_12x12,65303.56,-63287.58,6225.62,500.0,140.0,250.0
1210,7,ZONE_FACULTY_MEDICINE,0,Foundation,SM_FC_Foundation_SlopeCompensated_12x12,66815.54,-61775.6,2292.97,400.0,850.0,1200.0
1210,7,ZONE_FACULTY_MEDICINE,1,GroundFloor,SM_FC_Ground_Lobby_Transit_12x12,66815.54,-61775.6,2692.97,600.0,450.0,600.0
1210,7,ZONE_FACULTY_MEDICINE,2,IntermediateFloor,SM_FC_Mid_Academic_Lab_12x12,66815.54,-61775.6,3292.97,400.0,320.0,400.0
1210,7,ZONE_FACULTY_MEDICINE,3,IntermediateFloor,SM_FC_Mid_Faculty_Chambers_12x12,66815.54,-61775.6,3692.97,400.0,280.0,400.0
1210,7,ZONE_FACULTY_MEDICINE,4,IntermediateFloor,SM_FC_Mid_Academic_Lab_12x12,66815.54,-61775.6,4092.97,400.0,320.0,400.0
1210,7,ZONE_FACULTY_MEDICINE,5,IntermediateFloor,SM_FC_Mid_Faculty_Chambers_12x12,66815.54,-61775.6,4492.97,400.0,280.0,400.0
1210,7,ZONE_FACULTY_MEDICINE,6,IntermediateFloor,SM_FC_Mid_Academic_Lab_12x12,66815.54,-61775.6,4892.97,400.0,320.0,400.0
1210,7,ZONE_FACULTY_MEDICINE,7,IntermediateFloor,SM_FC_Mid_Faculty_Chambers_12x12,66815.54,-61775.6,5292.97,400.0,280.0,400.0
1210,7,ZONE_FACULTY_MEDICINE,8,Roof,SM_FC_Roof_SolarObservatory_12x12,66815.54,-61775.6,5692.97,500.0,140.0,250.0
1211,7,ZONE_FACULTY_MEDICINE,0,Foundation,SM_FC_Foundation_SlopeCompensated_12x12,64111.51,-68953.71,1643.64,400.0,850.0,1200.0
1211,7,ZONE_FACULTY_MEDICINE,1,GroundFloor,SM_FC_Ground_Lobby_Transit_12x12,64111.51,-68953.71,2043.64,600.0,450.0,600.0
1211,7,ZONE_FACULTY_MEDICINE,2,IntermediateFloor,SM_FC_Mid_Academic_Lab_12x12,64111.51,-68953.71,2643.64,400.0,320.0,400.0
1211,7,ZONE_FACULTY_MEDICINE,3,IntermediateFloor,SM_FC_Mid_Faculty_Chambers_12x12,64111.51,-68953.71,3043.64,400.0,280.0,400.0
1211,7,ZONE_FACULTY_MEDICINE,4,IntermediateFloor,SM_FC_Mid_Academic_Lab_12x12,64111.51,-68953.71,3443.64,400.0,320.0,400.0
1211,7,ZONE_FACULTY_MEDICINE,5,IntermediateFloor,SM_FC_Mid_Faculty_Chambers_12x12,64111.51,-68953.71,3843.64,400.0,280.0,400.0
1211,7,ZONE_FACULTY_MEDICINE,6,Roof,SM_FC_Roof_SolarObservatory_12x12,64111.51,-68953.71,4243.64,500.0,140.0,250.0
1212,7,ZONE_FACULTY_MEDICINE,0,Foundation,SM_FC_Foundation_SlopeCompensated_12x12,65322.06,-67743.16,2380.56,400.0,850.0,1200.0
1212,7,ZONE_FACULTY_MEDICINE,1,GroundFloor,SM_FC_Ground_Lobby_Transit_12x12,65322.06,-67743.16,2780.56,600.0,450.0,600.0
1212,7,ZONE_FACULTY_MEDICINE,2,IntermediateFloor,SM_FC_Mid_Academic_Lab_12x12,65322.06,-67743.16,3380.56,400.0,320.0,400.0
1212,7,ZONE_FACULTY_MEDICINE,3,IntermediateFloor,SM_FC_Mid_Faculty_Chambers_12x12,65322.06,-67743.16,3780.56,400.0,280.0,400.0
1212,7,ZONE_FACULTY_MEDICINE,4,IntermediateFloor,SM_FC_Mid_Academic_Lab_12x12,65322.06,-67743.16,4180.56,400.0,320.0,400.0
1212,7,ZONE_FACULTY_MEDICINE,5,IntermediateFloor,SM_FC_Mid_Faculty_Chambers_12x12,65322.06,-67743.16,4580.56,400.0,280.0,400.0
1212,7,ZONE_FACULTY_MEDICINE,6,IntermediateFloor,SM_FC_Mid_Academic_Lab_12x12,65322.06,-67743.16,4980.56,400.0,320.0,400.0
1212,7,ZONE_FACULTY_MEDICINE,7,IntermediateFloor,SM_FC_Mid_Faculty_Chambers_12x12,65322.06,-67743.16,5380.56,400.0,280.0,400.0
1212,7,ZONE_FACULTY_MEDICINE,8,Roof,SM_FC_Roof_SolarObservatory_12x12,65322.06,-67743.16,5780.56,500.0,140.0,250.0
1213,7,ZONE_FACULTY_MEDICINE,0,Foundation,SM_FC_Foundation_SlopeCompensated_12x12,66532.61,-66532.61,2830.55,400.0,850.0,1200.0
1213,7,ZONE_FACULTY_MEDICINE,1,GroundFloor,SM_FC_Ground_Lobby_Transit_12x12,66532.61,-66532.61,3230.55,600.0,450.0,600.0
1213,7,ZONE_FACULTY_MEDICINE,2,IntermediateFloor,SM_FC_Mid_Academic_Lab_12x12,66532.61,-66532.61,3830.55,400.0,320.0,400.0
1213,7,ZONE_FACULTY_MEDICINE,3,IntermediateFloor,SM_FC_Mid_Faculty_Chambers_12x12,66532.61,-66532.61,4230.55,400.0,280.0,400.0
1213,7,ZONE_FACULTY_MEDICINE,4,IntermediateFloor,SM_FC_Mid_Academic_Lab_12x12,66532.61,-66532.61,4630.55,400.0,320.0,400.0
1213,7,ZONE_FACULTY_MEDICINE,5,IntermediateFloor,SM_FC_Mid_Faculty_Chambers_12x12,66532.61,-66532.61,5030.55,400.0,280.0,400.0
1213,7,ZONE_FACULTY_MEDICINE,6,Roof,SM_FC_Roof_SolarObservatory_12x12,66532.61,-66532.61,5430.55,500.0,140.0,250.0
1214,7,ZONE_FACULTY_MEDICINE,0,Foundation,SM_FC_Foundation_SlopeCompensated_12x12,67743.16,-65322.06,2380.56,400.0,850.0,1200.0
1214,7,ZONE_FACULTY_MEDICINE,1,GroundFloor,SM_FC_Ground_Lobby_Transit_12x12,67743.16,-65322.06,2780.56,600.0,450.0,600.0
1214,7,ZONE_FACULTY_MEDICINE,2,IntermediateFloor,SM_FC_Mid_Academic_Lab_12x12,67743.16,-65322.06,3380.56,400.0,320.0,400.0
1214,7,ZONE_FACULTY_MEDICINE,3,IntermediateFloor,SM_FC_Mid_Faculty_Chambers_12x12,67743.16,-65322.06,3780.56,400.0,280.0,400.0
1214,7,ZONE_FACULTY_MEDICINE,4,IntermediateFloor,SM_FC_Mid_Academic_Lab_12x12,67743.16,-65322.06,4180.56,400.0,320.0,400.0
1214,7,ZONE_FACULTY_MEDICINE,5,Roof,SM_FC_Roof_SolarObservatory_12x12,67743.16,-65322.06,4580.56,500.0,140.0,250.0
1215,7,ZONE_FACULTY_MEDICINE,0,Foundation,SM_FC_Foundation_SlopeCompensated_12x12,68953.71,-64111.51,1643.64,400.0,850.0,1200.0
1215,7,ZONE_FACULTY_MEDICINE,1,GroundFloor,SM_FC_Ground_Lobby_Transit_12x12,68953.71,-64111.51,2043.64,600.0,450.0,600.0
1215,7,ZONE_FACULTY_MEDICINE,2,IntermediateFloor,SM_FC_Mid_Academic_Lab_12x12,68953.71,-64111.51,2643.64,400.0,320.0,400.0
1215,7,ZONE_FACULTY_MEDICINE,3,IntermediateFloor,SM_FC_Mid_Faculty_Chambers_12x12,68953.71,-64111.51,3043.64,400.0,280.0,400.0
1215,7,ZONE_FACULTY_MEDICINE,4,IntermediateFloor,SM_FC_Mid_Academic_Lab_12x12,68953.71,-64111.51,3443.64,400.0,320.0,400.0
1215,7,ZONE_FACULTY_MEDICINE,5,Roof,SM_FC_Roof_SolarObservatory_12x12,68953.71,-64111.51,3843.64,500.0,140.0,250.0
1216,7,ZONE_HARBOR_BERTH,0,Foundation,SM_FC_Foundation_SlopeCompensated_12x12,67233.43,-70305.87,1457.44,400.0,850.0,1200.0
1216,7,ZONE_HARBOR_BERTH,1,GroundFloor,SM_FC_Harbor_Submersible_Berth,67233.43,-70305.87,1857.44,300.0,600.0,900.0
1216,7,ZONE_HARBOR_BERTH,2,Roof,SM_FC_Roof_SolarObservatory_12x12,67233.43,-70305.87,2157.44,500.0,140.0,250.0
1217,7,ZONE_HARBOR_BERTH,0,Foundation,SM_FC_Foundation_SlopeCompensated_12x12,68155.16,-69384.14,1843.94,400.0,850.0,1200.0
1217,7,ZONE_HARBOR_BERTH,1,GroundFloor,SM_FC_Harbor_Submersible_Berth,68155.16,-69384.14,2243.94,300.0,600.0,900.0
1217,7,ZONE_HARBOR_BERTH,2,Roof,SM_FC_Roof_SolarObservatory_12x12,68155.16,-69384.14,2543.94,500.0,140.0,250.0
1218,7,ZONE_HARBOR_BERTH,0,Foundation,SM_FC_Foundation_SlopeCompensated_12x12,69076.89,-68462.41,1935.68,400.0,850.0,1200.0
1218,7,ZONE_HARBOR_BERTH,1,GroundFloor,SM_FC_Harbor_Submersible_Berth,69076.89,-68462.41,2335.68,300.0,600.0,900.0
1218,7,ZONE_HARBOR_BERTH,2,Roof,SM_FC_Roof_SolarObservatory_12x12,69076.89,-68462.41,2635.68,500.0,140.0,250.0
1219,7,ZONE_HARBOR_BERTH,0,Foundation,SM_FC_Foundation_SlopeCompensated_12x12,69998.62,-67540.67,1604.83,400.0,850.0,1200.0
1219,7,ZONE_HARBOR_BERTH,1,GroundFloor,SM_FC_Harbor_Submersible_Berth,69998.62,-67540.67,2004.83,300.0,600.0,900.0
1219,7,ZONE_HARBOR_BERTH,2,Roof,SM_FC_Roof_SolarObservatory_12x12,69998.62,-67540.67,2304.83,500.0,140.0,250.0
1220,7,ZONE_HARBOR_BERTH,0,Foundation,SM_FC_Foundation_SlopeCompensated_12x12,70920.35,-66618.94,1107.01,400.0,850.0,1200.0
1220,7,ZONE_HARBOR_BERTH,1,GroundFloor,SM_FC_Harbor_Submersible_Berth,70920.35,-66618.94,1507.01,300.0,600.0,900.0
1220,7,ZONE_HARBOR_BERTH,2,Roof,SM_FC_Roof_SolarObservatory_12x12,70920.35,-66618.94,1807.01,500.0,140.0,250.0
1221,7,ZONE_HARBOR_BERTH,0,Foundation,SM_FC_Foundation_SlopeCompensated_12x12,69492.92,-72520.46,785.44,400.0,850.0,1200.0
1221,7,ZONE_HARBOR_BERTH,1,GroundFloor,SM_FC_Harbor_Submersible_Berth,69492.92,-72520.46,1185.44,300.0,600.0,900.0
1221,7,ZONE_HARBOR_BERTH,2,Roof,SM_FC_Roof_SolarObservatory_12x12,69492.92,-72520.46,1485.44,500.0,140.0,250.0
1222,7,ZONE_HARBOR_BERTH,0,Foundation,SM_FC_Foundation_SlopeCompensated_12x12,70141.68,-71871.7,1029.72,400.0,850.0,1200.0
1222,7,ZONE_HARBOR_BERTH,1,GroundFloor,SM_FC_Harbor_Submersible_Berth,70141.68,-71871.7,1429.72,300.0,600.0,900.0
1222,7,ZONE_HARBOR_BERTH,2,Roof,SM_FC_Roof_SolarObservatory_12x12,70141.68,-71871.7,1729.72,500.0,140.0,250.0
1223,7,ZONE_HARBOR_BERTH,0,Foundation,SM_FC_Foundation_SlopeCompensated_12x12,70790.44,-71222.94,1195.14,400.0,850.0,1200.0
1223,7,ZONE_HARBOR_BERTH,1,GroundFloor,SM_FC_Harbor_Submersible_Berth,70790.44,-71222.94,1595.14,300.0,600.0,900.0
1223,7,ZONE_HARBOR_BERTH,2,Roof,SM_FC_Roof_SolarObservatory_12x12,70790.44,-71222.94,1895.14,500.0,140.0,250.0
1224,7,ZONE_HARBOR_BERTH,0,Foundation,SM_FC_Foundation_SlopeCompensated_12x12,71439.19,-70574.18,1148.76,400.0,850.0,1200.0
1224,7,ZONE_HARBOR_BERTH,1,GroundFloor,SM_FC_Harbor_Submersible_Berth,71439.19,-70574.18,1548.76,300.0,600.0,900.0
1224,7,ZONE_HARBOR_BERTH,2,Roof,SM_FC_Roof_SolarObservatory_12x12,71439.19,-70574.18,1848.76,500.0,140.0,250.0
1225,7,ZONE_HARBOR_BERTH,0,Foundation,SM_FC_Foundation_SlopeCompensated_12x12,72087.95,-69925.43,957.06,400.0,850.0,1200.0
1225,7,ZONE_HARBOR_BERTH,1,GroundFloor,SM_FC_Harbor_Submersible_Berth,72087.95,-69925.43,1357.06,300.0,600.0,900.0
1225,7,ZONE_HARBOR_BERTH,2,Roof,SM_FC_Roof_SolarObservatory_12x12,72087.95,-69925.43,1657.06,500.0,140.0,250.0
1226,7,ZONE_HARBOR_BERTH,0,Foundation,SM_FC_Foundation_SlopeCompensated_12x12,72451.72,-74035.74,461.44,400.0,850.0,1200.0
1226,7,ZONE_HARBOR_BERTH,1,GroundFloor,SM_FC_Harbor_Submersible_Berth,72451.72,-74035.74,861.44,300.0,600.0,900.0
1226,7,ZONE_HARBOR_BERTH,2,Roof,SM_FC_Roof_SolarObservatory_12x12,72451.72,-74035.74,1161.44,500.0,140.0,250.0
1227,7,ZONE_HARBOR_BERTH,0,Foundation,SM_FC_Foundation_SlopeCompensated_12x12,72847.73,-73639.73,537.69,400.0,850.0,1200.0
1227,7,ZONE_HARBOR_BERTH,1,GroundFloor,SM_FC_Harbor_Submersible_Berth,72847.73,-73639.73,937.69,300.0,600.0,900.0
1227,7,ZONE_HARBOR_BERTH,2,Roof,SM_FC_Roof_SolarObservatory_12x12,72847.73,-73639.73,1237.69,500.0,140.0,250.0
1228,7,ZONE_HARBOR_BERTH,0,Foundation,SM_FC_Foundation_SlopeCompensated_12x12,73243.73,-73243.73,588.11,400.0,850.0,1200.0
1228,7,ZONE_HARBOR_BERTH,1,GroundFloor,SM_FC_Harbor_Submersible_Berth,73243.73,-73243.73,988.11,300.0,600.0,900.0
1228,7,ZONE_HARBOR_BERTH,2,Roof,SM_FC_Roof_SolarObservatory_12x12,73243.73,-73243.73,1288.11,500.0,140.0,250.0
1229,7,ZONE_HARBOR_BERTH,0,Foundation,SM_FC_Foundation_SlopeCompensated_12x12,73639.73,-72847.73,537.69,400.0,850.0,1200.0
1229,7,ZONE_HARBOR_BERTH,1,GroundFloor,SM_FC_Harbor_Submersible_Berth,73639.73,-72847.73,937.69,300.0,600.0,900.0
1229,7,ZONE_HARBOR_BERTH,2,Roof,SM_FC_Roof_SolarObservatory_12x12,73639.73,-72847.73,1237.69,500.0,140.0,250.0
1230,7,ZONE_HARBOR_BERTH,0,Foundation,SM_FC_Foundation_SlopeCompensated_12x12,74035.74,-72451.72,461.44,400.0,850.0,1200.0
1230,7,ZONE_HARBOR_BERTH,1,GroundFloor,SM_FC_Harbor_Submersible_Berth,74035.74,-72451.72,861.44,300.0,600.0,900.0
1230,7,ZONE_HARBOR_BERTH,2,Roof,SM_FC_Roof_SolarObservatory_12x12,74035.74,-72451.72,1161.44,500.0,140.0,250.0
1231,7,ZONE_HARBOR_BERTH,0,Foundation,SM_FC_Foundation_SlopeCompensated_12x12,75195.81,-75765.73,138.99,400.0,850.0,1200.0
1231,7,ZONE_HARBOR_BERTH,1,GroundFloor,SM_FC_Harbor_Submersible_Berth,75195.81,-75765.73,538.99,300.0,600.0,900.0
1231,7,ZONE_HARBOR_BERTH,2,Roof,SM_FC_Roof_SolarObservatory_12x12,75195.81,-75765.73,838.99,500.0,140.0,250.0
1232,7,ZONE_HARBOR_BERTH,0,Foundation,SM_FC_Foundation_SlopeCompensated_12x12,75366.79,-75594.75,149.62,400.0,850.0,1200.0
1232,7,ZONE_HARBOR_BERTH,1,GroundFloor,SM_FC_Harbor_Submersible_Berth,75366.79,-75594.75,549.62,300.0,600.0,900.0
1232,7,ZONE_HARBOR_BERTH,2,Roof,SM_FC_Roof_SolarObservatory_12x12,75366.79,-75594.75,849.62,500.0,140.0,250.0
1233,7,ZONE_HARBOR_BERTH,0,Foundation,SM_FC_Foundation_SlopeCompensated_12x12,75537.76,-75423.78,152.38,400.0,850.0,1200.0
1233,7,ZONE_HARBOR_BERTH,1,GroundFloor,SM_FC_Harbor_Submersible_Berth,75537.76,-75423.78,552.38,300.0,600.0,900.0
1233,7,ZONE_HARBOR_BERTH,2,Roof,SM_FC_Roof_SolarObservatory_12x12,75537.76,-75423.78,852.38,500.0,140.0,250.0
1234,7,ZONE_HARBOR_BERTH,0,Foundation,SM_FC_Foundation_SlopeCompensated_12x12,75708.74,-75252.8,142.93,400.0,850.0,1200.0
1234,7,ZONE_HARBOR_BERTH,1,GroundFloor,SM_FC_Harbor_Submersible_Berth,75708.74,-75252.8,542.93,300.0,600.0,900.0
1234,7,ZONE_HARBOR_BERTH,2,Roof,SM_FC_Roof_SolarObservatory_12x12,75708.74,-75252.8,842.93,500.0,140.0,250.0
1235,7,ZONE_HARBOR_BERTH,0,Foundation,SM_FC_Foundation_SlopeCompensated_12x12,75879.71,-75081.83,129.94,400.0,850.0,1200.0
1235,7,ZONE_HARBOR_BERTH,1,GroundFloor,SM_FC_Harbor_Submersible_Berth,75879.71,-75081.83,529.94,300.0,600.0,900.0
1235,7,ZONE_HARBOR_BERTH,2,Roof,SM_FC_Roof_SolarObservatory_12x12,75879.71,-75081.83,829.94,500.0,140.0,250.0
1236,7,ZONE_HARBOR_BERTH,0,Foundation,SM_FC_Foundation_SlopeCompensated_12x12,77717.81,-77717.81,0.0,400.0,850.0,1200.0
1236,7,ZONE_HARBOR_BERTH,1,GroundFloor,SM_FC_Harbor_Submersible_Berth,77717.81,-77717.81,400.0,300.0,600.0,900.0
1236,7,ZONE_HARBOR_BERTH,2,Roof,SM_FC_Roof_SolarObservatory_12x12,77717.81,-77717.81,700.0,500.0,140.0,250.0
1237,7,ZONE_HARBOR_BERTH,0,Foundation,SM_FC_Foundation_SlopeCompensated_12x12,77717.81,-77717.81,0.0,400.0,850.0,1200.0
1237,7,ZONE_HARBOR_BERTH,1,GroundFloor,SM_FC_Harbor_Submersible_Berth,77717.81,-77717.81,400.0,300.0,600.0,900.0
1237,7,ZONE_HARBOR_BERTH,2,Roof,SM_FC_Roof_SolarObservatory_12x12,77717.81,-77717.81,700.0,500.0,140.0,250.0
1238,7,ZONE_HARBOR_BERTH,0,Foundation,SM_FC_Foundation_SlopeCompensated_12x12,77717.81,-77717.81,0.0,400.0,850.0,1200.0
1238,7,ZONE_HARBOR_BERTH,1,GroundFloor,SM_FC_Harbor_Submersible_Berth,77717.81,-77717.81,400.0,300.0,600.0,900.0
1238,7,ZONE_HARBOR_BERTH,2,Roof,SM_FC_Roof_SolarObservatory_12x12,77717.81,-77717.81,700.0,500.0,140.0,250.0
1239,7,ZONE_HARBOR_BERTH,0,Foundation,SM_FC_Foundation_SlopeCompensated_12x12,77717.81,-77717.81,0.0,400.0,850.0,1200.0
1239,7,ZONE_HARBOR_BERTH,1,GroundFloor,SM_FC_Harbor_Submersible_Berth,77717.81,-77717.81,400.0,300.0,600.0,900.0
1239,7,ZONE_HARBOR_BERTH,2,Roof,SM_FC_Roof_SolarObservatory_12x12,77717.81,-77717.81,700.0,500.0,140.0,250.0
1240,7,ZONE_HARBOR_BERTH,0,Foundation,SM_FC_Foundation_SlopeCompensated_12x12,77717.81,-77717.81,0.0,400.0,850.0,1200.0
1240,7,ZONE_HARBOR_BERTH,1,GroundFloor,SM_FC_Harbor_Submersible_Berth,77717.81,-77717.81,400.0,300.0,600.0,900.0
1240,7,ZONE_HARBOR_BERTH,2,Roof,SM_FC_Roof_SolarObservatory_12x12,77717.81,-77717.81,700.0,500.0,140.0,250.0
1241,-1,ZONE_CORE_CITADEL,0,Foundation,SM_FC_Foundation_SlopeCompensated_12x12,1803.12,1803.12,1500.0,400.0,850.0,1200.0
1241,-1,ZONE_CORE_CITADEL,1,GroundFloor,SM_FC_Ground_Lobby_Transit_12x12,1803.12,1803.12,1900.0,600.0,450.0,600.0
1241,-1,ZONE_CORE_CITADEL,2,IntermediateFloor,SM_FC_Mid_Academic_Lab_12x12,1803.12,1803.12,2500.0,400.0,320.0,400.0
1241,-1,ZONE_CORE_CITADEL,3,Roof,SM_FC_Roof_SolarObservatory_12x12,1803.12,1803.12,2900.0,500.0,140.0,250.0
1242,-1,ZONE_CORE_CITADEL,0,Foundation,SM_FC_Foundation_SlopeCompensated_12x12,-2550.0,0.0,1500.0,400.0,850.0,1200.0
1242,-1,ZONE_CORE_CITADEL,1,GroundFloor,SM_FC_Ground_Lobby_Transit_12x12,-2550.0,0.0,1900.0,600.0,450.0,600.0
1242,-1,ZONE_CORE_CITADEL,2,IntermediateFloor,SM_FC_Mid_Academic_Lab_12x12,-2550.0,0.0,2500.0,400.0,320.0,400.0
1242,-1,ZONE_CORE_CITADEL,3,IntermediateFloor,SM_FC_Mid_Faculty_Chambers_12x12,-2550.0,0.0,2900.0,400.0,280.0,400.0
1242,-1,ZONE_CORE_CITADEL,4,IntermediateFloor,SM_FC_Mid_Academic_Lab_12x12,-2550.0,0.0,3300.0,400.0,320.0,400.0
1242,-1,ZONE_CORE_CITADEL,5,IntermediateFloor,SM_FC_Mid_Faculty_Chambers_12x12,-2550.0,0.0,3700.0,400.0,280.0,400.0
1242,-1,ZONE_CORE_CITADEL,6,IntermediateFloor,SM_FC_Mid_Academic_Lab_12x12,-2550.0,0.0,4100.0,400.0,320.0,400.0
1242,-1,ZONE_CORE_CITADEL,7,IntermediateFloor,SM_FC_Mid_Faculty_Chambers_12x12,-2550.0,0.0,4500.0,400.0,280.0,400.0
1242,-1,ZONE_CORE_CITADEL,8,Roof,SM_FC_Roof_SolarObservatory_12x12,-2550.0,0.0,4900.0,500.0,140.0,250.0
1243,-1,ZONE_CORE_CITADEL,0,Foundation,SM_FC_Foundation_SlopeCompensated_12x12,1803.12,-1803.12,1500.0,400.0,850.0,1200.0
1243,-1,ZONE_CORE_CITADEL,1,GroundFloor,SM_FC_Ground_Lobby_Transit_12x12,1803.12,-1803.12,1900.0,600.0,450.0,600.0
1243,-1,ZONE_CORE_CITADEL,2,IntermediateFloor,SM_FC_Mid_Academic_Lab_12x12,1803.12,-1803.12,2500.0,400.0,320.0,400.0
1243,-1,ZONE_CORE_CITADEL,3,IntermediateFloor,SM_FC_Mid_Faculty_Chambers_12x12,1803.12,-1803.12,2900.0,400.0,280.0,400.0
1243,-1,ZONE_CORE_CITADEL,4,Roof,SM_FC_Roof_SolarObservatory_12x12,1803.12,-1803.12,3300.0,500.0,140.0,250.0
1244,-1,ZONE_CORE_CITADEL,0,Foundation,SM_FC_Foundation_SlopeCompensated_12x12,3606.24,3606.24,1500.0,400.0,850.0,1200.0
1244,-1,ZONE_CORE_CITADEL,1,GroundFloor,SM_FC_Ground_Lobby_Transit_12x12,3606.24,3606.24,1900.0,600.0,450.0,600.0
1244,-1,ZONE_CORE_CITADEL,2,IntermediateFloor,SM_FC_Mid_Academic_Lab_12x12,3606.24,3606.24,2500.0,400.0,320.0,400.0
1244,-1,ZONE_CORE_CITADEL,3,Roof,SM_FC_Roof_SolarObservatory_12x12,3606.24,3606.24,2900.0,500.0,140.0,250.0
1245,-1,ZONE_CORE_CITADEL,0,Foundation,SM_FC_Foundation_SlopeCompensated_12x12,-1951.69,4711.79,1500.0,400.0,850.0,1200.0
1245,-1,ZONE_CORE_CITADEL,1,GroundFloor,SM_FC_Ground_Lobby_Transit_12x12,-1951.69,4711.79,1900.0,600.0,450.0,600.0
1245,-1,ZONE_CORE_CITADEL,2,IntermediateFloor,SM_FC_Mid_Academic_Lab_12x12,-1951.69,4711.79,2500.0,400.0,320.0,400.0
1245,-1,ZONE_CORE_CITADEL,3,IntermediateFloor,SM_FC_Mid_Faculty_Chambers_12x12,-1951.69,4711.79,2900.0,400.0,280.0,400.0
1245,-1,ZONE_CORE_CITADEL,4,IntermediateFloor,SM_FC_Mid_Academic_Lab_12x12,-1951.69,4711.79,3300.0,400.0,320.0,400.0
1245,-1,ZONE_CORE_CITADEL,5,Roof,SM_FC_Roof_SolarObservatory_12x12,-1951.69,4711.79,3700.0,500.0,140.0,250.0
1246,-1,ZONE_CORE_CITADEL,0,Foundation,SM_FC_Foundation_SlopeCompensated_12x12,-5100.0,0.0,1500.0,400.0,850.0,1200.0
1246,-1,ZONE_CORE_CITADEL,1,GroundFloor,SM_FC_Ground_Lobby_Transit_12x12,-5100.0,0.0,1900.0,600.0,450.0,600.0
1246,-1,ZONE_CORE_CITADEL,2,IntermediateFloor,SM_FC_Mid_Academic_Lab_12x12,-5100.0,0.0,2500.0,400.0,320.0,400.0
1246,-1,ZONE_CORE_CITADEL,3,IntermediateFloor,SM_FC_Mid_Faculty_Chambers_12x12,-5100.0,0.0,2900.0,400.0,280.0,400.0
1246,-1,ZONE_CORE_CITADEL,4,IntermediateFloor,SM_FC_Mid_Academic_Lab_12x12,-5100.0,0.0,3300.0,400.0,320.0,400.0
1246,-1,ZONE_CORE_CITADEL,5,IntermediateFloor,SM_FC_Mid_Faculty_Chambers_12x12,-5100.0,0.0,3700.0,400.0,280.0,400.0
1246,-1,ZONE_CORE_CITADEL,6,IntermediateFloor,SM_FC_Mid_Academic_Lab_12x12,-5100.0,0.0,4100.0,400.0,320.0,400.0
1246,-1,ZONE_CORE_CITADEL,7,IntermediateFloor,SM_FC_Mid_Faculty_Chambers_12x12,-5100.0,0.0,4500.0,400.0,280.0,400.0
1246,-1,ZONE_CORE_CITADEL,8,Roof,SM_FC_Roof_SolarObservatory_12x12,-5100.0,0.0,4900.0,500.0,140.0,250.0
1247,-1,ZONE_CORE_CITADEL,0,Foundation,SM_FC_Foundation_SlopeCompensated_12x12,-1951.69,-4711.79,1500.0,400.0,850.0,1200.0
1247,-1,ZONE_CORE_CITADEL,1,GroundFloor,SM_FC_Ground_Lobby_Transit_12x12,-1951.69,-4711.79,1900.0,600.0,450.0,600.0
1247,-1,ZONE_CORE_CITADEL,2,IntermediateFloor,SM_FC_Mid_Academic_Lab_12x12,-1951.69,-4711.79,2500.0,400.0,320.0,400.0
1247,-1,ZONE_CORE_CITADEL,3,IntermediateFloor,SM_FC_Mid_Faculty_Chambers_12x12,-1951.69,-4711.79,2900.0,400.0,280.0,400.0
1247,-1,ZONE_CORE_CITADEL,4,Roof,SM_FC_Roof_SolarObservatory_12x12,-1951.69,-4711.79,3300.0,500.0,140.0,250.0
1248,-1,ZONE_CORE_CITADEL,0,Foundation,SM_FC_Foundation_SlopeCompensated_12x12,3606.24,-3606.24,1500.0,400.0,850.0,1200.0
1248,-1,ZONE_CORE_CITADEL,1,GroundFloor,SM_FC_Ground_Lobby_Transit_12x12,3606.24,-3606.24,1900.0,600.0,450.0,600.0
1248,-1,ZONE_CORE_CITADEL,2,IntermediateFloor,SM_FC_Mid_Academic_Lab_12x12,3606.24,-3606.24,2500.0,400.0,320.0,400.0
1248,-1,ZONE_CORE_CITADEL,3,IntermediateFloor,SM_FC_Mid_Faculty_Chambers_12x12,3606.24,-3606.24,2900.0,400.0,280.0,400.0
1248,-1,ZONE_CORE_CITADEL,4,IntermediateFloor,SM_FC_Mid_Academic_Lab_12x12,3606.24,-3606.24,3300.0,400.0,320.0,400.0
1248,-1,ZONE_CORE_CITADEL,5,IntermediateFloor,SM_FC_Mid_Faculty_Chambers_12x12,3606.24,-3606.24,3700.0,400.0,280.0,400.0
1248,-1,ZONE_CORE_CITADEL,6,IntermediateFloor,SM_FC_Mid_Academic_Lab_12x12,3606.24,-3606.24,4100.0,400.0,320.0,400.0
1248,-1,ZONE_CORE_CITADEL,7,IntermediateFloor,SM_FC_Mid_Faculty_Chambers_12x12,3606.24,-3606.24,4500.0,400.0,280.0,400.0
1248,-1,ZONE_CORE_CITADEL,8,Roof,SM_FC_Roof_SolarObservatory_12x12,3606.24,-3606.24,4900.0,500.0,140.0,250.0
1249,-1,ZONE_CORE_CITADEL,0,Foundation,SM_FC_Foundation_SlopeCompensated_12x12,7389.33,1979.97,1500.0,400.0,850.0,1200.0
1249,-1,ZONE_CORE_CITADEL,1,GroundFloor,SM_FC_Ground_Lobby_Transit_12x12,7389.33,1979.97,1900.0,600.0,450.0,600.0
1249,-1,ZONE_CORE_CITADEL,2,IntermediateFloor,SM_FC_Mid_Academic_Lab_12x12,7389.33,1979.97,2500.0,400.0,320.0,400.0
1249,-1,ZONE_CORE_CITADEL,3,IntermediateFloor,SM_FC_Mid_Faculty_Chambers_12x12,7389.33,1979.97,2900.0,400.0,280.0,400.0
1249,-1,ZONE_CORE_CITADEL,4,IntermediateFloor,SM_FC_Mid_Academic_Lab_12x12,7389.33,1979.97,3300.0,400.0,320.0,400.0
1249,-1,ZONE_CORE_CITADEL,5,IntermediateFloor,SM_FC_Mid_Faculty_Chambers_12x12,7389.33,1979.97,3700.0,400.0,280.0,400.0
1249,-1,ZONE_CORE_CITADEL,6,Roof,SM_FC_Roof_SolarObservatory_12x12,7389.33,1979.97,4100.0,500.0,140.0,250.0
1250,-1,ZONE_CORE_CITADEL,0,Foundation,SM_FC_Foundation_SlopeCompensated_12x12,3825.0,6625.09,1500.0,400.0,850.0,1200.0
1250,-1,ZONE_CORE_CITADEL,1,GroundFloor,SM_FC_Ground_Lobby_Transit_12x12,3825.0,6625.09,1900.0,600.0,450.0,600.0
1250,-1,ZONE_CORE_CITADEL,2,IntermediateFloor,SM_FC_Mid_Academic_Lab_12x12,3825.0,6625.09,2500.0,400.0,320.0,400.0
1250,-1,ZONE_CORE_CITADEL,3,IntermediateFloor,SM_FC_Mid_Faculty_Chambers_12x12,3825.0,6625.09,2900.0,400.0,280.0,400.0
1250,-1,ZONE_CORE_CITADEL,4,IntermediateFloor,SM_FC_Mid_Academic_Lab_12x12,3825.0,6625.09,3300.0,400.0,320.0,400.0
1250,-1,ZONE_CORE_CITADEL,5,IntermediateFloor,SM_FC_Mid_Faculty_Chambers_12x12,3825.0,6625.09,3700.0,400.0,280.0,400.0
1250,-1,ZONE_CORE_CITADEL,6,IntermediateFloor,SM_FC_Mid_Academic_Lab_12x12,3825.0,6625.09,4100.0,400.0,320.0,400.0
1250,-1,ZONE_CORE_CITADEL,7,Roof,SM_FC_Roof_SolarObservatory_12x12,3825.0,6625.09,4500.0,500.0,140.0,250.0
1251,-1,ZONE_CORE_CITADEL,0,Foundation,SM_FC_Foundation_SlopeCompensated_12x12,-1979.97,7389.33,1500.0,400.0,850.0,1200.0
1251,-1,ZONE_CORE_CITADEL,1,GroundFloor,SM_FC_Ground_Lobby_Transit_12x12,-1979.97,7389.33,1900.0,600.0,450.0,600.0
1251,-1,ZONE_CORE_CITADEL,2,IntermediateFloor,SM_FC_Mid_Academic_Lab_12x12,-1979.97,7389.33,2500.0,400.0,320.0,400.0
1251,-1,ZONE_CORE_CITADEL,3,Roof,SM_FC_Roof_SolarObservatory_12x12,-1979.97,7389.33,2900.0,500.0,140.0,250.0
1252,-1,ZONE_CORE_CITADEL,0,Foundation,SM_FC_Foundation_SlopeCompensated_12x12,-6625.09,3825.0,1500.0,400.0,850.0,1200.0
1252,-1,ZONE_CORE_CITADEL,1,GroundFloor,SM_FC_Ground_Lobby_Transit_12x12,-6625.09,3825.0,1900.0,600.0,450.0,600.0
1252,-1,ZONE_CORE_CITADEL,2,IntermediateFloor,SM_FC_Mid_Academic_Lab_12x12,-6625.09,3825.0,2500.0,400.0,320.0,400.0
1252,-1,ZONE_CORE_CITADEL,3,IntermediateFloor,SM_FC_Mid_Faculty_Chambers_12x12,-6625.09,3825.0,2900.0,400.0,280.0,400.0
1252,-1,ZONE_CORE_CITADEL,4,IntermediateFloor,SM_FC_Mid_Academic_Lab_12x12,-6625.09,3825.0,3300.0,400.0,320.0,400.0
1252,-1,ZONE_CORE_CITADEL,5,Roof,SM_FC_Roof_SolarObservatory_12x12,-6625.09,3825.0,3700.0,500.0,140.0,250.0
1253,-1,ZONE_CORE_CITADEL,0,Foundation,SM_FC_Foundation_SlopeCompensated_12x12,-7389.33,-1979.97,1500.0,400.0,850.0,1200.0
1253,-1,ZONE_CORE_CITADEL,1,GroundFloor,SM_FC_Ground_Lobby_Transit_12x12,-7389.33,-1979.97,1900.0,600.0,450.0,600.0
1253,-1,ZONE_CORE_CITADEL,2,IntermediateFloor,SM_FC_Mid_Academic_Lab_12x12,-7389.33,-1979.97,2500.0,400.0,320.0,400.0
1253,-1,ZONE_CORE_CITADEL,3,IntermediateFloor,SM_FC_Mid_Faculty_Chambers_12x12,-7389.33,-1979.97,2900.0,400.0,280.0,400.0
1253,-1,ZONE_CORE_CITADEL,4,IntermediateFloor,SM_FC_Mid_Academic_Lab_12x12,-7389.33,-1979.97,3300.0,400.0,320.0,400.0
1253,-1,ZONE_CORE_CITADEL,5,IntermediateFloor,SM_FC_Mid_Faculty_Chambers_12x12,-7389.33,-1979.97,3700.0,400.0,280.0,400.0
1253,-1,ZONE_CORE_CITADEL,6,IntermediateFloor,SM_FC_Mid_Academic_Lab_12x12,-7389.33,-1979.97,4100.0,400.0,320.0,400.0
1253,-1,ZONE_CORE_CITADEL,7,IntermediateFloor,SM_FC_Mid_Faculty_Chambers_12x12,-7389.33,-1979.97,4500.0,400.0,280.0,400.0
1253,-1,ZONE_CORE_CITADEL,8,Roof,SM_FC_Roof_SolarObservatory_12x12,-7389.33,-1979.97,4900.0,500.0,140.0,250.0
1254,-1,ZONE_CORE_CITADEL,0,Foundation,SM_FC_Foundation_SlopeCompensated_12x12,-3825.0,-6625.09,1500.0,400.0,850.0,1200.0
1254,-1,ZONE_CORE_CITADEL,1,GroundFloor,SM_FC_Ground_Lobby_Transit_12x12,-3825.0,-6625.09,1900.0,600.0,450.0,600.0
1254,-1,ZONE_CORE_CITADEL,2,IntermediateFloor,SM_FC_Mid_Academic_Lab_12x12,-3825.0,-6625.09,2500.0,400.0,320.0,400.0
1254,-1,ZONE_CORE_CITADEL,3,IntermediateFloor,SM_FC_Mid_Faculty_Chambers_12x12,-3825.0,-6625.09,2900.0,400.0,280.0,400.0
1254,-1,ZONE_CORE_CITADEL,4,IntermediateFloor,SM_FC_Mid_Academic_Lab_12x12,-3825.0,-6625.09,3300.0,400.0,320.0,400.0
1254,-1,ZONE_CORE_CITADEL,5,IntermediateFloor,SM_FC_Mid_Faculty_Chambers_12x12,-3825.0,-6625.09,3700.0,400.0,280.0,400.0
1254,-1,ZONE_CORE_CITADEL,6,IntermediateFloor,SM_FC_Mid_Academic_Lab_12x12,-3825.0,-6625.09,4100.0,400.0,320.0,400.0
1254,-1,ZONE_CORE_CITADEL,7,IntermediateFloor,SM_FC_Mid_Faculty_Chambers_12x12,-3825.0,-6625.09,4500.0,400.0,280.0,400.0
1254,-1,ZONE_CORE_CITADEL,8,Roof,SM_FC_Roof_SolarObservatory_12x12,-3825.0,-6625.09,4900.0,500.0,140.0,250.0
1255,-1,ZONE_CORE_CITADEL,0,Foundation,SM_FC_Foundation_SlopeCompensated_12x12,1979.97,-7389.33,1500.0,400.0,850.0,1200.0
1255,-1,ZONE_CORE_CITADEL,1,GroundFloor,SM_FC_Ground_Lobby_Transit_12x12,1979.97,-7389.33,1900.0,600.0,450.0,600.0
1255,-1,ZONE_CORE_CITADEL,2,IntermediateFloor,SM_FC_Mid_Academic_Lab_12x12,1979.97,-7389.33,2500.0,400.0,320.0,400.0
1255,-1,ZONE_CORE_CITADEL,3,IntermediateFloor,SM_FC_Mid_Faculty_Chambers_12x12,1979.97,-7389.33,2900.0,400.0,280.0,400.0
1255,-1,ZONE_CORE_CITADEL,4,IntermediateFloor,SM_FC_Mid_Academic_Lab_12x12,1979.97,-7389.33,3300.0,400.0,320.0,400.0
1255,-1,ZONE_CORE_CITADEL,5,IntermediateFloor,SM_FC_Mid_Faculty_Chambers_12x12,1979.97,-7389.33,3700.0,400.0,280.0,400.0
1255,-1,ZONE_CORE_CITADEL,6,IntermediateFloor,SM_FC_Mid_Academic_Lab_12x12,1979.97,-7389.33,4100.0,400.0,320.0,400.0
1255,-1,ZONE_CORE_CITADEL,7,Roof,SM_FC_Roof_SolarObservatory_12x12,1979.97,-7389.33,4500.0,500.0,140.0,250.0
1256,-1,ZONE_CORE_CITADEL,0,Foundation,SM_FC_Foundation_SlopeCompensated_12x12,6625.09,-3825.0,1500.0,400.0,850.0,1200.0
1256,-1,ZONE_CORE_CITADEL,1,GroundFloor,SM_FC_Ground_Lobby_Transit_12x12,6625.09,-3825.0,1900.0,600.0,450.0,600.0
1256,-1,ZONE_CORE_CITADEL,2,IntermediateFloor,SM_FC_Mid_Academic_Lab_12x12,6625.09,-3825.0,2500.0,400.0,320.0,400.0
1256,-1,ZONE_CORE_CITADEL,3,IntermediateFloor,SM_FC_Mid_Faculty_Chambers_12x12,6625.09,-3825.0,2900.0,400.0,280.0,400.0
1256,-1,ZONE_CORE_CITADEL,4,IntermediateFloor,SM_FC_Mid_Academic_Lab_12x12,6625.09,-3825.0,3300.0,400.0,320.0,400.0
1256,-1,ZONE_CORE_CITADEL,5,IntermediateFloor,SM_FC_Mid_Faculty_Chambers_12x12,6625.09,-3825.0,3700.0,400.0,280.0,400.0
1256,-1,ZONE_CORE_CITADEL,6,Roof,SM_FC_Roof_SolarObservatory_12x12,6625.09,-3825.0,4100.0,500.0,140.0,250.0
1257,-1,ZONE_CORE_CITADEL,0,Foundation,SM_FC_Foundation_SlopeCompensated_12x12,10004.01,1989.92,1500.0,400.0,850.0,1200.0
1257,-1,ZONE_CORE_CITADEL,1,GroundFloor,SM_FC_Ground_Lobby_Transit_12x12,10004.01,1989.92,1900.0,600.0,450.0,600.0
1257,-1,ZONE_CORE_CITADEL,2,IntermediateFloor,SM_FC_Mid_Academic_Lab_12x12,10004.01,1989.92,2500.0,400.0,320.0,400.0
1257,-1,ZONE_CORE_CITADEL,3,IntermediateFloor,SM_FC_Mid_Faculty_Chambers_12x12,10004.01,1989.92,2900.0,400.0,280.0,400.0
1257,-1,ZONE_CORE_CITADEL,4,IntermediateFloor,SM_FC_Mid_Academic_Lab_12x12,10004.01,1989.92,3300.0,400.0,320.0,400.0
1257,-1,ZONE_CORE_CITADEL,5,Roof,SM_FC_Roof_SolarObservatory_12x12,10004.01,1989.92,3700.0,500.0,140.0,250.0
1258,-1,ZONE_CORE_CITADEL,0,Foundation,SM_FC_Foundation_SlopeCompensated_12x12,7212.49,7212.49,1500.0,400.0,850.0,1200.0
1258,-1,ZONE_CORE_CITADEL,1,GroundFloor,SM_FC_Ground_Lobby_Transit_12x12,7212.49,7212.49,1900.0,600.0,450.0,600.0
1258,-1,ZONE_CORE_CITADEL,2,IntermediateFloor,SM_FC_Mid_Academic_Lab_12x12,7212.49,7212.49,2500.0,400.0,320.0,400.0
1258,-1,ZONE_CORE_CITADEL,3,IntermediateFloor,SM_FC_Mid_Faculty_Chambers_12x12,7212.49,7212.49,2900.0,400.0,280.0,400.0
1258,-1,ZONE_CORE_CITADEL,4,IntermediateFloor,SM_FC_Mid_Academic_Lab_12x12,7212.49,7212.49,3300.0,400.0,320.0,400.0
1258,-1,ZONE_CORE_CITADEL,5,IntermediateFloor,SM_FC_Mid_Faculty_Chambers_12x12,7212.49,7212.49,3700.0,400.0,280.0,400.0
1258,-1,ZONE_CORE_CITADEL,6,IntermediateFloor,SM_FC_Mid_Academic_Lab_12x12,7212.49,7212.49,4100.0,400.0,320.0,400.0
1258,-1,ZONE_CORE_CITADEL,7,Roof,SM_FC_Roof_SolarObservatory_12x12,7212.49,7212.49,4500.0,500.0,140.0,250.0
1259,-1,ZONE_CORE_CITADEL,0,Foundation,SM_FC_Foundation_SlopeCompensated_12x12,1989.92,10004.01,1500.0,400.0,850.0,1200.0
1259,-1,ZONE_CORE_CITADEL,1,GroundFloor,SM_FC_Ground_Lobby_Transit_12x12,1989.92,10004.01,1900.0,600.0,450.0,600.0
1259,-1,ZONE_CORE_CITADEL,2,IntermediateFloor,SM_FC_Mid_Academic_Lab_12x12,1989.92,10004.01,2500.0,400.0,320.0,400.0
1259,-1,ZONE_CORE_CITADEL,3,IntermediateFloor,SM_FC_Mid_Faculty_Chambers_12x12,1989.92,10004.01,2900.0,400.0,280.0,400.0
1259,-1,ZONE_CORE_CITADEL,4,IntermediateFloor,SM_FC_Mid_Academic_Lab_12x12,1989.92,10004.01,3300.0,400.0,320.0,400.0
1259,-1,ZONE_CORE_CITADEL,5,IntermediateFloor,SM_FC_Mid_Faculty_Chambers_12x12,1989.92,10004.01,3700.0,400.0,280.0,400.0
1259,-1,ZONE_CORE_CITADEL,6,IntermediateFloor,SM_FC_Mid_Academic_Lab_12x12,1989.92,10004.01,4100.0,400.0,320.0,400.0
1259,-1,ZONE_CORE_CITADEL,7,Roof,SM_FC_Roof_SolarObservatory_12x12,1989.92,10004.01,4500.0,500.0,140.0,250.0
1260,-1,ZONE_CORE_CITADEL,0,Foundation,SM_FC_Foundation_SlopeCompensated_12x12,-3903.37,9423.57,1500.0,400.0,850.0,1200.0
1260,-1,ZONE_CORE_CITADEL,1,GroundFloor,SM_FC_Ground_Lobby_Transit_12x12,-3903.37,9423.57,1900.0,600.0,450.0,600.0
1260,-1,ZONE_CORE_CITADEL,2,IntermediateFloor,SM_FC_Mid_Academic_Lab_12x12,-3903.37,9423.57,2500.0,400.0,320.0,400.0
1260,-1,ZONE_CORE_CITADEL,3,IntermediateFloor,SM_FC_Mid_Faculty_Chambers_12x12,-3903.37,9423.57,2900.0,400.0,280.0,400.0
1260,-1,ZONE_CORE_CITADEL,4,IntermediateFloor,SM_FC_Mid_Academic_Lab_12x12,-3903.37,9423.57,3300.0,400.0,320.0,400.0
1260,-1,ZONE_CORE_CITADEL,5,IntermediateFloor,SM_FC_Mid_Faculty_Chambers_12x12,-3903.37,9423.57,3700.0,400.0,280.0,400.0
1260,-1,ZONE_CORE_CITADEL,6,Roof,SM_FC_Roof_SolarObservatory_12x12,-3903.37,9423.57,4100.0,500.0,140.0,250.0
1261,-1,ZONE_CORE_CITADEL,0,Foundation,SM_FC_Foundation_SlopeCompensated_12x12,-8480.99,5666.82,1500.0,400.0,850.0,1200.0
1261,-1,ZONE_CORE_CITADEL,1,GroundFloor,SM_FC_Ground_Lobby_Transit_12x12,-8480.99,5666.82,1900.0,600.0,450.0,600.0
1261,-1,ZONE_CORE_CITADEL,2,IntermediateFloor,SM_FC_Mid_Academic_Lab_12x12,-8480.99,5666.82,2500.0,400.0,320.0,400.0
1261,-1,ZONE_CORE_CITADEL,3,IntermediateFloor,SM_FC_Mid_Faculty_Chambers_12x12,-8480.99,5666.82,2900.0,400.0,280.0,400.0
1261,-1,ZONE_CORE_CITADEL,4,IntermediateFloor,SM_FC_Mid_Academic_Lab_12x12,-8480.99,5666.82,3300.0,400.0,320.0,400.0
1261,-1,ZONE_CORE_CITADEL,5,IntermediateFloor,SM_FC_Mid_Faculty_Chambers_12x12,-8480.99,5666.82,3700.0,400.0,280.0,400.0
1261,-1,ZONE_CORE_CITADEL,6,Roof,SM_FC_Roof_SolarObservatory_12x12,-8480.99,5666.82,4100.0,500.0,140.0,250.0
1262,-1,ZONE_CORE_CITADEL,0,Foundation,SM_FC_Foundation_SlopeCompensated_12x12,-10200.0,0.0,1500.0,400.0,850.0,1200.0
1262,-1,ZONE_CORE_CITADEL,1,GroundFloor,SM_FC_Ground_Lobby_Transit_12x12,-10200.0,0.0,1900.0,600.0,450.0,600.0
1262,-1,ZONE_CORE_CITADEL,2,IntermediateFloor,SM_FC_Mid_Academic_Lab_12x12,-10200.0,0.0,2500.0,400.0,320.0,400.0
1262,-1,ZONE_CORE_CITADEL,3,IntermediateFloor,SM_FC_Mid_Faculty_Chambers_12x12,-10200.0,0.0,2900.0,400.0,280.0,400.0
1262,-1,ZONE_CORE_CITADEL,4,Roof,SM_FC_Roof_SolarObservatory_12x12,-10200.0,0.0,3300.0,500.0,140.0,250.0
1263,-1,ZONE_CORE_CITADEL,0,Foundation,SM_FC_Foundation_SlopeCompensated_12x12,-8480.99,-5666.82,1500.0,400.0,850.0,1200.0
1263,-1,ZONE_CORE_CITADEL,1,GroundFloor,SM_FC_Ground_Lobby_Transit_12x12,-8480.99,-5666.82,1900.0,600.0,450.0,600.0
1263,-1,ZONE_CORE_CITADEL,2,IntermediateFloor,SM_FC_Mid_Academic_Lab_12x12,-8480.99,-5666.82,2500.0,400.0,320.0,400.0
1263,-1,ZONE_CORE_CITADEL,3,IntermediateFloor,SM_FC_Mid_Faculty_Chambers_12x12,-8480.99,-5666.82,2900.0,400.0,280.0,400.0
1263,-1,ZONE_CORE_CITADEL,4,IntermediateFloor,SM_FC_Mid_Academic_Lab_12x12,-8480.99,-5666.82,3300.0,400.0,320.0,400.0
1263,-1,ZONE_CORE_CITADEL,5,Roof,SM_FC_Roof_SolarObservatory_12x12,-8480.99,-5666.82,3700.0,500.0,140.0,250.0
1264,-1,ZONE_CORE_CITADEL,0,Foundation,SM_FC_Foundation_SlopeCompensated_12x12,-3903.37,-9423.57,1500.0,400.0,850.0,1200.0
1264,-1,ZONE_CORE_CITADEL,1,GroundFloor,SM_FC_Ground_Lobby_Transit_12x12,-3903.37,-9423.57,1900.0,600.0,450.0,600.0
1264,-1,ZONE_CORE_CITADEL,2,IntermediateFloor,SM_FC_Mid_Academic_Lab_12x12,-3903.37,-9423.57,2500.0,400.0,320.0,400.0
1264,-1,ZONE_CORE_CITADEL,3,IntermediateFloor,SM_FC_Mid_Faculty_Chambers_12x12,-3903.37,-9423.57,2900.0,400.0,280.0,400.0
1264,-1,ZONE_CORE_CITADEL,4,IntermediateFloor,SM_FC_Mid_Academic_Lab_12x12,-3903.37,-9423.57,3300.0,400.0,320.0,400.0
1264,-1,ZONE_CORE_CITADEL,5,IntermediateFloor,SM_FC_Mid_Faculty_Chambers_12x12,-3903.37,-9423.57,3700.0,400.0,280.0,400.0
1264,-1,ZONE_CORE_CITADEL,6,IntermediateFloor,SM_FC_Mid_Academic_Lab_12x12,-3903.37,-9423.57,4100.0,400.0,320.0,400.0
1264,-1,ZONE_CORE_CITADEL,7,Roof,SM_FC_Roof_SolarObservatory_12x12,-3903.37,-9423.57,4500.0,500.0,140.0,250.0
1265,-1,ZONE_CORE_CITADEL,0,Foundation,SM_FC_Foundation_SlopeCompensated_12x12,1989.92,-10004.01,1500.0,400.0,850.0,1200.0
1265,-1,ZONE_CORE_CITADEL,1,GroundFloor,SM_FC_Ground_Lobby_Transit_12x12,1989.92,-10004.01,1900.0,600.0,450.0,600.0
1265,-1,ZONE_CORE_CITADEL,2,IntermediateFloor,SM_FC_Mid_Academic_Lab_12x12,1989.92,-10004.01,2500.0,400.0,320.0,400.0
1265,-1,ZONE_CORE_CITADEL,3,IntermediateFloor,SM_FC_Mid_Faculty_Chambers_12x12,1989.92,-10004.01,2900.0,400.0,280.0,400.0
1265,-1,ZONE_CORE_CITADEL,4,IntermediateFloor,SM_FC_Mid_Academic_Lab_12x12,1989.92,-10004.01,3300.0,400.0,320.0,400.0
1265,-1,ZONE_CORE_CITADEL,5,IntermediateFloor,SM_FC_Mid_Faculty_Chambers_12x12,1989.92,-10004.01,3700.0,400.0,280.0,400.0
1265,-1,ZONE_CORE_CITADEL,6,IntermediateFloor,SM_FC_Mid_Academic_Lab_12x12,1989.92,-10004.01,4100.0,400.0,320.0,400.0
1265,-1,ZONE_CORE_CITADEL,7,IntermediateFloor,SM_FC_Mid_Faculty_Chambers_12x12,1989.92,-10004.01,4500.0,400.0,280.0,400.0
1265,-1,ZONE_CORE_CITADEL,8,Roof,SM_FC_Roof_SolarObservatory_12x12,1989.92,-10004.01,4900.0,500.0,140.0,250.0
1266,-1,ZONE_CORE_CITADEL,0,Foundation,SM_FC_Foundation_SlopeCompensated_12x12,7212.49,-7212.49,1500.0,400.0,850.0,1200.0
1266,-1,ZONE_CORE_CITADEL,1,GroundFloor,SM_FC_Ground_Lobby_Transit_12x12,7212.49,-7212.49,1900.0,600.0,450.0,600.0
1266,-1,ZONE_CORE_CITADEL,2,IntermediateFloor,SM_FC_Mid_Academic_Lab_12x12,7212.49,-7212.49,2500.0,400.0,320.0,400.0
1266,-1,ZONE_CORE_CITADEL,3,IntermediateFloor,SM_FC_Mid_Faculty_Chambers_12x12,7212.49,-7212.49,2900.0,400.0,280.0,400.0
1266,-1,ZONE_CORE_CITADEL,4,Roof,SM_FC_Roof_SolarObservatory_12x12,7212.49,-7212.49,3300.0,500.0,140.0,250.0
1267,-1,ZONE_CORE_CITADEL,0,Foundation,SM_FC_Foundation_SlopeCompensated_12x12,10004.01,-1989.92,1500.0,400.0,850.0,1200.0
1267,-1,ZONE_CORE_CITADEL,1,GroundFloor,SM_FC_Ground_Lobby_Transit_12x12,10004.01,-1989.92,1900.0,600.0,450.0,600.0
1267,-1,ZONE_CORE_CITADEL,2,IntermediateFloor,SM_FC_Mid_Academic_Lab_12x12,10004.01,-1989.92,2500.0,400.0,320.0,400.0
1267,-1,ZONE_CORE_CITADEL,3,IntermediateFloor,SM_FC_Mid_Faculty_Chambers_12x12,10004.01,-1989.92,2900.0,400.0,280.0,400.0
1267,-1,ZONE_CORE_CITADEL,4,IntermediateFloor,SM_FC_Mid_Academic_Lab_12x12,10004.01,-1989.92,3300.0,400.0,320.0,400.0
1267,-1,ZONE_CORE_CITADEL,5,IntermediateFloor,SM_FC_Mid_Faculty_Chambers_12x12,10004.01,-1989.92,3700.0,400.0,280.0,400.0
1267,-1,ZONE_CORE_CITADEL,6,Roof,SM_FC_Roof_SolarObservatory_12x12,10004.01,-1989.92,4100.0,500.0,140.0,250.0
1268,-1,ZONE_CORE_CITADEL,0,Foundation,SM_FC_Foundation_SlopeCompensated_12x12,12125.97,3939.97,1500.0,400.0,850.0,1200.0
1268,-1,ZONE_CORE_CITADEL,1,GroundFloor,SM_FC_Ground_Lobby_Transit_12x12,12125.97,3939.97,1900.0,600.0,450.0,600.0
1268,-1,ZONE_CORE_CITADEL,2,IntermediateFloor,SM_FC_Mid_Academic_Lab_12x12,12125.97,3939.97,2500.0,400.0,320.0,400.0
1268,-1,ZONE_CORE_CITADEL,3,Roof,SM_FC_Roof_SolarObservatory_12x12,12125.97,3939.97,2900.0,500.0,140.0,250.0
1269,-1,ZONE_CORE_CITADEL,0,Foundation,SM_FC_Foundation_SlopeCompensated_12x12,9015.61,9015.61,1500.0,400.0,850.0,1200.0
1269,-1,ZONE_CORE_CITADEL,1,GroundFloor,SM_FC_Ground_Lobby_Transit_12x12,9015.61,9015.61,1900.0,600.0,450.0,600.0
1269,-1,ZONE_CORE_CITADEL,2,IntermediateFloor,SM_FC_Mid_Academic_Lab_12x12,9015.61,9015.61,2500.0,400.0,320.0,400.0
1269,-1,ZONE_CORE_CITADEL,3,Roof,SM_FC_Roof_SolarObservatory_12x12,9015.61,9015.61,2900.0,500.0,140.0,250.0
1270,-1,ZONE_CORE_CITADEL,0,Foundation,SM_FC_Foundation_SlopeCompensated_12x12,3939.97,12125.97,1500.0,400.0,850.0,1200.0
1270,-1,ZONE_CORE_CITADEL,1,GroundFloor,SM_FC_Ground_Lobby_Transit_12x12,3939.97,12125.97,1900.0,600.0,450.0,600.0
1270,-1,ZONE_CORE_CITADEL,2,IntermediateFloor,SM_FC_Mid_Academic_Lab_12x12,3939.97,12125.97,2500.0,400.0,320.0,400.0
1270,-1,ZONE_CORE_CITADEL,3,IntermediateFloor,SM_FC_Mid_Faculty_Chambers_12x12,3939.97,12125.97,2900.0,400.0,280.0,400.0
1270,-1,ZONE_CORE_CITADEL,4,IntermediateFloor,SM_FC_Mid_Academic_Lab_12x12,3939.97,12125.97,3300.0,400.0,320.0,400.0
1270,-1,ZONE_CORE_CITADEL,5,Roof,SM_FC_Roof_SolarObservatory_12x12,3939.97,12125.97,3700.0,500.0,140.0,250.0
1271,-1,ZONE_CORE_CITADEL,0,Foundation,SM_FC_Foundation_SlopeCompensated_12x12,-1994.54,12593.03,1500.0,400.0,850.0,1200.0
1271,-1,ZONE_CORE_CITADEL,1,GroundFloor,SM_FC_Ground_Lobby_Transit_12x12,-1994.54,12593.03,1900.0,600.0,450.0,600.0
1271,-1,ZONE_CORE_CITADEL,2,IntermediateFloor,SM_FC_Mid_Academic_Lab_12x12,-1994.54,12593.03,2500.0,400.0,320.0,400.0
1271,-1,ZONE_CORE_CITADEL,3,IntermediateFloor,SM_FC_Mid_Faculty_Chambers_12x12,-1994.54,12593.03,2900.0,400.0,280.0,400.0
1271,-1,ZONE_CORE_CITADEL,4,IntermediateFloor,SM_FC_Mid_Academic_Lab_12x12,-1994.54,12593.03,3300.0,400.0,320.0,400.0
1271,-1,ZONE_CORE_CITADEL,5,IntermediateFloor,SM_FC_Mid_Faculty_Chambers_12x12,-1994.54,12593.03,3700.0,400.0,280.0,400.0
1271,-1,ZONE_CORE_CITADEL,6,Roof,SM_FC_Roof_SolarObservatory_12x12,-1994.54,12593.03,4100.0,500.0,140.0,250.0
1272,-1,ZONE_CORE_CITADEL,0,Foundation,SM_FC_Foundation_SlopeCompensated_12x12,-7494.26,10314.97,1500.0,400.0,850.0,1200.0
1272,-1,ZONE_CORE_CITADEL,1,GroundFloor,SM_FC_Ground_Lobby_Transit_12x12,-7494.26,10314.97,1900.0,600.0,450.0,600.0
1272,-1,ZONE_CORE_CITADEL,2,IntermediateFloor,SM_FC_Mid_Academic_Lab_12x12,-7494.26,10314.97,2500.0,400.0,320.0,400.0
1272,-1,ZONE_CORE_CITADEL,3,IntermediateFloor,SM_FC_Mid_Faculty_Chambers_12x12,-7494.26,10314.97,2900.0,400.0,280.0,400.0
1272,-1,ZONE_CORE_CITADEL,4,IntermediateFloor,SM_FC_Mid_Academic_Lab_12x12,-7494.26,10314.97,3300.0,400.0,320.0,400.0
1272,-1,ZONE_CORE_CITADEL,5,IntermediateFloor,SM_FC_Mid_Faculty_Chambers_12x12,-7494.26,10314.97,3700.0,400.0,280.0,400.0
1272,-1,ZONE_CORE_CITADEL,6,IntermediateFloor,SM_FC_Mid_Academic_Lab_12x12,-7494.26,10314.97,4100.0,400.0,320.0,400.0
1272,-1,ZONE_CORE_CITADEL,7,IntermediateFloor,SM_FC_Mid_Faculty_Chambers_12x12,-7494.26,10314.97,4500.0,400.0,280.0,400.0
1272,-1,ZONE_CORE_CITADEL,8,Roof,SM_FC_Roof_SolarObservatory_12x12,-7494.26,10314.97,4900.0,500.0,140.0,250.0
1273,-1,ZONE_CORE_CITADEL,0,Foundation,SM_FC_Foundation_SlopeCompensated_12x12,-11360.33,5788.38,1500.0,400.0,850.0,1200.0
1273,-1,ZONE_CORE_CITADEL,1,GroundFloor,SM_FC_Ground_Lobby_Transit_12x12,-11360.33,5788.38,1900.0,600.0,450.0,600.0
1273,-1,ZONE_CORE_CITADEL,2,IntermediateFloor,SM_FC_Mid_Academic_Lab_12x12,-11360.33,5788.38,2500.0,400.0,320.0,400.0
1273,-1,ZONE_CORE_CITADEL,3,IntermediateFloor,SM_FC_Mid_Faculty_Chambers_12x12,-11360.33,5788.38,2900.0,400.0,280.0,400.0
1273,-1,ZONE_CORE_CITADEL,4,IntermediateFloor,SM_FC_Mid_Academic_Lab_12x12,-11360.33,5788.38,3300.0,400.0,320.0,400.0
1273,-1,ZONE_CORE_CITADEL,5,IntermediateFloor,SM_FC_Mid_Faculty_Chambers_12x12,-11360.33,5788.38,3700.0,400.0,280.0,400.0
1273,-1,ZONE_CORE_CITADEL,6,IntermediateFloor,SM_FC_Mid_Academic_Lab_12x12,-11360.33,5788.38,4100.0,400.0,320.0,400.0
1273,-1,ZONE_CORE_CITADEL,7,Roof,SM_FC_Roof_SolarObservatory_12x12,-11360.33,5788.38,4500.0,500.0,140.0,250.0
1274,-1,ZONE_CORE_CITADEL,0,Foundation,SM_FC_Foundation_SlopeCompensated_12x12,-12750.0,0.0,1500.0,400.0,850.0,1200.0
1274,-1,ZONE_CORE_CITADEL,1,GroundFloor,SM_FC_Ground_Lobby_Transit_12x12,-12750.0,0.0,1900.0,600.0,450.0,600.0
1274,-1,ZONE_CORE_CITADEL,2,IntermediateFloor,SM_FC_Mid_Academic_Lab_12x12,-12750.0,0.0,2500.0,400.0,320.0,400.0
1274,-1,ZONE_CORE_CITADEL,3,IntermediateFloor,SM_FC_Mid_Faculty_Chambers_12x12,-12750.0,0.0,2900.0,400.0,280.0,400.0
1274,-1,ZONE_CORE_CITADEL,4,IntermediateFloor,SM_FC_Mid_Academic_Lab_12x12,-12750.0,0.0,3300.0,400.0,320.0,400.0
1274,-1,ZONE_CORE_CITADEL,5,Roof,SM_FC_Roof_SolarObservatory_12x12,-12750.0,0.0,3700.0,500.0,140.0,250.0
1275,-1,ZONE_CORE_CITADEL,0,Foundation,SM_FC_Foundation_SlopeCompensated_12x12,-11360.33,-5788.38,1500.0,400.0,850.0,1200.0
1275,-1,ZONE_CORE_CITADEL,1,GroundFloor,SM_FC_Ground_Lobby_Transit_12x12,-11360.33,-5788.38,1900.0,600.0,450.0,600.0
1275,-1,ZONE_CORE_CITADEL,2,IntermediateFloor,SM_FC_Mid_Academic_Lab_12x12,-11360.33,-5788.38,2500.0,400.0,320.0,400.0
1275,-1,ZONE_CORE_CITADEL,3,IntermediateFloor,SM_FC_Mid_Faculty_Chambers_12x12,-11360.33,-5788.38,2900.0,400.0,280.0,400.0
1275,-1,ZONE_CORE_CITADEL,4,IntermediateFloor,SM_FC_Mid_Academic_Lab_12x12,-11360.33,-5788.38,3300.0,400.0,320.0,400.0
1275,-1,ZONE_CORE_CITADEL,5,Roof,SM_FC_Roof_SolarObservatory_12x12,-11360.33,-5788.38,3700.0,500.0,140.0,250.0
1276,-1,ZONE_CORE_CITADEL,0,Foundation,SM_FC_Foundation_SlopeCompensated_12x12,-7494.26,-10314.97,1500.0,400.0,850.0,1200.0
1276,-1,ZONE_CORE_CITADEL,1,GroundFloor,SM_FC_Ground_Lobby_Transit_12x12,-7494.26,-10314.97,1900.0,600.0,450.0,600.0
1276,-1,ZONE_CORE_CITADEL,2,IntermediateFloor,SM_FC_Mid_Academic_Lab_12x12,-7494.26,-10314.97,2500.0,400.0,320.0,400.0
1276,-1,ZONE_CORE_CITADEL,3,IntermediateFloor,SM_FC_Mid_Faculty_Chambers_12x12,-7494.26,-10314.97,2900.0,400.0,280.0,400.0
1276,-1,ZONE_CORE_CITADEL,4,Roof,SM_FC_Roof_SolarObservatory_12x12,-7494.26,-10314.97,3300.0,500.0,140.0,250.0
1277,-1,ZONE_CORE_CITADEL,0,Foundation,SM_FC_Foundation_SlopeCompensated_12x12,-1994.54,-12593.03,1500.0,400.0,850.0,1200.0
1277,-1,ZONE_CORE_CITADEL,1,GroundFloor,SM_FC_Ground_Lobby_Transit_12x12,-1994.54,-12593.03,1900.0,600.0,450.0,600.0
1277,-1,ZONE_CORE_CITADEL,2,IntermediateFloor,SM_FC_Mid_Academic_Lab_12x12,-1994.54,-12593.03,2500.0,400.0,320.0,400.0
1277,-1,ZONE_CORE_CITADEL,3,IntermediateFloor,SM_FC_Mid_Faculty_Chambers_12x12,-1994.54,-12593.03,2900.0,400.0,280.0,400.0
1277,-1,ZONE_CORE_CITADEL,4,IntermediateFloor,SM_FC_Mid_Academic_Lab_12x12,-1994.54,-12593.03,3300.0,400.0,320.0,400.0
1277,-1,ZONE_CORE_CITADEL,5,IntermediateFloor,SM_FC_Mid_Faculty_Chambers_12x12,-1994.54,-12593.03,3700.0,400.0,280.0,400.0
1277,-1,ZONE_CORE_CITADEL,6,Roof,SM_FC_Roof_SolarObservatory_12x12,-1994.54,-12593.03,4100.0,500.0,140.0,250.0
1278,-1,ZONE_CORE_CITADEL,0,Foundation,SM_FC_Foundation_SlopeCompensated_12x12,3939.97,-12125.97,1500.0,400.0,850.0,1200.0
1278,-1,ZONE_CORE_CITADEL,1,GroundFloor,SM_FC_Ground_Lobby_Transit_12x12,3939.97,-12125.97,1900.0,600.0,450.0,600.0
1278,-1,ZONE_CORE_CITADEL,2,IntermediateFloor,SM_FC_Mid_Academic_Lab_12x12,3939.97,-12125.97,2500.0,400.0,320.0,400.0
1278,-1,ZONE_CORE_CITADEL,3,Roof,SM_FC_Roof_SolarObservatory_12x12,3939.97,-12125.97,2900.0,500.0,140.0,250.0
1279,-1,ZONE_CORE_CITADEL,0,Foundation,SM_FC_Foundation_SlopeCompensated_12x12,9015.61,-9015.61,1500.0,400.0,850.0,1200.0
1279,-1,ZONE_CORE_CITADEL,1,GroundFloor,SM_FC_Ground_Lobby_Transit_12x12,9015.61,-9015.61,1900.0,600.0,450.0,600.0
1279,-1,ZONE_CORE_CITADEL,2,IntermediateFloor,SM_FC_Mid_Academic_Lab_12x12,9015.61,-9015.61,2500.0,400.0,320.0,400.0
1279,-1,ZONE_CORE_CITADEL,3,IntermediateFloor,SM_FC_Mid_Faculty_Chambers_12x12,9015.61,-9015.61,2900.0,400.0,280.0,400.0
1279,-1,ZONE_CORE_CITADEL,4,IntermediateFloor,SM_FC_Mid_Academic_Lab_12x12,9015.61,-9015.61,3300.0,400.0,320.0,400.0
1279,-1,ZONE_CORE_CITADEL,5,IntermediateFloor,SM_FC_Mid_Faculty_Chambers_12x12,9015.61,-9015.61,3700.0,400.0,280.0,400.0
1279,-1,ZONE_CORE_CITADEL,6,Roof,SM_FC_Roof_SolarObservatory_12x12,9015.61,-9015.61,4100.0,500.0,140.0,250.0
1280,-1,ZONE_CORE_CITADEL,0,Foundation,SM_FC_Foundation_SlopeCompensated_12x12,12125.97,-3939.97,1500.0,400.0,850.0,1200.0
1280,-1,ZONE_CORE_CITADEL,1,GroundFloor,SM_FC_Ground_Lobby_Transit_12x12,12125.97,-3939.97,1900.0,600.0,450.0,600.0
1280,-1,ZONE_CORE_CITADEL,2,IntermediateFloor,SM_FC_Mid_Academic_Lab_12x12,12125.97,-3939.97,2500.0,400.0,320.0,400.0
1280,-1,ZONE_CORE_CITADEL,3,IntermediateFloor,SM_FC_Mid_Faculty_Chambers_12x12,12125.97,-3939.97,2900.0,400.0,280.0,400.0
1280,-1,ZONE_CORE_CITADEL,4,IntermediateFloor,SM_FC_Mid_Academic_Lab_12x12,12125.97,-3939.97,3300.0,400.0,320.0,400.0
1280,-1,ZONE_CORE_CITADEL,5,Roof,SM_FC_Roof_SolarObservatory_12x12,12125.97,-3939.97,3700.0,500.0,140.0,250.0
