id,component,petal_index,zone_tag,faculty_name,u,v,x_cm,y_cm,z_cm,radial_distance_cm,angle_deg,clearance_gap_cm,nx,ny,nz,target_buoyancy_kn,subcouncil
0,Petal,0,ZONE_CLEARANCE_WATERWAY,Faculty of Oceanic Engineering & Power,0.0,-1.0,15000.0,0.0,0.0,15000.0,0.0,11480.5,0.115,0.0,0.9934,35000.0,1
1,Petal,0,ZONE_FACULTY_OCEANIC,Faculty of Oceanic Engineering & Power,0.0,-0.875,15000.0,0.0,0.0,15000.0,0.0,11480.5,0.058,0.0,0.9983,35000.0,1
2,Petal,0,ZONE_FACULTY_OCEANIC,Faculty of Oceanic Engineering & Power,0.0,-0.75,15000.0,0.0,0.0,15000.0,0.0,11480.5,0.004,0.0,1.0,35000.0,1
3,Petal,0,ZONE_FACULTY_OCEANIC,Faculty of Oceanic Engineering & Power,0.0,-0.625,15000.0,0.0,0.0,15000.0,0.0,11480.5,-0.0463,-0.0,0.9989,35000.0,1
4,Petal,0,ZONE_FACULTY_OCEANIC,Faculty of Oceanic Engineering & Power,0.0,-0.5,15000.0,0.0,0.0,15000.0,0.0,11480.5,-0.0928,-0.0,0.9957,35000.0,1
5,Petal,0,ZONE_FACULTY_OCEANIC,Faculty of Oceanic Engineering & Power,0.0,-0.375,15000.0,0.0,0.0,15000.0,0.0,11480.5,-0.1351,-0.0,0.9908,35000.0,1
6,Petal,0,ZONE_FACULTY_OCEANIC,Faculty of Oceanic Engineering & Power,0.0,-0.25,15000.0,0.0,0.0,15000.0,0.0,11480.5,-0.1733,-0.0,0.9849,35000.0,1
7,Petal,0,ZONE_FACULTY_OCEANIC,Faculty of Oceanic Engineering & Power,0.0,-0.125,15000.0,0.0,0.0,15000.0,0.0,11480.5,-0.2073,-0.0,0.9783,35000.0,1
8,Petal,0,ZONE_FACULTY_OCEANIC,Faculty of Oceanic Engineering & Power,0.0,0.0,15000.0,0.0,0.0,15000.0,0.0,11480.5,-0.2373,-0.0,0.9714,35000.0,1
9,Petal,0,ZONE_FACULTY_OCEANIC,Faculty of Oceanic Engineering & Power,0.0,0.125,15000.0,0.0,0.0,15000.0,0.0,11480.5,-0.2073,-0.0,0.9783,35000.0,1
10,Petal,0,ZONE_FACULTY_OCEANIC,Faculty of Oceanic Engineering & Power,0.0,0.25,15000.0,0.0,0.0,15000.0,0.0,11480.5,-0.1733,-0.0,0.9849,35000.0,1
11,Petal,0,ZONE_FACULTY_OCEANIC,Faculty of Oceanic Engineering & Power,0.0,0.375,15000.0,0.0,0.0,15000.0,0.0,11480.5,-0.1351,-0.0,0.9908,35000.0,1
12,Petal,0,ZONE_FACULTY_OCEANIC,Faculty of Oceanic Engineering & Power,0.0,0.5,15000.0,0.0,0.0,15000.0,0.0,11480.5,-0.0928,-0.0,0.9957,35000.0,1
13,Petal,0,ZONE_FACULTY_OCEANIC,Faculty of Oceanic Engineering & Power,0.0,0.625,15000.0,0.0,0.0,15000.0,0.0,11480.5,-0.0463,-0.0,0.9989,35000.0,1
14,Petal,0,ZONE_FACULTY_OCEANIC,Faculty of Oceanic Engineering & Power,0.0,0.75,15000.0,0.0,0.0,15000.0,0.0,11480.5,0.004,0.0,1.0,35000.0,1
15,Petal,0,ZONE_FACULTY_OCEANIC,Faculty of Oceanic Engineering & Power,0.0,0.875,15000.0,0.0,0.0,15000.0,0.0,11480.5,0.058,0.0,0.9983,35000.0,1
16,Petal,0,ZONE_CLEARANCE_WATERWAY,Faculty of Oceanic Engineering & Power,0.0,1.0,15000.0,0.0,0.0,15000.0,0.0,11480.5,0.115,0.0,0.9934,35000.0,1
17,Petal,0,ZONE_CLEARANCE_WATERWAY,Faculty of Oceanic Engineering & Power,0.0333,-1.0,18163.65,-4702.08,-227.72,18762.41,345.49,4500.0,0.0908,0.9328,0.3487,35000.0,1
18,Petal,0,ZONE_FACULTY_OCEANIC,Faculty of Oceanic Engineering & Power,0.0333,-0.875,18163.65,-4114.32,-78.61,18623.8,347.24,4500.0,0.0767,0.9348,0.3469,35000.0,1
19,Petal,0,ZONE_FACULTY_OCEANIC,Faculty of Oceanic Engineering & Power,0.0333,-0.75,18163.65,-3526.56,59.06,18502.84,349.01,4500.0,0.064,0.9364,0.345,35000.0,1
20,Petal,0,ZONE_FACULTY_OCEANIC,Faculty of Oceanic Engineering & Power,0.0333,-0.625,18163.65,-2938.8,185.31,18399.86,350.81,4500.0,0.0526,0.9378,0.3431,35000.0,1
21,Petal,0,ZONE_FACULTY_OCEANIC,Faculty of Oceanic Engineering & Power,0.0333,-0.5,18163.65,-2351.04,300.12,18315.18,352.62,4500.0,0.0426,0.9391,0.3411,35000.0,1
22,Petal,0,ZONE_FACULTY_OCEANIC,Faculty of Oceanic Engineering & Power,0.0333,-0.375,18163.65,-1763.28,403.5,18249.04,354.46,4500.0,0.0339,0.9401,0.3391,35000.0,1
23,Petal,0,ZONE_FACULTY_OCEANIC,Faculty of Oceanic Engineering & Power,0.0333,-0.25,18163.65,-1175.52,495.44,18201.65,356.3,4500.0,0.0265,0.9411,0.3371,35000.0,1
24,Petal,0,ZONE_FACULTY_OCEANIC,Faculty of Oceanic Engineering & Power,0.0333,-0.125,18163.65,-587.76,575.95,18173.16,358.15,4500.0,0.0204,0.942,0.3351,35000.0,1
25,Petal,0,ZONE_FACULTY_OCEANIC,Faculty of Oceanic Engineering & Power,0.0333,0.0,18163.65,0.0,645.03,18163.65,0.0,4500.0,0.0146,0.95,0.3119,35000.0,1
26,Petal,0,ZONE_FACULTY_OCEANIC,Faculty of Oceanic Engineering & Power,0.0333,0.125,18163.65,587.76,575.95,18173.16,1.85,4500.0,0.0189,0.9505,0.3101,35000.0,1
27,Petal,0,ZONE_FACULTY_OCEANIC,Faculty of Oceanic Engineering & Power,0.0333,0.25,18163.65,1175.52,495.44,18201.65,3.7,4500.0,0.0242,0.951,0.3083,35000.0,1
28,Petal,0,ZONE_FACULTY_OCEANIC,Faculty of Oceanic Engineering & Power,0.0333,0.375,18163.65,1763.28,403.5,18249.04,5.54,4500.0,0.0306,0.9514,0.3065,35000.0,1
29,Petal,0,ZONE_FACULTY_OCEANIC,Faculty of Oceanic Engineering & Power,0.0333,0.5,18163.65,2351.04,300.12,18315.18,7.38,4500.0,0.038,0.9517,0.3046,35000.0,1
30,Petal,0,ZONE_FACULTY_OCEANIC,Faculty of Oceanic Engineering & Power,0.0333,0.625,18163.65,2938.8,185.31,18399.86,9.19,4500.0,0.0464,0.9519,0.3028,35000.0,1
31,Petal,0,ZONE_FACULTY_OCEANIC,Faculty of Oceanic Engineering & Power,0.0333,0.75,18163.65,3526.56,59.06,18502.84,10.99,4500.0,0.0558,0.952,0.301,35000.0,1
32,Petal,0,ZONE_FACULTY_OCEANIC,Faculty of Oceanic Engineering & Power,0.0333,0.875,18163.65,4114.32,-78.61,18623.8,12.76,4500.0,0.0661,0.9519,0.2991,35000.0,1
33,Petal,0,ZONE_CLEARANCE_WATERWAY,Faculty of Oceanic Engineering & Power,0.0333,1.0,18163.65,4702.08,-227.72,18762.41,14.51,4500.0,0.0836,0.9433,0.3211,35000.0,1
34,Petal,0,ZONE_CLEARANCE_WATERWAY,Faculty of Oceanic Engineering & Power,0.0667,-1.0,21327.31,-5913.91,-451.43,22132.07,344.5,4500.0,0.0912,0.9699,0.2259,35000.0,1
35,Petal,0,ZONE_FACULTY_OCEANIC,Faculty of Oceanic Engineering & Power,0.0667,-0.875,21327.31,-5174.67,-181.81,21946.1,346.36,4500.0,0.0825,0.971,0.2246,35000.0,1
36,Petal,0,ZONE_FACULTY_OCEANIC,Faculty of Oceanic Engineering & Power,0.0667,-0.75,21327.31,-4435.43,65.08,21783.64,348.25,4500.0,0.0747,0.9719,0.2232,35000.0,1
37,Petal,0,ZONE_FACULTY_OCEANIC,Faculty of Oceanic Engineering & Power,0.0667,-0.625,21327.31,-3696.2,289.22,21645.23,350.17,4500.0,0.0678,0.9727,0.2218,35000.0,1
38,Petal,0,ZONE_FACULTY_OCEANIC,Faculty of Oceanic Engineering & Power,0.0667,-0.5,21327.31,-2956.96,490.62,21531.32,352.11,4500.0,0.0617,0.9734,0.2205,35000.0,1
39,Petal,0,ZONE_FACULTY_OCEANIC,Faculty of Oceanic Engineering & Power,0.0667,-0.375,21327.31,-2217.72,669.29,21442.3,354.06,4500.0,0.0565,0.9741,0.2191,35000.0,1
40,Petal,0,ZONE_FACULTY_OCEANIC,Faculty of Oceanic Engineering & Power,0.0667,-0.25,21327.31,-1478.48,825.21,21378.49,356.03,4500.0,0.0521,0.9746,0.2177,35000.0,1
41,Petal,0,ZONE_FACULTY_OCEANIC,Faculty of Oceanic Engineering & Power,0.0667,-0.125,21327.31,-739.24,958.39,21340.11,358.01,4500.0,0.0485,0.9751,0.2163,35000.0,1
42,Petal,0,ZONE_FACULTY_OCEANIC,Faculty of Oceanic Engineering & Power,0.0667,0.0,21327.31,0.0,1068.84,21327.31,0.0,4500.0,0.0433,0.9781,0.2035,35000.0,1
43,Petal,0,ZONE_FACULTY_OCEANIC,Faculty of Oceanic Engineering & Power,0.0667,0.125,21327.31,739.24,958.39,21340.11,1.99,4500.0,0.0454,0.9783,0.2022,35000.0,1
44,Petal,0,ZONE_FACULTY_OCEANIC,Faculty of Oceanic Engineering & Power,0.0667,0.25,21327.31,1478.48,825.21,21378.49,3.97,4500.0,0.0481,0.9784,0.201,35000.0,1
45,Petal,0,ZONE_FACULTY_OCEANIC,Faculty of Oceanic Engineering & Power,0.0667,0.375,21327.31,2217.72,669.29,21442.3,5.94,4500.0,0.0515,0.9785,0.1997,35000.0,1
46,Petal,0,ZONE_FACULTY_OCEANIC,Faculty of Oceanic Engineering & Power,0.0667,0.5,21327.31,2956.96,490.62,21531.32,7.89,4500.0,0.0556,0.9785,0.1985,35000.0,1
47,Petal,0,ZONE_FACULTY_OCEANIC,Faculty of Oceanic Engineering & Power,0.0667,0.625,21327.31,3696.2,289.22,21645.23,9.83,4500.0,0.0603,0.9785,0.1973,35000.0,1
48,Petal,0,ZONE_FACULTY_OCEANIC,Faculty of Oceanic Engineering & Power,0.0667,0.75,21327.31,4435.43,65.08,21783.64,11.75,4500.0,0.0656,0.9784,0.196,35000.0,1
49,Petal,0,ZONE_FACULTY_OCEANIC,Faculty of Oceanic Engineering & Power,0.0667,0.875,21327.31,5174.67,-181.81,21946.1,13.64,4500.0,0.0716,0.9782,0.1948,35000.0,1
50,Petal,0,ZONE_CLEARANCE_WATERWAY,Faculty of Oceanic Engineering & Power,0.0667,1.0,21327.31,5913.91,-451.43,22132.07,15.5,4500.0,0.0842,0.9744,0.2086,35000.0,1
51,Petal,0,ZONE_CLEARANCE_WATERWAY,Faculty of Oceanic Engineering & Power,0.1,-1.0,24490.96,-7125.74,-667.18,25506.53,343.78,4500.0,0.0994,0.9782,0.1822,35000.0,1
52,Petal,0,ZONE_FACULTY_OCEANIC,Faculty of Oceanic Engineering & Power,0.1,-0.875,24490.96,-6235.03,-285.5,25272.17,345.72,4500.0,0.0927,0.9791,0.1811,35000.0,1
53,Petal,0,ZONE_FACULTY_OCEANIC,Faculty of Oceanic Engineering & Power,0.1,-0.75,24490.96,-5344.31,62.37,25067.28,347.69,4500.0,0.0866,0.9799,0.1799,35000.0,1
54,Petal,0,ZONE_FACULTY_OCEANIC,Faculty of Oceanic Engineering & Power,0.1,-0.625,24490.96,-4453.59,376.44,24892.6,349.69,4500.0,0.0812,0.9805,0.1788,35000.0,1
55,Petal,0,ZONE_FACULTY_OCEANIC,Faculty of Oceanic Engineering & Power,0.1,-0.5,24490.96,-3562.87,656.72,24748.76,351.72,4500.0,0.0765,0.9811,0.1777,35000.0,1
56,Petal,0,ZONE_FACULTY_OCEANIC,Faculty of Oceanic Engineering & Power,0.1,-0.375,24490.96,-2672.15,903.19,24636.3,353.77,4500.0,0.0724,0.9816,0.1766,35000.0,1
57,Petal,0,ZONE_FACULTY_OCEANIC,Faculty of Oceanic Engineering & Power,0.1,-0.25,24490.96,-1781.44,1115.87,24555.66,355.84,4500.0,0.069,0.9821,0.1755,35000.0,1
58,Petal,0,ZONE_FACULTY_OCEANIC,Faculty of Oceanic Engineering & Power,0.1,-0.125,24490.96,-890.72,1294.75,24507.15,357.92,4500.0,0.0662,0.9825,0.1743,35000.0,1
59,Petal,0,ZONE_FACULTY_OCEANIC,Faculty of Oceanic Engineering & Power,0.1,0.0,24490.96,0.0,1439.83,24490.96,0.0,4500.0,0.0611,0.9844,0.1651,35000.0,1
60,Petal,0,ZONE_FACULTY_OCEANIC,Faculty of Oceanic Engineering & Power,0.1,0.125,24490.96,890.72,1294.75,24507.15,2.08,4500.0,0.0623,0.9845,0.1641,35000.0,1
61,Petal,0,ZONE_FACULTY_OCEANIC,Faculty of Oceanic Engineering & Power,0.1,0.25,24490.96,1781.44,1115.87,24555.66,4.16,4500.0,0.0641,0.9845,0.1631,35000.0,1
62,Petal,0,ZONE_FACULTY_OCEANIC,Faculty of Oceanic Engineering & Power,0.1,0.375,24490.96,2672.15,903.19,24636.3,6.23,4500.0,0.0665,0.9845,0.1621,35000.0,1
63,Petal,0,ZONE_FACULTY_OCEANIC,Faculty of Oceanic Engineering & Power,0.1,0.5,24490.96,3562.87,656.72,24748.76,8.28,4500.0,0.0693,0.9845,0.1611,35000.0,1
64,Petal,0,ZONE_FACULTY_OCEANIC,Faculty of Oceanic Engineering & Power,0.1,0.625,24490.96,4453.59,376.44,24892.6,10.31,4500.0,0.0727,0.9844,0.1601,35000.0,1
65,Petal,0,ZONE_FACULTY_OCEANIC,Faculty of Oceanic Engineering & Power,0.1,0.75,24490.96,5344.31,62.37,25067.28,12.31,4500.0,0.0765,0.9843,0.1591,35000.0,1
66,Petal,0,ZONE_FACULTY_OCEANIC,Faculty of Oceanic Engineering & Power,0.1,0.875,24490.96,6235.03,-285.5,25272.17,14.28,4500.0,0.0809,0.9841,0.1581,35000.0,1
67,Petal,0,ZONE_CLEARANCE_WATERWAY,Faculty of Oceanic Engineering & Power,0.1,1.0,24490.96,7125.74,-667.18,25506.53,16.22,4500.0,0.0921,0.9813,0.1688,35000.0,1
68,Petal,0,ZONE_CLEARANCE_WATERWAY,Faculty of Oceanic Engineering & Power,0.1333,-1.0,27654.61,-8337.57,-871.07,28884.12,343.22,4500.0,0.1097,0.981,0.1598,35000.0,1
69,Petal,0,ZONE_FACULTY_OCEANIC,Faculty of Oceanic Engineering & Power,0.1333,-0.875,27654.61,-7295.38,-384.17,28600.7,345.22,4500.0,0.104,0.9818,0.1588,35000.0,1
70,Petal,0,ZONE_FACULTY_OCEANIC,Faculty of Oceanic Engineering & Power,0.1333,-0.75,27654.61,-6253.18,58.24,28352.77,347.26,4500.0,0.0988,0.9825,0.1578,35000.0,1
71,Petal,0,ZONE_FACULTY_OCEANIC,Faculty of Oceanic Engineering & Power,0.1333,-0.625,27654.61,-5210.98,456.16,28141.28,349.33,4500.0,0.0942,0.9831,0.1568,35000.0,1
72,Petal,0,ZONE_FACULTY_OCEANIC,Faculty of Oceanic Engineering & Power,0.1333,-0.5,27654.61,-4168.79,809.6,27967.06,351.43,4500.0,0.0902,0.9836,0.1559,35000.0,1
73,Petal,0,ZONE_FACULTY_OCEANIC,Faculty of Oceanic Engineering & Power,0.1333,-0.375,27654.61,-3126.59,1118.55,27830.79,353.55,4500.0,0.0868,0.9841,0.1549,35000.0,1
74,Petal,0,ZONE_FACULTY_OCEANIC,Faculty of Oceanic Engineering & Power,0.1333,-0.25,27654.61,-2084.39,1383.01,27733.05,355.69,4500.0,0.0838,0.9845,0.1539,35000.0,1
75,Petal,0,ZONE_FACULTY_OCEANIC,Faculty of Oceanic Engineering & Power,0.1333,-0.125,27654.61,-1042.2,1602.98,27674.24,357.84,4500.0,0.0814,0.9849,0.153,35000.0,1
76,Petal,0,ZONE_FACULTY_OCEANIC,Faculty of Oceanic Engineering & Power,0.1333,0.0,27654.61,0.0,1778.47,27654.61,0.0,4500.0,0.0762,0.9864,0.1456,35000.0,1
77,Petal,0,ZONE_FACULTY_OCEANIC,Faculty of Oceanic Engineering & Power,0.1333,0.125,27654.61,1042.2,1602.98,27674.24,2.16,4500.0,0.077,0.9865,0.1447,35000.0,1
78,Petal,0,ZONE_FACULTY_OCEANIC,Faculty of Oceanic Engineering & Power,0.1333,0.25,27654.61,2084.39,1383.01,27733.05,4.31,4500.0,0.0783,0.9865,0.1438,35000.0,1
79,Petal,0,ZONE_FACULTY_OCEANIC,Faculty of Oceanic Engineering & Power,0.1333,0.375,27654.61,3126.59,1118.55,27830.79,6.45,4500.0,0.08,0.9865,0.1429,35000.0,1
80,Petal,0,ZONE_FACULTY_OCEANIC,Faculty of Oceanic Engineering & Power,0.1333,0.5,27654.61,4168.79,809.6,27967.06,8.57,4500.0,0.0822,0.9864,0.142,35000.0,1
81,Petal,0,ZONE_FACULTY_OCEANIC,Faculty of Oceanic Engineering & Power,0.1333,0.625,27654.61,5210.98,456.16,28141.28,10.67,4500.0,0.0848,0.9864,0.1411,35000.0,1
82,Petal,0,ZONE_FACULTY_OCEANIC,Faculty of Oceanic Engineering & Power,0.1333,0.75,27654.61,6253.18,58.24,28352.77,12.74,4500.0,0.0878,0.9862,0.1403,35000.0,1
83,Petal,0,ZONE_FACULTY_OCEANIC,Faculty of Oceanic Engineering & Power,0.1333,0.875,27654.61,7295.38,-384.17,28600.7,14.78,4500.0,0.0913,0.986,0.1394,35000.0,1
84,Petal,0,ZONE_CLEARANCE_WATERWAY,Faculty of Oceanic Engineering & Power,0.1333,1.0,27654.61,8337.57,-871.07,28884.12,16.78,4500.0,0.1019,0.9837,0.1484,35000.0,1
85,Petal,0,ZONE_CLEARANCE_WATERWAY,Faculty of Oceanic Engineering & Power,0.1667,-1.0,30818.26,-9549.41,-1059.36,32263.86,342.78,4500.0,0.1207,0.9819,0.1461,35000.0,1
86,Petal,0,ZONE_FACULTY_OCEANIC,Faculty of Oceanic Engineering & Power,0.1667,-0.875,30818.26,-8355.73,-473.95,31930.92,344.83,4500.0,0.1157,0.9826,0.1452,35000.0,1
87,Petal,0,ZONE_FACULTY_OCEANIC,Faculty of Oceanic Engineering & Power,0.1667,-0.75,30818.26,-7162.05,56.77,31639.54,346.92,4500.0,0.1111,0.9833,0.1443,35000.0,1
88,Petal,0,ZONE_FACULTY_OCEANIC,Faculty of Oceanic Engineering & Power,0.1667,-0.625,30818.26,-5968.38,532.8,31390.87,349.04,4500.0,0.1071,0.9838,0.1435,35000.0,1
89,Petal,0,ZONE_FACULTY_OCEANIC,Faculty of Oceanic Engineering & Power,0.1667,-0.5,30818.26,-4774.7,954.15,31185.94,351.19,4500.0,0.1035,0.9844,0.1426,35000.0,1
90,Petal,0,ZONE_FACULTY_OCEANIC,Faculty of Oceanic Engineering & Power,0.1667,-0.375,30818.26,-3581.03,1320.81,31025.62,353.37,4500.0,0.1005,0.9848,0.1417,35000.0,1
91,Petal,0,ZONE_FACULTY_OCEANIC,Faculty of Oceanic Engineering & Power,0.1667,-0.25,30818.26,-2387.35,1632.78,30910.59,355.57,4500.0,0.0978,0.9852,0.1408,35000.0,1
92,Petal,0,ZONE_FACULTY_OCEANIC,Faculty of Oceanic Engineering & Power,0.1667,-0.125,30818.26,-1193.68,1890.06,30841.37,357.78,4500.0,0.0957,0.9855,0.14,35000.0,1
93,Petal,0,ZONE_FACULTY_OCEANIC,Faculty of Oceanic Engineering & Power,0.1667,0.0,30818.26,0.0,2092.66,30818.26,0.0,4500.0,0.0904,0.9869,0.1337,35000.0,1
94,Petal,0,ZONE_FACULTY_OCEANIC,Faculty of Oceanic Engineering & Power,0.1667,0.125,30818.26,1193.68,1890.06,30841.37,2.22,4500.0,0.0909,0.987,0.1329,35000.0,1
95,Petal,0,ZONE_FACULTY_OCEANIC,Faculty of Oceanic Engineering & Power,0.1667,0.25,30818.26,2387.35,1632.78,30910.59,4.43,4500.0,0.0918,0.987,0.1321,35000.0,1
96,Petal,0,ZONE_FACULTY_OCEANIC,Faculty of Oceanic Engineering & Power,0.1667,0.375,30818.26,3581.03,1320.81,31025.62,6.63,4500.0,0.0931,0.987,0.1313,35000.0,1
97,Petal,0,ZONE_FACULTY_OCEANIC,Faculty of Oceanic Engineering & Power,0.1667,0.5,30818.26,4774.7,954.15,31185.94,8.81,4500.0,0.0947,0.9869,0.1305,35000.0,1
98,Petal,0,ZONE_FACULTY_OCEANIC,Faculty of Oceanic Engineering & Power,0.1667,0.625,30818.26,5968.38,532.8,31390.87,10.96,4500.0,0.0968,0.9868,0.1297,35000.0,1
99,Petal,0,ZONE_FACULTY_OCEANIC,Faculty of Oceanic Engineering & Power,0.1667,0.75,30818.26,7162.05,56.77,31639.54,13.08,4500.0,0.0992,0.9867,0.1289,35000.0,1
100,Petal,0,ZONE_FACULTY_OCEANIC,Faculty of Oceanic Engineering & Power,0.1667,0.875,30818.26,8355.73,-473.95,31930.92,15.17,4500.0,0.102,0.9865,0.1281,35000.0,1
101,Petal,0,ZONE_CLEARANCE_WATERWAY,Faculty of Oceanic Engineering & Power,0.1667,1.0,30818.26,9549.41,-1059.36,32263.86,17.22,4500.0,0.1125,0.9843,0.1361,35000.0,1
102,Petal,0,ZONE_CLEARANCE_WATERWAY,Faculty of Oceanic Engineering & Power,0.2,-1.0,33981.92,-10761.24,-1228.48,35645.12,342.43,4500.0,0.132,0.9818,0.1368,35000.0,1
103,Petal,0,ZONE_FACULTY_OCEANIC,Faculty of Oceanic Engineering & Power,0.2,-0.875,33981.92,-9416.08,-551.63,35262.35,344.51,4500.0,0.1275,0.9825,0.136,35000.0,1
104,Petal,0,ZONE_FACULTY_OCEANIC,Faculty of Oceanic Engineering & Power,0.2,-0.75,33981.92,-8070.93,60.93,34927.22,346.64,4500.0,0.1235,0.9831,0.1352,35000.0,1
105,Petal,0,ZONE_FACULTY_OCEANIC,Faculty of Oceanic Engineering & Power,0.2,-0.625,33981.92,-6725.77,609.2,34641.11,348.8,4500.0,0.1198,0.9837,0.1344,35000.0,1
106,Petal,0,ZONE_FACULTY_OCEANIC,Faculty of Oceanic Engineering & Power,0.2,-0.5,33981.92,-5380.62,1093.18,34405.26,351.0,4500.0,0.1166,0.9842,0.1336,35000.0,1
107,Petal,0,ZONE_FACULTY_OCEANIC,Faculty of Oceanic Engineering & Power,0.2,-0.375,33981.92,-4035.46,1512.88,34220.69,353.23,4500.0,0.1138,0.9846,0.1328,35000.0,1
108,Petal,0,ZONE_FACULTY_OCEANIC,Faculty of Oceanic Engineering & Power,0.2,-0.25,33981.92,-2690.31,1868.28,34088.24,355.47,4500.0,0.1114,0.985,0.132,35000.0,1
109,Petal,0,ZONE_FACULTY_OCEANIC,Faculty of Oceanic Engineering & Power,0.2,-0.125,33981.92,-1345.15,2159.39,34008.53,357.73,4500.0,0.1094,0.9853,0.1312,35000.0,1
110,Petal,0,ZONE_FACULTY_OCEANIC,Faculty of Oceanic Engineering & Power,0.2,0.0,33981.92,0.0,2386.22,33981.92,0.0,4500.0,0.104,0.9866,0.1257,35000.0,1
111,Petal,0,ZONE_FACULTY_OCEANIC,Faculty of Oceanic Engineering & Power,0.2,0.125,33981.92,1345.15,2159.39,34008.53,2.27,4500.0,0.1043,0.9867,0.125,35000.0,1
112,Petal,0,ZONE_FACULTY_OCEANIC,Faculty of Oceanic Engineering & Power,0.2,0.25,33981.92,2690.31,1868.28,34088.24,4.53,4500.0,0.1049,0.9867,0.1242,35000.0,1
113,Petal,0,ZONE_FACULTY_OCEANIC,Faculty of Oceanic Engineering & Power,0.2,0.375,33981.92,4035.46,1512.88,34220.69,6.77,4500.0,0.1058,0.9867,0.1235,35000.0,1
114,Petal,0,ZONE_FACULTY_OCEANIC,Faculty of Oceanic Engineering & Power,0.2,0.5,33981.92,5380.62,1093.18,34405.26,9.0,4500.0,0.1071,0.9866,0.1227,35000.0,1
115,Petal,0,ZONE_FACULTY_OCEANIC,Faculty of Oceanic Engineering & Power,0.2,0.625,33981.92,6725.77,609.2,34641.11,11.2,4500.0,0.1088,0.9866,0.122,35000.0,1
116,Petal,0,ZONE_FACULTY_OCEANIC,Faculty of Oceanic Engineering & Power,0.2,0.75,33981.92,8070.93,60.93,34927.22,13.36,4500.0,0.1107,0.9864,0.1213,35000.0,1
117,Petal,0,ZONE_FACULTY_OCEANIC,Faculty of Oceanic Engineering & Power,0.2,0.875,33981.92,9416.08,-551.63,35262.35,15.49,4500.0,0.113,0.9863,0.1205,35000.0,1
118,Petal,0,ZONE_CLEARANCE_WATERWAY,Faculty of Oceanic Engineering & Power,0.2,1.0,33981.92,10761.24,-1228.48,35645.12,17.57,4500.0,0.1233,0.9841,0.1278,35000.0,1
119,Petal,0,ZONE_CLEARANCE_WATERWAY,Faculty of Oceanic Engineering & Power,0.2333,-1.0,37145.57,-11973.07,-1375.06,39027.52,342.13,4500.0,0.1434,0.9811,0.13,35000.0,1
120,Petal,0,ZONE_FACULTY_OCEANIC,Faculty of Oceanic Engineering & Power,0.2333,-0.875,37145.57,-10476.43,-614.37,38594.68,344.25,4500.0,0.1393,0.9818,0.1293,35000.0,1
121,Petal,0,ZONE_FACULTY_OCEANIC,Faculty of Oceanic Engineering & Power,0.2333,-0.75,37145.57,-8979.8,73.13,38215.57,346.41,4500.0,0.1357,0.9824,0.1285,35000.0,1
122,Petal,0,ZONE_FACULTY_OCEANIC,Faculty of Oceanic Engineering & Power,0.2333,-0.625,37145.57,-7483.17,687.45,37891.83,348.61,4500.0,0.1324,0.9829,0.1278,35000.0,1
123,Petal,0,ZONE_FACULTY_OCEANIC,Faculty of Oceanic Engineering & Power,0.2333,-0.5,37145.57,-5986.53,1228.59,37624.88,350.84,4500.0,0.1295,0.9834,0.127,35000.0,1
124,Petal,0,ZONE_FACULTY_OCEANIC,Faculty of Oceanic Engineering & Power,0.2333,-0.375,37145.57,-4489.9,1696.53,37415.94,353.11,4500.0,0.1269,0.9838,0.1263,35000.0,1
125,Petal,0,ZONE_FACULTY_OCEANIC,Faculty of Oceanic Engineering & Power,0.2333,-0.25,37145.57,-2993.27,2091.29,37265.98,355.39,4500.0,0.1247,0.9842,0.1256,35000.0,1
126,Petal,0,ZONE_FACULTY_OCEANIC,Faculty of Oceanic Engineering & Power,0.2333,-0.125,37145.57,-1496.63,2412.87,37175.71,357.69,4500.0,0.1229,0.9845,0.1248,35000.0,1
127,Petal,0,ZONE_FACULTY_OCEANIC,Faculty of Oceanic Engineering & Power,0.2333,0.0,37145.57,0.0,2661.25,37145.57,0.0,4500.0,0.1173,0.9858,0.1199,35000.0,1
128,Petal,0,ZONE_FACULTY_OCEANIC,Faculty of Oceanic Engineering & Power,0.2333,0.125,37145.57,1496.63,2412.87,37175.71,2.31,4500.0,0.1174,0.9859,0.1192,35000.0,1
129,Petal,0,ZONE_FACULTY_OCEANIC,Faculty of Oceanic Engineering & Power,0.2333,0.25,37145.57,2993.27,2091.29,37265.98,4.61,4500.0,0.1178,0.9859,0.1185,35000.0,1
130,Petal,0,ZONE_FACULTY_OCEANIC,Faculty of Oceanic Engineering & Power,0.2333,0.375,37145.57,4489.9,1696.53,37415.94,6.89,4500.0,0.1184,0.9859,0.1179,35000.0,1
131,Petal,0,ZONE_FACULTY_OCEANIC,Faculty of Oceanic Engineering & Power,0.2333,0.5,37145.57,5986.53,1228.59,37624.88,9.16,4500.0,0.1194,0.9859,0.1172,35000.0,1
132,Petal,0,ZONE_FACULTY_OCEANIC,Faculty of Oceanic Engineering & Power,0.2333,0.625,37145.57,7483.17,687.45,37891.83,11.39,4500.0,0.1207,0.9858,0.1165,35000.0,1
133,Petal,0,ZONE_FACULTY_OCEANIC,Faculty of Oceanic Engineering & Power,0.2333,0.75,37145.57,8979.8,73.13,38215.57,13.59,4500.0,0.1222,0.9857,0.1158,35000.0,1
134,Petal,0,ZONE_FACULTY_OCEANIC,Faculty of Oceanic Engineering & Power,0.2333,0.875,37145.57,10476.43,-614.37,38594.68,15.75,4500.0,0.1241,0.9856,0.1151,35000.0,1
135,Petal,0,ZONE_CLEARANCE_WATERWAY,Faculty of Oceanic Engineering & Power,0.2333,1.0,37145.57,11973.07,-1375.06,39027.52,17.87,4500.0,0.1343,0.9834,0.1218,35000.0,1
136,Petal,0,ZONE_CLEARANCE_WATERWAY,Faculty of Oceanic Engineering & Power,0.2667,-1.0,40309.22,-13184.9,-1495.98,42410.79,341.89,4500.0,0.1547,0.98,0.1248,35000.0,1
137,Petal,0,ZONE_FACULTY_OCEANIC,Faculty of Oceanic Engineering & Power,0.2667,-0.875,40309.22,-11536.79,-659.63,41927.69,344.03,4500.0,0.1511,0.9807,0.1241,35000.0,1
138,Petal,0,ZONE_FACULTY_OCEANIC,Faculty of Oceanic Engineering & Power,0.2667,-0.75,40309.22,-9888.67,95.44,41504.45,346.22,4500.0,0.1478,0.9813,0.1234,35000.0,1
139,Petal,0,ZONE_FACULTY_OCEANIC,Faculty of Oceanic Engineering & Power,0.2667,-0.625,40309.22,-8240.56,769.23,41142.92,348.45,4500.0,0.1448,0.9818,0.1227,35000.0,1
140,Petal,0,ZONE_FACULTY_OCEANIC,Faculty of Oceanic Engineering & Power,0.2667,-0.5,40309.22,-6592.45,1361.74,40844.75,350.71,4500.0,0.1422,0.9823,0.1221,35000.0,1
141,Petal,0,ZONE_FACULTY_OCEANIC,Faculty of Oceanic Engineering & Power,0.2667,-0.375,40309.22,-4944.34,1872.96,40611.33,353.01,4500.0,0.1399,0.9827,0.1214,35000.0,1
142,Petal,0,ZONE_FACULTY_OCEANIC,Faculty of Oceanic Engineering & Power,0.2667,-0.25,40309.22,-3296.22,2302.91,40443.77,355.33,4500.0,0.1378,0.9831,0.1207,35000.0,1
143,Petal,0,ZONE_FACULTY_OCEANIC,Faculty of Oceanic Engineering & Power,0.2667,-0.125,40309.22,-1648.11,2651.57,40342.9,357.66,4500.0,0.1361,0.9834,0.12,35000.0,1
144,Petal,0,ZONE_FACULTY_OCEANIC,Faculty of Oceanic Engineering & Power,0.2667,0.0,40309.22,0.0,2918.95,40309.22,0.0,4500.0,0.1305,0.9847,0.1156,35000.0,1
145,Petal,0,ZONE_FACULTY_OCEANIC,Faculty of Oceanic Engineering & Power,0.2667,0.125,40309.22,1648.11,2651.57,40342.9,2.34,4500.0,0.1304,0.9848,0.1149,35000.0,1
146,Petal,0,ZONE_FACULTY_OCEANIC,Faculty of Oceanic Engineering & Power,0.2667,0.25,40309.22,3296.22,2302.91,40443.77,4.67,4500.0,0.1305,0.9848,0.1143,35000.0,1
147,Petal,0,ZONE_FACULTY_OCEANIC,Faculty of Oceanic Engineering & Power,0.2667,0.375,40309.22,4944.34,1872.96,40611.33,6.99,4500.0,0.1309,0.9849,0.1136,35000.0,1
148,Petal,0,ZONE_FACULTY_OCEANIC,Faculty of Oceanic Engineering & Power,0.2667,0.5,40309.22,6592.45,1361.74,40844.75,9.29,4500.0,0.1316,0.9848,0.113,35000.0,1
149,Petal,0,ZONE_FACULTY_OCEANIC,Faculty of Oceanic Engineering & Power,0.2667,0.625,40309.22,8240.56,769.23,41142.92,11.55,4500.0,0.1326,0.9848,0.1123,35000.0,1
150,Petal,0,ZONE_FACULTY_OCEANIC,Faculty of Oceanic Engineering & Power,0.2667,0.75,40309.22,9888.67,95.44,41504.45,13.78,4500.0,0.1337,0.9847,0.1117,35000.0,1
151,Petal,0,ZONE_FACULTY_OCEANIC,Faculty of Oceanic Engineering & Power,0.2667,0.875,40309.22,11536.79,-659.63,41927.69,15.97,4500.0,0.1352,0.9846,0.1111,35000.0,1
152,Petal,0,ZONE_CLEARANCE_WATERWAY,Faculty of Oceanic Engineering & Power,0.2667,1.0,40309.22,13184.9,-1495.98,42410.79,18.11,4500.0,0.1453,0.9824,0.1172,35000.0,1
153,Petal,0,ZONE_CLEARANCE_WATERWAY,Faculty of Oceanic Engineering & Power,0.3,-1.0,43472.87,-14396.73,-1588.41,45794.72,341.68,4500.0,0.1659,0.9787,0.1207,35000.0,1
154,Petal,0,ZONE_FACULTY_OCEANIC,Faculty of Oceanic Engineering & Power,0.3,-0.875,43472.87,-12597.14,-685.15,45261.23,343.84,4500.0,0.1627,0.9793,0.12,35000.0,1
155,Petal,0,ZONE_FACULTY_OCEANIC,Faculty of Oceanic Engineering & Power,0.3,-0.75,43472.87,-10797.55,129.62,44793.73,346.05,4500.0,0.1598,0.9799,0.1194,35000.0,1
156,Petal,0,ZONE_FACULTY_OCEANIC,Faculty of Oceanic Engineering & Power,0.3,-0.625,43472.87,-8997.96,855.9,44394.3,348.31,4500.0,0.1571,0.9804,0.1187,35000.0,1
157,Petal,0,ZONE_FACULTY_OCEANIC,Faculty of Oceanic Engineering & Power,0.3,-0.5,43472.87,-7198.36,1493.7,44064.81,350.6,4500.0,0.1548,0.9809,0.1181,35000.0,1
158,Petal,0,ZONE_FACULTY_OCEANIC,Faculty of Oceanic Engineering & Power,0.3,-0.375,43472.87,-5398.77,2043.02,43806.82,352.92,4500.0,0.1526,0.9813,0.1174,35000.0,1
159,Petal,0,ZONE_FACULTY_OCEANIC,Faculty of Oceanic Engineering & Power,0.3,-0.25,43472.87,-3599.18,2503.84,43621.61,355.27,4500.0,0.1508,0.9816,0.1168,35000.0,1
160,Petal,0,ZONE_FACULTY_OCEANIC,Faculty of Oceanic Engineering & Power,0.3,-0.125,43472.87,-1799.59,2876.18,43510.11,357.63,4500.0,0.1491,0.982,0.1161,35000.0,1
161,Petal,0,ZONE_FACULTY_OCEANIC,Faculty of Oceanic Engineering & Power,0.3,0.0,43472.87,0.0,3160.03,43472.87,0.0,4500.0,0.1434,0.9833,0.1121,35000.0,1
162,Petal,0,ZONE_FACULTY_OCEANIC,Faculty of Oceanic Engineering & Power,0.3,0.125,43472.87,1799.59,2876.18,43510.11,2.37,4500.0,0.1432,0.9834,0.1115,35000.0,1
163,Petal,0,ZONE_FACULTY_OCEANIC,Faculty of Oceanic Engineering & Power,0.3,0.25,43472.87,3599.18,2503.84,43621.61,4.73,4500.0,0.1432,0.9835,0.1109,35000.0,1
164,Petal,0,ZONE_FACULTY_OCEANIC,Faculty of Oceanic Engineering & Power,0.3,0.375,43472.87,5398.77,2043.02,43806.82,7.08,4500.0,0.1433,0.9835,0.1103,35000.0,1
165,Petal,0,ZONE_FACULTY_OCEANIC,Faculty of Oceanic Engineering & Power,0.3,0.5,43472.87,7198.36,1493.7,44064.81,9.4,4500.0,0.1438,0.9835,0.1097,35000.0,1
166,Petal,0,ZONE_FACULTY_OCEANIC,Faculty of Oceanic Engineering & Power,0.3,0.625,43472.87,8997.96,855.9,44394.3,11.69,4500.0,0.1444,0.9835,0.1091,35000.0,1
167,Petal,0,ZONE_FACULTY_OCEANIC,Faculty of Oceanic Engineering & Power,0.3,0.75,43472.87,10797.55,129.62,44793.73,13.95,4500.0,0.1452,0.9834,0.1085,35000.0,1
168,Petal,0,ZONE_FACULTY_OCEANIC,Faculty of Oceanic Engineering & Power,0.3,0.875,43472.87,12597.14,-685.15,45261.23,16.16,4500.0,0.1463,0.9833,0.1079,35000.0,1
169,Petal,0,ZONE_CLEARANCE_WATERWAY,Faculty of Oceanic Engineering & Power,0.3,1.0,43472.87,14396.73,-1588.41,45794.72,18.32,4500.0,0.1563,0.9812,0.1136,35000.0,1
170,Petal,0,ZONE_CLEARANCE_WATERWAY,Faculty of Oceanic Engineering & Power,0.3333,-1.0,46636.53,-15608.56,-1649.81,49179.19,341.5,4500.0,0.1771,0.9772,0.1172,35000.0,1
171,Petal,0,ZONE_FACULTY_OCEANIC,Faculty of Oceanic Engineering & Power,0.3333,-0.875,46636.53,-13657.49,-688.94,48595.19,343.68,4500.0,0.1743,0.9778,0.1166,35000.0,1
172,Petal,0,ZONE_FACULTY_OCEANIC,Faculty of Oceanic Engineering & Power,0.3333,-0.75,46636.53,-11706.42,177.2,48083.32,345.91,4500.0,0.1717,0.9783,0.116,35000.0,1
173,Petal,0,ZONE_FACULTY_OCEANIC,Faculty of Oceanic Engineering & Power,0.3333,-0.625,46636.53,-9755.35,948.62,47645.91,348.19,4500.0,0.1693,0.9788,0.1154,35000.0,1
174,Petal,0,ZONE_FACULTY_OCEANIC,Faculty of Oceanic Engineering & Power,0.3333,-0.5,46636.53,-7804.28,1625.32,47285.01,350.5,4500.0,0.1672,0.9792,0.1148,35000.0,1
175,Petal,0,ZONE_FACULTY_OCEANIC,Faculty of Oceanic Engineering & Power,0.3333,-0.375,46636.53,-5853.21,2207.3,47002.4,352.85,4500.0,0.1652,0.9796,0.1142,35000.0,1
176,Petal,0,ZONE_FACULTY_OCEANIC,Faculty of Oceanic Engineering & Power,0.3333,-0.25,46636.53,-3902.14,2694.56,46799.49,355.22,4500.0,0.1635,0.98,0.1136,35000.0,1
177,Petal,0,ZONE_FACULTY_OCEANIC,Faculty of Oceanic Engineering & Power,0.3333,-0.125,46636.53,-1951.07,3087.1,46677.32,357.6,4500.0,0.162,0.9803,0.113,35000.0,1
178,Petal,0,ZONE_FACULTY_OCEANIC,Faculty of Oceanic Engineering & Power,0.3333,0.0,46636.53,0.0,3384.91,46636.53,0.0,4500.0,0.1563,0.9816,0.1093,35000.0,1
179,Petal,0,ZONE_FACULTY_OCEANIC,Faculty of Oceanic Engineering & Power,0.3333,0.125,46636.53,1951.07,3087.1,46677.32,2.4,4500.0,0.1559,0.9818,0.1087,35000.0,1
180,Petal,0,ZONE_FACULTY_OCEANIC,Faculty of Oceanic Engineering & Power,0.3333,0.25,46636.53,3902.14,2694.56,46799.49,4.78,4500.0,0.1557,0.9819,0.1082,35000.0,1
181,Petal,0,ZONE_FACULTY_OCEANIC,Faculty of Oceanic Engineering & Power,0.3333,0.375,46636.53,5853.21,2207.3,47002.4,7.15,4500.0,0.1557,0.9819,0.1076,35000.0,1
182,Petal,0,ZONE_FACULTY_OCEANIC,Faculty of Oceanic Engineering & Power,0.3333,0.5,46636.53,7804.28,1625.32,47285.01,9.5,4500.0,0.1558,0.982,0.107,35000.0,1
183,Petal,0,ZONE_FACULTY_OCEANIC,Faculty of Oceanic Engineering & Power,0.3333,0.625,46636.53,9755.35,948.62,47645.91,11.81,4500.0,0.1562,0.982,0.1065,35000.0,1
184,Petal,0,ZONE_FACULTY_OCEANIC,Faculty of Oceanic Engineering & Power,0.3333,0.75,46636.53,11706.42,177.2,48083.32,14.09,4500.0,0.1567,0.9819,0.1059,35000.0,1
185,Petal,0,ZONE_FACULTY_OCEANIC,Faculty of Oceanic Engineering & Power,0.3333,0.875,46636.53,13657.49,-688.94,48595.19,16.32,4500.0,0.1574,0.9819,0.1054,35000.0,1
186,Petal,0,ZONE_CLEARANCE_WATERWAY,Faculty of Oceanic Engineering & Power,0.3333,1.0,46636.53,15608.56,-1649.81,49179.19,18.5,4500.0,0.1672,0.9797,0.1107,35000.0,1
187,Petal,0,ZONE_CLEARANCE_WATERWAY,Faculty of Oceanic Engineering & Power,0.3667,-1.0,49800.18,-16820.39,-1678.0,52564.09,341.34,4500.0,0.1881,0.9755,0.1143,35000.0,1
188,Petal,0,ZONE_FACULTY_OCEANIC,Faculty of Oceanic Engineering & Power,0.3667,-0.875,49800.18,-14717.84,-669.3,51929.5,343.54,4500.0,0.1856,0.976,0.1138,35000.0,1
189,Petal,0,ZONE_FACULTY_OCEANIC,Faculty of Oceanic Engineering & Power,0.3667,-0.75,49800.18,-12615.29,239.47,51373.18,345.78,4500.0,0.1834,0.9765,0.1132,35000.0,1
190,Petal,0,ZONE_FACULTY_OCEANIC,Faculty of Oceanic Engineering & Power,0.3667,-0.625,49800.18,-10512.74,1048.33,50897.7,348.08,4500.0,0.1813,0.977,0.1126,35000.0,1
191,Petal,0,ZONE_FACULTY_OCEANIC,Faculty of Oceanic Engineering & Power,0.3667,-0.5,49800.18,-8410.2,1757.27,50505.34,350.41,4500.0,0.1794,0.9774,0.1121,35000.0,1
192,Petal,0,ZONE_FACULTY_OCEANIC,Faculty of Oceanic Engineering & Power,0.3667,-0.375,49800.18,-6307.65,2366.29,50198.05,352.78,4500.0,0.1777,0.9777,0.1115,35000.0,1
193,Petal,0,ZONE_FACULTY_OCEANIC,Faculty of Oceanic Engineering & Power,0.3667,-0.25,49800.18,-4205.1,2875.39,49977.4,355.17,4500.0,0.1762,0.9781,0.1109,35000.0,1
194,Petal,0,ZONE_FACULTY_OCEANIC,Faculty of Oceanic Engineering & Power,0.3667,-0.125,49800.18,-2102.55,3284.57,49844.54,357.58,4500.0,0.1748,0.9784,0.1104,35000.0,1
195,Petal,0,ZONE_FACULTY_OCEANIC,Faculty of Oceanic Engineering & Power,0.3667,0.0,49800.18,0.0,3593.83,49800.18,0.0,4500.0,0.1691,0.9798,0.107,35000.0,1
196,Petal,0,ZONE_FACULTY_OCEANIC,Faculty of Oceanic Engineering & Power,0.3667,0.125,49800.18,2102.55,3284.57,49844.54,2.42,4500.0,0.1685,0.9799,0.1064,35000.0,1
197,Petal,0,ZONE_FACULTY_OCEANIC,Faculty of Oceanic Engineering & Power,0.3667,0.25,49800.18,4205.1,2875.39,49977.4,4.83,4500.0,0.1682,0.9801,0.1059,35000.0,1
198,Petal,0,ZONE_FACULTY_OCEANIC,Faculty of Oceanic Engineering & Power,0.3667,0.375,49800.18,6307.65,2366.29,50198.05,7.22,4500.0,0.168,0.9801,0.1054,35000.0,1
199,Petal,0,ZONE_FACULTY_OCEANIC,Faculty of Oceanic Engineering & Power,0.3667,0.5,49800.18,8410.2,1757.27,50505.34,9.59,4500.0,0.1679,0.9802,0.1049,35000.0,1
200,Petal,0,ZONE_FACULTY_OCEANIC,Faculty of Oceanic Engineering & Power,0.3667,0.625,49800.18,10512.74,1048.33,50897.7,11.92,4500.0,0.168,0.9803,0.1043,35000.0,1
201,Petal,0,ZONE_FACULTY_OCEANIC,Faculty of Oceanic Engineering & Power,0.3667,0.75,49800.18,12615.29,239.47,51373.18,14.22,4500.0,0.1682,0.9803,0.1038,35000.0,1
202,Petal,0,ZONE_FACULTY_OCEANIC,Faculty of Oceanic Engineering & Power,0.3667,0.875,49800.18,14717.84,-669.3,51929.5,16.46,4500.0,0.1685,0.9803,0.1033,35000.0,1
203,Petal,0,ZONE_CLEARANCE_WATERWAY,Faculty of Oceanic Engineering & Power,0.3667,1.0,49800.18,16820.39,-1678.0,52564.09,18.66,4500.0,0.1781,0.978,0.1083,35000.0,1
204,Petal,0,ZONE_CLEARANCE_WATERWAY,Faculty of Oceanic Engineering & Power,0.4,-1.0,52963.83,-18032.22,-1671.16,55949.34,341.2,4500.0,0.1989,0.9736,0.1118,35000.0,1
205,Petal,0,ZONE_FACULTY_OCEANIC,Faculty of Oceanic Engineering & Power,0.4,-0.875,52963.83,-15778.19,-624.82,55264.08,343.41,4500.0,0.1969,0.9741,0.1113,35000.0,1
206,Petal,0,ZONE_FACULTY_OCEANIC,Faculty of Oceanic Engineering & Power,0.4,-0.75,52963.83,-13524.17,317.49,54663.25,345.68,4500.0,0.195,0.9745,0.1108,35000.0,1
207,Petal,0,ZONE_FACULTY_OCEANIC,Faculty of Oceanic Engineering & Power,0.4,-0.625,52963.83,-11270.14,1155.79,54149.64,347.99,4500.0,0.1932,0.9749,0.1102,35000.0,1
208,Petal,0,ZONE_FACULTY_OCEANIC,Faculty of Oceanic Engineering & Power,0.4,-0.5,52963.83,-9016.11,1890.06,53725.76,350.34,4500.0,0.1916,0.9753,0.1097,35000.0,1
209,Petal,0,ZONE_FACULTY_OCEANIC,Faculty of Oceanic Engineering & Power,0.4,-0.375,52963.83,-6762.08,2520.31,53393.76,352.72,4500.0,0.19,0.9757,0.1092,35000.0,1
210,Petal,0,ZONE_FACULTY_OCEANIC,Faculty of Oceanic Engineering & Power,0.4,-0.25,52963.83,-4508.06,3046.54,53155.34,355.13,4500.0,0.1886,0.976,0.1086,35000.0,1
211,Petal,0,ZONE_FACULTY_OCEANIC,Faculty of Oceanic Engineering & Power,0.4,-0.125,52963.83,-2254.03,3468.75,53011.77,357.56,4500.0,0.1874,0.9763,0.1081,35000.0,1
212,Petal,0,ZONE_FACULTY_OCEANIC,Faculty of Oceanic Engineering & Power,0.4,0.0,52963.83,0.0,3786.93,52963.83,0.0,4500.0,0.1817,0.9777,0.105,35000.0,1
213,Petal,0,ZONE_FACULTY_OCEANIC,Faculty of Oceanic Engineering & Power,0.4,0.125,52963.83,2254.03,3468.75,53011.77,2.44,4500.0,0.1811,0.9779,0.1045,35000.0,1
214,Petal,0,ZONE_FACULTY_OCEANIC,Faculty of Oceanic Engineering & Power,0.4,0.25,52963.83,4508.06,3046.54,53155.34,4.87,4500.0,0.1806,0.978,0.104,35000.0,1
215,Petal,0,ZONE_FACULTY_OCEANIC,Faculty of Oceanic Engineering & Power,0.4,0.375,52963.83,6762.08,2520.31,53393.76,7.28,4500.0,0.1802,0.9782,0.1035,35000.0,1
216,Petal,0,ZONE_FACULTY_OCEANIC,Faculty of Oceanic Engineering & Power,0.4,0.5,52963.83,9016.11,1890.06,53725.76,9.66,4500.0,0.1799,0.9783,0.103,35000.0,1
217,Petal,0,ZONE_FACULTY_OCEANIC,Faculty of Oceanic Engineering & Power,0.4,0.625,52963.83,11270.14,1155.79,54149.64,12.01,4500.0,0.1797,0.9784,0.1025,35000.0,1
218,Petal,0,ZONE_FACULTY_OCEANIC,Faculty of Oceanic Engineering & Power,0.4,0.75,52963.83,13524.17,317.49,54663.25,14.32,4500.0,0.1796,0.9784,0.102,35000.0,1
219,Petal,0,ZONE_FACULTY_OCEANIC,Faculty of Oceanic Engineering & Power,0.4,0.875,52963.83,15778.19,-624.82,55264.08,16.59,4500.0,0.1797,0.9785,0.1016,35000.0,1
220,Petal,0,ZONE_CLEARANCE_WATERWAY,Faculty of Oceanic Engineering & Power,0.4,1.0,52963.83,18032.22,-1671.16,55949.34,18.8,4500.0,0.1889,0.9762,0.1062,35000.0,1
221,Petal,0,ZONE_CLEARANCE_WATERWAY,Faculty of Oceanic Engineering & Power,0.4333,-1.0,56127.49,-18376.14,-1627.85,59059.1,341.87,6235.83,0.2007,0.974,0.1049,35000.0,1
222,Petal,0,ZONE_FACULTY_OCEANIC,Faculty of Oceanic Engineering & Power,0.4333,-0.875,56127.49,-16079.12,-554.39,58385.21,344.01,6235.83,0.1991,0.9744,0.1044,35000.0,1
223,Petal,0,ZONE_FACULTY_OCEANIC,Faculty of Oceanic Engineering & Power,0.4333,-0.75,56127.49,-13782.1,412.09,57794.82,346.2,6235.83,0.1976,0.9748,0.104,35000.0,1
224,Petal,0,ZONE_FACULTY_OCEANIC,Faculty of Oceanic Engineering & Power,0.4333,-0.625,56127.49,-11485.09,1271.59,57290.5,348.44,6235.83,0.1961,0.9751,0.1035,35000.0,1
225,Petal,0,ZONE_FACULTY_OCEANIC,Faculty of Oceanic Engineering & Power,0.4333,-0.5,56127.49,-9188.07,2024.1,56874.56,350.7,6235.83,0.1948,0.9754,0.103,35000.0,1
226,Petal,0,ZONE_FACULTY_OCEANIC,Faculty of Oceanic Engineering & Power,0.4333,-0.375,56127.49,-6891.05,2669.63,56548.93,353.0,6235.83,0.1935,0.9757,0.1025,35000.0,1
227,Petal,0,ZONE_FACULTY_OCEANIC,Faculty of Oceanic Engineering & Power,0.4333,-0.25,56127.49,-4594.03,3208.17,56315.18,355.32,6235.83,0.1924,0.976,0.1021,35000.0,1
228,Petal,0,ZONE_FACULTY_OCEANIC,Faculty of Oceanic Engineering & Power,0.4333,-0.125,56127.49,-2297.02,3639.72,56174.47,357.66,6235.83,0.1913,0.9763,0.1016,35000.0,1
229,Petal,0,ZONE_FACULTY_OCEANIC,Faculty of Oceanic Engineering & Power,0.4333,0.0,56127.49,0.0,3964.3,56127.49,0.0,6235.83,0.1859,0.9776,0.0988,35000.0,1
230,Petal,0,ZONE_FACULTY_OCEANIC,Faculty of Oceanic Engineering & Power,0.4333,0.125,56127.49,2297.02,3639.72,56174.47,2.34,6235.83,0.1852,0.9778,0.0984,35000.0,1
231,Petal,0,ZONE_FACULTY_OCEANIC,Faculty of Oceanic Engineering & Power,0.4333,0.25,56127.49,4594.03,3208.17,56315.18,4.68,6235.83,0.1846,0.9779,0.0979,35000.0,1
232,Petal,0,ZONE_FACULTY_OCEANIC,Faculty of Oceanic Engineering & Power,0.4333,0.375,56127.49,6891.05,2669.63,56548.93,7.0,6235.83,0.184,0.9781,0.0975,35000.0,1
233,Petal,0,ZONE_FACULTY_OCEANIC,Faculty of Oceanic Engineering & Power,0.4333,0.5,56127.49,9188.07,2024.1,56874.56,9.3,6235.83,0.1836,0.9782,0.0971,35000.0,1
234,Petal,0,ZONE_FACULTY_OCEANIC,Faculty of Oceanic Engineering & Power,0.4333,0.625,56127.49,11485.09,1271.59,57290.5,11.56,6235.83,0.1832,0.9783,0.0966,35000.0,1
235,Petal,0,ZONE_FACULTY_OCEANIC,Faculty of Oceanic Engineering & Power,0.4333,0.75,56127.49,13782.1,412.09,57794.82,13.8,6235.83,0.1828,0.9784,0.0962,35000.0,1
236,Petal,0,ZONE_FACULTY_OCEANIC,Faculty of Oceanic Engineering & Power,0.4333,0.875,56127.49,16079.12,-554.39,58385.21,15.99,6235.83,0.1825,0.9785,0.0958,35000.0,1
237,Petal,0,ZONE_CLEARANCE_WATERWAY,Faculty of Oceanic Engineering & Power,0.4333,1.0,56127.49,18376.14,-1627.85,59059.1,18.13,6235.83,0.1911,0.9765,0.0999,35000.0,1
238,Petal,0,ZONE_CLEARANCE_WATERWAY,Faculty of Oceanic Engineering & Power,0.4667,-1.0,59291.14,-17431.4,-1547.03,61800.43,343.62,10548.97,0.1892,0.9776,0.0925,35000.0,1
239,Petal,0,ZONE_FACULTY_OCEANIC,Faculty of Oceanic Engineering & Power,0.4667,-0.875,59291.14,-15252.47,-457.2,61221.54,345.57,10548.97,0.1881,0.9778,0.0921,35000.0,1
240,Petal,0,ZONE_FACULTY_OCEANIC,Faculty of Oceanic Engineering & Power,0.4667,-0.75,59291.14,-13073.55,523.87,60715.37,347.57,10548.97,0.187,0.9781,0.0917,35000.0,1
241,Petal,0,ZONE_FACULTY_OCEANIC,Faculty of Oceanic Engineering & Power,0.4667,-0.625,59291.14,-10894.62,1396.15,60283.76,349.59,10548.97,0.186,0.9783,0.0913,35000.0,1
242,Petal,0,ZONE_FACULTY_OCEANIC,Faculty of Oceanic Engineering & Power,0.4667,-0.5,59291.14,-8715.7,2159.67,59928.31,351.64,10548.97,0.185,0.9785,0.0909,35000.0,1
243,Petal,0,ZONE_FACULTY_OCEANIC,Faculty of Oceanic Engineering & Power,0.4667,-0.375,59291.14,-6536.77,2814.4,59650.39,353.71,10548.97,0.184,0.9788,0.0905,35000.0,1
244,Petal,0,ZONE_FACULTY_OCEANIC,Faculty of Oceanic Engineering & Power,0.4667,-0.25,59291.14,-4357.85,3360.36,59451.07,355.8,10548.97,0.1831,0.979,0.0901,35000.0,1
245,Petal,0,ZONE_FACULTY_OCEANIC,Faculty of Oceanic Engineering & Power,0.4667,-0.125,59291.14,-2178.92,3797.54,59331.16,357.9,10548.97,0.1822,0.9792,0.0897,35000.0,1
246,Petal,0,ZONE_FACULTY_OCEANIC,Faculty of Oceanic Engineering & Power,0.4667,0.0,59291.14,0.0,4125.95,59291.14,0.0,10548.97,0.1774,0.9802,0.0874,35000.0,1
247,Petal,0,ZONE_FACULTY_OCEANIC,Faculty of Oceanic Engineering & Power,0.4667,0.125,59291.14,2178.92,3797.54,59331.16,2.1,10548.97,0.1768,0.9804,0.087,35000.0,1
248,Petal,0,ZONE_FACULTY_OCEANIC,Faculty of Oceanic Engineering & Power,0.4667,0.25,59291.14,4357.85,3360.36,59451.07,4.2,10548.97,0.1761,0.9806,0.0866,35000.0,1
249,Petal,0,ZONE_FACULTY_OCEANIC,Faculty of Oceanic Engineering & Power,0.4667,0.375,59291.14,6536.77,2814.4,59650.39,6.29,10548.97,0.1755,0.9807,0.0862,35000.0,1
250,Petal,0,ZONE_FACULTY_OCEANIC,Faculty of Oceanic Engineering & Power,0.4667,0.5,59291.14,8715.7,2159.67,59928.31,8.36,10548.97,0.1749,0.9808,0.0859,35000.0,1
251,Petal,0,ZONE_FACULTY_OCEANIC,Faculty of Oceanic Engineering & Power,0.4667,0.625,59291.14,10894.62,1396.15,60283.76,10.41,10548.97,0.1743,0.981,0.0855,35000.0,1
252,Petal,0,ZONE_FACULTY_OCEANIC,Faculty of Oceanic Engineering & Power,0.4667,0.75,59291.14,13073.55,523.87,60715.37,12.43,10548.97,0.1737,0.9811,0.0852,35000.0,1
253,Petal,0,ZONE_FACULTY_OCEANIC,Faculty of Oceanic Engineering & Power,0.4667,0.875,59291.14,15252.47,-457.2,61221.54,14.43,10548.97,0.1732,0.9812,0.0848,35000.0,1
254,Petal,0,ZONE_CLEARANCE_WATERWAY,Faculty of Oceanic Engineering & Power,0.4667,1.0,59291.14,17431.4,-1547.03,61800.43,16.38,10548.97,0.1806,0.9796,0.0883,35000.0,1
255,Petal,0,ZONE_CLEARANCE_WATERWAY,Faculty of Oceanic Engineering & Power,0.5,-1.0,62454.79,-16400.9,-1428.08,64572.37,345.29,15033.63,0.177,0.9808,0.0812,35000.0,1
256,Petal,0,ZONE_FACULTY_OCEANIC,Faculty of Oceanic Engineering & Power,0.5,-0.875,62454.79,-14350.79,-332.77,64082.34,347.06,15033.63,0.1763,0.981,0.0809,35000.0,1
257,Petal,0,ZONE_FACULTY_OCEANIC,Faculty of Oceanic Engineering & Power,0.5,-0.75,62454.79,-12300.68,653.17,63654.6,348.86,15033.63,0.1756,0.9812,0.0805,35000.0,1
258,Petal,0,ZONE_FACULTY_OCEANIC,Faculty of Oceanic Engineering & Power,0.5,-0.625,62454.79,-10250.56,1529.73,63290.4,350.68,15033.63,0.1749,0.9813,0.0802,35000.0,1
259,Petal,0,ZONE_FACULTY_OCEANIC,Faculty of Oceanic Engineering & Power,0.5,-0.5,62454.79,-8200.45,2296.92,62990.86,352.52,15033.63,0.1742,0.9815,0.0799,35000.0,1
260,Petal,0,ZONE_FACULTY_OCEANIC,Faculty of Oceanic Engineering & Power,0.5,-0.375,62454.79,-6150.34,2954.73,62756.89,354.38,15033.63,0.1735,0.9816,0.0795,35000.0,1
261,Petal,0,ZONE_FACULTY_OCEANIC,Faculty of Oceanic Engineering & Power,0.5,-0.25,62454.79,-4100.23,3503.17,62589.24,356.24,15033.63,0.1728,0.9818,0.0792,35000.0,1
262,Petal,0,ZONE_FACULTY_OCEANIC,Faculty of Oceanic Engineering & Power,0.5,-0.125,62454.79,-2050.11,3942.23,62488.43,358.12,15033.63,0.1721,0.9819,0.0789,35000.0,1
263,Petal,0,ZONE_FACULTY_OCEANIC,Faculty of Oceanic Engineering & Power,0.5,0.0,62454.79,0.0,4271.92,62454.79,0.0,15033.63,0.1679,0.9828,0.077,35000.0,1
264,Petal,0,ZONE_FACULTY_OCEANIC,Faculty of Oceanic Engineering & Power,0.5,0.125,62454.79,2050.11,3942.23,62488.43,1.88,15033.63,0.1672,0.9829,0.0767,35000.0,1
265,Petal,0,ZONE_FACULTY_OCEANIC,Faculty of Oceanic Engineering & Power,0.5,0.25,62454.79,4100.23,3503.17,62589.24,3.76,15033.63,0.1665,0.9831,0.0763,35000.0,1
266,Petal,0,ZONE_FACULTY_OCEANIC,Faculty of Oceanic Engineering & Power,0.5,0.375,62454.79,6150.34,2954.73,62756.89,5.62,15033.63,0.1659,0.9832,0.076,35000.0,1
267,Petal,0,ZONE_FACULTY_OCEANIC,Faculty of Oceanic Engineering & Power,0.5,0.5,62454.79,8200.45,2296.92,62990.86,7.48,15033.63,0.1652,0.9833,0.0757,35000.0,1
268,Petal,0,ZONE_FACULTY_OCEANIC,Faculty of Oceanic Engineering & Power,0.5,0.625,62454.79,10250.56,1529.73,63290.4,9.32,15033.63,0.1645,0.9835,0.0754,35000.0,1
269,Petal,0,ZONE_FACULTY_OCEANIC,Faculty of Oceanic Engineering & Power,0.5,0.75,62454.79,12300.68,653.17,63654.6,11.14,15033.63,0.1638,0.9836,0.0751,35000.0,1
270,Petal,0,ZONE_FACULTY_OCEANIC,Faculty of Oceanic Engineering & Power,0.5,0.875,62454.79,14350.79,-332.77,64082.34,12.94,15033.63,0.1632,0.9838,0.0749,35000.0,1
271,Petal,0,ZONE_CLEARANCE_WATERWAY,Faculty of Oceanic Engineering & Power,0.5,1.0,62454.79,16400.9,-1428.08,64572.37,14.71,15033.63,0.1695,0.9825,0.0778,35000.0,1
272,Petal,0,ZONE_CLEARANCE_WATERWAY,Faculty of Oceanic Engineering & Power,0.5333,-1.0,65618.44,-15302.45,-1270.78,67379.11,346.87,19654.19,0.1643,0.9838,0.0711,35000.0,1
273,Petal,0,ZONE_FACULTY_OCEANIC,Faculty of Oceanic Engineering & Power,0.5333,-0.875,65618.44,-13389.64,-180.94,66970.61,348.47,19654.19,0.1639,0.9839,0.0708,35000.0,1
274,Petal,0,ZONE_FACULTY_OCEANIC,Faculty of Oceanic Engineering & Power,0.5333,-0.75,65618.44,-11476.84,800.12,66614.55,350.08,19654.19,0.1635,0.984,0.0705,35000.0,1
275,Petal,0,ZONE_FACULTY_OCEANIC,Faculty of Oceanic Engineering & Power,0.5333,-0.625,65618.44,-9564.03,1672.41,66311.77,351.71,19654.19,0.1631,0.9841,0.0702,35000.0,1
276,Petal,0,ZONE_FACULTY_OCEANIC,Faculty of Oceanic Engineering & Power,0.5333,-0.5,65618.44,-7651.22,2435.92,66063.01,353.35,19654.19,0.1626,0.9842,0.0699,35000.0,1
277,Petal,0,ZONE_FACULTY_OCEANIC,Faculty of Oceanic Engineering & Power,0.5333,-0.375,65618.44,-5738.42,3090.66,65868.88,355.0,19654.19,0.1622,0.9843,0.0697,35000.0,1
278,Petal,0,ZONE_FACULTY_OCEANIC,Faculty of Oceanic Engineering & Power,0.5333,-0.25,65618.44,-3825.61,3636.62,65729.87,356.66,19654.19,0.1616,0.9844,0.0694,35000.0,1
279,Petal,0,ZONE_FACULTY_OCEANIC,Faculty of Oceanic Engineering & Power,0.5333,-0.125,65618.44,-1912.81,4073.8,65646.32,358.33,19654.19,0.1611,0.9845,0.0691,35000.0,1
280,Petal,0,ZONE_FACULTY_OCEANIC,Faculty of Oceanic Engineering & Power,0.5333,0.0,65618.44,0.0,4402.21,65618.44,0.0,19654.19,0.1575,0.9852,0.0675,35000.0,1
281,Petal,0,ZONE_FACULTY_OCEANIC,Faculty of Oceanic Engineering & Power,0.5333,0.125,65618.44,1912.81,4073.8,65646.32,1.67,19654.19,0.1568,0.9853,0.0673,35000.0,1
282,Petal,0,ZONE_FACULTY_OCEANIC,Faculty of Oceanic Engineering & Power,0.5333,0.25,65618.44,3825.61,3636.62,65729.87,3.34,19654.19,0.1562,0.9855,0.067,35000.0,1
283,Petal,0,ZONE_FACULTY_OCEANIC,Faculty of Oceanic Engineering & Power,0.5333,0.375,65618.44,5738.42,3090.66,65868.88,5.0,19654.19,0.1555,0.9856,0.0668,35000.0,1
284,Petal,0,ZONE_FACULTY_OCEANIC,Faculty of Oceanic Engineering & Power,0.5333,0.5,65618.44,7651.22,2435.92,66063.01,6.65,19654.19,0.1547,0.9857,0.0665,35000.0,1
285,Petal,0,ZONE_FACULTY_OCEANIC,Faculty of Oceanic Engineering & Power,0.5333,0.625,65618.44,9564.03,1672.41,66311.77,8.29,19654.19,0.154,0.9858,0.0663,35000.0,1
286,Petal,0,ZONE_FACULTY_OCEANIC,Faculty of Oceanic Engineering & Power,0.5333,0.75,65618.44,11476.84,800.12,66614.55,9.92,19654.19,0.1532,0.986,0.066,35000.0,1
287,Petal,0,ZONE_FACULTY_OCEANIC,Faculty of Oceanic Engineering & Power,0.5333,0.875,65618.44,13389.64,-180.94,66970.61,11.53,19654.19,0.1524,0.9861,0.0658,35000.0,1
288,Petal,0,ZONE_CLEARANCE_WATERWAY,Faculty of Oceanic Engineering & Power,0.5333,1.0,65618.44,15302.45,-1270.78,67379.11,13.13,19654.19,0.1577,0.9851,0.0682,35000.0,1
289,Petal,0,ZONE_CLEARANCE_WATERWAY,Faculty of Oceanic Engineering & Power,0.5667,-1.0,68782.1,-14151.95,-1075.34,70222.89,348.37,24378.86,0.1512,0.9866,0.0618,35000.0,1
290,Petal,0,ZONE_FACULTY_OCEANIC,Faculty of Oceanic Engineering & Power,0.5667,-0.875,68782.1,-12382.95,-1.87,69887.87,349.79,24378.86,0.1511,0.9866,0.0616,35000.0,1
291,Petal,0,ZONE_FACULTY_OCEANIC,Faculty of Oceanic Engineering & Power,0.5667,-0.75,68782.1,-10613.96,964.61,69596.21,351.23,24378.86,0.1509,0.9866,0.0614,35000.0,1
292,Petal,0,ZONE_FACULTY_OCEANIC,Faculty of Oceanic Engineering & Power,0.5667,-0.625,68782.1,-8844.97,1824.1,69348.47,352.67,24378.86,0.1507,0.9867,0.0611,35000.0,1
293,Petal,0,ZONE_FACULTY_OCEANIC,Faculty of Oceanic Engineering & Power,0.5667,-0.5,68782.1,-7075.97,2576.61,69145.11,354.13,24378.86,0.1505,0.9867,0.0609,35000.0,1
294,Petal,0,ZONE_FACULTY_OCEANIC,Faculty of Oceanic Engineering & Power,0.5667,-0.375,68782.1,-5306.98,3222.14,68986.53,355.59,24378.86,0.1502,0.9868,0.0607,35000.0,1
295,Petal,0,ZONE_FACULTY_OCEANIC,Faculty of Oceanic Engineering & Power,0.5667,-0.25,68782.1,-3537.99,3760.68,68873.03,357.06,24378.86,0.1498,0.9869,0.0605,35000.0,1
296,Petal,0,ZONE_FACULTY_OCEANIC,Faculty of Oceanic Engineering & Power,0.5667,-0.125,68782.1,-1768.99,4192.24,68804.84,358.53,24378.86,0.1495,0.9869,0.0602,35000.0,1
297,Petal,0,ZONE_FACULTY_OCEANIC,Faculty of Oceanic Engineering & Power,0.5667,0.0,68782.1,0.0,4516.81,68782.1,0.0,24378.86,0.1464,0.9875,0.059,35000.0,1
298,Petal,0,ZONE_FACULTY_OCEANIC,Faculty of Oceanic Engineering & Power,0.5667,0.125,68782.1,1768.99,4192.24,68804.84,1.47,24378.86,0.1457,0.9876,0.0588,35000.0,1
299,Petal,0,ZONE_FACULTY_OCEANIC,Faculty of Oceanic Engineering & Power,0.5667,0.25,68782.1,3537.99,3760.68,68873.03,2.94,24378.86,0.1451,0.9877,0.0585,35000.0,1
300,Petal,0,ZONE_FACULTY_OCEANIC,Faculty of Oceanic Engineering & Power,0.5667,0.375,68782.1,5306.98,3222.14,68986.53,4.41,24378.86,0.1444,0.9878,0.0583,35000.0,1
301,Petal,0,ZONE_FACULTY_OCEANIC,Faculty of Oceanic Engineering & Power,0.5667,0.5,68782.1,7075.97,2576.61,69145.11,5.87,24378.86,0.1437,0.9879,0.0581,35000.0,1
302,Petal,0,ZONE_FACULTY_OCEANIC,Faculty of Oceanic Engineering & Power,0.5667,0.625,68782.1,8844.97,1824.1,69348.47,7.33,24378.86,0.1429,0.988,0.0579,35000.0,1
303,Petal,0,ZONE_FACULTY_OCEANIC,Faculty of Oceanic Engineering & Power,0.5667,0.75,68782.1,10613.96,964.61,69596.21,8.77,24378.86,0.1421,0.9882,0.0578,35000.0,1
304,Petal,0,ZONE_FACULTY_OCEANIC,Faculty of Oceanic Engineering & Power,0.5667,0.875,68782.1,12382.95,-1.87,69887.87,10.21,24378.86,0.1412,0.9883,0.0576,35000.0,1
305,Petal,0,ZONE_CLEARANCE_WATERWAY,Faculty of Oceanic Engineering & Power,0.5667,1.0,68782.1,14151.95,-1075.34,70222.89,11.63,24378.86,0.1456,0.9876,0.0595,35000.0,1
306,Petal,0,ZONE_CLEARANCE_WATERWAY,Faculty of Oceanic Engineering & Power,0.6,-1.0,71945.75,-12963.71,-842.39,73104.37,349.79,29178.99,0.1379,0.989,0.0534,35000.0,1
307,Petal,0,ZONE_FACULTY_OCEANIC,Faculty of Oceanic Engineering & Power,0.6,-0.875,71945.75,-11343.25,203.95,72834.47,351.04,29178.99,0.138,0.989,0.0533,35000.0,1
308,Petal,0,ZONE_FACULTY_OCEANIC,Faculty of Oceanic Engineering & Power,0.6,-0.75,71945.75,-9722.78,1146.26,72599.75,352.3,29178.99,0.138,0.989,0.0531,35000.0,1
309,Petal,0,ZONE_FACULTY_OCEANIC,Faculty of Oceanic Engineering & Power,0.6,-0.625,71945.75,-8102.32,1984.56,72400.54,353.57,29178.99,0.138,0.989,0.0529,35000.0,1
310,Petal,0,ZONE_FACULTY_OCEANIC,Faculty of Oceanic Engineering & Power,0.6,-0.5,71945.75,-6481.86,2718.83,72237.15,354.85,29178.99,0.1379,0.989,0.0527,35000.0,1
311,Petal,0,ZONE_FACULTY_OCEANIC,Faculty of Oceanic Engineering & Power,0.6,-0.375,71945.75,-4861.39,3349.08,72109.8,356.13,29178.99,0.1377,0.9891,0.0525,35000.0,1
312,Petal,0,ZONE_FACULTY_OCEANIC,Faculty of Oceanic Engineering & Power,0.6,-0.25,71945.75,-3240.93,3875.31,72018.71,357.42,29178.99,0.1375,0.9891,0.0524,35000.0,1
313,Petal,0,ZONE_FACULTY_OCEANIC,Faculty of Oceanic Engineering & Power,0.6,-0.125,71945.75,-1620.46,4297.52,71964.0,358.71,29178.99,0.1373,0.9892,0.0522,35000.0,1
314,Petal,0,ZONE_FACULTY_OCEANIC,Faculty of Oceanic Engineering & Power,0.6,0.0,71945.75,0.0,4615.7,71945.75,0.0,29178.99,0.1347,0.9896,0.0512,35000.0,1
315,Petal,0,ZONE_FACULTY_OCEANIC,Faculty of Oceanic Engineering & Power,0.6,0.125,71945.75,1620.46,4297.52,71964.0,1.29,29178.99,0.1341,0.9897,0.051,35000.0,1
316,Petal,0,ZONE_FACULTY_OCEANIC,Faculty of Oceanic Engineering & Power,0.6,0.25,71945.75,3240.93,3875.31,72018.71,2.58,29178.99,0.1335,0.9897,0.0508,35000.0,1
317,Petal,0,ZONE_FACULTY_OCEANIC,Faculty of Oceanic Engineering & Power,0.6,0.375,71945.75,4861.39,3349.08,72109.8,3.87,29178.99,0.1328,0.9898,0.0507,35000.0,1
318,Petal,0,ZONE_FACULTY_OCEANIC,Faculty of Oceanic Engineering & Power,0.6,0.5,71945.75,6481.86,2718.83,72237.15,5.15,29178.99,0.1321,0.99,0.0505,35000.0,1
319,Petal,0,ZONE_FACULTY_OCEANIC,Faculty of Oceanic Engineering & Power,0.6,0.625,71945.75,8102.32,1984.56,72400.54,6.43,29178.99,0.1313,0.9901,0.0503,35000.0,1
320,Petal,0,ZONE_FACULTY_OCEANIC,Faculty of Oceanic Engineering & Power,0.6,0.75,71945.75,9722.78,1146.26,72599.75,7.7,29178.99,0.1305,0.9902,0.0502,35000.0,1
321,Petal,0,ZONE_FACULTY_OCEANIC,Faculty of Oceanic Engineering & Power,0.6,0.875,71945.75,11343.25,203.95,72834.47,8.96,29178.99,0.1296,0.9903,0.05,35000.0,1
322,Petal,0,ZONE_CLEARANCE_WATERWAY,Faculty of Oceanic Engineering & Power,0.6,1.0,71945.75,12963.71,-842.39,73104.37,10.21,29178.99,0.1331,0.9898,0.0516,35000.0,1
323,Petal,0,ZONE_CLEARANCE_WATERWAY,Faculty of Oceanic Engineering & Power,0.6333,-1.0,75109.4,-11750.73,-572.98,76023.03,351.11,34028.62,0.1244,0.9912,0.0459,35000.0,1
324,Petal,0,ZONE_FACULTY_OCEANIC,Faculty of Oceanic Engineering & Power,0.6333,-0.875,75109.4,-10281.89,435.72,75809.89,352.21,34028.62,0.1247,0.9911,0.0457,35000.0,1
325,Petal,0,ZONE_FACULTY_OCEANIC,Faculty of Oceanic Engineering & Power,0.6333,-0.75,75109.4,-8813.04,1344.5,75624.68,353.31,34028.62,0.1249,0.9911,0.0456,35000.0,1
326,Petal,0,ZONE_FACULTY_OCEANIC,Faculty of Oceanic Engineering & Power,0.6333,-0.625,75109.4,-7344.2,2153.35,75467.61,354.42,34028.62,0.125,0.9911,0.0454,35000.0,1
327,Petal,0,ZONE_FACULTY_OCEANIC,Faculty of Oceanic Engineering & Power,0.6333,-0.5,75109.4,-5875.36,2862.29,75338.85,355.53,34028.62,0.125,0.9911,0.0453,35000.0,1
328,Petal,0,ZONE_FACULTY_OCEANIC,Faculty of Oceanic Engineering & Power,0.6333,-0.375,75109.4,-4406.52,3471.31,75238.55,356.64,34028.62,0.125,0.9911,0.0451,35000.0,1
329,Petal,0,ZONE_FACULTY_OCEANIC,Faculty of Oceanic Engineering & Power,0.6333,-0.25,75109.4,-2937.68,3980.41,75166.83,357.76,34028.62,0.1249,0.9912,0.045,35000.0,1
330,Petal,0,ZONE_FACULTY_OCEANIC,Faculty of Oceanic Engineering & Power,0.6333,-0.125,75109.4,-1468.84,4389.59,75123.76,358.88,34028.62,0.1247,0.9912,0.0449,35000.0,1
331,Petal,0,ZONE_FACULTY_OCEANIC,Faculty of Oceanic Engineering & Power,0.6333,0.0,75109.4,0.0,4698.86,75109.4,0.0,34028.62,0.1226,0.9915,0.044,35000.0,1
332,Petal,0,ZONE_FACULTY_OCEANIC,Faculty of Oceanic Engineering & Power,0.6333,0.125,75109.4,1468.84,4389.59,75123.76,1.12,34028.62,0.1221,0.9916,0.0439,35000.0,1
333,Petal,0,ZONE_FACULTY_OCEANIC,Faculty of Oceanic Engineering & Power,0.6333,0.25,75109.4,2937.68,3980.41,75166.83,2.24,34028.62,0.1215,0.9916,0.0438,35000.0,1
334,Petal,0,ZONE_FACULTY_OCEANIC,Faculty of Oceanic Engineering & Power,0.6333,0.375,75109.4,4406.52,3471.31,75238.55,3.36,34028.62,0.1209,0.9917,0.0437,35000.0,1
335,Petal,0,ZONE_FACULTY_OCEANIC,Faculty of Oceanic Engineering & Power,0.6333,0.5,75109.4,5875.36,2862.29,75338.85,4.47,34028.62,0.1202,0.9918,0.0435,35000.0,1
336,Petal,0,ZONE_FACULTY_OCEANIC,Faculty of Oceanic Engineering & Power,0.6333,0.625,75109.4,7344.2,2153.35,75467.61,5.58,34028.62,0.1194,0.9919,0.0434,35000.0,1
337,Petal,0,ZONE_FACULTY_OCEANIC,Faculty of Oceanic Engineering & Power,0.6333,0.75,75109.4,8813.04,1344.5,75624.68,6.69,34028.62,0.1186,0.992,0.0433,35000.0,1
338,Petal,0,ZONE_FACULTY_OCEANIC,Faculty of Oceanic Engineering & Power,0.6333,0.875,75109.4,10281.89,435.72,75809.89,7.79,34028.62,0.1177,0.9921,0.0432,35000.0,1
339,Petal,0,ZONE_CLEARANCE_WATERWAY,Faculty of Oceanic Engineering & Power,0.6333,1.0,75109.4,11750.73,-572.98,76023.03,8.89,34028.62,0.1205,0.9917,0.0444,35000.0,1
340,Petal,0,ZONE_CLEARANCE_WATERWAY,Faculty of Oceanic Engineering & Power,0.6667,-1.0,78273.05,-10524.85,-268.53,78977.49,352.34,38904.04,0.111,0.9931,0.039,35000.0,1
341,Petal,0,ZONE_FACULTY_OCEANIC,Faculty of Oceanic Engineering & Power,0.6667,-0.875,78273.05,-9209.24,692.34,78812.95,353.29,38904.04,0.1113,0.993,0.0389,35000.0,1
342,Petal,0,ZONE_FACULTY_OCEANIC,Faculty of Oceanic Engineering & Power,0.6667,-0.75,78273.05,-7893.64,1558.48,78670.07,354.24,38904.04,0.1116,0.993,0.0387,35000.0,1
343,Petal,0,ZONE_FACULTY_OCEANIC,Faculty of Oceanic Engineering & Power,0.6667,-0.625,78273.05,-6578.03,2329.9,78548.98,355.2,38904.04,0.1118,0.993,0.0386,35000.0,1
344,Petal,0,ZONE_FACULTY_OCEANIC,Faculty of Oceanic Engineering & Power,0.6667,-0.5,78273.05,-5262.42,3006.6,78449.76,356.15,38904.04,0.112,0.993,0.0385,35000.0,1
345,Petal,0,ZONE_FACULTY_OCEANIC,Faculty of Oceanic Engineering & Power,0.6667,-0.375,78273.05,-3946.82,3588.58,78372.5,357.11,38904.04,0.112,0.993,0.0384,35000.0,1
346,Petal,0,ZONE_FACULTY_OCEANIC,Faculty of Oceanic Engineering & Power,0.6667,-0.25,78273.05,-2631.21,4075.84,78317.27,358.07,38904.04,0.112,0.993,0.0383,35000.0,1
347,Petal,0,ZONE_FACULTY_OCEANIC,Faculty of Oceanic Engineering & Power,0.6667,-0.125,78273.05,-1315.61,4468.38,78284.11,359.04,38904.04,0.1119,0.993,0.0382,35000.0,1
348,Petal,0,ZONE_FACULTY_OCEANIC,Faculty of Oceanic Engineering & Power,0.6667,0.0,78273.05,0.0,4766.19,78273.05,0.0,38904.04,0.1102,0.9932,0.0376,35000.0,1
349,Petal,0,ZONE_FACULTY_OCEANIC,Faculty of Oceanic Engineering & Power,0.6667,0.125,78273.05,1315.61,4468.38,78284.11,0.96,38904.04,0.1097,0.9933,0.0375,35000.0,1
350,Petal,0,ZONE_FACULTY_OCEANIC,Faculty of Oceanic Engineering & Power,0.6667,0.25,78273.05,2631.21,4075.84,78317.27,1.93,38904.04,0.1092,0.9933,0.0374,35000.0,1
351,Petal,0,ZONE_FACULTY_OCEANIC,Faculty of Oceanic Engineering & Power,0.6667,0.375,78273.05,3946.82,3588.58,78372.5,2.89,38904.04,0.1087,0.9934,0.0373,35000.0,1
352,Petal,0,ZONE_FACULTY_OCEANIC,Faculty of Oceanic Engineering & Power,0.6667,0.5,78273.05,5262.42,3006.6,78449.76,3.85,38904.04,0.108,0.9935,0.0372,35000.0,1
353,Petal,0,ZONE_FACULTY_OCEANIC,Faculty of Oceanic Engineering & Power,0.6667,0.625,78273.05,6578.03,2329.9,78548.98,4.8,38904.04,0.1073,0.9935,0.0371,35000.0,1
354,Petal,0,ZONE_FACULTY_OCEANIC,Faculty of Oceanic Engineering & Power,0.6667,0.75,78273.05,7893.64,1558.48,78670.07,5.76,38904.04,0.1065,0.9936,0.037,35000.0,1
355,Petal,0,ZONE_FACULTY_OCEANIC,Faculty of Oceanic Engineering & Power,0.6667,0.875,78273.05,9209.24,692.34,78812.95,6.71,38904.04,0.1057,0.9937,0.0369,35000.0,1
356,Petal,0,ZONE_CLEARANCE_WATERWAY,Faculty of Oceanic Engineering & Power,0.6667,1.0,78273.05,10524.85,-268.53,78977.49,7.66,38904.04,0.1078,0.9935,0.0378,35000.0,1
357,Petal,0,ZONE_CLEARANCE_WATERWAY,Faculty of Oceanic Engineering & Power,0.7,-1.0,81436.71,-9297.03,69.13,81965.68,353.49,43783.34,0.0974,0.9947,0.0327,35000.0,1
358,Petal,0,ZONE_FACULTY_OCEANIC,Faculty of Oceanic Engineering & Power,0.7,-0.875,81436.71,-8134.9,972.39,81842.01,354.3,43783.34,0.0979,0.9947,0.0327,35000.0,1
359,Petal,0,ZONE_FACULTY_OCEANIC,Faculty of Oceanic Engineering & Power,0.7,-0.75,81436.71,-6972.77,1787.16,81734.67,355.11,43783.34,0.0983,0.9946,0.0326,35000.0,1
360,Petal,0,ZONE_FACULTY_OCEANIC,Faculty of Oceanic Engineering & Power,0.7,-0.625,81436.71,-5810.64,2513.44,81643.74,355.92,43783.34,0.0986,0.9946,0.0325,35000.0,1
361,Petal,0,ZONE_FACULTY_OCEANIC,Faculty of Oceanic Engineering & Power,0.7,-0.5,81436.71,-4648.51,3151.24,81569.27,356.73,43783.34,0.0989,0.9946,0.0324,35000.0,1
362,Petal,0,ZONE_FACULTY_OCEANIC,Faculty of Oceanic Engineering & Power,0.7,-0.375,81436.71,-3486.39,3700.55,81511.3,357.55,43783.34,0.0991,0.9946,0.0323,35000.0,1
363,Petal,0,ZONE_FACULTY_OCEANIC,Faculty of Oceanic Engineering & Power,0.7,-0.25,81436.71,-2324.26,4161.38,81469.87,358.37,43783.34,0.0992,0.9945,0.0322,35000.0,1
364,Petal,0,ZONE_FACULTY_OCEANIC,Faculty of Oceanic Engineering & Power,0.7,-0.125,81436.71,-1162.13,4533.72,81445.0,359.18,43783.34,0.0992,0.9945,0.0322,35000.0,1
365,Petal,0,ZONE_FACULTY_OCEANIC,Faculty of Oceanic Engineering & Power,0.7,0.0,81436.71,0.0,4817.57,81436.71,0.0,43783.34,0.0979,0.9947,0.0317,35000.0,1
366,Petal,0,ZONE_FACULTY_OCEANIC,Faculty of Oceanic Engineering & Power,0.7,0.125,81436.71,1162.13,4533.72,81445.0,0.82,43783.34,0.0975,0.9947,0.0316,35000.0,1
367,Petal,0,ZONE_FACULTY_OCEANIC,Faculty of Oceanic Engineering & Power,0.7,0.25,81436.71,2324.26,4161.38,81469.87,1.63,43783.34,0.097,0.9948,0.0315,35000.0,1
368,Petal,0,ZONE_FACULTY_OCEANIC,Faculty of Oceanic Engineering & Power,0.7,0.375,81436.71,3486.39,3700.55,81511.3,2.45,43783.34,0.0964,0.9948,0.0314,35000.0,1
369,Petal,0,ZONE_FACULTY_OCEANIC,Faculty of Oceanic Engineering & Power,0.7,0.5,81436.71,4648.51,3151.24,81569.27,3.27,43783.34,0.0958,0.9949,0.0314,35000.0,1
370,Petal,0,ZONE_FACULTY_OCEANIC,Faculty of Oceanic Engineering & Power,0.7,0.625,81436.71,5810.64,2513.44,81643.74,4.08,43783.34,0.095,0.995,0.0313,35000.0,1
371,Petal,0,ZONE_FACULTY_OCEANIC,Faculty of Oceanic Engineering & Power,0.7,0.75,81436.71,6972.77,1787.16,81734.67,4.89,43783.34,0.0942,0.9951,0.0312,35000.0,1
372,Petal,0,ZONE_FACULTY_OCEANIC,Faculty of Oceanic Engineering & Power,0.7,0.875,81436.71,8134.9,972.39,81842.01,5.7,43783.34,0.0934,0.9951,0.0312,35000.0,1
373,Petal,0,ZONE_CLEARANCE_WATERWAY,Faculty of Oceanic Engineering & Power,0.7,1.0,81436.71,9297.03,69.13,81965.68,6.51,43783.34,0.0949,0.995,0.0319,35000.0,1
374,Petal,0,ZONE_CLEARANCE_WATERWAY,Faculty of Oceanic Engineering & Power,0.7333,-1.0,84600.36,-8077.5,422.8,84985.1,354.55,48646.06,0.0829,0.9962,0.0281,35000.0,1
375,Petal,0,ZONE_FACULTY_OCEANIC,Faculty of Oceanic Engineering & Power,0.7333,-0.875,84600.36,-7067.81,1230.47,84895.08,355.22,48646.06,0.0839,0.9961,0.028,35000.0,1
376,Petal,0,ZONE_FACULTY_OCEANIC,Faculty of Oceanic Engineering & Power,0.7333,-0.75,84600.36,-6058.13,1959.64,84816.99,355.9,48646.06,0.0847,0.996,0.0279,35000.0,1
377,Petal,0,ZONE_FACULTY_OCEANIC,Faculty of Oceanic Engineering & Power,0.7333,-0.625,84600.36,-5048.44,2610.33,84750.86,356.58,48646.06,0.0854,0.996,0.0279,35000.0,1
378,Petal,0,ZONE_FACULTY_OCEANIC,Faculty of Oceanic Engineering & Power,0.7333,-0.5,84600.36,-4038.75,3182.51,84696.71,357.27,48646.06,0.086,0.9959,0.0278,35000.0,1
379,Petal,0,ZONE_FACULTY_OCEANIC,Faculty of Oceanic Engineering & Power,0.7333,-0.375,84600.36,-3029.06,3676.21,84654.57,357.95,48646.06,0.0865,0.9959,0.0278,35000.0,1
380,Petal,0,ZONE_FACULTY_OCEANIC,Faculty of Oceanic Engineering & Power,0.7333,-0.25,84600.36,-2019.38,4091.41,84624.46,358.63,48646.06,0.0869,0.9958,0.0277,35000.0,1
381,Petal,0,ZONE_FACULTY_OCEANIC,Faculty of Oceanic Engineering & Power,0.7333,-0.125,84600.36,-1009.69,4428.12,84606.38,359.32,48646.06,0.0871,0.9958,0.0276,35000.0,1
382,Petal,0,ZONE_FACULTY_OCEANIC,Faculty of Oceanic Engineering & Power,0.7333,0.0,84600.36,0.0,4686.33,84600.36,0.0,48646.06,0.0862,0.9959,0.0272,35000.0,1
383,Petal,0,ZONE_FACULTY_OCEANIC,Faculty of Oceanic Engineering & Power,0.7333,0.125,84600.36,1009.69,4428.12,84606.38,0.68,48646.06,0.0858,0.9959,0.0272,35000.0,1
384,Petal,0,ZONE_FACULTY_OCEANIC,Faculty of Oceanic Engineering & Power,0.7333,0.25,84600.36,2019.38,4091.41,84624.46,1.37,48646.06,0.0851,0.996,0.0271,35000.0,1
385,Petal,0,ZONE_FACULTY_OCEANIC,Faculty of Oceanic Engineering & Power,0.7333,0.375,84600.36,3029.06,3676.21,84654.57,2.05,48646.06,0.0844,0.9961,0.0271,35000.0,1
386,Petal,0,ZONE_FACULTY_OCEANIC,Faculty of Oceanic Engineering & Power,0.7333,0.5,84600.36,4038.75,3182.51,84696.71,2.73,48646.06,0.0836,0.9961,0.027,35000.0,1
387,Petal,0,ZONE_FACULTY_OCEANIC,Faculty of Oceanic Engineering & Power,0.7333,0.625,84600.36,5048.44,2610.33,84750.86,3.42,48646.06,0.0827,0.9962,0.027,35000.0,1
388,Petal,0,ZONE_FACULTY_OCEANIC,Faculty of Oceanic Engineering & Power,0.7333,0.75,84600.36,6058.13,1959.64,84816.99,4.1,48646.06,0.0816,0.9963,0.0269,35000.0,1
389,Petal,0,ZONE_FACULTY_OCEANIC,Faculty of Oceanic Engineering & Power,0.7333,0.875,84600.36,7067.81,1230.47,84895.08,4.78,48646.06,0.0804,0.9964,0.0269,35000.0,1
390,Petal,0,ZONE_CLEARANCE_WATERWAY,Faculty of Oceanic Engineering & Power,0.7333,1.0,84600.36,8077.5,422.8,84985.1,5.45,48646.06,0.081,0.9963,0.0274,35000.0,1
391,Petal,0,ZONE_CLEARANCE_WATERWAY,Faculty of Oceanic Engineering & Power,0.7667,-1.0,87764.01,-6876.0,729.61,88032.96,355.52,53472.72,0.0696,0.9973,0.0252,35000.0,1
392,Petal,0,ZONE_FACULTY_OCEANIC,Faculty of Oceanic Engineering & Power,0.7667,-0.875,87764.01,-6016.5,1394.3,87970.0,356.08,53472.72,0.0707,0.9972,0.0252,35000.0,1
393,Petal,0,ZONE_FACULTY_OCEANIC,Faculty of Oceanic Engineering & Power,0.7667,-0.75,87764.01,-5157.0,1995.05,87915.39,356.64,53472.72,0.0717,0.9971,0.0251,35000.0,1
394,Petal,0,ZONE_FACULTY_OCEANIC,Faculty of Oceanic Engineering & Power,0.7667,-0.625,87764.01,-4297.5,2531.84,87869.17,357.2,53472.72,0.0726,0.997,0.0251,35000.0,1
395,Petal,0,ZONE_FACULTY_OCEANIC,Faculty of Oceanic Engineering & Power,0.7667,-0.5,87764.01,-3438.0,3004.68,87831.33,357.76,53472.72,0.0733,0.997,0.025,35000.0,1
396,Petal,0,ZONE_FACULTY_OCEANIC,Faculty of Oceanic Engineering & Power,0.7667,-0.375,87764.01,-2578.5,3413.57,87801.88,358.32,53472.72,0.0739,0.997,0.025,35000.0,1
397,Petal,0,ZONE_FACULTY_OCEANIC,Faculty of Oceanic Engineering & Power,0.7667,-0.25,87764.01,-1719.0,3758.51,87780.85,358.88,53472.72,0.0744,0.9969,0.0249,35000.0,1
398,Petal,0,ZONE_FACULTY_OCEANIC,Faculty of Oceanic Engineering & Power,0.7667,-0.125,87764.01,-859.5,4039.5,87768.22,359.44,53472.72,0.0748,0.9969,0.0249,35000.0,1
399,Petal,0,ZONE_FACULTY_OCEANIC,Faculty of Oceanic Engineering & Power,0.7667,0.0,87764.01,0.0,4256.54,87764.01,0.0,53472.72,0.0742,0.9969,0.0246,35000.0,1
400,Petal,0,ZONE_FACULTY_OCEANIC,Faculty of Oceanic Engineering & Power,0.7667,0.125,87764.01,859.5,4039.5,87768.22,0.56,53472.72,0.0737,0.997,0.0245,35000.0,1
401,Petal,0,ZONE_FACULTY_OCEANIC,Faculty of Oceanic Engineering & Power,0.7667,0.25,87764.01,1719.0,3758.51,87780.85,1.12,53472.72,0.0731,0.997,0.0245,35000.0,1
402,Petal,0,ZONE_FACULTY_OCEANIC,Faculty of Oceanic Engineering & Power,0.7667,0.375,87764.01,2578.5,3413.57,87801.88,1.68,53472.72,0.0723,0.9971,0.0244,35000.0,1
403,Petal,0,ZONE_FACULTY_OCEANIC,Faculty of Oceanic Engineering & Power,0.7667,0.5,87764.01,3438.0,3004.68,87831.33,2.24,53472.72,0.0715,0.9971,0.0244,35000.0,1
404,Petal,0,ZONE_FACULTY_OCEANIC,Faculty of Oceanic Engineering & Power,0.7667,0.625,87764.01,4297.5,2531.84,87869.17,2.8,53472.72,0.0705,0.9972,0.0243,35000.0,1
405,Petal,0,ZONE_FACULTY_OCEANIC,Faculty of Oceanic Engineering & Power,0.7667,0.75,87764.01,5157.0,1995.05,87915.39,3.36,53472.72,0.0694,0.9973,0.0243,35000.0,1
406,Petal,0,ZONE_FACULTY_OCEANIC,Faculty of Oceanic Engineering & Power,0.7667,0.875,87764.01,6016.5,1394.3,87970.0,3.92,53472.72,0.0682,0.9974,0.0243,35000.0,1
407,Petal,0,ZONE_CLEARANCE_WATERWAY,Faculty of Oceanic Engineering & Power,0.7667,1.0,87764.01,6876.0,729.61,88032.96,4.48,53472.72,0.0682,0.9974,0.0247,35000.0,1
408,Petal,0,ZONE_CLEARANCE_WATERWAY,Faculty of Oceanic Engineering & Power,0.8,-1.0,90927.66,-5702.04,931.72,91106.28,356.41,58244.3,0.0571,0.9981,0.0236,35000.0,1
409,Petal,0,ZONE_FACULTY_OCEANIC,Faculty of Oceanic Engineering & Power,0.8,-0.875,90927.66,-4989.29,1433.09,91064.45,356.86,58244.3,0.0582,0.998,0.0235,35000.0,1
410,Petal,0,ZONE_FACULTY_OCEANIC,Faculty of Oceanic Engineering & Power,0.8,-0.75,90927.66,-4276.53,1886.84,91028.18,357.31,58244.3,0.0592,0.998,0.0235,35000.0,1
411,Petal,0,ZONE_FACULTY_OCEANIC,Faculty of Oceanic Engineering & Power,0.8,-0.625,90927.66,-3563.78,2292.97,90997.48,357.76,58244.3,0.0601,0.9979,0.0235,35000.0,1
412,Petal,0,ZONE_FACULTY_OCEANIC,Faculty of Oceanic Engineering & Power,0.8,-0.5,90927.66,-2851.02,2651.47,90972.35,358.2,58244.3,0.0608,0.9979,0.0234,35000.0,1
413,Petal,0,ZONE_FACULTY_OCEANIC,Faculty of Oceanic Engineering & Power,0.8,-0.375,90927.66,-2138.27,2962.36,90952.8,358.65,58244.3,0.0615,0.9978,0.0234,35000.0,1
414,Petal,0,ZONE_FACULTY_OCEANIC,Faculty of Oceanic Engineering & Power,0.8,-0.25,90927.66,-1425.51,3225.62,90938.84,359.1,58244.3,0.062,0.9978,0.0234,35000.0,1
415,Petal,0,ZONE_FACULTY_OCEANIC,Faculty of Oceanic Engineering & Power,0.8,-0.125,90927.66,-712.76,3441.26,90930.46,359.55,58244.3,0.0624,0.9978,0.0233,35000.0,1
416,Petal,0,ZONE_FACULTY_OCEANIC,Faculty of Oceanic Engineering & Power,0.8,0.0,90927.66,0.0,3609.28,90927.66,0.0,58244.3,0.0621,0.9978,0.0231,35000.0,1
417,Petal,0,ZONE_FACULTY_OCEANIC,Faculty of Oceanic Engineering & Power,0.8,0.125,90927.66,712.76,3441.26,90930.46,0.45,58244.3,0.0616,0.9978,0.023,35000.0,1
418,Petal,0,ZONE_FACULTY_OCEANIC,Faculty of Oceanic Engineering & Power,0.8,0.25,90927.66,1425.51,3225.62,90938.84,0.9,58244.3,0.061,0.9979,0.023,35000.0,1
419,Petal,0,ZONE_FACULTY_OCEANIC,Faculty of Oceanic Engineering & Power,0.8,0.375,90927.66,2138.27,2962.36,90952.8,1.35,58244.3,0.0603,0.9979,0.023,35000.0,1
420,Petal,0,ZONE_FACULTY_OCEANIC,Faculty of Oceanic Engineering & Power,0.8,0.5,90927.66,2851.02,2651.47,90972.35,1.8,58244.3,0.0595,0.998,0.0229,35000.0,1
421,Petal,0,ZONE_FACULTY_OCEANIC,Faculty of Oceanic Engineering & Power,0.8,0.625,90927.66,3563.78,2292.97,90997.48,2.24,58244.3,0.0586,0.998,0.0229,35000.0,1
422,Petal,0,ZONE_FACULTY_OCEANIC,Faculty of Oceanic Engineering & Power,0.8,0.75,90927.66,4276.53,1886.84,91028.18,2.69,58244.3,0.0576,0.9981,0.0229,35000.0,1
423,Petal,0,ZONE_FACULTY_OCEANIC,Faculty of Oceanic Engineering & Power,0.8,0.875,90927.66,4989.29,1433.09,91064.45,3.14,58244.3,0.0564,0.9981,0.0228,35000.0,1
424,Petal,0,ZONE_CLEARANCE_WATERWAY,Faculty of Oceanic Engineering & Power,0.8,1.0,90927.66,5702.04,931.72,91106.28,3.59,58244.3,0.0561,0.9982,0.0232,35000.0,1
425,Petal,0,ZONE_CLEARANCE_WATERWAY,Faculty of Oceanic Engineering & Power,0.8333,-1.0,94091.32,-4565.27,992.95,94202.01,357.22,62941.5,0.0453,0.9987,0.023,35000.0,1
426,Petal,0,ZONE_FACULTY_OCEANIC,Faculty of Oceanic Engineering & Power,0.8333,-0.875,94091.32,-3994.61,1334.24,94176.07,357.57,62941.5,0.0464,0.9987,0.0229,35000.0,1
427,Petal,0,ZONE_FACULTY_OCEANIC,Faculty of Oceanic Engineering & Power,0.8333,-0.75,94091.32,-3423.95,1643.64,94153.6,357.92,62941.5,0.0473,0.9986,0.0229,35000.0,1
428,Petal,0,ZONE_FACULTY_OCEANIC,Faculty of Oceanic Engineering & Power,0.8333,-0.625,94091.32,-2853.3,1921.17,94134.57,358.26,62941.5,0.0481,0.9986,0.0229,35000.0,1
429,Petal,0,ZONE_FACULTY_OCEANIC,Faculty of Oceanic Engineering & Power,0.8333,-0.5,94091.32,-2282.64,2166.81,94119.0,358.61,62941.5,0.0488,0.9985,0.0229,35000.0,1
430,Petal,0,ZONE_FACULTY_OCEANIC,Faculty of Oceanic Engineering & Power,0.8333,-0.375,94091.32,-1711.98,2380.56,94106.89,358.96,62941.5,0.0493,0.9985,0.0228,35000.0,1
431,Petal,0,ZONE_FACULTY_OCEANIC,Faculty of Oceanic Engineering & Power,0.8333,-0.25,94091.32,-1141.32,2562.44,94098.24,359.31,62941.5,0.0498,0.9985,0.0228,35000.0,1
432,Petal,0,ZONE_FACULTY_OCEANIC,Faculty of Oceanic Engineering & Power,0.8333,-0.125,94091.32,-570.66,2712.43,94093.05,359.65,62941.5,0.0502,0.9985,0.0228,35000.0,1
433,Petal,0,ZONE_FACULTY_OCEANIC,Faculty of Oceanic Engineering & Power,0.8333,0.0,94091.32,0.0,2830.55,94091.32,0.0,62941.5,0.0501,0.9985,0.0225,35000.0,1
434,Petal,0,ZONE_FACULTY_OCEANIC,Faculty of Oceanic Engineering & Power,0.8333,0.125,94091.32,570.66,2712.43,94093.05,0.35,62941.5,0.0497,0.9985,0.0225,35000.0,1
435,Petal,0,ZONE_FACULTY_OCEANIC,Faculty of Oceanic Engineering & Power,0.8333,0.25,94091.32,1141.32,2562.44,94098.24,0.69,62941.5,0.0492,0.9985,0.0225,35000.0,1
436,Petal,0,ZONE_FACULTY_OCEANIC,Faculty of Oceanic Engineering & Power,0.8333,0.375,94091.32,1711.98,2380.56,94106.89,1.04,62941.5,0.0486,0.9986,0.0225,35000.0,1
437,Petal,0,ZONE_FACULTY_OCEANIC,Faculty of Oceanic Engineering & Power,0.8333,0.5,94091.32,2282.64,2166.81,94119.0,1.39,62941.5,0.0479,0.9986,0.0224,35000.0,1
438,Petal,0,ZONE_FACULTY_OCEANIC,Faculty of Oceanic Engineering & Power,0.8333,0.625,94091.32,2853.3,1921.17,94134.57,1.74,62941.5,0.0471,0.9986,0.0224,35000.0,1
439,Petal,0,ZONE_FACULTY_OCEANIC,Faculty of Oceanic Engineering & Power,0.8333,0.75,94091.32,3423.95,1643.64,94153.6,2.08,62941.5,0.0462,0.9987,0.0224,35000.0,1
440,Petal,0,ZONE_FACULTY_OCEANIC,Faculty of Oceanic Engineering & Power,0.8333,0.875,94091.32,3994.61,1334.24,94176.07,2.43,62941.5,0.0452,0.9987,0.0224,35000.0,1
441,Petal,0,ZONE_CLEARANCE_WATERWAY,Faculty of Oceanic Engineering & Power,0.8333,1.0,94091.32,4565.27,992.95,94202.01,2.78,62941.5,0.0447,0.9987,0.0226,35000.0,1
442,Petal,0,ZONE_CLEARANCE_WATERWAY,Faculty of Oceanic Engineering & Power,0.8667,-1.0,97254.97,-3476.07,903.97,97317.07,357.95,67543.58,0.0343,0.9991,0.0235,35000.0,1
443,Petal,0,ZONE_HARBOR_BERTH,Faculty of Oceanic Engineering & Power,0.8667,-0.875,97254.97,-3041.56,1107.01,97302.52,358.21,67543.58,0.0352,0.9991,0.0234,35000.0,1
444,Petal,0,ZONE_HARBOR_BERTH,Faculty of Oceanic Engineering & Power,0.8667,-0.75,97254.97,-2607.05,1291.5,97289.91,358.46,67543.58,0.0359,0.9991,0.0234,35000.0,1
445,Petal,0,ZONE_HARBOR_BERTH,Faculty of Oceanic Engineering & Power,0.8667,-0.625,97254.97,-2172.54,1457.44,97279.23,358.72,67543.58,0.0366,0.9991,0.0234,35000.0,1
446,Petal,0,ZONE_HARBOR_BERTH,Faculty of Oceanic Engineering & Power,0.8667,-0.5,97254.97,-1738.03,1604.83,97270.5,358.98,67543.58,0.0372,0.999,0.0234,35000.0,1
447,Petal,0,ZONE_HARBOR_BERTH,Faculty of Oceanic Engineering & Power,0.8667,-0.375,97254.97,-1303.52,1733.66,97263.71,359.23,67543.58,0.0377,0.999,0.0233,35000.0,1
448,Petal,0,ZONE_HARBOR_BERTH,Faculty of Oceanic Engineering & Power,0.8667,-0.25,97254.97,-869.02,1843.94,97258.85,359.49,67543.58,0.0381,0.999,0.0233,35000.0,1
449,Petal,0,ZONE_HARBOR_BERTH,Faculty of Oceanic Engineering & Power,0.8667,-0.125,97254.97,-434.51,1935.68,97255.94,359.74,67543.58,0.0384,0.999,0.0233,35000.0,1
450,Petal,0,ZONE_HARBOR_BERTH,Faculty of Oceanic Engineering & Power,0.8667,0.0,97254.97,0.0,2008.86,97254.97,0.0,67543.58,0.0384,0.999,0.0231,35000.0,1
451,Petal,0,ZONE_HARBOR_BERTH,Faculty of Oceanic Engineering & Power,0.8667,0.125,97254.97,434.51,1935.68,97255.94,0.26,67543.58,0.0381,0.999,0.0231,35000.0,1
452,Petal,0,ZONE_HARBOR_BERTH,Faculty of Oceanic Engineering & Power,0.8667,0.25,97254.97,869.02,1843.94,97258.85,0.51,67543.58,0.0377,0.999,0.0231,35000.0,1
453,Petal,0,ZONE_HARBOR_BERTH,Faculty of Oceanic Engineering & Power,0.8667,0.375,97254.97,1303.52,1733.66,97263.71,0.77,67543.58,0.0372,0.999,0.023,35000.0,1
454,Petal,0,ZONE_HARBOR_BERTH,Faculty of Oceanic Engineering & Power,0.8667,0.5,97254.97,1738.03,1604.83,97270.5,1.02,67543.58,0.0366,0.9991,0.023,35000.0,1
455,Petal,0,ZONE_HARBOR_BERTH,Faculty of Oceanic Engineering & Power,0.8667,0.625,97254.97,2172.54,1457.44,97279.23,1.28,67543.58,0.036,0.9991,0.023,35000.0,1
456,Petal,0,ZONE_HARBOR_BERTH,Faculty of Oceanic Engineering & Power,0.8667,0.75,97254.97,2607.05,1291.5,97289.91,1.54,67543.58,0.0353,0.9991,0.023,35000.0,1
457,Petal,0,ZONE_HARBOR_BERTH,Faculty of Oceanic Engineering & Power,0.8667,0.875,97254.97,3041.56,1107.01,97302.52,1.79,67543.58,0.0345,0.9991,0.023,35000.0,1
458,Petal,0,ZONE_CLEARANCE_WATERWAY,Faculty of Oceanic Engineering & Power,0.8667,1.0,97254.97,3476.07,903.97,97317.07,2.05,67543.58,0.0339,0.9992,0.0232,35000.0,1
459,Petal,0,ZONE_CLEARANCE_WATERWAY,Faculty of Oceanic Engineering & Power,0.9,-1.0,100418.62,-2446.62,686.49,100448.42,358.6,72026.13,0.0241,0.9994,0.0255,35000.0,1
460,Petal,0,ZONE_HARBOR_BERTH,Faculty of Oceanic Engineering & Power,0.9,-0.875,100418.62,-2140.79,785.44,100441.44,358.78,72026.13,0.0247,0.9994,0.0255,35000.0,1
461,Petal,0,ZONE_HARBOR_BERTH,Faculty of Oceanic Engineering & Power,0.9,-0.75,100418.62,-1834.97,875.63,100435.39,358.95,72026.13,0.0253,0.9994,0.0255,35000.0,1
462,Petal,0,ZONE_HARBOR_BERTH,Faculty of Oceanic Engineering & Power,0.9,-0.625,100418.62,-1529.14,957.06,100430.26,359.13,72026.13,0.0258,0.9993,0.0254,35000.0,1
463,Petal,0,ZONE_HARBOR_BERTH,Faculty of Oceanic Engineering & Power,0.9,-0.5,100418.62,-1223.31,1029.72,100426.07,359.3,72026.13,0.0262,0.9993,0.0254,35000.0,1
464,Petal,0,ZONE_HARBOR_BERTH,Faculty of Oceanic Engineering & Power,0.9,-0.375,100418.62,-917.48,1093.62,100422.81,359.48,72026.13,0.0266,0.9993,0.0254,35000.0,1
465,Petal,0,ZONE_HARBOR_BERTH,Faculty of Oceanic Engineering & Power,0.9,-0.25,100418.62,-611.66,1148.76,100420.49,359.65,72026.13,0.0269,0.9993,0.0254,35000.0,1
466,Petal,0,ZONE_HARBOR_BERTH,Faculty of Oceanic Engineering & Power,0.9,-0.125,100418.62,-305.83,1195.14,100419.09,359.83,72026.13,0.0272,0.9993,0.0254,35000.0,1
467,Petal,0,ZONE_HARBOR_BERTH,Faculty of Oceanic Engineering & Power,0.9,0.0,100418.62,0.0,1232.75,100418.62,0.0,72026.13,0.0272,0.9993,0.0252,35000.0,1
468,Petal,0,ZONE_HARBOR_BERTH,Faculty of Oceanic Engineering & Power,0.9,0.125,100418.62,305.83,1195.14,100419.09,0.17,72026.13,0.027,0.9993,0.0252,35000.0,1
469,Petal,0,ZONE_HARBOR_BERTH,Faculty of Oceanic Engineering & Power,0.9,0.25,100418.62,611.66,1148.76,100420.49,0.35,72026.13,0.0267,0.9993,0.0252,35000.0,1
470,Petal,0,ZONE_HARBOR_BERTH,Faculty of Oceanic Engineering & Power,0.9,0.375,100418.62,917.48,1093.62,100422.81,0.52,72026.13,0.0263,0.9993,0.0252,35000.0,1
471,Petal,0,ZONE_HARBOR_BERTH,Faculty of Oceanic Engineering & Power,0.9,0.5,100418.62,1223.31,1029.72,100426.07,0.7,72026.13,0.0259,0.9993,0.0251,35000.0,1
472,Petal,0,ZONE_HARBOR_BERTH,Faculty of Oceanic Engineering & Power,0.9,0.625,100418.62,1529.14,957.06,100430.26,0.87,72026.13,0.0254,0.9994,0.0251,35000.0,1
473,Petal,0,ZONE_HARBOR_BERTH,Faculty of Oceanic Engineering & Power,0.9,0.75,100418.62,1834.97,875.63,100435.39,1.05,72026.13,0.0249,0.9994,0.0251,35000.0,1
474,Petal,0,ZONE_HARBOR_BERTH,Faculty of Oceanic Engineering & Power,0.9,0.875,100418.62,2140.79,785.44,100441.44,1.22,72026.13,0.0243,0.9994,0.0251,35000.0,1
475,Petal,0,ZONE_CLEARANCE_WATERWAY,Faculty of Oceanic Engineering & Power,0.9,1.0,100418.62,2446.62,686.49,100448.42,1.4,72026.13,0.0239,0.9994,0.0253,35000.0,1
476,Petal,0,ZONE_CLEARANCE_WATERWAY,Faculty of Oceanic Engineering & Power,0.9333,-1.0,103582.28,-1493.42,396.26,103593.04,359.17,76356.19,0.0147,0.9994,0.0308,35000.0,1
477,Petal,0,ZONE_HARBOR_BERTH,Faculty of Oceanic Engineering & Power,0.9333,-0.875,103582.28,-1306.74,430.28,103590.52,359.28,76356.19,0.0151,0.9994,0.0307,35000.0,1
478,Petal,0,ZONE_HARBOR_BERTH,Faculty of Oceanic Engineering & Power,0.9333,-0.75,103582.28,-1120.07,461.44,103588.33,359.38,76356.19,0.0154,0.9994,0.0307,35000.0,1
479,Petal,0,ZONE_HARBOR_BERTH,Faculty of Oceanic Engineering & Power,0.9333,-0.625,103582.28,-933.39,489.73,103586.48,359.48,76356.19,0.0158,0.9994,0.0307,35000.0,1
480,Petal,0,ZONE_HARBOR_BERTH,Faculty of Oceanic Engineering & Power,0.9333,-0.5,103582.28,-746.71,515.14,103584.97,359.59,76356.19,0.016,0.9994,0.0307,35000.0,1
481,Petal,0,ZONE_HARBOR_BERTH,Faculty of Oceanic Engineering & Power,0.9333,-0.375,103582.28,-560.03,537.69,103583.79,359.69,76356.19,0.0163,0.9994,0.0307,35000.0,1
482,Petal,0,ZONE_HARBOR_BERTH,Faculty of Oceanic Engineering & Power,0.9333,-0.25,103582.28,-373.36,557.37,103582.95,359.79,76356.19,0.0165,0.9994,0.0307,35000.0,1
483,Petal,0,ZONE_HARBOR_BERTH,Faculty of Oceanic Engineering & Power,0.9333,-0.125,103582.28,-186.68,574.18,103582.44,359.9,76356.19,0.0167,0.9994,0.0307,35000.0,1
484,Petal,0,ZONE_HARBOR_BERTH,Faculty of Oceanic Engineering & Power,0.9333,0.0,103582.28,0.0,588.11,103582.28,0.0,76356.19,0.0167,0.9994,0.0305,35000.0,1
485,Petal,0,ZONE_HARBOR_BERTH,Faculty of Oceanic Engineering & Power,0.9333,0.125,103582.28,186.68,574.18,103582.44,0.1,76356.19,0.0166,0.9994,0.0305,35000.0,1
486,Petal,0,ZONE_HARBOR_BERTH,Faculty of Oceanic Engineering & Power,0.9333,0.25,103582.28,373.36,557.37,103582.95,0.21,76356.19,0.0164,0.9994,0.0305,35000.0,1
487,Petal,0,ZONE_HARBOR_BERTH,Faculty of Oceanic Engineering & Power,0.9333,0.375,103582.28,560.03,537.69,103583.79,0.31,76356.19,0.0162,0.9994,0.0305,35000.0,1
488,Petal,0,ZONE_HARBOR_BERTH,Faculty of Oceanic Engineering & Power,0.9333,0.5,103582.28,746.71,515.14,103584.97,0.41,76356.19,0.0159,0.9994,0.0305,35000.0,1
489,Petal,0,ZONE_HARBOR_BERTH,Faculty of Oceanic Engineering & Power,0.9333,0.625,103582.28,933.39,489.73,103586.48,0.52,76356.19,0.0156,0.9994,0.0304,35000.0,1
490,Petal,0,ZONE_HARBOR_BERTH,Faculty of Oceanic Engineering & Power,0.9333,0.75,103582.28,1120.07,461.44,103588.33,0.62,76356.19,0.0153,0.9994,0.0304,35000.0,1
491,Petal,0,ZONE_HARBOR_BERTH,Faculty of Oceanic Engineering & Power,0.9333,0.875,103582.28,1306.74,430.28,103590.52,0.72,76356.19,0.0149,0.9994,0.0304,35000.0,1
492,Petal,0,ZONE_CLEARANCE_WATERWAY,Faculty of Oceanic Engineering & Power,0.9333,1.0,103582.28,1493.42,396.26,103593.04,0.83,76356.19,0.0146,0.9994,0.0306,35000.0,1
493,Petal,0,ZONE_CLEARANCE_WATERWAY,Faculty of Oceanic Engineering & Power,0.9667,-1.0,106745.93,-644.79,124.82,106747.88,359.65,80477.11,0.0064,0.9989,0.047,35000.0,1
494,Petal,0,ZONE_HARBOR_BERTH,Faculty of Oceanic Engineering & Power,0.9667,-0.875,106745.93,-564.19,129.94,106747.42,359.7,80477.11,0.0066,0.9989,0.047,35000.0,1
495,Petal,0,ZONE_HARBOR_BERTH,Faculty of Oceanic Engineering & Power,0.9667,-0.75,106745.93,-483.59,134.66,106747.02,359.74,80477.11,0.0067,0.9989,0.047,35000.0,1
496,Petal,0,ZONE_HARBOR_BERTH,Faculty of Oceanic Engineering & Power,0.9667,-0.625,106745.93,-402.99,138.99,106746.69,359.78,80477.11,0.0068,0.9989,0.047,35000.0,1
497,Petal,0,ZONE_HARBOR_BERTH,Faculty of Oceanic Engineering & Power,0.9667,-0.5,106745.93,-322.39,142.93,106746.42,359.83,80477.11,0.007,0.9989,0.047,35000.0,1
498,Petal,0,ZONE_HARBOR_BERTH,Faculty of Oceanic Engineering & Power,0.9667,-0.375,106745.93,-241.8,146.47,106746.2,359.87,80477.11,0.0071,0.9989,0.047,35000.0,1
499,Petal,0,ZONE_HARBOR_BERTH,Faculty of Oceanic Engineering & Power,0.9667,-0.25,106745.93,-161.2,149.62,106746.05,359.91,80477.11,0.0072,0.9989,0.047,35000.0,1
500,Petal,0,ZONE_HARBOR_BERTH,Faculty of Oceanic Engineering & Power,0.9667,-0.125,106745.93,-80.6,152.38,106745.96,359.96,80477.11,0.0072,0.9989,0.047,35000.0,1
501,Petal,0,ZONE_HARBOR_BERTH,Faculty of Oceanic Engineering & Power,0.9667,0.0,106745.93,0.0,154.75,106745.93,0.0,80477.11,0.0073,0.9989,0.0468,35000.0,1
502,Petal,0,ZONE_HARBOR_BERTH,Faculty of Oceanic Engineering & Power,0.9667,0.125,106745.93,80.6,152.38,106745.96,0.04,80477.11,0.0072,0.9989,0.0468,35000.0,1
503,Petal,0,ZONE_HARBOR_BERTH,Faculty of Oceanic Engineering & Power,0.9667,0.25,106745.93,161.2,149.62,106746.05,0.09,80477.11,0.0071,0.9989,0.0468,35000.0,1
504,Petal,0,ZONE_HARBOR_BERTH,Faculty of Oceanic Engineering & Power,0.9667,0.375,106745.93,241.8,146.47,106746.2,0.13,80477.11,0.007,0.9989,0.0468,35000.0,1
505,Petal,0,ZONE_HARBOR_BERTH,Faculty of Oceanic Engineering & Power,0.9667,0.5,106745.93,322.39,142.93,106746.42,0.17,80477.11,0.0069,0.9989,0.0468,35000.0,1
506,Petal,0,ZONE_HARBOR_BERTH,Faculty of Oceanic Engineering & Power,0.9667,0.625,106745.93,402.99,138.99,106746.69,0.22,80477.11,0.0068,0.9989,0.0468,35000.0,1
507,Petal,0,ZONE_HARBOR_BERTH,Faculty of Oceanic Engineering & Power,0.9667,0.75,106745.93,483.59,134.66,106747.02,0.26,80477.11,0.0067,0.9989,0.0468,35000.0,1
508,Petal,0,ZONE_HARBOR_BERTH,Faculty of Oceanic Engineering & Power,0.9667,0.875,106745.93,564.19,129.94,106747.42,0.3,80477.11,0.0065,0.9989,0.0468,35000.0,1
509,Petal,0,ZONE_CLEARANCE_WATERWAY,Faculty of Oceanic Engineering & Power,0.9667,1.0,106745.93,644.79,124.82,106747.88,0.35,80477.11,0.0064,0.9989,0.0469,35000.0,1
510,Petal,0,ZONE_CLEARANCE_WATERWAY,Faculty of Oceanic Engineering & Power,1.0,-1.0,109909.58,-0.0,0.0,109909.58,0.0,84190.36,0.0,0.0,1.0,35000.0,1
511,Petal,0,ZONE_HARBOR_BERTH,Faculty of Oceanic Engineering & Power,1.0,-0.875,109909.58,-0.0,0.0,109909.58,0.0,84190.36,0.0,-0.0,1.0,35000.0,1
512,Petal,0,ZONE_HARBOR_BERTH,Faculty of Oceanic Engineering & Power,1.0,-0.75,109909.58,-0.0,0.0,109909.58,0.0,84190.36,0.0,-0.0,1.0,35000.0,1
513,Petal,0,ZONE_HARBOR_BERTH,Faculty of Oceanic Engineering & Power,1.0,-0.625,109909.58,-0.0,0.0,109909.58,0.0,84190.36,0.0,-0.0,1.0,35000.0,1
514,Petal,0,ZONE_HARBOR_BERTH,Faculty of Oceanic Engineering & Power,1.0,-0.5,109909.58,-0.0,0.0,109909.58,0.0,84190.36,0.0,-0.0,1.0,35000.0,1
515,Petal,0,ZONE_HARBOR_BERTH,Faculty of Oceanic Engineering & Power,1.0,-0.375,109909.58,-0.0,0.0,109909.58,0.0,84190.36,0.0,-0.0,1.0,35000.0,1
516,Petal,0,ZONE_HARBOR_BERTH,Faculty of Oceanic Engineering & Power,1.0,-0.25,109909.58,-0.0,0.0,109909.58,0.0,84190.36,0.0,-0.0,1.0,35000.0,1
517,Petal,0,ZONE_HARBOR_BERTH,Faculty of Oceanic Engineering & Power,1.0,-0.125,109909.58,-0.0,0.0,109909.58,0.0,84190.36,0.0,-0.0,1.0,35000.0,1
518,Petal,0,ZONE_HARBOR_BERTH,Faculty of Oceanic Engineering & Power,1.0,0.0,109909.58,0.0,0.0,109909.58,0.0,84190.36,0.0,-0.0,1.0,35000.0,1
519,Petal,0,ZONE_HARBOR_BERTH,Faculty of Oceanic Engineering & Power,1.0,0.125,109909.58,0.0,0.0,109909.58,0.0,84190.36,0.0,-0.0,1.0,35000.0,1
520,Petal,0,ZONE_HARBOR_BERTH,Faculty of Oceanic Engineering & Power,1.0,0.25,109909.58,0.0,0.0,109909.58,0.0,84190.36,0.0,-0.0,1.0,35000.0,1
521,Petal,0,ZONE_HARBOR_BERTH,Faculty of Oceanic Engineering & Power,1.0,0.375,109909.58,0.0,0.0,109909.58,0.0,84190.36,0.0,-0.0,1.0,35000.0,1
522,Petal,0,ZONE_HARBOR_BERTH,Faculty of Oceanic Engineering & Power,1.0,0.5,109909.58,0.0,0.0,109909.58,0.0,84190.36,0.0,-0.0,1.0,35000.0,1
523,Petal,0,ZONE_HARBOR_BERTH,Faculty of Oceanic Engineering & Power,1.0,0.625,109909.58,0.0,0.0,109909.58,0.0,84190.36,0.0,-0.0,1.0,35000.0,1
524,Petal,0,ZONE_HARBOR_BERTH,Faculty of Oceanic Engineering & Power,1.0,0.75,109909.58,0.0,0.0,109909.58,0.0,84190.36,0.0,-0.0,1.0,35000.0,1
525,Petal,0,ZONE_HARBOR_BERTH,Faculty of Oceanic Engineering & Power,1.0,0.875,109909.58,0.0,0.0,109909.58,0.0,84190.36,0.0,-0.0,1.0,35000.0,1
526,Petal,0,ZONE_CLEARANCE_WATERWAY,Faculty of Oceanic Engineering & Power,1.0,1.0,109909.58,0.0,0.0,109909.58,0.0,84190.36,0.0,0.0,1.0,35000.0,1
527,Petal,1,ZONE_CLEARANCE_WATERWAY,Faculty of Biosphere & Marine Biology,0.0,-1.0,10606.6,10606.6,0.0,15000.0,45.0,11480.5,0.0813,0.0813,0.9934,35000.0,2
528,Petal,1,ZONE_FACULTY_BIOSPHERE,Faculty of Biosphere & Marine Biology,0.0,-0.875,10606.6,10606.6,0.0,15000.0,45.0,11480.5,0.041,0.041,0.9983,35000.0,2
529,Petal,1,ZONE_FACULTY_BIOSPHERE,Faculty of Biosphere & Marine Biology,0.0,-0.75,10606.6,10606.6,0.0,15000.0,45.0,11480.5,0.0029,0.0029,1.0,35000.0,2
530,Petal,1,ZONE_FACULTY_BIOSPHERE,Faculty of Biosphere & Marine Biology,0.0,-0.625,10606.6,10606.6,0.0,15000.0,45.0,11480.5,-0.0328,-0.0328,0.9989,35000.0,2
531,Petal,1,ZONE_FACULTY_BIOSPHERE,Faculty of Biosphere & Marine Biology,0.0,-0.5,10606.6,10606.6,0.0,15000.0,45.0,11480.5,-0.0656,-0.0656,0.9957,35000.0,2
532,Petal,1,ZONE_FACULTY_BIOSPHERE,Faculty of Biosphere & Marine Biology,0.0,-0.375,10606.6,10606.6,0.0,15000.0,45.0,11480.5,-0.0955,-0.0955,0.9908,35000.0,2
533,Petal,1,ZONE_FACULTY_BIOSPHERE,Faculty of Biosphere & Marine Biology,0.0,-0.25,10606.6,10606.6,0.0,15000.0,45.0,11480.5,-0.1225,-0.1225,0.9849,35000.0,2
534,Petal,1,ZONE_FACULTY_BIOSPHERE,Faculty of Biosphere & Marine Biology,0.0,-0.125,10606.6,10606.6,0.0,15000.0,45.0,11480.5,-0.1466,-0.1466,0.9783,35000.0,2
535,Petal,1,ZONE_FACULTY_BIOSPHERE,Faculty of Biosphere & Marine Biology,0.0,0.0,10606.6,10606.6,0.0,15000.0,45.0,11480.5,-0.1678,-0.1678,0.9714,35000.0,2
536,Petal,1,ZONE_FACULTY_BIOSPHERE,Faculty of Biosphere & Marine Biology,0.0,0.125,10606.6,10606.6,0.0,15000.0,45.0,11480.5,-0.1466,-0.1466,0.9783,35000.0,2
537,Petal,1,ZONE_FACULTY_BIOSPHERE,Faculty of Biosphere & Marine Biology,0.0,0.25,10606.6,10606.6,0.0,15000.0,45.0,11480.5,-0.1225,-0.1225,0.9849,35000.0,2
538,Petal,1,ZONE_FACULTY_BIOSPHERE,Faculty of Biosphere & Marine Biology,0.0,0.375,10606.6,10606.6,0.0,15000.0,45.0,11480.5,-0.0955,-0.0955,0.9908,35000.0,2
539,Petal,1,ZONE_FACULTY_BIOSPHERE,Faculty of Biosphere & Marine Biology,0.0,0.5,10606.6,10606.6,0.0,15000.0,45.0,11480.5,-0.0656,-0.0656,0.9957,35000.0,2
540,Petal,1,ZONE_FACULTY_BIOSPHERE,Faculty of Biosphere & Marine Biology,0.0,0.625,10606.6,10606.6,0.0,15000.0,45.0,11480.5,-0.0328,-0.0328,0.9989,35000.0,2
541,Petal,1,ZONE_FACULTY_BIOSPHERE,Faculty of Biosphere & Marine Biology,0.0,0.75,10606.6,10606.6,0.0,15000.0,45.0,11480.5,0.0029,0.0029,1.0,35000.0,2
542,Petal,1,ZONE_FACULTY_BIOSPHERE,Faculty of Biosphere & Marine Biology,0.0,0.875,10606.6,10606.6,0.0,15000.0,45.0,11480.5,0.041,0.041,0.9983,35000.0,2
543,Petal,1,ZONE_CLEARANCE_WATERWAY,Faculty of Biosphere & Marine Biology,0.0,1.0,10606.6,10606.6,0.0,15000.0,45.0,11480.5,0.0813,0.0813,0.9934,35000.0,2
544,Petal,1,ZONE_CLEARANCE_WATERWAY,Faculty of Biosphere & Marine Biology,0.0333,-1.0,16168.52,9518.77,-227.72,18762.41,30.49,4500.0,-0.5954,0.7238,0.3487,35000.0,2
545,Petal,1,ZONE_FACULTY_BIOSPHERE,Faculty of Biosphere & Marine Biology,0.0333,-0.875,15752.91,9934.38,-78.61,18623.8,32.24,4500.0,-0.6067,0.7152,0.3469,35000.0,2
546,Petal,1,ZONE_FACULTY_BIOSPHERE,Faculty of Biosphere & Marine Biology,0.0333,-0.75,15337.3,10349.99,59.06,18502.84,34.01,4500.0,-0.6169,0.7074,0.345,35000.0,2
547,Petal,1,ZONE_FACULTY_BIOSPHERE,Faculty of Biosphere & Marine Biology,0.0333,-0.625,14921.69,10765.6,185.31,18399.86,35.81,4500.0,-0.626,0.7003,0.3431,35000.0,2
548,Petal,1,ZONE_FACULTY_BIOSPHERE,Faculty of Biosphere & Marine Biology,0.0333,-0.5,14506.08,11181.2,300.12,18315.18,37.62,4500.0,-0.6339,0.6941,0.3411,35000.0,2
549,Petal,1,ZONE_FACULTY_BIOSPHERE,Faculty of Biosphere & Marine Biology,0.0333,-0.375,14090.47,11596.81,403.5,18249.04,39.46,4500.0,-0.6408,0.6887,0.3391,35000.0,2
550,Petal,1,ZONE_FACULTY_BIOSPHERE,Faculty of Biosphere & Marine Biology,0.0333,-0.25,13674.86,12012.42,495.44,18201.65,41.3,4500.0,-0.6467,0.6842,0.3371,35000.0,2
551,Petal,1,ZONE_FACULTY_BIOSPHERE,Faculty of Biosphere & Marine Biology,0.0333,-0.125,13259.25,12428.03,575.95,18173.16,43.15,4500.0,-0.6517,0.6805,0.3351,35000.0,2
552,Petal,1,ZONE_FACULTY_BIOSPHERE,Faculty of Biosphere & Marine Biology,0.0333,0.0,12843.64,12843.64,645.03,18163.65,45.0,4500.0,-0.6615,0.6821,0.3119,35000.0,2
553,Petal,1,ZONE_FACULTY_BIOSPHERE,Faculty of Biosphere & Marine Biology,0.0333,0.125,12428.03,13259.25,575.95,18173.16,46.85,4500.0,-0.6588,0.6855,0.3101,35000.0,2
554,Petal,1,ZONE_FACULTY_BIOSPHERE,Faculty of Biosphere & Marine Biology,0.0333,0.25,12012.42,13674.86,495.44,18201.65,48.7,4500.0,-0.6553,0.6896,0.3083,35000.0,2
555,Petal,1,ZONE_FACULTY_BIOSPHERE,Faculty of Biosphere & Marine Biology,0.0333,0.375,11596.81,14090.47,403.5,18249.04,50.54,4500.0,-0.6511,0.6944,0.3065,35000.0,2
556,Petal,1,ZONE_FACULTY_BIOSPHERE,Faculty of Biosphere & Marine Biology,0.0333,0.5,11181.2,14506.08,300.12,18315.18,52.38,4500.0,-0.6461,0.6998,0.3046,35000.0,2
557,Petal,1,ZONE_FACULTY_BIOSPHERE,Faculty of Biosphere & Marine Biology,0.0333,0.625,10765.6,14921.69,185.31,18399.86,54.19,4500.0,-0.6403,0.7059,0.3028,35000.0,2
558,Petal,1,ZONE_FACULTY_BIOSPHERE,Faculty of Biosphere & Marine Biology,0.0333,0.75,10349.99,15337.3,59.06,18502.84,55.99,4500.0,-0.6337,0.7126,0.301,35000.0,2
559,Petal,1,ZONE_FACULTY_BIOSPHERE,Faculty of Biosphere & Marine Biology,0.0333,0.875,9934.38,15752.91,-78.61,18623.8,57.76,4500.0,-0.6264,0.7199,0.2991,35000.0,2
560,Petal,1,ZONE_CLEARANCE_WATERWAY,Faculty of Biosphere & Marine Biology,0.0333,1.0,9518.77,16168.52,-227.72,18762.41,59.51,4500.0,-0.6079,0.7261,0.3211,35000.0,2
561,Petal,1,ZONE_CLEARANCE_WATERWAY,Faculty of Biosphere & Marine Biology,0.0667,-1.0,19262.45,10898.91,-451.43,22132.07,29.5,4500.0,-0.6213,0.7503,0.2259,35000.0,2
562,Petal,1,ZONE_FACULTY_BIOSPHERE,Faculty of Biosphere & Marine Biology,0.0667,-0.875,18739.73,11421.64,-181.81,21946.1,31.36,4500.0,-0.6282,0.7449,0.2246,35000.0,2
563,Petal,1,ZONE_FACULTY_BIOSPHERE,Faculty of Biosphere & Marine Biology,0.0667,-0.75,18217.01,11944.36,65.08,21783.64,33.25,4500.0,-0.6344,0.7401,0.2232,35000.0,2
564,Petal,1,ZONE_FACULTY_BIOSPHERE,Faculty of Biosphere & Marine Biology,0.0667,-0.625,17694.29,12467.08,289.22,21645.23,35.17,4500.0,-0.6399,0.7358,0.2218,35000.0,2
565,Petal,1,ZONE_FACULTY_BIOSPHERE,Faculty of Biosphere & Marine Biology,0.0667,-0.5,17171.57,12989.8,490.62,21531.32,37.11,4500.0,-0.6447,0.732,0.2205,35000.0,2
566,Petal,1,ZONE_FACULTY_BIOSPHERE,Faculty of Biosphere & Marine Biology,0.0667,-0.375,16648.85,13512.52,669.29,21442.3,39.06,4500.0,-0.6488,0.7287,0.2191,35000.0,2
567,Petal,1,ZONE_FACULTY_BIOSPHERE,Faculty of Biosphere & Marine Biology,0.0667,-0.25,16126.12,14035.24,825.21,21378.49,41.03,4500.0,-0.6523,0.726,0.2177,35000.0,2
568,Petal,1,ZONE_FACULTY_BIOSPHERE,Faculty of Biosphere & Marine Biology,0.0667,-0.125,15603.4,14557.96,958.39,21340.11,43.01,4500.0,-0.6552,0.7238,0.2163,35000.0,2
569,Petal,1,ZONE_FACULTY_BIOSPHERE,Faculty of Biosphere & Marine Biology,0.0667,0.0,15080.68,15080.68,1068.84,21327.31,45.0,4500.0,-0.661,0.7223,0.2035,35000.0,2
570,Petal,1,ZONE_FACULTY_BIOSPHERE,Faculty of Biosphere & Marine Biology,0.0667,0.125,14557.96,15603.4,958.39,21340.11,46.99,4500.0,-0.6597,0.7238,0.2022,35000.0,2
571,Petal,1,ZONE_FACULTY_BIOSPHERE,Faculty of Biosphere & Marine Biology,0.0667,0.25,14035.24,16126.12,825.21,21378.49,48.97,4500.0,-0.6578,0.7259,0.201,35000.0,2
572,Petal,1,ZONE_FACULTY_BIOSPHERE,Faculty of Biosphere & Marine Biology,0.0667,0.375,13512.52,16648.85,669.29,21442.3,50.94,4500.0,-0.6555,0.7283,0.1997,35000.0,2
573,Petal,1,ZONE_FACULTY_BIOSPHERE,Faculty of Biosphere & Marine Biology,0.0667,0.5,12989.8,17171.57,490.62,21531.32,52.89,4500.0,-0.6526,0.7312,0.1985,35000.0,2
574,Petal,1,ZONE_FACULTY_BIOSPHERE,Faculty of Biosphere & Marine Biology,0.0667,0.625,12467.08,17694.29,289.22,21645.23,54.83,4500.0,-0.6493,0.7345,0.1973,35000.0,2
575,Petal,1,ZONE_FACULTY_BIOSPHERE,Faculty of Biosphere & Marine Biology,0.0667,0.75,11944.36,18217.01,65.08,21783.64,56.75,4500.0,-0.6454,0.7382,0.196,35000.0,2
576,Petal,1,ZONE_FACULTY_BIOSPHERE,Faculty of Biosphere & Marine Biology,0.0667,0.875,11421.64,18739.73,-181.81,21946.1,58.64,4500.0,-0.6411,0.7423,0.1948,35000.0,2
577,Petal,1,ZONE_CLEARANCE_WATERWAY,Faculty of Biosphere & Marine Biology,0.0667,1.0,10898.91,19262.45,-451.43,22132.07,60.5,4500.0,-0.6295,0.7485,0.2086,35000.0,2
578,Petal,1,ZONE_CLEARANCE_WATERWAY,Faculty of Biosphere & Marine Biology,0.1,-1.0,22356.38,12279.06,-667.18,25506.53,28.78,4500.0,-0.6214,0.762,0.1822,35000.0,2
579,Petal,1,ZONE_FACULTY_BIOSPHERE,Faculty of Biosphere & Marine Biology,0.1,-0.875,21726.55,12908.89,-285.5,25272.17,30.72,4500.0,-0.6268,0.7578,0.1811,35000.0,2
580,Petal,1,ZONE_FACULTY_BIOSPHERE,Faculty of Biosphere & Marine Biology,0.1,-0.75,21096.72,13538.73,62.37,25067.28,32.69,4500.0,-0.6316,0.7541,0.1799,35000.0,2
581,Petal,1,ZONE_FACULTY_BIOSPHERE,Faculty of Biosphere & Marine Biology,0.1,-0.625,20466.89,14168.56,376.44,24892.6,34.69,4500.0,-0.6359,0.7508,0.1788,35000.0,2
582,Petal,1,ZONE_FACULTY_BIOSPHERE,Faculty of Biosphere & Marine Biology,0.1,-0.5,19837.05,14798.39,656.72,24748.76,36.72,4500.0,-0.6397,0.7478,0.1777,35000.0,2
583,Petal,1,ZONE_FACULTY_BIOSPHERE,Faculty of Biosphere & Marine Biology,0.1,-0.375,19207.22,15428.22,903.19,24636.3,38.77,4500.0,-0.6429,0.7453,0.1766,35000.0,2
584,Petal,1,ZONE_FACULTY_BIOSPHERE,Faculty of Biosphere & Marine Biology,0.1,-0.25,18577.39,16058.06,1115.87,24555.66,40.84,4500.0,-0.6456,0.7432,0.1755,35000.0,2
585,Petal,1,ZONE_FACULTY_BIOSPHERE,Faculty of Biosphere & Marine Biology,0.1,-0.125,17947.56,16687.89,1294.75,24507.15,42.92,4500.0,-0.6479,0.7415,0.1743,35000.0,2
586,Petal,1,ZONE_FACULTY_BIOSPHERE,Faculty of Biosphere & Marine Biology,0.1,0.0,17317.72,17317.72,1439.83,24490.96,45.0,4500.0,-0.6529,0.7392,0.1651,35000.0,2
587,Petal,1,ZONE_FACULTY_BIOSPHERE,Faculty of Biosphere & Marine Biology,0.1,0.125,16687.89,17947.56,1294.75,24507.15,47.08,4500.0,-0.652,0.7402,0.1641,35000.0,2
588,Petal,1,ZONE_FACULTY_BIOSPHERE,Faculty of Biosphere & Marine Biology,0.1,0.25,16058.06,18577.39,1115.87,24555.66,49.16,4500.0,-0.6508,0.7415,0.1631,35000.0,2
589,Petal,1,ZONE_FACULTY_BIOSPHERE,Faculty of Biosphere & Marine Biology,0.1,0.375,15428.22,19207.22,903.19,24636.3,51.23,4500.0,-0.6492,0.7432,0.1621,35000.0,2
590,Petal,1,ZONE_FACULTY_BIOSPHERE,Faculty of Biosphere & Marine Biology,0.1,0.5,14798.39,19837.05,656.72,24748.76,53.28,4500.0,-0.6471,0.7452,0.1611,35000.0,2
591,Petal,1,ZONE_FACULTY_BIOSPHERE,Faculty of Biosphere & Marine Biology,0.1,0.625,14168.56,20466.89,376.44,24892.6,55.31,4500.0,-0.6447,0.7475,0.1601,35000.0,2
592,Petal,1,ZONE_FACULTY_BIOSPHERE,Faculty of Biosphere & Marine Biology,0.1,0.75,13538.73,21096.72,62.37,25067.28,57.31,4500.0,-0.6419,0.7501,0.1591,35000.0,2
593,Petal,1,ZONE_FACULTY_BIOSPHERE,Faculty of Biosphere & Marine Biology,0.1,0.875,12908.89,21726.55,-285.5,25272.17,59.28,4500.0,-0.6387,0.7531,0.1581,35000.0,2
594,Petal,1,ZONE_CLEARANCE_WATERWAY,Faculty of Biosphere & Marine Biology,0.1,1.0,12279.06,22356.38,-667.18,25506.53,61.22,4500.0,-0.6288,0.759,0.1688,35000.0,2
595,Petal,1,ZONE_CLEARANCE_WATERWAY,Faculty of Biosphere & Marine Biology,0.1333,-1.0,25450.32,13659.21,-871.07,28884.12,28.22,4500.0,-0.6161,0.7713,0.1598,35000.0,2
596,Petal,1,ZONE_FACULTY_BIOSPHERE,Faculty of Biosphere & Marine Biology,0.1333,-0.875,24713.37,14396.15,-384.17,28600.7,30.22,4500.0,-0.6207,0.7678,0.1588,35000.0,2
597,Petal,1,ZONE_FACULTY_BIOSPHERE,Faculty of Biosphere & Marine Biology,0.1333,-0.75,23976.43,15133.1,58.24,28352.77,32.26,4500.0,-0.6249,0.7646,0.1578,35000.0,2
598,Petal,1,ZONE_FACULTY_BIOSPHERE,Faculty of Biosphere & Marine Biology,0.1333,-0.625,23239.49,15870.04,456.16,28141.28,34.33,4500.0,-0.6285,0.7618,0.1568,35000.0,2
599,Petal,1,ZONE_FACULTY_BIOSPHERE,Faculty of Biosphere & Marine Biology,0.1333,-0.5,22502.54,16606.98,809.6,27967.06,36.43,4500.0,-0.6318,0.7593,0.1559,35000.0,2
600,Petal,1,ZONE_FACULTY_BIOSPHERE,Faculty of Biosphere & Marine Biology,0.1333,-0.375,21765.6,17343.93,1118.55,27830.79,38.55,4500.0,-0.6345,0.7572,0.1549,35000.0,2
601,Petal,1,ZONE_FACULTY_BIOSPHERE,Faculty of Biosphere & Marine Biology,0.1333,-0.25,21028.65,18080.87,1383.01,27733.05,40.69,4500.0,-0.6369,0.7554,0.1539,35000.0,2
602,Petal,1,ZONE_FACULTY_BIOSPHERE,Faculty of Biosphere & Marine Biology,0.1333,-0.125,20291.71,18817.82,1602.98,27674.24,42.84,4500.0,-0.6388,0.754,0.153,35000.0,2
603,Petal,1,ZONE_FACULTY_BIOSPHERE,Faculty of Biosphere & Marine Biology,0.1333,0.0,19554.76,19554.76,1778.47,27654.61,45.0,4500.0,-0.6436,0.7514,0.1456,35000.0,2
604,Petal,1,ZONE_FACULTY_BIOSPHERE,Faculty of Biosphere & Marine Biology,0.1333,0.125,18817.82,20291.71,1602.98,27674.24,47.16,4500.0,-0.6431,0.752,0.1447,35000.0,2
605,Petal,1,ZONE_FACULTY_BIOSPHERE,Faculty of Biosphere & Marine Biology,0.1333,0.25,18080.87,21028.65,1383.01,27733.05,49.31,4500.0,-0.6422,0.7529,0.1438,35000.0,2
606,Petal,1,ZONE_FACULTY_BIOSPHERE,Faculty of Biosphere & Marine Biology,0.1333,0.375,17343.93,21765.6,1118.55,27830.79,51.45,4500.0,-0.641,0.7541,0.1429,35000.0,2
607,Petal,1,ZONE_FACULTY_BIOSPHERE,Faculty of Biosphere & Marine Biology,0.1333,0.5,16606.98,22502.54,809.6,27967.06,53.57,4500.0,-0.6394,0.7556,0.142,35000.0,2
608,Petal,1,ZONE_FACULTY_BIOSPHERE,Faculty of Biosphere & Marine Biology,0.1333,0.625,15870.04,23239.49,456.16,28141.28,55.67,4500.0,-0.6375,0.7574,0.1411,35000.0,2
609,Petal,1,ZONE_FACULTY_BIOSPHERE,Faculty of Biosphere & Marine Biology,0.1333,0.75,15133.1,23976.43,58.24,28352.77,57.74,4500.0,-0.6353,0.7595,0.1403,35000.0,2
610,Petal,1,ZONE_FACULTY_BIOSPHERE,Faculty of Biosphere & Marine Biology,0.1333,0.875,14396.15,24713.37,-384.17,28600.7,59.78,4500.0,-0.6327,0.7618,0.1394,35000.0,2
611,Petal,1,ZONE_CLEARANCE_WATERWAY,Faculty of Biosphere & Marine Biology,0.1333,1.0,13659.21,25450.32,-871.07,28884.12,61.78,4500.0,-0.6235,0.7676,0.1484,35000.0,2
612,Petal,1,ZONE_CLEARANCE_WATERWAY,Faculty of Biosphere & Marine Biology,0.1667,-1.0,28544.25,15039.35,-1059.36,32263.86,27.78,4500.0,-0.6089,0.7797,0.1461,35000.0,2
613,Petal,1,ZONE_FACULTY_BIOSPHERE,Faculty of Biosphere & Marine Biology,0.1667,-0.875,27700.2,15883.41,-473.95,31930.92,29.83,4500.0,-0.613,0.7766,0.1452,35000.0,2
614,Petal,1,ZONE_FACULTY_BIOSPHERE,Faculty of Biosphere & Marine Biology,0.1667,-0.75,26856.14,16727.47,56.77,31639.54,31.92,4500.0,-0.6167,0.7739,0.1443,35000.0,2
615,Petal,1,ZONE_FACULTY_BIOSPHERE,Faculty of Biosphere & Marine Biology,0.1667,-0.625,26012.08,17571.52,532.8,31390.87,34.04,4500.0,-0.62,0.7714,0.1435,35000.0,2
616,Petal,1,ZONE_FACULTY_BIOSPHERE,Faculty of Biosphere & Marine Biology,0.1667,-0.5,25168.03,18415.58,954.15,31185.94,36.19,4500.0,-0.6228,0.7693,0.1426,35000.0,2
617,Petal,1,ZONE_FACULTY_BIOSPHERE,Faculty of Biosphere & Marine Biology,0.1667,-0.375,24323.97,19259.63,1320.81,31025.62,38.37,4500.0,-0.6253,0.7674,0.1417,35000.0,2
618,Petal,1,ZONE_FACULTY_BIOSPHERE,Faculty of Biosphere & Marine Biology,0.1667,-0.25,23479.92,20103.69,1632.78,30910.59,40.57,4500.0,-0.6274,0.7658,0.1408,35000.0,2
619,Petal,1,ZONE_FACULTY_BIOSPHERE,Faculty of Biosphere & Marine Biology,0.1667,-0.125,22635.86,20947.75,1890.06,30841.37,42.78,4500.0,-0.6292,0.7645,0.14,35000.0,2
620,Petal,1,ZONE_FACULTY_BIOSPHERE,Faculty of Biosphere & Marine Biology,0.1667,0.0,21791.8,21791.8,2092.66,30818.26,45.0,4500.0,-0.6339,0.7617,0.1337,35000.0,2
621,Petal,1,ZONE_FACULTY_BIOSPHERE,Faculty of Biosphere & Marine Biology,0.1667,0.125,20947.75,22635.86,1890.06,30841.37,47.22,4500.0,-0.6336,0.7621,0.1329,35000.0,2
622,Petal,1,ZONE_FACULTY_BIOSPHERE,Faculty of Biosphere & Marine Biology,0.1667,0.25,20103.69,23479.92,1632.78,30910.59,49.43,4500.0,-0.633,0.7628,0.1321,35000.0,2
623,Petal,1,ZONE_FACULTY_BIOSPHERE,Faculty of Biosphere & Marine Biology,0.1667,0.375,19259.63,24323.97,1320.81,31025.62,51.63,4500.0,-0.6321,0.7637,0.1313,35000.0,2
624,Petal,1,ZONE_FACULTY_BIOSPHERE,Faculty of Biosphere & Marine Biology,0.1667,0.5,18415.58,25168.03,954.15,31185.94,53.81,4500.0,-0.6309,0.7649,0.1305,35000.0,2
625,Petal,1,ZONE_FACULTY_BIOSPHERE,Faculty of Biosphere & Marine Biology,0.1667,0.625,17571.52,26012.08,532.8,31390.87,55.96,4500.0,-0.6293,0.7662,0.1297,35000.0,2
626,Petal,1,ZONE_FACULTY_BIOSPHERE,Faculty of Biosphere & Marine Biology,0.1667,0.75,16727.47,26856.14,56.77,31639.54,58.08,4500.0,-0.6275,0.7679,0.1289,35000.0,2
627,Petal,1,ZONE_FACULTY_BIOSPHERE,Faculty of Biosphere & Marine Biology,0.1667,0.875,15883.41,27700.2,-473.95,31930.92,60.17,4500.0,-0.6254,0.7697,0.1281,35000.0,2
628,Petal,1,ZONE_CLEARANCE_WATERWAY,Faculty of Biosphere & Marine Biology,0.1667,1.0,15039.35,28544.25,-1059.36,32263.86,62.22,4500.0,-0.6165,0.7755,0.1361,35000.0,2
629,Petal,1,ZONE_CLEARANCE_WATERWAY,Faculty of Biosphere & Marine Biology,0.2,-1.0,31638.19,16419.5,-1228.48,35645.12,27.43,4500.0,-0.6009,0.7876,0.1368,35000.0,2
630,Petal,1,ZONE_FACULTY_BIOSPHERE,Faculty of Biosphere & Marine Biology,0.2,-0.875,30687.02,17370.67,-551.63,35262.35,29.51,4500.0,-0.6045,0.7849,0.136,35000.0,2
631,Petal,1,ZONE_FACULTY_BIOSPHERE,Faculty of Biosphere & Marine Biology,0.2,-0.75,29735.85,18321.84,60.93,34927.22,31.64,4500.0,-0.6079,0.7824,0.1352,35000.0,2
632,Petal,1,ZONE_FACULTY_BIOSPHERE,Faculty of Biosphere & Marine Biology,0.2,-0.625,28784.68,19273.0,609.2,34641.11,33.8,4500.0,-0.6108,0.7803,0.1344,35000.0,2
633,Petal,1,ZONE_FACULTY_BIOSPHERE,Faculty of Biosphere & Marine Biology,0.2,-0.5,27833.52,20224.17,1093.18,34405.26,36.0,4500.0,-0.6134,0.7784,0.1336,35000.0,2
634,Petal,1,ZONE_FACULTY_BIOSPHERE,Faculty of Biosphere & Marine Biology,0.2,-0.375,26882.35,21175.34,1512.88,34220.69,38.23,4500.0,-0.6157,0.7767,0.1328,35000.0,2
635,Petal,1,ZONE_FACULTY_BIOSPHERE,Faculty of Biosphere & Marine Biology,0.2,-0.25,25931.18,22126.51,1868.28,34088.24,40.47,4500.0,-0.6177,0.7753,0.132,35000.0,2
636,Petal,1,ZONE_FACULTY_BIOSPHERE,Faculty of Biosphere & Marine Biology,0.2,-0.125,24980.01,23077.68,2159.39,34008.53,42.73,4500.0,-0.6193,0.7741,0.1312,35000.0,2
637,Petal,1,ZONE_FACULTY_BIOSPHERE,Faculty of Biosphere & Marine Biology,0.2,0.0,24028.84,24028.84,2386.22,33981.92,45.0,4500.0,-0.6241,0.7712,0.1257,35000.0,2
638,Petal,1,ZONE_FACULTY_BIOSPHERE,Faculty of Biosphere & Marine Biology,0.2,0.125,23077.68,24980.01,2159.39,34008.53,47.27,4500.0,-0.624,0.7714,0.125,35000.0,2
639,Petal,1,ZONE_FACULTY_BIOSPHERE,Faculty of Biosphere & Marine Biology,0.2,0.25,22126.51,25931.18,1868.28,34088.24,49.53,4500.0,-0.6235,0.7719,0.1242,35000.0,2
640,Petal,1,ZONE_FACULTY_BIOSPHERE,Faculty of Biosphere & Marine Biology,0.2,0.375,21175.34,26882.35,1512.88,34220.69,51.77,4500.0,-0.6229,0.7725,0.1235,35000.0,2
641,Petal,1,ZONE_FACULTY_BIOSPHERE,Faculty of Biosphere & Marine Biology,0.2,0.5,20224.17,27833.52,1093.18,34405.26,54.0,4500.0,-0.6219,0.7734,0.1227,35000.0,2
642,Petal,1,ZONE_FACULTY_BIOSPHERE,Faculty of Biosphere & Marine Biology,0.2,0.625,19273.0,28784.68,609.2,34641.11,56.2,4500.0,-0.6207,0.7745,0.122,35000.0,2
643,Petal,1,ZONE_FACULTY_BIOSPHERE,Faculty of Biosphere & Marine Biology,0.2,0.75,18321.84,29735.85,60.93,34927.22,58.36,4500.0,-0.6192,0.7758,0.1213,35000.0,2
644,Petal,1,ZONE_FACULTY_BIOSPHERE,Faculty of Biosphere & Marine Biology,0.2,0.875,17370.67,30687.02,-551.63,35262.35,60.49,4500.0,-0.6175,0.7773,0.1205,35000.0,2
645,Petal,1,ZONE_CLEARANCE_WATERWAY,Faculty of Biosphere & Marine Biology,0.2,1.0,16419.5,31638.19,-1228.48,35645.12,62.57,4500.0,-0.6087,0.7831,0.1278,35000.0,2
646,Petal,1,ZONE_CLEARANCE_WATERWAY,Faculty of Biosphere & Marine Biology,0.2333,-1.0,34732.12,17799.65,-1375.06,39027.52,27.13,4500.0,-0.5924,0.7951,0.13,35000.0,2
647,Petal,1,ZONE_FACULTY_BIOSPHERE,Faculty of Biosphere & Marine Biology,0.2333,-0.875,33673.84,18857.93,-614.37,38594.68,29.25,4500.0,-0.5957,0.7927,0.1293,35000.0,2
648,Petal,1,ZONE_FACULTY_BIOSPHERE,Faculty of Biosphere & Marine Biology,0.2333,-0.75,32615.56,19916.21,73.13,38215.57,31.41,4500.0,-0.5987,0.7906,0.1285,35000.0,2
649,Petal,1,ZONE_FACULTY_BIOSPHERE,Faculty of Biosphere & Marine Biology,0.2333,-0.625,31557.28,20974.49,687.45,37891.83,33.61,4500.0,-0.6014,0.7887,0.1278,35000.0,2
650,Petal,1,ZONE_FACULTY_BIOSPHERE,Faculty of Biosphere & Marine Biology,0.2333,-0.5,30499.0,22032.77,1228.59,37624.88,35.84,4500.0,-0.6038,0.7869,0.127,35000.0,2
651,Petal,1,ZONE_FACULTY_BIOSPHERE,Faculty of Biosphere & Marine Biology,0.2333,-0.375,29440.72,23091.04,1696.53,37415.94,38.11,4500.0,-0.6059,0.7854,0.1263,35000.0,2
652,Petal,1,ZONE_FACULTY_BIOSPHERE,Faculty of Biosphere & Marine Biology,0.2333,-0.25,28382.44,24149.32,2091.29,37265.98,40.39,4500.0,-0.6077,0.7841,0.1256,35000.0,2
653,Petal,1,ZONE_FACULTY_BIOSPHERE,Faculty of Biosphere & Marine Biology,0.2333,-0.125,27324.16,25207.6,2412.87,37175.71,42.69,4500.0,-0.6093,0.7831,0.1248,35000.0,2
654,Petal,1,ZONE_FACULTY_BIOSPHERE,Faculty of Biosphere & Marine Biology,0.2333,0.0,26265.88,26265.88,2661.25,37145.57,45.0,4500.0,-0.6141,0.78,0.1199,35000.0,2
655,Petal,1,ZONE_FACULTY_BIOSPHERE,Faculty of Biosphere & Marine Biology,0.2333,0.125,25207.6,27324.16,2412.87,37175.71,47.31,4500.0,-0.6141,0.7801,0.1192,35000.0,2
656,Petal,1,ZONE_FACULTY_BIOSPHERE,Faculty of Biosphere & Marine Biology,0.2333,0.25,24149.32,28382.44,2091.29,37265.98,49.61,4500.0,-0.6139,0.7804,0.1185,35000.0,2
657,Petal,1,ZONE_FACULTY_BIOSPHERE,Faculty of Biosphere & Marine Biology,0.2333,0.375,23091.04,29440.72,1696.53,37415.94,51.89,4500.0,-0.6134,0.7809,0.1179,35000.0,2
658,Petal,1,ZONE_FACULTY_BIOSPHERE,Faculty of Biosphere & Marine Biology,0.2333,0.5,22032.77,30499.0,1228.59,37624.88,54.16,4500.0,-0.6127,0.7816,0.1172,35000.0,2
659,Petal,1,ZONE_FACULTY_BIOSPHERE,Faculty of Biosphere & Marine Biology,0.2333,0.625,20974.49,31557.28,687.45,37891.83,56.39,4500.0,-0.6118,0.7824,0.1165,35000.0,2
660,Petal,1,ZONE_FACULTY_BIOSPHERE,Faculty of Biosphere & Marine Biology,0.2333,0.75,19916.21,32615.56,73.13,38215.57,58.59,4500.0,-0.6106,0.7834,0.1158,35000.0,2
661,Petal,1,ZONE_FACULTY_BIOSPHERE,Faculty of Biosphere & Marine Biology,0.2333,0.875,18857.93,33673.84,-614.37,38594.68,60.75,4500.0,-0.6092,0.7846,0.1151,35000.0,2
662,Petal,1,ZONE_CLEARANCE_WATERWAY,Faculty of Biosphere & Marine Biology,0.2333,1.0,17799.65,34732.12,-1375.06,39027.52,62.87,4500.0,-0.6004,0.7903,0.1218,35000.0,2
663,Petal,1,ZONE_CLEARANCE_WATERWAY,Faculty of Biosphere & Marine Biology,0.2667,-1.0,37826.06,19179.79,-1495.98,42410.79,26.89,4500.0,-0.5836,0.8024,0.1248,35000.0,2
664,Petal,1,ZONE_FACULTY_BIOSPHERE,Faculty of Biosphere & Marine Biology,0.2667,-0.875,36660.66,20345.18,-659.63,41927.69,29.03,4500.0,-0.5866,0.8003,0.1241,35000.0,2
665,Petal,1,ZONE_FACULTY_BIOSPHERE,Faculty of Biosphere & Marine Biology,0.2667,-0.75,35495.27,21510.58,95.44,41504.45,31.22,4500.0,-0.5894,0.7984,0.1234,35000.0,2
666,Petal,1,ZONE_FACULTY_BIOSPHERE,Faculty of Biosphere & Marine Biology,0.2667,-0.625,34329.88,22675.97,769.23,41142.92,33.45,4500.0,-0.5918,0.7967,0.1227,35000.0,2
667,Petal,1,ZONE_FACULTY_BIOSPHERE,Faculty of Biosphere & Marine Biology,0.2667,-0.5,33164.49,23841.36,1361.74,40844.75,35.71,4500.0,-0.594,0.7951,0.1221,35000.0,2
668,Petal,1,ZONE_FACULTY_BIOSPHERE,Faculty of Biosphere & Marine Biology,0.2667,-0.375,31999.1,25006.75,1872.96,40611.33,38.01,4500.0,-0.596,0.7938,0.1214,35000.0,2
669,Petal,1,ZONE_FACULTY_BIOSPHERE,Faculty of Biosphere & Marine Biology,0.2667,-0.25,30833.71,26172.14,2302.91,40443.77,40.33,4500.0,-0.5977,0.7926,0.1207,35000.0,2
670,Petal,1,ZONE_FACULTY_BIOSPHERE,Faculty of Biosphere & Marine Biology,0.2667,-0.125,29668.32,27337.53,2651.57,40342.9,42.66,4500.0,-0.5991,0.7916,0.12,35000.0,2
671,Petal,1,ZONE_FACULTY_BIOSPHERE,Faculty of Biosphere & Marine Biology,0.2667,0.0,28502.92,28502.92,2918.95,40309.22,45.0,4500.0,-0.604,0.7885,0.1156,35000.0,2
672,Petal,1,ZONE_FACULTY_BIOSPHERE,Faculty of Biosphere & Marine Biology,0.2667,0.125,27337.53,29668.32,2651.57,40342.9,47.34,4500.0,-0.6042,0.7885,0.1149,35000.0,2
673,Petal,1,ZONE_FACULTY_BIOSPHERE,Faculty of Biosphere & Marine Biology,0.2667,0.25,26172.14,30833.71,2302.91,40443.77,49.67,4500.0,-0.6041,0.7887,0.1143,35000.0,2
674,Petal,1,ZONE_FACULTY_BIOSPHERE,Faculty of Biosphere & Marine Biology,0.2667,0.375,25006.75,31999.1,1872.96,40611.33,51.99,4500.0,-0.6038,0.789,0.1136,35000.0,2
675,Petal,1,ZONE_FACULTY_BIOSPHERE,Faculty of Biosphere & Marine Biology,0.2667,0.5,23841.36,33164.49,1361.74,40844.75,54.29,4500.0,-0.6033,0.7895,0.113,35000.0,2
676,Petal,1,ZONE_FACULTY_BIOSPHERE,Faculty of Biosphere & Marine Biology,0.2667,0.625,22675.97,34329.88,769.23,41142.92,56.55,4500.0,-0.6026,0.7901,0.1123,35000.0,2
677,Petal,1,ZONE_FACULTY_BIOSPHERE,Faculty of Biosphere & Marine Biology,0.2667,0.75,21510.58,35495.27,95.44,41504.45,58.78,4500.0,-0.6017,0.7909,0.1117,35000.0,2
678,Petal,1,ZONE_FACULTY_BIOSPHERE,Faculty of Biosphere & Marine Biology,0.2667,0.875,20345.18,36660.66,-659.63,41927.69,60.97,4500.0,-0.6006,0.7918,0.1111,35000.0,2
679,Petal,1,ZONE_CLEARANCE_WATERWAY,Faculty of Biosphere & Marine Biology,0.2667,1.0,19179.79,37826.06,-1495.98,42410.79,63.11,4500.0,-0.592,0.7974,0.1172,35000.0,2
680,Petal,1,ZONE_CLEARANCE_WATERWAY,Faculty of Biosphere & Marine Biology,0.3,-1.0,40919.99,20559.94,-1588.41,45794.72,26.68,4500.0,-0.5747,0.8094,0.1207,35000.0,2
681,Petal,1,ZONE_FACULTY_BIOSPHERE,Faculty of Biosphere & Marine Biology,0.3,-0.875,39647.49,21832.44,-685.15,45261.23,28.84,4500.0,-0.5774,0.8076,0.12,35000.0,2
682,Petal,1,ZONE_FACULTY_BIOSPHERE,Faculty of Biosphere & Marine Biology,0.3,-0.75,38374.98,23104.95,129.62,44793.73,31.05,4500.0,-0.5799,0.8059,0.1194,35000.0,2
683,Petal,1,ZONE_FACULTY_BIOSPHERE,Faculty of Biosphere & Marine Biology,0.3,-0.625,37102.48,24377.45,855.9,44394.3,33.31,4500.0,-0.5821,0.8044,0.1187,35000.0,2
684,Petal,1,ZONE_FACULTY_BIOSPHERE,Faculty of Biosphere & Marine Biology,0.3,-0.5,35829.98,25649.95,1493.7,44064.81,35.6,4500.0,-0.5842,0.803,0.1181,35000.0,2
685,Petal,1,ZONE_FACULTY_BIOSPHERE,Faculty of Biosphere & Marine Biology,0.3,-0.375,34557.47,26922.45,2043.02,43806.82,37.92,4500.0,-0.5859,0.8018,0.1174,35000.0,2
686,Petal,1,ZONE_FACULTY_BIOSPHERE,Faculty of Biosphere & Marine Biology,0.3,-0.25,33284.97,28194.96,2503.84,43621.61,40.27,4500.0,-0.5875,0.8007,0.1168,35000.0,2
687,Petal,1,ZONE_FACULTY_BIOSPHERE,Faculty of Biosphere & Marine Biology,0.3,-0.125,32012.47,29467.46,2876.18,43510.11,42.63,4500.0,-0.5889,0.7998,0.1161,35000.0,2
688,Petal,1,ZONE_FACULTY_BIOSPHERE,Faculty of Biosphere & Marine Biology,0.3,0.0,30739.96,30739.96,3160.03,43472.87,45.0,4500.0,-0.5939,0.7967,0.1121,35000.0,2
689,Petal,1,ZONE_FACULTY_BIOSPHERE,Faculty of Biosphere & Marine Biology,0.3,0.125,29467.46,32012.47,2876.18,43510.11,47.37,4500.0,-0.5941,0.7966,0.1115,35000.0,2
690,Petal,1,ZONE_FACULTY_BIOSPHERE,Faculty of Biosphere & Marine Biology,0.3,0.25,28194.96,33284.97,2503.84,43621.61,49.73,4500.0,-0.5942,0.7966,0.1109,35000.0,2
691,Petal,1,ZONE_FACULTY_BIOSPHERE,Faculty of Biosphere & Marine Biology,0.3,0.375,26922.45,34557.47,2043.02,43806.82,52.08,4500.0,-0.5941,0.7968,0.1103,35000.0,2
692,Petal,1,ZONE_FACULTY_BIOSPHERE,Faculty of Biosphere & Marine Biology,0.3,0.5,25649.95,35829.98,1493.7,44064.81,54.4,4500.0,-0.5938,0.7971,0.1097,35000.0,2
693,Petal,1,ZONE_FACULTY_BIOSPHERE,Faculty of Biosphere & Marine Biology,0.3,0.625,24377.45,37102.48,855.9,44394.3,56.69,4500.0,-0.5933,0.7975,0.1091,35000.0,2
694,Petal,1,ZONE_FACULTY_BIOSPHERE,Faculty of Biosphere & Marine Biology,0.3,0.75,23104.95,38374.98,129.62,44793.73,58.95,4500.0,-0.5927,0.7981,0.1085,35000.0,2
695,Petal,1,ZONE_FACULTY_BIOSPHERE,Faculty of Biosphere & Marine Biology,0.3,0.875,21832.44,39647.49,-685.15,45261.23,61.16,4500.0,-0.5919,0.7988,0.1079,35000.0,2
696,Petal,1,ZONE_CLEARANCE_WATERWAY,Faculty of Biosphere & Marine Biology,0.3,1.0,20559.94,40919.99,-1588.41,45794.72,63.32,4500.0,-0.5833,0.8043,0.1136,35000.0,2
697,Petal,1,ZONE_CLEARANCE_WATERWAY,Faculty of Biosphere & Marine Biology,0.3333,-1.0,44013.92,21940.09,-1649.81,49179.19,26.5,4500.0,-0.5658,0.8162,0.1172,35000.0,2
698,Petal,1,ZONE_FACULTY_BIOSPHERE,Faculty of Biosphere & Marine Biology,0.3333,-0.875,42634.31,23319.7,-688.94,48595.19,28.68,4500.0,-0.5682,0.8146,0.1166,35000.0,2
699,Petal,1,ZONE_FACULTY_BIOSPHERE,Faculty of Biosphere & Marine Biology,0.3333,-0.75,41254.69,24699.32,177.2,48083.32,30.91,4500.0,-0.5704,0.8132,0.116,35000.0,2
700,Petal,1,ZONE_FACULTY_BIOSPHERE,Faculty of Biosphere & Marine Biology,0.3333,-0.625,39875.08,26078.93,948.62,47645.91,33.19,4500.0,-0.5724,0.8118,0.1154,35000.0,2
701,Petal,1,ZONE_FACULTY_BIOSPHERE,Faculty of Biosphere & Marine Biology,0.3333,-0.5,38495.46,27458.55,1625.32,47285.01,35.5,4500.0,-0.5742,0.8106,0.1148,35000.0,2
702,Petal,1,ZONE_FACULTY_BIOSPHERE,Faculty of Biosphere & Marine Biology,0.3333,-0.375,37115.85,28838.16,2207.3,47002.4,37.85,4500.0,-0.5759,0.8095,0.1142,35000.0,2
703,Petal,1,ZONE_FACULTY_BIOSPHERE,Faculty of Biosphere & Marine Biology,0.3333,-0.25,35736.23,30217.77,2694.56,46799.49,40.22,4500.0,-0.5773,0.8086,0.1136,35000.0,2
704,Petal,1,ZONE_FACULTY_BIOSPHERE,Faculty of Biosphere & Marine Biology,0.3333,-0.125,34356.62,31597.39,3087.1,46677.32,42.6,4500.0,-0.5786,0.8077,0.113,35000.0,2
705,Petal,1,ZONE_FACULTY_BIOSPHERE,Faculty of Biosphere & Marine Biology,0.3333,0.0,32977.0,32977.0,3384.91,46636.53,45.0,4500.0,-0.5836,0.8047,0.1093,35000.0,2
706,Petal,1,ZONE_FACULTY_BIOSPHERE,Faculty of Biosphere & Marine Biology,0.3333,0.125,31597.39,34356.62,3087.1,46677.32,47.4,4500.0,-0.584,0.8045,0.1087,35000.0,2
707,Petal,1,ZONE_FACULTY_BIOSPHERE,Faculty of Biosphere & Marine Biology,0.3333,0.25,30217.77,35736.23,2694.56,46799.49,49.78,4500.0,-0.5842,0.8044,0.1082,35000.0,2
708,Petal,1,ZONE_FACULTY_BIOSPHERE,Faculty of Biosphere & Marine Biology,0.3333,0.375,28838.16,37115.85,2207.3,47002.4,52.15,4500.0,-0.5842,0.8044,0.1076,35000.0,2
709,Petal,1,ZONE_FACULTY_BIOSPHERE,Faculty of Biosphere & Marine Biology,0.3333,0.5,27458.55,38495.46,1625.32,47285.01,54.5,4500.0,-0.5842,0.8046,0.107,35000.0,2
710,Petal,1,ZONE_FACULTY_BIOSPHERE,Faculty of Biosphere & Marine Biology,0.3333,0.625,26078.93,39875.08,948.62,47645.91,56.81,4500.0,-0.5839,0.8048,0.1065,35000.0,2
711,Petal,1,ZONE_FACULTY_BIOSPHERE,Faculty of Biosphere & Marine Biology,0.3333,0.75,24699.32,41254.69,177.2,48083.32,59.09,4500.0,-0.5835,0.8052,0.1059,35000.0,2
712,Petal,1,ZONE_FACULTY_BIOSPHERE,Faculty of Biosphere & Marine Biology,0.3333,0.875,23319.7,42634.31,-688.94,48595.19,61.32,4500.0,-0.583,0.8056,0.1054,35000.0,2
713,Petal,1,ZONE_CLEARANCE_WATERWAY,Faculty of Biosphere & Marine Biology,0.3333,1.0,21940.09,44013.92,-1649.81,49179.19,63.5,4500.0,-0.5745,0.811,0.1107,35000.0,2
714,Petal,1,ZONE_CLEARANCE_WATERWAY,Faculty of Biosphere & Marine Biology,0.3667,-1.0,47107.86,23320.23,-1678.0,52564.09,26.34,4500.0,-0.5568,0.8227,0.1143,35000.0,2
715,Petal,1,ZONE_FACULTY_BIOSPHERE,Faculty of Biosphere & Marine Biology,0.3667,-0.875,45621.13,24806.96,-669.3,51929.5,28.54,4500.0,-0.5589,0.8214,0.1138,35000.0,2
716,Petal,1,ZONE_FACULTY_BIOSPHERE,Faculty of Biosphere & Marine Biology,0.3667,-0.75,44134.4,26293.69,239.47,51373.18,30.78,4500.0,-0.5608,0.8202,0.1132,35000.0,2
717,Petal,1,ZONE_FACULTY_BIOSPHERE,Faculty of Biosphere & Marine Biology,0.3667,-0.625,42647.68,27780.41,1048.33,50897.7,33.08,4500.0,-0.5626,0.819,0.1126,35000.0,2
718,Petal,1,ZONE_FACULTY_BIOSPHERE,Faculty of Biosphere & Marine Biology,0.3667,-0.5,41160.95,29267.14,1757.27,50505.34,35.41,4500.0,-0.5642,0.818,0.1121,35000.0,2
719,Petal,1,ZONE_FACULTY_BIOSPHERE,Faculty of Biosphere & Marine Biology,0.3667,-0.375,39674.22,30753.87,2366.29,50198.05,37.78,4500.0,-0.5657,0.817,0.1115,35000.0,2
720,Petal,1,ZONE_FACULTY_BIOSPHERE,Faculty of Biosphere & Marine Biology,0.3667,-0.25,38187.5,32240.59,2875.39,49977.4,40.17,4500.0,-0.5671,0.8162,0.1109,35000.0,2
721,Petal,1,ZONE_FACULTY_BIOSPHERE,Faculty of Biosphere & Marine Biology,0.3667,-0.125,36700.77,33727.32,3284.57,49844.54,42.58,4500.0,-0.5683,0.8154,0.1104,35000.0,2
722,Petal,1,ZONE_FACULTY_BIOSPHERE,Faculty of Biosphere & Marine Biology,0.3667,0.0,35214.04,35214.04,3593.83,49800.18,45.0,4500.0,-0.5733,0.8124,0.107,35000.0,2
723,Petal,1,ZONE_FACULTY_BIOSPHERE,Faculty of Biosphere & Marine Biology,0.3667,0.125,33727.32,36700.77,3284.57,49844.54,47.42,4500.0,-0.5737,0.8121,0.1064,35000.0,2
724,Petal,1,ZONE_FACULTY_BIOSPHERE,Faculty of Biosphere & Marine Biology,0.3667,0.25,32240.59,38187.5,2875.39,49977.4,49.83,4500.0,-0.5741,0.8119,0.1059,35000.0,2
725,Petal,1,ZONE_FACULTY_BIOSPHERE,Faculty of Biosphere & Marine Biology,0.3667,0.375,30753.87,39674.22,2366.29,50198.05,52.22,4500.0,-0.5743,0.8118,0.1054,35000.0,2
726,Petal,1,ZONE_FACULTY_BIOSPHERE,Faculty of Biosphere & Marine Biology,0.3667,0.5,29267.14,41160.95,1757.27,50505.34,54.59,4500.0,-0.5744,0.8118,0.1049,35000.0,2
727,Petal,1,ZONE_FACULTY_BIOSPHERE,Faculty of Biosphere & Marine Biology,0.3667,0.625,27780.41,42647.68,1048.33,50897.7,56.92,4500.0,-0.5744,0.8119,0.1043,35000.0,2
728,Petal,1,ZONE_FACULTY_BIOSPHERE,Faculty of Biosphere & Marine Biology,0.3667,0.75,26293.69,44134.4,239.47,51373.18,59.22,4500.0,-0.5742,0.8121,0.1038,35000.0,2
729,Petal,1,ZONE_FACULTY_BIOSPHERE,Faculty of Biosphere & Marine Biology,0.3667,0.875,24806.96,45621.13,-669.3,51929.5,61.46,4500.0,-0.574,0.8123,0.1033,35000.0,2
730,Petal,1,ZONE_CLEARANCE_WATERWAY,Faculty of Biosphere & Marine Biology,0.3667,1.0,23320.23,47107.86,-1678.0,52564.09,63.66,4500.0,-0.5657,0.8175,0.1083,35000.0,2
731,Petal,1,ZONE_CLEARANCE_WATERWAY,Faculty of Biosphere & Marine Biology,0.4,-1.0,50201.79,24700.38,-1671.16,55949.34,26.2,4500.0,-0.5478,0.8291,0.1118,35000.0,2
732,Petal,1,ZONE_FACULTY_BIOSPHERE,Faculty of Biosphere & Marine Biology,0.4,-0.875,48607.95,26294.22,-624.82,55264.08,28.41,4500.0,-0.5496,0.828,0.1113,35000.0,2
733,Petal,1,ZONE_FACULTY_BIOSPHERE,Faculty of Biosphere & Marine Biology,0.4,-0.75,47014.11,27888.06,317.49,54663.25,30.68,4500.0,-0.5512,0.827,0.1108,35000.0,2
734,Petal,1,ZONE_FACULTY_BIOSPHERE,Faculty of Biosphere & Marine Biology,0.4,-0.625,45420.28,29481.89,1155.79,54149.64,32.99,4500.0,-0.5528,0.826,0.1102,35000.0,2
735,Petal,1,ZONE_FACULTY_BIOSPHERE,Faculty of Biosphere & Marine Biology,0.4,-0.5,43826.44,31075.73,1890.06,53725.76,35.34,4500.0,-0.5542,0.8251,0.1097,35000.0,2
736,Petal,1,ZONE_FACULTY_BIOSPHERE,Faculty of Biosphere & Marine Biology,0.4,-0.375,42232.6,32669.57,2520.31,53393.76,37.72,4500.0,-0.5555,0.8243,0.1092,35000.0,2
737,Petal,1,ZONE_FACULTY_BIOSPHERE,Faculty of Biosphere & Marine Biology,0.4,-0.25,40638.76,34263.41,3046.54,53155.34,40.13,4500.0,-0.5568,0.8235,0.1086,35000.0,2
738,Petal,1,ZONE_FACULTY_BIOSPHERE,Faculty of Biosphere & Marine Biology,0.4,-0.125,39044.92,35857.25,3468.75,53011.77,42.56,4500.0,-0.5579,0.8229,0.1081,35000.0,2
739,Petal,1,ZONE_FACULTY_BIOSPHERE,Faculty of Biosphere & Marine Biology,0.4,0.0,37451.09,37451.09,3786.93,52963.83,45.0,4500.0,-0.5629,0.8198,0.105,35000.0,2
740,Petal,1,ZONE_FACULTY_BIOSPHERE,Faculty of Biosphere & Marine Biology,0.4,0.125,35857.25,39044.92,3468.75,53011.77,47.44,4500.0,-0.5634,0.8195,0.1045,35000.0,2
741,Petal,1,ZONE_FACULTY_BIOSPHERE,Faculty of Biosphere & Marine Biology,0.4,0.25,34263.41,40638.76,3046.54,53155.34,49.87,4500.0,-0.5639,0.8193,0.104,35000.0,2
742,Petal,1,ZONE_FACULTY_BIOSPHERE,Faculty of Biosphere & Marine Biology,0.4,0.375,32669.57,42232.6,2520.31,53393.76,52.28,4500.0,-0.5643,0.8191,0.1035,35000.0,2
743,Petal,1,ZONE_FACULTY_BIOSPHERE,Faculty of Biosphere & Marine Biology,0.4,0.5,31075.73,43826.44,1890.06,53725.76,54.66,4500.0,-0.5646,0.8189,0.103,35000.0,2
744,Petal,1,ZONE_FACULTY_BIOSPHERE,Faculty of Biosphere & Marine Biology,0.4,0.625,29481.89,45420.28,1155.79,54149.64,57.01,4500.0,-0.5647,0.8189,0.1025,35000.0,2
745,Petal,1,ZONE_FACULTY_BIOSPHERE,Faculty of Biosphere & Marine Biology,0.4,0.75,27888.06,47014.11,317.49,54663.25,59.32,4500.0,-0.5648,0.8189,0.102,35000.0,2
746,Petal,1,ZONE_FACULTY_BIOSPHERE,Faculty of Biosphere & Marine Biology,0.4,0.875,26294.22,48607.95,-624.82,55264.08,61.59,4500.0,-0.5649,0.8189,0.1016,35000.0,2
747,Petal,1,ZONE_CLEARANCE_WATERWAY,Faculty of Biosphere & Marine Biology,0.4,1.0,24700.38,50201.79,-1671.16,55949.34,63.8,4500.0,-0.5567,0.8239,0.1062,35000.0,2
748,Petal,1,ZONE_CLEARANCE_WATERWAY,Faculty of Biosphere & Marine Biology,0.4333,-1.0,52682.02,26694.23,-1627.85,59059.1,26.87,6235.83,-0.5468,0.8306,0.1049,35000.0,2
749,Petal,1,ZONE_FACULTY_BIOSPHERE,Faculty of Biosphere & Marine Biology,0.4333,-0.875,51057.78,28318.47,-554.39,58385.21,29.01,6235.83,-0.5482,0.8298,0.1044,35000.0,2
750,Petal,1,ZONE_FACULTY_BIOSPHERE,Faculty of Biosphere & Marine Biology,0.4333,-0.75,49433.54,29942.71,412.09,57794.82,31.2,6235.83,-0.5496,0.829,0.104,35000.0,2
751,Petal,1,ZONE_FACULTY_BIOSPHERE,Faculty of Biosphere & Marine Biology,0.4333,-0.625,47809.31,31566.94,1271.59,57290.5,33.44,6235.83,-0.5508,0.8282,0.1035,35000.0,2
752,Petal,1,ZONE_FACULTY_BIOSPHERE,Faculty of Biosphere & Marine Biology,0.4333,-0.5,46185.07,33191.18,2024.1,56874.56,35.7,6235.83,-0.552,0.8275,0.103,35000.0,2
753,Petal,1,ZONE_FACULTY_BIOSPHERE,Faculty of Biosphere & Marine Biology,0.4333,-0.375,44560.83,34815.42,2669.63,56548.93,38.0,6235.83,-0.5531,0.8268,0.1025,35000.0,2
754,Petal,1,ZONE_FACULTY_BIOSPHERE,Faculty of Biosphere & Marine Biology,0.4333,-0.25,42936.6,36439.65,3208.17,56315.18,40.32,6235.83,-0.5541,0.8262,0.1021,35000.0,2
755,Petal,1,ZONE_FACULTY_BIOSPHERE,Faculty of Biosphere & Marine Biology,0.4333,-0.125,41312.36,38063.89,3639.72,56174.47,42.66,6235.83,-0.5551,0.8256,0.1016,35000.0,2
756,Petal,1,ZONE_FACULTY_BIOSPHERE,Faculty of Biosphere & Marine Biology,0.4333,0.0,39688.13,39688.13,3964.3,56127.49,45.0,6235.83,-0.5598,0.8227,0.0988,35000.0,2
757,Petal,1,ZONE_FACULTY_BIOSPHERE,Faculty of Biosphere & Marine Biology,0.4333,0.125,38063.89,41312.36,3639.72,56174.47,47.34,6235.83,-0.5604,0.8223,0.0984,35000.0,2
758,Petal,1,ZONE_FACULTY_BIOSPHERE,Faculty of Biosphere & Marine Biology,0.4333,0.25,36439.65,42936.6,3208.17,56315.18,49.68,6235.83,-0.561,0.822,0.0979,35000.0,2
759,Petal,1,ZONE_FACULTY_BIOSPHERE,Faculty of Biosphere & Marine Biology,0.4333,0.375,34815.42,44560.83,2669.63,56548.93,52.0,6235.83,-0.5615,0.8217,0.0975,35000.0,2
760,Petal,1,ZONE_FACULTY_BIOSPHERE,Faculty of Biosphere & Marine Biology,0.4333,0.5,33191.18,46185.07,2024.1,56874.56,54.3,6235.83,-0.5619,0.8215,0.0971,35000.0,2
761,Petal,1,ZONE_FACULTY_BIOSPHERE,Faculty of Biosphere & Marine Biology,0.4333,0.625,31566.94,47809.31,1271.59,57290.5,56.56,6235.83,-0.5623,0.8213,0.0966,35000.0,2
762,Petal,1,ZONE_FACULTY_BIOSPHERE,Faculty of Biosphere & Marine Biology,0.4333,0.75,29942.71,49433.54,412.09,57794.82,58.8,6235.83,-0.5626,0.8211,0.0962,35000.0,2
763,Petal,1,ZONE_FACULTY_BIOSPHERE,Faculty of Biosphere & Marine Biology,0.4333,0.875,28318.47,51057.78,-554.39,58385.21,60.99,6235.83,-0.5628,0.821,0.0958,35000.0,2
764,Petal,1,ZONE_CLEARANCE_WATERWAY,Faculty of Biosphere & Marine Biology,0.4333,1.0,26694.23,52682.02,-1627.85,59059.1,63.13,6235.83,-0.5553,0.8256,0.0999,35000.0,2
765,Petal,1,ZONE_CLEARANCE_WATERWAY,Faculty of Biosphere & Marine Biology,0.4667,-1.0,54251.02,29599.31,-1547.03,61800.43,28.62,10548.97,-0.5575,0.825,0.0925,35000.0,2
766,Petal,1,ZONE_FACULTY_BIOSPHERE,Faculty of Biosphere & Marine Biology,0.4667,-0.875,52710.29,31140.04,-457.2,61221.54,30.57,10548.97,-0.5584,0.8244,0.0921,35000.0,2
767,Petal,1,ZONE_FACULTY_BIOSPHERE,Faculty of Biosphere & Marine Biology,0.4667,-0.75,51169.56,32680.77,523.87,60715.37,32.57,10548.97,-0.5594,0.8238,0.0917,35000.0,2
768,Petal,1,ZONE_FACULTY_BIOSPHERE,Faculty of Biosphere & Marine Biology,0.4667,-0.625,49628.83,34221.5,1396.15,60283.76,34.59,10548.97,-0.5603,0.8233,0.0913,35000.0,2
769,Petal,1,ZONE_FACULTY_BIOSPHERE,Faculty of Biosphere & Marine Biology,0.4667,-0.5,48088.1,35762.24,2159.67,59928.31,36.64,10548.97,-0.5611,0.8227,0.0909,35000.0,2
770,Petal,1,ZONE_FACULTY_BIOSPHERE,Faculty of Biosphere & Marine Biology,0.4667,-0.375,46547.36,37302.97,2814.4,59650.39,38.71,10548.97,-0.562,0.8222,0.0905,35000.0,2
771,Petal,1,ZONE_FACULTY_BIOSPHERE,Faculty of Biosphere & Marine Biology,0.4667,-0.25,45006.63,38843.7,3360.36,59451.07,40.8,10548.97,-0.5628,0.8217,0.0901,35000.0,2
772,Petal,1,ZONE_FACULTY_BIOSPHERE,Faculty of Biosphere & Marine Biology,0.4667,-0.125,43465.9,40384.43,3797.54,59331.16,42.9,10548.97,-0.5635,0.8212,0.0897,35000.0,2
773,Petal,1,ZONE_FACULTY_BIOSPHERE,Faculty of Biosphere & Marine Biology,0.4667,0.0,41925.17,41925.17,4125.95,59291.14,45.0,10548.97,-0.5677,0.8186,0.0874,35000.0,2
774,Petal,1,ZONE_FACULTY_BIOSPHERE,Faculty of Biosphere & Marine Biology,0.4667,0.125,40384.43,43465.9,3797.54,59331.16,47.1,10548.97,-0.5683,0.8182,0.087,35000.0,2
775,Petal,1,ZONE_FACULTY_BIOSPHERE,Faculty of Biosphere & Marine Biology,0.4667,0.25,38843.7,45006.63,3360.36,59451.07,49.2,10548.97,-0.5688,0.8179,0.0866,35000.0,2
776,Petal,1,ZONE_FACULTY_BIOSPHERE,Faculty of Biosphere & Marine Biology,0.4667,0.375,37302.97,46547.36,2814.4,59650.39,51.29,10548.97,-0.5694,0.8175,0.0862,35000.0,2
777,Petal,1,ZONE_FACULTY_BIOSPHERE,Faculty of Biosphere & Marine Biology,0.4667,0.5,35762.24,48088.1,2159.67,59928.31,53.36,10548.97,-0.5699,0.8172,0.0859,35000.0,2
778,Petal,1,ZONE_FACULTY_BIOSPHERE,Faculty of Biosphere & Marine Biology,0.4667,0.625,34221.5,49628.83,1396.15,60283.76,55.41,10548.97,-0.5704,0.8169,0.0855,35000.0,2
779,Petal,1,ZONE_FACULTY_BIOSPHERE,Faculty of Biosphere & Marine Biology,0.4667,0.75,32680.77,51169.56,523.87,60715.37,57.43,10548.97,-0.5709,0.8166,0.0852,35000.0,2
780,Petal,1,ZONE_FACULTY_BIOSPHERE,Faculty of Biosphere & Marine Biology,0.4667,0.875,31140.04,52710.29,-457.2,61221.54,59.43,10548.97,-0.5713,0.8163,0.0848,35000.0,2
781,Petal,1,ZONE_CLEARANCE_WATERWAY,Faculty of Biosphere & Marine Biology,0.4667,1.0,29599.31,54251.02,-1547.03,61800.43,61.38,10548.97,-0.5649,0.8204,0.0883,35000.0,2
782,Petal,1,ZONE_CLEARANCE_WATERWAY,Faculty of Biosphere & Marine Biology,0.5,-1.0,55759.39,32565.02,-1428.08,64572.37,30.29,15033.63,-0.5684,0.8187,0.0812,35000.0,2
783,Petal,1,ZONE_FACULTY_BIOSPHERE,Faculty of Biosphere & Marine Biology,0.5,-0.875,54309.75,34014.67,-332.77,64082.34,32.06,15033.63,-0.569,0.8183,0.0809,35000.0,2
784,Petal,1,ZONE_FACULTY_BIOSPHERE,Faculty of Biosphere & Marine Biology,0.5,-0.75,52860.1,35464.31,653.17,63654.6,33.86,15033.63,-0.5696,0.818,0.0805,35000.0,2
785,Petal,1,ZONE_FACULTY_BIOSPHERE,Faculty of Biosphere & Marine Biology,0.5,-0.625,51410.45,36913.96,1529.73,63290.4,35.68,15033.63,-0.5702,0.8176,0.0802,35000.0,2
786,Petal,1,ZONE_FACULTY_BIOSPHERE,Faculty of Biosphere & Marine Biology,0.5,-0.5,49960.8,38363.61,2296.92,62990.86,37.52,15033.63,-0.5708,0.8172,0.0799,35000.0,2
787,Petal,1,ZONE_FACULTY_BIOSPHERE,Faculty of Biosphere & Marine Biology,0.5,-0.375,48511.15,39813.26,2954.73,62756.89,39.38,15033.63,-0.5714,0.8168,0.0795,35000.0,2
788,Petal,1,ZONE_FACULTY_BIOSPHERE,Faculty of Biosphere & Marine Biology,0.5,-0.25,47061.5,41262.91,3503.17,62589.24,41.24,15033.63,-0.572,0.8164,0.0792,35000.0,2
789,Petal,1,ZONE_FACULTY_BIOSPHERE,Faculty of Biosphere & Marine Biology,0.5,-0.125,45611.85,42712.56,3942.23,62488.43,43.12,15033.63,-0.5726,0.816,0.0789,35000.0,2
790,Petal,1,ZONE_FACULTY_BIOSPHERE,Faculty of Biosphere & Marine Biology,0.5,0.0,44162.21,44162.21,4271.92,62454.79,45.0,15033.63,-0.5762,0.8137,0.077,35000.0,2
791,Petal,1,ZONE_FACULTY_BIOSPHERE,Faculty of Biosphere & Marine Biology,0.5,0.125,42712.56,45611.85,3942.23,62488.43,46.88,15033.63,-0.5768,0.8133,0.0767,35000.0,2
792,Petal,1,ZONE_FACULTY_BIOSPHERE,Faculty of Biosphere & Marine Biology,0.5,0.25,41262.91,47061.5,3503.17,62589.24,48.76,15033.63,-0.5774,0.8129,0.0763,35000.0,2
793,Petal,1,ZONE_FACULTY_BIOSPHERE,Faculty of Biosphere & Marine Biology,0.5,0.375,39813.26,48511.15,2954.73,62756.89,50.62,15033.63,-0.5779,0.8125,0.076,35000.0,2
794,Petal,1,ZONE_FACULTY_BIOSPHERE,Faculty of Biosphere & Marine Biology,0.5,0.5,38363.61,49960.8,2296.92,62990.86,52.48,15033.63,-0.5785,0.8121,0.0757,35000.0,2
795,Petal,1,ZONE_FACULTY_BIOSPHERE,Faculty of Biosphere & Marine Biology,0.5,0.625,36913.96,51410.45,1529.73,63290.4,54.32,15033.63,-0.5791,0.8118,0.0754,35000.0,2
796,Petal,1,ZONE_FACULTY_BIOSPHERE,Faculty of Biosphere & Marine Biology,0.5,0.75,35464.31,52860.1,653.17,63654.6,56.14,15033.63,-0.5797,0.8114,0.0751,35000.0,2
797,Petal,1,ZONE_FACULTY_BIOSPHERE,Faculty of Biosphere & Marine Biology,0.5,0.875,34014.67,54309.75,-332.77,64082.34,57.94,15033.63,-0.5803,0.811,0.0749,35000.0,2
798,Petal,1,ZONE_CLEARANCE_WATERWAY,Faculty of Biosphere & Marine Biology,0.5,1.0,32565.02,55759.39,-1428.08,64572.37,59.71,15033.63,-0.5749,0.8145,0.0778,35000.0,2
799,Petal,1,ZONE_CLEARANCE_WATERWAY,Faculty of Biosphere & Marine Biology,0.5333,-1.0,57219.71,35578.78,-1270.78,67379.11,31.87,19654.19,-0.5795,0.8119,0.0711,35000.0,2
800,Petal,1,ZONE_FACULTY_BIOSPHERE,Faculty of Biosphere & Marine Biology,0.5333,-0.875,55867.15,36931.34,-180.94,66970.61,33.47,19654.19,-0.5798,0.8117,0.0708,35000.0,2
801,Petal,1,ZONE_FACULTY_BIOSPHERE,Faculty of Biosphere & Marine Biology,0.5333,-0.75,54514.6,38283.9,800.12,66614.55,35.08,19654.19,-0.5802,0.8114,0.0705,35000.0,2
802,Petal,1,ZONE_FACULTY_BIOSPHERE,Faculty of Biosphere & Marine Biology,0.5333,-0.625,53162.04,39636.46,1672.41,66311.77,36.71,19654.19,-0.5805,0.8112,0.0702,35000.0,2
803,Petal,1,ZONE_FACULTY_BIOSPHERE,Faculty of Biosphere & Marine Biology,0.5333,-0.5,51809.48,40989.01,2435.92,66063.01,38.35,19654.19,-0.5809,0.8109,0.0699,35000.0,2
804,Petal,1,ZONE_FACULTY_BIOSPHERE,Faculty of Biosphere & Marine Biology,0.5333,-0.375,50456.92,42341.57,3090.66,65868.88,40.0,19654.19,-0.5813,0.8107,0.0697,35000.0,2
805,Petal,1,ZONE_FACULTY_BIOSPHERE,Faculty of Biosphere & Marine Biology,0.5333,-0.25,49104.36,43694.13,3636.62,65729.87,41.66,19654.19,-0.5818,0.8104,0.0694,35000.0,2
806,Petal,1,ZONE_FACULTY_BIOSPHERE,Faculty of Biosphere & Marine Biology,0.5333,-0.125,47751.8,45046.69,4073.8,65646.32,43.33,19654.19,-0.5822,0.8101,0.0691,35000.0,2
807,Petal,1,ZONE_FACULTY_BIOSPHERE,Faculty of Biosphere & Marine Biology,0.5333,0.0,46399.25,46399.25,4402.21,65618.44,45.0,19654.19,-0.5853,0.808,0.0675,35000.0,2
808,Petal,1,ZONE_FACULTY_BIOSPHERE,Faculty of Biosphere & Marine Biology,0.5333,0.125,45046.69,47751.8,4073.8,65646.32,46.67,19654.19,-0.5858,0.8076,0.0673,35000.0,2
809,Petal,1,ZONE_FACULTY_BIOSPHERE,Faculty of Biosphere & Marine Biology,0.5333,0.25,43694.13,49104.36,3636.62,65729.87,48.34,19654.19,-0.5864,0.8072,0.067,35000.0,2
810,Petal,1,ZONE_FACULTY_BIOSPHERE,Faculty of Biosphere & Marine Biology,0.5333,0.375,42341.57,50456.92,3090.66,65868.88,50.0,19654.19,-0.587,0.8068,0.0668,35000.0,2
811,Petal,1,ZONE_FACULTY_BIOSPHERE,Faculty of Biosphere & Marine Biology,0.5333,0.5,40989.01,51809.48,2435.92,66063.01,51.65,19654.19,-0.5876,0.8064,0.0665,35000.0,2
812,Petal,1,ZONE_FACULTY_BIOSPHERE,Faculty of Biosphere & Marine Biology,0.5333,0.625,39636.46,53162.04,1672.41,66311.77,53.29,19654.19,-0.5882,0.806,0.0663,35000.0,2
813,Petal,1,ZONE_FACULTY_BIOSPHERE,Faculty of Biosphere & Marine Biology,0.5333,0.75,38283.9,54514.6,800.12,66614.55,54.92,19654.19,-0.5889,0.8055,0.066,35000.0,2
814,Petal,1,ZONE_FACULTY_BIOSPHERE,Faculty of Biosphere & Marine Biology,0.5333,0.875,36931.34,55867.15,-180.94,66970.61,56.53,19654.19,-0.5895,0.8051,0.0658,35000.0,2
815,Petal,1,ZONE_CLEARANCE_WATERWAY,Faculty of Biosphere & Marine Biology,0.5333,1.0,35578.78,57219.71,-1270.78,67379.11,58.13,19654.19,-0.5851,0.8081,0.0682,35000.0,2
816,Petal,1,ZONE_CLEARANCE_WATERWAY,Faculty of Biosphere & Marine Biology,0.5667,-1.0,58643.22,38629.35,-1075.34,70222.89,33.37,24378.86,-0.5907,0.8045,0.0618,35000.0,2
817,Petal,1,ZONE_FACULTY_BIOSPHERE,Faculty of Biosphere & Marine Biology,0.5667,-0.875,57392.36,39880.22,-1.87,69887.87,34.79,24378.86,-0.5908,0.8045,0.0616,35000.0,2
818,Petal,1,ZONE_FACULTY_BIOSPHERE,Faculty of Biosphere & Marine Biology,0.5667,-0.75,56141.49,41131.08,964.61,69596.21,36.23,24378.86,-0.5909,0.8044,0.0614,35000.0,2
819,Petal,1,ZONE_FACULTY_BIOSPHERE,Faculty of Biosphere & Marine Biology,0.5667,-0.625,54890.62,42381.95,1824.1,69348.47,37.67,24378.86,-0.5911,0.8043,0.0611,35000.0,2
820,Petal,1,ZONE_FACULTY_BIOSPHERE,Faculty of Biosphere & Marine Biology,0.5667,-0.5,53639.76,43632.82,2576.61,69145.11,39.13,24378.86,-0.5913,0.8041,0.0609,35000.0,2
821,Petal,1,ZONE_FACULTY_BIOSPHERE,Faculty of Biosphere & Marine Biology,0.5667,-0.375,52388.89,44883.68,3222.14,68986.53,40.59,24378.86,-0.5916,0.804,0.0607,35000.0,2
822,Petal,1,ZONE_FACULTY_BIOSPHERE,Faculty of Biosphere & Marine Biology,0.5667,-0.25,51138.02,46134.55,3760.68,68873.03,42.06,24378.86,-0.5919,0.8038,0.0605,35000.0,2
823,Petal,1,ZONE_FACULTY_BIOSPHERE,Faculty of Biosphere & Marine Biology,0.5667,-0.125,49887.15,47385.42,4192.24,68804.84,43.53,24378.86,-0.5922,0.8035,0.0602,35000.0,2
824,Petal,1,ZONE_FACULTY_BIOSPHERE,Faculty of Biosphere & Marine Biology,0.5667,0.0,48636.29,48636.29,4516.81,68782.1,45.0,24378.86,-0.5948,0.8017,0.059,35000.0,2
825,Petal,1,ZONE_FACULTY_BIOSPHERE,Faculty of Biosphere & Marine Biology,0.5667,0.125,47385.42,49887.15,4192.24,68804.84,46.47,24378.86,-0.5953,0.8014,0.0588,35000.0,2
826,Petal,1,ZONE_FACULTY_BIOSPHERE,Faculty of Biosphere & Marine Biology,0.5667,0.25,46134.55,51138.02,3760.68,68873.03,47.94,24378.86,-0.5958,0.801,0.0585,35000.0,2
827,Petal,1,ZONE_FACULTY_BIOSPHERE,Faculty of Biosphere & Marine Biology,0.5667,0.375,44883.68,52388.89,3222.14,68986.53,49.41,24378.86,-0.5964,0.8006,0.0583,35000.0,2
828,Petal,1,ZONE_FACULTY_BIOSPHERE,Faculty of Biosphere & Marine Biology,0.5667,0.5,43632.82,53639.76,2576.61,69145.11,50.87,24378.86,-0.597,0.8001,0.0581,35000.0,2
829,Petal,1,ZONE_FACULTY_BIOSPHERE,Faculty of Biosphere & Marine Biology,0.5667,0.625,42381.95,54890.62,1824.1,69348.47,52.33,24378.86,-0.5976,0.7997,0.0579,35000.0,2
830,Petal,1,ZONE_FACULTY_BIOSPHERE,Faculty of Biosphere & Marine Biology,0.5667,0.75,41131.08,56141.49,964.61,69596.21,53.77,24378.86,-0.5983,0.7992,0.0578,35000.0,2
831,Petal,1,ZONE_FACULTY_BIOSPHERE,Faculty of Biosphere & Marine Biology,0.5667,0.875,39880.22,57392.36,-1.87,69887.87,55.21,24378.86,-0.599,0.7987,0.0576,35000.0,2
832,Petal,1,ZONE_CLEARANCE_WATERWAY,Faculty of Biosphere & Marine Biology,0.5667,1.0,38629.35,58643.22,-1075.34,70222.89,56.63,24378.86,-0.5954,0.8012,0.0595,35000.0,2
833,Petal,1,ZONE_CLEARANCE_WATERWAY,Faculty of Biosphere & Marine Biology,0.6,-1.0,60040.06,41706.6,-842.39,73104.37,34.79,29178.99,-0.6018,0.7968,0.0534,35000.0,2
834,Petal,1,ZONE_FACULTY_BIOSPHERE,Faculty of Biosphere & Marine Biology,0.6,-0.875,58894.21,42852.44,203.95,72834.47,36.04,29178.99,-0.6018,0.7969,0.0533,35000.0,2
835,Petal,1,ZONE_FACULTY_BIOSPHERE,Faculty of Biosphere & Marine Biology,0.6,-0.75,57748.37,43998.28,1146.26,72599.75,37.3,29178.99,-0.6017,0.7969,0.0531,35000.0,2
836,Petal,1,ZONE_FACULTY_BIOSPHERE,Faculty of Biosphere & Marine Biology,0.6,-0.625,56602.53,45144.12,1984.56,72400.54,38.57,29178.99,-0.6018,0.7969,0.0529,35000.0,2
837,Petal,1,ZONE_FACULTY_BIOSPHERE,Faculty of Biosphere & Marine Biology,0.6,-0.5,55456.69,46289.96,2718.83,72237.15,39.85,29178.99,-0.6019,0.7969,0.0527,35000.0,2
838,Petal,1,ZONE_FACULTY_BIOSPHERE,Faculty of Biosphere & Marine Biology,0.6,-0.375,54310.85,47435.8,3349.08,72109.8,41.13,29178.99,-0.602,0.7968,0.0525,35000.0,2
839,Petal,1,ZONE_FACULTY_BIOSPHERE,Faculty of Biosphere & Marine Biology,0.6,-0.25,53165.01,48581.64,3875.31,72018.71,42.42,29178.99,-0.6022,0.7967,0.0524,35000.0,2
840,Petal,1,ZONE_FACULTY_BIOSPHERE,Faculty of Biosphere & Marine Biology,0.6,-0.125,52019.17,49727.49,4297.52,71964.0,43.71,29178.99,-0.6024,0.7965,0.0522,35000.0,2
841,Petal,1,ZONE_FACULTY_BIOSPHERE,Faculty of Biosphere & Marine Biology,0.6,0.0,50873.33,50873.33,4615.7,71945.75,45.0,29178.99,-0.6045,0.795,0.0512,35000.0,2
842,Petal,1,ZONE_FACULTY_BIOSPHERE,Faculty of Biosphere & Marine Biology,0.6,0.125,49727.49,52019.17,4297.52,71964.0,46.29,29178.99,-0.605,0.7946,0.051,35000.0,2
843,Petal,1,ZONE_FACULTY_BIOSPHERE,Faculty of Biosphere & Marine Biology,0.6,0.25,48581.64,53165.01,3875.31,72018.71,47.58,29178.99,-0.6055,0.7942,0.0508,35000.0,2
844,Petal,1,ZONE_FACULTY_BIOSPHERE,Faculty of Biosphere & Marine Biology,0.6,0.375,47435.8,54310.85,3349.08,72109.8,48.87,29178.99,-0.606,0.7938,0.0507,35000.0,2
845,Petal,1,ZONE_FACULTY_BIOSPHERE,Faculty of Biosphere & Marine Biology,0.6,0.5,46289.96,55456.69,2718.83,72237.15,50.15,29178.99,-0.6066,0.7934,0.0505,35000.0,2
846,Petal,1,ZONE_FACULTY_BIOSPHERE,Faculty of Biosphere & Marine Biology,0.6,0.625,45144.12,56602.53,1984.56,72400.54,51.43,29178.99,-0.6072,0.7929,0.0503,35000.0,2
847,Petal,1,ZONE_FACULTY_BIOSPHERE,Faculty of Biosphere & Marine Biology,0.6,0.75,43998.28,57748.37,1146.26,72599.75,52.7,29178.99,-0.6079,0.7924,0.0502,35000.0,2
848,Petal,1,ZONE_FACULTY_BIOSPHERE,Faculty of Biosphere & Marine Biology,0.6,0.875,42852.44,58894.21,203.95,72834.47,53.96,29178.99,-0.6086,0.7919,0.05,35000.0,2
849,Petal,1,ZONE_CLEARANCE_WATERWAY,Faculty of Biosphere & Marine Biology,0.6,1.0,41706.6,60040.06,-842.39,73104.37,55.21,29178.99,-0.6057,0.794,0.0516,35000.0,2
850,Petal,1,ZONE_CLEARANCE_WATERWAY,Faculty of Biosphere & Marine Biology,0.6333,-1.0,61419.39,44801.35,-572.98,76023.03,36.11,34028.62,-0.6129,0.7889,0.0459,35000.0,2
851,Petal,1,ZONE_FACULTY_BIOSPHERE,Faculty of Biosphere & Marine Biology,0.6333,-0.875,60380.76,45839.98,435.72,75809.89,37.21,34028.62,-0.6127,0.789,0.0457,35000.0,2
852,Petal,1,ZONE_FACULTY_BIOSPHERE,Faculty of Biosphere & Marine Biology,0.6333,-0.75,59342.13,46878.6,1344.5,75624.68,38.31,34028.62,-0.6125,0.7891,0.0456,35000.0,2
853,Petal,1,ZONE_FACULTY_BIOSPHERE,Faculty of Biosphere & Marine Biology,0.6333,-0.625,58303.5,47917.23,2153.35,75467.61,39.42,34028.62,-0.6125,0.7892,0.0454,35000.0,2
854,Petal,1,ZONE_FACULTY_BIOSPHERE,Faculty of Biosphere & Marine Biology,0.6333,-0.5,57264.88,48955.86,2862.29,75338.85,40.53,34028.62,-0.6124,0.7892,0.0453,35000.0,2
855,Petal,1,ZONE_FACULTY_BIOSPHERE,Faculty of Biosphere & Marine Biology,0.6333,-0.375,56226.25,49994.49,3471.31,75238.55,41.64,34028.62,-0.6125,0.7892,0.0451,35000.0,2
856,Petal,1,ZONE_FACULTY_BIOSPHERE,Faculty of Biosphere & Marine Biology,0.6333,-0.25,55187.62,51033.11,3980.41,75166.83,42.76,34028.62,-0.6125,0.7892,0.045,35000.0,2
857,Petal,1,ZONE_FACULTY_BIOSPHERE,Faculty of Biosphere & Marine Biology,0.6333,-0.125,54148.99,52071.74,4389.59,75123.76,43.88,34028.62,-0.6127,0.7891,0.0449,35000.0,2
858,Petal,1,ZONE_FACULTY_BIOSPHERE,Faculty of Biosphere & Marine Biology,0.6333,0.0,53110.37,53110.37,4698.86,75109.4,45.0,34028.62,-0.6144,0.7878,0.044,35000.0,2
859,Petal,1,ZONE_FACULTY_BIOSPHERE,Faculty of Biosphere & Marine Biology,0.6333,0.125,52071.74,54148.99,4389.59,75123.76,46.12,34028.62,-0.6148,0.7874,0.0439,35000.0,2
860,Petal,1,ZONE_FACULTY_BIOSPHERE,Faculty of Biosphere & Marine Biology,0.6333,0.25,51033.11,55187.62,3980.41,75166.83,47.24,34028.62,-0.6153,0.7871,0.0438,35000.0,2
861,Petal,1,ZONE_FACULTY_BIOSPHERE,Faculty of Biosphere & Marine Biology,0.6333,0.375,49994.49,56226.25,3471.31,75238.55,48.36,34028.62,-0.6158,0.7867,0.0437,35000.0,2
862,Petal,1,ZONE_FACULTY_BIOSPHERE,Faculty of Biosphere & Marine Biology,0.6333,0.5,48955.86,57264.88,2862.29,75338.85,49.47,34028.62,-0.6163,0.7863,0.0435,35000.0,2
863,Petal,1,ZONE_FACULTY_BIOSPHERE,Faculty of Biosphere & Marine Biology,0.6333,0.625,47917.23,58303.5,2153.35,75467.61,50.58,34028.62,-0.6169,0.7858,0.0434,35000.0,2
864,Petal,1,ZONE_FACULTY_BIOSPHERE,Faculty of Biosphere & Marine Biology,0.6333,0.75,46878.6,59342.13,1344.5,75624.68,51.69,34028.62,-0.6176,0.7853,0.0433,35000.0,2
865,Petal,1,ZONE_FACULTY_BIOSPHERE,Faculty of Biosphere & Marine Biology,0.6333,0.875,45839.98,60380.76,435.72,75809.89,52.79,34028.62,-0.6183,0.7848,0.0432,35000.0,2
866,Petal,1,ZONE_CLEARANCE_WATERWAY,Faculty of Biosphere & Marine Biology,0.6333,1.0,44801.35,61419.39,-572.98,76023.03,53.89,34028.62,-0.616,0.7865,0.0444,35000.0,2
867,Petal,1,ZONE_CLEARANCE_WATERWAY,Faculty of Biosphere & Marine Biology,0.6667,-1.0,62789.6,47905.22,-268.53,78977.49,37.34,38904.04,-0.6237,0.7807,0.039,35000.0,2
868,Petal,1,ZONE_FACULTY_BIOSPHERE,Faculty of Biosphere & Marine Biology,0.6667,-0.875,61859.33,48835.49,692.34,78812.95,38.29,38904.04,-0.6234,0.7809,0.0389,35000.0,2
869,Petal,1,ZONE_FACULTY_BIOSPHERE,Faculty of Biosphere & Marine Biology,0.6667,-0.75,60929.05,49765.76,1558.48,78670.07,39.24,38904.04,-0.6232,0.7811,0.0387,35000.0,2
870,Petal,1,ZONE_FACULTY_BIOSPHERE,Faculty of Biosphere & Marine Biology,0.6667,-0.625,59998.78,50696.04,2329.9,78548.98,40.2,38904.04,-0.6231,0.7812,0.0386,35000.0,2
871,Petal,1,ZONE_FACULTY_BIOSPHERE,Faculty of Biosphere & Marine Biology,0.6667,-0.5,59068.5,51626.31,3006.6,78449.76,41.15,38904.04,-0.623,0.7813,0.0385,35000.0,2
872,Petal,1,ZONE_FACULTY_BIOSPHERE,Faculty of Biosphere & Marine Biology,0.6667,-0.375,58138.23,52556.59,3588.58,78372.5,42.11,38904.04,-0.6229,0.7813,0.0384,35000.0,2
873,Petal,1,ZONE_FACULTY_BIOSPHERE,Faculty of Biosphere & Marine Biology,0.6667,-0.25,57207.96,53486.86,4075.84,78317.27,43.07,38904.04,-0.6229,0.7813,0.0383,35000.0,2
874,Petal,1,ZONE_FACULTY_BIOSPHERE,Faculty of Biosphere & Marine Biology,0.6667,-0.125,56277.68,54417.13,4468.38,78284.11,44.04,38904.04,-0.623,0.7813,0.0382,35000.0,2
875,Petal,1,ZONE_FACULTY_BIOSPHERE,Faculty of Biosphere & Marine Biology,0.6667,0.0,55347.41,55347.41,4766.19,78273.05,45.0,38904.04,-0.6244,0.7802,0.0376,35000.0,2
876,Petal,1,ZONE_FACULTY_BIOSPHERE,Faculty of Biosphere & Marine Biology,0.6667,0.125,54417.13,56277.68,4468.38,78284.11,45.96,38904.04,-0.6247,0.7799,0.0375,35000.0,2
877,Petal,1,ZONE_FACULTY_BIOSPHERE,Faculty of Biosphere & Marine Biology,0.6667,0.25,53486.86,57207.96,4075.84,78317.27,46.93,38904.04,-0.6251,0.7796,0.0374,35000.0,2
878,Petal,1,ZONE_FACULTY_BIOSPHERE,Faculty of Biosphere & Marine Biology,0.6667,0.375,52556.59,58138.23,3588.58,78372.5,47.89,38904.04,-0.6256,0.7793,0.0373,35000.0,2
879,Petal,1,ZONE_FACULTY_BIOSPHERE,Faculty of Biosphere & Marine Biology,0.6667,0.5,51626.31,59068.5,3006.6,78449.76,48.85,38904.04,-0.6261,0.7789,0.0372,35000.0,2
880,Petal,1,ZONE_FACULTY_BIOSPHERE,Faculty of Biosphere & Marine Biology,0.6667,0.625,50696.04,59998.78,2329.9,78548.98,49.8,38904.04,-0.6267,0.7784,0.0371,35000.0,2
881,Petal,1,ZONE_FACULTY_BIOSPHERE,Faculty of Biosphere & Marine Biology,0.6667,0.75,49765.76,60929.05,1558.48,78670.07,50.76,38904.04,-0.6273,0.7779,0.037,35000.0,2
882,Petal,1,ZONE_FACULTY_BIOSPHERE,Faculty of Biosphere & Marine Biology,0.6667,0.875,48835.49,61859.33,692.34,78812.95,51.71,38904.04,-0.6279,0.7774,0.0369,35000.0,2
883,Petal,1,ZONE_CLEARANCE_WATERWAY,Faculty of Biosphere & Marine Biology,0.6667,1.0,47905.22,62789.6,-268.53,78977.49,52.66,38904.04,-0.6262,0.7787,0.0378,35000.0,2
884,Petal,1,ZONE_CLEARANCE_WATERWAY,Faculty of Biosphere & Marine Biology,0.7,-1.0,64158.44,51010.45,69.13,81965.68,38.49,43783.34,-0.6345,0.7722,0.0327,35000.0,2
885,Petal,1,ZONE_FACULTY_BIOSPHERE,Faculty of Biosphere & Marine Biology,0.7,-0.875,63336.69,51832.2,972.39,81842.01,39.3,43783.34,-0.6341,0.7725,0.0327,35000.0,2
886,Petal,1,ZONE_FACULTY_BIOSPHERE,Faculty of Biosphere & Marine Biology,0.7,-0.75,62514.94,52653.95,1787.16,81734.67,40.11,43783.34,-0.6338,0.7728,0.0326,35000.0,2
887,Petal,1,ZONE_FACULTY_BIOSPHERE,Faculty of Biosphere & Marine Biology,0.7,-0.625,61693.19,53475.7,2513.44,81643.74,40.92,43783.34,-0.6335,0.773,0.0325,35000.0,2
888,Petal,1,ZONE_FACULTY_BIOSPHERE,Faculty of Biosphere & Marine Biology,0.7,-0.5,60871.44,54297.45,3151.24,81569.27,41.73,43783.34,-0.6333,0.7732,0.0324,35000.0,2
889,Petal,1,ZONE_FACULTY_BIOSPHERE,Faculty of Biosphere & Marine Biology,0.7,-0.375,60049.69,55119.2,3700.55,81511.3,42.55,43783.34,-0.6332,0.7733,0.0323,35000.0,2
890,Petal,1,ZONE_FACULTY_BIOSPHERE,Faculty of Biosphere & Marine Biology,0.7,-0.25,59227.95,55940.95,4161.38,81469.87,43.37,43783.34,-0.6331,0.7734,0.0322,35000.0,2
891,Petal,1,ZONE_FACULTY_BIOSPHERE,Faculty of Biosphere & Marine Biology,0.7,-0.125,58406.2,56762.7,4533.72,81445.0,44.18,43783.34,-0.6331,0.7734,0.0322,35000.0,2
892,Petal,1,ZONE_FACULTY_BIOSPHERE,Faculty of Biosphere & Marine Biology,0.7,0.0,57584.45,57584.45,4817.57,81436.71,45.0,43783.34,-0.6341,0.7726,0.0317,35000.0,2
893,Petal,1,ZONE_FACULTY_BIOSPHERE,Faculty of Biosphere & Marine Biology,0.7,0.125,56762.7,58406.2,4533.72,81445.0,45.82,43783.34,-0.6345,0.7723,0.0316,35000.0,2
894,Petal,1,ZONE_FACULTY_BIOSPHERE,Faculty of Biosphere & Marine Biology,0.7,0.25,55940.95,59227.95,4161.38,81469.87,46.63,43783.34,-0.6349,0.772,0.0315,35000.0,2
895,Petal,1,ZONE_FACULTY_BIOSPHERE,Faculty of Biosphere & Marine Biology,0.7,0.375,55119.2,60049.69,3700.55,81511.3,47.45,43783.34,-0.6353,0.7716,0.0314,35000.0,2
896,Petal,1,ZONE_FACULTY_BIOSPHERE,Faculty of Biosphere & Marine Biology,0.7,0.5,54297.45,60871.44,3151.24,81569.27,48.27,43783.34,-0.6358,0.7712,0.0314,35000.0,2
897,Petal,1,ZONE_FACULTY_BIOSPHERE,Faculty of Biosphere & Marine Biology,0.7,0.625,53475.7,61693.19,2513.44,81643.74,49.08,43783.34,-0.6364,0.7708,0.0313,35000.0,2
898,Petal,1,ZONE_FACULTY_BIOSPHERE,Faculty of Biosphere & Marine Biology,0.7,0.75,52653.95,62514.94,1787.16,81734.67,49.89,43783.34,-0.637,0.7703,0.0312,35000.0,2
899,Petal,1,ZONE_FACULTY_BIOSPHERE,Faculty of Biosphere & Marine Biology,0.7,0.875,51832.2,63336.69,972.39,81842.01,50.7,43783.34,-0.6376,0.7697,0.0312,35000.0,2
900,Petal,1,ZONE_CLEARANCE_WATERWAY,Faculty of Biosphere & Marine Biology,0.7,1.0,51010.45,64158.44,69.13,81965.68,51.51,43783.34,-0.6365,0.7706,0.0319,35000.0,2
901,Petal,1,ZONE_CLEARANCE_WATERWAY,Faculty of Biosphere & Marine Biology,0.7333,-1.0,65533.14,54109.83,422.8,84985.1,39.55,48646.06,-0.6458,0.763,0.0281,35000.0,2
902,Petal,1,ZONE_FACULTY_BIOSPHERE,Faculty of Biosphere & Marine Biology,0.7333,-0.875,64819.19,54823.79,1230.47,84895.08,40.22,48646.06,-0.645,0.7636,0.028,35000.0,2
903,Petal,1,ZONE_FACULTY_BIOSPHERE,Faculty of Biosphere & Marine Biology,0.7333,-0.75,64105.23,55537.75,1959.64,84816.99,40.9,48646.06,-0.6444,0.7642,0.0279,35000.0,2
904,Petal,1,ZONE_FACULTY_BIOSPHERE,Faculty of Biosphere & Marine Biology,0.7333,-0.625,63391.27,56251.7,2610.33,84750.86,41.58,48646.06,-0.6438,0.7647,0.0279,35000.0,2
905,Petal,1,ZONE_FACULTY_BIOSPHERE,Faculty of Biosphere & Marine Biology,0.7333,-0.5,62677.32,56965.66,3182.51,84696.71,42.27,48646.06,-0.6434,0.765,0.0278,35000.0,2
906,Petal,1,ZONE_FACULTY_BIOSPHERE,Faculty of Biosphere & Marine Biology,0.7333,-0.375,61963.36,57679.62,3676.21,84654.57,42.95,48646.06,-0.643,0.7654,0.0278,35000.0,2
907,Petal,1,ZONE_FACULTY_BIOSPHERE,Faculty of Biosphere & Marine Biology,0.7333,-0.25,61249.4,58393.57,4091.41,84624.46,43.63,48646.06,-0.6427,0.7656,0.0277,35000.0,2
908,Petal,1,ZONE_FACULTY_BIOSPHERE,Faculty of Biosphere & Marine Biology,0.7333,-0.125,60535.44,59107.53,4428.12,84606.38,44.32,48646.06,-0.6425,0.7658,0.0276,35000.0,2
909,Petal,1,ZONE_FACULTY_BIOSPHERE,Faculty of Biosphere & Marine Biology,0.7333,0.0,59821.49,59821.49,4686.33,84600.36,45.0,48646.06,-0.6432,0.7652,0.0272,35000.0,2
910,Petal,1,ZONE_FACULTY_BIOSPHERE,Faculty of Biosphere & Marine Biology,0.7333,0.125,59107.53,60535.44,4428.12,84606.38,45.68,48646.06,-0.6436,0.7649,0.0272,35000.0,2
911,Petal,1,ZONE_FACULTY_BIOSPHERE,Faculty of Biosphere & Marine Biology,0.7333,0.25,58393.57,61249.4,4091.41,84624.46,46.37,48646.06,-0.6441,0.7645,0.0271,35000.0,2
912,Petal,1,ZONE_FACULTY_BIOSPHERE,Faculty of Biosphere & Marine Biology,0.7333,0.375,57679.62,61963.36,3676.21,84654.57,47.05,48646.06,-0.6446,0.764,0.0271,35000.0,2
913,Petal,1,ZONE_FACULTY_BIOSPHERE,Faculty of Biosphere & Marine Biology,0.7333,0.5,56965.66,62677.32,3182.51,84696.71,47.73,48646.06,-0.6453,0.7635,0.027,35000.0,2
914,Petal,1,ZONE_FACULTY_BIOSPHERE,Faculty of Biosphere & Marine Biology,0.7333,0.625,56251.7,63391.27,2610.33,84750.86,48.42,48646.06,-0.646,0.7629,0.027,35000.0,2
915,Petal,1,ZONE_FACULTY_BIOSPHERE,Faculty of Biosphere & Marine Biology,0.7333,0.75,55537.75,64105.23,1959.64,84816.99,49.1,48646.06,-0.6468,0.7622,0.0269,35000.0,2
916,Petal,1,ZONE_FACULTY_BIOSPHERE,Faculty of Biosphere & Marine Biology,0.7333,0.875,54823.79,64819.19,1230.47,84895.08,49.78,48646.06,-0.6477,0.7614,0.0269,35000.0,2
917,Petal,1,ZONE_CLEARANCE_WATERWAY,Faculty of Biosphere & Marine Biology,0.7333,1.0,54109.83,65533.14,422.8,84985.1,50.45,48646.06,-0.6472,0.7618,0.0274,35000.0,2
918,Petal,1,ZONE_CLEARANCE_WATERWAY,Faculty of Biosphere & Marine Biology,0.7667,-1.0,66920.6,57196.46,729.61,88032.96,40.52,53472.72,-0.656,0.7544,0.0252,35000.0,2
919,Petal,1,ZONE_FACULTY_BIOSPHERE,Faculty of Biosphere & Marine Biology,0.7667,-0.875,66312.84,57804.22,1394.3,87970.0,41.08,53472.72,-0.6551,0.7551,0.0252,35000.0,2
920,Petal,1,ZONE_FACULTY_BIOSPHERE,Faculty of Biosphere & Marine Biology,0.7667,-0.75,65705.08,58411.98,1995.05,87915.39,41.64,53472.72,-0.6544,0.7558,0.0251,35000.0,2
921,Petal,1,ZONE_FACULTY_BIOSPHERE,Faculty of Biosphere & Marine Biology,0.7667,-0.625,65097.32,59019.74,2531.84,87869.17,42.2,53472.72,-0.6537,0.7563,0.0251,35000.0,2
922,Petal,1,ZONE_FACULTY_BIOSPHERE,Faculty of Biosphere & Marine Biology,0.7667,-0.5,64489.56,59627.49,3004.68,87831.33,42.76,53472.72,-0.6531,0.7568,0.025,35000.0,2
923,Petal,1,ZONE_FACULTY_BIOSPHERE,Faculty of Biosphere & Marine Biology,0.7667,-0.375,63881.8,60235.25,3413.57,87801.88,43.32,53472.72,-0.6527,0.7572,0.025,35000.0,2
924,Petal,1,ZONE_FACULTY_BIOSPHERE,Faculty of Biosphere & Marine Biology,0.7667,-0.25,63274.05,60843.01,3758.51,87780.85,43.88,53472.72,-0.6523,0.7575,0.0249,35000.0,2
925,Petal,1,ZONE_FACULTY_BIOSPHERE,Faculty of Biosphere & Marine Biology,0.7667,-0.125,62666.29,61450.77,4039.5,87768.22,44.44,53472.72,-0.652,0.7578,0.0249,35000.0,2
926,Petal,1,ZONE_FACULTY_BIOSPHERE,Faculty of Biosphere & Marine Biology,0.7667,0.0,62058.53,62058.53,4256.54,87764.01,45.0,53472.72,-0.6525,0.7574,0.0246,35000.0,2
927,Petal,1,ZONE_FACULTY_BIOSPHERE,Faculty of Biosphere & Marine Biology,0.7667,0.125,61450.77,62666.29,4039.5,87768.22,45.56,53472.72,-0.6528,0.7571,0.0245,35000.0,2
928,Petal,1,ZONE_FACULTY_BIOSPHERE,Faculty of Biosphere & Marine Biology,0.7667,0.25,60843.01,63274.05,3758.51,87780.85,46.12,53472.72,-0.6533,0.7567,0.0245,35000.0,2
929,Petal,1,ZONE_FACULTY_BIOSPHERE,Faculty of Biosphere & Marine Biology,0.7667,0.375,60235.25,63881.8,3413.57,87801.88,46.68,53472.72,-0.6539,0.7562,0.0244,35000.0,2
930,Petal,1,ZONE_FACULTY_BIOSPHERE,Faculty of Biosphere & Marine Biology,0.7667,0.5,59627.49,64489.56,3004.68,87831.33,47.24,53472.72,-0.6545,0.7556,0.0244,35000.0,2
931,Petal,1,ZONE_FACULTY_BIOSPHERE,Faculty of Biosphere & Marine Biology,0.7667,0.625,59019.74,65097.32,2531.84,87869.17,47.8,53472.72,-0.6553,0.755,0.0243,35000.0,2
932,Petal,1,ZONE_FACULTY_BIOSPHERE,Faculty of Biosphere & Marine Biology,0.7667,0.75,58411.98,65705.08,1995.05,87915.39,48.36,53472.72,-0.6561,0.7543,0.0243,35000.0,2
933,Petal,1,ZONE_FACULTY_BIOSPHERE,Faculty of Biosphere & Marine Biology,0.7667,0.875,57804.22,66312.84,1394.3,87970.0,48.92,53472.72,-0.657,0.7535,0.0243,35000.0,2
934,Petal,1,ZONE_CLEARANCE_WATERWAY,Faculty of Biosphere & Marine Biology,0.7667,1.0,57196.46,66920.6,729.61,88032.96,49.48,53472.72,-0.657,0.7534,0.0247,35000.0,2
935,Petal,1,ZONE_CLEARANCE_WATERWAY,Faculty of Biosphere & Marine Biology,0.8,-1.0,68327.52,60263.61,931.72,91106.28,41.41,58244.3,-0.6654,0.7461,0.0236,35000.0,2
936,Petal,1,ZONE_FACULTY_BIOSPHERE,Faculty of Biosphere & Marine Biology,0.8,-0.875,67823.53,60767.61,1433.09,91064.45,41.86,58244.3,-0.6646,0.7469,0.0235,35000.0,2
937,Petal,1,ZONE_FACULTY_BIOSPHERE,Faculty of Biosphere & Marine Biology,0.8,-0.75,67319.53,61271.6,1886.84,91028.18,42.31,58244.3,-0.6638,0.7475,0.0235,35000.0,2
938,Petal,1,ZONE_FACULTY_BIOSPHERE,Faculty of Biosphere & Marine Biology,0.8,-0.625,66815.54,61775.6,2292.97,90997.48,42.76,58244.3,-0.6631,0.7481,0.0235,35000.0,2
939,Petal,1,ZONE_FACULTY_BIOSPHERE,Faculty of Biosphere & Marine Biology,0.8,-0.5,66311.55,62279.59,2651.47,90972.35,43.2,58244.3,-0.6626,0.7486,0.0234,35000.0,2
940,Petal,1,ZONE_FACULTY_BIOSPHERE,Faculty of Biosphere & Marine Biology,0.8,-0.375,65807.55,62783.59,2962.36,90952.8,43.65,58244.3,-0.6621,0.749,0.0234,35000.0,2
941,Petal,1,ZONE_FACULTY_BIOSPHERE,Faculty of Biosphere & Marine Biology,0.8,-0.25,65303.56,63287.58,3225.62,90938.84,44.1,58244.3,-0.6617,0.7494,0.0234,35000.0,2
942,Petal,1,ZONE_FACULTY_BIOSPHERE,Faculty of Biosphere & Marine Biology,0.8,-0.125,64799.56,63791.57,3441.26,90930.46,44.55,58244.3,-0.6614,0.7497,0.0233,35000.0,2
943,Petal,1,ZONE_FACULTY_BIOSPHERE,Faculty of Biosphere & Marine Biology,0.8,0.0,64295.57,64295.57,3609.28,90927.66,45.0,58244.3,-0.6617,0.7495,0.0231,35000.0,2
944,Petal,1,ZONE_FACULTY_BIOSPHERE,Faculty of Biosphere & Marine Biology,0.8,0.125,63791.57,64799.56,3441.26,90930.46,45.45,58244.3,-0.662,0.7491,0.023,35000.0,2
945,Petal,1,ZONE_FACULTY_BIOSPHERE,Faculty of Biosphere & Marine Biology,0.8,0.25,63287.58,65303.56,3225.62,90938.84,45.9,58244.3,-0.6624,0.7488,0.023,35000.0,2
946,Petal,1,ZONE_FACULTY_BIOSPHERE,Faculty of Biosphere & Marine Biology,0.8,0.375,62783.59,65807.55,2962.36,90952.8,46.35,58244.3,-0.663,0.7483,0.023,35000.0,2
947,Petal,1,ZONE_FACULTY_BIOSPHERE,Faculty of Biosphere & Marine Biology,0.8,0.5,62279.59,66311.55,2651.47,90972.35,46.8,58244.3,-0.6636,0.7478,0.0229,35000.0,2
948,Petal,1,ZONE_FACULTY_BIOSPHERE,Faculty of Biosphere & Marine Biology,0.8,0.625,61775.6,66815.54,2292.97,90997.48,47.24,58244.3,-0.6643,0.7472,0.0229,35000.0,2
949,Petal,1,ZONE_FACULTY_BIOSPHERE,Faculty of Biosphere & Marine Biology,0.8,0.75,61271.6,67319.53,1886.84,91028.18,47.69,58244.3,-0.665,0.7465,0.0229,35000.0,2
950,Petal,1,ZONE_FACULTY_BIOSPHERE,Faculty of Biosphere & Marine Biology,0.8,0.875,60767.61,67823.53,1433.09,91064.45,48.14,58244.3,-0.6659,0.7457,0.0228,35000.0,2
951,Petal,1,ZONE_CLEARANCE_WATERWAY,Faculty of Biosphere & Marine Biology,0.8,1.0,60263.61,68327.52,931.72,91106.28,48.59,58244.3,-0.6661,0.7455,0.0232,35000.0,2
952,Petal,1,ZONE_CLEARANCE_WATERWAY,Faculty of Biosphere & Marine Biology,0.8333,-1.0,69760.74,63304.47,992.95,94202.01,42.22,62941.5,-0.6741,0.7383,0.023,35000.0,2
953,Petal,1,ZONE_FACULTY_BIOSPHERE,Faculty of Biosphere & Marine Biology,0.8333,-0.875,69357.23,63707.99,1334.24,94176.07,42.57,62941.5,-0.6734,0.7389,0.0229,35000.0,2
954,Petal,1,ZONE_FACULTY_BIOSPHERE,Faculty of Biosphere & Marine Biology,0.8333,-0.75,68953.71,64111.51,1643.64,94153.6,42.92,62941.5,-0.6727,0.7395,0.0229,35000.0,2
955,Petal,1,ZONE_FACULTY_BIOSPHERE,Faculty of Biosphere & Marine Biology,0.8333,-0.625,68550.19,64515.02,1921.17,94134.57,43.26,62941.5,-0.6721,0.7401,0.0229,35000.0,2
956,Petal,1,ZONE_FACULTY_BIOSPHERE,Faculty of Biosphere & Marine Biology,0.8333,-0.5,68146.68,64918.54,2166.81,94119.0,43.61,62941.5,-0.6716,0.7406,0.0229,35000.0,2
957,Petal,1,ZONE_FACULTY_BIOSPHERE,Faculty of Biosphere & Marine Biology,0.8333,-0.375,67743.16,65322.06,2380.56,94106.89,43.96,62941.5,-0.6712,0.741,0.0228,35000.0,2
958,Petal,1,ZONE_FACULTY_BIOSPHERE,Faculty of Biosphere & Marine Biology,0.8333,-0.25,67339.64,65725.57,2562.44,94098.24,44.31,62941.5,-0.6708,0.7413,0.0228,35000.0,2
959,Petal,1,ZONE_FACULTY_BIOSPHERE,Faculty of Biosphere & Marine Biology,0.8333,-0.125,66936.13,66129.09,2712.43,94093.05,44.65,62941.5,-0.6705,0.7415,0.0228,35000.0,2
960,Petal,1,ZONE_FACULTY_BIOSPHERE,Faculty of Biosphere & Marine Biology,0.8333,0.0,66532.61,66532.61,2830.55,94091.32,45.0,62941.5,-0.6706,0.7415,0.0225,35000.0,2
961,Petal,1,ZONE_FACULTY_BIOSPHERE,Faculty of Biosphere & Marine Biology,0.8333,0.125,66129.09,66936.13,2712.43,94093.05,45.35,62941.5,-0.6709,0.7412,0.0225,35000.0,2
962,Petal,1,ZONE_FACULTY_BIOSPHERE,Faculty of Biosphere & Marine Biology,0.8333,0.25,65725.57,67339.64,2562.44,94098.24,45.69,62941.5,-0.6713,0.7408,0.0225,35000.0,2
963,Petal,1,ZONE_FACULTY_BIOSPHERE,Faculty of Biosphere & Marine Biology,0.8333,0.375,65322.06,67743.16,2380.56,94106.89,46.04,62941.5,-0.6717,0.7404,0.0225,35000.0,2
964,Petal,1,ZONE_FACULTY_BIOSPHERE,Faculty of Biosphere & Marine Biology,0.8333,0.5,64918.54,68146.68,2166.81,94119.0,46.39,62941.5,-0.6723,0.74,0.0224,35000.0,2
965,Petal,1,ZONE_FACULTY_BIOSPHERE,Faculty of Biosphere & Marine Biology,0.8333,0.625,64515.02,68550.19,1921.17,94134.57,46.74,62941.5,-0.6729,0.7394,0.0224,35000.0,2
966,Petal,1,ZONE_FACULTY_BIOSPHERE,Faculty of Biosphere & Marine Biology,0.8333,0.75,64111.51,68953.71,1643.64,94153.6,47.08,62941.5,-0.6735,0.7388,0.0224,35000.0,2
967,Petal,1,ZONE_FACULTY_BIOSPHERE,Faculty of Biosphere & Marine Biology,0.8333,0.875,63707.99,69357.23,1334.24,94176.07,47.43,62941.5,-0.6743,0.7382,0.0224,35000.0,2
968,Petal,1,ZONE_CLEARANCE_WATERWAY,Faculty of Biosphere & Marine Biology,0.8333,1.0,63304.47,69760.74,992.95,94202.01,47.78,62941.5,-0.6746,0.7378,0.0226,35000.0,2
969,Petal,1,ZONE_CLEARANCE_WATERWAY,Faculty of Biosphere & Marine Biology,0.8667,-1.0,71227.6,66311.7,903.97,97317.07,42.95,67543.58,-0.6822,0.7308,0.0235,35000.0,2
970,Petal,1,ZONE_HARBOR_BERTH,Faculty of Biosphere & Marine Biology,0.8667,-0.875,70920.35,66618.94,1107.01,97302.52,43.21,67543.58,-0.6816,0.7313,0.0234,35000.0,2
971,Petal,1,ZONE_HARBOR_BERTH,Faculty of Biosphere & Marine Biology,0.8667,-0.75,70613.11,66926.19,1291.5,97289.91,43.46,67543.58,-0.6811,0.7319,0.0234,35000.0,2
972,Petal,1,ZONE_HARBOR_BERTH,Faculty of Biosphere & Marine Biology,0.8667,-0.625,70305.87,67233.43,1457.44,97279.23,43.72,67543.58,-0.6806,0.7323,0.0234,35000.0,2
973,Petal,1,ZONE_HARBOR_BERTH,Faculty of Biosphere & Marine Biology,0.8667,-0.5,69998.62,67540.67,1604.83,97270.5,43.98,67543.58,-0.6801,0.7327,0.0234,35000.0,2
974,Petal,1,ZONE_HARBOR_BERTH,Faculty of Biosphere & Marine Biology,0.8667,-0.375,69691.38,67847.92,1733.66,97263.71,44.23,67543.58,-0.6798,0.733,0.0233,35000.0,2
975,Petal,1,ZONE_HARBOR_BERTH,Faculty of Biosphere & Marine Biology,0.8667,-0.25,69384.14,68155.16,1843.94,97258.85,44.49,67543.58,-0.6795,0.7333,0.0233,35000.0,2
976,Petal,1,ZONE_HARBOR_BERTH,Faculty of Biosphere & Marine Biology,0.8667,-0.125,69076.89,68462.41,1935.68,97255.94,44.74,67543.58,-0.6792,0.7336,0.0233,35000.0,2
977,Petal,1,ZONE_HARBOR_BERTH,Faculty of Biosphere & Marine Biology,0.8667,0.0,68769.65,68769.65,2008.86,97254.97,45.0,67543.58,-0.6792,0.7335,0.0231,35000.0,2
978,Petal,1,ZONE_HARBOR_BERTH,Faculty of Biosphere & Marine Biology,0.8667,0.125,68462.41,69076.89,1935.68,97255.94,45.26,67543.58,-0.6795,0.7333,0.0231,35000.0,2
979,Petal,1,ZONE_HARBOR_BERTH,Faculty of Biosphere & Marine Biology,0.8667,0.25,68155.16,69384.14,1843.94,97258.85,45.51,67543.58,-0.6798,0.7331,0.0231,35000.0,2
980,Petal,1,ZONE_HARBOR_BERTH,Faculty of Biosphere & Marine Biology,0.8667,0.375,67847.92,69691.38,1733.66,97263.71,45.77,67543.58,-0.6801,0.7327,0.023,35000.0,2
981,Petal,1,ZONE_HARBOR_BERTH,Faculty of Biosphere & Marine Biology,0.8667,0.5,67540.67,69998.62,1604.83,97270.5,46.02,67543.58,-0.6805,0.7323,0.023,35000.0,2
982,Petal,1,ZONE_HARBOR_BERTH,Faculty of Biosphere & Marine Biology,0.8667,0.625,67233.43,70305.87,1457.44,97279.23,46.28,67543.58,-0.681,0.7319,0.023,35000.0,2
983,Petal,1,ZONE_HARBOR_BERTH,Faculty of Biosphere & Marine Biology,0.8667,0.75,66926.19,70613.11,1291.5,97289.91,46.54,67543.58,-0.6816,0.7314,0.023,35000.0,2
984,Petal,1,ZONE_HARBOR_BERTH,Faculty of Biosphere & Marine Biology,0.8667,0.875,66618.94,70920.35,1107.01,97302.52,46.79,67543.58,-0.6821,0.7309,0.023,35000.0,2
985,Petal,1,ZONE_CLEARANCE_WATERWAY,Faculty of Biosphere & Marine Biology,0.8667,1.0,66311.7,71227.6,903.97,97317.07,47.05,67543.58,-0.6825,0.7305,0.0232,35000.0,2
986,Petal,1,ZONE_CLEARANCE_WATERWAY,Faculty of Biosphere & Marine Biology,0.9,-1.0,72736.71,69276.67,686.49,100448.42,43.6,72026.13,-0.6896,0.7237,0.0255,35000.0,2
987,Petal,1,ZONE_HARBOR_BERTH,Faculty of Biosphere & Marine Biology,0.9,-0.875,72520.46,69492.92,785.44,100441.44,43.78,72026.13,-0.6892,0.7241,0.0255,35000.0,2
988,Petal,1,ZONE_HARBOR_BERTH,Faculty of Biosphere & Marine Biology,0.9,-0.75,72304.21,69709.17,875.63,100435.39,43.95,72026.13,-0.6888,0.7245,0.0255,35000.0,2
989,Petal,1,ZONE_HARBOR_BERTH,Faculty of Biosphere & Marine Biology,0.9,-0.625,72087.95,69925.43,957.06,100430.26,44.13,72026.13,-0.6884,0.7249,0.0254,35000.0,2
990,Petal,1,ZONE_HARBOR_BERTH,Faculty of Biosphere & Marine Biology,0.9,-0.5,71871.7,70141.68,1029.72,100426.07,44.3,72026.13,-0.6881,0.7252,0.0254,35000.0,2
991,Petal,1,ZONE_HARBOR_BERTH,Faculty of Biosphere & Marine Biology,0.9,-0.375,71655.45,70357.93,1093.62,100422.81,44.48,72026.13,-0.6878,0.7254,0.0254,35000.0,2
992,Petal,1,ZONE_HARBOR_BERTH,Faculty of Biosphere & Marine Biology,0.9,-0.25,71439.19,70574.18,1148.76,100420.49,44.65,72026.13,-0.6876,0.7256,0.0254,35000.0,2
993,Petal,1,ZONE_HARBOR_BERTH,Faculty of Biosphere & Marine Biology,0.9,-0.125,71222.94,70790.44,1195.14,100419.09,44.83,72026.13,-0.6874,0.7258,0.0254,35000.0,2
994,Petal,1,ZONE_HARBOR_BERTH,Faculty of Biosphere & Marine Biology,0.9,0.0,71006.69,71006.69,1232.75,100418.62,45.0,72026.13,-0.6874,0.7259,0.0252,35000.0,2
995,Petal,1,ZONE_HARBOR_BERTH,Faculty of Biosphere & Marine Biology,0.9,0.125,70790.44,71222.94,1195.14,100419.09,45.17,72026.13,-0.6875,0.7257,0.0252,35000.0,2
996,Petal,1,ZONE_HARBOR_BERTH,Faculty of Biosphere & Marine Biology,0.9,0.25,70574.18,71439.19,1148.76,100420.49,45.35,72026.13,-0.6878,0.7255,0.0252,35000.0,2
997,Petal,1,ZONE_HARBOR_BERTH,Faculty of Biosphere & Marine Biology,0.9,0.375,70357.93,71655.45,1093.62,100422.81,45.52,72026.13,-0.688,0.7252,0.0252,35000.0,2
998,Petal,1,ZONE_HARBOR_BERTH,Faculty of Biosphere & Marine Biology,0.9,0.5,70141.68,71871.7,1029.72,100426.07,45.7,72026.13,-0.6883,0.725,0.0251,35000.0,2
999,Petal,1,ZONE_HARBOR_BERTH,Faculty of Biosphere & Marine Biology,0.9,0.625,69925.43,72087.95,957.06,100430.26,45.87,72026.13,-0.6887,0.7246,0.0251,35000.0,2
1000,Petal,1,ZONE_HARBOR_BERTH,Faculty of Biosphere & Marine Biology,0.9,0.75,69709.17,72304.21,875.63,100435.39,46.05,72026.13,-0.6891,0.7243,0.0251,35000.0,2
1001,Petal,1,ZONE_HARBOR_BERTH,Faculty of Biosphere & Marine Biology,0.9,0.875,69492.92,72520.46,785.44,100441.44,46.22,72026.13,-0.6895,0.7239,0.0251,35000.0,2
1002,Petal,1,ZONE_CLEARANCE_WATERWAY,Faculty of Biosphere & Marine Biology,0.9,1.0,69276.67,72736.71,686.49,100448.42,46.4,72026.13,-0.6898,0.7236,0.0253,35000.0,2
1003,Petal,1,ZONE_CLEARANCE_WATERWAY,Faculty of Biosphere & Marine Biology,0.9333,-1.0,74299.74,72187.72,396.26,103593.04,44.17,76356.19,-0.6963,0.7171,0.0308,35000.0,2
1004,Petal,1,ZONE_HARBOR_BERTH,Faculty of Biosphere & Marine Biology,0.9333,-0.875,74167.74,72319.72,430.28,103590.52,44.28,76356.19,-0.696,0.7174,0.0307,35000.0,2
1005,Petal,1,ZONE_HARBOR_BERTH,Faculty of Biosphere & Marine Biology,0.9333,-0.75,74035.74,72451.72,461.44,103588.33,44.38,76356.19,-0.6958,0.7176,0.0307,35000.0,2
1006,Petal,1,ZONE_HARBOR_BERTH,Faculty of Biosphere & Marine Biology,0.9333,-0.625,73903.74,72583.72,489.73,103586.48,44.48,76356.19,-0.6955,0.7178,0.0307,35000.0,2
1007,Petal,1,ZONE_HARBOR_BERTH,Faculty of Biosphere & Marine Biology,0.9333,-0.5,73771.73,72715.73,515.14,103584.97,44.59,76356.19,-0.6953,0.718,0.0307,35000.0,2
1008,Petal,1,ZONE_HARBOR_BERTH,Faculty of Biosphere & Marine Biology,0.9333,-0.375,73639.73,72847.73,537.69,103583.79,44.69,76356.19,-0.6952,0.7182,0.0307,35000.0,2
1009,Petal,1,ZONE_HARBOR_BERTH,Faculty of Biosphere & Marine Biology,0.9333,-0.25,73507.73,72979.73,557.37,103582.95,44.79,76356.19,-0.695,0.7183,0.0307,35000.0,2
1010,Petal,1,ZONE_HARBOR_BERTH,Faculty of Biosphere & Marine Biology,0.9333,-0.125,73375.73,73111.73,574.18,103582.44,44.9,76356.19,-0.6949,0.7185,0.0307,35000.0,2
1011,Petal,1,ZONE_HARBOR_BERTH,Faculty of Biosphere & Marine Biology,0.9333,0.0,73243.73,73243.73,588.11,103582.28,45.0,76356.19,-0.6948,0.7185,0.0305,35000.0,2
1012,Petal,1,ZONE_HARBOR_BERTH,Faculty of Biosphere & Marine Biology,0.9333,0.125,73111.73,73375.73,574.18,103582.44,45.1,76356.19,-0.695,0.7184,0.0305,35000.0,2
1013,Petal,1,ZONE_HARBOR_BERTH,Faculty of Biosphere & Marine Biology,0.9333,0.25,72979.73,73507.73,557.37,103582.95,45.21,76356.19,-0.6951,0.7183,0.0305,35000.0,2
1014,Petal,1,ZONE_HARBOR_BERTH,Faculty of Biosphere & Marine Biology,0.9333,0.375,72847.73,73639.73,537.69,103583.79,45.31,76356.19,-0.6953,0.7181,0.0305,35000.0,2
1015,Petal,1,ZONE_HARBOR_BERTH,Faculty of Biosphere & Marine Biology,0.9333,0.5,72715.73,73771.73,515.14,103584.97,45.41,76356.19,-0.6954,0.7179,0.0305,35000.0,2
1016,Petal,1,ZONE_HARBOR_BERTH,Faculty of Biosphere & Marine Biology,0.9333,0.625,72583.72,73903.74,489.73,103586.48,45.52,76356.19,-0.6956,0.7177,0.0304,35000.0,2
1017,Petal,1,ZONE_HARBOR_BERTH,Faculty of Biosphere & Marine Biology,0.9333,0.75,72451.72,74035.74,461.44,103588.33,45.62,76356.19,-0.6959,0.7175,0.0304,35000.0,2
1018,Petal,1,ZONE_HARBOR_BERTH,Faculty of Biosphere & Marine Biology,0.9333,0.875,72319.72,74167.74,430.28,103590.52,45.72,76356.19,-0.6961,0.7173,0.0304,35000.0,2
1019,Petal,1,ZONE_CLEARANCE_WATERWAY,Faculty of Biosphere & Marine Biology,0.9333,1.0,72187.72,74299.74,396.26,103593.04,45.83,76356.19,-0.6964,0.717,0.0306,35000.0,2
1020,Petal,1,ZONE_CLEARANCE_WATERWAY,Faculty of Biosphere & Marine Biology,0.9667,-1.0,75936.7,75024.83,124.82,106747.88,44.65,80477.11,-0.7018,0.7108,0.047,35000.0,2
1021,Petal,1,ZONE_HARBOR_BERTH,Faculty of Biosphere & Marine Biology,0.9667,-0.875,75879.71,75081.83,129.94,106747.42,44.7,80477.11,-0.7017,0.7109,0.047,35000.0,2
1022,Petal,1,ZONE_HARBOR_BERTH,Faculty of Biosphere & Marine Biology,0.9667,-0.75,75822.72,75138.82,134.66,106747.02,44.74,80477.11,-0.7016,0.711,0.047,35000.0,2
1023,Petal,1,ZONE_HARBOR_BERTH,Faculty of Biosphere & Marine Biology,0.9667,-0.625,75765.73,75195.81,138.99,106746.69,44.78,80477.11,-0.7015,0.7111,0.047,35000.0,2
1024,Petal,1,ZONE_HARBOR_BERTH,Faculty of Biosphere & Marine Biology,0.9667,-0.5,75708.74,75252.8,142.93,106746.42,44.83,80477.11,-0.7014,0.7112,0.047,35000.0,2
1025,Petal,1,ZONE_HARBOR_BERTH,Faculty of Biosphere & Marine Biology,0.9667,-0.375,75651.75,75309.79,146.47,106746.2,44.87,80477.11,-0.7013,0.7113,0.047,35000.0,2
1026,Petal,1,ZONE_HARBOR_BERTH,Faculty of Biosphere & Marine Biology,0.9667,-0.25,75594.75,75366.79,149.62,106746.05,44.91,80477.11,-0.7012,0.7114,0.047,35000.0,2
1027,Petal,1,ZONE_HARBOR_BERTH,Faculty of Biosphere & Marine Biology,0.9667,-0.125,75537.76,75423.78,152.38,106745.96,44.96,80477.11,-0.7012,0.7114,0.047,35000.0,2
1028,Petal,1,ZONE_HARBOR_BERTH,Faculty of Biosphere & Marine Biology,0.9667,0.0,75480.77,75480.77,154.75,106745.93,45.0,80477.11,-0.7012,0.7115,0.0468,35000.0,2
1029,Petal,1,ZONE_HARBOR_BERTH,Faculty of Biosphere & Marine Biology,0.9667,0.125,75423.78,75537.76,152.38,106745.96,45.04,80477.11,-0.7012,0.7114,0.0468,35000.0,2
1030,Petal,1,ZONE_HARBOR_BERTH,Faculty of Biosphere & Marine Biology,0.9667,0.25,75366.79,75594.75,149.62,106746.05,45.09,80477.11,-0.7013,0.7114,0.0468,35000.0,2
1031,Petal,1,ZONE_HARBOR_BERTH,Faculty of Biosphere & Marine Biology,0.9667,0.375,75309.79,75651.75,146.47,106746.2,45.13,80477.11,-0.7013,0.7113,0.0468,35000.0,2
1032,Petal,1,ZONE_HARBOR_BERTH,Faculty of Biosphere & Marine Biology,0.9667,0.5,75252.8,75708.74,142.93,106746.42,45.17,80477.11,-0.7014,0.7112,0.0468,35000.0,2
1033,Petal,1,ZONE_HARBOR_BERTH,Faculty of Biosphere & Marine Biology,0.9667,0.625,75195.81,75765.73,138.99,106746.69,45.22,80477.11,-0.7015,0.7111,0.0468,35000.0,2
1034,Petal,1,ZONE_HARBOR_BERTH,Faculty of Biosphere & Marine Biology,0.9667,0.75,75138.82,75822.72,134.66,106747.02,45.26,80477.11,-0.7016,0.711,0.0468,35000.0,2
1035,Petal,1,ZONE_HARBOR_BERTH,Faculty of Biosphere & Marine Biology,0.9667,0.875,75081.83,75879.71,129.94,106747.42,45.3,80477.11,-0.7017,0.7109,0.0468,35000.0,2
1036,Petal,1,ZONE_CLEARANCE_WATERWAY,Faculty of Biosphere & Marine Biology,0.9667,1.0,75024.83,75936.7,124.82,106747.88,45.35,80477.11,-0.7018,0.7108,0.0469,35000.0,2
1037,Petal,1,ZONE_CLEARANCE_WATERWAY,Faculty of Biosphere & Marine Biology,1.0,-1.0,77717.81,77717.81,0.0,109909.58,45.0,84190.36,0.0,0.0,1.0,35000.0,2
1038,Petal,1,ZONE_HARBOR_BERTH,Faculty of Biosphere & Marine Biology,1.0,-0.875,77717.81,77717.81,0.0,109909.58,45.0,84190.36,0.0,-0.0,1.0,35000.0,2
1039,Petal,1,ZONE_HARBOR_BERTH,Faculty of Biosphere & Marine Biology,1.0,-0.75,77717.81,77717.81,0.0,109909.58,45.0,84190.36,0.0,-0.0,1.0,35000.0,2
1040,Petal,1,ZONE_HARBOR_BERTH,Faculty of Biosphere & Marine Biology,1.0,-0.625,77717.81,77717.81,0.0,109909.58,45.0,84190.36,0.0,-0.0,1.0,35000.0,2
1041,Petal,1,ZONE_HARBOR_BERTH,Faculty of Biosphere & Marine Biology,1.0,-0.5,77717.81,77717.81,0.0,109909.58,45.0,84190.36,0.0,-0.0,1.0,35000.0,2
1042,Petal,1,ZONE_HARBOR_BERTH,Faculty of Biosphere & Marine Biology,1.0,-0.375,77717.81,77717.81,0.0,109909.58,45.0,84190.36,0.0,-0.0,1.0,35000.0,2
1043,Petal,1,ZONE_HARBOR_BERTH,Faculty of Biosphere & Marine Biology,1.0,-0.25,77717.81,77717.81,0.0,109909.58,45.0,84190.36,0.0,-0.0,1.0,35000.0,2
1044,Petal,1,ZONE_HARBOR_BERTH,Faculty of Biosphere & Marine Biology,1.0,-0.125,77717.81,77717.81,0.0,109909.58,45.0,84190.36,0.0,-0.0,1.0,35000.0,2
1045,Petal,1,ZONE_HARBOR_BERTH,Faculty of Biosphere & Marine Biology,1.0,0.0,77717.81,77717.81,0.0,109909.58,45.0,84190.36,0.0,-0.0,1.0,35000.0,2
1046,Petal,1,ZONE_HARBOR_BERTH,Faculty of Biosphere & Marine Biology,1.0,0.125,77717.81,77717.81,0.0,109909.58,45.0,84190.36,0.0,-0.0,1.0,35000.0,2
1047,Petal,1,ZONE_HARBOR_BERTH,Faculty of Biosphere & Marine Biology,1.0,0.25,77717.81,77717.81,0.0,109909.58,45.0,84190.36,0.0,-0.0,1.0,35000.0,2
1048,Petal,1,ZONE_HARBOR_BERTH,Faculty of Biosphere & Marine Biology,1.0,0.375,77717.81,77717.81,0.0,109909.58,45.0,84190.36,0.0,-0.0,1.0,35000.0,2
1049,Petal,1,ZONE_HARBOR_BERTH,Faculty of Biosphere & Marine Biology,1.0,0.5,77717.81,77717.81,0.0,109909.58,45.0,84190.36,0.0,-0.0,1.0,35000.0,2
1050,Petal,1,ZONE_HARBOR_BERTH,Faculty of Biosphere & Marine Biology,1.0,0.625,77717.81,77717.81,0.0,109909.58,45.0,84190.36,0.0,-0.0,1.0,35000.0,2
1051,Petal,1,ZONE_HARBOR_BERTH,Faculty of Biosphere & Marine Biology,1.0,0.75,77717.81,77717.81,0.0,109909.58,45.0,84190.36,0.0,-0.0,1.0,35000.0,2
1052,Petal,1,ZONE_HARBOR_BERTH,Faculty of Biosphere & Marine Biology,1.0,0.875,77717.81,77717.81,0.0,109909.58,45.0,84190.36,0.0,-0.0,1.0,35000.0,2
1053,Petal,1,ZONE_CLEARANCE_WATERWAY,Faculty of Biosphere & Marine Biology,1.0,1.0,77717.81,77717.81,0.0,109909.58,45.0,84190.36,0.0,0.0,1.0,35000.0,2
1054,Petal,2,ZONE_CLEARANCE_WATERWAY,Faculty of Geo-Atmospheric Stabilization,0.0,-1.0,0.0,15000.0,0.0,15000.0,90.0,11480.5,0.0,0.115,0.9934,35000.0,3
1055,Petal,2,ZONE_FACULTY_CLIMATE,Faculty of Geo-Atmospheric Stabilization,0.0,-0.875,0.0,15000.0,0.0,15000.0,90.0,11480.5,0.0,0.058,0.9983,35000.0,3
1056,Petal,2,ZONE_FACULTY_CLIMATE,Faculty of Geo-Atmospheric Stabilization,0.0,-0.75,0.0,15000.0,0.0,15000.0,90.0,11480.5,0.0,0.004,1.0,35000.0,3
1057,Petal,2,ZONE_FACULTY_CLIMATE,Faculty of Geo-Atmospheric Stabilization,0.0,-0.625,0.0,15000.0,0.0,15000.0,90.0,11480.5,-0.0,-0.0463,0.9989,35000.0,3
1058,Petal,2,ZONE_FACULTY_CLIMATE,Faculty of Geo-Atmospheric Stabilization,0.0,-0.5,0.0,15000.0,0.0,15000.0,90.0,11480.5,-0.0,-0.0928,0.9957,35000.0,3
1059,Petal,2,ZONE_FACULTY_CLIMATE,Faculty of Geo-Atmospheric Stabilization,0.0,-0.375,0.0,15000.0,0.0,15000.0,90.0,11480.5,-0.0,-0.1351,0.9908,35000.0,3
1060,Petal,2,ZONE_FACULTY_CLIMATE,Faculty of Geo-Atmospheric Stabilization,0.0,-0.25,0.0,15000.0,0.0,15000.0,90.0,11480.5,-0.0,-0.1733,0.9849,35000.0,3
1061,Petal,2,ZONE_FACULTY_CLIMATE,Faculty of Geo-Atmospheric Stabilization,0.0,-0.125,0.0,15000.0,0.0,15000.0,90.0,11480.5,-0.0,-0.2073,0.9783,35000.0,3
1062,Petal,2,ZONE_FACULTY_CLIMATE,Faculty of Geo-Atmospheric Stabilization,0.0,0.0,0.0,15000.0,0.0,15000.0,90.0,11480.5,-0.0,-0.2373,0.9714,35000.0,3
1063,Petal,2,ZONE_FACULTY_CLIMATE,Faculty of Geo-Atmospheric Stabilization,0.0,0.125,0.0,15000.0,0.0,15000.0,90.0,11480.5,-0.0,-0.2073,0.9783,35000.0,3
1064,Petal,2,ZONE_FACULTY_CLIMATE,Faculty of Geo-Atmospheric Stabilization,0.0,0.25,0.0,15000.0,0.0,15000.0,90.0,11480.5,-0.0,-0.1733,0.9849,35000.0,3
1065,Petal,2,ZONE_FACULTY_CLIMATE,Faculty of Geo-Atmospheric Stabilization,0.0,0.375,0.0,15000.0,0.0,15000.0,90.0,11480.5,-0.0,-0.1351,0.9908,35000.0,3
1066,Petal,2,ZONE_FACULTY_CLIMATE,Faculty of Geo-Atmospheric Stabilization,0.0,0.5,0.0,15000.0,0.0,15000.0,90.0,11480.5,-0.0,-0.0928,0.9957,35000.0,3
1067,Petal,2,ZONE_FACULTY_CLIMATE,Faculty of Geo-Atmospheric Stabilization,0.0,0.625,0.0,15000.0,0.0,15000.0,90.0,11480.5,-0.0,-0.0463,0.9989,35000.0,3
1068,Petal,2,ZONE_FACULTY_CLIMATE,Faculty of Geo-Atmospheric Stabilization,0.0,0.75,0.0,15000.0,0.0,15000.0,90.0,11480.5,0.0,0.004,1.0,35000.0,3
1069,Petal,2,ZONE_FACULTY_CLIMATE,Faculty of Geo-Atmospheric Stabilization,0.0,0.875,0.0,15000.0,0.0,15000.0,90.0,11480.5,0.0,0.058,0.9983,35000.0,3
1070,Petal,2,ZONE_CLEARANCE_WATERWAY,Faculty of Geo-Atmospheric Stabilization,0.0,1.0,0.0,15000.0,0.0,15000.0,90.0,11480.5,0.0,0.115,0.9934,35000.0,3
1071,Petal,2,ZONE_CLEARANCE_WATERWAY,Faculty of Geo-Atmospheric Stabilization,0.0333,-1.0,4702.08,18163.65,-227.72,18762.41,75.49,4500.0,-0.9328,0.0908,0.3487,35000.0,3
1072,Petal,2,ZONE_FACULTY_CLIMATE,Faculty of Geo-Atmospheric Stabilization,0.0333,-0.875,4114.32,18163.65,-78.61,18623.8,77.24,4500.0,-0.9348,0.0767,0.3469,35000.0,3
1073,Petal,2,ZONE_FACULTY_CLIMATE,Faculty of Geo-Atmospheric Stabilization,0.0333,-0.75,3526.56,18163.65,59.06,18502.84,79.01,4500.0,-0.9364,0.064,0.345,35000.0,3
1074,Petal,2,ZONE_FACULTY_CLIMATE,Faculty of Geo-Atmospheric Stabilization,0.0333,-0.625,2938.8,18163.65,185.31,18399.86,80.81,4500.0,-0.9378,0.0526,0.3431,35000.0,3
1075,Petal,2,ZONE_FACULTY_CLIMATE,Faculty of Geo-Atmospheric Stabilization,0.0333,-0.5,2351.04,18163.65,300.12,18315.18,82.62,4500.0,-0.9391,0.0426,0.3411,35000.0,3
1076,Petal,2,ZONE_FACULTY_CLIMATE,Faculty of Geo-Atmospheric Stabilization,0.0333,-0.375,1763.28,18163.65,403.5,18249.04,84.46,4500.0,-0.9401,0.0339,0.3391,35000.0,3
1077,Petal,2,ZONE_FACULTY_CLIMATE,Faculty of Geo-Atmospheric Stabilization,0.0333,-0.25,1175.52,18163.65,495.44,18201.65,86.3,4500.0,-0.9411,0.0265,0.3371,35000.0,3
1078,Petal,2,ZONE_FACULTY_CLIMATE,Faculty of Geo-Atmospheric Stabilization,0.0333,-0.125,587.76,18163.65,575.95,18173.16,88.15,4500.0,-0.942,0.0204,0.3351,35000.0,3
1079,Petal,2,ZONE_FACULTY_CLIMATE,Faculty of Geo-Atmospheric Stabilization,0.0333,0.0,0.0,18163.65,645.03,18163.65,90.0,4500.0,-0.95,0.0146,0.3119,35000.0,3
1080,Petal,2,ZONE_FACULTY_CLIMATE,Faculty of Geo-Atmospheric Stabilization,0.0333,0.125,-587.76,18163.65,575.95,18173.16,91.85,4500.0,-0.9505,0.0189,0.3101,35000.0,3
1081,Petal,2,ZONE_FACULTY_CLIMATE,Faculty of Geo-Atmospheric Stabilization,0.0333,0.25,-1175.52,18163.65,495.44,18201.65,93.7,4500.0,-0.951,0.0242,0.3083,35000.0,3
1082,Petal,2,ZONE_FACULTY_CLIMATE,Faculty of Geo-Atmospheric Stabilization,0.0333,0.375,-1763.28,18163.65,403.5,18249.04,95.54,4500.0,-0.9514,0.0306,0.3065,35000.0,3
1083,Petal,2,ZONE_FACULTY_CLIMATE,Faculty of Geo-Atmospheric Stabilization,0.0333,0.5,-2351.04,18163.65,300.12,18315.18,97.38,4500.0,-0.9517,0.038,0.3046,35000.0,3
1084,Petal,2,ZONE_FACULTY_CLIMATE,Faculty of Geo-Atmospheric Stabilization,0.0333,0.625,-2938.8,18163.65,185.31,18399.86,99.19,4500.0,-0.9519,0.0464,0.3028,35000.0,3
1085,Petal,2,ZONE_FACULTY_CLIMATE,Faculty of Geo-Atmospheric Stabilization,0.0333,0.75,-3526.56,18163.65,59.06,18502.84,100.99,4500.0,-0.952,0.0558,0.301,35000.0,3
1086,Petal,2,ZONE_FACULTY_CLIMATE,Faculty of Geo-Atmospheric Stabilization,0.0333,0.875,-4114.32,18163.65,-78.61,18623.8,102.76,4500.0,-0.9519,0.0661,0.2991,35000.0,3
1087,Petal,2,ZONE_CLEARANCE_WATERWAY,Faculty of Geo-Atmospheric Stabilization,0.0333,1.0,-4702.08,18163.65,-227.72,18762.41,104.51,4500.0,-0.9433,0.0836,0.3211,35000.0,3
1088,Petal,2,ZONE_CLEARANCE_WATERWAY,Faculty of Geo-Atmospheric Stabilization,0.0667,-1.0,5913.91,21327.31,-451.43,22132.07,74.5,4500.0,-0.9699,0.0912,0.2259,35000.0,3
1089,Petal,2,ZONE_FACULTY_CLIMATE,Faculty of Geo-Atmospheric Stabilization,0.0667,-0.875,5174.67,21327.31,-181.81,21946.1,76.36,4500.0,-0.971,0.0825,0.2246,35000.0,3
1090,Petal,2,ZONE_FACULTY_CLIMATE,Faculty of Geo-Atmospheric Stabilization,0.0667,-0.75,4435.43,21327.31,65.08,21783.64,78.25,4500.0,-0.9719,0.0747,0.2232,35000.0,3
1091,Petal,2,ZONE_FACULTY_CLIMATE,Faculty of Geo-Atmospheric Stabilization,0.0667,-0.625,3696.2,21327.31,289.22,21645.23,80.17,4500.0,-0.9727,0.0678,0.2218,35000.0,3
1092,Petal,2,ZONE_FACULTY_CLIMATE,Faculty of Geo-Atmospheric Stabilization,0.0667,-0.5,2956.96,21327.31,490.62,21531.32,82.11,4500.0,-0.9734,0.0617,0.2205,35000.0,3
1093,Petal,2,ZONE_FACULTY_CLIMATE,Faculty of Geo-Atmospheric Stabilization,0.0667,-0.375,2217.72,21327.31,669.29,21442.3,84.06,4500.0,-0.9741,0.0565,0.2191,35000.0,3
1094,Petal,2,ZONE_FACULTY_CLIMATE,Faculty of Geo-Atmospheric Stabilization,0.0667,-0.25,1478.48,21327.31,825.21,21378.49,86.03,4500.0,-0.9746,0.0521,0.2177,35000.0,3
1095,Petal,2,ZONE_FACULTY_CLIMATE,Faculty of Geo-Atmospheric Stabilization,0.0667,-0.125,739.24,21327.31,958.39,21340.11,88.01,4500.0,-0.9751,0.0485,0.2163,35000.0,3
1096,Petal,2,ZONE_FACULTY_CLIMATE,Faculty of Geo-Atmospheric Stabilization,0.0667,0.0,0.0,21327.31,1068.84,21327.31,90.0,4500.0,-0.9781,0.0433,0.2035,35000.0,3
1097,Petal,2,ZONE_FACULTY_CLIMATE,Faculty of Geo-Atmospheric Stabilization,0.0667,0.125,-739.24,21327.31,958.39,21340.11,91.99,4500.0,-0.9783,0.0454,0.2022,35000.0,3
1098,Petal,2,ZONE_FACULTY_CLIMATE,Faculty of Geo-Atmospheric Stabilization,0.0667,0.25,-1478.48,21327.31,825.21,21378.49,93.97,4500.0,-0.9784,0.0481,0.201,35000.0,3
1099,Petal,2,ZONE_FACULTY_CLIMATE,Faculty of Geo-Atmospheric Stabilization,0.0667,0.375,-2217.72,21327.31,669.29,21442.3,95.94,4500.0,-0.9785,0.0515,0.1997,35000.0,3
1100,Petal,2,ZONE_FACULTY_CLIMATE,Faculty of Geo-Atmospheric Stabilization,0.0667,0.5,-2956.96,21327.31,490.62,21531.32,97.89,4500.0,-0.9785,0.0556,0.1985,35000.0,3
1101,Petal,2,ZONE_FACULTY_CLIMATE,Faculty of Geo-Atmospheric Stabilization,0.0667,0.625,-3696.2,21327.31,289.22,21645.23,99.83,4500.0,-0.9785,0.0603,0.1973,35000.0,3
1102,Petal,2,ZONE_FACULTY_CLIMATE,Faculty of Geo-Atmospheric Stabilization,0.0667,0.75,-4435.43,21327.31,65.08,21783.64,101.75,4500.0,-0.9784,0.0656,0.196,35000.0,3
1103,Petal,2,ZONE_FACULTY_CLIMATE,Faculty of Geo-Atmospheric Stabilization,0.0667,0.875,-5174.67,21327.31,-181.81,21946.1,103.64,4500.0,-0.9782,0.0716,0.1948,35000.0,3
1104,Petal,2,ZONE_CLEARANCE_WATERWAY,Faculty of Geo-Atmospheric Stabilization,0.0667,1.0,-5913.91,21327.31,-451.43,22132.07,105.5,4500.0,-0.9744,0.0842,0.2086,35000.0,3
1105,Petal,2,ZONE_CLEARANCE_WATERWAY,Faculty of Geo-Atmospheric Stabilization,0.1,-1.0,7125.74,24490.96,-667.18,25506.53,73.78,4500.0,-0.9782,0.0994,0.1822,35000.0,3
1106,Petal,2,ZONE_FACULTY_CLIMATE,Faculty of Geo-Atmospheric Stabilization,0.1,-0.875,6235.03,24490.96,-285.5,25272.17,75.72,4500.0,-0.9791,0.0927,0.1811,35000.0,3
1107,Petal,2,ZONE_FACULTY_CLIMATE,Faculty of Geo-Atmospheric Stabilization,0.1,-0.75,5344.31,24490.96,62.37,25067.28,77.69,4500.0,-0.9799,0.0866,0.1799,35000.0,3
1108,Petal,2,ZONE_FACULTY_CLIMATE,Faculty of Geo-Atmospheric Stabilization,0.1,-0.625,4453.59,24490.96,376.44,24892.6,79.69,4500.0,-0.9805,0.0812,0.1788,35000.0,3
1109,Petal,2,ZONE_FACULTY_CLIMATE,Faculty of Geo-Atmospheric Stabilization,0.1,-0.5,3562.87,24490.96,656.72,24748.76,81.72,4500.0,-0.9811,0.0765,0.1777,35000.0,3
1110,Petal,2,ZONE_FACULTY_CLIMATE,Faculty of Geo-Atmospheric Stabilization,0.1,-0.375,2672.15,24490.96,903.19,24636.3,83.77,4500.0,-0.9816,0.0724,0.1766,35000.0,3
1111,Petal,2,ZONE_FACULTY_CLIMATE,Faculty of Geo-Atmospheric Stabilization,0.1,-0.25,1781.44,24490.96,1115.87,24555.66,85.84,4500.0,-0.9821,0.069,0.1755,35000.0,3
1112,Petal,2,ZONE_FACULTY_CLIMATE,Faculty of Geo-Atmospheric Stabilization,0.1,-0.125,890.72,24490.96,1294.75,24507.15,87.92,4500.0,-0.9825,0.0662,0.1743,35000.0,3
1113,Petal,2,ZONE_FACULTY_CLIMATE,Faculty of Geo-Atmospheric Stabilization,0.1,0.0,0.0,24490.96,1439.83,24490.96,90.0,4500.0,-0.9844,0.0611,0.1651,35000.0,3
1114,Petal,2,ZONE_FACULTY_CLIMATE,Faculty of Geo-Atmospheric Stabilization,0.1,0.125,-890.72,24490.96,1294.75,24507.15,92.08,4500.0,-0.9845,0.0623,0.1641,35000.0,3
1115,Petal,2,ZONE_FACULTY_CLIMATE,Faculty of Geo-Atmospheric Stabilization,0.1,0.25,-1781.44,24490.96,1115.87,24555.66,94.16,4500.0,-0.9845,0.0641,0.1631,35000.0,3
1116,Petal,2,ZONE_FACULTY_CLIMATE,Faculty of Geo-Atmospheric Stabilization,0.1,0.375,-2672.15,24490.96,903.19,24636.3,96.23,4500.0,-0.9845,0.0665,0.1621,35000.0,3
1117,Petal,2,ZONE_FACULTY_CLIMATE,Faculty of Geo-Atmospheric Stabilization,0.1,0.5,-3562.87,24490.96,656.72,24748.76,98.28,4500.0,-0.9845,0.0693,0.1611,35000.0,3
1118,Petal,2,ZONE_FACULTY_CLIMATE,Faculty of Geo-Atmospheric Stabilization,0.1,0.625,-4453.59,24490.96,376.44,24892.6,100.31,4500.0,-0.9844,0.0727,0.1601,35000.0,3
1119,Petal,2,ZONE_FACULTY_CLIMATE,Faculty of Geo-Atmospheric Stabilization,0.1,0.75,-5344.31,24490.96,62.37,25067.28,102.31,4500.0,-0.9843,0.0765,0.1591,35000.0,3
1120,Petal,2,ZONE_FACULTY_CLIMATE,Faculty of Geo-Atmospheric Stabilization,0.1,0.875,-6235.03,24490.96,-285.5,25272.17,104.28,4500.0,-0.9841,0.0809,0.1581,35000.0,3
1121,Petal,2,ZONE_CLEARANCE_WATERWAY,Faculty of Geo-Atmospheric Stabilization,0.1,1.0,-7125.74,24490.96,-667.18,25506.53,106.22,4500.0,-0.9813,0.0921,0.1688,35000.0,3
1122,Petal,2,ZONE_CLEARANCE_WATERWAY,Faculty of Geo-Atmospheric Stabilization,0.1333,-1.0,8337.57,27654.61,-871.07,28884.12,73.22,4500.0,-0.981,0.1097,0.1598,35000.0,3
1123,Petal,2,ZONE_FACULTY_CLIMATE,Faculty of Geo-Atmospheric Stabilization,0.1333,-0.875,7295.38,27654.61,-384.17,28600.7,75.22,4500.0,-0.9818,0.104,0.1588,35000.0,3
1124,Petal,2,ZONE_FACULTY_CLIMATE,Faculty of Geo-Atmospheric Stabilization,0.1333,-0.75,6253.18,27654.61,58.24,28352.77,77.26,4500.0,-0.9825,0.0988,0.1578,35000.0,3
1125,Petal,2,ZONE_FACULTY_CLIMATE,Faculty of Geo-Atmospheric Stabilization,0.1333,-0.625,5210.98,27654.61,456.16,28141.28,79.33,4500.0,-0.9831,0.0942,0.1568,35000.0,3
1126,Petal,2,ZONE_FACULTY_CLIMATE,Faculty of Geo-Atmospheric Stabilization,0.1333,-0.5,4168.79,27654.61,809.6,27967.06,81.43,4500.0,-0.9836,0.0902,0.1559,35000.0,3
1127,Petal,2,ZONE_FACULTY_CLIMATE,Faculty of Geo-Atmospheric Stabilization,0.1333,-0.375,3126.59,27654.61,1118.55,27830.79,83.55,4500.0,-0.9841,0.0868,0.1549,35000.0,3
1128,Petal,2,ZONE_FACULTY_CLIMATE,Faculty of Geo-Atmospheric Stabilization,0.1333,-0.25,2084.39,27654.61,1383.01,27733.05,85.69,4500.0,-0.9845,0.0838,0.1539,35000.0,3
1129,Petal,2,ZONE_FACULTY_CLIMATE,Faculty of Geo-Atmospheric Stabilization,0.1333,-0.125,1042.2,27654.61,1602.98,27674.24,87.84,4500.0,-0.9849,0.0814,0.153,35000.0,3
1130,Petal,2,ZONE_FACULTY_CLIMATE,Faculty of Geo-Atmospheric Stabilization,0.1333,0.0,0.0,27654.61,1778.47,27654.61,90.0,4500.0,-0.9864,0.0762,0.1456,35000.0,3
1131,Petal,2,ZONE_FACULTY_CLIMATE,Faculty of Geo-Atmospheric Stabilization,0.1333,0.125,-1042.2,27654.61,1602.98,27674.24,92.16,4500.0,-0.9865,0.077,0.1447,35000.0,3
1132,Petal,2,ZONE_FACULTY_CLIMATE,Faculty of Geo-Atmospheric Stabilization,0.1333,0.25,-2084.39,27654.61,1383.01,27733.05,94.31,4500.0,-0.9865,0.0783,0.1438,35000.0,3
1133,Petal,2,ZONE_FACULTY_CLIMATE,Faculty of Geo-Atmospheric Stabilization,0.1333,0.375,-3126.59,27654.61,1118.55,27830.79,96.45,4500.0,-0.9865,0.08,0.1429,35000.0,3
1134,Petal,2,ZONE_FACULTY_CLIMATE,Faculty of Geo-Atmospheric Stabilization,0.1333,0.5,-4168.79,27654.61,809.6,27967.06,98.57,4500.0,-0.9864,0.0822,0.142,35000.0,3
1135,Petal,2,ZONE_FACULTY_CLIMATE,Faculty of Geo-Atmospheric Stabilization,0.1333,0.625,-5210.98,27654.61,456.16,28141.28,100.67,4500.0,-0.9864,0.0848,0.1411,35000.0,3
1136,Petal,2,ZONE_FACULTY_CLIMATE,Faculty of Geo-Atmospheric Stabilization,0.1333,0.75,-6253.18,27654.61,58.24,28352.77,102.74,4500.0,-0.9862,0.0878,0.1403,35000.0,3
1137,Petal,2,ZONE_FACULTY_CLIMATE,Faculty of Geo-Atmospheric Stabilization,0.1333,0.875,-7295.38,27654.61,-384.17,28600.7,104.78,4500.0,-0.986,0.0913,0.1394,35000.0,3
1138,Petal,2,ZONE_CLEARANCE_WATERWAY,Faculty of Geo-Atmospheric Stabilization,0.1333,1.0,-8337.57,27654.61,-871.07,28884.12,106.78,4500.0,-0.9837,0.1019,0.1484,35000.0,3
1139,Petal,2,ZONE_CLEARANCE_WATERWAY,Faculty of Geo-Atmospheric Stabilization,0.1667,-1.0,9549.41,30818.26,-1059.36,32263.86,72.78,4500.0,-0.9819,0.1207,0.1461,35000.0,3
1140,Petal,2,ZONE_FACULTY_CLIMATE,Faculty of Geo-Atmospheric Stabilization,0.1667,-0.875,8355.73,30818.26,-473.95,31930.92,74.83,4500.0,-0.9826,0.1157,0.1452,35000.0,3
1141,Petal,2,ZONE_FACULTY_CLIMATE,Faculty of Geo-Atmospheric Stabilization,0.1667,-0.75,7162.05,30818.26,56.77,31639.54,76.92,4500.0,-0.9833,0.1111,0.1443,35000.0,3
1142,Petal,2,ZONE_FACULTY_CLIMATE,Faculty of Geo-Atmospheric Stabilization,0.1667,-0.625,5968.38,30818.26,532.8,31390.87,79.04,4500.0,-0.9838,0.1071,0.1435,35000.0,3
1143,Petal,2,ZONE_FACULTY_CLIMATE,Faculty of Geo-Atmospheric Stabilization,0.1667,-0.5,4774.7,30818.26,954.15,31185.94,81.19,4500.0,-0.9844,0.1035,0.1426,35000.0,3
1144,Petal,2,ZONE_FACULTY_CLIMATE,Faculty of Geo-Atmospheric Stabilization,0.1667,-0.375,3581.03,30818.26,1320.81,31025.62,83.37,4500.0,-0.9848,0.1005,0.1417,35000.0,3
1145,Petal,2,ZONE_FACULTY_CLIMATE,Faculty of Geo-Atmospheric Stabilization,0.1667,-0.25,2387.35,30818.26,1632.78,30910.59,85.57,4500.0,-0.9852,0.0978,0.1408,35000.0,3
1146,Petal,2,ZONE_FACULTY_CLIMATE,Faculty of Geo-Atmospheric Stabilization,0.1667,-0.125,1193.68,30818.26,1890.06,30841.37,87.78,4500.0,-0.9855,0.0957,0.14,35000.0,3
1147,Petal,2,ZONE_FACULTY_CLIMATE,Faculty of Geo-Atmospheric Stabilization,0.1667,0.0,0.0,30818.26,2092.66,30818.26,90.0,4500.0,-0.9869,0.0904,0.1337,35000.0,3
1148,Petal,2,ZONE_FACULTY_CLIMATE,Faculty of Geo-Atmospheric Stabilization,0.1667,0.125,-1193.68,30818.26,1890.06,30841.37,92.22,4500.0,-0.987,0.0909,0.1329,35000.0,3
1149,Petal,2,ZONE_FACULTY_CLIMATE,Faculty of Geo-Atmospheric Stabilization,0.1667,0.25,-2387.35,30818.26,1632.78,30910.59,94.43,4500.0,-0.987,0.0918,0.1321,35000.0,3
1150,Petal,2,ZONE_FACULTY_CLIMATE,Faculty of Geo-Atmospheric Stabilization,0.1667,0.375,-3581.03,30818.26,1320.81,31025.62,96.63,4500.0,-0.987,0.0931,0.1313,35000.0,3
1151,Petal,2,ZONE_FACULTY_CLIMATE,Faculty of Geo-Atmospheric Stabilization,0.1667,0.5,-4774.7,30818.26,954.15,31185.94,98.81,4500.0,-0.9869,0.0947,0.1305,35000.0,3
1152,Petal,2,ZONE_FACULTY_CLIMATE,Faculty of Geo-Atmospheric Stabilization,0.1667,0.625,-5968.38,30818.26,532.8,31390.87,100.96,4500.0,-0.9868,0.0968,0.1297,35000.0,3
1153,Petal,2,ZONE_FACULTY_CLIMATE,Faculty of Geo-Atmospheric Stabilization,0.1667,0.75,-7162.05,30818.26,56.77,31639.54,103.08,4500.0,-0.9867,0.0992,0.1289,35000.0,3
1154,Petal,2,ZONE_FACULTY_CLIMATE,Faculty of Geo-Atmospheric Stabilization,0.1667,0.875,-8355.73,30818.26,-473.95,31930.92,105.17,4500.0,-0.9865,0.102,0.1281,35000.0,3
1155,Petal,2,ZONE_CLEARANCE_WATERWAY,Faculty of Geo-Atmospheric Stabilization,0.1667,1.0,-9549.41,30818.26,-1059.36,32263.86,107.22,4500.0,-0.9843,0.1125,0.1361,35000.0,3
1156,Petal,2,ZONE_CLEARANCE_WATERWAY,Faculty of Geo-Atmospheric Stabilization,0.2,-1.0,10761.24,33981.92,-1228.48,35645.12,72.43,4500.0,-0.9818,0.132,0.1368,35000.0,3
1157,Petal,2,ZONE_FACULTY_CLIMATE,Faculty of Geo-Atmospheric Stabilization,0.2,-0.875,9416.08,33981.92,-551.63,35262.35,74.51,4500.0,-0.9825,0.1275,0.136,35000.0,3
1158,Petal,2,ZONE_FACULTY_CLIMATE,Faculty of Geo-Atmospheric Stabilization,0.2,-0.75,8070.93,33981.92,60.93,34927.22,76.64,4500.0,-0.9831,0.1235,0.1352,35000.0,3
1159,Petal,2,ZONE_FACULTY_CLIMATE,Faculty of Geo-Atmospheric Stabilization,0.2,-0.625,6725.77,33981.92,609.2,34641.11,78.8,4500.0,-0.9837,0.1198,0.1344,35000.0,3
1160,Petal,2,ZONE_FACULTY_CLIMATE,Faculty of Geo-Atmospheric Stabilization,0.2,-0.5,5380.62,33981.92,1093.18,34405.26,81.0,4500.0,-0.9842,0.1166,0.1336,35000.0,3
1161,Petal,2,ZONE_FACULTY_CLIMATE,Faculty of Geo-Atmospheric Stabilization,0.2,-0.375,4035.46,33981.92,1512.88,34220.69,83.23,4500.0,-0.9846,0.1138,0.1328,35000.0,3
1162,Petal,2,ZONE_FACULTY_CLIMATE,Faculty of Geo-Atmospheric Stabilization,0.2,-0.25,2690.31,33981.92,1868.28,34088.24,85.47,4500.0,-0.985,0.1114,0.132,35000.0,3
1163,Petal,2,ZONE_FACULTY_CLIMATE,Faculty of Geo-Atmospheric Stabilization,0.2,-0.125,1345.15,33981.92,2159.39,34008.53,87.73,4500.0,-0.9853,0.1094,0.1312,35000.0,3
1164,Petal,2,ZONE_FACULTY_CLIMATE,Faculty of Geo-Atmospheric Stabilization,0.2,0.0,0.0,33981.92,2386.22,33981.92,90.0,4500.0,-0.9866,0.104,0.1257,35000.0,3
1165,Petal,2,ZONE_FACULTY_CLIMATE,Faculty of Geo-Atmospheric Stabilization,0.2,0.125,-1345.15,33981.92,2159.39,34008.53,92.27,4500.0,-0.9867,0.1043,0.125,35000.0,3
1166,Petal,2,ZONE_FACULTY_CLIMATE,Faculty of Geo-Atmospheric Stabilization,0.2,0.25,-2690.31,33981.92,1868.28,34088.24,94.53,4500.0,-0.9867,0.1049,0.1242,35000.0,3
1167,Petal,2,ZONE_FACULTY_CLIMATE,Faculty of Geo-Atmospheric Stabilization,0.2,0.375,-4035.46,33981.92,1512.88,34220.69,96.77,4500.0,-0.9867,0.1058,0.1235,35000.0,3
1168,Petal,2,ZONE_FACULTY_CLIMATE,Faculty of Geo-Atmospheric Stabilization,0.2,0.5,-5380.62,33981.92,1093.18,34405.26,99.0,4500.0,-0.9866,0.1071,0.1227,35000.0,3
1169,Petal,2,ZONE_FACULTY_CLIMATE,Faculty of Geo-Atmospheric Stabilization,0.2,0.625,-6725.77,33981.92,609.2,34641.11,101.2,4500.0,-0.9866,0.1088,0.122,35000.0,3
1170,Petal,2,ZONE_FACULTY_CLIMATE,Faculty of Geo-Atmospheric Stabilization,0.2,0.75,-8070.93,33981.92,60.93,34927.22,103.36,4500.0,-0.9864,0.1107,0.1213,35000.0,3
1171,Petal,2,ZONE_FACULTY_CLIMATE,Faculty of Geo-Atmospheric Stabilization,0.2,0.875,-9416.08,33981.92,-551.63,35262.35,105.49,4500.0,-0.9863,0.113,0.1205,35000.0,3
1172,Petal,2,ZONE_CLEARANCE_WATERWAY,Faculty of Geo-Atmospheric Stabilization,0.2,1.0,-10761.24,33981.92,-1228.48,35645.12,107.57,4500.0,-0.9841,0.1233,0.1278,35000.0,3
1173,Petal,2,ZONE_CLEARANCE_WATERWAY,Faculty of Geo-Atmospheric Stabilization,0.2333,-1.0,11973.07,37145.57,-1375.06,39027.52,72.13,4500.0,-0.9811,0.1434,0.13,35000.0,3
1174,Petal,2,ZONE_FACULTY_CLIMATE,Faculty of Geo-Atmospheric Stabilization,0.2333,-0.875,10476.43,37145.57,-614.37,38594.68,74.25,4500.0,-0.9818,0.1393,0.1293,35000.0,3
1175,Petal,2,ZONE_FACULTY_CLIMATE,Faculty of Geo-Atmospheric Stabilization,0.2333,-0.75,8979.8,37145.57,73.13,38215.57,76.41,4500.0,-0.9824,0.1357,0.1285,35000.0,3
1176,Petal,2,ZONE_FACULTY_CLIMATE,Faculty of Geo-Atmospheric Stabilization,0.2333,-0.625,7483.17,37145.57,687.45,37891.83,78.61,4500.0,-0.9829,0.1324,0.1278,35000.0,3
1177,Petal,2,ZONE_FACULTY_CLIMATE,Faculty of Geo-Atmospheric Stabilization,0.2333,-0.5,5986.53,37145.57,1228.59,37624.88,80.84,4500.0,-0.9834,0.1295,0.127,35000.0,3
1178,Petal,2,ZONE_FACULTY_CLIMATE,Faculty of Geo-Atmospheric Stabilization,0.2333,-0.375,4489.9,37145.57,1696.53,37415.94,83.11,4500.0,-0.9838,0.1269,0.1263,35000.0,3
1179,Petal,2,ZONE_FACULTY_CLIMATE,Faculty of Geo-Atmospheric Stabilization,0.2333,-0.25,2993.27,37145.57,2091.29,37265.98,85.39,4500.0,-0.9842,0.1247,0.1256,35000.0,3
1180,Petal,2,ZONE_FACULTY_CLIMATE,Faculty of Geo-Atmospheric Stabilization,0.2333,-0.125,1496.63,37145.57,2412.87,37175.71,87.69,4500.0,-0.9845,0.1229,0.1248,35000.0,3
1181,Petal,2,ZONE_FACULTY_CLIMATE,Faculty of Geo-Atmospheric Stabilization,0.2333,0.0,0.0,37145.57,2661.25,37145.57,90.0,4500.0,-0.9858,0.1173,0.1199,35000.0,3
1182,Petal,2,ZONE_FACULTY_CLIMATE,Faculty of Geo-Atmospheric Stabilization,0.2333,0.125,-1496.63,37145.57,2412.87,37175.71,92.31,4500.0,-0.9859,0.1174,0.1192,35000.0,3
1183,Petal,2,ZONE_FACULTY_CLIMATE,Faculty of Geo-Atmospheric Stabilization,0.2333,0.25,-2993.27,37145.57,2091.29,37265.98,94.61,4500.0,-0.9859,0.1178,0.1185,35000.0,3
1184,Petal,2,ZONE_FACULTY_CLIMATE,Faculty of Geo-Atmospheric Stabilization,0.2333,0.375,-4489.9,37145.57,1696.53,37415.94,96.89,4500.0,-0.9859,0.1184,0.1179,35000.0,3
1185,Petal,2,ZONE_FACULTY_CLIMATE,Faculty of Geo-Atmospheric Stabilization,0.2333,0.5,-5986.53,37145.57,1228.59,37624.88,99.16,4500.0,-0.9859,0.1194,0.1172,35000.0,3
1186,Petal,2,ZONE_FACULTY_CLIMATE,Faculty of Geo-Atmospheric Stabilization,0.2333,0.625,-7483.17,37145.57,687.45,37891.83,101.39,4500.0,-0.9858,0.1207,0.1165,35000.0,3
1187,Petal,2,ZONE_FACULTY_CLIMATE,Faculty of Geo-Atmospheric Stabilization,0.2333,0.75,-8979.8,37145.57,73.13,38215.57,103.59,4500.0,-0.9857,0.1222,0.1158,35000.0,3
1188,Petal,2,ZONE_FACULTY_CLIMATE,Faculty of Geo-Atmospheric Stabilization,0.2333,0.875,-10476.43,37145.57,-614.37,38594.68,105.75,4500.0,-0.9856,0.1241,0.1151,35000.0,3
1189,Petal,2,ZONE_CLEARANCE_WATERWAY,Faculty of Geo-Atmospheric Stabilization,0.2333,1.0,-11973.07,37145.57,-1375.06,39027.52,107.87,4500.0,-0.9834,0.1343,0.1218,35000.0,3
1190,Petal,2,ZONE_CLEARANCE_WATERWAY,Faculty of Geo-Atmospheric Stabilization,0.2667,-1.0,13184.9,40309.22,-1495.98,42410.79,71.89,4500.0,-0.98,0.1547,0.1248,35000.0,3
1191,Petal,2,ZONE_FACULTY_CLIMATE,Faculty of Geo-Atmospheric Stabilization,0.2667,-0.875,11536.79,40309.22,-659.63,41927.69,74.03,4500.0,-0.9807,0.1511,0.1241,35000.0,3
1192,Petal,2,ZONE_FACULTY_CLIMATE,Faculty of Geo-Atmospheric Stabilization,0.2667,-0.75,9888.67,40309.22,95.44,41504.45,76.22,4500.0,-0.9813,0.1478,0.1234,35000.0,3
1193,Petal,2,ZONE_FACULTY_CLIMATE,Faculty of Geo-Atmospheric Stabilization,0.2667,-0.625,8240.56,40309.22,769.23,41142.92,78.45,4500.0,-0.9818,0.1448,0.1227,35000.0,3
1194,Petal,2,ZONE_FACULTY_CLIMATE,Faculty of Geo-Atmospheric Stabilization,0.2667,-0.5,6592.45,40309.22,1361.74,40844.75,80.71,4500.0,-0.9823,0.1422,0.1221,35000.0,3
1195,Petal,2,ZONE_FACULTY_CLIMATE,Faculty of Geo-Atmospheric Stabilization,0.2667,-0.375,4944.34,40309.22,1872.96,40611.33,83.01,4500.0,-0.9827,0.1399,0.1214,35000.0,3
1196,Petal,2,ZONE_FACULTY_CLIMATE,Faculty of Geo-Atmospheric Stabilization,0.2667,-0.25,3296.22,40309.22,2302.91,40443.77,85.33,4500.0,-0.9831,0.1378,0.1207,35000.0,3
1197,Petal,2,ZONE_FACULTY_CLIMATE,Faculty of Geo-Atmospheric Stabilization,0.2667,-0.125,1648.11,40309.22,2651.57,40342.9,87.66,4500.0,-0.9834,0.1361,0.12,35000.0,3
1198,Petal,2,ZONE_FACULTY_CLIMATE,Faculty of Geo-Atmospheric Stabilization,0.2667,0.0,0.0,40309.22,2918.95,40309.22,90.0,4500.0,-0.9847,0.1305,0.1156,35000.0,3
1199,Petal,2,ZONE_FACULTY_CLIMATE,Faculty of Geo-Atmospheric Stabilization,0.2667,0.125,-1648.11,40309.22,2651.57,40342.9,92.34,4500.0,-0.9848,0.1304,0.1149,35000.0,3
1200,Petal,2,ZONE_FACULTY_CLIMATE,Faculty of Geo-Atmospheric Stabilization,0.2667,0.25,-3296.22,40309.22,2302.91,40443.77,94.67,4500.0,-0.9848,0.1305,0.1143,35000.0,3
1201,Petal,2,ZONE_FACULTY_CLIMATE,Faculty of Geo-Atmospheric Stabilization,0.2667,0.375,-4944.34,40309.22,1872.96,40611.33,96.99,4500.0,-0.9849,0.1309,0.1136,35000.0,3
1202,Petal,2,ZONE_FACULTY_CLIMATE,Faculty of Geo-Atmospheric Stabilization,0.2667,0.5,-6592.45,40309.22,1361.74,40844.75,99.29,4500.0,-0.9848,0.1316,0.113,35000.0,3
1203,Petal,2,ZONE_FACULTY_CLIMATE,Faculty of Geo-Atmospheric Stabilization,0.2667,0.625,-8240.56,40309.22,769.23,41142.92,101.55,4500.0,-0.9848,0.1326,0.1123,35000.0,3
1204,Petal,2,ZONE_FACULTY_CLIMATE,Faculty of Geo-Atmospheric Stabilization,0.2667,0.75,-9888.67,40309.22,95.44,41504.45,103.78,4500.0,-0.9847,0.1337,0.1117,35000.0,3
1205,Petal,2,ZONE_FACULTY_CLIMATE,Faculty of Geo-Atmospheric Stabilization,0.2667,0.875,-11536.79,40309.22,-659.63,41927.69,105.97,4500.0,-0.9846,0.1352,0.1111,35000.0,3
1206,Petal,2,ZONE_CLEARANCE_WATERWAY,Faculty of Geo-Atmospheric Stabilization,0.2667,1.0,-13184.9,40309.22,-1495.98,42410.79,108.11,4500.0,-0.9824,0.1453,0.1172,35000.0,3
1207,Petal,2,ZONE_CLEARANCE_WATERWAY,Faculty of Geo-Atmospheric Stabilization,0.3,-1.0,14396.73,43472.87,-1588.41,45794.72,71.68,4500.0,-0.9787,0.1659,0.1207,35000.0,3
1208,Petal,2,ZONE_FACULTY_CLIMATE,Faculty of Geo-Atmospheric Stabilization,0.3,-0.875,12597.14,43472.87,-685.15,45261.23,73.84,4500.0,-0.9793,0.1627,0.12,35000.0,3
1209,Petal,2,ZONE_FACULTY_CLIMATE,Faculty of Geo-Atmospheric Stabilization,0.3,-0.75,10797.55,43472.87,129.62,44793.73,76.05,4500.0,-0.9799,0.1598,0.1194,35000.0,3
1210,Petal,2,ZONE_FACULTY_CLIMATE,Faculty of Geo-Atmospheric Stabilization,0.3,-0.625,8997.96,43472.87,855.9,44394.3,78.31,4500.0,-0.9804,0.1571,0.1187,35000.0,3
1211,Petal,2,ZONE_FACULTY_CLIMATE,Faculty of Geo-Atmospheric Stabilization,0.3,-0.5,7198.36,43472.87,1493.7,44064.81,80.6,4500.0,-0.9809,0.1548,0.1181,35000.0,3
1212,Petal,2,ZONE_FACULTY_CLIMATE,Faculty of Geo-Atmospheric Stabilization,0.3,-0.375,5398.77,43472.87,2043.02,43806.82,82.92,4500.0,-0.9813,0.1526,0.1174,35000.0,3
1213,Petal,2,ZONE_FACULTY_CLIMATE,Faculty of Geo-Atmospheric Stabilization,0.3,-0.25,3599.18,43472.87,2503.84,43621.61,85.27,4500.0,-0.9816,0.1508,0.1168,35000.0,3
1214,Petal,2,ZONE_FACULTY_CLIMATE,Faculty of Geo-Atmospheric Stabilization,0.3,-0.125,1799.59,43472.87,2876.18,43510.11,87.63,4500.0,-0.982,0.1491,0.1161,35000.0,3
1215,Petal,2,ZONE_FACULTY_CLIMATE,Faculty of Geo-Atmospheric Stabilization,0.3,0.0,0.0,43472.87,3160.03,43472.87,90.0,4500.0,-0.9833,0.1434,0.1121,35000.0,3
1216,Petal,2,ZONE_FACULTY_CLIMATE,Faculty of Geo-Atmospheric Stabilization,0.3,0.125,-1799.59,43472.87,2876.18,43510.11,92.37,4500.0,-0.9834,0.1432,0.1115,35000.0,3
1217,Petal,2,ZONE_FACULTY_CLIMATE,Faculty of Geo-Atmospheric Stabilization,0.3,0.25,-3599.18,43472.87,2503.84,43621.61,94.73,4500.0,-0.9835,0.1432,0.1109,35000.0,3
1218,Petal,2,ZONE_FACULTY_CLIMATE,Faculty of Geo-Atmospheric Stabilization,0.3,0.375,-5398.77,43472.87,2043.02,43806.82,97.08,4500.0,-0.9835,0.1433,0.1103,35000.0,3
1219,Petal,2,ZONE_FACULTY_CLIMATE,Faculty of Geo-Atmospheric Stabilization,0.3,0.5,-7198.36,43472.87,1493.7,44064.81,99.4,4500.0,-0.9835,0.1438,0.1097,35000.0,3
1220,Petal,2,ZONE_FACULTY_CLIMATE,Faculty of Geo-Atmospheric Stabilization,0.3,0.625,-8997.96,43472.87,855.9,44394.3,101.69,4500.0,-0.9835,0.1444,0.1091,35000.0,3
1221,Petal,2,ZONE_FACULTY_CLIMATE,Faculty of Geo-Atmospheric Stabilization,0.3,0.75,-10797.55,43472.87,129.62,44793.73,103.95,4500.0,-0.9834,0.1452,0.1085,35000.0,3
1222,Petal,2,ZONE_FACULTY_CLIMATE,Faculty of Geo-Atmospheric Stabilization,0.3,0.875,-12597.14,43472.87,-685.15,45261.23,106.16,4500.0,-0.9833,0.1463,0.1079,35000.0,3
1223,Petal,2,ZONE_CLEARANCE_WATERWAY,Faculty of Geo-Atmospheric Stabilization,0.3,1.0,-14396.73,43472.87,-1588.41,45794.72,108.32,4500.0,-0.9812,0.1563,0.1136,35000.0,3
1224,Petal,2,ZONE_CLEARANCE_WATERWAY,Faculty of Geo-Atmospheric Stabilization,0.3333,-1.0,15608.56,46636.53,-1649.81,49179.19,71.5,4500.0,-0.9772,0.1771,0.1172,35000.0,3
1225,Petal,2,ZONE_FACULTY_CLIMATE,Faculty of Geo-Atmospheric Stabilization,0.3333,-0.875,13657.49,46636.53,-688.94,48595.19,73.68,4500.0,-0.9778,0.1743,0.1166,35000.0,3
1226,Petal,2,ZONE_FACULTY_CLIMATE,Faculty of Geo-Atmospheric Stabilization,0.3333,-0.75,11706.42,46636.53,177.2,48083.32,75.91,4500.0,-0.9783,0.1717,0.116,35000.0,3
1227,Petal,2,ZONE_FACULTY_CLIMATE,Faculty of Geo-Atmospheric Stabilization,0.3333,-0.625,9755.35,46636.53,948.62,47645.91,78.19,4500.0,-0.9788,0.1693,0.1154,35000.0,3
1228,Petal,2,ZONE_FACULTY_CLIMATE,Faculty of Geo-Atmospheric Stabilization,0.3333,-0.5,7804.28,46636.53,1625.32,47285.01,80.5,4500.0,-0.9792,0.1672,0.1148,35000.0,3
1229,Petal,2,ZONE_FACULTY_CLIMATE,Faculty of Geo-Atmospheric Stabilization,0.3333,-0.375,5853.21,46636.53,2207.3,47002.4,82.85,4500.0,-0.9796,0.1652,0.1142,35000.0,3
1230,Petal,2,ZONE_FACULTY_CLIMATE,Faculty of Geo-Atmospheric Stabilization,0.3333,-0.25,3902.14,46636.53,2694.56,46799.49,85.22,4500.0,-0.98,0.1635,0.1136,35000.0,3
1231,Petal,2,ZONE_FACULTY_CLIMATE,Faculty of Geo-Atmospheric Stabilization,0.3333,-0.125,1951.07,46636.53,3087.1,46677.32,87.6,4500.0,-0.9803,0.162,0.113,35000.0,3
1232,Petal,2,ZONE_FACULTY_CLIMATE,Faculty of Geo-Atmospheric Stabilization,0.3333,0.0,0.0,46636.53,3384.91,46636.53,90.0,4500.0,-0.9816,0.1563,0.1093,35000.0,3
1233,Petal,2,ZONE_FACULTY_CLIMATE,Faculty of Geo-Atmospheric Stabilization,0.3333,0.125,-1951.07,46636.53,3087.1,46677.32,92.4,4500.0,-0.9818,0.1559,0.1087,35000.0,3
1234,Petal,2,ZONE_FACULTY_CLIMATE,Faculty of Geo-Atmospheric Stabilization,0.3333,0.25,-3902.14,46636.53,2694.56,46799.49,94.78,4500.0,-0.9819,0.1557,0.1082,35000.0,3
1235,Petal,2,ZONE_FACULTY_CLIMATE,Faculty of Geo-Atmospheric Stabilization,0.3333,0.375,-5853.21,46636.53,2207.3,47002.4,97.15,4500.0,-0.9819,0.1557,0.1076,35000.0,3
1236,Petal,2,ZONE_FACULTY_CLIMATE,Faculty of Geo-Atmospheric Stabilization,0.3333,0.5,-7804.28,46636.53,1625.32,47285.01,99.5,4500.0,-0.982,0.1558,0.107,35000.0,3
1237,Petal,2,ZONE_FACULTY_CLIMATE,Faculty of Geo-Atmospheric Stabilization,0.3333,0.625,-9755.35,46636.53,948.62,47645.91,101.81,4500.0,-0.982,0.1562,0.1065,35000.0,3
1238,Petal,2,ZONE_FACULTY_CLIMATE,Faculty of Geo-Atmospheric Stabilization,0.3333,0.75,-11706.42,46636.53,177.2,48083.32,104.09,4500.0,-0.9819,0.1567,0.1059,35000.0,3
1239,Petal,2,ZONE_FACULTY_CLIMATE,Faculty of Geo-Atmospheric Stabilization,0.3333,0.875,-13657.49,46636.53,-688.94,48595.19,106.32,4500.0,-0.9819,0.1574,0.1054,35000.0,3
1240,Petal,2,ZONE_CLEARANCE_WATERWAY,Faculty of Geo-Atmospheric Stabilization,0.3333,1.0,-15608.56,46636.53,-1649.81,49179.19,108.5,4500.0,-0.9797,0.1672,0.1107,35000.0,3
1241,Petal,2,ZONE_CLEARANCE_WATERWAY,Faculty of Geo-Atmospheric Stabilization,0.3667,-1.0,16820.39,49800.18,-1678.0,52564.09,71.34,4500.0,-0.9755,0.1881,0.1143,35000.0,3
1242,Petal,2,ZONE_FACULTY_CLIMATE,Faculty of Geo-Atmospheric Stabilization,0.3667,-0.875,14717.84,49800.18,-669.3,51929.5,73.54,4500.0,-0.976,0.1856,0.1138,35000.0,3
1243,Petal,2,ZONE_FACULTY_CLIMATE,Faculty of Geo-Atmospheric Stabilization,0.3667,-0.75,12615.29,49800.18,239.47,51373.18,75.78,4500.0,-0.9765,0.1834,0.1132,35000.0,3
1244,Petal,2,ZONE_FACULTY_CLIMATE,Faculty of Geo-Atmospheric Stabilization,0.3667,-0.625,10512.74,49800.18,1048.33,50897.7,78.08,4500.0,-0.977,0.1813,0.1126,35000.0,3
1245,Petal,2,ZONE_FACULTY_CLIMATE,Faculty of Geo-Atmospheric Stabilization,0.3667,-0.5,8410.2,49800.18,1757.27,50505.34,80.41,4500.0,-0.9774,0.1794,0.1121,35000.0,3
1246,Petal,2,ZONE_FACULTY_CLIMATE,Faculty of Geo-Atmospheric Stabilization,0.3667,-0.375,6307.65,49800.18,2366.29,50198.05,82.78,4500.0,-0.9777,0.1777,0.1115,35000.0,3
1247,Petal,2,ZONE_FACULTY_CLIMATE,Faculty of Geo-Atmospheric Stabilization,0.3667,-0.25,4205.1,49800.18,2875.39,49977.4,85.17,4500.0,-0.9781,0.1762,0.1109,35000.0,3
1248,Petal,2,ZONE_FACULTY_CLIMATE,Faculty of Geo-Atmospheric Stabilization,0.3667,-0.125,2102.55,49800.18,3284.57,49844.54,87.58,4500.0,-0.9784,0.1748,0.1104,35000.0,3
1249,Petal,2,ZONE_FACULTY_CLIMATE,Faculty of Geo-Atmospheric Stabilization,0.3667,0.0,0.0,49800.18,3593.83,49800.18,90.0,4500.0,-0.9798,0.1691,0.107,35000.0,3
1250,Petal,2,ZONE_FACULTY_CLIMATE,Faculty of Geo-Atmospheric Stabilization,0.3667,0.125,-2102.55,49800.18,3284.57,49844.54,92.42,4500.0,-0.9799,0.1685,0.1064,35000.0,3
1251,Petal,2,ZONE_FACULTY_CLIMATE,Faculty of Geo-Atmospheric Stabilization,0.3667,0.25,-4205.1,49800.18,2875.39,49977.4,94.83,4500.0,-0.9801,0.1682,0.1059,35000.0,3
1252,Petal,2,ZONE_FACULTY_CLIMATE,Faculty of Geo-Atmospheric Stabilization,0.3667,0.375,-6307.65,49800.18,2366.29,50198.05,97.22,4500.0,-0.9801,0.168,0.1054,35000.0,3
1253,Petal,2,ZONE_FACULTY_CLIMATE,Faculty of Geo-Atmospheric Stabilization,0.3667,0.5,-8410.2,49800.18,1757.27,50505.34,99.59,4500.0,-0.9802,0.1679,0.1049,35000.0,3
1254,Petal,2,ZONE_FACULTY_CLIMATE,Faculty of Geo-Atmospheric Stabilization,0.3667,0.625,-10512.74,49800.18,1048.33,50897.7,101.92,4500.0,-0.9803,0.168,0.1043,35000.0,3
1255,Petal,2,ZONE_FACULTY_CLIMATE,Faculty of Geo-Atmospheric Stabilization,0.3667,0.75,-12615.29,49800.18,239.47,51373.18,104.22,4500.0,-0.9803,0.1682,0.1038,35000.0,3
1256,Petal,2,ZONE_FACULTY_CLIMATE,Faculty of Geo-Atmospheric Stabilization,0.3667,0.875,-14717.84,49800.18,-669.3,51929.5,106.46,4500.0,-0.9803,0.1685,0.1033,35000.0,3
1257,Petal,2,ZONE_CLEARANCE_WATERWAY,Faculty of Geo-Atmospheric Stabilization,0.3667,1.0,-16820.39,49800.18,-1678.0,52564.09,108.66,4500.0,-0.978,0.1781,0.1083,35000.0,3
1258,Petal,2,ZONE_CLEARANCE_WATERWAY,Faculty of Geo-Atmospheric Stabilization,0.4,-1.0,18032.22,52963.83,-1671.16,55949.34,71.2,4500.0,-0.9736,0.1989,0.1118,35000.0,3
1259,Petal,2,ZONE_FACULTY_CLIMATE,Faculty of Geo-Atmospheric Stabilization,0.4,-0.875,15778.19,52963.83,-624.82,55264.08,73.41,4500.0,-0.9741,0.1969,0.1113,35000.0,3
1260,Petal,2,ZONE_FACULTY_CLIMATE,Faculty of Geo-Atmospheric Stabilization,0.4,-0.75,13524.17,52963.83,317.49,54663.25,75.68,4500.0,-0.9745,0.195,0.1108,35000.0,3
1261,Petal,2,ZONE_FACULTY_CLIMATE,Faculty of Geo-Atmospheric Stabilization,0.4,-0.625,11270.14,52963.83,1155.79,54149.64,77.99,4500.0,-0.9749,0.1932,0.1102,35000.0,3
1262,Petal,2,ZONE_FACULTY_CLIMATE,Faculty of Geo-Atmospheric Stabilization,0.4,-0.5,9016.11,52963.83,1890.06,53725.76,80.34,4500.0,-0.9753,0.1916,0.1097,35000.0,3
1263,Petal,2,ZONE_FACULTY_CLIMATE,Faculty of Geo-Atmospheric Stabilization,0.4,-0.375,6762.08,52963.83,2520.31,53393.76,82.72,4500.0,-0.9757,0.19,0.1092,35000.0,3
1264,Petal,2,ZONE_FACULTY_CLIMATE,Faculty of Geo-Atmospheric Stabilization,0.4,-0.25,4508.06,52963.83,3046.54,53155.34,85.13,4500.0,-0.976,0.1886,0.1086,35000.0,3
1265,Petal,2,ZONE_FACULTY_CLIMATE,Faculty of Geo-Atmospheric Stabilization,0.4,-0.125,2254.03,52963.83,3468.75,53011.77,87.56,4500.0,-0.9763,0.1874,0.1081,35000.0,3
1266,Petal,2,ZONE_FACULTY_CLIMATE,Faculty of Geo-Atmospheric Stabilization,0.4,0.0,0.0,52963.83,3786.93,52963.83,90.0,4500.0,-0.9777,0.1817,0.105,35000.0,3
1267,Petal,2,ZONE_FACULTY_CLIMATE,Faculty of Geo-Atmospheric Stabilization,0.4,0.125,-2254.03,52963.83,3468.75,53011.77,92.44,4500.0,-0.9779,0.1811,0.1045,35000.0,3
1268,Petal,2,ZONE_FACULTY_CLIMATE,Faculty of Geo-Atmospheric Stabilization,0.4,0.25,-4508.06,52963.83,3046.54,53155.34,94.87,4500.0,-0.978,0.1806,0.104,35000.0,3
1269,Petal,2,ZONE_FACULTY_CLIMATE,Faculty of Geo-Atmospheric Stabilization,0.4,0.375,-6762.08,52963.83,2520.31,53393.76,97.28,4500.0,-0.9782,0.1802,0.1035,35000.0,3
1270,Petal,2,ZONE_FACULTY_CLIMATE,Faculty of Geo-Atmospheric Stabilization,0.4,0.5,-9016.11,52963.83,1890.06,53725.76,99.66,4500.0,-0.9783,0.1799,0.103,35000.0,3
1271,Petal,2,ZONE_FACULTY_CLIMATE,Faculty of Geo-Atmospheric Stabilization,0.4,0.625,-11270.14,52963.83,1155.79,54149.64,102.01,4500.0,-0.9784,0.1797,0.1025,35000.0,3
1272,Petal,2,ZONE_FACULTY_CLIMATE,Faculty of Geo-Atmospheric Stabilization,0.4,0.75,-13524.17,52963.83,317.49,54663.25,104.32,4500.0,-0.9784,0.1796,0.102,35000.0,3
1273,Petal,2,ZONE_FACULTY_CLIMATE,Faculty of Geo-Atmospheric Stabilization,0.4,0.875,-15778.19,52963.83,-624.82,55264.08,106.59,4500.0,-0.9785,0.1797,0.1016,35000.0,3
1274,Petal,2,ZONE_CLEARANCE_WATERWAY,Faculty of Geo-Atmospheric Stabilization,0.4,1.0,-18032.22,52963.83,-1671.16,55949.34,108.8,4500.0,-0.9762,0.1889,0.1062,35000.0,3
1275,Petal,2,ZONE_CLEARANCE_WATERWAY,Faculty of Geo-Atmospheric Stabilization,0.4333,-1.0,18376.14,56127.49,-1627.85,59059.1,71.87,6235.83,-0.974,0.2007,0.1049,35000.0,3
1276,Petal,2,ZONE_FACULTY_CLIMATE,Faculty of Geo-Atmospheric Stabilization,0.4333,-0.875,16079.12,56127.49,-554.39,58385.21,74.01,6235.83,-0.9744,0.1991,0.1044,35000.0,3
1277,Petal,2,ZONE_FACULTY_CLIMATE,Faculty of Geo-Atmospheric Stabilization,0.4333,-0.75,13782.1,56127.49,412.09,57794.82,76.2,6235.83,-0.9748,0.1976,0.104,35000.0,3
1278,Petal,2,ZONE_FACULTY_CLIMATE,Faculty of Geo-Atmospheric Stabilization,0.4333,-0.625,11485.09,56127.49,1271.59,57290.5,78.44,6235.83,-0.9751,0.1961,0.1035,35000.0,3
1279,Petal,2,ZONE_FACULTY_CLIMATE,Faculty of Geo-Atmospheric Stabilization,0.4333,-0.5,9188.07,56127.49,2024.1,56874.56,80.7,6235.83,-0.9754,0.1948,0.103,35000.0,3
1280,Petal,2,ZONE_FACULTY_CLIMATE,Faculty of Geo-Atmospheric Stabilization,0.4333,-0.375,6891.05,56127.49,2669.63,56548.93,83.0,6235.83,-0.9757,0.1935,0.1025,35000.0,3
1281,Petal,2,ZONE_FACULTY_CLIMATE,Faculty of Geo-Atmospheric Stabilization,0.4333,-0.25,4594.03,56127.49,3208.17,56315.18,85.32,6235.83,-0.976,0.1924,0.1021,35000.0,3
1282,Petal,2,ZONE_FACULTY_CLIMATE,Faculty of Geo-Atmospheric Stabilization,0.4333,-0.125,2297.02,56127.49,3639.72,56174.47,87.66,6235.83,-0.9763,0.1913,0.1016,35000.0,3
1283,Petal,2,ZONE_FACULTY_CLIMATE,Faculty of Geo-Atmospheric Stabilization,0.4333,0.0,0.0,56127.49,3964.3,56127.49,90.0,6235.83,-0.9776,0.1859,0.0988,35000.0,3
1284,Petal,2,ZONE_FACULTY_CLIMATE,Faculty of Geo-Atmospheric Stabilization,0.4333,0.125,-2297.02,56127.49,3639.72,56174.47,92.34,6235.83,-0.9778,0.1852,0.0984,35000.0,3
1285,Petal,2,ZONE_FACULTY_CLIMATE,Faculty of Geo-Atmospheric Stabilization,0.4333,0.25,-4594.03,56127.49,3208.17,56315.18,94.68,6235.83,-0.9779,0.1846,0.0979,35000.0,3
1286,Petal,2,ZONE_FACULTY_CLIMATE,Faculty of Geo-Atmospheric Stabilization,0.4333,0.375,-6891.05,56127.49,2669.63,56548.93,97.0,6235.83,-0.9781,0.184,0.0975,35000.0,3
1287,Petal,2,ZONE_FACULTY_CLIMATE,Faculty of Geo-Atmospheric Stabilization,0.4333,0.5,-9188.07,56127.49,2024.1,56874.56,99.3,6235.83,-0.9782,0.1836,0.0971,35000.0,3
1288,Petal,2,ZONE_FACULTY_CLIMATE,Faculty of Geo-Atmospheric Stabilization,0.4333,0.625,-11485.09,56127.49,1271.59,57290.5,101.56,6235.83,-0.9783,0.1832,0.0966,35000.0,3
1289,Petal,2,ZONE_FACULTY_CLIMATE,Faculty of Geo-Atmospheric Stabilization,0.4333,0.75,-13782.1,56127.49,412.09,57794.82,103.8,6235.83,-0.9784,0.1828,0.0962,35000.0,3
1290,Petal,2,ZONE_FACULTY_CLIMATE,Faculty of Geo-Atmospheric Stabilization,0.4333,0.875,-16079.12,56127.49,-554.39,58385.21,105.99,6235.83,-0.9785,0.1825,0.0958,35000.0,3
1291,Petal,2,ZONE_CLEARANCE_WATERWAY,Faculty of Geo-Atmospheric Stabilization,0.4333,1.0,-18376.14,56127.49,-1627.85,59059.1,108.13,6235.83,-0.9765,0.1911,0.0999,35000.0,3
1292,Petal,2,ZONE_CLEARANCE_WATERWAY,Faculty of Geo-Atmospheric Stabilization,0.4667,-1.0,17431.4,59291.14,-1547.03,61800.43,73.62,10548.97,-0.9776,0.1892,0.0925,35000.0,3
1293,Petal,2,ZONE_FACULTY_CLIMATE,Faculty of Geo-Atmospheric Stabilization,0.4667,-0.875,15252.47,59291.14,-457.2,61221.54,75.57,10548.97,-0.9778,0.1881,0.0921,35000.0,3
1294,Petal,2,ZONE_FACULTY_CLIMATE,Faculty of Geo-Atmospheric Stabilization,0.4667,-0.75,13073.55,59291.14,523.87,60715.37,77.57,10548.97,-0.9781,0.187,0.0917,35000.0,3
1295,Petal,2,ZONE_FACULTY_CLIMATE,Faculty of Geo-Atmospheric Stabilization,0.4667,-0.625,10894.62,59291.14,1396.15,60283.76,79.59,10548.97,-0.9783,0.186,0.0913,35000.0,3
1296,Petal,2,ZONE_FACULTY_CLIMATE,Faculty of Geo-Atmospheric Stabilization,0.4667,-0.5,8715.7,59291.14,2159.67,59928.31,81.64,10548.97,-0.9785,0.185,0.0909,35000.0,3
1297,Petal,2,ZONE_FACULTY_CLIMATE,Faculty of Geo-Atmospheric Stabilization,0.4667,-0.375,6536.77,59291.14,2814.4,59650.39,83.71,10548.97,-0.9788,0.184,0.0905,35000.0,3
1298,Petal,2,ZONE_FACULTY_CLIMATE,Faculty of Geo-Atmospheric Stabilization,0.4667,-0.25,4357.85,59291.14,3360.36,59451.07,85.8,10548.97,-0.979,0.1831,0.0901,35000.0,3
1299,Petal,2,ZONE_FACULTY_CLIMATE,Faculty of Geo-Atmospheric Stabilization,0.4667,-0.125,2178.92,59291.14,3797.54,59331.16,87.9,10548.97,-0.9792,0.1822,0.0897,35000.0,3
1300,Petal,2,ZONE_FACULTY_CLIMATE,Faculty of Geo-Atmospheric Stabilization,0.4667,0.0,0.0,59291.14,4125.95,59291.14,90.0,10548.97,-0.9802,0.1774,0.0874,35000.0,3
1301,Petal,2,ZONE_FACULTY_CLIMATE,Faculty of Geo-Atmospheric Stabilization,0.4667,0.125,-2178.92,59291.14,3797.54,59331.16,92.1,10548.97,-0.9804,0.1768,0.087,35000.0,3
1302,Petal,2,ZONE_FACULTY_CLIMATE,Faculty of Geo-Atmospheric Stabilization,0.4667,0.25,-4357.85,59291.14,3360.36,59451.07,94.2,10548.97,-0.9806,0.1761,0.0866,35000.0,3
1303,Petal,2,ZONE_FACULTY_CLIMATE,Faculty of Geo-Atmospheric Stabilization,0.4667,0.375,-6536.77,59291.14,2814.4,59650.39,96.29,10548.97,-0.9807,0.1755,0.0862,35000.0,3
1304,Petal,2,ZONE_FACULTY_CLIMATE,Faculty of Geo-Atmospheric Stabilization,0.4667,0.5,-8715.7,59291.14,2159.67,59928.31,98.36,10548.97,-0.9808,0.1749,0.0859,35000.0,3
1305,Petal,2,ZONE_FACULTY_CLIMATE,Faculty of Geo-Atmospheric Stabilization,0.4667,0.625,-10894.62,59291.14,1396.15,60283.76,100.41,10548.97,-0.981,0.1743,0.0855,35000.0,3
1306,Petal,2,ZONE_FACULTY_CLIMATE,Faculty of Geo-Atmospheric Stabilization,0.4667,0.75,-13073.55,59291.14,523.87,60715.37,102.43,10548.97,-0.9811,0.1737,0.0852,35000.0,3
1307,Petal,2,ZONE_FACULTY_CLIMATE,Faculty of Geo-Atmospheric Stabilization,0.4667,0.875,-15252.47,59291.14,-457.2,61221.54,104.43,10548.97,-0.9812,0.1732,0.0848,35000.0,3
1308,Petal,2,ZONE_CLEARANCE_WATERWAY,Faculty of Geo-Atmospheric Stabilization,0.4667,1.0,-17431.4,59291.14,-1547.03,61800.43,106.38,10548.97,-0.9796,0.1806,0.0883,35000.0,3
1309,Petal,2,ZONE_CLEARANCE_WATERWAY,Faculty of Geo-Atmospheric Stabilization,0.5,-1.0,16400.9,62454.79,-1428.08,64572.37,75.29,15033.63,-0.9808,0.177,0.0812,35000.0,3
1310,Petal,2,ZONE_FACULTY_CLIMATE,Faculty of Geo-Atmospheric Stabilization,0.5,-0.875,14350.79,62454.79,-332.77,64082.34,77.06,15033.63,-0.981,0.1763,0.0809,35000.0,3
1311,Petal,2,ZONE_FACULTY_CLIMATE,Faculty of Geo-Atmospheric Stabilization,0.5,-0.75,12300.68,62454.79,653.17,63654.6,78.86,15033.63,-0.9812,0.1756,0.0805,35000.0,3
1312,Petal,2,ZONE_FACULTY_CLIMATE,Faculty of Geo-Atmospheric Stabilization,0.5,-0.625,10250.56,62454.79,1529.73,63290.4,80.68,15033.63,-0.9813,0.1749,0.0802,35000.0,3
1313,Petal,2,ZONE_FACULTY_CLIMATE,Faculty of Geo-Atmospheric Stabilization,0.5,-0.5,8200.45,62454.79,2296.92,62990.86,82.52,15033.63,-0.9815,0.1742,0.0799,35000.0,3
1314,Petal,2,ZONE_FACULTY_CLIMATE,Faculty of Geo-Atmospheric Stabilization,0.5,-0.375,6150.34,62454.79,2954.73,62756.89,84.38,15033.63,-0.9816,0.1735,0.0795,35000.0,3
1315,Petal,2,ZONE_FACULTY_CLIMATE,Faculty of Geo-Atmospheric Stabilization,0.5,-0.25,4100.23,62454.79,3503.17,62589.24,86.24,15033.63,-0.9818,0.1728,0.0792,35000.0,3
1316,Petal,2,ZONE_FACULTY_CLIMATE,Faculty of Geo-Atmospheric Stabilization,0.5,-0.125,2050.11,62454.79,3942.23,62488.43,88.12,15033.63,-0.9819,0.1721,0.0789,35000.0,3
1317,Petal,2,ZONE_FACULTY_CLIMATE,Faculty of Geo-Atmospheric Stabilization,0.5,0.0,0.0,62454.79,4271.92,62454.79,90.0,15033.63,-0.9828,0.1679,0.077,35000.0,3
1318,Petal,2,ZONE_FACULTY_CLIMATE,Faculty of Geo-Atmospheric Stabilization,0.5,0.125,-2050.11,62454.79,3942.23,62488.43,91.88,15033.63,-0.9829,0.1672,0.0767,35000.0,3
1319,Petal,2,ZONE_FACULTY_CLIMATE,Faculty of Geo-Atmospheric Stabilization,0.5,0.25,-4100.23,62454.79,3503.17,62589.24,93.76,15033.63,-0.9831,0.1665,0.0763,35000.0,3
1320,Petal,2,ZONE_FACULTY_CLIMATE,Faculty of Geo-Atmospheric Stabilization,0.5,0.375,-6150.34,62454.79,2954.73,62756.89,95.62,15033.63,-0.9832,0.1659,0.076,35000.0,3
1321,Petal,2,ZONE_FACULTY_CLIMATE,Faculty of Geo-Atmospheric Stabilization,0.5,0.5,-8200.45,62454.79,2296.92,62990.86,97.48,15033.63,-0.9833,0.1652,0.0757,35000.0,3
1322,Petal,2,ZONE_FACULTY_CLIMATE,Faculty of Geo-Atmospheric Stabilization,0.5,0.625,-10250.56,62454.79,1529.73,63290.4,99.32,15033.63,-0.9835,0.1645,0.0754,35000.0,3
1323,Petal,2,ZONE_FACULTY_CLIMATE,Faculty of Geo-Atmospheric Stabilization,0.5,0.75,-12300.68,62454.79,653.17,63654.6,101.14,15033.63,-0.9836,0.1638,0.0751,35000.0,3
1324,Petal,2,ZONE_FACULTY_CLIMATE,Faculty of Geo-Atmospheric Stabilization,0.5,0.875,-14350.79,62454.79,-332.77,64082.34,102.94,15033.63,-0.9838,0.1632,0.0749,35000.0,3
1325,Petal,2,ZONE_CLEARANCE_WATERWAY,Faculty of Geo-Atmospheric Stabilization,0.5,1.0,-16400.9,62454.79,-1428.08,64572.37,104.71,15033.63,-0.9825,0.1695,0.0778,35000.0,3
1326,Petal,2,ZONE_CLEARANCE_WATERWAY,Faculty of Geo-Atmospheric Stabilization,0.5333,-1.0,15302.45,65618.44,-1270.78,67379.11,76.87,19654.19,-0.9838,0.1643,0.0711,35000.0,3
1327,Petal,2,ZONE_FACULTY_CLIMATE,Faculty of Geo-Atmospheric Stabilization,0.5333,-0.875,13389.64,65618.44,-180.94,66970.61,78.47,19654.19,-0.9839,0.1639,0.0708,35000.0,3
1328,Petal,2,ZONE_FACULTY_CLIMATE,Faculty of Geo-Atmospheric Stabilization,0.5333,-0.75,11476.84,65618.44,800.12,66614.55,80.08,19654.19,-0.984,0.1635,0.0705,35000.0,3
1329,Petal,2,ZONE_FACULTY_CLIMATE,Faculty of Geo-Atmospheric Stabilization,0.5333,-0.625,9564.03,65618.44,1672.41,66311.77,81.71,19654.19,-0.9841,0.1631,0.0702,35000.0,3
1330,Petal,2,ZONE_FACULTY_CLIMATE,Faculty of Geo-Atmospheric Stabilization,0.5333,-0.5,7651.22,65618.44,2435.92,66063.01,83.35,19654.19,-0.9842,0.1626,0.0699,35000.0,3
1331,Petal,2,ZONE_FACULTY_CLIMATE,Faculty of Geo-Atmospheric Stabilization,0.5333,-0.375,5738.42,65618.44,3090.66,65868.88,85.0,19654.19,-0.9843,0.1622,0.0697,35000.0,3
1332,Petal,2,ZONE_FACULTY_CLIMATE,Faculty of Geo-Atmospheric Stabilization,0.5333,-0.25,3825.61,65618.44,3636.62,65729.87,86.66,19654.19,-0.9844,0.1616,0.0694,35000.0,3
1333,Petal,2,ZONE_FACULTY_CLIMATE,Faculty of Geo-Atmospheric Stabilization,0.5333,-0.125,1912.81,65618.44,4073.8,65646.32,88.33,19654.19,-0.9845,0.1611,0.0691,35000.0,3
1334,Petal,2,ZONE_FACULTY_CLIMATE,Faculty of Geo-Atmospheric Stabilization,0.5333,0.0,0.0,65618.44,4402.21,65618.44,90.0,19654.19,-0.9852,0.1575,0.0675,35000.0,3
1335,Petal,2,ZONE_FACULTY_CLIMATE,Faculty of Geo-Atmospheric Stabilization,0.5333,0.125,-1912.81,65618.44,4073.8,65646.32,91.67,19654.19,-0.9853,0.1568,0.0673,35000.0,3
1336,Petal,2,ZONE_FACULTY_CLIMATE,Faculty of Geo-Atmospheric Stabilization,0.5333,0.25,-3825.61,65618.44,3636.62,65729.87,93.34,19654.19,-0.9855,0.1562,0.067,35000.0,3
1337,Petal,2,ZONE_FACULTY_CLIMATE,Faculty of Geo-Atmospheric Stabilization,0.5333,0.375,-5738.42,65618.44,3090.66,65868.88,95.0,19654.19,-0.9856,0.1555,0.0668,35000.0,3
1338,Petal,2,ZONE_FACULTY_CLIMATE,Faculty of Geo-Atmospheric Stabilization,0.5333,0.5,-7651.22,65618.44,2435.92,66063.01,96.65,19654.19,-0.9857,0.1547,0.0665,35000.0,3
1339,Petal,2,ZONE_FACULTY_CLIMATE,Faculty of Geo-Atmospheric Stabilization,0.5333,0.625,-9564.03,65618.44,1672.41,66311.77,98.29,19654.19,-0.9858,0.154,0.0663,35000.0,3
1340,Petal,2,ZONE_FACULTY_CLIMATE,Faculty of Geo-Atmospheric Stabilization,0.5333,0.75,-11476.84,65618.44,800.12,66614.55,99.92,19654.19,-0.986,0.1532,0.066,35000.0,3
1341,Petal,2,ZONE_FACULTY_CLIMATE,Faculty of Geo-Atmospheric Stabilization,0.5333,0.875,-13389.64,65618.44,-180.94,66970.61,101.53,19654.19,-0.9861,0.1524,0.0658,35000.0,3
1342,Petal,2,ZONE_CLEARANCE_WATERWAY,Faculty of Geo-Atmospheric Stabilization,0.5333,1.0,-15302.45,65618.44,-1270.78,67379.11,103.13,19654.19,-0.9851,0.1577,0.0682,35000.0,3
1343,Petal,2,ZONE_CLEARANCE_WATERWAY,Faculty of Geo-Atmospheric Stabilization,0.5667,-1.0,14151.95,68782.1,-1075.34,70222.89,78.37,24378.86,-0.9866,0.1512,0.0618,35000.0,3
1344,Petal,2,ZONE_FACULTY_CLIMATE,Faculty of Geo-Atmospheric Stabilization,0.5667,-0.875,12382.95,68782.1,-1.87,69887.87,79.79,24378.86,-0.9866,0.1511,0.0616,35000.0,3
1345,Petal,2,ZONE_FACULTY_CLIMATE,Faculty of Geo-Atmospheric Stabilization,0.5667,-0.75,10613.96,68782.1,964.61,69596.21,81.23,24378.86,-0.9866,0.1509,0.0614,35000.0,3
1346,Petal,2,ZONE_FACULTY_CLIMATE,Faculty of Geo-Atmospheric Stabilization,0.5667,-0.625,8844.97,68782.1,1824.1,69348.47,82.67,24378.86,-0.9867,0.1507,0.0611,35000.0,3
1347,Petal,2,ZONE_FACULTY_CLIMATE,Faculty of Geo-Atmospheric Stabilization,0.5667,-0.5,7075.97,68782.1,2576.61,69145.11,84.13,24378.86,-0.9867,0.1505,0.0609,35000.0,3
1348,Petal,2,ZONE_FACULTY_CLIMATE,Faculty of Geo-Atmospheric Stabilization,0.5667,-0.375,5306.98,68782.1,3222.14,68986.53,85.59,24378.86,-0.9868,0.1502,0.0607,35000.0,3
1349,Petal,2,ZONE_FACULTY_CLIMATE,Faculty of Geo-Atmospheric Stabilization,0.5667,-0.25,3537.99,68782.1,3760.68,68873.03,87.06,24378.86,-0.9869,0.1498,0.0605,35000.0,3
1350,Petal,2,ZONE_FACULTY_CLIMATE,Faculty of Geo-Atmospheric Stabilization,0.5667,-0.125,1768.99,68782.1,4192.24,68804.84,88.53,24378.86,-0.9869,0.1495,0.0602,35000.0,3
1351,Petal,2,ZONE_FACULTY_CLIMATE,Faculty of Geo-Atmospheric Stabilization,0.5667,0.0,0.0,68782.1,4516.81,68782.1,90.0,24378.86,-0.9875,0.1464,0.059,35000.0,3
1352,Petal,2,ZONE_FACULTY_CLIMATE,Faculty of Geo-Atmospheric Stabilization,0.5667,0.125,-1768.99,68782.1,4192.24,68804.84,91.47,24378.86,-0.9876,0.1457,0.0588,35000.0,3
1353,Petal,2,ZONE_FACULTY_CLIMATE,Faculty of Geo-Atmospheric Stabilization,0.5667,0.25,-3537.99,68782.1,3760.68,68873.03,92.94,24378.86,-0.9877,0.1451,0.0585,35000.0,3
1354,Petal,2,ZONE_FACULTY_CLIMATE,Faculty of Geo-Atmospheric Stabilization,0.5667,0.375,-5306.98,68782.1,3222.14,68986.53,94.41,24378.86,-0.9878,0.1444,0.0583,35000.0,3
1355,Petal,2,ZONE_FACULTY_CLIMATE,Faculty of Geo-Atmospheric Stabilization,0.5667,0.5,-7075.97,68782.1,2576.61,69145.11,95.87,24378.86,-0.9879,0.1437,0.0581,35000.0,3
1356,Petal,2,ZONE_FACULTY_CLIMATE,Faculty of Geo-Atmospheric Stabilization,0.5667,0.625,-8844.97,68782.1,1824.1,69348.47,97.33,24378.86,-0.988,0.1429,0.0579,35000.0,3
1357,Petal,2,ZONE_FACULTY_CLIMATE,Faculty of Geo-Atmospheric Stabilization,0.5667,0.75,-10613.96,68782.1,964.61,69596.21,98.77,24378.86,-0.9882,0.1421,0.0578,35000.0,3
1358,Petal,2,ZONE_FACULTY_CLIMATE,Faculty of Geo-Atmospheric Stabilization,0.5667,0.875,-12382.95,68782.1,-1.87,69887.87,100.21,24378.86,-0.9883,0.1412,0.0576,35000.0,3
1359,Petal,2,ZONE_CLEARANCE_WATERWAY,Faculty of Geo-Atmospheric Stabilization,0.5667,1.0,-14151.95,68782.1,-1075.34,70222.89,101.63,24378.86,-0.9876,0.1456,0.0595,35000.0,3
1360,Petal,2,ZONE_CLEARANCE_WATERWAY,Faculty of Geo-Atmospheric Stabilization,0.6,-1.0,12963.71,71945.75,-842.39,73104.37,79.79,29178.99,-0.989,0.1379,0.0534,35000.0,3
1361,Petal,2,ZONE_FACULTY_CLIMATE,Faculty of Geo-Atmospheric Stabilization,0.6,-0.875,11343.25,71945.75,203.95,72834.47,81.04,29178.99,-0.989,0.138,0.0533,35000.0,3
1362,Petal,2,ZONE_FACULTY_CLIMATE,Faculty of Geo-Atmospheric Stabilization,0.6,-0.75,9722.78,71945.75,1146.26,72599.75,82.3,29178.99,-0.989,0.138,0.0531,35000.0,3
1363,Petal,2,ZONE_FACULTY_CLIMATE,Faculty of Geo-Atmospheric Stabilization,0.6,-0.625,8102.32,71945.75,1984.56,72400.54,83.57,29178.99,-0.989,0.138,0.0529,35000.0,3
1364,Petal,2,ZONE_FACULTY_CLIMATE,Faculty of Geo-Atmospheric Stabilization,0.6,-0.5,6481.86,71945.75,2718.83,72237.15,84.85,29178.99,-0.989,0.1379,0.0527,35000.0,3
1365,Petal,2,ZONE_FACULTY_CLIMATE,Faculty of Geo-Atmospheric Stabilization,0.6,-0.375,4861.39,71945.75,3349.08,72109.8,86.13,29178.99,-0.9891,0.1377,0.0525,35000.0,3
1366,Petal,2,ZONE_FACULTY_CLIMATE,Faculty of Geo-Atmospheric Stabilization,0.6,-0.25,3240.93,71945.75,3875.31,72018.71,87.42,29178.99,-0.9891,0.1375,0.0524,35000.0,3
1367,Petal,2,ZONE_FACULTY_CLIMATE,Faculty of Geo-Atmospheric Stabilization,0.6,-0.125,1620.46,71945.75,4297.52,71964.0,88.71,29178.99,-0.9892,0.1373,0.0522,35000.0,3
1368,Petal,2,ZONE_FACULTY_CLIMATE,Faculty of Geo-Atmospheric Stabilization,0.6,0.0,0.0,71945.75,4615.7,71945.75,90.0,29178.99,-0.9896,0.1347,0.0512,35000.0,3
1369,Petal,2,ZONE_FACULTY_CLIMATE,Faculty of Geo-Atmospheric Stabilization,0.6,0.125,-1620.46,71945.75,4297.52,71964.0,91.29,29178.99,-0.9897,0.1341,0.051,35000.0,3
1370,Petal,2,ZONE_FACULTY_CLIMATE,Faculty of Geo-Atmospheric Stabilization,0.6,0.25,-3240.93,71945.75,3875.31,72018.71,92.58,29178.99,-0.9897,0.1335,0.0508,35000.0,3
1371,Petal,2,ZONE_FACULTY_CLIMATE,Faculty of Geo-Atmospheric Stabilization,0.6,0.375,-4861.39,71945.75,3349.08,72109.8,93.87,29178.99,-0.9898,0.1328,0.0507,35000.0,3
1372,Petal,2,ZONE_FACULTY_CLIMATE,Faculty of Geo-Atmospheric Stabilization,0.6,0.5,-6481.86,71945.75,2718.83,72237.15,95.15,29178.99,-0.99,0.1321,0.0505,35000.0,3
1373,Petal,2,ZONE_FACULTY_CLIMATE,Faculty of Geo-Atmospheric Stabilization,0.6,0.625,-8102.32,71945.75,1984.56,72400.54,96.43,29178.99,-0.9901,0.1313,0.0503,35000.0,3
1374,Petal,2,ZONE_FACULTY_CLIMATE,Faculty of Geo-Atmospheric Stabilization,0.6,0.75,-9722.78,71945.75,1146.26,72599.75,97.7,29178.99,-0.9902,0.1305,0.0502,35000.0,3
1375,Petal,2,ZONE_FACULTY_CLIMATE,Faculty of Geo-Atmospheric Stabilization,0.6,0.875,-11343.25,71945.75,203.95,72834.47,98.96,29178.99,-0.9903,0.1296,0.05,35000.0,3
1376,Petal,2,ZONE_CLEARANCE_WATERWAY,Faculty of Geo-Atmospheric Stabilization,0.6,1.0,-12963.71,71945.75,-842.39,73104.37,100.21,29178.99,-0.9898,0.1331,0.0516,35000.0,3
1377,Petal,2,ZONE_CLEARANCE_WATERWAY,Faculty of Geo-Atmospheric Stabilization,0.6333,-1.0,11750.73,75109.4,-572.98,76023.03,81.11,34028.62,-0.9912,0.1244,0.0459,35000.0,3
1378,Petal,2,ZONE_FACULTY_CLIMATE,Faculty of Geo-Atmospheric Stabilization,0.6333,-0.875,10281.89,75109.4,435.72,75809.89,82.21,34028.62,-0.9911,0.1247,0.0457,35000.0,3
1379,Petal,2,ZONE_FACULTY_CLIMATE,Faculty of Geo-Atmospheric Stabilization,0.6333,-0.75,8813.04,75109.4,1344.5,75624.68,83.31,34028.62,-0.9911,0.1249,0.0456,35000.0,3
1380,Petal,2,ZONE_FACULTY_CLIMATE,Faculty of Geo-Atmospheric Stabilization,0.6333,-0.625,7344.2,75109.4,2153.35,75467.61,84.42,34028.62,-0.9911,0.125,0.0454,35000.0,3
1381,Petal,2,ZONE_FACULTY_CLIMATE,Faculty of Geo-Atmospheric Stabilization,0.6333,-0.5,5875.36,75109.4,2862.29,75338.85,85.53,34028.62,-0.9911,0.125,0.0453,35000.0,3
1382,Petal,2,ZONE_FACULTY_CLIMATE,Faculty of Geo-Atmospheric Stabilization,0.6333,-0.375,4406.52,75109.4,3471.31,75238.55,86.64,34028.62,-0.9911,0.125,0.0451,35000.0,3
1383,Petal,2,ZONE_FACULTY_CLIMATE,Faculty of Geo-Atmospheric Stabilization,0.6333,-0.25,2937.68,75109.4,3980.41,75166.83,87.76,34028.62,-0.9912,0.1249,0.045,35000.0,3
1384,Petal,2,ZONE_FACULTY_CLIMATE,Faculty of Geo-Atmospheric Stabilization,0.6333,-0.125,1468.84,75109.4,4389.59,75123.76,88.88,34028.62,-0.9912,0.1247,0.0449,35000.0,3
1385,Petal,2,ZONE_FACULTY_CLIMATE,Faculty of Geo-Atmospheric Stabilization,0.6333,0.0,0.0,75109.4,4698.86,75109.4,90.0,34028.62,-0.9915,0.1226,0.044,35000.0,3
1386,Petal,2,ZONE_FACULTY_CLIMATE,Faculty of Geo-Atmospheric Stabilization,0.6333,0.125,-1468.84,75109.4,4389.59,75123.76,91.12,34028.62,-0.9916,0.1221,0.0439,35000.0,3
1387,Petal,2,ZONE_FACULTY_CLIMATE,Faculty of Geo-Atmospheric Stabilization,0.6333,0.25,-2937.68,75109.4,3980.41,75166.83,92.24,34028.62,-0.9916,0.1215,0.0438,35000.0,3
1388,Petal,2,ZONE_FACULTY_CLIMATE,Faculty of Geo-Atmospheric Stabilization,0.6333,0.375,-4406.52,75109.4,3471.31,75238.55,93.36,34028.62,-0.9917,0.1209,0.0437,35000.0,3
1389,Petal,2,ZONE_FACULTY_CLIMATE,Faculty of Geo-Atmospheric Stabilization,0.6333,0.5,-5875.36,75109.4,2862.29,75338.85,94.47,34028.62,-0.9918,0.1202,0.0435,35000.0,3
1390,Petal,2,ZONE_FACULTY_CLIMATE,Faculty of Geo-Atmospheric Stabilization,0.6333,0.625,-7344.2,75109.4,2153.35,75467.61,95.58,34028.62,-0.9919,0.1194,0.0434,35000.0,3
1391,Petal,2,ZONE_FACULTY_CLIMATE,Faculty of Geo-Atmospheric Stabilization,0.6333,0.75,-8813.04,75109.4,1344.5,75624.68,96.69,34028.62,-0.992,0.1186,0.0433,35000.0,3
1392,Petal,2,ZONE_FACULTY_CLIMATE,Faculty of Geo-Atmospheric Stabilization,0.6333,0.875,-10281.89,75109.4,435.72,75809.89,97.79,34028.62,-0.9921,0.1177,0.0432,35000.0,3
1393,Petal,2,ZONE_CLEARANCE_WATERWAY,Faculty of Geo-Atmospheric Stabilization,0.6333,1.0,-11750.73,75109.4,-572.98,76023.03,98.89,34028.62,-0.9917,0.1205,0.0444,35000.0,3
1394,Petal,2,ZONE_CLEARANCE_WATERWAY,Faculty of Geo-Atmospheric Stabilization,0.6667,-1.0,10524.85,78273.05,-268.53,78977.49,82.34,38904.04,-0.9931,0.111,0.039,35000.0,3
1395,Petal,2,ZONE_FACULTY_CLIMATE,Faculty of Geo-Atmospheric Stabilization,0.6667,-0.875,9209.24,78273.05,692.34,78812.95,83.29,38904.04,-0.993,0.1113,0.0389,35000.0,3
1396,Petal,2,ZONE_FACULTY_CLIMATE,Faculty of Geo-Atmospheric Stabilization,0.6667,-0.75,7893.64,78273.05,1558.48,78670.07,84.24,38904.04,-0.993,0.1116,0.0387,35000.0,3
1397,Petal,2,ZONE_FACULTY_CLIMATE,Faculty of Geo-Atmospheric Stabilization,0.6667,-0.625,6578.03,78273.05,2329.9,78548.98,85.2,38904.04,-0.993,0.1118,0.0386,35000.0,3
1398,Petal,2,ZONE_FACULTY_CLIMATE,Faculty of Geo-Atmospheric Stabilization,0.6667,-0.5,5262.42,78273.05,3006.6,78449.76,86.15,38904.04,-0.993,0.112,0.0385,35000.0,3
1399,Petal,2,ZONE_FACULTY_CLIMATE,Faculty of Geo-Atmospheric Stabilization,0.6667,-0.375,3946.82,78273.05,3588.58,78372.5,87.11,38904.04,-0.993,0.112,0.0384,35000.0,3
1400,Petal,2,ZONE_FACULTY_CLIMATE,Faculty of Geo-Atmospheric Stabilization,0.6667,-0.25,2631.21,78273.05,4075.84,78317.27,88.07,38904.04,-0.993,0.112,0.0383,35000.0,3
1401,Petal,2,ZONE_FACULTY_CLIMATE,Faculty of Geo-Atmospheric Stabilization,0.6667,-0.125,1315.61,78273.05,4468.38,78284.11,89.04,38904.04,-0.993,0.1119,0.0382,35000.0,3
1402,Petal,2,ZONE_FACULTY_CLIMATE,Faculty of Geo-Atmospheric Stabilization,0.6667,0.0,0.0,78273.05,4766.19,78273.05,90.0,38904.04,-0.9932,0.1102,0.0376,35000.0,3
1403,Petal,2,ZONE_FACULTY_CLIMATE,Faculty of Geo-Atmospheric Stabilization,0.6667,0.125,-1315.61,78273.05,4468.38,78284.11,90.96,38904.04,-0.9933,0.1097,0.0375,35000.0,3
1404,Petal,2,ZONE_FACULTY_CLIMATE,Faculty of Geo-Atmospheric Stabilization,0.6667,0.25,-2631.21,78273.05,4075.84,78317.27,91.93,38904.04,-0.9933,0.1092,0.0374,35000.0,3
1405,Petal,2,ZONE_FACULTY_CLIMATE,Faculty of Geo-Atmospheric Stabilization,0.6667,0.375,-3946.82,78273.05,3588.58,78372.5,92.89,38904.04,-0.9934,0.1087,0.0373,35000.0,3
1406,Petal,2,ZONE_FACULTY_CLIMATE,Faculty of Geo-Atmospheric Stabilization,0.6667,0.5,-5262.42,78273.05,3006.6,78449.76,93.85,38904.04,-0.9935,0.108,0.0372,35000.0,3
1407,Petal,2,ZONE_FACULTY_CLIMATE,Faculty of Geo-Atmospheric Stabilization,0.6667,0.625,-6578.03,78273.05,2329.9,78548.98,94.8,38904.04,-0.9935,0.1073,0.0371,35000.0,3
1408,Petal,2,ZONE_FACULTY_CLIMATE,Faculty of Geo-Atmospheric Stabilization,0.6667,0.75,-7893.64,78273.05,1558.48,78670.07,95.76,38904.04,-0.9936,0.1065,0.037,35000.0,3
1409,Petal,2,ZONE_FACULTY_CLIMATE,Faculty of Geo-Atmospheric Stabilization,0.6667,0.875,-9209.24,78273.05,692.34,78812.95,96.71,38904.04,-0.9937,0.1057,0.0369,35000.0,3
1410,Petal,2,ZONE_CLEARANCE_WATERWAY,Faculty of Geo-Atmospheric Stabilization,0.6667,1.0,-10524.85,78273.05,-268.53,78977.49,97.66,38904.04,-0.9935,0.1078,0.0378,35000.0,3
1411,Petal,2,ZONE_CLEARANCE_WATERWAY,Faculty of Geo-Atmospheric Stabilization,0.7,-1.0,9297.03,81436.71,69.13,81965.68,83.49,43783.34,-0.9947,0.0974,0.0327,35000.0,3
1412,Petal,2,ZONE_FACULTY_CLIMATE,Faculty of Geo-Atmospheric Stabilization,0.7,-0.875,8134.9,81436.71,972.39,81842.01,84.3,43783.34,-0.9947,0.0979,0.0327,35000.0,3
1413,Petal,2,ZONE_FACULTY_CLIMATE,Faculty of Geo-Atmospheric Stabilization,0.7,-0.75,6972.77,81436.71,1787.16,81734.67,85.11,43783.34,-0.9946,0.0983,0.0326,35000.0,3
1414,Petal,2,ZONE_FACULTY_CLIMATE,Faculty of Geo-Atmospheric Stabilization,0.7,-0.625,5810.64,81436.71,2513.44,81643.74,85.92,43783.34,-0.9946,0.0986,0.0325,35000.0,3
1415,Petal,2,ZONE_FACULTY_CLIMATE,Faculty of Geo-Atmospheric Stabilization,0.7,-0.5,4648.51,81436.71,3151.24,81569.27,86.73,43783.34,-0.9946,0.0989,0.0324,35000.0,3
1416,Petal,2,ZONE_FACULTY_CLIMATE,Faculty of Geo-Atmospheric Stabilization,0.7,-0.375,3486.39,81436.71,3700.55,81511.3,87.55,43783.34,-0.9946,0.0991,0.0323,35000.0,3
1417,Petal,2,ZONE_FACULTY_CLIMATE,Faculty of Geo-Atmospheric Stabilization,0.7,-0.25,2324.26,81436.71,4161.38,81469.87,88.37,43783.34,-0.9945,0.0992,0.0322,35000.0,3
1418,Petal,2,ZONE_FACULTY_CLIMATE,Faculty of Geo-Atmospheric Stabilization,0.7,-0.125,1162.13,81436.71,4533.72,81445.0,89.18,43783.34,-0.9945,0.0992,0.0322,35000.0,3
1419,Petal,2,ZONE_FACULTY_CLIMATE,Faculty of Geo-Atmospheric Stabilization,0.7,0.0,0.0,81436.71,4817.57,81436.71,90.0,43783.34,-0.9947,0.0979,0.0317,35000.0,3
1420,Petal,2,ZONE_FACULTY_CLIMATE,Faculty of Geo-Atmospheric Stabilization,0.7,0.125,-1162.13,81436.71,4533.72,81445.0,90.82,43783.34,-0.9947,0.0975,0.0316,35000.0,3
1421,Petal,2,ZONE_FACULTY_CLIMATE,Faculty of Geo-Atmospheric Stabilization,0.7,0.25,-2324.26,81436.71,4161.38,81469.87,91.63,43783.34,-0.9948,0.097,0.0315,35000.0,3
1422,Petal,2,ZONE_FACULTY_CLIMATE,Faculty of Geo-Atmospheric Stabilization,0.7,0.375,-3486.39,81436.71,3700.55,81511.3,92.45,43783.34,-0.9948,0.0964,0.0314,35000.0,3
1423,Petal,2,ZONE_FACULTY_CLIMATE,Faculty of Geo-Atmospheric Stabilization,0.7,0.5,-4648.51,81436.71,3151.24,81569.27,93.27,43783.34,-0.9949,0.0958,0.0314,35000.0,3
1424,Petal,2,ZONE_FACULTY_CLIMATE,Faculty of Geo-Atmospheric Stabilization,0.7,0.625,-5810.64,81436.71,2513.44,81643.74,94.08,43783.34,-0.995,0.095,0.0313,35000.0,3
1425,Petal,2,ZONE_FACULTY_CLIMATE,Faculty of Geo-Atmospheric Stabilization,0.7,0.75,-6972.77,81436.71,1787.16,81734.67,94.89,43783.34,-0.9951,0.0942,0.0312,35000.0,3
1426,Petal,2,ZONE_FACULTY_CLIMATE,Faculty of Geo-Atmospheric Stabilization,0.7,0.875,-8134.9,81436.71,972.39,81842.01,95.7,43783.34,-0.9951,0.0934,0.0312,35000.0,3
1427,Petal,2,ZONE_CLEARANCE_WATERWAY,Faculty of Geo-Atmospheric Stabilization,0.7,1.0,-9297.03,81436.71,69.13,81965.68,96.51,43783.34,-0.995,0.0949,0.0319,35000.0,3
1428,Petal,2,ZONE_CLEARANCE_WATERWAY,Faculty of Geo-Atmospheric Stabilization,0.7333,-1.0,8077.5,84600.36,422.8,84985.1,84.55,48646.06,-0.9962,0.0829,0.0281,35000.0,3
1429,Petal,2,ZONE_FACULTY_CLIMATE,Faculty of Geo-Atmospheric Stabilization,0.7333,-0.875,7067.81,84600.36,1230.47,84895.08,85.22,48646.06,-0.9961,0.0839,0.028,35000.0,3
1430,Petal,2,ZONE_FACULTY_CLIMATE,Faculty of Geo-Atmospheric Stabilization,0.7333,-0.75,6058.13,84600.36,1959.64,84816.99,85.9,48646.06,-0.996,0.0847,0.0279,35000.0,3
1431,Petal,2,ZONE_FACULTY_CLIMATE,Faculty of Geo-Atmospheric Stabilization,0.7333,-0.625,5048.44,84600.36,2610.33,84750.86,86.58,48646.06,-0.996,0.0854,0.0279,35000.0,3
1432,Petal,2,ZONE_FACULTY_CLIMATE,Faculty of Geo-Atmospheric Stabilization,0.7333,-0.5,4038.75,84600.36,3182.51,84696.71,87.27,48646.06,-0.9959,0.086,0.0278,35000.0,3
1433,Petal,2,ZONE_FACULTY_CLIMATE,Faculty of Geo-Atmospheric Stabilization,0.7333,-0.375,3029.06,84600.36,3676.21,84654.57,87.95,48646.06,-0.9959,0.0865,0.0278,35000.0,3
1434,Petal,2,ZONE_FACULTY_CLIMATE,Faculty of Geo-Atmospheric Stabilization,0.7333,-0.25,2019.38,84600.36,4091.41,84624.46,88.63,48646.06,-0.9958,0.0869,0.0277,35000.0,3
1435,Petal,2,ZONE_FACULTY_CLIMATE,Faculty of Geo-Atmospheric Stabilization,0.7333,-0.125,1009.69,84600.36,4428.12,84606.38,89.32,48646.06,-0.9958,0.0871,0.0276,35000.0,3
1436,Petal,2,ZONE_FACULTY_CLIMATE,Faculty of Geo-Atmospheric Stabilization,0.7333,0.0,0.0,84600.36,4686.33,84600.36,90.0,48646.06,-0.9959,0.0862,0.0272,35000.0,3
1437,Petal,2,ZONE_FACULTY_CLIMATE,Faculty of Geo-Atmospheric Stabilization,0.7333,0.125,-1009.69,84600.36,4428.12,84606.38,90.68,48646.06,-0.9959,0.0858,0.0272,35000.0,3
1438,Petal,2,ZONE_FACULTY_CLIMATE,Faculty of Geo-Atmospheric Stabilization,0.7333,0.25,-2019.38,84600.36,4091.41,84624.46,91.37,48646.06,-0.996,0.0851,0.0271,35000.0,3
1439,Petal,2,ZONE_FACULTY_CLIMATE,Faculty of Geo-Atmospheric Stabilization,0.7333,0.375,-3029.06,84600.36,3676.21,84654.57,92.05,48646.06,-0.9961,0.0844,0.0271,35000.0,3
1440,Petal,2,ZONE_FACULTY_CLIMATE,Faculty of Geo-Atmospheric Stabilization,0.7333,0.5,-4038.75,84600.36,3182.51,84696.71,92.73,48646.06,-0.9961,0.0836,0.027,35000.0,3
1441,Petal,2,ZONE_FACULTY_CLIMATE,Faculty of Geo-Atmospheric Stabilization,0.7333,0.625,-5048.44,84600.36,2610.33,84750.86,93.42,48646.06,-0.9962,0.0827,0.027,35000.0,3
1442,Petal,2,ZONE_FACULTY_CLIMATE,Faculty of Geo-Atmospheric Stabilization,0.7333,0.75,-6058.13,84600.36,1959.64,84816.99,94.1,48646.06,-0.9963,0.0816,0.0269,35000.0,3
1443,Petal,2,ZONE_FACULTY_CLIMATE,Faculty of Geo-Atmospheric Stabilization,0.7333,0.875,-7067.81,84600.36,1230.47,84895.08,94.78,48646.06,-0.9964,0.0804,0.0269,35000.0,3
1444,Petal,2,ZONE_CLEARANCE_WATERWAY,Faculty of Geo-Atmospheric Stabilization,0.7333,1.0,-8077.5,84600.36,422.8,84985.1,95.45,48646.06,-0.9963,0.081,0.0274,35000.0,3
1445,Petal,2,ZONE_CLEARANCE_WATERWAY,Faculty of Geo-Atmospheric Stabilization,0.7667,-1.0,6876.0,87764.01,729.61,88032.96,85.52,53472.72,-0.9973,0.0696,0.0252,35000.0,3
1446,Petal,2,ZONE_FACULTY_CLIMATE,Faculty of Geo-Atmospheric Stabilization,0.7667,-0.875,6016.5,87764.01,1394.3,87970.0,86.08,53472.72,-0.9972,0.0707,0.0252,35000.0,3
1447,Petal,2,ZONE_FACULTY_CLIMATE,Faculty of Geo-Atmospheric Stabilization,0.7667,-0.75,5157.0,87764.01,1995.05,87915.39,86.64,53472.72,-0.9971,0.0717,0.0251,35000.0,3
1448,Petal,2,ZONE_FACULTY_CLIMATE,Faculty of Geo-Atmospheric Stabilization,0.7667,-0.625,4297.5,87764.01,2531.84,87869.17,87.2,53472.72,-0.997,0.0726,0.0251,35000.0,3
1449,Petal,2,ZONE_FACULTY_CLIMATE,Faculty of Geo-Atmospheric Stabilization,0.7667,-0.5,3438.0,87764.01,3004.68,87831.33,87.76,53472.72,-0.997,0.0733,0.025,35000.0,3
1450,Petal,2,ZONE_FACULTY_CLIMATE,Faculty of Geo-Atmospheric Stabilization,0.7667,-0.375,2578.5,87764.01,3413.57,87801.88,88.32,53472.72,-0.997,0.0739,0.025,35000.0,3
1451,Petal,2,ZONE_FACULTY_CLIMATE,Faculty of Geo-Atmospheric Stabilization,0.7667,-0.25,1719.0,87764.01,3758.51,87780.85,88.88,53472.72,-0.9969,0.0744,0.0249,35000.0,3
1452,Petal,2,ZONE_FACULTY_CLIMATE,Faculty of Geo-Atmospheric Stabilization,0.7667,-0.125,859.5,87764.01,4039.5,87768.22,89.44,53472.72,-0.9969,0.0748,0.0249,35000.0,3
1453,Petal,2,ZONE_FACULTY_CLIMATE,Faculty of Geo-Atmospheric Stabilization,0.7667,0.0,0.0,87764.01,4256.54,87764.01,90.0,53472.72,-0.9969,0.0742,0.0246,35000.0,3
1454,Petal,2,ZONE_FACULTY_CLIMATE,Faculty of Geo-Atmospheric Stabilization,0.7667,0.125,-859.5,87764.01,4039.5,87768.22,90.56,53472.72,-0.997,0.0737,0.0245,35000.0,3
1455,Petal,2,ZONE_FACULTY_CLIMATE,Faculty of Geo-Atmospheric Stabilization,0.7667,0.25,-1719.0,87764.01,3758.51,87780.85,91.12,53472.72,-0.997,0.0731,0.0245,35000.0,3
1456,Petal,2,ZONE_FACULTY_CLIMATE,Faculty of Geo-Atmospheric Stabilization,0.7667,0.375,-2578.5,87764.01,3413.57,87801.88,91.68,53472.72,-0.9971,0.0723,0.0244,35000.0,3
1457,Petal,2,ZONE_FACULTY_CLIMATE,Faculty of Geo-Atmospheric Stabilization,0.7667,0.5,-3438.0,87764.01,3004.68,87831.33,92.24,53472.72,-0.9971,0.0715,0.0244,35000.0,3
1458,Petal,2,ZONE_FACULTY_CLIMATE,Faculty of Geo-Atmospheric Stabilization,0.7667,0.625,-4297.5,87764.01,2531.84,87869.17,92.8,53472.72,-0.9972,0.0705,0.0243,35000.0,3
1459,Petal,2,ZONE_FACULTY_CLIMATE,Faculty of Geo-Atmospheric Stabilization,0.7667,0.75,-5157.0,87764.01,1995.05,87915.39,93.36,53472.72,-0.9973,0.0694,0.0243,35000.0,3
1460,Petal,2,ZONE_FACULTY_CLIMATE,Faculty of Geo-Atmospheric Stabilization,0.7667,0.875,-6016.5,87764.01,1394.3,87970.0,93.92,53472.72,-0.9974,0.0682,0.0243,35000.0,3
1461,Petal,2,ZONE_CLEARANCE_WATERWAY,Faculty of Geo-Atmospheric Stabilization,0.7667,1.0,-6876.0,87764.01,729.61,88032.96,94.48,53472.72,-0.9974,0.0682,0.0247,35000.0,3
1462,Petal,2,ZONE_CLEARANCE_WATERWAY,Faculty of Geo-Atmospheric Stabilization,0.8,-1.0,5702.04,90927.66,931.72,91106.28,86.41,58244.3,-0.9981,0.0571,0.0236,35000.0,3
1463,Petal,2,ZONE_FACULTY_CLIMATE,Faculty of Geo-Atmospheric Stabilization,0.8,-0.875,4989.29,90927.66,1433.09,91064.45,86.86,58244.3,-0.998,0.0582,0.0235,35000.0,3
1464,Petal,2,ZONE_FACULTY_CLIMATE,Faculty of Geo-Atmospheric Stabilization,0.8,-0.75,4276.53,90927.66,1886.84,91028.18,87.31,58244.3,-0.998,0.0592,0.0235,35000.0,3
1465,Petal,2,ZONE_FACULTY_CLIMATE,Faculty of Geo-Atmospheric Stabilization,0.8,-0.625,3563.78,90927.66,2292.97,90997.48,87.76,58244.3,-0.9979,0.0601,0.0235,35000.0,3
1466,Petal,2,ZONE_FACULTY_CLIMATE,Faculty of Geo-Atmospheric Stabilization,0.8,-0.5,2851.02,90927.66,2651.47,90972.35,88.2,58244.3,-0.9979,0.0608,0.0234,35000.0,3
1467,Petal,2,ZONE_FACULTY_CLIMATE,Faculty of Geo-Atmospheric Stabilization,0.8,-0.375,2138.27,90927.66,2962.36,90952.8,88.65,58244.3,-0.9978,0.0615,0.0234,35000.0,3
1468,Petal,2,ZONE_FACULTY_CLIMATE,Faculty of Geo-Atmospheric Stabilization,0.8,-0.25,1425.51,90927.66,3225.62,90938.84,89.1,58244.3,-0.9978,0.062,0.0234,35000.0,3
1469,Petal,2,ZONE_FACULTY_CLIMATE,Faculty of Geo-Atmospheric Stabilization,0.8,-0.125,712.76,90927.66,3441.26,90930.46,89.55,58244.3,-0.9978,0.0624,0.0233,35000.0,3
1470,Petal,2,ZONE_FACULTY_CLIMATE,Faculty of Geo-Atmospheric Stabilization,0.8,0.0,0.0,90927.66,3609.28,90927.66,90.0,58244.3,-0.9978,0.0621,0.0231,35000.0,3
1471,Petal,2,ZONE_FACULTY_CLIMATE,Faculty of Geo-Atmospheric Stabilization,0.8,0.125,-712.76,90927.66,3441.26,90930.46,90.45,58244.3,-0.9978,0.0616,0.023,35000.0,3
1472,Petal,2,ZONE_FACULTY_CLIMATE,Faculty of Geo-Atmospheric Stabilization,0.8,0.25,-1425.51,90927.66,3225.62,90938.84,90.9,58244.3,-0.9979,0.061,0.023,35000.0,3
1473,Petal,2,ZONE_FACULTY_CLIMATE,Faculty of Geo-Atmospheric Stabilization,0.8,0.375,-2138.27,90927.66,2962.36,90952.8,91.35,58244.3,-0.9979,0.0603,0.023,35000.0,3
1474,Petal,2,ZONE_FACULTY_CLIMATE,Faculty of Geo-Atmospheric Stabilization,0.8,0.5,-2851.02,90927.66,2651.47,90972.35,91.8,58244.3,-0.998,0.0595,0.0229,35000.0,3
1475,Petal,2,ZONE_FACULTY_CLIMATE,Faculty of Geo-Atmospheric Stabilization,0.8,0.625,-3563.78,90927.66,2292.97,90997.48,92.24,58244.3,-0.998,0.0586,0.0229,35000.0,3
1476,Petal,2,ZONE_FACULTY_CLIMATE,Faculty of Geo-Atmospheric Stabilization,0.8,0.75,-4276.53,90927.66,1886.84,91028.18,92.69,58244.3,-0.9981,0.0576,0.0229,35000.0,3
1477,Petal,2,ZONE_FACULTY_CLIMATE,Faculty of Geo-Atmospheric Stabilization,0.8,0.875,-4989.29,90927.66,1433.09,91064.45,93.14,58244.3,-0.9981,0.0564,0.0228,35000.0,3
1478,Petal,2,ZONE_CLEARANCE_WATERWAY,Faculty of Geo-Atmospheric Stabilization,0.8,1.0,-5702.04,90927.66,931.72,91106.28,93.59,58244.3,-0.9982,0.0561,0.0232,35000.0,3
1479,Petal,2,ZONE_CLEARANCE_WATERWAY,Faculty of Geo-Atmospheric Stabilization,0.8333,-1.0,4565.27,94091.32,992.95,94202.01,87.22,62941.5,-0.9987,0.0453,0.023,35000.0,3
1480,Petal,2,ZONE_FACULTY_CLIMATE,Faculty of Geo-Atmospheric Stabilization,0.8333,-0.875,3994.61,94091.32,1334.24,94176.07,87.57,62941.5,-0.9987,0.0464,0.0229,35000.0,3
1481,Petal,2,ZONE_FACULTY_CLIMATE,Faculty of Geo-Atmospheric Stabilization,0.8333,-0.75,3423.95,94091.32,1643.64,94153.6,87.92,62941.5,-0.9986,0.0473,0.0229,35000.0,3
1482,Petal,2,ZONE_FACULTY_CLIMATE,Faculty of Geo-Atmospheric Stabilization,0.8333,-0.625,2853.3,94091.32,1921.17,94134.57,88.26,62941.5,-0.9986,0.0481,0.0229,35000.0,3
1483,Petal,2,ZONE_FACULTY_CLIMATE,Faculty of Geo-Atmospheric Stabilization,0.8333,-0.5,2282.64,94091.32,2166.81,94119.0,88.61,62941.5,-0.9985,0.0488,0.0229,35000.0,3
1484,Petal,2,ZONE_FACULTY_CLIMATE,Faculty of Geo-Atmospheric Stabilization,0.8333,-0.375,1711.98,94091.32,2380.56,94106.89,88.96,62941.5,-0.9985,0.0493,0.0228,35000.0,3
1485,Petal,2,ZONE_FACULTY_CLIMATE,Faculty of Geo-Atmospheric Stabilization,0.8333,-0.25,1141.32,94091.32,2562.44,94098.24,89.31,62941.5,-0.9985,0.0498,0.0228,35000.0,3
1486,Petal,2,ZONE_FACULTY_CLIMATE,Faculty of Geo-Atmospheric Stabilization,0.8333,-0.125,570.66,94091.32,2712.43,94093.05,89.65,62941.5,-0.9985,0.0502,0.0228,35000.0,3
1487,Petal,2,ZONE_FACULTY_CLIMATE,Faculty of Geo-Atmospheric Stabilization,0.8333,0.0,0.0,94091.32,2830.55,94091.32,90.0,62941.5,-0.9985,0.0501,0.0225,35000.0,3
1488,Petal,2,ZONE_FACULTY_CLIMATE,Faculty of Geo-Atmospheric Stabilization,0.8333,0.125,-570.66,94091.32,2712.43,94093.05,90.35,62941.5,-0.9985,0.0497,0.0225,35000.0,3
1489,Petal,2,ZONE_FACULTY_CLIMATE,Faculty of Geo-Atmospheric Stabilization,0.8333,0.25,-1141.32,94091.32,2562.44,94098.24,90.69,62941.5,-0.9985,0.0492,0.0225,35000.0,3
1490,Petal,2,ZONE_FACULTY_CLIMATE,Faculty of Geo-Atmospheric Stabilization,0.8333,0.375,-1711.98,94091.32,2380.56,94106.89,91.04,62941.5,-0.9986,0.0486,0.0225,35000.0,3
1491,Petal,2,ZONE_FACULTY_CLIMATE,Faculty of Geo-Atmospheric Stabilization,0.8333,0.5,-2282.64,94091.32,2166.81,94119.0,91.39,62941.5,-0.9986,0.0479,0.0224,35000.0,3
1492,Petal,2,ZONE_FACULTY_CLIMATE,Faculty of Geo-Atmospheric Stabilization,0.8333,0.625,-2853.3,94091.32,1921.17,94134.57,91.74,62941.5,-0.9986,0.0471,0.0224,35000.0,3
1493,Petal,2,ZONE_FACULTY_CLIMATE,Faculty of Geo-Atmospheric Stabilization,0.8333,0.75,-3423.95,94091.32,1643.64,94153.6,92.08,62941.5,-0.9987,0.0462,0.0224,35000.0,3
1494,Petal,2,ZONE_FACULTY_CLIMATE,Faculty of Geo-Atmospheric Stabilization,0.8333,0.875,-3994.61,94091.32,1334.24,94176.07,92.43,62941.5,-0.9987,0.0452,0.0224,35000.0,3
1495,Petal,2,ZONE_CLEARANCE_WATERWAY,Faculty of Geo-Atmospheric Stabilization,0.8333,1.0,-4565.27,94091.32,992.95,94202.01,92.78,62941.5,-0.9987,0.0447,0.0226,35000.0,3
1496,Petal,2,ZONE_CLEARANCE_WATERWAY,Faculty of Geo-Atmospheric Stabilization,0.8667,-1.0,3476.07,97254.97,903.97,97317.07,87.95,67543.58,-0.9991,0.0343,0.0235,35000.0,3
1497,Petal,2,ZONE_HARBOR_BERTH,Faculty of Geo-Atmospheric Stabilization,0.8667,-0.875,3041.56,97254.97,1107.01,97302.52,88.21,67543.58,-0.9991,0.0352,0.0234,35000.0,3
1498,Petal,2,ZONE_HARBOR_BERTH,Faculty of Geo-Atmospheric Stabilization,0.8667,-0.75,2607.05,97254.97,1291.5,97289.91,88.46,67543.58,-0.9991,0.0359,0.0234,35000.0,3
1499,Petal,2,ZONE_HARBOR_BERTH,Faculty of Geo-Atmospheric Stabilization,0.8667,-0.625,2172.54,97254.97,1457.44,97279.23,88.72,67543.58,-0.9991,0.0366,0.0234,35000.0,3
1500,Petal,2,ZONE_HARBOR_BERTH,Faculty of Geo-Atmospheric Stabilization,0.8667,-0.5,1738.03,97254.97,1604.83,97270.5,88.98,67543.58,-0.999,0.0372,0.0234,35000.0,3
1501,Petal,2,ZONE_HARBOR_BERTH,Faculty of Geo-Atmospheric Stabilization,0.8667,-0.375,1303.52,97254.97,1733.66,97263.71,89.23,67543.58,-0.999,0.0377,0.0233,35000.0,3
1502,Petal,2,ZONE_HARBOR_BERTH,Faculty of Geo-Atmospheric Stabilization,0.8667,-0.25,869.02,97254.97,1843.94,97258.85,89.49,67543.58,-0.999,0.0381,0.0233,35000.0,3
1503,Petal,2,ZONE_HARBOR_BERTH,Faculty of Geo-Atmospheric Stabilization,0.8667,-0.125,434.51,97254.97,1935.68,97255.94,89.74,67543.58,-0.999,0.0384,0.0233,35000.0,3
1504,Petal,2,ZONE_HARBOR_BERTH,Faculty of Geo-Atmospheric Stabilization,0.8667,0.0,0.0,97254.97,2008.86,97254.97,90.0,67543.58,-0.999,0.0384,0.0231,35000.0,3
1505,Petal,2,ZONE_HARBOR_BERTH,Faculty of Geo-Atmospheric Stabilization,0.8667,0.125,-434.51,97254.97,1935.68,97255.94,90.26,67543.58,-0.999,0.0381,0.0231,35000.0,3
1506,Petal,2,ZONE_HARBOR_BERTH,Faculty of Geo-Atmospheric Stabilization,0.8667,0.25,-869.02,97254.97,1843.94,97258.85,90.51,67543.58,-0.999,0.0377,0.0231,35000.0,3
1507,Petal,2,ZONE_HARBOR_BERTH,Faculty of Geo-Atmospheric Stabilization,0.8667,0.375,-1303.52,97254.97,1733.66,97263.71,90.77,67543.58,-0.999,0.0372,0.023,35000.0,3
1508,Petal,2,ZONE_HARBOR_BERTH,Faculty of Geo-Atmospheric Stabilization,0.8667,0.5,-1738.03,97254.97,1604.83,97270.5,91.02,67543.58,-0.9991,0.0366,0.023,35000.0,3
1509,Petal,2,ZONE_HARBOR_BERTH,Faculty of Geo-Atmospheric Stabilization,0.8667,0.625,-2172.54,97254.97,1457.44,97279.23,91.28,67543.58,-0.9991,0.036,0.023,35000.0,3
1510,Petal,2,ZONE_HARBOR_BERTH,Faculty of Geo-Atmospheric Stabilization,0.8667,0.75,-2607.05,97254.97,1291.5,97289.91,91.54,67543.58,-0.9991,0.0353,0.023,35000.0,3
1511,Petal,2,ZONE_HARBOR_BERTH,Faculty of Geo-Atmospheric Stabilization,0.8667,0.875,-3041.56,97254.97,1107.01,97302.52,91.79,67543.58,-0.9991,0.0345,0.023,35000.0,3
1512,Petal,2,ZONE_CLEARANCE_WATERWAY,Faculty of Geo-Atmospheric Stabilization,0.8667,1.0,-3476.07,97254.97,903.97,97317.07,92.05,67543.58,-0.9992,0.0339,0.0232,35000.0,3
1513,Petal,2,ZONE_CLEARANCE_WATERWAY,Faculty of Geo-Atmospheric Stabilization,0.9,-1.0,2446.62,100418.62,686.49,100448.42,88.6,72026.13,-0.9994,0.0241,0.0255,35000.0,3
1514,Petal,2,ZONE_HARBOR_BERTH,Faculty of Geo-Atmospheric Stabilization,0.9,-0.875,2140.79,100418.62,785.44,100441.44,88.78,72026.13,-0.9994,0.0247,0.0255,35000.0,3
1515,Petal,2,ZONE_HARBOR_BERTH,Faculty of Geo-Atmospheric Stabilization,0.9,-0.75,1834.97,100418.62,875.63,100435.39,88.95,72026.13,-0.9994,0.0253,0.0255,35000.0,3
1516,Petal,2,ZONE_HARBOR_BERTH,Faculty of Geo-Atmospheric Stabilization,0.9,-0.625,1529.14,100418.62,957.06,100430.26,89.13,72026.13,-0.9993,0.0258,0.0254,35000.0,3
1517,Petal,2,ZONE_HARBOR_BERTH,Faculty of Geo-Atmospheric Stabilization,0.9,-0.5,1223.31,100418.62,1029.72,100426.07,89.3,72026.13,-0.9993,0.0262,0.0254,35000.0,3
1518,Petal,2,ZONE_HARBOR_BERTH,Faculty of Geo-Atmospheric Stabilization,0.9,-0.375,917.48,100418.62,1093.62,100422.81,89.48,72026.13,-0.9993,0.0266,0.0254,35000.0,3
1519,Petal,2,ZONE_HARBOR_BERTH,Faculty of Geo-Atmospheric Stabilization,0.9,-0.25,611.66,100418.62,1148.76,100420.49,89.65,72026.13,-0.9993,0.0269,0.0254,35000.0,3
1520,Petal,2,ZONE_HARBOR_BERTH,Faculty of Geo-Atmospheric Stabilization,0.9,-0.125,305.83,100418.62,1195.14,100419.09,89.83,72026.13,-0.9993,0.0272,0.0254,35000.0,3
1521,Petal,2,ZONE_HARBOR_BERTH,Faculty of Geo-Atmospheric Stabilization,0.9,0.0,0.0,100418.62,1232.75,100418.62,90.0,72026.13,-0.9993,0.0272,0.0252,35000.0,3
1522,Petal,2,ZONE_HARBOR_BERTH,Faculty of Geo-Atmospheric Stabilization,0.9,0.125,-305.83,100418.62,1195.14,100419.09,90.17,72026.13,-0.9993,0.027,0.0252,35000.0,3
1523,Petal,2,ZONE_HARBOR_BERTH,Faculty of Geo-Atmospheric Stabilization,0.9,0.25,-611.66,100418.62,1148.76,100420.49,90.35,72026.13,-0.9993,0.0267,0.0252,35000.0,3
1524,Petal,2,ZONE_HARBOR_BERTH,Faculty of Geo-Atmospheric Stabilization,0.9,0.375,-917.48,100418.62,1093.62,100422.81,90.52,72026.13,-0.9993,0.0263,0.0252,35000.0,3
1525,Petal,2,ZONE_HARBOR_BERTH,Faculty of Geo-Atmospheric Stabilization,0.9,0.5,-1223.31,100418.62,1029.72,100426.07,90.7,72026.13,-0.9993,0.0259,0.0251,35000.0,3
1526,Petal,2,ZONE_HARBOR_BERTH,Faculty of Geo-Atmospheric Stabilization,0.9,0.625,-1529.14,100418.62,957.06,100430.26,90.87,72026.13,-0.9994,0.0254,0.0251,35000.0,3
1527,Petal,2,ZONE_HARBOR_BERTH,Faculty of Geo-Atmospheric Stabilization,0.9,0.75,-1834.97,100418.62,875.63,100435.39,91.05,72026.13,-0.9994,0.0249,0.0251,35000.0,3
1528,Petal,2,ZONE_HARBOR_BERTH,Faculty of Geo-Atmospheric Stabilization,0.9,0.875,-2140.79,100418.62,785.44,100441.44,91.22,72026.13,-0.9994,0.0243,0.0251,35000.0,3
1529,Petal,2,ZONE_CLEARANCE_WATERWAY,Faculty of Geo-Atmospheric Stabilization,0.9,1.0,-2446.62,100418.62,686.49,100448.42,91.4,72026.13,-0.9994,0.0239,0.0253,35000.0,3
1530,Petal,2,ZONE_CLEARANCE_WATERWAY,Faculty of Geo-Atmospheric Stabilization,0.9333,-1.0,1493.42,103582.28,396.26,103593.04,89.17,76356.19,-0.9994,0.0147,0.0308,35000.0,3
1531,Petal,2,ZONE_HARBOR_BERTH,Faculty of Geo-Atmospheric Stabilization,0.9333,-0.875,1306.74,103582.28,430.28,103590.52,89.28,76356.19,-0.9994,0.0151,0.0307,35000.0,3
1532,Petal,2,ZONE_HARBOR_BERTH,Faculty of Geo-Atmospheric Stabilization,0.9333,-0.75,1120.07,103582.28,461.44,103588.33,89.38,76356.19,-0.9994,0.0154,0.0307,35000.0,3
1533,Petal,2,ZONE_HARBOR_BERTH,Faculty of Geo-Atmospheric Stabilization,0.9333,-0.625,933.39,103582.28,489.73,103586.48,89.48,76356.19,-0.9994,0.0158,0.0307,35000.0,3
1534,Petal,2,ZONE_HARBOR_BERTH,Faculty of Geo-Atmospheric Stabilization,0.9333,-0.5,746.71,103582.28,515.14,103584.97,89.59,76356.19,-0.9994,0.016,0.0307,35000.0,3
1535,Petal,2,ZONE_HARBOR_BERTH,Faculty of Geo-Atmospheric Stabilization,0.9333,-0.375,560.03,103582.28,537.69,103583.79,89.69,76356.19,-0.9994,0.0163,0.0307,35000.0,3
1536,Petal,2,ZONE_HARBOR_BERTH,Faculty of Geo-Atmospheric Stabilization,0.9333,-0.25,373.36,103582.28,557.37,103582.95,89.79,76356.19,-0.9994,0.0165,0.0307,35000.0,3
1537,Petal,2,ZONE_HARBOR_BERTH,Faculty of Geo-Atmospheric Stabilization,0.9333,-0.125,186.68,103582.28,574.18,103582.44,89.9,76356.19,-0.9994,0.0167,0.0307,35000.0,3
1538,Petal,2,ZONE_HARBOR_BERTH,Faculty of Geo-Atmospheric Stabilization,0.9333,0.0,0.0,103582.28,588.11,103582.28,90.0,76356.19,-0.9994,0.0167,0.0305,35000.0,3
1539,Petal,2,ZONE_HARBOR_BERTH,Faculty of Geo-Atmospheric Stabilization,0.9333,0.125,-186.68,103582.28,574.18,103582.44,90.1,76356.19,-0.9994,0.0166,0.0305,35000.0,3
1540,Petal,2,ZONE_HARBOR_BERTH,Faculty of Geo-Atmospheric Stabilization,0.9333,0.25,-373.36,103582.28,557.37,103582.95,90.21,76356.19,-0.9994,0.0164,0.0305,35000.0,3
1541,Petal,2,ZONE_HARBOR_BERTH,Faculty of Geo-Atmospheric Stabilization,0.9333,0.375,-560.03,103582.28,537.69,103583.79,90.31,76356.19,-0.9994,0.0162,0.0305,35000.0,3
1542,Petal,2,ZONE_HARBOR_BERTH,Faculty of Geo-Atmospheric Stabilization,0.9333,0.5,-746.71,103582.28,515.14,103584.97,90.41,76356.19,-0.9994,0.0159,0.0305,35000.0,3
1543,Petal,2,ZONE_HARBOR_BERTH,Faculty of Geo-Atmospheric Stabilization,0.9333,0.625,-933.39,103582.28,489.73,103586.48,90.52,76356.19,-0.9994,0.0156,0.0304,35000.0,3
1544,Petal,2,ZONE_HARBOR_BERTH,Faculty of Geo-Atmospheric Stabilization,0.9333,0.75,-1120.07,103582.28,461.44,103588.33,90.62,76356.19,-0.9994,0.0153,0.0304,35000.0,3
1545,Petal,2,ZONE_HARBOR_BERTH,Faculty of Geo-Atmospheric Stabilization,0.9333,0.875,-1306.74,103582.28,430.28,103590.52,90.72,76356.19,-0.9994,0.0149,0.0304,35000.0,3
1546,Petal,2,ZONE_CLEARANCE_WATERWAY,Faculty of Geo-Atmospheric Stabilization,0.9333,1.0,-1493.42,103582.28,396.26,103593.04,90.83,76356.19,-0.9994,0.0146,0.0306,35000.0,3
1547,Petal,2,ZONE_CLEARANCE_WATERWAY,Faculty of Geo-Atmospheric Stabilization,0.9667,-1.0,644.79,106745.93,124.82,106747.88,89.65,80477.11,-0.9989,0.0064,0.047,35000.0,3
1548,Petal,2,ZONE_HARBOR_BERTH,Faculty of Geo-Atmospheric Stabilization,0.9667,-0.875,564.19,106745.93,129.94,106747.42,89.7,80477.11,-0.9989,0.0066,0.047,35000.0,3
1549,Petal,2,ZONE_HARBOR_BERTH,Faculty of Geo-Atmospheric Stabilization,0.9667,-0.75,483.59,106745.93,134.66,106747.02,89.74,80477.11,-0.9989,0.0067,0.047,35000.0,3
1550,Petal,2,ZONE_HARBOR_BERTH,Faculty of Geo-Atmospheric Stabilization,0.9667,-0.625,402.99,106745.93,138.99,106746.69,89.78,80477.11,-0.9989,0.0068,0.047,35000.0,3
1551,Petal,2,ZONE_HARBOR_BERTH,Faculty of Geo-Atmospheric Stabilization,0.9667,-0.5,322.39,106745.93,142.93,106746.42,89.83,80477.11,-0.9989,0.007,0.047,35000.0,3
1552,Petal,2,ZONE_HARBOR_BERTH,Faculty of Geo-Atmospheric Stabilization,0.9667,-0.375,241.8,106745.93,146.47,106746.2,89.87,80477.11,-0.9989,0.0071,0.047,35000.0,3
1553,Petal,2,ZONE_HARBOR_BERTH,Faculty of Geo-Atmospheric Stabilization,0.9667,-0.25,161.2,106745.93,149.62,106746.05,89.91,80477.11,-0.9989,0.0072,0.047,35000.0,3
1554,Petal,2,ZONE_HARBOR_BERTH,Faculty of Geo-Atmospheric Stabilization,0.9667,-0.125,80.6,106745.93,152.38,106745.96,89.96,80477.11,-0.9989,0.0072,0.047,35000.0,3
1555,Petal,2,ZONE_HARBOR_BERTH,Faculty of Geo-Atmospheric Stabilization,0.9667,0.0,0.0,106745.93,154.75,106745.93,90.0,80477.11,-0.9989,0.0073,0.0468,35000.0,3
1556,Petal,2,ZONE_HARBOR_BERTH,Faculty of Geo-Atmospheric Stabilization,0.9667,0.125,-80.6,106745.93,152.38,106745.96,90.04,80477.11,-0.9989,0.0072,0.0468,35000.0,3
1557,Petal,2,ZONE_HARBOR_BERTH,Faculty of Geo-Atmospheric Stabilization,0.9667,0.25,-161.2,106745.93,149.62,106746.05,90.09,80477.11,-0.9989,0.0071,0.0468,35000.0,3
1558,Petal,2,ZONE_HARBOR_BERTH,Faculty of Geo-Atmospheric Stabilization,0.9667,0.375,-241.8,106745.93,146.47,106746.2,90.13,80477.11,-0.9989,0.007,0.0468,35000.0,3
1559,Petal,2,ZONE_HARBOR_BERTH,Faculty of Geo-Atmospheric Stabilization,0.9667,0.5,-322.39,106745.93,142.93,106746.42,90.17,80477.11,-0.9989,0.0069,0.0468,35000.0,3
1560,Petal,2,ZONE_HARBOR_BERTH,Faculty of Geo-Atmospheric Stabilization,0.9667,0.625,-402.99,106745.93,138.99,106746.69,90.22,80477.11,-0.9989,0.0068,0.0468,35000.0,3
1561,Petal,2,ZONE_HARBOR_BERTH,Faculty of Geo-Atmospheric Stabilization,0.9667,0.75,-483.59,106745.93,134.66,106747.02,90.26,80477.11,-0.9989,0.0067,0.0468,35000.0,3
1562,Petal,2,ZONE_HARBOR_BERTH,Faculty of Geo-Atmospheric Stabilization,0.9667,0.875,-564.19,106745.93,129.94,106747.42,90.3,80477.11,-0.9989,0.0065,0.0468,35000.0,3
1563,Petal,2,ZONE_CLEARANCE_WATERWAY,Faculty of Geo-Atmospheric Stabilization,0.9667,1.0,-644.79,106745.93,124.82,106747.88,90.35,80477.11,-0.9989,0.0064,0.0469,35000.0,3
1564,Petal,2,ZONE_CLEARANCE_WATERWAY,Faculty of Geo-Atmospheric Stabilization,1.0,-1.0,0.0,109909.58,0.0,109909.58,90.0,84190.36,0.0,0.0,1.0,35000.0,3
1565,Petal,2,ZONE_HARBOR_BERTH,Faculty of Geo-Atmospheric Stabilization,1.0,-0.875,0.0,109909.58,0.0,109909.58,90.0,84190.36,0.0,-0.0,1.0,35000.0,3
1566,Petal,2,ZONE_HARBOR_BERTH,Faculty of Geo-Atmospheric Stabilization,1.0,-0.75,0.0,109909.58,0.0,109909.58,90.0,84190.36,0.0,-0.0,1.0,35000.0,3
1567,Petal,2,ZONE_HARBOR_BERTH,Faculty of Geo-Atmospheric Stabilization,1.0,-0.625,0.0,109909.58,0.0,109909.58,90.0,84190.36,0.0,-0.0,1.0,35000.0,3
1568,Petal,2,ZONE_HARBOR_BERTH,Faculty of Geo-Atmospheric Stabilization,1.0,-0.5,0.0,109909.58,0.0,109909.58,90.0,84190.36,0.0,-0.0,1.0,35000.0,3
1569,Petal,2,ZONE_HARBOR_BERTH,Faculty of Geo-Atmospheric Stabilization,1.0,-0.375,0.0,109909.58,0.0,109909.58,90.0,84190.36,0.0,-0.0,1.0,35000.0,3
1570,Petal,2,ZONE_HARBOR_BERTH,Faculty of Geo-Atmospheric Stabilization,1.0,-0.25,0.0,109909.58,0.0,109909.58,90.0,84190.36,0.0,-0.0,1.0,35000.0,3
1571,Petal,2,ZONE_HARBOR_BERTH,Faculty of Geo-Atmospheric Stabilization,1.0,-0.125,0.0,109909.58,0.0,109909.58,90.0,84190.36,0.0,-0.0,1.0,35000.0,3
1572,Petal,2,ZONE_HARBOR_BERTH,Faculty of Geo-Atmospheric Stabilization,1.0,0.0,0.0,109909.58,0.0,109909.58,90.0,84190.36,0.0,-0.0,1.0,35000.0,3
1573,Petal,2,ZONE_HARBOR_BERTH,Faculty of Geo-Atmospheric Stabilization,1.0,0.125,0.0,109909.58,0.0,109909.58,90.0,84190.36,0.0,-0.0,1.0,35000.0,3
1574,Petal,2,ZONE_HARBOR_BERTH,Faculty of Geo-Atmospheric Stabilization,1.0,0.25,0.0,109909.58,0.0,109909.58,90.0,84190.36,0.0,-0.0,1.0,35000.0,3
1575,Petal,2,ZONE_HARBOR_BERTH,Faculty of Geo-Atmospheric Stabilization,1.0,0.375,0.0,109909.58,0.0,109909.58,90.0,84190.36,0.0,-0.0,1.0,35000.0,3
1576,Petal,2,ZONE_HARBOR_BERTH,Faculty of Geo-Atmospheric Stabilization,1.0,0.5,0.0,109909.58,0.0,109909.58,90.0,84190.36,0.0,-0.0,1.0,35000.0,3
1577,Petal,2,ZONE_HARBOR_BERTH,Faculty of Geo-Atmospheric Stabilization,1.0,0.625,0.0,109909.58,0.0,109909.58,90.0,84190.36,0.0,-0.0,1.0,35000.0,3
1578,Petal,2,ZONE_HARBOR_BERTH,Faculty of Geo-Atmospheric Stabilization,1.0,0.75,0.0,109909.58,0.0,109909.58,90.0,84190.36,0.0,-0.0,1.0,35000.0,3
1579,Petal,2,ZONE_HARBOR_BERTH,Faculty of Geo-Atmospheric Stabilization,1.0,0.875,0.0,109909.58,0.0,109909.58,90.0,84190.36,0.0,-0.0,1.0,35000.0,3
1580,Petal,2,ZONE_CLEARANCE_WATERWAY,Faculty of Geo-Atmospheric Stabilization,1.0,1.0,0.0,109909.58,0.0,109909.58,90.0,84190.36,0.0,0.0,1.0,35000.0,3
1581,Petal,3,ZONE_CLEARANCE_WATERWAY,Faculty of Floating Megastructure Civil Eng,0.0,-1.0,-10606.6,10606.6,0.0,15000.0,135.0,11480.5,-0.0813,0.0813,0.9934,35000.0,4
1582,Petal,3,ZONE_FACULTY_MEGASTRUCT,Faculty of Floating Megastructure Civil Eng,0.0,-0.875,-10606.6,10606.6,0.0,15000.0,135.0,11480.5,-0.041,0.041,0.9983,35000.0,4
1583,Petal,3,ZONE_FACULTY_MEGASTRUCT,Faculty of Floating Megastructure Civil Eng,0.0,-0.75,-10606.6,10606.6,0.0,15000.0,135.0,11480.5,-0.0029,0.0029,1.0,35000.0,4
1584,Petal,3,ZONE_FACULTY_MEGASTRUCT,Faculty of Floating Megastructure Civil Eng,0.0,-0.625,-10606.6,10606.6,0.0,15000.0,135.0,11480.5,0.0328,-0.0328,0.9989,35000.0,4
1585,Petal,3,ZONE_FACULTY_MEGASTRUCT,Faculty of Floating Megastructure Civil Eng,0.0,-0.5,-10606.6,10606.6,0.0,15000.0,135.0,11480.5,0.0656,-0.0656,0.9957,35000.0,4
1586,Petal,3,ZONE_FACULTY_MEGASTRUCT,Faculty of Floating Megastructure Civil Eng,0.0,-0.375,-10606.6,10606.6,0.0,15000.0,135.0,11480.5,0.0955,-0.0955,0.9908,35000.0,4
1587,Petal,3,ZONE_FACULTY_MEGASTRUCT,Faculty of Floating Megastructure Civil Eng,0.0,-0.25,-10606.6,10606.6,0.0,15000.0,135.0,11480.5,0.1225,-0.1225,0.9849,35000.0,4
1588,Petal,3,ZONE_FACULTY_MEGASTRUCT,Faculty of Floating Megastructure Civil Eng,0.0,-0.125,-10606.6,10606.6,0.0,15000.0,135.0,11480.5,0.1466,-0.1466,0.9783,35000.0,4
1589,Petal,3,ZONE_FACULTY_MEGASTRUCT,Faculty of Floating Megastructure Civil Eng,0.0,0.0,-10606.6,10606.6,0.0,15000.0,135.0,11480.5,0.1678,-0.1678,0.9714,35000.0,4
1590,Petal,3,ZONE_FACULTY_MEGASTRUCT,Faculty of Floating Megastructure Civil Eng,0.0,0.125,-10606.6,10606.6,0.0,15000.0,135.0,11480.5,0.1466,-0.1466,0.9783,35000.0,4
1591,Petal,3,ZONE_FACULTY_MEGASTRUCT,Faculty of Floating Megastructure Civil Eng,0.0,0.25,-10606.6,10606.6,0.0,15000.0,135.0,11480.5,0.1225,-0.1225,0.9849,35000.0,4
1592,Petal,3,ZONE_FACULTY_MEGASTRUCT,Faculty of Floating Megastructure Civil Eng,0.0,0.375,-10606.6,10606.6,0.0,15000.0,135.0,11480.5,0.0955,-0.0955,0.9908,35000.0,4
1593,Petal,3,ZONE_FACULTY_MEGASTRUCT,Faculty of Floating Megastructure Civil Eng,0.0,0.5,-10606.6,10606.6,0.0,15000.0,135.0,11480.5,0.0656,-0.0656,0.9957,35000.0,4
1594,Petal,3,ZONE_FACULTY_MEGASTRUCT,Faculty of Floating Megastructure Civil Eng,0.0,0.625,-10606.6,10606.6,0.0,15000.0,135.0,11480.5,0.0328,-0.0328,0.9989,35000.0,4
1595,Petal,3,ZONE_FACULTY_MEGASTRUCT,Faculty of Floating Megastructure Civil Eng,0.0,0.75,-10606.6,10606.6,0.0,15000.0,135.0,11480.5,-0.0029,0.0029,1.0,35000.0,4
1596,Petal,3,ZONE_FACULTY_MEGASTRUCT,Faculty of Floating Megastructure Civil Eng,0.0,0.875,-10606.6,10606.6,0.0,15000.0,135.0,11480.5,-0.041,0.041,0.9983,35000.0,4
1597,Petal,3,ZONE_CLEARANCE_WATERWAY,Faculty of Floating Megastructure Civil Eng,0.0,1.0,-10606.6,10606.6,0.0,15000.0,135.0,11480.5,-0.0813,0.0813,0.9934,35000.0,4
1598,Petal,3,ZONE_CLEARANCE_WATERWAY,Faculty of Floating Megastructure Civil Eng,0.0333,-1.0,-9518.77,16168.52,-227.72,18762.41,120.49,4500.0,-0.7238,-0.5954,0.3487,35000.0,4
1599,Petal,3,ZONE_FACULTY_MEGASTRUCT,Faculty of Floating Megastructure Civil Eng,0.0333,-0.875,-9934.38,15752.91,-78.61,18623.8,122.24,4500.0,-0.7152,-0.6067,0.3469,35000.0,4
1600,Petal,3,ZONE_FACULTY_MEGASTRUCT,Faculty of Floating Megastructure Civil Eng,0.0333,-0.75,-10349.99,15337.3,59.06,18502.84,124.01,4500.0,-0.7074,-0.6169,0.345,35000.0,4
1601,Petal,3,ZONE_FACULTY_MEGASTRUCT,Faculty of Floating Megastructure Civil Eng,0.0333,-0.625,-10765.6,14921.69,185.31,18399.86,125.81,4500.0,-0.7003,-0.626,0.3431,35000.0,4
1602,Petal,3,ZONE_FACULTY_MEGASTRUCT,Faculty of Floating Megastructure Civil Eng,0.0333,-0.5,-11181.2,14506.08,300.12,18315.18,127.62,4500.0,-0.6941,-0.6339,0.3411,35000.0,4
1603,Petal,3,ZONE_FACULTY_MEGASTRUCT,Faculty of Floating Megastructure Civil Eng,0.0333,-0.375,-11596.81,14090.47,403.5,18249.04,129.46,4500.0,-0.6887,-0.6408,0.3391,35000.0,4
1604,Petal,3,ZONE_FACULTY_MEGASTRUCT,Faculty of Floating Megastructure Civil Eng,0.0333,-0.25,-12012.42,13674.86,495.44,18201.65,131.3,4500.0,-0.6842,-0.6467,0.3371,35000.0,4
1605,Petal,3,ZONE_FACULTY_MEGASTRUCT,Faculty of Floating Megastructure Civil Eng,0.0333,-0.125,-12428.03,13259.25,575.95,18173.16,133.15,4500.0,-0.6805,-0.6517,0.3351,35000.0,4
1606,Petal,3,ZONE_FACULTY_MEGASTRUCT,Faculty of Floating Megastructure Civil Eng,0.0333,0.0,-12843.64,12843.64,645.03,18163.65,135.0,4500.0,-0.6821,-0.6615,0.3119,35000.0,4
1607,Petal,3,ZONE_FACULTY_MEGASTRUCT,Faculty of Floating Megastructure Civil Eng,0.0333,0.125,-13259.25,12428.03,575.95,18173.16,136.85,4500.0,-0.6855,-0.6588,0.3101,35000.0,4
1608,Petal,3,ZONE_FACULTY_MEGASTRUCT,Faculty of Floating Megastructure Civil Eng,0.0333,0.25,-13674.86,12012.42,495.44,18201.65,138.7,4500.0,-0.6896,-0.6553,0.3083,35000.0,4
1609,Petal,3,ZONE_FACULTY_MEGASTRUCT,Faculty of Floating Megastructure Civil Eng,0.0333,0.375,-14090.47,11596.81,403.5,18249.04,140.54,4500.0,-0.6944,-0.6511,0.3065,35000.0,4
1610,Petal,3,ZONE_FACULTY_MEGASTRUCT,Faculty of Floating Megastructure Civil Eng,0.0333,0.5,-14506.08,11181.2,300.12,18315.18,142.38,4500.0,-0.6998,-0.6461,0.3046,35000.0,4
1611,Petal,3,ZONE_FACULTY_MEGASTRUCT,Faculty of Floating Megastructure Civil Eng,0.0333,0.625,-14921.69,10765.6,185.31,18399.86,144.19,4500.0,-0.7059,-0.6403,0.3028,35000.0,4
1612,Petal,3,ZONE_FACULTY_MEGASTRUCT,Faculty of Floating Megastructure Civil Eng,0.0333,0.75,-15337.3,10349.99,59.06,18502.84,145.99,4500.0,-0.7126,-0.6337,0.301,35000.0,4
1613,Petal,3,ZONE_FACULTY_MEGASTRUCT,Faculty of Floating Megastructure Civil Eng,0.0333,0.875,-15752.91,9934.38,-78.61,18623.8,147.76,4500.0,-0.7199,-0.6264,0.2991,35000.0,4
1614,Petal,3,ZONE_CLEARANCE_WATERWAY,Faculty of Floating Megastructure Civil Eng,0.0333,1.0,-16168.52,9518.77,-227.72,18762.41,149.51,4500.0,-0.7261,-0.6079,0.3211,35000.0,4
1615,Petal,3,ZONE_CLEARANCE_WATERWAY,Faculty of Floating Megastructure Civil Eng,0.0667,-1.0,-10898.91,19262.45,-451.43,22132.07,119.5,4500.0,-0.7503,-0.6213,0.2259,35000.0,4
1616,Petal,3,ZONE_FACULTY_MEGASTRUCT,Faculty of Floating Megastructure Civil Eng,0.0667,-0.875,-11421.64,18739.73,-181.81,21946.1,121.36,4500.0,-0.7449,-0.6282,0.2246,35000.0,4
1617,Petal,3,ZONE_FACULTY_MEGASTRUCT,Faculty of Floating Megastructure Civil Eng,0.0667,-0.75,-11944.36,18217.01,65.08,21783.64,123.25,4500.0,-0.7401,-0.6344,0.2232,35000.0,4
1618,Petal,3,ZONE_FACULTY_MEGASTRUCT,Faculty of Floating Megastructure Civil Eng,0.0667,-0.625,-12467.08,17694.29,289.22,21645.23,125.17,4500.0,-0.7358,-0.6399,0.2218,35000.0,4
1619,Petal,3,ZONE_FACULTY_MEGASTRUCT,Faculty of Floating Megastructure Civil Eng,0.0667,-0.5,-12989.8,17171.57,490.62,21531.32,127.11,4500.0,-0.732,-0.6447,0.2205,35000.0,4
1620,Petal,3,ZONE_FACULTY_MEGASTRUCT,Faculty of Floating Megastructure Civil Eng,0.0667,-0.375,-13512.52,16648.85,669.29,21442.3,129.06,4500.0,-0.7287,-0.6488,0.2191,35000.0,4
1621,Petal,3,ZONE_FACULTY_MEGASTRUCT,Faculty of Floating Megastructure Civil Eng,0.0667,-0.25,-14035.24,16126.12,825.21,21378.49,131.03,4500.0,-0.726,-0.6523,0.2177,35000.0,4
1622,Petal,3,ZONE_FACULTY_MEGASTRUCT,Faculty of Floating Megastructure Civil Eng,0.0667,-0.125,-14557.96,15603.4,958.39,21340.11,133.01,4500.0,-0.7238,-0.6552,0.2163,35000.0,4
1623,Petal,3,ZONE_FACULTY_MEGASTRUCT,Faculty of Floating Megastructure Civil Eng,0.0667,0.0,-15080.68,15080.68,1068.84,21327.31,135.0,4500.0,-0.7223,-0.661,0.2035,35000.0,4
1624,Petal,3,ZONE_FACULTY_MEGASTRUCT,Faculty of Floating Megastructure Civil Eng,0.0667,0.125,-15603.4,14557.96,958.39,21340.11,136.99,4500.0,-0.7238,-0.6597,0.2022,35000.0,4
1625,Petal,3,ZONE_FACULTY_MEGASTRUCT,Faculty of Floating Megastructure Civil Eng,0.0667,0.25,-16126.12,14035.24,825.21,21378.49,138.97,4500.0,-0.7259,-0.6578,0.201,35000.0,4
1626,Petal,3,ZONE_FACULTY_MEGASTRUCT,Faculty of Floating Megastructure Civil Eng,0.0667,0.375,-16648.85,13512.52,669.29,21442.3,140.94,4500.0,-0.7283,-0.6555,0.1997,35000.0,4
1627,Petal,3,ZONE_FACULTY_MEGASTRUCT,Faculty of Floating Megastructure Civil Eng,0.0667,0.5,-17171.57,12989.8,490.62,21531.32,142.89,4500.0,-0.7312,-0.6526,0.1985,35000.0,4
1628,Petal,3,ZONE_FACULTY_MEGASTRUCT,Faculty of Floating Megastructure Civil Eng,0.0667,0.625,-17694.29,12467.08,289.22,21645.23,144.83,4500.0,-0.7345,-0.6493,0.1973,35000.0,4
1629,Petal,3,ZONE_FACULTY_MEGASTRUCT,Faculty of Floating Megastructure Civil Eng,0.0667,0.75,-18217.01,11944.36,65.08,21783.64,146.75,4500.0,-0.7382,-0.6454,0.196,35000.0,4
1630,Petal,3,ZONE_FACULTY_MEGASTRUCT,Faculty of Floating Megastructure Civil Eng,0.0667,0.875,-18739.73,11421.64,-181.81,21946.1,148.64,4500.0,-0.7423,-0.6411,0.1948,35000.0,4
1631,Petal,3,ZONE_CLEARANCE_WATERWAY,Faculty of Floating Megastructure Civil Eng,0.0667,1.0,-19262.45,10898.91,-451.43,22132.07,150.5,4500.0,-0.7485,-0.6295,0.2086,35000.0,4
1632,Petal,3,ZONE_CLEARANCE_WATERWAY,Faculty of Floating Megastructure Civil Eng,0.1,-1.0,-12279.06,22356.38,-667.18,25506.53,118.78,4500.0,-0.762,-0.6214,0.1822,35000.0,4
1633,Petal,3,ZONE_FACULTY_MEGASTRUCT,Faculty of Floating Megastructure Civil Eng,0.1,-0.875,-12908.89,21726.55,-285.5,25272.17,120.72,4500.0,-0.7578,-0.6268,0.1811,35000.0,4
1634,Petal,3,ZONE_FACULTY_MEGASTRUCT,Faculty of Floating Megastructure Civil Eng,0.1,-0.75,-13538.73,21096.72,62.37,25067.28,122.69,4500.0,-0.7541,-0.6316,0.1799,35000.0,4
1635,Petal,3,ZONE_FACULTY_MEGASTRUCT,Faculty of Floating Megastructure Civil Eng,0.1,-0.625,-14168.56,20466.89,376.44,24892.6,124.69,4500.0,-0.7508,-0.6359,0.1788,35000.0,4
1636,Petal,3,ZONE_FACULTY_MEGASTRUCT,Faculty of Floating Megastructure Civil Eng,0.1,-0.5,-14798.39,19837.05,656.72,24748.76,126.72,4500.0,-0.7478,-0.6397,0.1777,35000.0,4
1637,Petal,3,ZONE_FACULTY_MEGASTRUCT,Faculty of Floating Megastructure Civil Eng,0.1,-0.375,-15428.22,19207.22,903.19,24636.3,128.77,4500.0,-0.7453,-0.6429,0.1766,35000.0,4
1638,Petal,3,ZONE_FACULTY_MEGASTRUCT,Faculty of Floating Megastructure Civil Eng,0.1,-0.25,-16058.06,18577.39,1115.87,24555.66,130.84,4500.0,-0.7432,-0.6456,0.1755,35000.0,4
1639,Petal,3,ZONE_FACULTY_MEGASTRUCT,Faculty of Floating Megastructure Civil Eng,0.1,-0.125,-16687.89,17947.56,1294.75,24507.15,132.92,4500.0,-0.7415,-0.6479,0.1743,35000.0,4
1640,Petal,3,ZONE_FACULTY_MEGASTRUCT,Faculty of Floating Megastructure Civil Eng,0.1,0.0,-17317.72,17317.72,1439.83,24490.96,135.0,4500.0,-0.7392,-0.6529,0.1651,35000.0,4
1641,Petal,3,ZONE_FACULTY_MEGASTRUCT,Faculty of Floating Megastructure Civil Eng,0.1,0.125,-17947.56,16687.89,1294.75,24507.15,137.08,4500.0,-0.7402,-0.652,0.1641,35000.0,4
1642,Petal,3,ZONE_FACULTY_MEGASTRUCT,Faculty of Floating Megastructure Civil Eng,0.1,0.25,-18577.39,16058.06,1115.87,24555.66,139.16,4500.0,-0.7415,-0.6508,0.1631,35000.0,4
1643,Petal,3,ZONE_FACULTY_MEGASTRUCT,Faculty of Floating Megastructure Civil Eng,0.1,0.375,-19207.22,15428.22,903.19,24636.3,141.23,4500.0,-0.7432,-0.6492,0.1621,35000.0,4
1644,Petal,3,ZONE_FACULTY_MEGASTRUCT,Faculty of Floating Megastructure Civil Eng,0.1,0.5,-19837.05,14798.39,656.72,24748.76,143.28,4500.0,-0.7452,-0.6471,0.1611,35000.0,4
1645,Petal,3,ZONE_FACULTY_MEGASTRUCT,Faculty of Floating Megastructure Civil Eng,0.1,0.625,-20466.89,14168.56,376.44,24892.6,145.31,4500.0,-0.7475,-0.6447,0.1601,35000.0,4
1646,Petal,3,ZONE_FACULTY_MEGASTRUCT,Faculty of Floating Megastructure Civil Eng,0.1,0.75,-21096.72,13538.73,62.37,25067.28,147.31,4500.0,-0.7501,-0.6419,0.1591,35000.0,4
1647,Petal,3,ZONE_FACULTY_MEGASTRUCT,Faculty of Floating Megastructure Civil Eng,0.1,0.875,-21726.55,12908.89,-285.5,25272.17,149.28,4500.0,-0.7531,-0.6387,0.1581,35000.0,4
1648,Petal,3,ZONE_CLEARANCE_WATERWAY,Faculty of Floating Megastructure Civil Eng,0.1,1.0,-22356.38,12279.06,-667.18,25506.53,151.22,4500.0,-0.759,-0.6288,0.1688,35000.0,4
1649,Petal,3,ZONE_CLEARANCE_WATERWAY,Faculty of Floating Megastructure Civil Eng,0.1333,-1.0,-13659.21,25450.32,-871.07,28884.12,118.22,4500.0,-0.7713,-0.6161,0.1598,35000.0,4
1650,Petal,3,ZONE_FACULTY_MEGASTRUCT,Faculty of Floating Megastructure Civil Eng,0.1333,-0.875,-14396.15,24713.37,-384.17,28600.7,120.22,4500.0,-0.7678,-0.6207,0.1588,35000.0,4
1651,Petal,3,ZONE_FACULTY_MEGASTRUCT,Faculty of Floating Megastructure Civil Eng,0.1333,-0.75,-15133.1,23976.43,58.24,28352.77,122.26,4500.0,-0.7646,-0.6249,0.1578,35000.0,4
1652,Petal,3,ZONE_FACULTY_MEGASTRUCT,Faculty of Floating Megastructure Civil Eng,0.1333,-0.625,-15870.04,23239.49,456.16,28141.28,124.33,4500.0,-0.7618,-0.6285,0.1568,35000.0,4
1653,Petal,3,ZONE_FACULTY_MEGASTRUCT,Faculty of Floating Megastructure Civil Eng,0.1333,-0.5,-16606.98,22502.54,809.6,27967.06,126.43,4500.0,-0.7593,-0.6318,0.1559,35000.0,4
1654,Petal,3,ZONE_FACULTY_MEGASTRUCT,Faculty of Floating Megastructure Civil Eng,0.1333,-0.375,-17343.93,21765.6,1118.55,27830.79,128.55,4500.0,-0.7572,-0.6345,0.1549,35000.0,4
1655,Petal,3,ZONE_FACULTY_MEGASTRUCT,Faculty of Floating Megastructure Civil Eng,0.1333,-0.25,-18080.87,21028.65,1383.01,27733.05,130.69,4500.0,-0.7554,-0.6369,0.1539,35000.0,4
1656,Petal,3,ZONE_FACULTY_MEGASTRUCT,Faculty of Floating Megastructure Civil Eng,0.1333,-0.125,-18817.82,20291.71,1602.98,27674.24,132.84,4500.0,-0.754,-0.6388,0.153,35000.0,4
1657,Petal,3,ZONE_FACULTY_MEGASTRUCT,Faculty of Floating Megastructure Civil Eng,0.1333,0.0,-19554.76,19554.76,1778.47,27654.61,135.0,4500.0,-0.7514,-0.6436,0.1456,35000.0,4
1658,Petal,3,ZONE_FACULTY_MEGASTRUCT,Faculty of Floating Megastructure Civil Eng,0.1333,0.125,-20291.71,18817.82,1602.98,27674.24,137.16,4500.0,-0.752,-0.6431,0.1447,35000.0,4
1659,Petal,3,ZONE_FACULTY_MEGASTRUCT,Faculty of Floating Megastructure Civil Eng,0.1333,0.25,-21028.65,18080.87,1383.01,27733.05,139.31,4500.0,-0.7529,-0.6422,0.1438,35000.0,4
1660,Petal,3,ZONE_FACULTY_MEGASTRUCT,Faculty of Floating Megastructure Civil Eng,0.1333,0.375,-21765.6,17343.93,1118.55,27830.79,141.45,4500.0,-0.7541,-0.641,0.1429,35000.0,4
1661,Petal,3,ZONE_FACULTY_MEGASTRUCT,Faculty of Floating Megastructure Civil Eng,0.1333,0.5,-22502.54,16606.98,809.6,27967.06,143.57,4500.0,-0.7556,-0.6394,0.142,35000.0,4
1662,Petal,3,ZONE_FACULTY_MEGASTRUCT,Faculty of Floating Megastructure Civil Eng,0.1333,0.625,-23239.49,15870.04,456.16,28141.28,145.67,4500.0,-0.7574,-0.6375,0.1411,35000.0,4
1663,Petal,3,ZONE_FACULTY_MEGASTRUCT,Faculty of Floating Megastructure Civil Eng,0.1333,0.75,-23976.43,15133.1,58.24,28352.77,147.74,4500.0,-0.7595,-0.6353,0.1403,35000.0,4
1664,Petal,3,ZONE_FACULTY_MEGASTRUCT,Faculty of Floating Megastructure Civil Eng,0.1333,0.875,-24713.37,14396.15,-384.17,28600.7,149.78,4500.0,-0.7618,-0.6327,0.1394,35000.0,4
1665,Petal,3,ZONE_CLEARANCE_WATERWAY,Faculty of Floating Megastructure Civil Eng,0.1333,1.0,-25450.32,13659.21,-871.07,28884.12,151.78,4500.0,-0.7676,-0.6235,0.1484,35000.0,4
1666,Petal,3,ZONE_CLEARANCE_WATERWAY,Faculty of Floating Megastructure Civil Eng,0.1667,-1.0,-15039.35,28544.25,-1059.36,32263.86,117.78,4500.0,-0.7797,-0.6089,0.1461,35000.0,4
1667,Petal,3,ZONE_FACULTY_MEGASTRUCT,Faculty of Floating Megastructure Civil Eng,0.1667,-0.875,-15883.41,27700.2,-473.95,31930.92,119.83,4500.0,-0.7766,-0.613,0.1452,35000.0,4
1668,Petal,3,ZONE_FACULTY_MEGASTRUCT,Faculty of Floating Megastructure Civil Eng,0.1667,-0.75,-16727.47,26856.14,56.77,31639.54,121.92,4500.0,-0.7739,-0.6167,0.1443,35000.0,4
1669,Petal,3,ZONE_FACULTY_MEGASTRUCT,Faculty of Floating Megastructure Civil Eng,0.1667,-0.625,-17571.52,26012.08,532.8,31390.87,124.04,4500.0,-0.7714,-0.62,0.1435,35000.0,4
1670,Petal,3,ZONE_FACULTY_MEGASTRUCT,Faculty of Floating Megastructure Civil Eng,0.1667,-0.5,-18415.58,25168.03,954.15,31185.94,126.19,4500.0,-0.7693,-0.6228,0.1426,35000.0,4
1671,Petal,3,ZONE_FACULTY_MEGASTRUCT,Faculty of Floating Megastructure Civil Eng,0.1667,-0.375,-19259.63,24323.97,1320.81,31025.62,128.37,4500.0,-0.7674,-0.6253,0.1417,35000.0,4
1672,Petal,3,ZONE_FACULTY_MEGASTRUCT,Faculty of Floating Megastructure Civil Eng,0.1667,-0.25,-20103.69,23479.92,1632.78,30910.59,130.57,4500.0,-0.7658,-0.6274,0.1408,35000.0,4
1673,Petal,3,ZONE_FACULTY_MEGASTRUCT,Faculty of Floating Megastructure Civil Eng,0.1667,-0.125,-20947.75,22635.86,1890.06,30841.37,132.78,4500.0,-0.7645,-0.6292,0.14,35000.0,4
1674,Petal,3,ZONE_FACULTY_MEGASTRUCT,Faculty of Floating Megastructure Civil Eng,0.1667,0.0,-21791.8,21791.8,2092.66,30818.26,135.0,4500.0,-0.7617,-0.6339,0.1337,35000.0,4
1675,Petal,3,ZONE_FACULTY_MEGASTRUCT,Faculty of Floating Megastructure Civil Eng,0.1667,0.125,-22635.86,20947.75,1890.06,30841.37,137.22,4500.0,-0.7621,-0.6336,0.1329,35000.0,4
1676,Petal,3,ZONE_FACULTY_MEGASTRUCT,Faculty of Floating Megastructure Civil Eng,0.1667,0.25,-23479.92,20103.69,1632.78,30910.59,139.43,4500.0,-0.7628,-0.633,0.1321,35000.0,4
1677,Petal,3,ZONE_FACULTY_MEGASTRUCT,Faculty of Floating Megastructure Civil Eng,0.1667,0.375,-24323.97,19259.63,1320.81,31025.62,141.63,4500.0,-0.7637,-0.6321,0.1313,35000.0,4
1678,Petal,3,ZONE_FACULTY_MEGASTRUCT,Faculty of Floating Megastructure Civil Eng,0.1667,0.5,-25168.03,18415.58,954.15,31185.94,143.81,4500.0,-0.7649,-0.6309,0.1305,35000.0,4
1679,Petal,3,ZONE_FACULTY_MEGASTRUCT,Faculty of Floating Megastructure Civil Eng,0.1667,0.625,-26012.08,17571.52,532.8,31390.87,145.96,4500.0,-0.7662,-0.6293,0.1297,35000.0,4
1680,Petal,3,ZONE_FACULTY_MEGASTRUCT,Faculty of Floating Megastructure Civil Eng,0.1667,0.75,-26856.14,16727.47,56.77,31639.54,148.08,4500.0,-0.7679,-0.6275,0.1289,35000.0,4
1681,Petal,3,ZONE_FACULTY_MEGASTRUCT,Faculty of Floating Megastructure Civil Eng,0.1667,0.875,-27700.2,15883.41,-473.95,31930.92,150.17,4500.0,-0.7697,-0.6254,0.1281,35000.0,4
1682,Petal,3,ZONE_CLEARANCE_WATERWAY,Faculty of Floating Megastructure Civil Eng,0.1667,1.0,-28544.25,15039.35,-1059.36,32263.86,152.22,4500.0,-0.7755,-0.6165,0.1361,35000.0,4
1683,Petal,3,ZONE_CLEARANCE_WATERWAY,Faculty of Floating Megastructure Civil Eng,0.2,-1.0,-16419.5,31638.19,-1228.48,35645.12,117.43,4500.0,-0.7876,-0.6009,0.1368,35000.0,4
1684,Petal,3,ZONE_FACULTY_MEGASTRUCT,Faculty of Floating Megastructure Civil Eng,0.2,-0.875,-17370.67,30687.02,-551.63,35262.35,119.51,4500.0,-0.7849,-0.6045,0.136,35000.0,4
1685,Petal,3,ZONE_FACULTY_MEGASTRUCT,Faculty of Floating Megastructure Civil Eng,0.2,-0.75,-18321.84,29735.85,60.93,34927.22,121.64,4500.0,-0.7824,-0.6079,0.1352,35000.0,4
1686,Petal,3,ZONE_FACULTY_MEGASTRUCT,Faculty of Floating Megastructure Civil Eng,0.2,-0.625,-19273.0,28784.68,609.2,34641.11,123.8,4500.0,-0.7803,-0.6108,0.1344,35000.0,4
1687,Petal,3,ZONE_FACULTY_MEGASTRUCT,Faculty of Floating Megastructure Civil Eng,0.2,-0.5,-20224.17,27833.52,1093.18,34405.26,126.0,4500.0,-0.7784,-0.6134,0.1336,35000.0,4
1688,Petal,3,ZONE_FACULTY_MEGASTRUCT,Faculty of Floating Megastructure Civil Eng,0.2,-0.375,-21175.34,26882.35,1512.88,34220.69,128.23,4500.0,-0.7767,-0.6157,0.1328,35000.0,4
1689,Petal,3,ZONE_FACULTY_MEGASTRUCT,Faculty of Floating Megastructure Civil Eng,0.2,-0.25,-22126.51,25931.18,1868.28,34088.24,130.47,4500.0,-0.7753,-0.6177,0.132,35000.0,4
1690,Petal,3,ZONE_FACULTY_MEGASTRUCT,Faculty of Floating Megastructure Civil Eng,0.2,-0.125,-23077.68,24980.01,2159.39,34008.53,132.73,4500.0,-0.7741,-0.6193,0.1312,35000.0,4
1691,Petal,3,ZONE_FACULTY_MEGASTRUCT,Faculty of Floating Megastructure Civil Eng,0.2,0.0,-24028.84,24028.84,2386.22,33981.92,135.0,4500.0,-0.7712,-0.6241,0.1257,35000.0,4
1692,Petal,3,ZONE_FACULTY_MEGASTRUCT,Faculty of Floating Megastructure Civil Eng,0.2,0.125,-24980.01,23077.68,2159.39,34008.53,137.27,4500.0,-0.7714,-0.624,0.125,35000.0,4
1693,Petal,3,ZONE_FACULTY_MEGASTRUCT,Faculty of Floating Megastructure Civil Eng,0.2,0.25,-25931.18,22126.51,1868.28,34088.24,139.53,4500.0,-0.7719,-0.6235,0.1242,35000.0,4
1694,Petal,3,ZONE_FACULTY_MEGASTRUCT,Faculty of Floating Megastructure Civil Eng,0.2,0.375,-26882.35,21175.34,1512.88,34220.69,141.77,4500.0,-0.7725,-0.6229,0.1235,35000.0,4
1695,Petal,3,ZONE_FACULTY_MEGASTRUCT,Faculty of Floating Megastructure Civil Eng,0.2,0.5,-27833.52,20224.17,1093.18,34405.26,144.0,4500.0,-0.7734,-0.6219,0.1227,35000.0,4
1696,Petal,3,ZONE_FACULTY_MEGASTRUCT,Faculty of Floating Megastructure Civil Eng,0.2,0.625,-28784.68,19273.0,609.2,34641.11,146.2,4500.0,-0.7745,-0.6207,0.122,35000.0,4
1697,Petal,3,ZONE_FACULTY_MEGASTRUCT,Faculty of Floating Megastructure Civil Eng,0.2,0.75,-29735.85,18321.84,60.93,34927.22,148.36,4500.0,-0.7758,-0.6192,0.1213,35000.0,4
1698,Petal,3,ZONE_FACULTY_MEGASTRUCT,Faculty of Floating Megastructure Civil Eng,0.2,0.875,-30687.02,17370.67,-551.63,35262.35,150.49,4500.0,-0.7773,-0.6175,0.1205,35000.0,4
1699,Petal,3,ZONE_CLEARANCE_WATERWAY,Faculty of Floating Megastructure Civil Eng,0.2,1.0,-31638.19,16419.5,-1228.48,35645.12,152.57,4500.0,-0.7831,-0.6087,0.1278,35000.0,4
1700,Petal,3,ZONE_CLEARANCE_WATERWAY,Faculty of Floating Megastructure Civil Eng,0.2333,-1.0,-17799.65,34732.12,-1375.06,39027.52,117.13,4500.0,-0.7951,-0.5924,0.13,35000.0,4
1701,Petal,3,ZONE_FACULTY_MEGASTRUCT,Faculty of Floating Megastructure Civil Eng,0.2333,-0.875,-18857.93,33673.84,-614.37,38594.68,119.25,4500.0,-0.7927,-0.5957,0.1293,35000.0,4
1702,Petal,3,ZONE_FACULTY_MEGASTRUCT,Faculty of Floating Megastructure Civil Eng,0.2333,-0.75,-19916.21,32615.56,73.13,38215.57,121.41,4500.0,-0.7906,-0.5987,0.1285,35000.0,4
1703,Petal,3,ZONE_FACULTY_MEGASTRUCT,Faculty of Floating Megastructure Civil Eng,0.2333,-0.625,-20974.49,31557.28,687.45,37891.83,123.61,4500.0,-0.7887,-0.6014,0.1278,35000.0,4
1704,Petal,3,ZONE_FACULTY_MEGASTRUCT,Faculty of Floating Megastructure Civil Eng,0.2333,-0.5,-22032.77,30499.0,1228.59,37624.88,125.84,4500.0,-0.7869,-0.6038,0.127,35000.0,4
1705,Petal,3,ZONE_FACULTY_MEGASTRUCT,Faculty of Floating Megastructure Civil Eng,0.2333,-0.375,-23091.04,29440.72,1696.53,37415.94,128.11,4500.0,-0.7854,-0.6059,0.1263,35000.0,4
1706,Petal,3,ZONE_FACULTY_MEGASTRUCT,Faculty of Floating Megastructure Civil Eng,0.2333,-0.25,-24149.32,28382.44,2091.29,37265.98,130.39,4500.0,-0.7841,-0.6077,0.1256,35000.0,4
1707,Petal,3,ZONE_FACULTY_MEGASTRUCT,Faculty of Floating Megastructure Civil Eng,0.2333,-0.125,-25207.6,27324.16,2412.87,37175.71,132.69,4500.0,-0.7831,-0.6093,0.1248,35000.0,4
1708,Petal,3,ZONE_FACULTY_MEGASTRUCT,Faculty of Floating Megastructure Civil Eng,0.2333,0.0,-26265.88,26265.88,2661.25,37145.57,135.0,4500.0,-0.78,-0.6141,0.1199,35000.0,4
1709,Petal,3,ZONE_FACULTY_MEGASTRUCT,Faculty of Floating Megastructure Civil Eng,0.2333,0.125,-27324.16,25207.6,2412.87,37175.71,137.31,4500.0,-0.7801,-0.6141,0.1192,35000.0,4
1710,Petal,3,ZONE_FACULTY_MEGASTRUCT,Faculty of Floating Megastructure Civil Eng,0.2333,0.25,-28382.44,24149.32,2091.29,37265.98,139.61,4500.0,-0.7804,-0.6139,0.1185,35000.0,4
1711,Petal,3,ZONE_FACULTY_MEGASTRUCT,Faculty of Floating Megastructure Civil Eng,0.2333,0.375,-29440.72,23091.04,1696.53,37415.94,141.89,4500.0,-0.7809,-0.6134,0.1179,35000.0,4
1712,Petal,3,ZONE_FACULTY_MEGASTRUCT,Faculty of Floating Megastructure Civil Eng,0.2333,0.5,-30499.0,22032.77,1228.59,37624.88,144.16,4500.0,-0.7816,-0.6127,0.1172,35000.0,4
1713,Petal,3,ZONE_FACULTY_MEGASTRUCT,Faculty of Floating Megastructure Civil Eng,0.2333,0.625,-31557.28,20974.49,687.45,37891.83,146.39,4500.0,-0.7824,-0.6118,0.1165,35000.0,4
1714,Petal,3,ZONE_FACULTY_MEGASTRUCT,Faculty of Floating Megastructure Civil Eng,0.2333,0.75,-32615.56,19916.21,73.13,38215.57,148.59,4500.0,-0.7834,-0.6106,0.1158,35000.0,4
1715,Petal,3,ZONE_FACULTY_MEGASTRUCT,Faculty of Floating Megastructure Civil Eng,0.2333,0.875,-33673.84,18857.93,-614.37,38594.68,150.75,4500.0,-0.7846,-0.6092,0.1151,35000.0,4
1716,Petal,3,ZONE_CLEARANCE_WATERWAY,Faculty of Floating Megastructure Civil Eng,0.2333,1.0,-34732.12,17799.65,-1375.06,39027.52,152.87,4500.0,-0.7903,-0.6004,0.1218,35000.0,4
1717,Petal,3,ZONE_CLEARANCE_WATERWAY,Faculty of Floating Megastructure Civil Eng,0.2667,-1.0,-19179.79,37826.06,-1495.98,42410.79,116.89,4500.0,-0.8024,-0.5836,0.1248,35000.0,4
1718,Petal,3,ZONE_FACULTY_MEGASTRUCT,Faculty of Floating Megastructure Civil Eng,0.2667,-0.875,-20345.18,36660.66,-659.63,41927.69,119.03,4500.0,-0.8003,-0.5866,0.1241,35000.0,4
1719,Petal,3,ZONE_FACULTY_MEGASTRUCT,Faculty of Floating Megastructure Civil Eng,0.2667,-0.75,-21510.58,35495.27,95.44,41504.45,121.22,4500.0,-0.7984,-0.5894,0.1234,35000.0,4
1720,Petal,3,ZONE_FACULTY_MEGASTRUCT,Faculty of Floating Megastructure Civil Eng,0.2667,-0.625,-22675.97,34329.88,769.23,41142.92,123.45,4500.0,-0.7967,-0.5918,0.1227,35000.0,4
1721,Petal,3,ZONE_FACULTY_MEGASTRUCT,Faculty of Floating Megastructure Civil Eng,0.2667,-0.5,-23841.36,33164.49,1361.74,40844.75,125.71,4500.0,-0.7951,-0.594,0.1221,35000.0,4
1722,Petal,3,ZONE_FACULTY_MEGASTRUCT,Faculty of Floating Megastructure Civil Eng,0.2667,-0.375,-25006.75,31999.1,1872.96,40611.33,128.01,4500.0,-0.7938,-0.596,0.1214,35000.0,4
1723,Petal,3,ZONE_FACULTY_MEGASTRUCT,Faculty of Floating Megastructure Civil Eng,0.2667,-0.25,-26172.14,30833.71,2302.91,40443.77,130.33,4500.0,-0.7926,-0.5977,0.1207,35000.0,4
1724,Petal,3,ZONE_FACULTY_MEGASTRUCT,Faculty of Floating Megastructure Civil Eng,0.2667,-0.125,-27337.53,29668.32,2651.57,40342.9,132.66,4500.0,-0.7916,-0.5991,0.12,35000.0,4
1725,Petal,3,ZONE_FACULTY_MEGASTRUCT,Faculty of Floating Megastructure Civil Eng,0.2667,0.0,-28502.92,28502.92,2918.95,40309.22,135.0,4500.0,-0.7885,-0.604,0.1156,35000.0,4
1726,Petal,3,ZONE_FACULTY_MEGASTRUCT,Faculty of Floating Megastructure Civil Eng,0.2667,0.125,-29668.32,27337.53,2651.57,40342.9,137.34,4500.0,-0.7885,-0.6042,0.1149,35000.0,4
1727,Petal,3,ZONE_FACULTY_MEGASTRUCT,Faculty of Floating Megastructure Civil Eng,0.2667,0.25,-30833.71,26172.14,2302.91,40443.77,139.67,4500.0,-0.7887,-0.6041,0.1143,35000.0,4
1728,Petal,3,ZONE_FACULTY_MEGASTRUCT,Faculty of Floating Megastructure Civil Eng,0.2667,0.375,-31999.1,25006.75,1872.96,40611.33,141.99,4500.0,-0.789,-0.6038,0.1136,35000.0,4
1729,Petal,3,ZONE_FACULTY_MEGASTRUCT,Faculty of Floating Megastructure Civil Eng,0.2667,0.5,-33164.49,23841.36,1361.74,40844.75,144.29,4500.0,-0.7895,-0.6033,0.113,35000.0,4
1730,Petal,3,ZONE_FACULTY_MEGASTRUCT,Faculty of Floating Megastructure Civil Eng,0.2667,0.625,-34329.88,22675.97,769.23,41142.92,146.55,4500.0,-0.7901,-0.6026,0.1123,35000.0,4
1731,Petal,3,ZONE_FACULTY_MEGASTRUCT,Faculty of Floating Megastructure Civil Eng,0.2667,0.75,-35495.27,21510.58,95.44,41504.45,148.78,4500.0,-0.7909,-0.6017,0.1117,35000.0,4
1732,Petal,3,ZONE_FACULTY_MEGASTRUCT,Faculty of Floating Megastructure Civil Eng,0.2667,0.875,-36660.66,20345.18,-659.63,41927.69,150.97,4500.0,-0.7918,-0.6006,0.1111,35000.0,4
1733,Petal,3,ZONE_CLEARANCE_WATERWAY,Faculty of Floating Megastructure Civil Eng,0.2667,1.0,-37826.06,19179.79,-1495.98,42410.79,153.11,4500.0,-0.7974,-0.592,0.1172,35000.0,4
1734,Petal,3,ZONE_CLEARANCE_WATERWAY,Faculty of Floating Megastructure Civil Eng,0.3,-1.0,-20559.94,40919.99,-1588.41,45794.72,116.68,4500.0,-0.8094,-0.5747,0.1207,35000.0,4
1735,Petal,3,ZONE_FACULTY_MEGASTRUCT,Faculty of Floating Megastructure Civil Eng,0.3,-0.875,-21832.44,39647.49,-685.15,45261.23,118.84,4500.0,-0.8076,-0.5774,0.12,35000.0,4
1736,Petal,3,ZONE_FACULTY_MEGASTRUCT,Faculty of Floating Megastructure Civil Eng,0.3,-0.75,-23104.95,38374.98,129.62,44793.73,121.05,4500.0,-0.8059,-0.5799,0.1194,35000.0,4
1737,Petal,3,ZONE_FACULTY_MEGASTRUCT,Faculty of Floating Megastructure Civil Eng,0.3,-0.625,-24377.45,37102.48,855.9,44394.3,123.31,4500.0,-0.8044,-0.5821,0.1187,35000.0,4
1738,Petal,3,ZONE_FACULTY_MEGASTRUCT,Faculty of Floating Megastructure Civil Eng,0.3,-0.5,-25649.95,35829.98,1493.7,44064.81,125.6,4500.0,-0.803,-0.5842,0.1181,35000.0,4
1739,Petal,3,ZONE_FACULTY_MEGASTRUCT,Faculty of Floating Megastructure Civil Eng,0.3,-0.375,-26922.45,34557.47,2043.02,43806.82,127.92,4500.0,-0.8018,-0.5859,0.1174,35000.0,4
1740,Petal,3,ZONE_FACULTY_MEGASTRUCT,Faculty of Floating Megastructure Civil Eng,0.3,-0.25,-28194.96,33284.97,2503.84,43621.61,130.27,4500.0,-0.8007,-0.5875,0.1168,35000.0,4
1741,Petal,3,ZONE_FACULTY_MEGASTRUCT,Faculty of Floating Megastructure Civil Eng,0.3,-0.125,-29467.46,32012.47,2876.18,43510.11,132.63,4500.0,-0.7998,-0.5889,0.1161,35000.0,4
1742,Petal,3,ZONE_FACULTY_MEGASTRUCT,Faculty of Floating Megastructure Civil Eng,0.3,0.0,-30739.96,30739.96,3160.03,43472.87,135.0,4500.0,-0.7967,-0.5939,0.1121,35000.0,4
1743,Petal,3,ZONE_FACULTY_MEGASTRUCT,Faculty of Floating Megastructure Civil Eng,0.3,0.125,-32012.47,29467.46,2876.18,43510.11,137.37,4500.0,-0.7966,-0.5941,0.1115,35000.0,4
1744,Petal,3,ZONE_FACULTY_MEGASTRUCT,Faculty of Floating Megastructure Civil Eng,0.3,0.25,-33284.97,28194.96,2503.84,43621.61,139.73,4500.0,-0.7966,-0.5942,0.1109,35000.0,4
1745,Petal,3,ZONE_FACULTY_MEGASTRUCT,Faculty of Floating Megastructure Civil Eng,0.3,0.375,-34557.47,26922.45,2043.02,43806.82,142.08,4500.0,-0.7968,-0.5941,0.1103,35000.0,4
1746,Petal,3,ZONE_FACULTY_MEGASTRUCT,Faculty of Floating Megastructure Civil Eng,0.3,0.5,-35829.98,25649.95,1493.7,44064.81,144.4,4500.0,-0.7971,-0.5938,0.1097,35000.0,4
1747,Petal,3,ZONE_FACULTY_MEGASTRUCT,Faculty of Floating Megastructure Civil Eng,0.3,0.625,-37102.48,24377.45,855.9,44394.3,146.69,4500.0,-0.7975,-0.5933,0.1091,35000.0,4
1748,Petal,3,ZONE_FACULTY_MEGASTRUCT,Faculty of Floating Megastructure Civil Eng,0.3,0.75,-38374.98,23104.95,129.62,44793.73,148.95,4500.0,-0.7981,-0.5927,0.1085,35000.0,4
1749,Petal,3,ZONE_FACULTY_MEGASTRUCT,Faculty of Floating Megastructure Civil Eng,0.3,0.875,-39647.49,21832.44,-685.15,45261.23,151.16,4500.0,-0.7988,-0.5919,0.1079,35000.0,4
1750,Petal,3,ZONE_CLEARANCE_WATERWAY,Faculty of Floating Megastructure Civil Eng,0.3,1.0,-40919.99,20559.94,-1588.41,45794.72,153.32,4500.0,-0.8043,-0.5833,0.1136,35000.0,4
1751,Petal,3,ZONE_CLEARANCE_WATERWAY,Faculty of Floating Megastructure Civil Eng,0.3333,-1.0,-21940.09,44013.92,-1649.81,49179.19,116.5,4500.0,-0.8162,-0.5658,0.1172,35000.0,4
1752,Petal,3,ZONE_FACULTY_MEGASTRUCT,Faculty of Floating Megastructure Civil Eng,0.3333,-0.875,-23319.7,42634.31,-688.94,48595.19,118.68,4500.0,-0.8146,-0.5682,0.1166,35000.0,4
1753,Petal,3,ZONE_FACULTY_MEGASTRUCT,Faculty of Floating Megastructure Civil Eng,0.3333,-0.75,-24699.32,41254.69,177.2,48083.32,120.91,4500.0,-0.8132,-0.5704,0.116,35000.0,4
1754,Petal,3,ZONE_FACULTY_MEGASTRUCT,Faculty of Floating Megastructure Civil Eng,0.3333,-0.625,-26078.93,39875.08,948.62,47645.91,123.19,4500.0,-0.8118,-0.5724,0.1154,35000.0,4
1755,Petal,3,ZONE_FACULTY_MEGASTRUCT,Faculty of Floating Megastructure Civil Eng,0.3333,-0.5,-27458.55,38495.46,1625.32,47285.01,125.5,4500.0,-0.8106,-0.5742,0.1148,35000.0,4
1756,Petal,3,ZONE_FACULTY_MEGASTRUCT,Faculty of Floating Megastructure Civil Eng,0.3333,-0.375,-28838.16,37115.85,2207.3,47002.4,127.85,4500.0,-0.8095,-0.5759,0.1142,35000.0,4
1757,Petal,3,ZONE_FACULTY_MEGASTRUCT,Faculty of Floating Megastructure Civil Eng,0.3333,-0.25,-30217.77,35736.23,2694.56,46799.49,130.22,4500.0,-0.8086,-0.5773,0.1136,35000.0,4
1758,Petal,3,ZONE_FACULTY_MEGASTRUCT,Faculty of Floating Megastructure Civil Eng,0.3333,-0.125,-31597.39,34356.62,3087.1,46677.32,132.6,4500.0,-0.8077,-0.5786,0.113,35000.0,4
1759,Petal,3,ZONE_FACULTY_MEGASTRUCT,Faculty of Floating Megastructure Civil Eng,0.3333,0.0,-32977.0,32977.0,3384.91,46636.53,135.0,4500.0,-0.8047,-0.5836,0.1093,35000.0,4
1760,Petal,3,ZONE_FACULTY_MEGASTRUCT,Faculty of Floating Megastructure Civil Eng,0.3333,0.125,-34356.62,31597.39,3087.1,46677.32,137.4,4500.0,-0.8045,-0.584,0.1087,35000.0,4
1761,Petal,3,ZONE_FACULTY_MEGASTRUCT,Faculty of Floating Megastructure Civil Eng,0.3333,0.25,-35736.23,30217.77,2694.56,46799.49,139.78,4500.0,-0.8044,-0.5842,0.1082,35000.0,4
1762,Petal,3,ZONE_FACULTY_MEGASTRUCT,Faculty of Floating Megastructure Civil Eng,0.3333,0.375,-37115.85,28838.16,2207.3,47002.4,142.15,4500.0,-0.8044,-0.5842,0.1076,35000.0,4
1763,Petal,3,ZONE_FACULTY_MEGASTRUCT,Faculty of Floating Megastructure Civil Eng,0.3333,0.5,-38495.46,27458.55,1625.32,47285.01,144.5,4500.0,-0.8046,-0.5842,0.107,35000.0,4
1764,Petal,3,ZONE_FACULTY_MEGASTRUCT,Faculty of Floating Megastructure Civil Eng,0.3333,0.625,-39875.08,26078.93,948.62,47645.91,146.81,4500.0,-0.8048,-0.5839,0.1065,35000.0,4
1765,Petal,3,ZONE_FACULTY_MEGASTRUCT,Faculty of Floating Megastructure Civil Eng,0.3333,0.75,-41254.69,24699.32,177.2,48083.32,149.09,4500.0,-0.8052,-0.5835,0.1059,35000.0,4
1766,Petal,3,ZONE_FACULTY_MEGASTRUCT,Faculty of Floating Megastructure Civil Eng,0.3333,0.875,-42634.31,23319.7,-688.94,48595.19,151.32,4500.0,-0.8056,-0.583,0.1054,35000.0,4
1767,Petal,3,ZONE_CLEARANCE_WATERWAY,Faculty of Floating Megastructure Civil Eng,0.3333,1.0,-44013.92,21940.09,-1649.81,49179.19,153.5,4500.0,-0.811,-0.5745,0.1107,35000.0,4
1768,Petal,3,ZONE_CLEARANCE_WATERWAY,Faculty of Floating Megastructure Civil Eng,0.3667,-1.0,-23320.23,47107.86,-1678.0,52564.09,116.34,4500.0,-0.8227,-0.5568,0.1143,35000.0,4
1769,Petal,3,ZONE_FACULTY_MEGASTRUCT,Faculty of Floating Megastructure Civil Eng,0.3667,-0.875,-24806.96,45621.13,-669.3,51929.5,118.54,4500.0,-0.8214,-0.5589,0.1138,35000.0,4
1770,Petal,3,ZONE_FACULTY_MEGASTRUCT,Faculty of Floating Megastructure Civil Eng,0.3667,-0.75,-26293.69,44134.4,239.47,51373.18,120.78,4500.0,-0.8202,-0.5608,0.1132,35000.0,4
1771,Petal,3,ZONE_FACULTY_MEGASTRUCT,Faculty of Floating Megastructure Civil Eng,0.3667,-0.625,-27780.41,42647.68,1048.33,50897.7,123.08,4500.0,-0.819,-0.5626,0.1126,35000.0,4
1772,Petal,3,ZONE_FACULTY_MEGASTRUCT,Faculty of Floating Megastructure Civil Eng,0.3667,-0.5,-29267.14,41160.95,1757.27,50505.34,125.41,4500.0,-0.818,-0.5642,0.1121,35000.0,4
1773,Petal,3,ZONE_FACULTY_MEGASTRUCT,Faculty of Floating Megastructure Civil Eng,0.3667,-0.375,-30753.87,39674.22,2366.29,50198.05,127.78,4500.0,-0.817,-0.5657,0.1115,35000.0,4
1774,Petal,3,ZONE_FACULTY_MEGASTRUCT,Faculty of Floating Megastructure Civil Eng,0.3667,-0.25,-32240.59,38187.5,2875.39,49977.4,130.17,4500.0,-0.8162,-0.5671,0.1109,35000.0,4
1775,Petal,3,ZONE_FACULTY_MEGASTRUCT,Faculty of Floating Megastructure Civil Eng,0.3667,-0.125,-33727.32,36700.77,3284.57,49844.54,132.58,4500.0,-0.8154,-0.5683,0.1104,35000.0,4
1776,Petal,3,ZONE_FACULTY_MEGASTRUCT,Faculty of Floating Megastructure Civil Eng,0.3667,0.0,-35214.04,35214.04,3593.83,49800.18,135.0,4500.0,-0.8124,-0.5733,0.107,35000.0,4
1777,Petal,3,ZONE_FACULTY_MEGASTRUCT,Faculty of Floating Megastructure Civil Eng,0.3667,0.125,-36700.77,33727.32,3284.57,49844.54,137.42,4500.0,-0.8121,-0.5737,0.1064,35000.0,4
1778,Petal,3,ZONE_FACULTY_MEGASTRUCT,Faculty of Floating Megastructure Civil Eng,0.3667,0.25,-38187.5,32240.59,2875.39,49977.4,139.83,4500.0,-0.8119,-0.5741,0.1059,35000.0,4
1779,Petal,3,ZONE_FACULTY_MEGASTRUCT,Faculty of Floating Megastructure Civil Eng,0.3667,0.375,-39674.22,30753.87,2366.29,50198.05,142.22,4500.0,-0.8118,-0.5743,0.1054,35000.0,4
1780,Petal,3,ZONE_FACULTY_MEGASTRUCT,Faculty of Floating Megastructure Civil Eng,0.3667,0.5,-41160.95,29267.14,1757.27,50505.34,144.59,4500.0,-0.8118,-0.5744,0.1049,35000.0,4
1781,Petal,3,ZONE_FACULTY_MEGASTRUCT,Faculty of Floating Megastructure Civil Eng,0.3667,0.625,-42647.68,27780.41,1048.33,50897.7,146.92,4500.0,-0.8119,-0.5744,0.1043,35000.0,4
1782,Petal,3,ZONE_FACULTY_MEGASTRUCT,Faculty of Floating Megastructure Civil Eng,0.3667,0.75,-44134.4,26293.69,239.47,51373.18,149.22,4500.0,-0.8121,-0.5742,0.1038,35000.0,4
1783,Petal,3,ZONE_FACULTY_MEGASTRUCT,Faculty of Floating Megastructure Civil Eng,0.3667,0.875,-45621.13,24806.96,-669.3,51929.5,151.46,4500.0,-0.8123,-0.574,0.1033,35000.0,4
1784,Petal,3,ZONE_CLEARANCE_WATERWAY,Faculty of Floating Megastructure Civil Eng,0.3667,1.0,-47107.86,23320.23,-1678.0,52564.09,153.66,4500.0,-0.8175,-0.5657,0.1083,35000.0,4
1785,Petal,3,ZONE_CLEARANCE_WATERWAY,Faculty of Floating Megastructure Civil Eng,0.4,-1.0,-24700.38,50201.79,-1671.16,55949.34,116.2,4500.0,-0.8291,-0.5478,0.1118,35000.0,4
1786,Petal,3,ZONE_FACULTY_MEGASTRUCT,Faculty of Floating Megastructure Civil Eng,0.4,-0.875,-26294.22,48607.95,-624.82,55264.08,118.41,4500.0,-0.828,-0.5496,0.1113,35000.0,4
1787,Petal,3,ZONE_FACULTY_MEGASTRUCT,Faculty of Floating Megastructure Civil Eng,0.4,-0.75,-27888.06,47014.11,317.49,54663.25,120.68,4500.0,-0.827,-0.5512,0.1108,35000.0,4
1788,Petal,3,ZONE_FACULTY_MEGASTRUCT,Faculty of Floating Megastructure Civil Eng,0.4,-0.625,-29481.89,45420.28,1155.79,54149.64,122.99,4500.0,-0.826,-0.5528,0.1102,35000.0,4
1789,Petal,3,ZONE_FACULTY_MEGASTRUCT,Faculty of Floating Megastructure Civil Eng,0.4,-0.5,-31075.73,43826.44,1890.06,53725.76,125.34,4500.0,-0.8251,-0.5542,0.1097,35000.0,4
1790,Petal,3,ZONE_FACULTY_MEGASTRUCT,Faculty of Floating Megastructure Civil Eng,0.4,-0.375,-32669.57,42232.6,2520.31,53393.76,127.72,4500.0,-0.8243,-0.5555,0.1092,35000.0,4
1791,Petal,3,ZONE_FACULTY_MEGASTRUCT,Faculty of Floating Megastructure Civil Eng,0.4,-0.25,-34263.41,40638.76,3046.54,53155.34,130.13,4500.0,-0.8235,-0.5568,0.1086,35000.0,4
1792,Petal,3,ZONE_FACULTY_MEGASTRUCT,Faculty of Floating Megastructure Civil Eng,0.4,-0.125,-35857.25,39044.92,3468.75,53011.77,132.56,4500.0,-0.8229,-0.5579,0.1081,35000.0,4
1793,Petal,3,ZONE_FACULTY_MEGASTRUCT,Faculty of Floating Megastructure Civil Eng,0.4,0.0,-37451.09,37451.09,3786.93,52963.83,135.0,4500.0,-0.8198,-0.5629,0.105,35000.0,4
1794,Petal,3,ZONE_FACULTY_MEGASTRUCT,Faculty of Floating Megastructure Civil Eng,0.4,0.125,-39044.92,35857.25,3468.75,53011.77,137.44,4500.0,-0.8195,-0.5634,0.1045,35000.0,4
1795,Petal,3,ZONE_FACULTY_MEGASTRUCT,Faculty of Floating Megastructure Civil Eng,0.4,0.25,-40638.76,34263.41,3046.54,53155.34,139.87,4500.0,-0.8193,-0.5639,0.104,35000.0,4
1796,Petal,3,ZONE_FACULTY_MEGASTRUCT,Faculty of Floating Megastructure Civil Eng,0.4,0.375,-42232.6,32669.57,2520.31,53393.76,142.28,4500.0,-0.8191,-0.5643,0.1035,35000.0,4
1797,Petal,3,ZONE_FACULTY_MEGASTRUCT,Faculty of Floating Megastructure Civil Eng,0.4,0.5,-43826.44,31075.73,1890.06,53725.76,144.66,4500.0,-0.8189,-0.5646,0.103,35000.0,4
1798,Petal,3,ZONE_FACULTY_MEGASTRUCT,Faculty of Floating Megastructure Civil Eng,0.4,0.625,-45420.28,29481.89,1155.79,54149.64,147.01,4500.0,-0.8189,-0.5647,0.1025,35000.0,4
1799,Petal,3,ZONE_FACULTY_MEGASTRUCT,Faculty of Floating Megastructure Civil Eng,0.4,0.75,-47014.11,27888.06,317.49,54663.25,149.32,4500.0,-0.8189,-0.5648,0.102,35000.0,4
1800,Petal,3,ZONE_FACULTY_MEGASTRUCT,Faculty of Floating Megastructure Civil Eng,0.4,0.875,-48607.95,26294.22,-624.82,55264.08,151.59,4500.0,-0.8189,-0.5649,0.1016,35000.0,4
1801,Petal,3,ZONE_CLEARANCE_WATERWAY,Faculty of Floating Megastructure Civil Eng,0.4,1.0,-50201.79,24700.38,-1671.16,55949.34,153.8,4500.0,-0.8239,-0.5567,0.1062,35000.0,4
1802,Petal,3,ZONE_CLEARANCE_WATERWAY,Faculty of Floating Megastructure Civil Eng,0.4333,-1.0,-26694.23,52682.02,-1627.85,59059.1,116.87,6235.83,-0.8306,-0.5468,0.1049,35000.0,4
1803,Petal,3,ZONE_FACULTY_MEGASTRUCT,Faculty of Floating Megastructure Civil Eng,0.4333,-0.875,-28318.47,51057.78,-554.39,58385.21,119.01,6235.83,-0.8298,-0.5482,0.1044,35000.0,4
1804,Petal,3,ZONE_FACULTY_MEGASTRUCT,Faculty of Floating Megastructure Civil Eng,0.4333,-0.75,-29942.71,49433.54,412.09,57794.82,121.2,6235.83,-0.829,-0.5496,0.104,35000.0,4
1805,Petal,3,ZONE_FACULTY_MEGASTRUCT,Faculty of Floating Megastructure Civil Eng,0.4333,-0.625,-31566.94,47809.31,1271.59,57290.5,123.44,6235.83,-0.8282,-0.5508,0.1035,35000.0,4
1806,Petal,3,ZONE_FACULTY_MEGASTRUCT,Faculty of Floating Megastructure Civil Eng,0.4333,-0.5,-33191.18,46185.07,2024.1,56874.56,125.7,6235.83,-0.8275,-0.552,0.103,35000.0,4
1807,Petal,3,ZONE_FACULTY_MEGASTRUCT,Faculty of Floating Megastructure Civil Eng,0.4333,-0.375,-34815.42,44560.83,2669.63,56548.93,128.0,6235.83,-0.8268,-0.5531,0.1025,35000.0,4
1808,Petal,3,ZONE_FACULTY_MEGASTRUCT,Faculty of Floating Megastructure Civil Eng,0.4333,-0.25,-36439.65,42936.6,3208.17,56315.18,130.32,6235.83,-0.8262,-0.5541,0.1021,35000.0,4
1809,Petal,3,ZONE_FACULTY_MEGASTRUCT,Faculty of Floating Megastructure Civil Eng,0.4333,-0.125,-38063.89,41312.36,3639.72,56174.47,132.66,6235.83,-0.8256,-0.5551,0.1016,35000.0,4
1810,Petal,3,ZONE_FACULTY_MEGASTRUCT,Faculty of Floating Megastructure Civil Eng,0.4333,0.0,-39688.13,39688.13,3964.3,56127.49,135.0,6235.83,-0.8227,-0.5598,0.0988,35000.0,4
1811,Petal,3,ZONE_FACULTY_MEGASTRUCT,Faculty of Floating Megastructure Civil Eng,0.4333,0.125,-41312.36,38063.89,3639.72,56174.47,137.34,6235.83,-0.8223,-0.5604,0.0984,35000.0,4
1812,Petal,3,ZONE_FACULTY_MEGASTRUCT,Faculty of Floating Megastructure Civil Eng,0.4333,0.25,-42936.6,36439.65,3208.17,56315.18,139.68,6235.83,-0.822,-0.561,0.0979,35000.0,4
1813,Petal,3,ZONE_FACULTY_MEGASTRUCT,Faculty of Floating Megastructure Civil Eng,0.4333,0.375,-44560.83,34815.42,2669.63,56548.93,142.0,6235.83,-0.8217,-0.5615,0.0975,35000.0,4
1814,Petal,3,ZONE_FACULTY_MEGASTRUCT,Faculty of Floating Megastructure Civil Eng,0.4333,0.5,-46185.07,33191.18,2024.1,56874.56,144.3,6235.83,-0.8215,-0.5619,0.0971,35000.0,4
1815,Petal,3,ZONE_FACULTY_MEGASTRUCT,Faculty of Floating Megastructure Civil Eng,0.4333,0.625,-47809.31,31566.94,1271.59,57290.5,146.56,6235.83,-0.8213,-0.5623,0.0966,35000.0,4
1816,Petal,3,ZONE_FACULTY_MEGASTRUCT,Faculty of Floating Megastructure Civil Eng,0.4333,0.75,-49433.54,29942.71,412.09,57794.82,148.8,6235.83,-0.8211,-0.5626,0.0962,35000.0,4
1817,Petal,3,ZONE_FACULTY_MEGASTRUCT,Faculty of Floating Megastructure Civil Eng,0.4333,0.875,-51057.78,28318.47,-554.39,58385.21,150.99,6235.83,-0.821,-0.5628,0.0958,35000.0,4
1818,Petal,3,ZONE_CLEARANCE_WATERWAY,Faculty of Floating Megastructure Civil Eng,0.4333,1.0,-52682.02,26694.23,-1627.85,59059.1,153.13,6235.83,-0.8256,-0.5553,0.0999,35000.0,4
1819,Petal,3,ZONE_CLEARANCE_WATERWAY,Faculty of Floating Megastructure Civil Eng,0.4667,-1.0,-29599.31,54251.02,-1547.03,61800.43,118.62,10548.97,-0.825,-0.5575,0.0925,35000.0,4
1820,Petal,3,ZONE_FACULTY_MEGASTRUCT,Faculty of Floating Megastructure Civil Eng,0.4667,-0.875,-31140.04,52710.29,-457.2,61221.54,120.57,10548.97,-0.8244,-0.5584,0.0921,35000.0,4
1821,Petal,3,ZONE_FACULTY_MEGASTRUCT,Faculty of Floating Megastructure Civil Eng,0.4667,-0.75,-32680.77,51169.56,523.87,60715.37,122.57,10548.97,-0.8238,-0.5594,0.0917,35000.0,4
1822,Petal,3,ZONE_FACULTY_MEGASTRUCT,Faculty of Floating Megastructure Civil Eng,0.4667,-0.625,-34221.5,49628.83,1396.15,60283.76,124.59,10548.97,-0.8233,-0.5603,0.0913,35000.0,4
1823,Petal,3,ZONE_FACULTY_MEGASTRUCT,Faculty of Floating Megastructure Civil Eng,0.4667,-0.5,-35762.24,48088.1,2159.67,59928.31,126.64,10548.97,-0.8227,-0.5611,0.0909,35000.0,4
1824,Petal,3,ZONE_FACULTY_MEGASTRUCT,Faculty of Floating Megastructure Civil Eng,0.4667,-0.375,-37302.97,46547.36,2814.4,59650.39,128.71,10548.97,-0.8222,-0.562,0.0905,35000.0,4
1825,Petal,3,ZONE_FACULTY_MEGASTRUCT,Faculty of Floating Megastructure Civil Eng,0.4667,-0.25,-38843.7,45006.63,3360.36,59451.07,130.8,10548.97,-0.8217,-0.5628,0.0901,35000.0,4
1826,Petal,3,ZONE_FACULTY_MEGASTRUCT,Faculty of Floating Megastructure Civil Eng,0.4667,-0.125,-40384.43,43465.9,3797.54,59331.16,132.9,10548.97,-0.8212,-0.5635,0.0897,35000.0,4
1827,Petal,3,ZONE_FACULTY_MEGASTRUCT,Faculty of Floating Megastructure Civil Eng,0.4667,0.0,-41925.17,41925.17,4125.95,59291.14,135.0,10548.97,-0.8186,-0.5677,0.0874,35000.0,4
1828,Petal,3,ZONE_FACULTY_MEGASTRUCT,Faculty of Floating Megastructure Civil Eng,0.4667,0.125,-43465.9,40384.43,3797.54,59331.16,137.1,10548.97,-0.8182,-0.5683,0.087,35000.0,4
1829,Petal,3,ZONE_FACULTY_MEGASTRUCT,Faculty of Floating Megastructure Civil Eng,0.4667,0.25,-45006.63,38843.7,3360.36,59451.07,139.2,10548.97,-0.8179,-0.5688,0.0866,35000.0,4
1830,Petal,3,ZONE_FACULTY_MEGASTRUCT,Faculty of Floating Megastructure Civil Eng,0.4667,0.375,-46547.36,37302.97,2814.4,59650.39,141.29,10548.97,-0.8175,-0.5694,0.0862,35000.0,4
1831,Petal,3,ZONE_FACULTY_MEGASTRUCT,Faculty of Floating Megastructure Civil Eng,0.4667,0.5,-48088.1,35762.24,2159.67,59928.31,143.36,10548.97,-0.8172,-0.5699,0.0859,35000.0,4
1832,Petal,3,ZONE_FACULTY_MEGASTRUCT,Faculty of Floating Megastructure Civil Eng,0.4667,0.625,-49628.83,34221.5,1396.15,60283.76,145.41,10548.97,-0.8169,-0.5704,0.0855,35000.0,4
1833,Petal,3,ZONE_FACULTY_MEGASTRUCT,Faculty of Floating Megastructure Civil Eng,0.4667,0.75,-51169.56,32680.77,523.87,60715.37,147.43,10548.97,-0.8166,-0.5709,0.0852,35000.0,4
1834,Petal,3,ZONE_FACULTY_MEGASTRUCT,Faculty of Floating Megastructure Civil Eng,0.4667,0.875,-52710.29,31140.04,-457.2,61221.54,149.43,10548.97,-0.8163,-0.5713,0.0848,35000.0,4
1835,Petal,3,ZONE_CLEARANCE_WATERWAY,Faculty of Floating Megastructure Civil Eng,0.4667,1.0,-54251.02,29599.31,-1547.03,61800.43,151.38,10548.97,-0.8204,-0.5649,0.0883,35000.0,4
1836,Petal,3,ZONE_CLEARANCE_WATERWAY,Faculty of Floating Megastructure Civil Eng,0.5,-1.0,-32565.02,55759.39,-1428.08,64572.37,120.29,15033.63,-0.8187,-0.5684,0.0812,35000.0,4
1837,Petal,3,ZONE_FACULTY_MEGASTRUCT,Faculty of Floating Megastructure Civil Eng,0.5,-0.875,-34014.67,54309.75,-332.77,64082.34,122.06,15033.63,-0.8183,-0.569,0.0809,35000.0,4
1838,Petal,3,ZONE_FACULTY_MEGASTRUCT,Faculty of Floating Megastructure Civil Eng,0.5,-0.75,-35464.31,52860.1,653.17,63654.6,123.86,15033.63,-0.818,-0.5696,0.0805,35000.0,4
1839,Petal,3,ZONE_FACULTY_MEGASTRUCT,Faculty of Floating Megastructure Civil Eng,0.5,-0.625,-36913.96,51410.45,1529.73,63290.4,125.68,15033.63,-0.8176,-0.5702,0.0802,35000.0,4
1840,Petal,3,ZONE_FACULTY_MEGASTRUCT,Faculty of Floating Megastructure Civil Eng,0.5,-0.5,-38363.61,49960.8,2296.92,62990.86,127.52,15033.63,-0.8172,-0.5708,0.0799,35000.0,4
1841,Petal,3,ZONE_FACULTY_MEGASTRUCT,Faculty of Floating Megastructure Civil Eng,0.5,-0.375,-39813.26,48511.15,2954.73,62756.89,129.38,15033.63,-0.8168,-0.5714,0.0795,35000.0,4
1842,Petal,3,ZONE_FACULTY_MEGASTRUCT,Faculty of Floating Megastructure Civil Eng,0.5,-0.25,-41262.91,47061.5,3503.17,62589.24,131.24,15033.63,-0.8164,-0.572,0.0792,35000.0,4
1843,Petal,3,ZONE_FACULTY_MEGASTRUCT,Faculty of Floating Megastructure Civil Eng,0.5,-0.125,-42712.56,45611.85,3942.23,62488.43,133.12,15033.63,-0.816,-0.5726,0.0789,35000.0,4
1844,Petal,3,ZONE_FACULTY_MEGASTRUCT,Faculty of Floating Megastructure Civil Eng,0.5,0.0,-44162.21,44162.21,4271.92,62454.79,135.0,15033.63,-0.8137,-0.5762,0.077,35000.0,4
1845,Petal,3,ZONE_FACULTY_MEGASTRUCT,Faculty of Floating Megastructure Civil Eng,0.5,0.125,-45611.85,42712.56,3942.23,62488.43,136.88,15033.63,-0.8133,-0.5768,0.0767,35000.0,4
1846,Petal,3,ZONE_FACULTY_MEGASTRUCT,Faculty of Floating Megastructure Civil Eng,0.5,0.25,-47061.5,41262.91,3503.17,62589.24,138.76,15033.63,-0.8129,-0.5774,0.0763,35000.0,4
1847,Petal,3,ZONE_FACULTY_MEGASTRUCT,Faculty of Floating Megastructure Civil Eng,0.5,0.375,-48511.15,39813.26,2954.73,62756.89,140.62,15033.63,-0.8125,-0.5779,0.076,35000.0,4
1848,Petal,3,ZONE_FACULTY_MEGASTRUCT,Faculty of Floating Megastructure Civil Eng,0.5,0.5,-49960.8,38363.61,2296.92,62990.86,142.48,15033.63,-0.8121,-0.5785,0.0757,35000.0,4
1849,Petal,3,ZONE_FACULTY_MEGASTRUCT,Faculty of Floating Megastructure Civil Eng,0.5,0.625,-51410.45,36913.96,1529.73,63290.4,144.32,15033.63,-0.8118,-0.5791,0.0754,35000.0,4
1850,Petal,3,ZONE_FACULTY_MEGASTRUCT,Faculty of Floating Megastructure Civil Eng,0.5,0.75,-52860.1,35464.31,653.17,63654.6,146.14,15033.63,-0.8114,-0.5797,0.0751,35000.0,4
1851,Petal,3,ZONE_FACULTY_MEGASTRUCT,Faculty of Floating Megastructure Civil Eng,0.5,0.875,-54309.75,34014.67,-332.77,64082.34,147.94,15033.63,-0.811,-0.5803,0.0749,35000.0,4
1852,Petal,3,ZONE_CLEARANCE_WATERWAY,Faculty of Floating Megastructure Civil Eng,0.5,1.0,-55759.39,32565.02,-1428.08,64572.37,149.71,15033.63,-0.8145,-0.5749,0.0778,35000.0,4
1853,Petal,3,ZONE_CLEARANCE_WATERWAY,Faculty of Floating Megastructure Civil Eng,0.5333,-1.0,-35578.78,57219.71,-1270.78,67379.11,121.87,19654.19,-0.8119,-0.5795,0.0711,35000.0,4
1854,Petal,3,ZONE_FACULTY_MEGASTRUCT,Faculty of Floating Megastructure Civil Eng,0.5333,-0.875,-36931.34,55867.15,-180.94,66970.61,123.47,19654.19,-0.8117,-0.5798,0.0708,35000.0,4
1855,Petal,3,ZONE_FACULTY_MEGASTRUCT,Faculty of Floating Megastructure Civil Eng,0.5333,-0.75,-38283.9,54514.6,800.12,66614.55,125.08,19654.19,-0.8114,-0.5802,0.0705,35000.0,4
1856,Petal,3,ZONE_FACULTY_MEGASTRUCT,Faculty of Floating Megastructure Civil Eng,0.5333,-0.625,-39636.46,53162.04,1672.41,66311.77,126.71,19654.19,-0.8112,-0.5805,0.0702,35000.0,4
1857,Petal,3,ZONE_FACULTY_MEGASTRUCT,Faculty of Floating Megastructure Civil Eng,0.5333,-0.5,-40989.01,51809.48,2435.92,66063.01,128.35,19654.19,-0.8109,-0.5809,0.0699,35000.0,4
1858,Petal,3,ZONE_FACULTY_MEGASTRUCT,Faculty of Floating Megastructure Civil Eng,0.5333,-0.375,-42341.57,50456.92,3090.66,65868.88,130.0,19654.19,-0.8107,-0.5813,0.0697,35000.0,4
1859,Petal,3,ZONE_FACULTY_MEGASTRUCT,Faculty of Floating Megastructure Civil Eng,0.5333,-0.25,-43694.13,49104.36,3636.62,65729.87,131.66,19654.19,-0.8104,-0.5818,0.0694,35000.0,4
1860,Petal,3,ZONE_FACULTY_MEGASTRUCT,Faculty of Floating Megastructure Civil Eng,0.5333,-0.125,-45046.69,47751.8,4073.8,65646.32,133.33,19654.19,-0.8101,-0.5822,0.0691,35000.0,4
1861,Petal,3,ZONE_FACULTY_MEGASTRUCT,Faculty of Floating Megastructure Civil Eng,0.5333,0.0,-46399.25,46399.25,4402.21,65618.44,135.0,19654.19,-0.808,-0.5853,0.0675,35000.0,4
1862,Petal,3,ZONE_FACULTY_MEGASTRUCT,Faculty of Floating Megastructure Civil Eng,0.5333,0.125,-47751.8,45046.69,4073.8,65646.32,136.67,19654.19,-0.8076,-0.5858,0.0673,35000.0,4
1863,Petal,3,ZONE_FACULTY_MEGASTRUCT,Faculty of Floating Megastructure Civil Eng,0.5333,0.25,-49104.36,43694.13,3636.62,65729.87,138.34,19654.19,-0.8072,-0.5864,0.067,35000.0,4
1864,Petal,3,ZONE_FACULTY_MEGASTRUCT,Faculty of Floating Megastructure Civil Eng,0.5333,0.375,-50456.92,42341.57,3090.66,65868.88,140.0,19654.19,-0.8068,-0.587,0.0668,35000.0,4
1865,Petal,3,ZONE_FACULTY_MEGASTRUCT,Faculty of Floating Megastructure Civil Eng,0.5333,0.5,-51809.48,40989.01,2435.92,66063.01,141.65,19654.19,-0.8064,-0.5876,0.0665,35000.0,4
1866,Petal,3,ZONE_FACULTY_MEGASTRUCT,Faculty of Floating Megastructure Civil Eng,0.5333,0.625,-53162.04,39636.46,1672.41,66311.77,143.29,19654.19,-0.806,-0.5882,0.0663,35000.0,4
1867,Petal,3,ZONE_FACULTY_MEGASTRUCT,Faculty of Floating Megastructure Civil Eng,0.5333,0.75,-54514.6,38283.9,800.12,66614.55,144.92,19654.19,-0.8055,-0.5889,0.066,35000.0,4
1868,Petal,3,ZONE_FACULTY_MEGASTRUCT,Faculty of Floating Megastructure Civil Eng,0.5333,0.875,-55867.15,36931.34,-180.94,66970.61,146.53,19654.19,-0.8051,-0.5895,0.0658,35000.0,4
1869,Petal,3,ZONE_CLEARANCE_WATERWAY,Faculty of Floating Megastructure Civil Eng,0.5333,1.0,-57219.71,35578.78,-1270.78,67379.11,148.13,19654.19,-0.8081,-0.5851,0.0682,35000.0,4
1870,Petal,3,ZONE_CLEARANCE_WATERWAY,Faculty of Floating Megastructure Civil Eng,0.5667,-1.0,-38629.35,58643.22,-1075.34,70222.89,123.37,24378.86,-0.8045,-0.5907,0.0618,35000.0,4
1871,Petal,3,ZONE_FACULTY_MEGASTRUCT,Faculty of Floating Megastructure Civil Eng,0.5667,-0.875,-39880.22,57392.36,-1.87,69887.87,124.79,24378.86,-0.8045,-0.5908,0.0616,35000.0,4
1872,Petal,3,ZONE_FACULTY_MEGASTRUCT,Faculty of Floating Megastructure Civil Eng,0.5667,-0.75,-41131.08,56141.49,964.61,69596.21,126.23,24378.86,-0.8044,-0.5909,0.0614,35000.0,4
1873,Petal,3,ZONE_FACULTY_MEGASTRUCT,Faculty of Floating Megastructure Civil Eng,0.5667,-0.625,-42381.95,54890.62,1824.1,69348.47,127.67,24378.86,-0.8043,-0.5911,0.0611,35000.0,4
1874,Petal,3,ZONE_FACULTY_MEGASTRUCT,Faculty of Floating Megastructure Civil Eng,0.5667,-0.5,-43632.82,53639.76,2576.61,69145.11,129.13,24378.86,-0.8041,-0.5913,0.0609,35000.0,4
1875,Petal,3,ZONE_FACULTY_MEGASTRUCT,Faculty of Floating Megastructure Civil Eng,0.5667,-0.375,-44883.68,52388.89,3222.14,68986.53,130.59,24378.86,-0.804,-0.5916,0.0607,35000.0,4
1876,Petal,3,ZONE_FACULTY_MEGASTRUCT,Faculty of Floating Megastructure Civil Eng,0.5667,-0.25,-46134.55,51138.02,3760.68,68873.03,132.06,24378.86,-0.8038,-0.5919,0.0605,35000.0,4
1877,Petal,3,ZONE_FACULTY_MEGASTRUCT,Faculty of Floating Megastructure Civil Eng,0.5667,-0.125,-47385.42,49887.15,4192.24,68804.84,133.53,24378.86,-0.8035,-0.5922,0.0602,35000.0,4
1878,Petal,3,ZONE_FACULTY_MEGASTRUCT,Faculty of Floating Megastructure Civil Eng,0.5667,0.0,-48636.29,48636.29,4516.81,68782.1,135.0,24378.86,-0.8017,-0.5948,0.059,35000.0,4
1879,Petal,3,ZONE_FACULTY_MEGASTRUCT,Faculty of Floating Megastructure Civil Eng,0.5667,0.125,-49887.15,47385.42,4192.24,68804.84,136.47,24378.86,-0.8014,-0.5953,0.0588,35000.0,4
1880,Petal,3,ZONE_FACULTY_MEGASTRUCT,Faculty of Floating Megastructure Civil Eng,0.5667,0.25,-51138.02,46134.55,3760.68,68873.03,137.94,24378.86,-0.801,-0.5958,0.0585,35000.0,4
1881,Petal,3,ZONE_FACULTY_MEGASTRUCT,Faculty of Floating Megastructure Civil Eng,0.5667,0.375,-52388.89,44883.68,3222.14,68986.53,139.41,24378.86,-0.8006,-0.5964,0.0583,35000.0,4
1882,Petal,3,ZONE_FACULTY_MEGASTRUCT,Faculty of Floating Megastructure Civil Eng,0.5667,0.5,-53639.76,43632.82,2576.61,69145.11,140.87,24378.86,-0.8001,-0.597,0.0581,35000.0,4
1883,Petal,3,ZONE_FACULTY_MEGASTRUCT,Faculty of Floating Megastructure Civil Eng,0.5667,0.625,-54890.62,42381.95,1824.1,69348.47,142.33,24378.86,-0.7997,-0.5976,0.0579,35000.0,4
1884,Petal,3,ZONE_FACULTY_MEGASTRUCT,Faculty of Floating Megastructure Civil Eng,0.5667,0.75,-56141.49,41131.08,964.61,69596.21,143.77,24378.86,-0.7992,-0.5983,0.0578,35000.0,4
1885,Petal,3,ZONE_FACULTY_MEGASTRUCT,Faculty of Floating Megastructure Civil Eng,0.5667,0.875,-57392.36,39880.22,-1.87,69887.87,145.21,24378.86,-0.7987,-0.599,0.0576,35000.0,4
1886,Petal,3,ZONE_CLEARANCE_WATERWAY,Faculty of Floating Megastructure Civil Eng,0.5667,1.0,-58643.22,38629.35,-1075.34,70222.89,146.63,24378.86,-0.8012,-0.5954,0.0595,35000.0,4
1887,Petal,3,ZONE_CLEARANCE_WATERWAY,Faculty of Floating Megastructure Civil Eng,0.6,-1.0,-41706.6,60040.06,-842.39,73104.37,124.79,29178.99,-0.7968,-0.6018,0.0534,35000.0,4
1888,Petal,3,ZONE_FACULTY_MEGASTRUCT,Faculty of Floating Megastructure Civil Eng,0.6,-0.875,-42852.44,58894.21,203.95,72834.47,126.04,29178.99,-0.7969,-0.6018,0.0533,35000.0,4
1889,Petal,3,ZONE_FACULTY_MEGASTRUCT,Faculty of Floating Megastructure Civil Eng,0.6,-0.75,-43998.28,57748.37,1146.26,72599.75,127.3,29178.99,-0.7969,-0.6017,0.0531,35000.0,4
1890,Petal,3,ZONE_FACULTY_MEGASTRUCT,Faculty of Floating Megastructure Civil Eng,0.6,-0.625,-45144.12,56602.53,1984.56,72400.54,128.57,29178.99,-0.7969,-0.6018,0.0529,35000.0,4
1891,Petal,3,ZONE_FACULTY_MEGASTRUCT,Faculty of Floating Megastructure Civil Eng,0.6,-0.5,-46289.96,55456.69,2718.83,72237.15,129.85,29178.99,-0.7969,-0.6019,0.0527,35000.0,4
1892,Petal,3,ZONE_FACULTY_MEGASTRUCT,Faculty of Floating Megastructure Civil Eng,0.6,-0.375,-47435.8,54310.85,3349.08,72109.8,131.13,29178.99,-0.7968,-0.602,0.0525,35000.0,4
1893,Petal,3,ZONE_FACULTY_MEGASTRUCT,Faculty of Floating Megastructure Civil Eng,0.6,-0.25,-48581.64,53165.01,3875.31,72018.71,132.42,29178.99,-0.7967,-0.6022,0.0524,35000.0,4
1894,Petal,3,ZONE_FACULTY_MEGASTRUCT,Faculty of Floating Megastructure Civil Eng,0.6,-0.125,-49727.49,52019.17,4297.52,71964.0,133.71,29178.99,-0.7965,-0.6024,0.0522,35000.0,4
1895,Petal,3,ZONE_FACULTY_MEGASTRUCT,Faculty of Floating Megastructure Civil Eng,0.6,0.0,-50873.33,50873.33,4615.7,71945.75,135.0,29178.99,-0.795,-0.6045,0.0512,35000.0,4
1896,Petal,3,ZONE_FACULTY_MEGASTRUCT,Faculty of Floating Megastructure Civil Eng,0.6,0.125,-52019.17,49727.49,4297.52,71964.0,136.29,29178.99,-0.7946,-0.605,0.051,35000.0,4
1897,Petal,3,ZONE_FACULTY_MEGASTRUCT,Faculty of Floating Megastructure Civil Eng,0.6,0.25,-53165.01,48581.64,3875.31,72018.71,137.58,29178.99,-0.7942,-0.6055,0.0508,35000.0,4
1898,Petal,3,ZONE_FACULTY_MEGASTRUCT,Faculty of Floating Megastructure Civil Eng,0.6,0.375,-54310.85,47435.8,3349.08,72109.8,138.87,29178.99,-0.7938,-0.606,0.0507,35000.0,4
1899,Petal,3,ZONE_FACULTY_MEGASTRUCT,Faculty of Floating Megastructure Civil Eng,0.6,0.5,-55456.69,46289.96,2718.83,72237.15,140.15,29178.99,-0.7934,-0.6066,0.0505,35000.0,4
1900,Petal,3,ZONE_FACULTY_MEGASTRUCT,Faculty of Floating Megastructure Civil Eng,0.6,0.625,-56602.53,45144.12,1984.56,72400.54,141.43,29178.99,-0.7929,-0.6072,0.0503,35000.0,4
1901,Petal,3,ZONE_FACULTY_MEGASTRUCT,Faculty of Floating Megastructure Civil Eng,0.6,0.75,-57748.37,43998.28,1146.26,72599.75,142.7,29178.99,-0.7924,-0.6079,0.0502,35000.0,4
1902,Petal,3,ZONE_FACULTY_MEGASTRUCT,Faculty of Floating Megastructure Civil Eng,0.6,0.875,-58894.21,42852.44,203.95,72834.47,143.96,29178.99,-0.7919,-0.6086,0.05,35000.0,4
1903,Petal,3,ZONE_CLEARANCE_WATERWAY,Faculty of Floating Megastructure Civil Eng,0.6,1.0,-60040.06,41706.6,-842.39,73104.37,145.21,29178.99,-0.794,-0.6057,0.0516,35000.0,4
1904,Petal,3,ZONE_CLEARANCE_WATERWAY,Faculty of Floating Megastructure Civil Eng,0.6333,-1.0,-44801.35,61419.39,-572.98,76023.03,126.11,34028.62,-0.7889,-0.6129,0.0459,35000.0,4
1905,Petal,3,ZONE_FACULTY_MEGASTRUCT,Faculty of Floating Megastructure Civil Eng,0.6333,-0.875,-45839.98,60380.76,435.72,75809.89,127.21,34028.62,-0.789,-0.6127,0.0457,35000.0,4
1906,Petal,3,ZONE_FACULTY_MEGASTRUCT,Faculty of Floating Megastructure Civil Eng,0.6333,-0.75,-46878.6,59342.13,1344.5,75624.68,128.31,34028.62,-0.7891,-0.6125,0.0456,35000.0,4
1907,Petal,3,ZONE_FACULTY_MEGASTRUCT,Faculty of Floating Megastructure Civil Eng,0.6333,-0.625,-47917.23,58303.5,2153.35,75467.61,129.42,34028.62,-0.7892,-0.6125,0.0454,35000.0,4
1908,Petal,3,ZONE_FACULTY_MEGASTRUCT,Faculty of Floating Megastructure Civil Eng,0.6333,-0.5,-48955.86,57264.88,2862.29,75338.85,130.53,34028.62,-0.7892,-0.6124,0.0453,35000.0,4
1909,Petal,3,ZONE_FACULTY_MEGASTRUCT,Faculty of Floating Megastructure Civil Eng,0.6333,-0.375,-49994.49,56226.25,3471.31,75238.55,131.64,34028.62,-0.7892,-0.6125,0.0451,35000.0,4
1910,Petal,3,ZONE_FACULTY_MEGASTRUCT,Faculty of Floating Megastructure Civil Eng,0.6333,-0.25,-51033.11,55187.62,3980.41,75166.83,132.76,34028.62,-0.7892,-0.6125,0.045,35000.0,4
1911,Petal,3,ZONE_FACULTY_MEGASTRUCT,Faculty of Floating Megastructure Civil Eng,0.6333,-0.125,-52071.74,54148.99,4389.59,75123.76,133.88,34028.62,-0.7891,-0.6127,0.0449,35000.0,4
1912,Petal,3,ZONE_FACULTY_MEGASTRUCT,Faculty of Floating Megastructure Civil Eng,0.6333,0.0,-53110.37,53110.37,4698.86,75109.4,135.0,34028.62,-0.7878,-0.6144,0.044,35000.0,4
1913,Petal,3,ZONE_FACULTY_MEGASTRUCT,Faculty of Floating Megastructure Civil Eng,0.6333,0.125,-54148.99,52071.74,4389.59,75123.76,136.12,34028.62,-0.7874,-0.6148,0.0439,35000.0,4
1914,Petal,3,ZONE_FACULTY_MEGASTRUCT,Faculty of Floating Megastructure Civil Eng,0.6333,0.25,-55187.62,51033.11,3980.41,75166.83,137.24,34028.62,-0.7871,-0.6153,0.0438,35000.0,4
1915,Petal,3,ZONE_FACULTY_MEGASTRUCT,Faculty of Floating Megastructure Civil Eng,0.6333,0.375,-56226.25,49994.49,3471.31,75238.55,138.36,34028.62,-0.7867,-0.6158,0.0437,35000.0,4
1916,Petal,3,ZONE_FACULTY_MEGASTRUCT,Faculty of Floating Megastructure Civil Eng,0.6333,0.5,-57264.88,48955.86,2862.29,75338.85,139.47,34028.62,-0.7863,-0.6163,0.0435,35000.0,4
1917,Petal,3,ZONE_FACULTY_MEGASTRUCT,Faculty of Floating Megastructure Civil Eng,0.6333,0.625,-58303.5,47917.23,2153.35,75467.61,140.58,34028.62,-0.7858,-0.6169,0.0434,35000.0,4
1918,Petal,3,ZONE_FACULTY_MEGASTRUCT,Faculty of Floating Megastructure Civil Eng,0.6333,0.75,-59342.13,46878.6,1344.5,75624.68,141.69,34028.62,-0.7853,-0.6176,0.0433,35000.0,4
1919,Petal,3,ZONE_FACULTY_MEGASTRUCT,Faculty of Floating Megastructure Civil Eng,0.6333,0.875,-60380.76,45839.98,435.72,75809.89,142.79,34028.62,-0.7848,-0.6183,0.0432,35000.0,4
1920,Petal,3,ZONE_CLEARANCE_WATERWAY,Faculty of Floating Megastructure Civil Eng,0.6333,1.0,-61419.39,44801.35,-572.98,76023.03,143.89,34028.62,-0.7865,-0.616,0.0444,35000.0,4
1921,Petal,3,ZONE_CLEARANCE_WATERWAY,Faculty of Floating Megastructure Civil Eng,0.6667,-1.0,-47905.22,62789.6,-268.53,78977.49,127.34,38904.04,-0.7807,-0.6237,0.039,35000.0,4
1922,Petal,3,ZONE_FACULTY_MEGASTRUCT,Faculty of Floating Megastructure Civil Eng,0.6667,-0.875,-48835.49,61859.33,692.34,78812.95,128.29,38904.04,-0.7809,-0.6234,0.0389,35000.0,4
1923,Petal,3,ZONE_FACULTY_MEGASTRUCT,Faculty of Floating Megastructure Civil Eng,0.6667,-0.75,-49765.76,60929.05,1558.48,78670.07,129.24,38904.04,-0.7811,-0.6232,0.0387,35000.0,4
1924,Petal,3,ZONE_FACULTY_MEGASTRUCT,Faculty of Floating Megastructure Civil Eng,0.6667,-0.625,-50696.04,59998.78,2329.9,78548.98,130.2,38904.04,-0.7812,-0.6231,0.0386,35000.0,4
1925,Petal,3,ZONE_FACULTY_MEGASTRUCT,Faculty of Floating Megastructure Civil Eng,0.6667,-0.5,-51626.31,59068.5,3006.6,78449.76,131.15,38904.04,-0.7813,-0.623,0.0385,35000.0,4
1926,Petal,3,ZONE_FACULTY_MEGASTRUCT,Faculty of Floating Megastructure Civil Eng,0.6667,-0.375,-52556.59,58138.23,3588.58,78372.5,132.11,38904.04,-0.7813,-0.6229,0.0384,35000.0,4
1927,Petal,3,ZONE_FACULTY_MEGASTRUCT,Faculty of Floating Megastructure Civil Eng,0.6667,-0.25,-53486.86,57207.96,4075.84,78317.27,133.07,38904.04,-0.7813,-0.6229,0.0383,35000.0,4
1928,Petal,3,ZONE_FACULTY_MEGASTRUCT,Faculty of Floating Megastructure Civil Eng,0.6667,-0.125,-54417.13,56277.68,4468.38,78284.11,134.04,38904.04,-0.7813,-0.623,0.0382,35000.0,4
1929,Petal,3,ZONE_FACULTY_MEGASTRUCT,Faculty of Floating Megastructure Civil Eng,0.6667,0.0,-55347.41,55347.41,4766.19,78273.05,135.0,38904.04,-0.7802,-0.6244,0.0376,35000.0,4
1930,Petal,3,ZONE_FACULTY_MEGASTRUCT,Faculty of Floating Megastructure Civil Eng,0.6667,0.125,-56277.68,54417.13,4468.38,78284.11,135.96,38904.04,-0.7799,-0.6247,0.0375,35000.0,4
1931,Petal,3,ZONE_FACULTY_MEGASTRUCT,Faculty of Floating Megastructure Civil Eng,0.6667,0.25,-57207.96,53486.86,4075.84,78317.27,136.93,38904.04,-0.7796,-0.6251,0.0374,35000.0,4
1932,Petal,3,ZONE_FACULTY_MEGASTRUCT,Faculty of Floating Megastructure Civil Eng,0.6667,0.375,-58138.23,52556.59,3588.58,78372.5,137.89,38904.04,-0.7793,-0.6256,0.0373,35000.0,4
1933,Petal,3,ZONE_FACULTY_MEGASTRUCT,Faculty of Floating Megastructure Civil Eng,0.6667,0.5,-59068.5,51626.31,3006.6,78449.76,138.85,38904.04,-0.7789,-0.6261,0.0372,35000.0,4
1934,Petal,3,ZONE_FACULTY_MEGASTRUCT,Faculty of Floating Megastructure Civil Eng,0.6667,0.625,-59998.78,50696.04,2329.9,78548.98,139.8,38904.04,-0.7784,-0.6267,0.0371,35000.0,4
1935,Petal,3,ZONE_FACULTY_MEGASTRUCT,Faculty of Floating Megastructure Civil Eng,0.6667,0.75,-60929.05,49765.76,1558.48,78670.07,140.76,38904.04,-0.7779,-0.6273,0.037,35000.0,4
1936,Petal,3,ZONE_FACULTY_MEGASTRUCT,Faculty of Floating Megastructure Civil Eng,0.6667,0.875,-61859.33,48835.49,692.34,78812.95,141.71,38904.04,-0.7774,-0.6279,0.0369,35000.0,4
1937,Petal,3,ZONE_CLEARANCE_WATERWAY,Faculty of Floating Megastructure Civil Eng,0.6667,1.0,-62789.6,47905.22,-268.53,78977.49,142.66,38904.04,-0.7787,-0.6262,0.0378,35000.0,4
1938,Petal,3,ZONE_CLEARANCE_WATERWAY,Faculty of Floating Megastructure Civil Eng,0.7,-1.0,-51010.45,64158.44,69.13,81965.68,128.49,43783.34,-0.7722,-0.6345,0.0327,35000.0,4
1939,Petal,3,ZONE_FACULTY_MEGASTRUCT,Faculty of Floating Megastructure Civil Eng,0.7,-0.875,-51832.2,63336.69,972.39,81842.01,129.3,43783.34,-0.7725,-0.6341,0.0327,35000.0,4
1940,Petal,3,ZONE_FACULTY_MEGASTRUCT,Faculty of Floating Megastructure Civil Eng,0.7,-0.75,-52653.95,62514.94,1787.16,81734.67,130.11,43783.34,-0.7728,-0.6338,0.0326,35000.0,4
1941,Petal,3,ZONE_FACULTY_MEGASTRUCT,Faculty of Floating Megastructure Civil Eng,0.7,-0.625,-53475.7,61693.19,2513.44,81643.74,130.92,43783.34,-0.773,-0.6335,0.0325,35000.0,4
1942,Petal,3,ZONE_FACULTY_MEGASTRUCT,Faculty of Floating Megastructure Civil Eng,0.7,-0.5,-54297.45,60871.44,3151.24,81569.27,131.73,43783.34,-0.7732,-0.6333,0.0324,35000.0,4
1943,Petal,3,ZONE_FACULTY_MEGASTRUCT,Faculty of Floating Megastructure Civil Eng,0.7,-0.375,-55119.2,60049.69,3700.55,81511.3,132.55,43783.34,-0.7733,-0.6332,0.0323,35000.0,4
1944,Petal,3,ZONE_FACULTY_MEGASTRUCT,Faculty of Floating Megastructure Civil Eng,0.7,-0.25,-55940.95,59227.95,4161.38,81469.87,133.37,43783.34,-0.7734,-0.6331,0.0322,35000.0,4
1945,Petal,3,ZONE_FACULTY_MEGASTRUCT,Faculty of Floating Megastructure Civil Eng,0.7,-0.125,-56762.7,58406.2,4533.72,81445.0,134.18,43783.34,-0.7734,-0.6331,0.0322,35000.0,4
1946,Petal,3,ZONE_FACULTY_MEGASTRUCT,Faculty of Floating Megastructure Civil Eng,0.7,0.0,-57584.45,57584.45,4817.57,81436.71,135.0,43783.34,-0.7726,-0.6341,0.0317,35000.0,4
1947,Petal,3,ZONE_FACULTY_MEGASTRUCT,Faculty of Floating Megastructure Civil Eng,0.7,0.125,-58406.2,56762.7,4533.72,81445.0,135.82,43783.34,-0.7723,-0.6345,0.0316,35000.0,4
1948,Petal,3,ZONE_FACULTY_MEGASTRUCT,Faculty of Floating Megastructure Civil Eng,0.7,0.25,-59227.95,55940.95,4161.38,81469.87,136.63,43783.34,-0.772,-0.6349,0.0315,35000.0,4
1949,Petal,3,ZONE_FACULTY_MEGASTRUCT,Faculty of Floating Megastructure Civil Eng,0.7,0.375,-60049.69,55119.2,3700.55,81511.3,137.45,43783.34,-0.7716,-0.6353,0.0314,35000.0,4
1950,Petal,3,ZONE_FACULTY_MEGASTRUCT,Faculty of Floating Megastructure Civil Eng,0.7,0.5,-60871.44,54297.45,3151.24,81569.27,138.27,43783.34,-0.7712,-0.6358,0.0314,35000.0,4
1951,Petal,3,ZONE_FACULTY_MEGASTRUCT,Faculty of Floating Megastructure Civil Eng,0.7,0.625,-61693.19,53475.7,2513.44,81643.74,139.08,43783.34,-0.7708,-0.6364,0.0313,35000.0,4
1952,Petal,3,ZONE_FACULTY_MEGASTRUCT,Faculty of Floating Megastructure Civil Eng,0.7,0.75,-62514.94,52653.95,1787.16,81734.67,139.89,43783.34,-0.7703,-0.637,0.0312,35000.0,4
1953,Petal,3,ZONE_FACULTY_MEGASTRUCT,Faculty of Floating Megastructure Civil Eng,0.7,0.875,-63336.69,51832.2,972.39,81842.01,140.7,43783.34,-0.7697,-0.6376,0.0312,35000.0,4
1954,Petal,3,ZONE_CLEARANCE_WATERWAY,Faculty of Floating Megastructure Civil Eng,0.7,1.0,-64158.44,51010.45,69.13,81965.68,141.51,43783.34,-0.7706,-0.6365,0.0319,35000.0,4
1955,Petal,3,ZONE_CLEARANCE_WATERWAY,Faculty of Floating Megastructure Civil Eng,0.7333,-1.0,-54109.83,65533.14,422.8,84985.1,129.55,48646.06,-0.763,-0.6458,0.0281,35000.0,4
1956,Petal,3,ZONE_FACULTY_MEGASTRUCT,Faculty of Floating Megastructure Civil Eng,0.7333,-0.875,-54823.79,64819.19,1230.47,84895.08,130.22,48646.06,-0.7636,-0.645,0.028,35000.0,4
1957,Petal,3,ZONE_FACULTY_MEGASTRUCT,Faculty of Floating Megastructure Civil Eng,0.7333,-0.75,-55537.75,64105.23,1959.64,84816.99,130.9,48646.06,-0.7642,-0.6444,0.0279,35000.0,4
1958,Petal,3,ZONE_FACULTY_MEGASTRUCT,Faculty of Floating Megastructure Civil Eng,0.7333,-0.625,-56251.7,63391.27,2610.33,84750.86,131.58,48646.06,-0.7647,-0.6438,0.0279,35000.0,4
1959,Petal,3,ZONE_FACULTY_MEGASTRUCT,Faculty of Floating Megastructure Civil Eng,0.7333,-0.5,-56965.66,62677.32,3182.51,84696.71,132.27,48646.06,-0.765,-0.6434,0.0278,35000.0,4
1960,Petal,3,ZONE_FACULTY_MEGASTRUCT,Faculty of Floating Megastructure Civil Eng,0.7333,-0.375,-57679.62,61963.36,3676.21,84654.57,132.95,48646.06,-0.7654,-0.643,0.0278,35000.0,4
1961,Petal,3,ZONE_FACULTY_MEGASTRUCT,Faculty of Floating Megastructure Civil Eng,0.7333,-0.25,-58393.57,61249.4,4091.41,84624.46,133.63,48646.06,-0.7656,-0.6427,0.0277,35000.0,4
1962,Petal,3,ZONE_FACULTY_MEGASTRUCT,Faculty of Floating Megastructure Civil Eng,0.7333,-0.125,-59107.53,60535.44,4428.12,84606.38,134.32,48646.06,-0.7658,-0.6425,0.0276,35000.0,4
1963,Petal,3,ZONE_FACULTY_MEGASTRUCT,Faculty of Floating Megastructure Civil Eng,0.7333,0.0,-59821.49,59821.49,4686.33,84600.36,135.0,48646.06,-0.7652,-0.6432,0.0272,35000.0,4
1964,Petal,3,ZONE_FACULTY_MEGASTRUCT,Faculty of Floating Megastructure Civil Eng,0.7333,0.125,-60535.44,59107.53,4428.12,84606.38,135.68,48646.06,-0.7649,-0.6436,0.0272,35000.0,4
1965,Petal,3,ZONE_FACULTY_MEGASTRUCT,Faculty of Floating Megastructure Civil Eng,0.7333,0.25,-61249.4,58393.57,4091.41,84624.46,136.37,48646.06,-0.7645,-0.6441,0.0271,35000.0,4
1966,Petal,3,ZONE_FACULTY_MEGASTRUCT,Faculty of Floating Megastructure Civil Eng,0.7333,0.375,-61963.36,57679.62,3676.21,84654.57,137.05,48646.06,-0.764,-0.6446,0.0271,35000.0,4
1967,Petal,3,ZONE_FACULTY_MEGASTRUCT,Faculty of Floating Megastructure Civil Eng,0.7333,0.5,-62677.32,56965.66,3182.51,84696.71,137.73,48646.06,-0.7635,-0.6453,0.027,35000.0,4
1968,Petal,3,ZONE_FACULTY_MEGASTRUCT,Faculty of Floating Megastructure Civil Eng,0.7333,0.625,-63391.27,56251.7,2610.33,84750.86,138.42,48646.06,-0.7629,-0.646,0.027,35000.0,4
1969,Petal,3,ZONE_FACULTY_MEGASTRUCT,Faculty of Floating Megastructure Civil Eng,0.7333,0.75,-64105.23,55537.75,1959.64,84816.99,139.1,48646.06,-0.7622,-0.6468,0.0269,35000.0,4
1970,Petal,3,ZONE_FACULTY_MEGASTRUCT,Faculty of Floating Megastructure Civil Eng,0.7333,0.875,-64819.19,54823.79,1230.47,84895.08,139.78,48646.06,-0.7614,-0.6477,0.0269,35000.0,4
1971,Petal,3,ZONE_CLEARANCE_WATERWAY,Faculty of Floating Megastructure Civil Eng,0.7333,1.0,-65533.14,54109.83,422.8,84985.1,140.45,48646.06,-0.7618,-0.6472,0.0274,35000.0,4
1972,Petal,3,ZONE_CLEARANCE_WATERWAY,Faculty of Floating Megastructure Civil Eng,0.7667,-1.0,-57196.46,66920.6,729.61,88032.96,130.52,53472.72,-0.7544,-0.656,0.0252,35000.0,4
1973,Petal,3,ZONE_FACULTY_MEGASTRUCT,Faculty of Floating Megastructure Civil Eng,0.7667,-0.875,-57804.22,66312.84,1394.3,87970.0,131.08,53472.72,-0.7551,-0.6551,0.0252,35000.0,4
1974,Petal,3,ZONE_FACULTY_MEGASTRUCT,Faculty of Floating Megastructure Civil Eng,0.7667,-0.75,-58411.98,65705.08,1995.05,87915.39,131.64,53472.72,-0.7558,-0.6544,0.0251,35000.0,4
1975,Petal,3,ZONE_FACULTY_MEGASTRUCT,Faculty of Floating Megastructure Civil Eng,0.7667,-0.625,-59019.74,65097.32,2531.84,87869.17,132.2,53472.72,-0.7563,-0.6537,0.0251,35000.0,4
1976,Petal,3,ZONE_FACULTY_MEGASTRUCT,Faculty of Floating Megastructure Civil Eng,0.7667,-0.5,-59627.49,64489.56,3004.68,87831.33,132.76,53472.72,-0.7568,-0.6531,0.025,35000.0,4
1977,Petal,3,ZONE_FACULTY_MEGASTRUCT,Faculty of Floating Megastructure Civil Eng,0.7667,-0.375,-60235.25,63881.8,3413.57,87801.88,133.32,53472.72,-0.7572,-0.6527,0.025,35000.0,4
1978,Petal,3,ZONE_FACULTY_MEGASTRUCT,Faculty of Floating Megastructure Civil Eng,0.7667,-0.25,-60843.01,63274.05,3758.51,87780.85,133.88,53472.72,-0.7575,-0.6523,0.0249,35000.0,4
1979,Petal,3,ZONE_FACULTY_MEGASTRUCT,Faculty of Floating Megastructure Civil Eng,0.7667,-0.125,-61450.77,62666.29,4039.5,87768.22,134.44,53472.72,-0.7578,-0.652,0.0249,35000.0,4
1980,Petal,3,ZONE_FACULTY_MEGASTRUCT,Faculty of Floating Megastructure Civil Eng,0.7667,0.0,-62058.53,62058.53,4256.54,87764.01,135.0,53472.72,-0.7574,-0.6525,0.0246,35000.0,4
1981,Petal,3,ZONE_FACULTY_MEGASTRUCT,Faculty of Floating Megastructure Civil Eng,0.7667,0.125,-62666.29,61450.77,4039.5,87768.22,135.56,53472.72,-0.7571,-0.6528,0.0245,35000.0,4
1982,Petal,3,ZONE_FACULTY_MEGASTRUCT,Faculty of Floating Megastructure Civil Eng,0.7667,0.25,-63274.05,60843.01,3758.51,87780.85,136.12,53472.72,-0.7567,-0.6533,0.0245,35000.0,4
1983,Petal,3,ZONE_FACULTY_MEGASTRUCT,Faculty of Floating Megastructure Civil Eng,0.7667,0.375,-63881.8,60235.25,3413.57,87801.88,136.68,53472.72,-0.7562,-0.6539,0.0244,35000.0,4
1984,Petal,3,ZONE_FACULTY_MEGASTRUCT,Faculty of Floating Megastructure Civil Eng,0.7667,0.5,-64489.56,59627.49,3004.68,87831.33,137.24,53472.72,-0.7556,-0.6545,0.0244,35000.0,4
1985,Petal,3,ZONE_FACULTY_MEGASTRUCT,Faculty of Floating Megastructure Civil Eng,0.7667,0.625,-65097.32,59019.74,2531.84,87869.17,137.8,53472.72,-0.755,-0.6553,0.0243,35000.0,4
1986,Petal,3,ZONE_FACULTY_MEGASTRUCT,Faculty of Floating Megastructure Civil Eng,0.7667,0.75,-65705.08,58411.98,1995.05,87915.39,138.36,53472.72,-0.7543,-0.6561,0.0243,35000.0,4
1987,Petal,3,ZONE_FACULTY_MEGASTRUCT,Faculty of Floating Megastructure Civil Eng,0.7667,0.875,-66312.84,57804.22,1394.3,87970.0,138.92,53472.72,-0.7535,-0.657,0.0243,35000.0,4
1988,Petal,3,ZONE_CLEARANCE_WATERWAY,Faculty of Floating Megastructure Civil Eng,0.7667,1.0,-66920.6,57196.46,729.61,88032.96,139.48,53472.72,-0.7534,-0.657,0.0247,35000.0,4
1989,Petal,3,ZONE_CLEARANCE_WATERWAY,Faculty of Floating Megastructure Civil Eng,0.8,-1.0,-60263.61,68327.52,931.72,91106.28,131.41,58244.3,-0.7461,-0.6654,0.0236,35000.0,4
1990,Petal,3,ZONE_FACULTY_MEGASTRUCT,Faculty of Floating Megastructure Civil Eng,0.8,-0.875,-60767.61,67823.53,1433.09,91064.45,131.86,58244.3,-0.7469,-0.6646,0.0235,35000.0,4
1991,Petal,3,ZONE_FACULTY_MEGASTRUCT,Faculty of Floating Megastructure Civil Eng,0.8,-0.75,-61271.6,67319.53,1886.84,91028.18,132.31,58244.3,-0.7475,-0.6638,0.0235,35000.0,4
1992,Petal,3,ZONE_FACULTY_MEGASTRUCT,Faculty of Floating Megastructure Civil Eng,0.8,-0.625,-61775.6,66815.54,2292.97,90997.48,132.76,58244.3,-0.7481,-0.6631,0.0235,35000.0,4
1993,Petal,3,ZONE_FACULTY_MEGASTRUCT,Faculty of Floating Megastructure Civil Eng,0.8,-0.5,-62279.59,66311.55,2651.47,90972.35,133.2,58244.3,-0.7486,-0.6626,0.0234,35000.0,4
1994,Petal,3,ZONE_FACULTY_MEGASTRUCT,Faculty of Floating Megastructure Civil Eng,0.8,-0.375,-62783.59,65807.55,2962.36,90952.8,133.65,58244.3,-0.749,-0.6621,0.0234,35000.0,4
1995,Petal,3,ZONE_FACULTY_MEGASTRUCT,Faculty of Floating Megastructure Civil Eng,0.8,-0.25,-63287.58,65303.56,3225.62,90938.84,134.1,58244.3,-0.7494,-0.6617,0.0234,35000.0,4
1996,Petal,3,ZONE_FACULTY_MEGASTRUCT,Faculty of Floating Megastructure Civil Eng,0.8,-0.125,-63791.57,64799.56,3441.26,90930.46,134.55,58244.3,-0.7497,-0.6614,0.0233,35000.0,4
1997,Petal,3,ZONE_FACULTY_MEGASTRUCT,Faculty of Floating Megastructure Civil Eng,0.8,0.0,-64295.57,64295.57,3609.28,90927.66,135.0,58244.3,-0.7495,-0.6617,0.0231,35000.0,4
1998,Petal,3,ZONE_FACULTY_MEGASTRUCT,Faculty of Floating Megastructure Civil Eng,0.8,0.125,-64799.56,63791.57,3441.26,90930.46,135.45,58244.3,-0.7491,-0.662,0.023,35000.0,4
1999,Petal,3,ZONE_FACULTY_MEGASTRUCT,Faculty of Floating Megastructure Civil Eng,0.8,0.25,-65303.56,63287.58,3225.62,90938.84,135.9,58244.3,-0.7488,-0.6624,0.023,35000.0,4
2000,Petal,3,ZONE_FACULTY_MEGASTRUCT,Faculty of Floating Megastructure Civil Eng,0.8,0.375,-65807.55,62783.59,2962.36,90952.8,136.35,58244.3,-0.7483,-0.663,0.023,35000.0,4
2001,Petal,3,ZONE_FACULTY_MEGASTRUCT,Faculty of Floating Megastructure Civil Eng,0.8,0.5,-66311.55,62279.59,2651.47,90972.35,136.8,58244.3,-0.7478,-0.6636,0.0229,35000.0,4
2002,Petal,3,ZONE_FACULTY_MEGASTRUCT,Faculty of Floating Megastructure Civil Eng,0.8,0.625,-66815.54,61775.6,2292.97,90997.48,137.24,58244.3,-0.7472,-0.6643,0.0229,35000.0,4
2003,Petal,3,ZONE_FACULTY_MEGASTRUCT,Faculty of Floating Megastructure Civil Eng,0.8,0.75,-67319.53,61271.6,1886.84,91028.18,137.69,58244.3,-0.7465,-0.665,0.0229,35000.0,4
2004,Petal,3,ZONE_FACULTY_MEGASTRUCT,Faculty of Floating Megastructure Civil Eng,0.8,0.875,-67823.53,60767.61,1433.09,91064.45,138.14,58244.3,-0.7457,-0.6659,0.0228,35000.0,4
2005,Petal,3,ZONE_CLEARANCE_WATERWAY,Faculty of Floating Megastructure Civil Eng,0.8,1.0,-68327.52,60263.61,931.72,91106.28,138.59,58244.3,-0.7455,-0.6661,0.0232,35000.0,4
2006,Petal,3,ZONE_CLEARANCE_WATERWAY,Faculty of Floating Megastructure Civil Eng,0.8333,-1.0,-63304.47,69760.74,992.95,94202.01,132.22,62941.5,-0.7383,-0.6741,0.023,35000.0,4
2007,Petal,3,ZONE_FACULTY_MEGASTRUCT,Faculty of Floating Megastructure Civil Eng,0.8333,-0.875,-63707.99,69357.23,1334.24,94176.07,132.57,62941.5,-0.7389,-0.6734,0.0229,35000.0,4
2008,Petal,3,ZONE_FACULTY_MEGASTRUCT,Faculty of Floating Megastructure Civil Eng,0.8333,-0.75,-64111.51,68953.71,1643.64,94153.6,132.92,62941.5,-0.7395,-0.6727,0.0229,35000.0,4
2009,Petal,3,ZONE_FACULTY_MEGASTRUCT,Faculty of Floating Megastructure Civil Eng,0.8333,-0.625,-64515.02,68550.19,1921.17,94134.57,133.26,62941.5,-0.7401,-0.6721,0.0229,35000.0,4
2010,Petal,3,ZONE_FACULTY_MEGASTRUCT,Faculty of Floating Megastructure Civil Eng,0.8333,-0.5,-64918.54,68146.68,2166.81,94119.0,133.61,62941.5,-0.7406,-0.6716,0.0229,35000.0,4
2011,Petal,3,ZONE_FACULTY_MEGASTRUCT,Faculty of Floating Megastructure Civil Eng,0.8333,-0.375,-65322.06,67743.16,2380.56,94106.89,133.96,62941.5,-0.741,-0.6712,0.0228,35000.0,4
2012,Petal,3,ZONE_FACULTY_MEGASTRUCT,Faculty of Floating Megastructure Civil Eng,0.8333,-0.25,-65725.57,67339.64,2562.44,94098.24,134.31,62941.5,-0.7413,-0.6708,0.0228,35000.0,4
2013,Petal,3,ZONE_FACULTY_MEGASTRUCT,Faculty of Floating Megastructure Civil Eng,0.8333,-0.125,-66129.09,66936.13,2712.43,94093.05,134.65,62941.5,-0.7415,-0.6705,0.0228,35000.0,4
2014,Petal,3,ZONE_FACULTY_MEGASTRUCT,Faculty of Floating Megastructure Civil Eng,0.8333,0.0,-66532.61,66532.61,2830.55,94091.32,135.0,62941.5,-0.7415,-0.6706,0.0225,35000.0,4
2015,Petal,3,ZONE_FACULTY_MEGASTRUCT,Faculty of Floating Megastructure Civil Eng,0.8333,0.125,-66936.13,66129.09,2712.43,94093.05,135.35,62941.5,-0.7412,-0.6709,0.0225,35000.0,4
2016,Petal,3,ZONE_FACULTY_MEGASTRUCT,Faculty of Floating Megastructure Civil Eng,0.8333,0.25,-67339.64,65725.57,2562.44,94098.24,135.69,62941.5,-0.7408,-0.6713,0.0225,35000.0,4
2017,Petal,3,ZONE_FACULTY_MEGASTRUCT,Faculty of Floating Megastructure Civil Eng,0.8333,0.375,-67743.16,65322.06,2380.56,94106.89,136.04,62941.5,-0.7404,-0.6717,0.0225,35000.0,4
2018,Petal,3,ZONE_FACULTY_MEGASTRUCT,Faculty of Floating Megastructure Civil Eng,0.8333,0.5,-68146.68,64918.54,2166.81,94119.0,136.39,62941.5,-0.74,-0.6723,0.0224,35000.0,4
2019,Petal,3,ZONE_FACULTY_MEGASTRUCT,Faculty of Floating Megastructure Civil Eng,0.8333,0.625,-68550.19,64515.02,1921.17,94134.57,136.74,62941.5,-0.7394,-0.6729,0.0224,35000.0,4
2020,Petal,3,ZONE_FACULTY_MEGASTRUCT,Faculty of Floating Megastructure Civil Eng,0.8333,0.75,-68953.71,64111.51,1643.64,94153.6,137.08,62941.5,-0.7388,-0.6735,0.0224,35000.0,4
2021,Petal,3,ZONE_FACULTY_MEGASTRUCT,Faculty of Floating Megastructure Civil Eng,0.8333,0.875,-69357.23,63707.99,1334.24,94176.07,137.43,62941.5,-0.7382,-0.6743,0.0224,35000.0,4
2022,Petal,3,ZONE_CLEARANCE_WATERWAY,Faculty of Floating Megastructure Civil Eng,0.8333,1.0,-69760.74,63304.47,992.95,94202.01,137.78,62941.5,-0.7378,-0.6746,0.0226,35000.0,4
2023,Petal,3,ZONE_CLEARANCE_WATERWAY,Faculty of Floating Megastructure Civil Eng,0.8667,-1.0,-66311.7,71227.6,903.97,97317.07,132.95,67543.58,-0.7308,-0.6822,0.0235,35000.0,4
2024,Petal,3,ZONE_HARBOR_BERTH,Faculty of Floating Megastructure Civil Eng,0.8667,-0.875,-66618.94,70920.35,1107.01,97302.52,133.21,67543.58,-0.7313,-0.6816,0.0234,35000.0,4
2025,Petal,3,ZONE_HARBOR_BERTH,Faculty of Floating Megastructure Civil Eng,0.8667,-0.75,-66926.19,70613.11,1291.5,97289.91,133.46,67543.58,-0.7319,-0.6811,0.0234,35000.0,4
2026,Petal,3,ZONE_HARBOR_BERTH,Faculty of Floating Megastructure Civil Eng,0.8667,-0.625,-67233.43,70305.87,1457.44,97279.23,133.72,67543.58,-0.7323,-0.6806,0.0234,35000.0,4
2027,Petal,3,ZONE_HARBOR_BERTH,Faculty of Floating Megastructure Civil Eng,0.8667,-0.5,-67540.67,69998.62,1604.83,97270.5,133.98,67543.58,-0.7327,-0.6801,0.0234,35000.0,4
2028,Petal,3,ZONE_HARBOR_BERTH,Faculty of Floating Megastructure Civil Eng,0.8667,-0.375,-67847.92,69691.38,1733.66,97263.71,134.23,67543.58,-0.733,-0.6798,0.0233,35000.0,4
2029,Petal,3,ZONE_HARBOR_BERTH,Faculty of Floating Megastructure Civil Eng,0.8667,-0.25,-68155.16,69384.14,1843.94,97258.85,134.49,67543.58,-0.7333,-0.6795,0.0233,35000.0,4
2030,Petal,3,ZONE_HARBOR_BERTH,Faculty of Floating Megastructure Civil Eng,0.8667,-0.125,-68462.41,69076.89,1935.68,97255.94,134.74,67543.58,-0.7336,-0.6792,0.0233,35000.0,4
2031,Petal,3,ZONE_HARBOR_BERTH,Faculty of Floating Megastructure Civil Eng,0.8667,0.0,-68769.65,68769.65,2008.86,97254.97,135.0,67543.58,-0.7335,-0.6792,0.0231,35000.0,4
2032,Petal,3,ZONE_HARBOR_BERTH,Faculty of Floating Megastructure Civil Eng,0.8667,0.125,-69076.89,68462.41,1935.68,97255.94,135.26,67543.58,-0.7333,-0.6795,0.0231,35000.0,4
2033,Petal,3,ZONE_HARBOR_BERTH,Faculty of Floating Megastructure Civil Eng,0.8667,0.25,-69384.14,68155.16,1843.94,97258.85,135.51,67543.58,-0.7331,-0.6798,0.0231,35000.0,4
2034,Petal,3,ZONE_HARBOR_BERTH,Faculty of Floating Megastructure Civil Eng,0.8667,0.375,-69691.38,67847.92,1733.66,97263.71,135.77,67543.58,-0.7327,-0.6801,0.023,35000.0,4
2035,Petal,3,ZONE_HARBOR_BERTH,Faculty of Floating Megastructure Civil Eng,0.8667,0.5,-69998.62,67540.67,1604.83,97270.5,136.02,67543.58,-0.7323,-0.6805,0.023,35000.0,4
2036,Petal,3,ZONE_HARBOR_BERTH,Faculty of Floating Megastructure Civil Eng,0.8667,0.625,-70305.87,67233.43,1457.44,97279.23,136.28,67543.58,-0.7319,-0.681,0.023,35000.0,4
2037,Petal,3,ZONE_HARBOR_BERTH,Faculty of Floating Megastructure Civil Eng,0.8667,0.75,-70613.11,66926.19,1291.5,97289.91,136.54,67543.58,-0.7314,-0.6816,0.023,35000.0,4
2038,Petal,3,ZONE_HARBOR_BERTH,Faculty of Floating Megastructure Civil Eng,0.8667,0.875,-70920.35,66618.94,1107.01,97302.52,136.79,67543.58,-0.7309,-0.6821,0.023,35000.0,4
2039,Petal,3,ZONE_CLEARANCE_WATERWAY,Faculty of Floating Megastructure Civil Eng,0.8667,1.0,-71227.6,66311.7,903.97,97317.07,137.05,67543.58,-0.7305,-0.6825,0.0232,35000.0,4
2040,Petal,3,ZONE_CLEARANCE_WATERWAY,Faculty of Floating Megastructure Civil Eng,0.9,-1.0,-69276.67,72736.71,686.49,100448.42,133.6,72026.13,-0.7237,-0.6896,0.0255,35000.0,4
2041,Petal,3,ZONE_HARBOR_BERTH,Faculty of Floating Megastructure Civil Eng,0.9,-0.875,-69492.92,72520.46,785.44,100441.44,133.78,72026.13,-0.7241,-0.6892,0.0255,35000.0,4
2042,Petal,3,ZONE_HARBOR_BERTH,Faculty of Floating Megastructure Civil Eng,0.9,-0.75,-69709.17,72304.21,875.63,100435.39,133.95,72026.13,-0.7245,-0.6888,0.0255,35000.0,4
2043,Petal,3,ZONE_HARBOR_BERTH,Faculty of Floating Megastructure Civil Eng,0.9,-0.625,-69925.43,72087.95,957.06,100430.26,134.13,72026.13,-0.7249,-0.6884,0.0254,35000.0,4
2044,Petal,3,ZONE_HARBOR_BERTH,Faculty of Floating Megastructure Civil Eng,0.9,-0.5,-70141.68,71871.7,1029.72,100426.07,134.3,72026.13,-0.7252,-0.6881,0.0254,35000.0,4
2045,Petal,3,ZONE_HARBOR_BERTH,Faculty of Floating Megastructure Civil Eng,0.9,-0.375,-70357.93,71655.45,1093.62,100422.81,134.48,72026.13,-0.7254,-0.6878,0.0254,35000.0,4
2046,Petal,3,ZONE_HARBOR_BERTH,Faculty of Floating Megastructure Civil Eng,0.9,-0.25,-70574.18,71439.19,1148.76,100420.49,134.65,72026.13,-0.7256,-0.6876,0.0254,35000.0,4
2047,Petal,3,ZONE_HARBOR_BERTH,Faculty of Floating Megastructure Civil Eng,0.9,-0.125,-70790.44,71222.94,1195.14,100419.09,134.83,72026.13,-0.7258,-0.6874,0.0254,35000.0,4
2048,Petal,3,ZONE_HARBOR_BERTH,Faculty of Floating Megastructure Civil Eng,0.9,0.0,-71006.69,71006.69,1232.75,100418.62,135.0,72026.13,-0.7259,-0.6874,0.0252,35000.0,4
2049,Petal,3,ZONE_HARBOR_BERTH,Faculty of Floating Megastructure Civil Eng,0.9,0.125,-71222.94,70790.44,1195.14,100419.09,135.17,72026.13,-0.7257,-0.6875,0.0252,35000.0,4
2050,Petal,3,ZONE_HARBOR_BERTH,Faculty of Floating Megastructure Civil Eng,0.9,0.25,-71439.19,70574.18,1148.76,100420.49,135.35,72026.13,-0.7255,-0.6878,0.0252,35000.0,4
2051,Petal,3,ZONE_HARBOR_BERTH,Faculty of Floating Megastructure Civil Eng,0.9,0.375,-71655.45,70357.93,1093.62,100422.81,135.52,72026.13,-0.7252,-0.688,0.0252,35000.0,4
2052,Petal,3,ZONE_HARBOR_BERTH,Faculty of Floating Megastructure Civil Eng,0.9,0.5,-71871.7,70141.68,1029.72,100426.07,135.7,72026.13,-0.725,-0.6883,0.0251,35000.0,4
2053,Petal,3,ZONE_HARBOR_BERTH,Faculty of Floating Megastructure Civil Eng,0.9,0.625,-72087.95,69925.43,957.06,100430.26,135.87,72026.13,-0.7246,-0.6887,0.0251,35000.0,4
2054,Petal,3,ZONE_HARBOR_BERTH,Faculty of Floating Megastructure Civil Eng,0.9,0.75,-72304.21,69709.17,875.63,100435.39,136.05,72026.13,-0.7243,-0.6891,0.0251,35000.0,4
2055,Petal,3,ZONE_HARBOR_BERTH,Faculty of Floating Megastructure Civil Eng,0.9,0.875,-72520.46,69492.92,785.44,100441.44,136.22,72026.13,-0.7239,-0.6895,0.0251,35000.0,4
2056,Petal,3,ZONE_CLEARANCE_WATERWAY,Faculty of Floating Megastructure Civil Eng,0.9,1.0,-72736.71,69276.67,686.49,100448.42,136.4,72026.13,-0.7236,-0.6898,0.0253,35000.0,4
2057,Petal,3,ZONE_CLEARANCE_WATERWAY,Faculty of Floating Megastructure Civil Eng,0.9333,-1.0,-72187.72,74299.74,396.26,103593.04,134.17,76356.19,-0.7171,-0.6963,0.0308,35000.0,4
2058,Petal,3,ZONE_HARBOR_BERTH,Faculty of Floating Megastructure Civil Eng,0.9333,-0.875,-72319.72,74167.74,430.28,103590.52,134.28,76356.19,-0.7174,-0.696,0.0307,35000.0,4
2059,Petal,3,ZONE_HARBOR_BERTH,Faculty of Floating Megastructure Civil Eng,0.9333,-0.75,-72451.72,74035.74,461.44,103588.33,134.38,76356.19,-0.7176,-0.6958,0.0307,35000.0,4
2060,Petal,3,ZONE_HARBOR_BERTH,Faculty of Floating Megastructure Civil Eng,0.9333,-0.625,-72583.72,73903.74,489.73,103586.48,134.48,76356.19,-0.7178,-0.6955,0.0307,35000.0,4
2061,Petal,3,ZONE_HARBOR_BERTH,Faculty of Floating Megastructure Civil Eng,0.9333,-0.5,-72715.73,73771.73,515.14,103584.97,134.59,76356.19,-0.718,-0.6953,0.0307,35000.0,4
2062,Petal,3,ZONE_HARBOR_BERTH,Faculty of Floating Megastructure Civil Eng,0.9333,-0.375,-72847.73,73639.73,537.69,103583.79,134.69,76356.19,-0.7182,-0.6952,0.0307,35000.0,4
2063,Petal,3,ZONE_HARBOR_BERTH,Faculty of Floating Megastructure Civil Eng,0.9333,-0.25,-72979.73,73507.73,557.37,103582.95,134.79,76356.19,-0.7183,-0.695,0.0307,35000.0,4
2064,Petal,3,ZONE_HARBOR_BERTH,Faculty of Floating Megastructure Civil Eng,0.9333,-0.125,-73111.73,73375.73,574.18,103582.44,134.9,76356.19,-0.7185,-0.6949,0.0307,35000.0,4
2065,Petal,3,ZONE_HARBOR_BERTH,Faculty of Floating Megastructure Civil Eng,0.9333,0.0,-73243.73,73243.73,588.11,103582.28,135.0,76356.19,-0.7185,-0.6948,0.0305,35000.0,4
2066,Petal,3,ZONE_HARBOR_BERTH,Faculty of Floating Megastructure Civil Eng,0.9333,0.125,-73375.73,73111.73,574.18,103582.44,135.1,76356.19,-0.7184,-0.695,0.0305,35000.0,4
2067,Petal,3,ZONE_HARBOR_BERTH,Faculty of Floating Megastructure Civil Eng,0.9333,0.25,-73507.73,72979.73,557.37,103582.95,135.21,76356.19,-0.7183,-0.6951,0.0305,35000.0,4
2068,Petal,3,ZONE_HARBOR_BERTH,Faculty of Floating Megastructure Civil Eng,0.9333,0.375,-73639.73,72847.73,537.69,103583.79,135.31,76356.19,-0.7181,-0.6953,0.0305,35000.0,4
2069,Petal,3,ZONE_HARBOR_BERTH,Faculty of Floating Megastructure Civil Eng,0.9333,0.5,-73771.73,72715.73,515.14,103584.97,135.41,76356.19,-0.7179,-0.6954,0.0305,35000.0,4
2070,Petal,3,ZONE_HARBOR_BERTH,Faculty of Floating Megastructure Civil Eng,0.9333,0.625,-73903.74,72583.72,489.73,103586.48,135.52,76356.19,-0.7177,-0.6956,0.0304,35000.0,4
2071,Petal,3,ZONE_HARBOR_BERTH,Faculty of Floating Megastructure Civil Eng,0.9333,0.75,-74035.74,72451.72,461.44,103588.33,135.62,76356.19,-0.7175,-0.6959,0.0304,35000.0,4
2072,Petal,3,ZONE_HARBOR_BERTH,Faculty of Floating Megastructure Civil Eng,0.9333,0.875,-74167.74,72319.72,430.28,103590.52,135.72,76356.19,-0.7173,-0.6961,0.0304,35000.0,4
2073,Petal,3,ZONE_CLEARANCE_WATERWAY,Faculty of Floating Megastructure Civil Eng,0.9333,1.0,-74299.74,72187.72,396.26,103593.04,135.83,76356.19,-0.717,-0.6964,0.0306,35000.0,4
2074,Petal,3,ZONE_CLEARANCE_WATERWAY,Faculty of Floating Megastructure Civil Eng,0.9667,-1.0,-75024.83,75936.7,124.82,106747.88,134.65,80477.11,-0.7108,-0.7018,0.047,35000.0,4
2075,Petal,3,ZONE_HARBOR_BERTH,Faculty of Floating Megastructure Civil Eng,0.9667,-0.875,-75081.83,75879.71,129.94,106747.42,134.7,80477.11,-0.7109,-0.7017,0.047,35000.0,4
2076,Petal,3,ZONE_HARBOR_BERTH,Faculty of Floating Megastructure Civil Eng,0.9667,-0.75,-75138.82,75822.72,134.66,106747.02,134.74,80477.11,-0.711,-0.7016,0.047,35000.0,4
2077,Petal,3,ZONE_HARBOR_BERTH,Faculty of Floating Megastructure Civil Eng,0.9667,-0.625,-75195.81,75765.73,138.99,106746.69,134.78,80477.11,-0.7111,-0.7015,0.047,35000.0,4
2078,Petal,3,ZONE_HARBOR_BERTH,Faculty of Floating Megastructure Civil Eng,0.9667,-0.5,-75252.8,75708.74,142.93,106746.42,134.83,80477.11,-0.7112,-0.7014,0.047,35000.0,4
2079,Petal,3,ZONE_HARBOR_BERTH,Faculty of Floating Megastructure Civil Eng,0.9667,-0.375,-75309.79,75651.75,146.47,106746.2,134.87,80477.11,-0.7113,-0.7013,0.047,35000.0,4
2080,Petal,3,ZONE_HARBOR_BERTH,Faculty of Floating Megastructure Civil Eng,0.9667,-0.25,-75366.79,75594.75,149.62,106746.05,134.91,80477.11,-0.7114,-0.7012,0.047,35000.0,4
2081,Petal,3,ZONE_HARBOR_BERTH,Faculty of Floating Megastructure Civil Eng,0.9667,-0.125,-75423.78,75537.76,152.38,106745.96,134.96,80477.11,-0.7114,-0.7012,0.047,35000.0,4
2082,Petal,3,ZONE_HARBOR_BERTH,Faculty of Floating Megastructure Civil Eng,0.9667,0.0,-75480.77,75480.77,154.75,106745.93,135.0,80477.11,-0.7115,-0.7012,0.0468,35000.0,4
2083,Petal,3,ZONE_HARBOR_BERTH,Faculty of Floating Megastructure Civil Eng,0.9667,0.125,-75537.76,75423.78,152.38,106745.96,135.04,80477.11,-0.7114,-0.7012,0.0468,35000.0,4
2084,Petal,3,ZONE_HARBOR_BERTH,Faculty of Floating Megastructure Civil Eng,0.9667,0.25,-75594.75,75366.79,149.62,106746.05,135.09,80477.11,-0.7114,-0.7013,0.0468,35000.0,4
2085,Petal,3,ZONE_HARBOR_BERTH,Faculty of Floating Megastructure Civil Eng,0.9667,0.375,-75651.75,75309.79,146.47,106746.2,135.13,80477.11,-0.7113,-0.7013,0.0468,35000.0,4
2086,Petal,3,ZONE_HARBOR_BERTH,Faculty of Floating Megastructure Civil Eng,0.9667,0.5,-75708.74,75252.8,142.93,106746.42,135.17,80477.11,-0.7112,-0.7014,0.0468,35000.0,4
2087,Petal,3,ZONE_HARBOR_BERTH,Faculty of Floating Megastructure Civil Eng,0.9667,0.625,-75765.73,75195.81,138.99,106746.69,135.22,80477.11,-0.7111,-0.7015,0.0468,35000.0,4
2088,Petal,3,ZONE_HARBOR_BERTH,Faculty of Floating Megastructure Civil Eng,0.9667,0.75,-75822.72,75138.82,134.66,106747.02,135.26,80477.11,-0.711,-0.7016,0.0468,35000.0,4
2089,Petal,3,ZONE_HARBOR_BERTH,Faculty of Floating Megastructure Civil Eng,0.9667,0.875,-75879.71,75081.83,129.94,106747.42,135.3,80477.11,-0.7109,-0.7017,0.0468,35000.0,4
2090,Petal,3,ZONE_CLEARANCE_WATERWAY,Faculty of Floating Megastructure Civil Eng,0.9667,1.0,-75936.7,75024.83,124.82,106747.88,135.35,80477.11,-0.7108,-0.7018,0.0469,35000.0,4
2091,Petal,3,ZONE_CLEARANCE_WATERWAY,Faculty of Floating Megastructure Civil Eng,1.0,-1.0,-77717.81,77717.81,0.0,109909.58,135.0,84190.36,0.0,0.0,1.0,35000.0,4
2092,Petal,3,ZONE_HARBOR_BERTH,Faculty of Floating Megastructure Civil Eng,1.0,-0.875,-77717.81,77717.81,0.0,109909.58,135.0,84190.36,0.0,0.0,1.0,35000.0,4
2093,Petal,3,ZONE_HARBOR_BERTH,Faculty of Floating Megastructure Civil Eng,1.0,-0.75,-77717.81,77717.81,0.0,109909.58,135.0,84190.36,0.0,0.0,1.0,35000.0,4
2094,Petal,3,ZONE_HARBOR_BERTH,Faculty of Floating Megastructure Civil Eng,1.0,-0.625,-77717.81,77717.81,0.0,109909.58,135.0,84190.36,0.0,0.0,1.0,35000.0,4
2095,Petal,3,ZONE_HARBOR_BERTH,Faculty of Floating Megastructure Civil Eng,1.0,-0.5,-77717.81,77717.81,0.0,109909.58,135.0,84190.36,0.0,0.0,1.0,35000.0,4
2096,Petal,3,ZONE_HARBOR_BERTH,Faculty of Floating Megastructure Civil Eng,1.0,-0.375,-77717.81,77717.81,0.0,109909.58,135.0,84190.36,0.0,0.0,1.0,35000.0,4
2097,Petal,3,ZONE_HARBOR_BERTH,Faculty of Floating Megastructure Civil Eng,1.0,-0.25,-77717.81,77717.81,0.0,109909.58,135.0,84190.36,0.0,0.0,1.0,35000.0,4
2098,Petal,3,ZONE_HARBOR_BERTH,Faculty of Floating Megastructure Civil Eng,1.0,-0.125,-77717.81,77717.81,0.0,109909.58,135.0,84190.36,0.0,0.0,1.0,35000.0,4
2099,Petal,3,ZONE_HARBOR_BERTH,Faculty of Floating Megastructure Civil Eng,1.0,0.0,-77717.81,77717.81,0.0,109909.58,135.0,84190.36,0.0,0.0,1.0,35000.0,4
2100,Petal,3,ZONE_HARBOR_BERTH,Faculty of Floating Megastructure Civil Eng,1.0,0.125,-77717.81,77717.81,0.0,109909.58,135.0,84190.36,0.0,0.0,1.0,35000.0,4
2101,Petal,3,ZONE_HARBOR_BERTH,Faculty of Floating Megastructure Civil Eng,1.0,0.25,-77717.81,77717.81,0.0,109909.58,135.0,84190.36,0.0,0.0,1.0,35000.0,4
2102,Petal,3,ZONE_HARBOR_BERTH,Faculty of Floating Megastructure Civil Eng,1.0,0.375,-77717.81,77717.81,0.0,109909.58,135.0,84190.36,0.0,0.0,1.0,35000.0,4
2103,Petal,3,ZONE_HARBOR_BERTH,Faculty of Floating Megastructure Civil Eng,1.0,0.5,-77717.81,77717.81,0.0,109909.58,135.0,84190.36,0.0,0.0,1.0,35000.0,4
2104,Petal,3,ZONE_HARBOR_BERTH,Faculty of Floating Megastructure Civil Eng,1.0,0.625,-77717.81,77717.81,0.0,109909.58,135.0,84190.36,0.0,0.0,1.0,35000.0,4
2105,Petal,3,ZONE_HARBOR_BERTH,Faculty of Floating Megastructure Civil Eng,1.0,0.75,-77717.81,77717.81,0.0,109909.58,135.0,84190.36,0.0,0.0,1.0,35000.0,4
2106,Petal,3,ZONE_HARBOR_BERTH,Faculty of Floating Megastructure Civil Eng,1.0,0.875,-77717.81,77717.81,0.0,109909.58,135.0,84190.36,0.0,0.0,1.0,35000.0,4
2107,Petal,3,ZONE_CLEARANCE_WATERWAY,Faculty of Floating Megastructure Civil Eng,1.0,1.0,-77717.81,77717.81,0.0,109909.58,135.0,84190.36,-0.0,0.0,1.0,35000.0,4
2108,Petal,4,ZONE_CLEARANCE_WATERWAY,Grand Universal Library & Pre-Deluge Archives,0.0,-1.0,-15000.0,0.0,0.0,15000.0,180.0,11480.5,-0.115,0.0,0.9934,35000.0,5
2109,Petal,4,ZONE_FACULTY_ARCHIVES,Grand Universal Library & Pre-Deluge Archives,0.0,-0.875,-15000.0,0.0,0.0,15000.0,180.0,11480.5,-0.058,0.0,0.9983,35000.0,5
2110,Petal,4,ZONE_FACULTY_ARCHIVES,Grand Universal Library & Pre-Deluge Archives,0.0,-0.75,-15000.0,0.0,0.0,15000.0,180.0,11480.5,-0.004,0.0,1.0,35000.0,5
2111,Petal,4,ZONE_FACULTY_ARCHIVES,Grand Universal Library & Pre-Deluge Archives,0.0,-0.625,-15000.0,0.0,0.0,15000.0,180.0,11480.5,0.0463,-0.0,0.9989,35000.0,5
2112,Petal,4,ZONE_FACULTY_ARCHIVES,Grand Universal Library & Pre-Deluge Archives,0.0,-0.5,-15000.0,0.0,0.0,15000.0,180.0,11480.5,0.0928,-0.0,0.9957,35000.0,5
2113,Petal,4,ZONE_FACULTY_ARCHIVES,Grand Universal Library & Pre-Deluge Archives,0.0,-0.375,-15000.0,0.0,0.0,15000.0,180.0,11480.5,0.1351,-0.0,0.9908,35000.0,5
2114,Petal,4,ZONE_FACULTY_ARCHIVES,Grand Universal Library & Pre-Deluge Archives,0.0,-0.25,-15000.0,0.0,0.0,15000.0,180.0,11480.5,0.1733,-0.0,0.9849,35000.0,5
2115,Petal,4,ZONE_FACULTY_ARCHIVES,Grand Universal Library & Pre-Deluge Archives,0.0,-0.125,-15000.0,0.0,0.0,15000.0,180.0,11480.5,0.2073,-0.0,0.9783,35000.0,5
2116,Petal,4,ZONE_FACULTY_ARCHIVES,Grand Universal Library & Pre-Deluge Archives,0.0,0.0,-15000.0,0.0,0.0,15000.0,180.0,11480.5,0.2373,-0.0,0.9714,35000.0,5
2117,Petal,4,ZONE_FACULTY_ARCHIVES,Grand Universal Library & Pre-Deluge Archives,0.0,0.125,-15000.0,0.0,0.0,15000.0,180.0,11480.5,0.2073,-0.0,0.9783,35000.0,5
2118,Petal,4,ZONE_FACULTY_ARCHIVES,Grand Universal Library & Pre-Deluge Archives,0.0,0.25,-15000.0,0.0,0.0,15000.0,180.0,11480.5,0.1733,-0.0,0.9849,35000.0,5
2119,Petal,4,ZONE_FACULTY_ARCHIVES,Grand Universal Library & Pre-Deluge Archives,0.0,0.375,-15000.0,0.0,0.0,15000.0,180.0,11480.5,0.1351,-0.0,0.9908,35000.0,5
2120,Petal,4,ZONE_FACULTY_ARCHIVES,Grand Universal Library & Pre-Deluge Archives,0.0,0.5,-15000.0,0.0,0.0,15000.0,180.0,11480.5,0.0928,-0.0,0.9957,35000.0,5
2121,Petal,4,ZONE_FACULTY_ARCHIVES,Grand Universal Library & Pre-Deluge Archives,0.0,0.625,-15000.0,0.0,0.0,15000.0,180.0,11480.5,0.0463,-0.0,0.9989,35000.0,5
2122,Petal,4,ZONE_FACULTY_ARCHIVES,Grand Universal Library & Pre-Deluge Archives,0.0,0.75,-15000.0,0.0,0.0,15000.0,180.0,11480.5,-0.004,0.0,1.0,35000.0,5
2123,Petal,4,ZONE_FACULTY_ARCHIVES,Grand Universal Library & Pre-Deluge Archives,0.0,0.875,-15000.0,0.0,0.0,15000.0,180.0,11480.5,-0.058,0.0,0.9983,35000.0,5
2124,Petal,4,ZONE_CLEARANCE_WATERWAY,Grand Universal Library & Pre-Deluge Archives,0.0,1.0,-15000.0,0.0,0.0,15000.0,180.0,11480.5,-0.115,0.0,0.9934,35000.0,5
2125,Petal,4,ZONE_CLEARANCE_WATERWAY,Grand Universal Library & Pre-Deluge Archives,0.0333,-1.0,-18163.65,4702.08,-227.72,18762.41,165.49,4500.0,-0.0908,-0.9328,0.3487,35000.0,5
2126,Petal,4,ZONE_FACULTY_ARCHIVES,Grand Universal Library & Pre-Deluge Archives,0.0333,-0.875,-18163.65,4114.32,-78.61,18623.8,167.24,4500.0,-0.0767,-0.9348,0.3469,35000.0,5
2127,Petal,4,ZONE_FACULTY_ARCHIVES,Grand Universal Library & Pre-Deluge Archives,0.0333,-0.75,-18163.65,3526.56,59.06,18502.84,169.01,4500.0,-0.064,-0.9364,0.345,35000.0,5
2128,Petal,4,ZONE_FACULTY_ARCHIVES,Grand Universal Library & Pre-Deluge Archives,0.0333,-0.625,-18163.65,2938.8,185.31,18399.86,170.81,4500.0,-0.0526,-0.9378,0.3431,35000.0,5
2129,Petal,4,ZONE_FACULTY_ARCHIVES,Grand Universal Library & Pre-Deluge Archives,0.0333,-0.5,-18163.65,2351.04,300.12,18315.18,172.62,4500.0,-0.0426,-0.9391,0.3411,35000.0,5
2130,Petal,4,ZONE_FACULTY_ARCHIVES,Grand Universal Library & Pre-Deluge Archives,0.0333,-0.375,-18163.65,1763.28,403.5,18249.04,174.46,4500.0,-0.0339,-0.9401,0.3391,35000.0,5
2131,Petal,4,ZONE_FACULTY_ARCHIVES,Grand Universal Library & Pre-Deluge Archives,0.0333,-0.25,-18163.65,1175.52,495.44,18201.65,176.3,4500.0,-0.0265,-0.9411,0.3371,35000.0,5
2132,Petal,4,ZONE_FACULTY_ARCHIVES,Grand Universal Library & Pre-Deluge Archives,0.0333,-0.125,-18163.65,587.76,575.95,18173.16,178.15,4500.0,-0.0204,-0.942,0.3351,35000.0,5
2133,Petal,4,ZONE_FACULTY_ARCHIVES,Grand Universal Library & Pre-Deluge Archives,0.0333,0.0,-18163.65,0.0,645.03,18163.65,180.0,4500.0,-0.0146,-0.95,0.3119,35000.0,5
2134,Petal,4,ZONE_FACULTY_ARCHIVES,Grand Universal Library & Pre-Deluge Archives,0.0333,0.125,-18163.65,-587.76,575.95,18173.16,181.85,4500.0,-0.0189,-0.9505,0.3101,35000.0,5
2135,Petal,4,ZONE_FACULTY_ARCHIVES,Grand Universal Library & Pre-Deluge Archives,0.0333,0.25,-18163.65,-1175.52,495.44,18201.65,183.7,4500.0,-0.0242,-0.951,0.3083,35000.0,5
2136,Petal,4,ZONE_FACULTY_ARCHIVES,Grand Universal Library & Pre-Deluge Archives,0.0333,0.375,-18163.65,-1763.28,403.5,18249.04,185.54,4500.0,-0.0306,-0.9514,0.3065,35000.0,5
2137,Petal,4,ZONE_FACULTY_ARCHIVES,Grand Universal Library & Pre-Deluge Archives,0.0333,0.5,-18163.65,-2351.04,300.12,18315.18,187.38,4500.0,-0.038,-0.9517,0.3046,35000.0,5
2138,Petal,4,ZONE_FACULTY_ARCHIVES,Grand Universal Library & Pre-Deluge Archives,0.0333,0.625,-18163.65,-2938.8,185.31,18399.86,189.19,4500.0,-0.0464,-0.9519,0.3028,35000.0,5
2139,Petal,4,ZONE_FACULTY_ARCHIVES,Grand Universal Library & Pre-Deluge Archives,0.0333,0.75,-18163.65,-3526.56,59.06,18502.84,190.99,4500.0,-0.0558,-0.952,0.301,35000.0,5
2140,Petal,4,ZONE_FACULTY_ARCHIVES,Grand Universal Library & Pre-Deluge Archives,0.0333,0.875,-18163.65,-4114.32,-78.61,18623.8,192.76,4500.0,-0.0661,-0.9519,0.2991,35000.0,5
2141,Petal,4,ZONE_CLEARANCE_WATERWAY,Grand Universal Library & Pre-Deluge Archives,0.0333,1.0,-18163.65,-4702.08,-227.72,18762.41,194.51,4500.0,-0.0836,-0.9433,0.3211,35000.0,5
2142,Petal,4,ZONE_CLEARANCE_WATERWAY,Grand Universal Library & Pre-Deluge Archives,0.0667,-1.0,-21327.31,5913.91,-451.43,22132.07,164.5,4500.0,-0.0912,-0.9699,0.2259,35000.0,5
2143,Petal,4,ZONE_FACULTY_ARCHIVES,Grand Universal Library & Pre-Deluge Archives,0.0667,-0.875,-21327.31,5174.67,-181.81,21946.1,166.36,4500.0,-0.0825,-0.971,0.2246,35000.0,5
2144,Petal,4,ZONE_FACULTY_ARCHIVES,Grand Universal Library & Pre-Deluge Archives,0.0667,-0.75,-21327.31,4435.43,65.08,21783.64,168.25,4500.0,-0.0747,-0.9719,0.2232,35000.0,5
2145,Petal,4,ZONE_FACULTY_ARCHIVES,Grand Universal Library & Pre-Deluge Archives,0.0667,-0.625,-21327.31,3696.2,289.22,21645.23,170.17,4500.0,-0.0678,-0.9727,0.2218,35000.0,5
2146,Petal,4,ZONE_FACULTY_ARCHIVES,Grand Universal Library & Pre-Deluge Archives,0.0667,-0.5,-21327.31,2956.96,490.62,21531.32,172.11,4500.0,-0.0617,-0.9734,0.2205,35000.0,5
2147,Petal,4,ZONE_FACULTY_ARCHIVES,Grand Universal Library & Pre-Deluge Archives,0.0667,-0.375,-21327.31,2217.72,669.29,21442.3,174.06,4500.0,-0.0565,-0.9741,0.2191,35000.0,5
2148,Petal,4,ZONE_FACULTY_ARCHIVES,Grand Universal Library & Pre-Deluge Archives,0.0667,-0.25,-21327.31,1478.48,825.21,21378.49,176.03,4500.0,-0.0521,-0.9746,0.2177,35000.0,5
2149,Petal,4,ZONE_FACULTY_ARCHIVES,Grand Universal Library & Pre-Deluge Archives,0.0667,-0.125,-21327.31,739.24,958.39,21340.11,178.01,4500.0,-0.0485,-0.9751,0.2163,35000.0,5
2150,Petal,4,ZONE_FACULTY_ARCHIVES,Grand Universal Library & Pre-Deluge Archives,0.0667,0.0,-21327.31,0.0,1068.84,21327.31,180.0,4500.0,-0.0433,-0.9781,0.2035,35000.0,5
2151,Petal,4,ZONE_FACULTY_ARCHIVES,Grand Universal Library & Pre-Deluge Archives,0.0667,0.125,-21327.31,-739.24,958.39,21340.11,181.99,4500.0,-0.0454,-0.9783,0.2022,35000.0,5
2152,Petal,4,ZONE_FACULTY_ARCHIVES,Grand Universal Library & Pre-Deluge Archives,0.0667,0.25,-21327.31,-1478.48,825.21,21378.49,183.97,4500.0,-0.0481,-0.9784,0.201,35000.0,5
2153,Petal,4,ZONE_FACULTY_ARCHIVES,Grand Universal Library & Pre-Deluge Archives,0.0667,0.375,-21327.31,-2217.72,669.29,21442.3,185.94,4500.0,-0.0515,-0.9785,0.1997,35000.0,5
2154,Petal,4,ZONE_FACULTY_ARCHIVES,Grand Universal Library & Pre-Deluge Archives,0.0667,0.5,-21327.31,-2956.96,490.62,21531.32,187.89,4500.0,-0.0556,-0.9785,0.1985,35000.0,5
2155,Petal,4,ZONE_FACULTY_ARCHIVES,Grand Universal Library & Pre-Deluge Archives,0.0667,0.625,-21327.31,-3696.2,289.22,21645.23,189.83,4500.0,-0.0603,-0.9785,0.1973,35000.0,5
2156,Petal,4,ZONE_FACULTY_ARCHIVES,Grand Universal Library & Pre-Deluge Archives,0.0667,0.75,-21327.31,-4435.43,65.08,21783.64,191.75,4500.0,-0.0656,-0.9784,0.196,35000.0,5
2157,Petal,4,ZONE_FACULTY_ARCHIVES,Grand Universal Library & Pre-Deluge Archives,0.0667,0.875,-21327.31,-5174.67,-181.81,21946.1,193.64,4500.0,-0.0716,-0.9782,0.1948,35000.0,5
2158,Petal,4,ZONE_CLEARANCE_WATERWAY,Grand Universal Library & Pre-Deluge Archives,0.0667,1.0,-21327.31,-5913.91,-451.43,22132.07,195.5,4500.0,-0.0842,-0.9744,0.2086,35000.0,5
2159,Petal,4,ZONE_CLEARANCE_WATERWAY,Grand Universal Library & Pre-Deluge Archives,0.1,-1.0,-24490.96,7125.74,-667.18,25506.53,163.78,4500.0,-0.0994,-0.9782,0.1822,35000.0,5
2160,Petal,4,ZONE_FACULTY_ARCHIVES,Grand Universal Library & Pre-Deluge Archives,0.1,-0.875,-24490.96,6235.03,-285.5,25272.17,165.72,4500.0,-0.0927,-0.9791,0.1811,35000.0,5
2161,Petal,4,ZONE_FACULTY_ARCHIVES,Grand Universal Library & Pre-Deluge Archives,0.1,-0.75,-24490.96,5344.31,62.37,25067.28,167.69,4500.0,-0.0866,-0.9799,0.1799,35000.0,5
2162,Petal,4,ZONE_FACULTY_ARCHIVES,Grand Universal Library & Pre-Deluge Archives,0.1,-0.625,-24490.96,4453.59,376.44,24892.6,169.69,4500.0,-0.0812,-0.9805,0.1788,35000.0,5
2163,Petal,4,ZONE_FACULTY_ARCHIVES,Grand Universal Library & Pre-Deluge Archives,0.1,-0.5,-24490.96,3562.87,656.72,24748.76,171.72,4500.0,-0.0765,-0.9811,0.1777,35000.0,5
2164,Petal,4,ZONE_FACULTY_ARCHIVES,Grand Universal Library & Pre-Deluge Archives,0.1,-0.375,-24490.96,2672.15,903.19,24636.3,173.77,4500.0,-0.0724,-0.9816,0.1766,35000.0,5
2165,Petal,4,ZONE_FACULTY_ARCHIVES,Grand Universal Library & Pre-Deluge Archives,0.1,-0.25,-24490.96,1781.44,1115.87,24555.66,175.84,4500.0,-0.069,-0.9821,0.1755,35000.0,5
2166,Petal,4,ZONE_FACULTY_ARCHIVES,Grand Universal Library & Pre-Deluge Archives,0.1,-0.125,-24490.96,890.72,1294.75,24507.15,177.92,4500.0,-0.0662,-0.9825,0.1743,35000.0,5
2167,Petal,4,ZONE_FACULTY_ARCHIVES,Grand Universal Library & Pre-Deluge Archives,0.1,0.0,-24490.96,0.0,1439.83,24490.96,180.0,4500.0,-0.0611,-0.9844,0.1651,35000.0,5
2168,Petal,4,ZONE_FACULTY_ARCHIVES,Grand Universal Library & Pre-Deluge Archives,0.1,0.125,-24490.96,-890.72,1294.75,24507.15,182.08,4500.0,-0.0623,-0.9845,0.1641,35000.0,5
2169,Petal,4,ZONE_FACULTY_ARCHIVES,Grand Universal Library & Pre-Deluge Archives,0.1,0.25,-24490.96,-1781.44,1115.87,24555.66,184.16,4500.0,-0.0641,-0.9845,0.1631,35000.0,5
2170,Petal,4,ZONE_FACULTY_ARCHIVES,Grand Universal Library & Pre-Deluge Archives,0.1,0.375,-24490.96,-2672.15,903.19,24636.3,186.23,4500.0,-0.0665,-0.9845,0.1621,35000.0,5
2171,Petal,4,ZONE_FACULTY_ARCHIVES,Grand Universal Library & Pre-Deluge Archives,0.1,0.5,-24490.96,-3562.87,656.72,24748.76,188.28,4500.0,-0.0693,-0.9845,0.1611,35000.0,5
2172,Petal,4,ZONE_FACULTY_ARCHIVES,Grand Universal Library & Pre-Deluge Archives,0.1,0.625,-24490.96,-4453.59,376.44,24892.6,190.31,4500.0,-0.0727,-0.9844,0.1601,35000.0,5
2173,Petal,4,ZONE_FACULTY_ARCHIVES,Grand Universal Library & Pre-Deluge Archives,0.1,0.75,-24490.96,-5344.31,62.37,25067.28,192.31,4500.0,-0.0765,-0.9843,0.1591,35000.0,5
2174,Petal,4,ZONE_FACULTY_ARCHIVES,Grand Universal Library & Pre-Deluge Archives,0.1,0.875,-24490.96,-6235.03,-285.5,25272.17,194.28,4500.0,-0.0809,-0.9841,0.1581,35000.0,5
2175,Petal,4,ZONE_CLEARANCE_WATERWAY,Grand Universal Library & Pre-Deluge Archives,0.1,1.0,-24490.96,-7125.74,-667.18,25506.53,196.22,4500.0,-0.0921,-0.9813,0.1688,35000.0,5
2176,Petal,4,ZONE_CLEARANCE_WATERWAY,Grand Universal Library & Pre-Deluge Archives,0.1333,-1.0,-27654.61,8337.57,-871.07,28884.12,163.22,4500.0,-0.1097,-0.981,0.1598,35000.0,5
2177,Petal,4,ZONE_FACULTY_ARCHIVES,Grand Universal Library & Pre-Deluge Archives,0.1333,-0.875,-27654.61,7295.38,-384.17,28600.7,165.22,4500.0,-0.104,-0.9818,0.1588,35000.0,5
2178,Petal,4,ZONE_FACULTY_ARCHIVES,Grand Universal Library & Pre-Deluge Archives,0.1333,-0.75,-27654.61,6253.18,58.24,28352.77,167.26,4500.0,-0.0988,-0.9825,0.1578,35000.0,5
2179,Petal,4,ZONE_FACULTY_ARCHIVES,Grand Universal Library & Pre-Deluge Archives,0.1333,-0.625,-27654.61,5210.98,456.16,28141.28,169.33,4500.0,-0.0942,-0.9831,0.1568,35000.0,5
2180,Petal,4,ZONE_FACULTY_ARCHIVES,Grand Universal Library & Pre-Deluge Archives,0.1333,-0.5,-27654.61,4168.79,809.6,27967.06,171.43,4500.0,-0.0902,-0.9836,0.1559,35000.0,5
2181,Petal,4,ZONE_FACULTY_ARCHIVES,Grand Universal Library & Pre-Deluge Archives,0.1333,-0.375,-27654.61,3126.59,1118.55,27830.79,173.55,4500.0,-0.0868,-0.9841,0.1549,35000.0,5
2182,Petal,4,ZONE_FACULTY_ARCHIVES,Grand Universal Library & Pre-Deluge Archives,0.1333,-0.25,-27654.61,2084.39,1383.01,27733.05,175.69,4500.0,-0.0838,-0.9845,0.1539,35000.0,5
2183,Petal,4,ZONE_FACULTY_ARCHIVES,Grand Universal Library & Pre-Deluge Archives,0.1333,-0.125,-27654.61,1042.2,1602.98,27674.24,177.84,4500.0,-0.0814,-0.9849,0.153,35000.0,5
2184,Petal,4,ZONE_FACULTY_ARCHIVES,Grand Universal Library & Pre-Deluge Archives,0.1333,0.0,-27654.61,0.0,1778.47,27654.61,180.0,4500.0,-0.0762,-0.9864,0.1456,35000.0,5
2185,Petal,4,ZONE_FACULTY_ARCHIVES,Grand Universal Library & Pre-Deluge Archives,0.1333,0.125,-27654.61,-1042.2,1602.98,27674.24,182.16,4500.0,-0.077,-0.9865,0.1447,35000.0,5
2186,Petal,4,ZONE_FACULTY_ARCHIVES,Grand Universal Library & Pre-Deluge Archives,0.1333,0.25,-27654.61,-2084.39,1383.01,27733.05,184.31,4500.0,-0.0783,-0.9865,0.1438,35000.0,5
2187,Petal,4,ZONE_FACULTY_ARCHIVES,Grand Universal Library & Pre-Deluge Archives,0.1333,0.375,-27654.61,-3126.59,1118.55,27830.79,186.45,4500.0,-0.08,-0.9865,0.1429,35000.0,5
2188,Petal,4,ZONE_FACULTY_ARCHIVES,Grand Universal Library & Pre-Deluge Archives,0.1333,0.5,-27654.61,-4168.79,809.6,27967.06,188.57,4500.0,-0.0822,-0.9864,0.142,35000.0,5
2189,Petal,4,ZONE_FACULTY_ARCHIVES,Grand Universal Library & Pre-Deluge Archives,0.1333,0.625,-27654.61,-5210.98,456.16,28141.28,190.67,4500.0,-0.0848,-0.9864,0.1411,35000.0,5
2190,Petal,4,ZONE_FACULTY_ARCHIVES,Grand Universal Library & Pre-Deluge Archives,0.1333,0.75,-27654.61,-6253.18,58.24,28352.77,192.74,4500.0,-0.0878,-0.9862,0.1403,35000.0,5
2191,Petal,4,ZONE_FACULTY_ARCHIVES,Grand Universal Library & Pre-Deluge Archives,0.1333,0.875,-27654.61,-7295.38,-384.17,28600.7,194.78,4500.0,-0.0913,-0.986,0.1394,35000.0,5
2192,Petal,4,ZONE_CLEARANCE_WATERWAY,Grand Universal Library & Pre-Deluge Archives,0.1333,1.0,-27654.61,-8337.57,-871.07,28884.12,196.78,4500.0,-0.1019,-0.9837,0.1484,35000.0,5
2193,Petal,4,ZONE_CLEARANCE_WATERWAY,Grand Universal Library & Pre-Deluge Archives,0.1667,-1.0,-30818.26,9549.41,-1059.36,32263.86,162.78,4500.0,-0.1207,-0.9819,0.1461,35000.0,5
2194,Petal,4,ZONE_FACULTY_ARCHIVES,Grand Universal Library & Pre-Deluge Archives,0.1667,-0.875,-30818.26,8355.73,-473.95,31930.92,164.83,4500.0,-0.1157,-0.9826,0.1452,35000.0,5
2195,Petal,4,ZONE_FACULTY_ARCHIVES,Grand Universal Library & Pre-Deluge Archives,0.1667,-0.75,-30818.26,7162.05,56.77,31639.54,166.92,4500.0,-0.1111,-0.9833,0.1443,35000.0,5
2196,Petal,4,ZONE_FACULTY_ARCHIVES,Grand Universal Library & Pre-Deluge Archives,0.1667,-0.625,-30818.26,5968.38,532.8,31390.87,169.04,4500.0,-0.1071,-0.9838,0.1435,35000.0,5
2197,Petal,4,ZONE_FACULTY_ARCHIVES,Grand Universal Library & Pre-Deluge Archives,0.1667,-0.5,-30818.26,4774.7,954.15,31185.94,171.19,4500.0,-0.1035,-0.9844,0.1426,35000.0,5
2198,Petal,4,ZONE_FACULTY_ARCHIVES,Grand Universal Library & Pre-Deluge Archives,0.1667,-0.375,-30818.26,3581.03,1320.81,31025.62,173.37,4500.0,-0.1005,-0.9848,0.1417,35000.0,5
2199,Petal,4,ZONE_FACULTY_ARCHIVES,Grand Universal Library & Pre-Deluge Archives,0.1667,-0.25,-30818.26,2387.35,1632.78,30910.59,175.57,4500.0,-0.0978,-0.9852,0.1408,35000.0,5
2200,Petal,4,ZONE_FACULTY_ARCHIVES,Grand Universal Library & Pre-Deluge Archives,0.1667,-0.125,-30818.26,1193.68,1890.06,30841.37,177.78,4500.0,-0.0957,-0.9855,0.14,35000.0,5
2201,Petal,4,ZONE_FACULTY_ARCHIVES,Grand Universal Library & Pre-Deluge Archives,0.1667,0.0,-30818.26,0.0,2092.66,30818.26,180.0,4500.0,-0.0904,-0.9869,0.1337,35000.0,5
2202,Petal,4,ZONE_FACULTY_ARCHIVES,Grand Universal Library & Pre-Deluge Archives,0.1667,0.125,-30818.26,-1193.68,1890.06,30841.37,182.22,4500.0,-0.0909,-0.987,0.1329,35000.0,5
2203,Petal,4,ZONE_FACULTY_ARCHIVES,Grand Universal Library & Pre-Deluge Archives,0.1667,0.25,-30818.26,-2387.35,1632.78,30910.59,184.43,4500.0,-0.0918,-0.987,0.1321,35000.0,5
2204,Petal,4,ZONE_FACULTY_ARCHIVES,Grand Universal Library & Pre-Deluge Archives,0.1667,0.375,-30818.26,-3581.03,1320.81,31025.62,186.63,4500.0,-0.0931,-0.987,0.1313,35000.0,5
2205,Petal,4,ZONE_FACULTY_ARCHIVES,Grand Universal Library & Pre-Deluge Archives,0.1667,0.5,-30818.26,-4774.7,954.15,31185.94,188.81,4500.0,-0.0947,-0.9869,0.1305,35000.0,5
2206,Petal,4,ZONE_FACULTY_ARCHIVES,Grand Universal Library & Pre-Deluge Archives,0.1667,0.625,-30818.26,-5968.38,532.8,31390.87,190.96,4500.0,-0.0968,-0.9868,0.1297,35000.0,5
2207,Petal,4,ZONE_FACULTY_ARCHIVES,Grand Universal Library & Pre-Deluge Archives,0.1667,0.75,-30818.26,-7162.05,56.77,31639.54,193.08,4500.0,-0.0992,-0.9867,0.1289,35000.0,5
2208,Petal,4,ZONE_FACULTY_ARCHIVES,Grand Universal Library & Pre-Deluge Archives,0.1667,0.875,-30818.26,-8355.73,-473.95,31930.92,195.17,4500.0,-0.102,-0.9865,0.1281,35000.0,5
2209,Petal,4,ZONE_CLEARANCE_WATERWAY,Grand Universal Library & Pre-Deluge Archives,0.1667,1.0,-30818.26,-9549.41,-1059.36,32263.86,197.22,4500.0,-0.1125,-0.9843,0.1361,35000.0,5
2210,Petal,4,ZONE_CLEARANCE_WATERWAY,Grand Universal Library & Pre-Deluge Archives,0.2,-1.0,-33981.92,10761.24,-1228.48,35645.12,162.43,4500.0,-0.132,-0.9818,0.1368,35000.0,5
2211,Petal,4,ZONE_FACULTY_ARCHIVES,Grand Universal Library & Pre-Deluge Archives,0.2,-0.875,-33981.92,9416.08,-551.63,35262.35,164.51,4500.0,-0.1275,-0.9825,0.136,35000.0,5
2212,Petal,4,ZONE_FACULTY_ARCHIVES,Grand Universal Library & Pre-Deluge Archives,0.2,-0.75,-33981.92,8070.93,60.93,34927.22,166.64,4500.0,-0.1235,-0.9831,0.1352,35000.0,5
2213,Petal,4,ZONE_FACULTY_ARCHIVES,Grand Universal Library & Pre-Deluge Archives,0.2,-0.625,-33981.92,6725.77,609.2,34641.11,168.8,4500.0,-0.1198,-0.9837,0.1344,35000.0,5
2214,Petal,4,ZONE_FACULTY_ARCHIVES,Grand Universal Library & Pre-Deluge Archives,0.2,-0.5,-33981.92,5380.62,1093.18,34405.26,171.0,4500.0,-0.1166,-0.9842,0.1336,35000.0,5
2215,Petal,4,ZONE_FACULTY_ARCHIVES,Grand Universal Library & Pre-Deluge Archives,0.2,-0.375,-33981.92,4035.46,1512.88,34220.69,173.23,4500.0,-0.1138,-0.9846,0.1328,35000.0,5
2216,Petal,4,ZONE_FACULTY_ARCHIVES,Grand Universal Library & Pre-Deluge Archives,0.2,-0.25,-33981.92,2690.31,1868.28,34088.24,175.47,4500.0,-0.1114,-0.985,0.132,35000.0,5
2217,Petal,4,ZONE_FACULTY_ARCHIVES,Grand Universal Library & Pre-Deluge Archives,0.2,-0.125,-33981.92,1345.15,2159.39,34008.53,177.73,4500.0,-0.1094,-0.9853,0.1312,35000.0,5
2218,Petal,4,ZONE_FACULTY_ARCHIVES,Grand Universal Library & Pre-Deluge Archives,0.2,0.0,-33981.92,0.0,2386.22,33981.92,180.0,4500.0,-0.104,-0.9866,0.1257,35000.0,5
2219,Petal,4,ZONE_FACULTY_ARCHIVES,Grand Universal Library & Pre-Deluge Archives,0.2,0.125,-33981.92,-1345.15,2159.39,34008.53,182.27,4500.0,-0.1043,-0.9867,0.125,35000.0,5
2220,Petal,4,ZONE_FACULTY_ARCHIVES,Grand Universal Library & Pre-Deluge Archives,0.2,0.25,-33981.92,-2690.31,1868.28,34088.24,184.53,4500.0,-0.1049,-0.9867,0.1242,35000.0,5
2221,Petal,4,ZONE_FACULTY_ARCHIVES,Grand Universal Library & Pre-Deluge Archives,0.2,0.375,-33981.92,-4035.46,1512.88,34220.69,186.77,4500.0,-0.1058,-0.9867,0.1235,35000.0,5
2222,Petal,4,ZONE_FACULTY_ARCHIVES,Grand Universal Library & Pre-Deluge Archives,0.2,0.5,-33981.92,-5380.62,1093.18,34405.26,189.0,4500.0,-0.1071,-0.9866,0.1227,35000.0,5
2223,Petal,4,ZONE_FACULTY_ARCHIVES,Grand Universal Library & Pre-Deluge Archives,0.2,0.625,-33981.92,-6725.77,609.2,34641.11,191.2,4500.0,-0.1088,-0.9866,0.122,35000.0,5
2224,Petal,4,ZONE_FACULTY_ARCHIVES,Grand Universal Library & Pre-Deluge Archives,0.2,0.75,-33981.92,-8070.93,60.93,34927.22,193.36,4500.0,-0.1107,-0.9864,0.1213,35000.0,5
2225,Petal,4,ZONE_FACULTY_ARCHIVES,Grand Universal Library & Pre-Deluge Archives,0.2,0.875,-33981.92,-9416.08,-551.63,35262.35,195.49,4500.0,-0.113,-0.9863,0.1205,35000.0,5
2226,Petal,4,ZONE_CLEARANCE_WATERWAY,Grand Universal Library & Pre-Deluge Archives,0.2,1.0,-33981.92,-10761.24,-1228.48,35645.12,197.57,4500.0,-0.1233,-0.9841,0.1278,35000.0,5
2227,Petal,4,ZONE_CLEARANCE_WATERWAY,Grand Universal Library & Pre-Deluge Archives,0.2333,-1.0,-37145.57,11973.07,-1375.06,39027.52,162.13,4500.0,-0.1434,-0.9811,0.13,35000.0,5
2228,Petal,4,ZONE_FACULTY_ARCHIVES,Grand Universal Library & Pre-Deluge Archives,0.2333,-0.875,-37145.57,10476.43,-614.37,38594.68,164.25,4500.0,-0.1393,-0.9818,0.1293,35000.0,5
2229,Petal,4,ZONE_FACULTY_ARCHIVES,Grand Universal Library & Pre-Deluge Archives,0.2333,-0.75,-37145.57,8979.8,73.13,38215.57,166.41,4500.0,-0.1357,-0.9824,0.1285,35000.0,5
2230,Petal,4,ZONE_FACULTY_ARCHIVES,Grand Universal Library & Pre-Deluge Archives,0.2333,-0.625,-37145.57,7483.17,687.45,37891.83,168.61,4500.0,-0.1324,-0.9829,0.1278,35000.0,5
2231,Petal,4,ZONE_FACULTY_ARCHIVES,Grand Universal Library & Pre-Deluge Archives,0.2333,-0.5,-37145.57,5986.53,1228.59,37624.88,170.84,4500.0,-0.1295,-0.9834,0.127,35000.0,5
2232,Petal,4,ZONE_FACULTY_ARCHIVES,Grand Universal Library & Pre-Deluge Archives,0.2333,-0.375,-37145.57,4489.9,1696.53,37415.94,173.11,4500.0,-0.1269,-0.9838,0.1263,35000.0,5
2233,Petal,4,ZONE_FACULTY_ARCHIVES,Grand Universal Library & Pre-Deluge Archives,0.2333,-0.25,-37145.57,2993.27,2091.29,37265.98,175.39,4500.0,-0.1247,-0.9842,0.1256,35000.0,5
2234,Petal,4,ZONE_FACULTY_ARCHIVES,Grand Universal Library & Pre-Deluge Archives,0.2333,-0.125,-37145.57,1496.63,2412.87,37175.71,177.69,4500.0,-0.1229,-0.9845,0.1248,35000.0,5
2235,Petal,4,ZONE_FACULTY_ARCHIVES,Grand Universal Library & Pre-Deluge Archives,0.2333,0.0,-37145.57,0.0,2661.25,37145.57,180.0,4500.0,-0.1173,-0.9858,0.1199,35000.0,5
2236,Petal,4,ZONE_FACULTY_ARCHIVES,Grand Universal Library & Pre-Deluge Archives,0.2333,0.125,-37145.57,-1496.63,2412.87,37175.71,182.31,4500.0,-0.1174,-0.9859,0.1192,35000.0,5
2237,Petal,4,ZONE_FACULTY_ARCHIVES,Grand Universal Library & Pre-Deluge Archives,0.2333,0.25,-37145.57,-2993.27,2091.29,37265.98,184.61,4500.0,-0.1178,-0.9859,0.1185,35000.0,5
2238,Petal,4,ZONE_FACULTY_ARCHIVES,Grand Universal Library & Pre-Deluge Archives,0.2333,0.375,-37145.57,-4489.9,1696.53,37415.94,186.89,4500.0,-0.1184,-0.9859,0.1179,35000.0,5
2239,Petal,4,ZONE_FACULTY_ARCHIVES,Grand Universal Library & Pre-Deluge Archives,0.2333,0.5,-37145.57,-5986.53,1228.59,37624.88,189.16,4500.0,-0.1194,-0.9859,0.1172,35000.0,5
2240,Petal,4,ZONE_FACULTY_ARCHIVES,Grand Universal Library & Pre-Deluge Archives,0.2333,0.625,-37145.57,-7483.17,687.45,37891.83,191.39,4500.0,-0.1207,-0.9858,0.1165,35000.0,5
2241,Petal,4,ZONE_FACULTY_ARCHIVES,Grand Universal Library & Pre-Deluge Archives,0.2333,0.75,-37145.57,-8979.8,73.13,38215.57,193.59,4500.0,-0.1222,-0.9857,0.1158,35000.0,5
2242,Petal,4,ZONE_FACULTY_ARCHIVES,Grand Universal Library & Pre-Deluge Archives,0.2333,0.875,-37145.57,-10476.43,-614.37,38594.68,195.75,4500.0,-0.1241,-0.9856,0.1151,35000.0,5
2243,Petal,4,ZONE_CLEARANCE_WATERWAY,Grand Universal Library & Pre-Deluge Archives,0.2333,1.0,-37145.57,-11973.07,-1375.06,39027.52,197.87,4500.0,-0.1343,-0.9834,0.1218,35000.0,5
2244,Petal,4,ZONE_CLEARANCE_WATERWAY,Grand Universal Library & Pre-Deluge Archives,0.2667,-1.0,-40309.22,13184.9,-1495.98,42410.79,161.89,4500.0,-0.1547,-0.98,0.1248,35000.0,5
2245,Petal,4,ZONE_FACULTY_ARCHIVES,Grand Universal Library & Pre-Deluge Archives,0.2667,-0.875,-40309.22,11536.79,-659.63,41927.69,164.03,4500.0,-0.1511,-0.9807,0.1241,35000.0,5
2246,Petal,4,ZONE_FACULTY_ARCHIVES,Grand Universal Library & Pre-Deluge Archives,0.2667,-0.75,-40309.22,9888.67,95.44,41504.45,166.22,4500.0,-0.1478,-0.9813,0.1234,35000.0,5
2247,Petal,4,ZONE_FACULTY_ARCHIVES,Grand Universal Library & Pre-Deluge Archives,0.2667,-0.625,-40309.22,8240.56,769.23,41142.92,168.45,4500.0,-0.1448,-0.9818,0.1227,35000.0,5
2248,Petal,4,ZONE_FACULTY_ARCHIVES,Grand Universal Library & Pre-Deluge Archives,0.2667,-0.5,-40309.22,6592.45,1361.74,40844.75,170.71,4500.0,-0.1422,-0.9823,0.1221,35000.0,5
2249,Petal,4,ZONE_FACULTY_ARCHIVES,Grand Universal Library & Pre-Deluge Archives,0.2667,-0.375,-40309.22,4944.34,1872.96,40611.33,173.01,4500.0,-0.1399,-0.9827,0.1214,35000.0,5
2250,Petal,4,ZONE_FACULTY_ARCHIVES,Grand Universal Library & Pre-Deluge Archives,0.2667,-0.25,-40309.22,3296.22,2302.91,40443.77,175.33,4500.0,-0.1378,-0.9831,0.1207,35000.0,5
2251,Petal,4,ZONE_FACULTY_ARCHIVES,Grand Universal Library & Pre-Deluge Archives,0.2667,-0.125,-40309.22,1648.11,2651.57,40342.9,177.66,4500.0,-0.1361,-0.9834,0.12,35000.0,5
2252,Petal,4,ZONE_FACULTY_ARCHIVES,Grand Universal Library & Pre-Deluge Archives,0.2667,0.0,-40309.22,0.0,2918.95,40309.22,180.0,4500.0,-0.1305,-0.9847,0.1156,35000.0,5
2253,Petal,4,ZONE_FACULTY_ARCHIVES,Grand Universal Library & Pre-Deluge Archives,0.2667,0.125,-40309.22,-1648.11,2651.57,40342.9,182.34,4500.0,-0.1304,-0.9848,0.1149,35000.0,5
2254,Petal,4,ZONE_FACULTY_ARCHIVES,Grand Universal Library & Pre-Deluge Archives,0.2667,0.25,-40309.22,-3296.22,2302.91,40443.77,184.67,4500.0,-0.1305,-0.9848,0.1143,35000.0,5
2255,Petal,4,ZONE_FACULTY_ARCHIVES,Grand Universal Library & Pre-Deluge Archives,0.2667,0.375,-40309.22,-4944.34,1872.96,40611.33,186.99,4500.0,-0.1309,-0.9849,0.1136,35000.0,5
2256,Petal,4,ZONE_FACULTY_ARCHIVES,Grand Universal Library & Pre-Deluge Archives,0.2667,0.5,-40309.22,-6592.45,1361.74,40844.75,189.29,4500.0,-0.1316,-0.9848,0.113,35000.0,5
2257,Petal,4,ZONE_FACULTY_ARCHIVES,Grand Universal Library & Pre-Deluge Archives,0.2667,0.625,-40309.22,-8240.56,769.23,41142.92,191.55,4500.0,-0.1326,-0.9848,0.1123,35000.0,5
2258,Petal,4,ZONE_FACULTY_ARCHIVES,Grand Universal Library & Pre-Deluge Archives,0.2667,0.75,-40309.22,-9888.67,95.44,41504.45,193.78,4500.0,-0.1337,-0.9847,0.1117,35000.0,5
2259,Petal,4,ZONE_FACULTY_ARCHIVES,Grand Universal Library & Pre-Deluge Archives,0.2667,0.875,-40309.22,-11536.79,-659.63,41927.69,195.97,4500.0,-0.1352,-0.9846,0.1111,35000.0,5
2260,Petal,4,ZONE_CLEARANCE_WATERWAY,Grand Universal Library & Pre-Deluge Archives,0.2667,1.0,-40309.22,-13184.9,-1495.98,42410.79,198.11,4500.0,-0.1453,-0.9824,0.1172,35000.0,5
2261,Petal,4,ZONE_CLEARANCE_WATERWAY,Grand Universal Library & Pre-Deluge Archives,0.3,-1.0,-43472.87,14396.73,-1588.41,45794.72,161.68,4500.0,-0.1659,-0.9787,0.1207,35000.0,5
2262,Petal,4,ZONE_FACULTY_ARCHIVES,Grand Universal Library & Pre-Deluge Archives,0.3,-0.875,-43472.87,12597.14,-685.15,45261.23,163.84,4500.0,-0.1627,-0.9793,0.12,35000.0,5
2263,Petal,4,ZONE_FACULTY_ARCHIVES,Grand Universal Library & Pre-Deluge Archives,0.3,-0.75,-43472.87,10797.55,129.62,44793.73,166.05,4500.0,-0.1598,-0.9799,0.1194,35000.0,5
2264,Petal,4,ZONE_FACULTY_ARCHIVES,Grand Universal Library & Pre-Deluge Archives,0.3,-0.625,-43472.87,8997.96,855.9,44394.3,168.31,4500.0,-0.1571,-0.9804,0.1187,35000.0,5
2265,Petal,4,ZONE_FACULTY_ARCHIVES,Grand Universal Library & Pre-Deluge Archives,0.3,-0.5,-43472.87,7198.36,1493.7,44064.81,170.6,4500.0,-0.1548,-0.9809,0.1181,35000.0,5
2266,Petal,4,ZONE_FACULTY_ARCHIVES,Grand Universal Library & Pre-Deluge Archives,0.3,-0.375,-43472.87,5398.77,2043.02,43806.82,172.92,4500.0,-0.1526,-0.9813,0.1174,35000.0,5
2267,Petal,4,ZONE_FACULTY_ARCHIVES,Grand Universal Library & Pre-Deluge Archives,0.3,-0.25,-43472.87,3599.18,2503.84,43621.61,175.27,4500.0,-0.1508,-0.9816,0.1168,35000.0,5
2268,Petal,4,ZONE_FACULTY_ARCHIVES,Grand Universal Library & Pre-Deluge Archives,0.3,-0.125,-43472.87,1799.59,2876.18,43510.11,177.63,4500.0,-0.1491,-0.982,0.1161,35000.0,5
2269,Petal,4,ZONE_FACULTY_ARCHIVES,Grand Universal Library & Pre-Deluge Archives,0.3,0.0,-43472.87,0.0,3160.03,43472.87,180.0,4500.0,-0.1434,-0.9833,0.1121,35000.0,5
2270,Petal,4,ZONE_FACULTY_ARCHIVES,Grand Universal Library & Pre-Deluge Archives,0.3,0.125,-43472.87,-1799.59,2876.18,43510.11,182.37,4500.0,-0.1432,-0.9834,0.1115,35000.0,5
2271,Petal,4,ZONE_FACULTY_ARCHIVES,Grand Universal Library & Pre-Deluge Archives,0.3,0.25,-43472.87,-3599.18,2503.84,43621.61,184.73,4500.0,-0.1432,-0.9835,0.1109,35000.0,5
2272,Petal,4,ZONE_FACULTY_ARCHIVES,Grand Universal Library & Pre-Deluge Archives,0.3,0.375,-43472.87,-5398.77,2043.02,43806.82,187.08,4500.0,-0.1433,-0.9835,0.1103,35000.0,5
2273,Petal,4,ZONE_FACULTY_ARCHIVES,Grand Universal Library & Pre-Deluge Archives,0.3,0.5,-43472.87,-7198.36,1493.7,44064.81,189.4,4500.0,-0.1438,-0.9835,0.1097,35000.0,5
2274,Petal,4,ZONE_FACULTY_ARCHIVES,Grand Universal Library & Pre-Deluge Archives,0.3,0.625,-43472.87,-8997.96,855.9,44394.3,191.69,4500.0,-0.1444,-0.9835,0.1091,35000.0,5
2275,Petal,4,ZONE_FACULTY_ARCHIVES,Grand Universal Library & Pre-Deluge Archives,0.3,0.75,-43472.87,-10797.55,129.62,44793.73,193.95,4500.0,-0.1452,-0.9834,0.1085,35000.0,5
2276,Petal,4,ZONE_FACULTY_ARCHIVES,Grand Universal Library & Pre-Deluge Archives,0.3,0.875,-43472.87,-12597.14,-685.15,45261.23,196.16,4500.0,-0.1463,-0.9833,0.1079,35000.0,5
2277,Petal,4,ZONE_CLEARANCE_WATERWAY,Grand Universal Library & Pre-Deluge Archives,0.3,1.0,-43472.87,-14396.73,-1588.41,45794.72,198.32,4500.0,-0.1563,-0.9812,0.1136,35000.0,5
2278,Petal,4,ZONE_CLEARANCE_WATERWAY,Grand Universal Library & Pre-Deluge Archives,0.3333,-1.0,-46636.53,15608.56,-1649.81,49179.19,161.5,4500.0,-0.1771,-0.9772,0.1172,35000.0,5
2279,Petal,4,ZONE_FACULTY_ARCHIVES,Grand Universal Library & Pre-Deluge Archives,0.3333,-0.875,-46636.53,13657.49,-688.94,48595.19,163.68,4500.0,-0.1743,-0.9778,0.1166,35000.0,5
2280,Petal,4,ZONE_FACULTY_ARCHIVES,Grand Universal Library & Pre-Deluge Archives,0.3333,-0.75,-46636.53,11706.42,177.2,48083.32,165.91,4500.0,-0.1717,-0.9783,0.116,35000.0,5
2281,Petal,4,ZONE_FACULTY_ARCHIVES,Grand Universal Library & Pre-Deluge Archives,0.3333,-0.625,-46636.53,9755.35,948.62,47645.91,168.19,4500.0,-0.1693,-0.9788,0.1154,35000.0,5
2282,Petal,4,ZONE_FACULTY_ARCHIVES,Grand Universal Library & Pre-Deluge Archives,0.3333,-0.5,-46636.53,7804.28,1625.32,47285.01,170.5,4500.0,-0.1672,-0.9792,0.1148,35000.0,5
2283,Petal,4,ZONE_FACULTY_ARCHIVES,Grand Universal Library & Pre-Deluge Archives,0.3333,-0.375,-46636.53,5853.21,2207.3,47002.4,172.85,4500.0,-0.1652,-0.9796,0.1142,35000.0,5
2284,Petal,4,ZONE_FACULTY_ARCHIVES,Grand Universal Library & Pre-Deluge Archives,0.3333,-0.25,-46636.53,3902.14,2694.56,46799.49,175.22,4500.0,-0.1635,-0.98,0.1136,35000.0,5
2285,Petal,4,ZONE_FACULTY_ARCHIVES,Grand Universal Library & Pre-Deluge Archives,0.3333,-0.125,-46636.53,1951.07,3087.1,46677.32,177.6,4500.0,-0.162,-0.9803,0.113,35000.0,5
2286,Petal,4,ZONE_FACULTY_ARCHIVES,Grand Universal Library & Pre-Deluge Archives,0.3333,0.0,-46636.53,0.0,3384.91,46636.53,180.0,4500.0,-0.1563,-0.9816,0.1093,35000.0,5
2287,Petal,4,ZONE_FACULTY_ARCHIVES,Grand Universal Library & Pre-Deluge Archives,0.3333,0.125,-46636.53,-1951.07,3087.1,46677.32,182.4,4500.0,-0.1559,-0.9818,0.1087,35000.0,5
2288,Petal,4,ZONE_FACULTY_ARCHIVES,Grand Universal Library & Pre-Deluge Archives,0.3333,0.25,-46636.53,-3902.14,2694.56,46799.49,184.78,4500.0,-0.1557,-0.9819,0.1082,35000.0,5
2289,Petal,4,ZONE_FACULTY_ARCHIVES,Grand Universal Library & Pre-Deluge Archives,0.3333,0.375,-46636.53,-5853.21,2207.3,47002.4,187.15,4500.0,-0.1557,-0.9819,0.1076,35000.0,5
2290,Petal,4,ZONE_FACULTY_ARCHIVES,Grand Universal Library & Pre-Deluge Archives,0.3333,0.5,-46636.53,-7804.28,1625.32,47285.01,189.5,4500.0,-0.1558,-0.982,0.107,35000.0,5
2291,Petal,4,ZONE_FACULTY_ARCHIVES,Grand Universal Library & Pre-Deluge Archives,0.3333,0.625,-46636.53,-9755.35,948.62,47645.91,191.81,4500.0,-0.1562,-0.982,0.1065,35000.0,5
2292,Petal,4,ZONE_FACULTY_ARCHIVES,Grand Universal Library & Pre-Deluge Archives,0.3333,0.75,-46636.53,-11706.42,177.2,48083.32,194.09,4500.0,-0.1567,-0.9819,0.1059,35000.0,5
2293,Petal,4,ZONE_FACULTY_ARCHIVES,Grand Universal Library & Pre-Deluge Archives,0.3333,0.875,-46636.53,-13657.49,-688.94,48595.19,196.32,4500.0,-0.1574,-0.9819,0.1054,35000.0,5
2294,Petal,4,ZONE_CLEARANCE_WATERWAY,Grand Universal Library & Pre-Deluge Archives,0.3333,1.0,-46636.53,-15608.56,-1649.81,49179.19,198.5,4500.0,-0.1672,-0.9797,0.1107,35000.0,5
2295,Petal,4,ZONE_CLEARANCE_WATERWAY,Grand Universal Library & Pre-Deluge Archives,0.3667,-1.0,-49800.18,16820.39,-1678.0,52564.09,161.34,4500.0,-0.1881,-0.9755,0.1143,35000.0,5
2296,Petal,4,ZONE_FACULTY_ARCHIVES,Grand Universal Library & Pre-Deluge Archives,0.3667,-0.875,-49800.18,14717.84,-669.3,51929.5,163.54,4500.0,-0.1856,-0.976,0.1138,35000.0,5
2297,Petal,4,ZONE_FACULTY_ARCHIVES,Grand Universal Library & Pre-Deluge Archives,0.3667,-0.75,-49800.18,12615.29,239.47,51373.18,165.78,4500.0,-0.1834,-0.9765,0.1132,35000.0,5
2298,Petal,4,ZONE_FACULTY_ARCHIVES,Grand Universal Library & Pre-Deluge Archives,0.3667,-0.625,-49800.18,10512.74,1048.33,50897.7,168.08,4500.0,-0.1813,-0.977,0.1126,35000.0,5
2299,Petal,4,ZONE_FACULTY_ARCHIVES,Grand Universal Library & Pre-Deluge Archives,0.3667,-0.5,-49800.18,8410.2,1757.27,50505.34,170.41,4500.0,-0.1794,-0.9774,0.1121,35000.0,5
2300,Petal,4,ZONE_FACULTY_ARCHIVES,Grand Universal Library & Pre-Deluge Archives,0.3667,-0.375,-49800.18,6307.65,2366.29,50198.05,172.78,4500.0,-0.1777,-0.9777,0.1115,35000.0,5
2301,Petal,4,ZONE_FACULTY_ARCHIVES,Grand Universal Library & Pre-Deluge Archives,0.3667,-0.25,-49800.18,4205.1,2875.39,49977.4,175.17,4500.0,-0.1762,-0.9781,0.1109,35000.0,5
2302,Petal,4,ZONE_FACULTY_ARCHIVES,Grand Universal Library & Pre-Deluge Archives,0.3667,-0.125,-49800.18,2102.55,3284.57,49844.54,177.58,4500.0,-0.1748,-0.9784,0.1104,35000.0,5
2303,Petal,4,ZONE_FACULTY_ARCHIVES,Grand Universal Library & Pre-Deluge Archives,0.3667,0.0,-49800.18,0.0,3593.83,49800.18,180.0,4500.0,-0.1691,-0.9798,0.107,35000.0,5
2304,Petal,4,ZONE_FACULTY_ARCHIVES,Grand Universal Library & Pre-Deluge Archives,0.3667,0.125,-49800.18,-2102.55,3284.57,49844.54,182.42,4500.0,-0.1685,-0.9799,0.1064,35000.0,5
2305,Petal,4,ZONE_FACULTY_ARCHIVES,Grand Universal Library & Pre-Deluge Archives,0.3667,0.25,-49800.18,-4205.1,2875.39,49977.4,184.83,4500.0,-0.1682,-0.9801,0.1059,35000.0,5
2306,Petal,4,ZONE_FACULTY_ARCHIVES,Grand Universal Library & Pre-Deluge Archives,0.3667,0.375,-49800.18,-6307.65,2366.29,50198.05,187.22,4500.0,-0.168,-0.9801,0.1054,35000.0,5
2307,Petal,4,ZONE_FACULTY_ARCHIVES,Grand Universal Library & Pre-Deluge Archives,0.3667,0.5,-49800.18,-8410.2,1757.27,50505.34,189.59,4500.0,-0.1679,-0.9802,0.1049,35000.0,5
2308,Petal,4,ZONE_FACULTY_ARCHIVES,Grand Universal Library & Pre-Deluge Archives,0.3667,0.625,-49800.18,-10512.74,1048.33,50897.7,191.92,4500.0,-0.168,-0.9803,0.1043,35000.0,5
2309,Petal,4,ZONE_FACULTY_ARCHIVES,Grand Universal Library & Pre-Deluge Archives,0.3667,0.75,-49800.18,-12615.29,239.47,51373.18,194.22,4500.0,-0.1682,-0.9803,0.1038,35000.0,5
2310,Petal,4,ZONE_FACULTY_ARCHIVES,Grand Universal Library & Pre-Deluge Archives,0.3667,0.875,-49800.18,-14717.84,-669.3,51929.5,196.46,4500.0,-0.1685,-0.9803,0.1033,35000.0,5
2311,Petal,4,ZONE_CLEARANCE_WATERWAY,Grand Universal Library & Pre-Deluge Archives,0.3667,1.0,-49800.18,-16820.39,-1678.0,52564.09,198.66,4500.0,-0.1781,-0.978,0.1083,35000.0,5
2312,Petal,4,ZONE_CLEARANCE_WATERWAY,Grand Universal Library & Pre-Deluge Archives,0.4,-1.0,-52963.83,18032.22,-1671.16,55949.34,161.2,4500.0,-0.1989,-0.9736,0.1118,35000.0,5
2313,Petal,4,ZONE_FACULTY_ARCHIVES,Grand Universal Library & Pre-Deluge Archives,0.4,-0.875,-52963.83,15778.19,-624.82,55264.08,163.41,4500.0,-0.1969,-0.9741,0.1113,35000.0,5
2314,Petal,4,ZONE_FACULTY_ARCHIVES,Grand Universal Library & Pre-Deluge Archives,0.4,-0.75,-52963.83,13524.17,317.49,54663.25,165.68,4500.0,-0.195,-0.9745,0.1108,35000.0,5
2315,Petal,4,ZONE_FACULTY_ARCHIVES,Grand Universal Library & Pre-Deluge Archives,0.4,-0.625,-52963.83,11270.14,1155.79,54149.64,167.99,4500.0,-0.1932,-0.9749,0.1102,35000.0,5
2316,Petal,4,ZONE_FACULTY_ARCHIVES,Grand Universal Library & Pre-Deluge Archives,0.4,-0.5,-52963.83,9016.11,1890.06,53725.76,170.34,4500.0,-0.1916,-0.9753,0.1097,35000.0,5
2317,Petal,4,ZONE_FACULTY_ARCHIVES,Grand Universal Library & Pre-Deluge Archives,0.4,-0.375,-52963.83,6762.08,2520.31,53393.76,172.72,4500.0,-0.19,-0.9757,0.1092,35000.0,5
2318,Petal,4,ZONE_FACULTY_ARCHIVES,Grand Universal Library & Pre-Deluge Archives,0.4,-0.25,-52963.83,4508.06,3046.54,53155.34,175.13,4500.0,-0.1886,-0.976,0.1086,35000.0,5
2319,Petal,4,ZONE_FACULTY_ARCHIVES,Grand Universal Library & Pre-Deluge Archives,0.4,-0.125,-52963.83,2254.03,3468.75,53011.77,177.56,4500.0,-0.1874,-0.9763,0.1081,35000.0,5
2320,Petal,4,ZONE_FACULTY_ARCHIVES,Grand Universal Library & Pre-Deluge Archives,0.4,0.0,-52963.83,0.0,3786.93,52963.83,180.0,4500.0,-0.1817,-0.9777,0.105,35000.0,5
2321,Petal,4,ZONE_FACULTY_ARCHIVES,Grand Universal Library & Pre-Deluge Archives,0.4,0.125,-52963.83,-2254.03,3468.75,53011.77,182.44,4500.0,-0.1811,-0.9779,0.1045,35000.0,5
2322,Petal,4,ZONE_FACULTY_ARCHIVES,Grand Universal Library & Pre-Deluge Archives,0.4,0.25,-52963.83,-4508.06,3046.54,53155.34,184.87,4500.0,-0.1806,-0.978,0.104,35000.0,5
2323,Petal,4,ZONE_FACULTY_ARCHIVES,Grand Universal Library & Pre-Deluge Archives,0.4,0.375,-52963.83,-6762.08,2520.31,53393.76,187.28,4500.0,-0.1802,-0.9782,0.1035,35000.0,5
2324,Petal,4,ZONE_FACULTY_ARCHIVES,Grand Universal Library & Pre-Deluge Archives,0.4,0.5,-52963.83,-9016.11,1890.06,53725.76,189.66,4500.0,-0.1799,-0.9783,0.103,35000.0,5
2325,Petal,4,ZONE_FACULTY_ARCHIVES,Grand Universal Library & Pre-Deluge Archives,0.4,0.625,-52963.83,-11270.14,1155.79,54149.64,192.01,4500.0,-0.1797,-0.9784,0.1025,35000.0,5
2326,Petal,4,ZONE_FACULTY_ARCHIVES,Grand Universal Library & Pre-Deluge Archives,0.4,0.75,-52963.83,-13524.17,317.49,54663.25,194.32,4500.0,-0.1796,-0.9784,0.102,35000.0,5
2327,Petal,4,ZONE_FACULTY_ARCHIVES,Grand Universal Library & Pre-Deluge Archives,0.4,0.875,-52963.83,-15778.19,-624.82,55264.08,196.59,4500.0,-0.1797,-0.9785,0.1016,35000.0,5
2328,Petal,4,ZONE_CLEARANCE_WATERWAY,Grand Universal Library & Pre-Deluge Archives,0.4,1.0,-52963.83,-18032.22,-1671.16,55949.34,198.8,4500.0,-0.1889,-0.9762,0.1062,35000.0,5
2329,Petal,4,ZONE_CLEARANCE_WATERWAY,Grand Universal Library & Pre-Deluge Archives,0.4333,-1.0,-56127.49,18376.14,-1627.85,59059.1,161.87,6235.83,-0.2007,-0.974,0.1049,35000.0,5
2330,Petal,4,ZONE_FACULTY_ARCHIVES,Grand Universal Library & Pre-Deluge Archives,0.4333,-0.875,-56127.49,16079.12,-554.39,58385.21,164.01,6235.83,-0.1991,-0.9744,0.1044,35000.0,5
2331,Petal,4,ZONE_FACULTY_ARCHIVES,Grand Universal Library & Pre-Deluge Archives,0.4333,-0.75,-56127.49,13782.1,412.09,57794.82,166.2,6235.83,-0.1976,-0.9748,0.104,35000.0,5
2332,Petal,4,ZONE_FACULTY_ARCHIVES,Grand Universal Library & Pre-Deluge Archives,0.4333,-0.625,-56127.49,11485.09,1271.59,57290.5,168.44,6235.83,-0.1961,-0.9751,0.1035,35000.0,5
2333,Petal,4,ZONE_FACULTY_ARCHIVES,Grand Universal Library & Pre-Deluge Archives,0.4333,-0.5,-56127.49,9188.07,2024.1,56874.56,170.7,6235.83,-0.1948,-0.9754,0.103,35000.0,5
2334,Petal,4,ZONE_FACULTY_ARCHIVES,Grand Universal Library & Pre-Deluge Archives,0.4333,-0.375,-56127.49,6891.05,2669.63,56548.93,173.0,6235.83,-0.1935,-0.9757,0.1025,35000.0,5
2335,Petal,4,ZONE_FACULTY_ARCHIVES,Grand Universal Library & Pre-Deluge Archives,0.4333,-0.25,-56127.49,4594.03,3208.17,56315.18,175.32,6235.83,-0.1924,-0.976,0.1021,35000.0,5
2336,Petal,4,ZONE_FACULTY_ARCHIVES,Grand Universal Library & Pre-Deluge Archives,0.4333,-0.125,-56127.49,2297.02,3639.72,56174.47,177.66,6235.83,-0.1913,-0.9763,0.1016,35000.0,5
2337,Petal,4,ZONE_FACULTY_ARCHIVES,Grand Universal Library & Pre-Deluge Archives,0.4333,0.0,-56127.49,0.0,3964.3,56127.49,180.0,6235.83,-0.1859,-0.9776,0.0988,35000.0,5
2338,Petal,4,ZONE_FACULTY_ARCHIVES,Grand Universal Library & Pre-Deluge Archives,0.4333,0.125,-56127.49,-2297.02,3639.72,56174.47,182.34,6235.83,-0.1852,-0.9778,0.0984,35000.0,5
2339,Petal,4,ZONE_FACULTY_ARCHIVES,Grand Universal Library & Pre-Deluge Archives,0.4333,0.25,-56127.49,-4594.03,3208.17,56315.18,184.68,6235.83,-0.1846,-0.9779,0.0979,35000.0,5
2340,Petal,4,ZONE_FACULTY_ARCHIVES,Grand Universal Library & Pre-Deluge Archives,0.4333,0.375,-56127.49,-6891.05,2669.63,56548.93,187.0,6235.83,-0.184,-0.9781,0.0975,35000.0,5
2341,Petal,4,ZONE_FACULTY_ARCHIVES,Grand Universal Library & Pre-Deluge Archives,0.4333,0.5,-56127.49,-9188.07,2024.1,56874.56,189.3,6235.83,-0.1836,-0.9782,0.0971,35000.0,5
2342,Petal,4,ZONE_FACULTY_ARCHIVES,Grand Universal Library & Pre-Deluge Archives,0.4333,0.625,-56127.49,-11485.09,1271.59,57290.5,191.56,6235.83,-0.1832,-0.9783,0.0966,35000.0,5
2343,Petal,4,ZONE_FACULTY_ARCHIVES,Grand Universal Library & Pre-Deluge Archives,0.4333,0.75,-56127.49,-13782.1,412.09,57794.82,193.8,6235.83,-0.1828,-0.9784,0.0962,35000.0,5
2344,Petal,4,ZONE_FACULTY_ARCHIVES,Grand Universal Library & Pre-Deluge Archives,0.4333,0.875,-56127.49,-16079.12,-554.39,58385.21,195.99,6235.83,-0.1825,-0.9785,0.0958,35000.0,5
2345,Petal,4,ZONE_CLEARANCE_WATERWAY,Grand Universal Library & Pre-Deluge Archives,0.4333,1.0,-56127.49,-18376.14,-1627.85,59059.1,198.13,6235.83,-0.1911,-0.9765,0.0999,35000.0,5
2346,Petal,4,ZONE_CLEARANCE_WATERWAY,Grand Universal Library & Pre-Deluge Archives,0.4667,-1.0,-59291.14,17431.4,-1547.03,61800.43,163.62,10548.97,-0.1892,-0.9776,0.0925,35000.0,5
2347,Petal,4,ZONE_FACULTY_ARCHIVES,Grand Universal Library & Pre-Deluge Archives,0.4667,-0.875,-59291.14,15252.47,-457.2,61221.54,165.57,10548.97,-0.1881,-0.9778,0.0921,35000.0,5
2348,Petal,4,ZONE_FACULTY_ARCHIVES,Grand Universal Library & Pre-Deluge Archives,0.4667,-0.75,-59291.14,13073.55,523.87,60715.37,167.57,10548.97,-0.187,-0.9781,0.0917,35000.0,5
2349,Petal,4,ZONE_FACULTY_ARCHIVES,Grand Universal Library & Pre-Deluge Archives,0.4667,-0.625,-59291.14,10894.62,1396.15,60283.76,169.59,10548.97,-0.186,-0.9783,0.0913,35000.0,5
2350,Petal,4,ZONE_FACULTY_ARCHIVES,Grand Universal Library & Pre-Deluge Archives,0.4667,-0.5,-59291.14,8715.7,2159.67,59928.31,171.64,10548.97,-0.185,-0.9785,0.0909,35000.0,5
2351,Petal,4,ZONE_FACULTY_ARCHIVES,Grand Universal Library & Pre-Deluge Archives,0.4667,-0.375,-59291.14,6536.77,2814.4,59650.39,173.71,10548.97,-0.184,-0.9788,0.0905,35000.0,5
2352,Petal,4,ZONE_FACULTY_ARCHIVES,Grand Universal Library & Pre-Deluge Archives,0.4667,-0.25,-59291.14,4357.85,3360.36,59451.07,175.8,10548.97,-0.1831,-0.979,0.0901,35000.0,5
2353,Petal,4,ZONE_FACULTY_ARCHIVES,Grand Universal Library & Pre-Deluge Archives,0.4667,-0.125,-59291.14,2178.92,3797.54,59331.16,177.9,10548.97,-0.1822,-0.9792,0.0897,35000.0,5
2354,Petal,4,ZONE_FACULTY_ARCHIVES,Grand Universal Library & Pre-Deluge Archives,0.4667,0.0,-59291.14,0.0,4125.95,59291.14,180.0,10548.97,-0.1774,-0.9802,0.0874,35000.0,5
2355,Petal,4,ZONE_FACULTY_ARCHIVES,Grand Universal Library & Pre-Deluge Archives,0.4667,0.125,-59291.14,-2178.92,3797.54,59331.16,182.1,10548.97,-0.1768,-0.9804,0.087,35000.0,5
2356,Petal,4,ZONE_FACULTY_ARCHIVES,Grand Universal Library & Pre-Deluge Archives,0.4667,0.25,-59291.14,-4357.85,3360.36,59451.07,184.2,10548.97,-0.1761,-0.9806,0.0866,35000.0,5
2357,Petal,4,ZONE_FACULTY_ARCHIVES,Grand Universal Library & Pre-Deluge Archives,0.4667,0.375,-59291.14,-6536.77,2814.4,59650.39,186.29,10548.97,-0.1755,-0.9807,0.0862,35000.0,5
2358,Petal,4,ZONE_FACULTY_ARCHIVES,Grand Universal Library & Pre-Deluge Archives,0.4667,0.5,-59291.14,-8715.7,2159.67,59928.31,188.36,10548.97,-0.1749,-0.9808,0.0859,35000.0,5
2359,Petal,4,ZONE_FACULTY_ARCHIVES,Grand Universal Library & Pre-Deluge Archives,0.4667,0.625,-59291.14,-10894.62,1396.15,60283.76,190.41,10548.97,-0.1743,-0.981,0.0855,35000.0,5
2360,Petal,4,ZONE_FACULTY_ARCHIVES,Grand Universal Library & Pre-Deluge Archives,0.4667,0.75,-59291.14,-13073.55,523.87,60715.37,192.43,10548.97,-0.1737,-0.9811,0.0852,35000.0,5
2361,Petal,4,ZONE_FACULTY_ARCHIVES,Grand Universal Library & Pre-Deluge Archives,0.4667,0.875,-59291.14,-15252.47,-457.2,61221.54,194.43,10548.97,-0.1732,-0.9812,0.0848,35000.0,5
2362,Petal,4,ZONE_CLEARANCE_WATERWAY,Grand Universal Library & Pre-Deluge Archives,0.4667,1.0,-59291.14,-17431.4,-1547.03,61800.43,196.38,10548.97,-0.1806,-0.9796,0.0883,35000.0,5
2363,Petal,4,ZONE_CLEARANCE_WATERWAY,Grand Universal Library & Pre-Deluge Archives,0.5,-1.0,-62454.79,16400.9,-1428.08,64572.37,165.29,15033.63,-0.177,-0.9808,0.0812,35000.0,5
2364,Petal,4,ZONE_FACULTY_ARCHIVES,Grand Universal Library & Pre-Deluge Archives,0.5,-0.875,-62454.79,14350.79,-332.77,64082.34,167.06,15033.63,-0.1763,-0.981,0.0809,35000.0,5
2365,Petal,4,ZONE_FACULTY_ARCHIVES,Grand Universal Library & Pre-Deluge Archives,0.5,-0.75,-62454.79,12300.68,653.17,63654.6,168.86,15033.63,-0.1756,-0.9812,0.0805,35000.0,5
2366,Petal,4,ZONE_FACULTY_ARCHIVES,Grand Universal Library & Pre-Deluge Archives,0.5,-0.625,-62454.79,10250.56,1529.73,63290.4,170.68,15033.63,-0.1749,-0.9813,0.0802,35000.0,5
2367,Petal,4,ZONE_FACULTY_ARCHIVES,Grand Universal Library & Pre-Deluge Archives,0.5,-0.5,-62454.79,8200.45,2296.92,62990.86,172.52,15033.63,-0.1742,-0.9815,0.0799,35000.0,5
2368,Petal,4,ZONE_FACULTY_ARCHIVES,Grand Universal Library & Pre-Deluge Archives,0.5,-0.375,-62454.79,6150.34,2954.73,62756.89,174.38,15033.63,-0.1735,-0.9816,0.0795,35000.0,5
2369,Petal,4,ZONE_FACULTY_ARCHIVES,Grand Universal Library & Pre-Deluge Archives,0.5,-0.25,-62454.79,4100.23,3503.17,62589.24,176.24,15033.63,-0.1728,-0.9818,0.0792,35000.0,5
2370,Petal,4,ZONE_FACULTY_ARCHIVES,Grand Universal Library & Pre-Deluge Archives,0.5,-0.125,-62454.79,2050.11,3942.23,62488.43,178.12,15033.63,-0.1721,-0.9819,0.0789,35000.0,5
2371,Petal,4,ZONE_FACULTY_ARCHIVES,Grand Universal Library & Pre-Deluge Archives,0.5,0.0,-62454.79,0.0,4271.92,62454.79,180.0,15033.63,-0.1679,-0.9828,0.077,35000.0,5
2372,Petal,4,ZONE_FACULTY_ARCHIVES,Grand Universal Library & Pre-Deluge Archives,0.5,0.125,-62454.79,-2050.11,3942.23,62488.43,181.88,15033.63,-0.1672,-0.9829,0.0767,35000.0,5
2373,Petal,4,ZONE_FACULTY_ARCHIVES,Grand Universal Library & Pre-Deluge Archives,0.5,0.25,-62454.79,-4100.23,3503.17,62589.24,183.76,15033.63,-0.1665,-0.9831,0.0763,35000.0,5
2374,Petal,4,ZONE_FACULTY_ARCHIVES,Grand Universal Library & Pre-Deluge Archives,0.5,0.375,-62454.79,-6150.34,2954.73,62756.89,185.62,15033.63,-0.1659,-0.9832,0.076,35000.0,5
2375,Petal,4,ZONE_FACULTY_ARCHIVES,Grand Universal Library & Pre-Deluge Archives,0.5,0.5,-62454.79,-8200.45,2296.92,62990.86,187.48,15033.63,-0.1652,-0.9833,0.0757,35000.0,5
2376,Petal,4,ZONE_FACULTY_ARCHIVES,Grand Universal Library & Pre-Deluge Archives,0.5,0.625,-62454.79,-10250.56,1529.73,63290.4,189.32,15033.63,-0.1645,-0.9835,0.0754,35000.0,5
2377,Petal,4,ZONE_FACULTY_ARCHIVES,Grand Universal Library & Pre-Deluge Archives,0.5,0.75,-62454.79,-12300.68,653.17,63654.6,191.14,15033.63,-0.1638,-0.9836,0.0751,35000.0,5
2378,Petal,4,ZONE_FACULTY_ARCHIVES,Grand Universal Library & Pre-Deluge Archives,0.5,0.875,-62454.79,-14350.79,-332.77,64082.34,192.94,15033.63,-0.1632,-0.9838,0.0749,35000.0,5
2379,Petal,4,ZONE_CLEARANCE_WATERWAY,Grand Universal Library & Pre-Deluge Archives,0.5,1.0,-62454.79,-16400.9,-1428.08,64572.37,194.71,15033.63,-0.1695,-0.9825,0.0778,35000.0,5
2380,Petal,4,ZONE_CLEARANCE_WATERWAY,Grand Universal Library & Pre-Deluge Archives,0.5333,-1.0,-65618.44,15302.45,-1270.78,67379.11,166.87,19654.19,-0.1643,-0.9838,0.0711,35000.0,5
2381,Petal,4,ZONE_FACULTY_ARCHIVES,Grand Universal Library & Pre-Deluge Archives,0.5333,-0.875,-65618.44,13389.64,-180.94,66970.61,168.47,19654.19,-0.1639,-0.9839,0.0708,35000.0,5
2382,Petal,4,ZONE_FACULTY_ARCHIVES,Grand Universal Library & Pre-Deluge Archives,0.5333,-0.75,-65618.44,11476.84,800.12,66614.55,170.08,19654.19,-0.1635,-0.984,0.0705,35000.0,5
2383,Petal,4,ZONE_FACULTY_ARCHIVES,Grand Universal Library & Pre-Deluge Archives,0.5333,-0.625,-65618.44,9564.03,1672.41,66311.77,171.71,19654.19,-0.1631,-0.9841,0.0702,35000.0,5
2384,Petal,4,ZONE_FACULTY_ARCHIVES,Grand Universal Library & Pre-Deluge Archives,0.5333,-0.5,-65618.44,7651.22,2435.92,66063.01,173.35,19654.19,-0.1626,-0.9842,0.0699,35000.0,5
2385,Petal,4,ZONE_FACULTY_ARCHIVES,Grand Universal Library & Pre-Deluge Archives,0.5333,-0.375,-65618.44,5738.42,3090.66,65868.88,175.0,19654.19,-0.1622,-0.9843,0.0697,35000.0,5
2386,Petal,4,ZONE_FACULTY_ARCHIVES,Grand Universal Library & Pre-Deluge Archives,0.5333,-0.25,-65618.44,3825.61,3636.62,65729.87,176.66,19654.19,-0.1616,-0.9844,0.0694,35000.0,5
2387,Petal,4,ZONE_FACULTY_ARCHIVES,Grand Universal Library & Pre-Deluge Archives,0.5333,-0.125,-65618.44,1912.81,4073.8,65646.32,178.33,19654.19,-0.1611,-0.9845,0.0691,35000.0,5
2388,Petal,4,ZONE_FACULTY_ARCHIVES,Grand Universal Library & Pre-Deluge Archives,0.5333,0.0,-65618.44,0.0,4402.21,65618.44,180.0,19654.19,-0.1575,-0.9852,0.0675,35000.0,5
2389,Petal,4,ZONE_FACULTY_ARCHIVES,Grand Universal Library & Pre-Deluge Archives,0.5333,0.125,-65618.44,-1912.81,4073.8,65646.32,181.67,19654.19,-0.1568,-0.9853,0.0673,35000.0,5
2390,Petal,4,ZONE_FACULTY_ARCHIVES,Grand Universal Library & Pre-Deluge Archives,0.5333,0.25,-65618.44,-3825.61,3636.62,65729.87,183.34,19654.19,-0.1562,-0.9855,0.067,35000.0,5
2391,Petal,4,ZONE_FACULTY_ARCHIVES,Grand Universal Library & Pre-Deluge Archives,0.5333,0.375,-65618.44,-5738.42,3090.66,65868.88,185.0,19654.19,-0.1555,-0.9856,0.0668,35000.0,5
2392,Petal,4,ZONE_FACULTY_ARCHIVES,Grand Universal Library & Pre-Deluge Archives,0.5333,0.5,-65618.44,-7651.22,2435.92,66063.01,186.65,19654.19,-0.1547,-0.9857,0.0665,35000.0,5
2393,Petal,4,ZONE_FACULTY_ARCHIVES,Grand Universal Library & Pre-Deluge Archives,0.5333,0.625,-65618.44,-9564.03,1672.41,66311.77,188.29,19654.19,-0.154,-0.9858,0.0663,35000.0,5
2394,Petal,4,ZONE_FACULTY_ARCHIVES,Grand Universal Library & Pre-Deluge Archives,0.5333,0.75,-65618.44,-11476.84,800.12,66614.55,189.92,19654.19,-0.1532,-0.986,0.066,35000.0,5
2395,Petal,4,ZONE_FACULTY_ARCHIVES,Grand Universal Library & Pre-Deluge Archives,0.5333,0.875,-65618.44,-13389.64,-180.94,66970.61,191.53,19654.19,-0.1524,-0.9861,0.0658,35000.0,5
2396,Petal,4,ZONE_CLEARANCE_WATERWAY,Grand Universal Library & Pre-Deluge Archives,0.5333,1.0,-65618.44,-15302.45,-1270.78,67379.11,193.13,19654.19,-0.1577,-0.9851,0.0682,35000.0,5
2397,Petal,4,ZONE_CLEARANCE_WATERWAY,Grand Universal Library & Pre-Deluge Archives,0.5667,-1.0,-68782.1,14151.95,-1075.34,70222.89,168.37,24378.86,-0.1512,-0.9866,0.0618,35000.0,5
2398,Petal,4,ZONE_FACULTY_ARCHIVES,Grand Universal Library & Pre-Deluge Archives,0.5667,-0.875,-68782.1,12382.95,-1.87,69887.87,169.79,24378.86,-0.1511,-0.9866,0.0616,35000.0,5
2399,Petal,4,ZONE_FACULTY_ARCHIVES,Grand Universal Library & Pre-Deluge Archives,0.5667,-0.75,-68782.1,10613.96,964.61,69596.21,171.23,24378.86,-0.1509,-0.9866,0.0614,35000.0,5
2400,Petal,4,ZONE_FACULTY_ARCHIVES,Grand Universal Library & Pre-Deluge Archives,0.5667,-0.625,-68782.1,8844.97,1824.1,69348.47,172.67,24378.86,-0.1507,-0.9867,0.0611,35000.0,5
2401,Petal,4,ZONE_FACULTY_ARCHIVES,Grand Universal Library & Pre-Deluge Archives,0.5667,-0.5,-68782.1,7075.97,2576.61,69145.11,174.13,24378.86,-0.1505,-0.9867,0.0609,35000.0,5
2402,Petal,4,ZONE_FACULTY_ARCHIVES,Grand Universal Library & Pre-Deluge Archives,0.5667,-0.375,-68782.1,5306.98,3222.14,68986.53,175.59,24378.86,-0.1502,-0.9868,0.0607,35000.0,5
2403,Petal,4,ZONE_FACULTY_ARCHIVES,Grand Universal Library & Pre-Deluge Archives,0.5667,-0.25,-68782.1,3537.99,3760.68,68873.03,177.06,24378.86,-0.1498,-0.9869,0.0605,35000.0,5
2404,Petal,4,ZONE_FACULTY_ARCHIVES,Grand Universal Library & Pre-Deluge Archives,0.5667,-0.125,-68782.1,1768.99,4192.24,68804.84,178.53,24378.86,-0.1495,-0.9869,0.0602,35000.0,5
2405,Petal,4,ZONE_FACULTY_ARCHIVES,Grand Universal Library & Pre-Deluge Archives,0.5667,0.0,-68782.1,0.0,4516.81,68782.1,180.0,24378.86,-0.1464,-0.9875,0.059,35000.0,5
2406,Petal,4,ZONE_FACULTY_ARCHIVES,Grand Universal Library & Pre-Deluge Archives,0.5667,0.125,-68782.1,-1768.99,4192.24,68804.84,181.47,24378.86,-0.1457,-0.9876,0.0588,35000.0,5
2407,Petal,4,ZONE_FACULTY_ARCHIVES,Grand Universal Library & Pre-Deluge Archives,0.5667,0.25,-68782.1,-3537.99,3760.68,68873.03,182.94,24378.86,-0.1451,-0.9877,0.0585,35000.0,5
2408,Petal,4,ZONE_FACULTY_ARCHIVES,Grand Universal Library & Pre-Deluge Archives,0.5667,0.375,-68782.1,-5306.98,3222.14,68986.53,184.41,24378.86,-0.1444,-0.9878,0.0583,35000.0,5
2409,Petal,4,ZONE_FACULTY_ARCHIVES,Grand Universal Library & Pre-Deluge Archives,0.5667,0.5,-68782.1,-7075.97,2576.61,69145.11,185.87,24378.86,-0.1437,-0.9879,0.0581,35000.0,5
2410,Petal,4,ZONE_FACULTY_ARCHIVES,Grand Universal Library & Pre-Deluge Archives,0.5667,0.625,-68782.1,-8844.97,1824.1,69348.47,187.33,24378.86,-0.1429,-0.988,0.0579,35000.0,5
2411,Petal,4,ZONE_FACULTY_ARCHIVES,Grand Universal Library & Pre-Deluge Archives,0.5667,0.75,-68782.1,-10613.96,964.61,69596.21,188.77,24378.86,-0.1421,-0.9882,0.0578,35000.0,5
2412,Petal,4,ZONE_FACULTY_ARCHIVES,Grand Universal Library & Pre-Deluge Archives,0.5667,0.875,-68782.1,-12382.95,-1.87,69887.87,190.21,24378.86,-0.1412,-0.9883,0.0576,35000.0,5
2413,Petal,4,ZONE_CLEARANCE_WATERWAY,Grand Universal Library & Pre-Deluge Archives,0.5667,1.0,-68782.1,-14151.95,-1075.34,70222.89,191.63,24378.86,-0.1456,-0.9876,0.0595,35000.0,5
2414,Petal,4,ZONE_CLEARANCE_WATERWAY,Grand Universal Library & Pre-Deluge Archives,0.6,-1.0,-71945.75,12963.71,-842.39,73104.37,169.79,29178.99,-0.1379,-0.989,0.0534,35000.0,5
2415,Petal,4,ZONE_FACULTY_ARCHIVES,Grand Universal Library & Pre-Deluge Archives,0.6,-0.875,-71945.75,11343.25,203.95,72834.47,171.04,29178.99,-0.138,-0.989,0.0533,35000.0,5
2416,Petal,4,ZONE_FACULTY_ARCHIVES,Grand Universal Library & Pre-Deluge Archives,0.6,-0.75,-71945.75,9722.78,1146.26,72599.75,172.3,29178.99,-0.138,-0.989,0.0531,35000.0,5
2417,Petal,4,ZONE_FACULTY_ARCHIVES,Grand Universal Library & Pre-Deluge Archives,0.6,-0.625,-71945.75,8102.32,1984.56,72400.54,173.57,29178.99,-0.138,-0.989,0.0529,35000.0,5
2418,Petal,4,ZONE_FACULTY_ARCHIVES,Grand Universal Library & Pre-Deluge Archives,0.6,-0.5,-71945.75,6481.86,2718.83,72237.15,174.85,29178.99,-0.1379,-0.989,0.0527,35000.0,5
2419,Petal,4,ZONE_FACULTY_ARCHIVES,Grand Universal Library & Pre-Deluge Archives,0.6,-0.375,-71945.75,4861.39,3349.08,72109.8,176.13,29178.99,-0.1377,-0.9891,0.0525,35000.0,5
2420,Petal,4,ZONE_FACULTY_ARCHIVES,Grand Universal Library & Pre-Deluge Archives,0.6,-0.25,-71945.75,3240.93,3875.31,72018.71,177.42,29178.99,-0.1375,-0.9891,0.0524,35000.0,5
2421,Petal,4,ZONE_FACULTY_ARCHIVES,Grand Universal Library & Pre-Deluge Archives,0.6,-0.125,-71945.75,1620.46,4297.52,71964.0,178.71,29178.99,-0.1373,-0.9892,0.0522,35000.0,5
2422,Petal,4,ZONE_FACULTY_ARCHIVES,Grand Universal Library & Pre-Deluge Archives,0.6,0.0,-71945.75,0.0,4615.7,71945.75,180.0,29178.99,-0.1347,-0.9896,0.0512,35000.0,5
2423,Petal,4,ZONE_FACULTY_ARCHIVES,Grand Universal Library & Pre-Deluge Archives,0.6,0.125,-71945.75,-1620.46,4297.52,71964.0,181.29,29178.99,-0.1341,-0.9897,0.051,35000.0,5
2424,Petal,4,ZONE_FACULTY_ARCHIVES,Grand Universal Library & Pre-Deluge Archives,0.6,0.25,-71945.75,-3240.93,3875.31,72018.71,182.58,29178.99,-0.1335,-0.9897,0.0508,35000.0,5
2425,Petal,4,ZONE_FACULTY_ARCHIVES,Grand Universal Library & Pre-Deluge Archives,0.6,0.375,-71945.75,-4861.39,3349.08,72109.8,183.87,29178.99,-0.1328,-0.9898,0.0507,35000.0,5
2426,Petal,4,ZONE_FACULTY_ARCHIVES,Grand Universal Library & Pre-Deluge Archives,0.6,0.5,-71945.75,-6481.86,2718.83,72237.15,185.15,29178.99,-0.1321,-0.99,0.0505,35000.0,5
2427,Petal,4,ZONE_FACULTY_ARCHIVES,Grand Universal Library & Pre-Deluge Archives,0.6,0.625,-71945.75,-8102.32,1984.56,72400.54,186.43,29178.99,-0.1313,-0.9901,0.0503,35000.0,5
2428,Petal,4,ZONE_FACULTY_ARCHIVES,Grand Universal Library & Pre-Deluge Archives,0.6,0.75,-71945.75,-9722.78,1146.26,72599.75,187.7,29178.99,-0.1305,-0.9902,0.0502,35000.0,5
2429,Petal,4,ZONE_FACULTY_ARCHIVES,Grand Universal Library & Pre-Deluge Archives,0.6,0.875,-71945.75,-11343.25,203.95,72834.47,188.96,29178.99,-0.1296,-0.9903,0.05,35000.0,5
2430,Petal,4,ZONE_CLEARANCE_WATERWAY,Grand Universal Library & Pre-Deluge Archives,0.6,1.0,-71945.75,-12963.71,-842.39,73104.37,190.21,29178.99,-0.1331,-0.9898,0.0516,35000.0,5
2431,Petal,4,ZONE_CLEARANCE_WATERWAY,Grand Universal Library & Pre-Deluge Archives,0.6333,-1.0,-75109.4,11750.73,-572.98,76023.03,171.11,34028.62,-0.1244,-0.9912,0.0459,35000.0,5
2432,Petal,4,ZONE_FACULTY_ARCHIVES,Grand Universal Library & Pre-Deluge Archives,0.6333,-0.875,-75109.4,10281.89,435.72,75809.89,172.21,34028.62,-0.1247,-0.9911,0.0457,35000.0,5
2433,Petal,4,ZONE_FACULTY_ARCHIVES,Grand Universal Library & Pre-Deluge Archives,0.6333,-0.75,-75109.4,8813.04,1344.5,75624.68,173.31,34028.62,-0.1249,-0.9911,0.0456,35000.0,5
2434,Petal,4,ZONE_FACULTY_ARCHIVES,Grand Universal Library & Pre-Deluge Archives,0.6333,-0.625,-75109.4,7344.2,2153.35,75467.61,174.42,34028.62,-0.125,-0.9911,0.0454,35000.0,5
2435,Petal,4,ZONE_FACULTY_ARCHIVES,Grand Universal Library & Pre-Deluge Archives,0.6333,-0.5,-75109.4,5875.36,2862.29,75338.85,175.53,34028.62,-0.125,-0.9911,0.0453,35000.0,5
2436,Petal,4,ZONE_FACULTY_ARCHIVES,Grand Universal Library & Pre-Deluge Archives,0.6333,-0.375,-75109.4,4406.52,3471.31,75238.55,176.64,34028.62,-0.125,-0.9911,0.0451,35000.0,5
2437,Petal,4,ZONE_FACULTY_ARCHIVES,Grand Universal Library & Pre-Deluge Archives,0.6333,-0.25,-75109.4,2937.68,3980.41,75166.83,177.76,34028.62,-0.1249,-0.9912,0.045,35000.0,5
2438,Petal,4,ZONE_FACULTY_ARCHIVES,Grand Universal Library & Pre-Deluge Archives,0.6333,-0.125,-75109.4,1468.84,4389.59,75123.76,178.88,34028.62,-0.1247,-0.9912,0.0449,35000.0,5
2439,Petal,4,ZONE_FACULTY_ARCHIVES,Grand Universal Library & Pre-Deluge Archives,0.6333,0.0,-75109.4,0.0,4698.86,75109.4,180.0,34028.62,-0.1226,-0.9915,0.044,35000.0,5
2440,Petal,4,ZONE_FACULTY_ARCHIVES,Grand Universal Library & Pre-Deluge Archives,0.6333,0.125,-75109.4,-1468.84,4389.59,75123.76,181.12,34028.62,-0.1221,-0.9916,0.0439,35000.0,5
2441,Petal,4,ZONE_FACULTY_ARCHIVES,Grand Universal Library & Pre-Deluge Archives,0.6333,0.25,-75109.4,-2937.68,3980.41,75166.83,182.24,34028.62,-0.1215,-0.9916,0.0438,35000.0,5
2442,Petal,4,ZONE_FACULTY_ARCHIVES,Grand Universal Library & Pre-Deluge Archives,0.6333,0.375,-75109.4,-4406.52,3471.31,75238.55,183.36,34028.62,-0.1209,-0.9917,0.0437,35000.0,5
2443,Petal,4,ZONE_FACULTY_ARCHIVES,Grand Universal Library & Pre-Deluge Archives,0.6333,0.5,-75109.4,-5875.36,2862.29,75338.85,184.47,34028.62,-0.1202,-0.9918,0.0435,35000.0,5
2444,Petal,4,ZONE_FACULTY_ARCHIVES,Grand Universal Library & Pre-Deluge Archives,0.6333,0.625,-75109.4,-7344.2,2153.35,75467.61,185.58,34028.62,-0.1194,-0.9919,0.0434,35000.0,5
2445,Petal,4,ZONE_FACULTY_ARCHIVES,Grand Universal Library & Pre-Deluge Archives,0.6333,0.75,-75109.4,-8813.04,1344.5,75624.68,186.69,34028.62,-0.1186,-0.992,0.0433,35000.0,5
2446,Petal,4,ZONE_FACULTY_ARCHIVES,Grand Universal Library & Pre-Deluge Archives,0.6333,0.875,-75109.4,-10281.89,435.72,75809.89,187.79,34028.62,-0.1177,-0.9921,0.0432,35000.0,5
2447,Petal,4,ZONE_CLEARANCE_WATERWAY,Grand Universal Library & Pre-Deluge Archives,0.6333,1.0,-75109.4,-11750.73,-572.98,76023.03,188.89,34028.62,-0.1205,-0.9917,0.0444,35000.0,5
2448,Petal,4,ZONE_CLEARANCE_WATERWAY,Grand Universal Library & Pre-Deluge Archives,0.6667,-1.0,-78273.05,10524.85,-268.53,78977.49,172.34,38904.04,-0.111,-0.9931,0.039,35000.0,5
2449,Petal,4,ZONE_FACULTY_ARCHIVES,Grand Universal Library & Pre-Deluge Archives,0.6667,-0.875,-78273.05,9209.24,692.34,78812.95,173.29,38904.04,-0.1113,-0.993,0.0389,35000.0,5
2450,Petal,4,ZONE_FACULTY_ARCHIVES,Grand Universal Library & Pre-Deluge Archives,0.6667,-0.75,-78273.05,7893.64,1558.48,78670.07,174.24,38904.04,-0.1116,-0.993,0.0387,35000.0,5
2451,Petal,4,ZONE_FACULTY_ARCHIVES,Grand Universal Library & Pre-Deluge Archives,0.6667,-0.625,-78273.05,6578.03,2329.9,78548.98,175.2,38904.04,-0.1118,-0.993,0.0386,35000.0,5
2452,Petal,4,ZONE_FACULTY_ARCHIVES,Grand Universal Library & Pre-Deluge Archives,0.6667,-0.5,-78273.05,5262.42,3006.6,78449.76,176.15,38904.04,-0.112,-0.993,0.0385,35000.0,5
2453,Petal,4,ZONE_FACULTY_ARCHIVES,Grand Universal Library & Pre-Deluge Archives,0.6667,-0.375,-78273.05,3946.82,3588.58,78372.5,177.11,38904.04,-0.112,-0.993,0.0384,35000.0,5
2454,Petal,4,ZONE_FACULTY_ARCHIVES,Grand Universal Library & Pre-Deluge Archives,0.6667,-0.25,-78273.05,2631.21,4075.84,78317.27,178.07,38904.04,-0.112,-0.993,0.0383,35000.0,5
2455,Petal,4,ZONE_FACULTY_ARCHIVES,Grand Universal Library & Pre-Deluge Archives,0.6667,-0.125,-78273.05,1315.61,4468.38,78284.11,179.04,38904.04,-0.1119,-0.993,0.0382,35000.0,5
2456,Petal,4,ZONE_FACULTY_ARCHIVES,Grand Universal Library & Pre-Deluge Archives,0.6667,0.0,-78273.05,0.0,4766.19,78273.05,180.0,38904.04,-0.1102,-0.9932,0.0376,35000.0,5
2457,Petal,4,ZONE_FACULTY_ARCHIVES,Grand Universal Library & Pre-Deluge Archives,0.6667,0.125,-78273.05,-1315.61,4468.38,78284.11,180.96,38904.04,-0.1097,-0.9933,0.0375,35000.0,5
2458,Petal,4,ZONE_FACULTY_ARCHIVES,Grand Universal Library & Pre-Deluge Archives,0.6667,0.25,-78273.05,-2631.21,4075.84,78317.27,181.93,38904.04,-0.1092,-0.9933,0.0374,35000.0,5
2459,Petal,4,ZONE_FACULTY_ARCHIVES,Grand Universal Library & Pre-Deluge Archives,0.6667,0.375,-78273.05,-3946.82,3588.58,78372.5,182.89,38904.04,-0.1087,-0.9934,0.0373,35000.0,5
2460,Petal,4,ZONE_FACULTY_ARCHIVES,Grand Universal Library & Pre-Deluge Archives,0.6667,0.5,-78273.05,-5262.42,3006.6,78449.76,183.85,38904.04,-0.108,-0.9935,0.0372,35000.0,5
2461,Petal,4,ZONE_FACULTY_ARCHIVES,Grand Universal Library & Pre-Deluge Archives,0.6667,0.625,-78273.05,-6578.03,2329.9,78548.98,184.8,38904.04,-0.1073,-0.9935,0.0371,35000.0,5
2462,Petal,4,ZONE_FACULTY_ARCHIVES,Grand Universal Library & Pre-Deluge Archives,0.6667,0.75,-78273.05,-7893.64,1558.48,78670.07,185.76,38904.04,-0.1065,-0.9936,0.037,35000.0,5
2463,Petal,4,ZONE_FACULTY_ARCHIVES,Grand Universal Library & Pre-Deluge Archives,0.6667,0.875,-78273.05,-9209.24,692.34,78812.95,186.71,38904.04,-0.1057,-0.9937,0.0369,35000.0,5
2464,Petal,4,ZONE_CLEARANCE_WATERWAY,Grand Universal Library & Pre-Deluge Archives,0.6667,1.0,-78273.05,-10524.85,-268.53,78977.49,187.66,38904.04,-0.1078,-0.9935,0.0378,35000.0,5
2465,Petal,4,ZONE_CLEARANCE_WATERWAY,Grand Universal Library & Pre-Deluge Archives,0.7,-1.0,-81436.71,9297.03,69.13,81965.68,173.49,43783.34,-0.0974,-0.9947,0.0327,35000.0,5
2466,Petal,4,ZONE_FACULTY_ARCHIVES,Grand Universal Library & Pre-Deluge Archives,0.7,-0.875,-81436.71,8134.9,972.39,81842.01,174.3,43783.34,-0.0979,-0.9947,0.0327,35000.0,5
2467,Petal,4,ZONE_FACULTY_ARCHIVES,Grand Universal Library & Pre-Deluge Archives,0.7,-0.75,-81436.71,6972.77,1787.16,81734.67,175.11,43783.34,-0.0983,-0.9946,0.0326,35000.0,5
2468,Petal,4,ZONE_FACULTY_ARCHIVES,Grand Universal Library & Pre-Deluge Archives,0.7,-0.625,-81436.71,5810.64,2513.44,81643.74,175.92,43783.34,-0.0986,-0.9946,0.0325,35000.0,5
2469,Petal,4,ZONE_FACULTY_ARCHIVES,Grand Universal Library & Pre-Deluge Archives,0.7,-0.5,-81436.71,4648.51,3151.24,81569.27,176.73,43783.34,-0.0989,-0.9946,0.0324,35000.0,5
2470,Petal,4,ZONE_FACULTY_ARCHIVES,Grand Universal Library & Pre-Deluge Archives,0.7,-0.375,-81436.71,3486.39,3700.55,81511.3,177.55,43783.34,-0.0991,-0.9946,0.0323,35000.0,5
2471,Petal,4,ZONE_FACULTY_ARCHIVES,Grand Universal Library & Pre-Deluge Archives,0.7,-0.25,-81436.71,2324.26,4161.38,81469.87,178.37,43783.34,-0.0992,-0.9945,0.0322,35000.0,5
2472,Petal,4,ZONE_FACULTY_ARCHIVES,Grand Universal Library & Pre-Deluge Archives,0.7,-0.125,-81436.71,1162.13,4533.72,81445.0,179.18,43783.34,-0.0992,-0.9945,0.0322,35000.0,5
2473,Petal,4,ZONE_FACULTY_ARCHIVES,Grand Universal Library & Pre-Deluge Archives,0.7,0.0,-81436.71,0.0,4817.57,81436.71,180.0,43783.34,-0.0979,-0.9947,0.0317,35000.0,5
2474,Petal,4,ZONE_FACULTY_ARCHIVES,Grand Universal Library & Pre-Deluge Archives,0.7,0.125,-81436.71,-1162.13,4533.72,81445.0,180.82,43783.34,-0.0975,-0.9947,0.0316,35000.0,5
2475,Petal,4,ZONE_FACULTY_ARCHIVES,Grand Universal Library & Pre-Deluge Archives,0.7,0.25,-81436.71,-2324.26,4161.38,81469.87,181.63,43783.34,-0.097,-0.9948,0.0315,35000.0,5
2476,Petal,4,ZONE_FACULTY_ARCHIVES,Grand Universal Library & Pre-Deluge Archives,0.7,0.375,-81436.71,-3486.39,3700.55,81511.3,182.45,43783.34,-0.0964,-0.9948,0.0314,35000.0,5
2477,Petal,4,ZONE_FACULTY_ARCHIVES,Grand Universal Library & Pre-Deluge Archives,0.7,0.5,-81436.71,-4648.51,3151.24,81569.27,183.27,43783.34,-0.0958,-0.9949,0.0314,35000.0,5
2478,Petal,4,ZONE_FACULTY_ARCHIVES,Grand Universal Library & Pre-Deluge Archives,0.7,0.625,-81436.71,-5810.64,2513.44,81643.74,184.08,43783.34,-0.095,-0.995,0.0313,35000.0,5
2479,Petal,4,ZONE_FACULTY_ARCHIVES,Grand Universal Library & Pre-Deluge Archives,0.7,0.75,-81436.71,-6972.77,1787.16,81734.67,184.89,43783.34,-0.0942,-0.9951,0.0312,35000.0,5
2480,Petal,4,ZONE_FACULTY_ARCHIVES,Grand Universal Library & Pre-Deluge Archives,0.7,0.875,-81436.71,-8134.9,972.39,81842.01,185.7,43783.34,-0.0934,-0.9951,0.0312,35000.0,5
2481,Petal,4,ZONE_CLEARANCE_WATERWAY,Grand Universal Library & Pre-Deluge Archives,0.7,1.0,-81436.71,-9297.03,69.13,81965.68,186.51,43783.34,-0.0949,-0.995,0.0319,35000.0,5
2482,Petal,4,ZONE_CLEARANCE_WATERWAY,Grand Universal Library & Pre-Deluge Archives,0.7333,-1.0,-84600.36,8077.5,422.8,84985.1,174.55,48646.06,-0.0829,-0.9962,0.0281,35000.0,5
2483,Petal,4,ZONE_FACULTY_ARCHIVES,Grand Universal Library & Pre-Deluge Archives,0.7333,-0.875,-84600.36,7067.81,1230.47,84895.08,175.22,48646.06,-0.0839,-0.9961,0.028,35000.0,5
2484,Petal,4,ZONE_FACULTY_ARCHIVES,Grand Universal Library & Pre-Deluge Archives,0.7333,-0.75,-84600.36,6058.13,1959.64,84816.99,175.9,48646.06,-0.0847,-0.996,0.0279,35000.0,5
2485,Petal,4,ZONE_FACULTY_ARCHIVES,Grand Universal Library & Pre-Deluge Archives,0.7333,-0.625,-84600.36,5048.44,2610.33,84750.86,176.58,48646.06,-0.0854,-0.996,0.0279,35000.0,5
2486,Petal,4,ZONE_FACULTY_ARCHIVES,Grand Universal Library & Pre-Deluge Archives,0.7333,-0.5,-84600.36,4038.75,3182.51,84696.71,177.27,48646.06,-0.086,-0.9959,0.0278,35000.0,5
2487,Petal,4,ZONE_FACULTY_ARCHIVES,Grand Universal Library & Pre-Deluge Archives,0.7333,-0.375,-84600.36,3029.06,3676.21,84654.57,177.95,48646.06,-0.0865,-0.9959,0.0278,35000.0,5
2488,Petal,4,ZONE_FACULTY_ARCHIVES,Grand Universal Library & Pre-Deluge Archives,0.7333,-0.25,-84600.36,2019.38,4091.41,84624.46,178.63,48646.06,-0.0869,-0.9958,0.0277,35000.0,5
2489,Petal,4,ZONE_FACULTY_ARCHIVES,Grand Universal Library & Pre-Deluge Archives,0.7333,-0.125,-84600.36,1009.69,4428.12,84606.38,179.32,48646.06,-0.0871,-0.9958,0.0276,35000.0,5
2490,Petal,4,ZONE_FACULTY_ARCHIVES,Grand Universal Library & Pre-Deluge Archives,0.7333,0.0,-84600.36,0.0,4686.33,84600.36,180.0,48646.06,-0.0862,-0.9959,0.0272,35000.0,5
2491,Petal,4,ZONE_FACULTY_ARCHIVES,Grand Universal Library & Pre-Deluge Archives,0.7333,0.125,-84600.36,-1009.69,4428.12,84606.38,180.68,48646.06,-0.0858,-0.9959,0.0272,35000.0,5
2492,Petal,4,ZONE_FACULTY_ARCHIVES,Grand Universal Library & Pre-Deluge Archives,0.7333,0.25,-84600.36,-2019.38,4091.41,84624.46,181.37,48646.06,-0.0851,-0.996,0.0271,35000.0,5
2493,Petal,4,ZONE_FACULTY_ARCHIVES,Grand Universal Library & Pre-Deluge Archives,0.7333,0.375,-84600.36,-3029.06,3676.21,84654.57,182.05,48646.06,-0.0844,-0.9961,0.0271,35000.0,5
2494,Petal,4,ZONE_FACULTY_ARCHIVES,Grand Universal Library & Pre-Deluge Archives,0.7333,0.5,-84600.36,-4038.75,3182.51,84696.71,182.73,48646.06,-0.0836,-0.9961,0.027,35000.0,5
2495,Petal,4,ZONE_FACULTY_ARCHIVES,Grand Universal Library & Pre-Deluge Archives,0.7333,0.625,-84600.36,-5048.44,2610.33,84750.86,183.42,48646.06,-0.0827,-0.9962,0.027,35000.0,5
2496,Petal,4,ZONE_FACULTY_ARCHIVES,Grand Universal Library & Pre-Deluge Archives,0.7333,0.75,-84600.36,-6058.13,1959.64,84816.99,184.1,48646.06,-0.0816,-0.9963,0.0269,35000.0,5
2497,Petal,4,ZONE_FACULTY_ARCHIVES,Grand Universal Library & Pre-Deluge Archives,0.7333,0.875,-84600.36,-7067.81,1230.47,84895.08,184.78,48646.06,-0.0804,-0.9964,0.0269,35000.0,5
2498,Petal,4,ZONE_CLEARANCE_WATERWAY,Grand Universal Library & Pre-Deluge Archives,0.7333,1.0,-84600.36,-8077.5,422.8,84985.1,185.45,48646.06,-0.081,-0.9963,0.0274,35000.0,5
2499,Petal,4,ZONE_CLEARANCE_WATERWAY,Grand Universal Library & Pre-Deluge Archives,0.7667,-1.0,-87764.01,6876.0,729.61,88032.96,175.52,53472.72,-0.0696,-0.9973,0.0252,35000.0,5
2500,Petal,4,ZONE_FACULTY_ARCHIVES,Grand Universal Library & Pre-Deluge Archives,0.7667,-0.875,-87764.01,6016.5,1394.3,87970.0,176.08,53472.72,-0.0707,-0.9972,0.0252,35000.0,5
2501,Petal,4,ZONE_FACULTY_ARCHIVES,Grand Universal Library & Pre-Deluge Archives,0.7667,-0.75,-87764.01,5157.0,1995.05,87915.39,176.64,53472.72,-0.0717,-0.9971,0.0251,35000.0,5
2502,Petal,4,ZONE_FACULTY_ARCHIVES,Grand Universal Library & Pre-Deluge Archives,0.7667,-0.625,-87764.01,4297.5,2531.84,87869.17,177.2,53472.72,-0.0726,-0.997,0.0251,35000.0,5
2503,Petal,4,ZONE_FACULTY_ARCHIVES,Grand Universal Library & Pre-Deluge Archives,0.7667,-0.5,-87764.01,3438.0,3004.68,87831.33,177.76,53472.72,-0.0733,-0.997,0.025,35000.0,5
2504,Petal,4,ZONE_FACULTY_ARCHIVES,Grand Universal Library & Pre-Deluge Archives,0.7667,-0.375,-87764.01,2578.5,3413.57,87801.88,178.32,53472.72,-0.0739,-0.997,0.025,35000.0,5
2505,Petal,4,ZONE_FACULTY_ARCHIVES,Grand Universal Library & Pre-Deluge Archives,0.7667,-0.25,-87764.01,1719.0,3758.51,87780.85,178.88,53472.72,-0.0744,-0.9969,0.0249,35000.0,5
2506,Petal,4,ZONE_FACULTY_ARCHIVES,Grand Universal Library & Pre-Deluge Archives,0.7667,-0.125,-87764.01,859.5,4039.5,87768.22,179.44,53472.72,-0.0748,-0.9969,0.0249,35000.0,5
2507,Petal,4,ZONE_FACULTY_ARCHIVES,Grand Universal Library & Pre-Deluge Archives,0.7667,0.0,-87764.01,0.0,4256.54,87764.01,180.0,53472.72,-0.0742,-0.9969,0.0246,35000.0,5
2508,Petal,4,ZONE_FACULTY_ARCHIVES,Grand Universal Library & Pre-Deluge Archives,0.7667,0.125,-87764.01,-859.5,4039.5,87768.22,180.56,53472.72,-0.0737,-0.997,0.0245,35000.0,5
2509,Petal,4,ZONE_FACULTY_ARCHIVES,Grand Universal Library & Pre-Deluge Archives,0.7667,0.25,-87764.01,-1719.0,3758.51,87780.85,181.12,53472.72,-0.0731,-0.997,0.0245,35000.0,5
2510,Petal,4,ZONE_FACULTY_ARCHIVES,Grand Universal Library & Pre-Deluge Archives,0.7667,0.375,-87764.01,-2578.5,3413.57,87801.88,181.68,53472.72,-0.0723,-0.9971,0.0244,35000.0,5
2511,Petal,4,ZONE_FACULTY_ARCHIVES,Grand Universal Library & Pre-Deluge Archives,0.7667,0.5,-87764.01,-3438.0,3004.68,87831.33,182.24,53472.72,-0.0715,-0.9971,0.0244,35000.0,5
2512,Petal,4,ZONE_FACULTY_ARCHIVES,Grand Universal Library & Pre-Deluge Archives,0.7667,0.625,-87764.01,-4297.5,2531.84,87869.17,182.8,53472.72,-0.0705,-0.9972,0.0243,35000.0,5
2513,Petal,4,ZONE_FACULTY_ARCHIVES,Grand Universal Library & Pre-Deluge Archives,0.7667,0.75,-87764.01,-5157.0,1995.05,87915.39,183.36,53472.72,-0.0694,-0.9973,0.0243,35000.0,5
2514,Petal,4,ZONE_FACULTY_ARCHIVES,Grand Universal Library & Pre-Deluge Archives,0.7667,0.875,-87764.01,-6016.5,1394.3,87970.0,183.92,53472.72,-0.0682,-0.9974,0.0243,35000.0,5
2515,Petal,4,ZONE_CLEARANCE_WATERWAY,Grand Universal Library & Pre-Deluge Archives,0.7667,1.0,-87764.01,-6876.0,729.61,88032.96,184.48,53472.72,-0.0682,-0.9974,0.0247,35000.0,5
2516,Petal,4,ZONE_CLEARANCE_WATERWAY,Grand Universal Library & Pre-Deluge Archives,0.8,-1.0,-90927.66,5702.04,931.72,91106.28,176.41,58244.3,-0.0571,-0.9981,0.0236,35000.0,5
2517,Petal,4,ZONE_FACULTY_ARCHIVES,Grand Universal Library & Pre-Deluge Archives,0.8,-0.875,-90927.66,4989.29,1433.09,91064.45,176.86,58244.3,-0.0582,-0.998,0.0235,35000.0,5
2518,Petal,4,ZONE_FACULTY_ARCHIVES,Grand Universal Library & Pre-Deluge Archives,0.8,-0.75,-90927.66,4276.53,1886.84,91028.18,177.31,58244.3,-0.0592,-0.998,0.0235,35000.0,5
2519,Petal,4,ZONE_FACULTY_ARCHIVES,Grand Universal Library & Pre-Deluge Archives,0.8,-0.625,-90927.66,3563.78,2292.97,90997.48,177.76,58244.3,-0.0601,-0.9979,0.0235,35000.0,5
2520,Petal,4,ZONE_FACULTY_ARCHIVES,Grand Universal Library & Pre-Deluge Archives,0.8,-0.5,-90927.66,2851.02,2651.47,90972.35,178.2,58244.3,-0.0608,-0.9979,0.0234,35000.0,5
2521,Petal,4,ZONE_FACULTY_ARCHIVES,Grand Universal Library & Pre-Deluge Archives,0.8,-0.375,-90927.66,2138.27,2962.36,90952.8,178.65,58244.3,-0.0615,-0.9978,0.0234,35000.0,5
2522,Petal,4,ZONE_FACULTY_ARCHIVES,Grand Universal Library & Pre-Deluge Archives,0.8,-0.25,-90927.66,1425.51,3225.62,90938.84,179.1,58244.3,-0.062,-0.9978,0.0234,35000.0,5
2523,Petal,4,ZONE_FACULTY_ARCHIVES,Grand Universal Library & Pre-Deluge Archives,0.8,-0.125,-90927.66,712.76,3441.26,90930.46,179.55,58244.3,-0.0624,-0.9978,0.0233,35000.0,5
2524,Petal,4,ZONE_FACULTY_ARCHIVES,Grand Universal Library & Pre-Deluge Archives,0.8,0.0,-90927.66,0.0,3609.28,90927.66,180.0,58244.3,-0.0621,-0.9978,0.0231,35000.0,5
2525,Petal,4,ZONE_FACULTY_ARCHIVES,Grand Universal Library & Pre-Deluge Archives,0.8,0.125,-90927.66,-712.76,3441.26,90930.46,180.45,58244.3,-0.0616,-0.9978,0.023,35000.0,5
2526,Petal,4,ZONE_FACULTY_ARCHIVES,Grand Universal Library & Pre-Deluge Archives,0.8,0.25,-90927.66,-1425.51,3225.62,90938.84,180.9,58244.3,-0.061,-0.9979,0.023,35000.0,5
2527,Petal,4,ZONE_FACULTY_ARCHIVES,Grand Universal Library & Pre-Deluge Archives,0.8,0.375,-90927.66,-2138.27,2962.36,90952.8,181.35,58244.3,-0.0603,-0.9979,0.023,35000.0,5
2528,Petal,4,ZONE_FACULTY_ARCHIVES,Grand Universal Library & Pre-Deluge Archives,0.8,0.5,-90927.66,-2851.02,2651.47,90972.35,181.8,58244.3,-0.0595,-0.998,0.0229,35000.0,5
2529,Petal,4,ZONE_FACULTY_ARCHIVES,Grand Universal Library & Pre-Deluge Archives,0.8,0.625,-90927.66,-3563.78,2292.97,90997.48,182.24,58244.3,-0.0586,-0.998,0.0229,35000.0,5
2530,Petal,4,ZONE_FACULTY_ARCHIVES,Grand Universal Library & Pre-Deluge Archives,0.8,0.75,-90927.66,-4276.53,1886.84,91028.18,182.69,58244.3,-0.0576,-0.9981,0.0229,35000.0,5
2531,Petal,4,ZONE_FACULTY_ARCHIVES,Grand Universal Library & Pre-Deluge Archives,0.8,0.875,-90927.66,-4989.29,1433.09,91064.45,183.14,58244.3,-0.0564,-0.9981,0.0228,35000.0,5
2532,Petal,4,ZONE_CLEARANCE_WATERWAY,Grand Universal Library & Pre-Deluge Archives,0.8,1.0,-90927.66,-5702.04,931.72,91106.28,183.59,58244.3,-0.0561,-0.9982,0.0232,35000.0,5
2533,Petal,4,ZONE_CLEARANCE_WATERWAY,Grand Universal Library & Pre-Deluge Archives,0.8333,-1.0,-94091.32,4565.27,992.95,94202.01,177.22,62941.5,-0.0453,-0.9987,0.023,35000.0,5
2534,Petal,4,ZONE_FACULTY_ARCHIVES,Grand Universal Library & Pre-Deluge Archives,0.8333,-0.875,-94091.32,3994.61,1334.24,94176.07,177.57,62941.5,-0.0464,-0.9987,0.0229,35000.0,5
2535,Petal,4,ZONE_FACULTY_ARCHIVES,Grand Universal Library & Pre-Deluge Archives,0.8333,-0.75,-94091.32,3423.95,1643.64,94153.6,177.92,62941.5,-0.0473,-0.9986,0.0229,35000.0,5
2536,Petal,4,ZONE_FACULTY_ARCHIVES,Grand Universal Library & Pre-Deluge Archives,0.8333,-0.625,-94091.32,2853.3,1921.17,94134.57,178.26,62941.5,-0.0481,-0.9986,0.0229,35000.0,5
2537,Petal,4,ZONE_FACULTY_ARCHIVES,Grand Universal Library & Pre-Deluge Archives,0.8333,-0.5,-94091.32,2282.64,2166.81,94119.0,178.61,62941.5,-0.0488,-0.9985,0.0229,35000.0,5
2538,Petal,4,ZONE_FACULTY_ARCHIVES,Grand Universal Library & Pre-Deluge Archives,0.8333,-0.375,-94091.32,1711.98,2380.56,94106.89,178.96,62941.5,-0.0493,-0.9985,0.0228,35000.0,5
2539,Petal,4,ZONE_FACULTY_ARCHIVES,Grand Universal Library & Pre-Deluge Archives,0.8333,-0.25,-94091.32,1141.32,2562.44,94098.24,179.31,62941.5,-0.0498,-0.9985,0.0228,35000.0,5
2540,Petal,4,ZONE_FACULTY_ARCHIVES,Grand Universal Library & Pre-Deluge Archives,0.8333,-0.125,-94091.32,570.66,2712.43,94093.05,179.65,62941.5,-0.0502,-0.9985,0.0228,35000.0,5
2541,Petal,4,ZONE_FACULTY_ARCHIVES,Grand Universal Library & Pre-Deluge Archives,0.8333,0.0,-94091.32,0.0,2830.55,94091.32,180.0,62941.5,-0.0501,-0.9985,0.0225,35000.0,5
2542,Petal,4,ZONE_FACULTY_ARCHIVES,Grand Universal Library & Pre-Deluge Archives,0.8333,0.125,-94091.32,-570.66,2712.43,94093.05,180.35,62941.5,-0.0497,-0.9985,0.0225,35000.0,5
2543,Petal,4,ZONE_FACULTY_ARCHIVES,Grand Universal Library & Pre-Deluge Archives,0.8333,0.25,-94091.32,-1141.32,2562.44,94098.24,180.69,62941.5,-0.0492,-0.9985,0.0225,35000.0,5
2544,Petal,4,ZONE_FACULTY_ARCHIVES,Grand Universal Library & Pre-Deluge Archives,0.8333,0.375,-94091.32,-1711.98,2380.56,94106.89,181.04,62941.5,-0.0486,-0.9986,0.0225,35000.0,5
2545,Petal,4,ZONE_FACULTY_ARCHIVES,Grand Universal Library & Pre-Deluge Archives,0.8333,0.5,-94091.32,-2282.64,2166.81,94119.0,181.39,62941.5,-0.0479,-0.9986,0.0224,35000.0,5
2546,Petal,4,ZONE_FACULTY_ARCHIVES,Grand Universal Library & Pre-Deluge Archives,0.8333,0.625,-94091.32,-2853.3,1921.17,94134.57,181.74,62941.5,-0.0471,-0.9986,0.0224,35000.0,5
2547,Petal,4,ZONE_FACULTY_ARCHIVES,Grand Universal Library & Pre-Deluge Archives,0.8333,0.75,-94091.32,-3423.95,1643.64,94153.6,182.08,62941.5,-0.0462,-0.9987,0.0224,35000.0,5
2548,Petal,4,ZONE_FACULTY_ARCHIVES,Grand Universal Library & Pre-Deluge Archives,0.8333,0.875,-94091.32,-3994.61,1334.24,94176.07,182.43,62941.5,-0.0452,-0.9987,0.0224,35000.0,5
2549,Petal,4,ZONE_CLEARANCE_WATERWAY,Grand Universal Library & Pre-Deluge Archives,0.8333,1.0,-94091.32,-4565.27,992.95,94202.01,182.78,62941.5,-0.0447,-0.9987,0.0226,35000.0,5
2550,Petal,4,ZONE_CLEARANCE_WATERWAY,Grand Universal Library & Pre-Deluge Archives,0.8667,-1.0,-97254.97,3476.07,903.97,97317.07,177.95,67543.58,-0.0343,-0.9991,0.0235,35000.0,5
2551,Petal,4,ZONE_HARBOR_BERTH,Grand Universal Library & Pre-Deluge Archives,0.8667,-0.875,-97254.97,3041.56,1107.01,97302.52,178.21,67543.58,-0.0352,-0.9991,0.0234,35000.0,5
2552,Petal,4,ZONE_HARBOR_BERTH,Grand Universal Library & Pre-Deluge Archives,0.8667,-0.75,-97254.97,2607.05,1291.5,97289.91,178.46,67543.58,-0.0359,-0.9991,0.0234,35000.0,5
2553,Petal,4,ZONE_HARBOR_BERTH,Grand Universal Library & Pre-Deluge Archives,0.8667,-0.625,-97254.97,2172.54,1457.44,97279.23,178.72,67543.58,-0.0366,-0.9991,0.0234,35000.0,5
2554,Petal,4,ZONE_HARBOR_BERTH,Grand Universal Library & Pre-Deluge Archives,0.8667,-0.5,-97254.97,1738.03,1604.83,97270.5,178.98,67543.58,-0.0372,-0.999,0.0234,35000.0,5
2555,Petal,4,ZONE_HARBOR_BERTH,Grand Universal Library & Pre-Deluge Archives,0.8667,-0.375,-97254.97,1303.52,1733.66,97263.71,179.23,67543.58,-0.0377,-0.999,0.0233,35000.0,5
2556,Petal,4,ZONE_HARBOR_BERTH,Grand Universal Library & Pre-Deluge Archives,0.8667,-0.25,-97254.97,869.02,1843.94,97258.85,179.49,67543.58,-0.0381,-0.999,0.0233,35000.0,5
2557,Petal,4,ZONE_HARBOR_BERTH,Grand Universal Library & Pre-Deluge Archives,0.8667,-0.125,-97254.97,434.51,1935.68,97255.94,179.74,67543.58,-0.0384,-0.999,0.0233,35000.0,5
2558,Petal,4,ZONE_HARBOR_BERTH,Grand Universal Library & Pre-Deluge Archives,0.8667,0.0,-97254.97,0.0,2008.86,97254.97,180.0,67543.58,-0.0384,-0.999,0.0231,35000.0,5
2559,Petal,4,ZONE_HARBOR_BERTH,Grand Universal Library & Pre-Deluge Archives,0.8667,0.125,-97254.97,-434.51,1935.68,97255.94,180.26,67543.58,-0.0381,-0.999,0.0231,35000.0,5
2560,Petal,4,ZONE_HARBOR_BERTH,Grand Universal Library & Pre-Deluge Archives,0.8667,0.25,-97254.97,-869.02,1843.94,97258.85,180.51,67543.58,-0.0377,-0.999,0.0231,35000.0,5
2561,Petal,4,ZONE_HARBOR_BERTH,Grand Universal Library & Pre-Deluge Archives,0.8667,0.375,-97254.97,-1303.52,1733.66,97263.71,180.77,67543.58,-0.0372,-0.999,0.023,35000.0,5
2562,Petal,4,ZONE_HARBOR_BERTH,Grand Universal Library & Pre-Deluge Archives,0.8667,0.5,-97254.97,-1738.03,1604.83,97270.5,181.02,67543.58,-0.0366,-0.9991,0.023,35000.0,5
2563,Petal,4,ZONE_HARBOR_BERTH,Grand Universal Library & Pre-Deluge Archives,0.8667,0.625,-97254.97,-2172.54,1457.44,97279.23,181.28,67543.58,-0.036,-0.9991,0.023,35000.0,5
2564,Petal,4,ZONE_HARBOR_BERTH,Grand Universal Library & Pre-Deluge Archives,0.8667,0.75,-97254.97,-2607.05,1291.5,97289.91,181.54,67543.58,-0.0353,-0.9991,0.023,35000.0,5
2565,Petal,4,ZONE_HARBOR_BERTH,Grand Universal Library & Pre-Deluge Archives,0.8667,0.875,-97254.97,-3041.56,1107.01,97302.52,181.79,67543.58,-0.0345,-0.9991,0.023,35000.0,5
2566,Petal,4,ZONE_CLEARANCE_WATERWAY,Grand Universal Library & Pre-Deluge Archives,0.8667,1.0,-97254.97,-3476.07,903.97,97317.07,182.05,67543.58,-0.0339,-0.9992,0.0232,35000.0,5
2567,Petal,4,ZONE_CLEARANCE_WATERWAY,Grand Universal Library & Pre-Deluge Archives,0.9,-1.0,-100418.62,2446.62,686.49,100448.42,178.6,72026.13,-0.0241,-0.9994,0.0255,35000.0,5
2568,Petal,4,ZONE_HARBOR_BERTH,Grand Universal Library & Pre-Deluge Archives,0.9,-0.875,-100418.62,2140.79,785.44,100441.44,178.78,72026.13,-0.0247,-0.9994,0.0255,35000.0,5
2569,Petal,4,ZONE_HARBOR_BERTH,Grand Universal Library & Pre-Deluge Archives,0.9,-0.75,-100418.62,1834.97,875.63,100435.39,178.95,72026.13,-0.0253,-0.9994,0.0255,35000.0,5
2570,Petal,4,ZONE_HARBOR_BERTH,Grand Universal Library & Pre-Deluge Archives,0.9,-0.625,-100418.62,1529.14,957.06,100430.26,179.13,72026.13,-0.0258,-0.9993,0.0254,35000.0,5
2571,Petal,4,ZONE_HARBOR_BERTH,Grand Universal Library & Pre-Deluge Archives,0.9,-0.5,-100418.62,1223.31,1029.72,100426.07,179.3,72026.13,-0.0262,-0.9993,0.0254,35000.0,5
2572,Petal,4,ZONE_HARBOR_BERTH,Grand Universal Library & Pre-Deluge Archives,0.9,-0.375,-100418.62,917.48,1093.62,100422.81,179.48,72026.13,-0.0266,-0.9993,0.0254,35000.0,5
2573,Petal,4,ZONE_HARBOR_BERTH,Grand Universal Library & Pre-Deluge Archives,0.9,-0.25,-100418.62,611.66,1148.76,100420.49,179.65,72026.13,-0.0269,-0.9993,0.0254,35000.0,5
2574,Petal,4,ZONE_HARBOR_BERTH,Grand Universal Library & Pre-Deluge Archives,0.9,-0.125,-100418.62,305.83,1195.14,100419.09,179.83,72026.13,-0.0272,-0.9993,0.0254,35000.0,5
2575,Petal,4,ZONE_HARBOR_BERTH,Grand Universal Library & Pre-Deluge Archives,0.9,0.0,-100418.62,0.0,1232.75,100418.62,180.0,72026.13,-0.0272,-0.9993,0.0252,35000.0,5
2576,Petal,4,ZONE_HARBOR_BERTH,Grand Universal Library & Pre-Deluge Archives,0.9,0.125,-100418.62,-305.83,1195.14,100419.09,180.17,72026.13,-0.027,-0.9993,0.0252,35000.0,5
2577,Petal,4,ZONE_HARBOR_BERTH,Grand Universal Library & Pre-Deluge Archives,0.9,0.25,-100418.62,-611.66,1148.76,100420.49,180.35,72026.13,-0.0267,-0.9993,0.0252,35000.0,5
2578,Petal,4,ZONE_HARBOR_BERTH,Grand Universal Library & Pre-Deluge Archives,0.9,0.375,-100418.62,-917.48,1093.62,100422.81,180.52,72026.13,-0.0263,-0.9993,0.0252,35000.0,5
2579,Petal,4,ZONE_HARBOR_BERTH,Grand Universal Library & Pre-Deluge Archives,0.9,0.5,-100418.62,-1223.31,1029.72,100426.07,180.7,72026.13,-0.0259,-0.9993,0.0251,35000.0,5
2580,Petal,4,ZONE_HARBOR_BERTH,Grand Universal Library & Pre-Deluge Archives,0.9,0.625,-100418.62,-1529.14,957.06,100430.26,180.87,72026.13,-0.0254,-0.9994,0.0251,35000.0,5
2581,Petal,4,ZONE_HARBOR_BERTH,Grand Universal Library & Pre-Deluge Archives,0.9,0.75,-100418.62,-1834.97,875.63,100435.39,181.05,72026.13,-0.0249,-0.9994,0.0251,35000.0,5
2582,Petal,4,ZONE_HARBOR_BERTH,Grand Universal Library & Pre-Deluge Archives,0.9,0.875,-100418.62,-2140.79,785.44,100441.44,181.22,72026.13,-0.0243,-0.9994,0.0251,35000.0,5
2583,Petal,4,ZONE_CLEARANCE_WATERWAY,Grand Universal Library & Pre-Deluge Archives,0.9,1.0,-100418.62,-2446.62,686.49,100448.42,181.4,72026.13,-0.0239,-0.9994,0.0253,35000.0,5
2584,Petal,4,ZONE_CLEARANCE_WATERWAY,Grand Universal Library & Pre-Deluge Archives,0.9333,-1.0,-103582.28,1493.42,396.26,103593.04,179.17,76356.19,-0.0147,-0.9994,0.0308,35000.0,5
2585,Petal,4,ZONE_HARBOR_BERTH,Grand Universal Library & Pre-Deluge Archives,0.9333,-0.875,-103582.28,1306.74,430.28,103590.52,179.28,76356.19,-0.0151,-0.9994,0.0307,35000.0,5
2586,Petal,4,ZONE_HARBOR_BERTH,Grand Universal Library & Pre-Deluge Archives,0.9333,-0.75,-103582.28,1120.07,461.44,103588.33,179.38,76356.19,-0.0154,-0.9994,0.0307,35000.0,5
2587,Petal,4,ZONE_HARBOR_BERTH,Grand Universal Library & Pre-Deluge Archives,0.9333,-0.625,-103582.28,933.39,489.73,103586.48,179.48,76356.19,-0.0158,-0.9994,0.0307,35000.0,5
2588,Petal,4,ZONE_HARBOR_BERTH,Grand Universal Library & Pre-Deluge Archives,0.9333,-0.5,-103582.28,746.71,515.14,103584.97,179.59,76356.19,-0.016,-0.9994,0.0307,35000.0,5
2589,Petal,4,ZONE_HARBOR_BERTH,Grand Universal Library & Pre-Deluge Archives,0.9333,-0.375,-103582.28,560.03,537.69,103583.79,179.69,76356.19,-0.0163,-0.9994,0.0307,35000.0,5
2590,Petal,4,ZONE_HARBOR_BERTH,Grand Universal Library & Pre-Deluge Archives,0.9333,-0.25,-103582.28,373.36,557.37,103582.95,179.79,76356.19,-0.0165,-0.9994,0.0307,35000.0,5
2591,Petal,4,ZONE_HARBOR_BERTH,Grand Universal Library & Pre-Deluge Archives,0.9333,-0.125,-103582.28,186.68,574.18,103582.44,179.9,76356.19,-0.0167,-0.9994,0.0307,35000.0,5
2592,Petal,4,ZONE_HARBOR_BERTH,Grand Universal Library & Pre-Deluge Archives,0.9333,0.0,-103582.28,0.0,588.11,103582.28,180.0,76356.19,-0.0167,-0.9994,0.0305,35000.0,5
2593,Petal,4,ZONE_HARBOR_BERTH,Grand Universal Library & Pre-Deluge Archives,0.9333,0.125,-103582.28,-186.68,574.18,103582.44,180.1,76356.19,-0.0166,-0.9994,0.0305,35000.0,5
2594,Petal,4,ZONE_HARBOR_BERTH,Grand Universal Library & Pre-Deluge Archives,0.9333,0.25,-103582.28,-373.36,557.37,103582.95,180.21,76356.19,-0.0164,-0.9994,0.0305,35000.0,5
2595,Petal,4,ZONE_HARBOR_BERTH,Grand Universal Library & Pre-Deluge Archives,0.9333,0.375,-103582.28,-560.03,537.69,103583.79,180.31,76356.19,-0.0162,-0.9994,0.0305,35000.0,5
2596,Petal,4,ZONE_HARBOR_BERTH,Grand Universal Library & Pre-Deluge Archives,0.9333,0.5,-103582.28,-746.71,515.14,103584.97,180.41,76356.19,-0.0159,-0.9994,0.0305,35000.0,5
2597,Petal,4,ZONE_HARBOR_BERTH,Grand Universal Library & Pre-Deluge Archives,0.9333,0.625,-103582.28,-933.39,489.73,103586.48,180.52,76356.19,-0.0156,-0.9994,0.0304,35000.0,5
2598,Petal,4,ZONE_HARBOR_BERTH,Grand Universal Library & Pre-Deluge Archives,0.9333,0.75,-103582.28,-1120.07,461.44,103588.33,180.62,76356.19,-0.0153,-0.9994,0.0304,35000.0,5
2599,Petal,4,ZONE_HARBOR_BERTH,Grand Universal Library & Pre-Deluge Archives,0.9333,0.875,-103582.28,-1306.74,430.28,103590.52,180.72,76356.19,-0.0149,-0.9994,0.0304,35000.0,5
2600,Petal,4,ZONE_CLEARANCE_WATERWAY,Grand Universal Library & Pre-Deluge Archives,0.9333,1.0,-103582.28,-1493.42,396.26,103593.04,180.83,76356.19,-0.0146,-0.9994,0.0306,35000.0,5
2601,Petal,4,ZONE_CLEARANCE_WATERWAY,Grand Universal Library & Pre-Deluge Archives,0.9667,-1.0,-106745.93,644.79,124.82,106747.88,179.65,80477.11,-0.0064,-0.9989,0.047,35000.0,5
2602,Petal,4,ZONE_HARBOR_BERTH,Grand Universal Library & Pre-Deluge Archives,0.9667,-0.875,-106745.93,564.19,129.94,106747.42,179.7,80477.11,-0.0066,-0.9989,0.047,35000.0,5
2603,Petal,4,ZONE_HARBOR_BERTH,Grand Universal Library & Pre-Deluge Archives,0.9667,-0.75,-106745.93,483.59,134.66,106747.02,179.74,80477.11,-0.0067,-0.9989,0.047,35000.0,5
2604,Petal,4,ZONE_HARBOR_BERTH,Grand Universal Library & Pre-Deluge Archives,0.9667,-0.625,-106745.93,402.99,138.99,106746.69,179.78,80477.11,-0.0068,-0.9989,0.047,35000.0,5
2605,Petal,4,ZONE_HARBOR_BERTH,Grand Universal Library & Pre-Deluge Archives,0.9667,-0.5,-106745.93,322.39,142.93,106746.42,179.83,80477.11,-0.007,-0.9989,0.047,35000.0,5
2606,Petal,4,ZONE_HARBOR_BERTH,Grand Universal Library & Pre-Deluge Archives,0.9667,-0.375,-106745.93,241.8,146.47,106746.2,179.87,80477.11,-0.0071,-0.9989,0.047,35000.0,5
2607,Petal,4,ZONE_HARBOR_BERTH,Grand Universal Library & Pre-Deluge Archives,0.9667,-0.25,-106745.93,161.2,149.62,106746.05,179.91,80477.11,-0.0072,-0.9989,0.047,35000.0,5
2608,Petal,4,ZONE_HARBOR_BERTH,Grand Universal Library & Pre-Deluge Archives,0.9667,-0.125,-106745.93,80.6,152.38,106745.96,179.96,80477.11,-0.0072,-0.9989,0.047,35000.0,5
2609,Petal,4,ZONE_HARBOR_BERTH,Grand Universal Library & Pre-Deluge Archives,0.9667,0.0,-106745.93,0.0,154.75,106745.93,180.0,80477.11,-0.0073,-0.9989,0.0468,35000.0,5
2610,Petal,4,ZONE_HARBOR_BERTH,Grand Universal Library & Pre-Deluge Archives,0.9667,0.125,-106745.93,-80.6,152.38,106745.96,180.04,80477.11,-0.0072,-0.9989,0.0468,35000.0,5
2611,Petal,4,ZONE_HARBOR_BERTH,Grand Universal Library & Pre-Deluge Archives,0.9667,0.25,-106745.93,-161.2,149.62,106746.05,180.09,80477.11,-0.0071,-0.9989,0.0468,35000.0,5
2612,Petal,4,ZONE_HARBOR_BERTH,Grand Universal Library & Pre-Deluge Archives,0.9667,0.375,-106745.93,-241.8,146.47,106746.2,180.13,80477.11,-0.007,-0.9989,0.0468,35000.0,5
2613,Petal,4,ZONE_HARBOR_BERTH,Grand Universal Library & Pre-Deluge Archives,0.9667,0.5,-106745.93,-322.39,142.93,106746.42,180.17,80477.11,-0.0069,-0.9989,0.0468,35000.0,5
2614,Petal,4,ZONE_HARBOR_BERTH,Grand Universal Library & Pre-Deluge Archives,0.9667,0.625,-106745.93,-402.99,138.99,106746.69,180.22,80477.11,-0.0068,-0.9989,0.0468,35000.0,5
2615,Petal,4,ZONE_HARBOR_BERTH,Grand Universal Library & Pre-Deluge Archives,0.9667,0.75,-106745.93,-483.59,134.66,106747.02,180.26,80477.11,-0.0067,-0.9989,0.0468,35000.0,5
2616,Petal,4,ZONE_HARBOR_BERTH,Grand Universal Library & Pre-Deluge Archives,0.9667,0.875,-106745.93,-564.19,129.94,106747.42,180.3,80477.11,-0.0065,-0.9989,0.0468,35000.0,5
2617,Petal,4,ZONE_CLEARANCE_WATERWAY,Grand Universal Library & Pre-Deluge Archives,0.9667,1.0,-106745.93,-644.79,124.82,106747.88,180.35,80477.11,-0.0064,-0.9989,0.0469,35000.0,5
2618,Petal,4,ZONE_CLEARANCE_WATERWAY,Grand Universal Library & Pre-Deluge Archives,1.0,-1.0,-109909.58,0.0,0.0,109909.58,180.0,84190.36,0.0,0.0,1.0,35000.0,5
2619,Petal,4,ZONE_HARBOR_BERTH,Grand Universal Library & Pre-Deluge Archives,1.0,-0.875,-109909.58,0.0,0.0,109909.58,180.0,84190.36,0.0,0.0,1.0,35000.0,5
2620,Petal,4,ZONE_HARBOR_BERTH,Grand Universal Library & Pre-Deluge Archives,1.0,-0.75,-109909.58,0.0,0.0,109909.58,180.0,84190.36,0.0,0.0,1.0,35000.0,5
2621,Petal,4,ZONE_HARBOR_BERTH,Grand Universal Library & Pre-Deluge Archives,1.0,-0.625,-109909.58,0.0,0.0,109909.58,180.0,84190.36,0.0,0.0,1.0,35000.0,5
2622,Petal,4,ZONE_HARBOR_BERTH,Grand Universal Library & Pre-Deluge Archives,1.0,-0.5,-109909.58,0.0,0.0,109909.58,180.0,84190.36,0.0,0.0,1.0,35000.0,5
2623,Petal,4,ZONE_HARBOR_BERTH,Grand Universal Library & Pre-Deluge Archives,1.0,-0.375,-109909.58,0.0,0.0,109909.58,180.0,84190.36,0.0,0.0,1.0,35000.0,5
2624,Petal,4,ZONE_HARBOR_BERTH,Grand Universal Library & Pre-Deluge Archives,1.0,-0.25,-109909.58,0.0,0.0,109909.58,180.0,84190.36,0.0,0.0,1.0,35000.0,5
2625,Petal,4,ZONE_HARBOR_BERTH,Grand Universal Library & Pre-Deluge Archives,1.0,-0.125,-109909.58,0.0,0.0,109909.58,180.0,84190.36,0.0,0.0,1.0,35000.0,5
2626,Petal,4,ZONE_HARBOR_BERTH,Grand Universal Library & Pre-Deluge Archives,1.0,0.0,-109909.58,0.0,0.0,109909.58,180.0,84190.36,0.0,0.0,1.0,35000.0,5
2627,Petal,4,ZONE_HARBOR_BERTH,Grand Universal Library & Pre-Deluge Archives,1.0,0.125,-109909.58,0.0,0.0,109909.58,180.0,84190.36,0.0,0.0,1.0,35000.0,5
2628,Petal,4,ZONE_HARBOR_BERTH,Grand Universal Library & Pre-Deluge Archives,1.0,0.25,-109909.58,0.0,0.0,109909.58,180.0,84190.36,0.0,0.0,1.0,35000.0,5
2629,Petal,4,ZONE_HARBOR_BERTH,Grand Universal Library & Pre-Deluge Archives,1.0,0.375,-109909.58,0.0,0.0,109909.58,180.0,84190.36,0.0,0.0,1.0,35000.0,5
2630,Petal,4,ZONE_HARBOR_BERTH,Grand Universal Library & Pre-Deluge Archives,1.0,0.5,-109909.58,0.0,0.0,109909.58,180.0,84190.36,0.0,0.0,1.0,35000.0,5
2631,Petal,4,ZONE_HARBOR_BERTH,Grand Universal Library & Pre-Deluge Archives,1.0,0.625,-109909.58,0.0,0.0,109909.58,180.0,84190.36,0.0,0.0,1.0,35000.0,5
2632,Petal,4,ZONE_HARBOR_BERTH,Grand Universal Library & Pre-Deluge Archives,1.0,0.75,-109909.58,0.0,0.0,109909.58,180.0,84190.36,0.0,0.0,1.0,35000.0,5
2633,Petal,4,ZONE_HARBOR_BERTH,Grand Universal Library & Pre-Deluge Archives,1.0,0.875,-109909.58,0.0,0.0,109909.58,180.0,84190.36,0.0,0.0,1.0,35000.0,5
2634,Petal,4,ZONE_CLEARANCE_WATERWAY,Grand Universal Library & Pre-Deluge Archives,1.0,1.0,-109909.58,0.0,0.0,109909.58,180.0,84190.36,-0.0,0.0,1.0,35000.0,5
2635,Petal,5,ZONE_CLEARANCE_WATERWAY,Faculty of Deep-Sea Mining & Trench Exploration,0.0,-1.0,-10606.6,-10606.6,0.0,15000.0,225.0,11480.5,-0.0813,-0.0813,0.9934,35000.0,6
2636,Petal,5,ZONE_FACULTY_ABYSSAL,Faculty of Deep-Sea Mining & Trench Exploration,0.0,-0.875,-10606.6,-10606.6,0.0,15000.0,225.0,11480.5,-0.041,-0.041,0.9983,35000.0,6
2637,Petal,5,ZONE_FACULTY_ABYSSAL,Faculty of Deep-Sea Mining & Trench Exploration,0.0,-0.75,-10606.6,-10606.6,0.0,15000.0,225.0,11480.5,-0.0029,-0.0029,1.0,35000.0,6
2638,Petal,5,ZONE_FACULTY_ABYSSAL,Faculty of Deep-Sea Mining & Trench Exploration,0.0,-0.625,-10606.6,-10606.6,0.0,15000.0,225.0,11480.5,0.0328,0.0328,0.9989,35000.0,6
2639,Petal,5,ZONE_FACULTY_ABYSSAL,Faculty of Deep-Sea Mining & Trench Exploration,0.0,-0.5,-10606.6,-10606.6,0.0,15000.0,225.0,11480.5,0.0656,0.0656,0.9957,35000.0,6
2640,Petal,5,ZONE_FACULTY_ABYSSAL,Faculty of Deep-Sea Mining & Trench Exploration,0.0,-0.375,-10606.6,-10606.6,0.0,15000.0,225.0,11480.5,0.0955,0.0955,0.9908,35000.0,6
2641,Petal,5,ZONE_FACULTY_ABYSSAL,Faculty of Deep-Sea Mining & Trench Exploration,0.0,-0.25,-10606.6,-10606.6,0.0,15000.0,225.0,11480.5,0.1225,0.1225,0.9849,35000.0,6
2642,Petal,5,ZONE_FACULTY_ABYSSAL,Faculty of Deep-Sea Mining & Trench Exploration,0.0,-0.125,-10606.6,-10606.6,0.0,15000.0,225.0,11480.5,0.1466,0.1466,0.9783,35000.0,6
2643,Petal,5,ZONE_FACULTY_ABYSSAL,Faculty of Deep-Sea Mining & Trench Exploration,0.0,0.0,-10606.6,-10606.6,0.0,15000.0,225.0,11480.5,0.1678,0.1678,0.9714,35000.0,6
2644,Petal,5,ZONE_FACULTY_ABYSSAL,Faculty of Deep-Sea Mining & Trench Exploration,0.0,0.125,-10606.6,-10606.6,0.0,15000.0,225.0,11480.5,0.1466,0.1466,0.9783,35000.0,6
2645,Petal,5,ZONE_FACULTY_ABYSSAL,Faculty of Deep-Sea Mining & Trench Exploration,0.0,0.25,-10606.6,-10606.6,0.0,15000.0,225.0,11480.5,0.1225,0.1225,0.9849,35000.0,6
2646,Petal,5,ZONE_FACULTY_ABYSSAL,Faculty of Deep-Sea Mining & Trench Exploration,0.0,0.375,-10606.6,-10606.6,0.0,15000.0,225.0,11480.5,0.0955,0.0955,0.9908,35000.0,6
2647,Petal,5,ZONE_FACULTY_ABYSSAL,Faculty of Deep-Sea Mining & Trench Exploration,0.0,0.5,-10606.6,-10606.6,0.0,15000.0,225.0,11480.5,0.0656,0.0656,0.9957,35000.0,6
2648,Petal,5,ZONE_FACULTY_ABYSSAL,Faculty of Deep-Sea Mining & Trench Exploration,0.0,0.625,-10606.6,-10606.6,0.0,15000.0,225.0,11480.5,0.0328,0.0328,0.9989,35000.0,6
2649,Petal,5,ZONE_FACULTY_ABYSSAL,Faculty of Deep-Sea Mining & Trench Exploration,0.0,0.75,-10606.6,-10606.6,0.0,15000.0,225.0,11480.5,-0.0029,-0.0029,1.0,35000.0,6
2650,Petal,5,ZONE_FACULTY_ABYSSAL,Faculty of Deep-Sea Mining & Trench Exploration,0.0,0.875,-10606.6,-10606.6,0.0,15000.0,225.0,11480.5,-0.041,-0.041,0.9983,35000.0,6
2651,Petal,5,ZONE_CLEARANCE_WATERWAY,Faculty of Deep-Sea Mining & Trench Exploration,0.0,1.0,-10606.6,-10606.6,0.0,15000.0,225.0,11480.5,-0.0813,-0.0813,0.9934,35000.0,6
2652,Petal,5,ZONE_CLEARANCE_WATERWAY,Faculty of Deep-Sea Mining & Trench Exploration,0.0333,-1.0,-16168.52,-9518.77,-227.72,18762.41,210.49,4500.0,0.5954,-0.7238,0.3487,35000.0,6
2653,Petal,5,ZONE_FACULTY_ABYSSAL,Faculty of Deep-Sea Mining & Trench Exploration,0.0333,-0.875,-15752.91,-9934.38,-78.61,18623.8,212.24,4500.0,0.6067,-0.7152,0.3469,35000.0,6
2654,Petal,5,ZONE_FACULTY_ABYSSAL,Faculty of Deep-Sea Mining & Trench Exploration,0.0333,-0.75,-15337.3,-10349.99,59.06,18502.84,214.01,4500.0,0.6169,-0.7074,0.345,35000.0,6
2655,Petal,5,ZONE_FACULTY_ABYSSAL,Faculty of Deep-Sea Mining & Trench Exploration,0.0333,-0.625,-14921.69,-10765.6,185.31,18399.86,215.81,4500.0,0.626,-0.7003,0.3431,35000.0,6
2656,Petal,5,ZONE_FACULTY_ABYSSAL,Faculty of Deep-Sea Mining & Trench Exploration,0.0333,-0.5,-14506.08,-11181.2,300.12,18315.18,217.62,4500.0,0.6339,-0.6941,0.3411,35000.0,6
2657,Petal,5,ZONE_FACULTY_ABYSSAL,Faculty of Deep-Sea Mining & Trench Exploration,0.0333,-0.375,-14090.47,-11596.81,403.5,18249.04,219.46,4500.0,0.6408,-0.6887,0.3391,35000.0,6
2658,Petal,5,ZONE_FACULTY_ABYSSAL,Faculty of Deep-Sea Mining & Trench Exploration,0.0333,-0.25,-13674.86,-12012.42,495.44,18201.65,221.3,4500.0,0.6467,-0.6842,0.3371,35000.0,6
2659,Petal,5,ZONE_FACULTY_ABYSSAL,Faculty of Deep-Sea Mining & Trench Exploration,0.0333,-0.125,-13259.25,-12428.03,575.95,18173.16,223.15,4500.0,0.6517,-0.6805,0.3351,35000.0,6
2660,Petal,5,ZONE_FACULTY_ABYSSAL,Faculty of Deep-Sea Mining & Trench Exploration,0.0333,0.0,-12843.64,-12843.64,645.03,18163.65,225.0,4500.0,0.6615,-0.6821,0.3119,35000.0,6
2661,Petal,5,ZONE_FACULTY_ABYSSAL,Faculty of Deep-Sea Mining & Trench Exploration,0.0333,0.125,-12428.03,-13259.25,575.95,18173.16,226.85,4500.0,0.6588,-0.6855,0.3101,35000.0,6
2662,Petal,5,ZONE_FACULTY_ABYSSAL,Faculty of Deep-Sea Mining & Trench Exploration,0.0333,0.25,-12012.42,-13674.86,495.44,18201.65,228.7,4500.0,0.6553,-0.6896,0.3083,35000.0,6
2663,Petal,5,ZONE_FACULTY_ABYSSAL,Faculty of Deep-Sea Mining & Trench Exploration,0.0333,0.375,-11596.81,-14090.47,403.5,18249.04,230.54,4500.0,0.6511,-0.6944,0.3065,35000.0,6
2664,Petal,5,ZONE_FACULTY_ABYSSAL,Faculty of Deep-Sea Mining & Trench Exploration,0.0333,0.5,-11181.2,-14506.08,300.12,18315.18,232.38,4500.0,0.6461,-0.6998,0.3046,35000.0,6
2665,Petal,5,ZONE_FACULTY_ABYSSAL,Faculty of Deep-Sea Mining & Trench Exploration,0.0333,0.625,-10765.6,-14921.69,185.31,18399.86,234.19,4500.0,0.6403,-0.7059,0.3028,35000.0,6
2666,Petal,5,ZONE_FACULTY_ABYSSAL,Faculty of Deep-Sea Mining & Trench Exploration,0.0333,0.75,-10349.99,-15337.3,59.06,18502.84,235.99,4500.0,0.6337,-0.7126,0.301,35000.0,6
2667,Petal,5,ZONE_FACULTY_ABYSSAL,Faculty of Deep-Sea Mining & Trench Exploration,0.0333,0.875,-9934.38,-15752.91,-78.61,18623.8,237.76,4500.0,0.6264,-0.7199,0.2991,35000.0,6
2668,Petal,5,ZONE_CLEARANCE_WATERWAY,Faculty of Deep-Sea Mining & Trench Exploration,0.0333,1.0,-9518.77,-16168.52,-227.72,18762.41,239.51,4500.0,0.6079,-0.7261,0.3211,35000.0,6
2669,Petal,5,ZONE_CLEARANCE_WATERWAY,Faculty of Deep-Sea Mining & Trench Exploration,0.0667,-1.0,-19262.45,-10898.91,-451.43,22132.07,209.5,4500.0,0.6213,-0.7503,0.2259,35000.0,6
2670,Petal,5,ZONE_FACULTY_ABYSSAL,Faculty of Deep-Sea Mining & Trench Exploration,0.0667,-0.875,-18739.73,-11421.64,-181.81,21946.1,211.36,4500.0,0.6282,-0.7449,0.2246,35000.0,6
2671,Petal,5,ZONE_FACULTY_ABYSSAL,Faculty of Deep-Sea Mining & Trench Exploration,0.0667,-0.75,-18217.01,-11944.36,65.08,21783.64,213.25,4500.0,0.6344,-0.7401,0.2232,35000.0,6
2672,Petal,5,ZONE_FACULTY_ABYSSAL,Faculty of Deep-Sea Mining & Trench Exploration,0.0667,-0.625,-17694.29,-12467.08,289.22,21645.23,215.17,4500.0,0.6399,-0.7358,0.2218,35000.0,6
2673,Petal,5,ZONE_FACULTY_ABYSSAL,Faculty of Deep-Sea Mining & Trench Exploration,0.0667,-0.5,-17171.57,-12989.8,490.62,21531.32,217.11,4500.0,0.6447,-0.732,0.2205,35000.0,6
2674,Petal,5,ZONE_FACULTY_ABYSSAL,Faculty of Deep-Sea Mining & Trench Exploration,0.0667,-0.375,-16648.85,-13512.52,669.29,21442.3,219.06,4500.0,0.6488,-0.7287,0.2191,35000.0,6
2675,Petal,5,ZONE_FACULTY_ABYSSAL,Faculty of Deep-Sea Mining & Trench Exploration,0.0667,-0.25,-16126.12,-14035.24,825.21,21378.49,221.03,4500.0,0.6523,-0.726,0.2177,35000.0,6
2676,Petal,5,ZONE_FACULTY_ABYSSAL,Faculty of Deep-Sea Mining & Trench Exploration,0.0667,-0.125,-15603.4,-14557.96,958.39,21340.11,223.01,4500.0,0.6552,-0.7238,0.2163,35000.0,6
2677,Petal,5,ZONE_FACULTY_ABYSSAL,Faculty of Deep-Sea Mining & Trench Exploration,0.0667,0.0,-15080.68,-15080.68,1068.84,21327.31,225.0,4500.0,0.661,-0.7223,0.2035,35000.0,6
2678,Petal,5,ZONE_FACULTY_ABYSSAL,Faculty of Deep-Sea Mining & Trench Exploration,0.0667,0.125,-14557.96,-15603.4,958.39,21340.11,226.99,4500.0,0.6597,-0.7238,0.2022,35000.0,6
2679,Petal,5,ZONE_FACULTY_ABYSSAL,Faculty of Deep-Sea Mining & Trench Exploration,0.0667,0.25,-14035.24,-16126.12,825.21,21378.49,228.97,4500.0,0.6578,-0.7259,0.201,35000.0,6
2680,Petal,5,ZONE_FACULTY_ABYSSAL,Faculty of Deep-Sea Mining & Trench Exploration,0.0667,0.375,-13512.52,-16648.85,669.29,21442.3,230.94,4500.0,0.6555,-0.7283,0.1997,35000.0,6
2681,Petal,5,ZONE_FACULTY_ABYSSAL,Faculty of Deep-Sea Mining & Trench Exploration,0.0667,0.5,-12989.8,-17171.57,490.62,21531.32,232.89,4500.0,0.6526,-0.7312,0.1985,35000.0,6
2682,Petal,5,ZONE_FACULTY_ABYSSAL,Faculty of Deep-Sea Mining & Trench Exploration,0.0667,0.625,-12467.08,-17694.29,289.22,21645.23,234.83,4500.0,0.6493,-0.7345,0.1973,35000.0,6
2683,Petal,5,ZONE_FACULTY_ABYSSAL,Faculty of Deep-Sea Mining & Trench Exploration,0.0667,0.75,-11944.36,-18217.01,65.08,21783.64,236.75,4500.0,0.6454,-0.7382,0.196,35000.0,6
2684,Petal,5,ZONE_FACULTY_ABYSSAL,Faculty of Deep-Sea Mining & Trench Exploration,0.0667,0.875,-11421.64,-18739.73,-181.81,21946.1,238.64,4500.0,0.6411,-0.7423,0.1948,35000.0,6
2685,Petal,5,ZONE_CLEARANCE_WATERWAY,Faculty of Deep-Sea Mining & Trench Exploration,0.0667,1.0,-10898.91,-19262.45,-451.43,22132.07,240.5,4500.0,0.6295,-0.7485,0.2086,35000.0,6
2686,Petal,5,ZONE_CLEARANCE_WATERWAY,Faculty of Deep-Sea Mining & Trench Exploration,0.1,-1.0,-22356.38,-12279.06,-667.18,25506.53,208.78,4500.0,0.6214,-0.762,0.1822,35000.0,6
2687,Petal,5,ZONE_FACULTY_ABYSSAL,Faculty of Deep-Sea Mining & Trench Exploration,0.1,-0.875,-21726.55,-12908.89,-285.5,25272.17,210.72,4500.0,0.6268,-0.7578,0.1811,35000.0,6
2688,Petal,5,ZONE_FACULTY_ABYSSAL,Faculty of Deep-Sea Mining & Trench Exploration,0.1,-0.75,-21096.72,-13538.73,62.37,25067.28,212.69,4500.0,0.6316,-0.7541,0.1799,35000.0,6
2689,Petal,5,ZONE_FACULTY_ABYSSAL,Faculty of Deep-Sea Mining & Trench Exploration,0.1,-0.625,-20466.89,-14168.56,376.44,24892.6,214.69,4500.0,0.6359,-0.7508,0.1788,35000.0,6
2690,Petal,5,ZONE_FACULTY_ABYSSAL,Faculty of Deep-Sea Mining & Trench Exploration,0.1,-0.5,-19837.05,-14798.39,656.72,24748.76,216.72,4500.0,0.6397,-0.7478,0.1777,35000.0,6
2691,Petal,5,ZONE_FACULTY_ABYSSAL,Faculty of Deep-Sea Mining & Trench Exploration,0.1,-0.375,-19207.22,-15428.22,903.19,24636.3,218.77,4500.0,0.6429,-0.7453,0.1766,35000.0,6
2692,Petal,5,ZONE_FACULTY_ABYSSAL,Faculty of Deep-Sea Mining & Trench Exploration,0.1,-0.25,-18577.39,-16058.06,1115.87,24555.66,220.84,4500.0,0.6456,-0.7432,0.1755,35000.0,6
2693,Petal,5,ZONE_FACULTY_ABYSSAL,Faculty of Deep-Sea Mining & Trench Exploration,0.1,-0.125,-17947.56,-16687.89,1294.75,24507.15,222.92,4500.0,0.6479,-0.7415,0.1743,35000.0,6
2694,Petal,5,ZONE_FACULTY_ABYSSAL,Faculty of Deep-Sea Mining & Trench Exploration,0.1,0.0,-17317.72,-17317.72,1439.83,24490.96,225.0,4500.0,0.6529,-0.7392,0.1651,35000.0,6
2695,Petal,5,ZONE_FACULTY_ABYSSAL,Faculty of Deep-Sea Mining & Trench Exploration,0.1,0.125,-16687.89,-17947.56,1294.75,24507.15,227.08,4500.0,0.652,-0.7402,0.1641,35000.0,6
2696,Petal,5,ZONE_FACULTY_ABYSSAL,Faculty of Deep-Sea Mining & Trench Exploration,0.1,0.25,-16058.06,-18577.39,1115.87,24555.66,229.16,4500.0,0.6508,-0.7415,0.1631,35000.0,6
2697,Petal,5,ZONE_FACULTY_ABYSSAL,Faculty of Deep-Sea Mining & Trench Exploration,0.1,0.375,-15428.22,-19207.22,903.19,24636.3,231.23,4500.0,0.6492,-0.7432,0.1621,35000.0,6
2698,Petal,5,ZONE_FACULTY_ABYSSAL,Faculty of Deep-Sea Mining & Trench Exploration,0.1,0.5,-14798.39,-19837.05,656.72,24748.76,233.28,4500.0,0.6471,-0.7452,0.1611,35000.0,6
2699,Petal,5,ZONE_FACULTY_ABYSSAL,Faculty of Deep-Sea Mining & Trench Exploration,0.1,0.625,-14168.56,-20466.89,376.44,24892.6,235.31,4500.0,0.6447,-0.7475,0.1601,35000.0,6
2700,Petal,5,ZONE_FACULTY_ABYSSAL,Faculty of Deep-Sea Mining & Trench Exploration,0.1,0.75,-13538.73,-21096.72,62.37,25067.28,237.31,4500.0,0.6419,-0.7501,0.1591,35000.0,6
2701,Petal,5,ZONE_FACULTY_ABYSSAL,Faculty of Deep-Sea Mining & Trench Exploration,0.1,0.875,-12908.89,-21726.55,-285.5,25272.17,239.28,4500.0,0.6387,-0.7531,0.1581,35000.0,6
2702,Petal,5,ZONE_CLEARANCE_WATERWAY,Faculty of Deep-Sea Mining & Trench Exploration,0.1,1.0,-12279.06,-22356.38,-667.18,25506.53,241.22,4500.0,0.6288,-0.759,0.1688,35000.0,6
2703,Petal,5,ZONE_CLEARANCE_WATERWAY,Faculty of Deep-Sea Mining & Trench Exploration,0.1333,-1.0,-25450.32,-13659.21,-871.07,28884.12,208.22,4500.0,0.6161,-0.7713,0.1598,35000.0,6
2704,Petal,5,ZONE_FACULTY_ABYSSAL,Faculty of Deep-Sea Mining & Trench Exploration,0.1333,-0.875,-24713.37,-14396.15,-384.17,28600.7,210.22,4500.0,0.6207,-0.7678,0.1588,35000.0,6
2705,Petal,5,ZONE_FACULTY_ABYSSAL,Faculty of Deep-Sea Mining & Trench Exploration,0.1333,-0.75,-23976.43,-15133.1,58.24,28352.77,212.26,4500.0,0.6249,-0.7646,0.1578,35000.0,6
2706,Petal,5,ZONE_FACULTY_ABYSSAL,Faculty of Deep-Sea Mining & Trench Exploration,0.1333,-0.625,-23239.49,-15870.04,456.16,28141.28,214.33,4500.0,0.6285,-0.7618,0.1568,35000.0,6
2707,Petal,5,ZONE_FACULTY_ABYSSAL,Faculty of Deep-Sea Mining & Trench Exploration,0.1333,-0.5,-22502.54,-16606.98,809.6,27967.06,216.43,4500.0,0.6318,-0.7593,0.1559,35000.0,6
2708,Petal,5,ZONE_FACULTY_ABYSSAL,Faculty of Deep-Sea Mining & Trench Exploration,0.1333,-0.375,-21765.6,-17343.93,1118.55,27830.79,218.55,4500.0,0.6345,-0.7572,0.1549,35000.0,6
2709,Petal,5,ZONE_FACULTY_ABYSSAL,Faculty of Deep-Sea Mining & Trench Exploration,0.1333,-0.25,-21028.65,-18080.87,1383.01,27733.05,220.69,4500.0,0.6369,-0.7554,0.1539,35000.0,6
2710,Petal,5,ZONE_FACULTY_ABYSSAL,Faculty of Deep-Sea Mining & Trench Exploration,0.1333,-0.125,-20291.71,-18817.82,1602.98,27674.24,222.84,4500.0,0.6388,-0.754,0.153,35000.0,6
2711,Petal,5,ZONE_FACULTY_ABYSSAL,Faculty of Deep-Sea Mining & Trench Exploration,0.1333,0.0,-19554.76,-19554.76,1778.47,27654.61,225.0,4500.0,0.6436,-0.7514,0.1456,35000.0,6
2712,Petal,5,ZONE_FACULTY_ABYSSAL,Faculty of Deep-Sea Mining & Trench Exploration,0.1333,0.125,-18817.82,-20291.71,1602.98,27674.24,227.16,4500.0,0.6431,-0.752,0.1447,35000.0,6
2713,Petal,5,ZONE_FACULTY_ABYSSAL,Faculty of Deep-Sea Mining & Trench Exploration,0.1333,0.25,-18080.87,-21028.65,1383.01,27733.05,229.31,4500.0,0.6422,-0.7529,0.1438,35000.0,6
2714,Petal,5,ZONE_FACULTY_ABYSSAL,Faculty of Deep-Sea Mining & Trench Exploration,0.1333,0.375,-17343.93,-21765.6,1118.55,27830.79,231.45,4500.0,0.641,-0.7541,0.1429,35000.0,6
2715,Petal,5,ZONE_FACULTY_ABYSSAL,Faculty of Deep-Sea Mining & Trench Exploration,0.1333,0.5,-16606.98,-22502.54,809.6,27967.06,233.57,4500.0,0.6394,-0.7556,0.142,35000.0,6
2716,Petal,5,ZONE_FACULTY_ABYSSAL,Faculty of Deep-Sea Mining & Trench Exploration,0.1333,0.625,-15870.04,-23239.49,456.16,28141.28,235.67,4500.0,0.6375,-0.7574,0.1411,35000.0,6
2717,Petal,5,ZONE_FACULTY_ABYSSAL,Faculty of Deep-Sea Mining & Trench Exploration,0.1333,0.75,-15133.1,-23976.43,58.24,28352.77,237.74,4500.0,0.6353,-0.7595,0.1403,35000.0,6
2718,Petal,5,ZONE_FACULTY_ABYSSAL,Faculty of Deep-Sea Mining & Trench Exploration,0.1333,0.875,-14396.15,-24713.37,-384.17,28600.7,239.78,4500.0,0.6327,-0.7618,0.1394,35000.0,6
2719,Petal,5,ZONE_CLEARANCE_WATERWAY,Faculty of Deep-Sea Mining & Trench Exploration,0.1333,1.0,-13659.21,-25450.32,-871.07,28884.12,241.78,4500.0,0.6235,-0.7676,0.1484,35000.0,6
2720,Petal,5,ZONE_CLEARANCE_WATERWAY,Faculty of Deep-Sea Mining & Trench Exploration,0.1667,-1.0,-28544.25,-15039.35,-1059.36,32263.86,207.78,4500.0,0.6089,-0.7797,0.1461,35000.0,6
2721,Petal,5,ZONE_FACULTY_ABYSSAL,Faculty of Deep-Sea Mining & Trench Exploration,0.1667,-0.875,-27700.2,-15883.41,-473.95,31930.92,209.83,4500.0,0.613,-0.7766,0.1452,35000.0,6
2722,Petal,5,ZONE_FACULTY_ABYSSAL,Faculty of Deep-Sea Mining & Trench Exploration,0.1667,-0.75,-26856.14,-16727.47,56.77,31639.54,211.92,4500.0,0.6167,-0.7739,0.1443,35000.0,6
2723,Petal,5,ZONE_FACULTY_ABYSSAL,Faculty of Deep-Sea Mining & Trench Exploration,0.1667,-0.625,-26012.08,-17571.52,532.8,31390.87,214.04,4500.0,0.62,-0.7714,0.1435,35000.0,6
2724,Petal,5,ZONE_FACULTY_ABYSSAL,Faculty of Deep-Sea Mining & Trench Exploration,0.1667,-0.5,-25168.03,-18415.58,954.15,31185.94,216.19,4500.0,0.6228,-0.7693,0.1426,35000.0,6
2725,Petal,5,ZONE_FACULTY_ABYSSAL,Faculty of Deep-Sea Mining & Trench Exploration,0.1667,-0.375,-24323.97,-19259.63,1320.81,31025.62,218.37,4500.0,0.6253,-0.7674,0.1417,35000.0,6
2726,Petal,5,ZONE_FACULTY_ABYSSAL,Faculty of Deep-Sea Mining & Trench Exploration,0.1667,-0.25,-23479.92,-20103.69,1632.78,30910.59,220.57,4500.0,0.6274,-0.7658,0.1408,35000.0,6
2727,Petal,5,ZONE_FACULTY_ABYSSAL,Faculty of Deep-Sea Mining & Trench Exploration,0.1667,-0.125,-22635.86,-20947.75,1890.06,30841.37,222.78,4500.0,0.6292,-0.7645,0.14,35000.0,6
2728,Petal,5,ZONE_FACULTY_ABYSSAL,Faculty of Deep-Sea Mining & Trench Exploration,0.1667,0.0,-21791.8,-21791.8,2092.66,30818.26,225.0,4500.0,0.6339,-0.7617,0.1337,35000.0,6
2729,Petal,5,ZONE_FACULTY_ABYSSAL,Faculty of Deep-Sea Mining & Trench Exploration,0.1667,0.125,-20947.75,-22635.86,1890.06,30841.37,227.22,4500.0,0.6336,-0.7621,0.1329,35000.0,6
2730,Petal,5,ZONE_FACULTY_ABYSSAL,Faculty of Deep-Sea Mining & Trench Exploration,0.1667,0.25,-20103.69,-23479.92,1632.78,30910.59,229.43,4500.0,0.633,-0.7628,0.1321,35000.0,6
2731,Petal,5,ZONE_FACULTY_ABYSSAL,Faculty of Deep-Sea Mining & Trench Exploration,0.1667,0.375,-19259.63,-24323.97,1320.81,31025.62,231.63,4500.0,0.6321,-0.7637,0.1313,35000.0,6
2732,Petal,5,ZONE_FACULTY_ABYSSAL,Faculty of Deep-Sea Mining & Trench Exploration,0.1667,0.5,-18415.58,-25168.03,954.15,31185.94,233.81,4500.0,0.6309,-0.7649,0.1305,35000.0,6
2733,Petal,5,ZONE_FACULTY_ABYSSAL,Faculty of Deep-Sea Mining & Trench Exploration,0.1667,0.625,-17571.52,-26012.08,532.8,31390.87,235.96,4500.0,0.6293,-0.7662,0.1297,35000.0,6
2734,Petal,5,ZONE_FACULTY_ABYSSAL,Faculty of Deep-Sea Mining & Trench Exploration,0.1667,0.75,-16727.47,-26856.14,56.77,31639.54,238.08,4500.0,0.6275,-0.7679,0.1289,35000.0,6
2735,Petal,5,ZONE_FACULTY_ABYSSAL,Faculty of Deep-Sea Mining & Trench Exploration,0.1667,0.875,-15883.41,-27700.2,-473.95,31930.92,240.17,4500.0,0.6254,-0.7697,0.1281,35000.0,6
2736,Petal,5,ZONE_CLEARANCE_WATERWAY,Faculty of Deep-Sea Mining & Trench Exploration,0.1667,1.0,-15039.35,-28544.25,-1059.36,32263.86,242.22,4500.0,0.6165,-0.7755,0.1361,35000.0,6
2737,Petal,5,ZONE_CLEARANCE_WATERWAY,Faculty of Deep-Sea Mining & Trench Exploration,0.2,-1.0,-31638.19,-16419.5,-1228.48,35645.12,207.43,4500.0,0.6009,-0.7876,0.1368,35000.0,6
2738,Petal,5,ZONE_FACULTY_ABYSSAL,Faculty of Deep-Sea Mining & Trench Exploration,0.2,-0.875,-30687.02,-17370.67,-551.63,35262.35,209.51,4500.0,0.6045,-0.7849,0.136,35000.0,6
2739,Petal,5,ZONE_FACULTY_ABYSSAL,Faculty of Deep-Sea Mining & Trench Exploration,0.2,-0.75,-29735.85,-18321.84,60.93,34927.22,211.64,4500.0,0.6079,-0.7824,0.1352,35000.0,6
2740,Petal,5,ZONE_FACULTY_ABYSSAL,Faculty of Deep-Sea Mining & Trench Exploration,0.2,-0.625,-28784.68,-19273.0,609.2,34641.11,213.8,4500.0,0.6108,-0.7803,0.1344,35000.0,6
2741,Petal,5,ZONE_FACULTY_ABYSSAL,Faculty of Deep-Sea Mining & Trench Exploration,0.2,-0.5,-27833.52,-20224.17,1093.18,34405.26,216.0,4500.0,0.6134,-0.7784,0.1336,35000.0,6
2742,Petal,5,ZONE_FACULTY_ABYSSAL,Faculty of Deep-Sea Mining & Trench Exploration,0.2,-0.375,-26882.35,-21175.34,1512.88,34220.69,218.23,4500.0,0.6157,-0.7767,0.1328,35000.0,6
2743,Petal,5,ZONE_FACULTY_ABYSSAL,Faculty of Deep-Sea Mining & Trench Exploration,0.2,-0.25,-25931.18,-22126.51,1868.28,34088.24,220.47,4500.0,0.6177,-0.7753,0.132,35000.0,6
2744,Petal,5,ZONE_FACULTY_ABYSSAL,Faculty of Deep-Sea Mining & Trench Exploration,0.2,-0.125,-24980.01,-23077.68,2159.39,34008.53,222.73,4500.0,0.6193,-0.7741,0.1312,35000.0,6
2745,Petal,5,ZONE_FACULTY_ABYSSAL,Faculty of Deep-Sea Mining & Trench Exploration,0.2,0.0,-24028.84,-24028.84,2386.22,33981.92,225.0,4500.0,0.6241,-0.7712,0.1257,35000.0,6
2746,Petal,5,ZONE_FACULTY_ABYSSAL,Faculty of Deep-Sea Mining & Trench Exploration,0.2,0.125,-23077.68,-24980.01,2159.39,34008.53,227.27,4500.0,0.624,-0.7714,0.125,35000.0,6
2747,Petal,5,ZONE_FACULTY_ABYSSAL,Faculty of Deep-Sea Mining & Trench Exploration,0.2,0.25,-22126.51,-25931.18,1868.28,34088.24,229.53,4500.0,0.6235,-0.7719,0.1242,35000.0,6
2748,Petal,5,ZONE_FACULTY_ABYSSAL,Faculty of Deep-Sea Mining & Trench Exploration,0.2,0.375,-21175.34,-26882.35,1512.88,34220.69,231.77,4500.0,0.6229,-0.7725,0.1235,35000.0,6
2749,Petal,5,ZONE_FACULTY_ABYSSAL,Faculty of Deep-Sea Mining & Trench Exploration,0.2,0.5,-20224.17,-27833.52,1093.18,34405.26,234.0,4500.0,0.6219,-0.7734,0.1227,35000.0,6
2750,Petal,5,ZONE_FACULTY_ABYSSAL,Faculty of Deep-Sea Mining & Trench Exploration,0.2,0.625,-19273.0,-28784.68,609.2,34641.11,236.2,4500.0,0.6207,-0.7745,0.122,35000.0,6
2751,Petal,5,ZONE_FACULTY_ABYSSAL,Faculty of Deep-Sea Mining & Trench Exploration,0.2,0.75,-18321.84,-29735.85,60.93,34927.22,238.36,4500.0,0.6192,-0.7758,0.1213,35000.0,6
2752,Petal,5,ZONE_FACULTY_ABYSSAL,Faculty of Deep-Sea Mining & Trench Exploration,0.2,0.875,-17370.67,-30687.02,-551.63,35262.35,240.49,4500.0,0.6175,-0.7773,0.1205,35000.0,6
2753,Petal,5,ZONE_CLEARANCE_WATERWAY,Faculty of Deep-Sea Mining & Trench Exploration,0.2,1.0,-16419.5,-31638.19,-1228.48,35645.12,242.57,4500.0,0.6087,-0.7831,0.1278,35000.0,6
2754,Petal,5,ZONE_CLEARANCE_WATERWAY,Faculty of Deep-Sea Mining & Trench Exploration,0.2333,-1.0,-34732.12,-17799.65,-1375.06,39027.52,207.13,4500.0,0.5924,-0.7951,0.13,35000.0,6
2755,Petal,5,ZONE_FACULTY_ABYSSAL,Faculty of Deep-Sea Mining & Trench Exploration,0.2333,-0.875,-33673.84,-18857.93,-614.37,38594.68,209.25,4500.0,0.5957,-0.7927,0.1293,35000.0,6
2756,Petal,5,ZONE_FACULTY_ABYSSAL,Faculty of Deep-Sea Mining & Trench Exploration,0.2333,-0.75,-32615.56,-19916.21,73.13,38215.57,211.41,4500.0,0.5987,-0.7906,0.1285,35000.0,6
2757,Petal,5,ZONE_FACULTY_ABYSSAL,Faculty of Deep-Sea Mining & Trench Exploration,0.2333,-0.625,-31557.28,-20974.49,687.45,37891.83,213.61,4500.0,0.6014,-0.7887,0.1278,35000.0,6
2758,Petal,5,ZONE_FACULTY_ABYSSAL,Faculty of Deep-Sea Mining & Trench Exploration,0.2333,-0.5,-30499.0,-22032.77,1228.59,37624.88,215.84,4500.0,0.6038,-0.7869,0.127,35000.0,6
2759,Petal,5,ZONE_FACULTY_ABYSSAL,Faculty of Deep-Sea Mining & Trench Exploration,0.2333,-0.375,-29440.72,-23091.04,1696.53,37415.94,218.11,4500.0,0.6059,-0.7854,0.1263,35000.0,6
2760,Petal,5,ZONE_FACULTY_ABYSSAL,Faculty of Deep-Sea Mining & Trench Exploration,0.2333,-0.25,-28382.44,-24149.32,2091.29,37265.98,220.39,4500.0,0.6077,-0.7841,0.1256,35000.0,6
2761,Petal,5,ZONE_FACULTY_ABYSSAL,Faculty of Deep-Sea Mining & Trench Exploration,0.2333,-0.125,-27324.16,-25207.6,2412.87,37175.71,222.69,4500.0,0.6093,-0.7831,0.1248,35000.0,6
2762,Petal,5,ZONE_FACULTY_ABYSSAL,Faculty of Deep-Sea Mining & Trench Exploration,0.2333,0.0,-26265.88,-26265.88,2661.25,37145.57,225.0,4500.0,0.6141,-0.78,0.1199,35000.0,6
2763,Petal,5,ZONE_FACULTY_ABYSSAL,Faculty of Deep-Sea Mining & Trench Exploration,0.2333,0.125,-25207.6,-27324.16,2412.87,37175.71,227.31,4500.0,0.6141,-0.7801,0.1192,35000.0,6
2764,Petal,5,ZONE_FACULTY_ABYSSAL,Faculty of Deep-Sea Mining & Trench Exploration,0.2333,0.25,-24149.32,-28382.44,2091.29,37265.98,229.61,4500.0,0.6139,-0.7804,0.1185,35000.0,6
2765,Petal,5,ZONE_FACULTY_ABYSSAL,Faculty of Deep-Sea Mining & Trench Exploration,0.2333,0.375,-23091.04,-29440.72,1696.53,37415.94,231.89,4500.0,0.6134,-0.7809,0.1179,35000.0,6
2766,Petal,5,ZONE_FACULTY_ABYSSAL,Faculty of Deep-Sea Mining & Trench Exploration,0.2333,0.5,-22032.77,-30499.0,1228.59,37624.88,234.16,4500.0,0.6127,-0.7816,0.1172,35000.0,6
2767,Petal,5,ZONE_FACULTY_ABYSSAL,Faculty of Deep-Sea Mining & Trench Exploration,0.2333,0.625,-20974.49,-31557.28,687.45,37891.83,236.39,4500.0,0.6118,-0.7824,0.1165,35000.0,6
2768,Petal,5,ZONE_FACULTY_ABYSSAL,Faculty of Deep-Sea Mining & Trench Exploration,0.2333,0.75,-19916.21,-32615.56,73.13,38215.57,238.59,4500.0,0.6106,-0.7834,0.1158,35000.0,6
2769,Petal,5,ZONE_FACULTY_ABYSSAL,Faculty of Deep-Sea Mining & Trench Exploration,0.2333,0.875,-18857.93,-33673.84,-614.37,38594.68,240.75,4500.0,0.6092,-0.7846,0.1151,35000.0,6
2770,Petal,5,ZONE_CLEARANCE_WATERWAY,Faculty of Deep-Sea Mining & Trench Exploration,0.2333,1.0,-17799.65,-34732.12,-1375.06,39027.52,242.87,4500.0,0.6004,-0.7903,0.1218,35000.0,6
2771,Petal,5,ZONE_CLEARANCE_WATERWAY,Faculty of Deep-Sea Mining & Trench Exploration,0.2667,-1.0,-37826.06,-19179.79,-1495.98,42410.79,206.89,4500.0,0.5836,-0.8024,0.1248,35000.0,6
2772,Petal,5,ZONE_FACULTY_ABYSSAL,Faculty of Deep-Sea Mining & Trench Exploration,0.2667,-0.875,-36660.66,-20345.18,-659.63,41927.69,209.03,4500.0,0.5866,-0.8003,0.1241,35000.0,6
2773,Petal,5,ZONE_FACULTY_ABYSSAL,Faculty of Deep-Sea Mining & Trench Exploration,0.2667,-0.75,-35495.27,-21510.58,95.44,41504.45,211.22,4500.0,0.5894,-0.7984,0.1234,35000.0,6
2774,Petal,5,ZONE_FACULTY_ABYSSAL,Faculty of Deep-Sea Mining & Trench Exploration,0.2667,-0.625,-34329.88,-22675.97,769.23,41142.92,213.45,4500.0,0.5918,-0.7967,0.1227,35000.0,6
2775,Petal,5,ZONE_FACULTY_ABYSSAL,Faculty of Deep-Sea Mining & Trench Exploration,0.2667,-0.5,-33164.49,-23841.36,1361.74,40844.75,215.71,4500.0,0.594,-0.7951,0.1221,35000.0,6
2776,Petal,5,ZONE_FACULTY_ABYSSAL,Faculty of Deep-Sea Mining & Trench Exploration,0.2667,-0.375,-31999.1,-25006.75,1872.96,40611.33,218.01,4500.0,0.596,-0.7938,0.1214,35000.0,6
2777,Petal,5,ZONE_FACULTY_ABYSSAL,Faculty of Deep-Sea Mining & Trench Exploration,0.2667,-0.25,-30833.71,-26172.14,2302.91,40443.77,220.33,4500.0,0.5977,-0.7926,0.1207,35000.0,6
2778,Petal,5,ZONE_FACULTY_ABYSSAL,Faculty of Deep-Sea Mining & Trench Exploration,0.2667,-0.125,-29668.32,-27337.53,2651.57,40342.9,222.66,4500.0,0.5991,-0.7916,0.12,35000.0,6
2779,Petal,5,ZONE_FACULTY_ABYSSAL,Faculty of Deep-Sea Mining & Trench Exploration,0.2667,0.0,-28502.92,-28502.92,2918.95,40309.22,225.0,4500.0,0.604,-0.7885,0.1156,35000.0,6
2780,Petal,5,ZONE_FACULTY_ABYSSAL,Faculty of Deep-Sea Mining & Trench Exploration,0.2667,0.125,-27337.53,-29668.32,2651.57,40342.9,227.34,4500.0,0.6042,-0.7885,0.1149,35000.0,6
2781,Petal,5,ZONE_FACULTY_ABYSSAL,Faculty of Deep-Sea Mining & Trench Exploration,0.2667,0.25,-26172.14,-30833.71,2302.91,40443.77,229.67,4500.0,0.6041,-0.7887,0.1143,35000.0,6
2782,Petal,5,ZONE_FACULTY_ABYSSAL,Faculty of Deep-Sea Mining & Trench Exploration,0.2667,0.375,-25006.75,-31999.1,1872.96,40611.33,231.99,4500.0,0.6038,-0.789,0.1136,35000.0,6
2783,Petal,5,ZONE_FACULTY_ABYSSAL,Faculty of Deep-Sea Mining & Trench Exploration,0.2667,0.5,-23841.36,-33164.49,1361.74,40844.75,234.29,4500.0,0.6033,-0.7895,0.113,35000.0,6
2784,Petal,5,ZONE_FACULTY_ABYSSAL,Faculty of Deep-Sea Mining & Trench Exploration,0.2667,0.625,-22675.97,-34329.88,769.23,41142.92,236.55,4500.0,0.6026,-0.7901,0.1123,35000.0,6
2785,Petal,5,ZONE_FACULTY_ABYSSAL,Faculty of Deep-Sea Mining & Trench Exploration,0.2667,0.75,-21510.58,-35495.27,95.44,41504.45,238.78,4500.0,0.6017,-0.7909,0.1117,35000.0,6
2786,Petal,5,ZONE_FACULTY_ABYSSAL,Faculty of Deep-Sea Mining & Trench Exploration,0.2667,0.875,-20345.18,-36660.66,-659.63,41927.69,240.97,4500.0,0.6006,-0.7918,0.1111,35000.0,6
2787,Petal,5,ZONE_CLEARANCE_WATERWAY,Faculty of Deep-Sea Mining & Trench Exploration,0.2667,1.0,-19179.79,-37826.06,-1495.98,42410.79,243.11,4500.0,0.592,-0.7974,0.1172,35000.0,6
2788,Petal,5,ZONE_CLEARANCE_WATERWAY,Faculty of Deep-Sea Mining & Trench Exploration,0.3,-1.0,-40919.99,-20559.94,-1588.41,45794.72,206.68,4500.0,0.5747,-0.8094,0.1207,35000.0,6
2789,Petal,5,ZONE_FACULTY_ABYSSAL,Faculty of Deep-Sea Mining & Trench Exploration,0.3,-0.875,-39647.49,-21832.44,-685.15,45261.23,208.84,4500.0,0.5774,-0.8076,0.12,35000.0,6
2790,Petal,5,ZONE_FACULTY_ABYSSAL,Faculty of Deep-Sea Mining & Trench Exploration,0.3,-0.75,-38374.98,-23104.95,129.62,44793.73,211.05,4500.0,0.5799,-0.8059,0.1194,35000.0,6
2791,Petal,5,ZONE_FACULTY_ABYSSAL,Faculty of Deep-Sea Mining & Trench Exploration,0.3,-0.625,-37102.48,-24377.45,855.9,44394.3,213.31,4500.0,0.5821,-0.8044,0.1187,35000.0,6
2792,Petal,5,ZONE_FACULTY_ABYSSAL,Faculty of Deep-Sea Mining & Trench Exploration,0.3,-0.5,-35829.98,-25649.95,1493.7,44064.81,215.6,4500.0,0.5842,-0.803,0.1181,35000.0,6
2793,Petal,5,ZONE_FACULTY_ABYSSAL,Faculty of Deep-Sea Mining & Trench Exploration,0.3,-0.375,-34557.47,-26922.45,2043.02,43806.82,217.92,4500.0,0.5859,-0.8018,0.1174,35000.0,6
2794,Petal,5,ZONE_FACULTY_ABYSSAL,Faculty of Deep-Sea Mining & Trench Exploration,0.3,-0.25,-33284.97,-28194.96,2503.84,43621.61,220.27,4500.0,0.5875,-0.8007,0.1168,35000.0,6
2795,Petal,5,ZONE_FACULTY_ABYSSAL,Faculty of Deep-Sea Mining & Trench Exploration,0.3,-0.125,-32012.47,-29467.46,2876.18,43510.11,222.63,4500.0,0.5889,-0.7998,0.1161,35000.0,6
2796,Petal,5,ZONE_FACULTY_ABYSSAL,Faculty of Deep-Sea Mining & Trench Exploration,0.3,0.0,-30739.96,-30739.96,3160.03,43472.87,225.0,4500.0,0.5939,-0.7967,0.1121,35000.0,6
2797,Petal,5,ZONE_FACULTY_ABYSSAL,Faculty of Deep-Sea Mining & Trench Exploration,0.3,0.125,-29467.46,-32012.47,2876.18,43510.11,227.37,4500.0,0.5941,-0.7966,0.1115,35000.0,6
2798,Petal,5,ZONE_FACULTY_ABYSSAL,Faculty of Deep-Sea Mining & Trench Exploration,0.3,0.25,-28194.96,-33284.97,2503.84,43621.61,229.73,4500.0,0.5942,-0.7966,0.1109,35000.0,6
2799,Petal,5,ZONE_FACULTY_ABYSSAL,Faculty of Deep-Sea Mining & Trench Exploration,0.3,0.375,-26922.45,-34557.47,2043.02,43806.82,232.08,4500.0,0.5941,-0.7968,0.1103,35000.0,6
2800,Petal,5,ZONE_FACULTY_ABYSSAL,Faculty of Deep-Sea Mining & Trench Exploration,0.3,0.5,-25649.95,-35829.98,1493.7,44064.81,234.4,4500.0,0.5938,-0.7971,0.1097,35000.0,6
2801,Petal,5,ZONE_FACULTY_ABYSSAL,Faculty of Deep-Sea Mining & Trench Exploration,0.3,0.625,-24377.45,-37102.48,855.9,44394.3,236.69,4500.0,0.5933,-0.7975,0.1091,35000.0,6
2802,Petal,5,ZONE_FACULTY_ABYSSAL,Faculty of Deep-Sea Mining & Trench Exploration,0.3,0.75,-23104.95,-38374.98,129.62,44793.73,238.95,4500.0,0.5927,-0.7981,0.1085,35000.0,6
2803,Petal,5,ZONE_FACULTY_ABYSSAL,Faculty of Deep-Sea Mining & Trench Exploration,0.3,0.875,-21832.44,-39647.49,-685.15,45261.23,241.16,4500.0,0.5919,-0.7988,0.1079,35000.0,6
2804,Petal,5,ZONE_CLEARANCE_WATERWAY,Faculty of Deep-Sea Mining & Trench Exploration,0.3,1.0,-20559.94,-40919.99,-1588.41,45794.72,243.32,4500.0,0.5833,-0.8043,0.1136,35000.0,6
2805,Petal,5,ZONE_CLEARANCE_WATERWAY,Faculty of Deep-Sea Mining & Trench Exploration,0.3333,-1.0,-44013.92,-21940.09,-1649.81,49179.19,206.5,4500.0,0.5658,-0.8162,0.1172,35000.0,6
2806,Petal,5,ZONE_FACULTY_ABYSSAL,Faculty of Deep-Sea Mining & Trench Exploration,0.3333,-0.875,-42634.31,-23319.7,-688.94,48595.19,208.68,4500.0,0.5682,-0.8146,0.1166,35000.0,6
2807,Petal,5,ZONE_FACULTY_ABYSSAL,Faculty of Deep-Sea Mining & Trench Exploration,0.3333,-0.75,-41254.69,-24699.32,177.2,48083.32,210.91,4500.0,0.5704,-0.8132,0.116,35000.0,6
2808,Petal,5,ZONE_FACULTY_ABYSSAL,Faculty of Deep-Sea Mining & Trench Exploration,0.3333,-0.625,-39875.08,-26078.93,948.62,47645.91,213.19,4500.0,0.5724,-0.8118,0.1154,35000.0,6
2809,Petal,5,ZONE_FACULTY_ABYSSAL,Faculty of Deep-Sea Mining & Trench Exploration,0.3333,-0.5,-38495.46,-27458.55,1625.32,47285.01,215.5,4500.0,0.5742,-0.8106,0.1148,35000.0,6
2810,Petal,5,ZONE_FACULTY_ABYSSAL,Faculty of Deep-Sea Mining & Trench Exploration,0.3333,-0.375,-37115.85,-28838.16,2207.3,47002.4,217.85,4500.0,0.5759,-0.8095,0.1142,35000.0,6
2811,Petal,5,ZONE_FACULTY_ABYSSAL,Faculty of Deep-Sea Mining & Trench Exploration,0.3333,-0.25,-35736.23,-30217.77,2694.56,46799.49,220.22,4500.0,0.5773,-0.8086,0.1136,35000.0,6
2812,Petal,5,ZONE_FACULTY_ABYSSAL,Faculty of Deep-Sea Mining & Trench Exploration,0.3333,-0.125,-34356.62,-31597.39,3087.1,46677.32,222.6,4500.0,0.5786,-0.8077,0.113,35000.0,6
2813,Petal,5,ZONE_FACULTY_ABYSSAL,Faculty of Deep-Sea Mining & Trench Exploration,0.3333,0.0,-32977.0,-32977.0,3384.91,46636.53,225.0,4500.0,0.5836,-0.8047,0.1093,35000.0,6
2814,Petal,5,ZONE_FACULTY_ABYSSAL,Faculty of Deep-Sea Mining & Trench Exploration,0.3333,0.125,-31597.39,-34356.62,3087.1,46677.32,227.4,4500.0,0.584,-0.8045,0.1087,35000.0,6
2815,Petal,5,ZONE_FACULTY_ABYSSAL,Faculty of Deep-Sea Mining & Trench Exploration,0.3333,0.25,-30217.77,-35736.23,2694.56,46799.49,229.78,4500.0,0.5842,-0.8044,0.1082,35000.0,6
2816,Petal,5,ZONE_FACULTY_ABYSSAL,Faculty of Deep-Sea Mining & Trench Exploration,0.3333,0.375,-28838.16,-37115.85,2207.3,47002.4,232.15,4500.0,0.5842,-0.8044,0.1076,35000.0,6
2817,Petal,5,ZONE_FACULTY_ABYSSAL,Faculty of Deep-Sea Mining & Trench Exploration,0.3333,0.5,-27458.55,-38495.46,1625.32,47285.01,234.5,4500.0,0.5842,-0.8046,0.107,35000.0,6
2818,Petal,5,ZONE_FACULTY_ABYSSAL,Faculty of Deep-Sea Mining & Trench Exploration,0.3333,0.625,-26078.93,-39875.08,948.62,47645.91,236.81,4500.0,0.5839,-0.8048,0.1065,35000.0,6
2819,Petal,5,ZONE_FACULTY_ABYSSAL,Faculty of Deep-Sea Mining & Trench Exploration,0.3333,0.75,-24699.32,-41254.69,177.2,48083.32,239.09,4500.0,0.5835,-0.8052,0.1059,35000.0,6
2820,Petal,5,ZONE_FACULTY_ABYSSAL,Faculty of Deep-Sea Mining & Trench Exploration,0.3333,0.875,-23319.7,-42634.31,-688.94,48595.19,241.32,4500.0,0.583,-0.8056,0.1054,35000.0,6
2821,Petal,5,ZONE_CLEARANCE_WATERWAY,Faculty of Deep-Sea Mining & Trench Exploration,0.3333,1.0,-21940.09,-44013.92,-1649.81,49179.19,243.5,4500.0,0.5745,-0.811,0.1107,35000.0,6
2822,Petal,5,ZONE_CLEARANCE_WATERWAY,Faculty of Deep-Sea Mining & Trench Exploration,0.3667,-1.0,-47107.86,-23320.23,-1678.0,52564.09,206.34,4500.0,0.5568,-0.8227,0.1143,35000.0,6
2823,Petal,5,ZONE_FACULTY_ABYSSAL,Faculty of Deep-Sea Mining & Trench Exploration,0.3667,-0.875,-45621.13,-24806.96,-669.3,51929.5,208.54,4500.0,0.5589,-0.8214,0.1138,35000.0,6
2824,Petal,5,ZONE_FACULTY_ABYSSAL,Faculty of Deep-Sea Mining & Trench Exploration,0.3667,-0.75,-44134.4,-26293.69,239.47,51373.18,210.78,4500.0,0.5608,-0.8202,0.1132,35000.0,6
2825,Petal,5,ZONE_FACULTY_ABYSSAL,Faculty of Deep-Sea Mining & Trench Exploration,0.3667,-0.625,-42647.68,-27780.41,1048.33,50897.7,213.08,4500.0,0.5626,-0.819,0.1126,35000.0,6
2826,Petal,5,ZONE_FACULTY_ABYSSAL,Faculty of Deep-Sea Mining & Trench Exploration,0.3667,-0.5,-41160.95,-29267.14,1757.27,50505.34,215.41,4500.0,0.5642,-0.818,0.1121,35000.0,6
2827,Petal,5,ZONE_FACULTY_ABYSSAL,Faculty of Deep-Sea Mining & Trench Exploration,0.3667,-0.375,-39674.22,-30753.87,2366.29,50198.05,217.78,4500.0,0.5657,-0.817,0.1115,35000.0,6
2828,Petal,5,ZONE_FACULTY_ABYSSAL,Faculty of Deep-Sea Mining & Trench Exploration,0.3667,-0.25,-38187.5,-32240.59,2875.39,49977.4,220.17,4500.0,0.5671,-0.8162,0.1109,35000.0,6
2829,Petal,5,ZONE_FACULTY_ABYSSAL,Faculty of Deep-Sea Mining & Trench Exploration,0.3667,-0.125,-36700.77,-33727.32,3284.57,49844.54,222.58,4500.0,0.5683,-0.8154,0.1104,35000.0,6
2830,Petal,5,ZONE_FACULTY_ABYSSAL,Faculty of Deep-Sea Mining & Trench Exploration,0.3667,0.0,-35214.04,-35214.04,3593.83,49800.18,225.0,4500.0,0.5733,-0.8124,0.107,35000.0,6
2831,Petal,5,ZONE_FACULTY_ABYSSAL,Faculty of Deep-Sea Mining & Trench Exploration,0.3667,0.125,-33727.32,-36700.77,3284.57,49844.54,227.42,4500.0,0.5737,-0.8121,0.1064,35000.0,6
2832,Petal,5,ZONE_FACULTY_ABYSSAL,Faculty of Deep-Sea Mining & Trench Exploration,0.3667,0.25,-32240.59,-38187.5,2875.39,49977.4,229.83,4500.0,0.5741,-0.8119,0.1059,35000.0,6
2833,Petal,5,ZONE_FACULTY_ABYSSAL,Faculty of Deep-Sea Mining & Trench Exploration,0.3667,0.375,-30753.87,-39674.22,2366.29,50198.05,232.22,4500.0,0.5743,-0.8118,0.1054,35000.0,6
2834,Petal,5,ZONE_FACULTY_ABYSSAL,Faculty of Deep-Sea Mining & Trench Exploration,0.3667,0.5,-29267.14,-41160.95,1757.27,50505.34,234.59,4500.0,0.5744,-0.8118,0.1049,35000.0,6
2835,Petal,5,ZONE_FACULTY_ABYSSAL,Faculty of Deep-Sea Mining & Trench Exploration,0.3667,0.625,-27780.41,-42647.68,1048.33,50897.7,236.92,4500.0,0.5744,-0.8119,0.1043,35000.0,6
2836,Petal,5,ZONE_FACULTY_ABYSSAL,Faculty of Deep-Sea Mining & Trench Exploration,0.3667,0.75,-26293.69,-44134.4,239.47,51373.18,239.22,4500.0,0.5742,-0.8121,0.1038,35000.0,6
2837,Petal,5,ZONE_FACULTY_ABYSSAL,Faculty of Deep-Sea Mining & Trench Exploration,0.3667,0.875,-24806.96,-45621.13,-669.3,51929.5,241.46,4500.0,0.574,-0.8123,0.1033,35000.0,6
2838,Petal,5,ZONE_CLEARANCE_WATERWAY,Faculty of Deep-Sea Mining & Trench Exploration,0.3667,1.0,-23320.23,-47107.86,-1678.0,52564.09,243.66,4500.0,0.5657,-0.8175,0.1083,35000.0,6
2839,Petal,5,ZONE_CLEARANCE_WATERWAY,Faculty of Deep-Sea Mining & Trench Exploration,0.4,-1.0,-50201.79,-24700.38,-1671.16,55949.34,206.2,4500.0,0.5478,-0.8291,0.1118,35000.0,6
2840,Petal,5,ZONE_FACULTY_ABYSSAL,Faculty of Deep-Sea Mining & Trench Exploration,0.4,-0.875,-48607.95,-26294.22,-624.82,55264.08,208.41,4500.0,0.5496,-0.828,0.1113,35000.0,6
2841,Petal,5,ZONE_FACULTY_ABYSSAL,Faculty of Deep-Sea Mining & Trench Exploration,0.4,-0.75,-47014.11,-27888.06,317.49,54663.25,210.68,4500.0,0.5512,-0.827,0.1108,35000.0,6
2842,Petal,5,ZONE_FACULTY_ABYSSAL,Faculty of Deep-Sea Mining & Trench Exploration,0.4,-0.625,-45420.28,-29481.89,1155.79,54149.64,212.99,4500.0,0.5528,-0.826,0.1102,35000.0,6
2843,Petal,5,ZONE_FACULTY_ABYSSAL,Faculty of Deep-Sea Mining & Trench Exploration,0.4,-0.5,-43826.44,-31075.73,1890.06,53725.76,215.34,4500.0,0.5542,-0.8251,0.1097,35000.0,6
2844,Petal,5,ZONE_FACULTY_ABYSSAL,Faculty of Deep-Sea Mining & Trench Exploration,0.4,-0.375,-42232.6,-32669.57,2520.31,53393.76,217.72,4500.0,0.5555,-0.8243,0.1092,35000.0,6
2845,Petal,5,ZONE_FACULTY_ABYSSAL,Faculty of Deep-Sea Mining & Trench Exploration,0.4,-0.25,-40638.76,-34263.41,3046.54,53155.34,220.13,4500.0,0.5568,-0.8235,0.1086,35000.0,6
2846,Petal,5,ZONE_FACULTY_ABYSSAL,Faculty of Deep-Sea Mining & Trench Exploration,0.4,-0.125,-39044.92,-35857.25,3468.75,53011.77,222.56,4500.0,0.5579,-0.8229,0.1081,35000.0,6
2847,Petal,5,ZONE_FACULTY_ABYSSAL,Faculty of Deep-Sea Mining & Trench Exploration,0.4,0.0,-37451.09,-37451.09,3786.93,52963.83,225.0,4500.0,0.5629,-0.8198,0.105,35000.0,6
2848,Petal,5,ZONE_FACULTY_ABYSSAL,Faculty of Deep-Sea Mining & Trench Exploration,0.4,0.125,-35857.25,-39044.92,3468.75,53011.77,227.44,4500.0,0.5634,-0.8195,0.1045,35000.0,6
2849,Petal,5,ZONE_FACULTY_ABYSSAL,Faculty of Deep-Sea Mining & Trench Exploration,0.4,0.25,-34263.41,-40638.76,3046.54,53155.34,229.87,4500.0,0.5639,-0.8193,0.104,35000.0,6
2850,Petal,5,ZONE_FACULTY_ABYSSAL,Faculty of Deep-Sea Mining & Trench Exploration,0.4,0.375,-32669.57,-42232.6,2520.31,53393.76,232.28,4500.0,0.5643,-0.8191,0.1035,35000.0,6
2851,Petal,5,ZONE_FACULTY_ABYSSAL,Faculty of Deep-Sea Mining & Trench Exploration,0.4,0.5,-31075.73,-43826.44,1890.06,53725.76,234.66,4500.0,0.5646,-0.8189,0.103,35000.0,6
2852,Petal,5,ZONE_FACULTY_ABYSSAL,Faculty of Deep-Sea Mining & Trench Exploration,0.4,0.625,-29481.89,-45420.28,1155.79,54149.64,237.01,4500.0,0.5647,-0.8189,0.1025,35000.0,6
2853,Petal,5,ZONE_FACULTY_ABYSSAL,Faculty of Deep-Sea Mining & Trench Exploration,0.4,0.75,-27888.06,-47014.11,317.49,54663.25,239.32,4500.0,0.5648,-0.8189,0.102,35000.0,6
2854,Petal,5,ZONE_FACULTY_ABYSSAL,Faculty of Deep-Sea Mining & Trench Exploration,0.4,0.875,-26294.22,-48607.95,-624.82,55264.08,241.59,4500.0,0.5649,-0.8189,0.1016,35000.0,6
2855,Petal,5,ZONE_CLEARANCE_WATERWAY,Faculty of Deep-Sea Mining & Trench Exploration,0.4,1.0,-24700.38,-50201.79,-1671.16,55949.34,243.8,4500.0,0.5567,-0.8239,0.1062,35000.0,6
2856,Petal,5,ZONE_CLEARANCE_WATERWAY,Faculty of Deep-Sea Mining & Trench Exploration,0.4333,-1.0,-52682.02,-26694.23,-1627.85,59059.1,206.87,6235.83,0.5468,-0.8306,0.1049,35000.0,6
2857,Petal,5,ZONE_FACULTY_ABYSSAL,Faculty of Deep-Sea Mining & Trench Exploration,0.4333,-0.875,-51057.78,-28318.47,-554.39,58385.21,209.01,6235.83,0.5482,-0.8298,0.1044,35000.0,6
2858,Petal,5,ZONE_FACULTY_ABYSSAL,Faculty of Deep-Sea Mining & Trench Exploration,0.4333,-0.75,-49433.54,-29942.71,412.09,57794.82,211.2,6235.83,0.5496,-0.829,0.104,35000.0,6
2859,Petal,5,ZONE_FACULTY_ABYSSAL,Faculty of Deep-Sea Mining & Trench Exploration,0.4333,-0.625,-47809.31,-31566.94,1271.59,57290.5,213.44,6235.83,0.5508,-0.8282,0.1035,35000.0,6
2860,Petal,5,ZONE_FACULTY_ABYSSAL,Faculty of Deep-Sea Mining & Trench Exploration,0.4333,-0.5,-46185.07,-33191.18,2024.1,56874.56,215.7,6235.83,0.552,-0.8275,0.103,35000.0,6
2861,Petal,5,ZONE_FACULTY_ABYSSAL,Faculty of Deep-Sea Mining & Trench Exploration,0.4333,-0.375,-44560.83,-34815.42,2669.63,56548.93,218.0,6235.83,0.5531,-0.8268,0.1025,35000.0,6
2862,Petal,5,ZONE_FACULTY_ABYSSAL,Faculty of Deep-Sea Mining & Trench Exploration,0.4333,-0.25,-42936.6,-36439.65,3208.17,56315.18,220.32,6235.83,0.5541,-0.8262,0.1021,35000.0,6
2863,Petal,5,ZONE_FACULTY_ABYSSAL,Faculty of Deep-Sea Mining & Trench Exploration,0.4333,-0.125,-41312.36,-38063.89,3639.72,56174.47,222.66,6235.83,0.5551,-0.8256,0.1016,35000.0,6
2864,Petal,5,ZONE_FACULTY_ABYSSAL,Faculty of Deep-Sea Mining & Trench Exploration,0.4333,0.0,-39688.13,-39688.13,3964.3,56127.49,225.0,6235.83,0.5598,-0.8227,0.0988,35000.0,6
2865,Petal,5,ZONE_FACULTY_ABYSSAL,Faculty of Deep-Sea Mining & Trench Exploration,0.4333,0.125,-38063.89,-41312.36,3639.72,56174.47,227.34,6235.83,0.5604,-0.8223,0.0984,35000.0,6
2866,Petal,5,ZONE_FACULTY_ABYSSAL,Faculty of Deep-Sea Mining & Trench Exploration,0.4333,0.25,-36439.65,-42936.6,3208.17,56315.18,229.68,6235.83,0.561,-0.822,0.0979,35000.0,6
2867,Petal,5,ZONE_FACULTY_ABYSSAL,Faculty of Deep-Sea Mining & Trench Exploration,0.4333,0.375,-34815.42,-44560.83,2669.63,56548.93,232.0,6235.83,0.5615,-0.8217,0.0975,35000.0,6
2868,Petal,5,ZONE_FACULTY_ABYSSAL,Faculty of Deep-Sea Mining & Trench Exploration,0.4333,0.5,-33191.18,-46185.07,2024.1,56874.56,234.3,6235.83,0.5619,-0.8215,0.0971,35000.0,6
2869,Petal,5,ZONE_FACULTY_ABYSSAL,Faculty of Deep-Sea Mining & Trench Exploration,0.4333,0.625,-31566.94,-47809.31,1271.59,57290.5,236.56,6235.83,0.5623,-0.8213,0.0966,35000.0,6
2870,Petal,5,ZONE_FACULTY_ABYSSAL,Faculty of Deep-Sea Mining & Trench Exploration,0.4333,0.75,-29942.71,-49433.54,412.09,57794.82,238.8,6235.83,0.5626,-0.8211,0.0962,35000.0,6
2871,Petal,5,ZONE_FACULTY_ABYSSAL,Faculty of Deep-Sea Mining & Trench Exploration,0.4333,0.875,-28318.47,-51057.78,-554.39,58385.21,240.99,6235.83,0.5628,-0.821,0.0958,35000.0,6
2872,Petal,5,ZONE_CLEARANCE_WATERWAY,Faculty of Deep-Sea Mining & Trench Exploration,0.4333,1.0,-26694.23,-52682.02,-1627.85,59059.1,243.13,6235.83,0.5553,-0.8256,0.0999,35000.0,6
2873,Petal,5,ZONE_CLEARANCE_WATERWAY,Faculty of Deep-Sea Mining & Trench Exploration,0.4667,-1.0,-54251.02,-29599.31,-1547.03,61800.43,208.62,10548.97,0.5575,-0.825,0.0925,35000.0,6
2874,Petal,5,ZONE_FACULTY_ABYSSAL,Faculty of Deep-Sea Mining & Trench Exploration,0.4667,-0.875,-52710.29,-31140.04,-457.2,61221.54,210.57,10548.97,0.5584,-0.8244,0.0921,35000.0,6
2875,Petal,5,ZONE_FACULTY_ABYSSAL,Faculty of Deep-Sea Mining & Trench Exploration,0.4667,-0.75,-51169.56,-32680.77,523.87,60715.37,212.57,10548.97,0.5594,-0.8238,0.0917,35000.0,6
2876,Petal,5,ZONE_FACULTY_ABYSSAL,Faculty of Deep-Sea Mining & Trench Exploration,0.4667,-0.625,-49628.83,-34221.5,1396.15,60283.76,214.59,10548.97,0.5603,-0.8233,0.0913,35000.0,6
2877,Petal,5,ZONE_FACULTY_ABYSSAL,Faculty of Deep-Sea Mining & Trench Exploration,0.4667,-0.5,-48088.1,-35762.24,2159.67,59928.31,216.64,10548.97,0.5611,-0.8227,0.0909,35000.0,6
2878,Petal,5,ZONE_FACULTY_ABYSSAL,Faculty of Deep-Sea Mining & Trench Exploration,0.4667,-0.375,-46547.36,-37302.97,2814.4,59650.39,218.71,10548.97,0.562,-0.8222,0.0905,35000.0,6
2879,Petal,5,ZONE_FACULTY_ABYSSAL,Faculty of Deep-Sea Mining & Trench Exploration,0.4667,-0.25,-45006.63,-38843.7,3360.36,59451.07,220.8,10548.97,0.5628,-0.8217,0.0901,35000.0,6
2880,Petal,5,ZONE_FACULTY_ABYSSAL,Faculty of Deep-Sea Mining & Trench Exploration,0.4667,-0.125,-43465.9,-40384.43,3797.54,59331.16,222.9,10548.97,0.5635,-0.8212,0.0897,35000.0,6
2881,Petal,5,ZONE_FACULTY_ABYSSAL,Faculty of Deep-Sea Mining & Trench Exploration,0.4667,0.0,-41925.17,-41925.17,4125.95,59291.14,225.0,10548.97,0.5677,-0.8186,0.0874,35000.0,6
2882,Petal,5,ZONE_FACULTY_ABYSSAL,Faculty of Deep-Sea Mining & Trench Exploration,0.4667,0.125,-40384.43,-43465.9,3797.54,59331.16,227.1,10548.97,0.5683,-0.8182,0.087,35000.0,6
2883,Petal,5,ZONE_FACULTY_ABYSSAL,Faculty of Deep-Sea Mining & Trench Exploration,0.4667,0.25,-38843.7,-45006.63,3360.36,59451.07,229.2,10548.97,0.5688,-0.8179,0.0866,35000.0,6
2884,Petal,5,ZONE_FACULTY_ABYSSAL,Faculty of Deep-Sea Mining & Trench Exploration,0.4667,0.375,-37302.97,-46547.36,2814.4,59650.39,231.29,10548.97,0.5694,-0.8175,0.0862,35000.0,6
2885,Petal,5,ZONE_FACULTY_ABYSSAL,Faculty of Deep-Sea Mining & Trench Exploration,0.4667,0.5,-35762.24,-48088.1,2159.67,59928.31,233.36,10548.97,0.5699,-0.8172,0.0859,35000.0,6
2886,Petal,5,ZONE_FACULTY_ABYSSAL,Faculty of Deep-Sea Mining & Trench Exploration,0.4667,0.625,-34221.5,-49628.83,1396.15,60283.76,235.41,10548.97,0.5704,-0.8169,0.0855,35000.0,6
2887,Petal,5,ZONE_FACULTY_ABYSSAL,Faculty of Deep-Sea Mining & Trench Exploration,0.4667,0.75,-32680.77,-51169.56,523.87,60715.37,237.43,10548.97,0.5709,-0.8166,0.0852,35000.0,6
2888,Petal,5,ZONE_FACULTY_ABYSSAL,Faculty of Deep-Sea Mining & Trench Exploration,0.4667,0.875,-31140.04,-52710.29,-457.2,61221.54,239.43,10548.97,0.5713,-0.8163,0.0848,35000.0,6
2889,Petal,5,ZONE_CLEARANCE_WATERWAY,Faculty of Deep-Sea Mining & Trench Exploration,0.4667,1.0,-29599.31,-54251.02,-1547.03,61800.43,241.38,10548.97,0.5649,-0.8204,0.0883,35000.0,6
2890,Petal,5,ZONE_CLEARANCE_WATERWAY,Faculty of Deep-Sea Mining & Trench Exploration,0.5,-1.0,-55759.39,-32565.02,-1428.08,64572.37,210.29,15033.63,0.5684,-0.8187,0.0812,35000.0,6
2891,Petal,5,ZONE_FACULTY_ABYSSAL,Faculty of Deep-Sea Mining & Trench Exploration,0.5,-0.875,-54309.75,-34014.67,-332.77,64082.34,212.06,15033.63,0.569,-0.8183,0.0809,35000.0,6
2892,Petal,5,ZONE_FACULTY_ABYSSAL,Faculty of Deep-Sea Mining & Trench Exploration,0.5,-0.75,-52860.1,-35464.31,653.17,63654.6,213.86,15033.63,0.5696,-0.818,0.0805,35000.0,6
2893,Petal,5,ZONE_FACULTY_ABYSSAL,Faculty of Deep-Sea Mining & Trench Exploration,0.5,-0.625,-51410.45,-36913.96,1529.73,63290.4,215.68,15033.63,0.5702,-0.8176,0.0802,35000.0,6
2894,Petal,5,ZONE_FACULTY_ABYSSAL,Faculty of Deep-Sea Mining & Trench Exploration,0.5,-0.5,-49960.8,-38363.61,2296.92,62990.86,217.52,15033.63,0.5708,-0.8172,0.0799,35000.0,6
2895,Petal,5,ZONE_FACULTY_ABYSSAL,Faculty of Deep-Sea Mining & Trench Exploration,0.5,-0.375,-48511.15,-39813.26,2954.73,62756.89,219.38,15033.63,0.5714,-0.8168,0.0795,35000.0,6
2896,Petal,5,ZONE_FACULTY_ABYSSAL,Faculty of Deep-Sea Mining & Trench Exploration,0.5,-0.25,-47061.5,-41262.91,3503.17,62589.24,221.24,15033.63,0.572,-0.8164,0.0792,35000.0,6
2897,Petal,5,ZONE_FACULTY_ABYSSAL,Faculty of Deep-Sea Mining & Trench Exploration,0.5,-0.125,-45611.85,-42712.56,3942.23,62488.43,223.12,15033.63,0.5726,-0.816,0.0789,35000.0,6
2898,Petal,5,ZONE_FACULTY_ABYSSAL,Faculty of Deep-Sea Mining & Trench Exploration,0.5,0.0,-44162.21,-44162.21,4271.92,62454.79,225.0,15033.63,0.5762,-0.8137,0.077,35000.0,6
2899,Petal,5,ZONE_FACULTY_ABYSSAL,Faculty of Deep-Sea Mining & Trench Exploration,0.5,0.125,-42712.56,-45611.85,3942.23,62488.43,226.88,15033.63,0.5768,-0.8133,0.0767,35000.0,6
2900,Petal,5,ZONE_FACULTY_ABYSSAL,Faculty of Deep-Sea Mining & Trench Exploration,0.5,0.25,-41262.91,-47061.5,3503.17,62589.24,228.76,15033.63,0.5774,-0.8129,0.0763,35000.0,6
2901,Petal,5,ZONE_FACULTY_ABYSSAL,Faculty of Deep-Sea Mining & Trench Exploration,0.5,0.375,-39813.26,-48511.15,2954.73,62756.89,230.62,15033.63,0.5779,-0.8125,0.076,35000.0,6
2902,Petal,5,ZONE_FACULTY_ABYSSAL,Faculty of Deep-Sea Mining & Trench Exploration,0.5,0.5,-38363.61,-49960.8,2296.92,62990.86,232.48,15033.63,0.5785,-0.8121,0.0757,35000.0,6
2903,Petal,5,ZONE_FACULTY_ABYSSAL,Faculty of Deep-Sea Mining & Trench Exploration,0.5,0.625,-36913.96,-51410.45,1529.73,63290.4,234.32,15033.63,0.5791,-0.8118,0.0754,35000.0,6
2904,Petal,5,ZONE_FACULTY_ABYSSAL,Faculty of Deep-Sea Mining & Trench Exploration,0.5,0.75,-35464.31,-52860.1,653.17,63654.6,236.14,15033.63,0.5797,-0.8114,0.0751,35000.0,6
2905,Petal,5,ZONE_FACULTY_ABYSSAL,Faculty of Deep-Sea Mining & Trench Exploration,0.5,0.875,-34014.67,-54309.75,-332.77,64082.34,237.94,15033.63,0.5803,-0.811,0.0749,35000.0,6
2906,Petal,5,ZONE_CLEARANCE_WATERWAY,Faculty of Deep-Sea Mining & Trench Exploration,0.5,1.0,-32565.02,-55759.39,-1428.08,64572.37,239.71,15033.63,0.5749,-0.8145,0.0778,35000.0,6
2907,Petal,5,ZONE_CLEARANCE_WATERWAY,Faculty of Deep-Sea Mining & Trench Exploration,0.5333,-1.0,-57219.71,-35578.78,-1270.78,67379.11,211.87,19654.19,0.5795,-0.8119,0.0711,35000.0,6
2908,Petal,5,ZONE_FACULTY_ABYSSAL,Faculty of Deep-Sea Mining & Trench Exploration,0.5333,-0.875,-55867.15,-36931.34,-180.94,66970.61,213.47,19654.19,0.5798,-0.8117,0.0708,35000.0,6
2909,Petal,5,ZONE_FACULTY_ABYSSAL,Faculty of Deep-Sea Mining & Trench Exploration,0.5333,-0.75,-54514.6,-38283.9,800.12,66614.55,215.08,19654.19,0.5802,-0.8114,0.0705,35000.0,6
2910,Petal,5,ZONE_FACULTY_ABYSSAL,Faculty of Deep-Sea Mining & Trench Exploration,0.5333,-0.625,-53162.04,-39636.46,1672.41,66311.77,216.71,19654.19,0.5805,-0.8112,0.0702,35000.0,6
2911,Petal,5,ZONE_FACULTY_ABYSSAL,Faculty of Deep-Sea Mining & Trench Exploration,0.5333,-0.5,-51809.48,-40989.01,2435.92,66063.01,218.35,19654.19,0.5809,-0.8109,0.0699,35000.0,6
2912,Petal,5,ZONE_FACULTY_ABYSSAL,Faculty of Deep-Sea Mining & Trench Exploration,0.5333,-0.375,-50456.92,-42341.57,3090.66,65868.88,220.0,19654.19,0.5813,-0.8107,0.0697,35000.0,6
2913,Petal,5,ZONE_FACULTY_ABYSSAL,Faculty of Deep-Sea Mining & Trench Exploration,0.5333,-0.25,-49104.36,-43694.13,3636.62,65729.87,221.66,19654.19,0.5818,-0.8104,0.0694,35000.0,6
2914,Petal,5,ZONE_FACULTY_ABYSSAL,Faculty of Deep-Sea Mining & Trench Exploration,0.5333,-0.125,-47751.8,-45046.69,4073.8,65646.32,223.33,19654.19,0.5822,-0.8101,0.0691,35000.0,6
2915,Petal,5,ZONE_FACULTY_ABYSSAL,Faculty of Deep-Sea Mining & Trench Exploration,0.5333,0.0,-46399.25,-46399.25,4402.21,65618.44,225.0,19654.19,0.5853,-0.808,0.0675,35000.0,6
2916,Petal,5,ZONE_FACULTY_ABYSSAL,Faculty of Deep-Sea Mining & Trench Exploration,0.5333,0.125,-45046.69,-47751.8,4073.8,65646.32,226.67,19654.19,0.5858,-0.8076,0.0673,35000.0,6
2917,Petal,5,ZONE_FACULTY_ABYSSAL,Faculty of Deep-Sea Mining & Trench Exploration,0.5333,0.25,-43694.13,-49104.36,3636.62,65729.87,228.34,19654.19,0.5864,-0.8072,0.067,35000.0,6
2918,Petal,5,ZONE_FACULTY_ABYSSAL,Faculty of Deep-Sea Mining & Trench Exploration,0.5333,0.375,-42341.57,-50456.92,3090.66,65868.88,230.0,19654.19,0.587,-0.8068,0.0668,35000.0,6
2919,Petal,5,ZONE_FACULTY_ABYSSAL,Faculty of Deep-Sea Mining & Trench Exploration,0.5333,0.5,-40989.01,-51809.48,2435.92,66063.01,231.65,19654.19,0.5876,-0.8064,0.0665,35000.0,6
2920,Petal,5,ZONE_FACULTY_ABYSSAL,Faculty of Deep-Sea Mining & Trench Exploration,0.5333,0.625,-39636.46,-53162.04,1672.41,66311.77,233.29,19654.19,0.5882,-0.806,0.0663,35000.0,6
2921,Petal,5,ZONE_FACULTY_ABYSSAL,Faculty of Deep-Sea Mining & Trench Exploration,0.5333,0.75,-38283.9,-54514.6,800.12,66614.55,234.92,19654.19,0.5889,-0.8055,0.066,35000.0,6
2922,Petal,5,ZONE_FACULTY_ABYSSAL,Faculty of Deep-Sea Mining & Trench Exploration,0.5333,0.875,-36931.34,-55867.15,-180.94,66970.61,236.53,19654.19,0.5895,-0.8051,0.0658,35000.0,6
2923,Petal,5,ZONE_CLEARANCE_WATERWAY,Faculty of Deep-Sea Mining & Trench Exploration,0.5333,1.0,-35578.78,-57219.71,-1270.78,67379.11,238.13,19654.19,0.5851,-0.8081,0.0682,35000.0,6
2924,Petal,5,ZONE_CLEARANCE_WATERWAY,Faculty of Deep-Sea Mining & Trench Exploration,0.5667,-1.0,-58643.22,-38629.35,-1075.34,70222.89,213.37,24378.86,0.5907,-0.8045,0.0618,35000.0,6
2925,Petal,5,ZONE_FACULTY_ABYSSAL,Faculty of Deep-Sea Mining & Trench Exploration,0.5667,-0.875,-57392.36,-39880.22,-1.87,69887.87,214.79,24378.86,0.5908,-0.8045,0.0616,35000.0,6
2926,Petal,5,ZONE_FACULTY_ABYSSAL,Faculty of Deep-Sea Mining & Trench Exploration,0.5667,-0.75,-56141.49,-41131.08,964.61,69596.21,216.23,24378.86,0.5909,-0.8044,0.0614,35000.0,6
2927,Petal,5,ZONE_FACULTY_ABYSSAL,Faculty of Deep-Sea Mining & Trench Exploration,0.5667,-0.625,-54890.62,-42381.95,1824.1,69348.47,217.67,24378.86,0.5911,-0.8043,0.0611,35000.0,6
2928,Petal,5,ZONE_FACULTY_ABYSSAL,Faculty of Deep-Sea Mining & Trench Exploration,0.5667,-0.5,-53639.76,-43632.82,2576.61,69145.11,219.13,24378.86,0.5913,-0.8041,0.0609,35000.0,6
2929,Petal,5,ZONE_FACULTY_ABYSSAL,Faculty of Deep-Sea Mining & Trench Exploration,0.5667,-0.375,-52388.89,-44883.68,3222.14,68986.53,220.59,24378.86,0.5916,-0.804,0.0607,35000.0,6
2930,Petal,5,ZONE_FACULTY_ABYSSAL,Faculty of Deep-Sea Mining & Trench Exploration,0.5667,-0.25,-51138.02,-46134.55,3760.68,68873.03,222.06,24378.86,0.5919,-0.8038,0.0605,35000.0,6
2931,Petal,5,ZONE_FACULTY_ABYSSAL,Faculty of Deep-Sea Mining & Trench Exploration,0.5667,-0.125,-49887.15,-47385.42,4192.24,68804.84,223.53,24378.86,0.5922,-0.8035,0.0602,35000.0,6
2932,Petal,5,ZONE_FACULTY_ABYSSAL,Faculty of Deep-Sea Mining & Trench Exploration,0.5667,0.0,-48636.29,-48636.29,4516.81,68782.1,225.0,24378.86,0.5948,-0.8017,0.059,35000.0,6
2933,Petal,5,ZONE_FACULTY_ABYSSAL,Faculty of Deep-Sea Mining & Trench Exploration,0.5667,0.125,-47385.42,-49887.15,4192.24,68804.84,226.47,24378.86,0.5953,-0.8014,0.0588,35000.0,6
2934,Petal,5,ZONE_FACULTY_ABYSSAL,Faculty of Deep-Sea Mining & Trench Exploration,0.5667,0.25,-46134.55,-51138.02,3760.68,68873.03,227.94,24378.86,0.5958,-0.801,0.0585,35000.0,6
2935,Petal,5,ZONE_FACULTY_ABYSSAL,Faculty of Deep-Sea Mining & Trench Exploration,0.5667,0.375,-44883.68,-52388.89,3222.14,68986.53,229.41,24378.86,0.5964,-0.8006,0.0583,35000.0,6
2936,Petal,5,ZONE_FACULTY_ABYSSAL,Faculty of Deep-Sea Mining & Trench Exploration,0.5667,0.5,-43632.82,-53639.76,2576.61,69145.11,230.87,24378.86,0.597,-0.8001,0.0581,35000.0,6
2937,Petal,5,ZONE_FACULTY_ABYSSAL,Faculty of Deep-Sea Mining & Trench Exploration,0.5667,0.625,-42381.95,-54890.62,1824.1,69348.47,232.33,24378.86,0.5976,-0.7997,0.0579,35000.0,6
2938,Petal,5,ZONE_FACULTY_ABYSSAL,Faculty of Deep-Sea Mining & Trench Exploration,0.5667,0.75,-41131.08,-56141.49,964.61,69596.21,233.77,24378.86,0.5983,-0.7992,0.0578,35000.0,6
2939,Petal,5,ZONE_FACULTY_ABYSSAL,Faculty of Deep-Sea Mining & Trench Exploration,0.5667,0.875,-39880.22,-57392.36,-1.87,69887.87,235.21,24378.86,0.599,-0.7987,0.0576,35000.0,6
2940,Petal,5,ZONE_CLEARANCE_WATERWAY,Faculty of Deep-Sea Mining & Trench Exploration,0.5667,1.0,-38629.35,-58643.22,-1075.34,70222.89,236.63,24378.86,0.5954,-0.8012,0.0595,35000.0,6
2941,Petal,5,ZONE_CLEARANCE_WATERWAY,Faculty of Deep-Sea Mining & Trench Exploration,0.6,-1.0,-60040.06,-41706.6,-842.39,73104.37,214.79,29178.99,0.6018,-0.7968,0.0534,35000.0,6
2942,Petal,5,ZONE_FACULTY_ABYSSAL,Faculty of Deep-Sea Mining & Trench Exploration,0.6,-0.875,-58894.21,-42852.44,203.95,72834.47,216.04,29178.99,0.6018,-0.7969,0.0533,35000.0,6
2943,Petal,5,ZONE_FACULTY_ABYSSAL,Faculty of Deep-Sea Mining & Trench Exploration,0.6,-0.75,-57748.37,-43998.28,1146.26,72599.75,217.3,29178.99,0.6017,-0.7969,0.0531,35000.0,6
2944,Petal,5,ZONE_FACULTY_ABYSSAL,Faculty of Deep-Sea Mining & Trench Exploration,0.6,-0.625,-56602.53,-45144.12,1984.56,72400.54,218.57,29178.99,0.6018,-0.7969,0.0529,35000.0,6
2945,Petal,5,ZONE_FACULTY_ABYSSAL,Faculty of Deep-Sea Mining & Trench Exploration,0.6,-0.5,-55456.69,-46289.96,2718.83,72237.15,219.85,29178.99,0.6019,-0.7969,0.0527,35000.0,6
2946,Petal,5,ZONE_FACULTY_ABYSSAL,Faculty of Deep-Sea Mining & Trench Exploration,0.6,-0.375,-54310.85,-47435.8,3349.08,72109.8,221.13,29178.99,0.602,-0.7968,0.0525,35000.0,6
2947,Petal,5,ZONE_FACULTY_ABYSSAL,Faculty of Deep-Sea Mining & Trench Exploration,0.6,-0.25,-53165.01,-48581.64,3875.31,72018.71,222.42,29178.99,0.6022,-0.7967,0.0524,35000.0,6
2948,Petal,5,ZONE_FACULTY_ABYSSAL,Faculty of Deep-Sea Mining & Trench Exploration,0.6,-0.125,-52019.17,-49727.49,4297.52,71964.0,223.71,29178.99,0.6024,-0.7965,0.0522,35000.0,6
2949,Petal,5,ZONE_FACULTY_ABYSSAL,Faculty of Deep-Sea Mining & Trench Exploration,0.6,0.0,-50873.33,-50873.33,4615.7,71945.75,225.0,29178.99,0.6045,-0.795,0.0512,35000.0,6
2950,Petal,5,ZONE_FACULTY_ABYSSAL,Faculty of Deep-Sea Mining & Trench Exploration,0.6,0.125,-49727.49,-52019.17,4297.52,71964.0,226.29,29178.99,0.605,-0.7946,0.051,35000.0,6
2951,Petal,5,ZONE_FACULTY_ABYSSAL,Faculty of Deep-Sea Mining & Trench Exploration,0.6,0.25,-48581.64,-53165.01,3875.31,72018.71,227.58,29178.99,0.6055,-0.7942,0.0508,35000.0,6
2952,Petal,5,ZONE_FACULTY_ABYSSAL,Faculty of Deep-Sea Mining & Trench Exploration,0.6,0.375,-47435.8,-54310.85,3349.08,72109.8,228.87,29178.99,0.606,-0.7938,0.0507,35000.0,6
2953,Petal,5,ZONE_FACULTY_ABYSSAL,Faculty of Deep-Sea Mining & Trench Exploration,0.6,0.5,-46289.96,-55456.69,2718.83,72237.15,230.15,29178.99,0.6066,-0.7934,0.0505,35000.0,6
2954,Petal,5,ZONE_FACULTY_ABYSSAL,Faculty of Deep-Sea Mining & Trench Exploration,0.6,0.625,-45144.12,-56602.53,1984.56,72400.54,231.43,29178.99,0.6072,-0.7929,0.0503,35000.0,6
2955,Petal,5,ZONE_FACULTY_ABYSSAL,Faculty of Deep-Sea Mining & Trench Exploration,0.6,0.75,-43998.28,-57748.37,1146.26,72599.75,232.7,29178.99,0.6079,-0.7924,0.0502,35000.0,6
2956,Petal,5,ZONE_FACULTY_ABYSSAL,Faculty of Deep-Sea Mining & Trench Exploration,0.6,0.875,-42852.44,-58894.21,203.95,72834.47,233.96,29178.99,0.6086,-0.7919,0.05,35000.0,6
2957,Petal,5,ZONE_CLEARANCE_WATERWAY,Faculty of Deep-Sea Mining & Trench Exploration,0.6,1.0,-41706.6,-60040.06,-842.39,73104.37,235.21,29178.99,0.6057,-0.794,0.0516,35000.0,6
2958,Petal,5,ZONE_CLEARANCE_WATERWAY,Faculty of Deep-Sea Mining & Trench Exploration,0.6333,-1.0,-61419.39,-44801.35,-572.98,76023.03,216.11,34028.62,0.6129,-0.7889,0.0459,35000.0,6
2959,Petal,5,ZONE_FACULTY_ABYSSAL,Faculty of Deep-Sea Mining & Trench Exploration,0.6333,-0.875,-60380.76,-45839.98,435.72,75809.89,217.21,34028.62,0.6127,-0.789,0.0457,35000.0,6
2960,Petal,5,ZONE_FACULTY_ABYSSAL,Faculty of Deep-Sea Mining & Trench Exploration,0.6333,-0.75,-59342.13,-46878.6,1344.5,75624.68,218.31,34028.62,0.6125,-0.7891,0.0456,35000.0,6
2961,Petal,5,ZONE_FACULTY_ABYSSAL,Faculty of Deep-Sea Mining & Trench Exploration,0.6333,-0.625,-58303.5,-47917.23,2153.35,75467.61,219.42,34028.62,0.6125,-0.7892,0.0454,35000.0,6
2962,Petal,5,ZONE_FACULTY_ABYSSAL,Faculty of Deep-Sea Mining & Trench Exploration,0.6333,-0.5,-57264.88,-48955.86,2862.29,75338.85,220.53,34028.62,0.6124,-0.7892,0.0453,35000.0,6
2963,Petal,5,ZONE_FACULTY_ABYSSAL,Faculty of Deep-Sea Mining & Trench Exploration,0.6333,-0.375,-56226.25,-49994.49,3471.31,75238.55,221.64,34028.62,0.6125,-0.7892,0.0451,35000.0,6
2964,Petal,5,ZONE_FACULTY_ABYSSAL,Faculty of Deep-Sea Mining & Trench Exploration,0.6333,-0.25,-55187.62,-51033.11,3980.41,75166.83,222.76,34028.62,0.6125,-0.7892,0.045,35000.0,6
2965,Petal,5,ZONE_FACULTY_ABYSSAL,Faculty of Deep-Sea Mining & Trench Exploration,0.6333,-0.125,-54148.99,-52071.74,4389.59,75123.76,223.88,34028.62,0.6127,-0.7891,0.0449,35000.0,6
2966,Petal,5,ZONE_FACULTY_ABYSSAL,Faculty of Deep-Sea Mining & Trench Exploration,0.6333,0.0,-53110.37,-53110.37,4698.86,75109.4,225.0,34028.62,0.6144,-0.7878,0.044,35000.0,6
2967,Petal,5,ZONE_FACULTY_ABYSSAL,Faculty of Deep-Sea Mining & Trench Exploration,0.6333,0.125,-52071.74,-54148.99,4389.59,75123.76,226.12,34028.62,0.6148,-0.7874,0.0439,35000.0,6
2968,Petal,5,ZONE_FACULTY_ABYSSAL,Faculty of Deep-Sea Mining & Trench Exploration,0.6333,0.25,-51033.11,-55187.62,3980.41,75166.83,227.24,34028.62,0.6153,-0.7871,0.0438,35000.0,6
2969,Petal,5,ZONE_FACULTY_ABYSSAL,Faculty of Deep-Sea Mining & Trench Exploration,0.6333,0.375,-49994.49,-56226.25,3471.31,75238.55,228.36,34028.62,0.6158,-0.7867,0.0437,35000.0,6
2970,Petal,5,ZONE_FACULTY_ABYSSAL,Faculty of Deep-Sea Mining & Trench Exploration,0.6333,0.5,-48955.86,-57264.88,2862.29,75338.85,229.47,34028.62,0.6163,-0.7863,0.0435,35000.0,6
2971,Petal,5,ZONE_FACULTY_ABYSSAL,Faculty of Deep-Sea Mining & Trench Exploration,0.6333,0.625,-47917.23,-58303.5,2153.35,75467.61,230.58,34028.62,0.6169,-0.7858,0.0434,35000.0,6
2972,Petal,5,ZONE_FACULTY_ABYSSAL,Faculty of Deep-Sea Mining & Trench Exploration,0.6333,0.75,-46878.6,-59342.13,1344.5,75624.68,231.69,34028.62,0.6176,-0.7853,0.0433,35000.0,6
2973,Petal,5,ZONE_FACULTY_ABYSSAL,Faculty of Deep-Sea Mining & Trench Exploration,0.6333,0.875,-45839.98,-60380.76,435.72,75809.89,232.79,34028.62,0.6183,-0.7848,0.0432,35000.0,6
2974,Petal,5,ZONE_CLEARANCE_WATERWAY,Faculty of Deep-Sea Mining & Trench Exploration,0.6333,1.0,-44801.35,-61419.39,-572.98,76023.03,233.89,34028.62,0.616,-0.7865,0.0444,35000.0,6
2975,Petal,5,ZONE_CLEARANCE_WATERWAY,Faculty of Deep-Sea Mining & Trench Exploration,0.6667,-1.0,-62789.6,-47905.22,-268.53,78977.49,217.34,38904.04,0.6237,-0.7807,0.039,35000.0,6
2976,Petal,5,ZONE_FACULTY_ABYSSAL,Faculty of Deep-Sea Mining & Trench Exploration,0.6667,-0.875,-61859.33,-48835.49,692.34,78812.95,218.29,38904.04,0.6234,-0.7809,0.0389,35000.0,6
2977,Petal,5,ZONE_FACULTY_ABYSSAL,Faculty of Deep-Sea Mining & Trench Exploration,0.6667,-0.75,-60929.05,-49765.76,1558.48,78670.07,219.24,38904.04,0.6232,-0.7811,0.0387,35000.0,6
2978,Petal,5,ZONE_FACULTY_ABYSSAL,Faculty of Deep-Sea Mining & Trench Exploration,0.6667,-0.625,-59998.78,-50696.04,2329.9,78548.98,220.2,38904.04,0.6231,-0.7812,0.0386,35000.0,6
2979,Petal,5,ZONE_FACULTY_ABYSSAL,Faculty of Deep-Sea Mining & Trench Exploration,0.6667,-0.5,-59068.5,-51626.31,3006.6,78449.76,221.15,38904.04,0.623,-0.7813,0.0385,35000.0,6
2980,Petal,5,ZONE_FACULTY_ABYSSAL,Faculty of Deep-Sea Mining & Trench Exploration,0.6667,-0.375,-58138.23,-52556.59,3588.58,78372.5,222.11,38904.04,0.6229,-0.7813,0.0384,35000.0,6
2981,Petal,5,ZONE_FACULTY_ABYSSAL,Faculty of Deep-Sea Mining & Trench Exploration,0.6667,-0.25,-57207.96,-53486.86,4075.84,78317.27,223.07,38904.04,0.6229,-0.7813,0.0383,35000.0,6
2982,Petal,5,ZONE_FACULTY_ABYSSAL,Faculty of Deep-Sea Mining & Trench Exploration,0.6667,-0.125,-56277.68,-54417.13,4468.38,78284.11,224.04,38904.04,0.623,-0.7813,0.0382,35000.0,6
2983,Petal,5,ZONE_FACULTY_ABYSSAL,Faculty of Deep-Sea Mining & Trench Exploration,0.6667,0.0,-55347.41,-55347.41,4766.19,78273.05,225.0,38904.04,0.6244,-0.7802,0.0376,35000.0,6
2984,Petal,5,ZONE_FACULTY_ABYSSAL,Faculty of Deep-Sea Mining & Trench Exploration,0.6667,0.125,-54417.13,-56277.68,4468.38,78284.11,225.96,38904.04,0.6247,-0.7799,0.0375,35000.0,6
2985,Petal,5,ZONE_FACULTY_ABYSSAL,Faculty of Deep-Sea Mining & Trench Exploration,0.6667,0.25,-53486.86,-57207.96,4075.84,78317.27,226.93,38904.04,0.6251,-0.7796,0.0374,35000.0,6
2986,Petal,5,ZONE_FACULTY_ABYSSAL,Faculty of Deep-Sea Mining & Trench Exploration,0.6667,0.375,-52556.59,-58138.23,3588.58,78372.5,227.89,38904.04,0.6256,-0.7793,0.0373,35000.0,6
2987,Petal,5,ZONE_FACULTY_ABYSSAL,Faculty of Deep-Sea Mining & Trench Exploration,0.6667,0.5,-51626.31,-59068.5,3006.6,78449.76,228.85,38904.04,0.6261,-0.7789,0.0372,35000.0,6
2988,Petal,5,ZONE_FACULTY_ABYSSAL,Faculty of Deep-Sea Mining & Trench Exploration,0.6667,0.625,-50696.04,-59998.78,2329.9,78548.98,229.8,38904.04,0.6267,-0.7784,0.0371,35000.0,6
2989,Petal,5,ZONE_FACULTY_ABYSSAL,Faculty of Deep-Sea Mining & Trench Exploration,0.6667,0.75,-49765.76,-60929.05,1558.48,78670.07,230.76,38904.04,0.6273,-0.7779,0.037,35000.0,6
2990,Petal,5,ZONE_FACULTY_ABYSSAL,Faculty of Deep-Sea Mining & Trench Exploration,0.6667,0.875,-48835.49,-61859.33,692.34,78812.95,231.71,38904.04,0.6279,-0.7774,0.0369,35000.0,6
2991,Petal,5,ZONE_CLEARANCE_WATERWAY,Faculty of Deep-Sea Mining & Trench Exploration,0.6667,1.0,-47905.22,-62789.6,-268.53,78977.49,232.66,38904.04,0.6262,-0.7787,0.0378,35000.0,6
2992,Petal,5,ZONE_CLEARANCE_WATERWAY,Faculty of Deep-Sea Mining & Trench Exploration,0.7,-1.0,-64158.44,-51010.45,69.13,81965.68,218.49,43783.34,0.6345,-0.7722,0.0327,35000.0,6
2993,Petal,5,ZONE_FACULTY_ABYSSAL,Faculty of Deep-Sea Mining & Trench Exploration,0.7,-0.875,-63336.69,-51832.2,972.39,81842.01,219.3,43783.34,0.6341,-0.7725,0.0327,35000.0,6
2994,Petal,5,ZONE_FACULTY_ABYSSAL,Faculty of Deep-Sea Mining & Trench Exploration,0.7,-0.75,-62514.94,-52653.95,1787.16,81734.67,220.11,43783.34,0.6338,-0.7728,0.0326,35000.0,6
2995,Petal,5,ZONE_FACULTY_ABYSSAL,Faculty of Deep-Sea Mining & Trench Exploration,0.7,-0.625,-61693.19,-53475.7,2513.44,81643.74,220.92,43783.34,0.6335,-0.773,0.0325,35000.0,6
2996,Petal,5,ZONE_FACULTY_ABYSSAL,Faculty of Deep-Sea Mining & Trench Exploration,0.7,-0.5,-60871.44,-54297.45,3151.24,81569.27,221.73,43783.34,0.6333,-0.7732,0.0324,35000.0,6
2997,Petal,5,ZONE_FACULTY_ABYSSAL,Faculty of Deep-Sea Mining & Trench Exploration,0.7,-0.375,-60049.69,-55119.2,3700.55,81511.3,222.55,43783.34,0.6332,-0.7733,0.0323,35000.0,6
2998,Petal,5,ZONE_FACULTY_ABYSSAL,Faculty of Deep-Sea Mining & Trench Exploration,0.7,-0.25,-59227.95,-55940.95,4161.38,81469.87,223.37,43783.34,0.6331,-0.7734,0.0322,35000.0,6
2999,Petal,5,ZONE_FACULTY_ABYSSAL,Faculty of Deep-Sea Mining & Trench Exploration,0.7,-0.125,-58406.2,-56762.7,4533.72,81445.0,224.18,43783.34,0.6331,-0.7734,0.0322,35000.0,6
3000,Petal,5,ZONE_FACULTY_ABYSSAL,Faculty of Deep-Sea Mining & Trench Exploration,0.7,0.0,-57584.45,-57584.45,4817.57,81436.71,225.0,43783.34,0.6341,-0.7726,0.0317,35000.0,6
3001,Petal,5,ZONE_FACULTY_ABYSSAL,Faculty of Deep-Sea Mining & Trench Exploration,0.7,0.125,-56762.7,-58406.2,4533.72,81445.0,225.82,43783.34,0.6345,-0.7723,0.0316,35000.0,6
3002,Petal,5,ZONE_FACULTY_ABYSSAL,Faculty of Deep-Sea Mining & Trench Exploration,0.7,0.25,-55940.95,-59227.95,4161.38,81469.87,226.63,43783.34,0.6349,-0.772,0.0315,35000.0,6
3003,Petal,5,ZONE_FACULTY_ABYSSAL,Faculty of Deep-Sea Mining & Trench Exploration,0.7,0.375,-55119.2,-60049.69,3700.55,81511.3,227.45,43783.34,0.6353,-0.7716,0.0314,35000.0,6
3004,Petal,5,ZONE_FACULTY_ABYSSAL,Faculty of Deep-Sea Mining & Trench Exploration,0.7,0.5,-54297.45,-60871.44,3151.24,81569.27,228.27,43783.34,0.6358,-0.7712,0.0314,35000.0,6
3005,Petal,5,ZONE_FACULTY_ABYSSAL,Faculty of Deep-Sea Mining & Trench Exploration,0.7,0.625,-53475.7,-61693.19,2513.44,81643.74,229.08,43783.34,0.6364,-0.7708,0.0313,35000.0,6
3006,Petal,5,ZONE_FACULTY_ABYSSAL,Faculty of Deep-Sea Mining & Trench Exploration,0.7,0.75,-52653.95,-62514.94,1787.16,81734.67,229.89,43783.34,0.637,-0.7703,0.0312,35000.0,6
3007,Petal,5,ZONE_FACULTY_ABYSSAL,Faculty of Deep-Sea Mining & Trench Exploration,0.7,0.875,-51832.2,-63336.69,972.39,81842.01,230.7,43783.34,0.6376,-0.7697,0.0312,35000.0,6
3008,Petal,5,ZONE_CLEARANCE_WATERWAY,Faculty of Deep-Sea Mining & Trench Exploration,0.7,1.0,-51010.45,-64158.44,69.13,81965.68,231.51,43783.34,0.6365,-0.7706,0.0319,35000.0,6
3009,Petal,5,ZONE_CLEARANCE_WATERWAY,Faculty of Deep-Sea Mining & Trench Exploration,0.7333,-1.0,-65533.14,-54109.83,422.8,84985.1,219.55,48646.06,0.6458,-0.763,0.0281,35000.0,6
3010,Petal,5,ZONE_FACULTY_ABYSSAL,Faculty of Deep-Sea Mining & Trench Exploration,0.7333,-0.875,-64819.19,-54823.79,1230.47,84895.08,220.22,48646.06,0.645,-0.7636,0.028,35000.0,6
3011,Petal,5,ZONE_FACULTY_ABYSSAL,Faculty of Deep-Sea Mining & Trench Exploration,0.7333,-0.75,-64105.23,-55537.75,1959.64,84816.99,220.9,48646.06,0.6444,-0.7642,0.0279,35000.0,6
3012,Petal,5,ZONE_FACULTY_ABYSSAL,Faculty of Deep-Sea Mining & Trench Exploration,0.7333,-0.625,-63391.27,-56251.7,2610.33,84750.86,221.58,48646.06,0.6438,-0.7647,0.0279,35000.0,6
3013,Petal,5,ZONE_FACULTY_ABYSSAL,Faculty of Deep-Sea Mining & Trench Exploration,0.7333,-0.5,-62677.32,-56965.66,3182.51,84696.71,222.27,48646.06,0.6434,-0.765,0.0278,35000.0,6
3014,Petal,5,ZONE_FACULTY_ABYSSAL,Faculty of Deep-Sea Mining & Trench Exploration,0.7333,-0.375,-61963.36,-57679.62,3676.21,84654.57,222.95,48646.06,0.643,-0.7654,0.0278,35000.0,6
3015,Petal,5,ZONE_FACULTY_ABYSSAL,Faculty of Deep-Sea Mining & Trench Exploration,0.7333,-0.25,-61249.4,-58393.57,4091.41,84624.46,223.63,48646.06,0.6427,-0.7656,0.0277,35000.0,6
3016,Petal,5,ZONE_FACULTY_ABYSSAL,Faculty of Deep-Sea Mining & Trench Exploration,0.7333,-0.125,-60535.44,-59107.53,4428.12,84606.38,224.32,48646.06,0.6425,-0.7658,0.0276,35000.0,6
3017,Petal,5,ZONE_FACULTY_ABYSSAL,Faculty of Deep-Sea Mining & Trench Exploration,0.7333,0.0,-59821.49,-59821.49,4686.33,84600.36,225.0,48646.06,0.6432,-0.7652,0.0272,35000.0,6
3018,Petal,5,ZONE_FACULTY_ABYSSAL,Faculty of Deep-Sea Mining & Trench Exploration,0.7333,0.125,-59107.53,-60535.44,4428.12,84606.38,225.68,48646.06,0.6436,-0.7649,0.0272,35000.0,6
3019,Petal,5,ZONE_FACULTY_ABYSSAL,Faculty of Deep-Sea Mining & Trench Exploration,0.7333,0.25,-58393.57,-61249.4,4091.41,84624.46,226.37,48646.06,0.6441,-0.7645,0.0271,35000.0,6
3020,Petal,5,ZONE_FACULTY_ABYSSAL,Faculty of Deep-Sea Mining & Trench Exploration,0.7333,0.375,-57679.62,-61963.36,3676.21,84654.57,227.05,48646.06,0.6446,-0.764,0.0271,35000.0,6
3021,Petal,5,ZONE_FACULTY_ABYSSAL,Faculty of Deep-Sea Mining & Trench Exploration,0.7333,0.5,-56965.66,-62677.32,3182.51,84696.71,227.73,48646.06,0.6453,-0.7635,0.027,35000.0,6
3022,Petal,5,ZONE_FACULTY_ABYSSAL,Faculty of Deep-Sea Mining & Trench Exploration,0.7333,0.625,-56251.7,-63391.27,2610.33,84750.86,228.42,48646.06,0.646,-0.7629,0.027,35000.0,6
3023,Petal,5,ZONE_FACULTY_ABYSSAL,Faculty of Deep-Sea Mining & Trench Exploration,0.7333,0.75,-55537.75,-64105.23,1959.64,84816.99,229.1,48646.06,0.6468,-0.7622,0.0269,35000.0,6
3024,Petal,5,ZONE_FACULTY_ABYSSAL,Faculty of Deep-Sea Mining & Trench Exploration,0.7333,0.875,-54823.79,-64819.19,1230.47,84895.08,229.78,48646.06,0.6477,-0.7614,0.0269,35000.0,6
3025,Petal,5,ZONE_CLEARANCE_WATERWAY,Faculty of Deep-Sea Mining & Trench Exploration,0.7333,1.0,-54109.83,-65533.14,422.8,84985.1,230.45,48646.06,0.6472,-0.7618,0.0274,35000.0,6
3026,Petal,5,ZONE_CLEARANCE_WATERWAY,Faculty of Deep-Sea Mining & Trench Exploration,0.7667,-1.0,-66920.6,-57196.46,729.61,88032.96,220.52,53472.72,0.656,-0.7544,0.0252,35000.0,6
3027,Petal,5,ZONE_FACULTY_ABYSSAL,Faculty of Deep-Sea Mining & Trench Exploration,0.7667,-0.875,-66312.84,-57804.22,1394.3,87970.0,221.08,53472.72,0.6551,-0.7551,0.0252,35000.0,6
3028,Petal,5,ZONE_FACULTY_ABYSSAL,Faculty of Deep-Sea Mining & Trench Exploration,0.7667,-0.75,-65705.08,-58411.98,1995.05,87915.39,221.64,53472.72,0.6544,-0.7558,0.0251,35000.0,6
3029,Petal,5,ZONE_FACULTY_ABYSSAL,Faculty of Deep-Sea Mining & Trench Exploration,0.7667,-0.625,-65097.32,-59019.74,2531.84,87869.17,222.2,53472.72,0.6537,-0.7563,0.0251,35000.0,6
3030,Petal,5,ZONE_FACULTY_ABYSSAL,Faculty of Deep-Sea Mining & Trench Exploration,0.7667,-0.5,-64489.56,-59627.49,3004.68,87831.33,222.76,53472.72,0.6531,-0.7568,0.025,35000.0,6
3031,Petal,5,ZONE_FACULTY_ABYSSAL,Faculty of Deep-Sea Mining & Trench Exploration,0.7667,-0.375,-63881.8,-60235.25,3413.57,87801.88,223.32,53472.72,0.6527,-0.7572,0.025,35000.0,6
3032,Petal,5,ZONE_FACULTY_ABYSSAL,Faculty of Deep-Sea Mining & Trench Exploration,0.7667,-0.25,-63274.05,-60843.01,3758.51,87780.85,223.88,53472.72,0.6523,-0.7575,0.0249,35000.0,6
3033,Petal,5,ZONE_FACULTY_ABYSSAL,Faculty of Deep-Sea Mining & Trench Exploration,0.7667,-0.125,-62666.29,-61450.77,4039.5,87768.22,224.44,53472.72,0.652,-0.7578,0.0249,35000.0,6
3034,Petal,5,ZONE_FACULTY_ABYSSAL,Faculty of Deep-Sea Mining & Trench Exploration,0.7667,0.0,-62058.53,-62058.53,4256.54,87764.01,225.0,53472.72,0.6525,-0.7574,0.0246,35000.0,6
3035,Petal,5,ZONE_FACULTY_ABYSSAL,Faculty of Deep-Sea Mining & Trench Exploration,0.7667,0.125,-61450.77,-62666.29,4039.5,87768.22,225.56,53472.72,0.6528,-0.7571,0.0245,35000.0,6
3036,Petal,5,ZONE_FACULTY_ABYSSAL,Faculty of Deep-Sea Mining & Trench Exploration,0.7667,0.25,-60843.01,-63274.05,3758.51,87780.85,226.12,53472.72,0.6533,-0.7567,0.0245,35000.0,6
3037,Petal,5,ZONE_FACULTY_ABYSSAL,Faculty of Deep-Sea Mining & Trench Exploration,0.7667,0.375,-60235.25,-63881.8,3413.57,87801.88,226.68,53472.72,0.6539,-0.7562,0.0244,35000.0,6
3038,Petal,5,ZONE_FACULTY_ABYSSAL,Faculty of Deep-Sea Mining & Trench Exploration,0.7667,0.5,-59627.49,-64489.56,3004.68,87831.33,227.24,53472.72,0.6545,-0.7556,0.0244,35000.0,6
3039,Petal,5,ZONE_FACULTY_ABYSSAL,Faculty of Deep-Sea Mining & Trench Exploration,0.7667,0.625,-59019.74,-65097.32,2531.84,87869.17,227.8,53472.72,0.6553,-0.755,0.0243,35000.0,6
3040,Petal,5,ZONE_FACULTY_ABYSSAL,Faculty of Deep-Sea Mining & Trench Exploration,0.7667,0.75,-58411.98,-65705.08,1995.05,87915.39,228.36,53472.72,0.6561,-0.7543,0.0243,35000.0,6
3041,Petal,5,ZONE_FACULTY_ABYSSAL,Faculty of Deep-Sea Mining & Trench Exploration,0.7667,0.875,-57804.22,-66312.84,1394.3,87970.0,228.92,53472.72,0.657,-0.7535,0.0243,35000.0,6
3042,Petal,5,ZONE_CLEARANCE_WATERWAY,Faculty of Deep-Sea Mining & Trench Exploration,0.7667,1.0,-57196.46,-66920.6,729.61,88032.96,229.48,53472.72,0.657,-0.7534,0.0247,35000.0,6
3043,Petal,5,ZONE_CLEARANCE_WATERWAY,Faculty of Deep-Sea Mining & Trench Exploration,0.8,-1.0,-68327.52,-60263.61,931.72,91106.28,221.41,58244.3,0.6654,-0.7461,0.0236,35000.0,6
3044,Petal,5,ZONE_FACULTY_ABYSSAL,Faculty of Deep-Sea Mining & Trench Exploration,0.8,-0.875,-67823.53,-60767.61,1433.09,91064.45,221.86,58244.3,0.6646,-0.7469,0.0235,35000.0,6
3045,Petal,5,ZONE_FACULTY_ABYSSAL,Faculty of Deep-Sea Mining & Trench Exploration,0.8,-0.75,-67319.53,-61271.6,1886.84,91028.18,222.31,58244.3,0.6638,-0.7475,0.0235,35000.0,6
3046,Petal,5,ZONE_FACULTY_ABYSSAL,Faculty of Deep-Sea Mining & Trench Exploration,0.8,-0.625,-66815.54,-61775.6,2292.97,90997.48,222.76,58244.3,0.6631,-0.7481,0.0235,35000.0,6
3047,Petal,5,ZONE_FACULTY_ABYSSAL,Faculty of Deep-Sea Mining & Trench Exploration,0.8,-0.5,-66311.55,-62279.59,2651.47,90972.35,223.2,58244.3,0.6626,-0.7486,0.0234,35000.0,6
3048,Petal,5,ZONE_FACULTY_ABYSSAL,Faculty of Deep-Sea Mining & Trench Exploration,0.8,-0.375,-65807.55,-62783.59,2962.36,90952.8,223.65,58244.3,0.6621,-0.749,0.0234,35000.0,6
3049,Petal,5,ZONE_FACULTY_ABYSSAL,Faculty of Deep-Sea Mining & Trench Exploration,0.8,-0.25,-65303.56,-63287.58,3225.62,90938.84,224.1,58244.3,0.6617,-0.7494,0.0234,35000.0,6
3050,Petal,5,ZONE_FACULTY_ABYSSAL,Faculty of Deep-Sea Mining & Trench Exploration,0.8,-0.125,-64799.56,-63791.57,3441.26,90930.46,224.55,58244.3,0.6614,-0.7497,0.0233,35000.0,6
3051,Petal,5,ZONE_FACULTY_ABYSSAL,Faculty of Deep-Sea Mining & Trench Exploration,0.8,0.0,-64295.57,-64295.57,3609.28,90927.66,225.0,58244.3,0.6617,-0.7495,0.0231,35000.0,6
3052,Petal,5,ZONE_FACULTY_ABYSSAL,Faculty of Deep-Sea Mining & Trench Exploration,0.8,0.125,-63791.57,-64799.56,3441.26,90930.46,225.45,58244.3,0.662,-0.7491,0.023,35000.0,6
3053,Petal,5,ZONE_FACULTY_ABYSSAL,Faculty of Deep-Sea Mining & Trench Exploration,0.8,0.25,-63287.58,-65303.56,3225.62,90938.84,225.9,58244.3,0.6624,-0.7488,0.023,35000.0,6
3054,Petal,5,ZONE_FACULTY_ABYSSAL,Faculty of Deep-Sea Mining & Trench Exploration,0.8,0.375,-62783.59,-65807.55,2962.36,90952.8,226.35,58244.3,0.663,-0.7483,0.023,35000.0,6
3055,Petal,5,ZONE_FACULTY_ABYSSAL,Faculty of Deep-Sea Mining & Trench Exploration,0.8,0.5,-62279.59,-66311.55,2651.47,90972.35,226.8,58244.3,0.6636,-0.7478,0.0229,35000.0,6
3056,Petal,5,ZONE_FACULTY_ABYSSAL,Faculty of Deep-Sea Mining & Trench Exploration,0.8,0.625,-61775.6,-66815.54,2292.97,90997.48,227.24,58244.3,0.6643,-0.7472,0.0229,35000.0,6
3057,Petal,5,ZONE_FACULTY_ABYSSAL,Faculty of Deep-Sea Mining & Trench Exploration,0.8,0.75,-61271.6,-67319.53,1886.84,91028.18,227.69,58244.3,0.665,-0.7465,0.0229,35000.0,6
3058,Petal,5,ZONE_FACULTY_ABYSSAL,Faculty of Deep-Sea Mining & Trench Exploration,0.8,0.875,-60767.61,-67823.53,1433.09,91064.45,228.14,58244.3,0.6659,-0.7457,0.0228,35000.0,6
3059,Petal,5,ZONE_CLEARANCE_WATERWAY,Faculty of Deep-Sea Mining & Trench Exploration,0.8,1.0,-60263.61,-68327.52,931.72,91106.28,228.59,58244.3,0.6661,-0.7455,0.0232,35000.0,6
3060,Petal,5,ZONE_CLEARANCE_WATERWAY,Faculty of Deep-Sea Mining & Trench Exploration,0.8333,-1.0,-69760.74,-63304.47,992.95,94202.01,222.22,62941.5,0.6741,-0.7383,0.023,35000.0,6
3061,Petal,5,ZONE_FACULTY_ABYSSAL,Faculty of Deep-Sea Mining & Trench Exploration,0.8333,-0.875,-69357.23,-63707.99,1334.24,94176.07,222.57,62941.5,0.6734,-0.7389,0.0229,35000.0,6
3062,Petal,5,ZONE_FACULTY_ABYSSAL,Faculty of Deep-Sea Mining & Trench Exploration,0.8333,-0.75,-68953.71,-64111.51,1643.64,94153.6,222.92,62941.5,0.6727,-0.7395,0.0229,35000.0,6
3063,Petal,5,ZONE_FACULTY_ABYSSAL,Faculty of Deep-Sea Mining & Trench Exploration,0.8333,-0.625,-68550.19,-64515.02,1921.17,94134.57,223.26,62941.5,0.6721,-0.7401,0.0229,35000.0,6
3064,Petal,5,ZONE_FACULTY_ABYSSAL,Faculty of Deep-Sea Mining & Trench Exploration,0.8333,-0.5,-68146.68,-64918.54,2166.81,94119.0,223.61,62941.5,0.6716,-0.7406,0.0229,35000.0,6
3065,Petal,5,ZONE_FACULTY_ABYSSAL,Faculty of Deep-Sea Mining & Trench Exploration,0.8333,-0.375,-67743.16,-65322.06,2380.56,94106.89,223.96,62941.5,0.6712,-0.741,0.0228,35000.0,6
3066,Petal,5,ZONE_FACULTY_ABYSSAL,Faculty of Deep-Sea Mining & Trench Exploration,0.8333,-0.25,-67339.64,-65725.57,2562.44,94098.24,224.31,62941.5,0.6708,-0.7413,0.0228,35000.0,6
3067,Petal,5,ZONE_FACULTY_ABYSSAL,Faculty of Deep-Sea Mining & Trench Exploration,0.8333,-0.125,-66936.13,-66129.09,2712.43,94093.05,224.65,62941.5,0.6705,-0.7415,0.0228,35000.0,6
3068,Petal,5,ZONE_FACULTY_ABYSSAL,Faculty of Deep-Sea Mining & Trench Exploration,0.8333,0.0,-66532.61,-66532.61,2830.55,94091.32,225.0,62941.5,0.6706,-0.7415,0.0225,35000.0,6
3069,Petal,5,ZONE_FACULTY_ABYSSAL,Faculty of Deep-Sea Mining & Trench Exploration,0.8333,0.125,-66129.09,-66936.13,2712.43,94093.05,225.35,62941.5,0.6709,-0.7412,0.0225,35000.0,6
3070,Petal,5,ZONE_FACULTY_ABYSSAL,Faculty of Deep-Sea Mining & Trench Exploration,0.8333,0.25,-65725.57,-67339.64,2562.44,94098.24,225.69,62941.5,0.6713,-0.7408,0.0225,35000.0,6
3071,Petal,5,ZONE_FACULTY_ABYSSAL,Faculty of Deep-Sea Mining & Trench Exploration,0.8333,0.375,-65322.06,-67743.16,2380.56,94106.89,226.04,62941.5,0.6717,-0.7404,0.0225,35000.0,6
3072,Petal,5,ZONE_FACULTY_ABYSSAL,Faculty of Deep-Sea Mining & Trench Exploration,0.8333,0.5,-64918.54,-68146.68,2166.81,94119.0,226.39,62941.5,0.6723,-0.74,0.0224,35000.0,6
3073,Petal,5,ZONE_FACULTY_ABYSSAL,Faculty of Deep-Sea Mining & Trench Exploration,0.8333,0.625,-64515.02,-68550.19,1921.17,94134.57,226.74,62941.5,0.6729,-0.7394,0.0224,35000.0,6
3074,Petal,5,ZONE_FACULTY_ABYSSAL,Faculty of Deep-Sea Mining & Trench Exploration,0.8333,0.75,-64111.51,-68953.71,1643.64,94153.6,227.08,62941.5,0.6735,-0.7388,0.0224,35000.0,6
3075,Petal,5,ZONE_FACULTY_ABYSSAL,Faculty of Deep-Sea Mining & Trench Exploration,0.8333,0.875,-63707.99,-69357.23,1334.24,94176.07,227.43,62941.5,0.6743,-0.7382,0.0224,35000.0,6
3076,Petal,5,ZONE_CLEARANCE_WATERWAY,Faculty of Deep-Sea Mining & Trench Exploration,0.8333,1.0,-63304.47,-69760.74,992.95,94202.01,227.78,62941.5,0.6746,-0.7378,0.0226,35000.0,6
3077,Petal,5,ZONE_CLEARANCE_WATERWAY,Faculty of Deep-Sea Mining & Trench Exploration,0.8667,-1.0,-71227.6,-66311.7,903.97,97317.07,222.95,67543.58,0.6822,-0.7308,0.0235,35000.0,6
3078,Petal,5,ZONE_HARBOR_BERTH,Faculty of Deep-Sea Mining & Trench Exploration,0.8667,-0.875,-70920.35,-66618.94,1107.01,97302.52,223.21,67543.58,0.6816,-0.7313,0.0234,35000.0,6
3079,Petal,5,ZONE_HARBOR_BERTH,Faculty of Deep-Sea Mining & Trench Exploration,0.8667,-0.75,-70613.11,-66926.19,1291.5,97289.91,223.46,67543.58,0.6811,-0.7319,0.0234,35000.0,6
3080,Petal,5,ZONE_HARBOR_BERTH,Faculty of Deep-Sea Mining & Trench Exploration,0.8667,-0.625,-70305.87,-67233.43,1457.44,97279.23,223.72,67543.58,0.6806,-0.7323,0.0234,35000.0,6
3081,Petal,5,ZONE_HARBOR_BERTH,Faculty of Deep-Sea Mining & Trench Exploration,0.8667,-0.5,-69998.62,-67540.67,1604.83,97270.5,223.98,67543.58,0.6801,-0.7327,0.0234,35000.0,6
3082,Petal,5,ZONE_HARBOR_BERTH,Faculty of Deep-Sea Mining & Trench Exploration,0.8667,-0.375,-69691.38,-67847.92,1733.66,97263.71,224.23,67543.58,0.6798,-0.733,0.0233,35000.0,6
3083,Petal,5,ZONE_HARBOR_BERTH,Faculty of Deep-Sea Mining & Trench Exploration,0.8667,-0.25,-69384.14,-68155.16,1843.94,97258.85,224.49,67543.58,0.6795,-0.7333,0.0233,35000.0,6
3084,Petal,5,ZONE_HARBOR_BERTH,Faculty of Deep-Sea Mining & Trench Exploration,0.8667,-0.125,-69076.89,-68462.41,1935.68,97255.94,224.74,67543.58,0.6792,-0.7336,0.0233,35000.0,6
3085,Petal,5,ZONE_HARBOR_BERTH,Faculty of Deep-Sea Mining & Trench Exploration,0.8667,0.0,-68769.65,-68769.65,2008.86,97254.97,225.0,67543.58,0.6792,-0.7335,0.0231,35000.0,6
3086,Petal,5,ZONE_HARBOR_BERTH,Faculty of Deep-Sea Mining & Trench Exploration,0.8667,0.125,-68462.41,-69076.89,1935.68,97255.94,225.26,67543.58,0.6795,-0.7333,0.0231,35000.0,6
3087,Petal,5,ZONE_HARBOR_BERTH,Faculty of Deep-Sea Mining & Trench Exploration,0.8667,0.25,-68155.16,-69384.14,1843.94,97258.85,225.51,67543.58,0.6798,-0.7331,0.0231,35000.0,6
3088,Petal,5,ZONE_HARBOR_BERTH,Faculty of Deep-Sea Mining & Trench Exploration,0.8667,0.375,-67847.92,-69691.38,1733.66,97263.71,225.77,67543.58,0.6801,-0.7327,0.023,35000.0,6
3089,Petal,5,ZONE_HARBOR_BERTH,Faculty of Deep-Sea Mining & Trench Exploration,0.8667,0.5,-67540.67,-69998.62,1604.83,97270.5,226.02,67543.58,0.6805,-0.7323,0.023,35000.0,6
3090,Petal,5,ZONE_HARBOR_BERTH,Faculty of Deep-Sea Mining & Trench Exploration,0.8667,0.625,-67233.43,-70305.87,1457.44,97279.23,226.28,67543.58,0.681,-0.7319,0.023,35000.0,6
3091,Petal,5,ZONE_HARBOR_BERTH,Faculty of Deep-Sea Mining & Trench Exploration,0.8667,0.75,-66926.19,-70613.11,1291.5,97289.91,226.54,67543.58,0.6816,-0.7314,0.023,35000.0,6
3092,Petal,5,ZONE_HARBOR_BERTH,Faculty of Deep-Sea Mining & Trench Exploration,0.8667,0.875,-66618.94,-70920.35,1107.01,97302.52,226.79,67543.58,0.6821,-0.7309,0.023,35000.0,6
3093,Petal,5,ZONE_CLEARANCE_WATERWAY,Faculty of Deep-Sea Mining & Trench Exploration,0.8667,1.0,-66311.7,-71227.6,903.97,97317.07,227.05,67543.58,0.6825,-0.7305,0.0232,35000.0,6
3094,Petal,5,ZONE_CLEARANCE_WATERWAY,Faculty of Deep-Sea Mining & Trench Exploration,0.9,-1.0,-72736.71,-69276.67,686.49,100448.42,223.6,72026.13,0.6896,-0.7237,0.0255,35000.0,6
3095,Petal,5,ZONE_HARBOR_BERTH,Faculty of Deep-Sea Mining & Trench Exploration,0.9,-0.875,-72520.46,-69492.92,785.44,100441.44,223.78,72026.13,0.6892,-0.7241,0.0255,35000.0,6
3096,Petal,5,ZONE_HARBOR_BERTH,Faculty of Deep-Sea Mining & Trench Exploration,0.9,-0.75,-72304.21,-69709.17,875.63,100435.39,223.95,72026.13,0.6888,-0.7245,0.0255,35000.0,6
3097,Petal,5,ZONE_HARBOR_BERTH,Faculty of Deep-Sea Mining & Trench Exploration,0.9,-0.625,-72087.95,-69925.43,957.06,100430.26,224.13,72026.13,0.6884,-0.7249,0.0254,35000.0,6
3098,Petal,5,ZONE_HARBOR_BERTH,Faculty of Deep-Sea Mining & Trench Exploration,0.9,-0.5,-71871.7,-70141.68,1029.72,100426.07,224.3,72026.13,0.6881,-0.7252,0.0254,35000.0,6
3099,Petal,5,ZONE_HARBOR_BERTH,Faculty of Deep-Sea Mining & Trench Exploration,0.9,-0.375,-71655.45,-70357.93,1093.62,100422.81,224.48,72026.13,0.6878,-0.7254,0.0254,35000.0,6
3100,Petal,5,ZONE_HARBOR_BERTH,Faculty of Deep-Sea Mining & Trench Exploration,0.9,-0.25,-71439.19,-70574.18,1148.76,100420.49,224.65,72026.13,0.6876,-0.7256,0.0254,35000.0,6
3101,Petal,5,ZONE_HARBOR_BERTH,Faculty of Deep-Sea Mining & Trench Exploration,0.9,-0.125,-71222.94,-70790.44,1195.14,100419.09,224.83,72026.13,0.6874,-0.7258,0.0254,35000.0,6
3102,Petal,5,ZONE_HARBOR_BERTH,Faculty of Deep-Sea Mining & Trench Exploration,0.9,0.0,-71006.69,-71006.69,1232.75,100418.62,225.0,72026.13,0.6874,-0.7259,0.0252,35000.0,6
3103,Petal,5,ZONE_HARBOR_BERTH,Faculty of Deep-Sea Mining & Trench Exploration,0.9,0.125,-70790.44,-71222.94,1195.14,100419.09,225.17,72026.13,0.6875,-0.7257,0.0252,35000.0,6
3104,Petal,5,ZONE_HARBOR_BERTH,Faculty of Deep-Sea Mining & Trench Exploration,0.9,0.25,-70574.18,-71439.19,1148.76,100420.49,225.35,72026.13,0.6878,-0.7255,0.0252,35000.0,6
3105,Petal,5,ZONE_HARBOR_BERTH,Faculty of Deep-Sea Mining & Trench Exploration,0.9,0.375,-70357.93,-71655.45,1093.62,100422.81,225.52,72026.13,0.688,-0.7252,0.0252,35000.0,6
3106,Petal,5,ZONE_HARBOR_BERTH,Faculty of Deep-Sea Mining & Trench Exploration,0.9,0.5,-70141.68,-71871.7,1029.72,100426.07,225.7,72026.13,0.6883,-0.725,0.0251,35000.0,6
3107,Petal,5,ZONE_HARBOR_BERTH,Faculty of Deep-Sea Mining & Trench Exploration,0.9,0.625,-69925.43,-72087.95,957.06,100430.26,225.87,72026.13,0.6887,-0.7246,0.0251,35000.0,6
3108,Petal,5,ZONE_HARBOR_BERTH,Faculty of Deep-Sea Mining & Trench Exploration,0.9,0.75,-69709.17,-72304.21,875.63,100435.39,226.05,72026.13,0.6891,-0.7243,0.0251,35000.0,6
3109,Petal,5,ZONE_HARBOR_BERTH,Faculty of Deep-Sea Mining & Trench Exploration,0.9,0.875,-69492.92,-72520.46,785.44,100441.44,226.22,72026.13,0.6895,-0.7239,0.0251,35000.0,6
3110,Petal,5,ZONE_CLEARANCE_WATERWAY,Faculty of Deep-Sea Mining & Trench Exploration,0.9,1.0,-69276.67,-72736.71,686.49,100448.42,226.4,72026.13,0.6898,-0.7236,0.0253,35000.0,6
3111,Petal,5,ZONE_CLEARANCE_WATERWAY,Faculty of Deep-Sea Mining & Trench Exploration,0.9333,-1.0,-74299.74,-72187.72,396.26,103593.04,224.17,76356.19,0.6963,-0.7171,0.0308,35000.0,6
3112,Petal,5,ZONE_HARBOR_BERTH,Faculty of Deep-Sea Mining & Trench Exploration,0.9333,-0.875,-74167.74,-72319.72,430.28,103590.52,224.28,76356.19,0.696,-0.7174,0.0307,35000.0,6
3113,Petal,5,ZONE_HARBOR_BERTH,Faculty of Deep-Sea Mining & Trench Exploration,0.9333,-0.75,-74035.74,-72451.72,461.44,103588.33,224.38,76356.19,0.6958,-0.7176,0.0307,35000.0,6
3114,Petal,5,ZONE_HARBOR_BERTH,Faculty of Deep-Sea Mining & Trench Exploration,0.9333,-0.625,-73903.74,-72583.72,489.73,103586.48,224.48,76356.19,0.6955,-0.7178,0.0307,35000.0,6
3115,Petal,5,ZONE_HARBOR_BERTH,Faculty of Deep-Sea Mining & Trench Exploration,0.9333,-0.5,-73771.73,-72715.73,515.14,103584.97,224.59,76356.19,0.6953,-0.718,0.0307,35000.0,6
3116,Petal,5,ZONE_HARBOR_BERTH,Faculty of Deep-Sea Mining & Trench Exploration,0.9333,-0.375,-73639.73,-72847.73,537.69,103583.79,224.69,76356.19,0.6952,-0.7182,0.0307,35000.0,6
3117,Petal,5,ZONE_HARBOR_BERTH,Faculty of Deep-Sea Mining & Trench Exploration,0.9333,-0.25,-73507.73,-72979.73,557.37,103582.95,224.79,76356.19,0.695,-0.7183,0.0307,35000.0,6
3118,Petal,5,ZONE_HARBOR_BERTH,Faculty of Deep-Sea Mining & Trench Exploration,0.9333,-0.125,-73375.73,-73111.73,574.18,103582.44,224.9,76356.19,0.6949,-0.7185,0.0307,35000.0,6
3119,Petal,5,ZONE_HARBOR_BERTH,Faculty of Deep-Sea Mining & Trench Exploration,0.9333,0.0,-73243.73,-73243.73,588.11,103582.28,225.0,76356.19,0.6948,-0.7185,0.0305,35000.0,6
3120,Petal,5,ZONE_HARBOR_BERTH,Faculty of Deep-Sea Mining & Trench Exploration,0.9333,0.125,-73111.73,-73375.73,574.18,103582.44,225.1,76356.19,0.695,-0.7184,0.0305,35000.0,6
3121,Petal,5,ZONE_HARBOR_BERTH,Faculty of Deep-Sea Mining & Trench Exploration,0.9333,0.25,-72979.73,-73507.73,557.37,103582.95,225.21,76356.19,0.6951,-0.7183,0.0305,35000.0,6
3122,Petal,5,ZONE_HARBOR_BERTH,Faculty of Deep-Sea Mining & Trench Exploration,0.9333,0.375,-72847.73,-73639.73,537.69,103583.79,225.31,76356.19,0.6953,-0.7181,0.0305,35000.0,6
3123,Petal,5,ZONE_HARBOR_BERTH,Faculty of Deep-Sea Mining & Trench Exploration,0.9333,0.5,-72715.73,-73771.73,515.14,103584.97,225.41,76356.19,0.6954,-0.7179,0.0305,35000.0,6
3124,Petal,5,ZONE_HARBOR_BERTH,Faculty of Deep-Sea Mining & Trench Exploration,0.9333,0.625,-72583.72,-73903.74,489.73,103586.48,225.52,76356.19,0.6956,-0.7177,0.0304,35000.0,6
3125,Petal,5,ZONE_HARBOR_BERTH,Faculty of Deep-Sea Mining & Trench Exploration,0.9333,0.75,-72451.72,-74035.74,461.44,103588.33,225.62,76356.19,0.6959,-0.7175,0.0304,35000.0,6
3126,Petal,5,ZONE_HARBOR_BERTH,Faculty of Deep-Sea Mining & Trench Exploration,0.9333,0.875,-72319.72,-74167.74,430.28,103590.52,225.72,76356.19,0.6961,-0.7173,0.0304,35000.0,6
3127,Petal,5,ZONE_CLEARANCE_WATERWAY,Faculty of Deep-Sea Mining & Trench Exploration,0.9333,1.0,-72187.72,-74299.74,396.26,103593.04,225.83,76356.19,0.6964,-0.717,0.0306,35000.0,6
3128,Petal,5,ZONE_CLEARANCE_WATERWAY,Faculty of Deep-Sea Mining & Trench Exploration,0.9667,-1.0,-75936.7,-75024.83,124.82,106747.88,224.65,80477.11,0.7018,-0.7108,0.047,35000.0,6
3129,Petal,5,ZONE_HARBOR_BERTH,Faculty of Deep-Sea Mining & Trench Exploration,0.9667,-0.875,-75879.71,-75081.83,129.94,106747.42,224.7,80477.11,0.7017,-0.7109,0.047,35000.0,6
3130,Petal,5,ZONE_HARBOR_BERTH,Faculty of Deep-Sea Mining & Trench Exploration,0.9667,-0.75,-75822.72,-75138.82,134.66,106747.02,224.74,80477.11,0.7016,-0.711,0.047,35000.0,6
3131,Petal,5,ZONE_HARBOR_BERTH,Faculty of Deep-Sea Mining & Trench Exploration,0.9667,-0.625,-75765.73,-75195.81,138.99,106746.69,224.78,80477.11,0.7015,-0.7111,0.047,35000.0,6
3132,Petal,5,ZONE_HARBOR_BERTH,Faculty of Deep-Sea Mining & Trench Exploration,0.9667,-0.5,-75708.74,-75252.8,142.93,106746.42,224.83,80477.11,0.7014,-0.7112,0.047,35000.0,6
3133,Petal,5,ZONE_HARBOR_BERTH,Faculty of Deep-Sea Mining & Trench Exploration,0.9667,-0.375,-75651.75,-75309.79,146.47,106746.2,224.87,80477.11,0.7013,-0.7113,0.047,35000.0,6
3134,Petal,5,ZONE_HARBOR_BERTH,Faculty of Deep-Sea Mining & Trench Exploration,0.9667,-0.25,-75594.75,-75366.79,149.62,106746.05,224.91,80477.11,0.7012,-0.7114,0.047,35000.0,6
3135,Petal,5,ZONE_HARBOR_BERTH,Faculty of Deep-Sea Mining & Trench Exploration,0.9667,-0.125,-75537.76,-75423.78,152.38,106745.96,224.96,80477.11,0.7012,-0.7114,0.047,35000.0,6
3136,Petal,5,ZONE_HARBOR_BERTH,Faculty of Deep-Sea Mining & Trench Exploration,0.9667,0.0,-75480.77,-75480.77,154.75,106745.93,225.0,80477.11,0.7012,-0.7115,0.0468,35000.0,6
3137,Petal,5,ZONE_HARBOR_BERTH,Faculty of Deep-Sea Mining & Trench Exploration,0.9667,0.125,-75423.78,-75537.76,152.38,106745.96,225.04,80477.11,0.7012,-0.7114,0.0468,35000.0,6
3138,Petal,5,ZONE_HARBOR_BERTH,Faculty of Deep-Sea Mining & Trench Exploration,0.9667,0.25,-75366.79,-75594.75,149.62,106746.05,225.09,80477.11,0.7013,-0.7114,0.0468,35000.0,6
3139,Petal,5,ZONE_HARBOR_BERTH,Faculty of Deep-Sea Mining & Trench Exploration,0.9667,0.375,-75309.79,-75651.75,146.47,106746.2,225.13,80477.11,0.7013,-0.7113,0.0468,35000.0,6
3140,Petal,5,ZONE_HARBOR_BERTH,Faculty of Deep-Sea Mining & Trench Exploration,0.9667,0.5,-75252.8,-75708.74,142.93,106746.42,225.17,80477.11,0.7014,-0.7112,0.0468,35000.0,6
3141,Petal,5,ZONE_HARBOR_BERTH,Faculty of Deep-Sea Mining & Trench Exploration,0.9667,0.625,-75195.81,-75765.73,138.99,106746.69,225.22,80477.11,0.7015,-0.7111,0.0468,35000.0,6
3142,Petal,5,ZONE_HARBOR_BERTH,Faculty of Deep-Sea Mining & Trench Exploration,0.9667,0.75,-75138.82,-75822.72,134.66,106747.02,225.26,80477.11,0.7016,-0.711,0.0468,35000.0,6
3143,Petal,5,ZONE_HARBOR_BERTH,Faculty of Deep-Sea Mining & Trench Exploration,0.9667,0.875,-75081.83,-75879.71,129.94,106747.42,225.3,80477.11,0.7017,-0.7109,0.0468,35000.0,6
3144,Petal,5,ZONE_CLEARANCE_WATERWAY,Faculty of Deep-Sea Mining & Trench Exploration,0.9667,1.0,-75024.83,-75936.7,124.82,106747.88,225.35,80477.11,0.7018,-0.7108,0.0469,35000.0,6
3145,Petal,5,ZONE_CLEARANCE_WATERWAY,Faculty of Deep-Sea Mining & Trench Exploration,1.0,-1.0,-77717.81,-77717.81,0.0,109909.58,225.0,84190.36,-0.0,0.0,1.0,35000.0,6
3146,Petal,5,ZONE_HARBOR_BERTH,Faculty of Deep-Sea Mining & Trench Exploration,1.0,-0.875,-77717.81,-77717.81,0.0,109909.58,225.0,84190.36,0.0,0.0,1.0,35000.0,6
3147,Petal,5,ZONE_HARBOR_BERTH,Faculty of Deep-Sea Mining & Trench Exploration,1.0,-0.75,-77717.81,-77717.81,0.0,109909.58,225.0,84190.36,0.0,0.0,1.0,35000.0,6
3148,Petal,5,ZONE_HARBOR_BERTH,Faculty of Deep-Sea Mining & Trench Exploration,1.0,-0.625,-77717.81,-77717.81,0.0,109909.58,225.0,84190.36,0.0,0.0,1.0,35000.0,6
3149,Petal,5,ZONE_HARBOR_BERTH,Faculty of Deep-Sea Mining & Trench Exploration,1.0,-0.5,-77717.81,-77717.81,0.0,109909.58,225.0,84190.36,0.0,0.0,1.0,35000.0,6
3150,Petal,5,ZONE_HARBOR_BERTH,Faculty of Deep-Sea Mining & Trench Exploration,1.0,-0.375,-77717.81,-77717.81,0.0,109909.58,225.0,84190.36,0.0,0.0,1.0,35000.0,6
3151,Petal,5,ZONE_HARBOR_BERTH,Faculty of Deep-Sea Mining & Trench Exploration,1.0,-0.25,-77717.81,-77717.81,0.0,109909.58,225.0,84190.36,0.0,0.0,1.0,35000.0,6
3152,Petal,5,ZONE_HARBOR_BERTH,Faculty of Deep-Sea Mining & Trench Exploration,1.0,-0.125,-77717.81,-77717.81,0.0,109909.58,225.0,84190.36,0.0,0.0,1.0,35000.0,6
3153,Petal,5,ZONE_HARBOR_BERTH,Faculty of Deep-Sea Mining & Trench Exploration,1.0,0.0,-77717.81,-77717.81,0.0,109909.58,225.0,84190.36,0.0,0.0,1.0,35000.0,6
3154,Petal,5,ZONE_HARBOR_BERTH,Faculty of Deep-Sea Mining & Trench Exploration,1.0,0.125,-77717.81,-77717.81,0.0,109909.58,225.0,84190.36,0.0,0.0,1.0,35000.0,6
3155,Petal,5,ZONE_HARBOR_BERTH,Faculty of Deep-Sea Mining & Trench Exploration,1.0,0.25,-77717.81,-77717.81,0.0,109909.58,225.0,84190.36,0.0,0.0,1.0,35000.0,6
3156,Petal,5,ZONE_HARBOR_BERTH,Faculty of Deep-Sea Mining & Trench Exploration,1.0,0.375,-77717.81,-77717.81,0.0,109909.58,225.0,84190.36,0.0,0.0,1.0,35000.0,6
3157,Petal,5,ZONE_HARBOR_BERTH,Faculty of Deep-Sea Mining & Trench Exploration,1.0,0.5,-77717.81,-77717.81,0.0,109909.58,225.0,84190.36,0.0,0.0,1.0,35000.0,6
3158,Petal,5,ZONE_HARBOR_BERTH,Faculty of Deep-Sea Mining & Trench Exploration,1.0,0.625,-77717.81,-77717.81,0.0,109909.58,225.0,84190.36,0.0,0.0,1.0,35000.0,6
3159,Petal,5,ZONE_HARBOR_BERTH,Faculty of Deep-Sea Mining & Trench Exploration,1.0,0.75,-77717.81,-77717.81,0.0,109909.58,225.0,84190.36,0.0,0.0,1.0,35000.0,6
3160,Petal,5,ZONE_HARBOR_BERTH,Faculty of Deep-Sea Mining & Trench Exploration,1.0,0.875,-77717.81,-77717.81,0.0,109909.58,225.0,84190.36,0.0,0.0,1.0,35000.0,6
3161,Petal,5,ZONE_CLEARANCE_WATERWAY,Faculty of Deep-Sea Mining & Trench Exploration,1.0,1.0,-77717.81,-77717.81,0.0,109909.58,225.0,84190.36,0.0,-0.0,1.0,35000.0,6
3162,Petal,6,ZONE_CLEARANCE_WATERWAY,17-State Parliamentary Assembly & Living Campus,0.0,-1.0,-0.0,-15000.0,0.0,15000.0,270.0,11480.5,-0.0,-0.115,0.9934,35000.0,7
3163,Petal,6,ZONE_FACULTY_DIPLOMACY,17-State Parliamentary Assembly & Living Campus,0.0,-0.875,-0.0,-15000.0,0.0,15000.0,270.0,11480.5,-0.0,-0.058,0.9983,35000.0,7
3164,Petal,6,ZONE_FACULTY_DIPLOMACY,17-State Parliamentary Assembly & Living Campus,0.0,-0.75,-0.0,-15000.0,0.0,15000.0,270.0,11480.5,-0.0,-0.004,1.0,35000.0,7
3165,Petal,6,ZONE_FACULTY_DIPLOMACY,17-State Parliamentary Assembly & Living Campus,0.0,-0.625,-0.0,-15000.0,0.0,15000.0,270.0,11480.5,0.0,0.0463,0.9989,35000.0,7
3166,Petal,6,ZONE_FACULTY_DIPLOMACY,17-State Parliamentary Assembly & Living Campus,0.0,-0.5,-0.0,-15000.0,0.0,15000.0,270.0,11480.5,0.0,0.0928,0.9957,35000.0,7
3167,Petal,6,ZONE_FACULTY_DIPLOMACY,17-State Parliamentary Assembly & Living Campus,0.0,-0.375,-0.0,-15000.0,0.0,15000.0,270.0,11480.5,0.0,0.1351,0.9908,35000.0,7
3168,Petal,6,ZONE_FACULTY_DIPLOMACY,17-State Parliamentary Assembly & Living Campus,0.0,-0.25,-0.0,-15000.0,0.0,15000.0,270.0,11480.5,0.0,0.1733,0.9849,35000.0,7
3169,Petal,6,ZONE_FACULTY_DIPLOMACY,17-State Parliamentary Assembly & Living Campus,0.0,-0.125,-0.0,-15000.0,0.0,15000.0,270.0,11480.5,0.0,0.2073,0.9783,35000.0,7
3170,Petal,6,ZONE_FACULTY_DIPLOMACY,17-State Parliamentary Assembly & Living Campus,0.0,0.0,-0.0,-15000.0,0.0,15000.0,270.0,11480.5,0.0,0.2373,0.9714,35000.0,7
3171,Petal,6,ZONE_FACULTY_DIPLOMACY,17-State Parliamentary Assembly & Living Campus,0.0,0.125,-0.0,-15000.0,0.0,15000.0,270.0,11480.5,0.0,0.2073,0.9783,35000.0,7
3172,Petal,6,ZONE_FACULTY_DIPLOMACY,17-State Parliamentary Assembly & Living Campus,0.0,0.25,-0.0,-15000.0,0.0,15000.0,270.0,11480.5,0.0,0.1733,0.9849,35000.0,7
3173,Petal,6,ZONE_FACULTY_DIPLOMACY,17-State Parliamentary Assembly & Living Campus,0.0,0.375,-0.0,-15000.0,0.0,15000.0,270.0,11480.5,0.0,0.1351,0.9908,35000.0,7
3174,Petal,6,ZONE_FACULTY_DIPLOMACY,17-State Parliamentary Assembly & Living Campus,0.0,0.5,-0.0,-15000.0,0.0,15000.0,270.0,11480.5,0.0,0.0928,0.9957,35000.0,7
3175,Petal,6,ZONE_FACULTY_DIPLOMACY,17-State Parliamentary Assembly & Living Campus,0.0,0.625,-0.0,-15000.0,0.0,15000.0,270.0,11480.5,0.0,0.0463,0.9989,35000.0,7
3176,Petal,6,ZONE_FACULTY_DIPLOMACY,17-State Parliamentary Assembly & Living Campus,0.0,0.75,-0.0,-15000.0,0.0,15000.0,270.0,11480.5,-0.0,-0.004,1.0,35000.0,7
3177,Petal,6,ZONE_FACULTY_DIPLOMACY,17-State Parliamentary Assembly & Living Campus,0.0,0.875,-0.0,-15000.0,0.0,15000.0,270.0,11480.5,-0.0,-0.058,0.9983,35000.0,7
3178,Petal,6,ZONE_CLEARANCE_WATERWAY,17-State Parliamentary Assembly & Living Campus,0.0,1.0,-0.0,-15000.0,0.0,15000.0,270.0,11480.5,-0.0,-0.115,0.9934,35000.0,7
3179,Petal,6,ZONE_CLEARANCE_WATERWAY,17-State Parliamentary Assembly & Living Campus,0.0333,-1.0,-4702.08,-18163.65,-227.72,18762.41,255.49,4500.0,0.9328,-0.0908,0.3487,35000.0,7
3180,Petal,6,ZONE_FACULTY_DIPLOMACY,17-State Parliamentary Assembly & Living Campus,0.0333,-0.875,-4114.32,-18163.65,-78.61,18623.8,257.24,4500.0,0.9348,-0.0767,0.3469,35000.0,7
3181,Petal,6,ZONE_FACULTY_DIPLOMACY,17-State Parliamentary Assembly & Living Campus,0.0333,-0.75,-3526.56,-18163.65,59.06,18502.84,259.01,4500.0,0.9364,-0.064,0.345,35000.0,7
3182,Petal,6,ZONE_FACULTY_DIPLOMACY,17-State Parliamentary Assembly & Living Campus,0.0333,-0.625,-2938.8,-18163.65,185.31,18399.86,260.81,4500.0,0.9378,-0.0526,0.3431,35000.0,7
3183,Petal,6,ZONE_FACULTY_DIPLOMACY,17-State Parliamentary Assembly & Living Campus,0.0333,-0.5,-2351.04,-18163.65,300.12,18315.18,262.62,4500.0,0.9391,-0.0426,0.3411,35000.0,7
3184,Petal,6,ZONE_FACULTY_DIPLOMACY,17-State Parliamentary Assembly & Living Campus,0.0333,-0.375,-1763.28,-18163.65,403.5,18249.04,264.46,4500.0,0.9401,-0.0339,0.3391,35000.0,7
3185,Petal,6,ZONE_FACULTY_DIPLOMACY,17-State Parliamentary Assembly & Living Campus,0.0333,-0.25,-1175.52,-18163.65,495.44,18201.65,266.3,4500.0,0.9411,-0.0265,0.3371,35000.0,7
3186,Petal,6,ZONE_FACULTY_DIPLOMACY,17-State Parliamentary Assembly & Living Campus,0.0333,-0.125,-587.76,-18163.65,575.95,18173.16,268.15,4500.0,0.942,-0.0204,0.3351,35000.0,7
3187,Petal,6,ZONE_FACULTY_DIPLOMACY,17-State Parliamentary Assembly & Living Campus,0.0333,0.0,-0.0,-18163.65,645.03,18163.65,270.0,4500.0,0.95,-0.0146,0.3119,35000.0,7
3188,Petal,6,ZONE_FACULTY_DIPLOMACY,17-State Parliamentary Assembly & Living Campus,0.0333,0.125,587.76,-18163.65,575.95,18173.16,271.85,4500.0,0.9505,-0.0189,0.3101,35000.0,7
3189,Petal,6,ZONE_FACULTY_DIPLOMACY,17-State Parliamentary Assembly & Living Campus,0.0333,0.25,1175.52,-18163.65,495.44,18201.65,273.7,4500.0,0.951,-0.0242,0.3083,35000.0,7
3190,Petal,6,ZONE_FACULTY_DIPLOMACY,17-State Parliamentary Assembly & Living Campus,0.0333,0.375,1763.28,-18163.65,403.5,18249.04,275.54,4500.0,0.9514,-0.0306,0.3065,35000.0,7
3191,Petal,6,ZONE_FACULTY_DIPLOMACY,17-State Parliamentary Assembly & Living Campus,0.0333,0.5,2351.04,-18163.65,300.12,18315.18,277.38,4500.0,0.9517,-0.038,0.3046,35000.0,7
3192,Petal,6,ZONE_FACULTY_DIPLOMACY,17-State Parliamentary Assembly & Living Campus,0.0333,0.625,2938.8,-18163.65,185.31,18399.86,279.19,4500.0,0.9519,-0.0464,0.3028,35000.0,7
3193,Petal,6,ZONE_FACULTY_DIPLOMACY,17-State Parliamentary Assembly & Living Campus,0.0333,0.75,3526.56,-18163.65,59.06,18502.84,280.99,4500.0,0.952,-0.0558,0.301,35000.0,7
3194,Petal,6,ZONE_FACULTY_DIPLOMACY,17-State Parliamentary Assembly & Living Campus,0.0333,0.875,4114.32,-18163.65,-78.61,18623.8,282.76,4500.0,0.9519,-0.0661,0.2991,35000.0,7
3195,Petal,6,ZONE_CLEARANCE_WATERWAY,17-State Parliamentary Assembly & Living Campus,0.0333,1.0,4702.08,-18163.65,-227.72,18762.41,284.51,4500.0,0.9433,-0.0836,0.3211,35000.0,7
3196,Petal,6,ZONE_CLEARANCE_WATERWAY,17-State Parliamentary Assembly & Living Campus,0.0667,-1.0,-5913.91,-21327.31,-451.43,22132.07,254.5,4500.0,0.9699,-0.0912,0.2259,35000.0,7
3197,Petal,6,ZONE_FACULTY_DIPLOMACY,17-State Parliamentary Assembly & Living Campus,0.0667,-0.875,-5174.67,-21327.31,-181.81,21946.1,256.36,4500.0,0.971,-0.0825,0.2246,35000.0,7
3198,Petal,6,ZONE_FACULTY_DIPLOMACY,17-State Parliamentary Assembly & Living Campus,0.0667,-0.75,-4435.43,-21327.31,65.08,21783.64,258.25,4500.0,0.9719,-0.0747,0.2232,35000.0,7
3199,Petal,6,ZONE_FACULTY_DIPLOMACY,17-State Parliamentary Assembly & Living Campus,0.0667,-0.625,-3696.2,-21327.31,289.22,21645.23,260.17,4500.0,0.9727,-0.0678,0.2218,35000.0,7
3200,Petal,6,ZONE_FACULTY_DIPLOMACY,17-State Parliamentary Assembly & Living Campus,0.0667,-0.5,-2956.96,-21327.31,490.62,21531.32,262.11,4500.0,0.9734,-0.0617,0.2205,35000.0,7
3201,Petal,6,ZONE_FACULTY_DIPLOMACY,17-State Parliamentary Assembly & Living Campus,0.0667,-0.375,-2217.72,-21327.31,669.29,21442.3,264.06,4500.0,0.9741,-0.0565,0.2191,35000.0,7
3202,Petal,6,ZONE_FACULTY_DIPLOMACY,17-State Parliamentary Assembly & Living Campus,0.0667,-0.25,-1478.48,-21327.31,825.21,21378.49,266.03,4500.0,0.9746,-0.0521,0.2177,35000.0,7
3203,Petal,6,ZONE_FACULTY_DIPLOMACY,17-State Parliamentary Assembly & Living Campus,0.0667,-0.125,-739.24,-21327.31,958.39,21340.11,268.01,4500.0,0.9751,-0.0485,0.2163,35000.0,7
3204,Petal,6,ZONE_FACULTY_DIPLOMACY,17-State Parliamentary Assembly & Living Campus,0.0667,0.0,-0.0,-21327.31,1068.84,21327.31,270.0,4500.0,0.9781,-0.0433,0.2035,35000.0,7
3205,Petal,6,ZONE_FACULTY_DIPLOMACY,17-State Parliamentary Assembly & Living Campus,0.0667,0.125,739.24,-21327.31,958.39,21340.11,271.99,4500.0,0.9783,-0.0454,0.2022,35000.0,7
3206,Petal,6,ZONE_FACULTY_DIPLOMACY,17-State Parliamentary Assembly & Living Campus,0.0667,0.25,1478.48,-21327.31,825.21,21378.49,273.97,4500.0,0.9784,-0.0481,0.201,35000.0,7
3207,Petal,6,ZONE_FACULTY_DIPLOMACY,17-State Parliamentary Assembly & Living Campus,0.0667,0.375,2217.72,-21327.31,669.29,21442.3,275.94,4500.0,0.9785,-0.0515,0.1997,35000.0,7
3208,Petal,6,ZONE_FACULTY_DIPLOMACY,17-State Parliamentary Assembly & Living Campus,0.0667,0.5,2956.96,-21327.31,490.62,21531.32,277.89,4500.0,0.9785,-0.0556,0.1985,35000.0,7
3209,Petal,6,ZONE_FACULTY_DIPLOMACY,17-State Parliamentary Assembly & Living Campus,0.0667,0.625,3696.2,-21327.31,289.22,21645.23,279.83,4500.0,0.9785,-0.0603,0.1973,35000.0,7
3210,Petal,6,ZONE_FACULTY_DIPLOMACY,17-State Parliamentary Assembly & Living Campus,0.0667,0.75,4435.43,-21327.31,65.08,21783.64,281.75,4500.0,0.9784,-0.0656,0.196,35000.0,7
3211,Petal,6,ZONE_FACULTY_DIPLOMACY,17-State Parliamentary Assembly & Living Campus,0.0667,0.875,5174.67,-21327.31,-181.81,21946.1,283.64,4500.0,0.9782,-0.0716,0.1948,35000.0,7
3212,Petal,6,ZONE_CLEARANCE_WATERWAY,17-State Parliamentary Assembly & Living Campus,0.0667,1.0,5913.91,-21327.31,-451.43,22132.07,285.5,4500.0,0.9744,-0.0842,0.2086,35000.0,7
3213,Petal,6,ZONE_CLEARANCE_WATERWAY,17-State Parliamentary Assembly & Living Campus,0.1,-1.0,-7125.74,-24490.96,-667.18,25506.53,253.78,4500.0,0.9782,-0.0994,0.1822,35000.0,7
3214,Petal,6,ZONE_FACULTY_DIPLOMACY,17-State Parliamentary Assembly & Living Campus,0.1,-0.875,-6235.03,-24490.96,-285.5,25272.17,255.72,4500.0,0.9791,-0.0927,0.1811,35000.0,7
3215,Petal,6,ZONE_FACULTY_DIPLOMACY,17-State Parliamentary Assembly & Living Campus,0.1,-0.75,-5344.31,-24490.96,62.37,25067.28,257.69,4500.0,0.9799,-0.0866,0.1799,35000.0,7
3216,Petal,6,ZONE_FACULTY_DIPLOMACY,17-State Parliamentary Assembly & Living Campus,0.1,-0.625,-4453.59,-24490.96,376.44,24892.6,259.69,4500.0,0.9805,-0.0812,0.1788,35000.0,7
3217,Petal,6,ZONE_FACULTY_DIPLOMACY,17-State Parliamentary Assembly & Living Campus,0.1,-0.5,-3562.87,-24490.96,656.72,24748.76,261.72,4500.0,0.9811,-0.0765,0.1777,35000.0,7
3218,Petal,6,ZONE_FACULTY_DIPLOMACY,17-State Parliamentary Assembly & Living Campus,0.1,-0.375,-2672.15,-24490.96,903.19,24636.3,263.77,4500.0,0.9816,-0.0724,0.1766,35000.0,7
3219,Petal,6,ZONE_FACULTY_DIPLOMACY,17-State Parliamentary Assembly & Living Campus,0.1,-0.25,-1781.44,-24490.96,1115.87,24555.66,265.84,4500.0,0.9821,-0.069,0.1755,35000.0,7
3220,Petal,6,ZONE_FACULTY_DIPLOMACY,17-State Parliamentary Assembly & Living Campus,0.1,-0.125,-890.72,-24490.96,1294.75,24507.15,267.92,4500.0,0.9825,-0.0662,0.1743,35000.0,7
3221,Petal,6,ZONE_FACULTY_DIPLOMACY,17-State Parliamentary Assembly & Living Campus,0.1,0.0,-0.0,-24490.96,1439.83,24490.96,270.0,4500.0,0.9844,-0.0611,0.1651,35000.0,7
3222,Petal,6,ZONE_FACULTY_DIPLOMACY,17-State Parliamentary Assembly & Living Campus,0.1,0.125,890.72,-24490.96,1294.75,24507.15,272.08,4500.0,0.9845,-0.0623,0.1641,35000.0,7
3223,Petal,6,ZONE_FACULTY_DIPLOMACY,17-State Parliamentary Assembly & Living Campus,0.1,0.25,1781.44,-24490.96,1115.87,24555.66,274.16,4500.0,0.9845,-0.0641,0.1631,35000.0,7
3224,Petal,6,ZONE_FACULTY_DIPLOMACY,17-State Parliamentary Assembly & Living Campus,0.1,0.375,2672.15,-24490.96,903.19,24636.3,276.23,4500.0,0.9845,-0.0665,0.1621,35000.0,7
3225,Petal,6,ZONE_FACULTY_DIPLOMACY,17-State Parliamentary Assembly & Living Campus,0.1,0.5,3562.87,-24490.96,656.72,24748.76,278.28,4500.0,0.9845,-0.0693,0.1611,35000.0,7
3226,Petal,6,ZONE_FACULTY_DIPLOMACY,17-State Parliamentary Assembly & Living Campus,0.1,0.625,4453.59,-24490.96,376.44,24892.6,280.31,4500.0,0.9844,-0.0727,0.1601,35000.0,7
3227,Petal,6,ZONE_FACULTY_DIPLOMACY,17-State Parliamentary Assembly & Living Campus,0.1,0.75,5344.31,-24490.96,62.37,25067.28,282.31,4500.0,0.9843,-0.0765,0.1591,35000.0,7
3228,Petal,6,ZONE_FACULTY_DIPLOMACY,17-State Parliamentary Assembly & Living Campus,0.1,0.875,6235.03,-24490.96,-285.5,25272.17,284.28,4500.0,0.9841,-0.0809,0.1581,35000.0,7
3229,Petal,6,ZONE_CLEARANCE_WATERWAY,17-State Parliamentary Assembly & Living Campus,0.1,1.0,7125.74,-24490.96,-667.18,25506.53,286.22,4500.0,0.9813,-0.0921,0.1688,35000.0,7
3230,Petal,6,ZONE_CLEARANCE_WATERWAY,17-State Parliamentary Assembly & Living Campus,0.1333,-1.0,-8337.57,-27654.61,-871.07,28884.12,253.22,4500.0,0.981,-0.1097,0.1598,35000.0,7
3231,Petal,6,ZONE_FACULTY_DIPLOMACY,17-State Parliamentary Assembly & Living Campus,0.1333,-0.875,-7295.38,-27654.61,-384.17,28600.7,255.22,4500.0,0.9818,-0.104,0.1588,35000.0,7
3232,Petal,6,ZONE_FACULTY_DIPLOMACY,17-State Parliamentary Assembly & Living Campus,0.1333,-0.75,-6253.18,-27654.61,58.24,28352.77,257.26,4500.0,0.9825,-0.0988,0.1578,35000.0,7
3233,Petal,6,ZONE_FACULTY_DIPLOMACY,17-State Parliamentary Assembly & Living Campus,0.1333,-0.625,-5210.98,-27654.61,456.16,28141.28,259.33,4500.0,0.9831,-0.0942,0.1568,35000.0,7
3234,Petal,6,ZONE_FACULTY_DIPLOMACY,17-State Parliamentary Assembly & Living Campus,0.1333,-0.5,-4168.79,-27654.61,809.6,27967.06,261.43,4500.0,0.9836,-0.0902,0.1559,35000.0,7
3235,Petal,6,ZONE_FACULTY_DIPLOMACY,17-State Parliamentary Assembly & Living Campus,0.1333,-0.375,-3126.59,-27654.61,1118.55,27830.79,263.55,4500.0,0.9841,-0.0868,0.1549,35000.0,7
3236,Petal,6,ZONE_FACULTY_DIPLOMACY,17-State Parliamentary Assembly & Living Campus,0.1333,-0.25,-2084.39,-27654.61,1383.01,27733.05,265.69,4500.0,0.9845,-0.0838,0.1539,35000.0,7
3237,Petal,6,ZONE_FACULTY_DIPLOMACY,17-State Parliamentary Assembly & Living Campus,0.1333,-0.125,-1042.2,-27654.61,1602.98,27674.24,267.84,4500.0,0.9849,-0.0814,0.153,35000.0,7
3238,Petal,6,ZONE_FACULTY_DIPLOMACY,17-State Parliamentary Assembly & Living Campus,0.1333,0.0,-0.0,-27654.61,1778.47,27654.61,270.0,4500.0,0.9864,-0.0762,0.1456,35000.0,7
3239,Petal,6,ZONE_FACULTY_DIPLOMACY,17-State Parliamentary Assembly & Living Campus,0.1333,0.125,1042.2,-27654.61,1602.98,27674.24,272.16,4500.0,0.9865,-0.077,0.1447,35000.0,7
3240,Petal,6,ZONE_FACULTY_DIPLOMACY,17-State Parliamentary Assembly & Living Campus,0.1333,0.25,2084.39,-27654.61,1383.01,27733.05,274.31,4500.0,0.9865,-0.0783,0.1438,35000.0,7
3241,Petal,6,ZONE_FACULTY_DIPLOMACY,17-State Parliamentary Assembly & Living Campus,0.1333,0.375,3126.59,-27654.61,1118.55,27830.79,276.45,4500.0,0.9865,-0.08,0.1429,35000.0,7
3242,Petal,6,ZONE_FACULTY_DIPLOMACY,17-State Parliamentary Assembly & Living Campus,0.1333,0.5,4168.79,-27654.61,809.6,27967.06,278.57,4500.0,0.9864,-0.0822,0.142,35000.0,7
3243,Petal,6,ZONE_FACULTY_DIPLOMACY,17-State Parliamentary Assembly & Living Campus,0.1333,0.625,5210.98,-27654.61,456.16,28141.28,280.67,4500.0,0.9864,-0.0848,0.1411,35000.0,7
3244,Petal,6,ZONE_FACULTY_DIPLOMACY,17-State Parliamentary Assembly & Living Campus,0.1333,0.75,6253.18,-27654.61,58.24,28352.77,282.74,4500.0,0.9862,-0.0878,0.1403,35000.0,7
3245,Petal,6,ZONE_FACULTY_DIPLOMACY,17-State Parliamentary Assembly & Living Campus,0.1333,0.875,7295.38,-27654.61,-384.17,28600.7,284.78,4500.0,0.986,-0.0913,0.1394,35000.0,7
3246,Petal,6,ZONE_CLEARANCE_WATERWAY,17-State Parliamentary Assembly & Living Campus,0.1333,1.0,8337.57,-27654.61,-871.07,28884.12,286.78,4500.0,0.9837,-0.1019,0.1484,35000.0,7
3247,Petal,6,ZONE_CLEARANCE_WATERWAY,17-State Parliamentary Assembly & Living Campus,0.1667,-1.0,-9549.41,-30818.26,-1059.36,32263.86,252.78,4500.0,0.9819,-0.1207,0.1461,35000.0,7
3248,Petal,6,ZONE_FACULTY_DIPLOMACY,17-State Parliamentary Assembly & Living Campus,0.1667,-0.875,-8355.73,-30818.26,-473.95,31930.92,254.83,4500.0,0.9826,-0.1157,0.1452,35000.0,7
3249,Petal,6,ZONE_FACULTY_DIPLOMACY,17-State Parliamentary Assembly & Living Campus,0.1667,-0.75,-7162.05,-30818.26,56.77,31639.54,256.92,4500.0,0.9833,-0.1111,0.1443,35000.0,7
3250,Petal,6,ZONE_FACULTY_DIPLOMACY,17-State Parliamentary Assembly & Living Campus,0.1667,-0.625,-5968.38,-30818.26,532.8,31390.87,259.04,4500.0,0.9838,-0.1071,0.1435,35000.0,7
3251,Petal,6,ZONE_FACULTY_DIPLOMACY,17-State Parliamentary Assembly & Living Campus,0.1667,-0.5,-4774.7,-30818.26,954.15,31185.94,261.19,4500.0,0.9844,-0.1035,0.1426,35000.0,7
3252,Petal,6,ZONE_FACULTY_DIPLOMACY,17-State Parliamentary Assembly & Living Campus,0.1667,-0.375,-3581.03,-30818.26,1320.81,31025.62,263.37,4500.0,0.9848,-0.1005,0.1417,35000.0,7
3253,Petal,6,ZONE_FACULTY_DIPLOMACY,17-State Parliamentary Assembly & Living Campus,0.1667,-0.25,-2387.35,-30818.26,1632.78,30910.59,265.57,4500.0,0.9852,-0.0978,0.1408,35000.0,7
3254,Petal,6,ZONE_FACULTY_DIPLOMACY,17-State Parliamentary Assembly & Living Campus,0.1667,-0.125,-1193.68,-30818.26,1890.06,30841.37,267.78,4500.0,0.9855,-0.0957,0.14,35000.0,7
3255,Petal,6,ZONE_FACULTY_DIPLOMACY,17-State Parliamentary Assembly & Living Campus,0.1667,0.0,-0.0,-30818.26,2092.66,30818.26,270.0,4500.0,0.9869,-0.0904,0.1337,35000.0,7
3256,Petal,6,ZONE_FACULTY_DIPLOMACY,17-State Parliamentary Assembly & Living Campus,0.1667,0.125,1193.68,-30818.26,1890.06,30841.37,272.22,4500.0,0.987,-0.0909,0.1329,35000.0,7
3257,Petal,6,ZONE_FACULTY_DIPLOMACY,17-State Parliamentary Assembly & Living Campus,0.1667,0.25,2387.35,-30818.26,1632.78,30910.59,274.43,4500.0,0.987,-0.0918,0.1321,35000.0,7
3258,Petal,6,ZONE_FACULTY_DIPLOMACY,17-State Parliamentary Assembly & Living Campus,0.1667,0.375,3581.03,-30818.26,1320.81,31025.62,276.63,4500.0,0.987,-0.0931,0.1313,35000.0,7
3259,Petal,6,ZONE_FACULTY_DIPLOMACY,17-State Parliamentary Assembly & Living Campus,0.1667,0.5,4774.7,-30818.26,954.15,31185.94,278.81,4500.0,0.9869,-0.0947,0.1305,35000.0,7
3260,Petal,6,ZONE_FACULTY_DIPLOMACY,17-State Parliamentary Assembly & Living Campus,0.1667,0.625,5968.38,-30818.26,532.8,31390.87,280.96,4500.0,0.9868,-0.0968,0.1297,35000.0,7
3261,Petal,6,ZONE_FACULTY_DIPLOMACY,17-State Parliamentary Assembly & Living Campus,0.1667,0.75,7162.05,-30818.26,56.77,31639.54,283.08,4500.0,0.9867,-0.0992,0.1289,35000.0,7
3262,Petal,6,ZONE_FACULTY_DIPLOMACY,17-State Parliamentary Assembly & Living Campus,0.1667,0.875,8355.73,-30818.26,-473.95,31930.92,285.17,4500.0,0.9865,-0.102,0.1281,35000.0,7
3263,Petal,6,ZONE_CLEARANCE_WATERWAY,17-State Parliamentary Assembly & Living Campus,0.1667,1.0,9549.41,-30818.26,-1059.36,32263.86,287.22,4500.0,0.9843,-0.1125,0.1361,35000.0,7
3264,Petal,6,ZONE_CLEARANCE_WATERWAY,17-State Parliamentary Assembly & Living Campus,0.2,-1.0,-10761.24,-33981.92,-1228.48,35645.12,252.43,4500.0,0.9818,-0.132,0.1368,35000.0,7
3265,Petal,6,ZONE_FACULTY_DIPLOMACY,17-State Parliamentary Assembly & Living Campus,0.2,-0.875,-9416.08,-33981.92,-551.63,35262.35,254.51,4500.0,0.9825,-0.1275,0.136,35000.0,7
3266,Petal,6,ZONE_FACULTY_DIPLOMACY,17-State Parliamentary Assembly & Living Campus,0.2,-0.75,-8070.93,-33981.92,60.93,34927.22,256.64,4500.0,0.9831,-0.1235,0.1352,35000.0,7
3267,Petal,6,ZONE_FACULTY_DIPLOMACY,17-State Parliamentary Assembly & Living Campus,0.2,-0.625,-6725.77,-33981.92,609.2,34641.11,258.8,4500.0,0.9837,-0.1198,0.1344,35000.0,7
3268,Petal,6,ZONE_FACULTY_DIPLOMACY,17-State Parliamentary Assembly & Living Campus,0.2,-0.5,-5380.62,-33981.92,1093.18,34405.26,261.0,4500.0,0.9842,-0.1166,0.1336,35000.0,7
3269,Petal,6,ZONE_FACULTY_DIPLOMACY,17-State Parliamentary Assembly & Living Campus,0.2,-0.375,-4035.46,-33981.92,1512.88,34220.69,263.23,4500.0,0.9846,-0.1138,0.1328,35000.0,7
3270,Petal,6,ZONE_FACULTY_DIPLOMACY,17-State Parliamentary Assembly & Living Campus,0.2,-0.25,-2690.31,-33981.92,1868.28,34088.24,265.47,4500.0,0.985,-0.1114,0.132,35000.0,7
3271,Petal,6,ZONE_FACULTY_DIPLOMACY,17-State Parliamentary Assembly & Living Campus,0.2,-0.125,-1345.15,-33981.92,2159.39,34008.53,267.73,4500.0,0.9853,-0.1094,0.1312,35000.0,7
3272,Petal,6,ZONE_FACULTY_DIPLOMACY,17-State Parliamentary Assembly & Living Campus,0.2,0.0,-0.0,-33981.92,2386.22,33981.92,270.0,4500.0,0.9866,-0.104,0.1257,35000.0,7
3273,Petal,6,ZONE_FACULTY_DIPLOMACY,17-State Parliamentary Assembly & Living Campus,0.2,0.125,1345.15,-33981.92,2159.39,34008.53,272.27,4500.0,0.9867,-0.1043,0.125,35000.0,7
3274,Petal,6,ZONE_FACULTY_DIPLOMACY,17-State Parliamentary Assembly & Living Campus,0.2,0.25,2690.31,-33981.92,1868.28,34088.24,274.53,4500.0,0.9867,-0.1049,0.1242,35000.0,7
3275,Petal,6,ZONE_FACULTY_DIPLOMACY,17-State Parliamentary Assembly & Living Campus,0.2,0.375,4035.46,-33981.92,1512.88,34220.69,276.77,4500.0,0.9867,-0.1058,0.1235,35000.0,7
3276,Petal,6,ZONE_FACULTY_DIPLOMACY,17-State Parliamentary Assembly & Living Campus,0.2,0.5,5380.62,-33981.92,1093.18,34405.26,279.0,4500.0,0.9866,-0.1071,0.1227,35000.0,7
3277,Petal,6,ZONE_FACULTY_DIPLOMACY,17-State Parliamentary Assembly & Living Campus,0.2,0.625,6725.77,-33981.92,609.2,34641.11,281.2,4500.0,0.9866,-0.1088,0.122,35000.0,7
3278,Petal,6,ZONE_FACULTY_DIPLOMACY,17-State Parliamentary Assembly & Living Campus,0.2,0.75,8070.93,-33981.92,60.93,34927.22,283.36,4500.0,0.9864,-0.1107,0.1213,35000.0,7
3279,Petal,6,ZONE_FACULTY_DIPLOMACY,17-State Parliamentary Assembly & Living Campus,0.2,0.875,9416.08,-33981.92,-551.63,35262.35,285.49,4500.0,0.9863,-0.113,0.1205,35000.0,7
3280,Petal,6,ZONE_CLEARANCE_WATERWAY,17-State Parliamentary Assembly & Living Campus,0.2,1.0,10761.24,-33981.92,-1228.48,35645.12,287.57,4500.0,0.9841,-0.1233,0.1278,35000.0,7
3281,Petal,6,ZONE_CLEARANCE_WATERWAY,17-State Parliamentary Assembly & Living Campus,0.2333,-1.0,-11973.07,-37145.57,-1375.06,39027.52,252.13,4500.0,0.9811,-0.1434,0.13,35000.0,7
3282,Petal,6,ZONE_FACULTY_DIPLOMACY,17-State Parliamentary Assembly & Living Campus,0.2333,-0.875,-10476.43,-37145.57,-614.37,38594.68,254.25,4500.0,0.9818,-0.1393,0.1293,35000.0,7
3283,Petal,6,ZONE_FACULTY_DIPLOMACY,17-State Parliamentary Assembly & Living Campus,0.2333,-0.75,-8979.8,-37145.57,73.13,38215.57,256.41,4500.0,0.9824,-0.1357,0.1285,35000.0,7
3284,Petal,6,ZONE_FACULTY_DIPLOMACY,17-State Parliamentary Assembly & Living Campus,0.2333,-0.625,-7483.17,-37145.57,687.45,37891.83,258.61,4500.0,0.9829,-0.1324,0.1278,35000.0,7
3285,Petal,6,ZONE_FACULTY_DIPLOMACY,17-State Parliamentary Assembly & Living Campus,0.2333,-0.5,-5986.53,-37145.57,1228.59,37624.88,260.84,4500.0,0.9834,-0.1295,0.127,35000.0,7
3286,Petal,6,ZONE_FACULTY_DIPLOMACY,17-State Parliamentary Assembly & Living Campus,0.2333,-0.375,-4489.9,-37145.57,1696.53,37415.94,263.11,4500.0,0.9838,-0.1269,0.1263,35000.0,7
3287,Petal,6,ZONE_FACULTY_DIPLOMACY,17-State Parliamentary Assembly & Living Campus,0.2333,-0.25,-2993.27,-37145.57,2091.29,37265.98,265.39,4500.0,0.9842,-0.1247,0.1256,35000.0,7
3288,Petal,6,ZONE_FACULTY_DIPLOMACY,17-State Parliamentary Assembly & Living Campus,0.2333,-0.125,-1496.63,-37145.57,2412.87,37175.71,267.69,4500.0,0.9845,-0.1229,0.1248,35000.0,7
3289,Petal,6,ZONE_FACULTY_DIPLOMACY,17-State Parliamentary Assembly & Living Campus,0.2333,0.0,-0.0,-37145.57,2661.25,37145.57,270.0,4500.0,0.9858,-0.1173,0.1199,35000.0,7
3290,Petal,6,ZONE_FACULTY_DIPLOMACY,17-State Parliamentary Assembly & Living Campus,0.2333,0.125,1496.63,-37145.57,2412.87,37175.71,272.31,4500.0,0.9859,-0.1174,0.1192,35000.0,7
3291,Petal,6,ZONE_FACULTY_DIPLOMACY,17-State Parliamentary Assembly & Living Campus,0.2333,0.25,2993.27,-37145.57,2091.29,37265.98,274.61,4500.0,0.9859,-0.1178,0.1185,35000.0,7
3292,Petal,6,ZONE_FACULTY_DIPLOMACY,17-State Parliamentary Assembly & Living Campus,0.2333,0.375,4489.9,-37145.57,1696.53,37415.94,276.89,4500.0,0.9859,-0.1184,0.1179,35000.0,7
3293,Petal,6,ZONE_FACULTY_DIPLOMACY,17-State Parliamentary Assembly & Living Campus,0.2333,0.5,5986.53,-37145.57,1228.59,37624.88,279.16,4500.0,0.9859,-0.1194,0.1172,35000.0,7
3294,Petal,6,ZONE_FACULTY_DIPLOMACY,17-State Parliamentary Assembly & Living Campus,0.2333,0.625,7483.17,-37145.57,687.45,37891.83,281.39,4500.0,0.9858,-0.1207,0.1165,35000.0,7
3295,Petal,6,ZONE_FACULTY_DIPLOMACY,17-State Parliamentary Assembly & Living Campus,0.2333,0.75,8979.8,-37145.57,73.13,38215.57,283.59,4500.0,0.9857,-0.1222,0.1158,35000.0,7
3296,Petal,6,ZONE_FACULTY_DIPLOMACY,17-State Parliamentary Assembly & Living Campus,0.2333,0.875,10476.43,-37145.57,-614.37,38594.68,285.75,4500.0,0.9856,-0.1241,0.1151,35000.0,7
3297,Petal,6,ZONE_CLEARANCE_WATERWAY,17-State Parliamentary Assembly & Living Campus,0.2333,1.0,11973.07,-37145.57,-1375.06,39027.52,287.87,4500.0,0.9834,-0.1343,0.1218,35000.0,7
3298,Petal,6,ZONE_CLEARANCE_WATERWAY,17-State Parliamentary Assembly & Living Campus,0.2667,-1.0,-13184.9,-40309.22,-1495.98,42410.79,251.89,4500.0,0.98,-0.1547,0.1248,35000.0,7
3299,Petal,6,ZONE_FACULTY_DIPLOMACY,17-State Parliamentary Assembly & Living Campus,0.2667,-0.875,-11536.79,-40309.22,-659.63,41927.69,254.03,4500.0,0.9807,-0.1511,0.1241,35000.0,7
3300,Petal,6,ZONE_FACULTY_DIPLOMACY,17-State Parliamentary Assembly & Living Campus,0.2667,-0.75,-9888.67,-40309.22,95.44,41504.45,256.22,4500.0,0.9813,-0.1478,0.1234,35000.0,7
3301,Petal,6,ZONE_FACULTY_DIPLOMACY,17-State Parliamentary Assembly & Living Campus,0.2667,-0.625,-8240.56,-40309.22,769.23,41142.92,258.45,4500.0,0.9818,-0.1448,0.1227,35000.0,7
3302,Petal,6,ZONE_FACULTY_DIPLOMACY,17-State Parliamentary Assembly & Living Campus,0.2667,-0.5,-6592.45,-40309.22,1361.74,40844.75,260.71,4500.0,0.9823,-0.1422,0.1221,35000.0,7
3303,Petal,6,ZONE_FACULTY_DIPLOMACY,17-State Parliamentary Assembly & Living Campus,0.2667,-0.375,-4944.34,-40309.22,1872.96,40611.33,263.01,4500.0,0.9827,-0.1399,0.1214,35000.0,7
3304,Petal,6,ZONE_FACULTY_DIPLOMACY,17-State Parliamentary Assembly & Living Campus,0.2667,-0.25,-3296.22,-40309.22,2302.91,40443.77,265.33,4500.0,0.9831,-0.1378,0.1207,35000.0,7
3305,Petal,6,ZONE_FACULTY_DIPLOMACY,17-State Parliamentary Assembly & Living Campus,0.2667,-0.125,-1648.11,-40309.22,2651.57,40342.9,267.66,4500.0,0.9834,-0.1361,0.12,35000.0,7
3306,Petal,6,ZONE_FACULTY_DIPLOMACY,17-State Parliamentary Assembly & Living Campus,0.2667,0.0,-0.0,-40309.22,2918.95,40309.22,270.0,4500.0,0.9847,-0.1305,0.1156,35000.0,7
3307,Petal,6,ZONE_FACULTY_DIPLOMACY,17-State Parliamentary Assembly & Living Campus,0.2667,0.125,1648.11,-40309.22,2651.57,40342.9,272.34,4500.0,0.9848,-0.1304,0.1149,35000.0,7
3308,Petal,6,ZONE_FACULTY_DIPLOMACY,17-State Parliamentary Assembly & Living Campus,0.2667,0.25,3296.22,-40309.22,2302.91,40443.77,274.67,4500.0,0.9848,-0.1305,0.1143,35000.0,7
3309,Petal,6,ZONE_FACULTY_DIPLOMACY,17-State Parliamentary Assembly & Living Campus,0.2667,0.375,4944.34,-40309.22,1872.96,40611.33,276.99,4500.0,0.9849,-0.1309,0.1136,35000.0,7
3310,Petal,6,ZONE_FACULTY_DIPLOMACY,17-State Parliamentary Assembly & Living Campus,0.2667,0.5,6592.45,-40309.22,1361.74,40844.75,279.29,4500.0,0.9848,-0.1316,0.113,35000.0,7
3311,Petal,6,ZONE_FACULTY_DIPLOMACY,17-State Parliamentary Assembly & Living Campus,0.2667,0.625,8240.56,-40309.22,769.23,41142.92,281.55,4500.0,0.9848,-0.1326,0.1123,35000.0,7
3312,Petal,6,ZONE_FACULTY_DIPLOMACY,17-State Parliamentary Assembly & Living Campus,0.2667,0.75,9888.67,-40309.22,95.44,41504.45,283.78,4500.0,0.9847,-0.1337,0.1117,35000.0,7
3313,Petal,6,ZONE_FACULTY_DIPLOMACY,17-State Parliamentary Assembly & Living Campus,0.2667,0.875,11536.79,-40309.22,-659.63,41927.69,285.97,4500.0,0.9846,-0.1352,0.1111,35000.0,7
3314,Petal,6,ZONE_CLEARANCE_WATERWAY,17-State Parliamentary Assembly & Living Campus,0.2667,1.0,13184.9,-40309.22,-1495.98,42410.79,288.11,4500.0,0.9824,-0.1453,0.1172,35000.0,7
3315,Petal,6,ZONE_CLEARANCE_WATERWAY,17-State Parliamentary Assembly & Living Campus,0.3,-1.0,-14396.73,-43472.87,-1588.41,45794.72,251.68,4500.0,0.9787,-0.1659,0.1207,35000.0,7
3316,Petal,6,ZONE_FACULTY_DIPLOMACY,17-State Parliamentary Assembly & Living Campus,0.3,-0.875,-12597.14,-43472.87,-685.15,45261.23,253.84,4500.0,0.9793,-0.1627,0.12,35000.0,7
3317,Petal,6,ZONE_FACULTY_DIPLOMACY,17-State Parliamentary Assembly & Living Campus,0.3,-0.75,-10797.55,-43472.87,129.62,44793.73,256.05,4500.0,0.9799,-0.1598,0.1194,35000.0,7
3318,Petal,6,ZONE_FACULTY_DIPLOMACY,17-State Parliamentary Assembly & Living Campus,0.3,-0.625,-8997.96,-43472.87,855.9,44394.3,258.31,4500.0,0.9804,-0.1571,0.1187,35000.0,7
3319,Petal,6,ZONE_FACULTY_DIPLOMACY,17-State Parliamentary Assembly & Living Campus,0.3,-0.5,-7198.36,-43472.87,1493.7,44064.81,260.6,4500.0,0.9809,-0.1548,0.1181,35000.0,7
3320,Petal,6,ZONE_FACULTY_DIPLOMACY,17-State Parliamentary Assembly & Living Campus,0.3,-0.375,-5398.77,-43472.87,2043.02,43806.82,262.92,4500.0,0.9813,-0.1526,0.1174,35000.0,7
3321,Petal,6,ZONE_FACULTY_DIPLOMACY,17-State Parliamentary Assembly & Living Campus,0.3,-0.25,-3599.18,-43472.87,2503.84,43621.61,265.27,4500.0,0.9816,-0.1508,0.1168,35000.0,7
3322,Petal,6,ZONE_FACULTY_DIPLOMACY,17-State Parliamentary Assembly & Living Campus,0.3,-0.125,-1799.59,-43472.87,2876.18,43510.11,267.63,4500.0,0.982,-0.1491,0.1161,35000.0,7
3323,Petal,6,ZONE_FACULTY_DIPLOMACY,17-State Parliamentary Assembly & Living Campus,0.3,0.0,-0.0,-43472.87,3160.03,43472.87,270.0,4500.0,0.9833,-0.1434,0.1121,35000.0,7
3324,Petal,6,ZONE_FACULTY_DIPLOMACY,17-State Parliamentary Assembly & Living Campus,0.3,0.125,1799.59,-43472.87,2876.18,43510.11,272.37,4500.0,0.9834,-0.1432,0.1115,35000.0,7
3325,Petal,6,ZONE_FACULTY_DIPLOMACY,17-State Parliamentary Assembly & Living Campus,0.3,0.25,3599.18,-43472.87,2503.84,43621.61,274.73,4500.0,0.9835,-0.1432,0.1109,35000.0,7
3326,Petal,6,ZONE_FACULTY_DIPLOMACY,17-State Parliamentary Assembly & Living Campus,0.3,0.375,5398.77,-43472.87,2043.02,43806.82,277.08,4500.0,0.9835,-0.1433,0.1103,35000.0,7
3327,Petal,6,ZONE_FACULTY_DIPLOMACY,17-State Parliamentary Assembly & Living Campus,0.3,0.5,7198.36,-43472.87,1493.7,44064.81,279.4,4500.0,0.9835,-0.1438,0.1097,35000.0,7
3328,Petal,6,ZONE_FACULTY_DIPLOMACY,17-State Parliamentary Assembly & Living Campus,0.3,0.625,8997.96,-43472.87,855.9,44394.3,281.69,4500.0,0.9835,-0.1444,0.1091,35000.0,7
3329,Petal,6,ZONE_FACULTY_DIPLOMACY,17-State Parliamentary Assembly & Living Campus,0.3,0.75,10797.55,-43472.87,129.62,44793.73,283.95,4500.0,0.9834,-0.1452,0.1085,35000.0,7
3330,Petal,6,ZONE_FACULTY_DIPLOMACY,17-State Parliamentary Assembly & Living Campus,0.3,0.875,12597.14,-43472.87,-685.15,45261.23,286.16,4500.0,0.9833,-0.1463,0.1079,35000.0,7
3331,Petal,6,ZONE_CLEARANCE_WATERWAY,17-State Parliamentary Assembly & Living Campus,0.3,1.0,14396.73,-43472.87,-1588.41,45794.72,288.32,4500.0,0.9812,-0.1563,0.1136,35000.0,7
3332,Petal,6,ZONE_CLEARANCE_WATERWAY,17-State Parliamentary Assembly & Living Campus,0.3333,-1.0,-15608.56,-46636.53,-1649.81,49179.19,251.5,4500.0,0.9772,-0.1771,0.1172,35000.0,7
3333,Petal,6,ZONE_FACULTY_DIPLOMACY,17-State Parliamentary Assembly & Living Campus,0.3333,-0.875,-13657.49,-46636.53,-688.94,48595.19,253.68,4500.0,0.9778,-0.1743,0.1166,35000.0,7
3334,Petal,6,ZONE_FACULTY_DIPLOMACY,17-State Parliamentary Assembly & Living Campus,0.3333,-0.75,-11706.42,-46636.53,177.2,48083.32,255.91,4500.0,0.9783,-0.1717,0.116,35000.0,7
3335,Petal,6,ZONE_FACULTY_DIPLOMACY,17-State Parliamentary Assembly & Living Campus,0.3333,-0.625,-9755.35,-46636.53,948.62,47645.91,258.19,4500.0,0.9788,-0.1693,0.1154,35000.0,7
3336,Petal,6,ZONE_FACULTY_DIPLOMACY,17-State Parliamentary Assembly & Living Campus,0.3333,-0.5,-7804.28,-46636.53,1625.32,47285.01,260.5,4500.0,0.9792,-0.1672,0.1148,35000.0,7
3337,Petal,6,ZONE_FACULTY_DIPLOMACY,17-State Parliamentary Assembly & Living Campus,0.3333,-0.375,-5853.21,-46636.53,2207.3,47002.4,262.85,4500.0,0.9796,-0.1652,0.1142,35000.0,7
3338,Petal,6,ZONE_FACULTY_DIPLOMACY,17-State Parliamentary Assembly & Living Campus,0.3333,-0.25,-3902.14,-46636.53,2694.56,46799.49,265.22,4500.0,0.98,-0.1635,0.1136,35000.0,7
3339,Petal,6,ZONE_FACULTY_DIPLOMACY,17-State Parliamentary Assembly & Living Campus,0.3333,-0.125,-1951.07,-46636.53,3087.1,46677.32,267.6,4500.0,0.9803,-0.162,0.113,35000.0,7
3340,Petal,6,ZONE_FACULTY_DIPLOMACY,17-State Parliamentary Assembly & Living Campus,0.3333,0.0,-0.0,-46636.53,3384.91,46636.53,270.0,4500.0,0.9816,-0.1563,0.1093,35000.0,7
3341,Petal,6,ZONE_FACULTY_DIPLOMACY,17-State Parliamentary Assembly & Living Campus,0.3333,0.125,1951.07,-46636.53,3087.1,46677.32,272.4,4500.0,0.9818,-0.1559,0.1087,35000.0,7
3342,Petal,6,ZONE_FACULTY_DIPLOMACY,17-State Parliamentary Assembly & Living Campus,0.3333,0.25,3902.14,-46636.53,2694.56,46799.49,274.78,4500.0,0.9819,-0.1557,0.1082,35000.0,7
3343,Petal,6,ZONE_FACULTY_DIPLOMACY,17-State Parliamentary Assembly & Living Campus,0.3333,0.375,5853.21,-46636.53,2207.3,47002.4,277.15,4500.0,0.9819,-0.1557,0.1076,35000.0,7
3344,Petal,6,ZONE_FACULTY_DIPLOMACY,17-State Parliamentary Assembly & Living Campus,0.3333,0.5,7804.28,-46636.53,1625.32,47285.01,279.5,4500.0,0.982,-0.1558,0.107,35000.0,7
3345,Petal,6,ZONE_FACULTY_DIPLOMACY,17-State Parliamentary Assembly & Living Campus,0.3333,0.625,9755.35,-46636.53,948.62,47645.91,281.81,4500.0,0.982,-0.1562,0.1065,35000.0,7
3346,Petal,6,ZONE_FACULTY_DIPLOMACY,17-State Parliamentary Assembly & Living Campus,0.3333,0.75,11706.42,-46636.53,177.2,48083.32,284.09,4500.0,0.9819,-0.1567,0.1059,35000.0,7
3347,Petal,6,ZONE_FACULTY_DIPLOMACY,17-State Parliamentary Assembly & Living Campus,0.3333,0.875,13657.49,-46636.53,-688.94,48595.19,286.32,4500.0,0.9819,-0.1574,0.1054,35000.0,7
3348,Petal,6,ZONE_CLEARANCE_WATERWAY,17-State Parliamentary Assembly & Living Campus,0.3333,1.0,15608.56,-46636.53,-1649.81,49179.19,288.5,4500.0,0.9797,-0.1672,0.1107,35000.0,7
3349,Petal,6,ZONE_CLEARANCE_WATERWAY,17-State Parliamentary Assembly & Living Campus,0.3667,-1.0,-16820.39,-49800.18,-1678.0,52564.09,251.34,4500.0,0.9755,-0.1881,0.1143,35000.0,7
3350,Petal,6,ZONE_FACULTY_DIPLOMACY,17-State Parliamentary Assembly & Living Campus,0.3667,-0.875,-14717.84,-49800.18,-669.3,51929.5,253.54,4500.0,0.976,-0.1856,0.1138,35000.0,7
3351,Petal,6,ZONE_FACULTY_DIPLOMACY,17-State Parliamentary Assembly & Living Campus,0.3667,-0.75,-12615.29,-49800.18,239.47,51373.18,255.78,4500.0,0.9765,-0.1834,0.1132,35000.0,7
3352,Petal,6,ZONE_FACULTY_DIPLOMACY,17-State Parliamentary Assembly & Living Campus,0.3667,-0.625,-10512.74,-49800.18,1048.33,50897.7,258.08,4500.0,0.977,-0.1813,0.1126,35000.0,7
3353,Petal,6,ZONE_FACULTY_DIPLOMACY,17-State Parliamentary Assembly & Living Campus,0.3667,-0.5,-8410.2,-49800.18,1757.27,50505.34,260.41,4500.0,0.9774,-0.1794,0.1121,35000.0,7
3354,Petal,6,ZONE_FACULTY_DIPLOMACY,17-State Parliamentary Assembly & Living Campus,0.3667,-0.375,-6307.65,-49800.18,2366.29,50198.05,262.78,4500.0,0.9777,-0.1777,0.1115,35000.0,7
3355,Petal,6,ZONE_FACULTY_DIPLOMACY,17-State Parliamentary Assembly & Living Campus,0.3667,-0.25,-4205.1,-49800.18,2875.39,49977.4,265.17,4500.0,0.9781,-0.1762,0.1109,35000.0,7
3356,Petal,6,ZONE_FACULTY_DIPLOMACY,17-State Parliamentary Assembly & Living Campus,0.3667,-0.125,-2102.55,-49800.18,3284.57,49844.54,267.58,4500.0,0.9784,-0.1748,0.1104,35000.0,7
3357,Petal,6,ZONE_FACULTY_DIPLOMACY,17-State Parliamentary Assembly & Living Campus,0.3667,0.0,-0.0,-49800.18,3593.83,49800.18,270.0,4500.0,0.9798,-0.1691,0.107,35000.0,7
3358,Petal,6,ZONE_FACULTY_DIPLOMACY,17-State Parliamentary Assembly & Living Campus,0.3667,0.125,2102.55,-49800.18,3284.57,49844.54,272.42,4500.0,0.9799,-0.1685,0.1064,35000.0,7
3359,Petal,6,ZONE_FACULTY_DIPLOMACY,17-State Parliamentary Assembly & Living Campus,0.3667,0.25,4205.1,-49800.18,2875.39,49977.4,274.83,4500.0,0.9801,-0.1682,0.1059,35000.0,7
3360,Petal,6,ZONE_FACULTY_DIPLOMACY,17-State Parliamentary Assembly & Living Campus,0.3667,0.375,6307.65,-49800.18,2366.29,50198.05,277.22,4500.0,0.9801,-0.168,0.1054,35000.0,7
3361,Petal,6,ZONE_FACULTY_DIPLOMACY,17-State Parliamentary Assembly & Living Campus,0.3667,0.5,8410.2,-49800.18,1757.27,50505.34,279.59,4500.0,0.9802,-0.1679,0.1049,35000.0,7
3362,Petal,6,ZONE_FACULTY_DIPLOMACY,17-State Parliamentary Assembly & Living Campus,0.3667,0.625,10512.74,-49800.18,1048.33,50897.7,281.92,4500.0,0.9803,-0.168,0.1043,35000.0,7
3363,Petal,6,ZONE_FACULTY_DIPLOMACY,17-State Parliamentary Assembly & Living Campus,0.3667,0.75,12615.29,-49800.18,239.47,51373.18,284.22,4500.0,0.9803,-0.1682,0.1038,35000.0,7
3364,Petal,6,ZONE_FACULTY_DIPLOMACY,17-State Parliamentary Assembly & Living Campus,0.3667,0.875,14717.84,-49800.18,-669.3,51929.5,286.46,4500.0,0.9803,-0.1685,0.1033,35000.0,7
3365,Petal,6,ZONE_CLEARANCE_WATERWAY,17-State Parliamentary Assembly & Living Campus,0.3667,1.0,16820.39,-49800.18,-1678.0,52564.09,288.66,4500.0,0.978,-0.1781,0.1083,35000.0,7
3366,Petal,6,ZONE_CLEARANCE_WATERWAY,17-State Parliamentary Assembly & Living Campus,0.4,-1.0,-18032.22,-52963.83,-1671.16,55949.34,251.2,4500.0,0.9736,-0.1989,0.1118,35000.0,7
3367,Petal,6,ZONE_FACULTY_DIPLOMACY,17-State Parliamentary Assembly & Living Campus,0.4,-0.875,-15778.19,-52963.83,-624.82,55264.08,253.41,4500.0,0.9741,-0.1969,0.1113,35000.0,7
3368,Petal,6,ZONE_FACULTY_DIPLOMACY,17-State Parliamentary Assembly & Living Campus,0.4,-0.75,-13524.17,-52963.83,317.49,54663.25,255.68,4500.0,0.9745,-0.195,0.1108,35000.0,7
3369,Petal,6,ZONE_FACULTY_DIPLOMACY,17-State Parliamentary Assembly & Living Campus,0.4,-0.625,-11270.14,-52963.83,1155.79,54149.64,257.99,4500.0,0.9749,-0.1932,0.1102,35000.0,7
3370,Petal,6,ZONE_FACULTY_DIPLOMACY,17-State Parliamentary Assembly & Living Campus,0.4,-0.5,-9016.11,-52963.83,1890.06,53725.76,260.34,4500.0,0.9753,-0.1916,0.1097,35000.0,7
3371,Petal,6,ZONE_FACULTY_DIPLOMACY,17-State Parliamentary Assembly & Living Campus,0.4,-0.375,-6762.08,-52963.83,2520.31,53393.76,262.72,4500.0,0.9757,-0.19,0.1092,35000.0,7
3372,Petal,6,ZONE_FACULTY_DIPLOMACY,17-State Parliamentary Assembly & Living Campus,0.4,-0.25,-4508.06,-52963.83,3046.54,53155.34,265.13,4500.0,0.976,-0.1886,0.1086,35000.0,7
3373,Petal,6,ZONE_FACULTY_DIPLOMACY,17-State Parliamentary Assembly & Living Campus,0.4,-0.125,-2254.03,-52963.83,3468.75,53011.77,267.56,4500.0,0.9763,-0.1874,0.1081,35000.0,7
3374,Petal,6,ZONE_FACULTY_DIPLOMACY,17-State Parliamentary Assembly & Living Campus,0.4,0.0,-0.0,-52963.83,3786.93,52963.83,270.0,4500.0,0.9777,-0.1817,0.105,35000.0,7
3375,Petal,6,ZONE_FACULTY_DIPLOMACY,17-State Parliamentary Assembly & Living Campus,0.4,0.125,2254.03,-52963.83,3468.75,53011.77,272.44,4500.0,0.9779,-0.1811,0.1045,35000.0,7
3376,Petal,6,ZONE_FACULTY_DIPLOMACY,17-State Parliamentary Assembly & Living Campus,0.4,0.25,4508.06,-52963.83,3046.54,53155.34,274.87,4500.0,0.978,-0.1806,0.104,35000.0,7
3377,Petal,6,ZONE_FACULTY_DIPLOMACY,17-State Parliamentary Assembly & Living Campus,0.4,0.375,6762.08,-52963.83,2520.31,53393.76,277.28,4500.0,0.9782,-0.1802,0.1035,35000.0,7
3378,Petal,6,ZONE_FACULTY_DIPLOMACY,17-State Parliamentary Assembly & Living Campus,0.4,0.5,9016.11,-52963.83,1890.06,53725.76,279.66,4500.0,0.9783,-0.1799,0.103,35000.0,7
3379,Petal,6,ZONE_FACULTY_DIPLOMACY,17-State Parliamentary Assembly & Living Campus,0.4,0.625,11270.14,-52963.83,1155.79,54149.64,282.01,4500.0,0.9784,-0.1797,0.1025,35000.0,7
3380,Petal,6,ZONE_FACULTY_DIPLOMACY,17-State Parliamentary Assembly & Living Campus,0.4,0.75,13524.17,-52963.83,317.49,54663.25,284.32,4500.0,0.9784,-0.1796,0.102,35000.0,7
3381,Petal,6,ZONE_FACULTY_DIPLOMACY,17-State Parliamentary Assembly & Living Campus,0.4,0.875,15778.19,-52963.83,-624.82,55264.08,286.59,4500.0,0.9785,-0.1797,0.1016,35000.0,7
3382,Petal,6,ZONE_CLEARANCE_WATERWAY,17-State Parliamentary Assembly & Living Campus,0.4,1.0,18032.22,-52963.83,-1671.16,55949.34,288.8,4500.0,0.9762,-0.1889,0.1062,35000.0,7
3383,Petal,6,ZONE_CLEARANCE_WATERWAY,17-State Parliamentary Assembly & Living Campus,0.4333,-1.0,-18376.14,-56127.49,-1627.85,59059.1,251.87,6235.83,0.974,-0.2007,0.1049,35000.0,7
3384,Petal,6,ZONE_FACULTY_DIPLOMACY,17-State Parliamentary Assembly & Living Campus,0.4333,-0.875,-16079.12,-56127.49,-554.39,58385.21,254.01,6235.83,0.9744,-0.1991,0.1044,35000.0,7
3385,Petal,6,ZONE_FACULTY_DIPLOMACY,17-State Parliamentary Assembly & Living Campus,0.4333,-0.75,-13782.1,-56127.49,412.09,57794.82,256.2,6235.83,0.9748,-0.1976,0.104,35000.0,7
3386,Petal,6,ZONE_FACULTY_DIPLOMACY,17-State Parliamentary Assembly & Living Campus,0.4333,-0.625,-11485.09,-56127.49,1271.59,57290.5,258.44,6235.83,0.9751,-0.1961,0.1035,35000.0,7
3387,Petal,6,ZONE_FACULTY_DIPLOMACY,17-State Parliamentary Assembly & Living Campus,0.4333,-0.5,-9188.07,-56127.49,2024.1,56874.56,260.7,6235.83,0.9754,-0.1948,0.103,35000.0,7
3388,Petal,6,ZONE_FACULTY_DIPLOMACY,17-State Parliamentary Assembly & Living Campus,0.4333,-0.375,-6891.05,-56127.49,2669.63,56548.93,263.0,6235.83,0.9757,-0.1935,0.1025,35000.0,7
3389,Petal,6,ZONE_FACULTY_DIPLOMACY,17-State Parliamentary Assembly & Living Campus,0.4333,-0.25,-4594.03,-56127.49,3208.17,56315.18,265.32,6235.83,0.976,-0.1924,0.1021,35000.0,7
3390,Petal,6,ZONE_FACULTY_DIPLOMACY,17-State Parliamentary Assembly & Living Campus,0.4333,-0.125,-2297.02,-56127.49,3639.72,56174.47,267.66,6235.83,0.9763,-0.1913,0.1016,35000.0,7
3391,Petal,6,ZONE_FACULTY_DIPLOMACY,17-State Parliamentary Assembly & Living Campus,0.4333,0.0,-0.0,-56127.49,3964.3,56127.49,270.0,6235.83,0.9776,-0.1859,0.0988,35000.0,7
3392,Petal,6,ZONE_FACULTY_DIPLOMACY,17-State Parliamentary Assembly & Living Campus,0.4333,0.125,2297.02,-56127.49,3639.72,56174.47,272.34,6235.83,0.9778,-0.1852,0.0984,35000.0,7
3393,Petal,6,ZONE_FACULTY_DIPLOMACY,17-State Parliamentary Assembly & Living Campus,0.4333,0.25,4594.03,-56127.49,3208.17,56315.18,274.68,6235.83,0.9779,-0.1846,0.0979,35000.0,7
3394,Petal,6,ZONE_FACULTY_DIPLOMACY,17-State Parliamentary Assembly & Living Campus,0.4333,0.375,6891.05,-56127.49,2669.63,56548.93,277.0,6235.83,0.9781,-0.184,0.0975,35000.0,7
3395,Petal,6,ZONE_FACULTY_DIPLOMACY,17-State Parliamentary Assembly & Living Campus,0.4333,0.5,9188.07,-56127.49,2024.1,56874.56,279.3,6235.83,0.9782,-0.1836,0.0971,35000.0,7
3396,Petal,6,ZONE_FACULTY_DIPLOMACY,17-State Parliamentary Assembly & Living Campus,0.4333,0.625,11485.09,-56127.49,1271.59,57290.5,281.56,6235.83,0.9783,-0.1832,0.0966,35000.0,7
3397,Petal,6,ZONE_FACULTY_DIPLOMACY,17-State Parliamentary Assembly & Living Campus,0.4333,0.75,13782.1,-56127.49,412.09,57794.82,283.8,6235.83,0.9784,-0.1828,0.0962,35000.0,7
3398,Petal,6,ZONE_FACULTY_DIPLOMACY,17-State Parliamentary Assembly & Living Campus,0.4333,0.875,16079.12,-56127.49,-554.39,58385.21,285.99,6235.83,0.9785,-0.1825,0.0958,35000.0,7
3399,Petal,6,ZONE_CLEARANCE_WATERWAY,17-State Parliamentary Assembly & Living Campus,0.4333,1.0,18376.14,-56127.49,-1627.85,59059.1,288.13,6235.83,0.9765,-0.1911,0.0999,35000.0,7
3400,Petal,6,ZONE_CLEARANCE_WATERWAY,17-State Parliamentary Assembly & Living Campus,0.4667,-1.0,-17431.4,-59291.14,-1547.03,61800.43,253.62,10548.97,0.9776,-0.1892,0.0925,35000.0,7
3401,Petal,6,ZONE_FACULTY_DIPLOMACY,17-State Parliamentary Assembly & Living Campus,0.4667,-0.875,-15252.47,-59291.14,-457.2,61221.54,255.57,10548.97,0.9778,-0.1881,0.0921,35000.0,7
3402,Petal,6,ZONE_FACULTY_DIPLOMACY,17-State Parliamentary Assembly & Living Campus,0.4667,-0.75,-13073.55,-59291.14,523.87,60715.37,257.57,10548.97,0.9781,-0.187,0.0917,35000.0,7
3403,Petal,6,ZONE_FACULTY_DIPLOMACY,17-State Parliamentary Assembly & Living Campus,0.4667,-0.625,-10894.62,-59291.14,1396.15,60283.76,259.59,10548.97,0.9783,-0.186,0.0913,35000.0,7
3404,Petal,6,ZONE_FACULTY_DIPLOMACY,17-State Parliamentary Assembly & Living Campus,0.4667,-0.5,-8715.7,-59291.14,2159.67,59928.31,261.64,10548.97,0.9785,-0.185,0.0909,35000.0,7
3405,Petal,6,ZONE_FACULTY_DIPLOMACY,17-State Parliamentary Assembly & Living Campus,0.4667,-0.375,-6536.77,-59291.14,2814.4,59650.39,263.71,10548.97,0.9788,-0.184,0.0905,35000.0,7
3406,Petal,6,ZONE_FACULTY_DIPLOMACY,17-State Parliamentary Assembly & Living Campus,0.4667,-0.25,-4357.85,-59291.14,3360.36,59451.07,265.8,10548.97,0.979,-0.1831,0.0901,35000.0,7
3407,Petal,6,ZONE_FACULTY_DIPLOMACY,17-State Parliamentary Assembly & Living Campus,0.4667,-0.125,-2178.92,-59291.14,3797.54,59331.16,267.9,10548.97,0.9792,-0.1822,0.0897,35000.0,7
3408,Petal,6,ZONE_FACULTY_DIPLOMACY,17-State Parliamentary Assembly & Living Campus,0.4667,0.0,-0.0,-59291.14,4125.95,59291.14,270.0,10548.97,0.9802,-0.1774,0.0874,35000.0,7
3409,Petal,6,ZONE_FACULTY_DIPLOMACY,17-State Parliamentary Assembly & Living Campus,0.4667,0.125,2178.92,-59291.14,3797.54,59331.16,272.1,10548.97,0.9804,-0.1768,0.087,35000.0,7
3410,Petal,6,ZONE_FACULTY_DIPLOMACY,17-State Parliamentary Assembly & Living Campus,0.4667,0.25,4357.85,-59291.14,3360.36,59451.07,274.2,10548.97,0.9806,-0.1761,0.0866,35000.0,7
3411,Petal,6,ZONE_FACULTY_DIPLOMACY,17-State Parliamentary Assembly & Living Campus,0.4667,0.375,6536.77,-59291.14,2814.4,59650.39,276.29,10548.97,0.9807,-0.1755,0.0862,35000.0,7
3412,Petal,6,ZONE_FACULTY_DIPLOMACY,17-State Parliamentary Assembly & Living Campus,0.4667,0.5,8715.7,-59291.14,2159.67,59928.31,278.36,10548.97,0.9808,-0.1749,0.0859,35000.0,7
3413,Petal,6,ZONE_FACULTY_DIPLOMACY,17-State Parliamentary Assembly & Living Campus,0.4667,0.625,10894.62,-59291.14,1396.15,60283.76,280.41,10548.97,0.981,-0.1743,0.0855,35000.0,7
3414,Petal,6,ZONE_FACULTY_DIPLOMACY,17-State Parliamentary Assembly & Living Campus,0.4667,0.75,13073.55,-59291.14,523.87,60715.37,282.43,10548.97,0.9811,-0.1737,0.0852,35000.0,7
3415,Petal,6,ZONE_FACULTY_DIPLOMACY,17-State Parliamentary Assembly & Living Campus,0.4667,0.875,15252.47,-59291.14,-457.2,61221.54,284.43,10548.97,0.9812,-0.1732,0.0848,35000.0,7
3416,Petal,6,ZONE_CLEARANCE_WATERWAY,17-State Parliamentary Assembly & Living Campus,0.4667,1.0,17431.4,-59291.14,-1547.03,61800.43,286.38,10548.97,0.9796,-0.1806,0.0883,35000.0,7
3417,Petal,6,ZONE_CLEARANCE_WATERWAY,17-State Parliamentary Assembly & Living Campus,0.5,-1.0,-16400.9,-62454.79,-1428.08,64572.37,255.29,15033.63,0.9808,-0.177,0.0812,35000.0,7
3418,Petal,6,ZONE_FACULTY_DIPLOMACY,17-State Parliamentary Assembly & Living Campus,0.5,-0.875,-14350.79,-62454.79,-332.77,64082.34,257.06,15033.63,0.981,-0.1763,0.0809,35000.0,7
3419,Petal,6,ZONE_FACULTY_DIPLOMACY,17-State Parliamentary Assembly & Living Campus,0.5,-0.75,-12300.68,-62454.79,653.17,63654.6,258.86,15033.63,0.9812,-0.1756,0.0805,35000.0,7
3420,Petal,6,ZONE_FACULTY_DIPLOMACY,17-State Parliamentary Assembly & Living Campus,0.5,-0.625,-10250.56,-62454.79,1529.73,63290.4,260.68,15033.63,0.9813,-0.1749,0.0802,35000.0,7
3421,Petal,6,ZONE_FACULTY_DIPLOMACY,17-State Parliamentary Assembly & Living Campus,0.5,-0.5,-8200.45,-62454.79,2296.92,62990.86,262.52,15033.63,0.9815,-0.1742,0.0799,35000.0,7
3422,Petal,6,ZONE_FACULTY_DIPLOMACY,17-State Parliamentary Assembly & Living Campus,0.5,-0.375,-6150.34,-62454.79,2954.73,62756.89,264.38,15033.63,0.9816,-0.1735,0.0795,35000.0,7
3423,Petal,6,ZONE_FACULTY_DIPLOMACY,17-State Parliamentary Assembly & Living Campus,0.5,-0.25,-4100.23,-62454.79,3503.17,62589.24,266.24,15033.63,0.9818,-0.1728,0.0792,35000.0,7
3424,Petal,6,ZONE_FACULTY_DIPLOMACY,17-State Parliamentary Assembly & Living Campus,0.5,-0.125,-2050.11,-62454.79,3942.23,62488.43,268.12,15033.63,0.9819,-0.1721,0.0789,35000.0,7
3425,Petal,6,ZONE_FACULTY_DIPLOMACY,17-State Parliamentary Assembly & Living Campus,0.5,0.0,-0.0,-62454.79,4271.92,62454.79,270.0,15033.63,0.9828,-0.1679,0.077,35000.0,7
3426,Petal,6,ZONE_FACULTY_DIPLOMACY,17-State Parliamentary Assembly & Living Campus,0.5,0.125,2050.11,-62454.79,3942.23,62488.43,271.88,15033.63,0.9829,-0.1672,0.0767,35000.0,7
3427,Petal,6,ZONE_FACULTY_DIPLOMACY,17-State Parliamentary Assembly & Living Campus,0.5,0.25,4100.23,-62454.79,3503.17,62589.24,273.76,15033.63,0.9831,-0.1665,0.0763,35000.0,7
3428,Petal,6,ZONE_FACULTY_DIPLOMACY,17-State Parliamentary Assembly & Living Campus,0.5,0.375,6150.34,-62454.79,2954.73,62756.89,275.62,15033.63,0.9832,-0.1659,0.076,35000.0,7
3429,Petal,6,ZONE_FACULTY_DIPLOMACY,17-State Parliamentary Assembly & Living Campus,0.5,0.5,8200.45,-62454.79,2296.92,62990.86,277.48,15033.63,0.9833,-0.1652,0.0757,35000.0,7
3430,Petal,6,ZONE_FACULTY_DIPLOMACY,17-State Parliamentary Assembly & Living Campus,0.5,0.625,10250.56,-62454.79,1529.73,63290.4,279.32,15033.63,0.9835,-0.1645,0.0754,35000.0,7
3431,Petal,6,ZONE_FACULTY_DIPLOMACY,17-State Parliamentary Assembly & Living Campus,0.5,0.75,12300.68,-62454.79,653.17,63654.6,281.14,15033.63,0.9836,-0.1638,0.0751,35000.0,7
3432,Petal,6,ZONE_FACULTY_DIPLOMACY,17-State Parliamentary Assembly & Living Campus,0.5,0.875,14350.79,-62454.79,-332.77,64082.34,282.94,15033.63,0.9838,-0.1632,0.0749,35000.0,7
3433,Petal,6,ZONE_CLEARANCE_WATERWAY,17-State Parliamentary Assembly & Living Campus,0.5,1.0,16400.9,-62454.79,-1428.08,64572.37,284.71,15033.63,0.9825,-0.1695,0.0778,35000.0,7
3434,Petal,6,ZONE_CLEARANCE_WATERWAY,17-State Parliamentary Assembly & Living Campus,0.5333,-1.0,-15302.45,-65618.44,-1270.78,67379.11,256.87,19654.19,0.9838,-0.1643,0.0711,35000.0,7
3435,Petal,6,ZONE_FACULTY_DIPLOMACY,17-State Parliamentary Assembly & Living Campus,0.5333,-0.875,-13389.64,-65618.44,-180.94,66970.61,258.47,19654.19,0.9839,-0.1639,0.0708,35000.0,7
3436,Petal,6,ZONE_FACULTY_DIPLOMACY,17-State Parliamentary Assembly & Living Campus,0.5333,-0.75,-11476.84,-65618.44,800.12,66614.55,260.08,19654.19,0.984,-0.1635,0.0705,35000.0,7
3437,Petal,6,ZONE_FACULTY_DIPLOMACY,17-State Parliamentary Assembly & Living Campus,0.5333,-0.625,-9564.03,-65618.44,1672.41,66311.77,261.71,19654.19,0.9841,-0.1631,0.0702,35000.0,7
3438,Petal,6,ZONE_FACULTY_DIPLOMACY,17-State Parliamentary Assembly & Living Campus,0.5333,-0.5,-7651.22,-65618.44,2435.92,66063.01,263.35,19654.19,0.9842,-0.1626,0.0699,35000.0,7
3439,Petal,6,ZONE_FACULTY_DIPLOMACY,17-State Parliamentary Assembly & Living Campus,0.5333,-0.375,-5738.42,-65618.44,3090.66,65868.88,265.0,19654.19,0.9843,-0.1622,0.0697,35000.0,7
3440,Petal,6,ZONE_FACULTY_DIPLOMACY,17-State Parliamentary Assembly & Living Campus,0.5333,-0.25,-3825.61,-65618.44,3636.62,65729.87,266.66,19654.19,0.9844,-0.1616,0.0694,35000.0,7
3441,Petal,6,ZONE_FACULTY_DIPLOMACY,17-State Parliamentary Assembly & Living Campus,0.5333,-0.125,-1912.81,-65618.44,4073.8,65646.32,268.33,19654.19,0.9845,-0.1611,0.0691,35000.0,7
3442,Petal,6,ZONE_FACULTY_DIPLOMACY,17-State Parliamentary Assembly & Living Campus,0.5333,0.0,-0.0,-65618.44,4402.21,65618.44,270.0,19654.19,0.9852,-0.1575,0.0675,35000.0,7
3443,Petal,6,ZONE_FACULTY_DIPLOMACY,17-State Parliamentary Assembly & Living Campus,0.5333,0.125,1912.81,-65618.44,4073.8,65646.32,271.67,19654.19,0.9853,-0.1568,0.0673,35000.0,7
3444,Petal,6,ZONE_FACULTY_DIPLOMACY,17-State Parliamentary Assembly & Living Campus,0.5333,0.25,3825.61,-65618.44,3636.62,65729.87,273.34,19654.19,0.9855,-0.1562,0.067,35000.0,7
3445,Petal,6,ZONE_FACULTY_DIPLOMACY,17-State Parliamentary Assembly & Living Campus,0.5333,0.375,5738.42,-65618.44,3090.66,65868.88,275.0,19654.19,0.9856,-0.1555,0.0668,35000.0,7
3446,Petal,6,ZONE_FACULTY_DIPLOMACY,17-State Parliamentary Assembly & Living Campus,0.5333,0.5,7651.22,-65618.44,2435.92,66063.01,276.65,19654.19,0.9857,-0.1547,0.0665,35000.0,7
3447,Petal,6,ZONE_FACULTY_DIPLOMACY,17-State Parliamentary Assembly & Living Campus,0.5333,0.625,9564.03,-65618.44,1672.41,66311.77,278.29,19654.19,0.9858,-0.154,0.0663,35000.0,7
3448,Petal,6,ZONE_FACULTY_DIPLOMACY,17-State Parliamentary Assembly & Living Campus,0.5333,0.75,11476.84,-65618.44,800.12,66614.55,279.92,19654.19,0.986,-0.1532,0.066,35000.0,7
3449,Petal,6,ZONE_FACULTY_DIPLOMACY,17-State Parliamentary Assembly & Living Campus,0.5333,0.875,13389.64,-65618.44,-180.94,66970.61,281.53,19654.19,0.9861,-0.1524,0.0658,35000.0,7
3450,Petal,6,ZONE_CLEARANCE_WATERWAY,17-State Parliamentary Assembly & Living Campus,0.5333,1.0,15302.45,-65618.44,-1270.78,67379.11,283.13,19654.19,0.9851,-0.1577,0.0682,35000.0,7
3451,Petal,6,ZONE_CLEARANCE_WATERWAY,17-State Parliamentary Assembly & Living Campus,0.5667,-1.0,-14151.95,-68782.1,-1075.34,70222.89,258.37,24378.86,0.9866,-0.1512,0.0618,35000.0,7
3452,Petal,6,ZONE_FACULTY_DIPLOMACY,17-State Parliamentary Assembly & Living Campus,0.5667,-0.875,-12382.95,-68782.1,-1.87,69887.87,259.79,24378.86,0.9866,-0.1511,0.0616,35000.0,7
3453,Petal,6,ZONE_FACULTY_DIPLOMACY,17-State Parliamentary Assembly & Living Campus,0.5667,-0.75,-10613.96,-68782.1,964.61,69596.21,261.23,24378.86,0.9866,-0.1509,0.0614,35000.0,7
3454,Petal,6,ZONE_FACULTY_DIPLOMACY,17-State Parliamentary Assembly & Living Campus,0.5667,-0.625,-8844.97,-68782.1,1824.1,69348.47,262.67,24378.86,0.9867,-0.1507,0.0611,35000.0,7
3455,Petal,6,ZONE_FACULTY_DIPLOMACY,17-State Parliamentary Assembly & Living Campus,0.5667,-0.5,-7075.97,-68782.1,2576.61,69145.11,264.13,24378.86,0.9867,-0.1505,0.0609,35000.0,7
3456,Petal,6,ZONE_FACULTY_DIPLOMACY,17-State Parliamentary Assembly & Living Campus,0.5667,-0.375,-5306.98,-68782.1,3222.14,68986.53,265.59,24378.86,0.9868,-0.1502,0.0607,35000.0,7
3457,Petal,6,ZONE_FACULTY_DIPLOMACY,17-State Parliamentary Assembly & Living Campus,0.5667,-0.25,-3537.99,-68782.1,3760.68,68873.03,267.06,24378.86,0.9869,-0.1498,0.0605,35000.0,7
3458,Petal,6,ZONE_FACULTY_DIPLOMACY,17-State Parliamentary Assembly & Living Campus,0.5667,-0.125,-1768.99,-68782.1,4192.24,68804.84,268.53,24378.86,0.9869,-0.1495,0.0602,35000.0,7
3459,Petal,6,ZONE_FACULTY_DIPLOMACY,17-State Parliamentary Assembly & Living Campus,0.5667,0.0,-0.0,-68782.1,4516.81,68782.1,270.0,24378.86,0.9875,-0.1464,0.059,35000.0,7
3460,Petal,6,ZONE_FACULTY_DIPLOMACY,17-State Parliamentary Assembly & Living Campus,0.5667,0.125,1768.99,-68782.1,4192.24,68804.84,271.47,24378.86,0.9876,-0.1457,0.0588,35000.0,7
3461,Petal,6,ZONE_FACULTY_DIPLOMACY,17-State Parliamentary Assembly & Living Campus,0.5667,0.25,3537.99,-68782.1,3760.68,68873.03,272.94,24378.86,0.9877,-0.1451,0.0585,35000.0,7
3462,Petal,6,ZONE_FACULTY_DIPLOMACY,17-State Parliamentary Assembly & Living Campus,0.5667,0.375,5306.98,-68782.1,3222.14,68986.53,274.41,24378.86,0.9878,-0.1444,0.0583,35000.0,7
3463,Petal,6,ZONE_FACULTY_DIPLOMACY,17-State Parliamentary Assembly & Living Campus,0.5667,0.5,7075.97,-68782.1,2576.61,69145.11,275.87,24378.86,0.9879,-0.1437,0.0581,35000.0,7
3464,Petal,6,ZONE_FACULTY_DIPLOMACY,17-State Parliamentary Assembly & Living Campus,0.5667,0.625,8844.97,-68782.1,1824.1,69348.47,277.33,24378.86,0.988,-0.1429,0.0579,35000.0,7
3465,Petal,6,ZONE_FACULTY_DIPLOMACY,17-State Parliamentary Assembly & Living Campus,0.5667,0.75,10613.96,-68782.1,964.61,69596.21,278.77,24378.86,0.9882,-0.1421,0.0578,35000.0,7
3466,Petal,6,ZONE_FACULTY_DIPLOMACY,17-State Parliamentary Assembly & Living Campus,0.5667,0.875,12382.95,-68782.1,-1.87,69887.87,280.21,24378.86,0.9883,-0.1412,0.0576,35000.0,7
3467,Petal,6,ZONE_CLEARANCE_WATERWAY,17-State Parliamentary Assembly & Living Campus,0.5667,1.0,14151.95,-68782.1,-1075.34,70222.89,281.63,24378.86,0.9876,-0.1456,0.0595,35000.0,7
3468,Petal,6,ZONE_CLEARANCE_WATERWAY,17-State Parliamentary Assembly & Living Campus,0.6,-1.0,-12963.71,-71945.75,-842.39,73104.37,259.79,29178.99,0.989,-0.1379,0.0534,35000.0,7
3469,Petal,6,ZONE_FACULTY_DIPLOMACY,17-State Parliamentary Assembly & Living Campus,0.6,-0.875,-11343.25,-71945.75,203.95,72834.47,261.04,29178.99,0.989,-0.138,0.0533,35000.0,7
3470,Petal,6,ZONE_FACULTY_DIPLOMACY,17-State Parliamentary Assembly & Living Campus,0.6,-0.75,-9722.78,-71945.75,1146.26,72599.75,262.3,29178.99,0.989,-0.138,0.0531,35000.0,7
3471,Petal,6,ZONE_FACULTY_DIPLOMACY,17-State Parliamentary Assembly & Living Campus,0.6,-0.625,-8102.32,-71945.75,1984.56,72400.54,263.57,29178.99,0.989,-0.138,0.0529,35000.0,7
3472,Petal,6,ZONE_FACULTY_DIPLOMACY,17-State Parliamentary Assembly & Living Campus,0.6,-0.5,-6481.86,-71945.75,2718.83,72237.15,264.85,29178.99,0.989,-0.1379,0.0527,35000.0,7
3473,Petal,6,ZONE_FACULTY_DIPLOMACY,17-State Parliamentary Assembly & Living Campus,0.6,-0.375,-4861.39,-71945.75,3349.08,72109.8,266.13,29178.99,0.9891,-0.1377,0.0525,35000.0,7
3474,Petal,6,ZONE_FACULTY_DIPLOMACY,17-State Parliamentary Assembly & Living Campus,0.6,-0.25,-3240.93,-71945.75,3875.31,72018.71,267.42,29178.99,0.9891,-0.1375,0.0524,35000.0,7
3475,Petal,6,ZONE_FACULTY_DIPLOMACY,17-State Parliamentary Assembly & Living Campus,0.6,-0.125,-1620.46,-71945.75,4297.52,71964.0,268.71,29178.99,0.9892,-0.1373,0.0522,35000.0,7
3476,Petal,6,ZONE_FACULTY_DIPLOMACY,17-State Parliamentary Assembly & Living Campus,0.6,0.0,-0.0,-71945.75,4615.7,71945.75,270.0,29178.99,0.9896,-0.1347,0.0512,35000.0,7
3477,Petal,6,ZONE_FACULTY_DIPLOMACY,17-State Parliamentary Assembly & Living Campus,0.6,0.125,1620.46,-71945.75,4297.52,71964.0,271.29,29178.99,0.9897,-0.1341,0.051,35000.0,7
3478,Petal,6,ZONE_FACULTY_DIPLOMACY,17-State Parliamentary Assembly & Living Campus,0.6,0.25,3240.93,-71945.75,3875.31,72018.71,272.58,29178.99,0.9897,-0.1335,0.0508,35000.0,7
3479,Petal,6,ZONE_FACULTY_DIPLOMACY,17-State Parliamentary Assembly & Living Campus,0.6,0.375,4861.39,-71945.75,3349.08,72109.8,273.87,29178.99,0.9898,-0.1328,0.0507,35000.0,7
3480,Petal,6,ZONE_FACULTY_DIPLOMACY,17-State Parliamentary Assembly & Living Campus,0.6,0.5,6481.86,-71945.75,2718.83,72237.15,275.15,29178.99,0.99,-0.1321,0.0505,35000.0,7
3481,Petal,6,ZONE_FACULTY_DIPLOMACY,17-State Parliamentary Assembly & Living Campus,0.6,0.625,8102.32,-71945.75,1984.56,72400.54,276.43,29178.99,0.9901,-0.1313,0.0503,35000.0,7
3482,Petal,6,ZONE_FACULTY_DIPLOMACY,17-State Parliamentary Assembly & Living Campus,0.6,0.75,9722.78,-71945.75,1146.26,72599.75,277.7,29178.99,0.9902,-0.1305,0.0502,35000.0,7
3483,Petal,6,ZONE_FACULTY_DIPLOMACY,17-State Parliamentary Assembly & Living Campus,0.6,0.875,11343.25,-71945.75,203.95,72834.47,278.96,29178.99,0.9903,-0.1296,0.05,35000.0,7
3484,Petal,6,ZONE_CLEARANCE_WATERWAY,17-State Parliamentary Assembly & Living Campus,0.6,1.0,12963.71,-71945.75,-842.39,73104.37,280.21,29178.99,0.9898,-0.1331,0.0516,35000.0,7
3485,Petal,6,ZONE_CLEARANCE_WATERWAY,17-State Parliamentary Assembly & Living Campus,0.6333,-1.0,-11750.73,-75109.4,-572.98,76023.03,261.11,34028.62,0.9912,-0.1244,0.0459,35000.0,7
3486,Petal,6,ZONE_FACULTY_DIPLOMACY,17-State Parliamentary Assembly & Living Campus,0.6333,-0.875,-10281.89,-75109.4,435.72,75809.89,262.21,34028.62,0.9911,-0.1247,0.0457,35000.0,7
3487,Petal,6,ZONE_FACULTY_DIPLOMACY,17-State Parliamentary Assembly & Living Campus,0.6333,-0.75,-8813.04,-75109.4,1344.5,75624.68,263.31,34028.62,0.9911,-0.1249,0.0456,35000.0,7
3488,Petal,6,ZONE_FACULTY_DIPLOMACY,17-State Parliamentary Assembly & Living Campus,0.6333,-0.625,-7344.2,-75109.4,2153.35,75467.61,264.42,34028.62,0.9911,-0.125,0.0454,35000.0,7
3489,Petal,6,ZONE_FACULTY_DIPLOMACY,17-State Parliamentary Assembly & Living Campus,0.6333,-0.5,-5875.36,-75109.4,2862.29,75338.85,265.53,34028.62,0.9911,-0.125,0.0453,35000.0,7
3490,Petal,6,ZONE_FACULTY_DIPLOMACY,17-State Parliamentary Assembly & Living Campus,0.6333,-0.375,-4406.52,-75109.4,3471.31,75238.55,266.64,34028.62,0.9911,-0.125,0.0451,35000.0,7
3491,Petal,6,ZONE_FACULTY_DIPLOMACY,17-State Parliamentary Assembly & Living Campus,0.6333,-0.25,-2937.68,-75109.4,3980.41,75166.83,267.76,34028.62,0.9912,-0.1249,0.045,35000.0,7
3492,Petal,6,ZONE_FACULTY_DIPLOMACY,17-State Parliamentary Assembly & Living Campus,0.6333,-0.125,-1468.84,-75109.4,4389.59,75123.76,268.88,34028.62,0.9912,-0.1247,0.0449,35000.0,7
3493,Petal,6,ZONE_FACULTY_DIPLOMACY,17-State Parliamentary Assembly & Living Campus,0.6333,0.0,-0.0,-75109.4,4698.86,75109.4,270.0,34028.62,0.9915,-0.1226,0.044,35000.0,7
3494,Petal,6,ZONE_FACULTY_DIPLOMACY,17-State Parliamentary Assembly & Living Campus,0.6333,0.125,1468.84,-75109.4,4389.59,75123.76,271.12,34028.62,0.9916,-0.1221,0.0439,35000.0,7
3495,Petal,6,ZONE_FACULTY_DIPLOMACY,17-State Parliamentary Assembly & Living Campus,0.6333,0.25,2937.68,-75109.4,3980.41,75166.83,272.24,34028.62,0.9916,-0.1215,0.0438,35000.0,7
3496,Petal,6,ZONE_FACULTY_DIPLOMACY,17-State Parliamentary Assembly & Living Campus,0.6333,0.375,4406.52,-75109.4,3471.31,75238.55,273.36,34028.62,0.9917,-0.1209,0.0437,35000.0,7
3497,Petal,6,ZONE_FACULTY_DIPLOMACY,17-State Parliamentary Assembly & Living Campus,0.6333,0.5,5875.36,-75109.4,2862.29,75338.85,274.47,34028.62,0.9918,-0.1202,0.0435,35000.0,7
3498,Petal,6,ZONE_FACULTY_DIPLOMACY,17-State Parliamentary Assembly & Living Campus,0.6333,0.625,7344.2,-75109.4,2153.35,75467.61,275.58,34028.62,0.9919,-0.1194,0.0434,35000.0,7
3499,Petal,6,ZONE_FACULTY_DIPLOMACY,17-State Parliamentary Assembly & Living Campus,0.6333,0.75,8813.04,-75109.4,1344.5,75624.68,276.69,34028.62,0.992,-0.1186,0.0433,35000.0,7
3500,Petal,6,ZONE_FACULTY_DIPLOMACY,17-State Parliamentary Assembly & Living Campus,0.6333,0.875,10281.89,-75109.4,435.72,75809.89,277.79,34028.62,0.9921,-0.1177,0.0432,35000.0,7
3501,Petal,6,ZONE_CLEARANCE_WATERWAY,17-State Parliamentary Assembly & Living Campus,0.6333,1.0,11750.73,-75109.4,-572.98,76023.03,278.89,34028.62,0.9917,-0.1205,0.0444,35000.0,7
3502,Petal,6,ZONE_CLEARANCE_WATERWAY,17-State Parliamentary Assembly & Living Campus,0.6667,-1.0,-10524.85,-78273.05,-268.53,78977.49,262.34,38904.04,0.9931,-0.111,0.039,35000.0,7
3503,Petal,6,ZONE_FACULTY_DIPLOMACY,17-State Parliamentary Assembly & Living Campus,0.6667,-0.875,-9209.24,-78273.05,692.34,78812.95,263.29,38904.04,0.993,-0.1113,0.0389,35000.0,7
3504,Petal,6,ZONE_FACULTY_DIPLOMACY,17-State Parliamentary Assembly & Living Campus,0.6667,-0.75,-7893.64,-78273.05,1558.48,78670.07,264.24,38904.04,0.993,-0.1116,0.0387,35000.0,7
3505,Petal,6,ZONE_FACULTY_DIPLOMACY,17-State Parliamentary Assembly & Living Campus,0.6667,-0.625,-6578.03,-78273.05,2329.9,78548.98,265.2,38904.04,0.993,-0.1118,0.0386,35000.0,7
3506,Petal,6,ZONE_FACULTY_DIPLOMACY,17-State Parliamentary Assembly & Living Campus,0.6667,-0.5,-5262.42,-78273.05,3006.6,78449.76,266.15,38904.04,0.993,-0.112,0.0385,35000.0,7
3507,Petal,6,ZONE_FACULTY_DIPLOMACY,17-State Parliamentary Assembly & Living Campus,0.6667,-0.375,-3946.82,-78273.05,3588.58,78372.5,267.11,38904.04,0.993,-0.112,0.0384,35000.0,7
3508,Petal,6,ZONE_FACULTY_DIPLOMACY,17-State Parliamentary Assembly & Living Campus,0.6667,-0.25,-2631.21,-78273.05,4075.84,78317.27,268.07,38904.04,0.993,-0.112,0.0383,35000.0,7
3509,Petal,6,ZONE_FACULTY_DIPLOMACY,17-State Parliamentary Assembly & Living Campus,0.6667,-0.125,-1315.61,-78273.05,4468.38,78284.11,269.04,38904.04,0.993,-0.1119,0.0382,35000.0,7
3510,Petal,6,ZONE_FACULTY_DIPLOMACY,17-State Parliamentary Assembly & Living Campus,0.6667,0.0,-0.0,-78273.05,4766.19,78273.05,270.0,38904.04,0.9932,-0.1102,0.0376,35000.0,7
3511,Petal,6,ZONE_FACULTY_DIPLOMACY,17-State Parliamentary Assembly & Living Campus,0.6667,0.125,1315.61,-78273.05,4468.38,78284.11,270.96,38904.04,0.9933,-0.1097,0.0375,35000.0,7
3512,Petal,6,ZONE_FACULTY_DIPLOMACY,17-State Parliamentary Assembly & Living Campus,0.6667,0.25,2631.21,-78273.05,4075.84,78317.27,271.93,38904.04,0.9933,-0.1092,0.0374,35000.0,7
3513,Petal,6,ZONE_FACULTY_DIPLOMACY,17-State Parliamentary Assembly & Living Campus,0.6667,0.375,3946.82,-78273.05,3588.58,78372.5,272.89,38904.04,0.9934,-0.1087,0.0373,35000.0,7
3514,Petal,6,ZONE_FACULTY_DIPLOMACY,17-State Parliamentary Assembly & Living Campus,0.6667,0.5,5262.42,-78273.05,3006.6,78449.76,273.85,38904.04,0.9935,-0.108,0.0372,35000.0,7
3515,Petal,6,ZONE_FACULTY_DIPLOMACY,17-State Parliamentary Assembly & Living Campus,0.6667,0.625,6578.03,-78273.05,2329.9,78548.98,274.8,38904.04,0.9935,-0.1073,0.0371,35000.0,7
3516,Petal,6,ZONE_FACULTY_DIPLOMACY,17-State Parliamentary Assembly & Living Campus,0.6667,0.75,7893.64,-78273.05,1558.48,78670.07,275.76,38904.04,0.9936,-0.1065,0.037,35000.0,7
3517,Petal,6,ZONE_FACULTY_DIPLOMACY,17-State Parliamentary Assembly & Living Campus,0.6667,0.875,9209.24,-78273.05,692.34,78812.95,276.71,38904.04,0.9937,-0.1057,0.0369,35000.0,7
3518,Petal,6,ZONE_CLEARANCE_WATERWAY,17-State Parliamentary Assembly & Living Campus,0.6667,1.0,10524.85,-78273.05,-268.53,78977.49,277.66,38904.04,0.9935,-0.1078,0.0378,35000.0,7
3519,Petal,6,ZONE_CLEARANCE_WATERWAY,17-State Parliamentary Assembly & Living Campus,0.7,-1.0,-9297.03,-81436.71,69.13,81965.68,263.49,43783.34,0.9947,-0.0974,0.0327,35000.0,7
3520,Petal,6,ZONE_FACULTY_DIPLOMACY,17-State Parliamentary Assembly & Living Campus,0.7,-0.875,-8134.9,-81436.71,972.39,81842.01,264.3,43783.34,0.9947,-0.0979,0.0327,35000.0,7
3521,Petal,6,ZONE_FACULTY_DIPLOMACY,17-State Parliamentary Assembly & Living Campus,0.7,-0.75,-6972.77,-81436.71,1787.16,81734.67,265.11,43783.34,0.9946,-0.0983,0.0326,35000.0,7
3522,Petal,6,ZONE_FACULTY_DIPLOMACY,17-State Parliamentary Assembly & Living Campus,0.7,-0.625,-5810.64,-81436.71,2513.44,81643.74,265.92,43783.34,0.9946,-0.0986,0.0325,35000.0,7
3523,Petal,6,ZONE_FACULTY_DIPLOMACY,17-State Parliamentary Assembly & Living Campus,0.7,-0.5,-4648.51,-81436.71,3151.24,81569.27,266.73,43783.34,0.9946,-0.0989,0.0324,35000.0,7
3524,Petal,6,ZONE_FACULTY_DIPLOMACY,17-State Parliamentary Assembly & Living Campus,0.7,-0.375,-3486.39,-81436.71,3700.55,81511.3,267.55,43783.34,0.9946,-0.0991,0.0323,35000.0,7
3525,Petal,6,ZONE_FACULTY_DIPLOMACY,17-State Parliamentary Assembly & Living Campus,0.7,-0.25,-2324.26,-81436.71,4161.38,81469.87,268.37,43783.34,0.9945,-0.0992,0.0322,35000.0,7
3526,Petal,6,ZONE_FACULTY_DIPLOMACY,17-State Parliamentary Assembly & Living Campus,0.7,-0.125,-1162.13,-81436.71,4533.72,81445.0,269.18,43783.34,0.9945,-0.0992,0.0322,35000.0,7
3527,Petal,6,ZONE_FACULTY_DIPLOMACY,17-State Parliamentary Assembly & Living Campus,0.7,0.0,-0.0,-81436.71,4817.57,81436.71,270.0,43783.34,0.9947,-0.0979,0.0317,35000.0,7
3528,Petal,6,ZONE_FACULTY_DIPLOMACY,17-State Parliamentary Assembly & Living Campus,0.7,0.125,1162.13,-81436.71,4533.72,81445.0,270.82,43783.34,0.9947,-0.0975,0.0316,35000.0,7
3529,Petal,6,ZONE_FACULTY_DIPLOMACY,17-State Parliamentary Assembly & Living Campus,0.7,0.25,2324.26,-81436.71,4161.38,81469.87,271.63,43783.34,0.9948,-0.097,0.0315,35000.0,7
3530,Petal,6,ZONE_FACULTY_DIPLOMACY,17-State Parliamentary Assembly & Living Campus,0.7,0.375,3486.39,-81436.71,3700.55,81511.3,272.45,43783.34,0.9948,-0.0964,0.0314,35000.0,7
3531,Petal,6,ZONE_FACULTY_DIPLOMACY,17-State Parliamentary Assembly & Living Campus,0.7,0.5,4648.51,-81436.71,3151.24,81569.27,273.27,43783.34,0.9949,-0.0958,0.0314,35000.0,7
3532,Petal,6,ZONE_FACULTY_DIPLOMACY,17-State Parliamentary Assembly & Living Campus,0.7,0.625,5810.64,-81436.71,2513.44,81643.74,274.08,43783.34,0.995,-0.095,0.0313,35000.0,7
3533,Petal,6,ZONE_FACULTY_DIPLOMACY,17-State Parliamentary Assembly & Living Campus,0.7,0.75,6972.77,-81436.71,1787.16,81734.67,274.89,43783.34,0.9951,-0.0942,0.0312,35000.0,7
3534,Petal,6,ZONE_FACULTY_DIPLOMACY,17-State Parliamentary Assembly & Living Campus,0.7,0.875,8134.9,-81436.71,972.39,81842.01,275.7,43783.34,0.9951,-0.0934,0.0312,35000.0,7
3535,Petal,6,ZONE_CLEARANCE_WATERWAY,17-State Parliamentary Assembly & Living Campus,0.7,1.0,9297.03,-81436.71,69.13,81965.68,276.51,43783.34,0.995,-0.0949,0.0319,35000.0,7
3536,Petal,6,ZONE_CLEARANCE_WATERWAY,17-State Parliamentary Assembly & Living Campus,0.7333,-1.0,-8077.5,-84600.36,422.8,84985.1,264.55,48646.06,0.9962,-0.0829,0.0281,35000.0,7
3537,Petal,6,ZONE_FACULTY_DIPLOMACY,17-State Parliamentary Assembly & Living Campus,0.7333,-0.875,-7067.81,-84600.36,1230.47,84895.08,265.22,48646.06,0.9961,-0.0839,0.028,35000.0,7
3538,Petal,6,ZONE_FACULTY_DIPLOMACY,17-State Parliamentary Assembly & Living Campus,0.7333,-0.75,-6058.13,-84600.36,1959.64,84816.99,265.9,48646.06,0.996,-0.0847,0.0279,35000.0,7
3539,Petal,6,ZONE_FACULTY_DIPLOMACY,17-State Parliamentary Assembly & Living Campus,0.7333,-0.625,-5048.44,-84600.36,2610.33,84750.86,266.58,48646.06,0.996,-0.0854,0.0279,35000.0,7
3540,Petal,6,ZONE_FACULTY_DIPLOMACY,17-State Parliamentary Assembly & Living Campus,0.7333,-0.5,-4038.75,-84600.36,3182.51,84696.71,267.27,48646.06,0.9959,-0.086,0.0278,35000.0,7
3541,Petal,6,ZONE_FACULTY_DIPLOMACY,17-State Parliamentary Assembly & Living Campus,0.7333,-0.375,-3029.06,-84600.36,3676.21,84654.57,267.95,48646.06,0.9959,-0.0865,0.0278,35000.0,7
3542,Petal,6,ZONE_FACULTY_DIPLOMACY,17-State Parliamentary Assembly & Living Campus,0.7333,-0.25,-2019.38,-84600.36,4091.41,84624.46,268.63,48646.06,0.9958,-0.0869,0.0277,35000.0,7
3543,Petal,6,ZONE_FACULTY_DIPLOMACY,17-State Parliamentary Assembly & Living Campus,0.7333,-0.125,-1009.69,-84600.36,4428.12,84606.38,269.32,48646.06,0.9958,-0.0871,0.0276,35000.0,7
3544,Petal,6,ZONE_FACULTY_DIPLOMACY,17-State Parliamentary Assembly & Living Campus,0.7333,0.0,-0.0,-84600.36,4686.33,84600.36,270.0,48646.06,0.9959,-0.0862,0.0272,35000.0,7
3545,Petal,6,ZONE_FACULTY_DIPLOMACY,17-State Parliamentary Assembly & Living Campus,0.7333,0.125,1009.69,-84600.36,4428.12,84606.38,270.68,48646.06,0.9959,-0.0858,0.0272,35000.0,7
3546,Petal,6,ZONE_FACULTY_DIPLOMACY,17-State Parliamentary Assembly & Living Campus,0.7333,0.25,2019.38,-84600.36,4091.41,84624.46,271.37,48646.06,0.996,-0.0851,0.0271,35000.0,7
3547,Petal,6,ZONE_FACULTY_DIPLOMACY,17-State Parliamentary Assembly & Living Campus,0.7333,0.375,3029.06,-84600.36,3676.21,84654.57,272.05,48646.06,0.9961,-0.0844,0.0271,35000.0,7
3548,Petal,6,ZONE_FACULTY_DIPLOMACY,17-State Parliamentary Assembly & Living Campus,0.7333,0.5,4038.75,-84600.36,3182.51,84696.71,272.73,48646.06,0.9961,-0.0836,0.027,35000.0,7
3549,Petal,6,ZONE_FACULTY_DIPLOMACY,17-State Parliamentary Assembly & Living Campus,0.7333,0.625,5048.44,-84600.36,2610.33,84750.86,273.42,48646.06,0.9962,-0.0827,0.027,35000.0,7
3550,Petal,6,ZONE_FACULTY_DIPLOMACY,17-State Parliamentary Assembly & Living Campus,0.7333,0.75,6058.13,-84600.36,1959.64,84816.99,274.1,48646.06,0.9963,-0.0816,0.0269,35000.0,7
3551,Petal,6,ZONE_FACULTY_DIPLOMACY,17-State Parliamentary Assembly & Living Campus,0.7333,0.875,7067.81,-84600.36,1230.47,84895.08,274.78,48646.06,0.9964,-0.0804,0.0269,35000.0,7
3552,Petal,6,ZONE_CLEARANCE_WATERWAY,17-State Parliamentary Assembly & Living Campus,0.7333,1.0,8077.5,-84600.36,422.8,84985.1,275.45,48646.06,0.9963,-0.081,0.0274,35000.0,7
3553,Petal,6,ZONE_CLEARANCE_WATERWAY,17-State Parliamentary Assembly & Living Campus,0.7667,-1.0,-6876.0,-87764.01,729.61,88032.96,265.52,53472.72,0.9973,-0.0696,0.0252,35000.0,7
3554,Petal,6,ZONE_FACULTY_DIPLOMACY,17-State Parliamentary Assembly & Living Campus,0.7667,-0.875,-6016.5,-87764.01,1394.3,87970.0,266.08,53472.72,0.9972,-0.0707,0.0252,35000.0,7
3555,Petal,6,ZONE_FACULTY_DIPLOMACY,17-State Parliamentary Assembly & Living Campus,0.7667,-0.75,-5157.0,-87764.01,1995.05,87915.39,266.64,53472.72,0.9971,-0.0717,0.0251,35000.0,7
3556,Petal,6,ZONE_FACULTY_DIPLOMACY,17-State Parliamentary Assembly & Living Campus,0.7667,-0.625,-4297.5,-87764.01,2531.84,87869.17,267.2,53472.72,0.997,-0.0726,0.0251,35000.0,7
3557,Petal,6,ZONE_FACULTY_DIPLOMACY,17-State Parliamentary Assembly & Living Campus,0.7667,-0.5,-3438.0,-87764.01,3004.68,87831.33,267.76,53472.72,0.997,-0.0733,0.025,35000.0,7
3558,Petal,6,ZONE_FACULTY_DIPLOMACY,17-State Parliamentary Assembly & Living Campus,0.7667,-0.375,-2578.5,-87764.01,3413.57,87801.88,268.32,53472.72,0.997,-0.0739,0.025,35000.0,7
3559,Petal,6,ZONE_FACULTY_DIPLOMACY,17-State Parliamentary Assembly & Living Campus,0.7667,-0.25,-1719.0,-87764.01,3758.51,87780.85,268.88,53472.72,0.9969,-0.0744,0.0249,35000.0,7
3560,Petal,6,ZONE_FACULTY_DIPLOMACY,17-State Parliamentary Assembly & Living Campus,0.7667,-0.125,-859.5,-87764.01,4039.5,87768.22,269.44,53472.72,0.9969,-0.0748,0.0249,35000.0,7
3561,Petal,6,ZONE_FACULTY_DIPLOMACY,17-State Parliamentary Assembly & Living Campus,0.7667,0.0,-0.0,-87764.01,4256.54,87764.01,270.0,53472.72,0.9969,-0.0742,0.0246,35000.0,7
3562,Petal,6,ZONE_FACULTY_DIPLOMACY,17-State Parliamentary Assembly & Living Campus,0.7667,0.125,859.5,-87764.01,4039.5,87768.22,270.56,53472.72,0.997,-0.0737,0.0245,35000.0,7
3563,Petal,6,ZONE_FACULTY_DIPLOMACY,17-State Parliamentary Assembly & Living Campus,0.7667,0.25,1719.0,-87764.01,3758.51,87780.85,271.12,53472.72,0.997,-0.0731,0.0245,35000.0,7
3564,Petal,6,ZONE_FACULTY_DIPLOMACY,17-State Parliamentary Assembly & Living Campus,0.7667,0.375,2578.5,-87764.01,3413.57,87801.88,271.68,53472.72,0.9971,-0.0723,0.0244,35000.0,7
3565,Petal,6,ZONE_FACULTY_DIPLOMACY,17-State Parliamentary Assembly & Living Campus,0.7667,0.5,3438.0,-87764.01,3004.68,87831.33,272.24,53472.72,0.9971,-0.0715,0.0244,35000.0,7
3566,Petal,6,ZONE_FACULTY_DIPLOMACY,17-State Parliamentary Assembly & Living Campus,0.7667,0.625,4297.5,-87764.01,2531.84,87869.17,272.8,53472.72,0.9972,-0.0705,0.0243,35000.0,7
3567,Petal,6,ZONE_FACULTY_DIPLOMACY,17-State Parliamentary Assembly & Living Campus,0.7667,0.75,5157.0,-87764.01,1995.05,87915.39,273.36,53472.72,0.9973,-0.0694,0.0243,35000.0,7
3568,Petal,6,ZONE_FACULTY_DIPLOMACY,17-State Parliamentary Assembly & Living Campus,0.7667,0.875,6016.5,-87764.01,1394.3,87970.0,273.92,53472.72,0.9974,-0.0682,0.0243,35000.0,7
3569,Petal,6,ZONE_CLEARANCE_WATERWAY,17-State Parliamentary Assembly & Living Campus,0.7667,1.0,6876.0,-87764.01,729.61,88032.96,274.48,53472.72,0.9974,-0.0682,0.0247,35000.0,7
3570,Petal,6,ZONE_CLEARANCE_WATERWAY,17-State Parliamentary Assembly & Living Campus,0.8,-1.0,-5702.04,-90927.66,931.72,91106.28,266.41,58244.3,0.9981,-0.0571,0.0236,35000.0,7
3571,Petal,6,ZONE_FACULTY_DIPLOMACY,17-State Parliamentary Assembly & Living Campus,0.8,-0.875,-4989.29,-90927.66,1433.09,91064.45,266.86,58244.3,0.998,-0.0582,0.0235,35000.0,7
3572,Petal,6,ZONE_FACULTY_DIPLOMACY,17-State Parliamentary Assembly & Living Campus,0.8,-0.75,-4276.53,-90927.66,1886.84,91028.18,267.31,58244.3,0.998,-0.0592,0.0235,35000.0,7
3573,Petal,6,ZONE_FACULTY_DIPLOMACY,17-State Parliamentary Assembly & Living Campus,0.8,-0.625,-3563.78,-90927.66,2292.97,90997.48,267.76,58244.3,0.9979,-0.0601,0.0235,35000.0,7
3574,Petal,6,ZONE_FACULTY_DIPLOMACY,17-State Parliamentary Assembly & Living Campus,0.8,-0.5,-2851.02,-90927.66,2651.47,90972.35,268.2,58244.3,0.9979,-0.0608,0.0234,35000.0,7
3575,Petal,6,ZONE_FACULTY_DIPLOMACY,17-State Parliamentary Assembly & Living Campus,0.8,-0.375,-2138.27,-90927.66,2962.36,90952.8,268.65,58244.3,0.9978,-0.0615,0.0234,35000.0,7
3576,Petal,6,ZONE_FACULTY_DIPLOMACY,17-State Parliamentary Assembly & Living Campus,0.8,-0.25,-1425.51,-90927.66,3225.62,90938.84,269.1,58244.3,0.9978,-0.062,0.0234,35000.0,7
3577,Petal,6,ZONE_FACULTY_DIPLOMACY,17-State Parliamentary Assembly & Living Campus,0.8,-0.125,-712.76,-90927.66,3441.26,90930.46,269.55,58244.3,0.9978,-0.0624,0.0233,35000.0,7
3578,Petal,6,ZONE_FACULTY_DIPLOMACY,17-State Parliamentary Assembly & Living Campus,0.8,0.0,-0.0,-90927.66,3609.28,90927.66,270.0,58244.3,0.9978,-0.0621,0.0231,35000.0,7
3579,Petal,6,ZONE_FACULTY_DIPLOMACY,17-State Parliamentary Assembly & Living Campus,0.8,0.125,712.76,-90927.66,3441.26,90930.46,270.45,58244.3,0.9978,-0.0616,0.023,35000.0,7
3580,Petal,6,ZONE_FACULTY_DIPLOMACY,17-State Parliamentary Assembly & Living Campus,0.8,0.25,1425.51,-90927.66,3225.62,90938.84,270.9,58244.3,0.9979,-0.061,0.023,35000.0,7
3581,Petal,6,ZONE_FACULTY_DIPLOMACY,17-State Parliamentary Assembly & Living Campus,0.8,0.375,2138.27,-90927.66,2962.36,90952.8,271.35,58244.3,0.9979,-0.0603,0.023,35000.0,7
3582,Petal,6,ZONE_FACULTY_DIPLOMACY,17-State Parliamentary Assembly & Living Campus,0.8,0.5,2851.02,-90927.66,2651.47,90972.35,271.8,58244.3,0.998,-0.0595,0.0229,35000.0,7
3583,Petal,6,ZONE_FACULTY_DIPLOMACY,17-State Parliamentary Assembly & Living Campus,0.8,0.625,3563.78,-90927.66,2292.97,90997.48,272.24,58244.3,0.998,-0.0586,0.0229,35000.0,7
3584,Petal,6,ZONE_FACULTY_DIPLOMACY,17-State Parliamentary Assembly & Living Campus,0.8,0.75,4276.53,-90927.66,1886.84,91028.18,272.69,58244.3,0.9981,-0.0576,0.0229,35000.0,7
3585,Petal,6,ZONE_FACULTY_DIPLOMACY,17-State Parliamentary Assembly & Living Campus,0.8,0.875,4989.29,-90927.66,1433.09,91064.45,273.14,58244.3,0.9981,-0.0564,0.0228,35000.0,7
3586,Petal,6,ZONE_CLEARANCE_WATERWAY,17-State Parliamentary Assembly & Living Campus,0.8,1.0,5702.04,-90927.66,931.72,91106.28,273.59,58244.3,0.9982,-0.0561,0.0232,35000.0,7
3587,Petal,6,ZONE_CLEARANCE_WATERWAY,17-State Parliamentary Assembly & Living Campus,0.8333,-1.0,-4565.27,-94091.32,992.95,94202.01,267.22,62941.5,0.9987,-0.0453,0.023,35000.0,7
3588,Petal,6,ZONE_FACULTY_DIPLOMACY,17-State Parliamentary Assembly & Living Campus,0.8333,-0.875,-3994.61,-94091.32,1334.24,94176.07,267.57,62941.5,0.9987,-0.0464,0.0229,35000.0,7
3589,Petal,6,ZONE_FACULTY_DIPLOMACY,17-State Parliamentary Assembly & Living Campus,0.8333,-0.75,-3423.95,-94091.32,1643.64,94153.6,267.92,62941.5,0.9986,-0.0473,0.0229,35000.0,7
3590,Petal,6,ZONE_FACULTY_DIPLOMACY,17-State Parliamentary Assembly & Living Campus,0.8333,-0.625,-2853.3,-94091.32,1921.17,94134.57,268.26,62941.5,0.9986,-0.0481,0.0229,35000.0,7
3591,Petal,6,ZONE_FACULTY_DIPLOMACY,17-State Parliamentary Assembly & Living Campus,0.8333,-0.5,-2282.64,-94091.32,2166.81,94119.0,268.61,62941.5,0.9985,-0.0488,0.0229,35000.0,7
3592,Petal,6,ZONE_FACULTY_DIPLOMACY,17-State Parliamentary Assembly & Living Campus,0.8333,-0.375,-1711.98,-94091.32,2380.56,94106.89,268.96,62941.5,0.9985,-0.0493,0.0228,35000.0,7
3593,Petal,6,ZONE_FACULTY_DIPLOMACY,17-State Parliamentary Assembly & Living Campus,0.8333,-0.25,-1141.32,-94091.32,2562.44,94098.24,269.31,62941.5,0.9985,-0.0498,0.0228,35000.0,7
3594,Petal,6,ZONE_FACULTY_DIPLOMACY,17-State Parliamentary Assembly & Living Campus,0.8333,-0.125,-570.66,-94091.32,2712.43,94093.05,269.65,62941.5,0.9985,-0.0502,0.0228,35000.0,7
3595,Petal,6,ZONE_FACULTY_DIPLOMACY,17-State Parliamentary Assembly & Living Campus,0.8333,0.0,-0.0,-94091.32,2830.55,94091.32,270.0,62941.5,0.9985,-0.0501,0.0225,35000.0,7
3596,Petal,6,ZONE_FACULTY_DIPLOMACY,17-State Parliamentary Assembly & Living Campus,0.8333,0.125,570.66,-94091.32,2712.43,94093.05,270.35,62941.5,0.9985,-0.0497,0.0225,35000.0,7
3597,Petal,6,ZONE_FACULTY_DIPLOMACY,17-State Parliamentary Assembly & Living Campus,0.8333,0.25,1141.32,-94091.32,2562.44,94098.24,270.69,62941.5,0.9985,-0.0492,0.0225,35000.0,7
3598,Petal,6,ZONE_FACULTY_DIPLOMACY,17-State Parliamentary Assembly & Living Campus,0.8333,0.375,1711.98,-94091.32,2380.56,94106.89,271.04,62941.5,0.9986,-0.0486,0.0225,35000.0,7
3599,Petal,6,ZONE_FACULTY_DIPLOMACY,17-State Parliamentary Assembly & Living Campus,0.8333,0.5,2282.64,-94091.32,2166.81,94119.0,271.39,62941.5,0.9986,-0.0479,0.0224,35000.0,7
3600,Petal,6,ZONE_FACULTY_DIPLOMACY,17-State Parliamentary Assembly & Living Campus,0.8333,0.625,2853.3,-94091.32,1921.17,94134.57,271.74,62941.5,0.9986,-0.0471,0.0224,35000.0,7
3601,Petal,6,ZONE_FACULTY_DIPLOMACY,17-State Parliamentary Assembly & Living Campus,0.8333,0.75,3423.95,-94091.32,1643.64,94153.6,272.08,62941.5,0.9987,-0.0462,0.0224,35000.0,7
3602,Petal,6,ZONE_FACULTY_DIPLOMACY,17-State Parliamentary Assembly & Living Campus,0.8333,0.875,3994.61,-94091.32,1334.24,94176.07,272.43,62941.5,0.9987,-0.0452,0.0224,35000.0,7
3603,Petal,6,ZONE_CLEARANCE_WATERWAY,17-State Parliamentary Assembly & Living Campus,0.8333,1.0,4565.27,-94091.32,992.95,94202.01,272.78,62941.5,0.9987,-0.0447,0.0226,35000.0,7
3604,Petal,6,ZONE_CLEARANCE_WATERWAY,17-State Parliamentary Assembly & Living Campus,0.8667,-1.0,-3476.07,-97254.97,903.97,97317.07,267.95,67543.58,0.9991,-0.0343,0.0235,35000.0,7
3605,Petal,6,ZONE_HARBOR_BERTH,17-State Parliamentary Assembly & Living Campus,0.8667,-0.875,-3041.56,-97254.97,1107.01,97302.52,268.21,67543.58,0.9991,-0.0352,0.0234,35000.0,7
3606,Petal,6,ZONE_HARBOR_BERTH,17-State Parliamentary Assembly & Living Campus,0.8667,-0.75,-2607.05,-97254.97,1291.5,97289.91,268.46,67543.58,0.9991,-0.0359,0.0234,35000.0,7
3607,Petal,6,ZONE_HARBOR_BERTH,17-State Parliamentary Assembly & Living Campus,0.8667,-0.625,-2172.54,-97254.97,1457.44,97279.23,268.72,67543.58,0.9991,-0.0366,0.0234,35000.0,7
3608,Petal,6,ZONE_HARBOR_BERTH,17-State Parliamentary Assembly & Living Campus,0.8667,-0.5,-1738.03,-97254.97,1604.83,97270.5,268.98,67543.58,0.999,-0.0372,0.0234,35000.0,7
3609,Petal,6,ZONE_HARBOR_BERTH,17-State Parliamentary Assembly & Living Campus,0.8667,-0.375,-1303.52,-97254.97,1733.66,97263.71,269.23,67543.58,0.999,-0.0377,0.0233,35000.0,7
3610,Petal,6,ZONE_HARBOR_BERTH,17-State Parliamentary Assembly & Living Campus,0.8667,-0.25,-869.02,-97254.97,1843.94,97258.85,269.49,67543.58,0.999,-0.0381,0.0233,35000.0,7
3611,Petal,6,ZONE_HARBOR_BERTH,17-State Parliamentary Assembly & Living Campus,0.8667,-0.125,-434.51,-97254.97,1935.68,97255.94,269.74,67543.58,0.999,-0.0384,0.0233,35000.0,7
3612,Petal,6,ZONE_HARBOR_BERTH,17-State Parliamentary Assembly & Living Campus,0.8667,0.0,-0.0,-97254.97,2008.86,97254.97,270.0,67543.58,0.999,-0.0384,0.0231,35000.0,7
3613,Petal,6,ZONE_HARBOR_BERTH,17-State Parliamentary Assembly & Living Campus,0.8667,0.125,434.51,-97254.97,1935.68,97255.94,270.26,67543.58,0.999,-0.0381,0.0231,35000.0,7
3614,Petal,6,ZONE_HARBOR_BERTH,17-State Parliamentary Assembly & Living Campus,0.8667,0.25,869.02,-97254.97,1843.94,97258.85,270.51,67543.58,0.999,-0.0377,0.0231,35000.0,7
3615,Petal,6,ZONE_HARBOR_BERTH,17-State Parliamentary Assembly & Living Campus,0.8667,0.375,1303.52,-97254.97,1733.66,97263.71,270.77,67543.58,0.999,-0.0372,0.023,35000.0,7
3616,Petal,6,ZONE_HARBOR_BERTH,17-State Parliamentary Assembly & Living Campus,0.8667,0.5,1738.03,-97254.97,1604.83,97270.5,271.02,67543.58,0.9991,-0.0366,0.023,35000.0,7
3617,Petal,6,ZONE_HARBOR_BERTH,17-State Parliamentary Assembly & Living Campus,0.8667,0.625,2172.54,-97254.97,1457.44,97279.23,271.28,67543.58,0.9991,-0.036,0.023,35000.0,7
3618,Petal,6,ZONE_HARBOR_BERTH,17-State Parliamentary Assembly & Living Campus,0.8667,0.75,2607.05,-97254.97,1291.5,97289.91,271.54,67543.58,0.9991,-0.0353,0.023,35000.0,7
3619,Petal,6,ZONE_HARBOR_BERTH,17-State Parliamentary Assembly & Living Campus,0.8667,0.875,3041.56,-97254.97,1107.01,97302.52,271.79,67543.58,0.9991,-0.0345,0.023,35000.0,7
3620,Petal,6,ZONE_CLEARANCE_WATERWAY,17-State Parliamentary Assembly & Living Campus,0.8667,1.0,3476.07,-97254.97,903.97,97317.07,272.05,67543.58,0.9992,-0.0339,0.0232,35000.0,7
3621,Petal,6,ZONE_CLEARANCE_WATERWAY,17-State Parliamentary Assembly & Living Campus,0.9,-1.0,-2446.62,-100418.62,686.49,100448.42,268.6,72026.13,0.9994,-0.0241,0.0255,35000.0,7
3622,Petal,6,ZONE_HARBOR_BERTH,17-State Parliamentary Assembly & Living Campus,0.9,-0.875,-2140.79,-100418.62,785.44,100441.44,268.78,72026.13,0.9994,-0.0247,0.0255,35000.0,7
3623,Petal,6,ZONE_HARBOR_BERTH,17-State Parliamentary Assembly & Living Campus,0.9,-0.75,-1834.97,-100418.62,875.63,100435.39,268.95,72026.13,0.9994,-0.0253,0.0255,35000.0,7
3624,Petal,6,ZONE_HARBOR_BERTH,17-State Parliamentary Assembly & Living Campus,0.9,-0.625,-1529.14,-100418.62,957.06,100430.26,269.13,72026.13,0.9993,-0.0258,0.0254,35000.0,7
3625,Petal,6,ZONE_HARBOR_BERTH,17-State Parliamentary Assembly & Living Campus,0.9,-0.5,-1223.31,-100418.62,1029.72,100426.07,269.3,72026.13,0.9993,-0.0262,0.0254,35000.0,7
3626,Petal,6,ZONE_HARBOR_BERTH,17-State Parliamentary Assembly & Living Campus,0.9,-0.375,-917.48,-100418.62,1093.62,100422.81,269.48,72026.13,0.9993,-0.0266,0.0254,35000.0,7
3627,Petal,6,ZONE_HARBOR_BERTH,17-State Parliamentary Assembly & Living Campus,0.9,-0.25,-611.66,-100418.62,1148.76,100420.49,269.65,72026.13,0.9993,-0.0269,0.0254,35000.0,7
3628,Petal,6,ZONE_HARBOR_BERTH,17-State Parliamentary Assembly & Living Campus,0.9,-0.125,-305.83,-100418.62,1195.14,100419.09,269.83,72026.13,0.9993,-0.0272,0.0254,35000.0,7
3629,Petal,6,ZONE_HARBOR_BERTH,17-State Parliamentary Assembly & Living Campus,0.9,0.0,-0.0,-100418.62,1232.75,100418.62,270.0,72026.13,0.9993,-0.0272,0.0252,35000.0,7
3630,Petal,6,ZONE_HARBOR_BERTH,17-State Parliamentary Assembly & Living Campus,0.9,0.125,305.83,-100418.62,1195.14,100419.09,270.17,72026.13,0.9993,-0.027,0.0252,35000.0,7
3631,Petal,6,ZONE_HARBOR_BERTH,17-State Parliamentary Assembly & Living Campus,0.9,0.25,611.66,-100418.62,1148.76,100420.49,270.35,72026.13,0.9993,-0.0267,0.0252,35000.0,7
3632,Petal,6,ZONE_HARBOR_BERTH,17-State Parliamentary Assembly & Living Campus,0.9,0.375,917.48,-100418.62,1093.62,100422.81,270.52,72026.13,0.9993,-0.0263,0.0252,35000.0,7
3633,Petal,6,ZONE_HARBOR_BERTH,17-State Parliamentary Assembly & Living Campus,0.9,0.5,1223.31,-100418.62,1029.72,100426.07,270.7,72026.13,0.9993,-0.0259,0.0251,35000.0,7
3634,Petal,6,ZONE_HARBOR_BERTH,17-State Parliamentary Assembly & Living Campus,0.9,0.625,1529.14,-100418.62,957.06,100430.26,270.87,72026.13,0.9994,-0.0254,0.0251,35000.0,7
3635,Petal,6,ZONE_HARBOR_BERTH,17-State Parliamentary Assembly & Living Campus,0.9,0.75,1834.97,-100418.62,875.63,100435.39,271.05,72026.13,0.9994,-0.0249,0.0251,35000.0,7
3636,Petal,6,ZONE_HARBOR_BERTH,17-State Parliamentary Assembly & Living Campus,0.9,0.875,2140.79,-100418.62,785.44,100441.44,271.22,72026.13,0.9994,-0.0243,0.0251,35000.0,7
3637,Petal,6,ZONE_CLEARANCE_WATERWAY,17-State Parliamentary Assembly & Living Campus,0.9,1.0,2446.62,-100418.62,686.49,100448.42,271.4,72026.13,0.9994,-0.0239,0.0253,35000.0,7
3638,Petal,6,ZONE_CLEARANCE_WATERWAY,17-State Parliamentary Assembly & Living Campus,0.9333,-1.0,-1493.42,-103582.28,396.26,103593.04,269.17,76356.19,0.9994,-0.0147,0.0308,35000.0,7
3639,Petal,6,ZONE_HARBOR_BERTH,17-State Parliamentary Assembly & Living Campus,0.9333,-0.875,-1306.74,-103582.28,430.28,103590.52,269.28,76356.19,0.9994,-0.0151,0.0307,35000.0,7
3640,Petal,6,ZONE_HARBOR_BERTH,17-State Parliamentary Assembly & Living Campus,0.9333,-0.75,-1120.07,-103582.28,461.44,103588.33,269.38,76356.19,0.9994,-0.0154,0.0307,35000.0,7
3641,Petal,6,ZONE_HARBOR_BERTH,17-State Parliamentary Assembly & Living Campus,0.9333,-0.625,-933.39,-103582.28,489.73,103586.48,269.48,76356.19,0.9994,-0.0158,0.0307,35000.0,7
3642,Petal,6,ZONE_HARBOR_BERTH,17-State Parliamentary Assembly & Living Campus,0.9333,-0.5,-746.71,-103582.28,515.14,103584.97,269.59,76356.19,0.9994,-0.016,0.0307,35000.0,7
3643,Petal,6,ZONE_HARBOR_BERTH,17-State Parliamentary Assembly & Living Campus,0.9333,-0.375,-560.03,-103582.28,537.69,103583.79,269.69,76356.19,0.9994,-0.0163,0.0307,35000.0,7
3644,Petal,6,ZONE_HARBOR_BERTH,17-State Parliamentary Assembly & Living Campus,0.9333,-0.25,-373.36,-103582.28,557.37,103582.95,269.79,76356.19,0.9994,-0.0165,0.0307,35000.0,7
3645,Petal,6,ZONE_HARBOR_BERTH,17-State Parliamentary Assembly & Living Campus,0.9333,-0.125,-186.68,-103582.28,574.18,103582.44,269.9,76356.19,0.9994,-0.0167,0.0307,35000.0,7
3646,Petal,6,ZONE_HARBOR_BERTH,17-State Parliamentary Assembly & Living Campus,0.9333,0.0,-0.0,-103582.28,588.11,103582.28,270.0,76356.19,0.9994,-0.0167,0.0305,35000.0,7
3647,Petal,6,ZONE_HARBOR_BERTH,17-State Parliamentary Assembly & Living Campus,0.9333,0.125,186.68,-103582.28,574.18,103582.44,270.1,76356.19,0.9994,-0.0166,0.0305,35000.0,7
3648,Petal,6,ZONE_HARBOR_BERTH,17-State Parliamentary Assembly & Living Campus,0.9333,0.25,373.36,-103582.28,557.37,103582.95,270.21,76356.19,0.9994,-0.0164,0.0305,35000.0,7
3649,Petal,6,ZONE_HARBOR_BERTH,17-State Parliamentary Assembly & Living Campus,0.9333,0.375,560.03,-103582.28,537.69,103583.79,270.31,76356.19,0.9994,-0.0162,0.0305,35000.0,7
3650,Petal,6,ZONE_HARBOR_BERTH,17-State Parliamentary Assembly & Living Campus,0.9333,0.5,746.71,-103582.28,515.14,103584.97,270.41,76356.19,0.9994,-0.0159,0.0305,35000.0,7
3651,Petal,6,ZONE_HARBOR_BERTH,17-State Parliamentary Assembly & Living Campus,0.9333,0.625,933.39,-103582.28,489.73,103586.48,270.52,76356.19,0.9994,-0.0156,0.0304,35000.0,7
3652,Petal,6,ZONE_HARBOR_BERTH,17-State Parliamentary Assembly & Living Campus,0.9333,0.75,1120.07,-103582.28,461.44,103588.33,270.62,76356.19,0.9994,-0.0153,0.0304,35000.0,7
3653,Petal,6,ZONE_HARBOR_BERTH,17-State Parliamentary Assembly & Living Campus,0.9333,0.875,1306.74,-103582.28,430.28,103590.52,270.72,76356.19,0.9994,-0.0149,0.0304,35000.0,7
3654,Petal,6,ZONE_CLEARANCE_WATERWAY,17-State Parliamentary Assembly & Living Campus,0.9333,1.0,1493.42,-103582.28,396.26,103593.04,270.83,76356.19,0.9994,-0.0146,0.0306,35000.0,7
3655,Petal,6,ZONE_CLEARANCE_WATERWAY,17-State Parliamentary Assembly & Living Campus,0.9667,-1.0,-644.79,-106745.93,124.82,106747.88,269.65,80477.11,0.9989,-0.0064,0.047,35000.0,7
3656,Petal,6,ZONE_HARBOR_BERTH,17-State Parliamentary Assembly & Living Campus,0.9667,-0.875,-564.19,-106745.93,129.94,106747.42,269.7,80477.11,0.9989,-0.0066,0.047,35000.0,7
3657,Petal,6,ZONE_HARBOR_BERTH,17-State Parliamentary Assembly & Living Campus,0.9667,-0.75,-483.59,-106745.93,134.66,106747.02,269.74,80477.11,0.9989,-0.0067,0.047,35000.0,7
3658,Petal,6,ZONE_HARBOR_BERTH,17-State Parliamentary Assembly & Living Campus,0.9667,-0.625,-402.99,-106745.93,138.99,106746.69,269.78,80477.11,0.9989,-0.0068,0.047,35000.0,7
3659,Petal,6,ZONE_HARBOR_BERTH,17-State Parliamentary Assembly & Living Campus,0.9667,-0.5,-322.39,-106745.93,142.93,106746.42,269.83,80477.11,0.9989,-0.007,0.047,35000.0,7
3660,Petal,6,ZONE_HARBOR_BERTH,17-State Parliamentary Assembly & Living Campus,0.9667,-0.375,-241.8,-106745.93,146.47,106746.2,269.87,80477.11,0.9989,-0.0071,0.047,35000.0,7
3661,Petal,6,ZONE_HARBOR_BERTH,17-State Parliamentary Assembly & Living Campus,0.9667,-0.25,-161.2,-106745.93,149.62,106746.05,269.91,80477.11,0.9989,-0.0072,0.047,35000.0,7
3662,Petal,6,ZONE_HARBOR_BERTH,17-State Parliamentary Assembly & Living Campus,0.9667,-0.125,-80.6,-106745.93,152.38,106745.96,269.96,80477.11,0.9989,-0.0072,0.047,35000.0,7
3663,Petal,6,ZONE_HARBOR_BERTH,17-State Parliamentary Assembly & Living Campus,0.9667,0.0,-0.0,-106745.93,154.75,106745.93,270.0,80477.11,0.9989,-0.0073,0.0468,35000.0,7
3664,Petal,6,ZONE_HARBOR_BERTH,17-State Parliamentary Assembly & Living Campus,0.9667,0.125,80.6,-106745.93,152.38,106745.96,270.04,80477.11,0.9989,-0.0072,0.0468,35000.0,7
3665,Petal,6,ZONE_HARBOR_BERTH,17-State Parliamentary Assembly & Living Campus,0.9667,0.25,161.2,-106745.93,149.62,106746.05,270.09,80477.11,0.9989,-0.0071,0.0468,35000.0,7
3666,Petal,6,ZONE_HARBOR_BERTH,17-State Parliamentary Assembly & Living Campus,0.9667,0.375,241.8,-106745.93,146.47,106746.2,270.13,80477.11,0.9989,-0.007,0.0468,35000.0,7
3667,Petal,6,ZONE_HARBOR_BERTH,17-State Parliamentary Assembly & Living Campus,0.9667,0.5,322.39,-106745.93,142.93,106746.42,270.17,80477.11,0.9989,-0.0069,0.0468,35000.0,7
3668,Petal,6,ZONE_HARBOR_BERTH,17-State Parliamentary Assembly & Living Campus,0.9667,0.625,402.99,-106745.93,138.99,106746.69,270.22,80477.11,0.9989,-0.0068,0.0468,35000.0,7
3669,Petal,6,ZONE_HARBOR_BERTH,17-State Parliamentary Assembly & Living Campus,0.9667,0.75,483.59,-106745.93,134.66,106747.02,270.26,80477.11,0.9989,-0.0067,0.0468,35000.0,7
3670,Petal,6,ZONE_HARBOR_BERTH,17-State Parliamentary Assembly & Living Campus,0.9667,0.875,564.19,-106745.93,129.94,106747.42,270.3,80477.11,0.9989,-0.0065,0.0468,35000.0,7
3671,Petal,6,ZONE_CLEARANCE_WATERWAY,17-State Parliamentary Assembly & Living Campus,0.9667,1.0,644.79,-106745.93,124.82,106747.88,270.35,80477.11,0.9989,-0.0064,0.0469,35000.0,7
3672,Petal,6,ZONE_CLEARANCE_WATERWAY,17-State Parliamentary Assembly & Living Campus,1.0,-1.0,-0.0,-109909.58,0.0,109909.58,270.0,84190.36,-0.0,0.0,1.0,35000.0,7
3673,Petal,6,ZONE_HARBOR_BERTH,17-State Parliamentary Assembly & Living Campus,1.0,-0.875,-0.0,-109909.58,0.0,109909.58,270.0,84190.36,0.0,0.0,1.0,35000.0,7
3674,Petal,6,ZONE_HARBOR_BERTH,17-State Parliamentary Assembly & Living Campus,1.0,-0.75,-0.0,-109909.58,0.0,109909.58,270.0,84190.36,0.0,0.0,1.0,35000.0,7
3675,Petal,6,ZONE_HARBOR_BERTH,17-State Parliamentary Assembly & Living Campus,1.0,-0.625,-0.0,-109909.58,0.0,109909.58,270.0,84190.36,0.0,0.0,1.0,35000.0,7
3676,Petal,6,ZONE_HARBOR_BERTH,17-State Parliamentary Assembly & Living Campus,1.0,-0.5,-0.0,-109909.58,0.0,109909.58,270.0,84190.36,0.0,0.0,1.0,35000.0,7
3677,Petal,6,ZONE_HARBOR_BERTH,17-State Parliamentary Assembly & Living Campus,1.0,-0.375,-0.0,-109909.58,0.0,109909.58,270.0,84190.36,0.0,0.0,1.0,35000.0,7
3678,Petal,6,ZONE_HARBOR_BERTH,17-State Parliamentary Assembly & Living Campus,1.0,-0.25,-0.0,-109909.58,0.0,109909.58,270.0,84190.36,0.0,0.0,1.0,35000.0,7
3679,Petal,6,ZONE_HARBOR_BERTH,17-State Parliamentary Assembly & Living Campus,1.0,-0.125,-0.0,-109909.58,0.0,109909.58,270.0,84190.36,0.0,0.0,1.0,35000.0,7
3680,Petal,6,ZONE_HARBOR_BERTH,17-State Parliamentary Assembly & Living Campus,1.0,0.0,-0.0,-109909.58,0.0,109909.58,270.0,84190.36,0.0,0.0,1.0,35000.0,7
3681,Petal,6,ZONE_HARBOR_BERTH,17-State Parliamentary Assembly & Living Campus,1.0,0.125,-0.0,-109909.58,0.0,109909.58,270.0,84190.36,0.0,0.0,1.0,35000.0,7
3682,Petal,6,ZONE_HARBOR_BERTH,17-State Parliamentary Assembly & Living Campus,1.0,0.25,-0.0,-109909.58,0.0,109909.58,270.0,84190.36,0.0,0.0,1.0,35000.0,7
3683,Petal,6,ZONE_HARBOR_BERTH,17-State Parliamentary Assembly & Living Campus,1.0,0.375,-0.0,-109909.58,0.0,109909.58,270.0,84190.36,0.0,0.0,1.0,35000.0,7
3684,Petal,6,ZONE_HARBOR_BERTH,17-State Parliamentary Assembly & Living Campus,1.0,0.5,-0.0,-109909.58,0.0,109909.58,270.0,84190.36,0.0,0.0,1.0,35000.0,7
3685,Petal,6,ZONE_HARBOR_BERTH,17-State Parliamentary Assembly & Living Campus,1.0,0.625,-0.0,-109909.58,0.0,109909.58,270.0,84190.36,0.0,0.0,1.0,35000.0,7
3686,Petal,6,ZONE_HARBOR_BERTH,17-State Parliamentary Assembly & Living Campus,1.0,0.75,-0.0,-109909.58,0.0,109909.58,270.0,84190.36,0.0,0.0,1.0,35000.0,7
3687,Petal,6,ZONE_HARBOR_BERTH,17-State Parliamentary Assembly & Living Campus,1.0,0.875,-0.0,-109909.58,0.0,109909.58,270.0,84190.36,0.0,0.0,1.0,35000.0,7
3688,Petal,6,ZONE_CLEARANCE_WATERWAY,17-State Parliamentary Assembly & Living Campus,1.0,1.0,-0.0,-109909.58,0.0,109909.58,270.0,84190.36,0.0,-0.0,1.0,35000.0,7
3689,Petal,7,ZONE_CLEARANCE_WATERWAY,Faculty of Oceanic Medicine & Genetics,0.0,-1.0,10606.6,-10606.6,0.0,15000.0,315.0,11480.5,0.0813,-0.0813,0.9934,35000.0,8
3690,Petal,7,ZONE_FACULTY_MEDICINE,Faculty of Oceanic Medicine & Genetics,0.0,-0.875,10606.6,-10606.6,0.0,15000.0,315.0,11480.5,0.041,-0.041,0.9983,35000.0,8
3691,Petal,7,ZONE_FACULTY_MEDICINE,Faculty of Oceanic Medicine & Genetics,0.0,-0.75,10606.6,-10606.6,0.0,15000.0,315.0,11480.5,0.0029,-0.0029,1.0,35000.0,8
3692,Petal,7,ZONE_FACULTY_MEDICINE,Faculty of Oceanic Medicine & Genetics,0.0,-0.625,10606.6,-10606.6,0.0,15000.0,315.0,11480.5,-0.0328,0.0328,0.9989,35000.0,8
3693,Petal,7,ZONE_FACULTY_MEDICINE,Faculty of Oceanic Medicine & Genetics,0.0,-0.5,10606.6,-10606.6,0.0,15000.0,315.0,11480.5,-0.0656,0.0656,0.9957,35000.0,8
3694,Petal,7,ZONE_FACULTY_MEDICINE,Faculty of Oceanic Medicine & Genetics,0.0,-0.375,10606.6,-10606.6,0.0,15000.0,315.0,11480.5,-0.0955,0.0955,0.9908,35000.0,8
3695,Petal,7,ZONE_FACULTY_MEDICINE,Faculty of Oceanic Medicine & Genetics,0.0,-0.25,10606.6,-10606.6,0.0,15000.0,315.0,11480.5,-0.1225,0.1225,0.9849,35000.0,8
3696,Petal,7,ZONE_FACULTY_MEDICINE,Faculty of Oceanic Medicine & Genetics,0.0,-0.125,10606.6,-10606.6,0.0,15000.0,315.0,11480.5,-0.1466,0.1466,0.9783,35000.0,8
3697,Petal,7,ZONE_FACULTY_MEDICINE,Faculty of Oceanic Medicine & Genetics,0.0,0.0,10606.6,-10606.6,0.0,15000.0,315.0,11480.5,-0.1678,0.1678,0.9714,35000.0,8
3698,Petal,7,ZONE_FACULTY_MEDICINE,Faculty of Oceanic Medicine & Genetics,0.0,0.125,10606.6,-10606.6,0.0,15000.0,315.0,11480.5,-0.1466,0.1466,0.9783,35000.0,8
3699,Petal,7,ZONE_FACULTY_MEDICINE,Faculty of Oceanic Medicine & Genetics,0.0,0.25,10606.6,-10606.6,0.0,15000.0,315.0,11480.5,-0.1225,0.1225,0.9849,35000.0,8
3700,Petal,7,ZONE_FACULTY_MEDICINE,Faculty of Oceanic Medicine & Genetics,0.0,0.375,10606.6,-10606.6,0.0,15000.0,315.0,11480.5,-0.0955,0.0955,0.9908,35000.0,8
3701,Petal,7,ZONE_FACULTY_MEDICINE,Faculty of Oceanic Medicine & Genetics,0.0,0.5,10606.6,-10606.6,0.0,15000.0,315.0,11480.5,-0.0656,0.0656,0.9957,35000.0,8
3702,Petal,7,ZONE_FACULTY_MEDICINE,Faculty of Oceanic Medicine & Genetics,0.0,0.625,10606.6,-10606.6,0.0,15000.0,315.0,11480.5,-0.0328,0.0328,0.9989,35000.0,8
3703,Petal,7,ZONE_FACULTY_MEDICINE,Faculty of Oceanic Medicine & Genetics,0.0,0.75,10606.6,-10606.6,0.0,15000.0,315.0,11480.5,0.0029,-0.0029,1.0,35000.0,8
3704,Petal,7,ZONE_FACULTY_MEDICINE,Faculty of Oceanic Medicine & Genetics,0.0,0.875,10606.6,-10606.6,0.0,15000.0,315.0,11480.5,0.041,-0.041,0.9983,35000.0,8
3705,Petal,7,ZONE_CLEARANCE_WATERWAY,Faculty of Oceanic Medicine & Genetics,0.0,1.0,10606.6,-10606.6,0.0,15000.0,315.0,11480.5,0.0813,-0.0813,0.9934,35000.0,8
3706,Petal,7,ZONE_CLEARANCE_WATERWAY,Faculty of Oceanic Medicine & Genetics,0.0333,-1.0,9518.77,-16168.52,-227.72,18762.41,300.49,4500.0,0.7238,0.5954,0.3487,35000.0,8
3707,Petal,7,ZONE_FACULTY_MEDICINE,Faculty of Oceanic Medicine & Genetics,0.0333,-0.875,9934.38,-15752.91,-78.61,18623.8,302.24,4500.0,0.7152,0.6067,0.3469,35000.0,8
3708,Petal,7,ZONE_FACULTY_MEDICINE,Faculty of Oceanic Medicine & Genetics,0.0333,-0.75,10349.99,-15337.3,59.06,18502.84,304.01,4500.0,0.7074,0.6169,0.345,35000.0,8
3709,Petal,7,ZONE_FACULTY_MEDICINE,Faculty of Oceanic Medicine & Genetics,0.0333,-0.625,10765.6,-14921.69,185.31,18399.86,305.81,4500.0,0.7003,0.626,0.3431,35000.0,8
3710,Petal,7,ZONE_FACULTY_MEDICINE,Faculty of Oceanic Medicine & Genetics,0.0333,-0.5,11181.2,-14506.08,300.12,18315.18,307.62,4500.0,0.6941,0.6339,0.3411,35000.0,8
3711,Petal,7,ZONE_FACULTY_MEDICINE,Faculty of Oceanic Medicine & Genetics,0.0333,-0.375,11596.81,-14090.47,403.5,18249.04,309.46,4500.0,0.6887,0.6408,0.3391,35000.0,8
3712,Petal,7,ZONE_FACULTY_MEDICINE,Faculty of Oceanic Medicine & Genetics,0.0333,-0.25,12012.42,-13674.86,495.44,18201.65,311.3,4500.0,0.6842,0.6467,0.3371,35000.0,8
3713,Petal,7,ZONE_FACULTY_MEDICINE,Faculty of Oceanic Medicine & Genetics,0.0333,-0.125,12428.03,-13259.25,575.95,18173.16,313.15,4500.0,0.6805,0.6517,0.3351,35000.0,8
3714,Petal,7,ZONE_FACULTY_MEDICINE,Faculty of Oceanic Medicine & Genetics,0.0333,0.0,12843.64,-12843.64,645.03,18163.65,315.0,4500.0,0.6821,0.6615,0.3119,35000.0,8
3715,Petal,7,ZONE_FACULTY_MEDICINE,Faculty of Oceanic Medicine & Genetics,0.0333,0.125,13259.25,-12428.03,575.95,18173.16,316.85,4500.0,0.6855,0.6588,0.3101,35000.0,8
3716,Petal,7,ZONE_FACULTY_MEDICINE,Faculty of Oceanic Medicine & Genetics,0.0333,0.25,13674.86,-12012.42,495.44,18201.65,318.7,4500.0,0.6896,0.6553,0.3083,35000.0,8
3717,Petal,7,ZONE_FACULTY_MEDICINE,Faculty of Oceanic Medicine & Genetics,0.0333,0.375,14090.47,-11596.81,403.5,18249.04,320.54,4500.0,0.6944,0.6511,0.3065,35000.0,8
3718,Petal,7,ZONE_FACULTY_MEDICINE,Faculty of Oceanic Medicine & Genetics,0.0333,0.5,14506.08,-11181.2,300.12,18315.18,322.38,4500.0,0.6998,0.6461,0.3046,35000.0,8
3719,Petal,7,ZONE_FACULTY_MEDICINE,Faculty of Oceanic Medicine & Genetics,0.0333,0.625,14921.69,-10765.6,185.31,18399.86,324.19,4500.0,0.7059,0.6403,0.3028,35000.0,8
3720,Petal,7,ZONE_FACULTY_MEDICINE,Faculty of Oceanic Medicine & Genetics,0.0333,0.75,15337.3,-10349.99,59.06,18502.84,325.99,4500.0,0.7126,0.6337,0.301,35000.0,8
3721,Petal,7,ZONE_FACULTY_MEDICINE,Faculty of Oceanic Medicine & Genetics,0.0333,0.875,15752.91,-9934.38,-78.61,18623.8,327.76,4500.0,0.7199,0.6264,0.2991,35000.0,8
3722,Petal,7,ZONE_CLEARANCE_WATERWAY,Faculty of Oceanic Medicine & Genetics,0.0333,1.0,16168.52,-9518.77,-227.72,18762.41,329.51,4500.0,0.7261,0.6079,0.3211,35000.0,8
3723,Petal,7,ZONE_CLEARANCE_WATERWAY,Faculty of Oceanic Medicine & Genetics,0.0667,-1.0,10898.91,-19262.45,-451.43,22132.07,299.5,4500.0,0.7503,0.6213,0.2259,35000.0,8
3724,Petal,7,ZONE_FACULTY_MEDICINE,Faculty of Oceanic Medicine & Genetics,0.0667,-0.875,11421.64,-18739.73,-181.81,21946.1,301.36,4500.0,0.7449,0.6282,0.2246,35000.0,8
3725,Petal,7,ZONE_FACULTY_MEDICINE,Faculty of Oceanic Medicine & Genetics,0.0667,-0.75,11944.36,-18217.01,65.08,21783.64,303.25,4500.0,0.7401,0.6344,0.2232,35000.0,8
3726,Petal,7,ZONE_FACULTY_MEDICINE,Faculty of Oceanic Medicine & Genetics,0.0667,-0.625,12467.08,-17694.29,289.22,21645.23,305.17,4500.0,0.7358,0.6399,0.2218,35000.0,8
3727,Petal,7,ZONE_FACULTY_MEDICINE,Faculty of Oceanic Medicine & Genetics,0.0667,-0.5,12989.8,-17171.57,490.62,21531.32,307.11,4500.0,0.732,0.6447,0.2205,35000.0,8
3728,Petal,7,ZONE_FACULTY_MEDICINE,Faculty of Oceanic Medicine & Genetics,0.0667,-0.375,13512.52,-16648.85,669.29,21442.3,309.06,4500.0,0.7287,0.6488,0.2191,35000.0,8
3729,Petal,7,ZONE_FACULTY_MEDICINE,Faculty of Oceanic Medicine & Genetics,0.0667,-0.25,14035.24,-16126.12,825.21,21378.49,311.03,4500.0,0.726,0.6523,0.2177,35000.0,8
3730,Petal,7,ZONE_FACULTY_MEDICINE,Faculty of Oceanic Medicine & Genetics,0.0667,-0.125,14557.96,-15603.4,958.39,21340.11,313.01,4500.0,0.7238,0.6552,0.2163,35000.0,8
3731,Petal,7,ZONE_FACULTY_MEDICINE,Faculty of Oceanic Medicine & Genetics,0.0667,0.0,15080.68,-15080.68,1068.84,21327.31,315.0,4500.0,0.7223,0.661,0.2035,35000.0,8
3732,Petal,7,ZONE_FACULTY_MEDICINE,Faculty of Oceanic Medicine & Genetics,0.0667,0.125,15603.4,-14557.96,958.39,21340.11,316.99,4500.0,0.7238,0.6597,0.2022,35000.0,8
3733,Petal,7,ZONE_FACULTY_MEDICINE,Faculty of Oceanic Medicine & Genetics,0.0667,0.25,16126.12,-14035.24,825.21,21378.49,318.97,4500.0,0.7259,0.6578,0.201,35000.0,8
3734,Petal,7,ZONE_FACULTY_MEDICINE,Faculty of Oceanic Medicine & Genetics,0.0667,0.375,16648.85,-13512.52,669.29,21442.3,320.94,4500.0,0.7283,0.6555,0.1997,35000.0,8
3735,Petal,7,ZONE_FACULTY_MEDICINE,Faculty of Oceanic Medicine & Genetics,0.0667,0.5,17171.57,-12989.8,490.62,21531.32,322.89,4500.0,0.7312,0.6526,0.1985,35000.0,8
3736,Petal,7,ZONE_FACULTY_MEDICINE,Faculty of Oceanic Medicine & Genetics,0.0667,0.625,17694.29,-12467.08,289.22,21645.23,324.83,4500.0,0.7345,0.6493,0.1973,35000.0,8
3737,Petal,7,ZONE_FACULTY_MEDICINE,Faculty of Oceanic Medicine & Genetics,0.0667,0.75,18217.01,-11944.36,65.08,21783.64,326.75,4500.0,0.7382,0.6454,0.196,35000.0,8
3738,Petal,7,ZONE_FACULTY_MEDICINE,Faculty of Oceanic Medicine & Genetics,0.0667,0.875,18739.73,-11421.64,-181.81,21946.1,328.64,4500.0,0.7423,0.6411,0.1948,35000.0,8
3739,Petal,7,ZONE_CLEARANCE_WATERWAY,Faculty of Oceanic Medicine & Genetics,0.0667,1.0,19262.45,-10898.91,-451.43,22132.07,330.5,4500.0,0.7485,0.6295,0.2086,35000.0,8
3740,Petal,7,ZONE_CLEARANCE_WATERWAY,Faculty of Oceanic Medicine & Genetics,0.1,-1.0,12279.06,-22356.38,-667.18,25506.53,298.78,4500.0,0.762,0.6214,0.1822,35000.0,8
3741,Petal,7,ZONE_FACULTY_MEDICINE,Faculty of Oceanic Medicine & Genetics,0.1,-0.875,12908.89,-21726.55,-285.5,25272.17,300.72,4500.0,0.7578,0.6268,0.1811,35000.0,8
3742,Petal,7,ZONE_FACULTY_MEDICINE,Faculty of Oceanic Medicine & Genetics,0.1,-0.75,13538.73,-21096.72,62.37,25067.28,302.69,4500.0,0.7541,0.6316,0.1799,35000.0,8
3743,Petal,7,ZONE_FACULTY_MEDICINE,Faculty of Oceanic Medicine & Genetics,0.1,-0.625,14168.56,-20466.89,376.44,24892.6,304.69,4500.0,0.7508,0.6359,0.1788,35000.0,8
3744,Petal,7,ZONE_FACULTY_MEDICINE,Faculty of Oceanic Medicine & Genetics,0.1,-0.5,14798.39,-19837.05,656.72,24748.76,306.72,4500.0,0.7478,0.6397,0.1777,35000.0,8
3745,Petal,7,ZONE_FACULTY_MEDICINE,Faculty of Oceanic Medicine & Genetics,0.1,-0.375,15428.22,-19207.22,903.19,24636.3,308.77,4500.0,0.7453,0.6429,0.1766,35000.0,8
3746,Petal,7,ZONE_FACULTY_MEDICINE,Faculty of Oceanic Medicine & Genetics,0.1,-0.25,16058.06,-18577.39,1115.87,24555.66,310.84,4500.0,0.7432,0.6456,0.1755,35000.0,8
3747,Petal,7,ZONE_FACULTY_MEDICINE,Faculty of Oceanic Medicine & Genetics,0.1,-0.125,16687.89,-17947.56,1294.75,24507.15,312.92,4500.0,0.7415,0.6479,0.1743,35000.0,8
3748,Petal,7,ZONE_FACULTY_MEDICINE,Faculty of Oceanic Medicine & Genetics,0.1,0.0,17317.72,-17317.72,1439.83,24490.96,315.0,4500.0,0.7392,0.6529,0.1651,35000.0,8
3749,Petal,7,ZONE_FACULTY_MEDICINE,Faculty of Oceanic Medicine & Genetics,0.1,0.125,17947.56,-16687.89,1294.75,24507.15,317.08,4500.0,0.7402,0.652,0.1641,35000.0,8
3750,Petal,7,ZONE_FACULTY_MEDICINE,Faculty of Oceanic Medicine & Genetics,0.1,0.25,18577.39,-16058.06,1115.87,24555.66,319.16,4500.0,0.7415,0.6508,0.1631,35000.0,8
3751,Petal,7,ZONE_FACULTY_MEDICINE,Faculty of Oceanic Medicine & Genetics,0.1,0.375,19207.22,-15428.22,903.19,24636.3,321.23,4500.0,0.7432,0.6492,0.1621,35000.0,8
3752,Petal,7,ZONE_FACULTY_MEDICINE,Faculty of Oceanic Medicine & Genetics,0.1,0.5,19837.05,-14798.39,656.72,24748.76,323.28,4500.0,0.7452,0.6471,0.1611,35000.0,8
3753,Petal,7,ZONE_FACULTY_MEDICINE,Faculty of Oceanic Medicine & Genetics,0.1,0.625,20466.89,-14168.56,376.44,24892.6,325.31,4500.0,0.7475,0.6447,0.1601,35000.0,8
3754,Petal,7,ZONE_FACULTY_MEDICINE,Faculty of Oceanic Medicine & Genetics,0.1,0.75,21096.72,-13538.73,62.37,25067.28,327.31,4500.0,0.7501,0.6419,0.1591,35000.0,8
3755,Petal,7,ZONE_FACULTY_MEDICINE,Faculty of Oceanic Medicine & Genetics,0.1,0.875,21726.55,-12908.89,-285.5,25272.17,329.28,4500.0,0.7531,0.6387,0.1581,35000.0,8
3756,Petal,7,ZONE_CLEARANCE_WATERWAY,Faculty of Oceanic Medicine & Genetics,0.1,1.0,22356.38,-12279.06,-667.18,25506.53,331.22,4500.0,0.759,0.6288,0.1688,35000.0,8
3757,Petal,7,ZONE_CLEARANCE_WATERWAY,Faculty of Oceanic Medicine & Genetics,0.1333,-1.0,13659.21,-25450.32,-871.07,28884.12,298.22,4500.0,0.7713,0.6161,0.1598,35000.0,8
3758,Petal,7,ZONE_FACULTY_MEDICINE,Faculty of Oceanic Medicine & Genetics,0.1333,-0.875,14396.15,-24713.37,-384.17,28600.7,300.22,4500.0,0.7678,0.6207,0.1588,35000.0,8
3759,Petal,7,ZONE_FACULTY_MEDICINE,Faculty of Oceanic Medicine & Genetics,0.1333,-0.75,15133.1,-23976.43,58.24,28352.77,302.26,4500.0,0.7646,0.6249,0.1578,35000.0,8
3760,Petal,7,ZONE_FACULTY_MEDICINE,Faculty of Oceanic Medicine & Genetics,0.1333,-0.625,15870.04,-23239.49,456.16,28141.28,304.33,4500.0,0.7618,0.6285,0.1568,35000.0,8
3761,Petal,7,ZONE_FACULTY_MEDICINE,Faculty of Oceanic Medicine & Genetics,0.1333,-0.5,16606.98,-22502.54,809.6,27967.06,306.43,4500.0,0.7593,0.6318,0.1559,35000.0,8
3762,Petal,7,ZONE_FACULTY_MEDICINE,Faculty of Oceanic Medicine & Genetics,0.1333,-0.375,17343.93,-21765.6,1118.55,27830.79,308.55,4500.0,0.7572,0.6345,0.1549,35000.0,8
3763,Petal,7,ZONE_FACULTY_MEDICINE,Faculty of Oceanic Medicine & Genetics,0.1333,-0.25,18080.87,-21028.65,1383.01,27733.05,310.69,4500.0,0.7554,0.6369,0.1539,35000.0,8
3764,Petal,7,ZONE_FACULTY_MEDICINE,Faculty of Oceanic Medicine & Genetics,0.1333,-0.125,18817.82,-20291.71,1602.98,27674.24,312.84,4500.0,0.754,0.6388,0.153,35000.0,8
3765,Petal,7,ZONE_FACULTY_MEDICINE,Faculty of Oceanic Medicine & Genetics,0.1333,0.0,19554.76,-19554.76,1778.47,27654.61,315.0,4500.0,0.7514,0.6436,0.1456,35000.0,8
3766,Petal,7,ZONE_FACULTY_MEDICINE,Faculty of Oceanic Medicine & Genetics,0.1333,0.125,20291.71,-18817.82,1602.98,27674.24,317.16,4500.0,0.752,0.6431,0.1447,35000.0,8
3767,Petal,7,ZONE_FACULTY_MEDICINE,Faculty of Oceanic Medicine & Genetics,0.1333,0.25,21028.65,-18080.87,1383.01,27733.05,319.31,4500.0,0.7529,0.6422,0.1438,35000.0,8
3768,Petal,7,ZONE_FACULTY_MEDICINE,Faculty of Oceanic Medicine & Genetics,0.1333,0.375,21765.6,-17343.93,1118.55,27830.79,321.45,4500.0,0.7541,0.641,0.1429,35000.0,8
3769,Petal,7,ZONE_FACULTY_MEDICINE,Faculty of Oceanic Medicine & Genetics,0.1333,0.5,22502.54,-16606.98,809.6,27967.06,323.57,4500.0,0.7556,0.6394,0.142,35000.0,8
3770,Petal,7,ZONE_FACULTY_MEDICINE,Faculty of Oceanic Medicine & Genetics,0.1333,0.625,23239.49,-15870.04,456.16,28141.28,325.67,4500.0,0.7574,0.6375,0.1411,35000.0,8
3771,Petal,7,ZONE_FACULTY_MEDICINE,Faculty of Oceanic Medicine & Genetics,0.1333,0.75,23976.43,-15133.1,58.24,28352.77,327.74,4500.0,0.7595,0.6353,0.1403,35000.0,8
3772,Petal,7,ZONE_FACULTY_MEDICINE,Faculty of Oceanic Medicine & Genetics,0.1333,0.875,24713.37,-14396.15,-384.17,28600.7,329.78,4500.0,0.7618,0.6327,0.1394,35000.0,8
3773,Petal,7,ZONE_CLEARANCE_WATERWAY,Faculty of Oceanic Medicine & Genetics,0.1333,1.0,25450.32,-13659.21,-871.07,28884.12,331.78,4500.0,0.7676,0.6235,0.1484,35000.0,8
3774,Petal,7,ZONE_CLEARANCE_WATERWAY,Faculty of Oceanic Medicine & Genetics,0.1667,-1.0,15039.35,-28544.25,-1059.36,32263.86,297.78,4500.0,0.7797,0.6089,0.1461,35000.0,8
3775,Petal,7,ZONE_FACULTY_MEDICINE,Faculty of Oceanic Medicine & Genetics,0.1667,-0.875,15883.41,-27700.2,-473.95,31930.92,299.83,4500.0,0.7766,0.613,0.1452,35000.0,8
3776,Petal,7,ZONE_FACULTY_MEDICINE,Faculty of Oceanic Medicine & Genetics,0.1667,-0.75,16727.47,-26856.14,56.77,31639.54,301.92,4500.0,0.7739,0.6167,0.1443,35000.0,8
3777,Petal,7,ZONE_FACULTY_MEDICINE,Faculty of Oceanic Medicine & Genetics,0.1667,-0.625,17571.52,-26012.08,532.8,31390.87,304.04,4500.0,0.7714,0.62,0.1435,35000.0,8
3778,Petal,7,ZONE_FACULTY_MEDICINE,Faculty of Oceanic Medicine & Genetics,0.1667,-0.5,18415.58,-25168.03,954.15,31185.94,306.19,4500.0,0.7693,0.6228,0.1426,35000.0,8
3779,Petal,7,ZONE_FACULTY_MEDICINE,Faculty of Oceanic Medicine & Genetics,0.1667,-0.375,19259.63,-24323.97,1320.81,31025.62,308.37,4500.0,0.7674,0.6253,0.1417,35000.0,8
3780,Petal,7,ZONE_FACULTY_MEDICINE,Faculty of Oceanic Medicine & Genetics,0.1667,-0.25,20103.69,-23479.92,1632.78,30910.59,310.57,4500.0,0.7658,0.6274,0.1408,35000.0,8
3781,Petal,7,ZONE_FACULTY_MEDICINE,Faculty of Oceanic Medicine & Genetics,0.1667,-0.125,20947.75,-22635.86,1890.06,30841.37,312.78,4500.0,0.7645,0.6292,0.14,35000.0,8
3782,Petal,7,ZONE_FACULTY_MEDICINE,Faculty of Oceanic Medicine & Genetics,0.1667,0.0,21791.8,-21791.8,2092.66,30818.26,315.0,4500.0,0.7617,0.6339,0.1337,35000.0,8
3783,Petal,7,ZONE_FACULTY_MEDICINE,Faculty of Oceanic Medicine & Genetics,0.1667,0.125,22635.86,-20947.75,1890.06,30841.37,317.22,4500.0,0.7621,0.6336,0.1329,35000.0,8
3784,Petal,7,ZONE_FACULTY_MEDICINE,Faculty of Oceanic Medicine & Genetics,0.1667,0.25,23479.92,-20103.69,1632.78,30910.59,319.43,4500.0,0.7628,0.633,0.1321,35000.0,8
3785,Petal,7,ZONE_FACULTY_MEDICINE,Faculty of Oceanic Medicine & Genetics,0.1667,0.375,24323.97,-19259.63,1320.81,31025.62,321.63,4500.0,0.7637,0.6321,0.1313,35000.0,8
3786,Petal,7,ZONE_FACULTY_MEDICINE,Faculty of Oceanic Medicine & Genetics,0.1667,0.5,25168.03,-18415.58,954.15,31185.94,323.81,4500.0,0.7649,0.6309,0.1305,35000.0,8
3787,Petal,7,ZONE_FACULTY_MEDICINE,Faculty of Oceanic Medicine & Genetics,0.1667,0.625,26012.08,-17571.52,532.8,31390.87,325.96,4500.0,0.7662,0.6293,0.1297,35000.0,8
3788,Petal,7,ZONE_FACULTY_MEDICINE,Faculty of Oceanic Medicine & Genetics,0.1667,0.75,26856.14,-16727.47,56.77,31639.54,328.08,4500.0,0.7679,0.6275,0.1289,35000.0,8
3789,Petal,7,ZONE_FACULTY_MEDICINE,Faculty of Oceanic Medicine & Genetics,0.1667,0.875,27700.2,-15883.41,-473.95,31930.92,330.17,4500.0,0.7697,0.6254,0.1281,35000.0,8
3790,Petal,7,ZONE_CLEARANCE_WATERWAY,Faculty of Oceanic Medicine & Genetics,0.1667,1.0,28544.25,-15039.35,-1059.36,32263.86,332.22,4500.0,0.7755,0.6165,0.1361,35000.0,8
3791,Petal,7,ZONE_CLEARANCE_WATERWAY,Faculty of Oceanic Medicine & Genetics,0.2,-1.0,16419.5,-31638.19,-1228.48,35645.12,297.43,4500.0,0.7876,0.6009,0.1368,35000.0,8
3792,Petal,7,ZONE_FACULTY_MEDICINE,Faculty of Oceanic Medicine & Genetics,0.2,-0.875,17370.67,-30687.02,-551.63,35262.35,299.51,4500.0,0.7849,0.6045,0.136,35000.0,8
3793,Petal,7,ZONE_FACULTY_MEDICINE,Faculty of Oceanic Medicine & Genetics,0.2,-0.75,18321.84,-29735.85,60.93,34927.22,301.64,4500.0,0.7824,0.6079,0.1352,35000.0,8
3794,Petal,7,ZONE_FACULTY_MEDICINE,Faculty of Oceanic Medicine & Genetics,0.2,-0.625,19273.0,-28784.68,609.2,34641.11,303.8,4500.0,0.7803,0.6108,0.1344,35000.0,8
3795,Petal,7,ZONE_FACULTY_MEDICINE,Faculty of Oceanic Medicine & Genetics,0.2,-0.5,20224.17,-27833.52,1093.18,34405.26,306.0,4500.0,0.7784,0.6134,0.1336,35000.0,8
3796,Petal,7,ZONE_FACULTY_MEDICINE,Faculty of Oceanic Medicine & Genetics,0.2,-0.375,21175.34,-26882.35,1512.88,34220.69,308.23,4500.0,0.7767,0.6157,0.1328,35000.0,8
3797,Petal,7,ZONE_FACULTY_MEDICINE,Faculty of Oceanic Medicine & Genetics,0.2,-0.25,22126.51,-25931.18,1868.28,34088.24,310.47,4500.0,0.7753,0.6177,0.132,35000.0,8
3798,Petal,7,ZONE_FACULTY_MEDICINE,Faculty of Oceanic Medicine & Genetics,0.2,-0.125,23077.68,-24980.01,2159.39,34008.53,312.73,4500.0,0.7741,0.6193,0.1312,35000.0,8
3799,Petal,7,ZONE_FACULTY_MEDICINE,Faculty of Oceanic Medicine & Genetics,0.2,0.0,24028.84,-24028.84,2386.22,33981.92,315.0,4500.0,0.7712,0.6241,0.1257,35000.0,8
3800,Petal,7,ZONE_FACULTY_MEDICINE,Faculty of Oceanic Medicine & Genetics,0.2,0.125,24980.01,-23077.68,2159.39,34008.53,317.27,4500.0,0.7714,0.624,0.125,35000.0,8
3801,Petal,7,ZONE_FACULTY_MEDICINE,Faculty of Oceanic Medicine & Genetics,0.2,0.25,25931.18,-22126.51,1868.28,34088.24,319.53,4500.0,0.7719,0.6235,0.1242,35000.0,8
3802,Petal,7,ZONE_FACULTY_MEDICINE,Faculty of Oceanic Medicine & Genetics,0.2,0.375,26882.35,-21175.34,1512.88,34220.69,321.77,4500.0,0.7725,0.6229,0.1235,35000.0,8
3803,Petal,7,ZONE_FACULTY_MEDICINE,Faculty of Oceanic Medicine & Genetics,0.2,0.5,27833.52,-20224.17,1093.18,34405.26,324.0,4500.0,0.7734,0.6219,0.1227,35000.0,8
3804,Petal,7,ZONE_FACULTY_MEDICINE,Faculty of Oceanic Medicine & Genetics,0.2,0.625,28784.68,-19273.0,609.2,34641.11,326.2,4500.0,0.7745,0.6207,0.122,35000.0,8
3805,Petal,7,ZONE_FACULTY_MEDICINE,Faculty of Oceanic Medicine & Genetics,0.2,0.75,29735.85,-18321.84,60.93,34927.22,328.36,4500.0,0.7758,0.6192,0.1213,35000.0,8
3806,Petal,7,ZONE_FACULTY_MEDICINE,Faculty of Oceanic Medicine & Genetics,0.2,0.875,30687.02,-17370.67,-551.63,35262.35,330.49,4500.0,0.7773,0.6175,0.1205,35000.0,8
3807,Petal,7,ZONE_CLEARANCE_WATERWAY,Faculty of Oceanic Medicine & Genetics,0.2,1.0,31638.19,-16419.5,-1228.48,35645.12,332.57,4500.0,0.7831,0.6087,0.1278,35000.0,8
3808,Petal,7,ZONE_CLEARANCE_WATERWAY,Faculty of Oceanic Medicine & Genetics,0.2333,-1.0,17799.65,-34732.12,-1375.06,39027.52,297.13,4500.0,0.7951,0.5924,0.13,35000.0,8
3809,Petal,7,ZONE_FACULTY_MEDICINE,Faculty of Oceanic Medicine & Genetics,0.2333,-0.875,18857.93,-33673.84,-614.37,38594.68,299.25,4500.0,0.7927,0.5957,0.1293,35000.0,8
3810,Petal,7,ZONE_FACULTY_MEDICINE,Faculty of Oceanic Medicine & Genetics,0.2333,-0.75,19916.21,-32615.56,73.13,38215.57,301.41,4500.0,0.7906,0.5987,0.1285,35000.0,8
3811,Petal,7,ZONE_FACULTY_MEDICINE,Faculty of Oceanic Medicine & Genetics,0.2333,-0.625,20974.49,-31557.28,687.45,37891.83,303.61,4500.0,0.7887,0.6014,0.1278,35000.0,8
3812,Petal,7,ZONE_FACULTY_MEDICINE,Faculty of Oceanic Medicine & Genetics,0.2333,-0.5,22032.77,-30499.0,1228.59,37624.88,305.84,4500.0,0.7869,0.6038,0.127,35000.0,8
3813,Petal,7,ZONE_FACULTY_MEDICINE,Faculty of Oceanic Medicine & Genetics,0.2333,-0.375,23091.04,-29440.72,1696.53,37415.94,308.11,4500.0,0.7854,0.6059,0.1263,35000.0,8
3814,Petal,7,ZONE_FACULTY_MEDICINE,Faculty of Oceanic Medicine & Genetics,0.2333,-0.25,24149.32,-28382.44,2091.29,37265.98,310.39,4500.0,0.7841,0.6077,0.1256,35000.0,8
3815,Petal,7,ZONE_FACULTY_MEDICINE,Faculty of Oceanic Medicine & Genetics,0.2333,-0.125,25207.6,-27324.16,2412.87,37175.71,312.69,4500.0,0.7831,0.6093,0.1248,35000.0,8
3816,Petal,7,ZONE_FACULTY_MEDICINE,Faculty of Oceanic Medicine & Genetics,0.2333,0.0,26265.88,-26265.88,2661.25,37145.57,315.0,4500.0,0.78,0.6141,0.1199,35000.0,8
3817,Petal,7,ZONE_FACULTY_MEDICINE,Faculty of Oceanic Medicine & Genetics,0.2333,0.125,27324.16,-25207.6,2412.87,37175.71,317.31,4500.0,0.7801,0.6141,0.1192,35000.0,8
3818,Petal,7,ZONE_FACULTY_MEDICINE,Faculty of Oceanic Medicine & Genetics,0.2333,0.25,28382.44,-24149.32,2091.29,37265.98,319.61,4500.0,0.7804,0.6139,0.1185,35000.0,8
3819,Petal,7,ZONE_FACULTY_MEDICINE,Faculty of Oceanic Medicine & Genetics,0.2333,0.375,29440.72,-23091.04,1696.53,37415.94,321.89,4500.0,0.7809,0.6134,0.1179,35000.0,8
3820,Petal,7,ZONE_FACULTY_MEDICINE,Faculty of Oceanic Medicine & Genetics,0.2333,0.5,30499.0,-22032.77,1228.59,37624.88,324.16,4500.0,0.7816,0.6127,0.1172,35000.0,8
3821,Petal,7,ZONE_FACULTY_MEDICINE,Faculty of Oceanic Medicine & Genetics,0.2333,0.625,31557.28,-20974.49,687.45,37891.83,326.39,4500.0,0.7824,0.6118,0.1165,35000.0,8
3822,Petal,7,ZONE_FACULTY_MEDICINE,Faculty of Oceanic Medicine & Genetics,0.2333,0.75,32615.56,-19916.21,73.13,38215.57,328.59,4500.0,0.7834,0.6106,0.1158,35000.0,8
3823,Petal,7,ZONE_FACULTY_MEDICINE,Faculty of Oceanic Medicine & Genetics,0.2333,0.875,33673.84,-18857.93,-614.37,38594.68,330.75,4500.0,0.7846,0.6092,0.1151,35000.0,8
3824,Petal,7,ZONE_CLEARANCE_WATERWAY,Faculty of Oceanic Medicine & Genetics,0.2333,1.0,34732.12,-17799.65,-1375.06,39027.52,332.87,4500.0,0.7903,0.6004,0.1218,35000.0,8
3825,Petal,7,ZONE_CLEARANCE_WATERWAY,Faculty of Oceanic Medicine & Genetics,0.2667,-1.0,19179.79,-37826.06,-1495.98,42410.79,296.89,4500.0,0.8024,0.5836,0.1248,35000.0,8
3826,Petal,7,ZONE_FACULTY_MEDICINE,Faculty of Oceanic Medicine & Genetics,0.2667,-0.875,20345.18,-36660.66,-659.63,41927.69,299.03,4500.0,0.8003,0.5866,0.1241,35000.0,8
3827,Petal,7,ZONE_FACULTY_MEDICINE,Faculty of Oceanic Medicine & Genetics,0.2667,-0.75,21510.58,-35495.27,95.44,41504.45,301.22,4500.0,0.7984,0.5894,0.1234,35000.0,8
3828,Petal,7,ZONE_FACULTY_MEDICINE,Faculty of Oceanic Medicine & Genetics,0.2667,-0.625,22675.97,-34329.88,769.23,41142.92,303.45,4500.0,0.7967,0.5918,0.1227,35000.0,8
3829,Petal,7,ZONE_FACULTY_MEDICINE,Faculty of Oceanic Medicine & Genetics,0.2667,-0.5,23841.36,-33164.49,1361.74,40844.75,305.71,4500.0,0.7951,0.594,0.1221,35000.0,8
3830,Petal,7,ZONE_FACULTY_MEDICINE,Faculty of Oceanic Medicine & Genetics,0.2667,-0.375,25006.75,-31999.1,1872.96,40611.33,308.01,4500.0,0.7938,0.596,0.1214,35000.0,8
3831,Petal,7,ZONE_FACULTY_MEDICINE,Faculty of Oceanic Medicine & Genetics,0.2667,-0.25,26172.14,-30833.71,2302.91,40443.77,310.33,4500.0,0.7926,0.5977,0.1207,35000.0,8
3832,Petal,7,ZONE_FACULTY_MEDICINE,Faculty of Oceanic Medicine & Genetics,0.2667,-0.125,27337.53,-29668.32,2651.57,40342.9,312.66,4500.0,0.7916,0.5991,0.12,35000.0,8
3833,Petal,7,ZONE_FACULTY_MEDICINE,Faculty of Oceanic Medicine & Genetics,0.2667,0.0,28502.92,-28502.92,2918.95,40309.22,315.0,4500.0,0.7885,0.604,0.1156,35000.0,8
3834,Petal,7,ZONE_FACULTY_MEDICINE,Faculty of Oceanic Medicine & Genetics,0.2667,0.125,29668.32,-27337.53,2651.57,40342.9,317.34,4500.0,0.7885,0.6042,0.1149,35000.0,8
3835,Petal,7,ZONE_FACULTY_MEDICINE,Faculty of Oceanic Medicine & Genetics,0.2667,0.25,30833.71,-26172.14,2302.91,40443.77,319.67,4500.0,0.7887,0.6041,0.1143,35000.0,8
3836,Petal,7,ZONE_FACULTY_MEDICINE,Faculty of Oceanic Medicine & Genetics,0.2667,0.375,31999.1,-25006.75,1872.96,40611.33,321.99,4500.0,0.789,0.6038,0.1136,35000.0,8
3837,Petal,7,ZONE_FACULTY_MEDICINE,Faculty of Oceanic Medicine & Genetics,0.2667,0.5,33164.49,-23841.36,1361.74,40844.75,324.29,4500.0,0.7895,0.6033,0.113,35000.0,8
3838,Petal,7,ZONE_FACULTY_MEDICINE,Faculty of Oceanic Medicine & Genetics,0.2667,0.625,34329.88,-22675.97,769.23,41142.92,326.55,4500.0,0.7901,0.6026,0.1123,35000.0,8
3839,Petal,7,ZONE_FACULTY_MEDICINE,Faculty of Oceanic Medicine & Genetics,0.2667,0.75,35495.27,-21510.58,95.44,41504.45,328.78,4500.0,0.7909,0.6017,0.1117,35000.0,8
3840,Petal,7,ZONE_FACULTY_MEDICINE,Faculty of Oceanic Medicine & Genetics,0.2667,0.875,36660.66,-20345.18,-659.63,41927.69,330.97,4500.0,0.7918,0.6006,0.1111,35000.0,8
3841,Petal,7,ZONE_CLEARANCE_WATERWAY,Faculty of Oceanic Medicine & Genetics,0.2667,1.0,37826.06,-19179.79,-1495.98,42410.79,333.11,4500.0,0.7974,0.592,0.1172,35000.0,8
3842,Petal,7,ZONE_CLEARANCE_WATERWAY,Faculty of Oceanic Medicine & Genetics,0.3,-1.0,20559.94,-40919.99,-1588.41,45794.72,296.68,4500.0,0.8094,0.5747,0.1207,35000.0,8
3843,Petal,7,ZONE_FACULTY_MEDICINE,Faculty of Oceanic Medicine & Genetics,0.3,-0.875,21832.44,-39647.49,-685.15,45261.23,298.84,4500.0,0.8076,0.5774,0.12,35000.0,8
3844,Petal,7,ZONE_FACULTY_MEDICINE,Faculty of Oceanic Medicine & Genetics,0.3,-0.75,23104.95,-38374.98,129.62,44793.73,301.05,4500.0,0.8059,0.5799,0.1194,35000.0,8
3845,Petal,7,ZONE_FACULTY_MEDICINE,Faculty of Oceanic Medicine & Genetics,0.3,-0.625,24377.45,-37102.48,855.9,44394.3,303.31,4500.0,0.8044,0.5821,0.1187,35000.0,8
3846,Petal,7,ZONE_FACULTY_MEDICINE,Faculty of Oceanic Medicine & Genetics,0.3,-0.5,25649.95,-35829.98,1493.7,44064.81,305.6,4500.0,0.803,0.5842,0.1181,35000.0,8
3847,Petal,7,ZONE_FACULTY_MEDICINE,Faculty of Oceanic Medicine & Genetics,0.3,-0.375,26922.45,-34557.47,2043.02,43806.82,307.92,4500.0,0.8018,0.5859,0.1174,35000.0,8
3848,Petal,7,ZONE_FACULTY_MEDICINE,Faculty of Oceanic Medicine & Genetics,0.3,-0.25,28194.96,-33284.97,2503.84,43621.61,310.27,4500.0,0.8007,0.5875,0.1168,35000.0,8
3849,Petal,7,ZONE_FACULTY_MEDICINE,Faculty of Oceanic Medicine & Genetics,0.3,-0.125,29467.46,-32012.47,2876.18,43510.11,312.63,4500.0,0.7998,0.5889,0.1161,35000.0,8
3850,Petal,7,ZONE_FACULTY_MEDICINE,Faculty of Oceanic Medicine & Genetics,0.3,0.0,30739.96,-30739.96,3160.03,43472.87,315.0,4500.0,0.7967,0.5939,0.1121,35000.0,8
3851,Petal,7,ZONE_FACULTY_MEDICINE,Faculty of Oceanic Medicine & Genetics,0.3,0.125,32012.47,-29467.46,2876.18,43510.11,317.37,4500.0,0.7966,0.5941,0.1115,35000.0,8
3852,Petal,7,ZONE_FACULTY_MEDICINE,Faculty of Oceanic Medicine & Genetics,0.3,0.25,33284.97,-28194.96,2503.84,43621.61,319.73,4500.0,0.7966,0.5942,0.1109,35000.0,8
3853,Petal,7,ZONE_FACULTY_MEDICINE,Faculty of Oceanic Medicine & Genetics,0.3,0.375,34557.47,-26922.45,2043.02,43806.82,322.08,4500.0,0.7968,0.5941,0.1103,35000.0,8
3854,Petal,7,ZONE_FACULTY_MEDICINE,Faculty of Oceanic Medicine & Genetics,0.3,0.5,35829.98,-25649.95,1493.7,44064.81,324.4,4500.0,0.7971,0.5938,0.1097,35000.0,8
3855,Petal,7,ZONE_FACULTY_MEDICINE,Faculty of Oceanic Medicine & Genetics,0.3,0.625,37102.48,-24377.45,855.9,44394.3,326.69,4500.0,0.7975,0.5933,0.1091,35000.0,8
3856,Petal,7,ZONE_FACULTY_MEDICINE,Faculty of Oceanic Medicine & Genetics,0.3,0.75,38374.98,-23104.95,129.62,44793.73,328.95,4500.0,0.7981,0.5927,0.1085,35000.0,8
3857,Petal,7,ZONE_FACULTY_MEDICINE,Faculty of Oceanic Medicine & Genetics,0.3,0.875,39647.49,-21832.44,-685.15,45261.23,331.16,4500.0,0.7988,0.5919,0.1079,35000.0,8
3858,Petal,7,ZONE_CLEARANCE_WATERWAY,Faculty of Oceanic Medicine & Genetics,0.3,1.0,40919.99,-20559.94,-1588.41,45794.72,333.32,4500.0,0.8043,0.5833,0.1136,35000.0,8
3859,Petal,7,ZONE_CLEARANCE_WATERWAY,Faculty of Oceanic Medicine & Genetics,0.3333,-1.0,21940.09,-44013.92,-1649.81,49179.19,296.5,4500.0,0.8162,0.5658,0.1172,35000.0,8
3860,Petal,7,ZONE_FACULTY_MEDICINE,Faculty of Oceanic Medicine & Genetics,0.3333,-0.875,23319.7,-42634.31,-688.94,48595.19,298.68,4500.0,0.8146,0.5682,0.1166,35000.0,8
3861,Petal,7,ZONE_FACULTY_MEDICINE,Faculty of Oceanic Medicine & Genetics,0.3333,-0.75,24699.32,-41254.69,177.2,48083.32,300.91,4500.0,0.8132,0.5704,0.116,35000.0,8
3862,Petal,7,ZONE_FACULTY_MEDICINE,Faculty of Oceanic Medicine & Genetics,0.3333,-0.625,26078.93,-39875.08,948.62,47645.91,303.19,4500.0,0.8118,0.5724,0.1154,35000.0,8
3863,Petal,7,ZONE_FACULTY_MEDICINE,Faculty of Oceanic Medicine & Genetics,0.3333,-0.5,27458.55,-38495.46,1625.32,47285.01,305.5,4500.0,0.8106,0.5742,0.1148,35000.0,8
3864,Petal,7,ZONE_FACULTY_MEDICINE,Faculty of Oceanic Medicine & Genetics,0.3333,-0.375,28838.16,-37115.85,2207.3,47002.4,307.85,4500.0,0.8095,0.5759,0.1142,35000.0,8
3865,Petal,7,ZONE_FACULTY_MEDICINE,Faculty of Oceanic Medicine & Genetics,0.3333,-0.25,30217.77,-35736.23,2694.56,46799.49,310.22,4500.0,0.8086,0.5773,0.1136,35000.0,8
3866,Petal,7,ZONE_FACULTY_MEDICINE,Faculty of Oceanic Medicine & Genetics,0.3333,-0.125,31597.39,-34356.62,3087.1,46677.32,312.6,4500.0,0.8077,0.5786,0.113,35000.0,8
3867,Petal,7,ZONE_FACULTY_MEDICINE,Faculty of Oceanic Medicine & Genetics,0.3333,0.0,32977.0,-32977.0,3384.91,46636.53,315.0,4500.0,0.8047,0.5836,0.1093,35000.0,8
3868,Petal,7,ZONE_FACULTY_MEDICINE,Faculty of Oceanic Medicine & Genetics,0.3333,0.125,34356.62,-31597.39,3087.1,46677.32,317.4,4500.0,0.8045,0.584,0.1087,35000.0,8
3869,Petal,7,ZONE_FACULTY_MEDICINE,Faculty of Oceanic Medicine & Genetics,0.3333,0.25,35736.23,-30217.77,2694.56,46799.49,319.78,4500.0,0.8044,0.5842,0.1082,35000.0,8
3870,Petal,7,ZONE_FACULTY_MEDICINE,Faculty of Oceanic Medicine & Genetics,0.3333,0.375,37115.85,-28838.16,2207.3,47002.4,322.15,4500.0,0.8044,0.5842,0.1076,35000.0,8
3871,Petal,7,ZONE_FACULTY_MEDICINE,Faculty of Oceanic Medicine & Genetics,0.3333,0.5,38495.46,-27458.55,1625.32,47285.01,324.5,4500.0,0.8046,0.5842,0.107,35000.0,8
3872,Petal,7,ZONE_FACULTY_MEDICINE,Faculty of Oceanic Medicine & Genetics,0.3333,0.625,39875.08,-26078.93,948.62,47645.91,326.81,4500.0,0.8048,0.5839,0.1065,35000.0,8
3873,Petal,7,ZONE_FACULTY_MEDICINE,Faculty of Oceanic Medicine & Genetics,0.3333,0.75,41254.69,-24699.32,177.2,48083.32,329.09,4500.0,0.8052,0.5835,0.1059,35000.0,8
3874,Petal,7,ZONE_FACULTY_MEDICINE,Faculty of Oceanic Medicine & Genetics,0.3333,0.875,42634.31,-23319.7,-688.94,48595.19,331.32,4500.0,0.8056,0.583,0.1054,35000.0,8
3875,Petal,7,ZONE_CLEARANCE_WATERWAY,Faculty of Oceanic Medicine & Genetics,0.3333,1.0,44013.92,-21940.09,-1649.81,49179.19,333.5,4500.0,0.811,0.5745,0.1107,35000.0,8
3876,Petal,7,ZONE_CLEARANCE_WATERWAY,Faculty of Oceanic Medicine & Genetics,0.3667,-1.0,23320.23,-47107.86,-1678.0,52564.09,296.34,4500.0,0.8227,0.5568,0.1143,35000.0,8
3877,Petal,7,ZONE_FACULTY_MEDICINE,Faculty of Oceanic Medicine & Genetics,0.3667,-0.875,24806.96,-45621.13,-669.3,51929.5,298.54,4500.0,0.8214,0.5589,0.1138,35000.0,8
3878,Petal,7,ZONE_FACULTY_MEDICINE,Faculty of Oceanic Medicine & Genetics,0.3667,-0.75,26293.69,-44134.4,239.47,51373.18,300.78,4500.0,0.8202,0.5608,0.1132,35000.0,8
3879,Petal,7,ZONE_FACULTY_MEDICINE,Faculty of Oceanic Medicine & Genetics,0.3667,-0.625,27780.41,-42647.68,1048.33,50897.7,303.08,4500.0,0.819,0.5626,0.1126,35000.0,8
3880,Petal,7,ZONE_FACULTY_MEDICINE,Faculty of Oceanic Medicine & Genetics,0.3667,-0.5,29267.14,-41160.95,1757.27,50505.34,305.41,4500.0,0.818,0.5642,0.1121,35000.0,8
3881,Petal,7,ZONE_FACULTY_MEDICINE,Faculty of Oceanic Medicine & Genetics,0.3667,-0.375,30753.87,-39674.22,2366.29,50198.05,307.78,4500.0,0.817,0.5657,0.1115,35000.0,8
3882,Petal,7,ZONE_FACULTY_MEDICINE,Faculty of Oceanic Medicine & Genetics,0.3667,-0.25,32240.59,-38187.5,2875.39,49977.4,310.17,4500.0,0.8162,0.5671,0.1109,35000.0,8
3883,Petal,7,ZONE_FACULTY_MEDICINE,Faculty of Oceanic Medicine & Genetics,0.3667,-0.125,33727.32,-36700.77,3284.57,49844.54,312.58,4500.0,0.8154,0.5683,0.1104,35000.0,8
3884,Petal,7,ZONE_FACULTY_MEDICINE,Faculty of Oceanic Medicine & Genetics,0.3667,0.0,35214.04,-35214.04,3593.83,49800.18,315.0,4500.0,0.8124,0.5733,0.107,35000.0,8
3885,Petal,7,ZONE_FACULTY_MEDICINE,Faculty of Oceanic Medicine & Genetics,0.3667,0.125,36700.77,-33727.32,3284.57,49844.54,317.42,4500.0,0.8121,0.5737,0.1064,35000.0,8
3886,Petal,7,ZONE_FACULTY_MEDICINE,Faculty of Oceanic Medicine & Genetics,0.3667,0.25,38187.5,-32240.59,2875.39,49977.4,319.83,4500.0,0.8119,0.5741,0.1059,35000.0,8
3887,Petal,7,ZONE_FACULTY_MEDICINE,Faculty of Oceanic Medicine & Genetics,0.3667,0.375,39674.22,-30753.87,2366.29,50198.05,322.22,4500.0,0.8118,0.5743,0.1054,35000.0,8
3888,Petal,7,ZONE_FACULTY_MEDICINE,Faculty of Oceanic Medicine & Genetics,0.3667,0.5,41160.95,-29267.14,1757.27,50505.34,324.59,4500.0,0.8118,0.5744,0.1049,35000.0,8
3889,Petal,7,ZONE_FACULTY_MEDICINE,Faculty of Oceanic Medicine & Genetics,0.3667,0.625,42647.68,-27780.41,1048.33,50897.7,326.92,4500.0,0.8119,0.5744,0.1043,35000.0,8
3890,Petal,7,ZONE_FACULTY_MEDICINE,Faculty of Oceanic Medicine & Genetics,0.3667,0.75,44134.4,-26293.69,239.47,51373.18,329.22,4500.0,0.8121,0.5742,0.1038,35000.0,8
3891,Petal,7,ZONE_FACULTY_MEDICINE,Faculty of Oceanic Medicine & Genetics,0.3667,0.875,45621.13,-24806.96,-669.3,51929.5,331.46,4500.0,0.8123,0.574,0.1033,35000.0,8
3892,Petal,7,ZONE_CLEARANCE_WATERWAY,Faculty of Oceanic Medicine & Genetics,0.3667,1.0,47107.86,-23320.23,-1678.0,52564.09,333.66,4500.0,0.8175,0.5657,0.1083,35000.0,8
3893,Petal,7,ZONE_CLEARANCE_WATERWAY,Faculty of Oceanic Medicine & Genetics,0.4,-1.0,24700.38,-50201.79,-1671.16,55949.34,296.2,4500.0,0.8291,0.5478,0.1118,35000.0,8
3894,Petal,7,ZONE_FACULTY_MEDICINE,Faculty of Oceanic Medicine & Genetics,0.4,-0.875,26294.22,-48607.95,-624.82,55264.08,298.41,4500.0,0.828,0.5496,0.1113,35000.0,8
3895,Petal,7,ZONE_FACULTY_MEDICINE,Faculty of Oceanic Medicine & Genetics,0.4,-0.75,27888.06,-47014.11,317.49,54663.25,300.68,4500.0,0.827,0.5512,0.1108,35000.0,8
3896,Petal,7,ZONE_FACULTY_MEDICINE,Faculty of Oceanic Medicine & Genetics,0.4,-0.625,29481.89,-45420.28,1155.79,54149.64,302.99,4500.0,0.826,0.5528,0.1102,35000.0,8
3897,Petal,7,ZONE_FACULTY_MEDICINE,Faculty of Oceanic Medicine & Genetics,0.4,-0.5,31075.73,-43826.44,1890.06,53725.76,305.34,4500.0,0.8251,0.5542,0.1097,35000.0,8
3898,Petal,7,ZONE_FACULTY_MEDICINE,Faculty of Oceanic Medicine & Genetics,0.4,-0.375,32669.57,-42232.6,2520.31,53393.76,307.72,4500.0,0.8243,0.5555,0.1092,35000.0,8
3899,Petal,7,ZONE_FACULTY_MEDICINE,Faculty of Oceanic Medicine & Genetics,0.4,-0.25,34263.41,-40638.76,3046.54,53155.34,310.13,4500.0,0.8235,0.5568,0.1086,35000.0,8
3900,Petal,7,ZONE_FACULTY_MEDICINE,Faculty of Oceanic Medicine & Genetics,0.4,-0.125,35857.25,-39044.92,3468.75,53011.77,312.56,4500.0,0.8229,0.5579,0.1081,35000.0,8
3901,Petal,7,ZONE_FACULTY_MEDICINE,Faculty of Oceanic Medicine & Genetics,0.4,0.0,37451.09,-37451.09,3786.93,52963.83,315.0,4500.0,0.8198,0.5629,0.105,35000.0,8
3902,Petal,7,ZONE_FACULTY_MEDICINE,Faculty of Oceanic Medicine & Genetics,0.4,0.125,39044.92,-35857.25,3468.75,53011.77,317.44,4500.0,0.8195,0.5634,0.1045,35000.0,8
3903,Petal,7,ZONE_FACULTY_MEDICINE,Faculty of Oceanic Medicine & Genetics,0.4,0.25,40638.76,-34263.41,3046.54,53155.34,319.87,4500.0,0.8193,0.5639,0.104,35000.0,8
3904,Petal,7,ZONE_FACULTY_MEDICINE,Faculty of Oceanic Medicine & Genetics,0.4,0.375,42232.6,-32669.57,2520.31,53393.76,322.28,4500.0,0.8191,0.5643,0.1035,35000.0,8
3905,Petal,7,ZONE_FACULTY_MEDICINE,Faculty of Oceanic Medicine & Genetics,0.4,0.5,43826.44,-31075.73,1890.06,53725.76,324.66,4500.0,0.8189,0.5646,0.103,35000.0,8
3906,Petal,7,ZONE_FACULTY_MEDICINE,Faculty of Oceanic Medicine & Genetics,0.4,0.625,45420.28,-29481.89,1155.79,54149.64,327.01,4500.0,0.8189,0.5647,0.1025,35000.0,8
3907,Petal,7,ZONE_FACULTY_MEDICINE,Faculty of Oceanic Medicine & Genetics,0.4,0.75,47014.11,-27888.06,317.49,54663.25,329.32,4500.0,0.8189,0.5648,0.102,35000.0,8
3908,Petal,7,ZONE_FACULTY_MEDICINE,Faculty of Oceanic Medicine & Genetics,0.4,0.875,48607.95,-26294.22,-624.82,55264.08,331.59,4500.0,0.8189,0.5649,0.1016,35000.0,8
3909,Petal,7,ZONE_CLEARANCE_WATERWAY,Faculty of Oceanic Medicine & Genetics,0.4,1.0,50201.79,-24700.38,-1671.16,55949.34,333.8,4500.0,0.8239,0.5567,0.1062,35000.0,8
3910,Petal,7,ZONE_CLEARANCE_WATERWAY,Faculty of Oceanic Medicine & Genetics,0.4333,-1.0,26694.23,-52682.02,-1627.85,59059.1,296.87,6235.83,0.8306,0.5468,0.1049,35000.0,8
3911,Petal,7,ZONE_FACULTY_MEDICINE,Faculty of Oceanic Medicine & Genetics,0.4333,-0.875,28318.47,-51057.78,-554.39,58385.21,299.01,6235.83,0.8298,0.5482,0.1044,35000.0,8
3912,Petal,7,ZONE_FACULTY_MEDICINE,Faculty of Oceanic Medicine & Genetics,0.4333,-0.75,29942.71,-49433.54,412.09,57794.82,301.2,6235.83,0.829,0.5496,0.104,35000.0,8
3913,Petal,7,ZONE_FACULTY_MEDICINE,Faculty of Oceanic Medicine & Genetics,0.4333,-0.625,31566.94,-47809.31,1271.59,57290.5,303.44,6235.83,0.8282,0.5508,0.1035,35000.0,8
3914,Petal,7,ZONE_FACULTY_MEDICINE,Faculty of Oceanic Medicine & Genetics,0.4333,-0.5,33191.18,-46185.07,2024.1,56874.56,305.7,6235.83,0.8275,0.552,0.103,35000.0,8
3915,Petal,7,ZONE_FACULTY_MEDICINE,Faculty of Oceanic Medicine & Genetics,0.4333,-0.375,34815.42,-44560.83,2669.63,56548.93,308.0,6235.83,0.8268,0.5531,0.1025,35000.0,8
3916,Petal,7,ZONE_FACULTY_MEDICINE,Faculty of Oceanic Medicine & Genetics,0.4333,-0.25,36439.65,-42936.6,3208.17,56315.18,310.32,6235.83,0.8262,0.5541,0.1021,35000.0,8
3917,Petal,7,ZONE_FACULTY_MEDICINE,Faculty of Oceanic Medicine & Genetics,0.4333,-0.125,38063.89,-41312.36,3639.72,56174.47,312.66,6235.83,0.8256,0.5551,0.1016,35000.0,8
3918,Petal,7,ZONE_FACULTY_MEDICINE,Faculty of Oceanic Medicine & Genetics,0.4333,0.0,39688.13,-39688.13,3964.3,56127.49,315.0,6235.83,0.8227,0.5598,0.0988,35000.0,8
3919,Petal,7,ZONE_FACULTY_MEDICINE,Faculty of Oceanic Medicine & Genetics,0.4333,0.125,41312.36,-38063.89,3639.72,56174.47,317.34,6235.83,0.8223,0.5604,0.0984,35000.0,8
3920,Petal,7,ZONE_FACULTY_MEDICINE,Faculty of Oceanic Medicine & Genetics,0.4333,0.25,42936.6,-36439.65,3208.17,56315.18,319.68,6235.83,0.822,0.561,0.0979,35000.0,8
3921,Petal,7,ZONE_FACULTY_MEDICINE,Faculty of Oceanic Medicine & Genetics,0.4333,0.375,44560.83,-34815.42,2669.63,56548.93,322.0,6235.83,0.8217,0.5615,0.0975,35000.0,8
3922,Petal,7,ZONE_FACULTY_MEDICINE,Faculty of Oceanic Medicine & Genetics,0.4333,0.5,46185.07,-33191.18,2024.1,56874.56,324.3,6235.83,0.8215,0.5619,0.0971,35000.0,8
3923,Petal,7,ZONE_FACULTY_MEDICINE,Faculty of Oceanic Medicine & Genetics,0.4333,0.625,47809.31,-31566.94,1271.59,57290.5,326.56,6235.83,0.8213,0.5623,0.0966,35000.0,8
3924,Petal,7,ZONE_FACULTY_MEDICINE,Faculty of Oceanic Medicine & Genetics,0.4333,0.75,49433.54,-29942.71,412.09,57794.82,328.8,6235.83,0.8211,0.5626,0.0962,35000.0,8
3925,Petal,7,ZONE_FACULTY_MEDICINE,Faculty of Oceanic Medicine & Genetics,0.4333,0.875,51057.78,-28318.47,-554.39,58385.21,330.99,6235.83,0.821,0.5628,0.0958,35000.0,8
3926,Petal,7,ZONE_CLEARANCE_WATERWAY,Faculty of Oceanic Medicine & Genetics,0.4333,1.0,52682.02,-26694.23,-1627.85,59059.1,333.13,6235.83,0.8256,0.5553,0.0999,35000.0,8
3927,Petal,7,ZONE_CLEARANCE_WATERWAY,Faculty of Oceanic Medicine & Genetics,0.4667,-1.0,29599.31,-54251.02,-1547.03,61800.43,298.62,10548.97,0.825,0.5575,0.0925,35000.0,8
3928,Petal,7,ZONE_FACULTY_MEDICINE,Faculty of Oceanic Medicine & Genetics,0.4667,-0.875,31140.04,-52710.29,-457.2,61221.54,300.57,10548.97,0.8244,0.5584,0.0921,35000.0,8
3929,Petal,7,ZONE_FACULTY_MEDICINE,Faculty of Oceanic Medicine & Genetics,0.4667,-0.75,32680.77,-51169.56,523.87,60715.37,302.57,10548.97,0.8238,0.5594,0.0917,35000.0,8
3930,Petal,7,ZONE_FACULTY_MEDICINE,Faculty of Oceanic Medicine & Genetics,0.4667,-0.625,34221.5,-49628.83,1396.15,60283.76,304.59,10548.97,0.8233,0.5603,0.0913,35000.0,8
3931,Petal,7,ZONE_FACULTY_MEDICINE,Faculty of Oceanic Medicine & Genetics,0.4667,-0.5,35762.24,-48088.1,2159.67,59928.31,306.64,10548.97,0.8227,0.5611,0.0909,35000.0,8
3932,Petal,7,ZONE_FACULTY_MEDICINE,Faculty of Oceanic Medicine & Genetics,0.4667,-0.375,37302.97,-46547.36,2814.4,59650.39,308.71,10548.97,0.8222,0.562,0.0905,35000.0,8
3933,Petal,7,ZONE_FACULTY_MEDICINE,Faculty of Oceanic Medicine & Genetics,0.4667,-0.25,38843.7,-45006.63,3360.36,59451.07,310.8,10548.97,0.8217,0.5628,0.0901,35000.0,8
3934,Petal,7,ZONE_FACULTY_MEDICINE,Faculty of Oceanic Medicine & Genetics,0.4667,-0.125,40384.43,-43465.9,3797.54,59331.16,312.9,10548.97,0.8212,0.5635,0.0897,35000.0,8
3935,Petal,7,ZONE_FACULTY_MEDICINE,Faculty of Oceanic Medicine & Genetics,0.4667,0.0,41925.17,-41925.17,4125.95,59291.14,315.0,10548.97,0.8186,0.5677,0.0874,35000.0,8
3936,Petal,7,ZONE_FACULTY_MEDICINE,Faculty of Oceanic Medicine & Genetics,0.4667,0.125,43465.9,-40384.43,3797.54,59331.16,317.1,10548.97,0.8182,0.5683,0.087,35000.0,8
3937,Petal,7,ZONE_FACULTY_MEDICINE,Faculty of Oceanic Medicine & Genetics,0.4667,0.25,45006.63,-38843.7,3360.36,59451.07,319.2,10548.97,0.8179,0.5688,0.0866,35000.0,8
3938,Petal,7,ZONE_FACULTY_MEDICINE,Faculty of Oceanic Medicine & Genetics,0.4667,0.375,46547.36,-37302.97,2814.4,59650.39,321.29,10548.97,0.8175,0.5694,0.0862,35000.0,8
3939,Petal,7,ZONE_FACULTY_MEDICINE,Faculty of Oceanic Medicine & Genetics,0.4667,0.5,48088.1,-35762.24,2159.67,59928.31,323.36,10548.97,0.8172,0.5699,0.0859,35000.0,8
3940,Petal,7,ZONE_FACULTY_MEDICINE,Faculty of Oceanic Medicine & Genetics,0.4667,0.625,49628.83,-34221.5,1396.15,60283.76,325.41,10548.97,0.8169,0.5704,0.0855,35000.0,8
3941,Petal,7,ZONE_FACULTY_MEDICINE,Faculty of Oceanic Medicine & Genetics,0.4667,0.75,51169.56,-32680.77,523.87,60715.37,327.43,10548.97,0.8166,0.5709,0.0852,35000.0,8
3942,Petal,7,ZONE_FACULTY_MEDICINE,Faculty of Oceanic Medicine & Genetics,0.4667,0.875,52710.29,-31140.04,-457.2,61221.54,329.43,10548.97,0.8163,0.5713,0.0848,35000.0,8
3943,Petal,7,ZONE_CLEARANCE_WATERWAY,Faculty of Oceanic Medicine & Genetics,0.4667,1.0,54251.02,-29599.31,-1547.03,61800.43,331.38,10548.97,0.8204,0.5649,0.0883,35000.0,8
3944,Petal,7,ZONE_CLEARANCE_WATERWAY,Faculty of Oceanic Medicine & Genetics,0.5,-1.0,32565.02,-55759.39,-1428.08,64572.37,300.29,15033.63,0.8187,0.5684,0.0812,35000.0,8
3945,Petal,7,ZONE_FACULTY_MEDICINE,Faculty of Oceanic Medicine & Genetics,0.5,-0.875,34014.67,-54309.75,-332.77,64082.34,302.06,15033.63,0.8183,0.569,0.0809,35000.0,8
3946,Petal,7,ZONE_FACULTY_MEDICINE,Faculty of Oceanic Medicine & Genetics,0.5,-0.75,35464.31,-52860.1,653.17,63654.6,303.86,15033.63,0.818,0.5696,0.0805,35000.0,8
3947,Petal,7,ZONE_FACULTY_MEDICINE,Faculty of Oceanic Medicine & Genetics,0.5,-0.625,36913.96,-51410.45,1529.73,63290.4,305.68,15033.63,0.8176,0.5702,0.0802,35000.0,8
3948,Petal,7,ZONE_FACULTY_MEDICINE,Faculty of Oceanic Medicine & Genetics,0.5,-0.5,38363.61,-49960.8,2296.92,62990.86,307.52,15033.63,0.8172,0.5708,0.0799,35000.0,8
3949,Petal,7,ZONE_FACULTY_MEDICINE,Faculty of Oceanic Medicine & Genetics,0.5,-0.375,39813.26,-48511.15,2954.73,62756.89,309.38,15033.63,0.8168,0.5714,0.0795,35000.0,8
3950,Petal,7,ZONE_FACULTY_MEDICINE,Faculty of Oceanic Medicine & Genetics,0.5,-0.25,41262.91,-47061.5,3503.17,62589.24,311.24,15033.63,0.8164,0.572,0.0792,35000.0,8
3951,Petal,7,ZONE_FACULTY_MEDICINE,Faculty of Oceanic Medicine & Genetics,0.5,-0.125,42712.56,-45611.85,3942.23,62488.43,313.12,15033.63,0.816,0.5726,0.0789,35000.0,8
3952,Petal,7,ZONE_FACULTY_MEDICINE,Faculty of Oceanic Medicine & Genetics,0.5,0.0,44162.21,-44162.21,4271.92,62454.79,315.0,15033.63,0.8137,0.5762,0.077,35000.0,8
3953,Petal,7,ZONE_FACULTY_MEDICINE,Faculty of Oceanic Medicine & Genetics,0.5,0.125,45611.85,-42712.56,3942.23,62488.43,316.88,15033.63,0.8133,0.5768,0.0767,35000.0,8
3954,Petal,7,ZONE_FACULTY_MEDICINE,Faculty of Oceanic Medicine & Genetics,0.5,0.25,47061.5,-41262.91,3503.17,62589.24,318.76,15033.63,0.8129,0.5774,0.0763,35000.0,8
3955,Petal,7,ZONE_FACULTY_MEDICINE,Faculty of Oceanic Medicine & Genetics,0.5,0.375,48511.15,-39813.26,2954.73,62756.89,320.62,15033.63,0.8125,0.5779,0.076,35000.0,8
3956,Petal,7,ZONE_FACULTY_MEDICINE,Faculty of Oceanic Medicine & Genetics,0.5,0.5,49960.8,-38363.61,2296.92,62990.86,322.48,15033.63,0.8121,0.5785,0.0757,35000.0,8
3957,Petal,7,ZONE_FACULTY_MEDICINE,Faculty of Oceanic Medicine & Genetics,0.5,0.625,51410.45,-36913.96,1529.73,63290.4,324.32,15033.63,0.8118,0.5791,0.0754,35000.0,8
3958,Petal,7,ZONE_FACULTY_MEDICINE,Faculty of Oceanic Medicine & Genetics,0.5,0.75,52860.1,-35464.31,653.17,63654.6,326.14,15033.63,0.8114,0.5797,0.0751,35000.0,8
3959,Petal,7,ZONE_FACULTY_MEDICINE,Faculty of Oceanic Medicine & Genetics,0.5,0.875,54309.75,-34014.67,-332.77,64082.34,327.94,15033.63,0.811,0.5803,0.0749,35000.0,8
3960,Petal,7,ZONE_CLEARANCE_WATERWAY,Faculty of Oceanic Medicine & Genetics,0.5,1.0,55759.39,-32565.02,-1428.08,64572.37,329.71,15033.63,0.8145,0.5749,0.0778,35000.0,8
3961,Petal,7,ZONE_CLEARANCE_WATERWAY,Faculty of Oceanic Medicine & Genetics,0.5333,-1.0,35578.78,-57219.71,-1270.78,67379.11,301.87,19654.19,0.8119,0.5795,0.0711,35000.0,8
3962,Petal,7,ZONE_FACULTY_MEDICINE,Faculty of Oceanic Medicine & Genetics,0.5333,-0.875,36931.34,-55867.15,-180.94,66970.61,303.47,19654.19,0.8117,0.5798,0.0708,35000.0,8
3963,Petal,7,ZONE_FACULTY_MEDICINE,Faculty of Oceanic Medicine & Genetics,0.5333,-0.75,38283.9,-54514.6,800.12,66614.55,305.08,19654.19,0.8114,0.5802,0.0705,35000.0,8
3964,Petal,7,ZONE_FACULTY_MEDICINE,Faculty of Oceanic Medicine & Genetics,0.5333,-0.625,39636.46,-53162.04,1672.41,66311.77,306.71,19654.19,0.8112,0.5805,0.0702,35000.0,8
3965,Petal,7,ZONE_FACULTY_MEDICINE,Faculty of Oceanic Medicine & Genetics,0.5333,-0.5,40989.01,-51809.48,2435.92,66063.01,308.35,19654.19,0.8109,0.5809,0.0699,35000.0,8
3966,Petal,7,ZONE_FACULTY_MEDICINE,Faculty of Oceanic Medicine & Genetics,0.5333,-0.375,42341.57,-50456.92,3090.66,65868.88,310.0,19654.19,0.8107,0.5813,0.0697,35000.0,8
3967,Petal,7,ZONE_FACULTY_MEDICINE,Faculty of Oceanic Medicine & Genetics,0.5333,-0.25,43694.13,-49104.36,3636.62,65729.87,311.66,19654.19,0.8104,0.5818,0.0694,35000.0,8
3968,Petal,7,ZONE_FACULTY_MEDICINE,Faculty of Oceanic Medicine & Genetics,0.5333,-0.125,45046.69,-47751.8,4073.8,65646.32,313.33,19654.19,0.8101,0.5822,0.0691,35000.0,8
3969,Petal,7,ZONE_FACULTY_MEDICINE,Faculty of Oceanic Medicine & Genetics,0.5333,0.0,46399.25,-46399.25,4402.21,65618.44,315.0,19654.19,0.808,0.5853,0.0675,35000.0,8
3970,Petal,7,ZONE_FACULTY_MEDICINE,Faculty of Oceanic Medicine & Genetics,0.5333,0.125,47751.8,-45046.69,4073.8,65646.32,316.67,19654.19,0.8076,0.5858,0.0673,35000.0,8
3971,Petal,7,ZONE_FACULTY_MEDICINE,Faculty of Oceanic Medicine & Genetics,0.5333,0.25,49104.36,-43694.13,3636.62,65729.87,318.34,19654.19,0.8072,0.5864,0.067,35000.0,8
3972,Petal,7,ZONE_FACULTY_MEDICINE,Faculty of Oceanic Medicine & Genetics,0.5333,0.375,50456.92,-42341.57,3090.66,65868.88,320.0,19654.19,0.8068,0.587,0.0668,35000.0,8
3973,Petal,7,ZONE_FACULTY_MEDICINE,Faculty of Oceanic Medicine & Genetics,0.5333,0.5,51809.48,-40989.01,2435.92,66063.01,321.65,19654.19,0.8064,0.5876,0.0665,35000.0,8
3974,Petal,7,ZONE_FACULTY_MEDICINE,Faculty of Oceanic Medicine & Genetics,0.5333,0.625,53162.04,-39636.46,1672.41,66311.77,323.29,19654.19,0.806,0.5882,0.0663,35000.0,8
3975,Petal,7,ZONE_FACULTY_MEDICINE,Faculty of Oceanic Medicine & Genetics,0.5333,0.75,54514.6,-38283.9,800.12,66614.55,324.92,19654.19,0.8055,0.5889,0.066,35000.0,8
3976,Petal,7,ZONE_FACULTY_MEDICINE,Faculty of Oceanic Medicine & Genetics,0.5333,0.875,55867.15,-36931.34,-180.94,66970.61,326.53,19654.19,0.8051,0.5895,0.0658,35000.0,8
3977,Petal,7,ZONE_CLEARANCE_WATERWAY,Faculty of Oceanic Medicine & Genetics,0.5333,1.0,57219.71,-35578.78,-1270.78,67379.11,328.13,19654.19,0.8081,0.5851,0.0682,35000.0,8
3978,Petal,7,ZONE_CLEARANCE_WATERWAY,Faculty of Oceanic Medicine & Genetics,0.5667,-1.0,38629.35,-58643.22,-1075.34,70222.89,303.37,24378.86,0.8045,0.5907,0.0618,35000.0,8
3979,Petal,7,ZONE_FACULTY_MEDICINE,Faculty of Oceanic Medicine & Genetics,0.5667,-0.875,39880.22,-57392.36,-1.87,69887.87,304.79,24378.86,0.8045,0.5908,0.0616,35000.0,8
3980,Petal,7,ZONE_FACULTY_MEDICINE,Faculty of Oceanic Medicine & Genetics,0.5667,-0.75,41131.08,-56141.49,964.61,69596.21,306.23,24378.86,0.8044,0.5909,0.0614,35000.0,8
3981,Petal,7,ZONE_FACULTY_MEDICINE,Faculty of Oceanic Medicine & Genetics,0.5667,-0.625,42381.95,-54890.62,1824.1,69348.47,307.67,24378.86,0.8043,0.5911,0.0611,35000.0,8
3982,Petal,7,ZONE_FACULTY_MEDICINE,Faculty of Oceanic Medicine & Genetics,0.5667,-0.5,43632.82,-53639.76,2576.61,69145.11,309.13,24378.86,0.8041,0.5913,0.0609,35000.0,8
3983,Petal,7,ZONE_FACULTY_MEDICINE,Faculty of Oceanic Medicine & Genetics,0.5667,-0.375,44883.68,-52388.89,3222.14,68986.53,310.59,24378.86,0.804,0.5916,0.0607,35000.0,8
3984,Petal,7,ZONE_FACULTY_MEDICINE,Faculty of Oceanic Medicine & Genetics,0.5667,-0.25,46134.55,-51138.02,3760.68,68873.03,312.06,24378.86,0.8038,0.5919,0.0605,35000.0,8
3985,Petal,7,ZONE_FACULTY_MEDICINE,Faculty of Oceanic Medicine & Genetics,0.5667,-0.125,47385.42,-49887.15,4192.24,68804.84,313.53,24378.86,0.8035,0.5922,0.0602,35000.0,8
3986,Petal,7,ZONE_FACULTY_MEDICINE,Faculty of Oceanic Medicine & Genetics,0.5667,0.0,48636.29,-48636.29,4516.81,68782.1,315.0,24378.86,0.8017,0.5948,0.059,35000.0,8
3987,Petal,7,ZONE_FACULTY_MEDICINE,Faculty of Oceanic Medicine & Genetics,0.5667,0.125,49887.15,-47385.42,4192.24,68804.84,316.47,24378.86,0.8014,0.5953,0.0588,35000.0,8
3988,Petal,7,ZONE_FACULTY_MEDICINE,Faculty of Oceanic Medicine & Genetics,0.5667,0.25,51138.02,-46134.55,3760.68,68873.03,317.94,24378.86,0.801,0.5958,0.0585,35000.0,8
3989,Petal,7,ZONE_FACULTY_MEDICINE,Faculty of Oceanic Medicine & Genetics,0.5667,0.375,52388.89,-44883.68,3222.14,68986.53,319.41,24378.86,0.8006,0.5964,0.0583,35000.0,8
3990,Petal,7,ZONE_FACULTY_MEDICINE,Faculty of Oceanic Medicine & Genetics,0.5667,0.5,53639.76,-43632.82,2576.61,69145.11,320.87,24378.86,0.8001,0.597,0.0581,35000.0,8
3991,Petal,7,ZONE_FACULTY_MEDICINE,Faculty of Oceanic Medicine & Genetics,0.5667,0.625,54890.62,-42381.95,1824.1,69348.47,322.33,24378.86,0.7997,0.5976,0.0579,35000.0,8
3992,Petal,7,ZONE_FACULTY_MEDICINE,Faculty of Oceanic Medicine & Genetics,0.5667,0.75,56141.49,-41131.08,964.61,69596.21,323.77,24378.86,0.7992,0.5983,0.0578,35000.0,8
3993,Petal,7,ZONE_FACULTY_MEDICINE,Faculty of Oceanic Medicine & Genetics,0.5667,0.875,57392.36,-39880.22,-1.87,69887.87,325.21,24378.86,0.7987,0.599,0.0576,35000.0,8
3994,Petal,7,ZONE_CLEARANCE_WATERWAY,Faculty of Oceanic Medicine & Genetics,0.5667,1.0,58643.22,-38629.35,-1075.34,70222.89,326.63,24378.86,0.8012,0.5954,0.0595,35000.0,8
3995,Petal,7,ZONE_CLEARANCE_WATERWAY,Faculty of Oceanic Medicine & Genetics,0.6,-1.0,41706.6,-60040.06,-842.39,73104.37,304.79,29178.99,0.7968,0.6018,0.0534,35000.0,8
3996,Petal,7,ZONE_FACULTY_MEDICINE,Faculty of Oceanic Medicine & Genetics,0.6,-0.875,42852.44,-58894.21,203.95,72834.47,306.04,29178.99,0.7969,0.6018,0.0533,35000.0,8
3997,Petal,7,ZONE_FACULTY_MEDICINE,Faculty of Oceanic Medicine & Genetics,0.6,-0.75,43998.28,-57748.37,1146.26,72599.75,307.3,29178.99,0.7969,0.6017,0.0531,35000.0,8
3998,Petal,7,ZONE_FACULTY_MEDICINE,Faculty of Oceanic Medicine & Genetics,0.6,-0.625,45144.12,-56602.53,1984.56,72400.54,308.57,29178.99,0.7969,0.6018,0.0529,35000.0,8
3999,Petal,7,ZONE_FACULTY_MEDICINE,Faculty of Oceanic Medicine & Genetics,0.6,-0.5,46289.96,-55456.69,2718.83,72237.15,309.85,29178.99,0.7969,0.6019,0.0527,35000.0,8
4000,Petal,7,ZONE_FACULTY_MEDICINE,Faculty of Oceanic Medicine & Genetics,0.6,-0.375,47435.8,-54310.85,3349.08,72109.8,311.13,29178.99,0.7968,0.602,0.0525,35000.0,8
4001,Petal,7,ZONE_FACULTY_MEDICINE,Faculty of Oceanic Medicine & Genetics,0.6,-0.25,48581.64,-53165.01,3875.31,72018.71,312.42,29178.99,0.7967,0.6022,0.0524,35000.0,8
4002,Petal,7,ZONE_FACULTY_MEDICINE,Faculty of Oceanic Medicine & Genetics,0.6,-0.125,49727.49,-52019.17,4297.52,71964.0,313.71,29178.99,0.7965,0.6024,0.0522,35000.0,8
4003,Petal,7,ZONE_FACULTY_MEDICINE,Faculty of Oceanic Medicine & Genetics,0.6,0.0,50873.33,-50873.33,4615.7,71945.75,315.0,29178.99,0.795,0.6045,0.0512,35000.0,8
4004,Petal,7,ZONE_FACULTY_MEDICINE,Faculty of Oceanic Medicine & Genetics,0.6,0.125,52019.17,-49727.49,4297.52,71964.0,316.29,29178.99,0.7946,0.605,0.051,35000.0,8
4005,Petal,7,ZONE_FACULTY_MEDICINE,Faculty of Oceanic Medicine & Genetics,0.6,0.25,53165.01,-48581.64,3875.31,72018.71,317.58,29178.99,0.7942,0.6055,0.0508,35000.0,8
4006,Petal,7,ZONE_FACULTY_MEDICINE,Faculty of Oceanic Medicine & Genetics,0.6,0.375,54310.85,-47435.8,3349.08,72109.8,318.87,29178.99,0.7938,0.606,0.0507,35000.0,8
4007,Petal,7,ZONE_FACULTY_MEDICINE,Faculty of Oceanic Medicine & Genetics,0.6,0.5,55456.69,-46289.96,2718.83,72237.15,320.15,29178.99,0.7934,0.6066,0.0505,35000.0,8
4008,Petal,7,ZONE_FACULTY_MEDICINE,Faculty of Oceanic Medicine & Genetics,0.6,0.625,56602.53,-45144.12,1984.56,72400.54,321.43,29178.99,0.7929,0.6072,0.0503,35000.0,8
4009,Petal,7,ZONE_FACULTY_MEDICINE,Faculty of Oceanic Medicine & Genetics,0.6,0.75,57748.37,-43998.28,1146.26,72599.75,322.7,29178.99,0.7924,0.6079,0.0502,35000.0,8
4010,Petal,7,ZONE_FACULTY_MEDICINE,Faculty of Oceanic Medicine & Genetics,0.6,0.875,58894.21,-42852.44,203.95,72834.47,323.96,29178.99,0.7919,0.6086,0.05,35000.0,8
4011,Petal,7,ZONE_CLEARANCE_WATERWAY,Faculty of Oceanic Medicine & Genetics,0.6,1.0,60040.06,-41706.6,-842.39,73104.37,325.21,29178.99,0.794,0.6057,0.0516,35000.0,8
4012,Petal,7,ZONE_CLEARANCE_WATERWAY,Faculty of Oceanic Medicine & Genetics,0.6333,-1.0,44801.35,-61419.39,-572.98,76023.03,306.11,34028.62,0.7889,0.6129,0.0459,35000.0,8
4013,Petal,7,ZONE_FACULTY_MEDICINE,Faculty of Oceanic Medicine & Genetics,0.6333,-0.875,45839.98,-60380.76,435.72,75809.89,307.21,34028.62,0.789,0.6127,0.0457,35000.0,8
4014,Petal,7,ZONE_FACULTY_MEDICINE,Faculty of Oceanic Medicine & Genetics,0.6333,-0.75,46878.6,-59342.13,1344.5,75624.68,308.31,34028.62,0.7891,0.6125,0.0456,35000.0,8
4015,Petal,7,ZONE_FACULTY_MEDICINE,Faculty of Oceanic Medicine & Genetics,0.6333,-0.625,47917.23,-58303.5,2153.35,75467.61,309.42,34028.62,0.7892,0.6125,0.0454,35000.0,8
4016,Petal,7,ZONE_FACULTY_MEDICINE,Faculty of Oceanic Medicine & Genetics,0.6333,-0.5,48955.86,-57264.88,2862.29,75338.85,310.53,34028.62,0.7892,0.6124,0.0453,35000.0,8
4017,Petal,7,ZONE_FACULTY_MEDICINE,Faculty of Oceanic Medicine & Genetics,0.6333,-0.375,49994.49,-56226.25,3471.31,75238.55,311.64,34028.62,0.7892,0.6125,0.0451,35000.0,8
4018,Petal,7,ZONE_FACULTY_MEDICINE,Faculty of Oceanic Medicine & Genetics,0.6333,-0.25,51033.11,-55187.62,3980.41,75166.83,312.76,34028.62,0.7892,0.6125,0.045,35000.0,8
4019,Petal,7,ZONE_FACULTY_MEDICINE,Faculty of Oceanic Medicine & Genetics,0.6333,-0.125,52071.74,-54148.99,4389.59,75123.76,313.88,34028.62,0.7891,0.6127,0.0449,35000.0,8
4020,Petal,7,ZONE_FACULTY_MEDICINE,Faculty of Oceanic Medicine & Genetics,0.6333,0.0,53110.37,-53110.37,4698.86,75109.4,315.0,34028.62,0.7878,0.6144,0.044,35000.0,8
4021,Petal,7,ZONE_FACULTY_MEDICINE,Faculty of Oceanic Medicine & Genetics,0.6333,0.125,54148.99,-52071.74,4389.59,75123.76,316.12,34028.62,0.7874,0.6148,0.0439,35000.0,8
4022,Petal,7,ZONE_FACULTY_MEDICINE,Faculty of Oceanic Medicine & Genetics,0.6333,0.25,55187.62,-51033.11,3980.41,75166.83,317.24,34028.62,0.7871,0.6153,0.0438,35000.0,8
4023,Petal,7,ZONE_FACULTY_MEDICINE,Faculty of Oceanic Medicine & Genetics,0.6333,0.375,56226.25,-49994.49,3471.31,75238.55,318.36,34028.62,0.7867,0.6158,0.0437,35000.0,8
4024,Petal,7,ZONE_FACULTY_MEDICINE,Faculty of Oceanic Medicine & Genetics,0.6333,0.5,57264.88,-48955.86,2862.29,75338.85,319.47,34028.62,0.7863,0.6163,0.0435,35000.0,8
4025,Petal,7,ZONE_FACULTY_MEDICINE,Faculty of Oceanic Medicine & Genetics,0.6333,0.625,58303.5,-47917.23,2153.35,75467.61,320.58,34028.62,0.7858,0.6169,0.0434,35000.0,8
4026,Petal,7,ZONE_FACULTY_MEDICINE,Faculty of Oceanic Medicine & Genetics,0.6333,0.75,59342.13,-46878.6,1344.5,75624.68,321.69,34028.62,0.7853,0.6176,0.0433,35000.0,8
4027,Petal,7,ZONE_FACULTY_MEDICINE,Faculty of Oceanic Medicine & Genetics,0.6333,0.875,60380.76,-45839.98,435.72,75809.89,322.79,34028.62,0.7848,0.6183,0.0432,35000.0,8
4028,Petal,7,ZONE_CLEARANCE_WATERWAY,Faculty of Oceanic Medicine & Genetics,0.6333,1.0,61419.39,-44801.35,-572.98,76023.03,323.89,34028.62,0.7865,0.616,0.0444,35000.0,8
4029,Petal,7,ZONE_CLEARANCE_WATERWAY,Faculty of Oceanic Medicine & Genetics,0.6667,-1.0,47905.22,-62789.6,-268.53,78977.49,307.34,38904.04,0.7807,0.6237,0.039,35000.0,8
4030,Petal,7,ZONE_FACULTY_MEDICINE,Faculty of Oceanic Medicine & Genetics,0.6667,-0.875,48835.49,-61859.33,692.34,78812.95,308.29,38904.04,0.7809,0.6234,0.0389,35000.0,8
4031,Petal,7,ZONE_FACULTY_MEDICINE,Faculty of Oceanic Medicine & Genetics,0.6667,-0.75,49765.76,-60929.05,1558.48,78670.07,309.24,38904.04,0.7811,0.6232,0.0387,35000.0,8
4032,Petal,7,ZONE_FACULTY_MEDICINE,Faculty of Oceanic Medicine & Genetics,0.6667,-0.625,50696.04,-59998.78,2329.9,78548.98,310.2,38904.04,0.7812,0.6231,0.0386,35000.0,8
4033,Petal,7,ZONE_FACULTY_MEDICINE,Faculty of Oceanic Medicine & Genetics,0.6667,-0.5,51626.31,-59068.5,3006.6,78449.76,311.15,38904.04,0.7813,0.623,0.0385,35000.0,8
4034,Petal,7,ZONE_FACULTY_MEDICINE,Faculty of Oceanic Medicine & Genetics,0.6667,-0.375,52556.59,-58138.23,3588.58,78372.5,312.11,38904.04,0.7813,0.6229,0.0384,35000.0,8
4035,Petal,7,ZONE_FACULTY_MEDICINE,Faculty of Oceanic Medicine & Genetics,0.6667,-0.25,53486.86,-57207.96,4075.84,78317.27,313.07,38904.04,0.7813,0.6229,0.0383,35000.0,8
4036,Petal,7,ZONE_FACULTY_MEDICINE,Faculty of Oceanic Medicine & Genetics,0.6667,-0.125,54417.13,-56277.68,4468.38,78284.11,314.04,38904.04,0.7813,0.623,0.0382,35000.0,8
4037,Petal,7,ZONE_FACULTY_MEDICINE,Faculty of Oceanic Medicine & Genetics,0.6667,0.0,55347.41,-55347.41,4766.19,78273.05,315.0,38904.04,0.7802,0.6244,0.0376,35000.0,8
4038,Petal,7,ZONE_FACULTY_MEDICINE,Faculty of Oceanic Medicine & Genetics,0.6667,0.125,56277.68,-54417.13,4468.38,78284.11,315.96,38904.04,0.7799,0.6247,0.0375,35000.0,8
4039,Petal,7,ZONE_FACULTY_MEDICINE,Faculty of Oceanic Medicine & Genetics,0.6667,0.25,57207.96,-53486.86,4075.84,78317.27,316.93,38904.04,0.7796,0.6251,0.0374,35000.0,8
4040,Petal,7,ZONE_FACULTY_MEDICINE,Faculty of Oceanic Medicine & Genetics,0.6667,0.375,58138.23,-52556.59,3588.58,78372.5,317.89,38904.04,0.7793,0.6256,0.0373,35000.0,8
4041,Petal,7,ZONE_FACULTY_MEDICINE,Faculty of Oceanic Medicine & Genetics,0.6667,0.5,59068.5,-51626.31,3006.6,78449.76,318.85,38904.04,0.7789,0.6261,0.0372,35000.0,8
4042,Petal,7,ZONE_FACULTY_MEDICINE,Faculty of Oceanic Medicine & Genetics,0.6667,0.625,59998.78,-50696.04,2329.9,78548.98,319.8,38904.04,0.7784,0.6267,0.0371,35000.0,8
4043,Petal,7,ZONE_FACULTY_MEDICINE,Faculty of Oceanic Medicine & Genetics,0.6667,0.75,60929.05,-49765.76,1558.48,78670.07,320.76,38904.04,0.7779,0.6273,0.037,35000.0,8
4044,Petal,7,ZONE_FACULTY_MEDICINE,Faculty of Oceanic Medicine & Genetics,0.6667,0.875,61859.33,-48835.49,692.34,78812.95,321.71,38904.04,0.7774,0.6279,0.0369,35000.0,8
4045,Petal,7,ZONE_CLEARANCE_WATERWAY,Faculty of Oceanic Medicine & Genetics,0.6667,1.0,62789.6,-47905.22,-268.53,78977.49,322.66,38904.04,0.7787,0.6262,0.0378,35000.0,8
4046,Petal,7,ZONE_CLEARANCE_WATERWAY,Faculty of Oceanic Medicine & Genetics,0.7,-1.0,51010.45,-64158.44,69.13,81965.68,308.49,43783.34,0.7722,0.6345,0.0327,35000.0,8
4047,Petal,7,ZONE_FACULTY_MEDICINE,Faculty of Oceanic Medicine & Genetics,0.7,-0.875,51832.2,-63336.69,972.39,81842.01,309.3,43783.34,0.7725,0.6341,0.0327,35000.0,8
4048,Petal,7,ZONE_FACULTY_MEDICINE,Faculty of Oceanic Medicine & Genetics,0.7,-0.75,52653.95,-62514.94,1787.16,81734.67,310.11,43783.34,0.7728,0.6338,0.0326,35000.0,8
4049,Petal,7,ZONE_FACULTY_MEDICINE,Faculty of Oceanic Medicine & Genetics,0.7,-0.625,53475.7,-61693.19,2513.44,81643.74,310.92,43783.34,0.773,0.6335,0.0325,35000.0,8
4050,Petal,7,ZONE_FACULTY_MEDICINE,Faculty of Oceanic Medicine & Genetics,0.7,-0.5,54297.45,-60871.44,3151.24,81569.27,311.73,43783.34,0.7732,0.6333,0.0324,35000.0,8
4051,Petal,7,ZONE_FACULTY_MEDICINE,Faculty of Oceanic Medicine & Genetics,0.7,-0.375,55119.2,-60049.69,3700.55,81511.3,312.55,43783.34,0.7733,0.6332,0.0323,35000.0,8
4052,Petal,7,ZONE_FACULTY_MEDICINE,Faculty of Oceanic Medicine & Genetics,0.7,-0.25,55940.95,-59227.95,4161.38,81469.87,313.37,43783.34,0.7734,0.6331,0.0322,35000.0,8
4053,Petal,7,ZONE_FACULTY_MEDICINE,Faculty of Oceanic Medicine & Genetics,0.7,-0.125,56762.7,-58406.2,4533.72,81445.0,314.18,43783.34,0.7734,0.6331,0.0322,35000.0,8
4054,Petal,7,ZONE_FACULTY_MEDICINE,Faculty of Oceanic Medicine & Genetics,0.7,0.0,57584.45,-57584.45,4817.57,81436.71,315.0,43783.34,0.7726,0.6341,0.0317,35000.0,8
4055,Petal,7,ZONE_FACULTY_MEDICINE,Faculty of Oceanic Medicine & Genetics,0.7,0.125,58406.2,-56762.7,4533.72,81445.0,315.82,43783.34,0.7723,0.6345,0.0316,35000.0,8
4056,Petal,7,ZONE_FACULTY_MEDICINE,Faculty of Oceanic Medicine & Genetics,0.7,0.25,59227.95,-55940.95,4161.38,81469.87,316.63,43783.34,0.772,0.6349,0.0315,35000.0,8
4057,Petal,7,ZONE_FACULTY_MEDICINE,Faculty of Oceanic Medicine & Genetics,0.7,0.375,60049.69,-55119.2,3700.55,81511.3,317.45,43783.34,0.7716,0.6353,0.0314,35000.0,8
4058,Petal,7,ZONE_FACULTY_MEDICINE,Faculty of Oceanic Medicine & Genetics,0.7,0.5,60871.44,-54297.45,3151.24,81569.27,318.27,43783.34,0.7712,0.6358,0.0314,35000.0,8
4059,Petal,7,ZONE_FACULTY_MEDICINE,Faculty of Oceanic Medicine & Genetics,0.7,0.625,61693.19,-53475.7,2513.44,81643.74,319.08,43783.34,0.7708,0.6364,0.0313,35000.0,8
4060,Petal,7,ZONE_FACULTY_MEDICINE,Faculty of Oceanic Medicine & Genetics,0.7,0.75,62514.94,-52653.95,1787.16,81734.67,319.89,43783.34,0.7703,0.637,0.0312,35000.0,8
4061,Petal,7,ZONE_FACULTY_MEDICINE,Faculty of Oceanic Medicine & Genetics,0.7,0.875,63336.69,-51832.2,972.39,81842.01,320.7,43783.34,0.7697,0.6376,0.0312,35000.0,8
4062,Petal,7,ZONE_CLEARANCE_WATERWAY,Faculty of Oceanic Medicine & Genetics,0.7,1.0,64158.44,-51010.45,69.13,81965.68,321.51,43783.34,0.7706,0.6365,0.0319,35000.0,8
4063,Petal,7,ZONE_CLEARANCE_WATERWAY,Faculty of Oceanic Medicine & Genetics,0.7333,-1.0,54109.83,-65533.14,422.8,84985.1,309.55,48646.06,0.763,0.6458,0.0281,35000.0,8
4064,Petal,7,ZONE_FACULTY_MEDICINE,Faculty of Oceanic Medicine & Genetics,0.7333,-0.875,54823.79,-64819.19,1230.47,84895.08,310.22,48646.06,0.7636,0.645,0.028,35000.0,8
4065,Petal,7,ZONE_FACULTY_MEDICINE,Faculty of Oceanic Medicine & Genetics,0.7333,-0.75,55537.75,-64105.23,1959.64,84816.99,310.9,48646.06,0.7642,0.6444,0.0279,35000.0,8
4066,Petal,7,ZONE_FACULTY_MEDICINE,Faculty of Oceanic Medicine & Genetics,0.7333,-0.625,56251.7,-63391.27,2610.33,84750.86,311.58,48646.06,0.7647,0.6438,0.0279,35000.0,8
4067,Petal,7,ZONE_FACULTY_MEDICINE,Faculty of Oceanic Medicine & Genetics,0.7333,-0.5,56965.66,-62677.32,3182.51,84696.71,312.27,48646.06,0.765,0.6434,0.0278,35000.0,8
4068,Petal,7,ZONE_FACULTY_MEDICINE,Faculty of Oceanic Medicine & Genetics,0.7333,-0.375,57679.62,-61963.36,3676.21,84654.57,312.95,48646.06,0.7654,0.643,0.0278,35000.0,8
4069,Petal,7,ZONE_FACULTY_MEDICINE,Faculty of Oceanic Medicine & Genetics,0.7333,-0.25,58393.57,-61249.4,4091.41,84624.46,313.63,48646.06,0.7656,0.6427,0.0277,35000.0,8
4070,Petal,7,ZONE_FACULTY_MEDICINE,Faculty of Oceanic Medicine & Genetics,0.7333,-0.125,59107.53,-60535.44,4428.12,84606.38,314.32,48646.06,0.7658,0.6425,0.0276,35000.0,8
4071,Petal,7,ZONE_FACULTY_MEDICINE,Faculty of Oceanic Medicine & Genetics,0.7333,0.0,59821.49,-59821.49,4686.33,84600.36,315.0,48646.06,0.7652,0.6432,0.0272,35000.0,8
4072,Petal,7,ZONE_FACULTY_MEDICINE,Faculty of Oceanic Medicine & Genetics,0.7333,0.125,60535.44,-59107.53,4428.12,84606.38,315.68,48646.06,0.7649,0.6436,0.0272,35000.0,8
4073,Petal,7,ZONE_FACULTY_MEDICINE,Faculty of Oceanic Medicine & Genetics,0.7333,0.25,61249.4,-58393.57,4091.41,84624.46,316.37,48646.06,0.7645,0.6441,0.0271,35000.0,8
4074,Petal,7,ZONE_FACULTY_MEDICINE,Faculty of Oceanic Medicine & Genetics,0.7333,0.375,61963.36,-57679.62,3676.21,84654.57,317.05,48646.06,0.764,0.6446,0.0271,35000.0,8
4075,Petal,7,ZONE_FACULTY_MEDICINE,Faculty of Oceanic Medicine & Genetics,0.7333,0.5,62677.32,-56965.66,3182.51,84696.71,317.73,48646.06,0.7635,0.6453,0.027,35000.0,8
4076,Petal,7,ZONE_FACULTY_MEDICINE,Faculty of Oceanic Medicine & Genetics,0.7333,0.625,63391.27,-56251.7,2610.33,84750.86,318.42,48646.06,0.7629,0.646,0.027,35000.0,8
4077,Petal,7,ZONE_FACULTY_MEDICINE,Faculty of Oceanic Medicine & Genetics,0.7333,0.75,64105.23,-55537.75,1959.64,84816.99,319.1,48646.06,0.7622,0.6468,0.0269,35000.0,8
4078,Petal,7,ZONE_FACULTY_MEDICINE,Faculty of Oceanic Medicine & Genetics,0.7333,0.875,64819.19,-54823.79,1230.47,84895.08,319.78,48646.06,0.7614,0.6477,0.0269,35000.0,8
4079,Petal,7,ZONE_CLEARANCE_WATERWAY,Faculty of Oceanic Medicine & Genetics,0.7333,1.0,65533.14,-54109.83,422.8,84985.1,320.45,48646.06,0.7618,0.6472,0.0274,35000.0,8
4080,Petal,7,ZONE_CLEARANCE_WATERWAY,Faculty of Oceanic Medicine & Genetics,0.7667,-1.0,57196.46,-66920.6,729.61,88032.96,310.52,53472.72,0.7544,0.656,0.0252,35000.0,8
4081,Petal,7,ZONE_FACULTY_MEDICINE,Faculty of Oceanic Medicine & Genetics,0.7667,-0.875,57804.22,-66312.84,1394.3,87970.0,311.08,53472.72,0.7551,0.6551,0.0252,35000.0,8
4082,Petal,7,ZONE_FACULTY_MEDICINE,Faculty of Oceanic Medicine & Genetics,0.7667,-0.75,58411.98,-65705.08,1995.05,87915.39,311.64,53472.72,0.7558,0.6544,0.0251,35000.0,8
4083,Petal,7,ZONE_FACULTY_MEDICINE,Faculty of Oceanic Medicine & Genetics,0.7667,-0.625,59019.74,-65097.32,2531.84,87869.17,312.2,53472.72,0.7563,0.6537,0.0251,35000.0,8
4084,Petal,7,ZONE_FACULTY_MEDICINE,Faculty of Oceanic Medicine & Genetics,0.7667,-0.5,59627.49,-64489.56,3004.68,87831.33,312.76,53472.72,0.7568,0.6531,0.025,35000.0,8
4085,Petal,7,ZONE_FACULTY_MEDICINE,Faculty of Oceanic Medicine & Genetics,0.7667,-0.375,60235.25,-63881.8,3413.57,87801.88,313.32,53472.72,0.7572,0.6527,0.025,35000.0,8
4086,Petal,7,ZONE_FACULTY_MEDICINE,Faculty of Oceanic Medicine & Genetics,0.7667,-0.25,60843.01,-63274.05,3758.51,87780.85,313.88,53472.72,0.7575,0.6523,0.0249,35000.0,8
4087,Petal,7,ZONE_FACULTY_MEDICINE,Faculty of Oceanic Medicine & Genetics,0.7667,-0.125,61450.77,-62666.29,4039.5,87768.22,314.44,53472.72,0.7578,0.652,0.0249,35000.0,8
4088,Petal,7,ZONE_FACULTY_MEDICINE,Faculty of Oceanic Medicine & Genetics,0.7667,0.0,62058.53,-62058.53,4256.54,87764.01,315.0,53472.72,0.7574,0.6525,0.0246,35000.0,8
4089,Petal,7,ZONE_FACULTY_MEDICINE,Faculty of Oceanic Medicine & Genetics,0.7667,0.125,62666.29,-61450.77,4039.5,87768.22,315.56,53472.72,0.7571,0.6528,0.0245,35000.0,8
4090,Petal,7,ZONE_FACULTY_MEDICINE,Faculty of Oceanic Medicine & Genetics,0.7667,0.25,63274.05,-60843.01,3758.51,87780.85,316.12,53472.72,0.7567,0.6533,0.0245,35000.0,8
4091,Petal,7,ZONE_FACULTY_MEDICINE,Faculty of Oceanic Medicine & Genetics,0.7667,0.375,63881.8,-60235.25,3413.57,87801.88,316.68,53472.72,0.7562,0.6539,0.0244,35000.0,8
4092,Petal,7,ZONE_FACULTY_MEDICINE,Faculty of Oceanic Medicine & Genetics,0.7667,0.5,64489.56,-59627.49,3004.68,87831.33,317.24,53472.72,0.7556,0.6545,0.0244,35000.0,8
4093,Petal,7,ZONE_FACULTY_MEDICINE,Faculty of Oceanic Medicine & Genetics,0.7667,0.625,65097.32,-59019.74,2531.84,87869.17,317.8,53472.72,0.755,0.6553,0.0243,35000.0,8
4094,Petal,7,ZONE_FACULTY_MEDICINE,Faculty of Oceanic Medicine & Genetics,0.7667,0.75,65705.08,-58411.98,1995.05,87915.39,318.36,53472.72,0.7543,0.6561,0.0243,35000.0,8
4095,Petal,7,ZONE_FACULTY_MEDICINE,Faculty of Oceanic Medicine & Genetics,0.7667,0.875,66312.84,-57804.22,1394.3,87970.0,318.92,53472.72,0.7535,0.657,0.0243,35000.0,8
4096,Petal,7,ZONE_CLEARANCE_WATERWAY,Faculty of Oceanic Medicine & Genetics,0.7667,1.0,66920.6,-57196.46,729.61,88032.96,319.48,53472.72,0.7534,0.657,0.0247,35000.0,8
4097,Petal,7,ZONE_CLEARANCE_WATERWAY,Faculty of Oceanic Medicine & Genetics,0.8,-1.0,60263.61,-68327.52,931.72,91106.28,311.41,58244.3,0.7461,0.6654,0.0236,35000.0,8
4098,Petal,7,ZONE_FACULTY_MEDICINE,Faculty of Oceanic Medicine & Genetics,0.8,-0.875,60767.61,-67823.53,1433.09,91064.45,311.86,58244.3,0.7469,0.6646,0.0235,35000.0,8
4099,Petal,7,ZONE_FACULTY_MEDICINE,Faculty of Oceanic Medicine & Genetics,0.8,-0.75,61271.6,-67319.53,1886.84,91028.18,312.31,58244.3,0.7475,0.6638,0.0235,35000.0,8
4100,Petal,7,ZONE_FACULTY_MEDICINE,Faculty of Oceanic Medicine & Genetics,0.8,-0.625,61775.6,-66815.54,2292.97,90997.48,312.76,58244.3,0.7481,0.6631,0.0235,35000.0,8
4101,Petal,7,ZONE_FACULTY_MEDICINE,Faculty of Oceanic Medicine & Genetics,0.8,-0.5,62279.59,-66311.55,2651.47,90972.35,313.2,58244.3,0.7486,0.6626,0.0234,35000.0,8
4102,Petal,7,ZONE_FACULTY_MEDICINE,Faculty of Oceanic Medicine & Genetics,0.8,-0.375,62783.59,-65807.55,2962.36,90952.8,313.65,58244.3,0.749,0.6621,0.0234,35000.0,8
4103,Petal,7,ZONE_FACULTY_MEDICINE,Faculty of Oceanic Medicine & Genetics,0.8,-0.25,63287.58,-65303.56,3225.62,90938.84,314.1,58244.3,0.7494,0.6617,0.0234,35000.0,8
4104,Petal,7,ZONE_FACULTY_MEDICINE,Faculty of Oceanic Medicine & Genetics,0.8,-0.125,63791.57,-64799.56,3441.26,90930.46,314.55,58244.3,0.7497,0.6614,0.0233,35000.0,8
4105,Petal,7,ZONE_FACULTY_MEDICINE,Faculty of Oceanic Medicine & Genetics,0.8,0.0,64295.57,-64295.57,3609.28,90927.66,315.0,58244.3,0.7495,0.6617,0.0231,35000.0,8
4106,Petal,7,ZONE_FACULTY_MEDICINE,Faculty of Oceanic Medicine & Genetics,0.8,0.125,64799.56,-63791.57,3441.26,90930.46,315.45,58244.3,0.7491,0.662,0.023,35000.0,8
4107,Petal,7,ZONE_FACULTY_MEDICINE,Faculty of Oceanic Medicine & Genetics,0.8,0.25,65303.56,-63287.58,3225.62,90938.84,315.9,58244.3,0.7488,0.6624,0.023,35000.0,8
4108,Petal,7,ZONE_FACULTY_MEDICINE,Faculty of Oceanic Medicine & Genetics,0.8,0.375,65807.55,-62783.59,2962.36,90952.8,316.35,58244.3,0.7483,0.663,0.023,35000.0,8
4109,Petal,7,ZONE_FACULTY_MEDICINE,Faculty of Oceanic Medicine & Genetics,0.8,0.5,66311.55,-62279.59,2651.47,90972.35,316.8,58244.3,0.7478,0.6636,0.0229,35000.0,8
4110,Petal,7,ZONE_FACULTY_MEDICINE,Faculty of Oceanic Medicine & Genetics,0.8,0.625,66815.54,-61775.6,2292.97,90997.48,317.24,58244.3,0.7472,0.6643,0.0229,35000.0,8
4111,Petal,7,ZONE_FACULTY_MEDICINE,Faculty of Oceanic Medicine & Genetics,0.8,0.75,67319.53,-61271.6,1886.84,91028.18,317.69,58244.3,0.7465,0.665,0.0229,35000.0,8
4112,Petal,7,ZONE_FACULTY_MEDICINE,Faculty of Oceanic Medicine & Genetics,0.8,0.875,67823.53,-60767.61,1433.09,91064.45,318.14,58244.3,0.7457,0.6659,0.0228,35000.0,8
4113,Petal,7,ZONE_CLEARANCE_WATERWAY,Faculty of Oceanic Medicine & Genetics,0.8,1.0,68327.52,-60263.61,931.72,91106.28,318.59,58244.3,0.7455,0.6661,0.0232,35000.0,8
4114,Petal,7,ZONE_CLEARANCE_WATERWAY,Faculty of Oceanic Medicine & Genetics,0.8333,-1.0,63304.47,-69760.74,992.95,94202.01,312.22,62941.5,0.7383,0.6741,0.023,35000.0,8
4115,Petal,7,ZONE_FACULTY_MEDICINE,Faculty of Oceanic Medicine & Genetics,0.8333,-0.875,63707.99,-69357.23,1334.24,94176.07,312.57,62941.5,0.7389,0.6734,0.0229,35000.0,8
4116,Petal,7,ZONE_FACULTY_MEDICINE,Faculty of Oceanic Medicine & Genetics,0.8333,-0.75,64111.51,-68953.71,1643.64,94153.6,312.92,62941.5,0.7395,0.6727,0.0229,35000.0,8
4117,Petal,7,ZONE_FACULTY_MEDICINE,Faculty of Oceanic Medicine & Genetics,0.8333,-0.625,64515.02,-68550.19,1921.17,94134.57,313.26,62941.5,0.7401,0.6721,0.0229,35000.0,8
4118,Petal,7,ZONE_FACULTY_MEDICINE,Faculty of Oceanic Medicine & Genetics,0.8333,-0.5,64918.54,-68146.68,2166.81,94119.0,313.61,62941.5,0.7406,0.6716,0.0229,35000.0,8
4119,Petal,7,ZONE_FACULTY_MEDICINE,Faculty of Oceanic Medicine & Genetics,0.8333,-0.375,65322.06,-67743.16,2380.56,94106.89,313.96,62941.5,0.741,0.6712,0.0228,35000.0,8
4120,Petal,7,ZONE_FACULTY_MEDICINE,Faculty of Oceanic Medicine & Genetics,0.8333,-0.25,65725.57,-67339.64,2562.44,94098.24,314.31,62941.5,0.7413,0.6708,0.0228,35000.0,8
4121,Petal,7,ZONE_FACULTY_MEDICINE,Faculty of Oceanic Medicine & Genetics,0.8333,-0.125,66129.09,-66936.13,2712.43,94093.05,314.65,62941.5,0.7415,0.6705,0.0228,35000.0,8
4122,Petal,7,ZONE_FACULTY_MEDICINE,Faculty of Oceanic Medicine & Genetics,0.8333,0.0,66532.61,-66532.61,2830.55,94091.32,315.0,62941.5,0.7415,0.6706,0.0225,35000.0,8
4123,Petal,7,ZONE_FACULTY_MEDICINE,Faculty of Oceanic Medicine & Genetics,0.8333,0.125,66936.13,-66129.09,2712.43,94093.05,315.35,62941.5,0.7412,0.6709,0.0225,35000.0,8
4124,Petal,7,ZONE_FACULTY_MEDICINE,Faculty of Oceanic Medicine & Genetics,0.8333,0.25,67339.64,-65725.57,2562.44,94098.24,315.69,62941.5,0.7408,0.6713,0.0225,35000.0,8
4125,Petal,7,ZONE_FACULTY_MEDICINE,Faculty of Oceanic Medicine & Genetics,0.8333,0.375,67743.16,-65322.06,2380.56,94106.89,316.04,62941.5,0.7404,0.6717,0.0225,35000.0,8
4126,Petal,7,ZONE_FACULTY_MEDICINE,Faculty of Oceanic Medicine & Genetics,0.8333,0.5,68146.68,-64918.54,2166.81,94119.0,316.39,62941.5,0.74,0.6723,0.0224,35000.0,8
4127,Petal,7,ZONE_FACULTY_MEDICINE,Faculty of Oceanic Medicine & Genetics,0.8333,0.625,68550.19,-64515.02,1921.17,94134.57,316.74,62941.5,0.7394,0.6729,0.0224,35000.0,8
4128,Petal,7,ZONE_FACULTY_MEDICINE,Faculty of Oceanic Medicine & Genetics,0.8333,0.75,68953.71,-64111.51,1643.64,94153.6,317.08,62941.5,0.7388,0.6735,0.0224,35000.0,8
4129,Petal,7,ZONE_FACULTY_MEDICINE,Faculty of Oceanic Medicine & Genetics,0.8333,0.875,69357.23,-63707.99,1334.24,94176.07,317.43,62941.5,0.7382,0.6743,0.0224,35000.0,8
4130,Petal,7,ZONE_CLEARANCE_WATERWAY,Faculty of Oceanic Medicine & Genetics,0.8333,1.0,69760.74,-63304.47,992.95,94202.01,317.78,62941.5,0.7378,0.6746,0.0226,35000.0,8
4131,Petal,7,ZONE_CLEARANCE_WATERWAY,Faculty of Oceanic Medicine & Genetics,0.8667,-1.0,66311.7,-71227.6,903.97,97317.07,312.95,67543.58,0.7308,0.6822,0.0235,35000.0,8
4132,Petal,7,ZONE_HARBOR_BERTH,Faculty of Oceanic Medicine & Genetics,0.8667,-0.875,66618.94,-70920.35,1107.01,97302.52,313.21,67543.58,0.7313,0.6816,0.0234,35000.0,8
4133,Petal,7,ZONE_HARBOR_BERTH,Faculty of Oceanic Medicine & Genetics,0.8667,-0.75,66926.19,-70613.11,1291.5,97289.91,313.46,67543.58,0.7319,0.6811,0.0234,35000.0,8
4134,Petal,7,ZONE_HARBOR_BERTH,Faculty of Oceanic Medicine & Genetics,0.8667,-0.625,67233.43,-70305.87,1457.44,97279.23,313.72,67543.58,0.7323,0.6806,0.0234,35000.0,8
4135,Petal,7,ZONE_HARBOR_BERTH,Faculty of Oceanic Medicine & Genetics,0.8667,-0.5,67540.67,-69998.62,1604.83,97270.5,313.98,67543.58,0.7327,0.6801,0.0234,35000.0,8
4136,Petal,7,ZONE_HARBOR_BERTH,Faculty of Oceanic Medicine & Genetics,0.8667,-0.375,67847.92,-69691.38,1733.66,97263.71,314.23,67543.58,0.733,0.6798,0.0233,35000.0,8
4137,Petal,7,ZONE_HARBOR_BERTH,Faculty of Oceanic Medicine & Genetics,0.8667,-0.25,68155.16,-69384.14,1843.94,97258.85,314.49,67543.58,0.7333,0.6795,0.0233,35000.0,8
4138,Petal,7,ZONE_HARBOR_BERTH,Faculty of Oceanic Medicine & Genetics,0.8667,-0.125,68462.41,-69076.89,1935.68,97255.94,314.74,67543.58,0.7336,0.6792,0.0233,35000.0,8
4139,Petal,7,ZONE_HARBOR_BERTH,Faculty of Oceanic Medicine & Genetics,0.8667,0.0,68769.65,-68769.65,2008.86,97254.97,315.0,67543.58,0.7335,0.6792,0.0231,35000.0,8
4140,Petal,7,ZONE_HARBOR_BERTH,Faculty of Oceanic Medicine & Genetics,0.8667,0.125,69076.89,-68462.41,1935.68,97255.94,315.26,67543.58,0.7333,0.6795,0.0231,35000.0,8
4141,Petal,7,ZONE_HARBOR_BERTH,Faculty of Oceanic Medicine & Genetics,0.8667,0.25,69384.14,-68155.16,1843.94,97258.85,315.51,67543.58,0.7331,0.6798,0.0231,35000.0,8
4142,Petal,7,ZONE_HARBOR_BERTH,Faculty of Oceanic Medicine & Genetics,0.8667,0.375,69691.38,-67847.92,1733.66,97263.71,315.77,67543.58,0.7327,0.6801,0.023,35000.0,8
4143,Petal,7,ZONE_HARBOR_BERTH,Faculty of Oceanic Medicine & Genetics,0.8667,0.5,69998.62,-67540.67,1604.83,97270.5,316.02,67543.58,0.7323,0.6805,0.023,35000.0,8
4144,Petal,7,ZONE_HARBOR_BERTH,Faculty of Oceanic Medicine & Genetics,0.8667,0.625,70305.87,-67233.43,1457.44,97279.23,316.28,67543.58,0.7319,0.681,0.023,35000.0,8
4145,Petal,7,ZONE_HARBOR_BERTH,Faculty of Oceanic Medicine & Genetics,0.8667,0.75,70613.11,-66926.19,1291.5,97289.91,316.54,67543.58,0.7314,0.6816,0.023,35000.0,8
4146,Petal,7,ZONE_HARBOR_BERTH,Faculty of Oceanic Medicine & Genetics,0.8667,0.875,70920.35,-66618.94,1107.01,97302.52,316.79,67543.58,0.7309,0.6821,0.023,35000.0,8
4147,Petal,7,ZONE_CLEARANCE_WATERWAY,Faculty of Oceanic Medicine & Genetics,0.8667,1.0,71227.6,-66311.7,903.97,97317.07,317.05,67543.58,0.7305,0.6825,0.0232,35000.0,8
4148,Petal,7,ZONE_CLEARANCE_WATERWAY,Faculty of Oceanic Medicine & Genetics,0.9,-1.0,69276.67,-72736.71,686.49,100448.42,313.6,72026.13,0.7237,0.6896,0.0255,35000.0,8
4149,Petal,7,ZONE_HARBOR_BERTH,Faculty of Oceanic Medicine & Genetics,0.9,-0.875,69492.92,-72520.46,785.44,100441.44,313.78,72026.13,0.7241,0.6892,0.0255,35000.0,8
4150,Petal,7,ZONE_HARBOR_BERTH,Faculty of Oceanic Medicine & Genetics,0.9,-0.75,69709.17,-72304.21,875.63,100435.39,313.95,72026.13,0.7245,0.6888,0.0255,35000.0,8
4151,Petal,7,ZONE_HARBOR_BERTH,Faculty of Oceanic Medicine & Genetics,0.9,-0.625,69925.43,-72087.95,957.06,100430.26,314.13,72026.13,0.7249,0.6884,0.0254,35000.0,8
4152,Petal,7,ZONE_HARBOR_BERTH,Faculty of Oceanic Medicine & Genetics,0.9,-0.5,70141.68,-71871.7,1029.72,100426.07,314.3,72026.13,0.7252,0.6881,0.0254,35000.0,8
4153,Petal,7,ZONE_HARBOR_BERTH,Faculty of Oceanic Medicine & Genetics,0.9,-0.375,70357.93,-71655.45,1093.62,100422.81,314.48,72026.13,0.7254,0.6878,0.0254,35000.0,8
4154,Petal,7,ZONE_HARBOR_BERTH,Faculty of Oceanic Medicine & Genetics,0.9,-0.25,70574.18,-71439.19,1148.76,100420.49,314.65,72026.13,0.7256,0.6876,0.0254,35000.0,8
4155,Petal,7,ZONE_HARBOR_BERTH,Faculty of Oceanic Medicine & Genetics,0.9,-0.125,70790.44,-71222.94,1195.14,100419.09,314.83,72026.13,0.7258,0.6874,0.0254,35000.0,8
4156,Petal,7,ZONE_HARBOR_BERTH,Faculty of Oceanic Medicine & Genetics,0.9,0.0,71006.69,-71006.69,1232.75,100418.62,315.0,72026.13,0.7259,0.6874,0.0252,35000.0,8
4157,Petal,7,ZONE_HARBOR_BERTH,Faculty of Oceanic Medicine & Genetics,0.9,0.125,71222.94,-70790.44,1195.14,100419.09,315.17,72026.13,0.7257,0.6875,0.0252,35000.0,8
4158,Petal,7,ZONE_HARBOR_BERTH,Faculty of Oceanic Medicine & Genetics,0.9,0.25,71439.19,-70574.18,1148.76,100420.49,315.35,72026.13,0.7255,0.6878,0.0252,35000.0,8
4159,Petal,7,ZONE_HARBOR_BERTH,Faculty of Oceanic Medicine & Genetics,0.9,0.375,71655.45,-70357.93,1093.62,100422.81,315.52,72026.13,0.7252,0.688,0.0252,35000.0,8
4160,Petal,7,ZONE_HARBOR_BERTH,Faculty of Oceanic Medicine & Genetics,0.9,0.5,71871.7,-70141.68,1029.72,100426.07,315.7,72026.13,0.725,0.6883,0.0251,35000.0,8
4161,Petal,7,ZONE_HARBOR_BERTH,Faculty of Oceanic Medicine & Genetics,0.9,0.625,72087.95,-69925.43,957.06,100430.26,315.87,72026.13,0.7246,0.6887,0.0251,35000.0,8
4162,Petal,7,ZONE_HARBOR_BERTH,Faculty of Oceanic Medicine & Genetics,0.9,0.75,72304.21,-69709.17,875.63,100435.39,316.05,72026.13,0.7243,0.6891,0.0251,35000.0,8
4163,Petal,7,ZONE_HARBOR_BERTH,Faculty of Oceanic Medicine & Genetics,0.9,0.875,72520.46,-69492.92,785.44,100441.44,316.22,72026.13,0.7239,0.6895,0.0251,35000.0,8
4164,Petal,7,ZONE_CLEARANCE_WATERWAY,Faculty of Oceanic Medicine & Genetics,0.9,1.0,72736.71,-69276.67,686.49,100448.42,316.4,72026.13,0.7236,0.6898,0.0253,35000.0,8
4165,Petal,7,ZONE_CLEARANCE_WATERWAY,Faculty of Oceanic Medicine & Genetics,0.9333,-1.0,72187.72,-74299.74,396.26,103593.04,314.17,76356.19,0.7171,0.6963,0.0308,35000.0,8
4166,Petal,7,ZONE_HARBOR_BERTH,Faculty of Oceanic Medicine & Genetics,0.9333,-0.875,72319.72,-74167.74,430.28,103590.52,314.28,76356.19,0.7174,0.696,0.0307,35000.0,8
4167,Petal,7,ZONE_HARBOR_BERTH,Faculty of Oceanic Medicine & Genetics,0.9333,-0.75,72451.72,-74035.74,461.44,103588.33,314.38,76356.19,0.7176,0.6958,0.0307,35000.0,8
4168,Petal,7,ZONE_HARBOR_BERTH,Faculty of Oceanic Medicine & Genetics,0.9333,-0.625,72583.72,-73903.74,489.73,103586.48,314.48,76356.19,0.7178,0.6955,0.0307,35000.0,8
4169,Petal,7,ZONE_HARBOR_BERTH,Faculty of Oceanic Medicine & Genetics,0.9333,-0.5,72715.73,-73771.73,515.14,103584.97,314.59,76356.19,0.718,0.6953,0.0307,35000.0,8
4170,Petal,7,ZONE_HARBOR_BERTH,Faculty of Oceanic Medicine & Genetics,0.9333,-0.375,72847.73,-73639.73,537.69,103583.79,314.69,76356.19,0.7182,0.6952,0.0307,35000.0,8
4171,Petal,7,ZONE_HARBOR_BERTH,Faculty of Oceanic Medicine & Genetics,0.9333,-0.25,72979.73,-73507.73,557.37,103582.95,314.79,76356.19,0.7183,0.695,0.0307,35000.0,8
4172,Petal,7,ZONE_HARBOR_BERTH,Faculty of Oceanic Medicine & Genetics,0.9333,-0.125,73111.73,-73375.73,574.18,103582.44,314.9,76356.19,0.7185,0.6949,0.0307,35000.0,8
4173,Petal,7,ZONE_HARBOR_BERTH,Faculty of Oceanic Medicine & Genetics,0.9333,0.0,73243.73,-73243.73,588.11,103582.28,315.0,76356.19,0.7185,0.6948,0.0305,35000.0,8
4174,Petal,7,ZONE_HARBOR_BERTH,Faculty of Oceanic Medicine & Genetics,0.9333,0.125,73375.73,-73111.73,574.18,103582.44,315.1,76356.19,0.7184,0.695,0.0305,35000.0,8
4175,Petal,7,ZONE_HARBOR_BERTH,Faculty of Oceanic Medicine & Genetics,0.9333,0.25,73507.73,-72979.73,557.37,103582.95,315.21,76356.19,0.7183,0.6951,0.0305,35000.0,8
4176,Petal,7,ZONE_HARBOR_BERTH,Faculty of Oceanic Medicine & Genetics,0.9333,0.375,73639.73,-72847.73,537.69,103583.79,315.31,76356.19,0.7181,0.6953,0.0305,35000.0,8
4177,Petal,7,ZONE_HARBOR_BERTH,Faculty of Oceanic Medicine & Genetics,0.9333,0.5,73771.73,-72715.73,515.14,103584.97,315.41,76356.19,0.7179,0.6954,0.0305,35000.0,8
4178,Petal,7,ZONE_HARBOR_BERTH,Faculty of Oceanic Medicine & Genetics,0.9333,0.625,73903.74,-72583.72,489.73,103586.48,315.52,76356.19,0.7177,0.6956,0.0304,35000.0,8
4179,Petal,7,ZONE_HARBOR_BERTH,Faculty of Oceanic Medicine & Genetics,0.9333,0.75,74035.74,-72451.72,461.44,103588.33,315.62,76356.19,0.7175,0.6959,0.0304,35000.0,8
4180,Petal,7,ZONE_HARBOR_BERTH,Faculty of Oceanic Medicine & Genetics,0.9333,0.875,74167.74,-72319.72,430.28,103590.52,315.72,76356.19,0.7173,0.6961,0.0304,35000.0,8
4181,Petal,7,ZONE_CLEARANCE_WATERWAY,Faculty of Oceanic Medicine & Genetics,0.9333,1.0,74299.74,-72187.72,396.26,103593.04,315.83,76356.19,0.717,0.6964,0.0306,35000.0,8
4182,Petal,7,ZONE_CLEARANCE_WATERWAY,Faculty of Oceanic Medicine & Genetics,0.9667,-1.0,75024.83,-75936.7,124.82,106747.88,314.65,80477.11,0.7108,0.7018,0.047,35000.0,8
4183,Petal,7,ZONE_HARBOR_BERTH,Faculty of Oceanic Medicine & Genetics,0.9667,-0.875,75081.83,-75879.71,129.94,106747.42,314.7,80477.11,0.7109,0.7017,0.047,35000.0,8
4184,Petal,7,ZONE_HARBOR_BERTH,Faculty of Oceanic Medicine & Genetics,0.9667,-0.75,75138.82,-75822.72,134.66,106747.02,314.74,80477.11,0.711,0.7016,0.047,35000.0,8
4185,Petal,7,ZONE_HARBOR_BERTH,Faculty of Oceanic Medicine & Genetics,0.9667,-0.625,75195.81,-75765.73,138.99,106746.69,314.78,80477.11,0.7111,0.7015,0.047,35000.0,8
4186,Petal,7,ZONE_HARBOR_BERTH,Faculty of Oceanic Medicine & Genetics,0.9667,-0.5,75252.8,-75708.74,142.93,106746.42,314.83,80477.11,0.7112,0.7014,0.047,35000.0,8
4187,Petal,7,ZONE_HARBOR_BERTH,Faculty of Oceanic Medicine & Genetics,0.9667,-0.375,75309.79,-75651.75,146.47,106746.2,314.87,80477.11,0.7113,0.7013,0.047,35000.0,8
4188,Petal,7,ZONE_HARBOR_BERTH,Faculty of Oceanic Medicine & Genetics,0.9667,-0.25,75366.79,-75594.75,149.62,106746.05,314.91,80477.11,0.7114,0.7012,0.047,35000.0,8
4189,Petal,7,ZONE_HARBOR_BERTH,Faculty of Oceanic Medicine & Genetics,0.9667,-0.125,75423.78,-75537.76,152.38,106745.96,314.96,80477.11,0.7114,0.7012,0.047,35000.0,8
4190,Petal,7,ZONE_HARBOR_BERTH,Faculty of Oceanic Medicine & Genetics,0.9667,0.0,75480.77,-75480.77,154.75,106745.93,315.0,80477.11,0.7115,0.7012,0.0468,35000.0,8
4191,Petal,7,ZONE_HARBOR_BERTH,Faculty of Oceanic Medicine & Genetics,0.9667,0.125,75537.76,-75423.78,152.38,106745.96,315.04,80477.11,0.7114,0.7012,0.0468,35000.0,8
4192,Petal,7,ZONE_HARBOR_BERTH,Faculty of Oceanic Medicine & Genetics,0.9667,0.25,75594.75,-75366.79,149.62,106746.05,315.09,80477.11,0.7114,0.7013,0.0468,35000.0,8
4193,Petal,7,ZONE_HARBOR_BERTH,Faculty of Oceanic Medicine & Genetics,0.9667,0.375,75651.75,-75309.79,146.47,106746.2,315.13,80477.11,0.7113,0.7013,0.0468,35000.0,8
4194,Petal,7,ZONE_HARBOR_BERTH,Faculty of Oceanic Medicine & Genetics,0.9667,0.5,75708.74,-75252.8,142.93,106746.42,315.17,80477.11,0.7112,0.7014,0.0468,35000.0,8
4195,Petal,7,ZONE_HARBOR_BERTH,Faculty of Oceanic Medicine & Genetics,0.9667,0.625,75765.73,-75195.81,138.99,106746.69,315.22,80477.11,0.7111,0.7015,0.0468,35000.0,8
4196,Petal,7,ZONE_HARBOR_BERTH,Faculty of Oceanic Medicine & Genetics,0.9667,0.75,75822.72,-75138.82,134.66,106747.02,315.26,80477.11,0.711,0.7016,0.0468,35000.0,8
4197,Petal,7,ZONE_HARBOR_BERTH,Faculty of Oceanic Medicine & Genetics,0.9667,0.875,75879.71,-75081.83,129.94,106747.42,315.3,80477.11,0.7109,0.7017,0.0468,35000.0,8
4198,Petal,7,ZONE_CLEARANCE_WATERWAY,Faculty of Oceanic Medicine & Genetics,0.9667,1.0,75936.7,-75024.83,124.82,106747.88,315.35,80477.11,0.7108,0.7018,0.0469,35000.0,8
4199,Petal,7,ZONE_CLEARANCE_WATERWAY,Faculty of Oceanic Medicine & Genetics,1.0,-1.0,77717.81,-77717.81,0.0,109909.58,315.0,84190.36,0.0,-0.0,1.0,35000.0,8
4200,Petal,7,ZONE_HARBOR_BERTH,Faculty of Oceanic Medicine & Genetics,1.0,-0.875,77717.81,-77717.81,0.0,109909.58,315.0,84190.36,-0.0,0.0,1.0,35000.0,8
4201,Petal,7,ZONE_HARBOR_BERTH,Faculty of Oceanic Medicine & Genetics,1.0,-0.75,77717.81,-77717.81,0.0,109909.58,315.0,84190.36,-0.0,0.0,1.0,35000.0,8
4202,Petal,7,ZONE_HARBOR_BERTH,Faculty of Oceanic Medicine & Genetics,1.0,-0.625,77717.81,-77717.81,0.0,109909.58,315.0,84190.36,-0.0,0.0,1.0,35000.0,8
4203,Petal,7,ZONE_HARBOR_BERTH,Faculty of Oceanic Medicine & Genetics,1.0,-0.5,77717.81,-77717.81,0.0,109909.58,315.0,84190.36,-0.0,0.0,1.0,35000.0,8
4204,Petal,7,ZONE_HARBOR_BERTH,Faculty of Oceanic Medicine & Genetics,1.0,-0.375,77717.81,-77717.81,0.0,109909.58,315.0,84190.36,-0.0,0.0,1.0,35000.0,8
4205,Petal,7,ZONE_HARBOR_BERTH,Faculty of Oceanic Medicine & Genetics,1.0,-0.25,77717.81,-77717.81,0.0,109909.58,315.0,84190.36,-0.0,0.0,1.0,35000.0,8
4206,Petal,7,ZONE_HARBOR_BERTH,Faculty of Oceanic Medicine & Genetics,1.0,-0.125,77717.81,-77717.81,0.0,109909.58,315.0,84190.36,-0.0,0.0,1.0,35000.0,8
4207,Petal,7,ZONE_HARBOR_BERTH,Faculty of Oceanic Medicine & Genetics,1.0,0.0,77717.81,-77717.81,0.0,109909.58,315.0,84190.36,-0.0,0.0,1.0,35000.0,8
4208,Petal,7,ZONE_HARBOR_BERTH,Faculty of Oceanic Medicine & Genetics,1.0,0.125,77717.81,-77717.81,0.0,109909.58,315.0,84190.36,-0.0,0.0,1.0,35000.0,8
4209,Petal,7,ZONE_HARBOR_BERTH,Faculty of Oceanic Medicine & Genetics,1.0,0.25,77717.81,-77717.81,0.0,109909.58,315.0,84190.36,-0.0,0.0,1.0,35000.0,8
4210,Petal,7,ZONE_HARBOR_BERTH,Faculty of Oceanic Medicine & Genetics,1.0,0.375,77717.81,-77717.81,0.0,109909.58,315.0,84190.36,-0.0,0.0,1.0,35000.0,8
4211,Petal,7,ZONE_HARBOR_BERTH,Faculty of Oceanic Medicine & Genetics,1.0,0.5,77717.81,-77717.81,0.0,109909.58,315.0,84190.36,-0.0,0.0,1.0,35000.0,8
4212,Petal,7,ZONE_HARBOR_BERTH,Faculty of Oceanic Medicine & Genetics,1.0,0.625,77717.81,-77717.81,0.0,109909.58,315.0,84190.36,-0.0,0.0,1.0,35000.0,8
4213,Petal,7,ZONE_HARBOR_BERTH,Faculty of Oceanic Medicine & Genetics,1.0,0.75,77717.81,-77717.81,0.0,109909.58,315.0,84190.36,-0.0,0.0,1.0,35000.0,8
4214,Petal,7,ZONE_HARBOR_BERTH,Faculty of Oceanic Medicine & Genetics,1.0,0.875,77717.81,-77717.81,0.0,109909.58,315.0,84190.36,-0.0,0.0,1.0,35000.0,8
4215,Petal,7,ZONE_CLEARANCE_WATERWAY,Faculty of Oceanic Medicine & Genetics,1.0,1.0,77717.81,-77717.81,0.0,109909.58,315.0,84190.36,0.0,0.0,1.0,35000.0,8
4216,StamenPylon,-1,ZONE_CORE_CITADEL,Barrier Defense Forcefield Ring,0.0,0.0,15000.0,0.0,1200.0,15000.0,0.0,0.0,-0.24,-0.0,0.97,0.0,0
4217,StamenPylon,-1,ZONE_CORE_CITADEL,Barrier Defense Forcefield Ring,0.0,0.0,14939.61,1344.59,1200.0,15000.0,5.14,0.0,-0.239,-0.0215,0.97,0.0,0
4218,StamenPylon,-1,ZONE_CORE_CITADEL,Barrier Defense Forcefield Ring,0.0,0.0,14758.94,2678.35,1200.0,15000.0,10.29,0.0,-0.2361,-0.0429,0.97,0.0,0
4219,StamenPylon,-1,ZONE_CORE_CITADEL,Barrier Defense Forcefield Ring,0.0,0.0,14459.44,3990.55,1200.0,15000.0,15.43,0.0,-0.2314,-0.0638,0.97,0.0,0
4220,StamenPylon,-1,ZONE_CORE_CITADEL,Barrier Defense Forcefield Ring,0.0,0.0,14043.52,5270.62,1200.0,15000.0,20.57,0.0,-0.2247,-0.0843,0.97,0.0,0
4221,StamenPylon,-1,ZONE_CORE_CITADEL,Barrier Defense Forcefield Ring,0.0,0.0,13514.53,6508.26,1200.0,15000.0,25.71,0.0,-0.2162,-0.1041,0.97,0.0,0
4222,StamenPylon,-1,ZONE_CORE_CITADEL,Barrier Defense Forcefield Ring,0.0,0.0,12876.73,7693.49,1200.0,15000.0,30.86,0.0,-0.206,-0.1231,0.97,0.0,0
4223,StamenPylon,-1,ZONE_CORE_CITADEL,Barrier Defense Forcefield Ring,0.0,0.0,12135.25,8816.78,1200.0,15000.0,36.0,0.0,-0.1942,-0.1411,0.97,0.0,0
4224,StamenPylon,-1,ZONE_CORE_CITADEL,Barrier Defense Forcefield Ring,0.0,0.0,11296.07,9869.08,1200.0,15000.0,41.14,0.0,-0.1807,-0.1579,0.97,0.0,0
4225,StamenPylon,-1,ZONE_CORE_CITADEL,Barrier Defense Forcefield Ring,0.0,0.0,10365.94,10841.92,1200.0,15000.0,46.29,0.0,-0.1659,-0.1735,0.97,0.0,0
4226,StamenPylon,-1,ZONE_CORE_CITADEL,Barrier Defense Forcefield Ring,0.0,0.0,9352.35,11727.47,1200.0,15000.0,51.43,0.0,-0.1496,-0.1876,0.97,0.0,0
4227,StamenPylon,-1,ZONE_CORE_CITADEL,Barrier Defense Forcefield Ring,0.0,0.0,8263.45,12518.6,1200.0,15000.0,56.57,0.0,-0.1322,-0.2003,0.97,0.0,0
4228,StamenPylon,-1,ZONE_CORE_CITADEL,Barrier Defense Forcefield Ring,0.0,0.0,7108.03,13208.93,1200.0,15000.0,61.71,0.0,-0.1137,-0.2113,0.97,0.0,0
4229,StamenPylon,-1,ZONE_CORE_CITADEL,Barrier Defense Forcefield Ring,0.0,0.0,5895.38,13792.92,1200.0,15000.0,66.86,0.0,-0.0943,-0.2207,0.97,0.0,0
4230,StamenPylon,-1,ZONE_CORE_CITADEL,Barrier Defense Forcefield Ring,0.0,0.0,4635.25,14265.85,1200.0,15000.0,72.0,0.0,-0.0742,-0.2283,0.97,0.0,0
4231,StamenPylon,-1,ZONE_CORE_CITADEL,Barrier Defense Forcefield Ring,0.0,0.0,3337.81,14623.92,1200.0,15000.0,77.14,0.0,-0.0534,-0.234,0.97,0.0,0
4232,StamenPylon,-1,ZONE_CORE_CITADEL,Barrier Defense Forcefield Ring,0.0,0.0,2013.5,14864.25,1200.0,15000.0,82.29,0.0,-0.0322,-0.2378,0.97,0.0,0
4233,StamenPylon,-1,ZONE_CORE_CITADEL,Barrier Defense Forcefield Ring,0.0,0.0,672.97,14984.9,1200.0,15000.0,87.43,0.0,-0.0108,-0.2398,0.97,0.0,0
4234,StamenPylon,-1,ZONE_CORE_CITADEL,Barrier Defense Forcefield Ring,0.0,0.0,-672.97,14984.9,1200.0,15000.0,92.57,0.0,0.0108,-0.2398,0.97,0.0,0
4235,StamenPylon,-1,ZONE_CORE_CITADEL,Barrier Defense Forcefield Ring,0.0,0.0,-2013.5,14864.25,1200.0,15000.0,97.71,0.0,0.0322,-0.2378,0.97,0.0,0
4236,StamenPylon,-1,ZONE_CORE_CITADEL,Barrier Defense Forcefield Ring,0.0,0.0,-3337.81,14623.92,1200.0,15000.0,102.86,0.0,0.0534,-0.234,0.97,0.0,0
4237,StamenPylon,-1,ZONE_CORE_CITADEL,Barrier Defense Forcefield Ring,0.0,0.0,-4635.25,14265.85,1200.0,15000.0,108.0,0.0,0.0742,-0.2283,0.97,0.0,0
4238,StamenPylon,-1,ZONE_CORE_CITADEL,Barrier Defense Forcefield Ring,0.0,0.0,-5895.38,13792.92,1200.0,15000.0,113.14,0.0,0.0943,-0.2207,0.97,0.0,0
4239,StamenPylon,-1,ZONE_CORE_CITADEL,Barrier Defense Forcefield Ring,0.0,0.0,-7108.03,13208.93,1200.0,15000.0,118.29,0.0,0.1137,-0.2113,0.97,0.0,0
4240,StamenPylon,-1,ZONE_CORE_CITADEL,Barrier Defense Forcefield Ring,0.0,0.0,-8263.45,12518.6,1200.0,15000.0,123.43,0.0,0.1322,-0.2003,0.97,0.0,0
4241,StamenPylon,-1,ZONE_CORE_CITADEL,Barrier Defense Forcefield Ring,0.0,0.0,-9352.35,11727.47,1200.0,15000.0,128.57,0.0,0.1496,-0.1876,0.97,0.0,0
4242,StamenPylon,-1,ZONE_CORE_CITADEL,Barrier Defense Forcefield Ring,0.0,0.0,-10365.94,10841.92,1200.0,15000.0,133.71,0.0,0.1659,-0.1735,0.97,0.0,0
4243,StamenPylon,-1,ZONE_CORE_CITADEL,Barrier Defense Forcefield Ring,0.0,0.0,-11296.07,9869.08,1200.0,15000.0,138.86,0.0,0.1807,-0.1579,0.97,0.0,0
4244,StamenPylon,-1,ZONE_CORE_CITADEL,Barrier Defense Forcefield Ring,0.0,0.0,-12135.25,8816.78,1200.0,15000.0,144.0,0.0,0.1942,-0.1411,0.97,0.0,0
4245,StamenPylon,-1,ZONE_CORE_CITADEL,Barrier Defense Forcefield Ring,0.0,0.0,-12876.73,7693.49,1200.0,15000.0,149.14,0.0,0.206,-0.1231,0.97,0.0,0
4246,StamenPylon,-1,ZONE_CORE_CITADEL,Barrier Defense Forcefield Ring,0.0,0.0,-13514.53,6508.26,1200.0,15000.0,154.29,0.0,0.2162,-0.1041,0.97,0.0,0
4247,StamenPylon,-1,ZONE_CORE_CITADEL,Barrier Defense Forcefield Ring,0.0,0.0,-14043.52,5270.62,1200.0,15000.0,159.43,0.0,0.2247,-0.0843,0.97,0.0,0
4248,StamenPylon,-1,ZONE_CORE_CITADEL,Barrier Defense Forcefield Ring,0.0,0.0,-14459.44,3990.55,1200.0,15000.0,164.57,0.0,0.2314,-0.0638,0.97,0.0,0
4249,StamenPylon,-1,ZONE_CORE_CITADEL,Barrier Defense Forcefield Ring,0.0,0.0,-14758.94,2678.35,1200.0,15000.0,169.71,0.0,0.2361,-0.0429,0.97,0.0,0
4250,StamenPylon,-1,ZONE_CORE_CITADEL,Barrier Defense Forcefield Ring,0.0,0.0,-14939.61,1344.59,1200.0,15000.0,174.86,0.0,0.239,-0.0215,0.97,0.0,0
4251,StamenPylon,-1,ZONE_CORE_CITADEL,Barrier Defense Forcefield Ring,0.0,0.0,-15000.0,0.0,1200.0,15000.0,180.0,0.0,0.24,-0.0,0.97,0.0,0
4252,StamenPylon,-1,ZONE_CORE_CITADEL,Barrier Defense Forcefield Ring,0.0,0.0,-14939.61,-1344.59,1200.0,15000.0,185.14,0.0,0.239,0.0215,0.97,0.0,0
4253,StamenPylon,-1,ZONE_CORE_CITADEL,Barrier Defense Forcefield Ring,0.0,0.0,-14758.94,-2678.35,1200.0,15000.0,190.29,0.0,0.2361,0.0429,0.97,0.0,0
4254,StamenPylon,-1,ZONE_CORE_CITADEL,Barrier Defense Forcefield Ring,0.0,0.0,-14459.44,-3990.55,1200.0,15000.0,195.43,0.0,0.2314,0.0638,0.97,0.0,0
4255,StamenPylon,-1,ZONE_CORE_CITADEL,Barrier Defense Forcefield Ring,0.0,0.0,-14043.52,-5270.62,1200.0,15000.0,200.57,0.0,0.2247,0.0843,0.97,0.0,0
4256,StamenPylon,-1,ZONE_CORE_CITADEL,Barrier Defense Forcefield Ring,0.0,0.0,-13514.53,-6508.26,1200.0,15000.0,205.71,0.0,0.2162,0.1041,0.97,0.0,0
4257,StamenPylon,-1,ZONE_CORE_CITADEL,Barrier Defense Forcefield Ring,0.0,0.0,-12876.73,-7693.49,1200.0,15000.0,210.86,0.0,0.206,0.1231,0.97,0.0,0
4258,StamenPylon,-1,ZONE_CORE_CITADEL,Barrier Defense Forcefield Ring,0.0,0.0,-12135.25,-8816.78,1200.0,15000.0,216.0,0.0,0.1942,0.1411,0.97,0.0,0
4259,StamenPylon,-1,ZONE_CORE_CITADEL,Barrier Defense Forcefield Ring,0.0,0.0,-11296.07,-9869.08,1200.0,15000.0,221.14,0.0,0.1807,0.1579,0.97,0.0,0
4260,StamenPylon,-1,ZONE_CORE_CITADEL,Barrier Defense Forcefield Ring,0.0,0.0,-10365.94,-10841.92,1200.0,15000.0,226.29,0.0,0.1659,0.1735,0.97,0.0,0
4261,StamenPylon,-1,ZONE_CORE_CITADEL,Barrier Defense Forcefield Ring,0.0,0.0,-9352.35,-11727.47,1200.0,15000.0,231.43,0.0,0.1496,0.1876,0.97,0.0,0
4262,StamenPylon,-1,ZONE_CORE_CITADEL,Barrier Defense Forcefield Ring,0.0,0.0,-8263.45,-12518.6,1200.0,15000.0,236.57,0.0,0.1322,0.2003,0.97,0.0,0
4263,StamenPylon,-1,ZONE_CORE_CITADEL,Barrier Defense Forcefield Ring,0.0,0.0,-7108.03,-13208.93,1200.0,15000.0,241.71,0.0,0.1137,0.2113,0.97,0.0,0
4264,StamenPylon,-1,ZONE_CORE_CITADEL,Barrier Defense Forcefield Ring,0.0,0.0,-5895.38,-13792.92,1200.0,15000.0,246.86,0.0,0.0943,0.2207,0.97,0.0,0
4265,StamenPylon,-1,ZONE_CORE_CITADEL,Barrier Defense Forcefield Ring,0.0,0.0,-4635.25,-14265.85,1200.0,15000.0,252.0,0.0,0.0742,0.2283,0.97,0.0,0
4266,StamenPylon,-1,ZONE_CORE_CITADEL,Barrier Defense Forcefield Ring,0.0,0.0,-3337.81,-14623.92,1200.0,15000.0,257.14,0.0,0.0534,0.234,0.97,0.0,0
4267,StamenPylon,-1,ZONE_CORE_CITADEL,Barrier Defense Forcefield Ring,0.0,0.0,-2013.5,-14864.25,1200.0,15000.0,262.29,0.0,0.0322,0.2378,0.97,0.0,0
4268,StamenPylon,-1,ZONE_CORE_CITADEL,Barrier Defense Forcefield Ring,0.0,0.0,-672.97,-14984.9,1200.0,15000.0,267.43,0.0,0.0108,0.2398,0.97,0.0,0
4269,StamenPylon,-1,ZONE_CORE_CITADEL,Barrier Defense Forcefield Ring,0.0,0.0,672.97,-14984.9,1200.0,15000.0,272.57,0.0,-0.0108,0.2398,0.97,0.0,0
4270,StamenPylon,-1,ZONE_CORE_CITADEL,Barrier Defense Forcefield Ring,0.0,0.0,2013.5,-14864.25,1200.0,15000.0,277.71,0.0,-0.0322,0.2378,0.97,0.0,0
4271,StamenPylon,-1,ZONE_CORE_CITADEL,Barrier Defense Forcefield Ring,0.0,0.0,3337.81,-14623.92,1200.0,15000.0,282.86,0.0,-0.0534,0.234,0.97,0.0,0
4272,StamenPylon,-1,ZONE_CORE_CITADEL,Barrier Defense Forcefield Ring,0.0,0.0,4635.25,-14265.85,1200.0,15000.0,288.0,0.0,-0.0742,0.2283,0.97,0.0,0
4273,StamenPylon,-1,ZONE_CORE_CITADEL,Barrier Defense Forcefield Ring,0.0,0.0,5895.38,-13792.92,1200.0,15000.0,293.14,0.0,-0.0943,0.2207,0.97,0.0,0
4274,StamenPylon,-1,ZONE_CORE_CITADEL,Barrier Defense Forcefield Ring,0.0,0.0,7108.03,-13208.93,1200.0,15000.0,298.29,0.0,-0.1137,0.2113,0.97,0.0,0
4275,StamenPylon,-1,ZONE_CORE_CITADEL,Barrier Defense Forcefield Ring,0.0,0.0,8263.45,-12518.6,1200.0,15000.0,303.43,0.0,-0.1322,0.2003,0.97,0.0,0
4276,StamenPylon,-1,ZONE_CORE_CITADEL,Barrier Defense Forcefield Ring,0.0,0.0,9352.35,-11727.47,1200.0,15000.0,308.57,0.0,-0.1496,0.1876,0.97,0.0,0
4277,StamenPylon,-1,ZONE_CORE_CITADEL,Barrier Defense Forcefield Ring,0.0,0.0,10365.94,-10841.92,1200.0,15000.0,313.71,0.0,-0.1659,0.1735,0.97,0.0,0
4278,StamenPylon,-1,ZONE_CORE_CITADEL,Barrier Defense Forcefield Ring,0.0,0.0,11296.07,-9869.08,1200.0,15000.0,318.86,0.0,-0.1807,0.1579,0.97,0.0,0
4279,StamenPylon,-1,ZONE_CORE_CITADEL,Barrier Defense Forcefield Ring,0.0,0.0,12135.25,-8816.78,1200.0,15000.0,324.0,0.0,-0.1942,0.1411,0.97,0.0,0
4280,StamenPylon,-1,ZONE_CORE_CITADEL,Barrier Defense Forcefield Ring,0.0,0.0,12876.73,-7693.49,1200.0,15000.0,329.14,0.0,-0.206,0.1231,0.97,0.0,0
4281,StamenPylon,-1,ZONE_CORE_CITADEL,Barrier Defense Forcefield Ring,0.0,0.0,13514.53,-6508.26,1200.0,15000.0,334.29,0.0,-0.2162,0.1041,0.97,0.0,0
4282,StamenPylon,-1,ZONE_CORE_CITADEL,Barrier Defense Forcefield Ring,0.0,0.0,14043.52,-5270.62,1200.0,15000.0,339.43,0.0,-0.2247,0.0843,0.97,0.0,0
4283,StamenPylon,-1,ZONE_CORE_CITADEL,Barrier Defense Forcefield Ring,0.0,0.0,14459.44,-3990.55,1200.0,15000.0,344.57,0.0,-0.2314,0.0638,0.97,0.0,0
4284,StamenPylon,-1,ZONE_CORE_CITADEL,Barrier Defense Forcefield Ring,0.0,0.0,14758.94,-2678.35,1200.0,15000.0,349.71,0.0,-0.2361,0.0429,0.97,0.0,0
4285,StamenPylon,-1,ZONE_CORE_CITADEL,Barrier Defense Forcefield Ring,0.0,0.0,14939.61,-1344.59,1200.0,15000.0,354.86,0.0,-0.239,0.0215,0.97,0.0,0
4286,CitadelDeck,-1,ZONE_CORE_CITADEL,Grand Academic Citadel & Assembly Plaza,0.2,0.0,2550.0,0.0,1500.0,2550.0,0.0,0.0,0.0,0.0,1.0,0.0,0
4287,CitadelDeck,-1,ZONE_CORE_CITADEL,Grand Academic Citadel & Assembly Plaza,0.2,0.125,1803.12,1803.12,1500.0,2550.0,45.0,0.0,0.0,0.0,1.0,0.0,0
4288,CitadelDeck,-1,ZONE_CORE_CITADEL,Grand Academic Citadel & Assembly Plaza,0.2,0.25,0.0,2550.0,1500.0,2550.0,90.0,0.0,0.0,0.0,1.0,0.0,0
4289,CitadelDeck,-1,ZONE_CORE_CITADEL,Grand Academic Citadel & Assembly Plaza,0.2,0.375,-1803.12,1803.12,1500.0,2550.0,135.0,0.0,0.0,0.0,1.0,0.0,0
4290,CitadelDeck,-1,ZONE_CORE_CITADEL,Grand Academic Citadel & Assembly Plaza,0.2,0.5,-2550.0,0.0,1500.0,2550.0,180.0,0.0,0.0,0.0,1.0,0.0,0
4291,CitadelDeck,-1,ZONE_CORE_CITADEL,Grand Academic Citadel & Assembly Plaza,0.2,0.625,-1803.12,-1803.12,1500.0,2550.0,225.0,0.0,0.0,0.0,1.0,0.0,0
4292,CitadelDeck,-1,ZONE_CORE_CITADEL,Grand Academic Citadel & Assembly Plaza,0.2,0.75,-0.0,-2550.0,1500.0,2550.0,270.0,0.0,0.0,0.0,1.0,0.0,0
4293,CitadelDeck,-1,ZONE_CORE_CITADEL,Grand Academic Citadel & Assembly Plaza,0.2,0.875,1803.12,-1803.12,1500.0,2550.0,315.0,0.0,0.0,0.0,1.0,0.0,0
4294,CitadelDeck,-1,ZONE_CORE_CITADEL,Grand Academic Citadel & Assembly Plaza,0.4,0.0,5100.0,0.0,1500.0,5100.0,0.0,0.0,0.0,0.0,1.0,0.0,0
4295,CitadelDeck,-1,ZONE_CORE_CITADEL,Grand Academic Citadel & Assembly Plaza,0.4,0.0625,4711.79,1951.69,1500.0,5100.0,22.5,0.0,0.0,0.0,1.0,0.0,0
4296,CitadelDeck,-1,ZONE_CORE_CITADEL,Grand Academic Citadel & Assembly Plaza,0.4,0.125,3606.24,3606.24,1500.0,5100.0,45.0,0.0,0.0,0.0,1.0,0.0,0
4297,CitadelDeck,-1,ZONE_CORE_CITADEL,Grand Academic Citadel & Assembly Plaza,0.4,0.1875,1951.69,4711.79,1500.0,5100.0,67.5,0.0,0.0,0.0,1.0,0.0,0
4298,CitadelDeck,-1,ZONE_CORE_CITADEL,Grand Academic Citadel & Assembly Plaza,0.4,0.25,0.0,5100.0,1500.0,5100.0,90.0,0.0,0.0,0.0,1.0,0.0,0
4299,CitadelDeck,-1,ZONE_CORE_CITADEL,Grand Academic Citadel & Assembly Plaza,0.4,0.3125,-1951.69,4711.79,1500.0,5100.0,112.5,0.0,0.0,0.0,1.0,0.0,0
4300,CitadelDeck,-1,ZONE_CORE_CITADEL,Grand Academic Citadel & Assembly Plaza,0.4,0.375,-3606.24,3606.24,1500.0,5100.0,135.0,0.0,0.0,0.0,1.0,0.0,0
4301,CitadelDeck,-1,ZONE_CORE_CITADEL,Grand Academic Citadel & Assembly Plaza,0.4,0.4375,-4711.79,1951.69,1500.0,5100.0,157.5,0.0,0.0,0.0,1.0,0.0,0
4302,CitadelDeck,-1,ZONE_CORE_CITADEL,Grand Academic Citadel & Assembly Plaza,0.4,0.5,-5100.0,0.0,1500.0,5100.0,180.0,0.0,0.0,0.0,1.0,0.0,0
4303,CitadelDeck,-1,ZONE_CORE_CITADEL,Grand Academic Citadel & Assembly Plaza,0.4,0.5625,-4711.79,-1951.69,1500.0,5100.0,202.5,0.0,0.0,0.0,1.0,0.0,0
4304,CitadelDeck,-1,ZONE_CORE_CITADEL,Grand Academic Citadel & Assembly Plaza,0.4,0.625,-3606.24,-3606.24,1500.0,5100.0,225.0,0.0,0.0,0.0,1.0,0.0,0
4305,CitadelDeck,-1,ZONE_CORE_CITADEL,Grand Academic Citadel & Assembly Plaza,0.4,0.6875,-1951.69,-4711.79,1500.0,5100.0,247.5,0.0,0.0,0.0,1.0,0.0,0
4306,CitadelDeck,-1,ZONE_CORE_CITADEL,Grand Academic Citadel & Assembly Plaza,0.4,0.75,-0.0,-5100.0,1500.0,5100.0,270.0,0.0,0.0,0.0,1.0,0.0,0
4307,CitadelDeck,-1,ZONE_CORE_CITADEL,Grand Academic Citadel & Assembly Plaza,0.4,0.8125,1951.69,-4711.79,1500.0,5100.0,292.5,0.0,0.0,0.0,1.0,0.0,0
4308,CitadelDeck,-1,ZONE_CORE_CITADEL,Grand Academic Citadel & Assembly Plaza,0.4,0.875,3606.24,-3606.24,1500.0,5100.0,315.0,0.0,0.0,0.0,1.0,0.0,0
4309,CitadelDeck,-1,ZONE_CORE_CITADEL,Grand Academic Citadel & Assembly Plaza,0.4,0.9375,4711.79,-1951.69,1500.0,5100.0,337.5,0.0,0.0,0.0,1.0,0.0,0
4310,CitadelDeck,-1,ZONE_CORE_CITADEL,Grand Academic Citadel & Assembly Plaza,0.6,0.0,7650.0,0.0,1500.0,7650.0,0.0,0.0,0.0,0.0,1.0,0.0,0
4311,CitadelDeck,-1,ZONE_CORE_CITADEL,Grand Academic Citadel & Assembly Plaza,0.6,0.0417,7389.33,1979.97,1500.0,7650.0,15.0,0.0,0.0,0.0,1.0,0.0,0
4312,CitadelDeck,-1,ZONE_CORE_CITADEL,Grand Academic Citadel & Assembly Plaza,0.6,0.0833,6625.09,3825.0,1500.0,7650.0,30.0,0.0,0.0,0.0,1.0,0.0,0
4313,CitadelDeck,-1,ZONE_CORE_CITADEL,Grand Academic Citadel & Assembly Plaza,0.6,0.125,5409.37,5409.37,1500.0,7650.0,45.0,0.0,0.0,0.0,1.0,0.0,0
4314,CitadelDeck,-1,ZONE_CORE_CITADEL,Grand Academic Citadel & Assembly Plaza,0.6,0.1667,3825.0,6625.09,1500.0,7650.0,60.0,0.0,0.0,0.0,1.0,0.0,0
4315,CitadelDeck,-1,ZONE_CORE_CITADEL,Grand Academic Citadel & Assembly Plaza,0.6,0.2083,1979.97,7389.33,1500.0,7650.0,75.0,0.0,0.0,0.0,1.0,0.0,0
4316,CitadelDeck,-1,ZONE_CORE_CITADEL,Grand Academic Citadel & Assembly Plaza,0.6,0.25,0.0,7650.0,1500.0,7650.0,90.0,0.0,0.0,0.0,1.0,0.0,0
4317,CitadelDeck,-1,ZONE_CORE_CITADEL,Grand Academic Citadel & Assembly Plaza,0.6,0.2917,-1979.97,7389.33,1500.0,7650.0,105.0,0.0,0.0,0.0,1.0,0.0,0
4318,CitadelDeck,-1,ZONE_CORE_CITADEL,Grand Academic Citadel & Assembly Plaza,0.6,0.3333,-3825.0,6625.09,1500.0,7650.0,120.0,0.0,0.0,0.0,1.0,0.0,0
4319,CitadelDeck,-1,ZONE_CORE_CITADEL,Grand Academic Citadel & Assembly Plaza,0.6,0.375,-5409.37,5409.37,1500.0,7650.0,135.0,0.0,0.0,0.0,1.0,0.0,0
4320,CitadelDeck,-1,ZONE_CORE_CITADEL,Grand Academic Citadel & Assembly Plaza,0.6,0.4167,-6625.09,3825.0,1500.0,7650.0,150.0,0.0,0.0,0.0,1.0,0.0,0
4321,CitadelDeck,-1,ZONE_CORE_CITADEL,Grand Academic Citadel & Assembly Plaza,0.6,0.4583,-7389.33,1979.97,1500.0,7650.0,165.0,0.0,0.0,0.0,1.0,0.0,0
4322,CitadelDeck,-1,ZONE_CORE_CITADEL,Grand Academic Citadel & Assembly Plaza,0.6,0.5,-7650.0,0.0,1500.0,7650.0,180.0,0.0,0.0,0.0,1.0,0.0,0
4323,CitadelDeck,-1,ZONE_CORE_CITADEL,Grand Academic Citadel & Assembly Plaza,0.6,0.5417,-7389.33,-1979.97,1500.0,7650.0,195.0,0.0,0.0,0.0,1.0,0.0,0
4324,CitadelDeck,-1,ZONE_CORE_CITADEL,Grand Academic Citadel & Assembly Plaza,0.6,0.5833,-6625.09,-3825.0,1500.0,7650.0,210.0,0.0,0.0,0.0,1.0,0.0,0
4325,CitadelDeck,-1,ZONE_CORE_CITADEL,Grand Academic Citadel & Assembly Plaza,0.6,0.625,-5409.37,-5409.37,1500.0,7650.0,225.0,0.0,0.0,0.0,1.0,0.0,0
4326,CitadelDeck,-1,ZONE_CORE_CITADEL,Grand Academic Citadel & Assembly Plaza,0.6,0.6667,-3825.0,-6625.09,1500.0,7650.0,240.0,0.0,0.0,0.0,1.0,0.0,0
4327,CitadelDeck,-1,ZONE_CORE_CITADEL,Grand Academic Citadel & Assembly Plaza,0.6,0.7083,-1979.97,-7389.33,1500.0,7650.0,255.0,0.0,0.0,0.0,1.0,0.0,0
4328,CitadelDeck,-1,ZONE_CORE_CITADEL,Grand Academic Citadel & Assembly Plaza,0.6,0.75,-0.0,-7650.0,1500.0,7650.0,270.0,0.0,0.0,0.0,1.0,0.0,0
4329,CitadelDeck,-1,ZONE_CORE_CITADEL,Grand Academic Citadel & Assembly Plaza,0.6,0.7917,1979.97,-7389.33,1500.0,7650.0,285.0,0.0,0.0,0.0,1.0,0.0,0
4330,CitadelDeck,-1,ZONE_CORE_CITADEL,Grand Academic Citadel & Assembly Plaza,0.6,0.8333,3825.0,-6625.09,1500.0,7650.0,300.0,0.0,0.0,0.0,1.0,0.0,0
4331,CitadelDeck,-1,ZONE_CORE_CITADEL,Grand Academic Citadel & Assembly Plaza,0.6,0.875,5409.37,-5409.37,1500.0,7650.0,315.0,0.0,0.0,0.0,1.0,0.0,0
4332,CitadelDeck,-1,ZONE_CORE_CITADEL,Grand Academic Citadel & Assembly Plaza,0.6,0.9167,6625.09,-3825.0,1500.0,7650.0,330.0,0.0,0.0,0.0,1.0,0.0,0
4333,CitadelDeck,-1,ZONE_CORE_CITADEL,Grand Academic Citadel & Assembly Plaza,0.6,0.9583,7389.33,-1979.97,1500.0,7650.0,345.0,0.0,0.0,0.0,1.0,0.0,0
4334,CitadelDeck,-1,ZONE_CORE_CITADEL,Grand Academic Citadel & Assembly Plaza,0.8,0.0,10200.0,0.0,1500.0,10200.0,0.0,0.0,0.0,0.0,1.0,0.0,0
4335,CitadelDeck,-1,ZONE_CORE_CITADEL,Grand Academic Citadel & Assembly Plaza,0.8,0.0312,10004.01,1989.92,1500.0,10200.0,11.25,0.0,0.0,0.0,1.0,0.0,0
4336,CitadelDeck,-1,ZONE_CORE_CITADEL,Grand Academic Citadel & Assembly Plaza,0.8,0.0625,9423.57,3903.37,1500.0,10200.0,22.5,0.0,0.0,0.0,1.0,0.0,0
4337,CitadelDeck,-1,ZONE_CORE_CITADEL,Grand Academic Citadel & Assembly Plaza,0.8,0.0938,8480.99,5666.82,1500.0,10200.0,33.75,0.0,0.0,0.0,1.0,0.0,0
4338,CitadelDeck,-1,ZONE_CORE_CITADEL,Grand Academic Citadel & Assembly Plaza,0.8,0.125,7212.49,7212.49,1500.0,10200.0,45.0,0.0,0.0,0.0,1.0,0.0,0
4339,CitadelDeck,-1,ZONE_CORE_CITADEL,Grand Academic Citadel & Assembly Plaza,0.8,0.1562,5666.82,8480.99,1500.0,10200.0,56.25,0.0,0.0,0.0,1.0,0.0,0
4340,CitadelDeck,-1,ZONE_CORE_CITADEL,Grand Academic Citadel & Assembly Plaza,0.8,0.1875,3903.37,9423.57,1500.0,10200.0,67.5,0.0,0.0,0.0,1.0,0.0,0
4341,CitadelDeck,-1,ZONE_CORE_CITADEL,Grand Academic Citadel & Assembly Plaza,0.8,0.2188,1989.92,10004.01,1500.0,10200.0,78.75,0.0,0.0,0.0,1.0,0.0,0
4342,CitadelDeck,-1,ZONE_CORE_CITADEL,Grand Academic Citadel & Assembly Plaza,0.8,0.25,0.0,10200.0,1500.0,10200.0,90.0,0.0,0.0,0.0,1.0,0.0,0
4343,CitadelDeck,-1,ZONE_CORE_CITADEL,Grand Academic Citadel & Assembly Plaza,0.8,0.2812,-1989.92,10004.01,1500.0,10200.0,101.25,0.0,0.0,0.0,1.0,0.0,0
4344,CitadelDeck,-1,ZONE_CORE_CITADEL,Grand Academic Citadel & Assembly Plaza,0.8,0.3125,-3903.37,9423.57,1500.0,10200.0,112.5,0.0,0.0,0.0,1.0,0.0,0
4345,CitadelDeck,-1,ZONE_CORE_CITADEL,Grand Academic Citadel & Assembly Plaza,0.8,0.3438,-5666.82,8480.99,1500.0,10200.0,123.75,0.0,0.0,0.0,1.0,0.0,0
4346,CitadelDeck,-1,ZONE_CORE_CITADEL,Grand Academic Citadel & Assembly Plaza,0.8,0.375,-7212.49,7212.49,1500.0,10200.0,135.0,0.0,0.0,0.0,1.0,0.0,0
4347,CitadelDeck,-1,ZONE_CORE_CITADEL,Grand Academic Citadel & Assembly Plaza,0.8,0.4062,-8480.99,5666.82,1500.0,10200.0,146.25,0.0,0.0,0.0,1.0,0.0,0
4348,CitadelDeck,-1,ZONE_CORE_CITADEL,Grand Academic Citadel & Assembly Plaza,0.8,0.4375,-9423.57,3903.37,1500.0,10200.0,157.5,0.0,0.0,0.0,1.0,0.0,0
4349,CitadelDeck,-1,ZONE_CORE_CITADEL,Grand Academic Citadel & Assembly Plaza,0.8,0.4688,-10004.01,1989.92,1500.0,10200.0,168.75,0.0,0.0,0.0,1.0,0.0,0
4350,CitadelDeck,-1,ZONE_CORE_CITADEL,Grand Academic Citadel & Assembly Plaza,0.8,0.5,-10200.0,0.0,1500.0,10200.0,180.0,0.0,0.0,0.0,1.0,0.0,0
4351,CitadelDeck,-1,ZONE_CORE_CITADEL,Grand Academic Citadel & Assembly Plaza,0.8,0.5312,-10004.01,-1989.92,1500.0,10200.0,191.25,0.0,0.0,0.0,1.0,0.0,0
4352,CitadelDeck,-1,ZONE_CORE_CITADEL,Grand Academic Citadel & Assembly Plaza,0.8,0.5625,-9423.57,-3903.37,1500.0,10200.0,202.5,0.0,0.0,0.0,1.0,0.0,0
4353,CitadelDeck,-1,ZONE_CORE_CITADEL,Grand Academic Citadel & Assembly Plaza,0.8,0.5938,-8480.99,-5666.82,1500.0,10200.0,213.75,0.0,0.0,0.0,1.0,0.0,0
4354,CitadelDeck,-1,ZONE_CORE_CITADEL,Grand Academic Citadel & Assembly Plaza,0.8,0.625,-7212.49,-7212.49,1500.0,10200.0,225.0,0.0,0.0,0.0,1.0,0.0,0
4355,CitadelDeck,-1,ZONE_CORE_CITADEL,Grand Academic Citadel & Assembly Plaza,0.8,0.6562,-5666.82,-8480.99,1500.0,10200.0,236.25,0.0,0.0,0.0,1.0,0.0,0
4356,CitadelDeck,-1,ZONE_CORE_CITADEL,Grand Academic Citadel & Assembly Plaza,0.8,0.6875,-3903.37,-9423.57,1500.0,10200.0,247.5,0.0,0.0,0.0,1.0,0.0,0
4357,CitadelDeck,-1,ZONE_CORE_CITADEL,Grand Academic Citadel & Assembly Plaza,0.8,0.7188,-1989.92,-10004.01,1500.0,10200.0,258.75,0.0,0.0,0.0,1.0,0.0,0
4358,CitadelDeck,-1,ZONE_CORE_CITADEL,Grand Academic Citadel & Assembly Plaza,0.8,0.75,-0.0,-10200.0,1500.0,10200.0,270.0,0.0,0.0,0.0,1.0,0.0,0
4359,CitadelDeck,-1,ZONE_CORE_CITADEL,Grand Academic Citadel & Assembly Plaza,0.8,0.7812,1989.92,-10004.01,1500.0,10200.0,281.25,0.0,0.0,0.0,1.0,0.0,0
4360,CitadelDeck,-1,ZONE_CORE_CITADEL,Grand Academic Citadel & Assembly Plaza,0.8,0.8125,3903.37,-9423.57,1500.0,10200.0,292.5,0.0,0.0,0.0,1.0,0.0,0
4361,CitadelDeck,-1,ZONE_CORE_CITADEL,Grand Academic Citadel & Assembly Plaza,0.8,0.8438,5666.82,-8480.99,1500.0,10200.0,303.75,0.0,0.0,0.0,1.0,0.0,0
4362,CitadelDeck,-1,ZONE_CORE_CITADEL,Grand Academic Citadel & Assembly Plaza,0.8,0.875,7212.49,-7212.49,1500.0,10200.0,315.0,0.0,0.0,0.0,1.0,0.0,0
4363,CitadelDeck,-1,ZONE_CORE_CITADEL,Grand Academic Citadel & Assembly Plaza,0.8,0.9062,8480.99,-5666.82,1500.0,10200.0,326.25,0.0,0.0,0.0,1.0,0.0,0
4364,CitadelDeck,-1,ZONE_CORE_CITADEL,Grand Academic Citadel & Assembly Plaza,0.8,0.9375,9423.57,-3903.37,1500.0,10200.0,337.5,0.0,0.0,0.0,1.0,0.0,0
4365,CitadelDeck,-1,ZONE_CORE_CITADEL,Grand Academic Citadel & Assembly Plaza,0.8,0.9688,10004.01,-1989.92,1500.0,10200.0,348.75,0.0,0.0,0.0,1.0,0.0,0
4366,CitadelDeck,-1,ZONE_CORE_CITADEL,Grand Academic Citadel & Assembly Plaza,1.0,0.0,12750.0,0.0,1500.0,12750.0,0.0,0.0,0.0,0.0,1.0,0.0,0
4367,CitadelDeck,-1,ZONE_CORE_CITADEL,Grand Academic Citadel & Assembly Plaza,1.0,0.025,12593.03,1994.54,1500.0,12750.0,9.0,0.0,0.0,0.0,1.0,0.0,0
4368,CitadelDeck,-1,ZONE_CORE_CITADEL,Grand Academic Citadel & Assembly Plaza,1.0,0.05,12125.97,3939.97,1500.0,12750.0,18.0,0.0,0.0,0.0,1.0,0.0,0
4369,CitadelDeck,-1,ZONE_CORE_CITADEL,Grand Academic Citadel & Assembly Plaza,1.0,0.075,11360.33,5788.38,1500.0,12750.0,27.0,0.0,0.0,0.0,1.0,0.0,0
4370,CitadelDeck,-1,ZONE_CORE_CITADEL,Grand Academic Citadel & Assembly Plaza,1.0,0.1,10314.97,7494.26,1500.0,12750.0,36.0,0.0,0.0,0.0,1.0,0.0,0
4371,CitadelDeck,-1,ZONE_CORE_CITADEL,Grand Academic Citadel & Assembly Plaza,1.0,0.125,9015.61,9015.61,1500.0,12750.0,45.0,0.0,0.0,0.0,1.0,0.0,0
4372,CitadelDeck,-1,ZONE_CORE_CITADEL,Grand Academic Citadel & Assembly Plaza,1.0,0.15,7494.26,10314.97,1500.0,12750.0,54.0,0.0,0.0,0.0,1.0,0.0,0
4373,CitadelDeck,-1,ZONE_CORE_CITADEL,Grand Academic Citadel & Assembly Plaza,1.0,0.175,5788.38,11360.33,1500.0,12750.0,63.0,0.0,0.0,0.0,1.0,0.0,0
4374,CitadelDeck,-1,ZONE_CORE_CITADEL,Grand Academic Citadel & Assembly Plaza,1.0,0.2,3939.97,12125.97,1500.0,12750.0,72.0,0.0,0.0,0.0,1.0,0.0,0
4375,CitadelDeck,-1,ZONE_CORE_CITADEL,Grand Academic Citadel & Assembly Plaza,1.0,0.225,1994.54,12593.03,1500.0,12750.0,81.0,0.0,0.0,0.0,1.0,0.0,0
4376,CitadelDeck,-1,ZONE_CORE_CITADEL,Grand Academic Citadel & Assembly Plaza,1.0,0.25,0.0,12750.0,1500.0,12750.0,90.0,0.0,0.0,0.0,1.0,0.0,0
4377,CitadelDeck,-1,ZONE_CORE_CITADEL,Grand Academic Citadel & Assembly Plaza,1.0,0.275,-1994.54,12593.03,1500.0,12750.0,99.0,0.0,0.0,0.0,1.0,0.0,0
4378,CitadelDeck,-1,ZONE_CORE_CITADEL,Grand Academic Citadel & Assembly Plaza,1.0,0.3,-3939.97,12125.97,1500.0,12750.0,108.0,0.0,0.0,0.0,1.0,0.0,0
4379,CitadelDeck,-1,ZONE_CORE_CITADEL,Grand Academic Citadel & Assembly Plaza,1.0,0.325,-5788.38,11360.33,1500.0,12750.0,117.0,0.0,0.0,0.0,1.0,0.0,0
4380,CitadelDeck,-1,ZONE_CORE_CITADEL,Grand Academic Citadel & Assembly Plaza,1.0,0.35,-7494.26,10314.97,1500.0,12750.0,126.0,0.0,0.0,0.0,1.0,0.0,0
4381,CitadelDeck,-1,ZONE_CORE_CITADEL,Grand Academic Citadel & Assembly Plaza,1.0,0.375,-9015.61,9015.61,1500.0,12750.0,135.0,0.0,0.0,0.0,1.0,0.0,0
4382,CitadelDeck,-1,ZONE_CORE_CITADEL,Grand Academic Citadel & Assembly Plaza,1.0,0.4,-10314.97,7494.26,1500.0,12750.0,144.0,0.0,0.0,0.0,1.0,0.0,0
4383,CitadelDeck,-1,ZONE_CORE_CITADEL,Grand Academic Citadel & Assembly Plaza,1.0,0.425,-11360.33,5788.38,1500.0,12750.0,153.0,0.0,0.0,0.0,1.0,0.0,0
4384,CitadelDeck,-1,ZONE_CORE_CITADEL,Grand Academic Citadel & Assembly Plaza,1.0,0.45,-12125.97,3939.97,1500.0,12750.0,162.0,0.0,0.0,0.0,1.0,0.0,0
4385,CitadelDeck,-1,ZONE_CORE_CITADEL,Grand Academic Citadel & Assembly Plaza,1.0,0.475,-12593.03,1994.54,1500.0,12750.0,171.0,0.0,0.0,0.0,1.0,0.0,0
4386,CitadelDeck,-1,ZONE_CORE_CITADEL,Grand Academic Citadel & Assembly Plaza,1.0,0.5,-12750.0,0.0,1500.0,12750.0,180.0,0.0,0.0,0.0,1.0,0.0,0
4387,CitadelDeck,-1,ZONE_CORE_CITADEL,Grand Academic Citadel & Assembly Plaza,1.0,0.525,-12593.03,-1994.54,1500.0,12750.0,189.0,0.0,0.0,0.0,1.0,0.0,0
4388,CitadelDeck,-1,ZONE_CORE_CITADEL,Grand Academic Citadel & Assembly Plaza,1.0,0.55,-12125.97,-3939.97,1500.0,12750.0,198.0,0.0,0.0,0.0,1.0,0.0,0
4389,CitadelDeck,-1,ZONE_CORE_CITADEL,Grand Academic Citadel & Assembly Plaza,1.0,0.575,-11360.33,-5788.38,1500.0,12750.0,207.0,0.0,0.0,0.0,1.0,0.0,0
4390,CitadelDeck,-1,ZONE_CORE_CITADEL,Grand Academic Citadel & Assembly Plaza,1.0,0.6,-10314.97,-7494.26,1500.0,12750.0,216.0,0.0,0.0,0.0,1.0,0.0,0
4391,CitadelDeck,-1,ZONE_CORE_CITADEL,Grand Academic Citadel & Assembly Plaza,1.0,0.625,-9015.61,-9015.61,1500.0,12750.0,225.0,0.0,0.0,0.0,1.0,0.0,0
4392,CitadelDeck,-1,ZONE_CORE_CITADEL,Grand Academic Citadel & Assembly Plaza,1.0,0.65,-7494.26,-10314.97,1500.0,12750.0,234.0,0.0,0.0,0.0,1.0,0.0,0
4393,CitadelDeck,-1,ZONE_CORE_CITADEL,Grand Academic Citadel & Assembly Plaza,1.0,0.675,-5788.38,-11360.33,1500.0,12750.0,243.0,0.0,0.0,0.0,1.0,0.0,0
4394,CitadelDeck,-1,ZONE_CORE_CITADEL,Grand Academic Citadel & Assembly Plaza,1.0,0.7,-3939.97,-12125.97,1500.0,12750.0,252.0,0.0,0.0,0.0,1.0,0.0,0
4395,CitadelDeck,-1,ZONE_CORE_CITADEL,Grand Academic Citadel & Assembly Plaza,1.0,0.725,-1994.54,-12593.03,1500.0,12750.0,261.0,0.0,0.0,0.0,1.0,0.0,0
4396,CitadelDeck,-1,ZONE_CORE_CITADEL,Grand Academic Citadel & Assembly Plaza,1.0,0.75,-0.0,-12750.0,1500.0,12750.0,270.0,0.0,0.0,0.0,1.0,0.0,0
4397,CitadelDeck,-1,ZONE_CORE_CITADEL,Grand Academic Citadel & Assembly Plaza,1.0,0.775,1994.54,-12593.03,1500.0,12750.0,279.0,0.0,0.0,0.0,1.0,0.0,0
4398,CitadelDeck,-1,ZONE_CORE_CITADEL,Grand Academic Citadel & Assembly Plaza,1.0,0.8,3939.97,-12125.97,1500.0,12750.0,288.0,0.0,0.0,0.0,1.0,0.0,0
4399,CitadelDeck,-1,ZONE_CORE_CITADEL,Grand Academic Citadel & Assembly Plaza,1.0,0.825,5788.38,-11360.33,1500.0,12750.0,297.0,0.0,0.0,0.0,1.0,0.0,0
4400,CitadelDeck,-1,ZONE_CORE_CITADEL,Grand Academic Citadel & Assembly Plaza,1.0,0.85,7494.26,-10314.97,1500.0,12750.0,306.0,0.0,0.0,0.0,1.0,0.0,0
4401,CitadelDeck,-1,ZONE_CORE_CITADEL,Grand Academic Citadel & Assembly Plaza,1.0,0.875,9015.61,-9015.61,1500.0,12750.0,315.0,0.0,0.0,0.0,1.0,0.0,0
4402,CitadelDeck,-1,ZONE_CORE_CITADEL,Grand Academic Citadel & Assembly Plaza,1.0,0.9,10314.97,-7494.26,1500.0,12750.0,324.0,0.0,0.0,0.0,1.0,0.0,0
4403,CitadelDeck,-1,ZONE_CORE_CITADEL,Grand Academic Citadel & Assembly Plaza,1.0,0.925,11360.33,-5788.38,1500.0,12750.0,333.0,0.0,0.0,0.0,1.0,0.0,0
4404,CitadelDeck,-1,ZONE_CORE_CITADEL,Grand Academic Citadel & Assembly Plaza,1.0,0.95,12125.97,-3939.97,1500.0,12750.0,342.0,0.0,0.0,0.0,1.0,0.0,0
4405,CitadelDeck,-1,ZONE_CORE_CITADEL,Grand Academic Citadel & Assembly Plaza,1.0,0.975,12593.03,-1994.54,1500.0,12750.0,351.0,0.0,0.0,0.0,1.0,0.0,0
4406,ApexSpire,-1,ZONE_CORE_CITADEL,Council of Ten Sovereign Spire Apex,0.0,0.0,0.0,0.0,35000.0,0.0,0.0,0.0,0.0,0.0,1.0,0.0,0
4407,SubmergedRing,-1,ZONE_STEM_TELESCOPIC,Submerged Ballast Tier 1,0.0,0.0,8000.0,0.0,-0.0,8000.0,0.0,1.0,1.0,0.0,0.0,-80000.0,0
4408,SubmergedRing,-1,ZONE_STEM_TELESCOPIC,Submerged Ballast Tier 1,0.0,0.0208,7931.56,1044.21,-0.0,8000.0,7.5,1.0,0.9914,0.1305,0.0,-80000.0,0
4409,SubmergedRing,-1,ZONE_STEM_TELESCOPIC,Submerged Ballast Tier 1,0.0,0.0417,7727.41,2070.55,-0.0,8000.0,15.0,1.0,0.9659,0.2588,0.0,-80000.0,0
4410,SubmergedRing,-1,ZONE_STEM_TELESCOPIC,Submerged Ballast Tier 1,0.0,0.0625,7391.04,3061.47,-0.0,8000.0,22.5,1.0,0.9239,0.3827,0.0,-80000.0,0
4411,SubmergedRing,-1,ZONE_STEM_TELESCOPIC,Submerged Ballast Tier 1,0.0,0.0833,6928.2,4000.0,-0.0,8000.0,30.0,1.0,0.866,0.5,0.0,-80000.0,0
4412,SubmergedRing,-1,ZONE_STEM_TELESCOPIC,Submerged Ballast Tier 1,0.0,0.1042,6346.83,4870.09,-0.0,8000.0,37.5,1.0,0.7934,0.6088,0.0,-80000.0,0
4413,SubmergedRing,-1,ZONE_STEM_TELESCOPIC,Submerged Ballast Tier 1,0.0,0.125,5656.85,5656.85,-0.0,8000.0,45.0,1.0,0.7071,0.7071,0.0,-80000.0,0
4414,SubmergedRing,-1,ZONE_STEM_TELESCOPIC,Submerged Ballast Tier 1,0.0,0.1458,4870.09,6346.83,-0.0,8000.0,52.5,1.0,0.6088,0.7934,0.0,-80000.0,0
4415,SubmergedRing,-1,ZONE_STEM_TELESCOPIC,Submerged Ballast Tier 1,0.0,0.1667,4000.0,6928.2,-0.0,8000.0,60.0,1.0,0.5,0.866,0.0,-80000.0,0
4416,SubmergedRing,-1,ZONE_STEM_TELESCOPIC,Submerged Ballast Tier 1,0.0,0.1875,3061.47,7391.04,-0.0,8000.0,67.5,1.0,0.3827,0.9239,0.0,-80000.0,0
4417,SubmergedRing,-1,ZONE_STEM_TELESCOPIC,Submerged Ballast Tier 1,0.0,0.2083,2070.55,7727.41,-0.0,8000.0,75.0,1.0,0.2588,0.9659,0.0,-80000.0,0
4418,SubmergedRing,-1,ZONE_STEM_TELESCOPIC,Submerged Ballast Tier 1,0.0,0.2292,1044.21,7931.56,-0.0,8000.0,82.5,1.0,0.1305,0.9914,0.0,-80000.0,0
4419,SubmergedRing,-1,ZONE_STEM_TELESCOPIC,Submerged Ballast Tier 1,0.0,0.25,0.0,8000.0,-0.0,8000.0,90.0,1.0,0.0,1.0,0.0,-80000.0,0
4420,SubmergedRing,-1,ZONE_STEM_TELESCOPIC,Submerged Ballast Tier 1,0.0,0.2708,-1044.21,7931.56,-0.0,8000.0,97.5,1.0,-0.1305,0.9914,0.0,-80000.0,0
4421,SubmergedRing,-1,ZONE_STEM_TELESCOPIC,Submerged Ballast Tier 1,0.0,0.2917,-2070.55,7727.41,-0.0,8000.0,105.0,1.0,-0.2588,0.9659,0.0,-80000.0,0
4422,SubmergedRing,-1,ZONE_STEM_TELESCOPIC,Submerged Ballast Tier 1,0.0,0.3125,-3061.47,7391.04,-0.0,8000.0,112.5,1.0,-0.3827,0.9239,0.0,-80000.0,0
4423,SubmergedRing,-1,ZONE_STEM_TELESCOPIC,Submerged Ballast Tier 1,0.0,0.3333,-4000.0,6928.2,-0.0,8000.0,120.0,1.0,-0.5,0.866,0.0,-80000.0,0
4424,SubmergedRing,-1,ZONE_STEM_TELESCOPIC,Submerged Ballast Tier 1,0.0,0.3542,-4870.09,6346.83,-0.0,8000.0,127.5,1.0,-0.6088,0.7934,0.0,-80000.0,0
4425,SubmergedRing,-1,ZONE_STEM_TELESCOPIC,Submerged Ballast Tier 1,0.0,0.375,-5656.85,5656.85,-0.0,8000.0,135.0,1.0,-0.7071,0.7071,0.0,-80000.0,0
4426,SubmergedRing,-1,ZONE_STEM_TELESCOPIC,Submerged Ballast Tier 1,0.0,0.3958,-6346.83,4870.09,-0.0,8000.0,142.5,1.0,-0.7934,0.6088,0.0,-80000.0,0
4427,SubmergedRing,-1,ZONE_STEM_TELESCOPIC,Submerged Ballast Tier 1,0.0,0.4167,-6928.2,4000.0,-0.0,8000.0,150.0,1.0,-0.866,0.5,0.0,-80000.0,0
4428,SubmergedRing,-1,ZONE_STEM_TELESCOPIC,Submerged Ballast Tier 1,0.0,0.4375,-7391.04,3061.47,-0.0,8000.0,157.5,1.0,-0.9239,0.3827,0.0,-80000.0,0
4429,SubmergedRing,-1,ZONE_STEM_TELESCOPIC,Submerged Ballast Tier 1,0.0,0.4583,-7727.41,2070.55,-0.0,8000.0,165.0,1.0,-0.9659,0.2588,0.0,-80000.0,0
4430,SubmergedRing,-1,ZONE_STEM_TELESCOPIC,Submerged Ballast Tier 1,0.0,0.4792,-7931.56,1044.21,-0.0,8000.0,172.5,1.0,-0.9914,0.1305,0.0,-80000.0,0
4431,SubmergedRing,-1,ZONE_STEM_TELESCOPIC,Submerged Ballast Tier 1,0.0,0.5,-8000.0,0.0,-0.0,8000.0,180.0,1.0,-1.0,0.0,0.0,-80000.0,0
4432,SubmergedRing,-1,ZONE_STEM_TELESCOPIC,Submerged Ballast Tier 1,0.0,0.5208,-7931.56,-1044.21,-0.0,8000.0,187.5,1.0,-0.9914,-0.1305,0.0,-80000.0,0
4433,SubmergedRing,-1,ZONE_STEM_TELESCOPIC,Submerged Ballast Tier 1,0.0,0.5417,-7727.41,-2070.55,-0.0,8000.0,195.0,1.0,-0.9659,-0.2588,0.0,-80000.0,0
4434,SubmergedRing,-1,ZONE_STEM_TELESCOPIC,Submerged Ballast Tier 1,0.0,0.5625,-7391.04,-3061.47,-0.0,8000.0,202.5,1.0,-0.9239,-0.3827,0.0,-80000.0,0
4435,SubmergedRing,-1,ZONE_STEM_TELESCOPIC,Submerged Ballast Tier 1,0.0,0.5833,-6928.2,-4000.0,-0.0,8000.0,210.0,1.0,-0.866,-0.5,0.0,-80000.0,0
4436,SubmergedRing,-1,ZONE_STEM_TELESCOPIC,Submerged Ballast Tier 1,0.0,0.6042,-6346.83,-4870.09,-0.0,8000.0,217.5,1.0,-0.7934,-0.6088,0.0,-80000.0,0
4437,SubmergedRing,-1,ZONE_STEM_TELESCOPIC,Submerged Ballast Tier 1,0.0,0.625,-5656.85,-5656.85,-0.0,8000.0,225.0,1.0,-0.7071,-0.7071,0.0,-80000.0,0
4438,SubmergedRing,-1,ZONE_STEM_TELESCOPIC,Submerged Ballast Tier 1,0.0,0.6458,-4870.09,-6346.83,-0.0,8000.0,232.5,1.0,-0.6088,-0.7934,0.0,-80000.0,0
4439,SubmergedRing,-1,ZONE_STEM_TELESCOPIC,Submerged Ballast Tier 1,0.0,0.6667,-4000.0,-6928.2,-0.0,8000.0,240.0,1.0,-0.5,-0.866,0.0,-80000.0,0
4440,SubmergedRing,-1,ZONE_STEM_TELESCOPIC,Submerged Ballast Tier 1,0.0,0.6875,-3061.47,-7391.04,-0.0,8000.0,247.5,1.0,-0.3827,-0.9239,0.0,-80000.0,0
4441,SubmergedRing,-1,ZONE_STEM_TELESCOPIC,Submerged Ballast Tier 1,0.0,0.7083,-2070.55,-7727.41,-0.0,8000.0,255.0,1.0,-0.2588,-0.9659,0.0,-80000.0,0
4442,SubmergedRing,-1,ZONE_STEM_TELESCOPIC,Submerged Ballast Tier 1,0.0,0.7292,-1044.21,-7931.56,-0.0,8000.0,262.5,1.0,-0.1305,-0.9914,0.0,-80000.0,0
4443,SubmergedRing,-1,ZONE_STEM_TELESCOPIC,Submerged Ballast Tier 1,0.0,0.75,-0.0,-8000.0,-0.0,8000.0,270.0,1.0,-0.0,-1.0,0.0,-80000.0,0
4444,SubmergedRing,-1,ZONE_STEM_TELESCOPIC,Submerged Ballast Tier 1,0.0,0.7708,1044.21,-7931.56,-0.0,8000.0,277.5,1.0,0.1305,-0.9914,0.0,-80000.0,0
4445,SubmergedRing,-1,ZONE_STEM_TELESCOPIC,Submerged Ballast Tier 1,0.0,0.7917,2070.55,-7727.41,-0.0,8000.0,285.0,1.0,0.2588,-0.9659,0.0,-80000.0,0
4446,SubmergedRing,-1,ZONE_STEM_TELESCOPIC,Submerged Ballast Tier 1,0.0,0.8125,3061.47,-7391.04,-0.0,8000.0,292.5,1.0,0.3827,-0.9239,0.0,-80000.0,0
4447,SubmergedRing,-1,ZONE_STEM_TELESCOPIC,Submerged Ballast Tier 1,0.0,0.8333,4000.0,-6928.2,-0.0,8000.0,300.0,1.0,0.5,-0.866,0.0,-80000.0,0
4448,SubmergedRing,-1,ZONE_STEM_TELESCOPIC,Submerged Ballast Tier 1,0.0,0.8542,4870.09,-6346.83,-0.0,8000.0,307.5,1.0,0.6088,-0.7934,0.0,-80000.0,0
4449,SubmergedRing,-1,ZONE_STEM_TELESCOPIC,Submerged Ballast Tier 1,0.0,0.875,5656.85,-5656.85,-0.0,8000.0,315.0,1.0,0.7071,-0.7071,0.0,-80000.0,0
4450,SubmergedRing,-1,ZONE_STEM_TELESCOPIC,Submerged Ballast Tier 1,0.0,0.8958,6346.83,-4870.09,-0.0,8000.0,322.5,1.0,0.7934,-0.6088,0.0,-80000.0,0
4451,SubmergedRing,-1,ZONE_STEM_TELESCOPIC,Submerged Ballast Tier 1,0.0,0.9167,6928.2,-4000.0,-0.0,8000.0,330.0,1.0,0.866,-0.5,0.0,-80000.0,0
4452,SubmergedRing,-1,ZONE_STEM_TELESCOPIC,Submerged Ballast Tier 1,0.0,0.9375,7391.04,-3061.47,-0.0,8000.0,337.5,1.0,0.9239,-0.3827,0.0,-80000.0,0
4453,SubmergedRing,-1,ZONE_STEM_TELESCOPIC,Submerged Ballast Tier 1,0.0,0.9583,7727.41,-2070.55,-0.0,8000.0,345.0,1.0,0.9659,-0.2588,0.0,-80000.0,0
4454,SubmergedRing,-1,ZONE_STEM_TELESCOPIC,Submerged Ballast Tier 1,0.0,0.9792,7931.56,-1044.21,-0.0,8000.0,352.5,1.0,0.9914,-0.1305,0.0,-80000.0,0
4455,SubmergedRing,-1,ZONE_STEM_TELESCOPIC,Submerged Ballast Tier 2,0.0909,0.0,8516.49,0.0,-8181.82,8516.49,0.0,9.23,1.0,0.0,0.0,-80000.0,0
4456,SubmergedRing,-1,ZONE_STEM_TELESCOPIC,Submerged Ballast Tier 2,0.0909,0.0208,8443.63,1111.63,-8181.82,8516.49,7.5,9.23,0.9914,0.1305,0.0,-80000.0,0
4457,SubmergedRing,-1,ZONE_STEM_TELESCOPIC,Submerged Ballast Tier 2,0.0909,0.0417,8226.3,2204.23,-8181.82,8516.49,15.0,9.23,0.9659,0.2588,0.0,-80000.0,0
4458,SubmergedRing,-1,ZONE_STEM_TELESCOPIC,Submerged Ballast Tier 2,0.0909,0.0625,7868.22,3259.12,-8181.82,8516.49,22.5,9.23,0.9239,0.3827,0.0,-80000.0,0
4459,SubmergedRing,-1,ZONE_STEM_TELESCOPIC,Submerged Ballast Tier 2,0.0909,0.0833,7375.5,4258.25,-8181.82,8516.49,30.0,9.23,0.866,0.5,0.0,-80000.0,0
4460,SubmergedRing,-1,ZONE_STEM_TELESCOPIC,Submerged Ballast Tier 2,0.0909,0.1042,6756.59,5184.51,-8181.82,8516.49,37.5,9.23,0.7934,0.6088,0.0,-80000.0,0
4461,SubmergedRing,-1,ZONE_STEM_TELESCOPIC,Submerged Ballast Tier 2,0.0909,0.125,6022.07,6022.07,-8181.82,8516.49,45.0,9.23,0.7071,0.7071,0.0,-80000.0,0
4462,SubmergedRing,-1,ZONE_STEM_TELESCOPIC,Submerged Ballast Tier 2,0.0909,0.1458,5184.51,6756.59,-8181.82,8516.49,52.5,9.23,0.6088,0.7934,0.0,-80000.0,0
4463,SubmergedRing,-1,ZONE_STEM_TELESCOPIC,Submerged Ballast Tier 2,0.0909,0.1667,4258.25,7375.5,-8181.82,8516.49,60.0,9.23,0.5,0.866,0.0,-80000.0,0
4464,SubmergedRing,-1,ZONE_STEM_TELESCOPIC,Submerged Ballast Tier 2,0.0909,0.1875,3259.12,7868.22,-8181.82,8516.49,67.5,9.23,0.3827,0.9239,0.0,-80000.0,0
4465,SubmergedRing,-1,ZONE_STEM_TELESCOPIC,Submerged Ballast Tier 2,0.0909,0.2083,2204.23,8226.3,-8181.82,8516.49,75.0,9.23,0.2588,0.9659,0.0,-80000.0,0
4466,SubmergedRing,-1,ZONE_STEM_TELESCOPIC,Submerged Ballast Tier 2,0.0909,0.2292,1111.63,8443.63,-8181.82,8516.49,82.5,9.23,0.1305,0.9914,0.0,-80000.0,0
4467,SubmergedRing,-1,ZONE_STEM_TELESCOPIC,Submerged Ballast Tier 2,0.0909,0.25,0.0,8516.49,-8181.82,8516.49,90.0,9.23,0.0,1.0,0.0,-80000.0,0
4468,SubmergedRing,-1,ZONE_STEM_TELESCOPIC,Submerged Ballast Tier 2,0.0909,0.2708,-1111.63,8443.63,-8181.82,8516.49,97.5,9.23,-0.1305,0.9914,0.0,-80000.0,0
4469,SubmergedRing,-1,ZONE_STEM_TELESCOPIC,Submerged Ballast Tier 2,0.0909,0.2917,-2204.23,8226.3,-8181.82,8516.49,105.0,9.23,-0.2588,0.9659,0.0,-80000.0,0
4470,SubmergedRing,-1,ZONE_STEM_TELESCOPIC,Submerged Ballast Tier 2,0.0909,0.3125,-3259.12,7868.22,-8181.82,8516.49,112.5,9.23,-0.3827,0.9239,0.0,-80000.0,0
4471,SubmergedRing,-1,ZONE_STEM_TELESCOPIC,Submerged Ballast Tier 2,0.0909,0.3333,-4258.25,7375.5,-8181.82,8516.49,120.0,9.23,-0.5,0.866,0.0,-80000.0,0
4472,SubmergedRing,-1,ZONE_STEM_TELESCOPIC,Submerged Ballast Tier 2,0.0909,0.3542,-5184.51,6756.59,-8181.82,8516.49,127.5,9.23,-0.6088,0.7934,0.0,-80000.0,0
4473,SubmergedRing,-1,ZONE_STEM_TELESCOPIC,Submerged Ballast Tier 2,0.0909,0.375,-6022.07,6022.07,-8181.82,8516.49,135.0,9.23,-0.7071,0.7071,0.0,-80000.0,0
4474,SubmergedRing,-1,ZONE_STEM_TELESCOPIC,Submerged Ballast Tier 2,0.0909,0.3958,-6756.59,5184.51,-8181.82,8516.49,142.5,9.23,-0.7934,0.6088,0.0,-80000.0,0
4475,SubmergedRing,-1,ZONE_STEM_TELESCOPIC,Submerged Ballast Tier 2,0.0909,0.4167,-7375.5,4258.25,-8181.82,8516.49,150.0,9.23,-0.866,0.5,0.0,-80000.0,0
4476,SubmergedRing,-1,ZONE_STEM_TELESCOPIC,Submerged Ballast Tier 2,0.0909,0.4375,-7868.22,3259.12,-8181.82,8516.49,157.5,9.23,-0.9239,0.3827,0.0,-80000.0,0
4477,SubmergedRing,-1,ZONE_STEM_TELESCOPIC,Submerged Ballast Tier 2,0.0909,0.4583,-8226.3,2204.23,-8181.82,8516.49,165.0,9.23,-0.9659,0.2588,0.0,-80000.0,0
4478,SubmergedRing,-1,ZONE_STEM_TELESCOPIC,Submerged Ballast Tier 2,0.0909,0.4792,-8443.63,1111.63,-8181.82,8516.49,172.5,9.23,-0.9914,0.1305,0.0,-80000.0,0
4479,SubmergedRing,-1,ZONE_STEM_TELESCOPIC,Submerged Ballast Tier 2,0.0909,0.5,-8516.49,0.0,-8181.82,8516.49,180.0,9.23,-1.0,0.0,0.0,-80000.0,0
4480,SubmergedRing,-1,ZONE_STEM_TELESCOPIC,Submerged Ballast Tier 2,0.0909,0.5208,-8443.63,-1111.63,-8181.82,8516.49,187.5,9.23,-0.9914,-0.1305,0.0,-80000.0,0
4481,SubmergedRing,-1,ZONE_STEM_TELESCOPIC,Submerged Ballast Tier 2,0.0909,0.5417,-8226.3,-2204.23,-8181.82,8516.49,195.0,9.23,-0.9659,-0.2588,0.0,-80000.0,0
4482,SubmergedRing,-1,ZONE_STEM_TELESCOPIC,Submerged Ballast Tier 2,0.0909,0.5625,-7868.22,-3259.12,-8181.82,8516.49,202.5,9.23,-0.9239,-0.3827,0.0,-80000.0,0
4483,SubmergedRing,-1,ZONE_STEM_TELESCOPIC,Submerged Ballast Tier 2,0.0909,0.5833,-7375.5,-4258.25,-8181.82,8516.49,210.0,9.23,-0.866,-0.5,0.0,-80000.0,0
4484,SubmergedRing,-1,ZONE_STEM_TELESCOPIC,Submerged Ballast Tier 2,0.0909,0.6042,-6756.59,-5184.51,-8181.82,8516.49,217.5,9.23,-0.7934,-0.6088,0.0,-80000.0,0
4485,SubmergedRing,-1,ZONE_STEM_TELESCOPIC,Submerged Ballast Tier 2,0.0909,0.625,-6022.07,-6022.07,-8181.82,8516.49,225.0,9.23,-0.7071,-0.7071,0.0,-80000.0,0
4486,SubmergedRing,-1,ZONE_STEM_TELESCOPIC,Submerged Ballast Tier 2,0.0909,0.6458,-5184.51,-6756.59,-8181.82,8516.49,232.5,9.23,-0.6088,-0.7934,0.0,-80000.0,0
4487,SubmergedRing,-1,ZONE_STEM_TELESCOPIC,Submerged Ballast Tier 2,0.0909,0.6667,-4258.25,-7375.5,-8181.82,8516.49,240.0,9.23,-0.5,-0.866,0.0,-80000.0,0
4488,SubmergedRing,-1,ZONE_STEM_TELESCOPIC,Submerged Ballast Tier 2,0.0909,0.6875,-3259.12,-7868.22,-8181.82,8516.49,247.5,9.23,-0.3827,-0.9239,0.0,-80000.0,0
4489,SubmergedRing,-1,ZONE_STEM_TELESCOPIC,Submerged Ballast Tier 2,0.0909,0.7083,-2204.23,-8226.3,-8181.82,8516.49,255.0,9.23,-0.2588,-0.9659,0.0,-80000.0,0
4490,SubmergedRing,-1,ZONE_STEM_TELESCOPIC,Submerged Ballast Tier 2,0.0909,0.7292,-1111.63,-8443.63,-8181.82,8516.49,262.5,9.23,-0.1305,-0.9914,0.0,-80000.0,0
4491,SubmergedRing,-1,ZONE_STEM_TELESCOPIC,Submerged Ballast Tier 2,0.0909,0.75,-0.0,-8516.49,-8181.82,8516.49,270.0,9.23,-0.0,-1.0,0.0,-80000.0,0
4492,SubmergedRing,-1,ZONE_STEM_TELESCOPIC,Submerged Ballast Tier 2,0.0909,0.7708,1111.63,-8443.63,-8181.82,8516.49,277.5,9.23,0.1305,-0.9914,0.0,-80000.0,0
4493,SubmergedRing,-1,ZONE_STEM_TELESCOPIC,Submerged Ballast Tier 2,0.0909,0.7917,2204.23,-8226.3,-8181.82,8516.49,285.0,9.23,0.2588,-0.9659,0.0,-80000.0,0
4494,SubmergedRing,-1,ZONE_STEM_TELESCOPIC,Submerged Ballast Tier 2,0.0909,0.8125,3259.12,-7868.22,-8181.82,8516.49,292.5,9.23,0.3827,-0.9239,0.0,-80000.0,0
4495,SubmergedRing,-1,ZONE_STEM_TELESCOPIC,Submerged Ballast Tier 2,0.0909,0.8333,4258.25,-7375.5,-8181.82,8516.49,300.0,9.23,0.5,-0.866,0.0,-80000.0,0
4496,SubmergedRing,-1,ZONE_STEM_TELESCOPIC,Submerged Ballast Tier 2,0.0909,0.8542,5184.51,-6756.59,-8181.82,8516.49,307.5,9.23,0.6088,-0.7934,0.0,-80000.0,0
4497,SubmergedRing,-1,ZONE_STEM_TELESCOPIC,Submerged Ballast Tier 2,0.0909,0.875,6022.07,-6022.07,-8181.82,8516.49,315.0,9.23,0.7071,-0.7071,0.0,-80000.0,0
4498,SubmergedRing,-1,ZONE_STEM_TELESCOPIC,Submerged Ballast Tier 2,0.0909,0.8958,6756.59,-5184.51,-8181.82,8516.49,322.5,9.23,0.7934,-0.6088,0.0,-80000.0,0
4499,SubmergedRing,-1,ZONE_STEM_TELESCOPIC,Submerged Ballast Tier 2,0.0909,0.9167,7375.5,-4258.25,-8181.82,8516.49,330.0,9.23,0.866,-0.5,0.0,-80000.0,0
4500,SubmergedRing,-1,ZONE_STEM_TELESCOPIC,Submerged Ballast Tier 2,0.0909,0.9375,7868.22,-3259.12,-8181.82,8516.49,337.5,9.23,0.9239,-0.3827,0.0,-80000.0,0
4501,SubmergedRing,-1,ZONE_STEM_TELESCOPIC,Submerged Ballast Tier 2,0.0909,0.9583,8226.3,-2204.23,-8181.82,8516.49,345.0,9.23,0.9659,-0.2588,0.0,-80000.0,0
4502,SubmergedRing,-1,ZONE_STEM_TELESCOPIC,Submerged Ballast Tier 2,0.0909,0.9792,8443.63,-1111.63,-8181.82,8516.49,352.5,9.23,0.9914,-0.1305,0.0,-80000.0,0
4503,SubmergedRing,-1,ZONE_STEM_TELESCOPIC,Submerged Ballast Tier 3,0.1818,0.0,9620.93,0.0,-16363.64,9620.93,0.0,17.45,1.0,0.0,0.0,-80000.0,0
4504,SubmergedRing,-1,ZONE_STEM_TELESCOPIC,Submerged Ballast Tier 3,0.1818,0.0208,9538.63,1255.78,-16363.64,9620.93,7.5,17.45,0.9914,0.1305,0.0,-80000.0,0
4505,SubmergedRing,-1,ZONE_STEM_TELESCOPIC,Submerged Ballast Tier 3,0.1818,0.0417,9293.11,2490.08,-16363.64,9620.93,15.0,17.45,0.9659,0.2588,0.0,-80000.0,0
4506,SubmergedRing,-1,ZONE_STEM_TELESCOPIC,Submerged Ballast Tier 3,0.1818,0.0625,8888.58,3681.77,-16363.64,9620.93,22.5,17.45,0.9239,0.3827,0.0,-80000.0,0
4507,SubmergedRing,-1,ZONE_STEM_TELESCOPIC,Submerged Ballast Tier 3,0.1818,0.0833,8331.97,4810.47,-16363.64,9620.93,30.0,17.45,0.866,0.5,0.0,-80000.0,0
4508,SubmergedRing,-1,ZONE_STEM_TELESCOPIC,Submerged Ballast Tier 3,0.1818,0.1042,7632.8,5856.85,-16363.64,9620.93,37.5,17.45,0.7934,0.6088,0.0,-80000.0,0
4509,SubmergedRing,-1,ZONE_STEM_TELESCOPIC,Submerged Ballast Tier 3,0.1818,0.125,6803.03,6803.03,-16363.64,9620.93,45.0,17.45,0.7071,0.7071,0.0,-80000.0,0
4510,SubmergedRing,-1,ZONE_STEM_TELESCOPIC,Submerged Ballast Tier 3,0.1818,0.1458,5856.85,7632.8,-16363.64,9620.93,52.5,17.45,0.6088,0.7934,0.0,-80000.0,0
4511,SubmergedRing,-1,ZONE_STEM_TELESCOPIC,Submerged Ballast Tier 3,0.1818,0.1667,4810.47,8331.97,-16363.64,9620.93,60.0,17.45,0.5,0.866,0.0,-80000.0,0
4512,SubmergedRing,-1,ZONE_STEM_TELESCOPIC,Submerged Ballast Tier 3,0.1818,0.1875,3681.77,8888.58,-16363.64,9620.93,67.5,17.45,0.3827,0.9239,0.0,-80000.0,0
4513,SubmergedRing,-1,ZONE_STEM_TELESCOPIC,Submerged Ballast Tier 3,0.1818,0.2083,2490.08,9293.11,-16363.64,9620.93,75.0,17.45,0.2588,0.9659,0.0,-80000.0,0
4514,SubmergedRing,-1,ZONE_STEM_TELESCOPIC,Submerged Ballast Tier 3,0.1818,0.2292,1255.78,9538.63,-16363.64,9620.93,82.5,17.45,0.1305,0.9914,0.0,-80000.0,0
4515,SubmergedRing,-1,ZONE_STEM_TELESCOPIC,Submerged Ballast Tier 3,0.1818,0.25,0.0,9620.93,-16363.64,9620.93,90.0,17.45,0.0,1.0,0.0,-80000.0,0
4516,SubmergedRing,-1,ZONE_STEM_TELESCOPIC,Submerged Ballast Tier 3,0.1818,0.2708,-1255.78,9538.63,-16363.64,9620.93,97.5,17.45,-0.1305,0.9914,0.0,-80000.0,0
4517,SubmergedRing,-1,ZONE_STEM_TELESCOPIC,Submerged Ballast Tier 3,0.1818,0.2917,-2490.08,9293.11,-16363.64,9620.93,105.0,17.45,-0.2588,0.9659,0.0,-80000.0,0
4518,SubmergedRing,-1,ZONE_STEM_TELESCOPIC,Submerged Ballast Tier 3,0.1818,0.3125,-3681.77,8888.58,-16363.64,9620.93,112.5,17.45,-0.3827,0.9239,0.0,-80000.0,0
4519,SubmergedRing,-1,ZONE_STEM_TELESCOPIC,Submerged Ballast Tier 3,0.1818,0.3333,-4810.47,8331.97,-16363.64,9620.93,120.0,17.45,-0.5,0.866,0.0,-80000.0,0
4520,SubmergedRing,-1,ZONE_STEM_TELESCOPIC,Submerged Ballast Tier 3,0.1818,0.3542,-5856.85,7632.8,-16363.64,9620.93,127.5,17.45,-0.6088,0.7934,0.0,-80000.0,0
4521,SubmergedRing,-1,ZONE_STEM_TELESCOPIC,Submerged Ballast Tier 3,0.1818,0.375,-6803.03,6803.03,-16363.64,9620.93,135.0,17.45,-0.7071,0.7071,0.0,-80000.0,0
4522,SubmergedRing,-1,ZONE_STEM_TELESCOPIC,Submerged Ballast Tier 3,0.1818,0.3958,-7632.8,5856.85,-16363.64,9620.93,142.5,17.45,-0.7934,0.6088,0.0,-80000.0,0
4523,SubmergedRing,-1,ZONE_STEM_TELESCOPIC,Submerged Ballast Tier 3,0.1818,0.4167,-8331.97,4810.47,-16363.64,9620.93,150.0,17.45,-0.866,0.5,0.0,-80000.0,0
4524,SubmergedRing,-1,ZONE_STEM_TELESCOPIC,Submerged Ballast Tier 3,0.1818,0.4375,-8888.58,3681.77,-16363.64,9620.93,157.5,17.45,-0.9239,0.3827,0.0,-80000.0,0
4525,SubmergedRing,-1,ZONE_STEM_TELESCOPIC,Submerged Ballast Tier 3,0.1818,0.4583,-9293.11,2490.08,-16363.64,9620.93,165.0,17.45,-0.9659,0.2588,0.0,-80000.0,0
4526,SubmergedRing,-1,ZONE_STEM_TELESCOPIC,Submerged Ballast Tier 3,0.1818,0.4792,-9538.63,1255.78,-16363.64,9620.93,172.5,17.45,-0.9914,0.1305,0.0,-80000.0,0
4527,SubmergedRing,-1,ZONE_STEM_TELESCOPIC,Submerged Ballast Tier 3,0.1818,0.5,-9620.93,0.0,-16363.64,9620.93,180.0,17.45,-1.0,0.0,0.0,-80000.0,0
4528,SubmergedRing,-1,ZONE_STEM_TELESCOPIC,Submerged Ballast Tier 3,0.1818,0.5208,-9538.63,-1255.78,-16363.64,9620.93,187.5,17.45,-0.9914,-0.1305,0.0,-80000.0,0
4529,SubmergedRing,-1,ZONE_STEM_TELESCOPIC,Submerged Ballast Tier 3,0.1818,0.5417,-9293.11,-2490.08,-16363.64,9620.93,195.0,17.45,-0.9659,-0.2588,0.0,-80000.0,0
4530,SubmergedRing,-1,ZONE_STEM_TELESCOPIC,Submerged Ballast Tier 3,0.1818,0.5625,-8888.58,-3681.77,-16363.64,9620.93,202.5,17.45,-0.9239,-0.3827,0.0,-80000.0,0
4531,SubmergedRing,-1,ZONE_STEM_TELESCOPIC,Submerged Ballast Tier 3,0.1818,0.5833,-8331.97,-4810.47,-16363.64,9620.93,210.0,17.45,-0.866,-0.5,0.0,-80000.0,0
4532,SubmergedRing,-1,ZONE_STEM_TELESCOPIC,Submerged Ballast Tier 3,0.1818,0.6042,-7632.8,-5856.85,-16363.64,9620.93,217.5,17.45,-0.7934,-0.6088,0.0,-80000.0,0
4533,SubmergedRing,-1,ZONE_STEM_TELESCOPIC,Submerged Ballast Tier 3,0.1818,0.625,-6803.03,-6803.03,-16363.64,9620.93,225.0,17.45,-0.7071,-0.7071,0.0,-80000.0,0
4534,SubmergedRing,-1,ZONE_STEM_TELESCOPIC,Submerged Ballast Tier 3,0.1818,0.6458,-5856.85,-7632.8,-16363.64,9620.93,232.5,17.45,-0.6088,-0.7934,0.0,-80000.0,0
4535,SubmergedRing,-1,ZONE_STEM_TELESCOPIC,Submerged Ballast Tier 3,0.1818,0.6667,-4810.47,-8331.97,-16363.64,9620.93,240.0,17.45,-0.5,-0.866,0.0,-80000.0,0
4536,SubmergedRing,-1,ZONE_STEM_TELESCOPIC,Submerged Ballast Tier 3,0.1818,0.6875,-3681.77,-8888.58,-16363.64,9620.93,247.5,17.45,-0.3827,-0.9239,0.0,-80000.0,0
4537,SubmergedRing,-1,ZONE_STEM_TELESCOPIC,Submerged Ballast Tier 3,0.1818,0.7083,-2490.08,-9293.11,-16363.64,9620.93,255.0,17.45,-0.2588,-0.9659,0.0,-80000.0,0
4538,SubmergedRing,-1,ZONE_STEM_TELESCOPIC,Submerged Ballast Tier 3,0.1818,0.7292,-1255.78,-9538.63,-16363.64,9620.93,262.5,17.45,-0.1305,-0.9914,0.0,-80000.0,0
4539,SubmergedRing,-1,ZONE_STEM_TELESCOPIC,Submerged Ballast Tier 3,0.1818,0.75,-0.0,-9620.93,-16363.64,9620.93,270.0,17.45,-0.0,-1.0,0.0,-80000.0,0
4540,SubmergedRing,-1,ZONE_STEM_TELESCOPIC,Submerged Ballast Tier 3,0.1818,0.7708,1255.78,-9538.63,-16363.64,9620.93,277.5,17.45,0.1305,-0.9914,0.0,-80000.0,0
4541,SubmergedRing,-1,ZONE_STEM_TELESCOPIC,Submerged Ballast Tier 3,0.1818,0.7917,2490.08,-9293.11,-16363.64,9620.93,285.0,17.45,0.2588,-0.9659,0.0,-80000.0,0
4542,SubmergedRing,-1,ZONE_STEM_TELESCOPIC,Submerged Ballast Tier 3,0.1818,0.8125,3681.77,-8888.58,-16363.64,9620.93,292.5,17.45,0.3827,-0.9239,0.0,-80000.0,0
4543,SubmergedRing,-1,ZONE_STEM_TELESCOPIC,Submerged Ballast Tier 3,0.1818,0.8333,4810.47,-8331.97,-16363.64,9620.93,300.0,17.45,0.5,-0.866,0.0,-80000.0,0
4544,SubmergedRing,-1,ZONE_STEM_TELESCOPIC,Submerged Ballast Tier 3,0.1818,0.8542,5856.85,-7632.8,-16363.64,9620.93,307.5,17.45,0.6088,-0.7934,0.0,-80000.0,0
4545,SubmergedRing,-1,ZONE_STEM_TELESCOPIC,Submerged Ballast Tier 3,0.1818,0.875,6803.03,-6803.03,-16363.64,9620.93,315.0,17.45,0.7071,-0.7071,0.0,-80000.0,0
4546,SubmergedRing,-1,ZONE_STEM_TELESCOPIC,Submerged Ballast Tier 3,0.1818,0.8958,7632.8,-5856.85,-16363.64,9620.93,322.5,17.45,0.7934,-0.6088,0.0,-80000.0,0
4547,SubmergedRing,-1,ZONE_STEM_TELESCOPIC,Submerged Ballast Tier 3,0.1818,0.9167,8331.97,-4810.47,-16363.64,9620.93,330.0,17.45,0.866,-0.5,0.0,-80000.0,0
4548,SubmergedRing,-1,ZONE_STEM_TELESCOPIC,Submerged Ballast Tier 3,0.1818,0.9375,8888.58,-3681.77,-16363.64,9620.93,337.5,17.45,0.9239,-0.3827,0.0,-80000.0,0
4549,SubmergedRing,-1,ZONE_STEM_TELESCOPIC,Submerged Ballast Tier 3,0.1818,0.9583,9293.11,-2490.08,-16363.64,9620.93,345.0,17.45,0.9659,-0.2588,0.0,-80000.0,0
4550,SubmergedRing,-1,ZONE_STEM_TELESCOPIC,Submerged Ballast Tier 3,0.1818,0.9792,9538.63,-1255.78,-16363.64,9620.93,352.5,17.45,0.9914,-0.1305,0.0,-80000.0,0
4551,SubmergedRing,-1,ZONE_STEM_TELESCOPIC,Submerged Ballast Tier 4,0.2727,0.0,11164.58,0.0,-24545.45,11164.58,0.0,25.68,1.0,0.0,0.0,-80000.0,0
4552,SubmergedRing,-1,ZONE_STEM_TELESCOPIC,Submerged Ballast Tier 4,0.2727,0.0208,11069.06,1457.27,-24545.45,11164.58,7.5,25.68,0.9914,0.1305,0.0,-80000.0,0
4553,SubmergedRing,-1,ZONE_STEM_TELESCOPIC,Submerged Ballast Tier 4,0.2727,0.0417,10784.15,2889.61,-24545.45,11164.58,15.0,25.68,0.9659,0.2588,0.0,-80000.0,0
4554,SubmergedRing,-1,ZONE_STEM_TELESCOPIC,Submerged Ballast Tier 4,0.2727,0.0625,10314.73,4272.5,-24545.45,11164.58,22.5,25.68,0.9239,0.3827,0.0,-80000.0,0
4555,SubmergedRing,-1,ZONE_STEM_TELESCOPIC,Submerged Ballast Tier 4,0.2727,0.0833,9668.81,5582.29,-24545.45,11164.58,30.0,25.68,0.866,0.5,0.0,-80000.0,0
4556,SubmergedRing,-1,ZONE_STEM_TELESCOPIC,Submerged Ballast Tier 4,0.2727,0.1042,8857.46,6796.56,-24545.45,11164.58,37.5,25.68,0.7934,0.6088,0.0,-80000.0,0
4557,SubmergedRing,-1,ZONE_STEM_TELESCOPIC,Submerged Ballast Tier 4,0.2727,0.125,7894.55,7894.55,-24545.45,11164.58,45.0,25.68,0.7071,0.7071,0.0,-80000.0,0
4558,SubmergedRing,-1,ZONE_STEM_TELESCOPIC,Submerged Ballast Tier 4,0.2727,0.1458,6796.56,8857.46,-24545.45,11164.58,52.5,25.68,0.6088,0.7934,0.0,-80000.0,0
4559,SubmergedRing,-1,ZONE_STEM_TELESCOPIC,Submerged Ballast Tier 4,0.2727,0.1667,5582.29,9668.81,-24545.45,11164.58,60.0,25.68,0.5,0.866,0.0,-80000.0,0
4560,SubmergedRing,-1,ZONE_STEM_TELESCOPIC,Submerged Ballast Tier 4,0.2727,0.1875,4272.5,10314.73,-24545.45,11164.58,67.5,25.68,0.3827,0.9239,0.0,-80000.0,0
4561,SubmergedRing,-1,ZONE_STEM_TELESCOPIC,Submerged Ballast Tier 4,0.2727,0.2083,2889.61,10784.15,-24545.45,11164.58,75.0,25.68,0.2588,0.9659,0.0,-80000.0,0
4562,SubmergedRing,-1,ZONE_STEM_TELESCOPIC,Submerged Ballast Tier 4,0.2727,0.2292,1457.27,11069.06,-24545.45,11164.58,82.5,25.68,0.1305,0.9914,0.0,-80000.0,0
4563,SubmergedRing,-1,ZONE_STEM_TELESCOPIC,Submerged Ballast Tier 4,0.2727,0.25,0.0,11164.58,-24545.45,11164.58,90.0,25.68,0.0,1.0,0.0,-80000.0,0
4564,SubmergedRing,-1,ZONE_STEM_TELESCOPIC,Submerged Ballast Tier 4,0.2727,0.2708,-1457.27,11069.06,-24545.45,11164.58,97.5,25.68,-0.1305,0.9914,0.0,-80000.0,0
4565,SubmergedRing,-1,ZONE_STEM_TELESCOPIC,Submerged Ballast Tier 4,0.2727,0.2917,-2889.61,10784.15,-24545.45,11164.58,105.0,25.68,-0.2588,0.9659,0.0,-80000.0,0
4566,SubmergedRing,-1,ZONE_STEM_TELESCOPIC,Submerged Ballast Tier 4,0.2727,0.3125,-4272.5,10314.73,-24545.45,11164.58,112.5,25.68,-0.3827,0.9239,0.0,-80000.0,0
4567,SubmergedRing,-1,ZONE_STEM_TELESCOPIC,Submerged Ballast Tier 4,0.2727,0.3333,-5582.29,9668.81,-24545.45,11164.58,120.0,25.68,-0.5,0.866,0.0,-80000.0,0
4568,SubmergedRing,-1,ZONE_STEM_TELESCOPIC,Submerged Ballast Tier 4,0.2727,0.3542,-6796.56,8857.46,-24545.45,11164.58,127.5,25.68,-0.6088,0.7934,0.0,-80000.0,0
4569,SubmergedRing,-1,ZONE_STEM_TELESCOPIC,Submerged Ballast Tier 4,0.2727,0.375,-7894.55,7894.55,-24545.45,11164.58,135.0,25.68,-0.7071,0.7071,0.0,-80000.0,0
4570,SubmergedRing,-1,ZONE_STEM_TELESCOPIC,Submerged Ballast Tier 4,0.2727,0.3958,-8857.46,6796.56,-24545.45,11164.58,142.5,25.68,-0.7934,0.6088,0.0,-80000.0,0
4571,SubmergedRing,-1,ZONE_STEM_TELESCOPIC,Submerged Ballast Tier 4,0.2727,0.4167,-9668.81,5582.29,-24545.45,11164.58,150.0,25.68,-0.866,0.5,0.0,-80000.0,0
4572,SubmergedRing,-1,ZONE_STEM_TELESCOPIC,Submerged Ballast Tier 4,0.2727,0.4375,-10314.73,4272.5,-24545.45,11164.58,157.5,25.68,-0.9239,0.3827,0.0,-80000.0,0
4573,SubmergedRing,-1,ZONE_STEM_TELESCOPIC,Submerged Ballast Tier 4,0.2727,0.4583,-10784.15,2889.61,-24545.45,11164.58,165.0,25.68,-0.9659,0.2588,0.0,-80000.0,0
4574,SubmergedRing,-1,ZONE_STEM_TELESCOPIC,Submerged Ballast Tier 4,0.2727,0.4792,-11069.06,1457.27,-24545.45,11164.58,172.5,25.68,-0.9914,0.1305,0.0,-80000.0,0
4575,SubmergedRing,-1,ZONE_STEM_TELESCOPIC,Submerged Ballast Tier 4,0.2727,0.5,-11164.58,0.0,-24545.45,11164.58,180.0,25.68,-1.0,0.0,0.0,-80000.0,0
4576,SubmergedRing,-1,ZONE_STEM_TELESCOPIC,Submerged Ballast Tier 4,0.2727,0.5208,-11069.06,-1457.27,-24545.45,11164.58,187.5,25.68,-0.9914,-0.1305,0.0,-80000.0,0
4577,SubmergedRing,-1,ZONE_STEM_TELESCOPIC,Submerged Ballast Tier 4,0.2727,0.5417,-10784.15,-2889.61,-24545.45,11164.58,195.0,25.68,-0.9659,-0.2588,0.0,-80000.0,0
4578,SubmergedRing,-1,ZONE_STEM_TELESCOPIC,Submerged Ballast Tier 4,0.2727,0.5625,-10314.73,-4272.5,-24545.45,11164.58,202.5,25.68,-0.9239,-0.3827,0.0,-80000.0,0
4579,SubmergedRing,-1,ZONE_STEM_TELESCOPIC,Submerged Ballast Tier 4,0.2727,0.5833,-9668.81,-5582.29,-24545.45,11164.58,210.0,25.68,-0.866,-0.5,0.0,-80000.0,0
4580,SubmergedRing,-1,ZONE_STEM_TELESCOPIC,Submerged Ballast Tier 4,0.2727,0.6042,-8857.46,-6796.56,-24545.45,11164.58,217.5,25.68,-0.7934,-0.6088,0.0,-80000.0,0
4581,SubmergedRing,-1,ZONE_STEM_TELESCOPIC,Submerged Ballast Tier 4,0.2727,0.625,-7894.55,-7894.55,-24545.45,11164.58,225.0,25.68,-0.7071,-0.7071,0.0,-80000.0,0
4582,SubmergedRing,-1,ZONE_STEM_TELESCOPIC,Submerged Ballast Tier 4,0.2727,0.6458,-6796.56,-8857.46,-24545.45,11164.58,232.5,25.68,-0.6088,-0.7934,0.0,-80000.0,0
4583,SubmergedRing,-1,ZONE_STEM_TELESCOPIC,Submerged Ballast Tier 4,0.2727,0.6667,-5582.29,-9668.81,-24545.45,11164.58,240.0,25.68,-0.5,-0.866,0.0,-80000.0,0
4584,SubmergedRing,-1,ZONE_STEM_TELESCOPIC,Submerged Ballast Tier 4,0.2727,0.6875,-4272.5,-10314.73,-24545.45,11164.58,247.5,25.68,-0.3827,-0.9239,0.0,-80000.0,0
4585,SubmergedRing,-1,ZONE_STEM_TELESCOPIC,Submerged Ballast Tier 4,0.2727,0.7083,-2889.61,-10784.15,-24545.45,11164.58,255.0,25.68,-0.2588,-0.9659,0.0,-80000.0,0
4586,SubmergedRing,-1,ZONE_STEM_TELESCOPIC,Submerged Ballast Tier 4,0.2727,0.7292,-1457.27,-11069.06,-24545.45,11164.58,262.5,25.68,-0.1305,-0.9914,0.0,-80000.0,0
4587,SubmergedRing,-1,ZONE_STEM_TELESCOPIC,Submerged Ballast Tier 4,0.2727,0.75,-0.0,-11164.58,-24545.45,11164.58,270.0,25.68,-0.0,-1.0,0.0,-80000.0,0
4588,SubmergedRing,-1,ZONE_STEM_TELESCOPIC,Submerged Ballast Tier 4,0.2727,0.7708,1457.27,-11069.06,-24545.45,11164.58,277.5,25.68,0.1305,-0.9914,0.0,-80000.0,0
4589,SubmergedRing,-1,ZONE_STEM_TELESCOPIC,Submerged Ballast Tier 4,0.2727,0.7917,2889.61,-10784.15,-24545.45,11164.58,285.0,25.68,0.2588,-0.9659,0.0,-80000.0,0
4590,SubmergedRing,-1,ZONE_STEM_TELESCOPIC,Submerged Ballast Tier 4,0.2727,0.8125,4272.5,-10314.73,-24545.45,11164.58,292.5,25.68,0.3827,-0.9239,0.0,-80000.0,0
4591,SubmergedRing,-1,ZONE_STEM_TELESCOPIC,Submerged Ballast Tier 4,0.2727,0.8333,5582.29,-9668.81,-24545.45,11164.58,300.0,25.68,0.5,-0.866,0.0,-80000.0,0
4592,SubmergedRing,-1,ZONE_STEM_TELESCOPIC,Submerged Ballast Tier 4,0.2727,0.8542,6796.56,-8857.46,-24545.45,11164.58,307.5,25.68,0.6088,-0.7934,0.0,-80000.0,0
4593,SubmergedRing,-1,ZONE_STEM_TELESCOPIC,Submerged Ballast Tier 4,0.2727,0.875,7894.55,-7894.55,-24545.45,11164.58,315.0,25.68,0.7071,-0.7071,0.0,-80000.0,0
4594,SubmergedRing,-1,ZONE_STEM_TELESCOPIC,Submerged Ballast Tier 4,0.2727,0.8958,8857.46,-6796.56,-24545.45,11164.58,322.5,25.68,0.7934,-0.6088,0.0,-80000.0,0
4595,SubmergedRing,-1,ZONE_STEM_TELESCOPIC,Submerged Ballast Tier 4,0.2727,0.9167,9668.81,-5582.29,-24545.45,11164.58,330.0,25.68,0.866,-0.5,0.0,-80000.0,0
4596,SubmergedRing,-1,ZONE_STEM_TELESCOPIC,Submerged Ballast Tier 4,0.2727,0.9375,10314.73,-4272.5,-24545.45,11164.58,337.5,25.68,0.9239,-0.3827,0.0,-80000.0,0
4597,SubmergedRing,-1,ZONE_STEM_TELESCOPIC,Submerged Ballast Tier 4,0.2727,0.9583,10784.15,-2889.61,-24545.45,11164.58,345.0,25.68,0.9659,-0.2588,0.0,-80000.0,0
4598,SubmergedRing,-1,ZONE_STEM_TELESCOPIC,Submerged Ballast Tier 4,0.2727,0.9792,11069.06,-1457.27,-24545.45,11164.58,352.5,25.68,0.9914,-0.1305,0.0,-80000.0,0
4599,SubmergedRing,-1,ZONE_STEM_TELESCOPIC,Submerged Ballast Tier 5,0.3636,0.0,13087.04,0.0,-32727.27,13087.04,0.0,33.91,1.0,0.0,0.0,-80000.0,0
4600,SubmergedRing,-1,ZONE_STEM_TELESCOPIC,Submerged Ballast Tier 5,0.3636,0.0208,12975.07,1708.2,-32727.27,13087.04,7.5,33.91,0.9914,0.1305,0.0,-80000.0,0
4601,SubmergedRing,-1,ZONE_STEM_TELESCOPIC,Submerged Ballast Tier 5,0.3636,0.0417,12641.11,3387.17,-32727.27,13087.04,15.0,33.91,0.9659,0.2588,0.0,-80000.0,0
4602,SubmergedRing,-1,ZONE_STEM_TELESCOPIC,Submerged Ballast Tier 5,0.3636,0.0625,12090.84,5008.19,-32727.27,13087.04,22.5,33.91,0.9239,0.3827,0.0,-80000.0,0
4603,SubmergedRing,-1,ZONE_STEM_TELESCOPIC,Submerged Ballast Tier 5,0.3636,0.0833,11333.71,6543.52,-32727.27,13087.04,30.0,33.91,0.866,0.5,0.0,-80000.0,0
4604,SubmergedRing,-1,ZONE_STEM_TELESCOPIC,Submerged Ballast Tier 5,0.3636,0.1042,10382.64,7966.88,-32727.27,13087.04,37.5,33.91,0.7934,0.6088,0.0,-80000.0,0
4605,SubmergedRing,-1,ZONE_STEM_TELESCOPIC,Submerged Ballast Tier 5,0.3636,0.125,9253.93,9253.93,-32727.27,13087.04,45.0,33.91,0.7071,0.7071,0.0,-80000.0,0
4606,SubmergedRing,-1,ZONE_STEM_TELESCOPIC,Submerged Ballast Tier 5,0.3636,0.1458,7966.88,10382.64,-32727.27,13087.04,52.5,33.91,0.6088,0.7934,0.0,-80000.0,0
4607,SubmergedRing,-1,ZONE_STEM_TELESCOPIC,Submerged Ballast Tier 5,0.3636,0.1667,6543.52,11333.71,-32727.27,13087.04,60.0,33.91,0.5,0.866,0.0,-80000.0,0
4608,SubmergedRing,-1,ZONE_STEM_TELESCOPIC,Submerged Ballast Tier 5,0.3636,0.1875,5008.19,12090.84,-32727.27,13087.04,67.5,33.91,0.3827,0.9239,0.0,-80000.0,0
4609,SubmergedRing,-1,ZONE_STEM_TELESCOPIC,Submerged Ballast Tier 5,0.3636,0.2083,3387.17,12641.11,-32727.27,13087.04,75.0,33.91,0.2588,0.9659,0.0,-80000.0,0
4610,SubmergedRing,-1,ZONE_STEM_TELESCOPIC,Submerged Ballast Tier 5,0.3636,0.2292,1708.2,12975.07,-32727.27,13087.04,82.5,33.91,0.1305,0.9914,0.0,-80000.0,0
4611,SubmergedRing,-1,ZONE_STEM_TELESCOPIC,Submerged Ballast Tier 5,0.3636,0.25,0.0,13087.04,-32727.27,13087.04,90.0,33.91,0.0,1.0,0.0,-80000.0,0
4612,SubmergedRing,-1,ZONE_STEM_TELESCOPIC,Submerged Ballast Tier 5,0.3636,0.2708,-1708.2,12975.07,-32727.27,13087.04,97.5,33.91,-0.1305,0.9914,0.0,-80000.0,0
4613,SubmergedRing,-1,ZONE_STEM_TELESCOPIC,Submerged Ballast Tier 5,0.3636,0.2917,-3387.17,12641.11,-32727.27,13087.04,105.0,33.91,-0.2588,0.9659,0.0,-80000.0,0
4614,SubmergedRing,-1,ZONE_STEM_TELESCOPIC,Submerged Ballast Tier 5,0.3636,0.3125,-5008.19,12090.84,-32727.27,13087.04,112.5,33.91,-0.3827,0.9239,0.0,-80000.0,0
4615,SubmergedRing,-1,ZONE_STEM_TELESCOPIC,Submerged Ballast Tier 5,0.3636,0.3333,-6543.52,11333.71,-32727.27,13087.04,120.0,33.91,-0.5,0.866,0.0,-80000.0,0
4616,SubmergedRing,-1,ZONE_STEM_TELESCOPIC,Submerged Ballast Tier 5,0.3636,0.3542,-7966.88,10382.64,-32727.27,13087.04,127.5,33.91,-0.6088,0.7934,0.0,-80000.0,0
4617,SubmergedRing,-1,ZONE_STEM_TELESCOPIC,Submerged Ballast Tier 5,0.3636,0.375,-9253.93,9253.93,-32727.27,13087.04,135.0,33.91,-0.7071,0.7071,0.0,-80000.0,0
4618,SubmergedRing,-1,ZONE_STEM_TELESCOPIC,Submerged Ballast Tier 5,0.3636,0.3958,-10382.64,7966.88,-32727.27,13087.04,142.5,33.91,-0.7934,0.6088,0.0,-80000.0,0
4619,SubmergedRing,-1,ZONE_STEM_TELESCOPIC,Submerged Ballast Tier 5,0.3636,0.4167,-11333.71,6543.52,-32727.27,13087.04,150.0,33.91,-0.866,0.5,0.0,-80000.0,0
4620,SubmergedRing,-1,ZONE_STEM_TELESCOPIC,Submerged Ballast Tier 5,0.3636,0.4375,-12090.84,5008.19,-32727.27,13087.04,157.5,33.91,-0.9239,0.3827,0.0,-80000.0,0
4621,SubmergedRing,-1,ZONE_STEM_TELESCOPIC,Submerged Ballast Tier 5,0.3636,0.4583,-12641.11,3387.17,-32727.27,13087.04,165.0,33.91,-0.9659,0.2588,0.0,-80000.0,0
4622,SubmergedRing,-1,ZONE_STEM_TELESCOPIC,Submerged Ballast Tier 5,0.3636,0.4792,-12975.07,1708.2,-32727.27,13087.04,172.5,33.91,-0.9914,0.1305,0.0,-80000.0,0
4623,SubmergedRing,-1,ZONE_STEM_TELESCOPIC,Submerged Ballast Tier 5,0.3636,0.5,-13087.04,0.0,-32727.27,13087.04,180.0,33.91,-1.0,0.0,0.0,-80000.0,0
4624,SubmergedRing,-1,ZONE_STEM_TELESCOPIC,Submerged Ballast Tier 5,0.3636,0.5208,-12975.07,-1708.2,-32727.27,13087.04,187.5,33.91,-0.9914,-0.1305,0.0,-80000.0,0
4625,SubmergedRing,-1,ZONE_STEM_TELESCOPIC,Submerged Ballast Tier 5,0.3636,0.5417,-12641.11,-3387.17,-32727.27,13087.04,195.0,33.91,-0.9659,-0.2588,0.0,-80000.0,0
4626,SubmergedRing,-1,ZONE_STEM_TELESCOPIC,Submerged Ballast Tier 5,0.3636,0.5625,-12090.84,-5008.19,-32727.27,13087.04,202.5,33.91,-0.9239,-0.3827,0.0,-80000.0,0
4627,SubmergedRing,-1,ZONE_STEM_TELESCOPIC,Submerged Ballast Tier 5,0.3636,0.5833,-11333.71,-6543.52,-32727.27,13087.04,210.0,33.91,-0.866,-0.5,0.0,-80000.0,0
4628,SubmergedRing,-1,ZONE_STEM_TELESCOPIC,Submerged Ballast Tier 5,0.3636,0.6042,-10382.64,-7966.88,-32727.27,13087.04,217.5,33.91,-0.7934,-0.6088,0.0,-80000.0,0
4629,SubmergedRing,-1,ZONE_STEM_TELESCOPIC,Submerged Ballast Tier 5,0.3636,0.625,-9253.93,-9253.93,-32727.27,13087.04,225.0,33.91,-0.7071,-0.7071,0.0,-80000.0,0
4630,SubmergedRing,-1,ZONE_STEM_TELESCOPIC,Submerged Ballast Tier 5,0.3636,0.6458,-7966.88,-10382.64,-32727.27,13087.04,232.5,33.91,-0.6088,-0.7934,0.0,-80000.0,0
4631,SubmergedRing,-1,ZONE_STEM_TELESCOPIC,Submerged Ballast Tier 5,0.3636,0.6667,-6543.52,-11333.71,-32727.27,13087.04,240.0,33.91,-0.5,-0.866,0.0,-80000.0,0
4632,SubmergedRing,-1,ZONE_STEM_TELESCOPIC,Submerged Ballast Tier 5,0.3636,0.6875,-5008.19,-12090.84,-32727.27,13087.04,247.5,33.91,-0.3827,-0.9239,0.0,-80000.0,0
4633,SubmergedRing,-1,ZONE_STEM_TELESCOPIC,Submerged Ballast Tier 5,0.3636,0.7083,-3387.17,-12641.11,-32727.27,13087.04,255.0,33.91,-0.2588,-0.9659,0.0,-80000.0,0
4634,SubmergedRing,-1,ZONE_STEM_TELESCOPIC,Submerged Ballast Tier 5,0.3636,0.7292,-1708.2,-12975.07,-32727.27,13087.04,262.5,33.91,-0.1305,-0.9914,0.0,-80000.0,0
4635,SubmergedRing,-1,ZONE_STEM_TELESCOPIC,Submerged Ballast Tier 5,0.3636,0.75,-0.0,-13087.04,-32727.27,13087.04,270.0,33.91,-0.0,-1.0,0.0,-80000.0,0
4636,SubmergedRing,-1,ZONE_STEM_TELESCOPIC,Submerged Ballast Tier 5,0.3636,0.7708,1708.2,-12975.07,-32727.27,13087.04,277.5,33.91,0.1305,-0.9914,0.0,-80000.0,0
4637,SubmergedRing,-1,ZONE_STEM_TELESCOPIC,Submerged Ballast Tier 5,0.3636,0.7917,3387.17,-12641.11,-32727.27,13087.04,285.0,33.91,0.2588,-0.9659,0.0,-80000.0,0
4638,SubmergedRing,-1,ZONE_STEM_TELESCOPIC,Submerged Ballast Tier 5,0.3636,0.8125,5008.19,-12090.84,-32727.27,13087.04,292.5,33.91,0.3827,-0.9239,0.0,-80000.0,0
4639,SubmergedRing,-1,ZONE_STEM_TELESCOPIC,Submerged Ballast Tier 5,0.3636,0.8333,6543.52,-11333.71,-32727.27,13087.04,300.0,33.91,0.5,-0.866,0.0,-80000.0,0
4640,SubmergedRing,-1,ZONE_STEM_TELESCOPIC,Submerged Ballast Tier 5,0.3636,0.8542,7966.88,-10382.64,-32727.27,13087.04,307.5,33.91,0.6088,-0.7934,0.0,-80000.0,0
4641,SubmergedRing,-1,ZONE_STEM_TELESCOPIC,Submerged Ballast Tier 5,0.3636,0.875,9253.93,-9253.93,-32727.27,13087.04,315.0,33.91,0.7071,-0.7071,0.0,-80000.0,0
4642,SubmergedRing,-1,ZONE_STEM_TELESCOPIC,Submerged Ballast Tier 5,0.3636,0.8958,10382.64,-7966.88,-32727.27,13087.04,322.5,33.91,0.7934,-0.6088,0.0,-80000.0,0
4643,SubmergedRing,-1,ZONE_STEM_TELESCOPIC,Submerged Ballast Tier 5,0.3636,0.9167,11333.71,-6543.52,-32727.27,13087.04,330.0,33.91,0.866,-0.5,0.0,-80000.0,0
4644,SubmergedRing,-1,ZONE_STEM_TELESCOPIC,Submerged Ballast Tier 5,0.3636,0.9375,12090.84,-5008.19,-32727.27,13087.04,337.5,33.91,0.9239,-0.3827,0.0,-80000.0,0
4645,SubmergedRing,-1,ZONE_STEM_TELESCOPIC,Submerged Ballast Tier 5,0.3636,0.9583,12641.11,-3387.17,-32727.27,13087.04,345.0,33.91,0.9659,-0.2588,0.0,-80000.0,0
4646,SubmergedRing,-1,ZONE_STEM_TELESCOPIC,Submerged Ballast Tier 5,0.3636,0.9792,12975.07,-1708.2,-32727.27,13087.04,352.5,33.91,0.9914,-0.1305,0.0,-80000.0,0
4647,SubmergedRing,-1,ZONE_STEM_TELESCOPIC,Submerged Ballast Tier 6,0.4545,0.0,15351.34,0.0,-40909.09,15351.34,0.0,42.13,1.0,0.0,0.0,-80000.0,0
4648,SubmergedRing,-1,ZONE_STEM_TELESCOPIC,Submerged Ballast Tier 6,0.4545,0.0208,15220.0,2003.75,-40909.09,15351.34,7.5,42.13,0.9914,0.1305,0.0,-80000.0,0
4649,SubmergedRing,-1,ZONE_STEM_TELESCOPIC,Submerged Ballast Tier 6,0.4545,0.0417,14828.25,3973.22,-40909.09,15351.34,15.0,42.13,0.9659,0.2588,0.0,-80000.0,0
4650,SubmergedRing,-1,ZONE_STEM_TELESCOPIC,Submerged Ballast Tier 6,0.4545,0.0625,14182.79,5874.7,-40909.09,15351.34,22.5,42.13,0.9239,0.3827,0.0,-80000.0,0
4651,SubmergedRing,-1,ZONE_STEM_TELESCOPIC,Submerged Ballast Tier 6,0.4545,0.0833,13294.65,7675.67,-40909.09,15351.34,30.0,42.13,0.866,0.5,0.0,-80000.0,0
4652,SubmergedRing,-1,ZONE_STEM_TELESCOPIC,Submerged Ballast Tier 6,0.4545,0.1042,12179.03,9345.3,-40909.09,15351.34,37.5,42.13,0.7934,0.6088,0.0,-80000.0,0
4653,SubmergedRing,-1,ZONE_STEM_TELESCOPIC,Submerged Ballast Tier 6,0.4545,0.125,10855.03,10855.03,-40909.09,15351.34,45.0,42.13,0.7071,0.7071,0.0,-80000.0,0
4654,SubmergedRing,-1,ZONE_STEM_TELESCOPIC,Submerged Ballast Tier 6,0.4545,0.1458,9345.3,12179.03,-40909.09,15351.34,52.5,42.13,0.6088,0.7934,0.0,-80000.0,0
4655,SubmergedRing,-1,ZONE_STEM_TELESCOPIC,Submerged Ballast Tier 6,0.4545,0.1667,7675.67,13294.65,-40909.09,15351.34,60.0,42.13,0.5,0.866,0.0,-80000.0,0
4656,SubmergedRing,-1,ZONE_STEM_TELESCOPIC,Submerged Ballast Tier 6,0.4545,0.1875,5874.7,14182.79,-40909.09,15351.34,67.5,42.13,0.3827,0.9239,0.0,-80000.0,0
4657,SubmergedRing,-1,ZONE_STEM_TELESCOPIC,Submerged Ballast Tier 6,0.4545,0.2083,3973.22,14828.25,-40909.09,15351.34,75.0,42.13,0.2588,0.9659,0.0,-80000.0,0
4658,SubmergedRing,-1,ZONE_STEM_TELESCOPIC,Submerged Ballast Tier 6,0.4545,0.2292,2003.75,15220.0,-40909.09,15351.34,82.5,42.13,0.1305,0.9914,0.0,-80000.0,0
4659,SubmergedRing,-1,ZONE_STEM_TELESCOPIC,Submerged Ballast Tier 6,0.4545,0.25,0.0,15351.34,-40909.09,15351.34,90.0,42.13,0.0,1.0,0.0,-80000.0,0
4660,SubmergedRing,-1,ZONE_STEM_TELESCOPIC,Submerged Ballast Tier 6,0.4545,0.2708,-2003.75,15220.0,-40909.09,15351.34,97.5,42.13,-0.1305,0.9914,0.0,-80000.0,0
4661,SubmergedRing,-1,ZONE_STEM_TELESCOPIC,Submerged Ballast Tier 6,0.4545,0.2917,-3973.22,14828.25,-40909.09,15351.34,105.0,42.13,-0.2588,0.9659,0.0,-80000.0,0
4662,SubmergedRing,-1,ZONE_STEM_TELESCOPIC,Submerged Ballast Tier 6,0.4545,0.3125,-5874.7,14182.79,-40909.09,15351.34,112.5,42.13,-0.3827,0.9239,0.0,-80000.0,0
4663,SubmergedRing,-1,ZONE_STEM_TELESCOPIC,Submerged Ballast Tier 6,0.4545,0.3333,-7675.67,13294.65,-40909.09,15351.34,120.0,42.13,-0.5,0.866,0.0,-80000.0,0
4664,SubmergedRing,-1,ZONE_STEM_TELESCOPIC,Submerged Ballast Tier 6,0.4545,0.3542,-9345.3,12179.03,-40909.09,15351.34,127.5,42.13,-0.6088,0.7934,0.0,-80000.0,0
4665,SubmergedRing,-1,ZONE_STEM_TELESCOPIC,Submerged Ballast Tier 6,0.4545,0.375,-10855.03,10855.03,-40909.09,15351.34,135.0,42.13,-0.7071,0.7071,0.0,-80000.0,0
4666,SubmergedRing,-1,ZONE_STEM_TELESCOPIC,Submerged Ballast Tier 6,0.4545,0.3958,-12179.03,9345.3,-40909.09,15351.34,142.5,42.13,-0.7934,0.6088,0.0,-80000.0,0
4667,SubmergedRing,-1,ZONE_STEM_TELESCOPIC,Submerged Ballast Tier 6,0.4545,0.4167,-13294.65,7675.67,-40909.09,15351.34,150.0,42.13,-0.866,0.5,0.0,-80000.0,0
4668,SubmergedRing,-1,ZONE_STEM_TELESCOPIC,Submerged Ballast Tier 6,0.4545,0.4375,-14182.79,5874.7,-40909.09,15351.34,157.5,42.13,-0.9239,0.3827,0.0,-80000.0,0
4669,SubmergedRing,-1,ZONE_STEM_TELESCOPIC,Submerged Ballast Tier 6,0.4545,0.4583,-14828.25,3973.22,-40909.09,15351.34,165.0,42.13,-0.9659,0.2588,0.0,-80000.0,0
4670,SubmergedRing,-1,ZONE_STEM_TELESCOPIC,Submerged Ballast Tier 6,0.4545,0.4792,-15220.0,2003.75,-40909.09,15351.34,172.5,42.13,-0.9914,0.1305,0.0,-80000.0,0
4671,SubmergedRing,-1,ZONE_STEM_TELESCOPIC,Submerged Ballast Tier 6,0.4545,0.5,-15351.34,0.0,-40909.09,15351.34,180.0,42.13,-1.0,0.0,0.0,-80000.0,0
4672,SubmergedRing,-1,ZONE_STEM_TELESCOPIC,Submerged Ballast Tier 6,0.4545,0.5208,-15220.0,-2003.75,-40909.09,15351.34,187.5,42.13,-0.9914,-0.1305,0.0,-80000.0,0
4673,SubmergedRing,-1,ZONE_STEM_TELESCOPIC,Submerged Ballast Tier 6,0.4545,0.5417,-14828.25,-3973.22,-40909.09,15351.34,195.0,42.13,-0.9659,-0.2588,0.0,-80000.0,0
4674,SubmergedRing,-1,ZONE_STEM_TELESCOPIC,Submerged Ballast Tier 6,0.4545,0.5625,-14182.79,-5874.7,-40909.09,15351.34,202.5,42.13,-0.9239,-0.3827,0.0,-80000.0,0
4675,SubmergedRing,-1,ZONE_STEM_TELESCOPIC,Submerged Ballast Tier 6,0.4545,0.5833,-13294.65,-7675.67,-40909.09,15351.34,210.0,42.13,-0.866,-0.5,0.0,-80000.0,0
4676,SubmergedRing,-1,ZONE_STEM_TELESCOPIC,Submerged Ballast Tier 6,0.4545,0.6042,-12179.03,-9345.3,-40909.09,15351.34,217.5,42.13,-0.7934,-0.6088,0.0,-80000.0,0
4677,SubmergedRing,-1,ZONE_STEM_TELESCOPIC,Submerged Ballast Tier 6,0.4545,0.625,-10855.03,-10855.03,-40909.09,15351.34,225.0,42.13,-0.7071,-0.7071,0.0,-80000.0,0
4678,SubmergedRing,-1,ZONE_STEM_TELESCOPIC,Submerged Ballast Tier 6,0.4545,0.6458,-9345.3,-12179.03,-40909.09,15351.34,232.5,42.13,-0.6088,-0.7934,0.0,-80000.0,0
4679,SubmergedRing,-1,ZONE_STEM_TELESCOPIC,Submerged Ballast Tier 6,0.4545,0.6667,-7675.67,-13294.65,-40909.09,15351.34,240.0,42.13,-0.5,-0.866,0.0,-80000.0,0
4680,SubmergedRing,-1,ZONE_STEM_TELESCOPIC,Submerged Ballast Tier 6,0.4545,0.6875,-5874.7,-14182.79,-40909.09,15351.34,247.5,42.13,-0.3827,-0.9239,0.0,-80000.0,0
4681,SubmergedRing,-1,ZONE_STEM_TELESCOPIC,Submerged Ballast Tier 6,0.4545,0.7083,-3973.22,-14828.25,-40909.09,15351.34,255.0,42.13,-0.2588,-0.9659,0.0,-80000.0,0
4682,SubmergedRing,-1,ZONE_STEM_TELESCOPIC,Submerged Ballast Tier 6,0.4545,0.7292,-2003.75,-15220.0,-40909.09,15351.34,262.5,42.13,-0.1305,-0.9914,0.0,-80000.0,0
4683,SubmergedRing,-1,ZONE_STEM_TELESCOPIC,Submerged Ballast Tier 6,0.4545,0.75,-0.0,-15351.34,-40909.09,15351.34,270.0,42.13,-0.0,-1.0,0.0,-80000.0,0
4684,SubmergedRing,-1,ZONE_STEM_TELESCOPIC,Submerged Ballast Tier 6,0.4545,0.7708,2003.75,-15220.0,-40909.09,15351.34,277.5,42.13,0.1305,-0.9914,0.0,-80000.0,0
4685,SubmergedRing,-1,ZONE_STEM_TELESCOPIC,Submerged Ballast Tier 6,0.4545,0.7917,3973.22,-14828.25,-40909.09,15351.34,285.0,42.13,0.2588,-0.9659,0.0,-80000.0,0
4686,SubmergedRing,-1,ZONE_STEM_TELESCOPIC,Submerged Ballast Tier 6,0.4545,0.8125,5874.7,-14182.79,-40909.09,15351.34,292.5,42.13,0.3827,-0.9239,0.0,-80000.0,0
4687,SubmergedRing,-1,ZONE_STEM_TELESCOPIC,Submerged Ballast Tier 6,0.4545,0.8333,7675.67,-13294.65,-40909.09,15351.34,300.0,42.13,0.5,-0.866,0.0,-80000.0,0
4688,SubmergedRing,-1,ZONE_STEM_TELESCOPIC,Submerged Ballast Tier 6,0.4545,0.8542,9345.3,-12179.03,-40909.09,15351.34,307.5,42.13,0.6088,-0.7934,0.0,-80000.0,0
4689,SubmergedRing,-1,ZONE_STEM_TELESCOPIC,Submerged Ballast Tier 6,0.4545,0.875,10855.03,-10855.03,-40909.09,15351.34,315.0,42.13,0.7071,-0.7071,0.0,-80000.0,0
4690,SubmergedRing,-1,ZONE_STEM_TELESCOPIC,Submerged Ballast Tier 6,0.4545,0.8958,12179.03,-9345.3,-40909.09,15351.34,322.5,42.13,0.7934,-0.6088,0.0,-80000.0,0
4691,SubmergedRing,-1,ZONE_STEM_TELESCOPIC,Submerged Ballast Tier 6,0.4545,0.9167,13294.65,-7675.67,-40909.09,15351.34,330.0,42.13,0.866,-0.5,0.0,-80000.0,0
4692,SubmergedRing,-1,ZONE_STEM_TELESCOPIC,Submerged Ballast Tier 6,0.4545,0.9375,14182.79,-5874.7,-40909.09,15351.34,337.5,42.13,0.9239,-0.3827,0.0,-80000.0,0
4693,SubmergedRing,-1,ZONE_STEM_TELESCOPIC,Submerged Ballast Tier 6,0.4545,0.9583,14828.25,-3973.22,-40909.09,15351.34,345.0,42.13,0.9659,-0.2588,0.0,-80000.0,0
4694,SubmergedRing,-1,ZONE_STEM_TELESCOPIC,Submerged Ballast Tier 6,0.4545,0.9792,15220.0,-2003.75,-40909.09,15351.34,352.5,42.13,0.9914,-0.1305,0.0,-80000.0,0
4695,SubmergedRing,-1,ZONE_STEM_TELESCOPIC,Submerged Ballast Tier 7,0.5455,0.0,17931.51,0.0,-49090.91,17931.51,0.0,50.36,1.0,0.0,0.0,-80000.0,0
4696,SubmergedRing,-1,ZONE_STEM_TELESCOPIC,Submerged Ballast Tier 7,0.5455,0.0208,17778.11,2340.53,-49090.91,17931.51,7.5,50.36,0.9914,0.1305,0.0,-80000.0,0
4697,SubmergedRing,-1,ZONE_STEM_TELESCOPIC,Submerged Ballast Tier 7,0.5455,0.0417,17320.51,4641.02,-49090.91,17931.51,15.0,50.36,0.9659,0.2588,0.0,-80000.0,0
4698,SubmergedRing,-1,ZONE_STEM_TELESCOPIC,Submerged Ballast Tier 7,0.5455,0.0625,16566.56,6862.09,-49090.91,17931.51,22.5,50.36,0.9239,0.3827,0.0,-80000.0,0
4699,SubmergedRing,-1,ZONE_STEM_TELESCOPIC,Submerged Ballast Tier 7,0.5455,0.0833,15529.15,8965.76,-49090.91,17931.51,30.0,50.36,0.866,0.5,0.0,-80000.0,0
4700,SubmergedRing,-1,ZONE_STEM_TELESCOPIC,Submerged Ballast Tier 7,0.5455,0.1042,14226.03,10916.01,-49090.91,17931.51,37.5,50.36,0.7934,0.6088,0.0,-80000.0,0
4701,SubmergedRing,-1,ZONE_STEM_TELESCOPIC,Submerged Ballast Tier 7,0.5455,0.125,12679.49,12679.49,-49090.91,17931.51,45.0,50.36,0.7071,0.7071,0.0,-80000.0,0
4702,SubmergedRing,-1,ZONE_STEM_TELESCOPIC,Submerged Ballast Tier 7,0.5455,0.1458,10916.01,14226.03,-49090.91,17931.51,52.5,50.36,0.6088,0.7934,0.0,-80000.0,0
4703,SubmergedRing,-1,ZONE_STEM_TELESCOPIC,Submerged Ballast Tier 7,0.5455,0.1667,8965.76,15529.15,-49090.91,17931.51,60.0,50.36,0.5,0.866,0.0,-80000.0,0
4704,SubmergedRing,-1,ZONE_STEM_TELESCOPIC,Submerged Ballast Tier 7,0.5455,0.1875,6862.09,16566.56,-49090.91,17931.51,67.5,50.36,0.3827,0.9239,0.0,-80000.0,0
4705,SubmergedRing,-1,ZONE_STEM_TELESCOPIC,Submerged Ballast Tier 7,0.5455,0.2083,4641.02,17320.51,-49090.91,17931.51,75.0,50.36,0.2588,0.9659,0.0,-80000.0,0
4706,SubmergedRing,-1,ZONE_STEM_TELESCOPIC,Submerged Ballast Tier 7,0.5455,0.2292,2340.53,17778.11,-49090.91,17931.51,82.5,50.36,0.1305,0.9914,0.0,-80000.0,0
4707,SubmergedRing,-1,ZONE_STEM_TELESCOPIC,Submerged Ballast Tier 7,0.5455,0.25,0.0,17931.51,-49090.91,17931.51,90.0,50.36,0.0,1.0,0.0,-80000.0,0
4708,SubmergedRing,-1,ZONE_STEM_TELESCOPIC,Submerged Ballast Tier 7,0.5455,0.2708,-2340.53,17778.11,-49090.91,17931.51,97.5,50.36,-0.1305,0.9914,0.0,-80000.0,0
4709,SubmergedRing,-1,ZONE_STEM_TELESCOPIC,Submerged Ballast Tier 7,0.5455,0.2917,-4641.02,17320.51,-49090.91,17931.51,105.0,50.36,-0.2588,0.9659,0.0,-80000.0,0
4710,SubmergedRing,-1,ZONE_STEM_TELESCOPIC,Submerged Ballast Tier 7,0.5455,0.3125,-6862.09,16566.56,-49090.91,17931.51,112.5,50.36,-0.3827,0.9239,0.0,-80000.0,0
4711,SubmergedRing,-1,ZONE_STEM_TELESCOPIC,Submerged Ballast Tier 7,0.5455,0.3333,-8965.76,15529.15,-49090.91,17931.51,120.0,50.36,-0.5,0.866,0.0,-80000.0,0
4712,SubmergedRing,-1,ZONE_STEM_TELESCOPIC,Submerged Ballast Tier 7,0.5455,0.3542,-10916.01,14226.03,-49090.91,17931.51,127.5,50.36,-0.6088,0.7934,0.0,-80000.0,0
4713,SubmergedRing,-1,ZONE_STEM_TELESCOPIC,Submerged Ballast Tier 7,0.5455,0.375,-12679.49,12679.49,-49090.91,17931.51,135.0,50.36,-0.7071,0.7071,0.0,-80000.0,0
4714,SubmergedRing,-1,ZONE_STEM_TELESCOPIC,Submerged Ballast Tier 7,0.5455,0.3958,-14226.03,10916.01,-49090.91,17931.51,142.5,50.36,-0.7934,0.6088,0.0,-80000.0,0
4715,SubmergedRing,-1,ZONE_STEM_TELESCOPIC,Submerged Ballast Tier 7,0.5455,0.4167,-15529.15,8965.76,-49090.91,17931.51,150.0,50.36,-0.866,0.5,0.0,-80000.0,0
4716,SubmergedRing,-1,ZONE_STEM_TELESCOPIC,Submerged Ballast Tier 7,0.5455,0.4375,-16566.56,6862.09,-49090.91,17931.51,157.5,50.36,-0.9239,0.3827,0.0,-80000.0,0
4717,SubmergedRing,-1,ZONE_STEM_TELESCOPIC,Submerged Ballast Tier 7,0.5455,0.4583,-17320.51,4641.02,-49090.91,17931.51,165.0,50.36,-0.9659,0.2588,0.0,-80000.0,0
4718,SubmergedRing,-1,ZONE_STEM_TELESCOPIC,Submerged Ballast Tier 7,0.5455,0.4792,-17778.11,2340.53,-49090.91,17931.51,172.5,50.36,-0.9914,0.1305,0.0,-80000.0,0
4719,SubmergedRing,-1,ZONE_STEM_TELESCOPIC,Submerged Ballast Tier 7,0.5455,0.5,-17931.51,0.0,-49090.91,17931.51,180.0,50.36,-1.0,0.0,0.0,-80000.0,0
4720,SubmergedRing,-1,ZONE_STEM_TELESCOPIC,Submerged Ballast Tier 7,0.5455,0.5208,-17778.11,-2340.53,-49090.91,17931.51,187.5,50.36,-0.9914,-0.1305,0.0,-80000.0,0
4721,SubmergedRing,-1,ZONE_STEM_TELESCOPIC,Submerged Ballast Tier 7,0.5455,0.5417,-17320.51,-4641.02,-49090.91,17931.51,195.0,50.36,-0.9659,-0.2588,0.0,-80000.0,0
4722,SubmergedRing,-1,ZONE_STEM_TELESCOPIC,Submerged Ballast Tier 7,0.5455,0.5625,-16566.56,-6862.09,-49090.91,17931.51,202.5,50.36,-0.9239,-0.3827,0.0,-80000.0,0
4723,SubmergedRing,-1,ZONE_STEM_TELESCOPIC,Submerged Ballast Tier 7,0.5455,0.5833,-15529.15,-8965.76,-49090.91,17931.51,210.0,50.36,-0.866,-0.5,0.0,-80000.0,0
4724,SubmergedRing,-1,ZONE_STEM_TELESCOPIC,Submerged Ballast Tier 7,0.5455,0.6042,-14226.03,-10916.01,-49090.91,17931.51,217.5,50.36,-0.7934,-0.6088,0.0,-80000.0,0
4725,SubmergedRing,-1,ZONE_STEM_TELESCOPIC,Submerged Ballast Tier 7,0.5455,0.625,-12679.49,-12679.49,-49090.91,17931.51,225.0,50.36,-0.7071,-0.7071,0.0,-80000.0,0
4726,SubmergedRing,-1,ZONE_STEM_TELESCOPIC,Submerged Ballast Tier 7,0.5455,0.6458,-10916.01,-14226.03,-49090.91,17931.51,232.5,50.36,-0.6088,-0.7934,0.0,-80000.0,0
4727,SubmergedRing,-1,ZONE_STEM_TELESCOPIC,Submerged Ballast Tier 7,0.5455,0.6667,-8965.76,-15529.15,-49090.91,17931.51,240.0,50.36,-0.5,-0.866,0.0,-80000.0,0
4728,SubmergedRing,-1,ZONE_STEM_TELESCOPIC,Submerged Ballast Tier 7,0.5455,0.6875,-6862.09,-16566.56,-49090.91,17931.51,247.5,50.36,-0.3827,-0.9239,0.0,-80000.0,0
4729,SubmergedRing,-1,ZONE_STEM_TELESCOPIC,Submerged Ballast Tier 7,0.5455,0.7083,-4641.02,-17320.51,-49090.91,17931.51,255.0,50.36,-0.2588,-0.9659,0.0,-80000.0,0
4730,SubmergedRing,-1,ZONE_STEM_TELESCOPIC,Submerged Ballast Tier 7,0.5455,0.7292,-2340.53,-17778.11,-49090.91,17931.51,262.5,50.36,-0.1305,-0.9914,0.0,-80000.0,0
4731,SubmergedRing,-1,ZONE_STEM_TELESCOPIC,Submerged Ballast Tier 7,0.5455,0.75,-0.0,-17931.51,-49090.91,17931.51,270.0,50.36,-0.0,-1.0,0.0,-80000.0,0
4732,SubmergedRing,-1,ZONE_STEM_TELESCOPIC,Submerged Ballast Tier 7,0.5455,0.7708,2340.53,-17778.11,-49090.91,17931.51,277.5,50.36,0.1305,-0.9914,0.0,-80000.0,0
4733,SubmergedRing,-1,ZONE_STEM_TELESCOPIC,Submerged Ballast Tier 7,0.5455,0.7917,4641.02,-17320.51,-49090.91,17931.51,285.0,50.36,0.2588,-0.9659,0.0,-80000.0,0
4734,SubmergedRing,-1,ZONE_STEM_TELESCOPIC,Submerged Ballast Tier 7,0.5455,0.8125,6862.09,-16566.56,-49090.91,17931.51,292.5,50.36,0.3827,-0.9239,0.0,-80000.0,0
4735,SubmergedRing,-1,ZONE_STEM_TELESCOPIC,Submerged Ballast Tier 7,0.5455,0.8333,8965.76,-15529.15,-49090.91,17931.51,300.0,50.36,0.5,-0.866,0.0,-80000.0,0
4736,SubmergedRing,-1,ZONE_STEM_TELESCOPIC,Submerged Ballast Tier 7,0.5455,0.8542,10916.01,-14226.03,-49090.91,17931.51,307.5,50.36,0.6088,-0.7934,0.0,-80000.0,0
4737,SubmergedRing,-1,ZONE_STEM_TELESCOPIC,Submerged Ballast Tier 7,0.5455,0.875,12679.49,-12679.49,-49090.91,17931.51,315.0,50.36,0.7071,-0.7071,0.0,-80000.0,0
4738,SubmergedRing,-1,ZONE_STEM_TELESCOPIC,Submerged Ballast Tier 7,0.5455,0.8958,14226.03,-10916.01,-49090.91,17931.51,322.5,50.36,0.7934,-0.6088,0.0,-80000.0,0
4739,SubmergedRing,-1,ZONE_STEM_TELESCOPIC,Submerged Ballast Tier 7,0.5455,0.9167,15529.15,-8965.76,-49090.91,17931.51,330.0,50.36,0.866,-0.5,0.0,-80000.0,0
4740,SubmergedRing,-1,ZONE_STEM_TELESCOPIC,Submerged Ballast Tier 7,0.5455,0.9375,16566.56,-6862.09,-49090.91,17931.51,337.5,50.36,0.9239,-0.3827,0.0,-80000.0,0
4741,SubmergedRing,-1,ZONE_STEM_TELESCOPIC,Submerged Ballast Tier 7,0.5455,0.9583,17320.51,-4641.02,-49090.91,17931.51,345.0,50.36,0.9659,-0.2588,0.0,-80000.0,0
4742,SubmergedRing,-1,ZONE_STEM_TELESCOPIC,Submerged Ballast Tier 7,0.5455,0.9792,17778.11,-2340.53,-49090.91,17931.51,352.5,50.36,0.9914,-0.1305,0.0,-80000.0,0
4743,SubmergedRing,-1,ZONE_STEM_TELESCOPIC,Submerged Ballast Tier 8,0.6364,0.0,20807.89,0.0,-57272.73,20807.89,0.0,58.59,1.0,0.0,0.0,-80000.0,0
4744,SubmergedRing,-1,ZONE_STEM_TELESCOPIC,Submerged Ballast Tier 8,0.6364,0.0208,20629.88,2715.97,-57272.73,20807.89,7.5,58.59,0.9914,0.1305,0.0,-80000.0,0
4745,SubmergedRing,-1,ZONE_STEM_TELESCOPIC,Submerged Ballast Tier 8,0.6364,0.0417,20098.88,5385.48,-57272.73,20807.89,15.0,58.59,0.9659,0.2588,0.0,-80000.0,0
4746,SubmergedRing,-1,ZONE_STEM_TELESCOPIC,Submerged Ballast Tier 8,0.6364,0.0625,19223.98,7962.83,-57272.73,20807.89,22.5,58.59,0.9239,0.3827,0.0,-80000.0,0
4747,SubmergedRing,-1,ZONE_STEM_TELESCOPIC,Submerged Ballast Tier 8,0.6364,0.0833,18020.16,10403.95,-57272.73,20807.89,30.0,58.59,0.866,0.5,0.0,-80000.0,0
4748,SubmergedRing,-1,ZONE_STEM_TELESCOPIC,Submerged Ballast Tier 8,0.6364,0.1042,16508.01,12667.04,-57272.73,20807.89,37.5,58.59,0.7934,0.6088,0.0,-80000.0,0
4749,SubmergedRing,-1,ZONE_STEM_TELESCOPIC,Submerged Ballast Tier 8,0.6364,0.125,14713.4,14713.4,-57272.73,20807.89,45.0,58.59,0.7071,0.7071,0.0,-80000.0,0
4750,SubmergedRing,-1,ZONE_STEM_TELESCOPIC,Submerged Ballast Tier 8,0.6364,0.1458,12667.04,16508.01,-57272.73,20807.89,52.5,58.59,0.6088,0.7934,0.0,-80000.0,0
4751,SubmergedRing,-1,ZONE_STEM_TELESCOPIC,Submerged Ballast Tier 8,0.6364,0.1667,10403.95,18020.16,-57272.73,20807.89,60.0,58.59,0.5,0.866,0.0,-80000.0,0
4752,SubmergedRing,-1,ZONE_STEM_TELESCOPIC,Submerged Ballast Tier 8,0.6364,0.1875,7962.83,19223.98,-57272.73,20807.89,67.5,58.59,0.3827,0.9239,0.0,-80000.0,0
4753,SubmergedRing,-1,ZONE_STEM_TELESCOPIC,Submerged Ballast Tier 8,0.6364,0.2083,5385.48,20098.88,-57272.73,20807.89,75.0,58.59,0.2588,0.9659,0.0,-80000.0,0
4754,SubmergedRing,-1,ZONE_STEM_TELESCOPIC,Submerged Ballast Tier 8,0.6364,0.2292,2715.97,20629.88,-57272.73,20807.89,82.5,58.59,0.1305,0.9914,0.0,-80000.0,0
4755,SubmergedRing,-1,ZONE_STEM_TELESCOPIC,Submerged Ballast Tier 8,0.6364,0.25,0.0,20807.89,-57272.73,20807.89,90.0,58.59,0.0,1.0,0.0,-80000.0,0
4756,SubmergedRing,-1,ZONE_STEM_TELESCOPIC,Submerged Ballast Tier 8,0.6364,0.2708,-2715.97,20629.88,-57272.73,20807.89,97.5,58.59,-0.1305,0.9914,0.0,-80000.0,0
4757,SubmergedRing,-1,ZONE_STEM_TELESCOPIC,Submerged Ballast Tier 8,0.6364,0.2917,-5385.48,20098.88,-57272.73,20807.89,105.0,58.59,-0.2588,0.9659,0.0,-80000.0,0
4758,SubmergedRing,-1,ZONE_STEM_TELESCOPIC,Submerged Ballast Tier 8,0.6364,0.3125,-7962.83,19223.98,-57272.73,20807.89,112.5,58.59,-0.3827,0.9239,0.0,-80000.0,0
4759,SubmergedRing,-1,ZONE_STEM_TELESCOPIC,Submerged Ballast Tier 8,0.6364,0.3333,-10403.95,18020.16,-57272.73,20807.89,120.0,58.59,-0.5,0.866,0.0,-80000.0,0
4760,SubmergedRing,-1,ZONE_STEM_TELESCOPIC,Submerged Ballast Tier 8,0.6364,0.3542,-12667.04,16508.01,-57272.73,20807.89,127.5,58.59,-0.6088,0.7934,0.0,-80000.0,0
4761,SubmergedRing,-1,ZONE_STEM_TELESCOPIC,Submerged Ballast Tier 8,0.6364,0.375,-14713.4,14713.4,-57272.73,20807.89,135.0,58.59,-0.7071,0.7071,0.0,-80000.0,0
4762,SubmergedRing,-1,ZONE_STEM_TELESCOPIC,Submerged Ballast Tier 8,0.6364,0.3958,-16508.01,12667.04,-57272.73,20807.89,142.5,58.59,-0.7934,0.6088,0.0,-80000.0,0
4763,SubmergedRing,-1,ZONE_STEM_TELESCOPIC,Submerged Ballast Tier 8,0.6364,0.4167,-18020.16,10403.95,-57272.73,20807.89,150.0,58.59,-0.866,0.5,0.0,-80000.0,0
4764,SubmergedRing,-1,ZONE_STEM_TELESCOPIC,Submerged Ballast Tier 8,0.6364,0.4375,-19223.98,7962.83,-57272.73,20807.89,157.5,58.59,-0.9239,0.3827,0.0,-80000.0,0
4765,SubmergedRing,-1,ZONE_STEM_TELESCOPIC,Submerged Ballast Tier 8,0.6364,0.4583,-20098.88,5385.48,-57272.73,20807.89,165.0,58.59,-0.9659,0.2588,0.0,-80000.0,0
4766,SubmergedRing,-1,ZONE_STEM_TELESCOPIC,Submerged Ballast Tier 8,0.6364,0.4792,-20629.88,2715.97,-57272.73,20807.89,172.5,58.59,-0.9914,0.1305,0.0,-80000.0,0
4767,SubmergedRing,-1,ZONE_STEM_TELESCOPIC,Submerged Ballast Tier 8,0.6364,0.5,-20807.89,0.0,-57272.73,20807.89,180.0,58.59,-1.0,0.0,0.0,-80000.0,0
4768,SubmergedRing,-1,ZONE_STEM_TELESCOPIC,Submerged Ballast Tier 8,0.6364,0.5208,-20629.88,-2715.97,-57272.73,20807.89,187.5,58.59,-0.9914,-0.1305,0.0,-80000.0,0
4769,SubmergedRing,-1,ZONE_STEM_TELESCOPIC,Submerged Ballast Tier 8,0.6364,0.5417,-20098.88,-5385.48,-57272.73,20807.89,195.0,58.59,-0.9659,-0.2588,0.0,-80000.0,0
4770,SubmergedRing,-1,ZONE_STEM_TELESCOPIC,Submerged Ballast Tier 8,0.6364,0.5625,-19223.98,-7962.83,-57272.73,20807.89,202.5,58.59,-0.9239,-0.3827,0.0,-80000.0,0
4771,SubmergedRing,-1,ZONE_STEM_TELESCOPIC,Submerged Ballast Tier 8,0.6364,0.5833,-18020.16,-10403.95,-57272.73,20807.89,210.0,58.59,-0.866,-0.5,0.0,-80000.0,0
4772,SubmergedRing,-1,ZONE_STEM_TELESCOPIC,Submerged Ballast Tier 8,0.6364,0.6042,-16508.01,-12667.04,-57272.73,20807.89,217.5,58.59,-0.7934,-0.6088,0.0,-80000.0,0
4773,SubmergedRing,-1,ZONE_STEM_TELESCOPIC,Submerged Ballast Tier 8,0.6364,0.625,-14713.4,-14713.4,-57272.73,20807.89,225.0,58.59,-0.7071,-0.7071,0.0,-80000.0,0
4774,SubmergedRing,-1,ZONE_STEM_TELESCOPIC,Submerged Ballast Tier 8,0.6364,0.6458,-12667.04,-16508.01,-57272.73,20807.89,232.5,58.59,-0.6088,-0.7934,0.0,-80000.0,0
4775,SubmergedRing,-1,ZONE_STEM_TELESCOPIC,Submerged Ballast Tier 8,0.6364,0.6667,-10403.95,-18020.16,-57272.73,20807.89,240.0,58.59,-0.5,-0.866,0.0,-80000.0,0
4776,SubmergedRing,-1,ZONE_STEM_TELESCOPIC,Submerged Ballast Tier 8,0.6364,0.6875,-7962.83,-19223.98,-57272.73,20807.89,247.5,58.59,-0.3827,-0.9239,0.0,-80000.0,0
4777,SubmergedRing,-1,ZONE_STEM_TELESCOPIC,Submerged Ballast Tier 8,0.6364,0.7083,-5385.48,-20098.88,-57272.73,20807.89,255.0,58.59,-0.2588,-0.9659,0.0,-80000.0,0
4778,SubmergedRing,-1,ZONE_STEM_TELESCOPIC,Submerged Ballast Tier 8,0.6364,0.7292,-2715.97,-20629.88,-57272.73,20807.89,262.5,58.59,-0.1305,-0.9914,0.0,-80000.0,0
4779,SubmergedRing,-1,ZONE_STEM_TELESCOPIC,Submerged Ballast Tier 8,0.6364,0.75,-0.0,-20807.89,-57272.73,20807.89,270.0,58.59,-0.0,-1.0,0.0,-80000.0,0
4780,SubmergedRing,-1,ZONE_STEM_TELESCOPIC,Submerged Ballast Tier 8,0.6364,0.7708,2715.97,-20629.88,-57272.73,20807.89,277.5,58.59,0.1305,-0.9914,0.0,-80000.0,0
4781,SubmergedRing,-1,ZONE_STEM_TELESCOPIC,Submerged Ballast Tier 8,0.6364,0.7917,5385.48,-20098.88,-57272.73,20807.89,285.0,58.59,0.2588,-0.9659,0.0,-80000.0,0
4782,SubmergedRing,-1,ZONE_STEM_TELESCOPIC,Submerged Ballast Tier 8,0.6364,0.8125,7962.83,-19223.98,-57272.73,20807.89,292.5,58.59,0.3827,-0.9239,0.0,-80000.0,0
4783,SubmergedRing,-1,ZONE_STEM_TELESCOPIC,Submerged Ballast Tier 8,0.6364,0.8333,10403.95,-18020.16,-57272.73,20807.89,300.0,58.59,0.5,-0.866,0.0,-80000.0,0
4784,SubmergedRing,-1,ZONE_STEM_TELESCOPIC,Submerged Ballast Tier 8,0.6364,0.8542,12667.04,-16508.01,-57272.73,20807.89,307.5,58.59,0.6088,-0.7934,0.0,-80000.0,0
4785,SubmergedRing,-1,ZONE_STEM_TELESCOPIC,Submerged Ballast Tier 8,0.6364,0.875,14713.4,-14713.4,-57272.73,20807.89,315.0,58.59,0.7071,-0.7071,0.0,-80000.0,0
4786,SubmergedRing,-1,ZONE_STEM_TELESCOPIC,Submerged Ballast Tier 8,0.6364,0.8958,16508.01,-12667.04,-57272.73,20807.89,322.5,58.59,0.7934,-0.6088,0.0,-80000.0,0
4787,SubmergedRing,-1,ZONE_STEM_TELESCOPIC,Submerged Ballast Tier 8,0.6364,0.9167,18020.16,-10403.95,-57272.73,20807.89,330.0,58.59,0.866,-0.5,0.0,-80000.0,0
4788,SubmergedRing,-1,ZONE_STEM_TELESCOPIC,Submerged Ballast Tier 8,0.6364,0.9375,19223.98,-7962.83,-57272.73,20807.89,337.5,58.59,0.9239,-0.3827,0.0,-80000.0,0
4789,SubmergedRing,-1,ZONE_STEM_TELESCOPIC,Submerged Ballast Tier 8,0.6364,0.9583,20098.88,-5385.48,-57272.73,20807.89,345.0,58.59,0.9659,-0.2588,0.0,-80000.0,0
4790,SubmergedRing,-1,ZONE_STEM_TELESCOPIC,Submerged Ballast Tier 8,0.6364,0.9792,20629.88,-2715.97,-57272.73,20807.89,352.5,58.59,0.9914,-0.1305,0.0,-80000.0,0
4791,SubmergedRing,-1,ZONE_STEM_TELESCOPIC,Submerged Ballast Tier 9,0.7273,0.0,23964.83,0.0,-65454.55,23964.83,0.0,66.81,1.0,0.0,0.0,-80000.0,0
4792,SubmergedRing,-1,ZONE_STEM_TELESCOPIC,Submerged Ballast Tier 9,0.7273,0.0208,23759.81,3128.04,-65454.55,23964.83,7.5,66.81,0.9914,0.1305,0.0,-80000.0,0
4793,SubmergedRing,-1,ZONE_STEM_TELESCOPIC,Submerged Ballast Tier 9,0.7273,0.0417,23148.25,6202.55,-65454.55,23964.83,15.0,66.81,0.9659,0.2588,0.0,-80000.0,0
4794,SubmergedRing,-1,ZONE_STEM_TELESCOPIC,Submerged Ballast Tier 9,0.7273,0.0625,22140.62,9170.94,-65454.55,23964.83,22.5,66.81,0.9239,0.3827,0.0,-80000.0,0
4795,SubmergedRing,-1,ZONE_STEM_TELESCOPIC,Submerged Ballast Tier 9,0.7273,0.0833,20754.15,11982.42,-65454.55,23964.83,30.0,66.81,0.866,0.5,0.0,-80000.0,0
4796,SubmergedRing,-1,ZONE_STEM_TELESCOPIC,Submerged Ballast Tier 9,0.7273,0.1042,19012.58,14588.86,-65454.55,23964.83,37.5,66.81,0.7934,0.6088,0.0,-80000.0,0
4797,SubmergedRing,-1,ZONE_STEM_TELESCOPIC,Submerged Ballast Tier 9,0.7273,0.125,16945.69,16945.69,-65454.55,23964.83,45.0,66.81,0.7071,0.7071,0.0,-80000.0,0
4798,SubmergedRing,-1,ZONE_STEM_TELESCOPIC,Submerged Ballast Tier 9,0.7273,0.1458,14588.86,19012.58,-65454.55,23964.83,52.5,66.81,0.6088,0.7934,0.0,-80000.0,0
4799,SubmergedRing,-1,ZONE_STEM_TELESCOPIC,Submerged Ballast Tier 9,0.7273,0.1667,11982.42,20754.15,-65454.55,23964.83,60.0,66.81,0.5,0.866,0.0,-80000.0,0
4800,SubmergedRing,-1,ZONE_STEM_TELESCOPIC,Submerged Ballast Tier 9,0.7273,0.1875,9170.94,22140.62,-65454.55,23964.83,67.5,66.81,0.3827,0.9239,0.0,-80000.0,0
4801,SubmergedRing,-1,ZONE_STEM_TELESCOPIC,Submerged Ballast Tier 9,0.7273,0.2083,6202.55,23148.25,-65454.55,23964.83,75.0,66.81,0.2588,0.9659,0.0,-80000.0,0
4802,SubmergedRing,-1,ZONE_STEM_TELESCOPIC,Submerged Ballast Tier 9,0.7273,0.2292,3128.04,23759.81,-65454.55,23964.83,82.5,66.81,0.1305,0.9914,0.0,-80000.0,0
4803,SubmergedRing,-1,ZONE_STEM_TELESCOPIC,Submerged Ballast Tier 9,0.7273,0.25,0.0,23964.83,-65454.55,23964.83,90.0,66.81,0.0,1.0,0.0,-80000.0,0
4804,SubmergedRing,-1,ZONE_STEM_TELESCOPIC,Submerged Ballast Tier 9,0.7273,0.2708,-3128.04,23759.81,-65454.55,23964.83,97.5,66.81,-0.1305,0.9914,0.0,-80000.0,0
4805,SubmergedRing,-1,ZONE_STEM_TELESCOPIC,Submerged Ballast Tier 9,0.7273,0.2917,-6202.55,23148.25,-65454.55,23964.83,105.0,66.81,-0.2588,0.9659,0.0,-80000.0,0
4806,SubmergedRing,-1,ZONE_STEM_TELESCOPIC,Submerged Ballast Tier 9,0.7273,0.3125,-9170.94,22140.62,-65454.55,23964.83,112.5,66.81,-0.3827,0.9239,0.0,-80000.0,0
4807,SubmergedRing,-1,ZONE_STEM_TELESCOPIC,Submerged Ballast Tier 9,0.7273,0.3333,-11982.42,20754.15,-65454.55,23964.83,120.0,66.81,-0.5,0.866,0.0,-80000.0,0
4808,SubmergedRing,-1,ZONE_STEM_TELESCOPIC,Submerged Ballast Tier 9,0.7273,0.3542,-14588.86,19012.58,-65454.55,23964.83,127.5,66.81,-0.6088,0.7934,0.0,-80000.0,0
4809,SubmergedRing,-1,ZONE_STEM_TELESCOPIC,Submerged Ballast Tier 9,0.7273,0.375,-16945.69,16945.69,-65454.55,23964.83,135.0,66.81,-0.7071,0.7071,0.0,-80000.0,0
4810,SubmergedRing,-1,ZONE_STEM_TELESCOPIC,Submerged Ballast Tier 9,0.7273,0.3958,-19012.58,14588.86,-65454.55,23964.83,142.5,66.81,-0.7934,0.6088,0.0,-80000.0,0
4811,SubmergedRing,-1,ZONE_STEM_TELESCOPIC,Submerged Ballast Tier 9,0.7273,0.4167,-20754.15,11982.42,-65454.55,23964.83,150.0,66.81,-0.866,0.5,0.0,-80000.0,0
4812,SubmergedRing,-1,ZONE_STEM_TELESCOPIC,Submerged Ballast Tier 9,0.7273,0.4375,-22140.62,9170.94,-65454.55,23964.83,157.5,66.81,-0.9239,0.3827,0.0,-80000.0,0
4813,SubmergedRing,-1,ZONE_STEM_TELESCOPIC,Submerged Ballast Tier 9,0.7273,0.4583,-23148.25,6202.55,-65454.55,23964.83,165.0,66.81,-0.9659,0.2588,0.0,-80000.0,0
4814,SubmergedRing,-1,ZONE_STEM_TELESCOPIC,Submerged Ballast Tier 9,0.7273,0.4792,-23759.81,3128.04,-65454.55,23964.83,172.5,66.81,-0.9914,0.1305,0.0,-80000.0,0
4815,SubmergedRing,-1,ZONE_STEM_TELESCOPIC,Submerged Ballast Tier 9,0.7273,0.5,-23964.83,0.0,-65454.55,23964.83,180.0,66.81,-1.0,0.0,0.0,-80000.0,0
4816,SubmergedRing,-1,ZONE_STEM_TELESCOPIC,Submerged Ballast Tier 9,0.7273,0.5208,-23759.81,-3128.04,-65454.55,23964.83,187.5,66.81,-0.9914,-0.1305,0.0,-80000.0,0
4817,SubmergedRing,-1,ZONE_STEM_TELESCOPIC,Submerged Ballast Tier 9,0.7273,0.5417,-23148.25,-6202.55,-65454.55,23964.83,195.0,66.81,-0.9659,-0.2588,0.0,-80000.0,0
4818,SubmergedRing,-1,ZONE_STEM_TELESCOPIC,Submerged Ballast Tier 9,0.7273,0.5625,-22140.62,-9170.94,-65454.55,23964.83,202.5,66.81,-0.9239,-0.3827,0.0,-80000.0,0
4819,SubmergedRing,-1,ZONE_STEM_TELESCOPIC,Submerged Ballast Tier 9,0.7273,0.5833,-20754.15,-11982.42,-65454.55,23964.83,210.0,66.81,-0.866,-0.5,0.0,-80000.0,0
4820,SubmergedRing,-1,ZONE_STEM_TELESCOPIC,Submerged Ballast Tier 9,0.7273,0.6042,-19012.58,-14588.86,-65454.55,23964.83,217.5,66.81,-0.7934,-0.6088,0.0,-80000.0,0
4821,SubmergedRing,-1,ZONE_STEM_TELESCOPIC,Submerged Ballast Tier 9,0.7273,0.625,-16945.69,-16945.69,-65454.55,23964.83,225.0,66.81,-0.7071,-0.7071,0.0,-80000.0,0
4822,SubmergedRing,-1,ZONE_STEM_TELESCOPIC,Submerged Ballast Tier 9,0.7273,0.6458,-14588.86,-19012.58,-65454.55,23964.83,232.5,66.81,-0.6088,-0.7934,0.0,-80000.0,0
4823,SubmergedRing,-1,ZONE_STEM_TELESCOPIC,Submerged Ballast Tier 9,0.7273,0.6667,-11982.42,-20754.15,-65454.55,23964.83,240.0,66.81,-0.5,-0.866,0.0,-80000.0,0
4824,SubmergedRing,-1,ZONE_STEM_TELESCOPIC,Submerged Ballast Tier 9,0.7273,0.6875,-9170.94,-22140.62,-65454.55,23964.83,247.5,66.81,-0.3827,-0.9239,0.0,-80000.0,0
4825,SubmergedRing,-1,ZONE_STEM_TELESCOPIC,Submerged Ballast Tier 9,0.7273,0.7083,-6202.55,-23148.25,-65454.55,23964.83,255.0,66.81,-0.2588,-0.9659,0.0,-80000.0,0
4826,SubmergedRing,-1,ZONE_STEM_TELESCOPIC,Submerged Ballast Tier 9,0.7273,0.7292,-3128.04,-23759.81,-65454.55,23964.83,262.5,66.81,-0.1305,-0.9914,0.0,-80000.0,0
4827,SubmergedRing,-1,ZONE_STEM_TELESCOPIC,Submerged Ballast Tier 9,0.7273,0.75,-0.0,-23964.83,-65454.55,23964.83,270.0,66.81,-0.0,-1.0,0.0,-80000.0,0
4828,SubmergedRing,-1,ZONE_STEM_TELESCOPIC,Submerged Ballast Tier 9,0.7273,0.7708,3128.04,-23759.81,-65454.55,23964.83,277.5,66.81,0.1305,-0.9914,0.0,-80000.0,0
4829,SubmergedRing,-1,ZONE_STEM_TELESCOPIC,Submerged Ballast Tier 9,0.7273,0.7917,6202.55,-23148.25,-65454.55,23964.83,285.0,66.81,0.2588,-0.9659,0.0,-80000.0,0
4830,SubmergedRing,-1,ZONE_STEM_TELESCOPIC,Submerged Ballast Tier 9,0.7273,0.8125,9170.94,-22140.62,-65454.55,23964.83,292.5,66.81,0.3827,-0.9239,0.0,-80000.0,0
4831,SubmergedRing,-1,ZONE_STEM_TELESCOPIC,Submerged Ballast Tier 9,0.7273,0.8333,11982.42,-20754.15,-65454.55,23964.83,300.0,66.81,0.5,-0.866,0.0,-80000.0,0
4832,SubmergedRing,-1,ZONE_STEM_TELESCOPIC,Submerged Ballast Tier 9,0.7273,0.8542,14588.86,-19012.58,-65454.55,23964.83,307.5,66.81,0.6088,-0.7934,0.0,-80000.0,0
4833,SubmergedRing,-1,ZONE_STEM_TELESCOPIC,Submerged Ballast Tier 9,0.7273,0.875,16945.69,-16945.69,-65454.55,23964.83,315.0,66.81,0.7071,-0.7071,0.0,-80000.0,0
4834,SubmergedRing,-1,ZONE_STEM_TELESCOPIC,Submerged Ballast Tier 9,0.7273,0.8958,19012.58,-14588.86,-65454.55,23964.83,322.5,66.81,0.7934,-0.6088,0.0,-80000.0,0
4835,SubmergedRing,-1,ZONE_STEM_TELESCOPIC,Submerged Ballast Tier 9,0.7273,0.9167,20754.15,-11982.42,-65454.55,23964.83,330.0,66.81,0.866,-0.5,0.0,-80000.0,0
4836,SubmergedRing,-1,ZONE_STEM_TELESCOPIC,Submerged Ballast Tier 9,0.7273,0.9375,22140.62,-9170.94,-65454.55,23964.83,337.5,66.81,0.9239,-0.3827,0.0,-80000.0,0
4837,SubmergedRing,-1,ZONE_STEM_TELESCOPIC,Submerged Ballast Tier 9,0.7273,0.9583,23148.25,-6202.55,-65454.55,23964.83,345.0,66.81,0.9659,-0.2588,0.0,-80000.0,0
4838,SubmergedRing,-1,ZONE_STEM_TELESCOPIC,Submerged Ballast Tier 9,0.7273,0.9792,23759.81,-3128.04,-65454.55,23964.83,352.5,66.81,0.9914,-0.1305,0.0,-80000.0,0
4839,SubmergedRing,-1,ZONE_STEM_TELESCOPIC,Submerged Ballast Tier 10,0.8182,0.0,27389.47,0.0,-73636.36,27389.47,0.0,75.04,1.0,0.0,0.0,-80000.0,0
4840,SubmergedRing,-1,ZONE_STEM_TELESCOPIC,Submerged Ballast Tier 10,0.8182,0.0208,27155.15,3575.04,-73636.36,27389.47,7.5,75.04,0.9914,0.1305,0.0,-80000.0,0
4841,SubmergedRing,-1,ZONE_STEM_TELESCOPIC,Submerged Ballast Tier 10,0.8182,0.0417,26456.2,7088.92,-73636.36,27389.47,15.0,75.04,0.9659,0.2588,0.0,-80000.0,0
4842,SubmergedRing,-1,ZONE_STEM_TELESCOPIC,Submerged Ballast Tier 10,0.8182,0.0625,25304.57,10481.5,-73636.36,27389.47,22.5,75.04,0.9239,0.3827,0.0,-80000.0,0
4843,SubmergedRing,-1,ZONE_STEM_TELESCOPIC,Submerged Ballast Tier 10,0.8182,0.0833,23719.98,13694.74,-73636.36,27389.47,30.0,75.04,0.866,0.5,0.0,-80000.0,0
4844,SubmergedRing,-1,ZONE_STEM_TELESCOPIC,Submerged Ballast Tier 10,0.8182,0.1042,21729.53,16673.65,-73636.36,27389.47,37.5,75.04,0.7934,0.6088,0.0,-80000.0,0
4845,SubmergedRing,-1,ZONE_STEM_TELESCOPIC,Submerged Ballast Tier 10,0.8182,0.125,19367.28,19367.28,-73636.36,27389.47,45.0,75.04,0.7071,0.7071,0.0,-80000.0,0
4846,SubmergedRing,-1,ZONE_STEM_TELESCOPIC,Submerged Ballast Tier 10,0.8182,0.1458,16673.65,21729.53,-73636.36,27389.47,52.5,75.04,0.6088,0.7934,0.0,-80000.0,0
4847,SubmergedRing,-1,ZONE_STEM_TELESCOPIC,Submerged Ballast Tier 10,0.8182,0.1667,13694.74,23719.98,-73636.36,27389.47,60.0,75.04,0.5,0.866,0.0,-80000.0,0
4848,SubmergedRing,-1,ZONE_STEM_TELESCOPIC,Submerged Ballast Tier 10,0.8182,0.1875,10481.5,25304.57,-73636.36,27389.47,67.5,75.04,0.3827,0.9239,0.0,-80000.0,0
4849,SubmergedRing,-1,ZONE_STEM_TELESCOPIC,Submerged Ballast Tier 10,0.8182,0.2083,7088.92,26456.2,-73636.36,27389.47,75.0,75.04,0.2588,0.9659,0.0,-80000.0,0
4850,SubmergedRing,-1,ZONE_STEM_TELESCOPIC,Submerged Ballast Tier 10,0.8182,0.2292,3575.04,27155.15,-73636.36,27389.47,82.5,75.04,0.1305,0.9914,0.0,-80000.0,0
4851,SubmergedRing,-1,ZONE_STEM_TELESCOPIC,Submerged Ballast Tier 10,0.8182,0.25,0.0,27389.47,-73636.36,27389.47,90.0,75.04,0.0,1.0,0.0,-80000.0,0
4852,SubmergedRing,-1,ZONE_STEM_TELESCOPIC,Submerged Ballast Tier 10,0.8182,0.2708,-3575.04,27155.15,-73636.36,27389.47,97.5,75.04,-0.1305,0.9914,0.0,-80000.0,0
4853,SubmergedRing,-1,ZONE_STEM_TELESCOPIC,Submerged Ballast Tier 10,0.8182,0.2917,-7088.92,26456.2,-73636.36,27389.47,105.0,75.04,-0.2588,0.9659,0.0,-80000.0,0
4854,SubmergedRing,-1,ZONE_STEM_TELESCOPIC,Submerged Ballast Tier 10,0.8182,0.3125,-10481.5,25304.57,-73636.36,27389.47,112.5,75.04,-0.3827,0.9239,0.0,-80000.0,0
4855,SubmergedRing,-1,ZONE_STEM_TELESCOPIC,Submerged Ballast Tier 10,0.8182,0.3333,-13694.74,23719.98,-73636.36,27389.47,120.0,75.04,-0.5,0.866,0.0,-80000.0,0
4856,SubmergedRing,-1,ZONE_STEM_TELESCOPIC,Submerged Ballast Tier 10,0.8182,0.3542,-16673.65,21729.53,-73636.36,27389.47,127.5,75.04,-0.6088,0.7934,0.0,-80000.0,0
4857,SubmergedRing,-1,ZONE_STEM_TELESCOPIC,Submerged Ballast Tier 10,0.8182,0.375,-19367.28,19367.28,-73636.36,27389.47,135.0,75.04,-0.7071,0.7071,0.0,-80000.0,0
4858,SubmergedRing,-1,ZONE_STEM_TELESCOPIC,Submerged Ballast Tier 10,0.8182,0.3958,-21729.53,16673.65,-73636.36,27389.47,142.5,75.04,-0.7934,0.6088,0.0,-80000.0,0
4859,SubmergedRing,-1,ZONE_STEM_TELESCOPIC,Submerged Ballast Tier 10,0.8182,0.4167,-23719.98,13694.74,-73636.36,27389.47,150.0,75.04,-0.866,0.5,0.0,-80000.0,0
4860,SubmergedRing,-1,ZONE_STEM_TELESCOPIC,Submerged Ballast Tier 10,0.8182,0.4375,-25304.57,10481.5,-73636.36,27389.47,157.5,75.04,-0.9239,0.3827,0.0,-80000.0,0
4861,SubmergedRing,-1,ZONE_STEM_TELESCOPIC,Submerged Ballast Tier 10,0.8182,0.4583,-26456.2,7088.92,-73636.36,27389.47,165.0,75.04,-0.9659,0.2588,0.0,-80000.0,0
4862,SubmergedRing,-1,ZONE_STEM_TELESCOPIC,Submerged Ballast Tier 10,0.8182,0.4792,-27155.15,3575.04,-73636.36,27389.47,172.5,75.04,-0.9914,0.1305,0.0,-80000.0,0
4863,SubmergedRing,-1,ZONE_STEM_TELESCOPIC,Submerged Ballast Tier 10,0.8182,0.5,-27389.47,0.0,-73636.36,27389.47,180.0,75.04,-1.0,0.0,0.0,-80000.0,0
4864,SubmergedRing,-1,ZONE_STEM_TELESCOPIC,Submerged Ballast Tier 10,0.8182,0.5208,-27155.15,-3575.04,-73636.36,27389.47,187.5,75.04,-0.9914,-0.1305,0.0,-80000.0,0
4865,SubmergedRing,-1,ZONE_STEM_TELESCOPIC,Submerged Ballast Tier 10,0.8182,0.5417,-26456.2,-7088.92,-73636.36,27389.47,195.0,75.04,-0.9659,-0.2588,0.0,-80000.0,0
4866,SubmergedRing,-1,ZONE_STEM_TELESCOPIC,Submerged Ballast Tier 10,0.8182,0.5625,-25304.57,-10481.5,-73636.36,27389.47,202.5,75.04,-0.9239,-0.3827,0.0,-80000.0,0
4867,SubmergedRing,-1,ZONE_STEM_TELESCOPIC,Submerged Ballast Tier 10,0.8182,0.5833,-23719.98,-13694.74,-73636.36,27389.47,210.0,75.04,-0.866,-0.5,0.0,-80000.0,0
4868,SubmergedRing,-1,ZONE_STEM_TELESCOPIC,Submerged Ballast Tier 10,0.8182,0.6042,-21729.53,-16673.65,-73636.36,27389.47,217.5,75.04,-0.7934,-0.6088,0.0,-80000.0,0
4869,SubmergedRing,-1,ZONE_STEM_TELESCOPIC,Submerged Ballast Tier 10,0.8182,0.625,-19367.28,-19367.28,-73636.36,27389.47,225.0,75.04,-0.7071,-0.7071,0.0,-80000.0,0
4870,SubmergedRing,-1,ZONE_STEM_TELESCOPIC,Submerged Ballast Tier 10,0.8182,0.6458,-16673.65,-21729.53,-73636.36,27389.47,232.5,75.04,-0.6088,-0.7934,0.0,-80000.0,0
4871,SubmergedRing,-1,ZONE_STEM_TELESCOPIC,Submerged Ballast Tier 10,0.8182,0.6667,-13694.74,-23719.98,-73636.36,27389.47,240.0,75.04,-0.5,-0.866,0.0,-80000.0,0
4872,SubmergedRing,-1,ZONE_STEM_TELESCOPIC,Submerged Ballast Tier 10,0.8182,0.6875,-10481.5,-25304.57,-73636.36,27389.47,247.5,75.04,-0.3827,-0.9239,0.0,-80000.0,0
4873,SubmergedRing,-1,ZONE_STEM_TELESCOPIC,Submerged Ballast Tier 10,0.8182,0.7083,-7088.92,-26456.2,-73636.36,27389.47,255.0,75.04,-0.2588,-0.9659,0.0,-80000.0,0
4874,SubmergedRing,-1,ZONE_STEM_TELESCOPIC,Submerged Ballast Tier 10,0.8182,0.7292,-3575.04,-27155.15,-73636.36,27389.47,262.5,75.04,-0.1305,-0.9914,0.0,-80000.0,0
4875,SubmergedRing,-1,ZONE_STEM_TELESCOPIC,Submerged Ballast Tier 10,0.8182,0.75,-0.0,-27389.47,-73636.36,27389.47,270.0,75.04,-0.0,-1.0,0.0,-80000.0,0
4876,SubmergedRing,-1,ZONE_STEM_TELESCOPIC,Submerged Ballast Tier 10,0.8182,0.7708,3575.04,-27155.15,-73636.36,27389.47,277.5,75.04,0.1305,-0.9914,0.0,-80000.0,0
4877,SubmergedRing,-1,ZONE_STEM_TELESCOPIC,Submerged Ballast Tier 10,0.8182,0.7917,7088.92,-26456.2,-73636.36,27389.47,285.0,75.04,0.2588,-0.9659,0.0,-80000.0,0
4878,SubmergedRing,-1,ZONE_STEM_TELESCOPIC,Submerged Ballast Tier 10,0.8182,0.8125,10481.5,-25304.57,-73636.36,27389.47,292.5,75.04,0.3827,-0.9239,0.0,-80000.0,0
4879,SubmergedRing,-1,ZONE_STEM_TELESCOPIC,Submerged Ballast Tier 10,0.8182,0.8333,13694.74,-23719.98,-73636.36,27389.47,300.0,75.04,0.5,-0.866,0.0,-80000.0,0
4880,SubmergedRing,-1,ZONE_STEM_TELESCOPIC,Submerged Ballast Tier 10,0.8182,0.8542,16673.65,-21729.53,-73636.36,27389.47,307.5,75.04,0.6088,-0.7934,0.0,-80000.0,0
4881,SubmergedRing,-1,ZONE_STEM_TELESCOPIC,Submerged Ballast Tier 10,0.8182,0.875,19367.28,-19367.28,-73636.36,27389.47,315.0,75.04,0.7071,-0.7071,0.0,-80000.0,0
4882,SubmergedRing,-1,ZONE_STEM_TELESCOPIC,Submerged Ballast Tier 10,0.8182,0.8958,21729.53,-16673.65,-73636.36,27389.47,322.5,75.04,0.7934,-0.6088,0.0,-80000.0,0
4883,SubmergedRing,-1,ZONE_STEM_TELESCOPIC,Submerged Ballast Tier 10,0.8182,0.9167,23719.98,-13694.74,-73636.36,27389.47,330.0,75.04,0.866,-0.5,0.0,-80000.0,0
4884,SubmergedRing,-1,ZONE_STEM_TELESCOPIC,Submerged Ballast Tier 10,0.8182,0.9375,25304.57,-10481.5,-73636.36,27389.47,337.5,75.04,0.9239,-0.3827,0.0,-80000.0,0
4885,SubmergedRing,-1,ZONE_STEM_TELESCOPIC,Submerged Ballast Tier 10,0.8182,0.9583,26456.2,-7088.92,-73636.36,27389.47,345.0,75.04,0.9659,-0.2588,0.0,-80000.0,0
4886,SubmergedRing,-1,ZONE_STEM_TELESCOPIC,Submerged Ballast Tier 10,0.8182,0.9792,27155.15,-3575.04,-73636.36,27389.47,352.5,75.04,0.9914,-0.1305,0.0,-80000.0,0
4887,SubmergedRing,-1,ZONE_ROOT_VAULT,Submerged Ballast Tier 11,0.9091,0.0,31070.97,0.0,-81818.18,31070.97,0.0,83.27,1.0,0.0,0.0,-150000.0,0
4888,SubmergedRing,-1,ZONE_ROOT_VAULT,Submerged Ballast Tier 11,0.9091,0.0208,30805.15,4055.58,-81818.18,31070.97,7.5,83.27,0.9914,0.1305,0.0,-150000.0,0
4889,SubmergedRing,-1,ZONE_ROOT_VAULT,Submerged Ballast Tier 11,0.9091,0.0417,30012.25,8041.76,-81818.18,31070.97,15.0,83.27,0.9659,0.2588,0.0,-150000.0,0
4890,SubmergedRing,-1,ZONE_ROOT_VAULT,Submerged Ballast Tier 11,0.9091,0.0625,28705.83,11890.35,-81818.18,31070.97,22.5,83.27,0.9239,0.3827,0.0,-150000.0,0
4891,SubmergedRing,-1,ZONE_ROOT_VAULT,Submerged Ballast Tier 11,0.9091,0.0833,26908.25,15535.48,-81818.18,31070.97,30.0,83.27,0.866,0.5,0.0,-150000.0,0
4892,SubmergedRing,-1,ZONE_ROOT_VAULT,Submerged Ballast Tier 11,0.9091,0.1042,24650.26,18914.81,-81818.18,31070.97,37.5,83.27,0.7934,0.6088,0.0,-150000.0,0
4893,SubmergedRing,-1,ZONE_ROOT_VAULT,Submerged Ballast Tier 11,0.9091,0.125,21970.49,21970.49,-81818.18,31070.97,45.0,83.27,0.7071,0.7071,0.0,-150000.0,0
4894,SubmergedRing,-1,ZONE_ROOT_VAULT,Submerged Ballast Tier 11,0.9091,0.1458,18914.81,24650.26,-81818.18,31070.97,52.5,83.27,0.6088,0.7934,0.0,-150000.0,0
4895,SubmergedRing,-1,ZONE_ROOT_VAULT,Submerged Ballast Tier 11,0.9091,0.1667,15535.48,26908.25,-81818.18,31070.97,60.0,83.27,0.5,0.866,0.0,-150000.0,0
4896,SubmergedRing,-1,ZONE_ROOT_VAULT,Submerged Ballast Tier 11,0.9091,0.1875,11890.35,28705.83,-81818.18,31070.97,67.5,83.27,0.3827,0.9239,0.0,-150000.0,0
4897,SubmergedRing,-1,ZONE_ROOT_VAULT,Submerged Ballast Tier 11,0.9091,0.2083,8041.76,30012.25,-81818.18,31070.97,75.0,83.27,0.2588,0.9659,0.0,-150000.0,0
4898,SubmergedRing,-1,ZONE_ROOT_VAULT,Submerged Ballast Tier 11,0.9091,0.2292,4055.58,30805.15,-81818.18,31070.97,82.5,83.27,0.1305,0.9914,0.0,-150000.0,0
4899,SubmergedRing,-1,ZONE_ROOT_VAULT,Submerged Ballast Tier 11,0.9091,0.25,0.0,31070.97,-81818.18,31070.97,90.0,83.27,0.0,1.0,0.0,-150000.0,0
4900,SubmergedRing,-1,ZONE_ROOT_VAULT,Submerged Ballast Tier 11,0.9091,0.2708,-4055.58,30805.15,-81818.18,31070.97,97.5,83.27,-0.1305,0.9914,0.0,-150000.0,0
4901,SubmergedRing,-1,ZONE_ROOT_VAULT,Submerged Ballast Tier 11,0.9091,0.2917,-8041.76,30012.25,-81818.18,31070.97,105.0,83.27,-0.2588,0.9659,0.0,-150000.0,0
4902,SubmergedRing,-1,ZONE_ROOT_VAULT,Submerged Ballast Tier 11,0.9091,0.3125,-11890.35,28705.83,-81818.18,31070.97,112.5,83.27,-0.3827,0.9239,0.0,-150000.0,0
4903,SubmergedRing,-1,ZONE_ROOT_VAULT,Submerged Ballast Tier 11,0.9091,0.3333,-15535.48,26908.25,-81818.18,31070.97,120.0,83.27,-0.5,0.866,0.0,-150000.0,0
4904,SubmergedRing,-1,ZONE_ROOT_VAULT,Submerged Ballast Tier 11,0.9091,0.3542,-18914.81,24650.26,-81818.18,31070.97,127.5,83.27,-0.6088,0.7934,0.0,-150000.0,0
4905,SubmergedRing,-1,ZONE_ROOT_VAULT,Submerged Ballast Tier 11,0.9091,0.375,-21970.49,21970.49,-81818.18,31070.97,135.0,83.27,-0.7071,0.7071,0.0,-150000.0,0
4906,SubmergedRing,-1,ZONE_ROOT_VAULT,Submerged Ballast Tier 11,0.9091,0.3958,-24650.26,18914.81,-81818.18,31070.97,142.5,83.27,-0.7934,0.6088,0.0,-150000.0,0
4907,SubmergedRing,-1,ZONE_ROOT_VAULT,Submerged Ballast Tier 11,0.9091,0.4167,-26908.25,15535.48,-81818.18,31070.97,150.0,83.27,-0.866,0.5,0.0,-150000.0,0
4908,SubmergedRing,-1,ZONE_ROOT_VAULT,Submerged Ballast Tier 11,0.9091,0.4375,-28705.83,11890.35,-81818.18,31070.97,157.5,83.27,-0.9239,0.3827,0.0,-150000.0,0
4909,SubmergedRing,-1,ZONE_ROOT_VAULT,Submerged Ballast Tier 11,0.9091,0.4583,-30012.25,8041.76,-81818.18,31070.97,165.0,83.27,-0.9659,0.2588,0.0,-150000.0,0
4910,SubmergedRing,-1,ZONE_ROOT_VAULT,Submerged Ballast Tier 11,0.9091,0.4792,-30805.15,4055.58,-81818.18,31070.97,172.5,83.27,-0.9914,0.1305,0.0,-150000.0,0
4911,SubmergedRing,-1,ZONE_ROOT_VAULT,Submerged Ballast Tier 11,0.9091,0.5,-31070.97,0.0,-81818.18,31070.97,180.0,83.27,-1.0,0.0,0.0,-150000.0,0
4912,SubmergedRing,-1,ZONE_ROOT_VAULT,Submerged Ballast Tier 11,0.9091,0.5208,-30805.15,-4055.58,-81818.18,31070.97,187.5,83.27,-0.9914,-0.1305,0.0,-150000.0,0
4913,SubmergedRing,-1,ZONE_ROOT_VAULT,Submerged Ballast Tier 11,0.9091,0.5417,-30012.25,-8041.76,-81818.18,31070.97,195.0,83.27,-0.9659,-0.2588,0.0,-150000.0,0
4914,SubmergedRing,-1,ZONE_ROOT_VAULT,Submerged Ballast Tier 11,0.9091,0.5625,-28705.83,-11890.35,-81818.18,31070.97,202.5,83.27,-0.9239,-0.3827,0.0,-150000.0,0
4915,SubmergedRing,-1,ZONE_ROOT_VAULT,Submerged Ballast Tier 11,0.9091,0.5833,-26908.25,-15535.48,-81818.18,31070.97,210.0,83.27,-0.866,-0.5,0.0,-150000.0,0
4916,SubmergedRing,-1,ZONE_ROOT_VAULT,Submerged Ballast Tier 11,0.9091,0.6042,-24650.26,-18914.81,-81818.18,31070.97,217.5,83.27,-0.7934,-0.6088,0.0,-150000.0,0
4917,SubmergedRing,-1,ZONE_ROOT_VAULT,Submerged Ballast Tier 11,0.9091,0.625,-21970.49,-21970.49,-81818.18,31070.97,225.0,83.27,-0.7071,-0.7071,0.0,-150000.0,0
4918,SubmergedRing,-1,ZONE_ROOT_VAULT,Submerged Ballast Tier 11,0.9091,0.6458,-18914.81,-24650.26,-81818.18,31070.97,232.5,83.27,-0.6088,-0.7934,0.0,-150000.0,0
4919,SubmergedRing,-1,ZONE_ROOT_VAULT,Submerged Ballast Tier 11,0.9091,0.6667,-15535.48,-26908.25,-81818.18,31070.97,240.0,83.27,-0.5,-0.866,0.0,-150000.0,0
4920,SubmergedRing,-1,ZONE_ROOT_VAULT,Submerged Ballast Tier 11,0.9091,0.6875,-11890.35,-28705.83,-81818.18,31070.97,247.5,83.27,-0.3827,-0.9239,0.0,-150000.0,0
4921,SubmergedRing,-1,ZONE_ROOT_VAULT,Submerged Ballast Tier 11,0.9091,0.7083,-8041.76,-30012.25,-81818.18,31070.97,255.0,83.27,-0.2588,-0.9659,0.0,-150000.0,0
4922,SubmergedRing,-1,ZONE_ROOT_VAULT,Submerged Ballast Tier 11,0.9091,0.7292,-4055.58,-30805.15,-81818.18,31070.97,262.5,83.27,-0.1305,-0.9914,0.0,-150000.0,0
4923,SubmergedRing,-1,ZONE_ROOT_VAULT,Submerged Ballast Tier 11,0.9091,0.75,-0.0,-31070.97,-81818.18,31070.97,270.0,83.27,-0.0,-1.0,0.0,-150000.0,0
4924,SubmergedRing,-1,ZONE_ROOT_VAULT,Submerged Ballast Tier 11,0.9091,0.7708,4055.58,-30805.15,-81818.18,31070.97,277.5,83.27,0.1305,-0.9914,0.0,-150000.0,0
4925,SubmergedRing,-1,ZONE_ROOT_VAULT,Submerged Ballast Tier 11,0.9091,0.7917,8041.76,-30012.25,-81818.18,31070.97,285.0,83.27,0.2588,-0.9659,0.0,-150000.0,0
4926,SubmergedRing,-1,ZONE_ROOT_VAULT,Submerged Ballast Tier 11,0.9091,0.8125,11890.35,-28705.83,-81818.18,31070.97,292.5,83.27,0.3827,-0.9239,0.0,-150000.0,0
4927,SubmergedRing,-1,ZONE_ROOT_VAULT,Submerged Ballast Tier 11,0.9091,0.8333,15535.48,-26908.25,-81818.18,31070.97,300.0,83.27,0.5,-0.866,0.0,-150000.0,0
4928,SubmergedRing,-1,ZONE_ROOT_VAULT,Submerged Ballast Tier 11,0.9091,0.8542,18914.81,-24650.26,-81818.18,31070.97,307.5,83.27,0.6088,-0.7934,0.0,-150000.0,0
4929,SubmergedRing,-1,ZONE_ROOT_VAULT,Submerged Ballast Tier 11,0.9091,0.875,21970.49,-21970.49,-81818.18,31070.97,315.0,83.27,0.7071,-0.7071,0.0,-150000.0,0
4930,SubmergedRing,-1,ZONE_ROOT_VAULT,Submerged Ballast Tier 11,0.9091,0.8958,24650.26,-18914.81,-81818.18,31070.97,322.5,83.27,0.7934,-0.6088,0.0,-150000.0,0
4931,SubmergedRing,-1,ZONE_ROOT_VAULT,Submerged Ballast Tier 11,0.9091,0.9167,26908.25,-15535.48,-81818.18,31070.97,330.0,83.27,0.866,-0.5,0.0,-150000.0,0
4932,SubmergedRing,-1,ZONE_ROOT_VAULT,Submerged Ballast Tier 11,0.9091,0.9375,28705.83,-11890.35,-81818.18,31070.97,337.5,83.27,0.9239,-0.3827,0.0,-150000.0,0
4933,SubmergedRing,-1,ZONE_ROOT_VAULT,Submerged Ballast Tier 11,0.9091,0.9583,30012.25,-8041.76,-81818.18,31070.97,345.0,83.27,0.9659,-0.2588,0.0,-150000.0,0
4934,SubmergedRing,-1,ZONE_ROOT_VAULT,Submerged Ballast Tier 11,0.9091,0.9792,30805.15,-4055.58,-81818.18,31070.97,352.5,83.27,0.9914,-0.1305,0.0,-150000.0,0
4935,SubmergedRing,-1,ZONE_ROOT_VAULT,Submerged Ballast Tier 12,1.0,0.0,35000.0,0.0,-90000.0,35000.0,0.0,91.5,1.0,0.0,0.0,-150000.0,0
4936,SubmergedRing,-1,ZONE_ROOT_VAULT,Submerged Ballast Tier 12,1.0,0.0208,34700.57,4568.42,-90000.0,35000.0,7.5,91.5,0.9914,0.1305,0.0,-150000.0,0
4937,SubmergedRing,-1,ZONE_ROOT_VAULT,Submerged Ballast Tier 12,1.0,0.0417,33807.4,9058.67,-90000.0,35000.0,15.0,91.5,0.9659,0.2588,0.0,-150000.0,0
4938,SubmergedRing,-1,ZONE_ROOT_VAULT,Submerged Ballast Tier 12,1.0,0.0625,32335.78,13393.92,-90000.0,35000.0,22.5,91.5,0.9239,0.3827,0.0,-150000.0,0
4939,SubmergedRing,-1,ZONE_ROOT_VAULT,Submerged Ballast Tier 12,1.0,0.0833,30310.89,17500.0,-90000.0,35000.0,30.0,91.5,0.866,0.5,0.0,-150000.0,0
4940,SubmergedRing,-1,ZONE_ROOT_VAULT,Submerged Ballast Tier 12,1.0,0.1042,27767.37,21306.65,-90000.0,35000.0,37.5,91.5,0.7934,0.6088,0.0,-150000.0,0
4941,SubmergedRing,-1,ZONE_ROOT_VAULT,Submerged Ballast Tier 12,1.0,0.125,24748.74,24748.74,-90000.0,35000.0,45.0,91.5,0.7071,0.7071,0.0,-150000.0,0
4942,SubmergedRing,-1,ZONE_ROOT_VAULT,Submerged Ballast Tier 12,1.0,0.1458,21306.65,27767.37,-90000.0,35000.0,52.5,91.5,0.6088,0.7934,0.0,-150000.0,0
4943,SubmergedRing,-1,ZONE_ROOT_VAULT,Submerged Ballast Tier 12,1.0,0.1667,17500.0,30310.89,-90000.0,35000.0,60.0,91.5,0.5,0.866,0.0,-150000.0,0
4944,SubmergedRing,-1,ZONE_ROOT_VAULT,Submerged Ballast Tier 12,1.0,0.1875,13393.92,32335.78,-90000.0,35000.0,67.5,91.5,0.3827,0.9239,0.0,-150000.0,0
4945,SubmergedRing,-1,ZONE_ROOT_VAULT,Submerged Ballast Tier 12,1.0,0.2083,9058.67,33807.4,-90000.0,35000.0,75.0,91.5,0.2588,0.9659,0.0,-150000.0,0
4946,SubmergedRing,-1,ZONE_ROOT_VAULT,Submerged Ballast Tier 12,1.0,0.2292,4568.42,34700.57,-90000.0,35000.0,82.5,91.5,0.1305,0.9914,0.0,-150000.0,0
4947,SubmergedRing,-1,ZONE_ROOT_VAULT,Submerged Ballast Tier 12,1.0,0.25,0.0,35000.0,-90000.0,35000.0,90.0,91.5,0.0,1.0,0.0,-150000.0,0
4948,SubmergedRing,-1,ZONE_ROOT_VAULT,Submerged Ballast Tier 12,1.0,0.2708,-4568.42,34700.57,-90000.0,35000.0,97.5,91.5,-0.1305,0.9914,0.0,-150000.0,0
4949,SubmergedRing,-1,ZONE_ROOT_VAULT,Submerged Ballast Tier 12,1.0,0.2917,-9058.67,33807.4,-90000.0,35000.0,105.0,91.5,-0.2588,0.9659,0.0,-150000.0,0
4950,SubmergedRing,-1,ZONE_ROOT_VAULT,Submerged Ballast Tier 12,1.0,0.3125,-13393.92,32335.78,-90000.0,35000.0,112.5,91.5,-0.3827,0.9239,0.0,-150000.0,0
4951,SubmergedRing,-1,ZONE_ROOT_VAULT,Submerged Ballast Tier 12,1.0,0.3333,-17500.0,30310.89,-90000.0,35000.0,120.0,91.5,-0.5,0.866,0.0,-150000.0,0
4952,SubmergedRing,-1,ZONE_ROOT_VAULT,Submerged Ballast Tier 12,1.0,0.3542,-21306.65,27767.37,-90000.0,35000.0,127.5,91.5,-0.6088,0.7934,0.0,-150000.0,0
4953,SubmergedRing,-1,ZONE_ROOT_VAULT,Submerged Ballast Tier 12,1.0,0.375,-24748.74,24748.74,-90000.0,35000.0,135.0,91.5,-0.7071,0.7071,0.0,-150000.0,0
4954,SubmergedRing,-1,ZONE_ROOT_VAULT,Submerged Ballast Tier 12,1.0,0.3958,-27767.37,21306.65,-90000.0,35000.0,142.5,91.5,-0.7934,0.6088,0.0,-150000.0,0
4955,SubmergedRing,-1,ZONE_ROOT_VAULT,Submerged Ballast Tier 12,1.0,0.4167,-30310.89,17500.0,-90000.0,35000.0,150.0,91.5,-0.866,0.5,0.0,-150000.0,0
4956,SubmergedRing,-1,ZONE_ROOT_VAULT,Submerged Ballast Tier 12,1.0,0.4375,-32335.78,13393.92,-90000.0,35000.0,157.5,91.5,-0.9239,0.3827,0.0,-150000.0,0
4957,SubmergedRing,-1,ZONE_ROOT_VAULT,Submerged Ballast Tier 12,1.0,0.4583,-33807.4,9058.67,-90000.0,35000.0,165.0,91.5,-0.9659,0.2588,0.0,-150000.0,0
4958,SubmergedRing,-1,ZONE_ROOT_VAULT,Submerged Ballast Tier 12,1.0,0.4792,-34700.57,4568.42,-90000.0,35000.0,172.5,91.5,-0.9914,0.1305,0.0,-150000.0,0
4959,SubmergedRing,-1,ZONE_ROOT_VAULT,Submerged Ballast Tier 12,1.0,0.5,-35000.0,0.0,-90000.0,35000.0,180.0,91.5,-1.0,0.0,0.0,-150000.0,0
4960,SubmergedRing,-1,ZONE_ROOT_VAULT,Submerged Ballast Tier 12,1.0,0.5208,-34700.57,-4568.42,-90000.0,35000.0,187.5,91.5,-0.9914,-0.1305,0.0,-150000.0,0
4961,SubmergedRing,-1,ZONE_ROOT_VAULT,Submerged Ballast Tier 12,1.0,0.5417,-33807.4,-9058.67,-90000.0,35000.0,195.0,91.5,-0.9659,-0.2588,0.0,-150000.0,0
4962,SubmergedRing,-1,ZONE_ROOT_VAULT,Submerged Ballast Tier 12,1.0,0.5625,-32335.78,-13393.92,-90000.0,35000.0,202.5,91.5,-0.9239,-0.3827,0.0,-150000.0,0
4963,SubmergedRing,-1,ZONE_ROOT_VAULT,Submerged Ballast Tier 12,1.0,0.5833,-30310.89,-17500.0,-90000.0,35000.0,210.0,91.5,-0.866,-0.5,0.0,-150000.0,0
4964,SubmergedRing,-1,ZONE_ROOT_VAULT,Submerged Ballast Tier 12,1.0,0.6042,-27767.37,-21306.65,-90000.0,35000.0,217.5,91.5,-0.7934,-0.6088,0.0,-150000.0,0
4965,SubmergedRing,-1,ZONE_ROOT_VAULT,Submerged Ballast Tier 12,1.0,0.625,-24748.74,-24748.74,-90000.0,35000.0,225.0,91.5,-0.7071,-0.7071,0.0,-150000.0,0
4966,SubmergedRing,-1,ZONE_ROOT_VAULT,Submerged Ballast Tier 12,1.0,0.6458,-21306.65,-27767.37,-90000.0,35000.0,232.5,91.5,-0.6088,-0.7934,0.0,-150000.0,0
4967,SubmergedRing,-1,ZONE_ROOT_VAULT,Submerged Ballast Tier 12,1.0,0.6667,-17500.0,-30310.89,-90000.0,35000.0,240.0,91.5,-0.5,-0.866,0.0,-150000.0,0
4968,SubmergedRing,-1,ZONE_ROOT_VAULT,Submerged Ballast Tier 12,1.0,0.6875,-13393.92,-32335.78,-90000.0,35000.0,247.5,91.5,-0.3827,-0.9239,0.0,-150000.0,0
4969,SubmergedRing,-1,ZONE_ROOT_VAULT,Submerged Ballast Tier 12,1.0,0.7083,-9058.67,-33807.4,-90000.0,35000.0,255.0,91.5,-0.2588,-0.9659,0.0,-150000.0,0
4970,SubmergedRing,-1,ZONE_ROOT_VAULT,Submerged Ballast Tier 12,1.0,0.7292,-4568.42,-34700.57,-90000.0,35000.0,262.5,91.5,-0.1305,-0.9914,0.0,-150000.0,0
4971,SubmergedRing,-1,ZONE_ROOT_VAULT,Submerged Ballast Tier 12,1.0,0.75,-0.0,-35000.0,-90000.0,35000.0,270.0,91.5,-0.0,-1.0,0.0,-150000.0,0
4972,SubmergedRing,-1,ZONE_ROOT_VAULT,Submerged Ballast Tier 12,1.0,0.7708,4568.42,-34700.57,-90000.0,35000.0,277.5,91.5,0.1305,-0.9914,0.0,-150000.0,0
4973,SubmergedRing,-1,ZONE_ROOT_VAULT,Submerged Ballast Tier 12,1.0,0.7917,9058.67,-33807.4,-90000.0,35000.0,285.0,91.5,0.2588,-0.9659,0.0,-150000.0,0
4974,SubmergedRing,-1,ZONE_ROOT_VAULT,Submerged Ballast Tier 12,1.0,0.8125,13393.92,-32335.78,-90000.0,35000.0,292.5,91.5,0.3827,-0.9239,0.0,-150000.0,0
4975,SubmergedRing,-1,ZONE_ROOT_VAULT,Submerged Ballast Tier 12,1.0,0.8333,17500.0,-30310.89,-90000.0,35000.0,300.0,91.5,0.5,-0.866,0.0,-150000.0,0
4976,SubmergedRing,-1,ZONE_ROOT_VAULT,Submerged Ballast Tier 12,1.0,0.8542,21306.65,-27767.37,-90000.0,35000.0,307.5,91.5,0.6088,-0.7934,0.0,-150000.0,0
4977,SubmergedRing,-1,ZONE_ROOT_VAULT,Submerged Ballast Tier 12,1.0,0.875,24748.74,-24748.74,-90000.0,35000.0,315.0,91.5,0.7071,-0.7071,0.0,-150000.0,0
4978,SubmergedRing,-1,ZONE_ROOT_VAULT,Submerged Ballast Tier 12,1.0,0.8958,27767.37,-21306.65,-90000.0,35000.0,322.5,91.5,0.7934,-0.6088,0.0,-150000.0,0
4979,SubmergedRing,-1,ZONE_ROOT_VAULT,Submerged Ballast Tier 12,1.0,0.9167,30310.89,-17500.0,-90000.0,35000.0,330.0,91.5,0.866,-0.5,0.0,-150000.0,0
4980,SubmergedRing,-1,ZONE_ROOT_VAULT,Submerged Ballast Tier 12,1.0,0.9375,32335.78,-13393.92,-90000.0,35000.0,337.5,91.5,0.9239,-0.3827,0.0,-150000.0,0
4981,SubmergedRing,-1,ZONE_ROOT_VAULT,Submerged Ballast Tier 12,1.0,0.9583,33807.4,-9058.67,-90000.0,35000.0,345.0,91.5,0.9659,-0.2588,0.0,-150000.0,0
4982,SubmergedRing,-1,ZONE_ROOT_VAULT,Submerged Ballast Tier 12,1.0,0.9792,34700.57,-4568.42,-90000.0,35000.0,352.5,91.5,0.9914,-0.1305,0.0,-150000.0,0
