# Istrorigan Megastructure Part: SYS_03_PETALS_8X
# Exported for Houdini & DCC (Units: Meters)
o SYS_03_PETALS_8X

v 150.0000 0.0000 0.0000
v 150.0000 0.0000 -12.0000
v 150.0000 0.0000 0.0000
v 150.0000 0.0000 -12.0000
v 150.0000 0.0000 0.0000
v 150.0000 0.0000 -12.0000
v 150.0000 0.0000 0.0000
v 150.0000 0.0000 -12.0000
v 150.0000 0.0000 0.0000
v 150.0000 0.0000 -12.0000
v 150.0000 0.0000 0.0000
v 150.0000 0.0000 -12.0000
v 150.0000 0.0000 0.0000
v 150.0000 0.0000 -12.0000
v 150.0000 0.0000 0.0000
v 150.0000 0.0000 -12.0000
v 150.0000 0.0000 0.0000
v 150.0000 0.0000 -12.0000
v 150.0000 0.0000 0.0000
v 150.0000 0.0000 -12.0000
v 150.0000 0.0000 0.0000
v 150.0000 0.0000 -12.0000
v 150.0000 0.0000 0.0000
v 150.0000 0.0000 -12.0000
v 150.0000 0.0000 0.0000
v 150.0000 0.0000 -12.0000
v 150.0000 0.0000 0.0000
v 150.0000 0.0000 -12.0000
v 150.0000 0.0000 0.0000
v 150.0000 0.0000 -12.0000
v 189.5833 -50.0504 -4.5684
v 189.5833 -50.0504 -16.5684
v 189.5833 -42.9003 -2.5198
v 189.5833 -42.9003 -14.8181
v 189.5833 -35.7503 -0.6576
v 189.5833 -35.7503 -13.2543
v 189.5833 -28.6002 1.0181
v 189.5833 -28.6002 -11.8769
v 189.5833 -21.4502 2.5074
v 189.5833 -21.4502 -10.6860
v 189.5833 -14.3001 3.8102
v 189.5833 -14.3001 -9.6816
v 189.5833 -7.1501 4.9265
v 189.5833 -7.1501 -8.8636
v 189.5833 0.0000 5.8563
v 189.5833 0.0000 -8.2321
v 189.5833 7.1501 4.9265
v 189.5833 7.1501 -8.8636
v 189.5833 14.3001 3.8102
v 189.5833 14.3001 -9.6816
v 189.5833 21.4502 2.5074
v 189.5833 21.4502 -10.6860
v 189.5833 28.6002 1.0181
v 189.5833 28.6002 -11.8769
v 189.5833 35.7503 -0.6576
v 189.5833 35.7503 -13.2543
v 189.5833 42.9003 -2.5198
v 189.5833 42.9003 -14.8181
v 189.5833 50.0504 -4.5684
v 189.5833 50.0504 -16.5684
v 229.1667 -65.1983 -9.0587
v 229.1667 -65.1983 -21.0587
v 229.1667 -55.8842 -5.3499
v 229.1667 -55.8842 -17.9414
v 229.1667 -46.5702 -2.0108
v 229.1667 -46.5702 -15.1940
v 229.1667 -37.2562 0.9585
v 229.1667 -37.2562 -12.8162
v 229.1667 -27.9421 3.5581
v 229.1667 -27.9421 -10.8082
v 229.1667 -18.6281 5.7879
v 229.1667 -18.6281 -9.1700
v 229.1667 -9.3140 7.6480
v 229.1667 -9.3140 -7.9015
v 229.1667 0.0000 9.1384
v 229.1667 0.0000 -7.0027
v 229.1667 9.3140 7.6480
v 229.1667 9.3140 -7.9015
v 229.1667 18.6281 5.7879
v 229.1667 18.6281 -9.1700
v 229.1667 27.9421 3.5581
v 229.1667 27.9421 -10.8082
v 229.1667 37.2562 0.9585
v 229.1667 37.2562 -12.8162
v 229.1667 46.5702 -2.0108
v 229.1667 46.5702 -15.1940
v 229.1667 55.8842 -5.3499
v 229.1667 55.8842 -17.9414
v 229.1667 65.1983 -9.0587
v 229.1667 65.1983 -21.0587
v 268.7500 -80.3462 -13.3939
v 268.7500 -80.3462 -25.3939
v 268.7500 -68.8681 -8.1571
v 268.7500 -68.8681 -21.0318
v 268.7500 -57.3901 -3.4670
v 268.7500 -57.3901 -17.2164
v 268.7500 -45.9121 0.6765
v 268.7500 -45.9121 -13.9476
v 268.7500 -34.4341 4.2732
v 268.7500 -34.4341 -11.2256
v 268.7500 -22.9560 7.3233
v 268.7500 -22.9560 -9.0502
v 268.7500 -11.4780 9.8267
v 268.7500 -11.4780 -7.4216
v 268.7500 0.0000 11.7833
v 268.7500 0.0000 -6.3396
v 268.7500 11.4780 9.8267
v 268.7500 11.4780 -7.4216
v 268.7500 22.9560 7.3233
v 268.7500 22.9560 -9.0502
v 268.7500 34.4341 4.2732
v 268.7500 34.4341 -11.2256
v 268.7500 45.9121 0.6765
v 268.7500 45.9121 -13.9476
v 268.7500 57.3901 -3.4670
v 268.7500 57.3901 -17.2164
v 268.7500 68.8681 -8.1571
v 268.7500 68.8681 -21.0318
v 268.7500 80.3462 -13.3939
v 268.7500 80.3462 -25.3939
v 308.3333 -95.4941 -17.5000
v 308.3333 -95.4941 -29.5000
v 308.3333 -81.8520 -10.8543
v 308.3333 -81.8520 -23.9971
v 308.3333 -68.2100 -4.9228
v 308.3333 -68.2100 -19.2085
v 308.3333 -54.5680 0.2944
v 308.3333 -54.5680 -15.1342
v 308.3333 -40.9260 4.7972
v 308.3333 -40.9260 -11.7742
v 308.3333 -27.2840 8.5858
v 308.3333 -27.2840 -9.1285
v 308.3333 -13.6420 11.6601
v 308.3333 -13.6420 -7.1970
v 308.3333 0.0000 14.0202
v 308.3333 0.0000 -5.9798
v 308.3333 13.6420 11.6601
v 308.3333 13.6420 -7.1970
v 308.3333 27.2840 8.5858
v 308.3333 27.2840 -9.1285
v 308.3333 40.9260 4.7972
v 308.3333 40.9260 -11.7742
v 308.3333 54.5680 0.2944
v 308.3333 54.5680 -15.1342
v 308.3333 68.2100 -4.9228
v 308.3333 68.2100 -19.2085
v 308.3333 81.8520 -10.8543
v 308.3333 81.8520 -23.9971
v 308.3333 95.4941 -17.5000
v 308.3333 95.4941 -29.5000
v 347.9167 -110.6419 -21.3067
v 347.9167 -110.6419 -33.3067
v 347.9167 -94.8360 -13.3776
v 347.9167 -94.8360 -26.7691
v 347.9167 -79.0300 -6.3183
v 347.9167 -79.0300 -21.1012
v 347.9167 -63.2240 -0.1286
v 347.9167 -63.2240 -16.3030
v 347.9167 -47.4180 5.1914
v 347.9167 -47.4180 -12.3744
v 347.9167 -31.6120 9.6418
v 347.9167 -31.6120 -9.3155
v 347.9167 -15.8060 13.2225
v 347.9167 -15.8060 -7.1262
v 347.9167 0.0000 15.9336
v 347.9167 0.0000 -5.8066
v 347.9167 15.8060 13.2225
v 347.9167 15.8060 -7.1262
v 347.9167 31.6120 9.6418
v 347.9167 31.6120 -9.3155
v 347.9167 47.4180 5.1914
v 347.9167 47.4180 -12.3744
v 347.9167 63.2240 -0.1286
v 347.9167 63.2240 -16.3030
v 347.9167 79.0300 -6.3183
v 347.9167 79.0300 -21.1012
v 347.9167 94.8360 -13.3776
v 347.9167 94.8360 -26.7691
v 347.9167 110.6419 -21.3067
v 347.9167 110.6419 -33.3067
v 387.5000 -125.7898 -24.7487
v 387.5000 -125.7898 -36.7487
v 387.5000 -107.8199 -15.6738
v 387.5000 -107.8199 -29.2901
v 387.5000 -89.8499 -7.6090
v 387.5000 -89.8499 -22.8415
v 387.5000 -71.8799 -0.5544
v 387.5000 -71.8799 -17.4031
v 387.5000 -53.9099 5.4901
v 387.5000 -53.9099 -12.9749
v 387.5000 -35.9400 10.5244
v 387.5000 -35.9400 -9.5568
v 387.5000 -17.9700 14.5486
v 387.5000 -17.9700 -7.1489
v 387.5000 0.0000 17.5626
v 387.5000 0.0000 -5.7511
v 387.5000 17.9700 14.5486
v 387.5000 17.9700 -7.1489
v 387.5000 35.9400 10.5244
v 387.5000 35.9400 -9.5568
v 387.5000 53.9099 5.4901
v 387.5000 53.9099 -12.9749
v 387.5000 71.8799 -0.5544
v 387.5000 71.8799 -17.4031
v 387.5000 89.8499 -7.6090
v 387.5000 89.8499 -22.8415
v 387.5000 107.8199 -15.6738
v 387.5000 107.8199 -29.2901
v 387.5000 125.7898 -24.7487
v 387.5000 125.7898 -36.7487
v 427.0833 -140.9377 -27.7674
v 427.0833 -140.9377 -39.7674
v 427.0833 -120.8038 -17.6967
v 427.0833 -120.8038 -31.5101
v 427.0833 -100.6698 -8.7594
v 427.0833 -100.6698 -24.3861
v 427.0833 -80.5358 -0.9554
v 427.0833 -80.5358 -18.3956
v 427.0833 -60.4019 5.7152
v 427.0833 -60.4019 -13.5384
v 427.0833 -40.2679 11.2524
v 427.0833 -40.2679 -9.8145
v 427.0833 -20.1340 15.6562
v 427.0833 -20.1340 -7.2240
v 427.0833 0.0000 18.9267
v 427.0833 0.0000 -5.7669
v 427.0833 20.1340 15.6562
v 427.0833 20.1340 -7.2240
v 427.0833 40.2679 11.2524
v 427.0833 40.2679 -9.8145
v 427.0833 60.4019 5.7152
v 427.0833 60.4019 -13.5384
v 427.0833 80.5358 -0.9554
v 427.0833 80.5358 -18.3956
v 427.0833 100.6698 -8.7594
v 427.0833 100.6698 -24.3861
v 427.0833 120.8038 -17.6967
v 427.0833 120.8038 -31.5101
v 427.0833 140.9377 -27.7674
v 427.0833 140.9377 -39.7674
v 466.6667 -156.0856 -30.3109
v 466.6667 -156.0856 -42.3109
v 466.6667 -133.7877 -19.4069
v 466.6667 -133.7877 -33.3864
v 466.6667 -111.4897 -9.7401
v 466.6667 -111.4897 -25.6991
v 466.6667 -89.1918 -1.3104
v 466.6667 -89.1918 -19.2489
v 466.6667 -66.8938 5.8820
v 466.6667 -66.8938 -14.0359
v 466.6667 -44.5959 11.8373
v 466.6667 -44.5959 -10.0601
v 466.6667 -22.2979 16.5554
v 466.6667 -22.2979 -7.3215
v 466.6667 0.0000 20.0363
v 466.6667 0.0000 -5.8201
v 466.6667 22.2979 16.5554
v 466.6667 22.2979 -7.3215
v 466.6667 44.5959 11.8373
v 466.6667 44.5959 -10.0601
v 466.6667 66.8938 5.8820
v 466.6667 66.8938 -14.0359
v 466.6667 89.1918 -1.3104
v 466.6667 89.1918 -19.2489
v 466.6667 111.4897 -9.7401
v 466.6667 111.4897 -25.6991
v 466.6667 133.7877 -19.4069
v 466.6667 133.7877 -33.3864
v 466.6667 156.0856 -30.3109
v 466.6667 156.0856 -42.3109
v 506.2500 -171.2335 -32.3358
v 506.2500 -171.2335 -44.3358
v 506.2500 -146.7716 -20.7717
v 506.2500 -146.7716 -34.8834
v 506.2500 -122.3096 -10.5274
v 506.2500 -122.3096 -26.7509
v 506.2500 -97.8477 -1.6030
v 506.2500 -97.8477 -19.9382
v 506.2500 -73.3858 6.0016
v 506.2500 -73.3858 -14.4453
v 506.2500 -48.9239 12.2864
v 506.2500 -48.9239 -10.2722
v 506.2500 -24.4619 17.2513
v 506.2500 -24.4619 -7.4190
v 506.2500 0.0000 20.8965
v 506.2500 0.0000 -5.8856
v 506.2500 24.4619 17.2513
v 506.2500 24.4619 -7.4190
v 506.2500 48.9239 12.2864
v 506.2500 48.9239 -10.2722
v 506.2500 73.3858 6.0016
v 506.2500 73.3858 -14.4453
v 506.2500 97.8477 -1.6030
v 506.2500 97.8477 -19.9382
v 506.2500 122.3096 -10.5274
v 506.2500 122.3096 -26.7509
v 506.2500 146.7716 -20.7717
v 506.2500 146.7716 -34.8834
v 506.2500 171.2335 -32.3358
v 506.2500 171.2335 -44.3358
v 545.8333 -186.3814 -33.8074
v 545.8333 -186.3814 -45.8074
v 545.8333 -159.7555 -21.7653
v 545.8333 -159.7555 -35.9731
v 545.8333 -133.1296 -11.1030
v 545.8333 -133.1296 -27.5187
v 545.8333 -106.5036 -1.8207
v 545.8333 -106.5036 -20.4442
v 545.8333 -79.8777 6.0818
v 545.8333 -79.8777 -14.7495
v 545.8333 -53.2518 12.6043
v 545.8333 -53.2518 -10.4348
v 545.8333 -26.6259 17.7470
v 545.8333 -26.6259 -7.5000
v 545.8333 0.0000 21.5098
v 545.8333 0.0000 -5.9450
v 545.8333 26.6259 17.7470
v 545.8333 26.6259 -7.5000
v 545.8333 53.2518 12.6043
v 545.8333 53.2518 -10.4348
v 545.8333 79.8777 6.0818
v 545.8333 79.8777 -14.7495
v 545.8333 106.5036 -1.8207
v 545.8333 106.5036 -20.4442
v 545.8333 133.1296 -11.1030
v 545.8333 133.1296 -27.5187
v 545.8333 159.7555 -21.7653
v 545.8333 159.7555 -35.9731
v 545.8333 186.3814 -33.8074
v 545.8333 186.3814 -45.8074
v 585.4167 -176.7636 -34.7006
v 585.4167 -176.7636 -46.7006
v 585.4167 -151.5117 -22.3689
v 585.4167 -151.5117 -36.6351
v 585.4167 -126.2597 -11.4537
v 585.4167 -126.2597 -27.9860
v 585.4167 -101.0078 -1.9547
v 585.4167 -101.0078 -20.7532
v 585.4167 -75.7558 6.1278
v 585.4167 -75.7558 -14.9368
v 585.4167 -50.5039 12.7941
v 585.4167 -50.5039 -10.5367
v 585.4167 -25.2519 18.0439
v 585.4167 -25.2519 -7.5530
v 585.4167 0.0000 21.8775
v 585.4167 0.0000 -5.9856
v 585.4167 25.2519 18.0439
v 585.4167 25.2519 -7.5530
v 585.4167 50.5039 12.7941
v 585.4167 50.5039 -10.5367
v 585.4167 75.7558 6.1278
v 585.4167 75.7558 -14.9368
v 585.4167 101.0078 -1.9547
v 585.4167 101.0078 -20.7532
v 585.4167 126.2597 -11.4537
v 585.4167 126.2597 -27.9860
v 585.4167 151.5117 -22.3689
v 585.4167 151.5117 -36.6351
v 585.4167 176.7636 -34.7006
v 585.4167 176.7636 -46.7006
v 625.0000 -164.0090 -35.0000
v 625.0000 -164.0090 -47.0000
v 625.0000 -140.5792 -22.5714
v 625.0000 -140.5792 -36.8571
v 625.0000 -117.1493 -11.5714
v 625.0000 -117.1493 -28.1429
v 625.0000 -93.7194 -2.0000
v 625.0000 -93.7194 -20.8571
v 625.0000 -70.2896 6.1429
v 625.0000 -70.2896 -15.0000
v 625.0000 -46.8597 12.8571
v 625.0000 -46.8597 -10.5714
v 625.0000 -23.4299 18.1429
v 625.0000 -23.4299 -7.5714
v 625.0000 0.0000 22.0000
v 625.0000 0.0000 -6.0000
v 625.0000 23.4299 18.1429
v 625.0000 23.4299 -7.5714
v 625.0000 46.8597 12.8571
v 625.0000 46.8597 -10.5714
v 625.0000 70.2896 6.1429
v 625.0000 70.2896 -15.0000
v 625.0000 93.7194 -2.0000
v 625.0000 93.7194 -20.8571
v 625.0000 117.1493 -11.5714
v 625.0000 117.1493 -28.1429
v 625.0000 140.5792 -22.5714
v 625.0000 140.5792 -36.8571
v 625.0000 164.0090 -35.0000
v 625.0000 164.0090 -47.0000
v 664.5833 -150.1912 -34.7006
v 664.5833 -150.1912 -46.7006
v 664.5833 -128.7353 -22.3689
v 664.5833 -128.7353 -36.6351
v 664.5833 -107.2794 -11.4537
v 664.5833 -107.2794 -27.9860
v 664.5833 -85.8235 -1.9547
v 664.5833 -85.8235 -20.7532
v 664.5833 -64.3677 6.1278
v 664.5833 -64.3677 -14.9368
v 664.5833 -42.9118 12.7941
v 664.5833 -42.9118 -10.5367
v 664.5833 -21.4559 18.0439
v 664.5833 -21.4559 -7.5530
v 664.5833 0.0000 21.8775
v 664.5833 0.0000 -5.9856
v 664.5833 21.4559 18.0439
v 664.5833 21.4559 -7.5530
v 664.5833 42.9118 12.7941
v 664.5833 42.9118 -10.5367
v 664.5833 64.3677 6.1278
v 664.5833 64.3677 -14.9368
v 664.5833 85.8235 -1.9547
v 664.5833 85.8235 -20.7532
v 664.5833 107.2794 -11.4537
v 664.5833 107.2794 -27.9860
v 664.5833 128.7353 -22.3689
v 664.5833 128.7353 -36.6351
v 664.5833 150.1912 -34.7006
v 664.5833 150.1912 -46.7006
v 704.1667 -135.6171 -33.8074
v 704.1667 -135.6171 -45.8074
v 704.1667 -116.2432 -21.7653
v 704.1667 -116.2432 -35.9731
v 704.1667 -96.8693 -11.1030
v 704.1667 -96.8693 -27.5187
v 704.1667 -77.4955 -1.8207
v 704.1667 -77.4955 -20.4442
v 704.1667 -58.1216 6.0818
v 704.1667 -58.1216 -14.7495
v 704.1667 -38.7477 12.6043
v 704.1667 -38.7477 -10.4348
v 704.1667 -19.3739 17.7470
v 704.1667 -19.3739 -7.5000
v 704.1667 0.0000 21.5098
v 704.1667 0.0000 -5.9450
v 704.1667 19.3739 17.7470
v 704.1667 19.3739 -7.5000
v 704.1667 38.7477 12.6043
v 704.1667 38.7477 -10.4348
v 704.1667 58.1216 6.0818
v 704.1667 58.1216 -14.7495
v 704.1667 77.4955 -1.8207
v 704.1667 77.4955 -20.4442
v 704.1667 96.8693 -11.1030
v 704.1667 96.8693 -27.5187
v 704.1667 116.2432 -21.7653
v 704.1667 116.2432 -35.9731
v 704.1667 135.6171 -33.8074
v 704.1667 135.6171 -45.8074
v 743.7500 -120.5563 -32.3358
v 743.7500 -120.5563 -44.3358
v 743.7500 -103.3339 -20.7717
v 743.7500 -103.3339 -34.8834
v 743.7500 -86.1116 -10.5274
v 743.7500 -86.1116 -26.7509
v 743.7500 -68.8893 -1.6030
v 743.7500 -68.8893 -19.9382
v 743.7500 -51.6670 6.0016
v 743.7500 -51.6670 -14.4453
v 743.7500 -34.4446 12.2864
v 743.7500 -34.4446 -10.2722
v 743.7500 -17.2223 17.2513
v 743.7500 -17.2223 -7.4190
v 743.7500 0.0000 20.8965
v 743.7500 0.0000 -5.8856
v 743.7500 17.2223 17.2513
v 743.7500 17.2223 -7.4190
v 743.7500 34.4446 12.2864
v 743.7500 34.4446 -10.2722
v 743.7500 51.6670 6.0016
v 743.7500 51.6670 -14.4453
v 743.7500 68.8893 -1.6030
v 743.7500 68.8893 -19.9382
v 743.7500 86.1116 -10.5274
v 743.7500 86.1116 -26.7509
v 743.7500 103.3339 -20.7717
v 743.7500 103.3339 -34.8834
v 743.7500 120.5563 -32.3358
v 743.7500 120.5563 -44.3358
v 783.3333 -105.2485 -30.3109
v 783.3333 -105.2485 -42.3109
v 783.3333 -90.2130 -19.4069
v 783.3333 -90.2130 -33.3864
v 783.3333 -75.1775 -9.7401
v 783.3333 -75.1775 -25.6991
v 783.3333 -60.1420 -1.3104
v 783.3333 -60.1420 -19.2489
v 783.3333 -45.1065 5.8820
v 783.3333 -45.1065 -14.0359
v 783.3333 -30.0710 11.8373
v 783.3333 -30.0710 -10.0601
v 783.3333 -15.0355 16.5554
v 783.3333 -15.0355 -7.3215
v 783.3333 0.0000 20.0363
v 783.3333 0.0000 -5.8201
v 783.3333 15.0355 16.5554
v 783.3333 15.0355 -7.3215
v 783.3333 30.0710 11.8373
v 783.3333 30.0710 -10.0601
v 783.3333 45.1065 5.8820
v 783.3333 45.1065 -14.0359
v 783.3333 60.1420 -1.3104
v 783.3333 60.1420 -19.2489
v 783.3333 75.1775 -9.7401
v 783.3333 75.1775 -25.6991
v 783.3333 90.2130 -19.4069
v 783.3333 90.2130 -33.3864
v 783.3333 105.2485 -30.3109
v 783.3333 105.2485 -42.3109
v 822.9167 -89.9098 -27.7043
v 822.9167 -89.9098 -39.7043
v 822.9167 -77.0656 -17.6565
v 822.9167 -77.0656 -31.4699
v 822.9167 -64.2213 -8.7395
v 822.9167 -64.2213 -24.3662
v 822.9167 -51.3770 -0.9533
v 822.9167 -51.3770 -18.3934
v 822.9167 -38.5328 5.7022
v 822.9167 -38.5328 -13.5513
v 822.9167 -25.6885 11.2268
v 822.9167 -25.6885 -9.8401
v 822.9167 -12.8443 15.6207
v 822.9167 -12.8443 -7.2596
v 822.9167 0.0000 18.8837
v 822.9167 0.0000 -5.8099
v 822.9167 12.8443 15.6207
v 822.9167 12.8443 -7.2596
v 822.9167 25.6885 11.2268
v 822.9167 25.6885 -9.8401
v 822.9167 38.5328 5.7022
v 822.9167 38.5328 -13.5513
v 822.9167 51.3770 -0.9533
v 822.9167 51.3770 -18.3934
v 822.9167 64.2213 -8.7395
v 822.9167 64.2213 -24.3662
v 822.9167 77.0656 -17.6565
v 822.9167 77.0656 -31.4699
v 822.9167 89.9098 -27.7043
v 822.9167 89.9098 -39.7043
v 862.5000 -74.7390 -22.9155
v 862.5000 -74.7390 -34.9155
v 862.5000 -64.0620 -14.5128
v 862.5000 -64.0620 -28.1290
v 862.5000 -53.3850 -7.0454
v 862.5000 -53.3850 -22.2779
v 862.5000 -42.7080 -0.5133
v 862.5000 -42.7080 -17.3621
v 862.5000 -32.0310 5.0834
v 862.5000 -32.0310 -13.3816
v 862.5000 -21.3540 9.7448
v 862.5000 -21.3540 -10.3364
v 862.5000 -10.6770 13.4709
v 862.5000 -10.6770 -8.2266
v 862.5000 0.0000 16.2616
v 862.5000 0.0000 -7.0521
v 862.5000 10.6770 13.4709
v 862.5000 10.6770 -8.2266
v 862.5000 21.3540 9.7448
v 862.5000 21.3540 -10.3364
v 862.5000 32.0310 5.0834
v 862.5000 32.0310 -13.3816
v 862.5000 42.7080 -0.5133
v 862.5000 42.7080 -17.3621
v 862.5000 53.3850 -7.0454
v 862.5000 53.3850 -22.2779
v 862.5000 64.0620 -14.5128
v 862.5000 64.0620 -28.1290
v 862.5000 74.7390 -22.9155
v 862.5000 74.7390 -34.9155
v 902.0833 -59.9243 -16.5545
v 902.0833 -59.9243 -28.5545
v 902.0833 -51.3637 -10.3939
v 902.0833 -51.3637 -23.7854
v 902.0833 -42.8031 -4.9091
v 902.0833 -42.8031 -19.6920
v 902.0833 -34.2425 -0.0999
v 902.0833 -34.2425 -16.2743
v 902.0833 -25.6818 4.0336
v 902.0833 -25.6818 -13.5323
v 902.0833 -17.1212 7.4913
v 902.0833 -17.1212 -11.4659
v 902.0833 -8.5606 10.2734
v 902.0833 -8.5606 -10.0753
v 902.0833 0.0000 12.3798
v 902.0833 0.0000 -9.3604
v 902.0833 8.5606 10.2734
v 902.0833 8.5606 -10.0753
v 902.0833 17.1212 7.4913
v 902.0833 17.1212 -11.4659
v 902.0833 25.6818 4.0336
v 902.0833 25.6818 -13.5323
v 902.0833 34.2425 -0.0999
v 902.0833 34.2425 -16.2743
v 902.0833 42.8031 -4.9091
v 902.0833 42.8031 -19.6920
v 902.0833 51.3637 -10.3939
v 902.0833 51.3637 -23.7854
v 902.0833 59.9243 -16.5545
v 902.0833 59.9243 -28.5545
v 941.6667 -45.6527 -10.2023
v 941.6667 -45.6527 -22.2023
v 941.6667 -39.1309 -6.3279
v 941.6667 -39.1309 -19.4708
v 941.6667 -32.6091 -2.8700
v 941.6667 -32.6091 -17.1557
v 941.6667 -26.0873 0.1716
v 941.6667 -26.0873 -15.2570
v 941.6667 -19.5655 2.7967
v 941.6667 -19.5655 -13.7747
v 941.6667 -13.0436 5.0055
v 941.6667 -13.0436 -12.7088
v 941.6667 -6.5218 6.7978
v 941.6667 -6.5218 -12.0594
v 941.6667 0.0000 8.1736
v 941.6667 0.0000 -11.8264
v 941.6667 6.5218 6.7978
v 941.6667 6.5218 -12.0594
v 941.6667 13.0436 5.0055
v 941.6667 13.0436 -12.7088
v 941.6667 19.5655 2.7967
v 941.6667 19.5655 -13.7747
v 941.6667 26.0873 0.1716
v 941.6667 26.0873 -15.2570
v 941.6667 32.6091 -2.8700
v 941.6667 32.6091 -17.1557
v 941.6667 39.1309 -6.3279
v 941.6667 39.1309 -19.4708
v 941.6667 45.6527 -10.2023
v 941.6667 45.6527 -22.2023
v 981.2500 -32.1256 -5.0382
v 981.2500 -32.1256 -17.0382
v 981.2500 -27.5362 -3.0684
v 981.2500 -27.5362 -15.9431
v 981.2500 -22.9469 -1.3041
v 981.2500 -22.9469 -15.0535
v 981.2500 -18.3575 0.2545
v 981.2500 -18.3575 -14.3697
v 981.2500 -13.7681 1.6074
v 981.2500 -13.7681 -13.8914
v 981.2500 -9.1787 2.7547
v 981.2500 -9.1787 -13.6188
v 981.2500 -4.5894 3.6964
v 981.2500 -4.5894 -13.5519
v 981.2500 0.0000 4.4324
v 981.2500 0.0000 -13.6905
v 981.2500 4.5894 3.6964
v 981.2500 4.5894 -13.5519
v 981.2500 9.1787 2.7547
v 981.2500 9.1787 -13.6188
v 981.2500 13.7681 1.6074
v 981.2500 13.7681 -13.8914
v 981.2500 18.3575 0.2545
v 981.2500 18.3575 -14.3697
v 981.2500 22.9469 -1.3041
v 981.2500 22.9469 -15.0535
v 981.2500 27.5362 -3.0684
v 981.2500 27.5362 -15.9431
v 981.2500 32.1256 -5.0382
v 981.2500 32.1256 -17.0382
v 1020.8333 -19.5916 -1.7086
v 1020.8333 -19.5916 -13.7086
v 1020.8333 -16.7928 -1.0091
v 1020.8333 -16.7928 -13.6006
v 1020.8333 -13.9940 -0.3793
v 1020.8333 -13.9940 -13.5624
v 1020.8333 -11.1952 0.1808
v 1020.8333 -11.1952 -13.5940
v 1020.8333 -8.3964 0.6711
v 1020.8333 -8.3964 -13.6952
v 1020.8333 -5.5976 1.0917
v 1020.8333 -5.5976 -13.8662
v 1020.8333 -2.7988 1.4425
v 1020.8333 -2.7988 -14.1070
v 1020.8333 0.0000 1.7236
v 1020.8333 0.0000 -14.4175
v 1020.8333 2.7988 1.4425
v 1020.8333 2.7988 -14.1070
v 1020.8333 5.5976 1.0917
v 1020.8333 5.5976 -13.8662
v 1020.8333 8.3964 0.6711
v 1020.8333 8.3964 -13.6952
v 1020.8333 11.1952 0.1808
v 1020.8333 11.1952 -13.5940
v 1020.8333 13.9940 -0.3793
v 1020.8333 13.9940 -13.5624
v 1020.8333 16.7928 -1.0091
v 1020.8333 16.7928 -13.6006
v 1020.8333 19.5916 -1.7086
v 1020.8333 19.5916 -13.7086
v 1060.4167 -8.4457 -0.2399
v 1060.4167 -8.4457 -12.2399
v 1060.4167 -7.2391 -0.1323
v 1060.4167 -7.2391 -12.4307
v 1060.4167 -6.0326 -0.0345
v 1060.4167 -6.0326 -12.6312
v 1060.4167 -4.8261 0.0535
v 1060.4167 -4.8261 -12.8416
v 1060.4167 -3.6196 0.1317
v 1060.4167 -3.6196 -13.0617
v 1060.4167 -2.4130 0.2001
v 1060.4167 -2.4130 -13.2916
v 1060.4167 -1.2065 0.2587
v 1060.4167 -1.2065 -13.5314
v 1060.4167 0.0000 0.3075
v 1060.4167 0.0000 -13.7809
v 1060.4167 1.2065 0.2587
v 1060.4167 1.2065 -13.5314
v 1060.4167 2.4130 0.2001
v 1060.4167 2.4130 -13.2916
v 1060.4167 3.6196 0.1317
v 1060.4167 3.6196 -13.0617
v 1060.4167 4.8261 0.0535
v 1060.4167 4.8261 -12.8416
v 1060.4167 6.0326 -0.0345
v 1060.4167 6.0326 -12.6312
v 1060.4167 7.2391 -0.1323
v 1060.4167 7.2391 -12.4307
v 1060.4167 8.4457 -0.2399
v 1060.4167 8.4457 -12.2399
v 1100.0000 -0.0000 -0.0000
v 1100.0000 -0.0000 -12.0000
v 1100.0000 -0.0000 0.0000
v 1100.0000 -0.0000 -12.0000
v 1100.0000 -0.0000 0.0000
v 1100.0000 -0.0000 -12.0000
v 1100.0000 -0.0000 0.0000
v 1100.0000 -0.0000 -12.0000
v 1100.0000 -0.0000 0.0000
v 1100.0000 -0.0000 -12.0000
v 1100.0000 -0.0000 0.0000
v 1100.0000 -0.0000 -12.0000
v 1100.0000 -0.0000 0.0000
v 1100.0000 -0.0000 -12.0000
v 1100.0000 0.0000 0.0000
v 1100.0000 0.0000 -12.0000
v 1100.0000 0.0000 0.0000
v 1100.0000 0.0000 -12.0000
v 1100.0000 0.0000 0.0000
v 1100.0000 0.0000 -12.0000
v 1100.0000 0.0000 0.0000
v 1100.0000 0.0000 -12.0000
v 1100.0000 0.0000 0.0000
v 1100.0000 0.0000 -12.0000
v 1100.0000 0.0000 0.0000
v 1100.0000 0.0000 -12.0000
v 1100.0000 0.0000 0.0000
v 1100.0000 0.0000 -12.0000
v 1100.0000 0.0000 -0.0000
v 1100.0000 0.0000 -12.0000
v 106.0660 106.0660 0.0000
v 106.0660 106.0660 -12.0000
v 106.0660 106.0660 0.0000
v 106.0660 106.0660 -12.0000
v 106.0660 106.0660 0.0000
v 106.0660 106.0660 -12.0000
v 106.0660 106.0660 0.0000
v 106.0660 106.0660 -12.0000
v 106.0660 106.0660 0.0000
v 106.0660 106.0660 -12.0000
v 106.0660 106.0660 0.0000
v 106.0660 106.0660 -12.0000
v 106.0660 106.0660 0.0000
v 106.0660 106.0660 -12.0000
v 106.0660 106.0660 0.0000
v 106.0660 106.0660 -12.0000
v 106.0660 106.0660 0.0000
v 106.0660 106.0660 -12.0000
v 106.0660 106.0660 0.0000
v 106.0660 106.0660 -12.0000
v 106.0660 106.0660 0.0000
v 106.0660 106.0660 -12.0000
v 106.0660 106.0660 0.0000
v 106.0660 106.0660 -12.0000
v 106.0660 106.0660 0.0000
v 106.0660 106.0660 -12.0000
v 106.0660 106.0660 0.0000
v 106.0660 106.0660 -12.0000
v 106.0660 106.0660 0.0000
v 106.0660 106.0660 -12.0000
v 169.4466 98.6647 -4.5684
v 169.4466 98.6647 -16.5684
v 164.3908 103.7205 -2.5198
v 164.3908 103.7205 -14.8181
v 159.3349 108.7764 -0.6576
v 159.3349 108.7764 -13.2543
v 154.2791 113.8322 1.0181
v 154.2791 113.8322 -11.8769
v 149.2232 118.8881 2.5074
v 149.2232 118.8881 -10.6860
v 144.1674 123.9440 3.8102
v 144.1674 123.9440 -9.6816
v 139.1115 128.9998 4.9265
v 139.1115 128.9998 -8.8636
v 134.0557 134.0557 5.8563
v 134.0557 134.0557 -8.2321
v 128.9998 139.1115 4.9265
v 128.9998 139.1115 -8.8636
v 123.9440 144.1674 3.8102
v 123.9440 144.1674 -9.6816
v 118.8881 149.2232 2.5074
v 118.8881 149.2232 -10.6860
v 113.8322 154.2791 1.0181
v 113.8322 154.2791 -11.8769
v 108.7764 159.3349 -0.6576
v 108.7764 159.3349 -13.2543
v 103.7205 164.3908 -2.5198
v 103.7205 164.3908 -14.8181
v 98.6647 169.4466 -4.5684
v 98.6647 169.4466 -16.5684
v 208.1475 115.9432 -9.0587
v 208.1475 115.9432 -21.0587
v 201.5614 122.5292 -5.3499
v 201.5614 122.5292 -17.9414
v 194.9754 129.1152 -2.0108
v 194.9754 129.1152 -15.1940
v 188.3894 135.7012 0.9585
v 188.3894 135.7012 -12.8162
v 181.8034 142.2872 3.5581
v 181.8034 142.2872 -10.8082
v 175.2173 148.8733 5.7879
v 175.2173 148.8733 -9.1700
v 168.6313 155.4593 7.6480
v 168.6313 155.4593 -7.9015
v 162.0453 162.0453 9.1384
v 162.0453 162.0453 -7.0027
v 155.4593 168.6313 7.6480
v 155.4593 168.6313 -7.9015
v 148.8733 175.2173 5.7879
v 148.8733 175.2173 -9.1700
v 142.2872 181.8034 3.5581
v 142.2872 181.8034 -10.8082
v 135.7012 188.3894 0.9585
v 135.7012 188.3894 -12.8162
v 129.1152 194.9754 -2.0108
v 129.1152 194.9754 -15.1940
v 122.5292 201.5614 -5.3499
v 122.5292 201.5614 -17.9414
v 115.9432 208.1475 -9.0587
v 115.9432 208.1475 -21.0587
v 246.8483 133.2216 -13.3939
v 246.8483 133.2216 -25.3939
v 238.7321 141.3378 -8.1571
v 238.7321 141.3378 -21.0318
v 230.6159 149.4540 -3.4670
v 230.6159 149.4540 -17.2164
v 222.4997 157.5702 0.6765
v 222.4997 157.5702 -13.9476
v 214.3835 165.6864 4.2732
v 214.3835 165.6864 -11.2256
v 206.2673 173.8026 7.3233
v 206.2673 173.8026 -9.0502
v 198.1511 181.9188 9.8267
v 198.1511 181.9188 -7.4216
v 190.0349 190.0349 11.7833
v 190.0349 190.0349 -6.3396
v 181.9188 198.1511 9.8267
v 181.9188 198.1511 -7.4216
v 173.8026 206.2673 7.3233
v 173.8026 206.2673 -9.0502
v 165.6864 214.3835 4.2732
v 165.6864 214.3835 -11.2256
v 157.5702 222.4997 0.6765
v 157.5702 222.4997 -13.9476
v 149.4540 230.6159 -3.4670
v 149.4540 230.6159 -17.2164
v 141.3378 238.7321 -8.1571
v 141.3378 238.7321 -21.0318
v 133.2216 246.8483 -13.3939
v 133.2216 246.8483 -25.3939
v 285.5491 150.5001 -17.5000
v 285.5491 150.5001 -29.5000
v 275.9027 160.1465 -10.8543
v 275.9027 160.1465 -23.9971
v 266.2564 169.7928 -4.9228
v 266.2564 169.7928 -19.2085
v 256.6100 179.4392 0.2944
v 256.6100 179.4392 -15.1342
v 246.9637 189.0855 4.7972
v 246.9637 189.0855 -11.7742
v 237.3173 198.7319 8.5858
v 237.3173 198.7319 -9.1285
v 227.6709 208.3782 11.6601
v 227.6709 208.3782 -7.1970
v 218.0246 218.0246 14.0202
v 218.0246 218.0246 -5.9798
v 208.3782 227.6709 11.6601
v 208.3782 227.6709 -7.1970
v 198.7319 237.3173 8.5858
v 198.7319 237.3173 -9.1285
v 189.0855 246.9637 4.7972
v 189.0855 246.9637 -11.7742
v 179.4392 256.6100 0.2944
v 179.4392 256.6100 -15.1342
v 169.7928 266.2564 -4.9228
v 169.7928 266.2564 -19.2085
v 160.1465 275.9027 -10.8543
v 160.1465 275.9027 -23.9971
v 150.5001 285.5491 -17.5000
v 150.5001 285.5491 -29.5000
v 324.2499 167.7786 -21.3067
v 324.2499 167.7786 -33.3067
v 313.0734 178.9551 -13.3776
v 313.0734 178.9551 -26.7691
v 301.8969 190.1316 -6.3183
v 301.8969 190.1316 -21.1012
v 290.7203 201.3081 -0.1286
v 290.7203 201.3081 -16.3030
v 279.5438 212.4847 5.1914
v 279.5438 212.4847 -12.3744
v 268.3673 223.6612 9.6418
v 268.3673 223.6612 -9.3155
v 257.1908 234.8377 13.2225
v 257.1908 234.8377 -7.1262
v 246.0142 246.0142 15.9336
v 246.0142 246.0142 -5.8066
v 234.8377 257.1908 13.2225
v 234.8377 257.1908 -7.1262
v 223.6612 268.3673 9.6418
v 223.6612 268.3673 -9.3155
v 212.4847 279.5438 5.1914
v 212.4847 279.5438 -12.3744
v 201.3081 290.7203 -0.1286
v 201.3081 290.7203 -16.3030
v 190.1316 301.8969 -6.3183
v 190.1316 301.8969 -21.1012
v 178.9551 313.0734 -13.3776
v 178.9551 313.0734 -26.7691
v 167.7786 324.2499 -21.3067
v 167.7786 324.2499 -33.3067
v 362.9507 185.0570 -24.7487
v 362.9507 185.0570 -36.7487
v 350.2440 197.7637 -15.6738
v 350.2440 197.7637 -29.2901
v 337.5373 210.4704 -7.6090
v 337.5373 210.4704 -22.8415
v 324.8306 223.1771 -0.5544
v 324.8306 223.1771 -17.4031
v 312.1240 235.8838 5.4901
v 312.1240 235.8838 -12.9749
v 299.4173 248.5905 10.5244
v 299.4173 248.5905 -9.5568
v 286.7106 261.2972 14.5486
v 286.7106 261.2972 -7.1489
v 274.0039 274.0039 17.5626
v 274.0039 274.0039 -5.7511
v 261.2972 286.7106 14.5486
v 261.2972 286.7106 -7.1489
v 248.5905 299.4173 10.5244
v 248.5905 299.4173 -9.5568
v 235.8838 312.1240 5.4901
v 235.8838 312.1240 -12.9749
v 223.1771 324.8306 -0.5544
v 223.1771 324.8306 -17.4031
v 210.4704 337.5373 -7.6090
v 210.4704 337.5373 -22.8415
v 197.7637 350.2440 -15.6738
v 197.7637 350.2440 -29.2901
v 185.0570 362.9507 -24.7487
v 185.0570 362.9507 -36.7487
v 401.6515 202.3355 -27.7674
v 401.6515 202.3355 -39.7674
v 387.4147 216.5724 -17.6967
v 387.4147 216.5724 -31.5101
v 373.1778 230.8092 -8.7594
v 373.1778 230.8092 -24.3861
v 358.9410 245.0461 -0.9554
v 358.9410 245.0461 -18.3956
v 344.7041 259.2829 5.7152
v 344.7041 259.2829 -13.5384
v 330.4672 273.5198 11.2524
v 330.4672 273.5198 -9.8145
v 316.2304 287.7567 15.6562
v 316.2304 287.7567 -7.2240
v 301.9935 301.9935 18.9267
v 301.9935 301.9935 -5.7669
v 287.7567 316.2304 15.6562
v 287.7567 316.2304 -7.2240
v 273.5198 330.4672 11.2524
v 273.5198 330.4672 -9.8145
v 259.2829 344.7041 5.7152
v 259.2829 344.7041 -13.5384
v 245.0461 358.9410 -0.9554
v 245.0461 358.9410 -18.3956
v 230.8092 373.1778 -8.7594
v 230.8092 373.1778 -24.3861
v 216.5724 387.4147 -17.6967
v 216.5724 387.4147 -31.5101
v 202.3355 401.6515 -27.7674
v 202.3355 401.6515 -39.7674
v 440.3524 219.6140 -30.3109
v 440.3524 219.6140 -42.3109
v 424.5853 235.3810 -19.4069
v 424.5853 235.3810 -33.3864
v 408.8183 251.1480 -9.7401
v 408.8183 251.1480 -25.6991
v 393.0513 266.9151 -1.3104
v 393.0513 266.9151 -19.2489
v 377.2842 282.6821 5.8820
v 377.2842 282.6821 -14.0359
v 361.5172 298.4491 11.8373
v 361.5172 298.4491 -10.0601
v 345.7502 314.2161 16.5554
v 345.7502 314.2161 -7.3215
v 329.9832 329.9832 20.0363
v 329.9832 329.9832 -5.8201
v 314.2161 345.7502 16.5554
v 314.2161 345.7502 -7.3215
v 298.4491 361.5172 11.8373
v 298.4491 361.5172 -10.0601
v 282.6821 377.2842 5.8820
v 282.6821 377.2842 -14.0359
v 266.9151 393.0513 -1.3104
v 266.9151 393.0513 -19.2489
v 251.1480 408.8183 -9.7401
v 251.1480 408.8183 -25.6991
v 235.3810 424.5853 -19.4069
v 235.3810 424.5853 -33.3864
v 219.6140 440.3524 -30.3109
v 219.6140 440.3524 -42.3109
v 479.0532 236.8924 -32.3358
v 479.0532 236.8924 -44.3358
v 461.7560 254.1896 -20.7717
v 461.7560 254.1896 -34.8834
v 444.4588 271.4868 -10.5274
v 444.4588 271.4868 -26.7509
v 427.1616 288.7840 -1.6030
v 427.1616 288.7840 -19.9382
v 409.8644 306.0812 6.0016
v 409.8644 306.0812 -14.4453
v 392.5672 323.3784 12.2864
v 392.5672 323.3784 -10.2722
v 375.2700 340.6756 17.2513
v 375.2700 340.6756 -7.4190
v 357.9728 357.9728 20.8965
v 357.9728 357.9728 -5.8856
v 340.6756 375.2700 17.2513
v 340.6756 375.2700 -7.4190
v 323.3784 392.5672 12.2864
v 323.3784 392.5672 -10.2722
v 306.0812 409.8644 6.0016
v 306.0812 409.8644 -14.4453
v 288.7840 427.1616 -1.6030
v 288.7840 427.1616 -19.9382
v 271.4868 444.4588 -10.5274
v 271.4868 444.4588 -26.7509
v 254.1896 461.7560 -20.7717
v 254.1896 461.7560 -34.8834
v 236.8924 479.0532 -32.3358
v 236.8924 479.0532 -44.3358
v 517.7540 254.1709 -33.8074
v 517.7540 254.1709 -45.8074
v 498.9266 272.9983 -21.7653
v 498.9266 272.9983 -35.9731
v 480.0993 291.8256 -11.1030
v 480.0993 291.8256 -27.5187
v 461.2719 310.6530 -1.8207
v 461.2719 310.6530 -20.4442
v 442.4445 329.4804 6.0818
v 442.4445 329.4804 -14.7495
v 423.6172 348.3077 12.6043
v 423.6172 348.3077 -10.4348
v 404.7898 367.1351 17.7470
v 404.7898 367.1351 -7.5000
v 385.9625 385.9625 21.5098
v 385.9625 385.9625 -5.9450
v 367.1351 404.7898 17.7470
v 367.1351 404.7898 -7.5000
v 348.3077 423.6172 12.6043
v 348.3077 423.6172 -10.4348
v 329.4804 442.4445 6.0818
v 329.4804 442.4445 -14.7495
v 310.6530 461.2719 -1.8207
v 310.6530 461.2719 -20.4442
v 291.8256 480.0993 -11.1030
v 291.8256 480.0993 -27.5187
v 272.9983 498.9266 -21.7653
v 272.9983 498.9266 -35.9731
v 254.1709 517.7540 -33.8074
v 254.1709 517.7540 -45.8074
v 538.9429 288.9613 -34.7006
v 538.9429 288.9613 -46.7006
v 521.0870 306.8172 -22.3689
v 521.0870 306.8172 -36.6351
v 503.2312 324.6730 -11.4537
v 503.2312 324.6730 -27.9860
v 485.3754 342.5288 -1.9547
v 485.3754 342.5288 -20.7532
v 467.5196 360.3846 6.1278
v 467.5196 360.3846 -14.9368
v 449.6637 378.2404 12.7941
v 449.6637 378.2404 -10.5367
v 431.8079 396.0963 18.0439
v 431.8079 396.0963 -7.5530
v 413.9521 413.9521 21.8775
v 413.9521 413.9521 -5.9856
v 396.0963 431.8079 18.0439
v 396.0963 431.8079 -7.5530
v 378.2404 449.6637 12.7941
v 378.2404 449.6637 -10.5367
v 360.3846 467.5196 6.1278
v 360.3846 467.5196 -14.9368
v 342.5288 485.3754 -1.9547
v 342.5288 485.3754 -20.7532
v 324.6730 503.2312 -11.4537
v 324.6730 503.2312 -27.9860
v 306.8172 521.0870 -22.3689
v 306.8172 521.0870 -36.6351
v 288.9613 538.9429 -34.7006
v 288.9613 538.9429 -46.7006
v 557.9136 325.9699 -35.0000
v 557.9136 325.9699 -47.0000
v 541.3462 342.5373 -22.5714
v 541.3462 342.5373 -36.8571
v 524.7788 359.1047 -11.5714
v 524.7788 359.1047 -28.1429
v 508.2114 375.6721 -2.0000
v 508.2114 375.6721 -20.8571
v 491.6440 392.2395 6.1429
v 491.6440 392.2395 -15.0000
v 475.0766 408.8069 12.8571
v 475.0766 408.8069 -10.5714
v 458.5092 425.3743 18.1429
v 458.5092 425.3743 -7.5714
v 441.9417 441.9417 22.0000
v 441.9417 441.9417 -6.0000
v 425.3743 458.5092 18.1429
v 425.3743 458.5092 -7.5714
v 408.8069 475.0766 12.8571
v 408.8069 475.0766 -10.5714
v 392.2395 491.6440 6.1429
v 392.2395 491.6440 -15.0000
v 375.6721 508.2114 -2.0000
v 375.6721 508.2114 -20.8571
v 359.1047 524.7788 -11.5714
v 359.1047 524.7788 -28.1429
v 342.5373 541.3462 -22.5714
v 342.5373 541.3462 -36.8571
v 325.9699 557.9136 -35.0000
v 325.9699 557.9136 -47.0000
v 576.1326 363.7302 -34.7006
v 576.1326 363.7302 -46.7006
v 560.9610 378.9018 -22.3689
v 560.9610 378.9018 -36.6351
v 545.7894 394.0734 -11.4537
v 545.7894 394.0734 -27.9860
v 530.6178 409.2450 -1.9547
v 530.6178 409.2450 -20.7532
v 515.4462 424.4166 6.1278
v 515.4462 424.4166 -14.9368
v 500.2746 439.5882 12.7941
v 500.2746 439.5882 -10.5367
v 485.1030 454.7598 18.0439
v 485.1030 454.7598 -7.5530
v 469.9314 469.9314 21.8775
v 469.9314 469.9314 -5.9856
v 454.7598 485.1030 18.0439
v 454.7598 485.1030 -7.5530
v 439.5882 500.2746 12.7941
v 439.5882 500.2746 -10.5367
v 424.4166 515.4462 6.1278
v 424.4166 515.4462 -14.9368
v 409.2450 530.6178 -1.9547
v 409.2450 530.6178 -20.7532
v 394.0734 545.7894 -11.4537
v 394.0734 545.7894 -27.9860
v 378.9018 560.9610 -22.3689
v 378.9018 560.9610 -36.6351
v 363.7302 576.1326 -34.7006
v 363.7302 576.1326 -46.7006
v 593.8168 402.0253 -33.8074
v 593.8168 402.0253 -45.8074
v 580.1174 415.7247 -21.7653
v 580.1174 415.7247 -35.9731
v 566.4180 429.4241 -11.1030
v 566.4180 429.4241 -27.5187
v 552.7186 443.1235 -1.8207
v 552.7186 443.1235 -20.4442
v 539.0192 456.8228 6.0818
v 539.0192 456.8228 -14.7495
v 525.3198 470.5222 12.6043
v 525.3198 470.5222 -10.4348
v 511.6204 484.2216 17.7470
v 511.6204 484.2216 -7.5000
v 497.9210 497.9210 21.5098
v 497.9210 497.9210 -5.9450
v 484.2216 511.6204 17.7470
v 484.2216 511.6204 -7.5000
v 470.5222 525.3198 12.6043
v 470.5222 525.3198 -10.4348
v 456.8228 539.0192 6.0818
v 456.8228 539.0192 -14.7495
v 443.1235 552.7186 -1.8207
v 443.1235 552.7186 -20.4442
v 429.4241 566.4180 -11.1030
v 429.4241 566.4180 -27.5187
v 415.7247 580.1174 -21.7653
v 415.7247 580.1174 -35.9731
v 402.0253 593.8168 -33.8074
v 402.0253 593.8168 -45.8074
v 611.1568 440.6645 -32.3358
v 611.1568 440.6645 -44.3358
v 598.9788 452.8425 -20.7717
v 598.9788 452.8425 -34.8834
v 586.8008 465.0206 -10.5274
v 586.8008 465.0206 -26.7509
v 574.6228 477.1986 -1.6030
v 574.6228 477.1986 -19.9382
v 562.4447 489.3766 6.0016
v 562.4447 489.3766 -14.4453
v 550.2667 501.5546 12.2864
v 550.2667 501.5546 -10.2722
v 538.0887 513.7326 17.2513
v 538.0887 513.7326 -7.4190
v 525.9107 525.9107 20.8965
v 525.9107 525.9107 -5.8856
v 513.7326 538.0887 17.2513
v 513.7326 538.0887 -7.4190
v 501.5546 550.2667 12.2864
v 501.5546 550.2667 -10.2722
v 489.3766 562.4447 6.0016
v 489.3766 562.4447 -14.4453
v 477.1986 574.6228 -1.6030
v 477.1986 574.6228 -19.9382
v 465.0206 586.8008 -10.5274
v 465.0206 586.8008 -26.7509
v 452.8425 598.9788 -20.7717
v 452.8425 598.9788 -34.8834
v 440.6645 611.1568 -32.3358
v 440.6645 611.1568 -44.3358
v 628.3222 479.4784 -30.3109
v 628.3222 479.4784 -42.3109
v 617.6905 490.1101 -19.4069
v 617.6905 490.1101 -33.3864
v 607.0588 500.7418 -9.7401
v 607.0588 500.7418 -25.6991
v 596.4271 511.3735 -1.3104
v 596.4271 511.3735 -19.2489
v 585.7954 522.0052 5.8820
v 585.7954 522.0052 -14.0359
v 575.1637 532.6369 11.8373
v 575.1637 532.6369 -10.0601
v 564.5320 543.2686 16.5554
v 564.5320 543.2686 -7.3215
v 553.9003 553.9003 20.0363
v 553.9003 553.9003 -5.8201
v 543.2686 564.5320 16.5554
v 543.2686 564.5320 -7.3215
v 532.6369 575.1637 11.8373
v 532.6369 575.1637 -10.0601
v 522.0052 585.7954 5.8820
v 522.0052 585.7954 -14.0359
v 511.3735 596.4271 -1.3104
v 511.3735 596.4271 -19.2489
v 500.7418 607.0588 -9.7401
v 500.7418 607.0588 -25.6991
v 490.1101 617.6905 -19.4069
v 490.1101 617.6905 -33.3864
v 479.4784 628.3222 -30.3109
v 479.4784 628.3222 -42.3109
v 645.4658 518.3141 -27.7043
v 645.4658 518.3141 -39.7043
v 636.3835 527.3964 -17.6565
v 636.3835 527.3964 -31.4699
v 627.3013 536.4786 -8.7395
v 627.3013 536.4786 -24.3662
v 618.2190 545.5609 -0.9533
v 618.2190 545.5609 -18.3934
v 609.1367 554.6432 5.7022
v 609.1367 554.6432 -13.5513
v 600.0545 563.7254 11.2268
v 600.0545 563.7254 -9.8401
v 590.9722 572.8077 15.6207
v 590.9722 572.8077 -7.2596
v 581.8900 581.8900 18.8837
v 581.8900 581.8900 -5.8099
v 572.8077 590.9722 15.6207
v 572.8077 590.9722 -7.2596
v 563.7254 600.0545 11.2268
v 563.7254 600.0545 -9.8401
v 554.6432 609.1367 5.7022
v 554.6432 609.1367 -13.5513
v 545.5609 618.2190 -0.9533
v 545.5609 618.2190 -18.3934
v 536.4786 627.3013 -8.7395
v 536.4786 627.3013 -24.3662
v 527.3964 636.3835 -17.6565
v 527.3964 636.3835 -31.4699
v 518.3141 645.4658 -27.7043
v 518.3141 645.4658 -39.7043
v 662.7281 557.0311 -22.9155
v 662.7281 557.0311 -34.9155
v 655.1783 564.5809 -14.5128
v 655.1783 564.5809 -28.1290
v 647.6285 572.1307 -7.0454
v 647.6285 572.1307 -22.2779
v 640.0787 579.6805 -0.5133
v 640.0787 579.6805 -17.3621
v 632.5289 587.2303 5.0834
v 632.5289 587.2303 -13.3816
v 624.9792 594.7800 9.7448
v 624.9792 594.7800 -10.3364
v 617.4294 602.3298 13.4709
v 617.4294 602.3298 -8.2266
v 609.8796 609.8796 16.2616
v 609.8796 609.8796 -7.0521
v 602.3298 617.4294 13.4709
v 602.3298 617.4294 -8.2266
v 594.7800 624.9792 9.7448
v 594.7800 624.9792 -10.3364
v 587.2303 632.5289 5.0834
v 587.2303 632.5289 -13.3816
v 579.6805 640.0787 -0.5133
v 579.6805 640.0787 -17.3621
v 572.1307 647.6285 -7.0454
v 572.1307 647.6285 -22.2779
v 564.5809 655.1783 -14.5128
v 564.5809 655.1783 -28.1290
v 557.0311 662.7281 -22.9155
v 557.0311 662.7281 -34.9155
v 680.2421 595.4964 -16.5545
v 680.2421 595.4964 -28.5545
v 674.1889 601.5496 -10.3939
v 674.1889 601.5496 -23.7854
v 668.1356 607.6029 -4.9091
v 668.1356 607.6029 -19.6920
v 662.0823 613.6562 -0.0999
v 662.0823 613.6562 -16.2743
v 656.0291 619.7094 4.0336
v 656.0291 619.7094 -13.5323
v 649.9758 625.7627 7.4913
v 649.9758 625.7627 -11.4659
v 643.9225 631.8160 10.2734
v 643.9225 631.8160 -10.0753
v 637.8692 637.8692 12.3798
v 637.8692 637.8692 -9.3604
v 631.8160 643.9225 10.2734
v 631.8160 643.9225 -10.0753
v 625.7627 649.9758 7.4913
v 625.7627 649.9758 -11.4659
v 619.7094 656.0291 4.0336
v 619.7094 656.0291 -13.5323
v 613.6562 662.0823 -0.0999
v 613.6562 662.0823 -16.2743
v 607.6029 668.1356 -4.9091
v 607.6029 668.1356 -19.6920
v 601.5496 674.1889 -10.3939
v 601.5496 674.1889 -23.7854
v 595.4964 680.2421 -16.5545
v 595.4964 680.2421 -28.5545
v 698.1402 633.5775 -10.2023
v 698.1402 633.5775 -22.2023
v 693.5286 638.1892 -6.3279
v 693.5286 638.1892 -19.4708
v 688.9170 642.8008 -2.8700
v 688.9170 642.8008 -17.1557
v 684.3054 647.4124 0.1716
v 684.3054 647.4124 -15.2570
v 679.6938 652.0240 2.7967
v 679.6938 652.0240 -13.7747
v 675.0821 656.6356 5.0055
v 675.0821 656.6356 -12.7088
v 670.4705 661.2473 6.7978
v 670.4705 661.2473 -12.0594
v 665.8589 665.8589 8.1736
v 665.8589 665.8589 -11.8264
v 661.2473 670.4705 6.7978
v 661.2473 670.4705 -12.0594
v 656.6356 675.0821 5.0055
v 656.6356 675.0821 -12.7088
v 652.0240 679.6938 2.7967
v 652.0240 679.6938 -13.7747
v 647.4124 684.3054 0.1716
v 647.4124 684.3054 -15.2570
v 642.8008 688.9170 -2.8700
v 642.8008 688.9170 -17.1557
v 638.1892 693.5286 -6.3279
v 638.1892 693.5286 -19.4708
v 633.5775 698.1402 -10.2023
v 633.5775 698.1402 -22.2023
v 716.5648 671.1323 -5.0382
v 716.5648 671.1323 -17.0382
v 713.3196 674.3775 -3.0684
v 713.3196 674.3775 -15.9431
v 710.0744 677.6227 -1.3041
v 710.0744 677.6227 -15.0535
v 706.8292 680.8678 0.2545
v 706.8292 680.8678 -14.3697
v 703.5841 684.1130 1.6074
v 703.5841 684.1130 -13.8914
v 700.3389 687.3582 2.7547
v 700.3389 687.3582 -13.6188
v 697.0937 690.6034 3.6964
v 697.0937 690.6034 -13.5519
v 693.8485 693.8485 4.4324
v 693.8485 693.8485 -13.6905
v 690.6034 697.0937 3.6964
v 690.6034 697.0937 -13.5519
v 687.3582 700.3389 2.7547
v 687.3582 700.3389 -13.6188
v 684.1130 703.5841 1.6074
v 684.1130 703.5841 -13.8914
v 680.8678 706.8292 0.2545
v 680.8678 706.8292 -14.3697
v 677.6227 710.0744 -1.3041
v 677.6227 710.0744 -15.0535
v 674.3775 713.3196 -3.0684
v 674.3775 713.3196 -15.9431
v 671.1323 716.5648 -5.0382
v 671.1323 716.5648 -17.0382
v 735.6915 707.9848 -1.7086
v 735.6915 707.9848 -13.7086
v 733.7125 709.9639 -1.0091
v 733.7125 709.9639 -13.6006
v 731.7334 711.9429 -0.3793
v 731.7334 711.9429 -13.5624
v 729.7544 713.9220 0.1808
v 729.7544 713.9220 -13.5940
v 727.7753 715.9010 0.6711
v 727.7753 715.9010 -13.6952
v 725.7963 717.8801 1.0917
v 725.7963 717.8801 -13.8662
v 723.8172 719.8591 1.4425
v 723.8172 719.8591 -14.1070
v 721.8382 721.8382 1.7236
v 721.8382 721.8382 -14.4175
v 719.8591 723.8172 1.4425
v 719.8591 723.8172 -14.1070
v 717.8801 725.7963 1.0917
v 717.8801 725.7963 -13.8662
v 715.9010 727.7753 0.6711
v 715.9010 727.7753 -13.6952
v 713.9220 729.7544 0.1808
v 713.9220 729.7544 -13.5940
v 711.9429 731.7334 -0.3793
v 711.9429 731.7334 -13.5624
v 709.9639 733.7125 -1.0091
v 709.9639 733.7125 -13.6006
v 707.9848 735.6915 -1.7086
v 707.9848 735.6915 -13.7086
v 755.7998 743.8558 -0.2399
v 755.7998 743.8558 -12.2399
v 754.9467 744.7090 -0.1323
v 754.9467 744.7090 -12.4307
v 754.0935 745.5621 -0.0345
v 754.0935 745.5621 -12.6312
v 753.2404 746.4153 0.0535
v 753.2404 746.4153 -12.8416
v 752.3872 747.2684 0.1317
v 752.3872 747.2684 -13.0617
v 751.5341 748.1215 0.2001
v 751.5341 748.1215 -13.2916
v 750.6810 748.9747 0.2587
v 750.6810 748.9747 -13.5314
v 749.8278 749.8278 0.3075
v 749.8278 749.8278 -13.7809
v 748.9747 750.6810 0.2587
v 748.9747 750.6810 -13.5314
v 748.1215 751.5341 0.2001
v 748.1215 751.5341 -13.2916
v 747.2684 752.3872 0.1317
v 747.2684 752.3872 -13.0617
v 746.4153 753.2404 0.0535
v 746.4153 753.2404 -12.8416
v 745.5621 754.0935 -0.0345
v 745.5621 754.0935 -12.6312
v 744.7090 754.9467 -0.1323
v 744.7090 754.9467 -12.4307
v 743.8558 755.7998 -0.2399
v 743.8558 755.7998 -12.2399
v 777.8175 777.8175 -0.0000
v 777.8175 777.8175 -12.0000
v 777.8175 777.8175 0.0000
v 777.8175 777.8175 -12.0000
v 777.8175 777.8175 0.0000
v 777.8175 777.8175 -12.0000
v 777.8175 777.8175 0.0000
v 777.8175 777.8175 -12.0000
v 777.8175 777.8175 0.0000
v 777.8175 777.8175 -12.0000
v 777.8175 777.8175 0.0000
v 777.8175 777.8175 -12.0000
v 777.8175 777.8175 0.0000
v 777.8175 777.8175 -12.0000
v 777.8175 777.8175 0.0000
v 777.8175 777.8175 -12.0000
v 777.8175 777.8175 0.0000
v 777.8175 777.8175 -12.0000
v 777.8175 777.8175 0.0000
v 777.8175 777.8175 -12.0000
v 777.8175 777.8175 0.0000
v 777.8175 777.8175 -12.0000
v 777.8175 777.8175 0.0000
v 777.8175 777.8175 -12.0000
v 777.8175 777.8175 0.0000
v 777.8175 777.8175 -12.0000
v 777.8175 777.8175 0.0000
v 777.8175 777.8175 -12.0000
v 777.8175 777.8175 -0.0000
v 777.8175 777.8175 -12.0000
v 0.0000 150.0000 0.0000
v 0.0000 150.0000 -12.0000
v 0.0000 150.0000 0.0000
v 0.0000 150.0000 -12.0000
v 0.0000 150.0000 0.0000
v 0.0000 150.0000 -12.0000
v 0.0000 150.0000 0.0000
v 0.0000 150.0000 -12.0000
v 0.0000 150.0000 0.0000
v 0.0000 150.0000 -12.0000
v 0.0000 150.0000 0.0000
v 0.0000 150.0000 -12.0000
v 0.0000 150.0000 0.0000
v 0.0000 150.0000 -12.0000
v 0.0000 150.0000 0.0000
v 0.0000 150.0000 -12.0000
v 0.0000 150.0000 0.0000
v 0.0000 150.0000 -12.0000
v 0.0000 150.0000 0.0000
v 0.0000 150.0000 -12.0000
v 0.0000 150.0000 0.0000
v 0.0000 150.0000 -12.0000
v 0.0000 150.0000 0.0000
v 0.0000 150.0000 -12.0000
v 0.0000 150.0000 0.0000
v 0.0000 150.0000 -12.0000
v 0.0000 150.0000 0.0000
v 0.0000 150.0000 -12.0000
v 0.0000 150.0000 0.0000
v 0.0000 150.0000 -12.0000
v 50.0504 189.5833 -4.5684
v 50.0504 189.5833 -16.5684
v 42.9003 189.5833 -2.5198
v 42.9003 189.5833 -14.8181
v 35.7503 189.5833 -0.6576
v 35.7503 189.5833 -13.2543
v 28.6002 189.5833 1.0181
v 28.6002 189.5833 -11.8769
v 21.4502 189.5833 2.5074
v 21.4502 189.5833 -10.6860
v 14.3001 189.5833 3.8102
v 14.3001 189.5833 -9.6816
v 7.1501 189.5833 4.9265
v 7.1501 189.5833 -8.8636
v 0.0000 189.5833 5.8563
v 0.0000 189.5833 -8.2321
v -7.1501 189.5833 4.9265
v -7.1501 189.5833 -8.8636
v -14.3001 189.5833 3.8102
v -14.3001 189.5833 -9.6816
v -21.4502 189.5833 2.5074
v -21.4502 189.5833 -10.6860
v -28.6002 189.5833 1.0181
v -28.6002 189.5833 -11.8769
v -35.7503 189.5833 -0.6576
v -35.7503 189.5833 -13.2543
v -42.9003 189.5833 -2.5198
v -42.9003 189.5833 -14.8181
v -50.0504 189.5833 -4.5684
v -50.0504 189.5833 -16.5684
v 65.1983 229.1667 -9.0587
v 65.1983 229.1667 -21.0587
v 55.8842 229.1667 -5.3499
v 55.8842 229.1667 -17.9414
v 46.5702 229.1667 -2.0108
v 46.5702 229.1667 -15.1940
v 37.2562 229.1667 0.9585
v 37.2562 229.1667 -12.8162
v 27.9421 229.1667 3.5581
v 27.9421 229.1667 -10.8082
v 18.6281 229.1667 5.7879
v 18.6281 229.1667 -9.1700
v 9.3140 229.1667 7.6480
v 9.3140 229.1667 -7.9015
v 0.0000 229.1667 9.1384
v 0.0000 229.1667 -7.0027
v -9.3140 229.1667 7.6480
v -9.3140 229.1667 -7.9015
v -18.6281 229.1667 5.7879
v -18.6281 229.1667 -9.1700
v -27.9421 229.1667 3.5581
v -27.9421 229.1667 -10.8082
v -37.2562 229.1667 0.9585
v -37.2562 229.1667 -12.8162
v -46.5702 229.1667 -2.0108
v -46.5702 229.1667 -15.1940
v -55.8842 229.1667 -5.3499
v -55.8842 229.1667 -17.9414
v -65.1983 229.1667 -9.0587
v -65.1983 229.1667 -21.0587
v 80.3462 268.7500 -13.3939
v 80.3462 268.7500 -25.3939
v 68.8681 268.7500 -8.1571
v 68.8681 268.7500 -21.0318
v 57.3901 268.7500 -3.4670
v 57.3901 268.7500 -17.2164
v 45.9121 268.7500 0.6765
v 45.9121 268.7500 -13.9476
v 34.4341 268.7500 4.2732
v 34.4341 268.7500 -11.2256
v 22.9560 268.7500 7.3233
v 22.9560 268.7500 -9.0502
v 11.4780 268.7500 9.8267
v 11.4780 268.7500 -7.4216
v 0.0000 268.7500 11.7833
v 0.0000 268.7500 -6.3396
v -11.4780 268.7500 9.8267
v -11.4780 268.7500 -7.4216
v -22.9560 268.7500 7.3233
v -22.9560 268.7500 -9.0502
v -34.4341 268.7500 4.2732
v -34.4341 268.7500 -11.2256
v -45.9121 268.7500 0.6765
v -45.9121 268.7500 -13.9476
v -57.3901 268.7500 -3.4670
v -57.3901 268.7500 -17.2164
v -68.8681 268.7500 -8.1571
v -68.8681 268.7500 -21.0318
v -80.3462 268.7500 -13.3939
v -80.3462 268.7500 -25.3939
v 95.4941 308.3333 -17.5000
v 95.4941 308.3333 -29.5000
v 81.8520 308.3333 -10.8543
v 81.8520 308.3333 -23.9971
v 68.2100 308.3333 -4.9228
v 68.2100 308.3333 -19.2085
v 54.5680 308.3333 0.2944
v 54.5680 308.3333 -15.1342
v 40.9260 308.3333 4.7972
v 40.9260 308.3333 -11.7742
v 27.2840 308.3333 8.5858
v 27.2840 308.3333 -9.1285
v 13.6420 308.3333 11.6601
v 13.6420 308.3333 -7.1970
v 0.0000 308.3333 14.0202
v 0.0000 308.3333 -5.9798
v -13.6420 308.3333 11.6601
v -13.6420 308.3333 -7.1970
v -27.2840 308.3333 8.5858
v -27.2840 308.3333 -9.1285
v -40.9260 308.3333 4.7972
v -40.9260 308.3333 -11.7742
v -54.5680 308.3333 0.2944
v -54.5680 308.3333 -15.1342
v -68.2100 308.3333 -4.9228
v -68.2100 308.3333 -19.2085
v -81.8520 308.3333 -10.8543
v -81.8520 308.3333 -23.9971
v -95.4941 308.3333 -17.5000
v -95.4941 308.3333 -29.5000
v 110.6419 347.9167 -21.3067
v 110.6419 347.9167 -33.3067
v 94.8360 347.9167 -13.3776
v 94.8360 347.9167 -26.7691
v 79.0300 347.9167 -6.3183
v 79.0300 347.9167 -21.1012
v 63.2240 347.9167 -0.1286
v 63.2240 347.9167 -16.3030
v 47.4180 347.9167 5.1914
v 47.4180 347.9167 -12.3744
v 31.6120 347.9167 9.6418
v 31.6120 347.9167 -9.3155
v 15.8060 347.9167 13.2225
v 15.8060 347.9167 -7.1262
v 0.0000 347.9167 15.9336
v 0.0000 347.9167 -5.8066
v -15.8060 347.9167 13.2225
v -15.8060 347.9167 -7.1262
v -31.6120 347.9167 9.6418
v -31.6120 347.9167 -9.3155
v -47.4180 347.9167 5.1914
v -47.4180 347.9167 -12.3744
v -63.2240 347.9167 -0.1286
v -63.2240 347.9167 -16.3030
v -79.0300 347.9167 -6.3183
v -79.0300 347.9167 -21.1012
v -94.8360 347.9167 -13.3776
v -94.8360 347.9167 -26.7691
v -110.6419 347.9167 -21.3067
v -110.6419 347.9167 -33.3067
v 125.7898 387.5000 -24.7487
v 125.7898 387.5000 -36.7487
v 107.8199 387.5000 -15.6738
v 107.8199 387.5000 -29.2901
v 89.8499 387.5000 -7.6090
v 89.8499 387.5000 -22.8415
v 71.8799 387.5000 -0.5544
v 71.8799 387.5000 -17.4031
v 53.9099 387.5000 5.4901
v 53.9099 387.5000 -12.9749
v 35.9400 387.5000 10.5244
v 35.9400 387.5000 -9.5568
v 17.9700 387.5000 14.5486
v 17.9700 387.5000 -7.1489
v 0.0000 387.5000 17.5626
v 0.0000 387.5000 -5.7511
v -17.9700 387.5000 14.5486
v -17.9700 387.5000 -7.1489
v -35.9400 387.5000 10.5244
v -35.9400 387.5000 -9.5568
v -53.9099 387.5000 5.4901
v -53.9099 387.5000 -12.9749
v -71.8799 387.5000 -0.5544
v -71.8799 387.5000 -17.4031
v -89.8499 387.5000 -7.6090
v -89.8499 387.5000 -22.8415
v -107.8199 387.5000 -15.6738
v -107.8199 387.5000 -29.2901
v -125.7898 387.5000 -24.7487
v -125.7898 387.5000 -36.7487
v 140.9377 427.0833 -27.7674
v 140.9377 427.0833 -39.7674
v 120.8038 427.0833 -17.6967
v 120.8038 427.0833 -31.5101
v 100.6698 427.0833 -8.7594
v 100.6698 427.0833 -24.3861
v 80.5358 427.0833 -0.9554
v 80.5358 427.0833 -18.3956
v 60.4019 427.0833 5.7152
v 60.4019 427.0833 -13.5384
v 40.2679 427.0833 11.2524
v 40.2679 427.0833 -9.8145
v 20.1340 427.0833 15.6562
v 20.1340 427.0833 -7.2240
v 0.0000 427.0833 18.9267
v 0.0000 427.0833 -5.7669
v -20.1340 427.0833 15.6562
v -20.1340 427.0833 -7.2240
v -40.2679 427.0833 11.2524
v -40.2679 427.0833 -9.8145
v -60.4019 427.0833 5.7152
v -60.4019 427.0833 -13.5384
v -80.5358 427.0833 -0.9554
v -80.5358 427.0833 -18.3956
v -100.6698 427.0833 -8.7594
v -100.6698 427.0833 -24.3861
v -120.8038 427.0833 -17.6967
v -120.8038 427.0833 -31.5101
v -140.9377 427.0833 -27.7674
v -140.9377 427.0833 -39.7674
v 156.0856 466.6667 -30.3109
v 156.0856 466.6667 -42.3109
v 133.7877 466.6667 -19.4069
v 133.7877 466.6667 -33.3864
v 111.4897 466.6667 -9.7401
v 111.4897 466.6667 -25.6991
v 89.1918 466.6667 -1.3104
v 89.1918 466.6667 -19.2489
v 66.8938 466.6667 5.8820
v 66.8938 466.6667 -14.0359
v 44.5959 466.6667 11.8373
v 44.5959 466.6667 -10.0601
v 22.2979 466.6667 16.5554
v 22.2979 466.6667 -7.3215
v 0.0000 466.6667 20.0363
v 0.0000 466.6667 -5.8201
v -22.2979 466.6667 16.5554
v -22.2979 466.6667 -7.3215
v -44.5959 466.6667 11.8373
v -44.5959 466.6667 -10.0601
v -66.8938 466.6667 5.8820
v -66.8938 466.6667 -14.0359
v -89.1918 466.6667 -1.3104
v -89.1918 466.6667 -19.2489
v -111.4897 466.6667 -9.7401
v -111.4897 466.6667 -25.6991
v -133.7877 466.6667 -19.4069
v -133.7877 466.6667 -33.3864
v -156.0856 466.6667 -30.3109
v -156.0856 466.6667 -42.3109
v 171.2335 506.2500 -32.3358
v 171.2335 506.2500 -44.3358
v 146.7716 506.2500 -20.7717
v 146.7716 506.2500 -34.8834
v 122.3096 506.2500 -10.5274
v 122.3096 506.2500 -26.7509
v 97.8477 506.2500 -1.6030
v 97.8477 506.2500 -19.9382
v 73.3858 506.2500 6.0016
v 73.3858 506.2500 -14.4453
v 48.9239 506.2500 12.2864
v 48.9239 506.2500 -10.2722
v 24.4619 506.2500 17.2513
v 24.4619 506.2500 -7.4190
v 0.0000 506.2500 20.8965
v 0.0000 506.2500 -5.8856
v -24.4619 506.2500 17.2513
v -24.4619 506.2500 -7.4190
v -48.9239 506.2500 12.2864
v -48.9239 506.2500 -10.2722
v -73.3858 506.2500 6.0016
v -73.3858 506.2500 -14.4453
v -97.8477 506.2500 -1.6030
v -97.8477 506.2500 -19.9382
v -122.3096 506.2500 -10.5274
v -122.3096 506.2500 -26.7509
v -146.7716 506.2500 -20.7717
v -146.7716 506.2500 -34.8834
v -171.2335 506.2500 -32.3358
v -171.2335 506.2500 -44.3358
v 186.3814 545.8333 -33.8074
v 186.3814 545.8333 -45.8074
v 159.7555 545.8333 -21.7653
v 159.7555 545.8333 -35.9731
v 133.1296 545.8333 -11.1030
v 133.1296 545.8333 -27.5187
v 106.5036 545.8333 -1.8207
v 106.5036 545.8333 -20.4442
v 79.8777 545.8333 6.0818
v 79.8777 545.8333 -14.7495
v 53.2518 545.8333 12.6043
v 53.2518 545.8333 -10.4348
v 26.6259 545.8333 17.7470
v 26.6259 545.8333 -7.5000
v 0.0000 545.8333 21.5098
v 0.0000 545.8333 -5.9450
v -26.6259 545.8333 17.7470
v -26.6259 545.8333 -7.5000
v -53.2518 545.8333 12.6043
v -53.2518 545.8333 -10.4348
v -79.8777 545.8333 6.0818
v -79.8777 545.8333 -14.7495
v -106.5036 545.8333 -1.8207
v -106.5036 545.8333 -20.4442
v -133.1296 545.8333 -11.1030
v -133.1296 545.8333 -27.5187
v -159.7555 545.8333 -21.7653
v -159.7555 545.8333 -35.9731
v -186.3814 545.8333 -33.8074
v -186.3814 545.8333 -45.8074
v 176.7636 585.4167 -34.7006
v 176.7636 585.4167 -46.7006
v 151.5117 585.4167 -22.3689
v 151.5117 585.4167 -36.6351
v 126.2597 585.4167 -11.4537
v 126.2597 585.4167 -27.9860
v 101.0078 585.4167 -1.9547
v 101.0078 585.4167 -20.7532
v 75.7558 585.4167 6.1278
v 75.7558 585.4167 -14.9368
v 50.5039 585.4167 12.7941
v 50.5039 585.4167 -10.5367
v 25.2519 585.4167 18.0439
v 25.2519 585.4167 -7.5530
v 0.0000 585.4167 21.8775
v 0.0000 585.4167 -5.9856
v -25.2519 585.4167 18.0439
v -25.2519 585.4167 -7.5530
v -50.5039 585.4167 12.7941
v -50.5039 585.4167 -10.5367
v -75.7558 585.4167 6.1278
v -75.7558 585.4167 -14.9368
v -101.0078 585.4167 -1.9547
v -101.0078 585.4167 -20.7532
v -126.2597 585.4167 -11.4537
v -126.2597 585.4167 -27.9860
v -151.5117 585.4167 -22.3689
v -151.5117 585.4167 -36.6351
v -176.7636 585.4167 -34.7006
v -176.7636 585.4167 -46.7006
v 164.0090 625.0000 -35.0000
v 164.0090 625.0000 -47.0000
v 140.5792 625.0000 -22.5714
v 140.5792 625.0000 -36.8571
v 117.1493 625.0000 -11.5714
v 117.1493 625.0000 -28.1429
v 93.7194 625.0000 -2.0000
v 93.7194 625.0000 -20.8571
v 70.2896 625.0000 6.1429
v 70.2896 625.0000 -15.0000
v 46.8597 625.0000 12.8571
v 46.8597 625.0000 -10.5714
v 23.4299 625.0000 18.1429
v 23.4299 625.0000 -7.5714
v 0.0000 625.0000 22.0000
v 0.0000 625.0000 -6.0000
v -23.4299 625.0000 18.1429
v -23.4299 625.0000 -7.5714
v -46.8597 625.0000 12.8571
v -46.8597 625.0000 -10.5714
v -70.2896 625.0000 6.1429
v -70.2896 625.0000 -15.0000
v -93.7194 625.0000 -2.0000
v -93.7194 625.0000 -20.8571
v -117.1493 625.0000 -11.5714
v -117.1493 625.0000 -28.1429
v -140.5792 625.0000 -22.5714
v -140.5792 625.0000 -36.8571
v -164.0090 625.0000 -35.0000
v -164.0090 625.0000 -47.0000
v 150.1912 664.5833 -34.7006
v 150.1912 664.5833 -46.7006
v 128.7353 664.5833 -22.3689
v 128.7353 664.5833 -36.6351
v 107.2794 664.5833 -11.4537
v 107.2794 664.5833 -27.9860
v 85.8235 664.5833 -1.9547
v 85.8235 664.5833 -20.7532
v 64.3677 664.5833 6.1278
v 64.3677 664.5833 -14.9368
v 42.9118 664.5833 12.7941
v 42.9118 664.5833 -10.5367
v 21.4559 664.5833 18.0439
v 21.4559 664.5833 -7.5530
v 0.0000 664.5833 21.8775
v 0.0000 664.5833 -5.9856
v -21.4559 664.5833 18.0439
v -21.4559 664.5833 -7.5530
v -42.9118 664.5833 12.7941
v -42.9118 664.5833 -10.5367
v -64.3677 664.5833 6.1278
v -64.3677 664.5833 -14.9368
v -85.8235 664.5833 -1.9547
v -85.8235 664.5833 -20.7532
v -107.2794 664.5833 -11.4537
v -107.2794 664.5833 -27.9860
v -128.7353 664.5833 -22.3689
v -128.7353 664.5833 -36.6351
v -150.1912 664.5833 -34.7006
v -150.1912 664.5833 -46.7006
v 135.6171 704.1667 -33.8074
v 135.6171 704.1667 -45.8074
v 116.2432 704.1667 -21.7653
v 116.2432 704.1667 -35.9731
v 96.8693 704.1667 -11.1030
v 96.8693 704.1667 -27.5187
v 77.4955 704.1667 -1.8207
v 77.4955 704.1667 -20.4442
v 58.1216 704.1667 6.0818
v 58.1216 704.1667 -14.7495
v 38.7477 704.1667 12.6043
v 38.7477 704.1667 -10.4348
v 19.3739 704.1667 17.7470
v 19.3739 704.1667 -7.5000
v 0.0000 704.1667 21.5098
v 0.0000 704.1667 -5.9450
v -19.3739 704.1667 17.7470
v -19.3739 704.1667 -7.5000
v -38.7477 704.1667 12.6043
v -38.7477 704.1667 -10.4348
v -58.1216 704.1667 6.0818
v -58.1216 704.1667 -14.7495
v -77.4955 704.1667 -1.8207
v -77.4955 704.1667 -20.4442
v -96.8693 704.1667 -11.1030
v -96.8693 704.1667 -27.5187
v -116.2432 704.1667 -21.7653
v -116.2432 704.1667 -35.9731
v -135.6171 704.1667 -33.8074
v -135.6171 704.1667 -45.8074
v 120.5563 743.7500 -32.3358
v 120.5563 743.7500 -44.3358
v 103.3339 743.7500 -20.7717
v 103.3339 743.7500 -34.8834
v 86.1116 743.7500 -10.5274
v 86.1116 743.7500 -26.7509
v 68.8893 743.7500 -1.6030
v 68.8893 743.7500 -19.9382
v 51.6670 743.7500 6.0016
v 51.6670 743.7500 -14.4453
v 34.4446 743.7500 12.2864
v 34.4446 743.7500 -10.2722
v 17.2223 743.7500 17.2513
v 17.2223 743.7500 -7.4190
v 0.0000 743.7500 20.8965
v 0.0000 743.7500 -5.8856
v -17.2223 743.7500 17.2513
v -17.2223 743.7500 -7.4190
v -34.4446 743.7500 12.2864
v -34.4446 743.7500 -10.2722
v -51.6670 743.7500 6.0016
v -51.6670 743.7500 -14.4453
v -68.8893 743.7500 -1.6030
v -68.8893 743.7500 -19.9382
v -86.1116 743.7500 -10.5274
v -86.1116 743.7500 -26.7509
v -103.3339 743.7500 -20.7717
v -103.3339 743.7500 -34.8834
v -120.5563 743.7500 -32.3358
v -120.5563 743.7500 -44.3358
v 105.2485 783.3333 -30.3109
v 105.2485 783.3333 -42.3109
v 90.2130 783.3333 -19.4069
v 90.2130 783.3333 -33.3864
v 75.1775 783.3333 -9.7401
v 75.1775 783.3333 -25.6991
v 60.1420 783.3333 -1.3104
v 60.1420 783.3333 -19.2489
v 45.1065 783.3333 5.8820
v 45.1065 783.3333 -14.0359
v 30.0710 783.3333 11.8373
v 30.0710 783.3333 -10.0601
v 15.0355 783.3333 16.5554
v 15.0355 783.3333 -7.3215
v 0.0000 783.3333 20.0363
v 0.0000 783.3333 -5.8201
v -15.0355 783.3333 16.5554
v -15.0355 783.3333 -7.3215
v -30.0710 783.3333 11.8373
v -30.0710 783.3333 -10.0601
v -45.1065 783.3333 5.8820
v -45.1065 783.3333 -14.0359
v -60.1420 783.3333 -1.3104
v -60.1420 783.3333 -19.2489
v -75.1775 783.3333 -9.7401
v -75.1775 783.3333 -25.6991
v -90.2130 783.3333 -19.4069
v -90.2130 783.3333 -33.3864
v -105.2485 783.3333 -30.3109
v -105.2485 783.3333 -42.3109
v 89.9098 822.9167 -27.7043
v 89.9098 822.9167 -39.7043
v 77.0656 822.9167 -17.6565
v 77.0656 822.9167 -31.4699
v 64.2213 822.9167 -8.7395
v 64.2213 822.9167 -24.3662
v 51.3770 822.9167 -0.9533
v 51.3770 822.9167 -18.3934
v 38.5328 822.9167 5.7022
v 38.5328 822.9167 -13.5513
v 25.6885 822.9167 11.2268
v 25.6885 822.9167 -9.8401
v 12.8443 822.9167 15.6207
v 12.8443 822.9167 -7.2596
v 0.0000 822.9167 18.8837
v 0.0000 822.9167 -5.8099
v -12.8443 822.9167 15.6207
v -12.8443 822.9167 -7.2596
v -25.6885 822.9167 11.2268
v -25.6885 822.9167 -9.8401
v -38.5328 822.9167 5.7022
v -38.5328 822.9167 -13.5513
v -51.3770 822.9167 -0.9533
v -51.3770 822.9167 -18.3934
v -64.2213 822.9167 -8.7395
v -64.2213 822.9167 -24.3662
v -77.0656 822.9167 -17.6565
v -77.0656 822.9167 -31.4699
v -89.9098 822.9167 -27.7043
v -89.9098 822.9167 -39.7043
v 74.7390 862.5000 -22.9155
v 74.7390 862.5000 -34.9155
v 64.0620 862.5000 -14.5128
v 64.0620 862.5000 -28.1290
v 53.3850 862.5000 -7.0454
v 53.3850 862.5000 -22.2779
v 42.7080 862.5000 -0.5133
v 42.7080 862.5000 -17.3621
v 32.0310 862.5000 5.0834
v 32.0310 862.5000 -13.3816
v 21.3540 862.5000 9.7448
v 21.3540 862.5000 -10.3364
v 10.6770 862.5000 13.4709
v 10.6770 862.5000 -8.2266
v 0.0000 862.5000 16.2616
v 0.0000 862.5000 -7.0521
v -10.6770 862.5000 13.4709
v -10.6770 862.5000 -8.2266
v -21.3540 862.5000 9.7448
v -21.3540 862.5000 -10.3364
v -32.0310 862.5000 5.0834
v -32.0310 862.5000 -13.3816
v -42.7080 862.5000 -0.5133
v -42.7080 862.5000 -17.3621
v -53.3850 862.5000 -7.0454
v -53.3850 862.5000 -22.2779
v -64.0620 862.5000 -14.5128
v -64.0620 862.5000 -28.1290
v -74.7390 862.5000 -22.9155
v -74.7390 862.5000 -34.9155
v 59.9243 902.0833 -16.5545
v 59.9243 902.0833 -28.5545
v 51.3637 902.0833 -10.3939
v 51.3637 902.0833 -23.7854
v 42.8031 902.0833 -4.9091
v 42.8031 902.0833 -19.6920
v 34.2425 902.0833 -0.0999
v 34.2425 902.0833 -16.2743
v 25.6818 902.0833 4.0336
v 25.6818 902.0833 -13.5323
v 17.1212 902.0833 7.4913
v 17.1212 902.0833 -11.4659
v 8.5606 902.0833 10.2734
v 8.5606 902.0833 -10.0753
v 0.0000 902.0833 12.3798
v 0.0000 902.0833 -9.3604
v -8.5606 902.0833 10.2734
v -8.5606 902.0833 -10.0753
v -17.1212 902.0833 7.4913
v -17.1212 902.0833 -11.4659
v -25.6818 902.0833 4.0336
v -25.6818 902.0833 -13.5323
v -34.2425 902.0833 -0.0999
v -34.2425 902.0833 -16.2743
v -42.8031 902.0833 -4.9091
v -42.8031 902.0833 -19.6920
v -51.3637 902.0833 -10.3939
v -51.3637 902.0833 -23.7854
v -59.9243 902.0833 -16.5545
v -59.9243 902.0833 -28.5545
v 45.6527 941.6667 -10.2023
v 45.6527 941.6667 -22.2023
v 39.1309 941.6667 -6.3279
v 39.1309 941.6667 -19.4708
v 32.6091 941.6667 -2.8700
v 32.6091 941.6667 -17.1557
v 26.0873 941.6667 0.1716
v 26.0873 941.6667 -15.2570
v 19.5655 941.6667 2.7967
v 19.5655 941.6667 -13.7747
v 13.0436 941.6667 5.0055
v 13.0436 941.6667 -12.7088
v 6.5218 941.6667 6.7978
v 6.5218 941.6667 -12.0594
v 0.0000 941.6667 8.1736
v 0.0000 941.6667 -11.8264
v -6.5218 941.6667 6.7978
v -6.5218 941.6667 -12.0594
v -13.0436 941.6667 5.0055
v -13.0436 941.6667 -12.7088
v -19.5655 941.6667 2.7967
v -19.5655 941.6667 -13.7747
v -26.0873 941.6667 0.1716
v -26.0873 941.6667 -15.2570
v -32.6091 941.6667 -2.8700
v -32.6091 941.6667 -17.1557
v -39.1309 941.6667 -6.3279
v -39.1309 941.6667 -19.4708
v -45.6527 941.6667 -10.2023
v -45.6527 941.6667 -22.2023
v 32.1256 981.2500 -5.0382
v 32.1256 981.2500 -17.0382
v 27.5362 981.2500 -3.0684
v 27.5362 981.2500 -15.9431
v 22.9469 981.2500 -1.3041
v 22.9469 981.2500 -15.0535
v 18.3575 981.2500 0.2545
v 18.3575 981.2500 -14.3697
v 13.7681 981.2500 1.6074
v 13.7681 981.2500 -13.8914
v 9.1787 981.2500 2.7547
v 9.1787 981.2500 -13.6188
v 4.5894 981.2500 3.6964
v 4.5894 981.2500 -13.5519
v 0.0000 981.2500 4.4324
v 0.0000 981.2500 -13.6905
v -4.5894 981.2500 3.6964
v -4.5894 981.2500 -13.5519
v -9.1787 981.2500 2.7547
v -9.1787 981.2500 -13.6188
v -13.7681 981.2500 1.6074
v -13.7681 981.2500 -13.8914
v -18.3575 981.2500 0.2545
v -18.3575 981.2500 -14.3697
v -22.9469 981.2500 -1.3041
v -22.9469 981.2500 -15.0535
v -27.5362 981.2500 -3.0684
v -27.5362 981.2500 -15.9431
v -32.1256 981.2500 -5.0382
v -32.1256 981.2500 -17.0382
v 19.5916 1020.8333 -1.7086
v 19.5916 1020.8333 -13.7086
v 16.7928 1020.8333 -1.0091
v 16.7928 1020.8333 -13.6006
v 13.9940 1020.8333 -0.3793
v 13.9940 1020.8333 -13.5624
v 11.1952 1020.8333 0.1808
v 11.1952 1020.8333 -13.5940
v 8.3964 1020.8333 0.6711
v 8.3964 1020.8333 -13.6952
v 5.5976 1020.8333 1.0917
v 5.5976 1020.8333 -13.8662
v 2.7988 1020.8333 1.4425
v 2.7988 1020.8333 -14.1070
v 0.0000 1020.8333 1.7236
v 0.0000 1020.8333 -14.4175
v -2.7988 1020.8333 1.4425
v -2.7988 1020.8333 -14.1070
v -5.5976 1020.8333 1.0917
v -5.5976 1020.8333 -13.8662
v -8.3964 1020.8333 0.6711
v -8.3964 1020.8333 -13.6952
v -11.1952 1020.8333 0.1808
v -11.1952 1020.8333 -13.5940
v -13.9940 1020.8333 -0.3793
v -13.9940 1020.8333 -13.5624
v -16.7928 1020.8333 -1.0091
v -16.7928 1020.8333 -13.6006
v -19.5916 1020.8333 -1.7086
v -19.5916 1020.8333 -13.7086
v 8.4457 1060.4167 -0.2399
v 8.4457 1060.4167 -12.2399
v 7.2391 1060.4167 -0.1323
v 7.2391 1060.4167 -12.4307
v 6.0326 1060.4167 -0.0345
v 6.0326 1060.4167 -12.6312
v 4.8261 1060.4167 0.0535
v 4.8261 1060.4167 -12.8416
v 3.6196 1060.4167 0.1317
v 3.6196 1060.4167 -13.0617
v 2.4130 1060.4167 0.2001
v 2.4130 1060.4167 -13.2916
v 1.2065 1060.4167 0.2587
v 1.2065 1060.4167 -13.5314
v 0.0000 1060.4167 0.3075
v 0.0000 1060.4167 -13.7809
v -1.2065 1060.4167 0.2587
v -1.2065 1060.4167 -13.5314
v -2.4130 1060.4167 0.2001
v -2.4130 1060.4167 -13.2916
v -3.6196 1060.4167 0.1317
v -3.6196 1060.4167 -13.0617
v -4.8261 1060.4167 0.0535
v -4.8261 1060.4167 -12.8416
v -6.0326 1060.4167 -0.0345
v -6.0326 1060.4167 -12.6312
v -7.2391 1060.4167 -0.1323
v -7.2391 1060.4167 -12.4307
v -8.4457 1060.4167 -0.2399
v -8.4457 1060.4167 -12.2399
v 0.0000 1100.0000 -0.0000
v 0.0000 1100.0000 -12.0000
v 0.0000 1100.0000 0.0000
v 0.0000 1100.0000 -12.0000
v 0.0000 1100.0000 0.0000
v 0.0000 1100.0000 -12.0000
v 0.0000 1100.0000 0.0000
v 0.0000 1100.0000 -12.0000
v 0.0000 1100.0000 0.0000
v 0.0000 1100.0000 -12.0000
v 0.0000 1100.0000 0.0000
v 0.0000 1100.0000 -12.0000
v 0.0000 1100.0000 0.0000
v 0.0000 1100.0000 -12.0000
v 0.0000 1100.0000 0.0000
v 0.0000 1100.0000 -12.0000
v 0.0000 1100.0000 0.0000
v 0.0000 1100.0000 -12.0000
v 0.0000 1100.0000 0.0000
v 0.0000 1100.0000 -12.0000
v 0.0000 1100.0000 0.0000
v 0.0000 1100.0000 -12.0000
v 0.0000 1100.0000 0.0000
v 0.0000 1100.0000 -12.0000
v 0.0000 1100.0000 0.0000
v 0.0000 1100.0000 -12.0000
v 0.0000 1100.0000 0.0000
v 0.0000 1100.0000 -12.0000
v 0.0000 1100.0000 -0.0000
v 0.0000 1100.0000 -12.0000
v -106.0660 106.0660 0.0000
v -106.0660 106.0660 -12.0000
v -106.0660 106.0660 0.0000
v -106.0660 106.0660 -12.0000
v -106.0660 106.0660 0.0000
v -106.0660 106.0660 -12.0000
v -106.0660 106.0660 0.0000
v -106.0660 106.0660 -12.0000
v -106.0660 106.0660 0.0000
v -106.0660 106.0660 -12.0000
v -106.0660 106.0660 0.0000
v -106.0660 106.0660 -12.0000
v -106.0660 106.0660 0.0000
v -106.0660 106.0660 -12.0000
v -106.0660 106.0660 0.0000
v -106.0660 106.0660 -12.0000
v -106.0660 106.0660 0.0000
v -106.0660 106.0660 -12.0000
v -106.0660 106.0660 0.0000
v -106.0660 106.0660 -12.0000
v -106.0660 106.0660 0.0000
v -106.0660 106.0660 -12.0000
v -106.0660 106.0660 0.0000
v -106.0660 106.0660 -12.0000
v -106.0660 106.0660 0.0000
v -106.0660 106.0660 -12.0000
v -106.0660 106.0660 0.0000
v -106.0660 106.0660 -12.0000
v -106.0660 106.0660 0.0000
v -106.0660 106.0660 -12.0000
v -98.6647 169.4466 -4.5684
v -98.6647 169.4466 -16.5684
v -103.7205 164.3908 -2.5198
v -103.7205 164.3908 -14.8181
v -108.7764 159.3349 -0.6576
v -108.7764 159.3349 -13.2543
v -113.8322 154.2791 1.0181
v -113.8322 154.2791 -11.8769
v -118.8881 149.2232 2.5074
v -118.8881 149.2232 -10.6860
v -123.9440 144.1674 3.8102
v -123.9440 144.1674 -9.6816
v -128.9998 139.1115 4.9265
v -128.9998 139.1115 -8.8636
v -134.0557 134.0557 5.8563
v -134.0557 134.0557 -8.2321
v -139.1115 128.9998 4.9265
v -139.1115 128.9998 -8.8636
v -144.1674 123.9440 3.8102
v -144.1674 123.9440 -9.6816
v -149.2232 118.8881 2.5074
v -149.2232 118.8881 -10.6860
v -154.2791 113.8322 1.0181
v -154.2791 113.8322 -11.8769
v -159.3349 108.7764 -0.6576
v -159.3349 108.7764 -13.2543
v -164.3908 103.7205 -2.5198
v -164.3908 103.7205 -14.8181
v -169.4466 98.6647 -4.5684
v -169.4466 98.6647 -16.5684
v -115.9432 208.1475 -9.0587
v -115.9432 208.1475 -21.0587
v -122.5292 201.5614 -5.3499
v -122.5292 201.5614 -17.9414
v -129.1152 194.9754 -2.0108
v -129.1152 194.9754 -15.1940
v -135.7012 188.3894 0.9585
v -135.7012 188.3894 -12.8162
v -142.2872 181.8034 3.5581
v -142.2872 181.8034 -10.8082
v -148.8733 175.2173 5.7879
v -148.8733 175.2173 -9.1700
v -155.4593 168.6313 7.6480
v -155.4593 168.6313 -7.9015
v -162.0453 162.0453 9.1384
v -162.0453 162.0453 -7.0027
v -168.6313 155.4593 7.6480
v -168.6313 155.4593 -7.9015
v -175.2173 148.8733 5.7879
v -175.2173 148.8733 -9.1700
v -181.8034 142.2872 3.5581
v -181.8034 142.2872 -10.8082
v -188.3894 135.7012 0.9585
v -188.3894 135.7012 -12.8162
v -194.9754 129.1152 -2.0108
v -194.9754 129.1152 -15.1940
v -201.5614 122.5292 -5.3499
v -201.5614 122.5292 -17.9414
v -208.1475 115.9432 -9.0587
v -208.1475 115.9432 -21.0587
v -133.2216 246.8483 -13.3939
v -133.2216 246.8483 -25.3939
v -141.3378 238.7321 -8.1571
v -141.3378 238.7321 -21.0318
v -149.4540 230.6159 -3.4670
v -149.4540 230.6159 -17.2164
v -157.5702 222.4997 0.6765
v -157.5702 222.4997 -13.9476
v -165.6864 214.3835 4.2732
v -165.6864 214.3835 -11.2256
v -173.8026 206.2673 7.3233
v -173.8026 206.2673 -9.0502
v -181.9188 198.1511 9.8267
v -181.9188 198.1511 -7.4216
v -190.0349 190.0349 11.7833
v -190.0349 190.0349 -6.3396
v -198.1511 181.9188 9.8267
v -198.1511 181.9188 -7.4216
v -206.2673 173.8026 7.3233
v -206.2673 173.8026 -9.0502
v -214.3835 165.6864 4.2732
v -214.3835 165.6864 -11.2256
v -222.4997 157.5702 0.6765
v -222.4997 157.5702 -13.9476
v -230.6159 149.4540 -3.4670
v -230.6159 149.4540 -17.2164
v -238.7321 141.3378 -8.1571
v -238.7321 141.3378 -21.0318
v -246.8483 133.2216 -13.3939
v -246.8483 133.2216 -25.3939
v -150.5001 285.5491 -17.5000
v -150.5001 285.5491 -29.5000
v -160.1465 275.9027 -10.8543
v -160.1465 275.9027 -23.9971
v -169.7928 266.2564 -4.9228
v -169.7928 266.2564 -19.2085
v -179.4392 256.6100 0.2944
v -179.4392 256.6100 -15.1342
v -189.0855 246.9637 4.7972
v -189.0855 246.9637 -11.7742
v -198.7319 237.3173 8.5858
v -198.7319 237.3173 -9.1285
v -208.3782 227.6709 11.6601
v -208.3782 227.6709 -7.1970
v -218.0246 218.0246 14.0202
v -218.0246 218.0246 -5.9798
v -227.6709 208.3782 11.6601
v -227.6709 208.3782 -7.1970
v -237.3173 198.7319 8.5858
v -237.3173 198.7319 -9.1285
v -246.9637 189.0855 4.7972
v -246.9637 189.0855 -11.7742
v -256.6100 179.4392 0.2944
v -256.6100 179.4392 -15.1342
v -266.2564 169.7928 -4.9228
v -266.2564 169.7928 -19.2085
v -275.9027 160.1465 -10.8543
v -275.9027 160.1465 -23.9971
v -285.5491 150.5001 -17.5000
v -285.5491 150.5001 -29.5000
v -167.7786 324.2499 -21.3067
v -167.7786 324.2499 -33.3067
v -178.9551 313.0734 -13.3776
v -178.9551 313.0734 -26.7691
v -190.1316 301.8969 -6.3183
v -190.1316 301.8969 -21.1012
v -201.3081 290.7203 -0.1286
v -201.3081 290.7203 -16.3030
v -212.4847 279.5438 5.1914
v -212.4847 279.5438 -12.3744
v -223.6612 268.3673 9.6418
v -223.6612 268.3673 -9.3155
v -234.8377 257.1908 13.2225
v -234.8377 257.1908 -7.1262
v -246.0142 246.0142 15.9336
v -246.0142 246.0142 -5.8066
v -257.1908 234.8377 13.2225
v -257.1908 234.8377 -7.1262
v -268.3673 223.6612 9.6418
v -268.3673 223.6612 -9.3155
v -279.5438 212.4847 5.1914
v -279.5438 212.4847 -12.3744
v -290.7203 201.3081 -0.1286
v -290.7203 201.3081 -16.3030
v -301.8969 190.1316 -6.3183
v -301.8969 190.1316 -21.1012
v -313.0734 178.9551 -13.3776
v -313.0734 178.9551 -26.7691
v -324.2499 167.7786 -21.3067
v -324.2499 167.7786 -33.3067
v -185.0570 362.9507 -24.7487
v -185.0570 362.9507 -36.7487
v -197.7637 350.2440 -15.6738
v -197.7637 350.2440 -29.2901
v -210.4704 337.5373 -7.6090
v -210.4704 337.5373 -22.8415
v -223.1771 324.8306 -0.5544
v -223.1771 324.8306 -17.4031
v -235.8838 312.1240 5.4901
v -235.8838 312.1240 -12.9749
v -248.5905 299.4173 10.5244
v -248.5905 299.4173 -9.5568
v -261.2972 286.7106 14.5486
v -261.2972 286.7106 -7.1489
v -274.0039 274.0039 17.5626
v -274.0039 274.0039 -5.7511
v -286.7106 261.2972 14.5486
v -286.7106 261.2972 -7.1489
v -299.4173 248.5905 10.5244
v -299.4173 248.5905 -9.5568
v -312.1240 235.8838 5.4901
v -312.1240 235.8838 -12.9749
v -324.8306 223.1771 -0.5544
v -324.8306 223.1771 -17.4031
v -337.5373 210.4704 -7.6090
v -337.5373 210.4704 -22.8415
v -350.2440 197.7637 -15.6738
v -350.2440 197.7637 -29.2901
v -362.9507 185.0570 -24.7487
v -362.9507 185.0570 -36.7487
v -202.3355 401.6515 -27.7674
v -202.3355 401.6515 -39.7674
v -216.5724 387.4147 -17.6967
v -216.5724 387.4147 -31.5101
v -230.8092 373.1778 -8.7594
v -230.8092 373.1778 -24.3861
v -245.0461 358.9410 -0.9554
v -245.0461 358.9410 -18.3956
v -259.2829 344.7041 5.7152
v -259.2829 344.7041 -13.5384
v -273.5198 330.4672 11.2524
v -273.5198 330.4672 -9.8145
v -287.7567 316.2304 15.6562
v -287.7567 316.2304 -7.2240
v -301.9935 301.9935 18.9267
v -301.9935 301.9935 -5.7669
v -316.2304 287.7567 15.6562
v -316.2304 287.7567 -7.2240
v -330.4672 273.5198 11.2524
v -330.4672 273.5198 -9.8145
v -344.7041 259.2829 5.7152
v -344.7041 259.2829 -13.5384
v -358.9410 245.0461 -0.9554
v -358.9410 245.0461 -18.3956
v -373.1778 230.8092 -8.7594
v -373.1778 230.8092 -24.3861
v -387.4147 216.5724 -17.6967
v -387.4147 216.5724 -31.5101
v -401.6515 202.3355 -27.7674
v -401.6515 202.3355 -39.7674
v -219.6140 440.3524 -30.3109
v -219.6140 440.3524 -42.3109
v -235.3810 424.5853 -19.4069
v -235.3810 424.5853 -33.3864
v -251.1480 408.8183 -9.7401
v -251.1480 408.8183 -25.6991
v -266.9151 393.0513 -1.3104
v -266.9151 393.0513 -19.2489
v -282.6821 377.2842 5.8820
v -282.6821 377.2842 -14.0359
v -298.4491 361.5172 11.8373
v -298.4491 361.5172 -10.0601
v -314.2161 345.7502 16.5554
v -314.2161 345.7502 -7.3215
v -329.9832 329.9832 20.0363
v -329.9832 329.9832 -5.8201
v -345.7502 314.2161 16.5554
v -345.7502 314.2161 -7.3215
v -361.5172 298.4491 11.8373
v -361.5172 298.4491 -10.0601
v -377.2842 282.6821 5.8820
v -377.2842 282.6821 -14.0359
v -393.0513 266.9151 -1.3104
v -393.0513 266.9151 -19.2489
v -408.8183 251.1480 -9.7401
v -408.8183 251.1480 -25.6991
v -424.5853 235.3810 -19.4069
v -424.5853 235.3810 -33.3864
v -440.3524 219.6140 -30.3109
v -440.3524 219.6140 -42.3109
v -236.8924 479.0532 -32.3358
v -236.8924 479.0532 -44.3358
v -254.1896 461.7560 -20.7717
v -254.1896 461.7560 -34.8834
v -271.4868 444.4588 -10.5274
v -271.4868 444.4588 -26.7509
v -288.7840 427.1616 -1.6030
v -288.7840 427.1616 -19.9382
v -306.0812 409.8644 6.0016
v -306.0812 409.8644 -14.4453
v -323.3784 392.5672 12.2864
v -323.3784 392.5672 -10.2722
v -340.6756 375.2700 17.2513
v -340.6756 375.2700 -7.4190
v -357.9728 357.9728 20.8965
v -357.9728 357.9728 -5.8856
v -375.2700 340.6756 17.2513
v -375.2700 340.6756 -7.4190
v -392.5672 323.3784 12.2864
v -392.5672 323.3784 -10.2722
v -409.8644 306.0812 6.0016
v -409.8644 306.0812 -14.4453
v -427.1616 288.7840 -1.6030
v -427.1616 288.7840 -19.9382
v -444.4588 271.4868 -10.5274
v -444.4588 271.4868 -26.7509
v -461.7560 254.1896 -20.7717
v -461.7560 254.1896 -34.8834
v -479.0532 236.8924 -32.3358
v -479.0532 236.8924 -44.3358
v -254.1709 517.7540 -33.8074
v -254.1709 517.7540 -45.8074
v -272.9983 498.9266 -21.7653
v -272.9983 498.9266 -35.9731
v -291.8256 480.0993 -11.1030
v -291.8256 480.0993 -27.5187
v -310.6530 461.2719 -1.8207
v -310.6530 461.2719 -20.4442
v -329.4804 442.4445 6.0818
v -329.4804 442.4445 -14.7495
v -348.3077 423.6172 12.6043
v -348.3077 423.6172 -10.4348
v -367.1351 404.7898 17.7470
v -367.1351 404.7898 -7.5000
v -385.9625 385.9625 21.5098
v -385.9625 385.9625 -5.9450
v -404.7898 367.1351 17.7470
v -404.7898 367.1351 -7.5000
v -423.6172 348.3077 12.6043
v -423.6172 348.3077 -10.4348
v -442.4445 329.4804 6.0818
v -442.4445 329.4804 -14.7495
v -461.2719 310.6530 -1.8207
v -461.2719 310.6530 -20.4442
v -480.0993 291.8256 -11.1030
v -480.0993 291.8256 -27.5187
v -498.9266 272.9983 -21.7653
v -498.9266 272.9983 -35.9731
v -517.7540 254.1709 -33.8074
v -517.7540 254.1709 -45.8074
v -288.9613 538.9429 -34.7006
v -288.9613 538.9429 -46.7006
v -306.8172 521.0870 -22.3689
v -306.8172 521.0870 -36.6351
v -324.6730 503.2312 -11.4537
v -324.6730 503.2312 -27.9860
v -342.5288 485.3754 -1.9547
v -342.5288 485.3754 -20.7532
v -360.3846 467.5196 6.1278
v -360.3846 467.5196 -14.9368
v -378.2404 449.6637 12.7941
v -378.2404 449.6637 -10.5367
v -396.0963 431.8079 18.0439
v -396.0963 431.8079 -7.5530
v -413.9521 413.9521 21.8775
v -413.9521 413.9521 -5.9856
v -431.8079 396.0963 18.0439
v -431.8079 396.0963 -7.5530
v -449.6637 378.2404 12.7941
v -449.6637 378.2404 -10.5367
v -467.5196 360.3846 6.1278
v -467.5196 360.3846 -14.9368
v -485.3754 342.5288 -1.9547
v -485.3754 342.5288 -20.7532
v -503.2312 324.6730 -11.4537
v -503.2312 324.6730 -27.9860
v -521.0870 306.8172 -22.3689
v -521.0870 306.8172 -36.6351
v -538.9429 288.9613 -34.7006
v -538.9429 288.9613 -46.7006
v -325.9699 557.9136 -35.0000
v -325.9699 557.9136 -47.0000
v -342.5373 541.3462 -22.5714
v -342.5373 541.3462 -36.8571
v -359.1047 524.7788 -11.5714
v -359.1047 524.7788 -28.1429
v -375.6721 508.2114 -2.0000
v -375.6721 508.2114 -20.8571
v -392.2395 491.6440 6.1429
v -392.2395 491.6440 -15.0000
v -408.8069 475.0766 12.8571
v -408.8069 475.0766 -10.5714
v -425.3743 458.5092 18.1429
v -425.3743 458.5092 -7.5714
v -441.9417 441.9417 22.0000
v -441.9417 441.9417 -6.0000
v -458.5092 425.3743 18.1429
v -458.5092 425.3743 -7.5714
v -475.0766 408.8069 12.8571
v -475.0766 408.8069 -10.5714
v -491.6440 392.2395 6.1429
v -491.6440 392.2395 -15.0000
v -508.2114 375.6721 -2.0000
v -508.2114 375.6721 -20.8571
v -524.7788 359.1047 -11.5714
v -524.7788 359.1047 -28.1429
v -541.3462 342.5373 -22.5714
v -541.3462 342.5373 -36.8571
v -557.9136 325.9699 -35.0000
v -557.9136 325.9699 -47.0000
v -363.7302 576.1326 -34.7006
v -363.7302 576.1326 -46.7006
v -378.9018 560.9610 -22.3689
v -378.9018 560.9610 -36.6351
v -394.0734 545.7894 -11.4537
v -394.0734 545.7894 -27.9860
v -409.2450 530.6178 -1.9547
v -409.2450 530.6178 -20.7532
v -424.4166 515.4462 6.1278
v -424.4166 515.4462 -14.9368
v -439.5882 500.2746 12.7941
v -439.5882 500.2746 -10.5367
v -454.7598 485.1030 18.0439
v -454.7598 485.1030 -7.5530
v -469.9314 469.9314 21.8775
v -469.9314 469.9314 -5.9856
v -485.1030 454.7598 18.0439
v -485.1030 454.7598 -7.5530
v -500.2746 439.5882 12.7941
v -500.2746 439.5882 -10.5367
v -515.4462 424.4166 6.1278
v -515.4462 424.4166 -14.9368
v -530.6178 409.2450 -1.9547
v -530.6178 409.2450 -20.7532
v -545.7894 394.0734 -11.4537
v -545.7894 394.0734 -27.9860
v -560.9610 378.9018 -22.3689
v -560.9610 378.9018 -36.6351
v -576.1326 363.7302 -34.7006
v -576.1326 363.7302 -46.7006
v -402.0253 593.8168 -33.8074
v -402.0253 593.8168 -45.8074
v -415.7247 580.1174 -21.7653
v -415.7247 580.1174 -35.9731
v -429.4241 566.4180 -11.1030
v -429.4241 566.4180 -27.5187
v -443.1235 552.7186 -1.8207
v -443.1235 552.7186 -20.4442
v -456.8228 539.0192 6.0818
v -456.8228 539.0192 -14.7495
v -470.5222 525.3198 12.6043
v -470.5222 525.3198 -10.4348
v -484.2216 511.6204 17.7470
v -484.2216 511.6204 -7.5000
v -497.9210 497.9210 21.5098
v -497.9210 497.9210 -5.9450
v -511.6204 484.2216 17.7470
v -511.6204 484.2216 -7.5000
v -525.3198 470.5222 12.6043
v -525.3198 470.5222 -10.4348
v -539.0192 456.8228 6.0818
v -539.0192 456.8228 -14.7495
v -552.7186 443.1235 -1.8207
v -552.7186 443.1235 -20.4442
v -566.4180 429.4241 -11.1030
v -566.4180 429.4241 -27.5187
v -580.1174 415.7247 -21.7653
v -580.1174 415.7247 -35.9731
v -593.8168 402.0253 -33.8074
v -593.8168 402.0253 -45.8074
v -440.6645 611.1568 -32.3358
v -440.6645 611.1568 -44.3358
v -452.8425 598.9788 -20.7717
v -452.8425 598.9788 -34.8834
v -465.0206 586.8008 -10.5274
v -465.0206 586.8008 -26.7509
v -477.1986 574.6228 -1.6030
v -477.1986 574.6228 -19.9382
v -489.3766 562.4447 6.0016
v -489.3766 562.4447 -14.4453
v -501.5546 550.2667 12.2864
v -501.5546 550.2667 -10.2722
v -513.7326 538.0887 17.2513
v -513.7326 538.0887 -7.4190
v -525.9107 525.9107 20.8965
v -525.9107 525.9107 -5.8856
v -538.0887 513.7326 17.2513
v -538.0887 513.7326 -7.4190
v -550.2667 501.5546 12.2864
v -550.2667 501.5546 -10.2722
v -562.4447 489.3766 6.0016
v -562.4447 489.3766 -14.4453
v -574.6228 477.1986 -1.6030
v -574.6228 477.1986 -19.9382
v -586.8008 465.0206 -10.5274
v -586.8008 465.0206 -26.7509
v -598.9788 452.8425 -20.7717
v -598.9788 452.8425 -34.8834
v -611.1568 440.6645 -32.3358
v -611.1568 440.6645 -44.3358
v -479.4784 628.3222 -30.3109
v -479.4784 628.3222 -42.3109
v -490.1101 617.6905 -19.4069
v -490.1101 617.6905 -33.3864
v -500.7418 607.0588 -9.7401
v -500.7418 607.0588 -25.6991
v -511.3735 596.4271 -1.3104
v -511.3735 596.4271 -19.2489
v -522.0052 585.7954 5.8820
v -522.0052 585.7954 -14.0359
v -532.6369 575.1637 11.8373
v -532.6369 575.1637 -10.0601
v -543.2686 564.5320 16.5554
v -543.2686 564.5320 -7.3215
v -553.9003 553.9003 20.0363
v -553.9003 553.9003 -5.8201
v -564.5320 543.2686 16.5554
v -564.5320 543.2686 -7.3215
v -575.1637 532.6369 11.8373
v -575.1637 532.6369 -10.0601
v -585.7954 522.0052 5.8820
v -585.7954 522.0052 -14.0359
v -596.4271 511.3735 -1.3104
v -596.4271 511.3735 -19.2489
v -607.0588 500.7418 -9.7401
v -607.0588 500.7418 -25.6991
v -617.6905 490.1101 -19.4069
v -617.6905 490.1101 -33.3864
v -628.3222 479.4784 -30.3109
v -628.3222 479.4784 -42.3109
v -518.3141 645.4658 -27.7043
v -518.3141 645.4658 -39.7043
v -527.3964 636.3835 -17.6565
v -527.3964 636.3835 -31.4699
v -536.4786 627.3013 -8.7395
v -536.4786 627.3013 -24.3662
v -545.5609 618.2190 -0.9533
v -545.5609 618.2190 -18.3934
v -554.6432 609.1367 5.7022
v -554.6432 609.1367 -13.5513
v -563.7254 600.0545 11.2268
v -563.7254 600.0545 -9.8401
v -572.8077 590.9722 15.6207
v -572.8077 590.9722 -7.2596
v -581.8900 581.8900 18.8837
v -581.8900 581.8900 -5.8099
v -590.9722 572.8077 15.6207
v -590.9722 572.8077 -7.2596
v -600.0545 563.7254 11.2268
v -600.0545 563.7254 -9.8401
v -609.1367 554.6432 5.7022
v -609.1367 554.6432 -13.5513
v -618.2190 545.5609 -0.9533
v -618.2190 545.5609 -18.3934
v -627.3013 536.4786 -8.7395
v -627.3013 536.4786 -24.3662
v -636.3835 527.3964 -17.6565
v -636.3835 527.3964 -31.4699
v -645.4658 518.3141 -27.7043
v -645.4658 518.3141 -39.7043
v -557.0311 662.7281 -22.9155
v -557.0311 662.7281 -34.9155
v -564.5809 655.1783 -14.5128
v -564.5809 655.1783 -28.1290
v -572.1307 647.6285 -7.0454
v -572.1307 647.6285 -22.2779
v -579.6805 640.0787 -0.5133
v -579.6805 640.0787 -17.3621
v -587.2303 632.5289 5.0834
v -587.2303 632.5289 -13.3816
v -594.7800 624.9792 9.7448
v -594.7800 624.9792 -10.3364
v -602.3298 617.4294 13.4709
v -602.3298 617.4294 -8.2266
v -609.8796 609.8796 16.2616
v -609.8796 609.8796 -7.0521
v -617.4294 602.3298 13.4709
v -617.4294 602.3298 -8.2266
v -624.9792 594.7800 9.7448
v -624.9792 594.7800 -10.3364
v -632.5289 587.2303 5.0834
v -632.5289 587.2303 -13.3816
v -640.0787 579.6805 -0.5133
v -640.0787 579.6805 -17.3621
v -647.6285 572.1307 -7.0454
v -647.6285 572.1307 -22.2779
v -655.1783 564.5809 -14.5128
v -655.1783 564.5809 -28.1290
v -662.7281 557.0311 -22.9155
v -662.7281 557.0311 -34.9155
v -595.4964 680.2421 -16.5545
v -595.4964 680.2421 -28.5545
v -601.5496 674.1889 -10.3939
v -601.5496 674.1889 -23.7854
v -607.6029 668.1356 -4.9091
v -607.6029 668.1356 -19.6920
v -613.6562 662.0823 -0.0999
v -613.6562 662.0823 -16.2743
v -619.7094 656.0291 4.0336
v -619.7094 656.0291 -13.5323
v -625.7627 649.9758 7.4913
v -625.7627 649.9758 -11.4659
v -631.8160 643.9225 10.2734
v -631.8160 643.9225 -10.0753
v -637.8692 637.8692 12.3798
v -637.8692 637.8692 -9.3604
v -643.9225 631.8160 10.2734
v -643.9225 631.8160 -10.0753
v -649.9758 625.7627 7.4913
v -649.9758 625.7627 -11.4659
v -656.0291 619.7094 4.0336
v -656.0291 619.7094 -13.5323
v -662.0823 613.6562 -0.0999
v -662.0823 613.6562 -16.2743
v -668.1356 607.6029 -4.9091
v -668.1356 607.6029 -19.6920
v -674.1889 601.5496 -10.3939
v -674.1889 601.5496 -23.7854
v -680.2421 595.4964 -16.5545
v -680.2421 595.4964 -28.5545
v -633.5775 698.1402 -10.2023
v -633.5775 698.1402 -22.2023
v -638.1892 693.5286 -6.3279
v -638.1892 693.5286 -19.4708
v -642.8008 688.9170 -2.8700
v -642.8008 688.9170 -17.1557
v -647.4124 684.3054 0.1716
v -647.4124 684.3054 -15.2570
v -652.0240 679.6938 2.7967
v -652.0240 679.6938 -13.7747
v -656.6356 675.0821 5.0055
v -656.6356 675.0821 -12.7088
v -661.2473 670.4705 6.7978
v -661.2473 670.4705 -12.0594
v -665.8589 665.8589 8.1736
v -665.8589 665.8589 -11.8264
v -670.4705 661.2473 6.7978
v -670.4705 661.2473 -12.0594
v -675.0821 656.6356 5.0055
v -675.0821 656.6356 -12.7088
v -679.6938 652.0240 2.7967
v -679.6938 652.0240 -13.7747
v -684.3054 647.4124 0.1716
v -684.3054 647.4124 -15.2570
v -688.9170 642.8008 -2.8700
v -688.9170 642.8008 -17.1557
v -693.5286 638.1892 -6.3279
v -693.5286 638.1892 -19.4708
v -698.1402 633.5775 -10.2023
v -698.1402 633.5775 -22.2023
v -671.1323 716.5648 -5.0382
v -671.1323 716.5648 -17.0382
v -674.3775 713.3196 -3.0684
v -674.3775 713.3196 -15.9431
v -677.6227 710.0744 -1.3041
v -677.6227 710.0744 -15.0535
v -680.8678 706.8292 0.2545
v -680.8678 706.8292 -14.3697
v -684.1130 703.5841 1.6074
v -684.1130 703.5841 -13.8914
v -687.3582 700.3389 2.7547
v -687.3582 700.3389 -13.6188
v -690.6034 697.0937 3.6964
v -690.6034 697.0937 -13.5519
v -693.8485 693.8485 4.4324
v -693.8485 693.8485 -13.6905
v -697.0937 690.6034 3.6964
v -697.0937 690.6034 -13.5519
v -700.3389 687.3582 2.7547
v -700.3389 687.3582 -13.6188
v -703.5841 684.1130 1.6074
v -703.5841 684.1130 -13.8914
v -706.8292 680.8678 0.2545
v -706.8292 680.8678 -14.3697
v -710.0744 677.6227 -1.3041
v -710.0744 677.6227 -15.0535
v -713.3196 674.3775 -3.0684
v -713.3196 674.3775 -15.9431
v -716.5648 671.1323 -5.0382
v -716.5648 671.1323 -17.0382
v -707.9848 735.6915 -1.7086
v -707.9848 735.6915 -13.7086
v -709.9639 733.7125 -1.0091
v -709.9639 733.7125 -13.6006
v -711.9429 731.7334 -0.3793
v -711.9429 731.7334 -13.5624
v -713.9220 729.7544 0.1808
v -713.9220 729.7544 -13.5940
v -715.9010 727.7753 0.6711
v -715.9010 727.7753 -13.6952
v -717.8801 725.7963 1.0917
v -717.8801 725.7963 -13.8662
v -719.8591 723.8172 1.4425
v -719.8591 723.8172 -14.1070
v -721.8382 721.8382 1.7236
v -721.8382 721.8382 -14.4175
v -723.8172 719.8591 1.4425
v -723.8172 719.8591 -14.1070
v -725.7963 717.8801 1.0917
v -725.7963 717.8801 -13.8662
v -727.7753 715.9010 0.6711
v -727.7753 715.9010 -13.6952
v -729.7544 713.9220 0.1808
v -729.7544 713.9220 -13.5940
v -731.7334 711.9429 -0.3793
v -731.7334 711.9429 -13.5624
v -733.7125 709.9639 -1.0091
v -733.7125 709.9639 -13.6006
v -735.6915 707.9848 -1.7086
v -735.6915 707.9848 -13.7086
v -743.8558 755.7998 -0.2399
v -743.8558 755.7998 -12.2399
v -744.7090 754.9467 -0.1323
v -744.7090 754.9467 -12.4307
v -745.5621 754.0935 -0.0345
v -745.5621 754.0935 -12.6312
v -746.4153 753.2404 0.0535
v -746.4153 753.2404 -12.8416
v -747.2684 752.3872 0.1317
v -747.2684 752.3872 -13.0617
v -748.1215 751.5341 0.2001
v -748.1215 751.5341 -13.2916
v -748.9747 750.6810 0.2587
v -748.9747 750.6810 -13.5314
v -749.8278 749.8278 0.3075
v -749.8278 749.8278 -13.7809
v -750.6810 748.9747 0.2587
v -750.6810 748.9747 -13.5314
v -751.5341 748.1215 0.2001
v -751.5341 748.1215 -13.2916
v -752.3872 747.2684 0.1317
v -752.3872 747.2684 -13.0617
v -753.2404 746.4153 0.0535
v -753.2404 746.4153 -12.8416
v -754.0935 745.5621 -0.0345
v -754.0935 745.5621 -12.6312
v -754.9467 744.7090 -0.1323
v -754.9467 744.7090 -12.4307
v -755.7998 743.8558 -0.2399
v -755.7998 743.8558 -12.2399
v -777.8175 777.8175 -0.0000
v -777.8175 777.8175 -12.0000
v -777.8175 777.8175 0.0000
v -777.8175 777.8175 -12.0000
v -777.8175 777.8175 0.0000
v -777.8175 777.8175 -12.0000
v -777.8175 777.8175 0.0000
v -777.8175 777.8175 -12.0000
v -777.8175 777.8175 0.0000
v -777.8175 777.8175 -12.0000
v -777.8175 777.8175 0.0000
v -777.8175 777.8175 -12.0000
v -777.8175 777.8175 0.0000
v -777.8175 777.8175 -12.0000
v -777.8175 777.8175 0.0000
v -777.8175 777.8175 -12.0000
v -777.8175 777.8175 0.0000
v -777.8175 777.8175 -12.0000
v -777.8175 777.8175 0.0000
v -777.8175 777.8175 -12.0000
v -777.8175 777.8175 0.0000
v -777.8175 777.8175 -12.0000
v -777.8175 777.8175 0.0000
v -777.8175 777.8175 -12.0000
v -777.8175 777.8175 0.0000
v -777.8175 777.8175 -12.0000
v -777.8175 777.8175 0.0000
v -777.8175 777.8175 -12.0000
v -777.8175 777.8175 -0.0000
v -777.8175 777.8175 -12.0000
v -150.0000 0.0000 0.0000
v -150.0000 0.0000 -12.0000
v -150.0000 0.0000 0.0000
v -150.0000 0.0000 -12.0000
v -150.0000 0.0000 0.0000
v -150.0000 0.0000 -12.0000
v -150.0000 0.0000 0.0000
v -150.0000 0.0000 -12.0000
v -150.0000 0.0000 0.0000
v -150.0000 0.0000 -12.0000
v -150.0000 0.0000 0.0000
v -150.0000 0.0000 -12.0000
v -150.0000 0.0000 0.0000
v -150.0000 0.0000 -12.0000
v -150.0000 0.0000 0.0000
v -150.0000 0.0000 -12.0000
v -150.0000 0.0000 0.0000
v -150.0000 0.0000 -12.0000
v -150.0000 0.0000 0.0000
v -150.0000 0.0000 -12.0000
v -150.0000 0.0000 0.0000
v -150.0000 0.0000 -12.0000
v -150.0000 0.0000 0.0000
v -150.0000 0.0000 -12.0000
v -150.0000 0.0000 0.0000
v -150.0000 0.0000 -12.0000
v -150.0000 0.0000 0.0000
v -150.0000 0.0000 -12.0000
v -150.0000 0.0000 0.0000
v -150.0000 0.0000 -12.0000
v -189.5833 50.0504 -4.5684
v -189.5833 50.0504 -16.5684
v -189.5833 42.9003 -2.5198
v -189.5833 42.9003 -14.8181
v -189.5833 35.7503 -0.6576
v -189.5833 35.7503 -13.2543
v -189.5833 28.6002 1.0181
v -189.5833 28.6002 -11.8769
v -189.5833 21.4502 2.5074
v -189.5833 21.4502 -10.6860
v -189.5833 14.3001 3.8102
v -189.5833 14.3001 -9.6816
v -189.5833 7.1501 4.9265
v -189.5833 7.1501 -8.8636
v -189.5833 0.0000 5.8563
v -189.5833 0.0000 -8.2321
v -189.5833 -7.1501 4.9265
v -189.5833 -7.1501 -8.8636
v -189.5833 -14.3001 3.8102
v -189.5833 -14.3001 -9.6816
v -189.5833 -21.4502 2.5074
v -189.5833 -21.4502 -10.6860
v -189.5833 -28.6002 1.0181
v -189.5833 -28.6002 -11.8769
v -189.5833 -35.7503 -0.6576
v -189.5833 -35.7503 -13.2543
v -189.5833 -42.9003 -2.5198
v -189.5833 -42.9003 -14.8181
v -189.5833 -50.0504 -4.5684
v -189.5833 -50.0504 -16.5684
v -229.1667 65.1983 -9.0587
v -229.1667 65.1983 -21.0587
v -229.1667 55.8842 -5.3499
v -229.1667 55.8842 -17.9414
v -229.1667 46.5702 -2.0108
v -229.1667 46.5702 -15.1940
v -229.1667 37.2562 0.9585
v -229.1667 37.2562 -12.8162
v -229.1667 27.9421 3.5581
v -229.1667 27.9421 -10.8082
v -229.1667 18.6281 5.7879
v -229.1667 18.6281 -9.1700
v -229.1667 9.3140 7.6480
v -229.1667 9.3140 -7.9015
v -229.1667 0.0000 9.1384
v -229.1667 0.0000 -7.0027
v -229.1667 -9.3140 7.6480
v -229.1667 -9.3140 -7.9015
v -229.1667 -18.6281 5.7879
v -229.1667 -18.6281 -9.1700
v -229.1667 -27.9421 3.5581
v -229.1667 -27.9421 -10.8082
v -229.1667 -37.2562 0.9585
v -229.1667 -37.2562 -12.8162
v -229.1667 -46.5702 -2.0108
v -229.1667 -46.5702 -15.1940
v -229.1667 -55.8842 -5.3499
v -229.1667 -55.8842 -17.9414
v -229.1667 -65.1983 -9.0587
v -229.1667 -65.1983 -21.0587
v -268.7500 80.3462 -13.3939
v -268.7500 80.3462 -25.3939
v -268.7500 68.8681 -8.1571
v -268.7500 68.8681 -21.0318
v -268.7500 57.3901 -3.4670
v -268.7500 57.3901 -17.2164
v -268.7500 45.9121 0.6765
v -268.7500 45.9121 -13.9476
v -268.7500 34.4341 4.2732
v -268.7500 34.4341 -11.2256
v -268.7500 22.9560 7.3233
v -268.7500 22.9560 -9.0502
v -268.7500 11.4780 9.8267
v -268.7500 11.4780 -7.4216
v -268.7500 0.0000 11.7833
v -268.7500 0.0000 -6.3396
v -268.7500 -11.4780 9.8267
v -268.7500 -11.4780 -7.4216
v -268.7500 -22.9560 7.3233
v -268.7500 -22.9560 -9.0502
v -268.7500 -34.4341 4.2732
v -268.7500 -34.4341 -11.2256
v -268.7500 -45.9121 0.6765
v -268.7500 -45.9121 -13.9476
v -268.7500 -57.3901 -3.4670
v -268.7500 -57.3901 -17.2164
v -268.7500 -68.8681 -8.1571
v -268.7500 -68.8681 -21.0318
v -268.7500 -80.3462 -13.3939
v -268.7500 -80.3462 -25.3939
v -308.3333 95.4941 -17.5000
v -308.3333 95.4941 -29.5000
v -308.3333 81.8520 -10.8543
v -308.3333 81.8520 -23.9971
v -308.3333 68.2100 -4.9228
v -308.3333 68.2100 -19.2085
v -308.3333 54.5680 0.2944
v -308.3333 54.5680 -15.1342
v -308.3333 40.9260 4.7972
v -308.3333 40.9260 -11.7742
v -308.3333 27.2840 8.5858
v -308.3333 27.2840 -9.1285
v -308.3333 13.6420 11.6601
v -308.3333 13.6420 -7.1970
v -308.3333 0.0000 14.0202
v -308.3333 0.0000 -5.9798
v -308.3333 -13.6420 11.6601
v -308.3333 -13.6420 -7.1970
v -308.3333 -27.2840 8.5858
v -308.3333 -27.2840 -9.1285
v -308.3333 -40.9260 4.7972
v -308.3333 -40.9260 -11.7742
v -308.3333 -54.5680 0.2944
v -308.3333 -54.5680 -15.1342
v -308.3333 -68.2100 -4.9228
v -308.3333 -68.2100 -19.2085
v -308.3333 -81.8520 -10.8543
v -308.3333 -81.8520 -23.9971
v -308.3333 -95.4941 -17.5000
v -308.3333 -95.4941 -29.5000
v -347.9167 110.6419 -21.3067
v -347.9167 110.6419 -33.3067
v -347.9167 94.8360 -13.3776
v -347.9167 94.8360 -26.7691
v -347.9167 79.0300 -6.3183
v -347.9167 79.0300 -21.1012
v -347.9167 63.2240 -0.1286
v -347.9167 63.2240 -16.3030
v -347.9167 47.4180 5.1914
v -347.9167 47.4180 -12.3744
v -347.9167 31.6120 9.6418
v -347.9167 31.6120 -9.3155
v -347.9167 15.8060 13.2225
v -347.9167 15.8060 -7.1262
v -347.9167 0.0000 15.9336
v -347.9167 0.0000 -5.8066
v -347.9167 -15.8060 13.2225
v -347.9167 -15.8060 -7.1262
v -347.9167 -31.6120 9.6418
v -347.9167 -31.6120 -9.3155
v -347.9167 -47.4180 5.1914
v -347.9167 -47.4180 -12.3744
v -347.9167 -63.2240 -0.1286
v -347.9167 -63.2240 -16.3030
v -347.9167 -79.0300 -6.3183
v -347.9167 -79.0300 -21.1012
v -347.9167 -94.8360 -13.3776
v -347.9167 -94.8360 -26.7691
v -347.9167 -110.6419 -21.3067
v -347.9167 -110.6419 -33.3067
v -387.5000 125.7898 -24.7487
v -387.5000 125.7898 -36.7487
v -387.5000 107.8199 -15.6738
v -387.5000 107.8199 -29.2901
v -387.5000 89.8499 -7.6090
v -387.5000 89.8499 -22.8415
v -387.5000 71.8799 -0.5544
v -387.5000 71.8799 -17.4031
v -387.5000 53.9099 5.4901
v -387.5000 53.9099 -12.9749
v -387.5000 35.9400 10.5244
v -387.5000 35.9400 -9.5568
v -387.5000 17.9700 14.5486
v -387.5000 17.9700 -7.1489
v -387.5000 0.0000 17.5626
v -387.5000 0.0000 -5.7511
v -387.5000 -17.9700 14.5486
v -387.5000 -17.9700 -7.1489
v -387.5000 -35.9400 10.5244
v -387.5000 -35.9400 -9.5568
v -387.5000 -53.9099 5.4901
v -387.5000 -53.9099 -12.9749
v -387.5000 -71.8799 -0.5544
v -387.5000 -71.8799 -17.4031
v -387.5000 -89.8499 -7.6090
v -387.5000 -89.8499 -22.8415
v -387.5000 -107.8199 -15.6738
v -387.5000 -107.8199 -29.2901
v -387.5000 -125.7898 -24.7487
v -387.5000 -125.7898 -36.7487
v -427.0833 140.9377 -27.7674
v -427.0833 140.9377 -39.7674
v -427.0833 120.8038 -17.6967
v -427.0833 120.8038 -31.5101
v -427.0833 100.6698 -8.7594
v -427.0833 100.6698 -24.3861
v -427.0833 80.5358 -0.9554
v -427.0833 80.5358 -18.3956
v -427.0833 60.4019 5.7152
v -427.0833 60.4019 -13.5384
v -427.0833 40.2679 11.2524
v -427.0833 40.2679 -9.8145
v -427.0833 20.1340 15.6562
v -427.0833 20.1340 -7.2240
v -427.0833 0.0000 18.9267
v -427.0833 0.0000 -5.7669
v -427.0833 -20.1340 15.6562
v -427.0833 -20.1340 -7.2240
v -427.0833 -40.2679 11.2524
v -427.0833 -40.2679 -9.8145
v -427.0833 -60.4019 5.7152
v -427.0833 -60.4019 -13.5384
v -427.0833 -80.5358 -0.9554
v -427.0833 -80.5358 -18.3956
v -427.0833 -100.6698 -8.7594
v -427.0833 -100.6698 -24.3861
v -427.0833 -120.8038 -17.6967
v -427.0833 -120.8038 -31.5101
v -427.0833 -140.9377 -27.7674
v -427.0833 -140.9377 -39.7674
v -466.6667 156.0856 -30.3109
v -466.6667 156.0856 -42.3109
v -466.6667 133.7877 -19.4069
v -466.6667 133.7877 -33.3864
v -466.6667 111.4897 -9.7401
v -466.6667 111.4897 -25.6991
v -466.6667 89.1918 -1.3104
v -466.6667 89.1918 -19.2489
v -466.6667 66.8938 5.8820
v -466.6667 66.8938 -14.0359
v -466.6667 44.5959 11.8373
v -466.6667 44.5959 -10.0601
v -466.6667 22.2979 16.5554
v -466.6667 22.2979 -7.3215
v -466.6667 0.0000 20.0363
v -466.6667 0.0000 -5.8201
v -466.6667 -22.2979 16.5554
v -466.6667 -22.2979 -7.3215
v -466.6667 -44.5959 11.8373
v -466.6667 -44.5959 -10.0601
v -466.6667 -66.8938 5.8820
v -466.6667 -66.8938 -14.0359
v -466.6667 -89.1918 -1.3104
v -466.6667 -89.1918 -19.2489
v -466.6667 -111.4897 -9.7401
v -466.6667 -111.4897 -25.6991
v -466.6667 -133.7877 -19.4069
v -466.6667 -133.7877 -33.3864
v -466.6667 -156.0856 -30.3109
v -466.6667 -156.0856 -42.3109
v -506.2500 171.2335 -32.3358
v -506.2500 171.2335 -44.3358
v -506.2500 146.7716 -20.7717
v -506.2500 146.7716 -34.8834
v -506.2500 122.3096 -10.5274
v -506.2500 122.3096 -26.7509
v -506.2500 97.8477 -1.6030
v -506.2500 97.8477 -19.9382
v -506.2500 73.3858 6.0016
v -506.2500 73.3858 -14.4453
v -506.2500 48.9239 12.2864
v -506.2500 48.9239 -10.2722
v -506.2500 24.4619 17.2513
v -506.2500 24.4619 -7.4190
v -506.2500 0.0000 20.8965
v -506.2500 0.0000 -5.8856
v -506.2500 -24.4619 17.2513
v -506.2500 -24.4619 -7.4190
v -506.2500 -48.9239 12.2864
v -506.2500 -48.9239 -10.2722
v -506.2500 -73.3858 6.0016
v -506.2500 -73.3858 -14.4453
v -506.2500 -97.8477 -1.6030
v -506.2500 -97.8477 -19.9382
v -506.2500 -122.3096 -10.5274
v -506.2500 -122.3096 -26.7509
v -506.2500 -146.7716 -20.7717
v -506.2500 -146.7716 -34.8834
v -506.2500 -171.2335 -32.3358
v -506.2500 -171.2335 -44.3358
v -545.8333 186.3814 -33.8074
v -545.8333 186.3814 -45.8074
v -545.8333 159.7555 -21.7653
v -545.8333 159.7555 -35.9731
v -545.8333 133.1296 -11.1030
v -545.8333 133.1296 -27.5187
v -545.8333 106.5036 -1.8207
v -545.8333 106.5036 -20.4442
v -545.8333 79.8777 6.0818
v -545.8333 79.8777 -14.7495
v -545.8333 53.2518 12.6043
v -545.8333 53.2518 -10.4348
v -545.8333 26.6259 17.7470
v -545.8333 26.6259 -7.5000
v -545.8333 0.0000 21.5098
v -545.8333 0.0000 -5.9450
v -545.8333 -26.6259 17.7470
v -545.8333 -26.6259 -7.5000
v -545.8333 -53.2518 12.6043
v -545.8333 -53.2518 -10.4348
v -545.8333 -79.8777 6.0818
v -545.8333 -79.8777 -14.7495
v -545.8333 -106.5036 -1.8207
v -545.8333 -106.5036 -20.4442
v -545.8333 -133.1296 -11.1030
v -545.8333 -133.1296 -27.5187
v -545.8333 -159.7555 -21.7653
v -545.8333 -159.7555 -35.9731
v -545.8333 -186.3814 -33.8074
v -545.8333 -186.3814 -45.8074
v -585.4167 176.7636 -34.7006
v -585.4167 176.7636 -46.7006
v -585.4167 151.5117 -22.3689
v -585.4167 151.5117 -36.6351
v -585.4167 126.2597 -11.4537
v -585.4167 126.2597 -27.9860
v -585.4167 101.0078 -1.9547
v -585.4167 101.0078 -20.7532
v -585.4167 75.7558 6.1278
v -585.4167 75.7558 -14.9368
v -585.4167 50.5039 12.7941
v -585.4167 50.5039 -10.5367
v -585.4167 25.2519 18.0439
v -585.4167 25.2519 -7.5530
v -585.4167 0.0000 21.8775
v -585.4167 0.0000 -5.9856
v -585.4167 -25.2519 18.0439
v -585.4167 -25.2519 -7.5530
v -585.4167 -50.5039 12.7941
v -585.4167 -50.5039 -10.5367
v -585.4167 -75.7558 6.1278
v -585.4167 -75.7558 -14.9368
v -585.4167 -101.0078 -1.9547
v -585.4167 -101.0078 -20.7532
v -585.4167 -126.2597 -11.4537
v -585.4167 -126.2597 -27.9860
v -585.4167 -151.5117 -22.3689
v -585.4167 -151.5117 -36.6351
v -585.4167 -176.7636 -34.7006
v -585.4167 -176.7636 -46.7006
v -625.0000 164.0090 -35.0000
v -625.0000 164.0090 -47.0000
v -625.0000 140.5792 -22.5714
v -625.0000 140.5792 -36.8571
v -625.0000 117.1493 -11.5714
v -625.0000 117.1493 -28.1429
v -625.0000 93.7194 -2.0000
v -625.0000 93.7194 -20.8571
v -625.0000 70.2896 6.1429
v -625.0000 70.2896 -15.0000
v -625.0000 46.8597 12.8571
v -625.0000 46.8597 -10.5714
v -625.0000 23.4299 18.1429
v -625.0000 23.4299 -7.5714
v -625.0000 0.0000 22.0000
v -625.0000 0.0000 -6.0000
v -625.0000 -23.4299 18.1429
v -625.0000 -23.4299 -7.5714
v -625.0000 -46.8597 12.8571
v -625.0000 -46.8597 -10.5714
v -625.0000 -70.2896 6.1429
v -625.0000 -70.2896 -15.0000
v -625.0000 -93.7194 -2.0000
v -625.0000 -93.7194 -20.8571
v -625.0000 -117.1493 -11.5714
v -625.0000 -117.1493 -28.1429
v -625.0000 -140.5792 -22.5714
v -625.0000 -140.5792 -36.8571
v -625.0000 -164.0090 -35.0000
v -625.0000 -164.0090 -47.0000
v -664.5833 150.1912 -34.7006
v -664.5833 150.1912 -46.7006
v -664.5833 128.7353 -22.3689
v -664.5833 128.7353 -36.6351
v -664.5833 107.2794 -11.4537
v -664.5833 107.2794 -27.9860
v -664.5833 85.8235 -1.9547
v -664.5833 85.8235 -20.7532
v -664.5833 64.3677 6.1278
v -664.5833 64.3677 -14.9368
v -664.5833 42.9118 12.7941
v -664.5833 42.9118 -10.5367
v -664.5833 21.4559 18.0439
v -664.5833 21.4559 -7.5530
v -664.5833 0.0000 21.8775
v -664.5833 0.0000 -5.9856
v -664.5833 -21.4559 18.0439
v -664.5833 -21.4559 -7.5530
v -664.5833 -42.9118 12.7941
v -664.5833 -42.9118 -10.5367
v -664.5833 -64.3677 6.1278
v -664.5833 -64.3677 -14.9368
v -664.5833 -85.8235 -1.9547
v -664.5833 -85.8235 -20.7532
v -664.5833 -107.2794 -11.4537
v -664.5833 -107.2794 -27.9860
v -664.5833 -128.7353 -22.3689
v -664.5833 -128.7353 -36.6351
v -664.5833 -150.1912 -34.7006
v -664.5833 -150.1912 -46.7006
v -704.1667 135.6171 -33.8074
v -704.1667 135.6171 -45.8074
v -704.1667 116.2432 -21.7653
v -704.1667 116.2432 -35.9731
v -704.1667 96.8693 -11.1030
v -704.1667 96.8693 -27.5187
v -704.1667 77.4955 -1.8207
v -704.1667 77.4955 -20.4442
v -704.1667 58.1216 6.0818
v -704.1667 58.1216 -14.7495
v -704.1667 38.7477 12.6043
v -704.1667 38.7477 -10.4348
v -704.1667 19.3739 17.7470
v -704.1667 19.3739 -7.5000
v -704.1667 0.0000 21.5098
v -704.1667 0.0000 -5.9450
v -704.1667 -19.3739 17.7470
v -704.1667 -19.3739 -7.5000
v -704.1667 -38.7477 12.6043
v -704.1667 -38.7477 -10.4348
v -704.1667 -58.1216 6.0818
v -704.1667 -58.1216 -14.7495
v -704.1667 -77.4955 -1.8207
v -704.1667 -77.4955 -20.4442
v -704.1667 -96.8693 -11.1030
v -704.1667 -96.8693 -27.5187
v -704.1667 -116.2432 -21.7653
v -704.1667 -116.2432 -35.9731
v -704.1667 -135.6171 -33.8074
v -704.1667 -135.6171 -45.8074
v -743.7500 120.5563 -32.3358
v -743.7500 120.5563 -44.3358
v -743.7500 103.3339 -20.7717
v -743.7500 103.3339 -34.8834
v -743.7500 86.1116 -10.5274
v -743.7500 86.1116 -26.7509
v -743.7500 68.8893 -1.6030
v -743.7500 68.8893 -19.9382
v -743.7500 51.6670 6.0016
v -743.7500 51.6670 -14.4453
v -743.7500 34.4446 12.2864
v -743.7500 34.4446 -10.2722
v -743.7500 17.2223 17.2513
v -743.7500 17.2223 -7.4190
v -743.7500 0.0000 20.8965
v -743.7500 0.0000 -5.8856
v -743.7500 -17.2223 17.2513
v -743.7500 -17.2223 -7.4190
v -743.7500 -34.4446 12.2864
v -743.7500 -34.4446 -10.2722
v -743.7500 -51.6670 6.0016
v -743.7500 -51.6670 -14.4453
v -743.7500 -68.8893 -1.6030
v -743.7500 -68.8893 -19.9382
v -743.7500 -86.1116 -10.5274
v -743.7500 -86.1116 -26.7509
v -743.7500 -103.3339 -20.7717
v -743.7500 -103.3339 -34.8834
v -743.7500 -120.5563 -32.3358
v -743.7500 -120.5563 -44.3358
v -783.3333 105.2485 -30.3109
v -783.3333 105.2485 -42.3109
v -783.3333 90.2130 -19.4069
v -783.3333 90.2130 -33.3864
v -783.3333 75.1775 -9.7401
v -783.3333 75.1775 -25.6991
v -783.3333 60.1420 -1.3104
v -783.3333 60.1420 -19.2489
v -783.3333 45.1065 5.8820
v -783.3333 45.1065 -14.0359
v -783.3333 30.0710 11.8373
v -783.3333 30.0710 -10.0601
v -783.3333 15.0355 16.5554
v -783.3333 15.0355 -7.3215
v -783.3333 0.0000 20.0363
v -783.3333 0.0000 -5.8201
v -783.3333 -15.0355 16.5554
v -783.3333 -15.0355 -7.3215
v -783.3333 -30.0710 11.8373
v -783.3333 -30.0710 -10.0601
v -783.3333 -45.1065 5.8820
v -783.3333 -45.1065 -14.0359
v -783.3333 -60.1420 -1.3104
v -783.3333 -60.1420 -19.2489
v -783.3333 -75.1775 -9.7401
v -783.3333 -75.1775 -25.6991
v -783.3333 -90.2130 -19.4069
v -783.3333 -90.2130 -33.3864
v -783.3333 -105.2485 -30.3109
v -783.3333 -105.2485 -42.3109
v -822.9167 89.9098 -27.7043
v -822.9167 89.9098 -39.7043
v -822.9167 77.0656 -17.6565
v -822.9167 77.0656 -31.4699
v -822.9167 64.2213 -8.7395
v -822.9167 64.2213 -24.3662
v -822.9167 51.3770 -0.9533
v -822.9167 51.3770 -18.3934
v -822.9167 38.5328 5.7022
v -822.9167 38.5328 -13.5513
v -822.9167 25.6885 11.2268
v -822.9167 25.6885 -9.8401
v -822.9167 12.8443 15.6207
v -822.9167 12.8443 -7.2596
v -822.9167 0.0000 18.8837
v -822.9167 0.0000 -5.8099
v -822.9167 -12.8443 15.6207
v -822.9167 -12.8443 -7.2596
v -822.9167 -25.6885 11.2268
v -822.9167 -25.6885 -9.8401
v -822.9167 -38.5328 5.7022
v -822.9167 -38.5328 -13.5513
v -822.9167 -51.3770 -0.9533
v -822.9167 -51.3770 -18.3934
v -822.9167 -64.2213 -8.7395
v -822.9167 -64.2213 -24.3662
v -822.9167 -77.0656 -17.6565
v -822.9167 -77.0656 -31.4699
v -822.9167 -89.9098 -27.7043
v -822.9167 -89.9098 -39.7043
v -862.5000 74.7390 -22.9155
v -862.5000 74.7390 -34.9155
v -862.5000 64.0620 -14.5128
v -862.5000 64.0620 -28.1290
v -862.5000 53.3850 -7.0454
v -862.5000 53.3850 -22.2779
v -862.5000 42.7080 -0.5133
v -862.5000 42.7080 -17.3621
v -862.5000 32.0310 5.0834
v -862.5000 32.0310 -13.3816
v -862.5000 21.3540 9.7448
v -862.5000 21.3540 -10.3364
v -862.5000 10.6770 13.4709
v -862.5000 10.6770 -8.2266
v -862.5000 0.0000 16.2616
v -862.5000 0.0000 -7.0521
v -862.5000 -10.6770 13.4709
v -862.5000 -10.6770 -8.2266
v -862.5000 -21.3540 9.7448
v -862.5000 -21.3540 -10.3364
v -862.5000 -32.0310 5.0834
v -862.5000 -32.0310 -13.3816
v -862.5000 -42.7080 -0.5133
v -862.5000 -42.7080 -17.3621
v -862.5000 -53.3850 -7.0454
v -862.5000 -53.3850 -22.2779
v -862.5000 -64.0620 -14.5128
v -862.5000 -64.0620 -28.1290
v -862.5000 -74.7390 -22.9155
v -862.5000 -74.7390 -34.9155
v -902.0833 59.9243 -16.5545
v -902.0833 59.9243 -28.5545
v -902.0833 51.3637 -10.3939
v -902.0833 51.3637 -23.7854
v -902.0833 42.8031 -4.9091
v -902.0833 42.8031 -19.6920
v -902.0833 34.2425 -0.0999
v -902.0833 34.2425 -16.2743
v -902.0833 25.6818 4.0336
v -902.0833 25.6818 -13.5323
v -902.0833 17.1212 7.4913
v -902.0833 17.1212 -11.4659
v -902.0833 8.5606 10.2734
v -902.0833 8.5606 -10.0753
v -902.0833 0.0000 12.3798
v -902.0833 0.0000 -9.3604
v -902.0833 -8.5606 10.2734
v -902.0833 -8.5606 -10.0753
v -902.0833 -17.1212 7.4913
v -902.0833 -17.1212 -11.4659
v -902.0833 -25.6818 4.0336
v -902.0833 -25.6818 -13.5323
v -902.0833 -34.2425 -0.0999
v -902.0833 -34.2425 -16.2743
v -902.0833 -42.8031 -4.9091
v -902.0833 -42.8031 -19.6920
v -902.0833 -51.3637 -10.3939
v -902.0833 -51.3637 -23.7854
v -902.0833 -59.9243 -16.5545
v -902.0833 -59.9243 -28.5545
v -941.6667 45.6527 -10.2023
v -941.6667 45.6527 -22.2023
v -941.6667 39.1309 -6.3279
v -941.6667 39.1309 -19.4708
v -941.6667 32.6091 -2.8700
v -941.6667 32.6091 -17.1557
v -941.6667 26.0873 0.1716
v -941.6667 26.0873 -15.2570
v -941.6667 19.5655 2.7967
v -941.6667 19.5655 -13.7747
v -941.6667 13.0436 5.0055
v -941.6667 13.0436 -12.7088
v -941.6667 6.5218 6.7978
v -941.6667 6.5218 -12.0594
v -941.6667 0.0000 8.1736
v -941.6667 0.0000 -11.8264
v -941.6667 -6.5218 6.7978
v -941.6667 -6.5218 -12.0594
v -941.6667 -13.0436 5.0055
v -941.6667 -13.0436 -12.7088
v -941.6667 -19.5655 2.7967
v -941.6667 -19.5655 -13.7747
v -941.6667 -26.0873 0.1716
v -941.6667 -26.0873 -15.2570
v -941.6667 -32.6091 -2.8700
v -941.6667 -32.6091 -17.1557
v -941.6667 -39.1309 -6.3279
v -941.6667 -39.1309 -19.4708
v -941.6667 -45.6527 -10.2023
v -941.6667 -45.6527 -22.2023
v -981.2500 32.1256 -5.0382
v -981.2500 32.1256 -17.0382
v -981.2500 27.5362 -3.0684
v -981.2500 27.5362 -15.9431
v -981.2500 22.9469 -1.3041
v -981.2500 22.9469 -15.0535
v -981.2500 18.3575 0.2545
v -981.2500 18.3575 -14.3697
v -981.2500 13.7681 1.6074
v -981.2500 13.7681 -13.8914
v -981.2500 9.1787 2.7547
v -981.2500 9.1787 -13.6188
v -981.2500 4.5894 3.6964
v -981.2500 4.5894 -13.5519
v -981.2500 0.0000 4.4324
v -981.2500 0.0000 -13.6905
v -981.2500 -4.5894 3.6964
v -981.2500 -4.5894 -13.5519
v -981.2500 -9.1787 2.7547
v -981.2500 -9.1787 -13.6188
v -981.2500 -13.7681 1.6074
v -981.2500 -13.7681 -13.8914
v -981.2500 -18.3575 0.2545
v -981.2500 -18.3575 -14.3697
v -981.2500 -22.9469 -1.3041
v -981.2500 -22.9469 -15.0535
v -981.2500 -27.5362 -3.0684
v -981.2500 -27.5362 -15.9431
v -981.2500 -32.1256 -5.0382
v -981.2500 -32.1256 -17.0382
v -1020.8333 19.5916 -1.7086
v -1020.8333 19.5916 -13.7086
v -1020.8333 16.7928 -1.0091
v -1020.8333 16.7928 -13.6006
v -1020.8333 13.9940 -0.3793
v -1020.8333 13.9940 -13.5624
v -1020.8333 11.1952 0.1808
v -1020.8333 11.1952 -13.5940
v -1020.8333 8.3964 0.6711
v -1020.8333 8.3964 -13.6952
v -1020.8333 5.5976 1.0917
v -1020.8333 5.5976 -13.8662
v -1020.8333 2.7988 1.4425
v -1020.8333 2.7988 -14.1070
v -1020.8333 0.0000 1.7236
v -1020.8333 0.0000 -14.4175
v -1020.8333 -2.7988 1.4425
v -1020.8333 -2.7988 -14.1070
v -1020.8333 -5.5976 1.0917
v -1020.8333 -5.5976 -13.8662
v -1020.8333 -8.3964 0.6711
v -1020.8333 -8.3964 -13.6952
v -1020.8333 -11.1952 0.1808
v -1020.8333 -11.1952 -13.5940
v -1020.8333 -13.9940 -0.3793
v -1020.8333 -13.9940 -13.5624
v -1020.8333 -16.7928 -1.0091
v -1020.8333 -16.7928 -13.6006
v -1020.8333 -19.5916 -1.7086
v -1020.8333 -19.5916 -13.7086
v -1060.4167 8.4457 -0.2399
v -1060.4167 8.4457 -12.2399
v -1060.4167 7.2391 -0.1323
v -1060.4167 7.2391 -12.4307
v -1060.4167 6.0326 -0.0345
v -1060.4167 6.0326 -12.6312
v -1060.4167 4.8261 0.0535
v -1060.4167 4.8261 -12.8416
v -1060.4167 3.6196 0.1317
v -1060.4167 3.6196 -13.0617
v -1060.4167 2.4130 0.2001
v -1060.4167 2.4130 -13.2916
v -1060.4167 1.2065 0.2587
v -1060.4167 1.2065 -13.5314
v -1060.4167 0.0000 0.3075
v -1060.4167 0.0000 -13.7809
v -1060.4167 -1.2065 0.2587
v -1060.4167 -1.2065 -13.5314
v -1060.4167 -2.4130 0.2001
v -1060.4167 -2.4130 -13.2916
v -1060.4167 -3.6196 0.1317
v -1060.4167 -3.6196 -13.0617
v -1060.4167 -4.8261 0.0535
v -1060.4167 -4.8261 -12.8416
v -1060.4167 -6.0326 -0.0345
v -1060.4167 -6.0326 -12.6312
v -1060.4167 -7.2391 -0.1323
v -1060.4167 -7.2391 -12.4307
v -1060.4167 -8.4457 -0.2399
v -1060.4167 -8.4457 -12.2399
v -1100.0000 0.0000 -0.0000
v -1100.0000 0.0000 -12.0000
v -1100.0000 0.0000 0.0000
v -1100.0000 0.0000 -12.0000
v -1100.0000 0.0000 0.0000
v -1100.0000 0.0000 -12.0000
v -1100.0000 0.0000 0.0000
v -1100.0000 0.0000 -12.0000
v -1100.0000 0.0000 0.0000
v -1100.0000 0.0000 -12.0000
v -1100.0000 0.0000 0.0000
v -1100.0000 0.0000 -12.0000
v -1100.0000 0.0000 0.0000
v -1100.0000 0.0000 -12.0000
v -1100.0000 0.0000 0.0000
v -1100.0000 0.0000 -12.0000
v -1100.0000 0.0000 0.0000
v -1100.0000 0.0000 -12.0000
v -1100.0000 0.0000 0.0000
v -1100.0000 0.0000 -12.0000
v -1100.0000 0.0000 0.0000
v -1100.0000 0.0000 -12.0000
v -1100.0000 0.0000 0.0000
v -1100.0000 0.0000 -12.0000
v -1100.0000 0.0000 0.0000
v -1100.0000 0.0000 -12.0000
v -1100.0000 0.0000 0.0000
v -1100.0000 0.0000 -12.0000
v -1100.0000 0.0000 -0.0000
v -1100.0000 0.0000 -12.0000
v -106.0660 -106.0660 0.0000
v -106.0660 -106.0660 -12.0000
v -106.0660 -106.0660 0.0000
v -106.0660 -106.0660 -12.0000
v -106.0660 -106.0660 0.0000
v -106.0660 -106.0660 -12.0000
v -106.0660 -106.0660 0.0000
v -106.0660 -106.0660 -12.0000
v -106.0660 -106.0660 0.0000
v -106.0660 -106.0660 -12.0000
v -106.0660 -106.0660 0.0000
v -106.0660 -106.0660 -12.0000
v -106.0660 -106.0660 0.0000
v -106.0660 -106.0660 -12.0000
v -106.0660 -106.0660 0.0000
v -106.0660 -106.0660 -12.0000
v -106.0660 -106.0660 0.0000
v -106.0660 -106.0660 -12.0000
v -106.0660 -106.0660 0.0000
v -106.0660 -106.0660 -12.0000
v -106.0660 -106.0660 0.0000
v -106.0660 -106.0660 -12.0000
v -106.0660 -106.0660 0.0000
v -106.0660 -106.0660 -12.0000
v -106.0660 -106.0660 0.0000
v -106.0660 -106.0660 -12.0000
v -106.0660 -106.0660 0.0000
v -106.0660 -106.0660 -12.0000
v -106.0660 -106.0660 0.0000
v -106.0660 -106.0660 -12.0000
v -169.4466 -98.6647 -4.5684
v -169.4466 -98.6647 -16.5684
v -164.3908 -103.7205 -2.5198
v -164.3908 -103.7205 -14.8181
v -159.3349 -108.7764 -0.6576
v -159.3349 -108.7764 -13.2543
v -154.2791 -113.8322 1.0181
v -154.2791 -113.8322 -11.8769
v -149.2232 -118.8881 2.5074
v -149.2232 -118.8881 -10.6860
v -144.1674 -123.9440 3.8102
v -144.1674 -123.9440 -9.6816
v -139.1115 -128.9998 4.9265
v -139.1115 -128.9998 -8.8636
v -134.0557 -134.0557 5.8563
v -134.0557 -134.0557 -8.2321
v -128.9998 -139.1115 4.9265
v -128.9998 -139.1115 -8.8636
v -123.9440 -144.1674 3.8102
v -123.9440 -144.1674 -9.6816
v -118.8881 -149.2232 2.5074
v -118.8881 -149.2232 -10.6860
v -113.8322 -154.2791 1.0181
v -113.8322 -154.2791 -11.8769
v -108.7764 -159.3349 -0.6576
v -108.7764 -159.3349 -13.2543
v -103.7205 -164.3908 -2.5198
v -103.7205 -164.3908 -14.8181
v -98.6647 -169.4466 -4.5684
v -98.6647 -169.4466 -16.5684
v -208.1475 -115.9432 -9.0587
v -208.1475 -115.9432 -21.0587
v -201.5614 -122.5292 -5.3499
v -201.5614 -122.5292 -17.9414
v -194.9754 -129.1152 -2.0108
v -194.9754 -129.1152 -15.1940
v -188.3894 -135.7012 0.9585
v -188.3894 -135.7012 -12.8162
v -181.8034 -142.2872 3.5581
v -181.8034 -142.2872 -10.8082
v -175.2173 -148.8733 5.7879
v -175.2173 -148.8733 -9.1700
v -168.6313 -155.4593 7.6480
v -168.6313 -155.4593 -7.9015
v -162.0453 -162.0453 9.1384
v -162.0453 -162.0453 -7.0027
v -155.4593 -168.6313 7.6480
v -155.4593 -168.6313 -7.9015
v -148.8733 -175.2173 5.7879
v -148.8733 -175.2173 -9.1700
v -142.2872 -181.8034 3.5581
v -142.2872 -181.8034 -10.8082
v -135.7012 -188.3894 0.9585
v -135.7012 -188.3894 -12.8162
v -129.1152 -194.9754 -2.0108
v -129.1152 -194.9754 -15.1940
v -122.5292 -201.5614 -5.3499
v -122.5292 -201.5614 -17.9414
v -115.9432 -208.1475 -9.0587
v -115.9432 -208.1475 -21.0587
v -246.8483 -133.2216 -13.3939
v -246.8483 -133.2216 -25.3939
v -238.7321 -141.3378 -8.1571
v -238.7321 -141.3378 -21.0318
v -230.6159 -149.4540 -3.4670
v -230.6159 -149.4540 -17.2164
v -222.4997 -157.5702 0.6765
v -222.4997 -157.5702 -13.9476
v -214.3835 -165.6864 4.2732
v -214.3835 -165.6864 -11.2256
v -206.2673 -173.8026 7.3233
v -206.2673 -173.8026 -9.0502
v -198.1511 -181.9188 9.8267
v -198.1511 -181.9188 -7.4216
v -190.0349 -190.0349 11.7833
v -190.0349 -190.0349 -6.3396
v -181.9188 -198.1511 9.8267
v -181.9188 -198.1511 -7.4216
v -173.8026 -206.2673 7.3233
v -173.8026 -206.2673 -9.0502
v -165.6864 -214.3835 4.2732
v -165.6864 -214.3835 -11.2256
v -157.5702 -222.4997 0.6765
v -157.5702 -222.4997 -13.9476
v -149.4540 -230.6159 -3.4670
v -149.4540 -230.6159 -17.2164
v -141.3378 -238.7321 -8.1571
v -141.3378 -238.7321 -21.0318
v -133.2216 -246.8483 -13.3939
v -133.2216 -246.8483 -25.3939
v -285.5491 -150.5001 -17.5000
v -285.5491 -150.5001 -29.5000
v -275.9027 -160.1465 -10.8543
v -275.9027 -160.1465 -23.9971
v -266.2564 -169.7928 -4.9228
v -266.2564 -169.7928 -19.2085
v -256.6100 -179.4392 0.2944
v -256.6100 -179.4392 -15.1342
v -246.9637 -189.0855 4.7972
v -246.9637 -189.0855 -11.7742
v -237.3173 -198.7319 8.5858
v -237.3173 -198.7319 -9.1285
v -227.6709 -208.3782 11.6601
v -227.6709 -208.3782 -7.1970
v -218.0246 -218.0246 14.0202
v -218.0246 -218.0246 -5.9798
v -208.3782 -227.6709 11.6601
v -208.3782 -227.6709 -7.1970
v -198.7319 -237.3173 8.5858
v -198.7319 -237.3173 -9.1285
v -189.0855 -246.9637 4.7972
v -189.0855 -246.9637 -11.7742
v -179.4392 -256.6100 0.2944
v -179.4392 -256.6100 -15.1342
v -169.7928 -266.2564 -4.9228
v -169.7928 -266.2564 -19.2085
v -160.1465 -275.9027 -10.8543
v -160.1465 -275.9027 -23.9971
v -150.5001 -285.5491 -17.5000
v -150.5001 -285.5491 -29.5000
v -324.2499 -167.7786 -21.3067
v -324.2499 -167.7786 -33.3067
v -313.0734 -178.9551 -13.3776
v -313.0734 -178.9551 -26.7691
v -301.8969 -190.1316 -6.3183
v -301.8969 -190.1316 -21.1012
v -290.7203 -201.3081 -0.1286
v -290.7203 -201.3081 -16.3030
v -279.5438 -212.4847 5.1914
v -279.5438 -212.4847 -12.3744
v -268.3673 -223.6612 9.6418
v -268.3673 -223.6612 -9.3155
v -257.1908 -234.8377 13.2225
v -257.1908 -234.8377 -7.1262
v -246.0142 -246.0142 15.9336
v -246.0142 -246.0142 -5.8066
v -234.8377 -257.1908 13.2225
v -234.8377 -257.1908 -7.1262
v -223.6612 -268.3673 9.6418
v -223.6612 -268.3673 -9.3155
v -212.4847 -279.5438 5.1914
v -212.4847 -279.5438 -12.3744
v -201.3081 -290.7203 -0.1286
v -201.3081 -290.7203 -16.3030
v -190.1316 -301.8969 -6.3183
v -190.1316 -301.8969 -21.1012
v -178.9551 -313.0734 -13.3776
v -178.9551 -313.0734 -26.7691
v -167.7786 -324.2499 -21.3067
v -167.7786 -324.2499 -33.3067
v -362.9507 -185.0570 -24.7487
v -362.9507 -185.0570 -36.7487
v -350.2440 -197.7637 -15.6738
v -350.2440 -197.7637 -29.2901
v -337.5373 -210.4704 -7.6090
v -337.5373 -210.4704 -22.8415
v -324.8306 -223.1771 -0.5544
v -324.8306 -223.1771 -17.4031
v -312.1240 -235.8838 5.4901
v -312.1240 -235.8838 -12.9749
v -299.4173 -248.5905 10.5244
v -299.4173 -248.5905 -9.5568
v -286.7106 -261.2972 14.5486
v -286.7106 -261.2972 -7.1489
v -274.0039 -274.0039 17.5626
v -274.0039 -274.0039 -5.7511
v -261.2972 -286.7106 14.5486
v -261.2972 -286.7106 -7.1489
v -248.5905 -299.4173 10.5244
v -248.5905 -299.4173 -9.5568
v -235.8838 -312.1240 5.4901
v -235.8838 -312.1240 -12.9749
v -223.1771 -324.8306 -0.5544
v -223.1771 -324.8306 -17.4031
v -210.4704 -337.5373 -7.6090
v -210.4704 -337.5373 -22.8415
v -197.7637 -350.2440 -15.6738
v -197.7637 -350.2440 -29.2901
v -185.0570 -362.9507 -24.7487
v -185.0570 -362.9507 -36.7487
v -401.6515 -202.3355 -27.7674
v -401.6515 -202.3355 -39.7674
v -387.4147 -216.5724 -17.6967
v -387.4147 -216.5724 -31.5101
v -373.1778 -230.8092 -8.7594
v -373.1778 -230.8092 -24.3861
v -358.9410 -245.0461 -0.9554
v -358.9410 -245.0461 -18.3956
v -344.7041 -259.2829 5.7152
v -344.7041 -259.2829 -13.5384
v -330.4672 -273.5198 11.2524
v -330.4672 -273.5198 -9.8145
v -316.2304 -287.7567 15.6562
v -316.2304 -287.7567 -7.2240
v -301.9935 -301.9935 18.9267
v -301.9935 -301.9935 -5.7669
v -287.7567 -316.2304 15.6562
v -287.7567 -316.2304 -7.2240
v -273.5198 -330.4672 11.2524
v -273.5198 -330.4672 -9.8145
v -259.2829 -344.7041 5.7152
v -259.2829 -344.7041 -13.5384
v -245.0461 -358.9410 -0.9554
v -245.0461 -358.9410 -18.3956
v -230.8092 -373.1778 -8.7594
v -230.8092 -373.1778 -24.3861
v -216.5724 -387.4147 -17.6967
v -216.5724 -387.4147 -31.5101
v -202.3355 -401.6515 -27.7674
v -202.3355 -401.6515 -39.7674
v -440.3524 -219.6140 -30.3109
v -440.3524 -219.6140 -42.3109
v -424.5853 -235.3810 -19.4069
v -424.5853 -235.3810 -33.3864
v -408.8183 -251.1480 -9.7401
v -408.8183 -251.1480 -25.6991
v -393.0513 -266.9151 -1.3104
v -393.0513 -266.9151 -19.2489
v -377.2842 -282.6821 5.8820
v -377.2842 -282.6821 -14.0359
v -361.5172 -298.4491 11.8373
v -361.5172 -298.4491 -10.0601
v -345.7502 -314.2161 16.5554
v -345.7502 -314.2161 -7.3215
v -329.9832 -329.9832 20.0363
v -329.9832 -329.9832 -5.8201
v -314.2161 -345.7502 16.5554
v -314.2161 -345.7502 -7.3215
v -298.4491 -361.5172 11.8373
v -298.4491 -361.5172 -10.0601
v -282.6821 -377.2842 5.8820
v -282.6821 -377.2842 -14.0359
v -266.9151 -393.0513 -1.3104
v -266.9151 -393.0513 -19.2489
v -251.1480 -408.8183 -9.7401
v -251.1480 -408.8183 -25.6991
v -235.3810 -424.5853 -19.4069
v -235.3810 -424.5853 -33.3864
v -219.6140 -440.3524 -30.3109
v -219.6140 -440.3524 -42.3109
v -479.0532 -236.8924 -32.3358
v -479.0532 -236.8924 -44.3358
v -461.7560 -254.1896 -20.7717
v -461.7560 -254.1896 -34.8834
v -444.4588 -271.4868 -10.5274
v -444.4588 -271.4868 -26.7509
v -427.1616 -288.7840 -1.6030
v -427.1616 -288.7840 -19.9382
v -409.8644 -306.0812 6.0016
v -409.8644 -306.0812 -14.4453
v -392.5672 -323.3784 12.2864
v -392.5672 -323.3784 -10.2722
v -375.2700 -340.6756 17.2513
v -375.2700 -340.6756 -7.4190
v -357.9728 -357.9728 20.8965
v -357.9728 -357.9728 -5.8856
v -340.6756 -375.2700 17.2513
v -340.6756 -375.2700 -7.4190
v -323.3784 -392.5672 12.2864
v -323.3784 -392.5672 -10.2722
v -306.0812 -409.8644 6.0016
v -306.0812 -409.8644 -14.4453
v -288.7840 -427.1616 -1.6030
v -288.7840 -427.1616 -19.9382
v -271.4868 -444.4588 -10.5274
v -271.4868 -444.4588 -26.7509
v -254.1896 -461.7560 -20.7717
v -254.1896 -461.7560 -34.8834
v -236.8924 -479.0532 -32.3358
v -236.8924 -479.0532 -44.3358
v -517.7540 -254.1709 -33.8074
v -517.7540 -254.1709 -45.8074
v -498.9266 -272.9983 -21.7653
v -498.9266 -272.9983 -35.9731
v -480.0993 -291.8256 -11.1030
v -480.0993 -291.8256 -27.5187
v -461.2719 -310.6530 -1.8207
v -461.2719 -310.6530 -20.4442
v -442.4445 -329.4804 6.0818
v -442.4445 -329.4804 -14.7495
v -423.6172 -348.3077 12.6043
v -423.6172 -348.3077 -10.4348
v -404.7898 -367.1351 17.7470
v -404.7898 -367.1351 -7.5000
v -385.9625 -385.9625 21.5098
v -385.9625 -385.9625 -5.9450
v -367.1351 -404.7898 17.7470
v -367.1351 -404.7898 -7.5000
v -348.3077 -423.6172 12.6043
v -348.3077 -423.6172 -10.4348
v -329.4804 -442.4445 6.0818
v -329.4804 -442.4445 -14.7495
v -310.6530 -461.2719 -1.8207
v -310.6530 -461.2719 -20.4442
v -291.8256 -480.0993 -11.1030
v -291.8256 -480.0993 -27.5187
v -272.9983 -498.9266 -21.7653
v -272.9983 -498.9266 -35.9731
v -254.1709 -517.7540 -33.8074
v -254.1709 -517.7540 -45.8074
v -538.9429 -288.9613 -34.7006
v -538.9429 -288.9613 -46.7006
v -521.0870 -306.8172 -22.3689
v -521.0870 -306.8172 -36.6351
v -503.2312 -324.6730 -11.4537
v -503.2312 -324.6730 -27.9860
v -485.3754 -342.5288 -1.9547
v -485.3754 -342.5288 -20.7532
v -467.5196 -360.3846 6.1278
v -467.5196 -360.3846 -14.9368
v -449.6637 -378.2404 12.7941
v -449.6637 -378.2404 -10.5367
v -431.8079 -396.0963 18.0439
v -431.8079 -396.0963 -7.5530
v -413.9521 -413.9521 21.8775
v -413.9521 -413.9521 -5.9856
v -396.0963 -431.8079 18.0439
v -396.0963 -431.8079 -7.5530
v -378.2404 -449.6637 12.7941
v -378.2404 -449.6637 -10.5367
v -360.3846 -467.5196 6.1278
v -360.3846 -467.5196 -14.9368
v -342.5288 -485.3754 -1.9547
v -342.5288 -485.3754 -20.7532
v -324.6730 -503.2312 -11.4537
v -324.6730 -503.2312 -27.9860
v -306.8172 -521.0870 -22.3689
v -306.8172 -521.0870 -36.6351
v -288.9613 -538.9429 -34.7006
v -288.9613 -538.9429 -46.7006
v -557.9136 -325.9699 -35.0000
v -557.9136 -325.9699 -47.0000
v -541.3462 -342.5373 -22.5714
v -541.3462 -342.5373 -36.8571
v -524.7788 -359.1047 -11.5714
v -524.7788 -359.1047 -28.1429
v -508.2114 -375.6721 -2.0000
v -508.2114 -375.6721 -20.8571
v -491.6440 -392.2395 6.1429
v -491.6440 -392.2395 -15.0000
v -475.0766 -408.8069 12.8571
v -475.0766 -408.8069 -10.5714
v -458.5092 -425.3743 18.1429
v -458.5092 -425.3743 -7.5714
v -441.9417 -441.9417 22.0000
v -441.9417 -441.9417 -6.0000
v -425.3743 -458.5092 18.1429
v -425.3743 -458.5092 -7.5714
v -408.8069 -475.0766 12.8571
v -408.8069 -475.0766 -10.5714
v -392.2395 -491.6440 6.1429
v -392.2395 -491.6440 -15.0000
v -375.6721 -508.2114 -2.0000
v -375.6721 -508.2114 -20.8571
v -359.1047 -524.7788 -11.5714
v -359.1047 -524.7788 -28.1429
v -342.5373 -541.3462 -22.5714
v -342.5373 -541.3462 -36.8571
v -325.9699 -557.9136 -35.0000
v -325.9699 -557.9136 -47.0000
v -576.1326 -363.7302 -34.7006
v -576.1326 -363.7302 -46.7006
v -560.9610 -378.9018 -22.3689
v -560.9610 -378.9018 -36.6351
v -545.7894 -394.0734 -11.4537
v -545.7894 -394.0734 -27.9860
v -530.6178 -409.2450 -1.9547
v -530.6178 -409.2450 -20.7532
v -515.4462 -424.4166 6.1278
v -515.4462 -424.4166 -14.9368
v -500.2746 -439.5882 12.7941
v -500.2746 -439.5882 -10.5367
v -485.1030 -454.7598 18.0439
v -485.1030 -454.7598 -7.5530
v -469.9314 -469.9314 21.8775
v -469.9314 -469.9314 -5.9856
v -454.7598 -485.1030 18.0439
v -454.7598 -485.1030 -7.5530
v -439.5882 -500.2746 12.7941
v -439.5882 -500.2746 -10.5367
v -424.4166 -515.4462 6.1278
v -424.4166 -515.4462 -14.9368
v -409.2450 -530.6178 -1.9547
v -409.2450 -530.6178 -20.7532
v -394.0734 -545.7894 -11.4537
v -394.0734 -545.7894 -27.9860
v -378.9018 -560.9610 -22.3689
v -378.9018 -560.9610 -36.6351
v -363.7302 -576.1326 -34.7006
v -363.7302 -576.1326 -46.7006
v -593.8168 -402.0253 -33.8074
v -593.8168 -402.0253 -45.8074
v -580.1174 -415.7247 -21.7653
v -580.1174 -415.7247 -35.9731
v -566.4180 -429.4241 -11.1030
v -566.4180 -429.4241 -27.5187
v -552.7186 -443.1235 -1.8207
v -552.7186 -443.1235 -20.4442
v -539.0192 -456.8228 6.0818
v -539.0192 -456.8228 -14.7495
v -525.3198 -470.5222 12.6043
v -525.3198 -470.5222 -10.4348
v -511.6204 -484.2216 17.7470
v -511.6204 -484.2216 -7.5000
v -497.9210 -497.9210 21.5098
v -497.9210 -497.9210 -5.9450
v -484.2216 -511.6204 17.7470
v -484.2216 -511.6204 -7.5000
v -470.5222 -525.3198 12.6043
v -470.5222 -525.3198 -10.4348
v -456.8228 -539.0192 6.0818
v -456.8228 -539.0192 -14.7495
v -443.1235 -552.7186 -1.8207
v -443.1235 -552.7186 -20.4442
v -429.4241 -566.4180 -11.1030
v -429.4241 -566.4180 -27.5187
v -415.7247 -580.1174 -21.7653
v -415.7247 -580.1174 -35.9731
v -402.0253 -593.8168 -33.8074
v -402.0253 -593.8168 -45.8074
v -611.1568 -440.6645 -32.3358
v -611.1568 -440.6645 -44.3358
v -598.9788 -452.8425 -20.7717
v -598.9788 -452.8425 -34.8834
v -586.8008 -465.0206 -10.5274
v -586.8008 -465.0206 -26.7509
v -574.6228 -477.1986 -1.6030
v -574.6228 -477.1986 -19.9382
v -562.4447 -489.3766 6.0016
v -562.4447 -489.3766 -14.4453
v -550.2667 -501.5546 12.2864
v -550.2667 -501.5546 -10.2722
v -538.0887 -513.7326 17.2513
v -538.0887 -513.7326 -7.4190
v -525.9107 -525.9107 20.8965
v -525.9107 -525.9107 -5.8856
v -513.7326 -538.0887 17.2513
v -513.7326 -538.0887 -7.4190
v -501.5546 -550.2667 12.2864
v -501.5546 -550.2667 -10.2722
v -489.3766 -562.4447 6.0016
v -489.3766 -562.4447 -14.4453
v -477.1986 -574.6228 -1.6030
v -477.1986 -574.6228 -19.9382
v -465.0206 -586.8008 -10.5274
v -465.0206 -586.8008 -26.7509
v -452.8425 -598.9788 -20.7717
v -452.8425 -598.9788 -34.8834
v -440.6645 -611.1568 -32.3358
v -440.6645 -611.1568 -44.3358
v -628.3222 -479.4784 -30.3109
v -628.3222 -479.4784 -42.3109
v -617.6905 -490.1101 -19.4069
v -617.6905 -490.1101 -33.3864
v -607.0588 -500.7418 -9.7401
v -607.0588 -500.7418 -25.6991
v -596.4271 -511.3735 -1.3104
v -596.4271 -511.3735 -19.2489
v -585.7954 -522.0052 5.8820
v -585.7954 -522.0052 -14.0359
v -575.1637 -532.6369 11.8373
v -575.1637 -532.6369 -10.0601
v -564.5320 -543.2686 16.5554
v -564.5320 -543.2686 -7.3215
v -553.9003 -553.9003 20.0363
v -553.9003 -553.9003 -5.8201
v -543.2686 -564.5320 16.5554
v -543.2686 -564.5320 -7.3215
v -532.6369 -575.1637 11.8373
v -532.6369 -575.1637 -10.0601
v -522.0052 -585.7954 5.8820
v -522.0052 -585.7954 -14.0359
v -511.3735 -596.4271 -1.3104
v -511.3735 -596.4271 -19.2489
v -500.7418 -607.0588 -9.7401
v -500.7418 -607.0588 -25.6991
v -490.1101 -617.6905 -19.4069
v -490.1101 -617.6905 -33.3864
v -479.4784 -628.3222 -30.3109
v -479.4784 -628.3222 -42.3109
v -645.4658 -518.3141 -27.7043
v -645.4658 -518.3141 -39.7043
v -636.3835 -527.3964 -17.6565
v -636.3835 -527.3964 -31.4699
v -627.3013 -536.4786 -8.7395
v -627.3013 -536.4786 -24.3662
v -618.2190 -545.5609 -0.9533
v -618.2190 -545.5609 -18.3934
v -609.1367 -554.6432 5.7022
v -609.1367 -554.6432 -13.5513
v -600.0545 -563.7254 11.2268
v -600.0545 -563.7254 -9.8401
v -590.9722 -572.8077 15.6207
v -590.9722 -572.8077 -7.2596
v -581.8900 -581.8900 18.8837
v -581.8900 -581.8900 -5.8099
v -572.8077 -590.9722 15.6207
v -572.8077 -590.9722 -7.2596
v -563.7254 -600.0545 11.2268
v -563.7254 -600.0545 -9.8401
v -554.6432 -609.1367 5.7022
v -554.6432 -609.1367 -13.5513
v -545.5609 -618.2190 -0.9533
v -545.5609 -618.2190 -18.3934
v -536.4786 -627.3013 -8.7395
v -536.4786 -627.3013 -24.3662
v -527.3964 -636.3835 -17.6565
v -527.3964 -636.3835 -31.4699
v -518.3141 -645.4658 -27.7043
v -518.3141 -645.4658 -39.7043
v -662.7281 -557.0311 -22.9155
v -662.7281 -557.0311 -34.9155
v -655.1783 -564.5809 -14.5128
v -655.1783 -564.5809 -28.1290
v -647.6285 -572.1307 -7.0454
v -647.6285 -572.1307 -22.2779
v -640.0787 -579.6805 -0.5133
v -640.0787 -579.6805 -17.3621
v -632.5289 -587.2303 5.0834
v -632.5289 -587.2303 -13.3816
v -624.9792 -594.7800 9.7448
v -624.9792 -594.7800 -10.3364
v -617.4294 -602.3298 13.4709
v -617.4294 -602.3298 -8.2266
v -609.8796 -609.8796 16.2616
v -609.8796 -609.8796 -7.0521
v -602.3298 -617.4294 13.4709
v -602.3298 -617.4294 -8.2266
v -594.7800 -624.9792 9.7448
v -594.7800 -624.9792 -10.3364
v -587.2303 -632.5289 5.0834
v -587.2303 -632.5289 -13.3816
v -579.6805 -640.0787 -0.5133
v -579.6805 -640.0787 -17.3621
v -572.1307 -647.6285 -7.0454
v -572.1307 -647.6285 -22.2779
v -564.5809 -655.1783 -14.5128
v -564.5809 -655.1783 -28.1290
v -557.0311 -662.7281 -22.9155
v -557.0311 -662.7281 -34.9155
v -680.2421 -595.4964 -16.5545
v -680.2421 -595.4964 -28.5545
v -674.1889 -601.5496 -10.3939
v -674.1889 -601.5496 -23.7854
v -668.1356 -607.6029 -4.9091
v -668.1356 -607.6029 -19.6920
v -662.0823 -613.6562 -0.0999
v -662.0823 -613.6562 -16.2743
v -656.0291 -619.7094 4.0336
v -656.0291 -619.7094 -13.5323
v -649.9758 -625.7627 7.4913
v -649.9758 -625.7627 -11.4659
v -643.9225 -631.8160 10.2734
v -643.9225 -631.8160 -10.0753
v -637.8692 -637.8692 12.3798
v -637.8692 -637.8692 -9.3604
v -631.8160 -643.9225 10.2734
v -631.8160 -643.9225 -10.0753
v -625.7627 -649.9758 7.4913
v -625.7627 -649.9758 -11.4659
v -619.7094 -656.0291 4.0336
v -619.7094 -656.0291 -13.5323
v -613.6562 -662.0823 -0.0999
v -613.6562 -662.0823 -16.2743
v -607.6029 -668.1356 -4.9091
v -607.6029 -668.1356 -19.6920
v -601.5496 -674.1889 -10.3939
v -601.5496 -674.1889 -23.7854
v -595.4964 -680.2421 -16.5545
v -595.4964 -680.2421 -28.5545
v -698.1402 -633.5775 -10.2023
v -698.1402 -633.5775 -22.2023
v -693.5286 -638.1892 -6.3279
v -693.5286 -638.1892 -19.4708
v -688.9170 -642.8008 -2.8700
v -688.9170 -642.8008 -17.1557
v -684.3054 -647.4124 0.1716
v -684.3054 -647.4124 -15.2570
v -679.6938 -652.0240 2.7967
v -679.6938 -652.0240 -13.7747
v -675.0821 -656.6356 5.0055
v -675.0821 -656.6356 -12.7088
v -670.4705 -661.2473 6.7978
v -670.4705 -661.2473 -12.0594
v -665.8589 -665.8589 8.1736
v -665.8589 -665.8589 -11.8264
v -661.2473 -670.4705 6.7978
v -661.2473 -670.4705 -12.0594
v -656.6356 -675.0821 5.0055
v -656.6356 -675.0821 -12.7088
v -652.0240 -679.6938 2.7967
v -652.0240 -679.6938 -13.7747
v -647.4124 -684.3054 0.1716
v -647.4124 -684.3054 -15.2570
v -642.8008 -688.9170 -2.8700
v -642.8008 -688.9170 -17.1557
v -638.1892 -693.5286 -6.3279
v -638.1892 -693.5286 -19.4708
v -633.5775 -698.1402 -10.2023
v -633.5775 -698.1402 -22.2023
v -716.5648 -671.1323 -5.0382
v -716.5648 -671.1323 -17.0382
v -713.3196 -674.3775 -3.0684
v -713.3196 -674.3775 -15.9431
v -710.0744 -677.6227 -1.3041
v -710.0744 -677.6227 -15.0535
v -706.8292 -680.8678 0.2545
v -706.8292 -680.8678 -14.3697
v -703.5841 -684.1130 1.6074
v -703.5841 -684.1130 -13.8914
v -700.3389 -687.3582 2.7547
v -700.3389 -687.3582 -13.6188
v -697.0937 -690.6034 3.6964
v -697.0937 -690.6034 -13.5519
v -693.8485 -693.8485 4.4324
v -693.8485 -693.8485 -13.6905
v -690.6034 -697.0937 3.6964
v -690.6034 -697.0937 -13.5519
v -687.3582 -700.3389 2.7547
v -687.3582 -700.3389 -13.6188
v -684.1130 -703.5841 1.6074
v -684.1130 -703.5841 -13.8914
v -680.8678 -706.8292 0.2545
v -680.8678 -706.8292 -14.3697
v -677.6227 -710.0744 -1.3041
v -677.6227 -710.0744 -15.0535
v -674.3775 -713.3196 -3.0684
v -674.3775 -713.3196 -15.9431
v -671.1323 -716.5648 -5.0382
v -671.1323 -716.5648 -17.0382
v -735.6915 -707.9848 -1.7086
v -735.6915 -707.9848 -13.7086
v -733.7125 -709.9639 -1.0091
v -733.7125 -709.9639 -13.6006
v -731.7334 -711.9429 -0.3793
v -731.7334 -711.9429 -13.5624
v -729.7544 -713.9220 0.1808
v -729.7544 -713.9220 -13.5940
v -727.7753 -715.9010 0.6711
v -727.7753 -715.9010 -13.6952
v -725.7963 -717.8801 1.0917
v -725.7963 -717.8801 -13.8662
v -723.8172 -719.8591 1.4425
v -723.8172 -719.8591 -14.1070
v -721.8382 -721.8382 1.7236
v -721.8382 -721.8382 -14.4175
v -719.8591 -723.8172 1.4425
v -719.8591 -723.8172 -14.1070
v -717.8801 -725.7963 1.0917
v -717.8801 -725.7963 -13.8662
v -715.9010 -727.7753 0.6711
v -715.9010 -727.7753 -13.6952
v -713.9220 -729.7544 0.1808
v -713.9220 -729.7544 -13.5940
v -711.9429 -731.7334 -0.3793
v -711.9429 -731.7334 -13.5624
v -709.9639 -733.7125 -1.0091
v -709.9639 -733.7125 -13.6006
v -707.9848 -735.6915 -1.7086
v -707.9848 -735.6915 -13.7086
v -755.7998 -743.8558 -0.2399
v -755.7998 -743.8558 -12.2399
v -754.9467 -744.7090 -0.1323
v -754.9467 -744.7090 -12.4307
v -754.0935 -745.5621 -0.0345
v -754.0935 -745.5621 -12.6312
v -753.2404 -746.4153 0.0535
v -753.2404 -746.4153 -12.8416
v -752.3872 -747.2684 0.1317
v -752.3872 -747.2684 -13.0617
v -751.5341 -748.1215 0.2001
v -751.5341 -748.1215 -13.2916
v -750.6810 -748.9747 0.2587
v -750.6810 -748.9747 -13.5314
v -749.8278 -749.8278 0.3075
v -749.8278 -749.8278 -13.7809
v -748.9747 -750.6810 0.2587
v -748.9747 -750.6810 -13.5314
v -748.1215 -751.5341 0.2001
v -748.1215 -751.5341 -13.2916
v -747.2684 -752.3872 0.1317
v -747.2684 -752.3872 -13.0617
v -746.4153 -753.2404 0.0535
v -746.4153 -753.2404 -12.8416
v -745.5621 -754.0935 -0.0345
v -745.5621 -754.0935 -12.6312
v -744.7090 -754.9467 -0.1323
v -744.7090 -754.9467 -12.4307
v -743.8558 -755.7998 -0.2399
v -743.8558 -755.7998 -12.2399
v -777.8175 -777.8175 -0.0000
v -777.8175 -777.8175 -12.0000
v -777.8175 -777.8175 0.0000
v -777.8175 -777.8175 -12.0000
v -777.8175 -777.8175 0.0000
v -777.8175 -777.8175 -12.0000
v -777.8175 -777.8175 0.0000
v -777.8175 -777.8175 -12.0000
v -777.8175 -777.8175 0.0000
v -777.8175 -777.8175 -12.0000
v -777.8175 -777.8175 0.0000
v -777.8175 -777.8175 -12.0000
v -777.8175 -777.8175 0.0000
v -777.8175 -777.8175 -12.0000
v -777.8175 -777.8175 0.0000
v -777.8175 -777.8175 -12.0000
v -777.8175 -777.8175 0.0000
v -777.8175 -777.8175 -12.0000
v -777.8175 -777.8175 0.0000
v -777.8175 -777.8175 -12.0000
v -777.8175 -777.8175 0.0000
v -777.8175 -777.8175 -12.0000
v -777.8175 -777.8175 0.0000
v -777.8175 -777.8175 -12.0000
v -777.8175 -777.8175 0.0000
v -777.8175 -777.8175 -12.0000
v -777.8175 -777.8175 0.0000
v -777.8175 -777.8175 -12.0000
v -777.8175 -777.8175 -0.0000
v -777.8175 -777.8175 -12.0000
v -0.0000 -150.0000 0.0000
v -0.0000 -150.0000 -12.0000
v -0.0000 -150.0000 0.0000
v -0.0000 -150.0000 -12.0000
v -0.0000 -150.0000 0.0000
v -0.0000 -150.0000 -12.0000
v -0.0000 -150.0000 0.0000
v -0.0000 -150.0000 -12.0000
v -0.0000 -150.0000 0.0000
v -0.0000 -150.0000 -12.0000
v -0.0000 -150.0000 0.0000
v -0.0000 -150.0000 -12.0000
v -0.0000 -150.0000 0.0000
v -0.0000 -150.0000 -12.0000
v -0.0000 -150.0000 0.0000
v -0.0000 -150.0000 -12.0000
v -0.0000 -150.0000 0.0000
v -0.0000 -150.0000 -12.0000
v -0.0000 -150.0000 0.0000
v -0.0000 -150.0000 -12.0000
v -0.0000 -150.0000 0.0000
v -0.0000 -150.0000 -12.0000
v -0.0000 -150.0000 0.0000
v -0.0000 -150.0000 -12.0000
v -0.0000 -150.0000 0.0000
v -0.0000 -150.0000 -12.0000
v -0.0000 -150.0000 0.0000
v -0.0000 -150.0000 -12.0000
v -0.0000 -150.0000 0.0000
v -0.0000 -150.0000 -12.0000
v -50.0504 -189.5833 -4.5684
v -50.0504 -189.5833 -16.5684
v -42.9003 -189.5833 -2.5198
v -42.9003 -189.5833 -14.8181
v -35.7503 -189.5833 -0.6576
v -35.7503 -189.5833 -13.2543
v -28.6002 -189.5833 1.0181
v -28.6002 -189.5833 -11.8769
v -21.4502 -189.5833 2.5074
v -21.4502 -189.5833 -10.6860
v -14.3001 -189.5833 3.8102
v -14.3001 -189.5833 -9.6816
v -7.1501 -189.5833 4.9265
v -7.1501 -189.5833 -8.8636
v -0.0000 -189.5833 5.8563
v -0.0000 -189.5833 -8.2321
v 7.1501 -189.5833 4.9265
v 7.1501 -189.5833 -8.8636
v 14.3001 -189.5833 3.8102
v 14.3001 -189.5833 -9.6816
v 21.4502 -189.5833 2.5074
v 21.4502 -189.5833 -10.6860
v 28.6002 -189.5833 1.0181
v 28.6002 -189.5833 -11.8769
v 35.7503 -189.5833 -0.6576
v 35.7503 -189.5833 -13.2543
v 42.9003 -189.5833 -2.5198
v 42.9003 -189.5833 -14.8181
v 50.0504 -189.5833 -4.5684
v 50.0504 -189.5833 -16.5684
v -65.1983 -229.1667 -9.0587
v -65.1983 -229.1667 -21.0587
v -55.8842 -229.1667 -5.3499
v -55.8842 -229.1667 -17.9414
v -46.5702 -229.1667 -2.0108
v -46.5702 -229.1667 -15.1940
v -37.2562 -229.1667 0.9585
v -37.2562 -229.1667 -12.8162
v -27.9421 -229.1667 3.5581
v -27.9421 -229.1667 -10.8082
v -18.6281 -229.1667 5.7879
v -18.6281 -229.1667 -9.1700
v -9.3140 -229.1667 7.6480
v -9.3140 -229.1667 -7.9015
v -0.0000 -229.1667 9.1384
v -0.0000 -229.1667 -7.0027
v 9.3140 -229.1667 7.6480
v 9.3140 -229.1667 -7.9015
v 18.6281 -229.1667 5.7879
v 18.6281 -229.1667 -9.1700
v 27.9421 -229.1667 3.5581
v 27.9421 -229.1667 -10.8082
v 37.2562 -229.1667 0.9585
v 37.2562 -229.1667 -12.8162
v 46.5702 -229.1667 -2.0108
v 46.5702 -229.1667 -15.1940
v 55.8842 -229.1667 -5.3499
v 55.8842 -229.1667 -17.9414
v 65.1983 -229.1667 -9.0587
v 65.1983 -229.1667 -21.0587
v -80.3462 -268.7500 -13.3939
v -80.3462 -268.7500 -25.3939
v -68.8681 -268.7500 -8.1571
v -68.8681 -268.7500 -21.0318
v -57.3901 -268.7500 -3.4670
v -57.3901 -268.7500 -17.2164
v -45.9121 -268.7500 0.6765
v -45.9121 -268.7500 -13.9476
v -34.4341 -268.7500 4.2732
v -34.4341 -268.7500 -11.2256
v -22.9560 -268.7500 7.3233
v -22.9560 -268.7500 -9.0502
v -11.4780 -268.7500 9.8267
v -11.4780 -268.7500 -7.4216
v -0.0000 -268.7500 11.7833
v -0.0000 -268.7500 -6.3396
v 11.4780 -268.7500 9.8267
v 11.4780 -268.7500 -7.4216
v 22.9560 -268.7500 7.3233
v 22.9560 -268.7500 -9.0502
v 34.4341 -268.7500 4.2732
v 34.4341 -268.7500 -11.2256
v 45.9121 -268.7500 0.6765
v 45.9121 -268.7500 -13.9476
v 57.3901 -268.7500 -3.4670
v 57.3901 -268.7500 -17.2164
v 68.8681 -268.7500 -8.1571
v 68.8681 -268.7500 -21.0318
v 80.3462 -268.7500 -13.3939
v 80.3462 -268.7500 -25.3939
v -95.4941 -308.3333 -17.5000
v -95.4941 -308.3333 -29.5000
v -81.8520 -308.3333 -10.8543
v -81.8520 -308.3333 -23.9971
v -68.2100 -308.3333 -4.9228
v -68.2100 -308.3333 -19.2085
v -54.5680 -308.3333 0.2944
v -54.5680 -308.3333 -15.1342
v -40.9260 -308.3333 4.7972
v -40.9260 -308.3333 -11.7742
v -27.2840 -308.3333 8.5858
v -27.2840 -308.3333 -9.1285
v -13.6420 -308.3333 11.6601
v -13.6420 -308.3333 -7.1970
v -0.0000 -308.3333 14.0202
v -0.0000 -308.3333 -5.9798
v 13.6420 -308.3333 11.6601
v 13.6420 -308.3333 -7.1970
v 27.2840 -308.3333 8.5858
v 27.2840 -308.3333 -9.1285
v 40.9260 -308.3333 4.7972
v 40.9260 -308.3333 -11.7742
v 54.5680 -308.3333 0.2944
v 54.5680 -308.3333 -15.1342
v 68.2100 -308.3333 -4.9228
v 68.2100 -308.3333 -19.2085
v 81.8520 -308.3333 -10.8543
v 81.8520 -308.3333 -23.9971
v 95.4941 -308.3333 -17.5000
v 95.4941 -308.3333 -29.5000
v -110.6419 -347.9167 -21.3067
v -110.6419 -347.9167 -33.3067
v -94.8360 -347.9167 -13.3776
v -94.8360 -347.9167 -26.7691
v -79.0300 -347.9167 -6.3183
v -79.0300 -347.9167 -21.1012
v -63.2240 -347.9167 -0.1286
v -63.2240 -347.9167 -16.3030
v -47.4180 -347.9167 5.1914
v -47.4180 -347.9167 -12.3744
v -31.6120 -347.9167 9.6418
v -31.6120 -347.9167 -9.3155
v -15.8060 -347.9167 13.2225
v -15.8060 -347.9167 -7.1262
v -0.0000 -347.9167 15.9336
v -0.0000 -347.9167 -5.8066
v 15.8060 -347.9167 13.2225
v 15.8060 -347.9167 -7.1262
v 31.6120 -347.9167 9.6418
v 31.6120 -347.9167 -9.3155
v 47.4180 -347.9167 5.1914
v 47.4180 -347.9167 -12.3744
v 63.2240 -347.9167 -0.1286
v 63.2240 -347.9167 -16.3030
v 79.0300 -347.9167 -6.3183
v 79.0300 -347.9167 -21.1012
v 94.8360 -347.9167 -13.3776
v 94.8360 -347.9167 -26.7691
v 110.6419 -347.9167 -21.3067
v 110.6419 -347.9167 -33.3067
v -125.7898 -387.5000 -24.7487
v -125.7898 -387.5000 -36.7487
v -107.8199 -387.5000 -15.6738
v -107.8199 -387.5000 -29.2901
v -89.8499 -387.5000 -7.6090
v -89.8499 -387.5000 -22.8415
v -71.8799 -387.5000 -0.5544
v -71.8799 -387.5000 -17.4031
v -53.9099 -387.5000 5.4901
v -53.9099 -387.5000 -12.9749
v -35.9400 -387.5000 10.5244
v -35.9400 -387.5000 -9.5568
v -17.9700 -387.5000 14.5486
v -17.9700 -387.5000 -7.1489
v -0.0000 -387.5000 17.5626
v -0.0000 -387.5000 -5.7511
v 17.9700 -387.5000 14.5486
v 17.9700 -387.5000 -7.1489
v 35.9400 -387.5000 10.5244
v 35.9400 -387.5000 -9.5568
v 53.9099 -387.5000 5.4901
v 53.9099 -387.5000 -12.9749
v 71.8799 -387.5000 -0.5544
v 71.8799 -387.5000 -17.4031
v 89.8499 -387.5000 -7.6090
v 89.8499 -387.5000 -22.8415
v 107.8199 -387.5000 -15.6738
v 107.8199 -387.5000 -29.2901
v 125.7898 -387.5000 -24.7487
v 125.7898 -387.5000 -36.7487
v -140.9377 -427.0833 -27.7674
v -140.9377 -427.0833 -39.7674
v -120.8038 -427.0833 -17.6967
v -120.8038 -427.0833 -31.5101
v -100.6698 -427.0833 -8.7594
v -100.6698 -427.0833 -24.3861
v -80.5358 -427.0833 -0.9554
v -80.5358 -427.0833 -18.3956
v -60.4019 -427.0833 5.7152
v -60.4019 -427.0833 -13.5384
v -40.2679 -427.0833 11.2524
v -40.2679 -427.0833 -9.8145
v -20.1340 -427.0833 15.6562
v -20.1340 -427.0833 -7.2240
v -0.0000 -427.0833 18.9267
v -0.0000 -427.0833 -5.7669
v 20.1340 -427.0833 15.6562
v 20.1340 -427.0833 -7.2240
v 40.2679 -427.0833 11.2524
v 40.2679 -427.0833 -9.8145
v 60.4019 -427.0833 5.7152
v 60.4019 -427.0833 -13.5384
v 80.5358 -427.0833 -0.9554
v 80.5358 -427.0833 -18.3956
v 100.6698 -427.0833 -8.7594
v 100.6698 -427.0833 -24.3861
v 120.8038 -427.0833 -17.6967
v 120.8038 -427.0833 -31.5101
v 140.9377 -427.0833 -27.7674
v 140.9377 -427.0833 -39.7674
v -156.0856 -466.6667 -30.3109
v -156.0856 -466.6667 -42.3109
v -133.7877 -466.6667 -19.4069
v -133.7877 -466.6667 -33.3864
v -111.4897 -466.6667 -9.7401
v -111.4897 -466.6667 -25.6991
v -89.1918 -466.6667 -1.3104
v -89.1918 -466.6667 -19.2489
v -66.8938 -466.6667 5.8820
v -66.8938 -466.6667 -14.0359
v -44.5959 -466.6667 11.8373
v -44.5959 -466.6667 -10.0601
v -22.2979 -466.6667 16.5554
v -22.2979 -466.6667 -7.3215
v -0.0000 -466.6667 20.0363
v -0.0000 -466.6667 -5.8201
v 22.2979 -466.6667 16.5554
v 22.2979 -466.6667 -7.3215
v 44.5959 -466.6667 11.8373
v 44.5959 -466.6667 -10.0601
v 66.8938 -466.6667 5.8820
v 66.8938 -466.6667 -14.0359
v 89.1918 -466.6667 -1.3104
v 89.1918 -466.6667 -19.2489
v 111.4897 -466.6667 -9.7401
v 111.4897 -466.6667 -25.6991
v 133.7877 -466.6667 -19.4069
v 133.7877 -466.6667 -33.3864
v 156.0856 -466.6667 -30.3109
v 156.0856 -466.6667 -42.3109
v -171.2335 -506.2500 -32.3358
v -171.2335 -506.2500 -44.3358
v -146.7716 -506.2500 -20.7717
v -146.7716 -506.2500 -34.8834
v -122.3096 -506.2500 -10.5274
v -122.3096 -506.2500 -26.7509
v -97.8477 -506.2500 -1.6030
v -97.8477 -506.2500 -19.9382
v -73.3858 -506.2500 6.0016
v -73.3858 -506.2500 -14.4453
v -48.9239 -506.2500 12.2864
v -48.9239 -506.2500 -10.2722
v -24.4619 -506.2500 17.2513
v -24.4619 -506.2500 -7.4190
v -0.0000 -506.2500 20.8965
v -0.0000 -506.2500 -5.8856
v 24.4619 -506.2500 17.2513
v 24.4619 -506.2500 -7.4190
v 48.9239 -506.2500 12.2864
v 48.9239 -506.2500 -10.2722
v 73.3858 -506.2500 6.0016
v 73.3858 -506.2500 -14.4453
v 97.8477 -506.2500 -1.6030
v 97.8477 -506.2500 -19.9382
v 122.3096 -506.2500 -10.5274
v 122.3096 -506.2500 -26.7509
v 146.7716 -506.2500 -20.7717
v 146.7716 -506.2500 -34.8834
v 171.2335 -506.2500 -32.3358
v 171.2335 -506.2500 -44.3358
v -186.3814 -545.8333 -33.8074
v -186.3814 -545.8333 -45.8074
v -159.7555 -545.8333 -21.7653
v -159.7555 -545.8333 -35.9731
v -133.1296 -545.8333 -11.1030
v -133.1296 -545.8333 -27.5187
v -106.5036 -545.8333 -1.8207
v -106.5036 -545.8333 -20.4442
v -79.8777 -545.8333 6.0818
v -79.8777 -545.8333 -14.7495
v -53.2518 -545.8333 12.6043
v -53.2518 -545.8333 -10.4348
v -26.6259 -545.8333 17.7470
v -26.6259 -545.8333 -7.5000
v -0.0000 -545.8333 21.5098
v -0.0000 -545.8333 -5.9450
v 26.6259 -545.8333 17.7470
v 26.6259 -545.8333 -7.5000
v 53.2518 -545.8333 12.6043
v 53.2518 -545.8333 -10.4348
v 79.8777 -545.8333 6.0818
v 79.8777 -545.8333 -14.7495
v 106.5036 -545.8333 -1.8207
v 106.5036 -545.8333 -20.4442
v 133.1296 -545.8333 -11.1030
v 133.1296 -545.8333 -27.5187
v 159.7555 -545.8333 -21.7653
v 159.7555 -545.8333 -35.9731
v 186.3814 -545.8333 -33.8074
v 186.3814 -545.8333 -45.8074
v -176.7636 -585.4167 -34.7006
v -176.7636 -585.4167 -46.7006
v -151.5117 -585.4167 -22.3689
v -151.5117 -585.4167 -36.6351
v -126.2597 -585.4167 -11.4537
v -126.2597 -585.4167 -27.9860
v -101.0078 -585.4167 -1.9547
v -101.0078 -585.4167 -20.7532
v -75.7558 -585.4167 6.1278
v -75.7558 -585.4167 -14.9368
v -50.5039 -585.4167 12.7941
v -50.5039 -585.4167 -10.5367
v -25.2519 -585.4167 18.0439
v -25.2519 -585.4167 -7.5530
v -0.0000 -585.4167 21.8775
v -0.0000 -585.4167 -5.9856
v 25.2519 -585.4167 18.0439
v 25.2519 -585.4167 -7.5530
v 50.5039 -585.4167 12.7941
v 50.5039 -585.4167 -10.5367
v 75.7558 -585.4167 6.1278
v 75.7558 -585.4167 -14.9368
v 101.0078 -585.4167 -1.9547
v 101.0078 -585.4167 -20.7532
v 126.2597 -585.4167 -11.4537
v 126.2597 -585.4167 -27.9860
v 151.5117 -585.4167 -22.3689
v 151.5117 -585.4167 -36.6351
v 176.7636 -585.4167 -34.7006
v 176.7636 -585.4167 -46.7006
v -164.0090 -625.0000 -35.0000
v -164.0090 -625.0000 -47.0000
v -140.5792 -625.0000 -22.5714
v -140.5792 -625.0000 -36.8571
v -117.1493 -625.0000 -11.5714
v -117.1493 -625.0000 -28.1429
v -93.7194 -625.0000 -2.0000
v -93.7194 -625.0000 -20.8571
v -70.2896 -625.0000 6.1429
v -70.2896 -625.0000 -15.0000
v -46.8597 -625.0000 12.8571
v -46.8597 -625.0000 -10.5714
v -23.4299 -625.0000 18.1429
v -23.4299 -625.0000 -7.5714
v -0.0000 -625.0000 22.0000
v -0.0000 -625.0000 -6.0000
v 23.4299 -625.0000 18.1429
v 23.4299 -625.0000 -7.5714
v 46.8597 -625.0000 12.8571
v 46.8597 -625.0000 -10.5714
v 70.2896 -625.0000 6.1429
v 70.2896 -625.0000 -15.0000
v 93.7194 -625.0000 -2.0000
v 93.7194 -625.0000 -20.8571
v 117.1493 -625.0000 -11.5714
v 117.1493 -625.0000 -28.1429
v 140.5792 -625.0000 -22.5714
v 140.5792 -625.0000 -36.8571
v 164.0090 -625.0000 -35.0000
v 164.0090 -625.0000 -47.0000
v -150.1912 -664.5833 -34.7006
v -150.1912 -664.5833 -46.7006
v -128.7353 -664.5833 -22.3689
v -128.7353 -664.5833 -36.6351
v -107.2794 -664.5833 -11.4537
v -107.2794 -664.5833 -27.9860
v -85.8235 -664.5833 -1.9547
v -85.8235 -664.5833 -20.7532
v -64.3677 -664.5833 6.1278
v -64.3677 -664.5833 -14.9368
v -42.9118 -664.5833 12.7941
v -42.9118 -664.5833 -10.5367
v -21.4559 -664.5833 18.0439
v -21.4559 -664.5833 -7.5530
v -0.0000 -664.5833 21.8775
v -0.0000 -664.5833 -5.9856
v 21.4559 -664.5833 18.0439
v 21.4559 -664.5833 -7.5530
v 42.9118 -664.5833 12.7941
v 42.9118 -664.5833 -10.5367
v 64.3677 -664.5833 6.1278
v 64.3677 -664.5833 -14.9368
v 85.8235 -664.5833 -1.9547
v 85.8235 -664.5833 -20.7532
v 107.2794 -664.5833 -11.4537
v 107.2794 -664.5833 -27.9860
v 128.7353 -664.5833 -22.3689
v 128.7353 -664.5833 -36.6351
v 150.1912 -664.5833 -34.7006
v 150.1912 -664.5833 -46.7006
v -135.6171 -704.1667 -33.8074
v -135.6171 -704.1667 -45.8074
v -116.2432 -704.1667 -21.7653
v -116.2432 -704.1667 -35.9731
v -96.8693 -704.1667 -11.1030
v -96.8693 -704.1667 -27.5187
v -77.4955 -704.1667 -1.8207
v -77.4955 -704.1667 -20.4442
v -58.1216 -704.1667 6.0818
v -58.1216 -704.1667 -14.7495
v -38.7477 -704.1667 12.6043
v -38.7477 -704.1667 -10.4348
v -19.3739 -704.1667 17.7470
v -19.3739 -704.1667 -7.5000
v -0.0000 -704.1667 21.5098
v -0.0000 -704.1667 -5.9450
v 19.3739 -704.1667 17.7470
v 19.3739 -704.1667 -7.5000
v 38.7477 -704.1667 12.6043
v 38.7477 -704.1667 -10.4348
v 58.1216 -704.1667 6.0818
v 58.1216 -704.1667 -14.7495
v 77.4955 -704.1667 -1.8207
v 77.4955 -704.1667 -20.4442
v 96.8693 -704.1667 -11.1030
v 96.8693 -704.1667 -27.5187
v 116.2432 -704.1667 -21.7653
v 116.2432 -704.1667 -35.9731
v 135.6171 -704.1667 -33.8074
v 135.6171 -704.1667 -45.8074
v -120.5563 -743.7500 -32.3358
v -120.5563 -743.7500 -44.3358
v -103.3339 -743.7500 -20.7717
v -103.3339 -743.7500 -34.8834
v -86.1116 -743.7500 -10.5274
v -86.1116 -743.7500 -26.7509
v -68.8893 -743.7500 -1.6030
v -68.8893 -743.7500 -19.9382
v -51.6670 -743.7500 6.0016
v -51.6670 -743.7500 -14.4453
v -34.4446 -743.7500 12.2864
v -34.4446 -743.7500 -10.2722
v -17.2223 -743.7500 17.2513
v -17.2223 -743.7500 -7.4190
v -0.0000 -743.7500 20.8965
v -0.0000 -743.7500 -5.8856
v 17.2223 -743.7500 17.2513
v 17.2223 -743.7500 -7.4190
v 34.4446 -743.7500 12.2864
v 34.4446 -743.7500 -10.2722
v 51.6670 -743.7500 6.0016
v 51.6670 -743.7500 -14.4453
v 68.8893 -743.7500 -1.6030
v 68.8893 -743.7500 -19.9382
v 86.1116 -743.7500 -10.5274
v 86.1116 -743.7500 -26.7509
v 103.3339 -743.7500 -20.7717
v 103.3339 -743.7500 -34.8834
v 120.5563 -743.7500 -32.3358
v 120.5563 -743.7500 -44.3358
v -105.2485 -783.3333 -30.3109
v -105.2485 -783.3333 -42.3109
v -90.2130 -783.3333 -19.4069
v -90.2130 -783.3333 -33.3864
v -75.1775 -783.3333 -9.7401
v -75.1775 -783.3333 -25.6991
v -60.1420 -783.3333 -1.3104
v -60.1420 -783.3333 -19.2489
v -45.1065 -783.3333 5.8820
v -45.1065 -783.3333 -14.0359
v -30.0710 -783.3333 11.8373
v -30.0710 -783.3333 -10.0601
v -15.0355 -783.3333 16.5554
v -15.0355 -783.3333 -7.3215
v -0.0000 -783.3333 20.0363
v -0.0000 -783.3333 -5.8201
v 15.0355 -783.3333 16.5554
v 15.0355 -783.3333 -7.3215
v 30.0710 -783.3333 11.8373
v 30.0710 -783.3333 -10.0601
v 45.1065 -783.3333 5.8820
v 45.1065 -783.3333 -14.0359
v 60.1420 -783.3333 -1.3104
v 60.1420 -783.3333 -19.2489
v 75.1775 -783.3333 -9.7401
v 75.1775 -783.3333 -25.6991
v 90.2130 -783.3333 -19.4069
v 90.2130 -783.3333 -33.3864
v 105.2485 -783.3333 -30.3109
v 105.2485 -783.3333 -42.3109
v -89.9098 -822.9167 -27.7043
v -89.9098 -822.9167 -39.7043
v -77.0656 -822.9167 -17.6565
v -77.0656 -822.9167 -31.4699
v -64.2213 -822.9167 -8.7395
v -64.2213 -822.9167 -24.3662
v -51.3770 -822.9167 -0.9533
v -51.3770 -822.9167 -18.3934
v -38.5328 -822.9167 5.7022
v -38.5328 -822.9167 -13.5513
v -25.6885 -822.9167 11.2268
v -25.6885 -822.9167 -9.8401
v -12.8443 -822.9167 15.6207
v -12.8443 -822.9167 -7.2596
v -0.0000 -822.9167 18.8837
v -0.0000 -822.9167 -5.8099
v 12.8443 -822.9167 15.6207
v 12.8443 -822.9167 -7.2596
v 25.6885 -822.9167 11.2268
v 25.6885 -822.9167 -9.8401
v 38.5328 -822.9167 5.7022
v 38.5328 -822.9167 -13.5513
v 51.3770 -822.9167 -0.9533
v 51.3770 -822.9167 -18.3934
v 64.2213 -822.9167 -8.7395
v 64.2213 -822.9167 -24.3662
v 77.0656 -822.9167 -17.6565
v 77.0656 -822.9167 -31.4699
v 89.9098 -822.9167 -27.7043
v 89.9098 -822.9167 -39.7043
v -74.7390 -862.5000 -22.9155
v -74.7390 -862.5000 -34.9155
v -64.0620 -862.5000 -14.5128
v -64.0620 -862.5000 -28.1290
v -53.3850 -862.5000 -7.0454
v -53.3850 -862.5000 -22.2779
v -42.7080 -862.5000 -0.5133
v -42.7080 -862.5000 -17.3621
v -32.0310 -862.5000 5.0834
v -32.0310 -862.5000 -13.3816
v -21.3540 -862.5000 9.7448
v -21.3540 -862.5000 -10.3364
v -10.6770 -862.5000 13.4709
v -10.6770 -862.5000 -8.2266
v -0.0000 -862.5000 16.2616
v -0.0000 -862.5000 -7.0521
v 10.6770 -862.5000 13.4709
v 10.6770 -862.5000 -8.2266
v 21.3540 -862.5000 9.7448
v 21.3540 -862.5000 -10.3364
v 32.0310 -862.5000 5.0834
v 32.0310 -862.5000 -13.3816
v 42.7080 -862.5000 -0.5133
v 42.7080 -862.5000 -17.3621
v 53.3850 -862.5000 -7.0454
v 53.3850 -862.5000 -22.2779
v 64.0620 -862.5000 -14.5128
v 64.0620 -862.5000 -28.1290
v 74.7390 -862.5000 -22.9155
v 74.7390 -862.5000 -34.9155
v -59.9243 -902.0833 -16.5545
v -59.9243 -902.0833 -28.5545
v -51.3637 -902.0833 -10.3939
v -51.3637 -902.0833 -23.7854
v -42.8031 -902.0833 -4.9091
v -42.8031 -902.0833 -19.6920
v -34.2425 -902.0833 -0.0999
v -34.2425 -902.0833 -16.2743
v -25.6818 -902.0833 4.0336
v -25.6818 -902.0833 -13.5323
v -17.1212 -902.0833 7.4913
v -17.1212 -902.0833 -11.4659
v -8.5606 -902.0833 10.2734
v -8.5606 -902.0833 -10.0753
v -0.0000 -902.0833 12.3798
v -0.0000 -902.0833 -9.3604
v 8.5606 -902.0833 10.2734
v 8.5606 -902.0833 -10.0753
v 17.1212 -902.0833 7.4913
v 17.1212 -902.0833 -11.4659
v 25.6818 -902.0833 4.0336
v 25.6818 -902.0833 -13.5323
v 34.2425 -902.0833 -0.0999
v 34.2425 -902.0833 -16.2743
v 42.8031 -902.0833 -4.9091
v 42.8031 -902.0833 -19.6920
v 51.3637 -902.0833 -10.3939
v 51.3637 -902.0833 -23.7854
v 59.9243 -902.0833 -16.5545
v 59.9243 -902.0833 -28.5545
v -45.6527 -941.6667 -10.2023
v -45.6527 -941.6667 -22.2023
v -39.1309 -941.6667 -6.3279
v -39.1309 -941.6667 -19.4708
v -32.6091 -941.6667 -2.8700
v -32.6091 -941.6667 -17.1557
v -26.0873 -941.6667 0.1716
v -26.0873 -941.6667 -15.2570
v -19.5655 -941.6667 2.7967
v -19.5655 -941.6667 -13.7747
v -13.0436 -941.6667 5.0055
v -13.0436 -941.6667 -12.7088
v -6.5218 -941.6667 6.7978
v -6.5218 -941.6667 -12.0594
v -0.0000 -941.6667 8.1736
v -0.0000 -941.6667 -11.8264
v 6.5218 -941.6667 6.7978
v 6.5218 -941.6667 -12.0594
v 13.0436 -941.6667 5.0055
v 13.0436 -941.6667 -12.7088
v 19.5655 -941.6667 2.7967
v 19.5655 -941.6667 -13.7747
v 26.0873 -941.6667 0.1716
v 26.0873 -941.6667 -15.2570
v 32.6091 -941.6667 -2.8700
v 32.6091 -941.6667 -17.1557
v 39.1309 -941.6667 -6.3279
v 39.1309 -941.6667 -19.4708
v 45.6527 -941.6667 -10.2023
v 45.6527 -941.6667 -22.2023
v -32.1256 -981.2500 -5.0382
v -32.1256 -981.2500 -17.0382
v -27.5362 -981.2500 -3.0684
v -27.5362 -981.2500 -15.9431
v -22.9469 -981.2500 -1.3041
v -22.9469 -981.2500 -15.0535
v -18.3575 -981.2500 0.2545
v -18.3575 -981.2500 -14.3697
v -13.7681 -981.2500 1.6074
v -13.7681 -981.2500 -13.8914
v -9.1787 -981.2500 2.7547
v -9.1787 -981.2500 -13.6188
v -4.5894 -981.2500 3.6964
v -4.5894 -981.2500 -13.5519
v -0.0000 -981.2500 4.4324
v -0.0000 -981.2500 -13.6905
v 4.5894 -981.2500 3.6964
v 4.5894 -981.2500 -13.5519
v 9.1787 -981.2500 2.7547
v 9.1787 -981.2500 -13.6188
v 13.7681 -981.2500 1.6074
v 13.7681 -981.2500 -13.8914
v 18.3575 -981.2500 0.2545
v 18.3575 -981.2500 -14.3697
v 22.9469 -981.2500 -1.3041
v 22.9469 -981.2500 -15.0535
v 27.5362 -981.2500 -3.0684
v 27.5362 -981.2500 -15.9431
v 32.1256 -981.2500 -5.0382
v 32.1256 -981.2500 -17.0382
v -19.5916 -1020.8333 -1.7086
v -19.5916 -1020.8333 -13.7086
v -16.7928 -1020.8333 -1.0091
v -16.7928 -1020.8333 -13.6006
v -13.9940 -1020.8333 -0.3793
v -13.9940 -1020.8333 -13.5624
v -11.1952 -1020.8333 0.1808
v -11.1952 -1020.8333 -13.5940
v -8.3964 -1020.8333 0.6711
v -8.3964 -1020.8333 -13.6952
v -5.5976 -1020.8333 1.0917
v -5.5976 -1020.8333 -13.8662
v -2.7988 -1020.8333 1.4425
v -2.7988 -1020.8333 -14.1070
v -0.0000 -1020.8333 1.7236
v -0.0000 -1020.8333 -14.4175
v 2.7988 -1020.8333 1.4425
v 2.7988 -1020.8333 -14.1070
v 5.5976 -1020.8333 1.0917
v 5.5976 -1020.8333 -13.8662
v 8.3964 -1020.8333 0.6711
v 8.3964 -1020.8333 -13.6952
v 11.1952 -1020.8333 0.1808
v 11.1952 -1020.8333 -13.5940
v 13.9940 -1020.8333 -0.3793
v 13.9940 -1020.8333 -13.5624
v 16.7928 -1020.8333 -1.0091
v 16.7928 -1020.8333 -13.6006
v 19.5916 -1020.8333 -1.7086
v 19.5916 -1020.8333 -13.7086
v -8.4457 -1060.4167 -0.2399
v -8.4457 -1060.4167 -12.2399
v -7.2391 -1060.4167 -0.1323
v -7.2391 -1060.4167 -12.4307
v -6.0326 -1060.4167 -0.0345
v -6.0326 -1060.4167 -12.6312
v -4.8261 -1060.4167 0.0535
v -4.8261 -1060.4167 -12.8416
v -3.6196 -1060.4167 0.1317
v -3.6196 -1060.4167 -13.0617
v -2.4130 -1060.4167 0.2001
v -2.4130 -1060.4167 -13.2916
v -1.2065 -1060.4167 0.2587
v -1.2065 -1060.4167 -13.5314
v -0.0000 -1060.4167 0.3075
v -0.0000 -1060.4167 -13.7809
v 1.2065 -1060.4167 0.2587
v 1.2065 -1060.4167 -13.5314
v 2.4130 -1060.4167 0.2001
v 2.4130 -1060.4167 -13.2916
v 3.6196 -1060.4167 0.1317
v 3.6196 -1060.4167 -13.0617
v 4.8261 -1060.4167 0.0535
v 4.8261 -1060.4167 -12.8416
v 6.0326 -1060.4167 -0.0345
v 6.0326 -1060.4167 -12.6312
v 7.2391 -1060.4167 -0.1323
v 7.2391 -1060.4167 -12.4307
v 8.4457 -1060.4167 -0.2399
v 8.4457 -1060.4167 -12.2399
v -0.0000 -1100.0000 -0.0000
v -0.0000 -1100.0000 -12.0000
v -0.0000 -1100.0000 0.0000
v -0.0000 -1100.0000 -12.0000
v -0.0000 -1100.0000 0.0000
v -0.0000 -1100.0000 -12.0000
v -0.0000 -1100.0000 0.0000
v -0.0000 -1100.0000 -12.0000
v -0.0000 -1100.0000 0.0000
v -0.0000 -1100.0000 -12.0000
v -0.0000 -1100.0000 0.0000
v -0.0000 -1100.0000 -12.0000
v -0.0000 -1100.0000 0.0000
v -0.0000 -1100.0000 -12.0000
v -0.0000 -1100.0000 0.0000
v -0.0000 -1100.0000 -12.0000
v -0.0000 -1100.0000 0.0000
v -0.0000 -1100.0000 -12.0000
v -0.0000 -1100.0000 0.0000
v -0.0000 -1100.0000 -12.0000
v -0.0000 -1100.0000 0.0000
v -0.0000 -1100.0000 -12.0000
v -0.0000 -1100.0000 0.0000
v -0.0000 -1100.0000 -12.0000
v -0.0000 -1100.0000 0.0000
v -0.0000 -1100.0000 -12.0000
v -0.0000 -1100.0000 0.0000
v -0.0000 -1100.0000 -12.0000
v -0.0000 -1100.0000 -0.0000
v -0.0000 -1100.0000 -12.0000
v 106.0660 -106.0660 0.0000
v 106.0660 -106.0660 -12.0000
v 106.0660 -106.0660 0.0000
v 106.0660 -106.0660 -12.0000
v 106.0660 -106.0660 0.0000
v 106.0660 -106.0660 -12.0000
v 106.0660 -106.0660 0.0000
v 106.0660 -106.0660 -12.0000
v 106.0660 -106.0660 0.0000
v 106.0660 -106.0660 -12.0000
v 106.0660 -106.0660 0.0000
v 106.0660 -106.0660 -12.0000
v 106.0660 -106.0660 0.0000
v 106.0660 -106.0660 -12.0000
v 106.0660 -106.0660 0.0000
v 106.0660 -106.0660 -12.0000
v 106.0660 -106.0660 0.0000
v 106.0660 -106.0660 -12.0000
v 106.0660 -106.0660 0.0000
v 106.0660 -106.0660 -12.0000
v 106.0660 -106.0660 0.0000
v 106.0660 -106.0660 -12.0000
v 106.0660 -106.0660 0.0000
v 106.0660 -106.0660 -12.0000
v 106.0660 -106.0660 0.0000
v 106.0660 -106.0660 -12.0000
v 106.0660 -106.0660 0.0000
v 106.0660 -106.0660 -12.0000
v 106.0660 -106.0660 0.0000
v 106.0660 -106.0660 -12.0000
v 98.6647 -169.4466 -4.5684
v 98.6647 -169.4466 -16.5684
v 103.7205 -164.3908 -2.5198
v 103.7205 -164.3908 -14.8181
v 108.7764 -159.3349 -0.6576
v 108.7764 -159.3349 -13.2543
v 113.8322 -154.2791 1.0181
v 113.8322 -154.2791 -11.8769
v 118.8881 -149.2232 2.5074
v 118.8881 -149.2232 -10.6860
v 123.9440 -144.1674 3.8102
v 123.9440 -144.1674 -9.6816
v 128.9998 -139.1115 4.9265
v 128.9998 -139.1115 -8.8636
v 134.0557 -134.0557 5.8563
v 134.0557 -134.0557 -8.2321
v 139.1115 -128.9998 4.9265
v 139.1115 -128.9998 -8.8636
v 144.1674 -123.9440 3.8102
v 144.1674 -123.9440 -9.6816
v 149.2232 -118.8881 2.5074
v 149.2232 -118.8881 -10.6860
v 154.2791 -113.8322 1.0181
v 154.2791 -113.8322 -11.8769
v 159.3349 -108.7764 -0.6576
v 159.3349 -108.7764 -13.2543
v 164.3908 -103.7205 -2.5198
v 164.3908 -103.7205 -14.8181
v 169.4466 -98.6647 -4.5684
v 169.4466 -98.6647 -16.5684
v 115.9432 -208.1475 -9.0587
v 115.9432 -208.1475 -21.0587
v 122.5292 -201.5614 -5.3499
v 122.5292 -201.5614 -17.9414
v 129.1152 -194.9754 -2.0108
v 129.1152 -194.9754 -15.1940
v 135.7012 -188.3894 0.9585
v 135.7012 -188.3894 -12.8162
v 142.2872 -181.8034 3.5581
v 142.2872 -181.8034 -10.8082
v 148.8733 -175.2173 5.7879
v 148.8733 -175.2173 -9.1700
v 155.4593 -168.6313 7.6480
v 155.4593 -168.6313 -7.9015
v 162.0453 -162.0453 9.1384
v 162.0453 -162.0453 -7.0027
v 168.6313 -155.4593 7.6480
v 168.6313 -155.4593 -7.9015
v 175.2173 -148.8733 5.7879
v 175.2173 -148.8733 -9.1700
v 181.8034 -142.2872 3.5581
v 181.8034 -142.2872 -10.8082
v 188.3894 -135.7012 0.9585
v 188.3894 -135.7012 -12.8162
v 194.9754 -129.1152 -2.0108
v 194.9754 -129.1152 -15.1940
v 201.5614 -122.5292 -5.3499
v 201.5614 -122.5292 -17.9414
v 208.1475 -115.9432 -9.0587
v 208.1475 -115.9432 -21.0587
v 133.2216 -246.8483 -13.3939
v 133.2216 -246.8483 -25.3939
v 141.3378 -238.7321 -8.1571
v 141.3378 -238.7321 -21.0318
v 149.4540 -230.6159 -3.4670
v 149.4540 -230.6159 -17.2164
v 157.5702 -222.4997 0.6765
v 157.5702 -222.4997 -13.9476
v 165.6864 -214.3835 4.2732
v 165.6864 -214.3835 -11.2256
v 173.8026 -206.2673 7.3233
v 173.8026 -206.2673 -9.0502
v 181.9188 -198.1511 9.8267
v 181.9188 -198.1511 -7.4216
v 190.0349 -190.0349 11.7833
v 190.0349 -190.0349 -6.3396
v 198.1511 -181.9188 9.8267
v 198.1511 -181.9188 -7.4216
v 206.2673 -173.8026 7.3233
v 206.2673 -173.8026 -9.0502
v 214.3835 -165.6864 4.2732
v 214.3835 -165.6864 -11.2256
v 222.4997 -157.5702 0.6765
v 222.4997 -157.5702 -13.9476
v 230.6159 -149.4540 -3.4670
v 230.6159 -149.4540 -17.2164
v 238.7321 -141.3378 -8.1571
v 238.7321 -141.3378 -21.0318
v 246.8483 -133.2216 -13.3939
v 246.8483 -133.2216 -25.3939
v 150.5001 -285.5491 -17.5000
v 150.5001 -285.5491 -29.5000
v 160.1465 -275.9027 -10.8543
v 160.1465 -275.9027 -23.9971
v 169.7928 -266.2564 -4.9228
v 169.7928 -266.2564 -19.2085
v 179.4392 -256.6100 0.2944
v 179.4392 -256.6100 -15.1342
v 189.0855 -246.9637 4.7972
v 189.0855 -246.9637 -11.7742
v 198.7319 -237.3173 8.5858
v 198.7319 -237.3173 -9.1285
v 208.3782 -227.6709 11.6601
v 208.3782 -227.6709 -7.1970
v 218.0246 -218.0246 14.0202
v 218.0246 -218.0246 -5.9798
v 227.6709 -208.3782 11.6601
v 227.6709 -208.3782 -7.1970
v 237.3173 -198.7319 8.5858
v 237.3173 -198.7319 -9.1285
v 246.9637 -189.0855 4.7972
v 246.9637 -189.0855 -11.7742
v 256.6100 -179.4392 0.2944
v 256.6100 -179.4392 -15.1342
v 266.2564 -169.7928 -4.9228
v 266.2564 -169.7928 -19.2085
v 275.9027 -160.1465 -10.8543
v 275.9027 -160.1465 -23.9971
v 285.5491 -150.5001 -17.5000
v 285.5491 -150.5001 -29.5000
v 167.7786 -324.2499 -21.3067
v 167.7786 -324.2499 -33.3067
v 178.9551 -313.0734 -13.3776
v 178.9551 -313.0734 -26.7691
v 190.1316 -301.8969 -6.3183
v 190.1316 -301.8969 -21.1012
v 201.3081 -290.7203 -0.1286
v 201.3081 -290.7203 -16.3030
v 212.4847 -279.5438 5.1914
v 212.4847 -279.5438 -12.3744
v 223.6612 -268.3673 9.6418
v 223.6612 -268.3673 -9.3155
v 234.8377 -257.1908 13.2225
v 234.8377 -257.1908 -7.1262
v 246.0142 -246.0142 15.9336
v 246.0142 -246.0142 -5.8066
v 257.1908 -234.8377 13.2225
v 257.1908 -234.8377 -7.1262
v 268.3673 -223.6612 9.6418
v 268.3673 -223.6612 -9.3155
v 279.5438 -212.4847 5.1914
v 279.5438 -212.4847 -12.3744
v 290.7203 -201.3081 -0.1286
v 290.7203 -201.3081 -16.3030
v 301.8969 -190.1316 -6.3183
v 301.8969 -190.1316 -21.1012
v 313.0734 -178.9551 -13.3776
v 313.0734 -178.9551 -26.7691
v 324.2499 -167.7786 -21.3067
v 324.2499 -167.7786 -33.3067
v 185.0570 -362.9507 -24.7487
v 185.0570 -362.9507 -36.7487
v 197.7637 -350.2440 -15.6738
v 197.7637 -350.2440 -29.2901
v 210.4704 -337.5373 -7.6090
v 210.4704 -337.5373 -22.8415
v 223.1771 -324.8306 -0.5544
v 223.1771 -324.8306 -17.4031
v 235.8838 -312.1240 5.4901
v 235.8838 -312.1240 -12.9749
v 248.5905 -299.4173 10.5244
v 248.5905 -299.4173 -9.5568
v 261.2972 -286.7106 14.5486
v 261.2972 -286.7106 -7.1489
v 274.0039 -274.0039 17.5626
v 274.0039 -274.0039 -5.7511
v 286.7106 -261.2972 14.5486
v 286.7106 -261.2972 -7.1489
v 299.4173 -248.5905 10.5244
v 299.4173 -248.5905 -9.5568
v 312.1240 -235.8838 5.4901
v 312.1240 -235.8838 -12.9749
v 324.8306 -223.1771 -0.5544
v 324.8306 -223.1771 -17.4031
v 337.5373 -210.4704 -7.6090
v 337.5373 -210.4704 -22.8415
v 350.2440 -197.7637 -15.6738
v 350.2440 -197.7637 -29.2901
v 362.9507 -185.0570 -24.7487
v 362.9507 -185.0570 -36.7487
v 202.3355 -401.6515 -27.7674
v 202.3355 -401.6515 -39.7674
v 216.5724 -387.4147 -17.6967
v 216.5724 -387.4147 -31.5101
v 230.8092 -373.1778 -8.7594
v 230.8092 -373.1778 -24.3861
v 245.0461 -358.9410 -0.9554
v 245.0461 -358.9410 -18.3956
v 259.2829 -344.7041 5.7152
v 259.2829 -344.7041 -13.5384
v 273.5198 -330.4672 11.2524
v 273.5198 -330.4672 -9.8145
v 287.7567 -316.2304 15.6562
v 287.7567 -316.2304 -7.2240
v 301.9935 -301.9935 18.9267
v 301.9935 -301.9935 -5.7669
v 316.2304 -287.7567 15.6562
v 316.2304 -287.7567 -7.2240
v 330.4672 -273.5198 11.2524
v 330.4672 -273.5198 -9.8145
v 344.7041 -259.2829 5.7152
v 344.7041 -259.2829 -13.5384
v 358.9410 -245.0461 -0.9554
v 358.9410 -245.0461 -18.3956
v 373.1778 -230.8092 -8.7594
v 373.1778 -230.8092 -24.3861
v 387.4147 -216.5724 -17.6967
v 387.4147 -216.5724 -31.5101
v 401.6515 -202.3355 -27.7674
v 401.6515 -202.3355 -39.7674
v 219.6140 -440.3524 -30.3109
v 219.6140 -440.3524 -42.3109
v 235.3810 -424.5853 -19.4069
v 235.3810 -424.5853 -33.3864
v 251.1480 -408.8183 -9.7401
v 251.1480 -408.8183 -25.6991
v 266.9151 -393.0513 -1.3104
v 266.9151 -393.0513 -19.2489
v 282.6821 -377.2842 5.8820
v 282.6821 -377.2842 -14.0359
v 298.4491 -361.5172 11.8373
v 298.4491 -361.5172 -10.0601
v 314.2161 -345.7502 16.5554
v 314.2161 -345.7502 -7.3215
v 329.9832 -329.9832 20.0363
v 329.9832 -329.9832 -5.8201
v 345.7502 -314.2161 16.5554
v 345.7502 -314.2161 -7.3215
v 361.5172 -298.4491 11.8373
v 361.5172 -298.4491 -10.0601
v 377.2842 -282.6821 5.8820
v 377.2842 -282.6821 -14.0359
v 393.0513 -266.9151 -1.3104
v 393.0513 -266.9151 -19.2489
v 408.8183 -251.1480 -9.7401
v 408.8183 -251.1480 -25.6991
v 424.5853 -235.3810 -19.4069
v 424.5853 -235.3810 -33.3864
v 440.3524 -219.6140 -30.3109
v 440.3524 -219.6140 -42.3109
v 236.8924 -479.0532 -32.3358
v 236.8924 -479.0532 -44.3358
v 254.1896 -461.7560 -20.7717
v 254.1896 -461.7560 -34.8834
v 271.4868 -444.4588 -10.5274
v 271.4868 -444.4588 -26.7509
v 288.7840 -427.1616 -1.6030
v 288.7840 -427.1616 -19.9382
v 306.0812 -409.8644 6.0016
v 306.0812 -409.8644 -14.4453
v 323.3784 -392.5672 12.2864
v 323.3784 -392.5672 -10.2722
v 340.6756 -375.2700 17.2513
v 340.6756 -375.2700 -7.4190
v 357.9728 -357.9728 20.8965
v 357.9728 -357.9728 -5.8856
v 375.2700 -340.6756 17.2513
v 375.2700 -340.6756 -7.4190
v 392.5672 -323.3784 12.2864
v 392.5672 -323.3784 -10.2722
v 409.8644 -306.0812 6.0016
v 409.8644 -306.0812 -14.4453
v 427.1616 -288.7840 -1.6030
v 427.1616 -288.7840 -19.9382
v 444.4588 -271.4868 -10.5274
v 444.4588 -271.4868 -26.7509
v 461.7560 -254.1896 -20.7717
v 461.7560 -254.1896 -34.8834
v 479.0532 -236.8924 -32.3358
v 479.0532 -236.8924 -44.3358
v 254.1709 -517.7540 -33.8074
v 254.1709 -517.7540 -45.8074
v 272.9983 -498.9266 -21.7653
v 272.9983 -498.9266 -35.9731
v 291.8256 -480.0993 -11.1030
v 291.8256 -480.0993 -27.5187
v 310.6530 -461.2719 -1.8207
v 310.6530 -461.2719 -20.4442
v 329.4804 -442.4445 6.0818
v 329.4804 -442.4445 -14.7495
v 348.3077 -423.6172 12.6043
v 348.3077 -423.6172 -10.4348
v 367.1351 -404.7898 17.7470
v 367.1351 -404.7898 -7.5000
v 385.9625 -385.9625 21.5098
v 385.9625 -385.9625 -5.9450
v 404.7898 -367.1351 17.7470
v 404.7898 -367.1351 -7.5000
v 423.6172 -348.3077 12.6043
v 423.6172 -348.3077 -10.4348
v 442.4445 -329.4804 6.0818
v 442.4445 -329.4804 -14.7495
v 461.2719 -310.6530 -1.8207
v 461.2719 -310.6530 -20.4442
v 480.0993 -291.8256 -11.1030
v 480.0993 -291.8256 -27.5187
v 498.9266 -272.9983 -21.7653
v 498.9266 -272.9983 -35.9731
v 517.7540 -254.1709 -33.8074
v 517.7540 -254.1709 -45.8074
v 288.9613 -538.9429 -34.7006
v 288.9613 -538.9429 -46.7006
v 306.8172 -521.0870 -22.3689
v 306.8172 -521.0870 -36.6351
v 324.6730 -503.2312 -11.4537
v 324.6730 -503.2312 -27.9860
v 342.5288 -485.3754 -1.9547
v 342.5288 -485.3754 -20.7532
v 360.3846 -467.5196 6.1278
v 360.3846 -467.5196 -14.9368
v 378.2404 -449.6637 12.7941
v 378.2404 -449.6637 -10.5367
v 396.0963 -431.8079 18.0439
v 396.0963 -431.8079 -7.5530
v 413.9521 -413.9521 21.8775
v 413.9521 -413.9521 -5.9856
v 431.8079 -396.0963 18.0439
v 431.8079 -396.0963 -7.5530
v 449.6637 -378.2404 12.7941
v 449.6637 -378.2404 -10.5367
v 467.5196 -360.3846 6.1278
v 467.5196 -360.3846 -14.9368
v 485.3754 -342.5288 -1.9547
v 485.3754 -342.5288 -20.7532
v 503.2312 -324.6730 -11.4537
v 503.2312 -324.6730 -27.9860
v 521.0870 -306.8172 -22.3689
v 521.0870 -306.8172 -36.6351
v 538.9429 -288.9613 -34.7006
v 538.9429 -288.9613 -46.7006
v 325.9699 -557.9136 -35.0000
v 325.9699 -557.9136 -47.0000
v 342.5373 -541.3462 -22.5714
v 342.5373 -541.3462 -36.8571
v 359.1047 -524.7788 -11.5714
v 359.1047 -524.7788 -28.1429
v 375.6721 -508.2114 -2.0000
v 375.6721 -508.2114 -20.8571
v 392.2395 -491.6440 6.1429
v 392.2395 -491.6440 -15.0000
v 408.8069 -475.0766 12.8571
v 408.8069 -475.0766 -10.5714
v 425.3743 -458.5092 18.1429
v 425.3743 -458.5092 -7.5714
v 441.9417 -441.9417 22.0000
v 441.9417 -441.9417 -6.0000
v 458.5092 -425.3743 18.1429
v 458.5092 -425.3743 -7.5714
v 475.0766 -408.8069 12.8571
v 475.0766 -408.8069 -10.5714
v 491.6440 -392.2395 6.1429
v 491.6440 -392.2395 -15.0000
v 508.2114 -375.6721 -2.0000
v 508.2114 -375.6721 -20.8571
v 524.7788 -359.1047 -11.5714
v 524.7788 -359.1047 -28.1429
v 541.3462 -342.5373 -22.5714
v 541.3462 -342.5373 -36.8571
v 557.9136 -325.9699 -35.0000
v 557.9136 -325.9699 -47.0000
v 363.7302 -576.1326 -34.7006
v 363.7302 -576.1326 -46.7006
v 378.9018 -560.9610 -22.3689
v 378.9018 -560.9610 -36.6351
v 394.0734 -545.7894 -11.4537
v 394.0734 -545.7894 -27.9860
v 409.2450 -530.6178 -1.9547
v 409.2450 -530.6178 -20.7532
v 424.4166 -515.4462 6.1278
v 424.4166 -515.4462 -14.9368
v 439.5882 -500.2746 12.7941
v 439.5882 -500.2746 -10.5367
v 454.7598 -485.1030 18.0439
v 454.7598 -485.1030 -7.5530
v 469.9314 -469.9314 21.8775
v 469.9314 -469.9314 -5.9856
v 485.1030 -454.7598 18.0439
v 485.1030 -454.7598 -7.5530
v 500.2746 -439.5882 12.7941
v 500.2746 -439.5882 -10.5367
v 515.4462 -424.4166 6.1278
v 515.4462 -424.4166 -14.9368
v 530.6178 -409.2450 -1.9547
v 530.6178 -409.2450 -20.7532
v 545.7894 -394.0734 -11.4537
v 545.7894 -394.0734 -27.9860
v 560.9610 -378.9018 -22.3689
v 560.9610 -378.9018 -36.6351
v 576.1326 -363.7302 -34.7006
v 576.1326 -363.7302 -46.7006
v 402.0253 -593.8168 -33.8074
v 402.0253 -593.8168 -45.8074
v 415.7247 -580.1174 -21.7653
v 415.7247 -580.1174 -35.9731
v 429.4241 -566.4180 -11.1030
v 429.4241 -566.4180 -27.5187
v 443.1235 -552.7186 -1.8207
v 443.1235 -552.7186 -20.4442
v 456.8228 -539.0192 6.0818
v 456.8228 -539.0192 -14.7495
v 470.5222 -525.3198 12.6043
v 470.5222 -525.3198 -10.4348
v 484.2216 -511.6204 17.7470
v 484.2216 -511.6204 -7.5000
v 497.9210 -497.9210 21.5098
v 497.9210 -497.9210 -5.9450
v 511.6204 -484.2216 17.7470
v 511.6204 -484.2216 -7.5000
v 525.3198 -470.5222 12.6043
v 525.3198 -470.5222 -10.4348
v 539.0192 -456.8228 6.0818
v 539.0192 -456.8228 -14.7495
v 552.7186 -443.1235 -1.8207
v 552.7186 -443.1235 -20.4442
v 566.4180 -429.4241 -11.1030
v 566.4180 -429.4241 -27.5187
v 580.1174 -415.7247 -21.7653
v 580.1174 -415.7247 -35.9731
v 593.8168 -402.0253 -33.8074
v 593.8168 -402.0253 -45.8074
v 440.6645 -611.1568 -32.3358
v 440.6645 -611.1568 -44.3358
v 452.8425 -598.9788 -20.7717
v 452.8425 -598.9788 -34.8834
v 465.0206 -586.8008 -10.5274
v 465.0206 -586.8008 -26.7509
v 477.1986 -574.6228 -1.6030
v 477.1986 -574.6228 -19.9382
v 489.3766 -562.4447 6.0016
v 489.3766 -562.4447 -14.4453
v 501.5546 -550.2667 12.2864
v 501.5546 -550.2667 -10.2722
v 513.7326 -538.0887 17.2513
v 513.7326 -538.0887 -7.4190
v 525.9107 -525.9107 20.8965
v 525.9107 -525.9107 -5.8856
v 538.0887 -513.7326 17.2513
v 538.0887 -513.7326 -7.4190
v 550.2667 -501.5546 12.2864
v 550.2667 -501.5546 -10.2722
v 562.4447 -489.3766 6.0016
v 562.4447 -489.3766 -14.4453
v 574.6228 -477.1986 -1.6030
v 574.6228 -477.1986 -19.9382
v 586.8008 -465.0206 -10.5274
v 586.8008 -465.0206 -26.7509
v 598.9788 -452.8425 -20.7717
v 598.9788 -452.8425 -34.8834
v 611.1568 -440.6645 -32.3358
v 611.1568 -440.6645 -44.3358
v 479.4784 -628.3222 -30.3109
v 479.4784 -628.3222 -42.3109
v 490.1101 -617.6905 -19.4069
v 490.1101 -617.6905 -33.3864
v 500.7418 -607.0588 -9.7401
v 500.7418 -607.0588 -25.6991
v 511.3735 -596.4271 -1.3104
v 511.3735 -596.4271 -19.2489
v 522.0052 -585.7954 5.8820
v 522.0052 -585.7954 -14.0359
v 532.6369 -575.1637 11.8373
v 532.6369 -575.1637 -10.0601
v 543.2686 -564.5320 16.5554
v 543.2686 -564.5320 -7.3215
v 553.9003 -553.9003 20.0363
v 553.9003 -553.9003 -5.8201
v 564.5320 -543.2686 16.5554
v 564.5320 -543.2686 -7.3215
v 575.1637 -532.6369 11.8373
v 575.1637 -532.6369 -10.0601
v 585.7954 -522.0052 5.8820
v 585.7954 -522.0052 -14.0359
v 596.4271 -511.3735 -1.3104
v 596.4271 -511.3735 -19.2489
v 607.0588 -500.7418 -9.7401
v 607.0588 -500.7418 -25.6991
v 617.6905 -490.1101 -19.4069
v 617.6905 -490.1101 -33.3864
v 628.3222 -479.4784 -30.3109
v 628.3222 -479.4784 -42.3109
v 518.3141 -645.4658 -27.7043
v 518.3141 -645.4658 -39.7043
v 527.3964 -636.3835 -17.6565
v 527.3964 -636.3835 -31.4699
v 536.4786 -627.3013 -8.7395
v 536.4786 -627.3013 -24.3662
v 545.5609 -618.2190 -0.9533
v 545.5609 -618.2190 -18.3934
v 554.6432 -609.1367 5.7022
v 554.6432 -609.1367 -13.5513
v 563.7254 -600.0545 11.2268
v 563.7254 -600.0545 -9.8401
v 572.8077 -590.9722 15.6207
v 572.8077 -590.9722 -7.2596
v 581.8900 -581.8900 18.8837
v 581.8900 -581.8900 -5.8099
v 590.9722 -572.8077 15.6207
v 590.9722 -572.8077 -7.2596
v 600.0545 -563.7254 11.2268
v 600.0545 -563.7254 -9.8401
v 609.1367 -554.6432 5.7022
v 609.1367 -554.6432 -13.5513
v 618.2190 -545.5609 -0.9533
v 618.2190 -545.5609 -18.3934
v 627.3013 -536.4786 -8.7395
v 627.3013 -536.4786 -24.3662
v 636.3835 -527.3964 -17.6565
v 636.3835 -527.3964 -31.4699
v 645.4658 -518.3141 -27.7043
v 645.4658 -518.3141 -39.7043
v 557.0311 -662.7281 -22.9155
v 557.0311 -662.7281 -34.9155
v 564.5809 -655.1783 -14.5128
v 564.5809 -655.1783 -28.1290
v 572.1307 -647.6285 -7.0454
v 572.1307 -647.6285 -22.2779
v 579.6805 -640.0787 -0.5133
v 579.6805 -640.0787 -17.3621
v 587.2303 -632.5289 5.0834
v 587.2303 -632.5289 -13.3816
v 594.7800 -624.9792 9.7448
v 594.7800 -624.9792 -10.3364
v 602.3298 -617.4294 13.4709
v 602.3298 -617.4294 -8.2266
v 609.8796 -609.8796 16.2616
v 609.8796 -609.8796 -7.0521
v 617.4294 -602.3298 13.4709
v 617.4294 -602.3298 -8.2266
v 624.9792 -594.7800 9.7448
v 624.9792 -594.7800 -10.3364
v 632.5289 -587.2303 5.0834
v 632.5289 -587.2303 -13.3816
v 640.0787 -579.6805 -0.5133
v 640.0787 -579.6805 -17.3621
v 647.6285 -572.1307 -7.0454
v 647.6285 -572.1307 -22.2779
v 655.1783 -564.5809 -14.5128
v 655.1783 -564.5809 -28.1290
v 662.7281 -557.0311 -22.9155
v 662.7281 -557.0311 -34.9155
v 595.4964 -680.2421 -16.5545
v 595.4964 -680.2421 -28.5545
v 601.5496 -674.1889 -10.3939
v 601.5496 -674.1889 -23.7854
v 607.6029 -668.1356 -4.9091
v 607.6029 -668.1356 -19.6920
v 613.6562 -662.0823 -0.0999
v 613.6562 -662.0823 -16.2743
v 619.7094 -656.0291 4.0336
v 619.7094 -656.0291 -13.5323
v 625.7627 -649.9758 7.4913
v 625.7627 -649.9758 -11.4659
v 631.8160 -643.9225 10.2734
v 631.8160 -643.9225 -10.0753
v 637.8692 -637.8692 12.3798
v 637.8692 -637.8692 -9.3604
v 643.9225 -631.8160 10.2734
v 643.9225 -631.8160 -10.0753
v 649.9758 -625.7627 7.4913
v 649.9758 -625.7627 -11.4659
v 656.0291 -619.7094 4.0336
v 656.0291 -619.7094 -13.5323
v 662.0823 -613.6562 -0.0999
v 662.0823 -613.6562 -16.2743
v 668.1356 -607.6029 -4.9091
v 668.1356 -607.6029 -19.6920
v 674.1889 -601.5496 -10.3939
v 674.1889 -601.5496 -23.7854
v 680.2421 -595.4964 -16.5545
v 680.2421 -595.4964 -28.5545
v 633.5775 -698.1402 -10.2023
v 633.5775 -698.1402 -22.2023
v 638.1892 -693.5286 -6.3279
v 638.1892 -693.5286 -19.4708
v 642.8008 -688.9170 -2.8700
v 642.8008 -688.9170 -17.1557
v 647.4124 -684.3054 0.1716
v 647.4124 -684.3054 -15.2570
v 652.0240 -679.6938 2.7967
v 652.0240 -679.6938 -13.7747
v 656.6356 -675.0821 5.0055
v 656.6356 -675.0821 -12.7088
v 661.2473 -670.4705 6.7978
v 661.2473 -670.4705 -12.0594
v 665.8589 -665.8589 8.1736
v 665.8589 -665.8589 -11.8264
v 670.4705 -661.2473 6.7978
v 670.4705 -661.2473 -12.0594
v 675.0821 -656.6356 5.0055
v 675.0821 -656.6356 -12.7088
v 679.6938 -652.0240 2.7967
v 679.6938 -652.0240 -13.7747
v 684.3054 -647.4124 0.1716
v 684.3054 -647.4124 -15.2570
v 688.9170 -642.8008 -2.8700
v 688.9170 -642.8008 -17.1557
v 693.5286 -638.1892 -6.3279
v 693.5286 -638.1892 -19.4708
v 698.1402 -633.5775 -10.2023
v 698.1402 -633.5775 -22.2023
v 671.1323 -716.5648 -5.0382
v 671.1323 -716.5648 -17.0382
v 674.3775 -713.3196 -3.0684
v 674.3775 -713.3196 -15.9431
v 677.6227 -710.0744 -1.3041
v 677.6227 -710.0744 -15.0535
v 680.8678 -706.8292 0.2545
v 680.8678 -706.8292 -14.3697
v 684.1130 -703.5841 1.6074
v 684.1130 -703.5841 -13.8914
v 687.3582 -700.3389 2.7547
v 687.3582 -700.3389 -13.6188
v 690.6034 -697.0937 3.6964
v 690.6034 -697.0937 -13.5519
v 693.8485 -693.8485 4.4324
v 693.8485 -693.8485 -13.6905
v 697.0937 -690.6034 3.6964
v 697.0937 -690.6034 -13.5519
v 700.3389 -687.3582 2.7547
v 700.3389 -687.3582 -13.6188
v 703.5841 -684.1130 1.6074
v 703.5841 -684.1130 -13.8914
v 706.8292 -680.8678 0.2545
v 706.8292 -680.8678 -14.3697
v 710.0744 -677.6227 -1.3041
v 710.0744 -677.6227 -15.0535
v 713.3196 -674.3775 -3.0684
v 713.3196 -674.3775 -15.9431
v 716.5648 -671.1323 -5.0382
v 716.5648 -671.1323 -17.0382
v 707.9848 -735.6915 -1.7086
v 707.9848 -735.6915 -13.7086
v 709.9639 -733.7125 -1.0091
v 709.9639 -733.7125 -13.6006
v 711.9429 -731.7334 -0.3793
v 711.9429 -731.7334 -13.5624
v 713.9220 -729.7544 0.1808
v 713.9220 -729.7544 -13.5940
v 715.9010 -727.7753 0.6711
v 715.9010 -727.7753 -13.6952
v 717.8801 -725.7963 1.0917
v 717.8801 -725.7963 -13.8662
v 719.8591 -723.8172 1.4425
v 719.8591 -723.8172 -14.1070
v 721.8382 -721.8382 1.7236
v 721.8382 -721.8382 -14.4175
v 723.8172 -719.8591 1.4425
v 723.8172 -719.8591 -14.1070
v 725.7963 -717.8801 1.0917
v 725.7963 -717.8801 -13.8662
v 727.7753 -715.9010 0.6711
v 727.7753 -715.9010 -13.6952
v 729.7544 -713.9220 0.1808
v 729.7544 -713.9220 -13.5940
v 731.7334 -711.9429 -0.3793
v 731.7334 -711.9429 -13.5624
v 733.7125 -709.9639 -1.0091
v 733.7125 -709.9639 -13.6006
v 735.6915 -707.9848 -1.7086
v 735.6915 -707.9848 -13.7086
v 743.8558 -755.7998 -0.2399
v 743.8558 -755.7998 -12.2399
v 744.7090 -754.9467 -0.1323
v 744.7090 -754.9467 -12.4307
v 745.5621 -754.0935 -0.0345
v 745.5621 -754.0935 -12.6312
v 746.4153 -753.2404 0.0535
v 746.4153 -753.2404 -12.8416
v 747.2684 -752.3872 0.1317
v 747.2684 -752.3872 -13.0617
v 748.1215 -751.5341 0.2001
v 748.1215 -751.5341 -13.2916
v 748.9747 -750.6810 0.2587
v 748.9747 -750.6810 -13.5314
v 749.8278 -749.8278 0.3075
v 749.8278 -749.8278 -13.7809
v 750.6810 -748.9747 0.2587
v 750.6810 -748.9747 -13.5314
v 751.5341 -748.1215 0.2001
v 751.5341 -748.1215 -13.2916
v 752.3872 -747.2684 0.1317
v 752.3872 -747.2684 -13.0617
v 753.2404 -746.4153 0.0535
v 753.2404 -746.4153 -12.8416
v 754.0935 -745.5621 -0.0345
v 754.0935 -745.5621 -12.6312
v 754.9467 -744.7090 -0.1323
v 754.9467 -744.7090 -12.4307
v 755.7998 -743.8558 -0.2399
v 755.7998 -743.8558 -12.2399
v 777.8175 -777.8175 -0.0000
v 777.8175 -777.8175 -12.0000
v 777.8175 -777.8175 0.0000
v 777.8175 -777.8175 -12.0000
v 777.8175 -777.8175 0.0000
v 777.8175 -777.8175 -12.0000
v 777.8175 -777.8175 0.0000
v 777.8175 -777.8175 -12.0000
v 777.8175 -777.8175 0.0000
v 777.8175 -777.8175 -12.0000
v 777.8175 -777.8175 0.0000
v 777.8175 -777.8175 -12.0000
v 777.8175 -777.8175 0.0000
v 777.8175 -777.8175 -12.0000
v 777.8175 -777.8175 0.0000
v 777.8175 -777.8175 -12.0000
v 777.8175 -777.8175 0.0000
v 777.8175 -777.8175 -12.0000
v 777.8175 -777.8175 0.0000
v 777.8175 -777.8175 -12.0000
v 777.8175 -777.8175 0.0000
v 777.8175 -777.8175 -12.0000
v 777.8175 -777.8175 0.0000
v 777.8175 -777.8175 -12.0000
v 777.8175 -777.8175 0.0000
v 777.8175 -777.8175 -12.0000
v 777.8175 -777.8175 0.0000
v 777.8175 -777.8175 -12.0000
v 777.8175 -777.8175 -0.0000
v 777.8175 -777.8175 -12.0000
# 6000 vertices

vn 0.0000 0.0000 1.0000
vn 0.0000 0.0000 -1.0000
vn 0.0000 0.0000 1.0000
vn 0.0000 0.0000 -1.0000
vn 0.0000 0.0000 1.0000
vn 0.0000 0.0000 -1.0000
vn 0.0000 0.0000 1.0000
vn 0.0000 0.0000 -1.0000
vn 0.0000 0.0000 1.0000
vn 0.0000 0.0000 -1.0000
vn 0.0000 0.0000 1.0000
vn 0.0000 0.0000 -1.0000
vn 0.0000 0.0000 1.0000
vn 0.0000 0.0000 -1.0000
vn 0.0000 0.0000 1.0000
vn 0.0000 0.0000 -1.0000
vn 0.0000 0.0000 1.0000
vn 0.0000 0.0000 -1.0000
vn 0.0000 0.0000 1.0000
vn 0.0000 0.0000 -1.0000
vn 0.0000 0.0000 1.0000
vn 0.0000 0.0000 -1.0000
vn 0.0000 0.0000 1.0000
vn 0.0000 0.0000 -1.0000
vn 0.0000 0.0000 1.0000
vn 0.0000 0.0000 -1.0000
vn 0.0000 0.0000 1.0000
vn 0.0000 0.0000 -1.0000
vn 0.0000 0.0000 1.0000
vn 0.0000 0.0000 -1.0000
vn 0.0000 0.0000 1.0000
vn 0.0000 0.0000 -1.0000
vn 0.0000 0.0000 1.0000
vn 0.0000 0.0000 -1.0000
vn 0.0000 0.0000 1.0000
vn 0.0000 0.0000 -1.0000
vn 0.0000 0.0000 1.0000
vn 0.0000 0.0000 -1.0000
vn 0.0000 0.0000 1.0000
vn 0.0000 0.0000 -1.0000
vn 0.0000 0.0000 1.0000
vn 0.0000 0.0000 -1.0000
vn 0.0000 0.0000 1.0000
vn 0.0000 0.0000 -1.0000
vn 0.0000 0.0000 1.0000
vn 0.0000 0.0000 -1.0000
vn 0.0000 0.0000 1.0000
vn 0.0000 0.0000 -1.0000
vn 0.0000 0.0000 1.0000
vn 0.0000 0.0000 -1.0000
vn 0.0000 0.0000 1.0000
vn 0.0000 0.0000 -1.0000
vn 0.0000 0.0000 1.0000
vn 0.0000 0.0000 -1.0000
vn 0.0000 0.0000 1.0000
vn 0.0000 0.0000 -1.0000
vn 0.0000 0.0000 1.0000
vn 0.0000 0.0000 -1.0000
vn 0.0000 0.0000 1.0000
vn 0.0000 0.0000 -1.0000
vn 0.0000 0.0000 1.0000
vn 0.0000 0.0000 -1.0000
vn 0.0000 0.0000 1.0000
vn 0.0000 0.0000 -1.0000
vn 0.0000 0.0000 1.0000
vn 0.0000 0.0000 -1.0000
vn 0.0000 0.0000 1.0000
vn 0.0000 0.0000 -1.0000
vn 0.0000 0.0000 1.0000
vn 0.0000 0.0000 -1.0000
vn 0.0000 0.0000 1.0000
vn 0.0000 0.0000 -1.0000
vn 0.0000 0.0000 1.0000
vn 0.0000 0.0000 -1.0000
vn 0.0000 0.0000 1.0000
vn 0.0000 0.0000 -1.0000
vn 0.0000 0.0000 1.0000
vn 0.0000 0.0000 -1.0000
vn 0.0000 0.0000 1.0000
vn 0.0000 0.0000 -1.0000
vn 0.0000 0.0000 1.0000
vn 0.0000 0.0000 -1.0000
vn 0.0000 0.0000 1.0000
vn 0.0000 0.0000 -1.0000
vn 0.0000 0.0000 1.0000
vn 0.0000 0.0000 -1.0000
vn 0.0000 0.0000 1.0000
vn 0.0000 0.0000 -1.0000
vn 0.0000 0.0000 1.0000
vn 0.0000 0.0000 -1.0000
vn 0.0000 0.0000 1.0000
vn 0.0000 0.0000 -1.0000
vn 0.0000 0.0000 1.0000
vn 0.0000 0.0000 -1.0000
vn 0.0000 0.0000 1.0000
vn 0.0000 0.0000 -1.0000
vn 0.0000 0.0000 1.0000
vn 0.0000 0.0000 -1.0000
vn 0.0000 0.0000 1.0000
vn 0.0000 0.0000 -1.0000
vn 0.0000 0.0000 1.0000
vn 0.0000 0.0000 -1.0000
vn 0.0000 0.0000 1.0000
vn 0.0000 0.0000 -1.0000
vn 0.0000 0.0000 1.0000
vn 0.0000 0.0000 -1.0000
vn 0.0000 0.0000 1.0000
vn 0.0000 0.0000 -1.0000
vn 0.0000 0.0000 1.0000
vn 0.0000 0.0000 -1.0000
vn 0.0000 0.0000 1.0000
vn 0.0000 0.0000 -1.0000
vn 0.0000 0.0000 1.0000
vn 0.0000 0.0000 -1.0000
vn 0.0000 0.0000 1.0000
vn 0.0000 0.0000 -1.0000
vn 0.0000 0.0000 1.0000
vn 0.0000 0.0000 -1.0000
vn 0.0000 0.0000 1.0000
vn 0.0000 0.0000 -1.0000
vn 0.0000 0.0000 1.0000
vn 0.0000 0.0000 -1.0000
vn 0.0000 0.0000 1.0000
vn 0.0000 0.0000 -1.0000
vn 0.0000 0.0000 1.0000
vn 0.0000 0.0000 -1.0000
vn 0.0000 0.0000 1.0000
vn 0.0000 0.0000 -1.0000
vn 0.0000 0.0000 1.0000
vn 0.0000 0.0000 -1.0000
vn 0.0000 0.0000 1.0000
vn 0.0000 0.0000 -1.0000
vn 0.0000 0.0000 1.0000
vn 0.0000 0.0000 -1.0000
vn 0.0000 0.0000 1.0000
vn 0.0000 0.0000 -1.0000
vn 0.0000 0.0000 1.0000
vn 0.0000 0.0000 -1.0000
vn 0.0000 0.0000 1.0000
vn 0.0000 0.0000 -1.0000
vn 0.0000 0.0000 1.0000
vn 0.0000 0.0000 -1.0000
vn 0.0000 0.0000 1.0000
vn 0.0000 0.0000 -1.0000
vn 0.0000 0.0000 1.0000
vn 0.0000 0.0000 -1.0000
vn 0.0000 0.0000 1.0000
vn 0.0000 0.0000 -1.0000
vn 0.0000 0.0000 1.0000
vn 0.0000 0.0000 -1.0000
vn 0.0000 0.0000 1.0000
vn 0.0000 0.0000 -1.0000
vn 0.0000 0.0000 1.0000
vn 0.0000 0.0000 -1.0000
vn 0.0000 0.0000 1.0000
vn 0.0000 0.0000 -1.0000
vn 0.0000 0.0000 1.0000
vn 0.0000 0.0000 -1.0000
vn 0.0000 0.0000 1.0000
vn 0.0000 0.0000 -1.0000
vn 0.0000 0.0000 1.0000
vn 0.0000 0.0000 -1.0000
vn 0.0000 0.0000 1.0000
vn 0.0000 0.0000 -1.0000
vn 0.0000 0.0000 1.0000
vn 0.0000 0.0000 -1.0000
vn 0.0000 0.0000 1.0000
vn 0.0000 0.0000 -1.0000
vn 0.0000 0.0000 1.0000
vn 0.0000 0.0000 -1.0000
vn 0.0000 0.0000 1.0000
vn 0.0000 0.0000 -1.0000
vn 0.0000 0.0000 1.0000
vn 0.0000 0.0000 -1.0000
vn 0.0000 0.0000 1.0000
vn 0.0000 0.0000 -1.0000
vn 0.0000 0.0000 1.0000
vn 0.0000 0.0000 -1.0000
vn 0.0000 0.0000 1.0000
vn 0.0000 0.0000 -1.0000
vn 0.0000 0.0000 1.0000
vn 0.0000 0.0000 -1.0000
vn 0.0000 0.0000 1.0000
vn 0.0000 0.0000 -1.0000
vn 0.0000 0.0000 1.0000
vn 0.0000 0.0000 -1.0000
vn 0.0000 0.0000 1.0000
vn 0.0000 0.0000 -1.0000
vn 0.0000 0.0000 1.0000
vn 0.0000 0.0000 -1.0000
vn 0.0000 0.0000 1.0000
vn 0.0000 0.0000 -1.0000
vn 0.0000 0.0000 1.0000
vn 0.0000 0.0000 -1.0000
vn 0.0000 0.0000 1.0000
vn 0.0000 0.0000 -1.0000
vn 0.0000 0.0000 1.0000
vn 0.0000 0.0000 -1.0000
vn 0.0000 0.0000 1.0000
vn 0.0000 0.0000 -1.0000
vn 0.0000 0.0000 1.0000
vn 0.0000 0.0000 -1.0000
vn 0.0000 0.0000 1.0000
vn 0.0000 0.0000 -1.0000
vn 0.0000 0.0000 1.0000
vn 0.0000 0.0000 -1.0000
vn 0.0000 0.0000 1.0000
vn 0.0000 0.0000 -1.0000
vn 0.0000 0.0000 1.0000
vn 0.0000 0.0000 -1.0000
vn 0.0000 0.0000 1.0000
vn 0.0000 0.0000 -1.0000
vn 0.0000 0.0000 1.0000
vn 0.0000 0.0000 -1.0000
vn 0.0000 0.0000 1.0000
vn 0.0000 0.0000 -1.0000
vn 0.0000 0.0000 1.0000
vn 0.0000 0.0000 -1.0000
vn 0.0000 0.0000 1.0000
vn 0.0000 0.0000 -1.0000
vn 0.0000 0.0000 1.0000
vn 0.0000 0.0000 -1.0000
vn 0.0000 0.0000 1.0000
vn 0.0000 0.0000 -1.0000
vn 0.0000 0.0000 1.0000
vn 0.0000 0.0000 -1.0000
vn 0.0000 0.0000 1.0000
vn 0.0000 0.0000 -1.0000
vn 0.0000 0.0000 1.0000
vn 0.0000 0.0000 -1.0000
vn 0.0000 0.0000 1.0000
vn 0.0000 0.0000 -1.0000
vn 0.0000 0.0000 1.0000
vn 0.0000 0.0000 -1.0000
vn 0.0000 0.0000 1.0000
vn 0.0000 0.0000 -1.0000
vn 0.0000 0.0000 1.0000
vn 0.0000 0.0000 -1.0000
vn 0.0000 0.0000 1.0000
vn 0.0000 0.0000 -1.0000
vn 0.0000 0.0000 1.0000
vn 0.0000 0.0000 -1.0000
vn 0.0000 0.0000 1.0000
vn 0.0000 0.0000 -1.0000
vn 0.0000 0.0000 1.0000
vn 0.0000 0.0000 -1.0000
vn 0.0000 0.0000 1.0000
vn 0.0000 0.0000 -1.0000
vn 0.0000 0.0000 1.0000
vn 0.0000 0.0000 -1.0000
vn 0.0000 0.0000 1.0000
vn 0.0000 0.0000 -1.0000
vn 0.0000 0.0000 1.0000
vn 0.0000 0.0000 -1.0000
vn 0.0000 0.0000 1.0000
vn 0.0000 0.0000 -1.0000
vn 0.0000 0.0000 1.0000
vn 0.0000 0.0000 -1.0000
vn 0.0000 0.0000 1.0000
vn 0.0000 0.0000 -1.0000
vn 0.0000 0.0000 1.0000
vn 0.0000 0.0000 -1.0000
vn 0.0000 0.0000 1.0000
vn 0.0000 0.0000 -1.0000
vn 0.0000 0.0000 1.0000
vn 0.0000 0.0000 -1.0000
vn 0.0000 0.0000 1.0000
vn 0.0000 0.0000 -1.0000
vn 0.0000 0.0000 1.0000
vn 0.0000 0.0000 -1.0000
vn 0.0000 0.0000 1.0000
vn 0.0000 0.0000 -1.0000
vn 0.0000 0.0000 1.0000
vn 0.0000 0.0000 -1.0000
vn 0.0000 0.0000 1.0000
vn 0.0000 0.0000 -1.0000
vn 0.0000 0.0000 1.0000
vn 0.0000 0.0000 -1.0000
vn 0.0000 0.0000 1.0000
vn 0.0000 0.0000 -1.0000
vn 0.0000 0.0000 1.0000
vn 0.0000 0.0000 -1.0000
vn 0.0000 0.0000 1.0000
vn 0.0000 0.0000 -1.0000
vn 0.0000 0.0000 1.0000
vn 0.0000 0.0000 -1.0000
vn 0.0000 0.0000 1.0000
vn 0.0000 0.0000 -1.0000
vn 0.0000 0.0000 1.0000
vn 0.0000 0.0000 -1.0000
vn 0.0000 0.0000 1.0000
vn 0.0000 0.0000 -1.0000
vn 0.0000 0.0000 1.0000
vn 0.0000 0.0000 -1.0000
vn 0.0000 0.0000 1.0000
vn 0.0000 0.0000 -1.0000
vn 0.0000 0.0000 1.0000
vn 0.0000 0.0000 -1.0000
vn 0.0000 0.0000 1.0000
vn 0.0000 0.0000 -1.0000
vn 0.0000 0.0000 1.0000
vn 0.0000 0.0000 -1.0000
vn 0.0000 0.0000 1.0000
vn 0.0000 0.0000 -1.0000
vn 0.0000 0.0000 1.0000
vn 0.0000 0.0000 -1.0000
vn 0.0000 0.0000 1.0000
vn 0.0000 0.0000 -1.0000
vn 0.0000 0.0000 1.0000
vn 0.0000 0.0000 -1.0000
vn 0.0000 0.0000 1.0000
vn 0.0000 0.0000 -1.0000
vn 0.0000 0.0000 1.0000
vn 0.0000 0.0000 -1.0000
vn 0.0000 0.0000 1.0000
vn 0.0000 0.0000 -1.0000
vn 0.0000 0.0000 1.0000
vn 0.0000 0.0000 -1.0000
vn 0.0000 0.0000 1.0000
vn 0.0000 0.0000 -1.0000
vn 0.0000 0.0000 1.0000
vn 0.0000 0.0000 -1.0000
vn 0.0000 0.0000 1.0000
vn 0.0000 0.0000 -1.0000
vn 0.0000 0.0000 1.0000
vn 0.0000 0.0000 -1.0000
vn 0.0000 0.0000 1.0000
vn 0.0000 0.0000 -1.0000
vn 0.0000 0.0000 1.0000
vn 0.0000 0.0000 -1.0000
vn 0.0000 0.0000 1.0000
vn 0.0000 0.0000 -1.0000
vn 0.0000 0.0000 1.0000
vn 0.0000 0.0000 -1.0000
vn 0.0000 0.0000 1.0000
vn 0.0000 0.0000 -1.0000
vn 0.0000 0.0000 1.0000
vn 0.0000 0.0000 -1.0000
vn 0.0000 0.0000 1.0000
vn 0.0000 0.0000 -1.0000
vn 0.0000 0.0000 1.0000
vn 0.0000 0.0000 -1.0000
vn 0.0000 0.0000 1.0000
vn 0.0000 0.0000 -1.0000
vn 0.0000 0.0000 1.0000
vn 0.0000 0.0000 -1.0000
vn 0.0000 0.0000 1.0000
vn 0.0000 0.0000 -1.0000
vn 0.0000 0.0000 1.0000
vn 0.0000 0.0000 -1.0000
vn 0.0000 0.0000 1.0000
vn 0.0000 0.0000 -1.0000
vn 0.0000 0.0000 1.0000
vn 0.0000 0.0000 -1.0000
vn 0.0000 0.0000 1.0000
vn 0.0000 0.0000 -1.0000
vn 0.0000 0.0000 1.0000
vn 0.0000 0.0000 -1.0000
vn 0.0000 0.0000 1.0000
vn 0.0000 0.0000 -1.0000
vn 0.0000 0.0000 1.0000
vn 0.0000 0.0000 -1.0000
vn 0.0000 0.0000 1.0000
vn 0.0000 0.0000 -1.0000
vn 0.0000 0.0000 1.0000
vn 0.0000 0.0000 -1.0000
vn 0.0000 0.0000 1.0000
vn 0.0000 0.0000 -1.0000
vn 0.0000 0.0000 1.0000
vn 0.0000 0.0000 -1.0000
vn 0.0000 0.0000 1.0000
vn 0.0000 0.0000 -1.0000
vn 0.0000 0.0000 1.0000
vn 0.0000 0.0000 -1.0000
vn 0.0000 0.0000 1.0000
vn 0.0000 0.0000 -1.0000
vn 0.0000 0.0000 1.0000
vn 0.0000 0.0000 -1.0000
vn 0.0000 0.0000 1.0000
vn 0.0000 0.0000 -1.0000
vn 0.0000 0.0000 1.0000
vn 0.0000 0.0000 -1.0000
vn 0.0000 0.0000 1.0000
vn 0.0000 0.0000 -1.0000
vn 0.0000 0.0000 1.0000
vn 0.0000 0.0000 -1.0000
vn 0.0000 0.0000 1.0000
vn 0.0000 0.0000 -1.0000
vn 0.0000 0.0000 1.0000
vn 0.0000 0.0000 -1.0000
vn 0.0000 0.0000 1.0000
vn 0.0000 0.0000 -1.0000
vn 0.0000 0.0000 1.0000
vn 0.0000 0.0000 -1.0000
vn 0.0000 0.0000 1.0000
vn 0.0000 0.0000 -1.0000
vn 0.0000 0.0000 1.0000
vn 0.0000 0.0000 -1.0000
vn 0.0000 0.0000 1.0000
vn 0.0000 0.0000 -1.0000
vn 0.0000 0.0000 1.0000
vn 0.0000 0.0000 -1.0000
vn 0.0000 0.0000 1.0000
vn 0.0000 0.0000 -1.0000
vn 0.0000 0.0000 1.0000
vn 0.0000 0.0000 -1.0000
vn 0.0000 0.0000 1.0000
vn 0.0000 0.0000 -1.0000
vn 0.0000 0.0000 1.0000
vn 0.0000 0.0000 -1.0000
vn 0.0000 0.0000 1.0000
vn 0.0000 0.0000 -1.0000
vn 0.0000 0.0000 1.0000
vn 0.0000 0.0000 -1.0000
vn 0.0000 0.0000 1.0000
vn 0.0000 0.0000 -1.0000
vn 0.0000 0.0000 1.0000
vn 0.0000 0.0000 -1.0000
vn 0.0000 0.0000 1.0000
vn 0.0000 0.0000 -1.0000
vn 0.0000 0.0000 1.0000
vn 0.0000 0.0000 -1.0000
vn 0.0000 0.0000 1.0000
vn 0.0000 0.0000 -1.0000
vn 0.0000 0.0000 1.0000
vn 0.0000 0.0000 -1.0000
vn 0.0000 0.0000 1.0000
vn 0.0000 0.0000 -1.0000
vn 0.0000 0.0000 1.0000
vn 0.0000 0.0000 -1.0000
vn 0.0000 0.0000 1.0000
vn 0.0000 0.0000 -1.0000
vn 0.0000 0.0000 1.0000
vn 0.0000 0.0000 -1.0000
vn 0.0000 0.0000 1.0000
vn 0.0000 0.0000 -1.0000
vn 0.0000 0.0000 1.0000
vn 0.0000 0.0000 -1.0000
vn 0.0000 0.0000 1.0000
vn 0.0000 0.0000 -1.0000
vn 0.0000 0.0000 1.0000
vn 0.0000 0.0000 -1.0000
vn 0.0000 0.0000 1.0000
vn 0.0000 0.0000 -1.0000
vn 0.0000 0.0000 1.0000
vn 0.0000 0.0000 -1.0000
vn 0.0000 0.0000 1.0000
vn 0.0000 0.0000 -1.0000
vn 0.0000 0.0000 1.0000
vn 0.0000 0.0000 -1.0000
vn 0.0000 0.0000 1.0000
vn 0.0000 0.0000 -1.0000
vn 0.0000 0.0000 1.0000
vn 0.0000 0.0000 -1.0000
vn 0.0000 0.0000 1.0000
vn 0.0000 0.0000 -1.0000
vn 0.0000 0.0000 1.0000
vn 0.0000 0.0000 -1.0000
vn 0.0000 0.0000 1.0000
vn 0.0000 0.0000 -1.0000
vn 0.0000 0.0000 1.0000
vn 0.0000 0.0000 -1.0000
vn 0.0000 0.0000 1.0000
vn 0.0000 0.0000 -1.0000
vn 0.0000 0.0000 1.0000
vn 0.0000 0.0000 -1.0000
vn 0.0000 0.0000 1.0000
vn 0.0000 0.0000 -1.0000
vn 0.0000 0.0000 1.0000
vn 0.0000 0.0000 -1.0000
vn 0.0000 0.0000 1.0000
vn 0.0000 0.0000 -1.0000
vn 0.0000 0.0000 1.0000
vn 0.0000 0.0000 -1.0000
vn 0.0000 0.0000 1.0000
vn 0.0000 0.0000 -1.0000
vn 0.0000 0.0000 1.0000
vn 0.0000 0.0000 -1.0000
vn 0.0000 0.0000 1.0000
vn 0.0000 0.0000 -1.0000
vn 0.0000 0.0000 1.0000
vn 0.0000 0.0000 -1.0000
vn 0.0000 0.0000 1.0000
vn 0.0000 0.0000 -1.0000
vn 0.0000 0.0000 1.0000
vn 0.0000 0.0000 -1.0000
vn 0.0000 0.0000 1.0000
vn 0.0000 0.0000 -1.0000
vn 0.0000 0.0000 1.0000
vn 0.0000 0.0000 -1.0000
vn 0.0000 0.0000 1.0000
vn 0.0000 0.0000 -1.0000
vn 0.0000 0.0000 1.0000
vn 0.0000 0.0000 -1.0000
vn 0.0000 0.0000 1.0000
vn 0.0000 0.0000 -1.0000
vn 0.0000 0.0000 1.0000
vn 0.0000 0.0000 -1.0000
vn 0.0000 0.0000 1.0000
vn 0.0000 0.0000 -1.0000
vn 0.0000 0.0000 1.0000
vn 0.0000 0.0000 -1.0000
vn 0.0000 0.0000 1.0000
vn 0.0000 0.0000 -1.0000
vn 0.0000 0.0000 1.0000
vn 0.0000 0.0000 -1.0000
vn 0.0000 0.0000 1.0000
vn 0.0000 0.0000 -1.0000
vn 0.0000 0.0000 1.0000
vn 0.0000 0.0000 -1.0000
vn 0.0000 0.0000 1.0000
vn 0.0000 0.0000 -1.0000
vn 0.0000 0.0000 1.0000
vn 0.0000 0.0000 -1.0000
vn 0.0000 0.0000 1.0000
vn 0.0000 0.0000 -1.0000
vn 0.0000 0.0000 1.0000
vn 0.0000 0.0000 -1.0000
vn 0.0000 0.0000 1.0000
vn 0.0000 0.0000 -1.0000
vn 0.0000 0.0000 1.0000
vn 0.0000 0.0000 -1.0000
vn 0.0000 0.0000 1.0000
vn 0.0000 0.0000 -1.0000
vn 0.0000 0.0000 1.0000
vn 0.0000 0.0000 -1.0000
vn 0.0000 0.0000 1.0000
vn 0.0000 0.0000 -1.0000
vn 0.0000 0.0000 1.0000
vn 0.0000 0.0000 -1.0000
vn 0.0000 0.0000 1.0000
vn 0.0000 0.0000 -1.0000
vn 0.0000 0.0000 1.0000
vn 0.0000 0.0000 -1.0000
vn 0.0000 0.0000 1.0000
vn 0.0000 0.0000 -1.0000
vn 0.0000 0.0000 1.0000
vn 0.0000 0.0000 -1.0000
vn 0.0000 0.0000 1.0000
vn 0.0000 0.0000 -1.0000
vn 0.0000 0.0000 1.0000
vn 0.0000 0.0000 -1.0000
vn 0.0000 0.0000 1.0000
vn 0.0000 0.0000 -1.0000
vn 0.0000 0.0000 1.0000
vn 0.0000 0.0000 -1.0000
vn 0.0000 0.0000 1.0000
vn 0.0000 0.0000 -1.0000
vn 0.0000 0.0000 1.0000
vn 0.0000 0.0000 -1.0000
vn 0.0000 0.0000 1.0000
vn 0.0000 0.0000 -1.0000
vn 0.0000 0.0000 1.0000
vn 0.0000 0.0000 -1.0000
vn 0.0000 0.0000 1.0000
vn 0.0000 0.0000 -1.0000
vn 0.0000 0.0000 1.0000
vn 0.0000 0.0000 -1.0000
vn 0.0000 0.0000 1.0000
vn 0.0000 0.0000 -1.0000
vn 0.0000 0.0000 1.0000
vn 0.0000 0.0000 -1.0000
vn 0.0000 0.0000 1.0000
vn 0.0000 0.0000 -1.0000
vn 0.0000 0.0000 1.0000
vn 0.0000 0.0000 -1.0000
vn 0.0000 0.0000 1.0000
vn 0.0000 0.0000 -1.0000
vn 0.0000 0.0000 1.0000
vn 0.0000 0.0000 -1.0000
vn 0.0000 0.0000 1.0000
vn 0.0000 0.0000 -1.0000
vn 0.0000 0.0000 1.0000
vn 0.0000 0.0000 -1.0000
vn 0.0000 0.0000 1.0000
vn 0.0000 0.0000 -1.0000
vn 0.0000 0.0000 1.0000
vn 0.0000 0.0000 -1.0000
vn 0.0000 0.0000 1.0000
vn 0.0000 0.0000 -1.0000
vn 0.0000 0.0000 1.0000
vn 0.0000 0.0000 -1.0000
vn 0.0000 0.0000 1.0000
vn 0.0000 0.0000 -1.0000
vn 0.0000 0.0000 1.0000
vn 0.0000 0.0000 -1.0000
vn 0.0000 0.0000 1.0000
vn 0.0000 0.0000 -1.0000
vn 0.0000 0.0000 1.0000
vn 0.0000 0.0000 -1.0000
vn 0.0000 0.0000 1.0000
vn 0.0000 0.0000 -1.0000
vn 0.0000 0.0000 1.0000
vn 0.0000 0.0000 -1.0000
vn 0.0000 0.0000 1.0000
vn 0.0000 0.0000 -1.0000
vn 0.0000 0.0000 1.0000
vn 0.0000 0.0000 -1.0000
vn 0.0000 0.0000 1.0000
vn 0.0000 0.0000 -1.0000
vn 0.0000 0.0000 1.0000
vn 0.0000 0.0000 -1.0000
vn 0.0000 0.0000 1.0000
vn 0.0000 0.0000 -1.0000
vn 0.0000 0.0000 1.0000
vn 0.0000 0.0000 -1.0000
vn 0.0000 0.0000 1.0000
vn 0.0000 0.0000 -1.0000
vn 0.0000 0.0000 1.0000
vn 0.0000 0.0000 -1.0000
vn 0.0000 0.0000 1.0000
vn 0.0000 0.0000 -1.0000
vn 0.0000 0.0000 1.0000
vn 0.0000 0.0000 -1.0000
vn 0.0000 0.0000 1.0000
vn 0.0000 0.0000 -1.0000
vn 0.0000 0.0000 1.0000
vn 0.0000 0.0000 -1.0000
vn 0.0000 0.0000 1.0000
vn 0.0000 0.0000 -1.0000
vn 0.0000 0.0000 1.0000
vn 0.0000 0.0000 -1.0000
vn 0.0000 0.0000 1.0000
vn 0.0000 0.0000 -1.0000
vn 0.0000 0.0000 1.0000
vn 0.0000 0.0000 -1.0000
vn 0.0000 0.0000 1.0000
vn 0.0000 0.0000 -1.0000
vn 0.0000 0.0000 1.0000
vn 0.0000 0.0000 -1.0000
vn 0.0000 0.0000 1.0000
vn 0.0000 0.0000 -1.0000
vn 0.0000 0.0000 1.0000
vn 0.0000 0.0000 -1.0000
vn 0.0000 0.0000 1.0000
vn 0.0000 0.0000 -1.0000
vn 0.0000 0.0000 1.0000
vn 0.0000 0.0000 -1.0000
vn 0.0000 0.0000 1.0000
vn 0.0000 0.0000 -1.0000
vn 0.0000 0.0000 1.0000
vn 0.0000 0.0000 -1.0000
vn 0.0000 0.0000 1.0000
vn 0.0000 0.0000 -1.0000
vn 0.0000 0.0000 1.0000
vn 0.0000 0.0000 -1.0000
vn 0.0000 0.0000 1.0000
vn 0.0000 0.0000 -1.0000
vn 0.0000 0.0000 1.0000
vn 0.0000 0.0000 -1.0000
vn 0.0000 0.0000 1.0000
vn 0.0000 0.0000 -1.0000
vn 0.0000 0.0000 1.0000
vn 0.0000 0.0000 -1.0000
vn 0.0000 0.0000 1.0000
vn 0.0000 0.0000 -1.0000
vn 0.0000 0.0000 1.0000
vn 0.0000 0.0000 -1.0000
vn 0.0000 0.0000 1.0000
vn 0.0000 0.0000 -1.0000
vn 0.0000 0.0000 1.0000
vn 0.0000 0.0000 -1.0000
vn 0.0000 0.0000 1.0000
vn 0.0000 0.0000 -1.0000
vn 0.0000 0.0000 1.0000
vn 0.0000 0.0000 -1.0000
vn 0.0000 0.0000 1.0000
vn 0.0000 0.0000 -1.0000
vn 0.0000 0.0000 1.0000
vn 0.0000 0.0000 -1.0000
vn 0.0000 0.0000 1.0000
vn 0.0000 0.0000 -1.0000
vn 0.0000 0.0000 1.0000
vn 0.0000 0.0000 -1.0000
vn 0.0000 0.0000 1.0000
vn 0.0000 0.0000 -1.0000
vn 0.0000 0.0000 1.0000
vn 0.0000 0.0000 -1.0000
vn 0.0000 0.0000 1.0000
vn 0.0000 0.0000 -1.0000
vn 0.0000 0.0000 1.0000
vn 0.0000 0.0000 -1.0000
vn 0.0000 0.0000 1.0000
vn 0.0000 0.0000 -1.0000
vn 0.0000 0.0000 1.0000
vn 0.0000 0.0000 -1.0000
vn 0.0000 0.0000 1.0000
vn 0.0000 0.0000 -1.0000
vn 0.0000 0.0000 1.0000
vn 0.0000 0.0000 -1.0000
vn 0.0000 0.0000 1.0000
vn 0.0000 0.0000 -1.0000
vn 0.0000 0.0000 1.0000
vn 0.0000 0.0000 -1.0000
vn 0.0000 0.0000 1.0000
vn 0.0000 0.0000 -1.0000
vn 0.0000 0.0000 1.0000
vn 0.0000 0.0000 -1.0000
vn 0.0000 0.0000 1.0000
vn 0.0000 0.0000 -1.0000
vn 0.0000 0.0000 1.0000
vn 0.0000 0.0000 -1.0000
vn 0.0000 0.0000 1.0000
vn 0.0000 0.0000 -1.0000
vn 0.0000 0.0000 1.0000
vn 0.0000 0.0000 -1.0000
vn 0.0000 0.0000 1.0000
vn 0.0000 0.0000 -1.0000
vn 0.0000 0.0000 1.0000
vn 0.0000 0.0000 -1.0000
vn 0.0000 0.0000 1.0000
vn 0.0000 0.0000 -1.0000
vn 0.0000 0.0000 1.0000
vn 0.0000 0.0000 -1.0000
vn 0.0000 0.0000 1.0000
vn 0.0000 0.0000 -1.0000
vn 0.0000 0.0000 1.0000
vn 0.0000 0.0000 -1.0000
vn 0.0000 0.0000 1.0000
vn 0.0000 0.0000 -1.0000
vn 0.0000 0.0000 1.0000
vn 0.0000 0.0000 -1.0000
vn 0.0000 0.0000 1.0000
vn 0.0000 0.0000 -1.0000
vn 0.0000 0.0000 1.0000
vn 0.0000 0.0000 -1.0000
vn 0.0000 0.0000 1.0000
vn 0.0000 0.0000 -1.0000
vn 0.0000 0.0000 1.0000
vn 0.0000 0.0000 -1.0000
vn 0.0000 0.0000 1.0000
vn 0.0000 0.0000 -1.0000
vn 0.0000 0.0000 1.0000
vn 0.0000 0.0000 -1.0000
vn 0.0000 0.0000 1.0000
vn 0.0000 0.0000 -1.0000
vn 0.0000 0.0000 1.0000
vn 0.0000 0.0000 -1.0000
vn 0.0000 0.0000 1.0000
vn 0.0000 0.0000 -1.0000
vn 0.0000 0.0000 1.0000
vn 0.0000 0.0000 -1.0000
vn 0.0000 0.0000 1.0000
vn 0.0000 0.0000 -1.0000
vn 0.0000 0.0000 1.0000
vn 0.0000 0.0000 -1.0000
vn 0.0000 0.0000 1.0000
vn 0.0000 0.0000 -1.0000
vn 0.0000 0.0000 1.0000
vn 0.0000 0.0000 -1.0000
vn 0.0000 0.0000 1.0000
vn 0.0000 0.0000 -1.0000
vn 0.0000 0.0000 1.0000
vn 0.0000 0.0000 -1.0000
vn 0.0000 0.0000 1.0000
vn 0.0000 0.0000 -1.0000
vn 0.0000 0.0000 1.0000
vn 0.0000 0.0000 -1.0000
vn 0.0000 0.0000 1.0000
vn 0.0000 0.0000 -1.0000
vn 0.0000 0.0000 1.0000
vn 0.0000 0.0000 -1.0000
vn 0.0000 0.0000 1.0000
vn 0.0000 0.0000 -1.0000
vn 0.0000 0.0000 1.0000
vn 0.0000 0.0000 -1.0000
vn 0.0000 0.0000 1.0000
vn 0.0000 0.0000 -1.0000
vn 0.0000 0.0000 1.0000
vn 0.0000 0.0000 -1.0000
vn 0.0000 0.0000 1.0000
vn 0.0000 0.0000 -1.0000
vn 0.0000 0.0000 1.0000
vn 0.0000 0.0000 -1.0000
vn 0.0000 0.0000 1.0000
vn 0.0000 0.0000 -1.0000
vn 0.0000 0.0000 1.0000
vn 0.0000 0.0000 -1.0000
vn 0.0000 0.0000 1.0000
vn 0.0000 0.0000 -1.0000
vn 0.0000 0.0000 1.0000
vn 0.0000 0.0000 -1.0000
vn 0.0000 0.0000 1.0000
vn 0.0000 0.0000 -1.0000
vn 0.0000 0.0000 1.0000
vn 0.0000 0.0000 -1.0000
vn 0.0000 0.0000 1.0000
vn 0.0000 0.0000 -1.0000
vn 0.0000 0.0000 1.0000
vn 0.0000 0.0000 -1.0000
vn 0.0000 0.0000 1.0000
vn 0.0000 0.0000 -1.0000
vn 0.0000 0.0000 1.0000
vn 0.0000 0.0000 -1.0000
vn 0.0000 0.0000 1.0000
vn 0.0000 0.0000 -1.0000
vn 0.0000 0.0000 1.0000
vn 0.0000 0.0000 -1.0000
vn 0.0000 0.0000 1.0000
vn 0.0000 0.0000 -1.0000
vn 0.0000 0.0000 1.0000
vn 0.0000 0.0000 -1.0000
vn 0.0000 0.0000 1.0000
vn 0.0000 0.0000 -1.0000
vn 0.0000 0.0000 1.0000
vn 0.0000 0.0000 -1.0000
vn 0.0000 0.0000 1.0000
vn 0.0000 0.0000 -1.0000
vn 0.0000 0.0000 1.0000
vn 0.0000 0.0000 -1.0000
vn 0.0000 0.0000 1.0000
vn 0.0000 0.0000 -1.0000
vn 0.0000 0.0000 1.0000
vn 0.0000 0.0000 -1.0000
vn 0.0000 0.0000 1.0000
vn 0.0000 0.0000 -1.0000
vn 0.0000 0.0000 1.0000
vn 0.0000 0.0000 -1.0000
vn 0.0000 0.0000 1.0000
vn 0.0000 0.0000 -1.0000
vn 0.0000 0.0000 1.0000
vn 0.0000 0.0000 -1.0000
vn 0.0000 0.0000 1.0000
vn 0.0000 0.0000 -1.0000
vn 0.0000 0.0000 1.0000
vn 0.0000 0.0000 -1.0000
vn 0.0000 0.0000 1.0000
vn 0.0000 0.0000 -1.0000
vn 0.0000 0.0000 1.0000
vn 0.0000 0.0000 -1.0000
vn 0.0000 0.0000 1.0000
vn 0.0000 0.0000 -1.0000
vn 0.0000 0.0000 1.0000
vn 0.0000 0.0000 -1.0000
vn 0.0000 0.0000 1.0000
vn 0.0000 0.0000 -1.0000
vn 0.0000 0.0000 1.0000
vn 0.0000 0.0000 -1.0000
vn 0.0000 0.0000 1.0000
vn 0.0000 0.0000 -1.0000
vn 0.0000 0.0000 1.0000
vn 0.0000 0.0000 -1.0000
vn 0.0000 0.0000 1.0000
vn 0.0000 0.0000 -1.0000
vn 0.0000 0.0000 1.0000
vn 0.0000 0.0000 -1.0000
vn 0.0000 0.0000 1.0000
vn 0.0000 0.0000 -1.0000
vn 0.0000 0.0000 1.0000
vn 0.0000 0.0000 -1.0000
vn 0.0000 0.0000 1.0000
vn 0.0000 0.0000 -1.0000
vn 0.0000 0.0000 1.0000
vn 0.0000 0.0000 -1.0000
vn 0.0000 0.0000 1.0000
vn 0.0000 0.0000 -1.0000
vn 0.0000 0.0000 1.0000
vn 0.0000 0.0000 -1.0000
vn 0.0000 0.0000 1.0000
vn 0.0000 0.0000 -1.0000
vn 0.0000 0.0000 1.0000
vn 0.0000 0.0000 -1.0000
vn 0.0000 0.0000 1.0000
vn 0.0000 0.0000 -1.0000
vn 0.0000 0.0000 1.0000
vn 0.0000 0.0000 -1.0000
vn 0.0000 0.0000 1.0000
vn 0.0000 0.0000 -1.0000
vn 0.0000 0.0000 1.0000
vn 0.0000 0.0000 -1.0000
vn 0.0000 0.0000 1.0000
vn 0.0000 0.0000 -1.0000
vn 0.0000 0.0000 1.0000
vn 0.0000 0.0000 -1.0000
vn 0.0000 0.0000 1.0000
vn 0.0000 0.0000 -1.0000
vn 0.0000 0.0000 1.0000
vn 0.0000 0.0000 -1.0000
vn 0.0000 0.0000 1.0000
vn 0.0000 0.0000 -1.0000
vn 0.0000 0.0000 1.0000
vn 0.0000 0.0000 -1.0000
vn 0.0000 0.0000 1.0000
vn 0.0000 0.0000 -1.0000
vn 0.0000 0.0000 1.0000
vn 0.0000 0.0000 -1.0000
vn 0.0000 0.0000 1.0000
vn 0.0000 0.0000 -1.0000
vn 0.0000 0.0000 1.0000
vn 0.0000 0.0000 -1.0000
vn 0.0000 0.0000 1.0000
vn 0.0000 0.0000 -1.0000
vn 0.0000 0.0000 1.0000
vn 0.0000 0.0000 -1.0000
vn 0.0000 0.0000 1.0000
vn 0.0000 0.0000 -1.0000
vn 0.0000 0.0000 1.0000
vn 0.0000 0.0000 -1.0000
vn 0.0000 0.0000 1.0000
vn 0.0000 0.0000 -1.0000
vn 0.0000 0.0000 1.0000
vn 0.0000 0.0000 -1.0000
vn 0.0000 0.0000 1.0000
vn 0.0000 0.0000 -1.0000
vn 0.0000 0.0000 1.0000
vn 0.0000 0.0000 -1.0000
vn 0.0000 0.0000 1.0000
vn 0.0000 0.0000 -1.0000
vn 0.0000 0.0000 1.0000
vn 0.0000 0.0000 -1.0000
vn 0.0000 0.0000 1.0000
vn 0.0000 0.0000 -1.0000
vn 0.0000 0.0000 1.0000
vn 0.0000 0.0000 -1.0000
vn 0.0000 0.0000 1.0000
vn 0.0000 0.0000 -1.0000
vn 0.0000 0.0000 1.0000
vn 0.0000 0.0000 -1.0000
vn 0.0000 0.0000 1.0000
vn 0.0000 0.0000 -1.0000
vn 0.0000 0.0000 1.0000
vn 0.0000 0.0000 -1.0000
vn 0.0000 0.0000 1.0000
vn 0.0000 0.0000 -1.0000
vn 0.0000 0.0000 1.0000
vn 0.0000 0.0000 -1.0000
vn 0.0000 0.0000 1.0000
vn 0.0000 0.0000 -1.0000
vn 0.0000 0.0000 1.0000
vn 0.0000 0.0000 -1.0000
vn 0.0000 0.0000 1.0000
vn 0.0000 0.0000 -1.0000
vn 0.0000 0.0000 1.0000
vn 0.0000 0.0000 -1.0000
vn 0.0000 0.0000 1.0000
vn 0.0000 0.0000 -1.0000
vn 0.0000 0.0000 1.0000
vn 0.0000 0.0000 -1.0000
vn 0.0000 0.0000 1.0000
vn 0.0000 0.0000 -1.0000
vn 0.0000 0.0000 1.0000
vn 0.0000 0.0000 -1.0000
vn 0.0000 0.0000 1.0000
vn 0.0000 0.0000 -1.0000
vn 0.0000 0.0000 1.0000
vn 0.0000 0.0000 -1.0000
vn 0.0000 0.0000 1.0000
vn 0.0000 0.0000 -1.0000
vn 0.0000 0.0000 1.0000
vn 0.0000 0.0000 -1.0000
vn 0.0000 0.0000 1.0000
vn 0.0000 0.0000 -1.0000
vn 0.0000 0.0000 1.0000
vn 0.0000 0.0000 -1.0000
vn 0.0000 0.0000 1.0000
vn 0.0000 0.0000 -1.0000
vn 0.0000 0.0000 1.0000
vn 0.0000 0.0000 -1.0000
vn 0.0000 0.0000 1.0000
vn 0.0000 0.0000 -1.0000
vn 0.0000 0.0000 1.0000
vn 0.0000 0.0000 -1.0000
vn 0.0000 0.0000 1.0000
vn 0.0000 0.0000 -1.0000
vn 0.0000 0.0000 1.0000
vn 0.0000 0.0000 -1.0000
vn 0.0000 0.0000 1.0000
vn 0.0000 0.0000 -1.0000
vn 0.0000 0.0000 1.0000
vn 0.0000 0.0000 -1.0000
vn 0.0000 0.0000 1.0000
vn 0.0000 0.0000 -1.0000
vn 0.0000 0.0000 1.0000
vn 0.0000 0.0000 -1.0000
vn 0.0000 0.0000 1.0000
vn 0.0000 0.0000 -1.0000
vn 0.0000 0.0000 1.0000
vn 0.0000 0.0000 -1.0000
vn 0.0000 0.0000 1.0000
vn 0.0000 0.0000 -1.0000
vn 0.0000 0.0000 1.0000
vn 0.0000 0.0000 -1.0000
vn 0.0000 0.0000 1.0000
vn 0.0000 0.0000 -1.0000
vn 0.0000 0.0000 1.0000
vn 0.0000 0.0000 -1.0000
vn 0.0000 0.0000 1.0000
vn 0.0000 0.0000 -1.0000
vn 0.0000 0.0000 1.0000
vn 0.0000 0.0000 -1.0000
vn 0.0000 0.0000 1.0000
vn 0.0000 0.0000 -1.0000
vn 0.0000 0.0000 1.0000
vn 0.0000 0.0000 -1.0000
vn 0.0000 0.0000 1.0000
vn 0.0000 0.0000 -1.0000
vn 0.0000 0.0000 1.0000
vn 0.0000 0.0000 -1.0000
vn 0.0000 0.0000 1.0000
vn 0.0000 0.0000 -1.0000
vn 0.0000 0.0000 1.0000
vn 0.0000 0.0000 -1.0000
vn 0.0000 0.0000 1.0000
vn 0.0000 0.0000 -1.0000
vn 0.0000 0.0000 1.0000
vn 0.0000 0.0000 -1.0000
vn 0.0000 0.0000 1.0000
vn 0.0000 0.0000 -1.0000
vn 0.0000 0.0000 1.0000
vn 0.0000 0.0000 -1.0000
vn 0.0000 0.0000 1.0000
vn 0.0000 0.0000 -1.0000
vn 0.0000 0.0000 1.0000
vn 0.0000 0.0000 -1.0000
vn 0.0000 0.0000 1.0000
vn 0.0000 0.0000 -1.0000
vn 0.0000 0.0000 1.0000
vn 0.0000 0.0000 -1.0000
vn 0.0000 0.0000 1.0000
vn 0.0000 0.0000 -1.0000
vn 0.0000 0.0000 1.0000
vn 0.0000 0.0000 -1.0000
vn 0.0000 0.0000 1.0000
vn 0.0000 0.0000 -1.0000
vn 0.0000 0.0000 1.0000
vn 0.0000 0.0000 -1.0000
vn 0.0000 0.0000 1.0000
vn 0.0000 0.0000 -1.0000
vn 0.0000 0.0000 1.0000
vn 0.0000 0.0000 -1.0000
vn 0.0000 0.0000 1.0000
vn 0.0000 0.0000 -1.0000
vn 0.0000 0.0000 1.0000
vn 0.0000 0.0000 -1.0000
vn 0.0000 0.0000 1.0000
vn 0.0000 0.0000 -1.0000
vn 0.0000 0.0000 1.0000
vn 0.0000 0.0000 -1.0000
vn 0.0000 0.0000 1.0000
vn 0.0000 0.0000 -1.0000
vn 0.0000 0.0000 1.0000
vn 0.0000 0.0000 -1.0000
vn 0.0000 0.0000 1.0000
vn 0.0000 0.0000 -1.0000
vn 0.0000 0.0000 1.0000
vn 0.0000 0.0000 -1.0000
vn 0.0000 0.0000 1.0000
vn 0.0000 0.0000 -1.0000
vn 0.0000 0.0000 1.0000
vn 0.0000 0.0000 -1.0000
vn 0.0000 0.0000 1.0000
vn 0.0000 0.0000 -1.0000
vn 0.0000 0.0000 1.0000
vn 0.0000 0.0000 -1.0000
vn 0.0000 0.0000 1.0000
vn 0.0000 0.0000 -1.0000
vn 0.0000 0.0000 1.0000
vn 0.0000 0.0000 -1.0000
vn 0.0000 0.0000 1.0000
vn 0.0000 0.0000 -1.0000
vn 0.0000 0.0000 1.0000
vn 0.0000 0.0000 -1.0000
vn 0.0000 0.0000 1.0000
vn 0.0000 0.0000 -1.0000
vn 0.0000 0.0000 1.0000
vn 0.0000 0.0000 -1.0000
vn 0.0000 0.0000 1.0000
vn 0.0000 0.0000 -1.0000
vn 0.0000 0.0000 1.0000
vn 0.0000 0.0000 -1.0000
vn 0.0000 0.0000 1.0000
vn 0.0000 0.0000 -1.0000
vn 0.0000 0.0000 1.0000
vn 0.0000 0.0000 -1.0000
vn 0.0000 0.0000 1.0000
vn 0.0000 0.0000 -1.0000
vn 0.0000 0.0000 1.0000
vn 0.0000 0.0000 -1.0000
vn 0.0000 0.0000 1.0000
vn 0.0000 0.0000 -1.0000
vn 0.0000 0.0000 1.0000
vn 0.0000 0.0000 -1.0000
vn 0.0000 0.0000 1.0000
vn 0.0000 0.0000 -1.0000
vn 0.0000 0.0000 1.0000
vn 0.0000 0.0000 -1.0000
vn 0.0000 0.0000 1.0000
vn 0.0000 0.0000 -1.0000
vn 0.0000 0.0000 1.0000
vn 0.0000 0.0000 -1.0000
vn 0.0000 0.0000 1.0000
vn 0.0000 0.0000 -1.0000
vn 0.0000 0.0000 1.0000
vn 0.0000 0.0000 -1.0000
vn 0.0000 0.0000 1.0000
vn 0.0000 0.0000 -1.0000
vn 0.0000 0.0000 1.0000
vn 0.0000 0.0000 -1.0000
vn 0.0000 0.0000 1.0000
vn 0.0000 0.0000 -1.0000
vn 0.0000 0.0000 1.0000
vn 0.0000 0.0000 -1.0000
vn 0.0000 0.0000 1.0000
vn 0.0000 0.0000 -1.0000
vn 0.0000 0.0000 1.0000
vn 0.0000 0.0000 -1.0000
vn 0.0000 0.0000 1.0000
vn 0.0000 0.0000 -1.0000
vn 0.0000 0.0000 1.0000
vn 0.0000 0.0000 -1.0000
vn 0.0000 0.0000 1.0000
vn 0.0000 0.0000 -1.0000
vn 0.0000 0.0000 1.0000
vn 0.0000 0.0000 -1.0000
vn 0.0000 0.0000 1.0000
vn 0.0000 0.0000 -1.0000
vn 0.0000 0.0000 1.0000
vn 0.0000 0.0000 -1.0000
vn 0.0000 0.0000 1.0000
vn 0.0000 0.0000 -1.0000
vn 0.0000 0.0000 1.0000
vn 0.0000 0.0000 -1.0000
vn 0.0000 0.0000 1.0000
vn 0.0000 0.0000 -1.0000
vn 0.0000 0.0000 1.0000
vn 0.0000 0.0000 -1.0000
vn 0.0000 0.0000 1.0000
vn 0.0000 0.0000 -1.0000
vn 0.0000 0.0000 1.0000
vn 0.0000 0.0000 -1.0000
vn 0.0000 0.0000 1.0000
vn 0.0000 0.0000 -1.0000
vn 0.0000 0.0000 1.0000
vn 0.0000 0.0000 -1.0000
vn 0.0000 0.0000 1.0000
vn 0.0000 0.0000 -1.0000
vn 0.0000 0.0000 1.0000
vn 0.0000 0.0000 -1.0000
vn 0.0000 0.0000 1.0000
vn 0.0000 0.0000 -1.0000
vn 0.0000 0.0000 1.0000
vn 0.0000 0.0000 -1.0000
vn 0.0000 0.0000 1.0000
vn 0.0000 0.0000 -1.0000
vn 0.0000 0.0000 1.0000
vn 0.0000 0.0000 -1.0000
vn 0.0000 0.0000 1.0000
vn 0.0000 0.0000 -1.0000
vn 0.0000 0.0000 1.0000
vn 0.0000 0.0000 -1.0000
vn 0.0000 0.0000 1.0000
vn 0.0000 0.0000 -1.0000
vn 0.0000 0.0000 1.0000
vn 0.0000 0.0000 -1.0000
vn 0.0000 0.0000 1.0000
vn 0.0000 0.0000 -1.0000
vn 0.0000 0.0000 1.0000
vn 0.0000 0.0000 -1.0000
vn 0.0000 0.0000 1.0000
vn 0.0000 0.0000 -1.0000
vn 0.0000 0.0000 1.0000
vn 0.0000 0.0000 -1.0000
vn 0.0000 0.0000 1.0000
vn 0.0000 0.0000 -1.0000
vn 0.0000 0.0000 1.0000
vn 0.0000 0.0000 -1.0000
vn 0.0000 0.0000 1.0000
vn 0.0000 0.0000 -1.0000
vn 0.0000 0.0000 1.0000
vn 0.0000 0.0000 -1.0000
vn 0.0000 0.0000 1.0000
vn 0.0000 0.0000 -1.0000
vn 0.0000 0.0000 1.0000
vn 0.0000 0.0000 -1.0000
vn 0.0000 0.0000 1.0000
vn 0.0000 0.0000 -1.0000
vn 0.0000 0.0000 1.0000
vn 0.0000 0.0000 -1.0000
vn 0.0000 0.0000 1.0000
vn 0.0000 0.0000 -1.0000
vn 0.0000 0.0000 1.0000
vn 0.0000 0.0000 -1.0000
vn 0.0000 0.0000 1.0000
vn 0.0000 0.0000 -1.0000
vn 0.0000 0.0000 1.0000
vn 0.0000 0.0000 -1.0000
vn 0.0000 0.0000 1.0000
vn 0.0000 0.0000 -1.0000
vn 0.0000 0.0000 1.0000
vn 0.0000 0.0000 -1.0000
vn 0.0000 0.0000 1.0000
vn 0.0000 0.0000 -1.0000
vn 0.0000 0.0000 1.0000
vn 0.0000 0.0000 -1.0000
vn 0.0000 0.0000 1.0000
vn 0.0000 0.0000 -1.0000
vn 0.0000 0.0000 1.0000
vn 0.0000 0.0000 -1.0000
vn 0.0000 0.0000 1.0000
vn 0.0000 0.0000 -1.0000
vn 0.0000 0.0000 1.0000
vn 0.0000 0.0000 -1.0000
vn 0.0000 0.0000 1.0000
vn 0.0000 0.0000 -1.0000
vn 0.0000 0.0000 1.0000
vn 0.0000 0.0000 -1.0000
vn 0.0000 0.0000 1.0000
vn 0.0000 0.0000 -1.0000
vn 0.0000 0.0000 1.0000
vn 0.0000 0.0000 -1.0000
vn 0.0000 0.0000 1.0000
vn 0.0000 0.0000 -1.0000
vn 0.0000 0.0000 1.0000
vn 0.0000 0.0000 -1.0000
vn 0.0000 0.0000 1.0000
vn 0.0000 0.0000 -1.0000
vn 0.0000 0.0000 1.0000
vn 0.0000 0.0000 -1.0000
vn 0.0000 0.0000 1.0000
vn 0.0000 0.0000 -1.0000
vn 0.0000 0.0000 1.0000
vn 0.0000 0.0000 -1.0000
vn 0.0000 0.0000 1.0000
vn 0.0000 0.0000 -1.0000
vn 0.0000 0.0000 1.0000
vn 0.0000 0.0000 -1.0000
vn 0.0000 0.0000 1.0000
vn 0.0000 0.0000 -1.0000
vn 0.0000 0.0000 1.0000
vn 0.0000 0.0000 -1.0000
vn 0.0000 0.0000 1.0000
vn 0.0000 0.0000 -1.0000
vn 0.0000 0.0000 1.0000
vn 0.0000 0.0000 -1.0000
vn 0.0000 0.0000 1.0000
vn 0.0000 0.0000 -1.0000
vn 0.0000 0.0000 1.0000
vn 0.0000 0.0000 -1.0000
vn 0.0000 0.0000 1.0000
vn 0.0000 0.0000 -1.0000
vn 0.0000 0.0000 1.0000
vn 0.0000 0.0000 -1.0000
vn 0.0000 0.0000 1.0000
vn 0.0000 0.0000 -1.0000
vn 0.0000 0.0000 1.0000
vn 0.0000 0.0000 -1.0000
vn 0.0000 0.0000 1.0000
vn 0.0000 0.0000 -1.0000
vn 0.0000 0.0000 1.0000
vn 0.0000 0.0000 -1.0000
vn 0.0000 0.0000 1.0000
vn 0.0000 0.0000 -1.0000
vn 0.0000 0.0000 1.0000
vn 0.0000 0.0000 -1.0000
vn 0.0000 0.0000 1.0000
vn 0.0000 0.0000 -1.0000
vn 0.0000 0.0000 1.0000
vn 0.0000 0.0000 -1.0000
vn 0.0000 0.0000 1.0000
vn 0.0000 0.0000 -1.0000
vn 0.0000 0.0000 1.0000
vn 0.0000 0.0000 -1.0000
vn 0.0000 0.0000 1.0000
vn 0.0000 0.0000 -1.0000
vn 0.0000 0.0000 1.0000
vn 0.0000 0.0000 -1.0000
vn 0.0000 0.0000 1.0000
vn 0.0000 0.0000 -1.0000
vn 0.0000 0.0000 1.0000
vn 0.0000 0.0000 -1.0000
vn 0.0000 0.0000 1.0000
vn 0.0000 0.0000 -1.0000
vn 0.0000 0.0000 1.0000
vn 0.0000 0.0000 -1.0000
vn 0.0000 0.0000 1.0000
vn 0.0000 0.0000 -1.0000
vn 0.0000 0.0000 1.0000
vn 0.0000 0.0000 -1.0000
vn 0.0000 0.0000 1.0000
vn 0.0000 0.0000 -1.0000
vn 0.0000 0.0000 1.0000
vn 0.0000 0.0000 -1.0000
vn 0.0000 0.0000 1.0000
vn 0.0000 0.0000 -1.0000
vn 0.0000 0.0000 1.0000
vn 0.0000 0.0000 -1.0000
vn 0.0000 0.0000 1.0000
vn 0.0000 0.0000 -1.0000
vn 0.0000 0.0000 1.0000
vn 0.0000 0.0000 -1.0000
vn 0.0000 0.0000 1.0000
vn 0.0000 0.0000 -1.0000
vn 0.0000 0.0000 1.0000
vn 0.0000 0.0000 -1.0000
vn 0.0000 0.0000 1.0000
vn 0.0000 0.0000 -1.0000
vn 0.0000 0.0000 1.0000
vn 0.0000 0.0000 -1.0000
vn 0.0000 0.0000 1.0000
vn 0.0000 0.0000 -1.0000
vn 0.0000 0.0000 1.0000
vn 0.0000 0.0000 -1.0000
vn 0.0000 0.0000 1.0000
vn 0.0000 0.0000 -1.0000
vn 0.0000 0.0000 1.0000
vn 0.0000 0.0000 -1.0000
vn 0.0000 0.0000 1.0000
vn 0.0000 0.0000 -1.0000
vn 0.0000 0.0000 1.0000
vn 0.0000 0.0000 -1.0000
vn 0.0000 0.0000 1.0000
vn 0.0000 0.0000 -1.0000
vn 0.0000 0.0000 1.0000
vn 0.0000 0.0000 -1.0000
vn 0.0000 0.0000 1.0000
vn 0.0000 0.0000 -1.0000
vn 0.0000 0.0000 1.0000
vn 0.0000 0.0000 -1.0000
vn 0.0000 0.0000 1.0000
vn 0.0000 0.0000 -1.0000
vn 0.0000 0.0000 1.0000
vn 0.0000 0.0000 -1.0000
vn 0.0000 0.0000 1.0000
vn 0.0000 0.0000 -1.0000
vn 0.0000 0.0000 1.0000
vn 0.0000 0.0000 -1.0000
vn 0.0000 0.0000 1.0000
vn 0.0000 0.0000 -1.0000
vn 0.0000 0.0000 1.0000
vn 0.0000 0.0000 -1.0000
vn 0.0000 0.0000 1.0000
vn 0.0000 0.0000 -1.0000
vn 0.0000 0.0000 1.0000
vn 0.0000 0.0000 -1.0000
vn 0.0000 0.0000 1.0000
vn 0.0000 0.0000 -1.0000
vn 0.0000 0.0000 1.0000
vn 0.0000 0.0000 -1.0000
vn 0.0000 0.0000 1.0000
vn 0.0000 0.0000 -1.0000
vn 0.0000 0.0000 1.0000
vn 0.0000 0.0000 -1.0000
vn 0.0000 0.0000 1.0000
vn 0.0000 0.0000 -1.0000
vn 0.0000 0.0000 1.0000
vn 0.0000 0.0000 -1.0000
vn 0.0000 0.0000 1.0000
vn 0.0000 0.0000 -1.0000
vn 0.0000 0.0000 1.0000
vn 0.0000 0.0000 -1.0000
vn 0.0000 0.0000 1.0000
vn 0.0000 0.0000 -1.0000
vn 0.0000 0.0000 1.0000
vn 0.0000 0.0000 -1.0000
vn 0.0000 0.0000 1.0000
vn 0.0000 0.0000 -1.0000
vn 0.0000 0.0000 1.0000
vn 0.0000 0.0000 -1.0000
vn 0.0000 0.0000 1.0000
vn 0.0000 0.0000 -1.0000
vn 0.0000 0.0000 1.0000
vn 0.0000 0.0000 -1.0000
vn 0.0000 0.0000 1.0000
vn 0.0000 0.0000 -1.0000
vn 0.0000 0.0000 1.0000
vn 0.0000 0.0000 -1.0000
vn 0.0000 0.0000 1.0000
vn 0.0000 0.0000 -1.0000
vn 0.0000 0.0000 1.0000
vn 0.0000 0.0000 -1.0000
vn 0.0000 0.0000 1.0000
vn 0.0000 0.0000 -1.0000
vn 0.0000 0.0000 1.0000
vn 0.0000 0.0000 -1.0000
vn 0.0000 0.0000 1.0000
vn 0.0000 0.0000 -1.0000
vn 0.0000 0.0000 1.0000
vn 0.0000 0.0000 -1.0000
vn 0.0000 0.0000 1.0000
vn 0.0000 0.0000 -1.0000
vn 0.0000 0.0000 1.0000
vn 0.0000 0.0000 -1.0000
vn 0.0000 0.0000 1.0000
vn 0.0000 0.0000 -1.0000
vn 0.0000 0.0000 1.0000
vn 0.0000 0.0000 -1.0000
vn 0.0000 0.0000 1.0000
vn 0.0000 0.0000 -1.0000
vn 0.0000 0.0000 1.0000
vn 0.0000 0.0000 -1.0000
vn 0.0000 0.0000 1.0000
vn 0.0000 0.0000 -1.0000
vn 0.0000 0.0000 1.0000
vn 0.0000 0.0000 -1.0000
vn 0.0000 0.0000 1.0000
vn 0.0000 0.0000 -1.0000
vn 0.0000 0.0000 1.0000
vn 0.0000 0.0000 -1.0000
vn 0.0000 0.0000 1.0000
vn 0.0000 0.0000 -1.0000
vn 0.0000 0.0000 1.0000
vn 0.0000 0.0000 -1.0000
vn 0.0000 0.0000 1.0000
vn 0.0000 0.0000 -1.0000
vn 0.0000 0.0000 1.0000
vn 0.0000 0.0000 -1.0000
vn 0.0000 0.0000 1.0000
vn 0.0000 0.0000 -1.0000
vn 0.0000 0.0000 1.0000
vn 0.0000 0.0000 -1.0000
vn 0.0000 0.0000 1.0000
vn 0.0000 0.0000 -1.0000
vn 0.0000 0.0000 1.0000
vn 0.0000 0.0000 -1.0000
vn 0.0000 0.0000 1.0000
vn 0.0000 0.0000 -1.0000
vn 0.0000 0.0000 1.0000
vn 0.0000 0.0000 -1.0000
vn 0.0000 0.0000 1.0000
vn 0.0000 0.0000 -1.0000
vn 0.0000 0.0000 1.0000
vn 0.0000 0.0000 -1.0000
vn 0.0000 0.0000 1.0000
vn 0.0000 0.0000 -1.0000
vn 0.0000 0.0000 1.0000
vn 0.0000 0.0000 -1.0000
vn 0.0000 0.0000 1.0000
vn 0.0000 0.0000 -1.0000
vn 0.0000 0.0000 1.0000
vn 0.0000 0.0000 -1.0000
vn 0.0000 0.0000 1.0000
vn 0.0000 0.0000 -1.0000
vn 0.0000 0.0000 1.0000
vn 0.0000 0.0000 -1.0000
vn 0.0000 0.0000 1.0000
vn 0.0000 0.0000 -1.0000
vn 0.0000 0.0000 1.0000
vn 0.0000 0.0000 -1.0000
vn 0.0000 0.0000 1.0000
vn 0.0000 0.0000 -1.0000
vn 0.0000 0.0000 1.0000
vn 0.0000 0.0000 -1.0000
vn 0.0000 0.0000 1.0000
vn 0.0000 0.0000 -1.0000
vn 0.0000 0.0000 1.0000
vn 0.0000 0.0000 -1.0000
vn 0.0000 0.0000 1.0000
vn 0.0000 0.0000 -1.0000
vn 0.0000 0.0000 1.0000
vn 0.0000 0.0000 -1.0000
vn 0.0000 0.0000 1.0000
vn 0.0000 0.0000 -1.0000
vn 0.0000 0.0000 1.0000
vn 0.0000 0.0000 -1.0000
vn 0.0000 0.0000 1.0000
vn 0.0000 0.0000 -1.0000
vn 0.0000 0.0000 1.0000
vn 0.0000 0.0000 -1.0000
vn 0.0000 0.0000 1.0000
vn 0.0000 0.0000 -1.0000
vn 0.0000 0.0000 1.0000
vn 0.0000 0.0000 -1.0000
vn 0.0000 0.0000 1.0000
vn 0.0000 0.0000 -1.0000
vn 0.0000 0.0000 1.0000
vn 0.0000 0.0000 -1.0000
vn 0.0000 0.0000 1.0000
vn 0.0000 0.0000 -1.0000
vn 0.0000 0.0000 1.0000
vn 0.0000 0.0000 -1.0000
vn 0.0000 0.0000 1.0000
vn 0.0000 0.0000 -1.0000
vn 0.0000 0.0000 1.0000
vn 0.0000 0.0000 -1.0000
vn 0.0000 0.0000 1.0000
vn 0.0000 0.0000 -1.0000
vn 0.0000 0.0000 1.0000
vn 0.0000 0.0000 -1.0000
vn 0.0000 0.0000 1.0000
vn 0.0000 0.0000 -1.0000
vn 0.0000 0.0000 1.0000
vn 0.0000 0.0000 -1.0000
vn 0.0000 0.0000 1.0000
vn 0.0000 0.0000 -1.0000
vn 0.0000 0.0000 1.0000
vn 0.0000 0.0000 -1.0000
vn 0.0000 0.0000 1.0000
vn 0.0000 0.0000 -1.0000
vn 0.0000 0.0000 1.0000
vn 0.0000 0.0000 -1.0000
vn 0.0000 0.0000 1.0000
vn 0.0000 0.0000 -1.0000
vn 0.0000 0.0000 1.0000
vn 0.0000 0.0000 -1.0000
vn 0.0000 0.0000 1.0000
vn 0.0000 0.0000 -1.0000
vn 0.0000 0.0000 1.0000
vn 0.0000 0.0000 -1.0000
vn 0.0000 0.0000 1.0000
vn 0.0000 0.0000 -1.0000
vn 0.0000 0.0000 1.0000
vn 0.0000 0.0000 -1.0000
vn 0.0000 0.0000 1.0000
vn 0.0000 0.0000 -1.0000
vn 0.0000 0.0000 1.0000
vn 0.0000 0.0000 -1.0000
vn 0.0000 0.0000 1.0000
vn 0.0000 0.0000 -1.0000
vn 0.0000 0.0000 1.0000
vn 0.0000 0.0000 -1.0000
vn 0.0000 0.0000 1.0000
vn 0.0000 0.0000 -1.0000
vn 0.0000 0.0000 1.0000
vn 0.0000 0.0000 -1.0000
vn 0.0000 0.0000 1.0000
vn 0.0000 0.0000 -1.0000
vn 0.0000 0.0000 1.0000
vn 0.0000 0.0000 -1.0000
vn 0.0000 0.0000 1.0000
vn 0.0000 0.0000 -1.0000
vn 0.0000 0.0000 1.0000
vn 0.0000 0.0000 -1.0000
vn 0.0000 0.0000 1.0000
vn 0.0000 0.0000 -1.0000
vn 0.0000 0.0000 1.0000
vn 0.0000 0.0000 -1.0000
vn 0.0000 0.0000 1.0000
vn 0.0000 0.0000 -1.0000
vn 0.0000 0.0000 1.0000
vn 0.0000 0.0000 -1.0000
vn 0.0000 0.0000 1.0000
vn 0.0000 0.0000 -1.0000
vn 0.0000 0.0000 1.0000
vn 0.0000 0.0000 -1.0000
vn 0.0000 0.0000 1.0000
vn 0.0000 0.0000 -1.0000
vn 0.0000 0.0000 1.0000
vn 0.0000 0.0000 -1.0000
vn 0.0000 0.0000 1.0000
vn 0.0000 0.0000 -1.0000
vn 0.0000 0.0000 1.0000
vn 0.0000 0.0000 -1.0000
vn 0.0000 0.0000 1.0000
vn 0.0000 0.0000 -1.0000
vn 0.0000 0.0000 1.0000
vn 0.0000 0.0000 -1.0000
vn 0.0000 0.0000 1.0000
vn 0.0000 0.0000 -1.0000
vn 0.0000 0.0000 1.0000
vn 0.0000 0.0000 -1.0000
vn 0.0000 0.0000 1.0000
vn 0.0000 0.0000 -1.0000
vn 0.0000 0.0000 1.0000
vn 0.0000 0.0000 -1.0000
vn 0.0000 0.0000 1.0000
vn 0.0000 0.0000 -1.0000
vn 0.0000 0.0000 1.0000
vn 0.0000 0.0000 -1.0000
vn 0.0000 0.0000 1.0000
vn 0.0000 0.0000 -1.0000
vn 0.0000 0.0000 1.0000
vn 0.0000 0.0000 -1.0000
vn 0.0000 0.0000 1.0000
vn 0.0000 0.0000 -1.0000
vn 0.0000 0.0000 1.0000
vn 0.0000 0.0000 -1.0000
vn 0.0000 0.0000 1.0000
vn 0.0000 0.0000 -1.0000
vn 0.0000 0.0000 1.0000
vn 0.0000 0.0000 -1.0000
vn 0.0000 0.0000 1.0000
vn 0.0000 0.0000 -1.0000
vn 0.0000 0.0000 1.0000
vn 0.0000 0.0000 -1.0000
vn 0.0000 0.0000 1.0000
vn 0.0000 0.0000 -1.0000
vn 0.0000 0.0000 1.0000
vn 0.0000 0.0000 -1.0000
vn 0.0000 0.0000 1.0000
vn 0.0000 0.0000 -1.0000
vn 0.0000 0.0000 1.0000
vn 0.0000 0.0000 -1.0000
vn 0.0000 0.0000 1.0000
vn 0.0000 0.0000 -1.0000
vn 0.0000 0.0000 1.0000
vn 0.0000 0.0000 -1.0000
vn 0.0000 0.0000 1.0000
vn 0.0000 0.0000 -1.0000
vn 0.0000 0.0000 1.0000
vn 0.0000 0.0000 -1.0000
vn 0.0000 0.0000 1.0000
vn 0.0000 0.0000 -1.0000
vn 0.0000 0.0000 1.0000
vn 0.0000 0.0000 -1.0000
vn 0.0000 0.0000 1.0000
vn 0.0000 0.0000 -1.0000
vn 0.0000 0.0000 1.0000
vn 0.0000 0.0000 -1.0000
vn 0.0000 0.0000 1.0000
vn 0.0000 0.0000 -1.0000
vn 0.0000 0.0000 1.0000
vn 0.0000 0.0000 -1.0000
vn 0.0000 0.0000 1.0000
vn 0.0000 0.0000 -1.0000
vn 0.0000 0.0000 1.0000
vn 0.0000 0.0000 -1.0000
vn 0.0000 0.0000 1.0000
vn 0.0000 0.0000 -1.0000
vn 0.0000 0.0000 1.0000
vn 0.0000 0.0000 -1.0000
vn 0.0000 0.0000 1.0000
vn 0.0000 0.0000 -1.0000
vn 0.0000 0.0000 1.0000
vn 0.0000 0.0000 -1.0000
vn 0.0000 0.0000 1.0000
vn 0.0000 0.0000 -1.0000
vn 0.0000 0.0000 1.0000
vn 0.0000 0.0000 -1.0000
vn 0.0000 0.0000 1.0000
vn 0.0000 0.0000 -1.0000
vn 0.0000 0.0000 1.0000
vn 0.0000 0.0000 -1.0000
vn 0.0000 0.0000 1.0000
vn 0.0000 0.0000 -1.0000
vn 0.0000 0.0000 1.0000
vn 0.0000 0.0000 -1.0000
vn 0.0000 0.0000 1.0000
vn 0.0000 0.0000 -1.0000
vn 0.0000 0.0000 1.0000
vn 0.0000 0.0000 -1.0000
vn 0.0000 0.0000 1.0000
vn 0.0000 0.0000 -1.0000
vn 0.0000 0.0000 1.0000
vn 0.0000 0.0000 -1.0000
vn 0.0000 0.0000 1.0000
vn 0.0000 0.0000 -1.0000
vn 0.0000 0.0000 1.0000
vn 0.0000 0.0000 -1.0000
vn 0.0000 0.0000 1.0000
vn 0.0000 0.0000 -1.0000
vn 0.0000 0.0000 1.0000
vn 0.0000 0.0000 -1.0000
vn 0.0000 0.0000 1.0000
vn 0.0000 0.0000 -1.0000
vn 0.0000 0.0000 1.0000
vn 0.0000 0.0000 -1.0000
vn 0.0000 0.0000 1.0000
vn 0.0000 0.0000 -1.0000
vn 0.0000 0.0000 1.0000
vn 0.0000 0.0000 -1.0000
vn 0.0000 0.0000 1.0000
vn 0.0000 0.0000 -1.0000
vn 0.0000 0.0000 1.0000
vn 0.0000 0.0000 -1.0000
vn 0.0000 0.0000 1.0000
vn 0.0000 0.0000 -1.0000
vn 0.0000 0.0000 1.0000
vn 0.0000 0.0000 -1.0000
vn 0.0000 0.0000 1.0000
vn 0.0000 0.0000 -1.0000
vn 0.0000 0.0000 1.0000
vn 0.0000 0.0000 -1.0000
vn 0.0000 0.0000 1.0000
vn 0.0000 0.0000 -1.0000
vn 0.0000 0.0000 1.0000
vn 0.0000 0.0000 -1.0000
vn 0.0000 0.0000 1.0000
vn 0.0000 0.0000 -1.0000
vn 0.0000 0.0000 1.0000
vn 0.0000 0.0000 -1.0000
vn 0.0000 0.0000 1.0000
vn 0.0000 0.0000 -1.0000
vn 0.0000 0.0000 1.0000
vn 0.0000 0.0000 -1.0000
vn 0.0000 0.0000 1.0000
vn 0.0000 0.0000 -1.0000
vn 0.0000 0.0000 1.0000
vn 0.0000 0.0000 -1.0000
vn 0.0000 0.0000 1.0000
vn 0.0000 0.0000 -1.0000
vn 0.0000 0.0000 1.0000
vn 0.0000 0.0000 -1.0000
vn 0.0000 0.0000 1.0000
vn 0.0000 0.0000 -1.0000
vn 0.0000 0.0000 1.0000
vn 0.0000 0.0000 -1.0000
vn 0.0000 0.0000 1.0000
vn 0.0000 0.0000 -1.0000
vn 0.0000 0.0000 1.0000
vn 0.0000 0.0000 -1.0000
vn 0.0000 0.0000 1.0000
vn 0.0000 0.0000 -1.0000
vn 0.0000 0.0000 1.0000
vn 0.0000 0.0000 -1.0000
vn 0.0000 0.0000 1.0000
vn 0.0000 0.0000 -1.0000
vn 0.0000 0.0000 1.0000
vn 0.0000 0.0000 -1.0000
vn 0.0000 0.0000 1.0000
vn 0.0000 0.0000 -1.0000
vn 0.0000 0.0000 1.0000
vn 0.0000 0.0000 -1.0000
vn 0.0000 0.0000 1.0000
vn 0.0000 0.0000 -1.0000
vn 0.0000 0.0000 1.0000
vn 0.0000 0.0000 -1.0000
vn 0.0000 0.0000 1.0000
vn 0.0000 0.0000 -1.0000
vn 0.0000 0.0000 1.0000
vn 0.0000 0.0000 -1.0000
vn 0.0000 0.0000 1.0000
vn 0.0000 0.0000 -1.0000
vn 0.0000 0.0000 1.0000
vn 0.0000 0.0000 -1.0000
vn 0.0000 0.0000 1.0000
vn 0.0000 0.0000 -1.0000
vn 0.0000 0.0000 1.0000
vn 0.0000 0.0000 -1.0000
vn 0.0000 0.0000 1.0000
vn 0.0000 0.0000 -1.0000
vn 0.0000 0.0000 1.0000
vn 0.0000 0.0000 -1.0000
vn 0.0000 0.0000 1.0000
vn 0.0000 0.0000 -1.0000
vn 0.0000 0.0000 1.0000
vn 0.0000 0.0000 -1.0000
vn 0.0000 0.0000 1.0000
vn 0.0000 0.0000 -1.0000
vn 0.0000 0.0000 1.0000
vn 0.0000 0.0000 -1.0000
vn 0.0000 0.0000 1.0000
vn 0.0000 0.0000 -1.0000
vn 0.0000 0.0000 1.0000
vn 0.0000 0.0000 -1.0000
vn 0.0000 0.0000 1.0000
vn 0.0000 0.0000 -1.0000
vn 0.0000 0.0000 1.0000
vn 0.0000 0.0000 -1.0000
vn 0.0000 0.0000 1.0000
vn 0.0000 0.0000 -1.0000
vn 0.0000 0.0000 1.0000
vn 0.0000 0.0000 -1.0000
vn 0.0000 0.0000 1.0000
vn 0.0000 0.0000 -1.0000
vn 0.0000 0.0000 1.0000
vn 0.0000 0.0000 -1.0000
vn 0.0000 0.0000 1.0000
vn 0.0000 0.0000 -1.0000
vn 0.0000 0.0000 1.0000
vn 0.0000 0.0000 -1.0000
vn 0.0000 0.0000 1.0000
vn 0.0000 0.0000 -1.0000
vn 0.0000 0.0000 1.0000
vn 0.0000 0.0000 -1.0000
vn 0.0000 0.0000 1.0000
vn 0.0000 0.0000 -1.0000
vn 0.0000 0.0000 1.0000
vn 0.0000 0.0000 -1.0000
vn 0.0000 0.0000 1.0000
vn 0.0000 0.0000 -1.0000
vn 0.0000 0.0000 1.0000
vn 0.0000 0.0000 -1.0000
vn 0.0000 0.0000 1.0000
vn 0.0000 0.0000 -1.0000
vn 0.0000 0.0000 1.0000
vn 0.0000 0.0000 -1.0000
vn 0.0000 0.0000 1.0000
vn 0.0000 0.0000 -1.0000
vn 0.0000 0.0000 1.0000
vn 0.0000 0.0000 -1.0000
vn 0.0000 0.0000 1.0000
vn 0.0000 0.0000 -1.0000
vn 0.0000 0.0000 1.0000
vn 0.0000 0.0000 -1.0000
vn 0.0000 0.0000 1.0000
vn 0.0000 0.0000 -1.0000
vn 0.0000 0.0000 1.0000
vn 0.0000 0.0000 -1.0000
vn 0.0000 0.0000 1.0000
vn 0.0000 0.0000 -1.0000
vn 0.0000 0.0000 1.0000
vn 0.0000 0.0000 -1.0000
vn 0.0000 0.0000 1.0000
vn 0.0000 0.0000 -1.0000
vn 0.0000 0.0000 1.0000
vn 0.0000 0.0000 -1.0000
vn 0.0000 0.0000 1.0000
vn 0.0000 0.0000 -1.0000
vn 0.0000 0.0000 1.0000
vn 0.0000 0.0000 -1.0000
vn 0.0000 0.0000 1.0000
vn 0.0000 0.0000 -1.0000
vn 0.0000 0.0000 1.0000
vn 0.0000 0.0000 -1.0000
vn 0.0000 0.0000 1.0000
vn 0.0000 0.0000 -1.0000
vn 0.0000 0.0000 1.0000
vn 0.0000 0.0000 -1.0000
vn 0.0000 0.0000 1.0000
vn 0.0000 0.0000 -1.0000
vn 0.0000 0.0000 1.0000
vn 0.0000 0.0000 -1.0000
vn 0.0000 0.0000 1.0000
vn 0.0000 0.0000 -1.0000
vn 0.0000 0.0000 1.0000
vn 0.0000 0.0000 -1.0000
vn 0.0000 0.0000 1.0000
vn 0.0000 0.0000 -1.0000
vn 0.0000 0.0000 1.0000
vn 0.0000 0.0000 -1.0000
vn 0.0000 0.0000 1.0000
vn 0.0000 0.0000 -1.0000
vn 0.0000 0.0000 1.0000
vn 0.0000 0.0000 -1.0000
vn 0.0000 0.0000 1.0000
vn 0.0000 0.0000 -1.0000
vn 0.0000 0.0000 1.0000
vn 0.0000 0.0000 -1.0000
vn 0.0000 0.0000 1.0000
vn 0.0000 0.0000 -1.0000
vn 0.0000 0.0000 1.0000
vn 0.0000 0.0000 -1.0000
vn 0.0000 0.0000 1.0000
vn 0.0000 0.0000 -1.0000
vn 0.0000 0.0000 1.0000
vn 0.0000 0.0000 -1.0000
vn 0.0000 0.0000 1.0000
vn 0.0000 0.0000 -1.0000
vn 0.0000 0.0000 1.0000
vn 0.0000 0.0000 -1.0000
vn 0.0000 0.0000 1.0000
vn 0.0000 0.0000 -1.0000
vn 0.0000 0.0000 1.0000
vn 0.0000 0.0000 -1.0000
vn 0.0000 0.0000 1.0000
vn 0.0000 0.0000 -1.0000
vn 0.0000 0.0000 1.0000
vn 0.0000 0.0000 -1.0000
vn 0.0000 0.0000 1.0000
vn 0.0000 0.0000 -1.0000
vn 0.0000 0.0000 1.0000
vn 0.0000 0.0000 -1.0000
vn 0.0000 0.0000 1.0000
vn 0.0000 0.0000 -1.0000
vn 0.0000 0.0000 1.0000
vn 0.0000 0.0000 -1.0000
vn 0.0000 0.0000 1.0000
vn 0.0000 0.0000 -1.0000
vn 0.0000 0.0000 1.0000
vn 0.0000 0.0000 -1.0000
vn 0.0000 0.0000 1.0000
vn 0.0000 0.0000 -1.0000
vn 0.0000 0.0000 1.0000
vn 0.0000 0.0000 -1.0000
vn 0.0000 0.0000 1.0000
vn 0.0000 0.0000 -1.0000
vn 0.0000 0.0000 1.0000
vn 0.0000 0.0000 -1.0000
vn 0.0000 0.0000 1.0000
vn 0.0000 0.0000 -1.0000
vn 0.0000 0.0000 1.0000
vn 0.0000 0.0000 -1.0000
vn 0.0000 0.0000 1.0000
vn 0.0000 0.0000 -1.0000
vn 0.0000 0.0000 1.0000
vn 0.0000 0.0000 -1.0000
vn 0.0000 0.0000 1.0000
vn 0.0000 0.0000 -1.0000
vn 0.0000 0.0000 1.0000
vn 0.0000 0.0000 -1.0000
vn 0.0000 0.0000 1.0000
vn 0.0000 0.0000 -1.0000
vn 0.0000 0.0000 1.0000
vn 0.0000 0.0000 -1.0000
vn 0.0000 0.0000 1.0000
vn 0.0000 0.0000 -1.0000
vn 0.0000 0.0000 1.0000
vn 0.0000 0.0000 -1.0000
vn 0.0000 0.0000 1.0000
vn 0.0000 0.0000 -1.0000
vn 0.0000 0.0000 1.0000
vn 0.0000 0.0000 -1.0000
vn 0.0000 0.0000 1.0000
vn 0.0000 0.0000 -1.0000
vn 0.0000 0.0000 1.0000
vn 0.0000 0.0000 -1.0000
vn 0.0000 0.0000 1.0000
vn 0.0000 0.0000 -1.0000
vn 0.0000 0.0000 1.0000
vn 0.0000 0.0000 -1.0000
vn 0.0000 0.0000 1.0000
vn 0.0000 0.0000 -1.0000
vn 0.0000 0.0000 1.0000
vn 0.0000 0.0000 -1.0000
vn 0.0000 0.0000 1.0000
vn 0.0000 0.0000 -1.0000
vn 0.0000 0.0000 1.0000
vn 0.0000 0.0000 -1.0000
vn 0.0000 0.0000 1.0000
vn 0.0000 0.0000 -1.0000
vn 0.0000 0.0000 1.0000
vn 0.0000 0.0000 -1.0000
vn 0.0000 0.0000 1.0000
vn 0.0000 0.0000 -1.0000
vn 0.0000 0.0000 1.0000
vn 0.0000 0.0000 -1.0000
vn 0.0000 0.0000 1.0000
vn 0.0000 0.0000 -1.0000
vn 0.0000 0.0000 1.0000
vn 0.0000 0.0000 -1.0000
vn 0.0000 0.0000 1.0000
vn 0.0000 0.0000 -1.0000
vn 0.0000 0.0000 1.0000
vn 0.0000 0.0000 -1.0000
vn 0.0000 0.0000 1.0000
vn 0.0000 0.0000 -1.0000
vn 0.0000 0.0000 1.0000
vn 0.0000 0.0000 -1.0000
vn 0.0000 0.0000 1.0000
vn 0.0000 0.0000 -1.0000
vn 0.0000 0.0000 1.0000
vn 0.0000 0.0000 -1.0000
vn 0.0000 0.0000 1.0000
vn 0.0000 0.0000 -1.0000
vn 0.0000 0.0000 1.0000
vn 0.0000 0.0000 -1.0000
vn 0.0000 0.0000 1.0000
vn 0.0000 0.0000 -1.0000
vn 0.0000 0.0000 1.0000
vn 0.0000 0.0000 -1.0000
vn 0.0000 0.0000 1.0000
vn 0.0000 0.0000 -1.0000
vn 0.0000 0.0000 1.0000
vn 0.0000 0.0000 -1.0000
vn 0.0000 0.0000 1.0000
vn 0.0000 0.0000 -1.0000
vn 0.0000 0.0000 1.0000
vn 0.0000 0.0000 -1.0000
vn 0.0000 0.0000 1.0000
vn 0.0000 0.0000 -1.0000
vn 0.0000 0.0000 1.0000
vn 0.0000 0.0000 -1.0000
vn 0.0000 0.0000 1.0000
vn 0.0000 0.0000 -1.0000
vn 0.0000 0.0000 1.0000
vn 0.0000 0.0000 -1.0000
vn 0.0000 0.0000 1.0000
vn 0.0000 0.0000 -1.0000
vn 0.0000 0.0000 1.0000
vn 0.0000 0.0000 -1.0000
vn 0.0000 0.0000 1.0000
vn 0.0000 0.0000 -1.0000
vn 0.0000 0.0000 1.0000
vn 0.0000 0.0000 -1.0000
vn 0.0000 0.0000 1.0000
vn 0.0000 0.0000 -1.0000
vn 0.0000 0.0000 1.0000
vn 0.0000 0.0000 -1.0000
vn 0.0000 0.0000 1.0000
vn 0.0000 0.0000 -1.0000
vn 0.0000 0.0000 1.0000
vn 0.0000 0.0000 -1.0000
vn 0.0000 0.0000 1.0000
vn 0.0000 0.0000 -1.0000
vn 0.0000 0.0000 1.0000
vn 0.0000 0.0000 -1.0000
vn 0.0000 0.0000 1.0000
vn 0.0000 0.0000 -1.0000
vn 0.0000 0.0000 1.0000
vn 0.0000 0.0000 -1.0000
vn 0.0000 0.0000 1.0000
vn 0.0000 0.0000 -1.0000
vn 0.0000 0.0000 1.0000
vn 0.0000 0.0000 -1.0000
vn 0.0000 0.0000 1.0000
vn 0.0000 0.0000 -1.0000
vn 0.0000 0.0000 1.0000
vn 0.0000 0.0000 -1.0000
vn 0.0000 0.0000 1.0000
vn 0.0000 0.0000 -1.0000
vn 0.0000 0.0000 1.0000
vn 0.0000 0.0000 -1.0000
vn 0.0000 0.0000 1.0000
vn 0.0000 0.0000 -1.0000
vn 0.0000 0.0000 1.0000
vn 0.0000 0.0000 -1.0000
vn 0.0000 0.0000 1.0000
vn 0.0000 0.0000 -1.0000
vn 0.0000 0.0000 1.0000
vn 0.0000 0.0000 -1.0000
vn 0.0000 0.0000 1.0000
vn 0.0000 0.0000 -1.0000
vn 0.0000 0.0000 1.0000
vn 0.0000 0.0000 -1.0000
vn 0.0000 0.0000 1.0000
vn 0.0000 0.0000 -1.0000
vn 0.0000 0.0000 1.0000
vn 0.0000 0.0000 -1.0000
vn 0.0000 0.0000 1.0000
vn 0.0000 0.0000 -1.0000
vn 0.0000 0.0000 1.0000
vn 0.0000 0.0000 -1.0000
vn 0.0000 0.0000 1.0000
vn 0.0000 0.0000 -1.0000
vn 0.0000 0.0000 1.0000
vn 0.0000 0.0000 -1.0000
vn 0.0000 0.0000 1.0000
vn 0.0000 0.0000 -1.0000
vn 0.0000 0.0000 1.0000
vn 0.0000 0.0000 -1.0000
vn 0.0000 0.0000 1.0000
vn 0.0000 0.0000 -1.0000
vn 0.0000 0.0000 1.0000
vn 0.0000 0.0000 -1.0000
vn 0.0000 0.0000 1.0000
vn 0.0000 0.0000 -1.0000
vn 0.0000 0.0000 1.0000
vn 0.0000 0.0000 -1.0000
vn 0.0000 0.0000 1.0000
vn 0.0000 0.0000 -1.0000
vn 0.0000 0.0000 1.0000
vn 0.0000 0.0000 -1.0000
vn 0.0000 0.0000 1.0000
vn 0.0000 0.0000 -1.0000
vn 0.0000 0.0000 1.0000
vn 0.0000 0.0000 -1.0000
vn 0.0000 0.0000 1.0000
vn 0.0000 0.0000 -1.0000
vn 0.0000 0.0000 1.0000
vn 0.0000 0.0000 -1.0000
vn 0.0000 0.0000 1.0000
vn 0.0000 0.0000 -1.0000
vn 0.0000 0.0000 1.0000
vn 0.0000 0.0000 -1.0000
vn 0.0000 0.0000 1.0000
vn 0.0000 0.0000 -1.0000
vn 0.0000 0.0000 1.0000
vn 0.0000 0.0000 -1.0000
vn 0.0000 0.0000 1.0000
vn 0.0000 0.0000 -1.0000
vn 0.0000 0.0000 1.0000
vn 0.0000 0.0000 -1.0000
vn 0.0000 0.0000 1.0000
vn 0.0000 0.0000 -1.0000
vn 0.0000 0.0000 1.0000
vn 0.0000 0.0000 -1.0000
vn 0.0000 0.0000 1.0000
vn 0.0000 0.0000 -1.0000
vn 0.0000 0.0000 1.0000
vn 0.0000 0.0000 -1.0000
vn 0.0000 0.0000 1.0000
vn 0.0000 0.0000 -1.0000
vn 0.0000 0.0000 1.0000
vn 0.0000 0.0000 -1.0000
vn 0.0000 0.0000 1.0000
vn 0.0000 0.0000 -1.0000
vn 0.0000 0.0000 1.0000
vn 0.0000 0.0000 -1.0000
vn 0.0000 0.0000 1.0000
vn 0.0000 0.0000 -1.0000
vn 0.0000 0.0000 1.0000
vn 0.0000 0.0000 -1.0000
vn 0.0000 0.0000 1.0000
vn 0.0000 0.0000 -1.0000
vn 0.0000 0.0000 1.0000
vn 0.0000 0.0000 -1.0000
vn 0.0000 0.0000 1.0000
vn 0.0000 0.0000 -1.0000
vn 0.0000 0.0000 1.0000
vn 0.0000 0.0000 -1.0000
vn 0.0000 0.0000 1.0000
vn 0.0000 0.0000 -1.0000
vn 0.0000 0.0000 1.0000
vn 0.0000 0.0000 -1.0000
vn 0.0000 0.0000 1.0000
vn 0.0000 0.0000 -1.0000
vn 0.0000 0.0000 1.0000
vn 0.0000 0.0000 -1.0000
vn 0.0000 0.0000 1.0000
vn 0.0000 0.0000 -1.0000
vn 0.0000 0.0000 1.0000
vn 0.0000 0.0000 -1.0000
vn 0.0000 0.0000 1.0000
vn 0.0000 0.0000 -1.0000
vn 0.0000 0.0000 1.0000
vn 0.0000 0.0000 -1.0000
vn 0.0000 0.0000 1.0000
vn 0.0000 0.0000 -1.0000
vn 0.0000 0.0000 1.0000
vn 0.0000 0.0000 -1.0000
vn 0.0000 0.0000 1.0000
vn 0.0000 0.0000 -1.0000
vn 0.0000 0.0000 1.0000
vn 0.0000 0.0000 -1.0000
vn 0.0000 0.0000 1.0000
vn 0.0000 0.0000 -1.0000
vn 0.0000 0.0000 1.0000
vn 0.0000 0.0000 -1.0000
vn 0.0000 0.0000 1.0000
vn 0.0000 0.0000 -1.0000
vn 0.0000 0.0000 1.0000
vn 0.0000 0.0000 -1.0000
vn 0.0000 0.0000 1.0000
vn 0.0000 0.0000 -1.0000
vn 0.0000 0.0000 1.0000
vn 0.0000 0.0000 -1.0000
vn 0.0000 0.0000 1.0000
vn 0.0000 0.0000 -1.0000
vn 0.0000 0.0000 1.0000
vn 0.0000 0.0000 -1.0000
vn 0.0000 0.0000 1.0000
vn 0.0000 0.0000 -1.0000
vn 0.0000 0.0000 1.0000
vn 0.0000 0.0000 -1.0000
vn 0.0000 0.0000 1.0000
vn 0.0000 0.0000 -1.0000
vn 0.0000 0.0000 1.0000
vn 0.0000 0.0000 -1.0000
vn 0.0000 0.0000 1.0000
vn 0.0000 0.0000 -1.0000
vn 0.0000 0.0000 1.0000
vn 0.0000 0.0000 -1.0000
vn 0.0000 0.0000 1.0000
vn 0.0000 0.0000 -1.0000
vn 0.0000 0.0000 1.0000
vn 0.0000 0.0000 -1.0000
vn 0.0000 0.0000 1.0000
vn 0.0000 0.0000 -1.0000
vn 0.0000 0.0000 1.0000
vn 0.0000 0.0000 -1.0000
vn 0.0000 0.0000 1.0000
vn 0.0000 0.0000 -1.0000
vn 0.0000 0.0000 1.0000
vn 0.0000 0.0000 -1.0000
vn 0.0000 0.0000 1.0000
vn 0.0000 0.0000 -1.0000
vn 0.0000 0.0000 1.0000
vn 0.0000 0.0000 -1.0000
vn 0.0000 0.0000 1.0000
vn 0.0000 0.0000 -1.0000
vn 0.0000 0.0000 1.0000
vn 0.0000 0.0000 -1.0000
vn 0.0000 0.0000 1.0000
vn 0.0000 0.0000 -1.0000
vn 0.0000 0.0000 1.0000
vn 0.0000 0.0000 -1.0000
vn 0.0000 0.0000 1.0000
vn 0.0000 0.0000 -1.0000
vn 0.0000 0.0000 1.0000
vn 0.0000 0.0000 -1.0000
vn 0.0000 0.0000 1.0000
vn 0.0000 0.0000 -1.0000
vn 0.0000 0.0000 1.0000
vn 0.0000 0.0000 -1.0000
vn 0.0000 0.0000 1.0000
vn 0.0000 0.0000 -1.0000
vn 0.0000 0.0000 1.0000
vn 0.0000 0.0000 -1.0000
vn 0.0000 0.0000 1.0000
vn 0.0000 0.0000 -1.0000
vn 0.0000 0.0000 1.0000
vn 0.0000 0.0000 -1.0000
vn 0.0000 0.0000 1.0000
vn 0.0000 0.0000 -1.0000
vn 0.0000 0.0000 1.0000
vn 0.0000 0.0000 -1.0000
vn 0.0000 0.0000 1.0000
vn 0.0000 0.0000 -1.0000
vn 0.0000 0.0000 1.0000
vn 0.0000 0.0000 -1.0000
vn 0.0000 0.0000 1.0000
vn 0.0000 0.0000 -1.0000
vn 0.0000 0.0000 1.0000
vn 0.0000 0.0000 -1.0000
vn 0.0000 0.0000 1.0000
vn 0.0000 0.0000 -1.0000
vn 0.0000 0.0000 1.0000
vn 0.0000 0.0000 -1.0000
vn 0.0000 0.0000 1.0000
vn 0.0000 0.0000 -1.0000
vn 0.0000 0.0000 1.0000
vn 0.0000 0.0000 -1.0000
vn 0.0000 0.0000 1.0000
vn 0.0000 0.0000 -1.0000
vn 0.0000 0.0000 1.0000
vn 0.0000 0.0000 -1.0000
vn 0.0000 0.0000 1.0000
vn 0.0000 0.0000 -1.0000
vn 0.0000 0.0000 1.0000
vn 0.0000 0.0000 -1.0000
vn 0.0000 0.0000 1.0000
vn 0.0000 0.0000 -1.0000
vn 0.0000 0.0000 1.0000
vn 0.0000 0.0000 -1.0000
vn 0.0000 0.0000 1.0000
vn 0.0000 0.0000 -1.0000
vn 0.0000 0.0000 1.0000
vn 0.0000 0.0000 -1.0000
vn 0.0000 0.0000 1.0000
vn 0.0000 0.0000 -1.0000
vn 0.0000 0.0000 1.0000
vn 0.0000 0.0000 -1.0000
vn 0.0000 0.0000 1.0000
vn 0.0000 0.0000 -1.0000
vn 0.0000 0.0000 1.0000
vn 0.0000 0.0000 -1.0000
vn 0.0000 0.0000 1.0000
vn 0.0000 0.0000 -1.0000
vn 0.0000 0.0000 1.0000
vn 0.0000 0.0000 -1.0000
vn 0.0000 0.0000 1.0000
vn 0.0000 0.0000 -1.0000
vn 0.0000 0.0000 1.0000
vn 0.0000 0.0000 -1.0000
vn 0.0000 0.0000 1.0000
vn 0.0000 0.0000 -1.0000
vn 0.0000 0.0000 1.0000
vn 0.0000 0.0000 -1.0000
vn 0.0000 0.0000 1.0000
vn 0.0000 0.0000 -1.0000
vn 0.0000 0.0000 1.0000
vn 0.0000 0.0000 -1.0000
vn 0.0000 0.0000 1.0000
vn 0.0000 0.0000 -1.0000
vn 0.0000 0.0000 1.0000
vn 0.0000 0.0000 -1.0000
vn 0.0000 0.0000 1.0000
vn 0.0000 0.0000 -1.0000
vn 0.0000 0.0000 1.0000
vn 0.0000 0.0000 -1.0000
vn 0.0000 0.0000 1.0000
vn 0.0000 0.0000 -1.0000
vn 0.0000 0.0000 1.0000
vn 0.0000 0.0000 -1.0000
vn 0.0000 0.0000 1.0000
vn 0.0000 0.0000 -1.0000
vn 0.0000 0.0000 1.0000
vn 0.0000 0.0000 -1.0000
vn 0.0000 0.0000 1.0000
vn 0.0000 0.0000 -1.0000
vn 0.0000 0.0000 1.0000
vn 0.0000 0.0000 -1.0000
vn 0.0000 0.0000 1.0000
vn 0.0000 0.0000 -1.0000
vn 0.0000 0.0000 1.0000
vn 0.0000 0.0000 -1.0000
vn 0.0000 0.0000 1.0000
vn 0.0000 0.0000 -1.0000
vn 0.0000 0.0000 1.0000
vn 0.0000 0.0000 -1.0000
vn 0.0000 0.0000 1.0000
vn 0.0000 0.0000 -1.0000
vn 0.0000 0.0000 1.0000
vn 0.0000 0.0000 -1.0000
vn 0.0000 0.0000 1.0000
vn 0.0000 0.0000 -1.0000
vn 0.0000 0.0000 1.0000
vn 0.0000 0.0000 -1.0000
vn 0.0000 0.0000 1.0000
vn 0.0000 0.0000 -1.0000
vn 0.0000 0.0000 1.0000
vn 0.0000 0.0000 -1.0000
vn 0.0000 0.0000 1.0000
vn 0.0000 0.0000 -1.0000
vn 0.0000 0.0000 1.0000
vn 0.0000 0.0000 -1.0000
vn 0.0000 0.0000 1.0000
vn 0.0000 0.0000 -1.0000
vn 0.0000 0.0000 1.0000
vn 0.0000 0.0000 -1.0000
vn 0.0000 0.0000 1.0000
vn 0.0000 0.0000 -1.0000
vn 0.0000 0.0000 1.0000
vn 0.0000 0.0000 -1.0000
vn 0.0000 0.0000 1.0000
vn 0.0000 0.0000 -1.0000
vn 0.0000 0.0000 1.0000
vn 0.0000 0.0000 -1.0000
vn 0.0000 0.0000 1.0000
vn 0.0000 0.0000 -1.0000
vn 0.0000 0.0000 1.0000
vn 0.0000 0.0000 -1.0000
vn 0.0000 0.0000 1.0000
vn 0.0000 0.0000 -1.0000
vn 0.0000 0.0000 1.0000
vn 0.0000 0.0000 -1.0000
vn 0.0000 0.0000 1.0000
vn 0.0000 0.0000 -1.0000
vn 0.0000 0.0000 1.0000
vn 0.0000 0.0000 -1.0000
vn 0.0000 0.0000 1.0000
vn 0.0000 0.0000 -1.0000
vn 0.0000 0.0000 1.0000
vn 0.0000 0.0000 -1.0000
vn 0.0000 0.0000 1.0000
vn 0.0000 0.0000 -1.0000
vn 0.0000 0.0000 1.0000
vn 0.0000 0.0000 -1.0000
vn 0.0000 0.0000 1.0000
vn 0.0000 0.0000 -1.0000
vn 0.0000 0.0000 1.0000
vn 0.0000 0.0000 -1.0000
vn 0.0000 0.0000 1.0000
vn 0.0000 0.0000 -1.0000
vn 0.0000 0.0000 1.0000
vn 0.0000 0.0000 -1.0000
vn 0.0000 0.0000 1.0000
vn 0.0000 0.0000 -1.0000
vn 0.0000 0.0000 1.0000
vn 0.0000 0.0000 -1.0000
vn 0.0000 0.0000 1.0000
vn 0.0000 0.0000 -1.0000
vn 0.0000 0.0000 1.0000
vn 0.0000 0.0000 -1.0000
vn 0.0000 0.0000 1.0000
vn 0.0000 0.0000 -1.0000
vn 0.0000 0.0000 1.0000
vn 0.0000 0.0000 -1.0000
vn 0.0000 0.0000 1.0000
vn 0.0000 0.0000 -1.0000
vn 0.0000 0.0000 1.0000
vn 0.0000 0.0000 -1.0000
vn 0.0000 0.0000 1.0000
vn 0.0000 0.0000 -1.0000
vn 0.0000 0.0000 1.0000
vn 0.0000 0.0000 -1.0000
vn 0.0000 0.0000 1.0000
vn 0.0000 0.0000 -1.0000
vn 0.0000 0.0000 1.0000
vn 0.0000 0.0000 -1.0000
vn 0.0000 0.0000 1.0000
vn 0.0000 0.0000 -1.0000
vn 0.0000 0.0000 1.0000
vn 0.0000 0.0000 -1.0000
vn 0.0000 0.0000 1.0000
vn 0.0000 0.0000 -1.0000
vn 0.0000 0.0000 1.0000
vn 0.0000 0.0000 -1.0000
vn 0.0000 0.0000 1.0000
vn 0.0000 0.0000 -1.0000
vn 0.0000 0.0000 1.0000
vn 0.0000 0.0000 -1.0000
vn 0.0000 0.0000 1.0000
vn 0.0000 0.0000 -1.0000
vn 0.0000 0.0000 1.0000
vn 0.0000 0.0000 -1.0000
vn 0.0000 0.0000 1.0000
vn 0.0000 0.0000 -1.0000
vn 0.0000 0.0000 1.0000
vn 0.0000 0.0000 -1.0000
vn 0.0000 0.0000 1.0000
vn 0.0000 0.0000 -1.0000
vn 0.0000 0.0000 1.0000
vn 0.0000 0.0000 -1.0000
vn 0.0000 0.0000 1.0000
vn 0.0000 0.0000 -1.0000
vn 0.0000 0.0000 1.0000
vn 0.0000 0.0000 -1.0000
vn 0.0000 0.0000 1.0000
vn 0.0000 0.0000 -1.0000
vn 0.0000 0.0000 1.0000
vn 0.0000 0.0000 -1.0000
vn 0.0000 0.0000 1.0000
vn 0.0000 0.0000 -1.0000
vn 0.0000 0.0000 1.0000
vn 0.0000 0.0000 -1.0000
vn 0.0000 0.0000 1.0000
vn 0.0000 0.0000 -1.0000
vn 0.0000 0.0000 1.0000
vn 0.0000 0.0000 -1.0000
vn 0.0000 0.0000 1.0000
vn 0.0000 0.0000 -1.0000
vn 0.0000 0.0000 1.0000
vn 0.0000 0.0000 -1.0000
vn 0.0000 0.0000 1.0000
vn 0.0000 0.0000 -1.0000
vn 0.0000 0.0000 1.0000
vn 0.0000 0.0000 -1.0000
vn 0.0000 0.0000 1.0000
vn 0.0000 0.0000 -1.0000
vn 0.0000 0.0000 1.0000
vn 0.0000 0.0000 -1.0000
vn 0.0000 0.0000 1.0000
vn 0.0000 0.0000 -1.0000
vn 0.0000 0.0000 1.0000
vn 0.0000 0.0000 -1.0000
vn 0.0000 0.0000 1.0000
vn 0.0000 0.0000 -1.0000
vn 0.0000 0.0000 1.0000
vn 0.0000 0.0000 -1.0000
vn 0.0000 0.0000 1.0000
vn 0.0000 0.0000 -1.0000
vn 0.0000 0.0000 1.0000
vn 0.0000 0.0000 -1.0000
vn 0.0000 0.0000 1.0000
vn 0.0000 0.0000 -1.0000
vn 0.0000 0.0000 1.0000
vn 0.0000 0.0000 -1.0000
vn 0.0000 0.0000 1.0000
vn 0.0000 0.0000 -1.0000
vn 0.0000 0.0000 1.0000
vn 0.0000 0.0000 -1.0000
vn 0.0000 0.0000 1.0000
vn 0.0000 0.0000 -1.0000
vn 0.0000 0.0000 1.0000
vn 0.0000 0.0000 -1.0000
vn 0.0000 0.0000 1.0000
vn 0.0000 0.0000 -1.0000
vn 0.0000 0.0000 1.0000
vn 0.0000 0.0000 -1.0000
vn 0.0000 0.0000 1.0000
vn 0.0000 0.0000 -1.0000
vn 0.0000 0.0000 1.0000
vn 0.0000 0.0000 -1.0000
vn 0.0000 0.0000 1.0000
vn 0.0000 0.0000 -1.0000
vn 0.0000 0.0000 1.0000
vn 0.0000 0.0000 -1.0000
vn 0.0000 0.0000 1.0000
vn 0.0000 0.0000 -1.0000
vn 0.0000 0.0000 1.0000
vn 0.0000 0.0000 -1.0000
vn 0.0000 0.0000 1.0000
vn 0.0000 0.0000 -1.0000
vn 0.0000 0.0000 1.0000
vn 0.0000 0.0000 -1.0000
vn 0.0000 0.0000 1.0000
vn 0.0000 0.0000 -1.0000
vn 0.0000 0.0000 1.0000
vn 0.0000 0.0000 -1.0000
vn 0.0000 0.0000 1.0000
vn 0.0000 0.0000 -1.0000
vn 0.0000 0.0000 1.0000
vn 0.0000 0.0000 -1.0000
vn 0.0000 0.0000 1.0000
vn 0.0000 0.0000 -1.0000
vn 0.0000 0.0000 1.0000
vn 0.0000 0.0000 -1.0000
vn 0.0000 0.0000 1.0000
vn 0.0000 0.0000 -1.0000
vn 0.0000 0.0000 1.0000
vn 0.0000 0.0000 -1.0000
vn 0.0000 0.0000 1.0000
vn 0.0000 0.0000 -1.0000
vn 0.0000 0.0000 1.0000
vn 0.0000 0.0000 -1.0000
vn 0.0000 0.0000 1.0000
vn 0.0000 0.0000 -1.0000
vn 0.0000 0.0000 1.0000
vn 0.0000 0.0000 -1.0000
vn 0.0000 0.0000 1.0000
vn 0.0000 0.0000 -1.0000
vn 0.0000 0.0000 1.0000
vn 0.0000 0.0000 -1.0000
vn 0.0000 0.0000 1.0000
vn 0.0000 0.0000 -1.0000
vn 0.0000 0.0000 1.0000
vn 0.0000 0.0000 -1.0000
vn 0.0000 0.0000 1.0000
vn 0.0000 0.0000 -1.0000
vn 0.0000 0.0000 1.0000
vn 0.0000 0.0000 -1.0000
vn 0.0000 0.0000 1.0000
vn 0.0000 0.0000 -1.0000
vn 0.0000 0.0000 1.0000
vn 0.0000 0.0000 -1.0000
vn 0.0000 0.0000 1.0000
vn 0.0000 0.0000 -1.0000
vn 0.0000 0.0000 1.0000
vn 0.0000 0.0000 -1.0000
vn 0.0000 0.0000 1.0000
vn 0.0000 0.0000 -1.0000
vn 0.0000 0.0000 1.0000
vn 0.0000 0.0000 -1.0000
vn 0.0000 0.0000 1.0000
vn 0.0000 0.0000 -1.0000
vn 0.0000 0.0000 1.0000
vn 0.0000 0.0000 -1.0000
vn 0.0000 0.0000 1.0000
vn 0.0000 0.0000 -1.0000
vn 0.0000 0.0000 1.0000
vn 0.0000 0.0000 -1.0000
vn 0.0000 0.0000 1.0000
vn 0.0000 0.0000 -1.0000
vn 0.0000 0.0000 1.0000
vn 0.0000 0.0000 -1.0000
vn 0.0000 0.0000 1.0000
vn 0.0000 0.0000 -1.0000
vn 0.0000 0.0000 1.0000
vn 0.0000 0.0000 -1.0000
vn 0.0000 0.0000 1.0000
vn 0.0000 0.0000 -1.0000
vn 0.0000 0.0000 1.0000
vn 0.0000 0.0000 -1.0000
vn 0.0000 0.0000 1.0000
vn 0.0000 0.0000 -1.0000
vn 0.0000 0.0000 1.0000
vn 0.0000 0.0000 -1.0000
vn 0.0000 0.0000 1.0000
vn 0.0000 0.0000 -1.0000
vn 0.0000 0.0000 1.0000
vn 0.0000 0.0000 -1.0000
vn 0.0000 0.0000 1.0000
vn 0.0000 0.0000 -1.0000
vn 0.0000 0.0000 1.0000
vn 0.0000 0.0000 -1.0000
vn 0.0000 0.0000 1.0000
vn 0.0000 0.0000 -1.0000
vn 0.0000 0.0000 1.0000
vn 0.0000 0.0000 -1.0000
vn 0.0000 0.0000 1.0000
vn 0.0000 0.0000 -1.0000
vn 0.0000 0.0000 1.0000
vn 0.0000 0.0000 -1.0000
vn 0.0000 0.0000 1.0000
vn 0.0000 0.0000 -1.0000
vn 0.0000 0.0000 1.0000
vn 0.0000 0.0000 -1.0000
vn 0.0000 0.0000 1.0000
vn 0.0000 0.0000 -1.0000
vn 0.0000 0.0000 1.0000
vn 0.0000 0.0000 -1.0000
vn 0.0000 0.0000 1.0000
vn 0.0000 0.0000 -1.0000
vn 0.0000 0.0000 1.0000
vn 0.0000 0.0000 -1.0000
vn 0.0000 0.0000 1.0000
vn 0.0000 0.0000 -1.0000
vn 0.0000 0.0000 1.0000
vn 0.0000 0.0000 -1.0000
vn 0.0000 0.0000 1.0000
vn 0.0000 0.0000 -1.0000
vn 0.0000 0.0000 1.0000
vn 0.0000 0.0000 -1.0000
vn 0.0000 0.0000 1.0000
vn 0.0000 0.0000 -1.0000
vn 0.0000 0.0000 1.0000
vn 0.0000 0.0000 -1.0000
vn 0.0000 0.0000 1.0000
vn 0.0000 0.0000 -1.0000
vn 0.0000 0.0000 1.0000
vn 0.0000 0.0000 -1.0000
vn 0.0000 0.0000 1.0000
vn 0.0000 0.0000 -1.0000
vn 0.0000 0.0000 1.0000
vn 0.0000 0.0000 -1.0000
vn 0.0000 0.0000 1.0000
vn 0.0000 0.0000 -1.0000
vn 0.0000 0.0000 1.0000
vn 0.0000 0.0000 -1.0000
vn 0.0000 0.0000 1.0000
vn 0.0000 0.0000 -1.0000
vn 0.0000 0.0000 1.0000
vn 0.0000 0.0000 -1.0000
vn 0.0000 0.0000 1.0000
vn 0.0000 0.0000 -1.0000
vn 0.0000 0.0000 1.0000
vn 0.0000 0.0000 -1.0000
vn 0.0000 0.0000 1.0000
vn 0.0000 0.0000 -1.0000
vn 0.0000 0.0000 1.0000
vn 0.0000 0.0000 -1.0000
vn 0.0000 0.0000 1.0000
vn 0.0000 0.0000 -1.0000
vn 0.0000 0.0000 1.0000
vn 0.0000 0.0000 -1.0000
vn 0.0000 0.0000 1.0000
vn 0.0000 0.0000 -1.0000
vn 0.0000 0.0000 1.0000
vn 0.0000 0.0000 -1.0000
vn 0.0000 0.0000 1.0000
vn 0.0000 0.0000 -1.0000
vn 0.0000 0.0000 1.0000
vn 0.0000 0.0000 -1.0000
vn 0.0000 0.0000 1.0000
vn 0.0000 0.0000 -1.0000
vn 0.0000 0.0000 1.0000
vn 0.0000 0.0000 -1.0000
vn 0.0000 0.0000 1.0000
vn 0.0000 0.0000 -1.0000
vn 0.0000 0.0000 1.0000
vn 0.0000 0.0000 -1.0000
vn 0.0000 0.0000 1.0000
vn 0.0000 0.0000 -1.0000
vn 0.0000 0.0000 1.0000
vn 0.0000 0.0000 -1.0000
vn 0.0000 0.0000 1.0000
vn 0.0000 0.0000 -1.0000
vn 0.0000 0.0000 1.0000
vn 0.0000 0.0000 -1.0000
vn 0.0000 0.0000 1.0000
vn 0.0000 0.0000 -1.0000
vn 0.0000 0.0000 1.0000
vn 0.0000 0.0000 -1.0000
vn 0.0000 0.0000 1.0000
vn 0.0000 0.0000 -1.0000
vn 0.0000 0.0000 1.0000
vn 0.0000 0.0000 -1.0000
vn 0.0000 0.0000 1.0000
vn 0.0000 0.0000 -1.0000
vn 0.0000 0.0000 1.0000
vn 0.0000 0.0000 -1.0000
vn 0.0000 0.0000 1.0000
vn 0.0000 0.0000 -1.0000
vn 0.0000 0.0000 1.0000
vn 0.0000 0.0000 -1.0000
vn 0.0000 0.0000 1.0000
vn 0.0000 0.0000 -1.0000
vn 0.0000 0.0000 1.0000
vn 0.0000 0.0000 -1.0000
vn 0.0000 0.0000 1.0000
vn 0.0000 0.0000 -1.0000
vn 0.0000 0.0000 1.0000
vn 0.0000 0.0000 -1.0000
vn 0.0000 0.0000 1.0000
vn 0.0000 0.0000 -1.0000
vn 0.0000 0.0000 1.0000
vn 0.0000 0.0000 -1.0000
vn 0.0000 0.0000 1.0000
vn 0.0000 0.0000 -1.0000
vn 0.0000 0.0000 1.0000
vn 0.0000 0.0000 -1.0000
vn 0.0000 0.0000 1.0000
vn 0.0000 0.0000 -1.0000
vn 0.0000 0.0000 1.0000
vn 0.0000 0.0000 -1.0000
vn 0.0000 0.0000 1.0000
vn 0.0000 0.0000 -1.0000
vn 0.0000 0.0000 1.0000
vn 0.0000 0.0000 -1.0000
vn 0.0000 0.0000 1.0000
vn 0.0000 0.0000 -1.0000
vn 0.0000 0.0000 1.0000
vn 0.0000 0.0000 -1.0000
vn 0.0000 0.0000 1.0000
vn 0.0000 0.0000 -1.0000
vn 0.0000 0.0000 1.0000
vn 0.0000 0.0000 -1.0000
vn 0.0000 0.0000 1.0000
vn 0.0000 0.0000 -1.0000
vn 0.0000 0.0000 1.0000
vn 0.0000 0.0000 -1.0000
vn 0.0000 0.0000 1.0000
vn 0.0000 0.0000 -1.0000
vn 0.0000 0.0000 1.0000
vn 0.0000 0.0000 -1.0000
vn 0.0000 0.0000 1.0000
vn 0.0000 0.0000 -1.0000
vn 0.0000 0.0000 1.0000
vn 0.0000 0.0000 -1.0000
vn 0.0000 0.0000 1.0000
vn 0.0000 0.0000 -1.0000
vn 0.0000 0.0000 1.0000
vn 0.0000 0.0000 -1.0000
vn 0.0000 0.0000 1.0000
vn 0.0000 0.0000 -1.0000
vn 0.0000 0.0000 1.0000
vn 0.0000 0.0000 -1.0000
vn 0.0000 0.0000 1.0000
vn 0.0000 0.0000 -1.0000
vn 0.0000 0.0000 1.0000
vn 0.0000 0.0000 -1.0000
vn 0.0000 0.0000 1.0000
vn 0.0000 0.0000 -1.0000
vn 0.0000 0.0000 1.0000
vn 0.0000 0.0000 -1.0000
vn 0.0000 0.0000 1.0000
vn 0.0000 0.0000 -1.0000
vn 0.0000 0.0000 1.0000
vn 0.0000 0.0000 -1.0000
vn 0.0000 0.0000 1.0000
vn 0.0000 0.0000 -1.0000
vn 0.0000 0.0000 1.0000
vn 0.0000 0.0000 -1.0000
vn 0.0000 0.0000 1.0000
vn 0.0000 0.0000 -1.0000
vn 0.0000 0.0000 1.0000
vn 0.0000 0.0000 -1.0000
vn 0.0000 0.0000 1.0000
vn 0.0000 0.0000 -1.0000
vn 0.0000 0.0000 1.0000
vn 0.0000 0.0000 -1.0000
vn 0.0000 0.0000 1.0000
vn 0.0000 0.0000 -1.0000
vn 0.0000 0.0000 1.0000
vn 0.0000 0.0000 -1.0000
vn 0.0000 0.0000 1.0000
vn 0.0000 0.0000 -1.0000
vn 0.0000 0.0000 1.0000
vn 0.0000 0.0000 -1.0000
vn 0.0000 0.0000 1.0000
vn 0.0000 0.0000 -1.0000
vn 0.0000 0.0000 1.0000
vn 0.0000 0.0000 -1.0000
vn 0.0000 0.0000 1.0000
vn 0.0000 0.0000 -1.0000
vn 0.0000 0.0000 1.0000
vn 0.0000 0.0000 -1.0000
vn 0.0000 0.0000 1.0000
vn 0.0000 0.0000 -1.0000
vn 0.0000 0.0000 1.0000
vn 0.0000 0.0000 -1.0000
vn 0.0000 0.0000 1.0000
vn 0.0000 0.0000 -1.0000
vn 0.0000 0.0000 1.0000
vn 0.0000 0.0000 -1.0000
vn 0.0000 0.0000 1.0000
vn 0.0000 0.0000 -1.0000
vn 0.0000 0.0000 1.0000
vn 0.0000 0.0000 -1.0000
vn 0.0000 0.0000 1.0000
vn 0.0000 0.0000 -1.0000
vn 0.0000 0.0000 1.0000
vn 0.0000 0.0000 -1.0000
vn 0.0000 0.0000 1.0000
vn 0.0000 0.0000 -1.0000
vn 0.0000 0.0000 1.0000
vn 0.0000 0.0000 -1.0000
vn 0.0000 0.0000 1.0000
vn 0.0000 0.0000 -1.0000
vn 0.0000 0.0000 1.0000
vn 0.0000 0.0000 -1.0000
vn 0.0000 0.0000 1.0000
vn 0.0000 0.0000 -1.0000
vn 0.0000 0.0000 1.0000
vn 0.0000 0.0000 -1.0000
vn 0.0000 0.0000 1.0000
vn 0.0000 0.0000 -1.0000
vn 0.0000 0.0000 1.0000
vn 0.0000 0.0000 -1.0000
vn 0.0000 0.0000 1.0000
vn 0.0000 0.0000 -1.0000
vn 0.0000 0.0000 1.0000
vn 0.0000 0.0000 -1.0000
vn 0.0000 0.0000 1.0000
vn 0.0000 0.0000 -1.0000
vn 0.0000 0.0000 1.0000
vn 0.0000 0.0000 -1.0000
vn 0.0000 0.0000 1.0000
vn 0.0000 0.0000 -1.0000
vn 0.0000 0.0000 1.0000
vn 0.0000 0.0000 -1.0000
vn 0.0000 0.0000 1.0000
vn 0.0000 0.0000 -1.0000
vn 0.0000 0.0000 1.0000
vn 0.0000 0.0000 -1.0000
vn 0.0000 0.0000 1.0000
vn 0.0000 0.0000 -1.0000
vn 0.0000 0.0000 1.0000
vn 0.0000 0.0000 -1.0000
vn 0.0000 0.0000 1.0000
vn 0.0000 0.0000 -1.0000
vn 0.0000 0.0000 1.0000
vn 0.0000 0.0000 -1.0000
vn 0.0000 0.0000 1.0000
vn 0.0000 0.0000 -1.0000
vn 0.0000 0.0000 1.0000
vn 0.0000 0.0000 -1.0000
vn 0.0000 0.0000 1.0000
vn 0.0000 0.0000 -1.0000
vn 0.0000 0.0000 1.0000
vn 0.0000 0.0000 -1.0000
vn 0.0000 0.0000 1.0000
vn 0.0000 0.0000 -1.0000
vn 0.0000 0.0000 1.0000
vn 0.0000 0.0000 -1.0000
vn 0.0000 0.0000 1.0000
vn 0.0000 0.0000 -1.0000
vn 0.0000 0.0000 1.0000
vn 0.0000 0.0000 -1.0000
vn 0.0000 0.0000 1.0000
vn 0.0000 0.0000 -1.0000
vn 0.0000 0.0000 1.0000
vn 0.0000 0.0000 -1.0000
vn 0.0000 0.0000 1.0000
vn 0.0000 0.0000 -1.0000
vn 0.0000 0.0000 1.0000
vn 0.0000 0.0000 -1.0000
vn 0.0000 0.0000 1.0000
vn 0.0000 0.0000 -1.0000
vn 0.0000 0.0000 1.0000
vn 0.0000 0.0000 -1.0000
vn 0.0000 0.0000 1.0000
vn 0.0000 0.0000 -1.0000
vn 0.0000 0.0000 1.0000
vn 0.0000 0.0000 -1.0000
vn 0.0000 0.0000 1.0000
vn 0.0000 0.0000 -1.0000
vn 0.0000 0.0000 1.0000
vn 0.0000 0.0000 -1.0000
vn 0.0000 0.0000 1.0000
vn 0.0000 0.0000 -1.0000
vn 0.0000 0.0000 1.0000
vn 0.0000 0.0000 -1.0000
vn 0.0000 0.0000 1.0000
vn 0.0000 0.0000 -1.0000
vn 0.0000 0.0000 1.0000
vn 0.0000 0.0000 -1.0000
vn 0.0000 0.0000 1.0000
vn 0.0000 0.0000 -1.0000
vn 0.0000 0.0000 1.0000
vn 0.0000 0.0000 -1.0000
vn 0.0000 0.0000 1.0000
vn 0.0000 0.0000 -1.0000
vn 0.0000 0.0000 1.0000
vn 0.0000 0.0000 -1.0000
vn 0.0000 0.0000 1.0000
vn 0.0000 0.0000 -1.0000
vn 0.0000 0.0000 1.0000
vn 0.0000 0.0000 -1.0000
vn 0.0000 0.0000 1.0000
vn 0.0000 0.0000 -1.0000
vn 0.0000 0.0000 1.0000
vn 0.0000 0.0000 -1.0000
vn 0.0000 0.0000 1.0000
vn 0.0000 0.0000 -1.0000
vn 0.0000 0.0000 1.0000
vn 0.0000 0.0000 -1.0000
vn 0.0000 0.0000 1.0000
vn 0.0000 0.0000 -1.0000
vn 0.0000 0.0000 1.0000
vn 0.0000 0.0000 -1.0000
vn 0.0000 0.0000 1.0000
vn 0.0000 0.0000 -1.0000
vn 0.0000 0.0000 1.0000
vn 0.0000 0.0000 -1.0000
vn 0.0000 0.0000 1.0000
vn 0.0000 0.0000 -1.0000
vn 0.0000 0.0000 1.0000
vn 0.0000 0.0000 -1.0000
vn 0.0000 0.0000 1.0000
vn 0.0000 0.0000 -1.0000
vn 0.0000 0.0000 1.0000
vn 0.0000 0.0000 -1.0000
vn 0.0000 0.0000 1.0000
vn 0.0000 0.0000 -1.0000
vn 0.0000 0.0000 1.0000
vn 0.0000 0.0000 -1.0000
vn 0.0000 0.0000 1.0000
vn 0.0000 0.0000 -1.0000
vn 0.0000 0.0000 1.0000
vn 0.0000 0.0000 -1.0000
vn 0.0000 0.0000 1.0000
vn 0.0000 0.0000 -1.0000
vn 0.0000 0.0000 1.0000
vn 0.0000 0.0000 -1.0000
vn 0.0000 0.0000 1.0000
vn 0.0000 0.0000 -1.0000
vn 0.0000 0.0000 1.0000
vn 0.0000 0.0000 -1.0000
vn 0.0000 0.0000 1.0000
vn 0.0000 0.0000 -1.0000
vn 0.0000 0.0000 1.0000
vn 0.0000 0.0000 -1.0000
vn 0.0000 0.0000 1.0000
vn 0.0000 0.0000 -1.0000
vn 0.0000 0.0000 1.0000
vn 0.0000 0.0000 -1.0000
vn 0.0000 0.0000 1.0000
vn 0.0000 0.0000 -1.0000
vn 0.0000 0.0000 1.0000
vn 0.0000 0.0000 -1.0000
vn 0.0000 0.0000 1.0000
vn 0.0000 0.0000 -1.0000
vn 0.0000 0.0000 1.0000
vn 0.0000 0.0000 -1.0000
vn 0.0000 0.0000 1.0000
vn 0.0000 0.0000 -1.0000
vn 0.0000 0.0000 1.0000
vn 0.0000 0.0000 -1.0000
vn 0.0000 0.0000 1.0000
vn 0.0000 0.0000 -1.0000
vn 0.0000 0.0000 1.0000
vn 0.0000 0.0000 -1.0000
vn 0.0000 0.0000 1.0000
vn 0.0000 0.0000 -1.0000
vn 0.0000 0.0000 1.0000
vn 0.0000 0.0000 -1.0000
vn 0.0000 0.0000 1.0000
vn 0.0000 0.0000 -1.0000
vn 0.0000 0.0000 1.0000
vn 0.0000 0.0000 -1.0000
vn 0.0000 0.0000 1.0000
vn 0.0000 0.0000 -1.0000
vn 0.0000 0.0000 1.0000
vn 0.0000 0.0000 -1.0000
vn 0.0000 0.0000 1.0000
vn 0.0000 0.0000 -1.0000
vn 0.0000 0.0000 1.0000
vn 0.0000 0.0000 -1.0000
vn 0.0000 0.0000 1.0000
vn 0.0000 0.0000 -1.0000
vn 0.0000 0.0000 1.0000
vn 0.0000 0.0000 -1.0000
vn 0.0000 0.0000 1.0000
vn 0.0000 0.0000 -1.0000
vn 0.0000 0.0000 1.0000
vn 0.0000 0.0000 -1.0000
vn 0.0000 0.0000 1.0000
vn 0.0000 0.0000 -1.0000
vn 0.0000 0.0000 1.0000
vn 0.0000 0.0000 -1.0000
vn 0.0000 0.0000 1.0000
vn 0.0000 0.0000 -1.0000
vn 0.0000 0.0000 1.0000
vn 0.0000 0.0000 -1.0000
vn 0.0000 0.0000 1.0000
vn 0.0000 0.0000 -1.0000
vn 0.0000 0.0000 1.0000
vn 0.0000 0.0000 -1.0000
vn 0.0000 0.0000 1.0000
vn 0.0000 0.0000 -1.0000
vn 0.0000 0.0000 1.0000
vn 0.0000 0.0000 -1.0000
vn 0.0000 0.0000 1.0000
vn 0.0000 0.0000 -1.0000
vn 0.0000 0.0000 1.0000
vn 0.0000 0.0000 -1.0000
vn 0.0000 0.0000 1.0000
vn 0.0000 0.0000 -1.0000
vn 0.0000 0.0000 1.0000
vn 0.0000 0.0000 -1.0000
vn 0.0000 0.0000 1.0000
vn 0.0000 0.0000 -1.0000
vn 0.0000 0.0000 1.0000
vn 0.0000 0.0000 -1.0000
vn 0.0000 0.0000 1.0000
vn 0.0000 0.0000 -1.0000
vn 0.0000 0.0000 1.0000
vn 0.0000 0.0000 -1.0000
vn 0.0000 0.0000 1.0000
vn 0.0000 0.0000 -1.0000
vn 0.0000 0.0000 1.0000
vn 0.0000 0.0000 -1.0000
vn 0.0000 0.0000 1.0000
vn 0.0000 0.0000 -1.0000
vn 0.0000 0.0000 1.0000
vn 0.0000 0.0000 -1.0000
vn 0.0000 0.0000 1.0000
vn 0.0000 0.0000 -1.0000
vn 0.0000 0.0000 1.0000
vn 0.0000 0.0000 -1.0000
vn 0.0000 0.0000 1.0000
vn 0.0000 0.0000 -1.0000
vn 0.0000 0.0000 1.0000
vn 0.0000 0.0000 -1.0000
vn 0.0000 0.0000 1.0000
vn 0.0000 0.0000 -1.0000
vn 0.0000 0.0000 1.0000
vn 0.0000 0.0000 -1.0000
vn 0.0000 0.0000 1.0000
vn 0.0000 0.0000 -1.0000
vn 0.0000 0.0000 1.0000
vn 0.0000 0.0000 -1.0000
vn 0.0000 0.0000 1.0000
vn 0.0000 0.0000 -1.0000
vn 0.0000 0.0000 1.0000
vn 0.0000 0.0000 -1.0000
vn 0.0000 0.0000 1.0000
vn 0.0000 0.0000 -1.0000
vn 0.0000 0.0000 1.0000
vn 0.0000 0.0000 -1.0000
vn 0.0000 0.0000 1.0000
vn 0.0000 0.0000 -1.0000
vn 0.0000 0.0000 1.0000
vn 0.0000 0.0000 -1.0000
vn 0.0000 0.0000 1.0000
vn 0.0000 0.0000 -1.0000
vn 0.0000 0.0000 1.0000
vn 0.0000 0.0000 -1.0000
vn 0.0000 0.0000 1.0000
vn 0.0000 0.0000 -1.0000
vn 0.0000 0.0000 1.0000
vn 0.0000 0.0000 -1.0000
vn 0.0000 0.0000 1.0000
vn 0.0000 0.0000 -1.0000
vn 0.0000 0.0000 1.0000
vn 0.0000 0.0000 -1.0000
vn 0.0000 0.0000 1.0000
vn 0.0000 0.0000 -1.0000
vn 0.0000 0.0000 1.0000
vn 0.0000 0.0000 -1.0000
vn 0.0000 0.0000 1.0000
vn 0.0000 0.0000 -1.0000
vn 0.0000 0.0000 1.0000
vn 0.0000 0.0000 -1.0000
vn 0.0000 0.0000 1.0000
vn 0.0000 0.0000 -1.0000
vn 0.0000 0.0000 1.0000
vn 0.0000 0.0000 -1.0000
vn 0.0000 0.0000 1.0000
vn 0.0000 0.0000 -1.0000
vn 0.0000 0.0000 1.0000
vn 0.0000 0.0000 -1.0000
vn 0.0000 0.0000 1.0000
vn 0.0000 0.0000 -1.0000
vn 0.0000 0.0000 1.0000
vn 0.0000 0.0000 -1.0000
vn 0.0000 0.0000 1.0000
vn 0.0000 0.0000 -1.0000
vn 0.0000 0.0000 1.0000
vn 0.0000 0.0000 -1.0000
vn 0.0000 0.0000 1.0000
vn 0.0000 0.0000 -1.0000
vn 0.0000 0.0000 1.0000
vn 0.0000 0.0000 -1.0000
vn 0.0000 0.0000 1.0000
vn 0.0000 0.0000 -1.0000
vn 0.0000 0.0000 1.0000
vn 0.0000 0.0000 -1.0000
vn 0.0000 0.0000 1.0000
vn 0.0000 0.0000 -1.0000
vn 0.0000 0.0000 1.0000
vn 0.0000 0.0000 -1.0000
vn 0.0000 0.0000 1.0000
vn 0.0000 0.0000 -1.0000
vn 0.0000 0.0000 1.0000
vn 0.0000 0.0000 -1.0000
vn 0.0000 0.0000 1.0000
vn 0.0000 0.0000 -1.0000
vn 0.0000 0.0000 1.0000
vn 0.0000 0.0000 -1.0000
vn 0.0000 0.0000 1.0000
vn 0.0000 0.0000 -1.0000
vn 0.0000 0.0000 1.0000
vn 0.0000 0.0000 -1.0000
vn 0.0000 0.0000 1.0000
vn 0.0000 0.0000 -1.0000
vn 0.0000 0.0000 1.0000
vn 0.0000 0.0000 -1.0000
vn 0.0000 0.0000 1.0000
vn 0.0000 0.0000 -1.0000
vn 0.0000 0.0000 1.0000
vn 0.0000 0.0000 -1.0000
vn 0.0000 0.0000 1.0000
vn 0.0000 0.0000 -1.0000
vn 0.0000 0.0000 1.0000
vn 0.0000 0.0000 -1.0000
vn 0.0000 0.0000 1.0000
vn 0.0000 0.0000 -1.0000
vn 0.0000 0.0000 1.0000
vn 0.0000 0.0000 -1.0000
vn 0.0000 0.0000 1.0000
vn 0.0000 0.0000 -1.0000
vn 0.0000 0.0000 1.0000
vn 0.0000 0.0000 -1.0000
vn 0.0000 0.0000 1.0000
vn 0.0000 0.0000 -1.0000
vn 0.0000 0.0000 1.0000
vn 0.0000 0.0000 -1.0000
vn 0.0000 0.0000 1.0000
vn 0.0000 0.0000 -1.0000
vn 0.0000 0.0000 1.0000
vn 0.0000 0.0000 -1.0000
vn 0.0000 0.0000 1.0000
vn 0.0000 0.0000 -1.0000
vn 0.0000 0.0000 1.0000
vn 0.0000 0.0000 -1.0000
vn 0.0000 0.0000 1.0000
vn 0.0000 0.0000 -1.0000
vn 0.0000 0.0000 1.0000
vn 0.0000 0.0000 -1.0000
vn 0.0000 0.0000 1.0000
vn 0.0000 0.0000 -1.0000
vn 0.0000 0.0000 1.0000
vn 0.0000 0.0000 -1.0000
vn 0.0000 0.0000 1.0000
vn 0.0000 0.0000 -1.0000
vn 0.0000 0.0000 1.0000
vn 0.0000 0.0000 -1.0000
vn 0.0000 0.0000 1.0000
vn 0.0000 0.0000 -1.0000
vn 0.0000 0.0000 1.0000
vn 0.0000 0.0000 -1.0000
vn 0.0000 0.0000 1.0000
vn 0.0000 0.0000 -1.0000
vn 0.0000 0.0000 1.0000
vn 0.0000 0.0000 -1.0000
vn 0.0000 0.0000 1.0000
vn 0.0000 0.0000 -1.0000
vn 0.0000 0.0000 1.0000
vn 0.0000 0.0000 -1.0000
vn 0.0000 0.0000 1.0000
vn 0.0000 0.0000 -1.0000
vn 0.0000 0.0000 1.0000
vn 0.0000 0.0000 -1.0000
vn 0.0000 0.0000 1.0000
vn 0.0000 0.0000 -1.0000
vn 0.0000 0.0000 1.0000
vn 0.0000 0.0000 -1.0000
vn 0.0000 0.0000 1.0000
vn 0.0000 0.0000 -1.0000
vn 0.0000 0.0000 1.0000
vn 0.0000 0.0000 -1.0000
vn 0.0000 0.0000 1.0000
vn 0.0000 0.0000 -1.0000
vn 0.0000 0.0000 1.0000
vn 0.0000 0.0000 -1.0000
vn 0.0000 0.0000 1.0000
vn 0.0000 0.0000 -1.0000
vn 0.0000 0.0000 1.0000
vn 0.0000 0.0000 -1.0000
vn 0.0000 0.0000 1.0000
vn 0.0000 0.0000 -1.0000
vn 0.0000 0.0000 1.0000
vn 0.0000 0.0000 -1.0000
vn 0.0000 0.0000 1.0000
vn 0.0000 0.0000 -1.0000
vn 0.0000 0.0000 1.0000
vn 0.0000 0.0000 -1.0000
vn 0.0000 0.0000 1.0000
vn 0.0000 0.0000 -1.0000
vn 0.0000 0.0000 1.0000
vn 0.0000 0.0000 -1.0000
vn 0.0000 0.0000 1.0000
vn 0.0000 0.0000 -1.0000
vn 0.0000 0.0000 1.0000
vn 0.0000 0.0000 -1.0000
vn 0.0000 0.0000 1.0000
vn 0.0000 0.0000 -1.0000
vn 0.0000 0.0000 1.0000
vn 0.0000 0.0000 -1.0000
vn 0.0000 0.0000 1.0000
vn 0.0000 0.0000 -1.0000
vn 0.0000 0.0000 1.0000
vn 0.0000 0.0000 -1.0000
vn 0.0000 0.0000 1.0000
vn 0.0000 0.0000 -1.0000
vn 0.0000 0.0000 1.0000
vn 0.0000 0.0000 -1.0000
vn 0.0000 0.0000 1.0000
vn 0.0000 0.0000 -1.0000
vn 0.0000 0.0000 1.0000
vn 0.0000 0.0000 -1.0000
vn 0.0000 0.0000 1.0000
vn 0.0000 0.0000 -1.0000
vn 0.0000 0.0000 1.0000
vn 0.0000 0.0000 -1.0000
vn 0.0000 0.0000 1.0000
vn 0.0000 0.0000 -1.0000
vn 0.0000 0.0000 1.0000
vn 0.0000 0.0000 -1.0000
vn 0.0000 0.0000 1.0000
vn 0.0000 0.0000 -1.0000
vn 0.0000 0.0000 1.0000
vn 0.0000 0.0000 -1.0000
vn 0.0000 0.0000 1.0000
vn 0.0000 0.0000 -1.0000
vn 0.0000 0.0000 1.0000
vn 0.0000 0.0000 -1.0000
vn 0.0000 0.0000 1.0000
vn 0.0000 0.0000 -1.0000
vn 0.0000 0.0000 1.0000
vn 0.0000 0.0000 -1.0000
vn 0.0000 0.0000 1.0000
vn 0.0000 0.0000 -1.0000
vn 0.0000 0.0000 1.0000
vn 0.0000 0.0000 -1.0000
vn 0.0000 0.0000 1.0000
vn 0.0000 0.0000 -1.0000
vn 0.0000 0.0000 1.0000
vn 0.0000 0.0000 -1.0000
vn 0.0000 0.0000 1.0000
vn 0.0000 0.0000 -1.0000
vn 0.0000 0.0000 1.0000
vn 0.0000 0.0000 -1.0000
vn 0.0000 0.0000 1.0000
vn 0.0000 0.0000 -1.0000
vn 0.0000 0.0000 1.0000
vn 0.0000 0.0000 -1.0000
vn 0.0000 0.0000 1.0000
vn 0.0000 0.0000 -1.0000
vn 0.0000 0.0000 1.0000
vn 0.0000 0.0000 -1.0000
vn 0.0000 0.0000 1.0000
vn 0.0000 0.0000 -1.0000
vn 0.0000 0.0000 1.0000
vn 0.0000 0.0000 -1.0000
vn 0.0000 0.0000 1.0000
vn 0.0000 0.0000 -1.0000
vn 0.0000 0.0000 1.0000
vn 0.0000 0.0000 -1.0000
vn 0.0000 0.0000 1.0000
vn 0.0000 0.0000 -1.0000
vn 0.0000 0.0000 1.0000
vn 0.0000 0.0000 -1.0000
vn 0.0000 0.0000 1.0000
vn 0.0000 0.0000 -1.0000
vn 0.0000 0.0000 1.0000
vn 0.0000 0.0000 -1.0000
vn 0.0000 0.0000 1.0000
vn 0.0000 0.0000 -1.0000
vn 0.0000 0.0000 1.0000
vn 0.0000 0.0000 -1.0000
vn 0.0000 0.0000 1.0000
vn 0.0000 0.0000 -1.0000
vn 0.0000 0.0000 1.0000
vn 0.0000 0.0000 -1.0000
vn 0.0000 0.0000 1.0000
vn 0.0000 0.0000 -1.0000
vn 0.0000 0.0000 1.0000
vn 0.0000 0.0000 -1.0000
vn 0.0000 0.0000 1.0000
vn 0.0000 0.0000 -1.0000
vn 0.0000 0.0000 1.0000
vn 0.0000 0.0000 -1.0000
vn 0.0000 0.0000 1.0000
vn 0.0000 0.0000 -1.0000
vn 0.0000 0.0000 1.0000
vn 0.0000 0.0000 -1.0000
vn 0.0000 0.0000 1.0000
vn 0.0000 0.0000 -1.0000
vn 0.0000 0.0000 1.0000
vn 0.0000 0.0000 -1.0000
vn 0.0000 0.0000 1.0000
vn 0.0000 0.0000 -1.0000
vn 0.0000 0.0000 1.0000
vn 0.0000 0.0000 -1.0000
vn 0.0000 0.0000 1.0000
vn 0.0000 0.0000 -1.0000
vn 0.0000 0.0000 1.0000
vn 0.0000 0.0000 -1.0000
vn 0.0000 0.0000 1.0000
vn 0.0000 0.0000 -1.0000
vn 0.0000 0.0000 1.0000
vn 0.0000 0.0000 -1.0000
vn 0.0000 0.0000 1.0000
vn 0.0000 0.0000 -1.0000
vn 0.0000 0.0000 1.0000
vn 0.0000 0.0000 -1.0000
vn 0.0000 0.0000 1.0000
vn 0.0000 0.0000 -1.0000
vn 0.0000 0.0000 1.0000
vn 0.0000 0.0000 -1.0000
vn 0.0000 0.0000 1.0000
vn 0.0000 0.0000 -1.0000
vn 0.0000 0.0000 1.0000
vn 0.0000 0.0000 -1.0000
vn 0.0000 0.0000 1.0000
vn 0.0000 0.0000 -1.0000
vn 0.0000 0.0000 1.0000
vn 0.0000 0.0000 -1.0000
vn 0.0000 0.0000 1.0000
vn 0.0000 0.0000 -1.0000
vn 0.0000 0.0000 1.0000
vn 0.0000 0.0000 -1.0000
vn 0.0000 0.0000 1.0000
vn 0.0000 0.0000 -1.0000
vn 0.0000 0.0000 1.0000
vn 0.0000 0.0000 -1.0000
vn 0.0000 0.0000 1.0000
vn 0.0000 0.0000 -1.0000
vn 0.0000 0.0000 1.0000
vn 0.0000 0.0000 -1.0000
vn 0.0000 0.0000 1.0000
vn 0.0000 0.0000 -1.0000
vn 0.0000 0.0000 1.0000
vn 0.0000 0.0000 -1.0000
vn 0.0000 0.0000 1.0000
vn 0.0000 0.0000 -1.0000
vn 0.0000 0.0000 1.0000
vn 0.0000 0.0000 -1.0000
vn 0.0000 0.0000 1.0000
vn 0.0000 0.0000 -1.0000
vn 0.0000 0.0000 1.0000
vn 0.0000 0.0000 -1.0000
vn 0.0000 0.0000 1.0000
vn 0.0000 0.0000 -1.0000
vn 0.0000 0.0000 1.0000
vn 0.0000 0.0000 -1.0000
vn 0.0000 0.0000 1.0000
vn 0.0000 0.0000 -1.0000
vn 0.0000 0.0000 1.0000
vn 0.0000 0.0000 -1.0000
vn 0.0000 0.0000 1.0000
vn 0.0000 0.0000 -1.0000
vn 0.0000 0.0000 1.0000
vn 0.0000 0.0000 -1.0000
vn 0.0000 0.0000 1.0000
vn 0.0000 0.0000 -1.0000
vn 0.0000 0.0000 1.0000
vn 0.0000 0.0000 -1.0000
vn 0.0000 0.0000 1.0000
vn 0.0000 0.0000 -1.0000
vn 0.0000 0.0000 1.0000
vn 0.0000 0.0000 -1.0000
vn 0.0000 0.0000 1.0000
vn 0.0000 0.0000 -1.0000
vn 0.0000 0.0000 1.0000
vn 0.0000 0.0000 -1.0000
vn 0.0000 0.0000 1.0000
vn 0.0000 0.0000 -1.0000
vn 0.0000 0.0000 1.0000
vn 0.0000 0.0000 -1.0000
vn 0.0000 0.0000 1.0000
vn 0.0000 0.0000 -1.0000
vn 0.0000 0.0000 1.0000
vn 0.0000 0.0000 -1.0000
vn 0.0000 0.0000 1.0000
vn 0.0000 0.0000 -1.0000
vn 0.0000 0.0000 1.0000
vn 0.0000 0.0000 -1.0000
vn 0.0000 0.0000 1.0000
vn 0.0000 0.0000 -1.0000
vn 0.0000 0.0000 1.0000
vn 0.0000 0.0000 -1.0000
vn 0.0000 0.0000 1.0000
vn 0.0000 0.0000 -1.0000
vn 0.0000 0.0000 1.0000
vn 0.0000 0.0000 -1.0000
vn 0.0000 0.0000 1.0000
vn 0.0000 0.0000 -1.0000
vn 0.0000 0.0000 1.0000
vn 0.0000 0.0000 -1.0000
vn 0.0000 0.0000 1.0000
vn 0.0000 0.0000 -1.0000
vn 0.0000 0.0000 1.0000
vn 0.0000 0.0000 -1.0000
vn 0.0000 0.0000 1.0000
vn 0.0000 0.0000 -1.0000
vn 0.0000 0.0000 1.0000
vn 0.0000 0.0000 -1.0000
vn 0.0000 0.0000 1.0000
vn 0.0000 0.0000 -1.0000
vn 0.0000 0.0000 1.0000
vn 0.0000 0.0000 -1.0000
vn 0.0000 0.0000 1.0000
vn 0.0000 0.0000 -1.0000
vn 0.0000 0.0000 1.0000
vn 0.0000 0.0000 -1.0000
vn 0.0000 0.0000 1.0000
vn 0.0000 0.0000 -1.0000
vn 0.0000 0.0000 1.0000
vn 0.0000 0.0000 -1.0000
vn 0.0000 0.0000 1.0000
vn 0.0000 0.0000 -1.0000
vn 0.0000 0.0000 1.0000
vn 0.0000 0.0000 -1.0000
vn 0.0000 0.0000 1.0000
vn 0.0000 0.0000 -1.0000
vn 0.0000 0.0000 1.0000
vn 0.0000 0.0000 -1.0000
vn 0.0000 0.0000 1.0000
vn 0.0000 0.0000 -1.0000
vn 0.0000 0.0000 1.0000
vn 0.0000 0.0000 -1.0000
vn 0.0000 0.0000 1.0000
vn 0.0000 0.0000 -1.0000
vn 0.0000 0.0000 1.0000
vn 0.0000 0.0000 -1.0000
vn 0.0000 0.0000 1.0000
vn 0.0000 0.0000 -1.0000
vn 0.0000 0.0000 1.0000
vn 0.0000 0.0000 -1.0000
vn 0.0000 0.0000 1.0000
vn 0.0000 0.0000 -1.0000
vn 0.0000 0.0000 1.0000
vn 0.0000 0.0000 -1.0000
vn 0.0000 0.0000 1.0000
vn 0.0000 0.0000 -1.0000
vn 0.0000 0.0000 1.0000
vn 0.0000 0.0000 -1.0000
vn 0.0000 0.0000 1.0000
vn 0.0000 0.0000 -1.0000
vn 0.0000 0.0000 1.0000
vn 0.0000 0.0000 -1.0000
vn 0.0000 0.0000 1.0000
vn 0.0000 0.0000 -1.0000
vn 0.0000 0.0000 1.0000
vn 0.0000 0.0000 -1.0000
vn 0.0000 0.0000 1.0000
vn 0.0000 0.0000 -1.0000
vn 0.0000 0.0000 1.0000
vn 0.0000 0.0000 -1.0000
vn 0.0000 0.0000 1.0000
vn 0.0000 0.0000 -1.0000
vn 0.0000 0.0000 1.0000
vn 0.0000 0.0000 -1.0000
vn 0.0000 0.0000 1.0000
vn 0.0000 0.0000 -1.0000
vn 0.0000 0.0000 1.0000
vn 0.0000 0.0000 -1.0000
vn 0.0000 0.0000 1.0000
vn 0.0000 0.0000 -1.0000
vn 0.0000 0.0000 1.0000
vn 0.0000 0.0000 -1.0000
vn 0.0000 0.0000 1.0000
vn 0.0000 0.0000 -1.0000
vn 0.0000 0.0000 1.0000
vn 0.0000 0.0000 -1.0000
vn 0.0000 0.0000 1.0000
vn 0.0000 0.0000 -1.0000
vn 0.0000 0.0000 1.0000
vn 0.0000 0.0000 -1.0000
vn 0.0000 0.0000 1.0000
vn 0.0000 0.0000 -1.0000
vn 0.0000 0.0000 1.0000
vn 0.0000 0.0000 -1.0000
vn 0.0000 0.0000 1.0000
vn 0.0000 0.0000 -1.0000
vn 0.0000 0.0000 1.0000
vn 0.0000 0.0000 -1.0000
vn 0.0000 0.0000 1.0000
vn 0.0000 0.0000 -1.0000
vn 0.0000 0.0000 1.0000
vn 0.0000 0.0000 -1.0000
vn 0.0000 0.0000 1.0000
vn 0.0000 0.0000 -1.0000
vn 0.0000 0.0000 1.0000
vn 0.0000 0.0000 -1.0000
vn 0.0000 0.0000 1.0000
vn 0.0000 0.0000 -1.0000
vn 0.0000 0.0000 1.0000
vn 0.0000 0.0000 -1.0000
vn 0.0000 0.0000 1.0000
vn 0.0000 0.0000 -1.0000
vn 0.0000 0.0000 1.0000
vn 0.0000 0.0000 -1.0000
vn 0.0000 0.0000 1.0000
vn 0.0000 0.0000 -1.0000
vn 0.0000 0.0000 1.0000
vn 0.0000 0.0000 -1.0000
vn 0.0000 0.0000 1.0000
vn 0.0000 0.0000 -1.0000
vn 0.0000 0.0000 1.0000
vn 0.0000 0.0000 -1.0000
vn 0.0000 0.0000 1.0000
vn 0.0000 0.0000 -1.0000
vn 0.0000 0.0000 1.0000
vn 0.0000 0.0000 -1.0000
vn 0.0000 0.0000 1.0000
vn 0.0000 0.0000 -1.0000
vn 0.0000 0.0000 1.0000
vn 0.0000 0.0000 -1.0000
vn 0.0000 0.0000 1.0000
vn 0.0000 0.0000 -1.0000
vn 0.0000 0.0000 1.0000
vn 0.0000 0.0000 -1.0000
vn 0.0000 0.0000 1.0000
vn 0.0000 0.0000 -1.0000
vn 0.0000 0.0000 1.0000
vn 0.0000 0.0000 -1.0000
vn 0.0000 0.0000 1.0000
vn 0.0000 0.0000 -1.0000
vn 0.0000 0.0000 1.0000
vn 0.0000 0.0000 -1.0000
vn 0.0000 0.0000 1.0000
vn 0.0000 0.0000 -1.0000
vn 0.0000 0.0000 1.0000
vn 0.0000 0.0000 -1.0000
vn 0.0000 0.0000 1.0000
vn 0.0000 0.0000 -1.0000
vn 0.0000 0.0000 1.0000
vn 0.0000 0.0000 -1.0000
vn 0.0000 0.0000 1.0000
vn 0.0000 0.0000 -1.0000
vn 0.0000 0.0000 1.0000
vn 0.0000 0.0000 -1.0000
vn 0.0000 0.0000 1.0000
vn 0.0000 0.0000 -1.0000
vn 0.0000 0.0000 1.0000
vn 0.0000 0.0000 -1.0000
vn 0.0000 0.0000 1.0000
vn 0.0000 0.0000 -1.0000
vn 0.0000 0.0000 1.0000
vn 0.0000 0.0000 -1.0000
vn 0.0000 0.0000 1.0000
vn 0.0000 0.0000 -1.0000
vn 0.0000 0.0000 1.0000
vn 0.0000 0.0000 -1.0000
vn 0.0000 0.0000 1.0000
vn 0.0000 0.0000 -1.0000
vn 0.0000 0.0000 1.0000
vn 0.0000 0.0000 -1.0000
vn 0.0000 0.0000 1.0000
vn 0.0000 0.0000 -1.0000
vn 0.0000 0.0000 1.0000
vn 0.0000 0.0000 -1.0000
vn 0.0000 0.0000 1.0000
vn 0.0000 0.0000 -1.0000
vn 0.0000 0.0000 1.0000
vn 0.0000 0.0000 -1.0000
vn 0.0000 0.0000 1.0000
vn 0.0000 0.0000 -1.0000
vn 0.0000 0.0000 1.0000
vn 0.0000 0.0000 -1.0000
vn 0.0000 0.0000 1.0000
vn 0.0000 0.0000 -1.0000
vn 0.0000 0.0000 1.0000
vn 0.0000 0.0000 -1.0000
vn 0.0000 0.0000 1.0000
vn 0.0000 0.0000 -1.0000
vn 0.0000 0.0000 1.0000
vn 0.0000 0.0000 -1.0000
vn 0.0000 0.0000 1.0000
vn 0.0000 0.0000 -1.0000
vn 0.0000 0.0000 1.0000
vn 0.0000 0.0000 -1.0000
vn 0.0000 0.0000 1.0000
vn 0.0000 0.0000 -1.0000
vn 0.0000 0.0000 1.0000
vn 0.0000 0.0000 -1.0000
vn 0.0000 0.0000 1.0000
vn 0.0000 0.0000 -1.0000
vn 0.0000 0.0000 1.0000
vn 0.0000 0.0000 -1.0000
vn 0.0000 0.0000 1.0000
vn 0.0000 0.0000 -1.0000
vn 0.0000 0.0000 1.0000
vn 0.0000 0.0000 -1.0000
vn 0.0000 0.0000 1.0000
vn 0.0000 0.0000 -1.0000
vn 0.0000 0.0000 1.0000
vn 0.0000 0.0000 -1.0000
vn 0.0000 0.0000 1.0000
vn 0.0000 0.0000 -1.0000
vn 0.0000 0.0000 1.0000
vn 0.0000 0.0000 -1.0000
vn 0.0000 0.0000 1.0000
vn 0.0000 0.0000 -1.0000
vn 0.0000 0.0000 1.0000
vn 0.0000 0.0000 -1.0000
vn 0.0000 0.0000 1.0000
vn 0.0000 0.0000 -1.0000
vn 0.0000 0.0000 1.0000
vn 0.0000 0.0000 -1.0000
vn 0.0000 0.0000 1.0000
vn 0.0000 0.0000 -1.0000
vn 0.0000 0.0000 1.0000
vn 0.0000 0.0000 -1.0000
vn 0.0000 0.0000 1.0000
vn 0.0000 0.0000 -1.0000
vn 0.0000 0.0000 1.0000
vn 0.0000 0.0000 -1.0000
vn 0.0000 0.0000 1.0000
vn 0.0000 0.0000 -1.0000
vn 0.0000 0.0000 1.0000
vn 0.0000 0.0000 -1.0000
vn 0.0000 0.0000 1.0000
vn 0.0000 0.0000 -1.0000
vn 0.0000 0.0000 1.0000
vn 0.0000 0.0000 -1.0000
vn 0.0000 0.0000 1.0000
vn 0.0000 0.0000 -1.0000
vn 0.0000 0.0000 1.0000
vn 0.0000 0.0000 -1.0000
vn 0.0000 0.0000 1.0000
vn 0.0000 0.0000 -1.0000
vn 0.0000 0.0000 1.0000
vn 0.0000 0.0000 -1.0000
vn 0.0000 0.0000 1.0000
vn 0.0000 0.0000 -1.0000
vn 0.0000 0.0000 1.0000
vn 0.0000 0.0000 -1.0000
vn 0.0000 0.0000 1.0000
vn 0.0000 0.0000 -1.0000
vn 0.0000 0.0000 1.0000
vn 0.0000 0.0000 -1.0000
vn 0.0000 0.0000 1.0000
vn 0.0000 0.0000 -1.0000
vn 0.0000 0.0000 1.0000
vn 0.0000 0.0000 -1.0000
vn 0.0000 0.0000 1.0000
vn 0.0000 0.0000 -1.0000
vn 0.0000 0.0000 1.0000
vn 0.0000 0.0000 -1.0000
vn 0.0000 0.0000 1.0000
vn 0.0000 0.0000 -1.0000
vn 0.0000 0.0000 1.0000
vn 0.0000 0.0000 -1.0000
vn 0.0000 0.0000 1.0000
vn 0.0000 0.0000 -1.0000
vn 0.0000 0.0000 1.0000
vn 0.0000 0.0000 -1.0000
vn 0.0000 0.0000 1.0000
vn 0.0000 0.0000 -1.0000
vn 0.0000 0.0000 1.0000
vn 0.0000 0.0000 -1.0000
vn 0.0000 0.0000 1.0000
vn 0.0000 0.0000 -1.0000
vn 0.0000 0.0000 1.0000
vn 0.0000 0.0000 -1.0000
vn 0.0000 0.0000 1.0000
vn 0.0000 0.0000 -1.0000
vn 0.0000 0.0000 1.0000
vn 0.0000 0.0000 -1.0000
vn 0.0000 0.0000 1.0000
vn 0.0000 0.0000 -1.0000
vn 0.0000 0.0000 1.0000
vn 0.0000 0.0000 -1.0000
vn 0.0000 0.0000 1.0000
vn 0.0000 0.0000 -1.0000
vn 0.0000 0.0000 1.0000
vn 0.0000 0.0000 -1.0000
vn 0.0000 0.0000 1.0000
vn 0.0000 0.0000 -1.0000
vn 0.0000 0.0000 1.0000
vn 0.0000 0.0000 -1.0000
vn 0.0000 0.0000 1.0000
vn 0.0000 0.0000 -1.0000
vn 0.0000 0.0000 1.0000
vn 0.0000 0.0000 -1.0000
vn 0.0000 0.0000 1.0000
vn 0.0000 0.0000 -1.0000
vn 0.0000 0.0000 1.0000
vn 0.0000 0.0000 -1.0000
vn 0.0000 0.0000 1.0000
vn 0.0000 0.0000 -1.0000
vn 0.0000 0.0000 1.0000
vn 0.0000 0.0000 -1.0000
vn 0.0000 0.0000 1.0000
vn 0.0000 0.0000 -1.0000
vn 0.0000 0.0000 1.0000
vn 0.0000 0.0000 -1.0000
vn 0.0000 0.0000 1.0000
vn 0.0000 0.0000 -1.0000
vn 0.0000 0.0000 1.0000
vn 0.0000 0.0000 -1.0000
vn 0.0000 0.0000 1.0000
vn 0.0000 0.0000 -1.0000
vn 0.0000 0.0000 1.0000
vn 0.0000 0.0000 -1.0000
vn 0.0000 0.0000 1.0000
vn 0.0000 0.0000 -1.0000
vn 0.0000 0.0000 1.0000
vn 0.0000 0.0000 -1.0000
vn 0.0000 0.0000 1.0000
vn 0.0000 0.0000 -1.0000
vn 0.0000 0.0000 1.0000
vn 0.0000 0.0000 -1.0000
vn 0.0000 0.0000 1.0000
vn 0.0000 0.0000 -1.0000
vn 0.0000 0.0000 1.0000
vn 0.0000 0.0000 -1.0000
vn 0.0000 0.0000 1.0000
vn 0.0000 0.0000 -1.0000
vn 0.0000 0.0000 1.0000
vn 0.0000 0.0000 -1.0000
vn 0.0000 0.0000 1.0000
vn 0.0000 0.0000 -1.0000
vn 0.0000 0.0000 1.0000
vn 0.0000 0.0000 -1.0000
vn 0.0000 0.0000 1.0000
vn 0.0000 0.0000 -1.0000
vn 0.0000 0.0000 1.0000
vn 0.0000 0.0000 -1.0000
vn 0.0000 0.0000 1.0000
vn 0.0000 0.0000 -1.0000
vn 0.0000 0.0000 1.0000
vn 0.0000 0.0000 -1.0000
vn 0.0000 0.0000 1.0000
vn 0.0000 0.0000 -1.0000
vn 0.0000 0.0000 1.0000
vn 0.0000 0.0000 -1.0000
vn 0.0000 0.0000 1.0000
vn 0.0000 0.0000 -1.0000
vn 0.0000 0.0000 1.0000
vn 0.0000 0.0000 -1.0000
vn 0.0000 0.0000 1.0000
vn 0.0000 0.0000 -1.0000
vn 0.0000 0.0000 1.0000
vn 0.0000 0.0000 -1.0000
vn 0.0000 0.0000 1.0000
vn 0.0000 0.0000 -1.0000
vn 0.0000 0.0000 1.0000
vn 0.0000 0.0000 -1.0000
vn 0.0000 0.0000 1.0000
vn 0.0000 0.0000 -1.0000
vn 0.0000 0.0000 1.0000
vn 0.0000 0.0000 -1.0000
vn 0.0000 0.0000 1.0000
vn 0.0000 0.0000 -1.0000
vn 0.0000 0.0000 1.0000
vn 0.0000 0.0000 -1.0000
vn 0.0000 0.0000 1.0000
vn 0.0000 0.0000 -1.0000
vn 0.0000 0.0000 1.0000
vn 0.0000 0.0000 -1.0000
vn 0.0000 0.0000 1.0000
vn 0.0000 0.0000 -1.0000
vn 0.0000 0.0000 1.0000
vn 0.0000 0.0000 -1.0000
vn 0.0000 0.0000 1.0000
vn 0.0000 0.0000 -1.0000
vn 0.0000 0.0000 1.0000
vn 0.0000 0.0000 -1.0000
vn 0.0000 0.0000 1.0000
vn 0.0000 0.0000 -1.0000
vn 0.0000 0.0000 1.0000
vn 0.0000 0.0000 -1.0000
vn 0.0000 0.0000 1.0000
vn 0.0000 0.0000 -1.0000
vn 0.0000 0.0000 1.0000
vn 0.0000 0.0000 -1.0000
vn 0.0000 0.0000 1.0000
vn 0.0000 0.0000 -1.0000
vn 0.0000 0.0000 1.0000
vn 0.0000 0.0000 -1.0000
vn 0.0000 0.0000 1.0000
vn 0.0000 0.0000 -1.0000
vn 0.0000 0.0000 1.0000
vn 0.0000 0.0000 -1.0000
vn 0.0000 0.0000 1.0000
vn 0.0000 0.0000 -1.0000
vn 0.0000 0.0000 1.0000
vn 0.0000 0.0000 -1.0000
vn 0.0000 0.0000 1.0000
vn 0.0000 0.0000 -1.0000
vn 0.0000 0.0000 1.0000
vn 0.0000 0.0000 -1.0000
vn 0.0000 0.0000 1.0000
vn 0.0000 0.0000 -1.0000
vn 0.0000 0.0000 1.0000
vn 0.0000 0.0000 -1.0000
vn 0.0000 0.0000 1.0000
vn 0.0000 0.0000 -1.0000
vn 0.0000 0.0000 1.0000
vn 0.0000 0.0000 -1.0000
vn 0.0000 0.0000 1.0000
vn 0.0000 0.0000 -1.0000
vn 0.0000 0.0000 1.0000
vn 0.0000 0.0000 -1.0000
vn 0.0000 0.0000 1.0000
vn 0.0000 0.0000 -1.0000
vn 0.0000 0.0000 1.0000
vn 0.0000 0.0000 -1.0000
vn 0.0000 0.0000 1.0000
vn 0.0000 0.0000 -1.0000
vn 0.0000 0.0000 1.0000
vn 0.0000 0.0000 -1.0000
vn 0.0000 0.0000 1.0000
vn 0.0000 0.0000 -1.0000
vn 0.0000 0.0000 1.0000
vn 0.0000 0.0000 -1.0000
vn 0.0000 0.0000 1.0000
vn 0.0000 0.0000 -1.0000
vn 0.0000 0.0000 1.0000
vn 0.0000 0.0000 -1.0000
vn 0.0000 0.0000 1.0000
vn 0.0000 0.0000 -1.0000
vn 0.0000 0.0000 1.0000
vn 0.0000 0.0000 -1.0000
vn 0.0000 0.0000 1.0000
vn 0.0000 0.0000 -1.0000
vn 0.0000 0.0000 1.0000
vn 0.0000 0.0000 -1.0000
vn 0.0000 0.0000 1.0000
vn 0.0000 0.0000 -1.0000
vn 0.0000 0.0000 1.0000
vn 0.0000 0.0000 -1.0000
vn 0.0000 0.0000 1.0000
vn 0.0000 0.0000 -1.0000
vn 0.0000 0.0000 1.0000
vn 0.0000 0.0000 -1.0000
vn 0.0000 0.0000 1.0000
vn 0.0000 0.0000 -1.0000
vn 0.0000 0.0000 1.0000
vn 0.0000 0.0000 -1.0000
vn 0.0000 0.0000 1.0000
vn 0.0000 0.0000 -1.0000
vn 0.0000 0.0000 1.0000
vn 0.0000 0.0000 -1.0000
vn 0.0000 0.0000 1.0000
vn 0.0000 0.0000 -1.0000
vn 0.0000 0.0000 1.0000
vn 0.0000 0.0000 -1.0000
vn 0.0000 0.0000 1.0000
vn 0.0000 0.0000 -1.0000
vn 0.0000 0.0000 1.0000
vn 0.0000 0.0000 -1.0000
vn 0.0000 0.0000 1.0000
vn 0.0000 0.0000 -1.0000
vn 0.0000 0.0000 1.0000
vn 0.0000 0.0000 -1.0000
vn 0.0000 0.0000 1.0000
vn 0.0000 0.0000 -1.0000
vn 0.0000 0.0000 1.0000
vn 0.0000 0.0000 -1.0000
vn 0.0000 0.0000 1.0000
vn 0.0000 0.0000 -1.0000
vn 0.0000 0.0000 1.0000
vn 0.0000 0.0000 -1.0000
vn 0.0000 0.0000 1.0000
vn 0.0000 0.0000 -1.0000
vn 0.0000 0.0000 1.0000
vn 0.0000 0.0000 -1.0000
vn 0.0000 0.0000 1.0000
vn 0.0000 0.0000 -1.0000
vn 0.0000 0.0000 1.0000
vn 0.0000 0.0000 -1.0000
vn 0.0000 0.0000 1.0000
vn 0.0000 0.0000 -1.0000
vn 0.0000 0.0000 1.0000
vn 0.0000 0.0000 -1.0000
vn 0.0000 0.0000 1.0000
vn 0.0000 0.0000 -1.0000
vn 0.0000 0.0000 1.0000
vn 0.0000 0.0000 -1.0000
vn 0.0000 0.0000 1.0000
vn 0.0000 0.0000 -1.0000
vn 0.0000 0.0000 1.0000
vn 0.0000 0.0000 -1.0000
vn 0.0000 0.0000 1.0000
vn 0.0000 0.0000 -1.0000
vn 0.0000 0.0000 1.0000
vn 0.0000 0.0000 -1.0000
vn 0.0000 0.0000 1.0000
vn 0.0000 0.0000 -1.0000
vn 0.0000 0.0000 1.0000
vn 0.0000 0.0000 -1.0000
vn 0.0000 0.0000 1.0000
vn 0.0000 0.0000 -1.0000
vn 0.0000 0.0000 1.0000
vn 0.0000 0.0000 -1.0000
vn 0.0000 0.0000 1.0000
vn 0.0000 0.0000 -1.0000
vn 0.0000 0.0000 1.0000
vn 0.0000 0.0000 -1.0000
vn 0.0000 0.0000 1.0000
vn 0.0000 0.0000 -1.0000
vn 0.0000 0.0000 1.0000
vn 0.0000 0.0000 -1.0000
vn 0.0000 0.0000 1.0000
vn 0.0000 0.0000 -1.0000
vn 0.0000 0.0000 1.0000
vn 0.0000 0.0000 -1.0000
vn 0.0000 0.0000 1.0000
vn 0.0000 0.0000 -1.0000
vn 0.0000 0.0000 1.0000
vn 0.0000 0.0000 -1.0000
vn 0.0000 0.0000 1.0000
vn 0.0000 0.0000 -1.0000
vn 0.0000 0.0000 1.0000
vn 0.0000 0.0000 -1.0000
vn 0.0000 0.0000 1.0000
vn 0.0000 0.0000 -1.0000
vn 0.0000 0.0000 1.0000
vn 0.0000 0.0000 -1.0000
vn 0.0000 0.0000 1.0000
vn 0.0000 0.0000 -1.0000
vn 0.0000 0.0000 1.0000
vn 0.0000 0.0000 -1.0000
vn 0.0000 0.0000 1.0000
vn 0.0000 0.0000 -1.0000
vn 0.0000 0.0000 1.0000
vn 0.0000 0.0000 -1.0000
vn 0.0000 0.0000 1.0000
vn 0.0000 0.0000 -1.0000
vn 0.0000 0.0000 1.0000
vn 0.0000 0.0000 -1.0000
vn 0.0000 0.0000 1.0000
vn 0.0000 0.0000 -1.0000
vn 0.0000 0.0000 1.0000
vn 0.0000 0.0000 -1.0000
vn 0.0000 0.0000 1.0000
vn 0.0000 0.0000 -1.0000
vn 0.0000 0.0000 1.0000
vn 0.0000 0.0000 -1.0000
vn 0.0000 0.0000 1.0000
vn 0.0000 0.0000 -1.0000
vn 0.0000 0.0000 1.0000
vn 0.0000 0.0000 -1.0000
vn 0.0000 0.0000 1.0000
vn 0.0000 0.0000 -1.0000
vn 0.0000 0.0000 1.0000
vn 0.0000 0.0000 -1.0000
vn 0.0000 0.0000 1.0000
vn 0.0000 0.0000 -1.0000
vn 0.0000 0.0000 1.0000
vn 0.0000 0.0000 -1.0000
vn 0.0000 0.0000 1.0000
vn 0.0000 0.0000 -1.0000
vn 0.0000 0.0000 1.0000
vn 0.0000 0.0000 -1.0000
vn 0.0000 0.0000 1.0000
vn 0.0000 0.0000 -1.0000
vn 0.0000 0.0000 1.0000
vn 0.0000 0.0000 -1.0000
vn 0.0000 0.0000 1.0000
vn 0.0000 0.0000 -1.0000
vn 0.0000 0.0000 1.0000
vn 0.0000 0.0000 -1.0000
vn 0.0000 0.0000 1.0000
vn 0.0000 0.0000 -1.0000
vn 0.0000 0.0000 1.0000
vn 0.0000 0.0000 -1.0000
vn 0.0000 0.0000 1.0000
vn 0.0000 0.0000 -1.0000
vn 0.0000 0.0000 1.0000
vn 0.0000 0.0000 -1.0000
vn 0.0000 0.0000 1.0000
vn 0.0000 0.0000 -1.0000
vn 0.0000 0.0000 1.0000
vn 0.0000 0.0000 -1.0000
vn 0.0000 0.0000 1.0000
vn 0.0000 0.0000 -1.0000
vn 0.0000 0.0000 1.0000
vn 0.0000 0.0000 -1.0000
vn 0.0000 0.0000 1.0000
vn 0.0000 0.0000 -1.0000
vn 0.0000 0.0000 1.0000
vn 0.0000 0.0000 -1.0000
vn 0.0000 0.0000 1.0000
vn 0.0000 0.0000 -1.0000
vn 0.0000 0.0000 1.0000
vn 0.0000 0.0000 -1.0000
vn 0.0000 0.0000 1.0000
vn 0.0000 0.0000 -1.0000
vn 0.0000 0.0000 1.0000
vn 0.0000 0.0000 -1.0000
vn 0.0000 0.0000 1.0000
vn 0.0000 0.0000 -1.0000
vn 0.0000 0.0000 1.0000
vn 0.0000 0.0000 -1.0000
vn 0.0000 0.0000 1.0000
vn 0.0000 0.0000 -1.0000
vn 0.0000 0.0000 1.0000
vn 0.0000 0.0000 -1.0000
vn 0.0000 0.0000 1.0000
vn 0.0000 0.0000 -1.0000
vn 0.0000 0.0000 1.0000
vn 0.0000 0.0000 -1.0000
vn 0.0000 0.0000 1.0000
vn 0.0000 0.0000 -1.0000
vn 0.0000 0.0000 1.0000
vn 0.0000 0.0000 -1.0000
vn 0.0000 0.0000 1.0000
vn 0.0000 0.0000 -1.0000
vn 0.0000 0.0000 1.0000
vn 0.0000 0.0000 -1.0000
vn 0.0000 0.0000 1.0000
vn 0.0000 0.0000 -1.0000
vn 0.0000 0.0000 1.0000
vn 0.0000 0.0000 -1.0000
vn 0.0000 0.0000 1.0000
vn 0.0000 0.0000 -1.0000
vn 0.0000 0.0000 1.0000
vn 0.0000 0.0000 -1.0000
vn 0.0000 0.0000 1.0000
vn 0.0000 0.0000 -1.0000
vn 0.0000 0.0000 1.0000
vn 0.0000 0.0000 -1.0000
vn 0.0000 0.0000 1.0000
vn 0.0000 0.0000 -1.0000
vn 0.0000 0.0000 1.0000
vn 0.0000 0.0000 -1.0000
vn 0.0000 0.0000 1.0000
vn 0.0000 0.0000 -1.0000
vn 0.0000 0.0000 1.0000
vn 0.0000 0.0000 -1.0000
vn 0.0000 0.0000 1.0000
vn 0.0000 0.0000 -1.0000
vn 0.0000 0.0000 1.0000
vn 0.0000 0.0000 -1.0000
vn 0.0000 0.0000 1.0000
vn 0.0000 0.0000 -1.0000
vn 0.0000 0.0000 1.0000
vn 0.0000 0.0000 -1.0000
vn 0.0000 0.0000 1.0000
vn 0.0000 0.0000 -1.0000
vn 0.0000 0.0000 1.0000
vn 0.0000 0.0000 -1.0000
vn 0.0000 0.0000 1.0000
vn 0.0000 0.0000 -1.0000
vn 0.0000 0.0000 1.0000
vn 0.0000 0.0000 -1.0000
vn 0.0000 0.0000 1.0000
vn 0.0000 0.0000 -1.0000
vn 0.0000 0.0000 1.0000
vn 0.0000 0.0000 -1.0000
vn 0.0000 0.0000 1.0000
vn 0.0000 0.0000 -1.0000
vn 0.0000 0.0000 1.0000
vn 0.0000 0.0000 -1.0000
vn 0.0000 0.0000 1.0000
vn 0.0000 0.0000 -1.0000
vn 0.0000 0.0000 1.0000
vn 0.0000 0.0000 -1.0000
vn 0.0000 0.0000 1.0000
vn 0.0000 0.0000 -1.0000
vn 0.0000 0.0000 1.0000
vn 0.0000 0.0000 -1.0000
vn 0.0000 0.0000 1.0000
vn 0.0000 0.0000 -1.0000
vn 0.0000 0.0000 1.0000
vn 0.0000 0.0000 -1.0000
vn 0.0000 0.0000 1.0000
vn 0.0000 0.0000 -1.0000
vn 0.0000 0.0000 1.0000
vn 0.0000 0.0000 -1.0000
vn 0.0000 0.0000 1.0000
vn 0.0000 0.0000 -1.0000
vn 0.0000 0.0000 1.0000
vn 0.0000 0.0000 -1.0000
vn 0.0000 0.0000 1.0000
vn 0.0000 0.0000 -1.0000
vn 0.0000 0.0000 1.0000
vn 0.0000 0.0000 -1.0000
vn 0.0000 0.0000 1.0000
vn 0.0000 0.0000 -1.0000
vn 0.0000 0.0000 1.0000
vn 0.0000 0.0000 -1.0000
vn 0.0000 0.0000 1.0000
vn 0.0000 0.0000 -1.0000
vn 0.0000 0.0000 1.0000
vn 0.0000 0.0000 -1.0000
vn 0.0000 0.0000 1.0000
vn 0.0000 0.0000 -1.0000
vn 0.0000 0.0000 1.0000
vn 0.0000 0.0000 -1.0000
vn 0.0000 0.0000 1.0000
vn 0.0000 0.0000 -1.0000
vn 0.0000 0.0000 1.0000
vn 0.0000 0.0000 -1.0000
vn 0.0000 0.0000 1.0000
vn 0.0000 0.0000 -1.0000
vn 0.0000 0.0000 1.0000
vn 0.0000 0.0000 -1.0000
vn 0.0000 0.0000 1.0000
vn 0.0000 0.0000 -1.0000
vn 0.0000 0.0000 1.0000
vn 0.0000 0.0000 -1.0000
vn 0.0000 0.0000 1.0000
vn 0.0000 0.0000 -1.0000
vn 0.0000 0.0000 1.0000
vn 0.0000 0.0000 -1.0000
vn 0.0000 0.0000 1.0000
vn 0.0000 0.0000 -1.0000
vn 0.0000 0.0000 1.0000
vn 0.0000 0.0000 -1.0000
vn 0.0000 0.0000 1.0000
vn 0.0000 0.0000 -1.0000
vn 0.0000 0.0000 1.0000
vn 0.0000 0.0000 -1.0000
vn 0.0000 0.0000 1.0000
vn 0.0000 0.0000 -1.0000
vn 0.0000 0.0000 1.0000
vn 0.0000 0.0000 -1.0000
vn 0.0000 0.0000 1.0000
vn 0.0000 0.0000 -1.0000
vn 0.0000 0.0000 1.0000
vn 0.0000 0.0000 -1.0000
vn 0.0000 0.0000 1.0000
vn 0.0000 0.0000 -1.0000
vn 0.0000 0.0000 1.0000
vn 0.0000 0.0000 -1.0000
vn 0.0000 0.0000 1.0000
vn 0.0000 0.0000 -1.0000
vn 0.0000 0.0000 1.0000
vn 0.0000 0.0000 -1.0000
vn 0.0000 0.0000 1.0000
vn 0.0000 0.0000 -1.0000
vn 0.0000 0.0000 1.0000
vn 0.0000 0.0000 -1.0000
vn 0.0000 0.0000 1.0000
vn 0.0000 0.0000 -1.0000
vn 0.0000 0.0000 1.0000
vn 0.0000 0.0000 -1.0000
vn 0.0000 0.0000 1.0000
vn 0.0000 0.0000 -1.0000
vn 0.0000 0.0000 1.0000
vn 0.0000 0.0000 -1.0000
vn 0.0000 0.0000 1.0000
vn 0.0000 0.0000 -1.0000
vn 0.0000 0.0000 1.0000
vn 0.0000 0.0000 -1.0000
vn 0.0000 0.0000 1.0000
vn 0.0000 0.0000 -1.0000
vn 0.0000 0.0000 1.0000
vn 0.0000 0.0000 -1.0000
vn 0.0000 0.0000 1.0000
vn 0.0000 0.0000 -1.0000
vn 0.0000 0.0000 1.0000
vn 0.0000 0.0000 -1.0000
vn 0.0000 0.0000 1.0000
vn 0.0000 0.0000 -1.0000
vn 0.0000 0.0000 1.0000
vn 0.0000 0.0000 -1.0000
vn 0.0000 0.0000 1.0000
vn 0.0000 0.0000 -1.0000
vn 0.0000 0.0000 1.0000
vn 0.0000 0.0000 -1.0000
vn 0.0000 0.0000 1.0000
vn 0.0000 0.0000 -1.0000
vn 0.0000 0.0000 1.0000
vn 0.0000 0.0000 -1.0000
vn 0.0000 0.0000 1.0000
vn 0.0000 0.0000 -1.0000
vn 0.0000 0.0000 1.0000
vn 0.0000 0.0000 -1.0000
vn 0.0000 0.0000 1.0000
vn 0.0000 0.0000 -1.0000
vn 0.0000 0.0000 1.0000
vn 0.0000 0.0000 -1.0000
vn 0.0000 0.0000 1.0000
vn 0.0000 0.0000 -1.0000
vn 0.0000 0.0000 1.0000
vn 0.0000 0.0000 -1.0000
vn 0.0000 0.0000 1.0000
vn 0.0000 0.0000 -1.0000
vn 0.0000 0.0000 1.0000
vn 0.0000 0.0000 -1.0000
vn 0.0000 0.0000 1.0000
vn 0.0000 0.0000 -1.0000
vn 0.0000 0.0000 1.0000
vn 0.0000 0.0000 -1.0000
vn 0.0000 0.0000 1.0000
vn 0.0000 0.0000 -1.0000
vn 0.0000 0.0000 1.0000
vn 0.0000 0.0000 -1.0000
vn 0.0000 0.0000 1.0000
vn 0.0000 0.0000 -1.0000
vn 0.0000 0.0000 1.0000
vn 0.0000 0.0000 -1.0000
vn 0.0000 0.0000 1.0000
vn 0.0000 0.0000 -1.0000
vn 0.0000 0.0000 1.0000
vn 0.0000 0.0000 -1.0000
vn 0.0000 0.0000 1.0000
vn 0.0000 0.0000 -1.0000
vn 0.0000 0.0000 1.0000
vn 0.0000 0.0000 -1.0000
vn 0.0000 0.0000 1.0000
vn 0.0000 0.0000 -1.0000
vn 0.0000 0.0000 1.0000
vn 0.0000 0.0000 -1.0000
vn 0.0000 0.0000 1.0000
vn 0.0000 0.0000 -1.0000
vn 0.0000 0.0000 1.0000
vn 0.0000 0.0000 -1.0000
vn 0.0000 0.0000 1.0000
vn 0.0000 0.0000 -1.0000
vn 0.0000 0.0000 1.0000
vn 0.0000 0.0000 -1.0000
vn 0.0000 0.0000 1.0000
vn 0.0000 0.0000 -1.0000
vn 0.0000 0.0000 1.0000
vn 0.0000 0.0000 -1.0000
vn 0.0000 0.0000 1.0000
vn 0.0000 0.0000 -1.0000
vn 0.0000 0.0000 1.0000
vn 0.0000 0.0000 -1.0000
vn 0.0000 0.0000 1.0000
vn 0.0000 0.0000 -1.0000
vn 0.0000 0.0000 1.0000
vn 0.0000 0.0000 -1.0000
vn 0.0000 0.0000 1.0000
vn 0.0000 0.0000 -1.0000
vn 0.0000 0.0000 1.0000
vn 0.0000 0.0000 -1.0000
vn 0.0000 0.0000 1.0000
vn 0.0000 0.0000 -1.0000
vn 0.0000 0.0000 1.0000
vn 0.0000 0.0000 -1.0000
vn 0.0000 0.0000 1.0000
vn 0.0000 0.0000 -1.0000
vn 0.0000 0.0000 1.0000
vn 0.0000 0.0000 -1.0000
vn 0.0000 0.0000 1.0000
vn 0.0000 0.0000 -1.0000
vn 0.0000 0.0000 1.0000
vn 0.0000 0.0000 -1.0000
vn 0.0000 0.0000 1.0000
vn 0.0000 0.0000 -1.0000
vn 0.0000 0.0000 1.0000
vn 0.0000 0.0000 -1.0000
vn 0.0000 0.0000 1.0000
vn 0.0000 0.0000 -1.0000
vn 0.0000 0.0000 1.0000
vn 0.0000 0.0000 -1.0000
vn 0.0000 0.0000 1.0000
vn 0.0000 0.0000 -1.0000
vn 0.0000 0.0000 1.0000
vn 0.0000 0.0000 -1.0000
vn 0.0000 0.0000 1.0000
vn 0.0000 0.0000 -1.0000
vn 0.0000 0.0000 1.0000
vn 0.0000 0.0000 -1.0000
vn 0.0000 0.0000 1.0000
vn 0.0000 0.0000 -1.0000
vn 0.0000 0.0000 1.0000
vn 0.0000 0.0000 -1.0000
vn 0.0000 0.0000 1.0000
vn 0.0000 0.0000 -1.0000
vn 0.0000 0.0000 1.0000
vn 0.0000 0.0000 -1.0000
vn 0.0000 0.0000 1.0000
vn 0.0000 0.0000 -1.0000
vn 0.0000 0.0000 1.0000
vn 0.0000 0.0000 -1.0000
vn 0.0000 0.0000 1.0000
vn 0.0000 0.0000 -1.0000
vn 0.0000 0.0000 1.0000
vn 0.0000 0.0000 -1.0000
vn 0.0000 0.0000 1.0000
vn 0.0000 0.0000 -1.0000
vn 0.0000 0.0000 1.0000
vn 0.0000 0.0000 -1.0000
vn 0.0000 0.0000 1.0000
vn 0.0000 0.0000 -1.0000
vn 0.0000 0.0000 1.0000
vn 0.0000 0.0000 -1.0000
vn 0.0000 0.0000 1.0000
vn 0.0000 0.0000 -1.0000
vn 0.0000 0.0000 1.0000
vn 0.0000 0.0000 -1.0000
vn 0.0000 0.0000 1.0000
vn 0.0000 0.0000 -1.0000
vn 0.0000 0.0000 1.0000
vn 0.0000 0.0000 -1.0000
vn 0.0000 0.0000 1.0000
vn 0.0000 0.0000 -1.0000
vn 0.0000 0.0000 1.0000
vn 0.0000 0.0000 -1.0000
vn 0.0000 0.0000 1.0000
vn 0.0000 0.0000 -1.0000
vn 0.0000 0.0000 1.0000
vn 0.0000 0.0000 -1.0000
vn 0.0000 0.0000 1.0000
vn 0.0000 0.0000 -1.0000
vn 0.0000 0.0000 1.0000
vn 0.0000 0.0000 -1.0000
vn 0.0000 0.0000 1.0000
vn 0.0000 0.0000 -1.0000
vn 0.0000 0.0000 1.0000
vn 0.0000 0.0000 -1.0000
vn 0.0000 0.0000 1.0000
vn 0.0000 0.0000 -1.0000
vn 0.0000 0.0000 1.0000
vn 0.0000 0.0000 -1.0000
vn 0.0000 0.0000 1.0000
vn 0.0000 0.0000 -1.0000
vn 0.0000 0.0000 1.0000
vn 0.0000 0.0000 -1.0000
vn 0.0000 0.0000 1.0000
vn 0.0000 0.0000 -1.0000
vn 0.0000 0.0000 1.0000
vn 0.0000 0.0000 -1.0000
vn 0.0000 0.0000 1.0000
vn 0.0000 0.0000 -1.0000
vn 0.0000 0.0000 1.0000
vn 0.0000 0.0000 -1.0000
vn 0.0000 0.0000 1.0000
vn 0.0000 0.0000 -1.0000
vn 0.0000 0.0000 1.0000
vn 0.0000 0.0000 -1.0000
vn 0.0000 0.0000 1.0000
vn 0.0000 0.0000 -1.0000
vn 0.0000 0.0000 1.0000
vn 0.0000 0.0000 -1.0000
vn 0.0000 0.0000 1.0000
vn 0.0000 0.0000 -1.0000
vn 0.0000 0.0000 1.0000
vn 0.0000 0.0000 -1.0000
vn 0.0000 0.0000 1.0000
vn 0.0000 0.0000 -1.0000
vn 0.0000 0.0000 1.0000
vn 0.0000 0.0000 -1.0000
vn 0.0000 0.0000 1.0000
vn 0.0000 0.0000 -1.0000
vn 0.0000 0.0000 1.0000
vn 0.0000 0.0000 -1.0000
vn 0.0000 0.0000 1.0000
vn 0.0000 0.0000 -1.0000
vn 0.0000 0.0000 1.0000
vn 0.0000 0.0000 -1.0000
vn 0.0000 0.0000 1.0000
vn 0.0000 0.0000 -1.0000
vn 0.0000 0.0000 1.0000
vn 0.0000 0.0000 -1.0000
vn 0.0000 0.0000 1.0000
vn 0.0000 0.0000 -1.0000
vn 0.0000 0.0000 1.0000
vn 0.0000 0.0000 -1.0000
vn 0.0000 0.0000 1.0000
vn 0.0000 0.0000 -1.0000
vn 0.0000 0.0000 1.0000
vn 0.0000 0.0000 -1.0000
vn 0.0000 0.0000 1.0000
vn 0.0000 0.0000 -1.0000
vn 0.0000 0.0000 1.0000
vn 0.0000 0.0000 -1.0000
vn 0.0000 0.0000 1.0000
vn 0.0000 0.0000 -1.0000
vn 0.0000 0.0000 1.0000
vn 0.0000 0.0000 -1.0000
vn 0.0000 0.0000 1.0000
vn 0.0000 0.0000 -1.0000
vn 0.0000 0.0000 1.0000
vn 0.0000 0.0000 -1.0000
vn 0.0000 0.0000 1.0000
vn 0.0000 0.0000 -1.0000
vn 0.0000 0.0000 1.0000
vn 0.0000 0.0000 -1.0000
vn 0.0000 0.0000 1.0000
vn 0.0000 0.0000 -1.0000
vn 0.0000 0.0000 1.0000
vn 0.0000 0.0000 -1.0000
vn 0.0000 0.0000 1.0000
vn 0.0000 0.0000 -1.0000
vn 0.0000 0.0000 1.0000
vn 0.0000 0.0000 -1.0000
vn 0.0000 0.0000 1.0000
vn 0.0000 0.0000 -1.0000
vn 0.0000 0.0000 1.0000
vn 0.0000 0.0000 -1.0000
vn 0.0000 0.0000 1.0000
vn 0.0000 0.0000 -1.0000
vn 0.0000 0.0000 1.0000
vn 0.0000 0.0000 -1.0000
vn 0.0000 0.0000 1.0000
vn 0.0000 0.0000 -1.0000
vn 0.0000 0.0000 1.0000
vn 0.0000 0.0000 -1.0000
vn 0.0000 0.0000 1.0000
vn 0.0000 0.0000 -1.0000
vn 0.0000 0.0000 1.0000
vn 0.0000 0.0000 -1.0000
vn 0.0000 0.0000 1.0000
vn 0.0000 0.0000 -1.0000
vn 0.0000 0.0000 1.0000
vn 0.0000 0.0000 -1.0000
vn 0.0000 0.0000 1.0000
vn 0.0000 0.0000 -1.0000
vn 0.0000 0.0000 1.0000
vn 0.0000 0.0000 -1.0000
vn 0.0000 0.0000 1.0000
vn 0.0000 0.0000 -1.0000
vn 0.0000 0.0000 1.0000
vn 0.0000 0.0000 -1.0000
vn 0.0000 0.0000 1.0000
vn 0.0000 0.0000 -1.0000
vn 0.0000 0.0000 1.0000
vn 0.0000 0.0000 -1.0000
vn 0.0000 0.0000 1.0000
vn 0.0000 0.0000 -1.0000
vn 0.0000 0.0000 1.0000
vn 0.0000 0.0000 -1.0000
vn 0.0000 0.0000 1.0000
vn 0.0000 0.0000 -1.0000
vn 0.0000 0.0000 1.0000
vn 0.0000 0.0000 -1.0000
vn 0.0000 0.0000 1.0000
vn 0.0000 0.0000 -1.0000
vn 0.0000 0.0000 1.0000
vn 0.0000 0.0000 -1.0000
vn 0.0000 0.0000 1.0000
vn 0.0000 0.0000 -1.0000
vn 0.0000 0.0000 1.0000
vn 0.0000 0.0000 -1.0000
vn 0.0000 0.0000 1.0000
vn 0.0000 0.0000 -1.0000
vn 0.0000 0.0000 1.0000
vn 0.0000 0.0000 -1.0000
vn 0.0000 0.0000 1.0000
vn 0.0000 0.0000 -1.0000
vn 0.0000 0.0000 1.0000
vn 0.0000 0.0000 -1.0000
vn 0.0000 0.0000 1.0000
vn 0.0000 0.0000 -1.0000
vn 0.0000 0.0000 1.0000
vn 0.0000 0.0000 -1.0000
vn 0.0000 0.0000 1.0000
vn 0.0000 0.0000 -1.0000
vn 0.0000 0.0000 1.0000
vn 0.0000 0.0000 -1.0000
vn 0.0000 0.0000 1.0000
vn 0.0000 0.0000 -1.0000
vn 0.0000 0.0000 1.0000
vn 0.0000 0.0000 -1.0000
vn 0.0000 0.0000 1.0000
vn 0.0000 0.0000 -1.0000
vn 0.0000 0.0000 1.0000
vn 0.0000 0.0000 -1.0000
vn 0.0000 0.0000 1.0000
vn 0.0000 0.0000 -1.0000
vn 0.0000 0.0000 1.0000
vn 0.0000 0.0000 -1.0000
vn 0.0000 0.0000 1.0000
vn 0.0000 0.0000 -1.0000
vn 0.0000 0.0000 1.0000
vn 0.0000 0.0000 -1.0000
vn 0.0000 0.0000 1.0000
vn 0.0000 0.0000 -1.0000
vn 0.0000 0.0000 1.0000
vn 0.0000 0.0000 -1.0000
vn 0.0000 0.0000 1.0000
vn 0.0000 0.0000 -1.0000
vn 0.0000 0.0000 1.0000
vn 0.0000 0.0000 -1.0000
vn 0.0000 0.0000 1.0000
vn 0.0000 0.0000 -1.0000
vn 0.0000 0.0000 1.0000
vn 0.0000 0.0000 -1.0000
vn 0.0000 0.0000 1.0000
vn 0.0000 0.0000 -1.0000
vn 0.0000 0.0000 1.0000
vn 0.0000 0.0000 -1.0000
vn 0.0000 0.0000 1.0000
vn 0.0000 0.0000 -1.0000
vn 0.0000 0.0000 1.0000
vn 0.0000 0.0000 -1.0000
vn 0.0000 0.0000 1.0000
vn 0.0000 0.0000 -1.0000
vn 0.0000 0.0000 1.0000
vn 0.0000 0.0000 -1.0000
vn 0.0000 0.0000 1.0000
vn 0.0000 0.0000 -1.0000
vn 0.0000 0.0000 1.0000
vn 0.0000 0.0000 -1.0000
vn 0.0000 0.0000 1.0000
vn 0.0000 0.0000 -1.0000
vn 0.0000 0.0000 1.0000
vn 0.0000 0.0000 -1.0000
vn 0.0000 0.0000 1.0000
vn 0.0000 0.0000 -1.0000
vn 0.0000 0.0000 1.0000
vn 0.0000 0.0000 -1.0000
vn 0.0000 0.0000 1.0000
vn 0.0000 0.0000 -1.0000
vn 0.0000 0.0000 1.0000
vn 0.0000 0.0000 -1.0000
vn 0.0000 0.0000 1.0000
vn 0.0000 0.0000 -1.0000
vn 0.0000 0.0000 1.0000
vn 0.0000 0.0000 -1.0000
vn 0.0000 0.0000 1.0000
vn 0.0000 0.0000 -1.0000
vn 0.0000 0.0000 1.0000
vn 0.0000 0.0000 -1.0000
vn 0.0000 0.0000 1.0000
vn 0.0000 0.0000 -1.0000
vn 0.0000 0.0000 1.0000
vn 0.0000 0.0000 -1.0000
vn 0.0000 0.0000 1.0000
vn 0.0000 0.0000 -1.0000
vn 0.0000 0.0000 1.0000
vn 0.0000 0.0000 -1.0000
vn 0.0000 0.0000 1.0000
vn 0.0000 0.0000 -1.0000
vn 0.0000 0.0000 1.0000
vn 0.0000 0.0000 -1.0000
vn 0.0000 0.0000 1.0000
vn 0.0000 0.0000 -1.0000
vn 0.0000 0.0000 1.0000
vn 0.0000 0.0000 -1.0000
vn 0.0000 0.0000 1.0000
vn 0.0000 0.0000 -1.0000
vn 0.0000 0.0000 1.0000
vn 0.0000 0.0000 -1.0000
vn 0.0000 0.0000 1.0000
vn 0.0000 0.0000 -1.0000
vn 0.0000 0.0000 1.0000
vn 0.0000 0.0000 -1.0000
vn 0.0000 0.0000 1.0000
vn 0.0000 0.0000 -1.0000
vn 0.0000 0.0000 1.0000
vn 0.0000 0.0000 -1.0000
vn 0.0000 0.0000 1.0000
vn 0.0000 0.0000 -1.0000
vn 0.0000 0.0000 1.0000
vn 0.0000 0.0000 -1.0000
vn 0.0000 0.0000 1.0000
vn 0.0000 0.0000 -1.0000
vn 0.0000 0.0000 1.0000
vn 0.0000 0.0000 -1.0000
vn 0.0000 0.0000 1.0000
vn 0.0000 0.0000 -1.0000
vn 0.0000 0.0000 1.0000
vn 0.0000 0.0000 -1.0000
vn 0.0000 0.0000 1.0000
vn 0.0000 0.0000 -1.0000
vn 0.0000 0.0000 1.0000
vn 0.0000 0.0000 -1.0000
vn 0.0000 0.0000 1.0000
vn 0.0000 0.0000 -1.0000
vn 0.0000 0.0000 1.0000
vn 0.0000 0.0000 -1.0000
vn 0.0000 0.0000 1.0000
vn 0.0000 0.0000 -1.0000
vn 0.0000 0.0000 1.0000
vn 0.0000 0.0000 -1.0000
vn 0.0000 0.0000 1.0000
vn 0.0000 0.0000 -1.0000
vn 0.0000 0.0000 1.0000
vn 0.0000 0.0000 -1.0000
vn 0.0000 0.0000 1.0000
vn 0.0000 0.0000 -1.0000
vn 0.0000 0.0000 1.0000
vn 0.0000 0.0000 -1.0000
vn 0.0000 0.0000 1.0000
vn 0.0000 0.0000 -1.0000
vn 0.0000 0.0000 1.0000
vn 0.0000 0.0000 -1.0000
vn 0.0000 0.0000 1.0000
vn 0.0000 0.0000 -1.0000
vn 0.0000 0.0000 1.0000
vn 0.0000 0.0000 -1.0000
vn 0.0000 0.0000 1.0000
vn 0.0000 0.0000 -1.0000
vn 0.0000 0.0000 1.0000
vn 0.0000 0.0000 -1.0000
vn 0.0000 0.0000 1.0000
vn 0.0000 0.0000 -1.0000
vn 0.0000 0.0000 1.0000
vn 0.0000 0.0000 -1.0000
vn 0.0000 0.0000 1.0000
vn 0.0000 0.0000 -1.0000
vn 0.0000 0.0000 1.0000
vn 0.0000 0.0000 -1.0000
vn 0.0000 0.0000 1.0000
vn 0.0000 0.0000 -1.0000
vn 0.0000 0.0000 1.0000
vn 0.0000 0.0000 -1.0000
vn 0.0000 0.0000 1.0000
vn 0.0000 0.0000 -1.0000
vn 0.0000 0.0000 1.0000
vn 0.0000 0.0000 -1.0000
vn 0.0000 0.0000 1.0000
vn 0.0000 0.0000 -1.0000
vn 0.0000 0.0000 1.0000
vn 0.0000 0.0000 -1.0000
vn 0.0000 0.0000 1.0000
vn 0.0000 0.0000 -1.0000
vn 0.0000 0.0000 1.0000
vn 0.0000 0.0000 -1.0000
vn 0.0000 0.0000 1.0000
vn 0.0000 0.0000 -1.0000
vn 0.0000 0.0000 1.0000
vn 0.0000 0.0000 -1.0000
vn 0.0000 0.0000 1.0000
vn 0.0000 0.0000 -1.0000
vn 0.0000 0.0000 1.0000
vn 0.0000 0.0000 -1.0000
vn 0.0000 0.0000 1.0000
vn 0.0000 0.0000 -1.0000
vn 0.0000 0.0000 1.0000
vn 0.0000 0.0000 -1.0000
vn 0.0000 0.0000 1.0000
vn 0.0000 0.0000 -1.0000
vn 0.0000 0.0000 1.0000
vn 0.0000 0.0000 -1.0000
vn 0.0000 0.0000 1.0000
vn 0.0000 0.0000 -1.0000
vn 0.0000 0.0000 1.0000
vn 0.0000 0.0000 -1.0000
vn 0.0000 0.0000 1.0000
vn 0.0000 0.0000 -1.0000
vn 0.0000 0.0000 1.0000
vn 0.0000 0.0000 -1.0000
vn 0.0000 0.0000 1.0000
vn 0.0000 0.0000 -1.0000
vn 0.0000 0.0000 1.0000
vn 0.0000 0.0000 -1.0000
vn 0.0000 0.0000 1.0000
vn 0.0000 0.0000 -1.0000
vn 0.0000 0.0000 1.0000
vn 0.0000 0.0000 -1.0000
vn 0.0000 0.0000 1.0000
vn 0.0000 0.0000 -1.0000
vn 0.0000 0.0000 1.0000
vn 0.0000 0.0000 -1.0000
vn 0.0000 0.0000 1.0000
vn 0.0000 0.0000 -1.0000
vn 0.0000 0.0000 1.0000
vn 0.0000 0.0000 -1.0000
vn 0.0000 0.0000 1.0000
vn 0.0000 0.0000 -1.0000
vn 0.0000 0.0000 1.0000
vn 0.0000 0.0000 -1.0000
vn 0.0000 0.0000 1.0000
vn 0.0000 0.0000 -1.0000
vn 0.0000 0.0000 1.0000
vn 0.0000 0.0000 -1.0000
vn 0.0000 0.0000 1.0000
vn 0.0000 0.0000 -1.0000
vn 0.0000 0.0000 1.0000
vn 0.0000 0.0000 -1.0000
vn 0.0000 0.0000 1.0000
vn 0.0000 0.0000 -1.0000
vn 0.0000 0.0000 1.0000
vn 0.0000 0.0000 -1.0000
vn 0.0000 0.0000 1.0000
vn 0.0000 0.0000 -1.0000
vn 0.0000 0.0000 1.0000
vn 0.0000 0.0000 -1.0000
vn 0.0000 0.0000 1.0000
vn 0.0000 0.0000 -1.0000
vn 0.0000 0.0000 1.0000
vn 0.0000 0.0000 -1.0000
vn 0.0000 0.0000 1.0000
vn 0.0000 0.0000 -1.0000
vn 0.0000 0.0000 1.0000
vn 0.0000 0.0000 -1.0000
vn 0.0000 0.0000 1.0000
vn 0.0000 0.0000 -1.0000
vn 0.0000 0.0000 1.0000
vn 0.0000 0.0000 -1.0000
vn 0.0000 0.0000 1.0000
vn 0.0000 0.0000 -1.0000
vn 0.0000 0.0000 1.0000
vn 0.0000 0.0000 -1.0000
vn 0.0000 0.0000 1.0000
vn 0.0000 0.0000 -1.0000
vn 0.0000 0.0000 1.0000
vn 0.0000 0.0000 -1.0000
vn 0.0000 0.0000 1.0000
vn 0.0000 0.0000 -1.0000
vn 0.0000 0.0000 1.0000
vn 0.0000 0.0000 -1.0000
vn 0.0000 0.0000 1.0000
vn 0.0000 0.0000 -1.0000
vn 0.0000 0.0000 1.0000
vn 0.0000 0.0000 -1.0000
vn 0.0000 0.0000 1.0000
vn 0.0000 0.0000 -1.0000
vn 0.0000 0.0000 1.0000
vn 0.0000 0.0000 -1.0000
vn 0.0000 0.0000 1.0000
vn 0.0000 0.0000 -1.0000
vn 0.0000 0.0000 1.0000
vn 0.0000 0.0000 -1.0000
vn 0.0000 0.0000 1.0000
vn 0.0000 0.0000 -1.0000
vn 0.0000 0.0000 1.0000
vn 0.0000 0.0000 -1.0000
vn 0.0000 0.0000 1.0000
vn 0.0000 0.0000 -1.0000
vn 0.0000 0.0000 1.0000
vn 0.0000 0.0000 -1.0000
vn 0.0000 0.0000 1.0000
vn 0.0000 0.0000 -1.0000
vn 0.0000 0.0000 1.0000
vn 0.0000 0.0000 -1.0000
vn 0.0000 0.0000 1.0000
vn 0.0000 0.0000 -1.0000
vn 0.0000 0.0000 1.0000
vn 0.0000 0.0000 -1.0000
vn 0.0000 0.0000 1.0000
vn 0.0000 0.0000 -1.0000
vn 0.0000 0.0000 1.0000
vn 0.0000 0.0000 -1.0000
vn 0.0000 0.0000 1.0000
vn 0.0000 0.0000 -1.0000
vn 0.0000 0.0000 1.0000
vn 0.0000 0.0000 -1.0000
vn 0.0000 0.0000 1.0000
vn 0.0000 0.0000 -1.0000
vn 0.0000 0.0000 1.0000
vn 0.0000 0.0000 -1.0000
vn 0.0000 0.0000 1.0000
vn 0.0000 0.0000 -1.0000
vn 0.0000 0.0000 1.0000
vn 0.0000 0.0000 -1.0000
vn 0.0000 0.0000 1.0000
vn 0.0000 0.0000 -1.0000
vn 0.0000 0.0000 1.0000
vn 0.0000 0.0000 -1.0000
vn 0.0000 0.0000 1.0000
vn 0.0000 0.0000 -1.0000
vn 0.0000 0.0000 1.0000
vn 0.0000 0.0000 -1.0000
vn 0.0000 0.0000 1.0000
vn 0.0000 0.0000 -1.0000
vn 0.0000 0.0000 1.0000
vn 0.0000 0.0000 -1.0000
vn 0.0000 0.0000 1.0000
vn 0.0000 0.0000 -1.0000
vn 0.0000 0.0000 1.0000
vn 0.0000 0.0000 -1.0000
vn 0.0000 0.0000 1.0000
vn 0.0000 0.0000 -1.0000
vn 0.0000 0.0000 1.0000
vn 0.0000 0.0000 -1.0000
vn 0.0000 0.0000 1.0000
vn 0.0000 0.0000 -1.0000
vn 0.0000 0.0000 1.0000
vn 0.0000 0.0000 -1.0000
vn 0.0000 0.0000 1.0000
vn 0.0000 0.0000 -1.0000
vn 0.0000 0.0000 1.0000
vn 0.0000 0.0000 -1.0000
vn 0.0000 0.0000 1.0000
vn 0.0000 0.0000 -1.0000
vn 0.0000 0.0000 1.0000
vn 0.0000 0.0000 -1.0000
vn 0.0000 0.0000 1.0000
vn 0.0000 0.0000 -1.0000
vn 0.0000 0.0000 1.0000
vn 0.0000 0.0000 -1.0000
vn 0.0000 0.0000 1.0000
vn 0.0000 0.0000 -1.0000
vn 0.0000 0.0000 1.0000
vn 0.0000 0.0000 -1.0000
vn 0.0000 0.0000 1.0000
vn 0.0000 0.0000 -1.0000
vn 0.0000 0.0000 1.0000
vn 0.0000 0.0000 -1.0000
vn 0.0000 0.0000 1.0000
vn 0.0000 0.0000 -1.0000
vn 0.0000 0.0000 1.0000
vn 0.0000 0.0000 -1.0000
vn 0.0000 0.0000 1.0000
vn 0.0000 0.0000 -1.0000
vn 0.0000 0.0000 1.0000
vn 0.0000 0.0000 -1.0000
vn 0.0000 0.0000 1.0000
vn 0.0000 0.0000 -1.0000
vn 0.0000 0.0000 1.0000
vn 0.0000 0.0000 -1.0000
vn 0.0000 0.0000 1.0000
vn 0.0000 0.0000 -1.0000
vn 0.0000 0.0000 1.0000
vn 0.0000 0.0000 -1.0000
vn 0.0000 0.0000 1.0000
vn 0.0000 0.0000 -1.0000
vn 0.0000 0.0000 1.0000
vn 0.0000 0.0000 -1.0000
vn 0.0000 0.0000 1.0000
vn 0.0000 0.0000 -1.0000
vn 0.0000 0.0000 1.0000
vn 0.0000 0.0000 -1.0000
vn 0.0000 0.0000 1.0000
vn 0.0000 0.0000 -1.0000
vn 0.0000 0.0000 1.0000
vn 0.0000 0.0000 -1.0000
vn 0.0000 0.0000 1.0000
vn 0.0000 0.0000 -1.0000
vn 0.0000 0.0000 1.0000
vn 0.0000 0.0000 -1.0000
vn 0.0000 0.0000 1.0000
vn 0.0000 0.0000 -1.0000
vn 0.0000 0.0000 1.0000
vn 0.0000 0.0000 -1.0000
vn 0.0000 0.0000 1.0000
vn 0.0000 0.0000 -1.0000
vn 0.0000 0.0000 1.0000
vn 0.0000 0.0000 -1.0000
vn 0.0000 0.0000 1.0000
vn 0.0000 0.0000 -1.0000
vn 0.0000 0.0000 1.0000
vn 0.0000 0.0000 -1.0000
vn 0.0000 0.0000 1.0000
vn 0.0000 0.0000 -1.0000
vn 0.0000 0.0000 1.0000
vn 0.0000 0.0000 -1.0000
vn 0.0000 0.0000 1.0000
vn 0.0000 0.0000 -1.0000
vn 0.0000 0.0000 1.0000
vn 0.0000 0.0000 -1.0000
vn 0.0000 0.0000 1.0000
vn 0.0000 0.0000 -1.0000
vn 0.0000 0.0000 1.0000
vn 0.0000 0.0000 -1.0000
vn 0.0000 0.0000 1.0000
vn 0.0000 0.0000 -1.0000
vn 0.0000 0.0000 1.0000
vn 0.0000 0.0000 -1.0000
vn 0.0000 0.0000 1.0000
vn 0.0000 0.0000 -1.0000
vn 0.0000 0.0000 1.0000
vn 0.0000 0.0000 -1.0000
vn 0.0000 0.0000 1.0000
vn 0.0000 0.0000 -1.0000
vn 0.0000 0.0000 1.0000
vn 0.0000 0.0000 -1.0000
vn 0.0000 0.0000 1.0000
vn 0.0000 0.0000 -1.0000
vn 0.0000 0.0000 1.0000
vn 0.0000 0.0000 -1.0000
vn 0.0000 0.0000 1.0000
vn 0.0000 0.0000 -1.0000
vn 0.0000 0.0000 1.0000
vn 0.0000 0.0000 -1.0000
vn 0.0000 0.0000 1.0000
vn 0.0000 0.0000 -1.0000
vn 0.0000 0.0000 1.0000
vn 0.0000 0.0000 -1.0000
vn 0.0000 0.0000 1.0000
vn 0.0000 0.0000 -1.0000
vn 0.0000 0.0000 1.0000
vn 0.0000 0.0000 -1.0000
vn 0.0000 0.0000 1.0000
vn 0.0000 0.0000 -1.0000
vn 0.0000 0.0000 1.0000
vn 0.0000 0.0000 -1.0000
vn 0.0000 0.0000 1.0000
vn 0.0000 0.0000 -1.0000
vn 0.0000 0.0000 1.0000
vn 0.0000 0.0000 -1.0000
vn 0.0000 0.0000 1.0000
vn 0.0000 0.0000 -1.0000
vn 0.0000 0.0000 1.0000
vn 0.0000 0.0000 -1.0000
vn 0.0000 0.0000 1.0000
vn 0.0000 0.0000 -1.0000
vn 0.0000 0.0000 1.0000
vn 0.0000 0.0000 -1.0000
vn 0.0000 0.0000 1.0000
vn 0.0000 0.0000 -1.0000
vn 0.0000 0.0000 1.0000
vn 0.0000 0.0000 -1.0000
vn 0.0000 0.0000 1.0000
vn 0.0000 0.0000 -1.0000
vn 0.0000 0.0000 1.0000
vn 0.0000 0.0000 -1.0000
vn 0.0000 0.0000 1.0000
vn 0.0000 0.0000 -1.0000
vn 0.0000 0.0000 1.0000
vn 0.0000 0.0000 -1.0000
vn 0.0000 0.0000 1.0000
vn 0.0000 0.0000 -1.0000
vn 0.0000 0.0000 1.0000
vn 0.0000 0.0000 -1.0000
vn 0.0000 0.0000 1.0000
vn 0.0000 0.0000 -1.0000
vn 0.0000 0.0000 1.0000
vn 0.0000 0.0000 -1.0000
vn 0.0000 0.0000 1.0000
vn 0.0000 0.0000 -1.0000
vn 0.0000 0.0000 1.0000
vn 0.0000 0.0000 -1.0000
vn 0.0000 0.0000 1.0000
vn 0.0000 0.0000 -1.0000
vn 0.0000 0.0000 1.0000
vn 0.0000 0.0000 -1.0000
vn 0.0000 0.0000 1.0000
vn 0.0000 0.0000 -1.0000
vn 0.0000 0.0000 1.0000
vn 0.0000 0.0000 -1.0000
vn 0.0000 0.0000 1.0000
vn 0.0000 0.0000 -1.0000
vn 0.0000 0.0000 1.0000
vn 0.0000 0.0000 -1.0000
vn 0.0000 0.0000 1.0000
vn 0.0000 0.0000 -1.0000
vn 0.0000 0.0000 1.0000
vn 0.0000 0.0000 -1.0000
vn 0.0000 0.0000 1.0000
vn 0.0000 0.0000 -1.0000
vn 0.0000 0.0000 1.0000
vn 0.0000 0.0000 -1.0000
vn 0.0000 0.0000 1.0000
vn 0.0000 0.0000 -1.0000
vn 0.0000 0.0000 1.0000
vn 0.0000 0.0000 -1.0000
vn 0.0000 0.0000 1.0000
vn 0.0000 0.0000 -1.0000
vn 0.0000 0.0000 1.0000
vn 0.0000 0.0000 -1.0000
vn 0.0000 0.0000 1.0000
vn 0.0000 0.0000 -1.0000
vn 0.0000 0.0000 1.0000
vn 0.0000 0.0000 -1.0000
vn 0.0000 0.0000 1.0000
vn 0.0000 0.0000 -1.0000
vn 0.0000 0.0000 1.0000
vn 0.0000 0.0000 -1.0000
vn 0.0000 0.0000 1.0000
vn 0.0000 0.0000 -1.0000
vn 0.0000 0.0000 1.0000
vn 0.0000 0.0000 -1.0000
vn 0.0000 0.0000 1.0000
vn 0.0000 0.0000 -1.0000
vn 0.0000 0.0000 1.0000
vn 0.0000 0.0000 -1.0000
vn 0.0000 0.0000 1.0000
vn 0.0000 0.0000 -1.0000
vn 0.0000 0.0000 1.0000
vn 0.0000 0.0000 -1.0000
vn 0.0000 0.0000 1.0000
vn 0.0000 0.0000 -1.0000
vn 0.0000 0.0000 1.0000
vn 0.0000 0.0000 -1.0000
vn 0.0000 0.0000 1.0000
vn 0.0000 0.0000 -1.0000
vn 0.0000 0.0000 1.0000
vn 0.0000 0.0000 -1.0000
vn 0.0000 0.0000 1.0000
vn 0.0000 0.0000 -1.0000
vn 0.0000 0.0000 1.0000
vn 0.0000 0.0000 -1.0000
vn 0.0000 0.0000 1.0000
vn 0.0000 0.0000 -1.0000
vn 0.0000 0.0000 1.0000
vn 0.0000 0.0000 -1.0000
vn 0.0000 0.0000 1.0000
vn 0.0000 0.0000 -1.0000
vn 0.0000 0.0000 1.0000
vn 0.0000 0.0000 -1.0000
vn 0.0000 0.0000 1.0000
vn 0.0000 0.0000 -1.0000
vn 0.0000 0.0000 1.0000
vn 0.0000 0.0000 -1.0000
vn 0.0000 0.0000 1.0000
vn 0.0000 0.0000 -1.0000
vn 0.0000 0.0000 1.0000
vn 0.0000 0.0000 -1.0000
vn 0.0000 0.0000 1.0000
vn 0.0000 0.0000 -1.0000
vn 0.0000 0.0000 1.0000
vn 0.0000 0.0000 -1.0000
vn 0.0000 0.0000 1.0000
vn 0.0000 0.0000 -1.0000
vn 0.0000 0.0000 1.0000
vn 0.0000 0.0000 -1.0000
vn 0.0000 0.0000 1.0000
vn 0.0000 0.0000 -1.0000
vn 0.0000 0.0000 1.0000
vn 0.0000 0.0000 -1.0000
vn 0.0000 0.0000 1.0000
vn 0.0000 0.0000 -1.0000
vn 0.0000 0.0000 1.0000
vn 0.0000 0.0000 -1.0000
vn 0.0000 0.0000 1.0000
vn 0.0000 0.0000 -1.0000
vn 0.0000 0.0000 1.0000
vn 0.0000 0.0000 -1.0000
vn 0.0000 0.0000 1.0000
vn 0.0000 0.0000 -1.0000
vn 0.0000 0.0000 1.0000
vn 0.0000 0.0000 -1.0000
vn 0.0000 0.0000 1.0000
vn 0.0000 0.0000 -1.0000
vn 0.0000 0.0000 1.0000
vn 0.0000 0.0000 -1.0000
vn 0.0000 0.0000 1.0000
vn 0.0000 0.0000 -1.0000
vn 0.0000 0.0000 1.0000
vn 0.0000 0.0000 -1.0000
vn 0.0000 0.0000 1.0000
vn 0.0000 0.0000 -1.0000
vn 0.0000 0.0000 1.0000
vn 0.0000 0.0000 -1.0000
vn 0.0000 0.0000 1.0000
vn 0.0000 0.0000 -1.0000
vn 0.0000 0.0000 1.0000
vn 0.0000 0.0000 -1.0000
vn 0.0000 0.0000 1.0000
vn 0.0000 0.0000 -1.0000
vn 0.0000 0.0000 1.0000
vn 0.0000 0.0000 -1.0000
vn 0.0000 0.0000 1.0000
vn 0.0000 0.0000 -1.0000
vn 0.0000 0.0000 1.0000
vn 0.0000 0.0000 -1.0000
vn 0.0000 0.0000 1.0000
vn 0.0000 0.0000 -1.0000
vn 0.0000 0.0000 1.0000
vn 0.0000 0.0000 -1.0000
vn 0.0000 0.0000 1.0000
vn 0.0000 0.0000 -1.0000
vn 0.0000 0.0000 1.0000
vn 0.0000 0.0000 -1.0000
vn 0.0000 0.0000 1.0000
vn 0.0000 0.0000 -1.0000
vn 0.0000 0.0000 1.0000
vn 0.0000 0.0000 -1.0000
vn 0.0000 0.0000 1.0000
vn 0.0000 0.0000 -1.0000
vn 0.0000 0.0000 1.0000
vn 0.0000 0.0000 -1.0000
vn 0.0000 0.0000 1.0000
vn 0.0000 0.0000 -1.0000
vn 0.0000 0.0000 1.0000
vn 0.0000 0.0000 -1.0000
vn 0.0000 0.0000 1.0000
vn 0.0000 0.0000 -1.0000
vn 0.0000 0.0000 1.0000
vn 0.0000 0.0000 -1.0000
vn 0.0000 0.0000 1.0000
vn 0.0000 0.0000 -1.0000
vn 0.0000 0.0000 1.0000
vn 0.0000 0.0000 -1.0000
vn 0.0000 0.0000 1.0000
vn 0.0000 0.0000 -1.0000
vn 0.0000 0.0000 1.0000
vn 0.0000 0.0000 -1.0000
vn 0.0000 0.0000 1.0000
vn 0.0000 0.0000 -1.0000
vn 0.0000 0.0000 1.0000
vn 0.0000 0.0000 -1.0000
vn 0.0000 0.0000 1.0000
vn 0.0000 0.0000 -1.0000
vn 0.0000 0.0000 1.0000
vn 0.0000 0.0000 -1.0000
vn 0.0000 0.0000 1.0000
vn 0.0000 0.0000 -1.0000
vn 0.0000 0.0000 1.0000
vn 0.0000 0.0000 -1.0000
vn 0.0000 0.0000 1.0000
vn 0.0000 0.0000 -1.0000
vn 0.0000 0.0000 1.0000
vn 0.0000 0.0000 -1.0000
vn 0.0000 0.0000 1.0000
vn 0.0000 0.0000 -1.0000
vn 0.0000 0.0000 1.0000
vn 0.0000 0.0000 -1.0000
vn 0.0000 0.0000 1.0000
vn 0.0000 0.0000 -1.0000
vn 0.0000 0.0000 1.0000
vn 0.0000 0.0000 -1.0000
vn 0.0000 0.0000 1.0000
vn 0.0000 0.0000 -1.0000
vn 0.0000 0.0000 1.0000
vn 0.0000 0.0000 -1.0000
vn 0.0000 0.0000 1.0000
vn 0.0000 0.0000 -1.0000
vn 0.0000 0.0000 1.0000
vn 0.0000 0.0000 -1.0000
vn 0.0000 0.0000 1.0000
vn 0.0000 0.0000 -1.0000
vn 0.0000 0.0000 1.0000
vn 0.0000 0.0000 -1.0000
vn 0.0000 0.0000 1.0000
vn 0.0000 0.0000 -1.0000
vn 0.0000 0.0000 1.0000
vn 0.0000 0.0000 -1.0000
vn 0.0000 0.0000 1.0000
vn 0.0000 0.0000 -1.0000
vn 0.0000 0.0000 1.0000
vn 0.0000 0.0000 -1.0000
vn 0.0000 0.0000 1.0000
vn 0.0000 0.0000 -1.0000
vn 0.0000 0.0000 1.0000
vn 0.0000 0.0000 -1.0000
vn 0.0000 0.0000 1.0000
vn 0.0000 0.0000 -1.0000
vn 0.0000 0.0000 1.0000
vn 0.0000 0.0000 -1.0000
vn 0.0000 0.0000 1.0000
vn 0.0000 0.0000 -1.0000
vn 0.0000 0.0000 1.0000
vn 0.0000 0.0000 -1.0000
vn 0.0000 0.0000 1.0000
vn 0.0000 0.0000 -1.0000
vn 0.0000 0.0000 1.0000
vn 0.0000 0.0000 -1.0000
vn 0.0000 0.0000 1.0000
vn 0.0000 0.0000 -1.0000
vn 0.0000 0.0000 1.0000
vn 0.0000 0.0000 -1.0000
vn 0.0000 0.0000 1.0000
vn 0.0000 0.0000 -1.0000
vn 0.0000 0.0000 1.0000
vn 0.0000 0.0000 -1.0000
vn 0.0000 0.0000 1.0000
vn 0.0000 0.0000 -1.0000
vn 0.0000 0.0000 1.0000
vn 0.0000 0.0000 -1.0000
vn 0.0000 0.0000 1.0000
vn 0.0000 0.0000 -1.0000
vn 0.0000 0.0000 1.0000
vn 0.0000 0.0000 -1.0000
vn 0.0000 0.0000 1.0000
vn 0.0000 0.0000 -1.0000
vn 0.0000 0.0000 1.0000
vn 0.0000 0.0000 -1.0000
vn 0.0000 0.0000 1.0000
vn 0.0000 0.0000 -1.0000
vn 0.0000 0.0000 1.0000
vn 0.0000 0.0000 -1.0000
vn 0.0000 0.0000 1.0000
vn 0.0000 0.0000 -1.0000
vn 0.0000 0.0000 1.0000
vn 0.0000 0.0000 -1.0000
vn 0.0000 0.0000 1.0000
vn 0.0000 0.0000 -1.0000
vn 0.0000 0.0000 1.0000
vn 0.0000 0.0000 -1.0000
vn 0.0000 0.0000 1.0000
vn 0.0000 0.0000 -1.0000
vn 0.0000 0.0000 1.0000
vn 0.0000 0.0000 -1.0000
vn 0.0000 0.0000 1.0000
vn 0.0000 0.0000 -1.0000
vn 0.0000 0.0000 1.0000
vn 0.0000 0.0000 -1.0000
vn 0.0000 0.0000 1.0000
vn 0.0000 0.0000 -1.0000
vn 0.0000 0.0000 1.0000
vn 0.0000 0.0000 -1.0000
vn 0.0000 0.0000 1.0000
vn 0.0000 0.0000 -1.0000
vn 0.0000 0.0000 1.0000
vn 0.0000 0.0000 -1.0000
vn 0.0000 0.0000 1.0000
vn 0.0000 0.0000 -1.0000
vn 0.0000 0.0000 1.0000
vn 0.0000 0.0000 -1.0000
vn 0.0000 0.0000 1.0000
vn 0.0000 0.0000 -1.0000
vn 0.0000 0.0000 1.0000
vn 0.0000 0.0000 -1.0000
vn 0.0000 0.0000 1.0000
vn 0.0000 0.0000 -1.0000
vn 0.0000 0.0000 1.0000
vn 0.0000 0.0000 -1.0000
vn 0.0000 0.0000 1.0000
vn 0.0000 0.0000 -1.0000
vn 0.0000 0.0000 1.0000
vn 0.0000 0.0000 -1.0000
vn 0.0000 0.0000 1.0000
vn 0.0000 0.0000 -1.0000
vn 0.0000 0.0000 1.0000
vn 0.0000 0.0000 -1.0000
vn 0.0000 0.0000 1.0000
vn 0.0000 0.0000 -1.0000
vn 0.0000 0.0000 1.0000
vn 0.0000 0.0000 -1.0000
vn 0.0000 0.0000 1.0000
vn 0.0000 0.0000 -1.0000
vn 0.0000 0.0000 1.0000
vn 0.0000 0.0000 -1.0000
vn 0.0000 0.0000 1.0000
vn 0.0000 0.0000 -1.0000
vn 0.0000 0.0000 1.0000
vn 0.0000 0.0000 -1.0000
vn 0.0000 0.0000 1.0000
vn 0.0000 0.0000 -1.0000
vn 0.0000 0.0000 1.0000
vn 0.0000 0.0000 -1.0000
vn 0.0000 0.0000 1.0000
vn 0.0000 0.0000 -1.0000
vn 0.0000 0.0000 1.0000
vn 0.0000 0.0000 -1.0000
vn 0.0000 0.0000 1.0000
vn 0.0000 0.0000 -1.0000
vn 0.0000 0.0000 1.0000
vn 0.0000 0.0000 -1.0000
vn 0.0000 0.0000 1.0000
vn 0.0000 0.0000 -1.0000
vn 0.0000 0.0000 1.0000
vn 0.0000 0.0000 -1.0000
vn 0.0000 0.0000 1.0000
vn 0.0000 0.0000 -1.0000
vn 0.0000 0.0000 1.0000
vn 0.0000 0.0000 -1.0000
vn 0.0000 0.0000 1.0000
vn 0.0000 0.0000 -1.0000
vn 0.0000 0.0000 1.0000
vn 0.0000 0.0000 -1.0000
vn 0.0000 0.0000 1.0000
vn 0.0000 0.0000 -1.0000
vn 0.0000 0.0000 1.0000
vn 0.0000 0.0000 -1.0000
vn 0.0000 0.0000 1.0000
vn 0.0000 0.0000 -1.0000
vn 0.0000 0.0000 1.0000
vn 0.0000 0.0000 -1.0000
vn 0.0000 0.0000 1.0000
vn 0.0000 0.0000 -1.0000
vn 0.0000 0.0000 1.0000
vn 0.0000 0.0000 -1.0000
vn 0.0000 0.0000 1.0000
vn 0.0000 0.0000 -1.0000
vn 0.0000 0.0000 1.0000
vn 0.0000 0.0000 -1.0000
vn 0.0000 0.0000 1.0000
vn 0.0000 0.0000 -1.0000
vn 0.0000 0.0000 1.0000
vn 0.0000 0.0000 -1.0000
vn 0.0000 0.0000 1.0000
vn 0.0000 0.0000 -1.0000
vn 0.0000 0.0000 1.0000
vn 0.0000 0.0000 -1.0000
vn 0.0000 0.0000 1.0000
vn 0.0000 0.0000 -1.0000
vn 0.0000 0.0000 1.0000
vn 0.0000 0.0000 -1.0000
vn 0.0000 0.0000 1.0000
vn 0.0000 0.0000 -1.0000
vn 0.0000 0.0000 1.0000
vn 0.0000 0.0000 -1.0000
vn 0.0000 0.0000 1.0000
vn 0.0000 0.0000 -1.0000
vn 0.0000 0.0000 1.0000
vn 0.0000 0.0000 -1.0000
vn 0.0000 0.0000 1.0000
vn 0.0000 0.0000 -1.0000
vn 0.0000 0.0000 1.0000
vn 0.0000 0.0000 -1.0000
vn 0.0000 0.0000 1.0000
vn 0.0000 0.0000 -1.0000
vn 0.0000 0.0000 1.0000
vn 0.0000 0.0000 -1.0000
vn 0.0000 0.0000 1.0000
vn 0.0000 0.0000 -1.0000
vn 0.0000 0.0000 1.0000
vn 0.0000 0.0000 -1.0000
vn 0.0000 0.0000 1.0000
vn 0.0000 0.0000 -1.0000
vn 0.0000 0.0000 1.0000
vn 0.0000 0.0000 -1.0000
vn 0.0000 0.0000 1.0000
vn 0.0000 0.0000 -1.0000
vn 0.0000 0.0000 1.0000
vn 0.0000 0.0000 -1.0000
vn 0.0000 0.0000 1.0000
vn 0.0000 0.0000 -1.0000
vn 0.0000 0.0000 1.0000
vn 0.0000 0.0000 -1.0000
vn 0.0000 0.0000 1.0000
vn 0.0000 0.0000 -1.0000
vn 0.0000 0.0000 1.0000
vn 0.0000 0.0000 -1.0000
vn 0.0000 0.0000 1.0000
vn 0.0000 0.0000 -1.0000
vn 0.0000 0.0000 1.0000
vn 0.0000 0.0000 -1.0000
vn 0.0000 0.0000 1.0000
vn 0.0000 0.0000 -1.0000
vn 0.0000 0.0000 1.0000
vn 0.0000 0.0000 -1.0000
vn 0.0000 0.0000 1.0000
vn 0.0000 0.0000 -1.0000
vn 0.0000 0.0000 1.0000
vn 0.0000 0.0000 -1.0000
vn 0.0000 0.0000 1.0000
vn 0.0000 0.0000 -1.0000
vn 0.0000 0.0000 1.0000
vn 0.0000 0.0000 -1.0000
vn 0.0000 0.0000 1.0000
vn 0.0000 0.0000 -1.0000
vn 0.0000 0.0000 1.0000
vn 0.0000 0.0000 -1.0000
vn 0.0000 0.0000 1.0000
vn 0.0000 0.0000 -1.0000
vn 0.0000 0.0000 1.0000
vn 0.0000 0.0000 -1.0000
vn 0.0000 0.0000 1.0000
vn 0.0000 0.0000 -1.0000
vn 0.0000 0.0000 1.0000
vn 0.0000 0.0000 -1.0000
vn 0.0000 0.0000 1.0000
vn 0.0000 0.0000 -1.0000
vn 0.0000 0.0000 1.0000
vn 0.0000 0.0000 -1.0000
vn 0.0000 0.0000 1.0000
vn 0.0000 0.0000 -1.0000
vn 0.0000 0.0000 1.0000
vn 0.0000 0.0000 -1.0000
vn 0.0000 0.0000 1.0000
vn 0.0000 0.0000 -1.0000
vn 0.0000 0.0000 1.0000
vn 0.0000 0.0000 -1.0000
vn 0.0000 0.0000 1.0000
vn 0.0000 0.0000 -1.0000
vn 0.0000 0.0000 1.0000
vn 0.0000 0.0000 -1.0000
vn 0.0000 0.0000 1.0000
vn 0.0000 0.0000 -1.0000
vn 0.0000 0.0000 1.0000
vn 0.0000 0.0000 -1.0000
vn 0.0000 0.0000 1.0000
vn 0.0000 0.0000 -1.0000
vn 0.0000 0.0000 1.0000
vn 0.0000 0.0000 -1.0000
vn 0.0000 0.0000 1.0000
vn 0.0000 0.0000 -1.0000
vn 0.0000 0.0000 1.0000
vn 0.0000 0.0000 -1.0000
vn 0.0000 0.0000 1.0000
vn 0.0000 0.0000 -1.0000
vn 0.0000 0.0000 1.0000
vn 0.0000 0.0000 -1.0000
vn 0.0000 0.0000 1.0000
vn 0.0000 0.0000 -1.0000
vn 0.0000 0.0000 1.0000
vn 0.0000 0.0000 -1.0000
vn 0.0000 0.0000 1.0000
vn 0.0000 0.0000 -1.0000
vn 0.0000 0.0000 1.0000
vn 0.0000 0.0000 -1.0000
vn 0.0000 0.0000 1.0000
vn 0.0000 0.0000 -1.0000
vn 0.0000 0.0000 1.0000
vn 0.0000 0.0000 -1.0000
vn 0.0000 0.0000 1.0000
vn 0.0000 0.0000 -1.0000
vn 0.0000 0.0000 1.0000
vn 0.0000 0.0000 -1.0000
vn 0.0000 0.0000 1.0000
vn 0.0000 0.0000 -1.0000
vn 0.0000 0.0000 1.0000
vn 0.0000 0.0000 -1.0000
vn 0.0000 0.0000 1.0000
vn 0.0000 0.0000 -1.0000
vn 0.0000 0.0000 1.0000
vn 0.0000 0.0000 -1.0000
vn 0.0000 0.0000 1.0000
vn 0.0000 0.0000 -1.0000
vn 0.0000 0.0000 1.0000
vn 0.0000 0.0000 -1.0000
vn 0.0000 0.0000 1.0000
vn 0.0000 0.0000 -1.0000
vn 0.0000 0.0000 1.0000
vn 0.0000 0.0000 -1.0000
vn 0.0000 0.0000 1.0000
vn 0.0000 0.0000 -1.0000
vn 0.0000 0.0000 1.0000
vn 0.0000 0.0000 -1.0000
vn 0.0000 0.0000 1.0000
vn 0.0000 0.0000 -1.0000
vn 0.0000 0.0000 1.0000
vn 0.0000 0.0000 -1.0000
vn 0.0000 0.0000 1.0000
vn 0.0000 0.0000 -1.0000
vn 0.0000 0.0000 1.0000
vn 0.0000 0.0000 -1.0000
vn 0.0000 0.0000 1.0000
vn 0.0000 0.0000 -1.0000
vn 0.0000 0.0000 1.0000
vn 0.0000 0.0000 -1.0000
vn 0.0000 0.0000 1.0000
vn 0.0000 0.0000 -1.0000
vn 0.0000 0.0000 1.0000
vn 0.0000 0.0000 -1.0000
vn 0.0000 0.0000 1.0000
vn 0.0000 0.0000 -1.0000
vn 0.0000 0.0000 1.0000
vn 0.0000 0.0000 -1.0000
vn 0.0000 0.0000 1.0000
vn 0.0000 0.0000 -1.0000
vn 0.0000 0.0000 1.0000
vn 0.0000 0.0000 -1.0000
vn 0.0000 0.0000 1.0000
vn 0.0000 0.0000 -1.0000
vn 0.0000 0.0000 1.0000
vn 0.0000 0.0000 -1.0000
vn 0.0000 0.0000 1.0000
vn 0.0000 0.0000 -1.0000
vn 0.0000 0.0000 1.0000
vn 0.0000 0.0000 -1.0000
vn 0.0000 0.0000 1.0000
vn 0.0000 0.0000 -1.0000
vn 0.0000 0.0000 1.0000
vn 0.0000 0.0000 -1.0000
vn 0.0000 0.0000 1.0000
vn 0.0000 0.0000 -1.0000
vn 0.0000 0.0000 1.0000
vn 0.0000 0.0000 -1.0000
vn 0.0000 0.0000 1.0000
vn 0.0000 0.0000 -1.0000
vn 0.0000 0.0000 1.0000
vn 0.0000 0.0000 -1.0000
vn 0.0000 0.0000 1.0000
vn 0.0000 0.0000 -1.0000
vn 0.0000 0.0000 1.0000
vn 0.0000 0.0000 -1.0000
vn 0.0000 0.0000 1.0000
vn 0.0000 0.0000 -1.0000
vn 0.0000 0.0000 1.0000
vn 0.0000 0.0000 -1.0000
vn 0.0000 0.0000 1.0000
vn 0.0000 0.0000 -1.0000
vn 0.0000 0.0000 1.0000
vn 0.0000 0.0000 -1.0000
vn 0.0000 0.0000 1.0000
vn 0.0000 0.0000 -1.0000
vn 0.0000 0.0000 1.0000
vn 0.0000 0.0000 -1.0000
vn 0.0000 0.0000 1.0000
vn 0.0000 0.0000 -1.0000
vn 0.0000 0.0000 1.0000
vn 0.0000 0.0000 -1.0000
vn 0.0000 0.0000 1.0000
vn 0.0000 0.0000 -1.0000
vn 0.0000 0.0000 1.0000
vn 0.0000 0.0000 -1.0000
vn 0.0000 0.0000 1.0000
vn 0.0000 0.0000 -1.0000
vn 0.0000 0.0000 1.0000
vn 0.0000 0.0000 -1.0000
vn 0.0000 0.0000 1.0000
vn 0.0000 0.0000 -1.0000
vn 0.0000 0.0000 1.0000
vn 0.0000 0.0000 -1.0000
vn 0.0000 0.0000 1.0000
vn 0.0000 0.0000 -1.0000
vn 0.0000 0.0000 1.0000
vn 0.0000 0.0000 -1.0000
vn 0.0000 0.0000 1.0000
vn 0.0000 0.0000 -1.0000
vn 0.0000 0.0000 1.0000
vn 0.0000 0.0000 -1.0000
vn 0.0000 0.0000 1.0000
vn 0.0000 0.0000 -1.0000
vn 0.0000 0.0000 1.0000
vn 0.0000 0.0000 -1.0000
vn 0.0000 0.0000 1.0000
vn 0.0000 0.0000 -1.0000
vn 0.0000 0.0000 1.0000
vn 0.0000 0.0000 -1.0000
vn 0.0000 0.0000 1.0000
vn 0.0000 0.0000 -1.0000
vn 0.0000 0.0000 1.0000
vn 0.0000 0.0000 -1.0000
vn 0.0000 0.0000 1.0000
vn 0.0000 0.0000 -1.0000
vn 0.0000 0.0000 1.0000
vn 0.0000 0.0000 -1.0000
vn 0.0000 0.0000 1.0000
vn 0.0000 0.0000 -1.0000
vn 0.0000 0.0000 1.0000
vn 0.0000 0.0000 -1.0000
vn 0.0000 0.0000 1.0000
vn 0.0000 0.0000 -1.0000
vn 0.0000 0.0000 1.0000
vn 0.0000 0.0000 -1.0000
vn 0.0000 0.0000 1.0000
vn 0.0000 0.0000 -1.0000
vn 0.0000 0.0000 1.0000
vn 0.0000 0.0000 -1.0000
vn 0.0000 0.0000 1.0000
vn 0.0000 0.0000 -1.0000
vn 0.0000 0.0000 1.0000
vn 0.0000 0.0000 -1.0000
vn 0.0000 0.0000 1.0000
vn 0.0000 0.0000 -1.0000
vn 0.0000 0.0000 1.0000
vn 0.0000 0.0000 -1.0000
vn 0.0000 0.0000 1.0000
vn 0.0000 0.0000 -1.0000
vn 0.0000 0.0000 1.0000
vn 0.0000 0.0000 -1.0000
vn 0.0000 0.0000 1.0000
vn 0.0000 0.0000 -1.0000
vn 0.0000 0.0000 1.0000
vn 0.0000 0.0000 -1.0000
vn 0.0000 0.0000 1.0000
vn 0.0000 0.0000 -1.0000
vn 0.0000 0.0000 1.0000
vn 0.0000 0.0000 -1.0000
vn 0.0000 0.0000 1.0000
vn 0.0000 0.0000 -1.0000
vn 0.0000 0.0000 1.0000
vn 0.0000 0.0000 -1.0000
vn 0.0000 0.0000 1.0000
vn 0.0000 0.0000 -1.0000
vn 0.0000 0.0000 1.0000
vn 0.0000 0.0000 -1.0000
vn 0.0000 0.0000 1.0000
vn 0.0000 0.0000 -1.0000
vn 0.0000 0.0000 1.0000
vn 0.0000 0.0000 -1.0000
vn 0.0000 0.0000 1.0000
vn 0.0000 0.0000 -1.0000
vn 0.0000 0.0000 1.0000
vn 0.0000 0.0000 -1.0000
vn 0.0000 0.0000 1.0000
vn 0.0000 0.0000 -1.0000
vn 0.0000 0.0000 1.0000
vn 0.0000 0.0000 -1.0000
vn 0.0000 0.0000 1.0000
vn 0.0000 0.0000 -1.0000
vn 0.0000 0.0000 1.0000
vn 0.0000 0.0000 -1.0000
vn 0.0000 0.0000 1.0000
vn 0.0000 0.0000 -1.0000
vn 0.0000 0.0000 1.0000
vn 0.0000 0.0000 -1.0000
vn 0.0000 0.0000 1.0000
vn 0.0000 0.0000 -1.0000
vn 0.0000 0.0000 1.0000
vn 0.0000 0.0000 -1.0000
vn 0.0000 0.0000 1.0000
vn 0.0000 0.0000 -1.0000
vn 0.0000 0.0000 1.0000
vn 0.0000 0.0000 -1.0000
vn 0.0000 0.0000 1.0000
vn 0.0000 0.0000 -1.0000
vn 0.0000 0.0000 1.0000
vn 0.0000 0.0000 -1.0000
vn 0.0000 0.0000 1.0000
vn 0.0000 0.0000 -1.0000
vn 0.0000 0.0000 1.0000
vn 0.0000 0.0000 -1.0000
vn 0.0000 0.0000 1.0000
vn 0.0000 0.0000 -1.0000
vn 0.0000 0.0000 1.0000
vn 0.0000 0.0000 -1.0000
vn 0.0000 0.0000 1.0000
vn 0.0000 0.0000 -1.0000
vn 0.0000 0.0000 1.0000
vn 0.0000 0.0000 -1.0000
vn 0.0000 0.0000 1.0000
vn 0.0000 0.0000 -1.0000
vn 0.0000 0.0000 1.0000
vn 0.0000 0.0000 -1.0000
vn 0.0000 0.0000 1.0000
vn 0.0000 0.0000 -1.0000
vn 0.0000 0.0000 1.0000
vn 0.0000 0.0000 -1.0000
vn 0.0000 0.0000 1.0000
vn 0.0000 0.0000 -1.0000
vn 0.0000 0.0000 1.0000
vn 0.0000 0.0000 -1.0000
vn 0.0000 0.0000 1.0000
vn 0.0000 0.0000 -1.0000
vn 0.0000 0.0000 1.0000
vn 0.0000 0.0000 -1.0000
vn 0.0000 0.0000 1.0000
vn 0.0000 0.0000 -1.0000
vn 0.0000 0.0000 1.0000
vn 0.0000 0.0000 -1.0000
vn 0.0000 0.0000 1.0000
vn 0.0000 0.0000 -1.0000
vn 0.0000 0.0000 1.0000
vn 0.0000 0.0000 -1.0000
vn 0.0000 0.0000 1.0000
vn 0.0000 0.0000 -1.0000
vn 0.0000 0.0000 1.0000
vn 0.0000 0.0000 -1.0000
vn 0.0000 0.0000 1.0000
vn 0.0000 0.0000 -1.0000
vn 0.0000 0.0000 1.0000
vn 0.0000 0.0000 -1.0000
vn 0.0000 0.0000 1.0000
vn 0.0000 0.0000 -1.0000
vn 0.0000 0.0000 1.0000
vn 0.0000 0.0000 -1.0000
vn 0.0000 0.0000 1.0000
vn 0.0000 0.0000 -1.0000
vn 0.0000 0.0000 1.0000
vn 0.0000 0.0000 -1.0000
vn 0.0000 0.0000 1.0000
vn 0.0000 0.0000 -1.0000
vn 0.0000 0.0000 1.0000
vn 0.0000 0.0000 -1.0000
vn 0.0000 0.0000 1.0000
vn 0.0000 0.0000 -1.0000
vn 0.0000 0.0000 1.0000
vn 0.0000 0.0000 -1.0000
vn 0.0000 0.0000 1.0000
vn 0.0000 0.0000 -1.0000
vn 0.0000 0.0000 1.0000
vn 0.0000 0.0000 -1.0000
vn 0.0000 0.0000 1.0000
vn 0.0000 0.0000 -1.0000
vn 0.0000 0.0000 1.0000
vn 0.0000 0.0000 -1.0000
vn 0.0000 0.0000 1.0000
vn 0.0000 0.0000 -1.0000
vn 0.0000 0.0000 1.0000
vn 0.0000 0.0000 -1.0000
vn 0.0000 0.0000 1.0000
vn 0.0000 0.0000 -1.0000
vn 0.0000 0.0000 1.0000
vn 0.0000 0.0000 -1.0000
vn 0.0000 0.0000 1.0000
vn 0.0000 0.0000 -1.0000
vn 0.0000 0.0000 1.0000
vn 0.0000 0.0000 -1.0000
vn 0.0000 0.0000 1.0000
vn 0.0000 0.0000 -1.0000
vn 0.0000 0.0000 1.0000
vn 0.0000 0.0000 -1.0000
vn 0.0000 0.0000 1.0000
vn 0.0000 0.0000 -1.0000
vn 0.0000 0.0000 1.0000
vn 0.0000 0.0000 -1.0000
vn 0.0000 0.0000 1.0000
vn 0.0000 0.0000 -1.0000
vn 0.0000 0.0000 1.0000
vn 0.0000 0.0000 -1.0000
vn 0.0000 0.0000 1.0000
vn 0.0000 0.0000 -1.0000
vn 0.0000 0.0000 1.0000
vn 0.0000 0.0000 -1.0000
vn 0.0000 0.0000 1.0000
vn 0.0000 0.0000 -1.0000
vn 0.0000 0.0000 1.0000
vn 0.0000 0.0000 -1.0000
vn 0.0000 0.0000 1.0000
vn 0.0000 0.0000 -1.0000
vn 0.0000 0.0000 1.0000
vn 0.0000 0.0000 -1.0000
vn 0.0000 0.0000 1.0000
vn 0.0000 0.0000 -1.0000
vn 0.0000 0.0000 1.0000
vn 0.0000 0.0000 -1.0000
vn 0.0000 0.0000 1.0000
vn 0.0000 0.0000 -1.0000
vn 0.0000 0.0000 1.0000
vn 0.0000 0.0000 -1.0000
vn 0.0000 0.0000 1.0000
vn 0.0000 0.0000 -1.0000
vn 0.0000 0.0000 1.0000
vn 0.0000 0.0000 -1.0000
vn 0.0000 0.0000 1.0000
vn 0.0000 0.0000 -1.0000
vn 0.0000 0.0000 1.0000
vn 0.0000 0.0000 -1.0000
vn 0.0000 0.0000 1.0000
vn 0.0000 0.0000 -1.0000
vn 0.0000 0.0000 1.0000
vn 0.0000 0.0000 -1.0000
vn 0.0000 0.0000 1.0000
vn 0.0000 0.0000 -1.0000
vn 0.0000 0.0000 1.0000
vn 0.0000 0.0000 -1.0000
vn 0.0000 0.0000 1.0000
vn 0.0000 0.0000 -1.0000
vn 0.0000 0.0000 1.0000
vn 0.0000 0.0000 -1.0000
vn 0.0000 0.0000 1.0000
vn 0.0000 0.0000 -1.0000
vn 0.0000 0.0000 1.0000
vn 0.0000 0.0000 -1.0000
vn 0.0000 0.0000 1.0000
vn 0.0000 0.0000 -1.0000
vn 0.0000 0.0000 1.0000
vn 0.0000 0.0000 -1.0000
vn 0.0000 0.0000 1.0000
vn 0.0000 0.0000 -1.0000
vn 0.0000 0.0000 1.0000
vn 0.0000 0.0000 -1.0000
vn 0.0000 0.0000 1.0000
vn 0.0000 0.0000 -1.0000
vn 0.0000 0.0000 1.0000
vn 0.0000 0.0000 -1.0000
vn 0.0000 0.0000 1.0000
vn 0.0000 0.0000 -1.0000
vn 0.0000 0.0000 1.0000
vn 0.0000 0.0000 -1.0000
vn 0.0000 0.0000 1.0000
vn 0.0000 0.0000 -1.0000
vn 0.0000 0.0000 1.0000
vn 0.0000 0.0000 -1.0000
vn 0.0000 0.0000 1.0000
vn 0.0000 0.0000 -1.0000
vn 0.0000 0.0000 1.0000
vn 0.0000 0.0000 -1.0000
vn 0.0000 0.0000 1.0000
vn 0.0000 0.0000 -1.0000
vn 0.0000 0.0000 1.0000
vn 0.0000 0.0000 -1.0000
vn 0.0000 0.0000 1.0000
vn 0.0000 0.0000 -1.0000
vn 0.0000 0.0000 1.0000
vn 0.0000 0.0000 -1.0000
vn 0.0000 0.0000 1.0000
vn 0.0000 0.0000 -1.0000
vn 0.0000 0.0000 1.0000
vn 0.0000 0.0000 -1.0000
vn 0.0000 0.0000 1.0000
vn 0.0000 0.0000 -1.0000
vn 0.0000 0.0000 1.0000
vn 0.0000 0.0000 -1.0000
vn 0.0000 0.0000 1.0000
vn 0.0000 0.0000 -1.0000
vn 0.0000 0.0000 1.0000
vn 0.0000 0.0000 -1.0000
vn 0.0000 0.0000 1.0000
vn 0.0000 0.0000 -1.0000
vn 0.0000 0.0000 1.0000
vn 0.0000 0.0000 -1.0000
vn 0.0000 0.0000 1.0000
vn 0.0000 0.0000 -1.0000
vn 0.0000 0.0000 1.0000
vn 0.0000 0.0000 -1.0000
vn 0.0000 0.0000 1.0000
vn 0.0000 0.0000 -1.0000
vn 0.0000 0.0000 1.0000
vn 0.0000 0.0000 -1.0000
vn 0.0000 0.0000 1.0000
vn 0.0000 0.0000 -1.0000
vn 0.0000 0.0000 1.0000
vn 0.0000 0.0000 -1.0000
vn 0.0000 0.0000 1.0000
vn 0.0000 0.0000 -1.0000
vn 0.0000 0.0000 1.0000
vn 0.0000 0.0000 -1.0000
vn 0.0000 0.0000 1.0000
vn 0.0000 0.0000 -1.0000
vn 0.0000 0.0000 1.0000
vn 0.0000 0.0000 -1.0000
vn 0.0000 0.0000 1.0000
vn 0.0000 0.0000 -1.0000
vn 0.0000 0.0000 1.0000
vn 0.0000 0.0000 -1.0000
vn 0.0000 0.0000 1.0000
vn 0.0000 0.0000 -1.0000
vn 0.0000 0.0000 1.0000
vn 0.0000 0.0000 -1.0000
vn 0.0000 0.0000 1.0000
vn 0.0000 0.0000 -1.0000
vn 0.0000 0.0000 1.0000
vn 0.0000 0.0000 -1.0000
vn 0.0000 0.0000 1.0000
vn 0.0000 0.0000 -1.0000
vn 0.0000 0.0000 1.0000
vn 0.0000 0.0000 -1.0000
vn 0.0000 0.0000 1.0000
vn 0.0000 0.0000 -1.0000
vn 0.0000 0.0000 1.0000
vn 0.0000 0.0000 -1.0000
vn 0.0000 0.0000 1.0000
vn 0.0000 0.0000 -1.0000
vn 0.0000 0.0000 1.0000
vn 0.0000 0.0000 -1.0000
vn 0.0000 0.0000 1.0000
vn 0.0000 0.0000 -1.0000
vn 0.0000 0.0000 1.0000
vn 0.0000 0.0000 -1.0000
vn 0.0000 0.0000 1.0000
vn 0.0000 0.0000 -1.0000
vn 0.0000 0.0000 1.0000
vn 0.0000 0.0000 -1.0000
vn 0.0000 0.0000 1.0000
vn 0.0000 0.0000 -1.0000
vn 0.0000 0.0000 1.0000
vn 0.0000 0.0000 -1.0000
vn 0.0000 0.0000 1.0000
vn 0.0000 0.0000 -1.0000
vn 0.0000 0.0000 1.0000
vn 0.0000 0.0000 -1.0000
vn 0.0000 0.0000 1.0000
vn 0.0000 0.0000 -1.0000
vn 0.0000 0.0000 1.0000
vn 0.0000 0.0000 -1.0000
vn 0.0000 0.0000 1.0000
vn 0.0000 0.0000 -1.0000
vn 0.0000 0.0000 1.0000
vn 0.0000 0.0000 -1.0000
vn 0.0000 0.0000 1.0000
vn 0.0000 0.0000 -1.0000
vn 0.0000 0.0000 1.0000
vn 0.0000 0.0000 -1.0000
vn 0.0000 0.0000 1.0000
vn 0.0000 0.0000 -1.0000
vn 0.0000 0.0000 1.0000
vn 0.0000 0.0000 -1.0000
vn 0.0000 0.0000 1.0000
vn 0.0000 0.0000 -1.0000
vn 0.0000 0.0000 1.0000
vn 0.0000 0.0000 -1.0000
vn 0.0000 0.0000 1.0000
vn 0.0000 0.0000 -1.0000
vn 0.0000 0.0000 1.0000
vn 0.0000 0.0000 -1.0000
vn 0.0000 0.0000 1.0000
vn 0.0000 0.0000 -1.0000
vn 0.0000 0.0000 1.0000
vn 0.0000 0.0000 -1.0000
vn 0.0000 0.0000 1.0000
vn 0.0000 0.0000 -1.0000
vn 0.0000 0.0000 1.0000
vn 0.0000 0.0000 -1.0000
vn 0.0000 0.0000 1.0000
vn 0.0000 0.0000 -1.0000
vn 0.0000 0.0000 1.0000
vn 0.0000 0.0000 -1.0000
vn 0.0000 0.0000 1.0000
vn 0.0000 0.0000 -1.0000
vn 0.0000 0.0000 1.0000
vn 0.0000 0.0000 -1.0000
vn 0.0000 0.0000 1.0000
vn 0.0000 0.0000 -1.0000
vn 0.0000 0.0000 1.0000
vn 0.0000 0.0000 -1.0000
vn 0.0000 0.0000 1.0000
vn 0.0000 0.0000 -1.0000
vn 0.0000 0.0000 1.0000
vn 0.0000 0.0000 -1.0000
vn 0.0000 0.0000 1.0000
vn 0.0000 0.0000 -1.0000
vn 0.0000 0.0000 1.0000
vn 0.0000 0.0000 -1.0000
vn 0.0000 0.0000 1.0000
vn 0.0000 0.0000 -1.0000
vn 0.0000 0.0000 1.0000
vn 0.0000 0.0000 -1.0000
vn 0.0000 0.0000 1.0000
vn 0.0000 0.0000 -1.0000
vn 0.0000 0.0000 1.0000
vn 0.0000 0.0000 -1.0000
vn 0.0000 0.0000 1.0000
vn 0.0000 0.0000 -1.0000
vn 0.0000 0.0000 1.0000
vn 0.0000 0.0000 -1.0000
vn 0.0000 0.0000 1.0000
vn 0.0000 0.0000 -1.0000
vn 0.0000 0.0000 1.0000
vn 0.0000 0.0000 -1.0000
vn 0.0000 0.0000 1.0000
vn 0.0000 0.0000 -1.0000
vn 0.0000 0.0000 1.0000
vn 0.0000 0.0000 -1.0000
vn 0.0000 0.0000 1.0000
vn 0.0000 0.0000 -1.0000
vn 0.0000 0.0000 1.0000
vn 0.0000 0.0000 -1.0000
vn 0.0000 0.0000 1.0000
vn 0.0000 0.0000 -1.0000
vn 0.0000 0.0000 1.0000
vn 0.0000 0.0000 -1.0000
vn 0.0000 0.0000 1.0000
vn 0.0000 0.0000 -1.0000
vn 0.0000 0.0000 1.0000
vn 0.0000 0.0000 -1.0000
vn 0.0000 0.0000 1.0000
vn 0.0000 0.0000 -1.0000
vn 0.0000 0.0000 1.0000
vn 0.0000 0.0000 -1.0000
vn 0.0000 0.0000 1.0000
vn 0.0000 0.0000 -1.0000
vn 0.0000 0.0000 1.0000
vn 0.0000 0.0000 -1.0000
vn 0.0000 0.0000 1.0000
vn 0.0000 0.0000 -1.0000
vn 0.0000 0.0000 1.0000
vn 0.0000 0.0000 -1.0000
vn 0.0000 0.0000 1.0000
vn 0.0000 0.0000 -1.0000
vn 0.0000 0.0000 1.0000
vn 0.0000 0.0000 -1.0000
vn 0.0000 0.0000 1.0000
vn 0.0000 0.0000 -1.0000
vn 0.0000 0.0000 1.0000
vn 0.0000 0.0000 -1.0000
vn 0.0000 0.0000 1.0000
vn 0.0000 0.0000 -1.0000
vn 0.0000 0.0000 1.0000
vn 0.0000 0.0000 -1.0000
vn 0.0000 0.0000 1.0000
vn 0.0000 0.0000 -1.0000
vn 0.0000 0.0000 1.0000
vn 0.0000 0.0000 -1.0000
vn 0.0000 0.0000 1.0000
vn 0.0000 0.0000 -1.0000
vn 0.0000 0.0000 1.0000
vn 0.0000 0.0000 -1.0000
vn 0.0000 0.0000 1.0000
vn 0.0000 0.0000 -1.0000
vn 0.0000 0.0000 1.0000
vn 0.0000 0.0000 -1.0000
vn 0.0000 0.0000 1.0000
vn 0.0000 0.0000 -1.0000
vn 0.0000 0.0000 1.0000
vn 0.0000 0.0000 -1.0000
vn 0.0000 0.0000 1.0000
vn 0.0000 0.0000 -1.0000
vn 0.0000 0.0000 1.0000
vn 0.0000 0.0000 -1.0000
vn 0.0000 0.0000 1.0000
vn 0.0000 0.0000 -1.0000
vn 0.0000 0.0000 1.0000
vn 0.0000 0.0000 -1.0000
vn 0.0000 0.0000 1.0000
vn 0.0000 0.0000 -1.0000
vn 0.0000 0.0000 1.0000
vn 0.0000 0.0000 -1.0000
vn 0.0000 0.0000 1.0000
vn 0.0000 0.0000 -1.0000
vn 0.0000 0.0000 1.0000
vn 0.0000 0.0000 -1.0000
vn 0.0000 0.0000 1.0000
vn 0.0000 0.0000 -1.0000
vn 0.0000 0.0000 1.0000
vn 0.0000 0.0000 -1.0000
vn 0.0000 0.0000 1.0000
vn 0.0000 0.0000 -1.0000
vn 0.0000 0.0000 1.0000
vn 0.0000 0.0000 -1.0000
vn 0.0000 0.0000 1.0000
vn 0.0000 0.0000 -1.0000
vn 0.0000 0.0000 1.0000
vn 0.0000 0.0000 -1.0000
vn 0.0000 0.0000 1.0000
vn 0.0000 0.0000 -1.0000
vn 0.0000 0.0000 1.0000
vn 0.0000 0.0000 -1.0000
vn 0.0000 0.0000 1.0000
vn 0.0000 0.0000 -1.0000
vn 0.0000 0.0000 1.0000
vn 0.0000 0.0000 -1.0000
vn 0.0000 0.0000 1.0000
vn 0.0000 0.0000 -1.0000
vn 0.0000 0.0000 1.0000
vn 0.0000 0.0000 -1.0000
vn 0.0000 0.0000 1.0000
vn 0.0000 0.0000 -1.0000
vn 0.0000 0.0000 1.0000
vn 0.0000 0.0000 -1.0000
vn 0.0000 0.0000 1.0000
vn 0.0000 0.0000 -1.0000
vn 0.0000 0.0000 1.0000
vn 0.0000 0.0000 -1.0000
vn 0.0000 0.0000 1.0000
vn 0.0000 0.0000 -1.0000
vn 0.0000 0.0000 1.0000
vn 0.0000 0.0000 -1.0000
vn 0.0000 0.0000 1.0000
vn 0.0000 0.0000 -1.0000
vn 0.0000 0.0000 1.0000
vn 0.0000 0.0000 -1.0000
vn 0.0000 0.0000 1.0000
vn 0.0000 0.0000 -1.0000
vn 0.0000 0.0000 1.0000
vn 0.0000 0.0000 -1.0000
vn 0.0000 0.0000 1.0000
vn 0.0000 0.0000 -1.0000
vn 0.0000 0.0000 1.0000
vn 0.0000 0.0000 -1.0000
vn 0.0000 0.0000 1.0000
vn 0.0000 0.0000 -1.0000
vn 0.0000 0.0000 1.0000
vn 0.0000 0.0000 -1.0000
vn 0.0000 0.0000 1.0000
vn 0.0000 0.0000 -1.0000
vn 0.0000 0.0000 1.0000
vn 0.0000 0.0000 -1.0000
vn 0.0000 0.0000 1.0000
vn 0.0000 0.0000 -1.0000
vn 0.0000 0.0000 1.0000
vn 0.0000 0.0000 -1.0000
vn 0.0000 0.0000 1.0000
vn 0.0000 0.0000 -1.0000
vn 0.0000 0.0000 1.0000
vn 0.0000 0.0000 -1.0000
vn 0.0000 0.0000 1.0000
vn 0.0000 0.0000 -1.0000
vn 0.0000 0.0000 1.0000
vn 0.0000 0.0000 -1.0000
vn 0.0000 0.0000 1.0000
vn 0.0000 0.0000 -1.0000
vn 0.0000 0.0000 1.0000
vn 0.0000 0.0000 -1.0000
vn 0.0000 0.0000 1.0000
vn 0.0000 0.0000 -1.0000
vn 0.0000 0.0000 1.0000
vn 0.0000 0.0000 -1.0000
vn 0.0000 0.0000 1.0000
vn 0.0000 0.0000 -1.0000
vn 0.0000 0.0000 1.0000
vn 0.0000 0.0000 -1.0000
vn 0.0000 0.0000 1.0000
vn 0.0000 0.0000 -1.0000
vn 0.0000 0.0000 1.0000
vn 0.0000 0.0000 -1.0000
vn 0.0000 0.0000 1.0000
vn 0.0000 0.0000 -1.0000
vn 0.0000 0.0000 1.0000
vn 0.0000 0.0000 -1.0000
vn 0.0000 0.0000 1.0000
vn 0.0000 0.0000 -1.0000
vn 0.0000 0.0000 1.0000
vn 0.0000 0.0000 -1.0000
vn 0.0000 0.0000 1.0000
vn 0.0000 0.0000 -1.0000
vn 0.0000 0.0000 1.0000
vn 0.0000 0.0000 -1.0000
vn 0.0000 0.0000 1.0000
vn 0.0000 0.0000 -1.0000
vn 0.0000 0.0000 1.0000
vn 0.0000 0.0000 -1.0000
vn 0.0000 0.0000 1.0000
vn 0.0000 0.0000 -1.0000
vn 0.0000 0.0000 1.0000
vn 0.0000 0.0000 -1.0000
vn 0.0000 0.0000 1.0000
vn 0.0000 0.0000 -1.0000
vn 0.0000 0.0000 1.0000
vn 0.0000 0.0000 -1.0000
vn 0.0000 0.0000 1.0000
vn 0.0000 0.0000 -1.0000
vn 0.0000 0.0000 1.0000
vn 0.0000 0.0000 -1.0000
vn 0.0000 0.0000 1.0000
vn 0.0000 0.0000 -1.0000
vn 0.0000 0.0000 1.0000
vn 0.0000 0.0000 -1.0000
vn 0.0000 0.0000 1.0000
vn 0.0000 0.0000 -1.0000
vn 0.0000 0.0000 1.0000
vn 0.0000 0.0000 -1.0000
vn 0.0000 0.0000 1.0000
vn 0.0000 0.0000 -1.0000
vn 0.0000 0.0000 1.0000
vn 0.0000 0.0000 -1.0000
vn 0.0000 0.0000 1.0000
vn 0.0000 0.0000 -1.0000
vn 0.0000 0.0000 1.0000
vn 0.0000 0.0000 -1.0000
vn 0.0000 0.0000 1.0000
vn 0.0000 0.0000 -1.0000
vn 0.0000 0.0000 1.0000
vn 0.0000 0.0000 -1.0000
vn 0.0000 0.0000 1.0000
vn 0.0000 0.0000 -1.0000
vn 0.0000 0.0000 1.0000
vn 0.0000 0.0000 -1.0000
vn 0.0000 0.0000 1.0000
vn 0.0000 0.0000 -1.0000
vn 0.0000 0.0000 1.0000
vn 0.0000 0.0000 -1.0000
vn 0.0000 0.0000 1.0000
vn 0.0000 0.0000 -1.0000
# 6000 normals

vt 0.0000 0.0000
vt 0.0000 0.0000
vt 0.0000 0.0714
vt 0.0000 0.0714
vt 0.0000 0.1429
vt 0.0000 0.1429
vt 0.0000 0.2143
vt 0.0000 0.2143
vt 0.0000 0.2857
vt 0.0000 0.2857
vt 0.0000 0.3571
vt 0.0000 0.3571
vt 0.0000 0.4286
vt 0.0000 0.4286
vt 0.0000 0.5000
vt 0.0000 0.5000
vt 0.0000 0.5714
vt 0.0000 0.5714
vt 0.0000 0.6429
vt 0.0000 0.6429
vt 0.0000 0.7143
vt 0.0000 0.7143
vt 0.0000 0.7857
vt 0.0000 0.7857
vt 0.0000 0.8571
vt 0.0000 0.8571
vt 0.0000 0.9286
vt 0.0000 0.9286
vt 0.0000 1.0000
vt 0.0000 1.0000
vt 0.0417 0.0000
vt 0.0417 0.0000
vt 0.0417 0.0714
vt 0.0417 0.0714
vt 0.0417 0.1429
vt 0.0417 0.1429
vt 0.0417 0.2143
vt 0.0417 0.2143
vt 0.0417 0.2857
vt 0.0417 0.2857
vt 0.0417 0.3571
vt 0.0417 0.3571
vt 0.0417 0.4286
vt 0.0417 0.4286
vt 0.0417 0.5000
vt 0.0417 0.5000
vt 0.0417 0.5714
vt 0.0417 0.5714
vt 0.0417 0.6429
vt 0.0417 0.6429
vt 0.0417 0.7143
vt 0.0417 0.7143
vt 0.0417 0.7857
vt 0.0417 0.7857
vt 0.0417 0.8571
vt 0.0417 0.8571
vt 0.0417 0.9286
vt 0.0417 0.9286
vt 0.0417 1.0000
vt 0.0417 1.0000
vt 0.0833 0.0000
vt 0.0833 0.0000
vt 0.0833 0.0714
vt 0.0833 0.0714
vt 0.0833 0.1429
vt 0.0833 0.1429
vt 0.0833 0.2143
vt 0.0833 0.2143
vt 0.0833 0.2857
vt 0.0833 0.2857
vt 0.0833 0.3571
vt 0.0833 0.3571
vt 0.0833 0.4286
vt 0.0833 0.4286
vt 0.0833 0.5000
vt 0.0833 0.5000
vt 0.0833 0.5714
vt 0.0833 0.5714
vt 0.0833 0.6429
vt 0.0833 0.6429
vt 0.0833 0.7143
vt 0.0833 0.7143
vt 0.0833 0.7857
vt 0.0833 0.7857
vt 0.0833 0.8571
vt 0.0833 0.8571
vt 0.0833 0.9286
vt 0.0833 0.9286
vt 0.0833 1.0000
vt 0.0833 1.0000
vt 0.1250 0.0000
vt 0.1250 0.0000
vt 0.1250 0.0714
vt 0.1250 0.0714
vt 0.1250 0.1429
vt 0.1250 0.1429
vt 0.1250 0.2143
vt 0.1250 0.2143
vt 0.1250 0.2857
vt 0.1250 0.2857
vt 0.1250 0.3571
vt 0.1250 0.3571
vt 0.1250 0.4286
vt 0.1250 0.4286
vt 0.1250 0.5000
vt 0.1250 0.5000
vt 0.1250 0.5714
vt 0.1250 0.5714
vt 0.1250 0.6429
vt 0.1250 0.6429
vt 0.1250 0.7143
vt 0.1250 0.7143
vt 0.1250 0.7857
vt 0.1250 0.7857
vt 0.1250 0.8571
vt 0.1250 0.8571
vt 0.1250 0.9286
vt 0.1250 0.9286
vt 0.1250 1.0000
vt 0.1250 1.0000
vt 0.1667 0.0000
vt 0.1667 0.0000
vt 0.1667 0.0714
vt 0.1667 0.0714
vt 0.1667 0.1429
vt 0.1667 0.1429
vt 0.1667 0.2143
vt 0.1667 0.2143
vt 0.1667 0.2857
vt 0.1667 0.2857
vt 0.1667 0.3571
vt 0.1667 0.3571
vt 0.1667 0.4286
vt 0.1667 0.4286
vt 0.1667 0.5000
vt 0.1667 0.5000
vt 0.1667 0.5714
vt 0.1667 0.5714
vt 0.1667 0.6429
vt 0.1667 0.6429
vt 0.1667 0.7143
vt 0.1667 0.7143
vt 0.1667 0.7857
vt 0.1667 0.7857
vt 0.1667 0.8571
vt 0.1667 0.8571
vt 0.1667 0.9286
vt 0.1667 0.9286
vt 0.1667 1.0000
vt 0.1667 1.0000
vt 0.2083 0.0000
vt 0.2083 0.0000
vt 0.2083 0.0714
vt 0.2083 0.0714
vt 0.2083 0.1429
vt 0.2083 0.1429
vt 0.2083 0.2143
vt 0.2083 0.2143
vt 0.2083 0.2857
vt 0.2083 0.2857
vt 0.2083 0.3571
vt 0.2083 0.3571
vt 0.2083 0.4286
vt 0.2083 0.4286
vt 0.2083 0.5000
vt 0.2083 0.5000
vt 0.2083 0.5714
vt 0.2083 0.5714
vt 0.2083 0.6429
vt 0.2083 0.6429
vt 0.2083 0.7143
vt 0.2083 0.7143
vt 0.2083 0.7857
vt 0.2083 0.7857
vt 0.2083 0.8571
vt 0.2083 0.8571
vt 0.2083 0.9286
vt 0.2083 0.9286
vt 0.2083 1.0000
vt 0.2083 1.0000
vt 0.2500 0.0000
vt 0.2500 0.0000
vt 0.2500 0.0714
vt 0.2500 0.0714
vt 0.2500 0.1429
vt 0.2500 0.1429
vt 0.2500 0.2143
vt 0.2500 0.2143
vt 0.2500 0.2857
vt 0.2500 0.2857
vt 0.2500 0.3571
vt 0.2500 0.3571
vt 0.2500 0.4286
vt 0.2500 0.4286
vt 0.2500 0.5000
vt 0.2500 0.5000
vt 0.2500 0.5714
vt 0.2500 0.5714
vt 0.2500 0.6429
vt 0.2500 0.6429
vt 0.2500 0.7143
vt 0.2500 0.7143
vt 0.2500 0.7857
vt 0.2500 0.7857
vt 0.2500 0.8571
vt 0.2500 0.8571
vt 0.2500 0.9286
vt 0.2500 0.9286
vt 0.2500 1.0000
vt 0.2500 1.0000
vt 0.2917 0.0000
vt 0.2917 0.0000
vt 0.2917 0.0714
vt 0.2917 0.0714
vt 0.2917 0.1429
vt 0.2917 0.1429
vt 0.2917 0.2143
vt 0.2917 0.2143
vt 0.2917 0.2857
vt 0.2917 0.2857
vt 0.2917 0.3571
vt 0.2917 0.3571
vt 0.2917 0.4286
vt 0.2917 0.4286
vt 0.2917 0.5000
vt 0.2917 0.5000
vt 0.2917 0.5714
vt 0.2917 0.5714
vt 0.2917 0.6429
vt 0.2917 0.6429
vt 0.2917 0.7143
vt 0.2917 0.7143
vt 0.2917 0.7857
vt 0.2917 0.7857
vt 0.2917 0.8571
vt 0.2917 0.8571
vt 0.2917 0.9286
vt 0.2917 0.9286
vt 0.2917 1.0000
vt 0.2917 1.0000
vt 0.3333 0.0000
vt 0.3333 0.0000
vt 0.3333 0.0714
vt 0.3333 0.0714
vt 0.3333 0.1429
vt 0.3333 0.1429
vt 0.3333 0.2143
vt 0.3333 0.2143
vt 0.3333 0.2857
vt 0.3333 0.2857
vt 0.3333 0.3571
vt 0.3333 0.3571
vt 0.3333 0.4286
vt 0.3333 0.4286
vt 0.3333 0.5000
vt 0.3333 0.5000
vt 0.3333 0.5714
vt 0.3333 0.5714
vt 0.3333 0.6429
vt 0.3333 0.6429
vt 0.3333 0.7143
vt 0.3333 0.7143
vt 0.3333 0.7857
vt 0.3333 0.7857
vt 0.3333 0.8571
vt 0.3333 0.8571
vt 0.3333 0.9286
vt 0.3333 0.9286
vt 0.3333 1.0000
vt 0.3333 1.0000
vt 0.3750 0.0000
vt 0.3750 0.0000
vt 0.3750 0.0714
vt 0.3750 0.0714
vt 0.3750 0.1429
vt 0.3750 0.1429
vt 0.3750 0.2143
vt 0.3750 0.2143
vt 0.3750 0.2857
vt 0.3750 0.2857
vt 0.3750 0.3571
vt 0.3750 0.3571
vt 0.3750 0.4286
vt 0.3750 0.4286
vt 0.3750 0.5000
vt 0.3750 0.5000
vt 0.3750 0.5714
vt 0.3750 0.5714
vt 0.3750 0.6429
vt 0.3750 0.6429
vt 0.3750 0.7143
vt 0.3750 0.7143
vt 0.3750 0.7857
vt 0.3750 0.7857
vt 0.3750 0.8571
vt 0.3750 0.8571
vt 0.3750 0.9286
vt 0.3750 0.9286
vt 0.3750 1.0000
vt 0.3750 1.0000
vt 0.4167 0.0000
vt 0.4167 0.0000
vt 0.4167 0.0714
vt 0.4167 0.0714
vt 0.4167 0.1429
vt 0.4167 0.1429
vt 0.4167 0.2143
vt 0.4167 0.2143
vt 0.4167 0.2857
vt 0.4167 0.2857
vt 0.4167 0.3571
vt 0.4167 0.3571
vt 0.4167 0.4286
vt 0.4167 0.4286
vt 0.4167 0.5000
vt 0.4167 0.5000
vt 0.4167 0.5714
vt 0.4167 0.5714
vt 0.4167 0.6429
vt 0.4167 0.6429
vt 0.4167 0.7143
vt 0.4167 0.7143
vt 0.4167 0.7857
vt 0.4167 0.7857
vt 0.4167 0.8571
vt 0.4167 0.8571
vt 0.4167 0.9286
vt 0.4167 0.9286
vt 0.4167 1.0000
vt 0.4167 1.0000
vt 0.4583 0.0000
vt 0.4583 0.0000
vt 0.4583 0.0714
vt 0.4583 0.0714
vt 0.4583 0.1429
vt 0.4583 0.1429
vt 0.4583 0.2143
vt 0.4583 0.2143
vt 0.4583 0.2857
vt 0.4583 0.2857
vt 0.4583 0.3571
vt 0.4583 0.3571
vt 0.4583 0.4286
vt 0.4583 0.4286
vt 0.4583 0.5000
vt 0.4583 0.5000
vt 0.4583 0.5714
vt 0.4583 0.5714
vt 0.4583 0.6429
vt 0.4583 0.6429
vt 0.4583 0.7143
vt 0.4583 0.7143
vt 0.4583 0.7857
vt 0.4583 0.7857
vt 0.4583 0.8571
vt 0.4583 0.8571
vt 0.4583 0.9286
vt 0.4583 0.9286
vt 0.4583 1.0000
vt 0.4583 1.0000
vt 0.5000 0.0000
vt 0.5000 0.0000
vt 0.5000 0.0714
vt 0.5000 0.0714
vt 0.5000 0.1429
vt 0.5000 0.1429
vt 0.5000 0.2143
vt 0.5000 0.2143
vt 0.5000 0.2857
vt 0.5000 0.2857
vt 0.5000 0.3571
vt 0.5000 0.3571
vt 0.5000 0.4286
vt 0.5000 0.4286
vt 0.5000 0.5000
vt 0.5000 0.5000
vt 0.5000 0.5714
vt 0.5000 0.5714
vt 0.5000 0.6429
vt 0.5000 0.6429
vt 0.5000 0.7143
vt 0.5000 0.7143
vt 0.5000 0.7857
vt 0.5000 0.7857
vt 0.5000 0.8571
vt 0.5000 0.8571
vt 0.5000 0.9286
vt 0.5000 0.9286
vt 0.5000 1.0000
vt 0.5000 1.0000
vt 0.5417 0.0000
vt 0.5417 0.0000
vt 0.5417 0.0714
vt 0.5417 0.0714
vt 0.5417 0.1429
vt 0.5417 0.1429
vt 0.5417 0.2143
vt 0.5417 0.2143
vt 0.5417 0.2857
vt 0.5417 0.2857
vt 0.5417 0.3571
vt 0.5417 0.3571
vt 0.5417 0.4286
vt 0.5417 0.4286
vt 0.5417 0.5000
vt 0.5417 0.5000
vt 0.5417 0.5714
vt 0.5417 0.5714
vt 0.5417 0.6429
vt 0.5417 0.6429
vt 0.5417 0.7143
vt 0.5417 0.7143
vt 0.5417 0.7857
vt 0.5417 0.7857
vt 0.5417 0.8571
vt 0.5417 0.8571
vt 0.5417 0.9286
vt 0.5417 0.9286
vt 0.5417 1.0000
vt 0.5417 1.0000
vt 0.5833 0.0000
vt 0.5833 0.0000
vt 0.5833 0.0714
vt 0.5833 0.0714
vt 0.5833 0.1429
vt 0.5833 0.1429
vt 0.5833 0.2143
vt 0.5833 0.2143
vt 0.5833 0.2857
vt 0.5833 0.2857
vt 0.5833 0.3571
vt 0.5833 0.3571
vt 0.5833 0.4286
vt 0.5833 0.4286
vt 0.5833 0.5000
vt 0.5833 0.5000
vt 0.5833 0.5714
vt 0.5833 0.5714
vt 0.5833 0.6429
vt 0.5833 0.6429
vt 0.5833 0.7143
vt 0.5833 0.7143
vt 0.5833 0.7857
vt 0.5833 0.7857
vt 0.5833 0.8571
vt 0.5833 0.8571
vt 0.5833 0.9286
vt 0.5833 0.9286
vt 0.5833 1.0000
vt 0.5833 1.0000
vt 0.6250 0.0000
vt 0.6250 0.0000
vt 0.6250 0.0714
vt 0.6250 0.0714
vt 0.6250 0.1429
vt 0.6250 0.1429
vt 0.6250 0.2143
vt 0.6250 0.2143
vt 0.6250 0.2857
vt 0.6250 0.2857
vt 0.6250 0.3571
vt 0.6250 0.3571
vt 0.6250 0.4286
vt 0.6250 0.4286
vt 0.6250 0.5000
vt 0.6250 0.5000
vt 0.6250 0.5714
vt 0.6250 0.5714
vt 0.6250 0.6429
vt 0.6250 0.6429
vt 0.6250 0.7143
vt 0.6250 0.7143
vt 0.6250 0.7857
vt 0.6250 0.7857
vt 0.6250 0.8571
vt 0.6250 0.8571
vt 0.6250 0.9286
vt 0.6250 0.9286
vt 0.6250 1.0000
vt 0.6250 1.0000
vt 0.6667 0.0000
vt 0.6667 0.0000
vt 0.6667 0.0714
vt 0.6667 0.0714
vt 0.6667 0.1429
vt 0.6667 0.1429
vt 0.6667 0.2143
vt 0.6667 0.2143
vt 0.6667 0.2857
vt 0.6667 0.2857
vt 0.6667 0.3571
vt 0.6667 0.3571
vt 0.6667 0.4286
vt 0.6667 0.4286
vt 0.6667 0.5000
vt 0.6667 0.5000
vt 0.6667 0.5714
vt 0.6667 0.5714
vt 0.6667 0.6429
vt 0.6667 0.6429
vt 0.6667 0.7143
vt 0.6667 0.7143
vt 0.6667 0.7857
vt 0.6667 0.7857
vt 0.6667 0.8571
vt 0.6667 0.8571
vt 0.6667 0.9286
vt 0.6667 0.9286
vt 0.6667 1.0000
vt 0.6667 1.0000
vt 0.7083 0.0000
vt 0.7083 0.0000
vt 0.7083 0.0714
vt 0.7083 0.0714
vt 0.7083 0.1429
vt 0.7083 0.1429
vt 0.7083 0.2143
vt 0.7083 0.2143
vt 0.7083 0.2857
vt 0.7083 0.2857
vt 0.7083 0.3571
vt 0.7083 0.3571
vt 0.7083 0.4286
vt 0.7083 0.4286
vt 0.7083 0.5000
vt 0.7083 0.5000
vt 0.7083 0.5714
vt 0.7083 0.5714
vt 0.7083 0.6429
vt 0.7083 0.6429
vt 0.7083 0.7143
vt 0.7083 0.7143
vt 0.7083 0.7857
vt 0.7083 0.7857
vt 0.7083 0.8571
vt 0.7083 0.8571
vt 0.7083 0.9286
vt 0.7083 0.9286
vt 0.7083 1.0000
vt 0.7083 1.0000
vt 0.7500 0.0000
vt 0.7500 0.0000
vt 0.7500 0.0714
vt 0.7500 0.0714
vt 0.7500 0.1429
vt 0.7500 0.1429
vt 0.7500 0.2143
vt 0.7500 0.2143
vt 0.7500 0.2857
vt 0.7500 0.2857
vt 0.7500 0.3571
vt 0.7500 0.3571
vt 0.7500 0.4286
vt 0.7500 0.4286
vt 0.7500 0.5000
vt 0.7500 0.5000
vt 0.7500 0.5714
vt 0.7500 0.5714
vt 0.7500 0.6429
vt 0.7500 0.6429
vt 0.7500 0.7143
vt 0.7500 0.7143
vt 0.7500 0.7857
vt 0.7500 0.7857
vt 0.7500 0.8571
vt 0.7500 0.8571
vt 0.7500 0.9286
vt 0.7500 0.9286
vt 0.7500 1.0000
vt 0.7500 1.0000
vt 0.7917 0.0000
vt 0.7917 0.0000
vt 0.7917 0.0714
vt 0.7917 0.0714
vt 0.7917 0.1429
vt 0.7917 0.1429
vt 0.7917 0.2143
vt 0.7917 0.2143
vt 0.7917 0.2857
vt 0.7917 0.2857
vt 0.7917 0.3571
vt 0.7917 0.3571
vt 0.7917 0.4286
vt 0.7917 0.4286
vt 0.7917 0.5000
vt 0.7917 0.5000
vt 0.7917 0.5714
vt 0.7917 0.5714
vt 0.7917 0.6429
vt 0.7917 0.6429
vt 0.7917 0.7143
vt 0.7917 0.7143
vt 0.7917 0.7857
vt 0.7917 0.7857
vt 0.7917 0.8571
vt 0.7917 0.8571
vt 0.7917 0.9286
vt 0.7917 0.9286
vt 0.7917 1.0000
vt 0.7917 1.0000
vt 0.8333 0.0000
vt 0.8333 0.0000
vt 0.8333 0.0714
vt 0.8333 0.0714
vt 0.8333 0.1429
vt 0.8333 0.1429
vt 0.8333 0.2143
vt 0.8333 0.2143
vt 0.8333 0.2857
vt 0.8333 0.2857
vt 0.8333 0.3571
vt 0.8333 0.3571
vt 0.8333 0.4286
vt 0.8333 0.4286
vt 0.8333 0.5000
vt 0.8333 0.5000
vt 0.8333 0.5714
vt 0.8333 0.5714
vt 0.8333 0.6429
vt 0.8333 0.6429
vt 0.8333 0.7143
vt 0.8333 0.7143
vt 0.8333 0.7857
vt 0.8333 0.7857
vt 0.8333 0.8571
vt 0.8333 0.8571
vt 0.8333 0.9286
vt 0.8333 0.9286
vt 0.8333 1.0000
vt 0.8333 1.0000
vt 0.8750 0.0000
vt 0.8750 0.0000
vt 0.8750 0.0714
vt 0.8750 0.0714
vt 0.8750 0.1429
vt 0.8750 0.1429
vt 0.8750 0.2143
vt 0.8750 0.2143
vt 0.8750 0.2857
vt 0.8750 0.2857
vt 0.8750 0.3571
vt 0.8750 0.3571
vt 0.8750 0.4286
vt 0.8750 0.4286
vt 0.8750 0.5000
vt 0.8750 0.5000
vt 0.8750 0.5714
vt 0.8750 0.5714
vt 0.8750 0.6429
vt 0.8750 0.6429
vt 0.8750 0.7143
vt 0.8750 0.7143
vt 0.8750 0.7857
vt 0.8750 0.7857
vt 0.8750 0.8571
vt 0.8750 0.8571
vt 0.8750 0.9286
vt 0.8750 0.9286
vt 0.8750 1.0000
vt 0.8750 1.0000
vt 0.9167 0.0000
vt 0.9167 0.0000
vt 0.9167 0.0714
vt 0.9167 0.0714
vt 0.9167 0.1429
vt 0.9167 0.1429
vt 0.9167 0.2143
vt 0.9167 0.2143
vt 0.9167 0.2857
vt 0.9167 0.2857
vt 0.9167 0.3571
vt 0.9167 0.3571
vt 0.9167 0.4286
vt 0.9167 0.4286
vt 0.9167 0.5000
vt 0.9167 0.5000
vt 0.9167 0.5714
vt 0.9167 0.5714
vt 0.9167 0.6429
vt 0.9167 0.6429
vt 0.9167 0.7143
vt 0.9167 0.7143
vt 0.9167 0.7857
vt 0.9167 0.7857
vt 0.9167 0.8571
vt 0.9167 0.8571
vt 0.9167 0.9286
vt 0.9167 0.9286
vt 0.9167 1.0000
vt 0.9167 1.0000
vt 0.9583 0.0000
vt 0.9583 0.0000
vt 0.9583 0.0714
vt 0.9583 0.0714
vt 0.9583 0.1429
vt 0.9583 0.1429
vt 0.9583 0.2143
vt 0.9583 0.2143
vt 0.9583 0.2857
vt 0.9583 0.2857
vt 0.9583 0.3571
vt 0.9583 0.3571
vt 0.9583 0.4286
vt 0.9583 0.4286
vt 0.9583 0.5000
vt 0.9583 0.5000
vt 0.9583 0.5714
vt 0.9583 0.5714
vt 0.9583 0.6429
vt 0.9583 0.6429
vt 0.9583 0.7143
vt 0.9583 0.7143
vt 0.9583 0.7857
vt 0.9583 0.7857
vt 0.9583 0.8571
vt 0.9583 0.8571
vt 0.9583 0.9286
vt 0.9583 0.9286
vt 0.9583 1.0000
vt 0.9583 1.0000
vt 1.0000 0.0000
vt 1.0000 0.0000
vt 1.0000 0.0714
vt 1.0000 0.0714
vt 1.0000 0.1429
vt 1.0000 0.1429
vt 1.0000 0.2143
vt 1.0000 0.2143
vt 1.0000 0.2857
vt 1.0000 0.2857
vt 1.0000 0.3571
vt 1.0000 0.3571
vt 1.0000 0.4286
vt 1.0000 0.4286
vt 1.0000 0.5000
vt 1.0000 0.5000
vt 1.0000 0.5714
vt 1.0000 0.5714
vt 1.0000 0.6429
vt 1.0000 0.6429
vt 1.0000 0.7143
vt 1.0000 0.7143
vt 1.0000 0.7857
vt 1.0000 0.7857
vt 1.0000 0.8571
vt 1.0000 0.8571
vt 1.0000 0.9286
vt 1.0000 0.9286
vt 1.0000 1.0000
vt 1.0000 1.0000
vt 0.0000 0.0000
vt 0.0000 0.0000
vt 0.0000 0.0714
vt 0.0000 0.0714
vt 0.0000 0.1429
vt 0.0000 0.1429
vt 0.0000 0.2143
vt 0.0000 0.2143
vt 0.0000 0.2857
vt 0.0000 0.2857
vt 0.0000 0.3571
vt 0.0000 0.3571
vt 0.0000 0.4286
vt 0.0000 0.4286
vt 0.0000 0.5000
vt 0.0000 0.5000
vt 0.0000 0.5714
vt 0.0000 0.5714
vt 0.0000 0.6429
vt 0.0000 0.6429
vt 0.0000 0.7143
vt 0.0000 0.7143
vt 0.0000 0.7857
vt 0.0000 0.7857
vt 0.0000 0.8571
vt 0.0000 0.8571
vt 0.0000 0.9286
vt 0.0000 0.9286
vt 0.0000 1.0000
vt 0.0000 1.0000
vt 0.0417 0.0000
vt 0.0417 0.0000
vt 0.0417 0.0714
vt 0.0417 0.0714
vt 0.0417 0.1429
vt 0.0417 0.1429
vt 0.0417 0.2143
vt 0.0417 0.2143
vt 0.0417 0.2857
vt 0.0417 0.2857
vt 0.0417 0.3571
vt 0.0417 0.3571
vt 0.0417 0.4286
vt 0.0417 0.4286
vt 0.0417 0.5000
vt 0.0417 0.5000
vt 0.0417 0.5714
vt 0.0417 0.5714
vt 0.0417 0.6429
vt 0.0417 0.6429
vt 0.0417 0.7143
vt 0.0417 0.7143
vt 0.0417 0.7857
vt 0.0417 0.7857
vt 0.0417 0.8571
vt 0.0417 0.8571
vt 0.0417 0.9286
vt 0.0417 0.9286
vt 0.0417 1.0000
vt 0.0417 1.0000
vt 0.0833 0.0000
vt 0.0833 0.0000
vt 0.0833 0.0714
vt 0.0833 0.0714
vt 0.0833 0.1429
vt 0.0833 0.1429
vt 0.0833 0.2143
vt 0.0833 0.2143
vt 0.0833 0.2857
vt 0.0833 0.2857
vt 0.0833 0.3571
vt 0.0833 0.3571
vt 0.0833 0.4286
vt 0.0833 0.4286
vt 0.0833 0.5000
vt 0.0833 0.5000
vt 0.0833 0.5714
vt 0.0833 0.5714
vt 0.0833 0.6429
vt 0.0833 0.6429
vt 0.0833 0.7143
vt 0.0833 0.7143
vt 0.0833 0.7857
vt 0.0833 0.7857
vt 0.0833 0.8571
vt 0.0833 0.8571
vt 0.0833 0.9286
vt 0.0833 0.9286
vt 0.0833 1.0000
vt 0.0833 1.0000
vt 0.1250 0.0000
vt 0.1250 0.0000
vt 0.1250 0.0714
vt 0.1250 0.0714
vt 0.1250 0.1429
vt 0.1250 0.1429
vt 0.1250 0.2143
vt 0.1250 0.2143
vt 0.1250 0.2857
vt 0.1250 0.2857
vt 0.1250 0.3571
vt 0.1250 0.3571
vt 0.1250 0.4286
vt 0.1250 0.4286
vt 0.1250 0.5000
vt 0.1250 0.5000
vt 0.1250 0.5714
vt 0.1250 0.5714
vt 0.1250 0.6429
vt 0.1250 0.6429
vt 0.1250 0.7143
vt 0.1250 0.7143
vt 0.1250 0.7857
vt 0.1250 0.7857
vt 0.1250 0.8571
vt 0.1250 0.8571
vt 0.1250 0.9286
vt 0.1250 0.9286
vt 0.1250 1.0000
vt 0.1250 1.0000
vt 0.1667 0.0000
vt 0.1667 0.0000
vt 0.1667 0.0714
vt 0.1667 0.0714
vt 0.1667 0.1429
vt 0.1667 0.1429
vt 0.1667 0.2143
vt 0.1667 0.2143
vt 0.1667 0.2857
vt 0.1667 0.2857
vt 0.1667 0.3571
vt 0.1667 0.3571
vt 0.1667 0.4286
vt 0.1667 0.4286
vt 0.1667 0.5000
vt 0.1667 0.5000
vt 0.1667 0.5714
vt 0.1667 0.5714
vt 0.1667 0.6429
vt 0.1667 0.6429
vt 0.1667 0.7143
vt 0.1667 0.7143
vt 0.1667 0.7857
vt 0.1667 0.7857
vt 0.1667 0.8571
vt 0.1667 0.8571
vt 0.1667 0.9286
vt 0.1667 0.9286
vt 0.1667 1.0000
vt 0.1667 1.0000
vt 0.2083 0.0000
vt 0.2083 0.0000
vt 0.2083 0.0714
vt 0.2083 0.0714
vt 0.2083 0.1429
vt 0.2083 0.1429
vt 0.2083 0.2143
vt 0.2083 0.2143
vt 0.2083 0.2857
vt 0.2083 0.2857
vt 0.2083 0.3571
vt 0.2083 0.3571
vt 0.2083 0.4286
vt 0.2083 0.4286
vt 0.2083 0.5000
vt 0.2083 0.5000
vt 0.2083 0.5714
vt 0.2083 0.5714
vt 0.2083 0.6429
vt 0.2083 0.6429
vt 0.2083 0.7143
vt 0.2083 0.7143
vt 0.2083 0.7857
vt 0.2083 0.7857
vt 0.2083 0.8571
vt 0.2083 0.8571
vt 0.2083 0.9286
vt 0.2083 0.9286
vt 0.2083 1.0000
vt 0.2083 1.0000
vt 0.2500 0.0000
vt 0.2500 0.0000
vt 0.2500 0.0714
vt 0.2500 0.0714
vt 0.2500 0.1429
vt 0.2500 0.1429
vt 0.2500 0.2143
vt 0.2500 0.2143
vt 0.2500 0.2857
vt 0.2500 0.2857
vt 0.2500 0.3571
vt 0.2500 0.3571
vt 0.2500 0.4286
vt 0.2500 0.4286
vt 0.2500 0.5000
vt 0.2500 0.5000
vt 0.2500 0.5714
vt 0.2500 0.5714
vt 0.2500 0.6429
vt 0.2500 0.6429
vt 0.2500 0.7143
vt 0.2500 0.7143
vt 0.2500 0.7857
vt 0.2500 0.7857
vt 0.2500 0.8571
vt 0.2500 0.8571
vt 0.2500 0.9286
vt 0.2500 0.9286
vt 0.2500 1.0000
vt 0.2500 1.0000
vt 0.2917 0.0000
vt 0.2917 0.0000
vt 0.2917 0.0714
vt 0.2917 0.0714
vt 0.2917 0.1429
vt 0.2917 0.1429
vt 0.2917 0.2143
vt 0.2917 0.2143
vt 0.2917 0.2857
vt 0.2917 0.2857
vt 0.2917 0.3571
vt 0.2917 0.3571
vt 0.2917 0.4286
vt 0.2917 0.4286
vt 0.2917 0.5000
vt 0.2917 0.5000
vt 0.2917 0.5714
vt 0.2917 0.5714
vt 0.2917 0.6429
vt 0.2917 0.6429
vt 0.2917 0.7143
vt 0.2917 0.7143
vt 0.2917 0.7857
vt 0.2917 0.7857
vt 0.2917 0.8571
vt 0.2917 0.8571
vt 0.2917 0.9286
vt 0.2917 0.9286
vt 0.2917 1.0000
vt 0.2917 1.0000
vt 0.3333 0.0000
vt 0.3333 0.0000
vt 0.3333 0.0714
vt 0.3333 0.0714
vt 0.3333 0.1429
vt 0.3333 0.1429
vt 0.3333 0.2143
vt 0.3333 0.2143
vt 0.3333 0.2857
vt 0.3333 0.2857
vt 0.3333 0.3571
vt 0.3333 0.3571
vt 0.3333 0.4286
vt 0.3333 0.4286
vt 0.3333 0.5000
vt 0.3333 0.5000
vt 0.3333 0.5714
vt 0.3333 0.5714
vt 0.3333 0.6429
vt 0.3333 0.6429
vt 0.3333 0.7143
vt 0.3333 0.7143
vt 0.3333 0.7857
vt 0.3333 0.7857
vt 0.3333 0.8571
vt 0.3333 0.8571
vt 0.3333 0.9286
vt 0.3333 0.9286
vt 0.3333 1.0000
vt 0.3333 1.0000
vt 0.3750 0.0000
vt 0.3750 0.0000
vt 0.3750 0.0714
vt 0.3750 0.0714
vt 0.3750 0.1429
vt 0.3750 0.1429
vt 0.3750 0.2143
vt 0.3750 0.2143
vt 0.3750 0.2857
vt 0.3750 0.2857
vt 0.3750 0.3571
vt 0.3750 0.3571
vt 0.3750 0.4286
vt 0.3750 0.4286
vt 0.3750 0.5000
vt 0.3750 0.5000
vt 0.3750 0.5714
vt 0.3750 0.5714
vt 0.3750 0.6429
vt 0.3750 0.6429
vt 0.3750 0.7143
vt 0.3750 0.7143
vt 0.3750 0.7857
vt 0.3750 0.7857
vt 0.3750 0.8571
vt 0.3750 0.8571
vt 0.3750 0.9286
vt 0.3750 0.9286
vt 0.3750 1.0000
vt 0.3750 1.0000
vt 0.4167 0.0000
vt 0.4167 0.0000
vt 0.4167 0.0714
vt 0.4167 0.0714
vt 0.4167 0.1429
vt 0.4167 0.1429
vt 0.4167 0.2143
vt 0.4167 0.2143
vt 0.4167 0.2857
vt 0.4167 0.2857
vt 0.4167 0.3571
vt 0.4167 0.3571
vt 0.4167 0.4286
vt 0.4167 0.4286
vt 0.4167 0.5000
vt 0.4167 0.5000
vt 0.4167 0.5714
vt 0.4167 0.5714
vt 0.4167 0.6429
vt 0.4167 0.6429
vt 0.4167 0.7143
vt 0.4167 0.7143
vt 0.4167 0.7857
vt 0.4167 0.7857
vt 0.4167 0.8571
vt 0.4167 0.8571
vt 0.4167 0.9286
vt 0.4167 0.9286
vt 0.4167 1.0000
vt 0.4167 1.0000
vt 0.4583 0.0000
vt 0.4583 0.0000
vt 0.4583 0.0714
vt 0.4583 0.0714
vt 0.4583 0.1429
vt 0.4583 0.1429
vt 0.4583 0.2143
vt 0.4583 0.2143
vt 0.4583 0.2857
vt 0.4583 0.2857
vt 0.4583 0.3571
vt 0.4583 0.3571
vt 0.4583 0.4286
vt 0.4583 0.4286
vt 0.4583 0.5000
vt 0.4583 0.5000
vt 0.4583 0.5714
vt 0.4583 0.5714
vt 0.4583 0.6429
vt 0.4583 0.6429
vt 0.4583 0.7143
vt 0.4583 0.7143
vt 0.4583 0.7857
vt 0.4583 0.7857
vt 0.4583 0.8571
vt 0.4583 0.8571
vt 0.4583 0.9286
vt 0.4583 0.9286
vt 0.4583 1.0000
vt 0.4583 1.0000
vt 0.5000 0.0000
vt 0.5000 0.0000
vt 0.5000 0.0714
vt 0.5000 0.0714
vt 0.5000 0.1429
vt 0.5000 0.1429
vt 0.5000 0.2143
vt 0.5000 0.2143
vt 0.5000 0.2857
vt 0.5000 0.2857
vt 0.5000 0.3571
vt 0.5000 0.3571
vt 0.5000 0.4286
vt 0.5000 0.4286
vt 0.5000 0.5000
vt 0.5000 0.5000
vt 0.5000 0.5714
vt 0.5000 0.5714
vt 0.5000 0.6429
vt 0.5000 0.6429
vt 0.5000 0.7143
vt 0.5000 0.7143
vt 0.5000 0.7857
vt 0.5000 0.7857
vt 0.5000 0.8571
vt 0.5000 0.8571
vt 0.5000 0.9286
vt 0.5000 0.9286
vt 0.5000 1.0000
vt 0.5000 1.0000
vt 0.5417 0.0000
vt 0.5417 0.0000
vt 0.5417 0.0714
vt 0.5417 0.0714
vt 0.5417 0.1429
vt 0.5417 0.1429
vt 0.5417 0.2143
vt 0.5417 0.2143
vt 0.5417 0.2857
vt 0.5417 0.2857
vt 0.5417 0.3571
vt 0.5417 0.3571
vt 0.5417 0.4286
vt 0.5417 0.4286
vt 0.5417 0.5000
vt 0.5417 0.5000
vt 0.5417 0.5714
vt 0.5417 0.5714
vt 0.5417 0.6429
vt 0.5417 0.6429
vt 0.5417 0.7143
vt 0.5417 0.7143
vt 0.5417 0.7857
vt 0.5417 0.7857
vt 0.5417 0.8571
vt 0.5417 0.8571
vt 0.5417 0.9286
vt 0.5417 0.9286
vt 0.5417 1.0000
vt 0.5417 1.0000
vt 0.5833 0.0000
vt 0.5833 0.0000
vt 0.5833 0.0714
vt 0.5833 0.0714
vt 0.5833 0.1429
vt 0.5833 0.1429
vt 0.5833 0.2143
vt 0.5833 0.2143
vt 0.5833 0.2857
vt 0.5833 0.2857
vt 0.5833 0.3571
vt 0.5833 0.3571
vt 0.5833 0.4286
vt 0.5833 0.4286
vt 0.5833 0.5000
vt 0.5833 0.5000
vt 0.5833 0.5714
vt 0.5833 0.5714
vt 0.5833 0.6429
vt 0.5833 0.6429
vt 0.5833 0.7143
vt 0.5833 0.7143
vt 0.5833 0.7857
vt 0.5833 0.7857
vt 0.5833 0.8571
vt 0.5833 0.8571
vt 0.5833 0.9286
vt 0.5833 0.9286
vt 0.5833 1.0000
vt 0.5833 1.0000
vt 0.6250 0.0000
vt 0.6250 0.0000
vt 0.6250 0.0714
vt 0.6250 0.0714
vt 0.6250 0.1429
vt 0.6250 0.1429
vt 0.6250 0.2143
vt 0.6250 0.2143
vt 0.6250 0.2857
vt 0.6250 0.2857
vt 0.6250 0.3571
vt 0.6250 0.3571
vt 0.6250 0.4286
vt 0.6250 0.4286
vt 0.6250 0.5000
vt 0.6250 0.5000
vt 0.6250 0.5714
vt 0.6250 0.5714
vt 0.6250 0.6429
vt 0.6250 0.6429
vt 0.6250 0.7143
vt 0.6250 0.7143
vt 0.6250 0.7857
vt 0.6250 0.7857
vt 0.6250 0.8571
vt 0.6250 0.8571
vt 0.6250 0.9286
vt 0.6250 0.9286
vt 0.6250 1.0000
vt 0.6250 1.0000
vt 0.6667 0.0000
vt 0.6667 0.0000
vt 0.6667 0.0714
vt 0.6667 0.0714
vt 0.6667 0.1429
vt 0.6667 0.1429
vt 0.6667 0.2143
vt 0.6667 0.2143
vt 0.6667 0.2857
vt 0.6667 0.2857
vt 0.6667 0.3571
vt 0.6667 0.3571
vt 0.6667 0.4286
vt 0.6667 0.4286
vt 0.6667 0.5000
vt 0.6667 0.5000
vt 0.6667 0.5714
vt 0.6667 0.5714
vt 0.6667 0.6429
vt 0.6667 0.6429
vt 0.6667 0.7143
vt 0.6667 0.7143
vt 0.6667 0.7857
vt 0.6667 0.7857
vt 0.6667 0.8571
vt 0.6667 0.8571
vt 0.6667 0.9286
vt 0.6667 0.9286
vt 0.6667 1.0000
vt 0.6667 1.0000
vt 0.7083 0.0000
vt 0.7083 0.0000
vt 0.7083 0.0714
vt 0.7083 0.0714
vt 0.7083 0.1429
vt 0.7083 0.1429
vt 0.7083 0.2143
vt 0.7083 0.2143
vt 0.7083 0.2857
vt 0.7083 0.2857
vt 0.7083 0.3571
vt 0.7083 0.3571
vt 0.7083 0.4286
vt 0.7083 0.4286
vt 0.7083 0.5000
vt 0.7083 0.5000
vt 0.7083 0.5714
vt 0.7083 0.5714
vt 0.7083 0.6429
vt 0.7083 0.6429
vt 0.7083 0.7143
vt 0.7083 0.7143
vt 0.7083 0.7857
vt 0.7083 0.7857
vt 0.7083 0.8571
vt 0.7083 0.8571
vt 0.7083 0.9286
vt 0.7083 0.9286
vt 0.7083 1.0000
vt 0.7083 1.0000
vt 0.7500 0.0000
vt 0.7500 0.0000
vt 0.7500 0.0714
vt 0.7500 0.0714
vt 0.7500 0.1429
vt 0.7500 0.1429
vt 0.7500 0.2143
vt 0.7500 0.2143
vt 0.7500 0.2857
vt 0.7500 0.2857
vt 0.7500 0.3571
vt 0.7500 0.3571
vt 0.7500 0.4286
vt 0.7500 0.4286
vt 0.7500 0.5000
vt 0.7500 0.5000
vt 0.7500 0.5714
vt 0.7500 0.5714
vt 0.7500 0.6429
vt 0.7500 0.6429
vt 0.7500 0.7143
vt 0.7500 0.7143
vt 0.7500 0.7857
vt 0.7500 0.7857
vt 0.7500 0.8571
vt 0.7500 0.8571
vt 0.7500 0.9286
vt 0.7500 0.9286
vt 0.7500 1.0000
vt 0.7500 1.0000
vt 0.7917 0.0000
vt 0.7917 0.0000
vt 0.7917 0.0714
vt 0.7917 0.0714
vt 0.7917 0.1429
vt 0.7917 0.1429
vt 0.7917 0.2143
vt 0.7917 0.2143
vt 0.7917 0.2857
vt 0.7917 0.2857
vt 0.7917 0.3571
vt 0.7917 0.3571
vt 0.7917 0.4286
vt 0.7917 0.4286
vt 0.7917 0.5000
vt 0.7917 0.5000
vt 0.7917 0.5714
vt 0.7917 0.5714
vt 0.7917 0.6429
vt 0.7917 0.6429
vt 0.7917 0.7143
vt 0.7917 0.7143
vt 0.7917 0.7857
vt 0.7917 0.7857
vt 0.7917 0.8571
vt 0.7917 0.8571
vt 0.7917 0.9286
vt 0.7917 0.9286
vt 0.7917 1.0000
vt 0.7917 1.0000
vt 0.8333 0.0000
vt 0.8333 0.0000
vt 0.8333 0.0714
vt 0.8333 0.0714
vt 0.8333 0.1429
vt 0.8333 0.1429
vt 0.8333 0.2143
vt 0.8333 0.2143
vt 0.8333 0.2857
vt 0.8333 0.2857
vt 0.8333 0.3571
vt 0.8333 0.3571
vt 0.8333 0.4286
vt 0.8333 0.4286
vt 0.8333 0.5000
vt 0.8333 0.5000
vt 0.8333 0.5714
vt 0.8333 0.5714
vt 0.8333 0.6429
vt 0.8333 0.6429
vt 0.8333 0.7143
vt 0.8333 0.7143
vt 0.8333 0.7857
vt 0.8333 0.7857
vt 0.8333 0.8571
vt 0.8333 0.8571
vt 0.8333 0.9286
vt 0.8333 0.9286
vt 0.8333 1.0000
vt 0.8333 1.0000
vt 0.8750 0.0000
vt 0.8750 0.0000
vt 0.8750 0.0714
vt 0.8750 0.0714
vt 0.8750 0.1429
vt 0.8750 0.1429
vt 0.8750 0.2143
vt 0.8750 0.2143
vt 0.8750 0.2857
vt 0.8750 0.2857
vt 0.8750 0.3571
vt 0.8750 0.3571
vt 0.8750 0.4286
vt 0.8750 0.4286
vt 0.8750 0.5000
vt 0.8750 0.5000
vt 0.8750 0.5714
vt 0.8750 0.5714
vt 0.8750 0.6429
vt 0.8750 0.6429
vt 0.8750 0.7143
vt 0.8750 0.7143
vt 0.8750 0.7857
vt 0.8750 0.7857
vt 0.8750 0.8571
vt 0.8750 0.8571
vt 0.8750 0.9286
vt 0.8750 0.9286
vt 0.8750 1.0000
vt 0.8750 1.0000
vt 0.9167 0.0000
vt 0.9167 0.0000
vt 0.9167 0.0714
vt 0.9167 0.0714
vt 0.9167 0.1429
vt 0.9167 0.1429
vt 0.9167 0.2143
vt 0.9167 0.2143
vt 0.9167 0.2857
vt 0.9167 0.2857
vt 0.9167 0.3571
vt 0.9167 0.3571
vt 0.9167 0.4286
vt 0.9167 0.4286
vt 0.9167 0.5000
vt 0.9167 0.5000
vt 0.9167 0.5714
vt 0.9167 0.5714
vt 0.9167 0.6429
vt 0.9167 0.6429
vt 0.9167 0.7143
vt 0.9167 0.7143
vt 0.9167 0.7857
vt 0.9167 0.7857
vt 0.9167 0.8571
vt 0.9167 0.8571
vt 0.9167 0.9286
vt 0.9167 0.9286
vt 0.9167 1.0000
vt 0.9167 1.0000
vt 0.9583 0.0000
vt 0.9583 0.0000
vt 0.9583 0.0714
vt 0.9583 0.0714
vt 0.9583 0.1429
vt 0.9583 0.1429
vt 0.9583 0.2143
vt 0.9583 0.2143
vt 0.9583 0.2857
vt 0.9583 0.2857
vt 0.9583 0.3571
vt 0.9583 0.3571
vt 0.9583 0.4286
vt 0.9583 0.4286
vt 0.9583 0.5000
vt 0.9583 0.5000
vt 0.9583 0.5714
vt 0.9583 0.5714
vt 0.9583 0.6429
vt 0.9583 0.6429
vt 0.9583 0.7143
vt 0.9583 0.7143
vt 0.9583 0.7857
vt 0.9583 0.7857
vt 0.9583 0.8571
vt 0.9583 0.8571
vt 0.9583 0.9286
vt 0.9583 0.9286
vt 0.9583 1.0000
vt 0.9583 1.0000
vt 1.0000 0.0000
vt 1.0000 0.0000
vt 1.0000 0.0714
vt 1.0000 0.0714
vt 1.0000 0.1429
vt 1.0000 0.1429
vt 1.0000 0.2143
vt 1.0000 0.2143
vt 1.0000 0.2857
vt 1.0000 0.2857
vt 1.0000 0.3571
vt 1.0000 0.3571
vt 1.0000 0.4286
vt 1.0000 0.4286
vt 1.0000 0.5000
vt 1.0000 0.5000
vt 1.0000 0.5714
vt 1.0000 0.5714
vt 1.0000 0.6429
vt 1.0000 0.6429
vt 1.0000 0.7143
vt 1.0000 0.7143
vt 1.0000 0.7857
vt 1.0000 0.7857
vt 1.0000 0.8571
vt 1.0000 0.8571
vt 1.0000 0.9286
vt 1.0000 0.9286
vt 1.0000 1.0000
vt 1.0000 1.0000
vt 0.0000 0.0000
vt 0.0000 0.0000
vt 0.0000 0.0714
vt 0.0000 0.0714
vt 0.0000 0.1429
vt 0.0000 0.1429
vt 0.0000 0.2143
vt 0.0000 0.2143
vt 0.0000 0.2857
vt 0.0000 0.2857
vt 0.0000 0.3571
vt 0.0000 0.3571
vt 0.0000 0.4286
vt 0.0000 0.4286
vt 0.0000 0.5000
vt 0.0000 0.5000
vt 0.0000 0.5714
vt 0.0000 0.5714
vt 0.0000 0.6429
vt 0.0000 0.6429
vt 0.0000 0.7143
vt 0.0000 0.7143
vt 0.0000 0.7857
vt 0.0000 0.7857
vt 0.0000 0.8571
vt 0.0000 0.8571
vt 0.0000 0.9286
vt 0.0000 0.9286
vt 0.0000 1.0000
vt 0.0000 1.0000
vt 0.0417 0.0000
vt 0.0417 0.0000
vt 0.0417 0.0714
vt 0.0417 0.0714
vt 0.0417 0.1429
vt 0.0417 0.1429
vt 0.0417 0.2143
vt 0.0417 0.2143
vt 0.0417 0.2857
vt 0.0417 0.2857
vt 0.0417 0.3571
vt 0.0417 0.3571
vt 0.0417 0.4286
vt 0.0417 0.4286
vt 0.0417 0.5000
vt 0.0417 0.5000
vt 0.0417 0.5714
vt 0.0417 0.5714
vt 0.0417 0.6429
vt 0.0417 0.6429
vt 0.0417 0.7143
vt 0.0417 0.7143
vt 0.0417 0.7857
vt 0.0417 0.7857
vt 0.0417 0.8571
vt 0.0417 0.8571
vt 0.0417 0.9286
vt 0.0417 0.9286
vt 0.0417 1.0000
vt 0.0417 1.0000
vt 0.0833 0.0000
vt 0.0833 0.0000
vt 0.0833 0.0714
vt 0.0833 0.0714
vt 0.0833 0.1429
vt 0.0833 0.1429
vt 0.0833 0.2143
vt 0.0833 0.2143
vt 0.0833 0.2857
vt 0.0833 0.2857
vt 0.0833 0.3571
vt 0.0833 0.3571
vt 0.0833 0.4286
vt 0.0833 0.4286
vt 0.0833 0.5000
vt 0.0833 0.5000
vt 0.0833 0.5714
vt 0.0833 0.5714
vt 0.0833 0.6429
vt 0.0833 0.6429
vt 0.0833 0.7143
vt 0.0833 0.7143
vt 0.0833 0.7857
vt 0.0833 0.7857
vt 0.0833 0.8571
vt 0.0833 0.8571
vt 0.0833 0.9286
vt 0.0833 0.9286
vt 0.0833 1.0000
vt 0.0833 1.0000
vt 0.1250 0.0000
vt 0.1250 0.0000
vt 0.1250 0.0714
vt 0.1250 0.0714
vt 0.1250 0.1429
vt 0.1250 0.1429
vt 0.1250 0.2143
vt 0.1250 0.2143
vt 0.1250 0.2857
vt 0.1250 0.2857
vt 0.1250 0.3571
vt 0.1250 0.3571
vt 0.1250 0.4286
vt 0.1250 0.4286
vt 0.1250 0.5000
vt 0.1250 0.5000
vt 0.1250 0.5714
vt 0.1250 0.5714
vt 0.1250 0.6429
vt 0.1250 0.6429
vt 0.1250 0.7143
vt 0.1250 0.7143
vt 0.1250 0.7857
vt 0.1250 0.7857
vt 0.1250 0.8571
vt 0.1250 0.8571
vt 0.1250 0.9286
vt 0.1250 0.9286
vt 0.1250 1.0000
vt 0.1250 1.0000
vt 0.1667 0.0000
vt 0.1667 0.0000
vt 0.1667 0.0714
vt 0.1667 0.0714
vt 0.1667 0.1429
vt 0.1667 0.1429
vt 0.1667 0.2143
vt 0.1667 0.2143
vt 0.1667 0.2857
vt 0.1667 0.2857
vt 0.1667 0.3571
vt 0.1667 0.3571
vt 0.1667 0.4286
vt 0.1667 0.4286
vt 0.1667 0.5000
vt 0.1667 0.5000
vt 0.1667 0.5714
vt 0.1667 0.5714
vt 0.1667 0.6429
vt 0.1667 0.6429
vt 0.1667 0.7143
vt 0.1667 0.7143
vt 0.1667 0.7857
vt 0.1667 0.7857
vt 0.1667 0.8571
vt 0.1667 0.8571
vt 0.1667 0.9286
vt 0.1667 0.9286
vt 0.1667 1.0000
vt 0.1667 1.0000
vt 0.2083 0.0000
vt 0.2083 0.0000
vt 0.2083 0.0714
vt 0.2083 0.0714
vt 0.2083 0.1429
vt 0.2083 0.1429
vt 0.2083 0.2143
vt 0.2083 0.2143
vt 0.2083 0.2857
vt 0.2083 0.2857
vt 0.2083 0.3571
vt 0.2083 0.3571
vt 0.2083 0.4286
vt 0.2083 0.4286
vt 0.2083 0.5000
vt 0.2083 0.5000
vt 0.2083 0.5714
vt 0.2083 0.5714
vt 0.2083 0.6429
vt 0.2083 0.6429
vt 0.2083 0.7143
vt 0.2083 0.7143
vt 0.2083 0.7857
vt 0.2083 0.7857
vt 0.2083 0.8571
vt 0.2083 0.8571
vt 0.2083 0.9286
vt 0.2083 0.9286
vt 0.2083 1.0000
vt 0.2083 1.0000
vt 0.2500 0.0000
vt 0.2500 0.0000
vt 0.2500 0.0714
vt 0.2500 0.0714
vt 0.2500 0.1429
vt 0.2500 0.1429
vt 0.2500 0.2143
vt 0.2500 0.2143
vt 0.2500 0.2857
vt 0.2500 0.2857
vt 0.2500 0.3571
vt 0.2500 0.3571
vt 0.2500 0.4286
vt 0.2500 0.4286
vt 0.2500 0.5000
vt 0.2500 0.5000
vt 0.2500 0.5714
vt 0.2500 0.5714
vt 0.2500 0.6429
vt 0.2500 0.6429
vt 0.2500 0.7143
vt 0.2500 0.7143
vt 0.2500 0.7857
vt 0.2500 0.7857
vt 0.2500 0.8571
vt 0.2500 0.8571
vt 0.2500 0.9286
vt 0.2500 0.9286
vt 0.2500 1.0000
vt 0.2500 1.0000
vt 0.2917 0.0000
vt 0.2917 0.0000
vt 0.2917 0.0714
vt 0.2917 0.0714
vt 0.2917 0.1429
vt 0.2917 0.1429
vt 0.2917 0.2143
vt 0.2917 0.2143
vt 0.2917 0.2857
vt 0.2917 0.2857
vt 0.2917 0.3571
vt 0.2917 0.3571
vt 0.2917 0.4286
vt 0.2917 0.4286
vt 0.2917 0.5000
vt 0.2917 0.5000
vt 0.2917 0.5714
vt 0.2917 0.5714
vt 0.2917 0.6429
vt 0.2917 0.6429
vt 0.2917 0.7143
vt 0.2917 0.7143
vt 0.2917 0.7857
vt 0.2917 0.7857
vt 0.2917 0.8571
vt 0.2917 0.8571
vt 0.2917 0.9286
vt 0.2917 0.9286
vt 0.2917 1.0000
vt 0.2917 1.0000
vt 0.3333 0.0000
vt 0.3333 0.0000
vt 0.3333 0.0714
vt 0.3333 0.0714
vt 0.3333 0.1429
vt 0.3333 0.1429
vt 0.3333 0.2143
vt 0.3333 0.2143
vt 0.3333 0.2857
vt 0.3333 0.2857
vt 0.3333 0.3571
vt 0.3333 0.3571
vt 0.3333 0.4286
vt 0.3333 0.4286
vt 0.3333 0.5000
vt 0.3333 0.5000
vt 0.3333 0.5714
vt 0.3333 0.5714
vt 0.3333 0.6429
vt 0.3333 0.6429
vt 0.3333 0.7143
vt 0.3333 0.7143
vt 0.3333 0.7857
vt 0.3333 0.7857
vt 0.3333 0.8571
vt 0.3333 0.8571
vt 0.3333 0.9286
vt 0.3333 0.9286
vt 0.3333 1.0000
vt 0.3333 1.0000
vt 0.3750 0.0000
vt 0.3750 0.0000
vt 0.3750 0.0714
vt 0.3750 0.0714
vt 0.3750 0.1429
vt 0.3750 0.1429
vt 0.3750 0.2143
vt 0.3750 0.2143
vt 0.3750 0.2857
vt 0.3750 0.2857
vt 0.3750 0.3571
vt 0.3750 0.3571
vt 0.3750 0.4286
vt 0.3750 0.4286
vt 0.3750 0.5000
vt 0.3750 0.5000
vt 0.3750 0.5714
vt 0.3750 0.5714
vt 0.3750 0.6429
vt 0.3750 0.6429
vt 0.3750 0.7143
vt 0.3750 0.7143
vt 0.3750 0.7857
vt 0.3750 0.7857
vt 0.3750 0.8571
vt 0.3750 0.8571
vt 0.3750 0.9286
vt 0.3750 0.9286
vt 0.3750 1.0000
vt 0.3750 1.0000
vt 0.4167 0.0000
vt 0.4167 0.0000
vt 0.4167 0.0714
vt 0.4167 0.0714
vt 0.4167 0.1429
vt 0.4167 0.1429
vt 0.4167 0.2143
vt 0.4167 0.2143
vt 0.4167 0.2857
vt 0.4167 0.2857
vt 0.4167 0.3571
vt 0.4167 0.3571
vt 0.4167 0.4286
vt 0.4167 0.4286
vt 0.4167 0.5000
vt 0.4167 0.5000
vt 0.4167 0.5714
vt 0.4167 0.5714
vt 0.4167 0.6429
vt 0.4167 0.6429
vt 0.4167 0.7143
vt 0.4167 0.7143
vt 0.4167 0.7857
vt 0.4167 0.7857
vt 0.4167 0.8571
vt 0.4167 0.8571
vt 0.4167 0.9286
vt 0.4167 0.9286
vt 0.4167 1.0000
vt 0.4167 1.0000
vt 0.4583 0.0000
vt 0.4583 0.0000
vt 0.4583 0.0714
vt 0.4583 0.0714
vt 0.4583 0.1429
vt 0.4583 0.1429
vt 0.4583 0.2143
vt 0.4583 0.2143
vt 0.4583 0.2857
vt 0.4583 0.2857
vt 0.4583 0.3571
vt 0.4583 0.3571
vt 0.4583 0.4286
vt 0.4583 0.4286
vt 0.4583 0.5000
vt 0.4583 0.5000
vt 0.4583 0.5714
vt 0.4583 0.5714
vt 0.4583 0.6429
vt 0.4583 0.6429
vt 0.4583 0.7143
vt 0.4583 0.7143
vt 0.4583 0.7857
vt 0.4583 0.7857
vt 0.4583 0.8571
vt 0.4583 0.8571
vt 0.4583 0.9286
vt 0.4583 0.9286
vt 0.4583 1.0000
vt 0.4583 1.0000
vt 0.5000 0.0000
vt 0.5000 0.0000
vt 0.5000 0.0714
vt 0.5000 0.0714
vt 0.5000 0.1429
vt 0.5000 0.1429
vt 0.5000 0.2143
vt 0.5000 0.2143
vt 0.5000 0.2857
vt 0.5000 0.2857
vt 0.5000 0.3571
vt 0.5000 0.3571
vt 0.5000 0.4286
vt 0.5000 0.4286
vt 0.5000 0.5000
vt 0.5000 0.5000
vt 0.5000 0.5714
vt 0.5000 0.5714
vt 0.5000 0.6429
vt 0.5000 0.6429
vt 0.5000 0.7143
vt 0.5000 0.7143
vt 0.5000 0.7857
vt 0.5000 0.7857
vt 0.5000 0.8571
vt 0.5000 0.8571
vt 0.5000 0.9286
vt 0.5000 0.9286
vt 0.5000 1.0000
vt 0.5000 1.0000
vt 0.5417 0.0000
vt 0.5417 0.0000
vt 0.5417 0.0714
vt 0.5417 0.0714
vt 0.5417 0.1429
vt 0.5417 0.1429
vt 0.5417 0.2143
vt 0.5417 0.2143
vt 0.5417 0.2857
vt 0.5417 0.2857
vt 0.5417 0.3571
vt 0.5417 0.3571
vt 0.5417 0.4286
vt 0.5417 0.4286
vt 0.5417 0.5000
vt 0.5417 0.5000
vt 0.5417 0.5714
vt 0.5417 0.5714
vt 0.5417 0.6429
vt 0.5417 0.6429
vt 0.5417 0.7143
vt 0.5417 0.7143
vt 0.5417 0.7857
vt 0.5417 0.7857
vt 0.5417 0.8571
vt 0.5417 0.8571
vt 0.5417 0.9286
vt 0.5417 0.9286
vt 0.5417 1.0000
vt 0.5417 1.0000
vt 0.5833 0.0000
vt 0.5833 0.0000
vt 0.5833 0.0714
vt 0.5833 0.0714
vt 0.5833 0.1429
vt 0.5833 0.1429
vt 0.5833 0.2143
vt 0.5833 0.2143
vt 0.5833 0.2857
vt 0.5833 0.2857
vt 0.5833 0.3571
vt 0.5833 0.3571
vt 0.5833 0.4286
vt 0.5833 0.4286
vt 0.5833 0.5000
vt 0.5833 0.5000
vt 0.5833 0.5714
vt 0.5833 0.5714
vt 0.5833 0.6429
vt 0.5833 0.6429
vt 0.5833 0.7143
vt 0.5833 0.7143
vt 0.5833 0.7857
vt 0.5833 0.7857
vt 0.5833 0.8571
vt 0.5833 0.8571
vt 0.5833 0.9286
vt 0.5833 0.9286
vt 0.5833 1.0000
vt 0.5833 1.0000
vt 0.6250 0.0000
vt 0.6250 0.0000
vt 0.6250 0.0714
vt 0.6250 0.0714
vt 0.6250 0.1429
vt 0.6250 0.1429
vt 0.6250 0.2143
vt 0.6250 0.2143
vt 0.6250 0.2857
vt 0.6250 0.2857
vt 0.6250 0.3571
vt 0.6250 0.3571
vt 0.6250 0.4286
vt 0.6250 0.4286
vt 0.6250 0.5000
vt 0.6250 0.5000
vt 0.6250 0.5714
vt 0.6250 0.5714
vt 0.6250 0.6429
vt 0.6250 0.6429
vt 0.6250 0.7143
vt 0.6250 0.7143
vt 0.6250 0.7857
vt 0.6250 0.7857
vt 0.6250 0.8571
vt 0.6250 0.8571
vt 0.6250 0.9286
vt 0.6250 0.9286
vt 0.6250 1.0000
vt 0.6250 1.0000
vt 0.6667 0.0000
vt 0.6667 0.0000
vt 0.6667 0.0714
vt 0.6667 0.0714
vt 0.6667 0.1429
vt 0.6667 0.1429
vt 0.6667 0.2143
vt 0.6667 0.2143
vt 0.6667 0.2857
vt 0.6667 0.2857
vt 0.6667 0.3571
vt 0.6667 0.3571
vt 0.6667 0.4286
vt 0.6667 0.4286
vt 0.6667 0.5000
vt 0.6667 0.5000
vt 0.6667 0.5714
vt 0.6667 0.5714
vt 0.6667 0.6429
vt 0.6667 0.6429
vt 0.6667 0.7143
vt 0.6667 0.7143
vt 0.6667 0.7857
vt 0.6667 0.7857
vt 0.6667 0.8571
vt 0.6667 0.8571
vt 0.6667 0.9286
vt 0.6667 0.9286
vt 0.6667 1.0000
vt 0.6667 1.0000
vt 0.7083 0.0000
vt 0.7083 0.0000
vt 0.7083 0.0714
vt 0.7083 0.0714
vt 0.7083 0.1429
vt 0.7083 0.1429
vt 0.7083 0.2143
vt 0.7083 0.2143
vt 0.7083 0.2857
vt 0.7083 0.2857
vt 0.7083 0.3571
vt 0.7083 0.3571
vt 0.7083 0.4286
vt 0.7083 0.4286
vt 0.7083 0.5000
vt 0.7083 0.5000
vt 0.7083 0.5714
vt 0.7083 0.5714
vt 0.7083 0.6429
vt 0.7083 0.6429
vt 0.7083 0.7143
vt 0.7083 0.7143
vt 0.7083 0.7857
vt 0.7083 0.7857
vt 0.7083 0.8571
vt 0.7083 0.8571
vt 0.7083 0.9286
vt 0.7083 0.9286
vt 0.7083 1.0000
vt 0.7083 1.0000
vt 0.7500 0.0000
vt 0.7500 0.0000
vt 0.7500 0.0714
vt 0.7500 0.0714
vt 0.7500 0.1429
vt 0.7500 0.1429
vt 0.7500 0.2143
vt 0.7500 0.2143
vt 0.7500 0.2857
vt 0.7500 0.2857
vt 0.7500 0.3571
vt 0.7500 0.3571
vt 0.7500 0.4286
vt 0.7500 0.4286
vt 0.7500 0.5000
vt 0.7500 0.5000
vt 0.7500 0.5714
vt 0.7500 0.5714
vt 0.7500 0.6429
vt 0.7500 0.6429
vt 0.7500 0.7143
vt 0.7500 0.7143
vt 0.7500 0.7857
vt 0.7500 0.7857
vt 0.7500 0.8571
vt 0.7500 0.8571
vt 0.7500 0.9286
vt 0.7500 0.9286
vt 0.7500 1.0000
vt 0.7500 1.0000
vt 0.7917 0.0000
vt 0.7917 0.0000
vt 0.7917 0.0714
vt 0.7917 0.0714
vt 0.7917 0.1429
vt 0.7917 0.1429
vt 0.7917 0.2143
vt 0.7917 0.2143
vt 0.7917 0.2857
vt 0.7917 0.2857
vt 0.7917 0.3571
vt 0.7917 0.3571
vt 0.7917 0.4286
vt 0.7917 0.4286
vt 0.7917 0.5000
vt 0.7917 0.5000
vt 0.7917 0.5714
vt 0.7917 0.5714
vt 0.7917 0.6429
vt 0.7917 0.6429
vt 0.7917 0.7143
vt 0.7917 0.7143
vt 0.7917 0.7857
vt 0.7917 0.7857
vt 0.7917 0.8571
vt 0.7917 0.8571
vt 0.7917 0.9286
vt 0.7917 0.9286
vt 0.7917 1.0000
vt 0.7917 1.0000
vt 0.8333 0.0000
vt 0.8333 0.0000
vt 0.8333 0.0714
vt 0.8333 0.0714
vt 0.8333 0.1429
vt 0.8333 0.1429
vt 0.8333 0.2143
vt 0.8333 0.2143
vt 0.8333 0.2857
vt 0.8333 0.2857
vt 0.8333 0.3571
vt 0.8333 0.3571
vt 0.8333 0.4286
vt 0.8333 0.4286
vt 0.8333 0.5000
vt 0.8333 0.5000
vt 0.8333 0.5714
vt 0.8333 0.5714
vt 0.8333 0.6429
vt 0.8333 0.6429
vt 0.8333 0.7143
vt 0.8333 0.7143
vt 0.8333 0.7857
vt 0.8333 0.7857
vt 0.8333 0.8571
vt 0.8333 0.8571
vt 0.8333 0.9286
vt 0.8333 0.9286
vt 0.8333 1.0000
vt 0.8333 1.0000
vt 0.8750 0.0000
vt 0.8750 0.0000
vt 0.8750 0.0714
vt 0.8750 0.0714
vt 0.8750 0.1429
vt 0.8750 0.1429
vt 0.8750 0.2143
vt 0.8750 0.2143
vt 0.8750 0.2857
vt 0.8750 0.2857
vt 0.8750 0.3571
vt 0.8750 0.3571
vt 0.8750 0.4286
vt 0.8750 0.4286
vt 0.8750 0.5000
vt 0.8750 0.5000
vt 0.8750 0.5714
vt 0.8750 0.5714
vt 0.8750 0.6429
vt 0.8750 0.6429
vt 0.8750 0.7143
vt 0.8750 0.7143
vt 0.8750 0.7857
vt 0.8750 0.7857
vt 0.8750 0.8571
vt 0.8750 0.8571
vt 0.8750 0.9286
vt 0.8750 0.9286
vt 0.8750 1.0000
vt 0.8750 1.0000
vt 0.9167 0.0000
vt 0.9167 0.0000
vt 0.9167 0.0714
vt 0.9167 0.0714
vt 0.9167 0.1429
vt 0.9167 0.1429
vt 0.9167 0.2143
vt 0.9167 0.2143
vt 0.9167 0.2857
vt 0.9167 0.2857
vt 0.9167 0.3571
vt 0.9167 0.3571
vt 0.9167 0.4286
vt 0.9167 0.4286
vt 0.9167 0.5000
vt 0.9167 0.5000
vt 0.9167 0.5714
vt 0.9167 0.5714
vt 0.9167 0.6429
vt 0.9167 0.6429
vt 0.9167 0.7143
vt 0.9167 0.7143
vt 0.9167 0.7857
vt 0.9167 0.7857
vt 0.9167 0.8571
vt 0.9167 0.8571
vt 0.9167 0.9286
vt 0.9167 0.9286
vt 0.9167 1.0000
vt 0.9167 1.0000
vt 0.9583 0.0000
vt 0.9583 0.0000
vt 0.9583 0.0714
vt 0.9583 0.0714
vt 0.9583 0.1429
vt 0.9583 0.1429
vt 0.9583 0.2143
vt 0.9583 0.2143
vt 0.9583 0.2857
vt 0.9583 0.2857
vt 0.9583 0.3571
vt 0.9583 0.3571
vt 0.9583 0.4286
vt 0.9583 0.4286
vt 0.9583 0.5000
vt 0.9583 0.5000
vt 0.9583 0.5714
vt 0.9583 0.5714
vt 0.9583 0.6429
vt 0.9583 0.6429
vt 0.9583 0.7143
vt 0.9583 0.7143
vt 0.9583 0.7857
vt 0.9583 0.7857
vt 0.9583 0.8571
vt 0.9583 0.8571
vt 0.9583 0.9286
vt 0.9583 0.9286
vt 0.9583 1.0000
vt 0.9583 1.0000
vt 1.0000 0.0000
vt 1.0000 0.0000
vt 1.0000 0.0714
vt 1.0000 0.0714
vt 1.0000 0.1429
vt 1.0000 0.1429
vt 1.0000 0.2143
vt 1.0000 0.2143
vt 1.0000 0.2857
vt 1.0000 0.2857
vt 1.0000 0.3571
vt 1.0000 0.3571
vt 1.0000 0.4286
vt 1.0000 0.4286
vt 1.0000 0.5000
vt 1.0000 0.5000
vt 1.0000 0.5714
vt 1.0000 0.5714
vt 1.0000 0.6429
vt 1.0000 0.6429
vt 1.0000 0.7143
vt 1.0000 0.7143
vt 1.0000 0.7857
vt 1.0000 0.7857
vt 1.0000 0.8571
vt 1.0000 0.8571
vt 1.0000 0.9286
vt 1.0000 0.9286
vt 1.0000 1.0000
vt 1.0000 1.0000
vt 0.0000 0.0000
vt 0.0000 0.0000
vt 0.0000 0.0714
vt 0.0000 0.0714
vt 0.0000 0.1429
vt 0.0000 0.1429
vt 0.0000 0.2143
vt 0.0000 0.2143
vt 0.0000 0.2857
vt 0.0000 0.2857
vt 0.0000 0.3571
vt 0.0000 0.3571
vt 0.0000 0.4286
vt 0.0000 0.4286
vt 0.0000 0.5000
vt 0.0000 0.5000
vt 0.0000 0.5714
vt 0.0000 0.5714
vt 0.0000 0.6429
vt 0.0000 0.6429
vt 0.0000 0.7143
vt 0.0000 0.7143
vt 0.0000 0.7857
vt 0.0000 0.7857
vt 0.0000 0.8571
vt 0.0000 0.8571
vt 0.0000 0.9286
vt 0.0000 0.9286
vt 0.0000 1.0000
vt 0.0000 1.0000
vt 0.0417 0.0000
vt 0.0417 0.0000
vt 0.0417 0.0714
vt 0.0417 0.0714
vt 0.0417 0.1429
vt 0.0417 0.1429
vt 0.0417 0.2143
vt 0.0417 0.2143
vt 0.0417 0.2857
vt 0.0417 0.2857
vt 0.0417 0.3571
vt 0.0417 0.3571
vt 0.0417 0.4286
vt 0.0417 0.4286
vt 0.0417 0.5000
vt 0.0417 0.5000
vt 0.0417 0.5714
vt 0.0417 0.5714
vt 0.0417 0.6429
vt 0.0417 0.6429
vt 0.0417 0.7143
vt 0.0417 0.7143
vt 0.0417 0.7857
vt 0.0417 0.7857
vt 0.0417 0.8571
vt 0.0417 0.8571
vt 0.0417 0.9286
vt 0.0417 0.9286
vt 0.0417 1.0000
vt 0.0417 1.0000
vt 0.0833 0.0000
vt 0.0833 0.0000
vt 0.0833 0.0714
vt 0.0833 0.0714
vt 0.0833 0.1429
vt 0.0833 0.1429
vt 0.0833 0.2143
vt 0.0833 0.2143
vt 0.0833 0.2857
vt 0.0833 0.2857
vt 0.0833 0.3571
vt 0.0833 0.3571
vt 0.0833 0.4286
vt 0.0833 0.4286
vt 0.0833 0.5000
vt 0.0833 0.5000
vt 0.0833 0.5714
vt 0.0833 0.5714
vt 0.0833 0.6429
vt 0.0833 0.6429
vt 0.0833 0.7143
vt 0.0833 0.7143
vt 0.0833 0.7857
vt 0.0833 0.7857
vt 0.0833 0.8571
vt 0.0833 0.8571
vt 0.0833 0.9286
vt 0.0833 0.9286
vt 0.0833 1.0000
vt 0.0833 1.0000
vt 0.1250 0.0000
vt 0.1250 0.0000
vt 0.1250 0.0714
vt 0.1250 0.0714
vt 0.1250 0.1429
vt 0.1250 0.1429
vt 0.1250 0.2143
vt 0.1250 0.2143
vt 0.1250 0.2857
vt 0.1250 0.2857
vt 0.1250 0.3571
vt 0.1250 0.3571
vt 0.1250 0.4286
vt 0.1250 0.4286
vt 0.1250 0.5000
vt 0.1250 0.5000
vt 0.1250 0.5714
vt 0.1250 0.5714
vt 0.1250 0.6429
vt 0.1250 0.6429
vt 0.1250 0.7143
vt 0.1250 0.7143
vt 0.1250 0.7857
vt 0.1250 0.7857
vt 0.1250 0.8571
vt 0.1250 0.8571
vt 0.1250 0.9286
vt 0.1250 0.9286
vt 0.1250 1.0000
vt 0.1250 1.0000
vt 0.1667 0.0000
vt 0.1667 0.0000
vt 0.1667 0.0714
vt 0.1667 0.0714
vt 0.1667 0.1429
vt 0.1667 0.1429
vt 0.1667 0.2143
vt 0.1667 0.2143
vt 0.1667 0.2857
vt 0.1667 0.2857
vt 0.1667 0.3571
vt 0.1667 0.3571
vt 0.1667 0.4286
vt 0.1667 0.4286
vt 0.1667 0.5000
vt 0.1667 0.5000
vt 0.1667 0.5714
vt 0.1667 0.5714
vt 0.1667 0.6429
vt 0.1667 0.6429
vt 0.1667 0.7143
vt 0.1667 0.7143
vt 0.1667 0.7857
vt 0.1667 0.7857
vt 0.1667 0.8571
vt 0.1667 0.8571
vt 0.1667 0.9286
vt 0.1667 0.9286
vt 0.1667 1.0000
vt 0.1667 1.0000
vt 0.2083 0.0000
vt 0.2083 0.0000
vt 0.2083 0.0714
vt 0.2083 0.0714
vt 0.2083 0.1429
vt 0.2083 0.1429
vt 0.2083 0.2143
vt 0.2083 0.2143
vt 0.2083 0.2857
vt 0.2083 0.2857
vt 0.2083 0.3571
vt 0.2083 0.3571
vt 0.2083 0.4286
vt 0.2083 0.4286
vt 0.2083 0.5000
vt 0.2083 0.5000
vt 0.2083 0.5714
vt 0.2083 0.5714
vt 0.2083 0.6429
vt 0.2083 0.6429
vt 0.2083 0.7143
vt 0.2083 0.7143
vt 0.2083 0.7857
vt 0.2083 0.7857
vt 0.2083 0.8571
vt 0.2083 0.8571
vt 0.2083 0.9286
vt 0.2083 0.9286
vt 0.2083 1.0000
vt 0.2083 1.0000
vt 0.2500 0.0000
vt 0.2500 0.0000
vt 0.2500 0.0714
vt 0.2500 0.0714
vt 0.2500 0.1429
vt 0.2500 0.1429
vt 0.2500 0.2143
vt 0.2500 0.2143
vt 0.2500 0.2857
vt 0.2500 0.2857
vt 0.2500 0.3571
vt 0.2500 0.3571
vt 0.2500 0.4286
vt 0.2500 0.4286
vt 0.2500 0.5000
vt 0.2500 0.5000
vt 0.2500 0.5714
vt 0.2500 0.5714
vt 0.2500 0.6429
vt 0.2500 0.6429
vt 0.2500 0.7143
vt 0.2500 0.7143
vt 0.2500 0.7857
vt 0.2500 0.7857
vt 0.2500 0.8571
vt 0.2500 0.8571
vt 0.2500 0.9286
vt 0.2500 0.9286
vt 0.2500 1.0000
vt 0.2500 1.0000
vt 0.2917 0.0000
vt 0.2917 0.0000
vt 0.2917 0.0714
vt 0.2917 0.0714
vt 0.2917 0.1429
vt 0.2917 0.1429
vt 0.2917 0.2143
vt 0.2917 0.2143
vt 0.2917 0.2857
vt 0.2917 0.2857
vt 0.2917 0.3571
vt 0.2917 0.3571
vt 0.2917 0.4286
vt 0.2917 0.4286
vt 0.2917 0.5000
vt 0.2917 0.5000
vt 0.2917 0.5714
vt 0.2917 0.5714
vt 0.2917 0.6429
vt 0.2917 0.6429
vt 0.2917 0.7143
vt 0.2917 0.7143
vt 0.2917 0.7857
vt 0.2917 0.7857
vt 0.2917 0.8571
vt 0.2917 0.8571
vt 0.2917 0.9286
vt 0.2917 0.9286
vt 0.2917 1.0000
vt 0.2917 1.0000
vt 0.3333 0.0000
vt 0.3333 0.0000
vt 0.3333 0.0714
vt 0.3333 0.0714
vt 0.3333 0.1429
vt 0.3333 0.1429
vt 0.3333 0.2143
vt 0.3333 0.2143
vt 0.3333 0.2857
vt 0.3333 0.2857
vt 0.3333 0.3571
vt 0.3333 0.3571
vt 0.3333 0.4286
vt 0.3333 0.4286
vt 0.3333 0.5000
vt 0.3333 0.5000
vt 0.3333 0.5714
vt 0.3333 0.5714
vt 0.3333 0.6429
vt 0.3333 0.6429
vt 0.3333 0.7143
vt 0.3333 0.7143
vt 0.3333 0.7857
vt 0.3333 0.7857
vt 0.3333 0.8571
vt 0.3333 0.8571
vt 0.3333 0.9286
vt 0.3333 0.9286
vt 0.3333 1.0000
vt 0.3333 1.0000
vt 0.3750 0.0000
vt 0.3750 0.0000
vt 0.3750 0.0714
vt 0.3750 0.0714
vt 0.3750 0.1429
vt 0.3750 0.1429
vt 0.3750 0.2143
vt 0.3750 0.2143
vt 0.3750 0.2857
vt 0.3750 0.2857
vt 0.3750 0.3571
vt 0.3750 0.3571
vt 0.3750 0.4286
vt 0.3750 0.4286
vt 0.3750 0.5000
vt 0.3750 0.5000
vt 0.3750 0.5714
vt 0.3750 0.5714
vt 0.3750 0.6429
vt 0.3750 0.6429
vt 0.3750 0.7143
vt 0.3750 0.7143
vt 0.3750 0.7857
vt 0.3750 0.7857
vt 0.3750 0.8571
vt 0.3750 0.8571
vt 0.3750 0.9286
vt 0.3750 0.9286
vt 0.3750 1.0000
vt 0.3750 1.0000
vt 0.4167 0.0000
vt 0.4167 0.0000
vt 0.4167 0.0714
vt 0.4167 0.0714
vt 0.4167 0.1429
vt 0.4167 0.1429
vt 0.4167 0.2143
vt 0.4167 0.2143
vt 0.4167 0.2857
vt 0.4167 0.2857
vt 0.4167 0.3571
vt 0.4167 0.3571
vt 0.4167 0.4286
vt 0.4167 0.4286
vt 0.4167 0.5000
vt 0.4167 0.5000
vt 0.4167 0.5714
vt 0.4167 0.5714
vt 0.4167 0.6429
vt 0.4167 0.6429
vt 0.4167 0.7143
vt 0.4167 0.7143
vt 0.4167 0.7857
vt 0.4167 0.7857
vt 0.4167 0.8571
vt 0.4167 0.8571
vt 0.4167 0.9286
vt 0.4167 0.9286
vt 0.4167 1.0000
vt 0.4167 1.0000
vt 0.4583 0.0000
vt 0.4583 0.0000
vt 0.4583 0.0714
vt 0.4583 0.0714
vt 0.4583 0.1429
vt 0.4583 0.1429
vt 0.4583 0.2143
vt 0.4583 0.2143
vt 0.4583 0.2857
vt 0.4583 0.2857
vt 0.4583 0.3571
vt 0.4583 0.3571
vt 0.4583 0.4286
vt 0.4583 0.4286
vt 0.4583 0.5000
vt 0.4583 0.5000
vt 0.4583 0.5714
vt 0.4583 0.5714
vt 0.4583 0.6429
vt 0.4583 0.6429
vt 0.4583 0.7143
vt 0.4583 0.7143
vt 0.4583 0.7857
vt 0.4583 0.7857
vt 0.4583 0.8571
vt 0.4583 0.8571
vt 0.4583 0.9286
vt 0.4583 0.9286
vt 0.4583 1.0000
vt 0.4583 1.0000
vt 0.5000 0.0000
vt 0.5000 0.0000
vt 0.5000 0.0714
vt 0.5000 0.0714
vt 0.5000 0.1429
vt 0.5000 0.1429
vt 0.5000 0.2143
vt 0.5000 0.2143
vt 0.5000 0.2857
vt 0.5000 0.2857
vt 0.5000 0.3571
vt 0.5000 0.3571
vt 0.5000 0.4286
vt 0.5000 0.4286
vt 0.5000 0.5000
vt 0.5000 0.5000
vt 0.5000 0.5714
vt 0.5000 0.5714
vt 0.5000 0.6429
vt 0.5000 0.6429
vt 0.5000 0.7143
vt 0.5000 0.7143
vt 0.5000 0.7857
vt 0.5000 0.7857
vt 0.5000 0.8571
vt 0.5000 0.8571
vt 0.5000 0.9286
vt 0.5000 0.9286
vt 0.5000 1.0000
vt 0.5000 1.0000
vt 0.5417 0.0000
vt 0.5417 0.0000
vt 0.5417 0.0714
vt 0.5417 0.0714
vt 0.5417 0.1429
vt 0.5417 0.1429
vt 0.5417 0.2143
vt 0.5417 0.2143
vt 0.5417 0.2857
vt 0.5417 0.2857
vt 0.5417 0.3571
vt 0.5417 0.3571
vt 0.5417 0.4286
vt 0.5417 0.4286
vt 0.5417 0.5000
vt 0.5417 0.5000
vt 0.5417 0.5714
vt 0.5417 0.5714
vt 0.5417 0.6429
vt 0.5417 0.6429
vt 0.5417 0.7143
vt 0.5417 0.7143
vt 0.5417 0.7857
vt 0.5417 0.7857
vt 0.5417 0.8571
vt 0.5417 0.8571
vt 0.5417 0.9286
vt 0.5417 0.9286
vt 0.5417 1.0000
vt 0.5417 1.0000
vt 0.5833 0.0000
vt 0.5833 0.0000
vt 0.5833 0.0714
vt 0.5833 0.0714
vt 0.5833 0.1429
vt 0.5833 0.1429
vt 0.5833 0.2143
vt 0.5833 0.2143
vt 0.5833 0.2857
vt 0.5833 0.2857
vt 0.5833 0.3571
vt 0.5833 0.3571
vt 0.5833 0.4286
vt 0.5833 0.4286
vt 0.5833 0.5000
vt 0.5833 0.5000
vt 0.5833 0.5714
vt 0.5833 0.5714
vt 0.5833 0.6429
vt 0.5833 0.6429
vt 0.5833 0.7143
vt 0.5833 0.7143
vt 0.5833 0.7857
vt 0.5833 0.7857
vt 0.5833 0.8571
vt 0.5833 0.8571
vt 0.5833 0.9286
vt 0.5833 0.9286
vt 0.5833 1.0000
vt 0.5833 1.0000
vt 0.6250 0.0000
vt 0.6250 0.0000
vt 0.6250 0.0714
vt 0.6250 0.0714
vt 0.6250 0.1429
vt 0.6250 0.1429
vt 0.6250 0.2143
vt 0.6250 0.2143
vt 0.6250 0.2857
vt 0.6250 0.2857
vt 0.6250 0.3571
vt 0.6250 0.3571
vt 0.6250 0.4286
vt 0.6250 0.4286
vt 0.6250 0.5000
vt 0.6250 0.5000
vt 0.6250 0.5714
vt 0.6250 0.5714
vt 0.6250 0.6429
vt 0.6250 0.6429
vt 0.6250 0.7143
vt 0.6250 0.7143
vt 0.6250 0.7857
vt 0.6250 0.7857
vt 0.6250 0.8571
vt 0.6250 0.8571
vt 0.6250 0.9286
vt 0.6250 0.9286
vt 0.6250 1.0000
vt 0.6250 1.0000
vt 0.6667 0.0000
vt 0.6667 0.0000
vt 0.6667 0.0714
vt 0.6667 0.0714
vt 0.6667 0.1429
vt 0.6667 0.1429
vt 0.6667 0.2143
vt 0.6667 0.2143
vt 0.6667 0.2857
vt 0.6667 0.2857
vt 0.6667 0.3571
vt 0.6667 0.3571
vt 0.6667 0.4286
vt 0.6667 0.4286
vt 0.6667 0.5000
vt 0.6667 0.5000
vt 0.6667 0.5714
vt 0.6667 0.5714
vt 0.6667 0.6429
vt 0.6667 0.6429
vt 0.6667 0.7143
vt 0.6667 0.7143
vt 0.6667 0.7857
vt 0.6667 0.7857
vt 0.6667 0.8571
vt 0.6667 0.8571
vt 0.6667 0.9286
vt 0.6667 0.9286
vt 0.6667 1.0000
vt 0.6667 1.0000
vt 0.7083 0.0000
vt 0.7083 0.0000
vt 0.7083 0.0714
vt 0.7083 0.0714
vt 0.7083 0.1429
vt 0.7083 0.1429
vt 0.7083 0.2143
vt 0.7083 0.2143
vt 0.7083 0.2857
vt 0.7083 0.2857
vt 0.7083 0.3571
vt 0.7083 0.3571
vt 0.7083 0.4286
vt 0.7083 0.4286
vt 0.7083 0.5000
vt 0.7083 0.5000
vt 0.7083 0.5714
vt 0.7083 0.5714
vt 0.7083 0.6429
vt 0.7083 0.6429
vt 0.7083 0.7143
vt 0.7083 0.7143
vt 0.7083 0.7857
vt 0.7083 0.7857
vt 0.7083 0.8571
vt 0.7083 0.8571
vt 0.7083 0.9286
vt 0.7083 0.9286
vt 0.7083 1.0000
vt 0.7083 1.0000
vt 0.7500 0.0000
vt 0.7500 0.0000
vt 0.7500 0.0714
vt 0.7500 0.0714
vt 0.7500 0.1429
vt 0.7500 0.1429
vt 0.7500 0.2143
vt 0.7500 0.2143
vt 0.7500 0.2857
vt 0.7500 0.2857
vt 0.7500 0.3571
vt 0.7500 0.3571
vt 0.7500 0.4286
vt 0.7500 0.4286
vt 0.7500 0.5000
vt 0.7500 0.5000
vt 0.7500 0.5714
vt 0.7500 0.5714
vt 0.7500 0.6429
vt 0.7500 0.6429
vt 0.7500 0.7143
vt 0.7500 0.7143
vt 0.7500 0.7857
vt 0.7500 0.7857
vt 0.7500 0.8571
vt 0.7500 0.8571
vt 0.7500 0.9286
vt 0.7500 0.9286
vt 0.7500 1.0000
vt 0.7500 1.0000
vt 0.7917 0.0000
vt 0.7917 0.0000
vt 0.7917 0.0714
vt 0.7917 0.0714
vt 0.7917 0.1429
vt 0.7917 0.1429
vt 0.7917 0.2143
vt 0.7917 0.2143
vt 0.7917 0.2857
vt 0.7917 0.2857
vt 0.7917 0.3571
vt 0.7917 0.3571
vt 0.7917 0.4286
vt 0.7917 0.4286
vt 0.7917 0.5000
vt 0.7917 0.5000
vt 0.7917 0.5714
vt 0.7917 0.5714
vt 0.7917 0.6429
vt 0.7917 0.6429
vt 0.7917 0.7143
vt 0.7917 0.7143
vt 0.7917 0.7857
vt 0.7917 0.7857
vt 0.7917 0.8571
vt 0.7917 0.8571
vt 0.7917 0.9286
vt 0.7917 0.9286
vt 0.7917 1.0000
vt 0.7917 1.0000
vt 0.8333 0.0000
vt 0.8333 0.0000
vt 0.8333 0.0714
vt 0.8333 0.0714
vt 0.8333 0.1429
vt 0.8333 0.1429
vt 0.8333 0.2143
vt 0.8333 0.2143
vt 0.8333 0.2857
vt 0.8333 0.2857
vt 0.8333 0.3571
vt 0.8333 0.3571
vt 0.8333 0.4286
vt 0.8333 0.4286
vt 0.8333 0.5000
vt 0.8333 0.5000
vt 0.8333 0.5714
vt 0.8333 0.5714
vt 0.8333 0.6429
vt 0.8333 0.6429
vt 0.8333 0.7143
vt 0.8333 0.7143
vt 0.8333 0.7857
vt 0.8333 0.7857
vt 0.8333 0.8571
vt 0.8333 0.8571
vt 0.8333 0.9286
vt 0.8333 0.9286
vt 0.8333 1.0000
vt 0.8333 1.0000
vt 0.8750 0.0000
vt 0.8750 0.0000
vt 0.8750 0.0714
vt 0.8750 0.0714
vt 0.8750 0.1429
vt 0.8750 0.1429
vt 0.8750 0.2143
vt 0.8750 0.2143
vt 0.8750 0.2857
vt 0.8750 0.2857
vt 0.8750 0.3571
vt 0.8750 0.3571
vt 0.8750 0.4286
vt 0.8750 0.4286
vt 0.8750 0.5000
vt 0.8750 0.5000
vt 0.8750 0.5714
vt 0.8750 0.5714
vt 0.8750 0.6429
vt 0.8750 0.6429
vt 0.8750 0.7143
vt 0.8750 0.7143
vt 0.8750 0.7857
vt 0.8750 0.7857
vt 0.8750 0.8571
vt 0.8750 0.8571
vt 0.8750 0.9286
vt 0.8750 0.9286
vt 0.8750 1.0000
vt 0.8750 1.0000
vt 0.9167 0.0000
vt 0.9167 0.0000
vt 0.9167 0.0714
vt 0.9167 0.0714
vt 0.9167 0.1429
vt 0.9167 0.1429
vt 0.9167 0.2143
vt 0.9167 0.2143
vt 0.9167 0.2857
vt 0.9167 0.2857
vt 0.9167 0.3571
vt 0.9167 0.3571
vt 0.9167 0.4286
vt 0.9167 0.4286
vt 0.9167 0.5000
vt 0.9167 0.5000
vt 0.9167 0.5714
vt 0.9167 0.5714
vt 0.9167 0.6429
vt 0.9167 0.6429
vt 0.9167 0.7143
vt 0.9167 0.7143
vt 0.9167 0.7857
vt 0.9167 0.7857
vt 0.9167 0.8571
vt 0.9167 0.8571
vt 0.9167 0.9286
vt 0.9167 0.9286
vt 0.9167 1.0000
vt 0.9167 1.0000
vt 0.9583 0.0000
vt 0.9583 0.0000
vt 0.9583 0.0714
vt 0.9583 0.0714
vt 0.9583 0.1429
vt 0.9583 0.1429
vt 0.9583 0.2143
vt 0.9583 0.2143
vt 0.9583 0.2857
vt 0.9583 0.2857
vt 0.9583 0.3571
vt 0.9583 0.3571
vt 0.9583 0.4286
vt 0.9583 0.4286
vt 0.9583 0.5000
vt 0.9583 0.5000
vt 0.9583 0.5714
vt 0.9583 0.5714
vt 0.9583 0.6429
vt 0.9583 0.6429
vt 0.9583 0.7143
vt 0.9583 0.7143
vt 0.9583 0.7857
vt 0.9583 0.7857
vt 0.9583 0.8571
vt 0.9583 0.8571
vt 0.9583 0.9286
vt 0.9583 0.9286
vt 0.9583 1.0000
vt 0.9583 1.0000
vt 1.0000 0.0000
vt 1.0000 0.0000
vt 1.0000 0.0714
vt 1.0000 0.0714
vt 1.0000 0.1429
vt 1.0000 0.1429
vt 1.0000 0.2143
vt 1.0000 0.2143
vt 1.0000 0.2857
vt 1.0000 0.2857
vt 1.0000 0.3571
vt 1.0000 0.3571
vt 1.0000 0.4286
vt 1.0000 0.4286
vt 1.0000 0.5000
vt 1.0000 0.5000
vt 1.0000 0.5714
vt 1.0000 0.5714
vt 1.0000 0.6429
vt 1.0000 0.6429
vt 1.0000 0.7143
vt 1.0000 0.7143
vt 1.0000 0.7857
vt 1.0000 0.7857
vt 1.0000 0.8571
vt 1.0000 0.8571
vt 1.0000 0.9286
vt 1.0000 0.9286
vt 1.0000 1.0000
vt 1.0000 1.0000
vt 0.0000 0.0000
vt 0.0000 0.0000
vt 0.0000 0.0714
vt 0.0000 0.0714
vt 0.0000 0.1429
vt 0.0000 0.1429
vt 0.0000 0.2143
vt 0.0000 0.2143
vt 0.0000 0.2857
vt 0.0000 0.2857
vt 0.0000 0.3571
vt 0.0000 0.3571
vt 0.0000 0.4286
vt 0.0000 0.4286
vt 0.0000 0.5000
vt 0.0000 0.5000
vt 0.0000 0.5714
vt 0.0000 0.5714
vt 0.0000 0.6429
vt 0.0000 0.6429
vt 0.0000 0.7143
vt 0.0000 0.7143
vt 0.0000 0.7857
vt 0.0000 0.7857
vt 0.0000 0.8571
vt 0.0000 0.8571
vt 0.0000 0.9286
vt 0.0000 0.9286
vt 0.0000 1.0000
vt 0.0000 1.0000
vt 0.0417 0.0000
vt 0.0417 0.0000
vt 0.0417 0.0714
vt 0.0417 0.0714
vt 0.0417 0.1429
vt 0.0417 0.1429
vt 0.0417 0.2143
vt 0.0417 0.2143
vt 0.0417 0.2857
vt 0.0417 0.2857
vt 0.0417 0.3571
vt 0.0417 0.3571
vt 0.0417 0.4286
vt 0.0417 0.4286
vt 0.0417 0.5000
vt 0.0417 0.5000
vt 0.0417 0.5714
vt 0.0417 0.5714
vt 0.0417 0.6429
vt 0.0417 0.6429
vt 0.0417 0.7143
vt 0.0417 0.7143
vt 0.0417 0.7857
vt 0.0417 0.7857
vt 0.0417 0.8571
vt 0.0417 0.8571
vt 0.0417 0.9286
vt 0.0417 0.9286
vt 0.0417 1.0000
vt 0.0417 1.0000
vt 0.0833 0.0000
vt 0.0833 0.0000
vt 0.0833 0.0714
vt 0.0833 0.0714
vt 0.0833 0.1429
vt 0.0833 0.1429
vt 0.0833 0.2143
vt 0.0833 0.2143
vt 0.0833 0.2857
vt 0.0833 0.2857
vt 0.0833 0.3571
vt 0.0833 0.3571
vt 0.0833 0.4286
vt 0.0833 0.4286
vt 0.0833 0.5000
vt 0.0833 0.5000
vt 0.0833 0.5714
vt 0.0833 0.5714
vt 0.0833 0.6429
vt 0.0833 0.6429
vt 0.0833 0.7143
vt 0.0833 0.7143
vt 0.0833 0.7857
vt 0.0833 0.7857
vt 0.0833 0.8571
vt 0.0833 0.8571
vt 0.0833 0.9286
vt 0.0833 0.9286
vt 0.0833 1.0000
vt 0.0833 1.0000
vt 0.1250 0.0000
vt 0.1250 0.0000
vt 0.1250 0.0714
vt 0.1250 0.0714
vt 0.1250 0.1429
vt 0.1250 0.1429
vt 0.1250 0.2143
vt 0.1250 0.2143
vt 0.1250 0.2857
vt 0.1250 0.2857
vt 0.1250 0.3571
vt 0.1250 0.3571
vt 0.1250 0.4286
vt 0.1250 0.4286
vt 0.1250 0.5000
vt 0.1250 0.5000
vt 0.1250 0.5714
vt 0.1250 0.5714
vt 0.1250 0.6429
vt 0.1250 0.6429
vt 0.1250 0.7143
vt 0.1250 0.7143
vt 0.1250 0.7857
vt 0.1250 0.7857
vt 0.1250 0.8571
vt 0.1250 0.8571
vt 0.1250 0.9286
vt 0.1250 0.9286
vt 0.1250 1.0000
vt 0.1250 1.0000
vt 0.1667 0.0000
vt 0.1667 0.0000
vt 0.1667 0.0714
vt 0.1667 0.0714
vt 0.1667 0.1429
vt 0.1667 0.1429
vt 0.1667 0.2143
vt 0.1667 0.2143
vt 0.1667 0.2857
vt 0.1667 0.2857
vt 0.1667 0.3571
vt 0.1667 0.3571
vt 0.1667 0.4286
vt 0.1667 0.4286
vt 0.1667 0.5000
vt 0.1667 0.5000
vt 0.1667 0.5714
vt 0.1667 0.5714
vt 0.1667 0.6429
vt 0.1667 0.6429
vt 0.1667 0.7143
vt 0.1667 0.7143
vt 0.1667 0.7857
vt 0.1667 0.7857
vt 0.1667 0.8571
vt 0.1667 0.8571
vt 0.1667 0.9286
vt 0.1667 0.9286
vt 0.1667 1.0000
vt 0.1667 1.0000
vt 0.2083 0.0000
vt 0.2083 0.0000
vt 0.2083 0.0714
vt 0.2083 0.0714
vt 0.2083 0.1429
vt 0.2083 0.1429
vt 0.2083 0.2143
vt 0.2083 0.2143
vt 0.2083 0.2857
vt 0.2083 0.2857
vt 0.2083 0.3571
vt 0.2083 0.3571
vt 0.2083 0.4286
vt 0.2083 0.4286
vt 0.2083 0.5000
vt 0.2083 0.5000
vt 0.2083 0.5714
vt 0.2083 0.5714
vt 0.2083 0.6429
vt 0.2083 0.6429
vt 0.2083 0.7143
vt 0.2083 0.7143
vt 0.2083 0.7857
vt 0.2083 0.7857
vt 0.2083 0.8571
vt 0.2083 0.8571
vt 0.2083 0.9286
vt 0.2083 0.9286
vt 0.2083 1.0000
vt 0.2083 1.0000
vt 0.2500 0.0000
vt 0.2500 0.0000
vt 0.2500 0.0714
vt 0.2500 0.0714
vt 0.2500 0.1429
vt 0.2500 0.1429
vt 0.2500 0.2143
vt 0.2500 0.2143
vt 0.2500 0.2857
vt 0.2500 0.2857
vt 0.2500 0.3571
vt 0.2500 0.3571
vt 0.2500 0.4286
vt 0.2500 0.4286
vt 0.2500 0.5000
vt 0.2500 0.5000
vt 0.2500 0.5714
vt 0.2500 0.5714
vt 0.2500 0.6429
vt 0.2500 0.6429
vt 0.2500 0.7143
vt 0.2500 0.7143
vt 0.2500 0.7857
vt 0.2500 0.7857
vt 0.2500 0.8571
vt 0.2500 0.8571
vt 0.2500 0.9286
vt 0.2500 0.9286
vt 0.2500 1.0000
vt 0.2500 1.0000
vt 0.2917 0.0000
vt 0.2917 0.0000
vt 0.2917 0.0714
vt 0.2917 0.0714
vt 0.2917 0.1429
vt 0.2917 0.1429
vt 0.2917 0.2143
vt 0.2917 0.2143
vt 0.2917 0.2857
vt 0.2917 0.2857
vt 0.2917 0.3571
vt 0.2917 0.3571
vt 0.2917 0.4286
vt 0.2917 0.4286
vt 0.2917 0.5000
vt 0.2917 0.5000
vt 0.2917 0.5714
vt 0.2917 0.5714
vt 0.2917 0.6429
vt 0.2917 0.6429
vt 0.2917 0.7143
vt 0.2917 0.7143
vt 0.2917 0.7857
vt 0.2917 0.7857
vt 0.2917 0.8571
vt 0.2917 0.8571
vt 0.2917 0.9286
vt 0.2917 0.9286
vt 0.2917 1.0000
vt 0.2917 1.0000
vt 0.3333 0.0000
vt 0.3333 0.0000
vt 0.3333 0.0714
vt 0.3333 0.0714
vt 0.3333 0.1429
vt 0.3333 0.1429
vt 0.3333 0.2143
vt 0.3333 0.2143
vt 0.3333 0.2857
vt 0.3333 0.2857
vt 0.3333 0.3571
vt 0.3333 0.3571
vt 0.3333 0.4286
vt 0.3333 0.4286
vt 0.3333 0.5000
vt 0.3333 0.5000
vt 0.3333 0.5714
vt 0.3333 0.5714
vt 0.3333 0.6429
vt 0.3333 0.6429
vt 0.3333 0.7143
vt 0.3333 0.7143
vt 0.3333 0.7857
vt 0.3333 0.7857
vt 0.3333 0.8571
vt 0.3333 0.8571
vt 0.3333 0.9286
vt 0.3333 0.9286
vt 0.3333 1.0000
vt 0.3333 1.0000
vt 0.3750 0.0000
vt 0.3750 0.0000
vt 0.3750 0.0714
vt 0.3750 0.0714
vt 0.3750 0.1429
vt 0.3750 0.1429
vt 0.3750 0.2143
vt 0.3750 0.2143
vt 0.3750 0.2857
vt 0.3750 0.2857
vt 0.3750 0.3571
vt 0.3750 0.3571
vt 0.3750 0.4286
vt 0.3750 0.4286
vt 0.3750 0.5000
vt 0.3750 0.5000
vt 0.3750 0.5714
vt 0.3750 0.5714
vt 0.3750 0.6429
vt 0.3750 0.6429
vt 0.3750 0.7143
vt 0.3750 0.7143
vt 0.3750 0.7857
vt 0.3750 0.7857
vt 0.3750 0.8571
vt 0.3750 0.8571
vt 0.3750 0.9286
vt 0.3750 0.9286
vt 0.3750 1.0000
vt 0.3750 1.0000
vt 0.4167 0.0000
vt 0.4167 0.0000
vt 0.4167 0.0714
vt 0.4167 0.0714
vt 0.4167 0.1429
vt 0.4167 0.1429
vt 0.4167 0.2143
vt 0.4167 0.2143
vt 0.4167 0.2857
vt 0.4167 0.2857
vt 0.4167 0.3571
vt 0.4167 0.3571
vt 0.4167 0.4286
vt 0.4167 0.4286
vt 0.4167 0.5000
vt 0.4167 0.5000
vt 0.4167 0.5714
vt 0.4167 0.5714
vt 0.4167 0.6429
vt 0.4167 0.6429
vt 0.4167 0.7143
vt 0.4167 0.7143
vt 0.4167 0.7857
vt 0.4167 0.7857
vt 0.4167 0.8571
vt 0.4167 0.8571
vt 0.4167 0.9286
vt 0.4167 0.9286
vt 0.4167 1.0000
vt 0.4167 1.0000
vt 0.4583 0.0000
vt 0.4583 0.0000
vt 0.4583 0.0714
vt 0.4583 0.0714
vt 0.4583 0.1429
vt 0.4583 0.1429
vt 0.4583 0.2143
vt 0.4583 0.2143
vt 0.4583 0.2857
vt 0.4583 0.2857
vt 0.4583 0.3571
vt 0.4583 0.3571
vt 0.4583 0.4286
vt 0.4583 0.4286
vt 0.4583 0.5000
vt 0.4583 0.5000
vt 0.4583 0.5714
vt 0.4583 0.5714
vt 0.4583 0.6429
vt 0.4583 0.6429
vt 0.4583 0.7143
vt 0.4583 0.7143
vt 0.4583 0.7857
vt 0.4583 0.7857
vt 0.4583 0.8571
vt 0.4583 0.8571
vt 0.4583 0.9286
vt 0.4583 0.9286
vt 0.4583 1.0000
vt 0.4583 1.0000
vt 0.5000 0.0000
vt 0.5000 0.0000
vt 0.5000 0.0714
vt 0.5000 0.0714
vt 0.5000 0.1429
vt 0.5000 0.1429
vt 0.5000 0.2143
vt 0.5000 0.2143
vt 0.5000 0.2857
vt 0.5000 0.2857
vt 0.5000 0.3571
vt 0.5000 0.3571
vt 0.5000 0.4286
vt 0.5000 0.4286
vt 0.5000 0.5000
vt 0.5000 0.5000
vt 0.5000 0.5714
vt 0.5000 0.5714
vt 0.5000 0.6429
vt 0.5000 0.6429
vt 0.5000 0.7143
vt 0.5000 0.7143
vt 0.5000 0.7857
vt 0.5000 0.7857
vt 0.5000 0.8571
vt 0.5000 0.8571
vt 0.5000 0.9286
vt 0.5000 0.9286
vt 0.5000 1.0000
vt 0.5000 1.0000
vt 0.5417 0.0000
vt 0.5417 0.0000
vt 0.5417 0.0714
vt 0.5417 0.0714
vt 0.5417 0.1429
vt 0.5417 0.1429
vt 0.5417 0.2143
vt 0.5417 0.2143
vt 0.5417 0.2857
vt 0.5417 0.2857
vt 0.5417 0.3571
vt 0.5417 0.3571
vt 0.5417 0.4286
vt 0.5417 0.4286
vt 0.5417 0.5000
vt 0.5417 0.5000
vt 0.5417 0.5714
vt 0.5417 0.5714
vt 0.5417 0.6429
vt 0.5417 0.6429
vt 0.5417 0.7143
vt 0.5417 0.7143
vt 0.5417 0.7857
vt 0.5417 0.7857
vt 0.5417 0.8571
vt 0.5417 0.8571
vt 0.5417 0.9286
vt 0.5417 0.9286
vt 0.5417 1.0000
vt 0.5417 1.0000
vt 0.5833 0.0000
vt 0.5833 0.0000
vt 0.5833 0.0714
vt 0.5833 0.0714
vt 0.5833 0.1429
vt 0.5833 0.1429
vt 0.5833 0.2143
vt 0.5833 0.2143
vt 0.5833 0.2857
vt 0.5833 0.2857
vt 0.5833 0.3571
vt 0.5833 0.3571
vt 0.5833 0.4286
vt 0.5833 0.4286
vt 0.5833 0.5000
vt 0.5833 0.5000
vt 0.5833 0.5714
vt 0.5833 0.5714
vt 0.5833 0.6429
vt 0.5833 0.6429
vt 0.5833 0.7143
vt 0.5833 0.7143
vt 0.5833 0.7857
vt 0.5833 0.7857
vt 0.5833 0.8571
vt 0.5833 0.8571
vt 0.5833 0.9286
vt 0.5833 0.9286
vt 0.5833 1.0000
vt 0.5833 1.0000
vt 0.6250 0.0000
vt 0.6250 0.0000
vt 0.6250 0.0714
vt 0.6250 0.0714
vt 0.6250 0.1429
vt 0.6250 0.1429
vt 0.6250 0.2143
vt 0.6250 0.2143
vt 0.6250 0.2857
vt 0.6250 0.2857
vt 0.6250 0.3571
vt 0.6250 0.3571
vt 0.6250 0.4286
vt 0.6250 0.4286
vt 0.6250 0.5000
vt 0.6250 0.5000
vt 0.6250 0.5714
vt 0.6250 0.5714
vt 0.6250 0.6429
vt 0.6250 0.6429
vt 0.6250 0.7143
vt 0.6250 0.7143
vt 0.6250 0.7857
vt 0.6250 0.7857
vt 0.6250 0.8571
vt 0.6250 0.8571
vt 0.6250 0.9286
vt 0.6250 0.9286
vt 0.6250 1.0000
vt 0.6250 1.0000
vt 0.6667 0.0000
vt 0.6667 0.0000
vt 0.6667 0.0714
vt 0.6667 0.0714
vt 0.6667 0.1429
vt 0.6667 0.1429
vt 0.6667 0.2143
vt 0.6667 0.2143
vt 0.6667 0.2857
vt 0.6667 0.2857
vt 0.6667 0.3571
vt 0.6667 0.3571
vt 0.6667 0.4286
vt 0.6667 0.4286
vt 0.6667 0.5000
vt 0.6667 0.5000
vt 0.6667 0.5714
vt 0.6667 0.5714
vt 0.6667 0.6429
vt 0.6667 0.6429
vt 0.6667 0.7143
vt 0.6667 0.7143
vt 0.6667 0.7857
vt 0.6667 0.7857
vt 0.6667 0.8571
vt 0.6667 0.8571
vt 0.6667 0.9286
vt 0.6667 0.9286
vt 0.6667 1.0000
vt 0.6667 1.0000
vt 0.7083 0.0000
vt 0.7083 0.0000
vt 0.7083 0.0714
vt 0.7083 0.0714
vt 0.7083 0.1429
vt 0.7083 0.1429
vt 0.7083 0.2143
vt 0.7083 0.2143
vt 0.7083 0.2857
vt 0.7083 0.2857
vt 0.7083 0.3571
vt 0.7083 0.3571
vt 0.7083 0.4286
vt 0.7083 0.4286
vt 0.7083 0.5000
vt 0.7083 0.5000
vt 0.7083 0.5714
vt 0.7083 0.5714
vt 0.7083 0.6429
vt 0.7083 0.6429
vt 0.7083 0.7143
vt 0.7083 0.7143
vt 0.7083 0.7857
vt 0.7083 0.7857
vt 0.7083 0.8571
vt 0.7083 0.8571
vt 0.7083 0.9286
vt 0.7083 0.9286
vt 0.7083 1.0000
vt 0.7083 1.0000
vt 0.7500 0.0000
vt 0.7500 0.0000
vt 0.7500 0.0714
vt 0.7500 0.0714
vt 0.7500 0.1429
vt 0.7500 0.1429
vt 0.7500 0.2143
vt 0.7500 0.2143
vt 0.7500 0.2857
vt 0.7500 0.2857
vt 0.7500 0.3571
vt 0.7500 0.3571
vt 0.7500 0.4286
vt 0.7500 0.4286
vt 0.7500 0.5000
vt 0.7500 0.5000
vt 0.7500 0.5714
vt 0.7500 0.5714
vt 0.7500 0.6429
vt 0.7500 0.6429
vt 0.7500 0.7143
vt 0.7500 0.7143
vt 0.7500 0.7857
vt 0.7500 0.7857
vt 0.7500 0.8571
vt 0.7500 0.8571
vt 0.7500 0.9286
vt 0.7500 0.9286
vt 0.7500 1.0000
vt 0.7500 1.0000
vt 0.7917 0.0000
vt 0.7917 0.0000
vt 0.7917 0.0714
vt 0.7917 0.0714
vt 0.7917 0.1429
vt 0.7917 0.1429
vt 0.7917 0.2143
vt 0.7917 0.2143
vt 0.7917 0.2857
vt 0.7917 0.2857
vt 0.7917 0.3571
vt 0.7917 0.3571
vt 0.7917 0.4286
vt 0.7917 0.4286
vt 0.7917 0.5000
vt 0.7917 0.5000
vt 0.7917 0.5714
vt 0.7917 0.5714
vt 0.7917 0.6429
vt 0.7917 0.6429
vt 0.7917 0.7143
vt 0.7917 0.7143
vt 0.7917 0.7857
vt 0.7917 0.7857
vt 0.7917 0.8571
vt 0.7917 0.8571
vt 0.7917 0.9286
vt 0.7917 0.9286
vt 0.7917 1.0000
vt 0.7917 1.0000
vt 0.8333 0.0000
vt 0.8333 0.0000
vt 0.8333 0.0714
vt 0.8333 0.0714
vt 0.8333 0.1429
vt 0.8333 0.1429
vt 0.8333 0.2143
vt 0.8333 0.2143
vt 0.8333 0.2857
vt 0.8333 0.2857
vt 0.8333 0.3571
vt 0.8333 0.3571
vt 0.8333 0.4286
vt 0.8333 0.4286
vt 0.8333 0.5000
vt 0.8333 0.5000
vt 0.8333 0.5714
vt 0.8333 0.5714
vt 0.8333 0.6429
vt 0.8333 0.6429
vt 0.8333 0.7143
vt 0.8333 0.7143
vt 0.8333 0.7857
vt 0.8333 0.7857
vt 0.8333 0.8571
vt 0.8333 0.8571
vt 0.8333 0.9286
vt 0.8333 0.9286
vt 0.8333 1.0000
vt 0.8333 1.0000
vt 0.8750 0.0000
vt 0.8750 0.0000
vt 0.8750 0.0714
vt 0.8750 0.0714
vt 0.8750 0.1429
vt 0.8750 0.1429
vt 0.8750 0.2143
vt 0.8750 0.2143
vt 0.8750 0.2857
vt 0.8750 0.2857
vt 0.8750 0.3571
vt 0.8750 0.3571
vt 0.8750 0.4286
vt 0.8750 0.4286
vt 0.8750 0.5000
vt 0.8750 0.5000
vt 0.8750 0.5714
vt 0.8750 0.5714
vt 0.8750 0.6429
vt 0.8750 0.6429
vt 0.8750 0.7143
vt 0.8750 0.7143
vt 0.8750 0.7857
vt 0.8750 0.7857
vt 0.8750 0.8571
vt 0.8750 0.8571
vt 0.8750 0.9286
vt 0.8750 0.9286
vt 0.8750 1.0000
vt 0.8750 1.0000
vt 0.9167 0.0000
vt 0.9167 0.0000
vt 0.9167 0.0714
vt 0.9167 0.0714
vt 0.9167 0.1429
vt 0.9167 0.1429
vt 0.9167 0.2143
vt 0.9167 0.2143
vt 0.9167 0.2857
vt 0.9167 0.2857
vt 0.9167 0.3571
vt 0.9167 0.3571
vt 0.9167 0.4286
vt 0.9167 0.4286
vt 0.9167 0.5000
vt 0.9167 0.5000
vt 0.9167 0.5714
vt 0.9167 0.5714
vt 0.9167 0.6429
vt 0.9167 0.6429
vt 0.9167 0.7143
vt 0.9167 0.7143
vt 0.9167 0.7857
vt 0.9167 0.7857
vt 0.9167 0.8571
vt 0.9167 0.8571
vt 0.9167 0.9286
vt 0.9167 0.9286
vt 0.9167 1.0000
vt 0.9167 1.0000
vt 0.9583 0.0000
vt 0.9583 0.0000
vt 0.9583 0.0714
vt 0.9583 0.0714
vt 0.9583 0.1429
vt 0.9583 0.1429
vt 0.9583 0.2143
vt 0.9583 0.2143
vt 0.9583 0.2857
vt 0.9583 0.2857
vt 0.9583 0.3571
vt 0.9583 0.3571
vt 0.9583 0.4286
vt 0.9583 0.4286
vt 0.9583 0.5000
vt 0.9583 0.5000
vt 0.9583 0.5714
vt 0.9583 0.5714
vt 0.9583 0.6429
vt 0.9583 0.6429
vt 0.9583 0.7143
vt 0.9583 0.7143
vt 0.9583 0.7857
vt 0.9583 0.7857
vt 0.9583 0.8571
vt 0.9583 0.8571
vt 0.9583 0.9286
vt 0.9583 0.9286
vt 0.9583 1.0000
vt 0.9583 1.0000
vt 1.0000 0.0000
vt 1.0000 0.0000
vt 1.0000 0.0714
vt 1.0000 0.0714
vt 1.0000 0.1429
vt 1.0000 0.1429
vt 1.0000 0.2143
vt 1.0000 0.2143
vt 1.0000 0.2857
vt 1.0000 0.2857
vt 1.0000 0.3571
vt 1.0000 0.3571
vt 1.0000 0.4286
vt 1.0000 0.4286
vt 1.0000 0.5000
vt 1.0000 0.5000
vt 1.0000 0.5714
vt 1.0000 0.5714
vt 1.0000 0.6429
vt 1.0000 0.6429
vt 1.0000 0.7143
vt 1.0000 0.7143
vt 1.0000 0.7857
vt 1.0000 0.7857
vt 1.0000 0.8571
vt 1.0000 0.8571
vt 1.0000 0.9286
vt 1.0000 0.9286
vt 1.0000 1.0000
vt 1.0000 1.0000
vt 0.0000 0.0000
vt 0.0000 0.0000
vt 0.0000 0.0714
vt 0.0000 0.0714
vt 0.0000 0.1429
vt 0.0000 0.1429
vt 0.0000 0.2143
vt 0.0000 0.2143
vt 0.0000 0.2857
vt 0.0000 0.2857
vt 0.0000 0.3571
vt 0.0000 0.3571
vt 0.0000 0.4286
vt 0.0000 0.4286
vt 0.0000 0.5000
vt 0.0000 0.5000
vt 0.0000 0.5714
vt 0.0000 0.5714
vt 0.0000 0.6429
vt 0.0000 0.6429
vt 0.0000 0.7143
vt 0.0000 0.7143
vt 0.0000 0.7857
vt 0.0000 0.7857
vt 0.0000 0.8571
vt 0.0000 0.8571
vt 0.0000 0.9286
vt 0.0000 0.9286
vt 0.0000 1.0000
vt 0.0000 1.0000
vt 0.0417 0.0000
vt 0.0417 0.0000
vt 0.0417 0.0714
vt 0.0417 0.0714
vt 0.0417 0.1429
vt 0.0417 0.1429
vt 0.0417 0.2143
vt 0.0417 0.2143
vt 0.0417 0.2857
vt 0.0417 0.2857
vt 0.0417 0.3571
vt 0.0417 0.3571
vt 0.0417 0.4286
vt 0.0417 0.4286
vt 0.0417 0.5000
vt 0.0417 0.5000
vt 0.0417 0.5714
vt 0.0417 0.5714
vt 0.0417 0.6429
vt 0.0417 0.6429
vt 0.0417 0.7143
vt 0.0417 0.7143
vt 0.0417 0.7857
vt 0.0417 0.7857
vt 0.0417 0.8571
vt 0.0417 0.8571
vt 0.0417 0.9286
vt 0.0417 0.9286
vt 0.0417 1.0000
vt 0.0417 1.0000
vt 0.0833 0.0000
vt 0.0833 0.0000
vt 0.0833 0.0714
vt 0.0833 0.0714
vt 0.0833 0.1429
vt 0.0833 0.1429
vt 0.0833 0.2143
vt 0.0833 0.2143
vt 0.0833 0.2857
vt 0.0833 0.2857
vt 0.0833 0.3571
vt 0.0833 0.3571
vt 0.0833 0.4286
vt 0.0833 0.4286
vt 0.0833 0.5000
vt 0.0833 0.5000
vt 0.0833 0.5714
vt 0.0833 0.5714
vt 0.0833 0.6429
vt 0.0833 0.6429
vt 0.0833 0.7143
vt 0.0833 0.7143
vt 0.0833 0.7857
vt 0.0833 0.7857
vt 0.0833 0.8571
vt 0.0833 0.8571
vt 0.0833 0.9286
vt 0.0833 0.9286
vt 0.0833 1.0000
vt 0.0833 1.0000
vt 0.1250 0.0000
vt 0.1250 0.0000
vt 0.1250 0.0714
vt 0.1250 0.0714
vt 0.1250 0.1429
vt 0.1250 0.1429
vt 0.1250 0.2143
vt 0.1250 0.2143
vt 0.1250 0.2857
vt 0.1250 0.2857
vt 0.1250 0.3571
vt 0.1250 0.3571
vt 0.1250 0.4286
vt 0.1250 0.4286
vt 0.1250 0.5000
vt 0.1250 0.5000
vt 0.1250 0.5714
vt 0.1250 0.5714
vt 0.1250 0.6429
vt 0.1250 0.6429
vt 0.1250 0.7143
vt 0.1250 0.7143
vt 0.1250 0.7857
vt 0.1250 0.7857
vt 0.1250 0.8571
vt 0.1250 0.8571
vt 0.1250 0.9286
vt 0.1250 0.9286
vt 0.1250 1.0000
vt 0.1250 1.0000
vt 0.1667 0.0000
vt 0.1667 0.0000
vt 0.1667 0.0714
vt 0.1667 0.0714
vt 0.1667 0.1429
vt 0.1667 0.1429
vt 0.1667 0.2143
vt 0.1667 0.2143
vt 0.1667 0.2857
vt 0.1667 0.2857
vt 0.1667 0.3571
vt 0.1667 0.3571
vt 0.1667 0.4286
vt 0.1667 0.4286
vt 0.1667 0.5000
vt 0.1667 0.5000
vt 0.1667 0.5714
vt 0.1667 0.5714
vt 0.1667 0.6429
vt 0.1667 0.6429
vt 0.1667 0.7143
vt 0.1667 0.7143
vt 0.1667 0.7857
vt 0.1667 0.7857
vt 0.1667 0.8571
vt 0.1667 0.8571
vt 0.1667 0.9286
vt 0.1667 0.9286
vt 0.1667 1.0000
vt 0.1667 1.0000
vt 0.2083 0.0000
vt 0.2083 0.0000
vt 0.2083 0.0714
vt 0.2083 0.0714
vt 0.2083 0.1429
vt 0.2083 0.1429
vt 0.2083 0.2143
vt 0.2083 0.2143
vt 0.2083 0.2857
vt 0.2083 0.2857
vt 0.2083 0.3571
vt 0.2083 0.3571
vt 0.2083 0.4286
vt 0.2083 0.4286
vt 0.2083 0.5000
vt 0.2083 0.5000
vt 0.2083 0.5714
vt 0.2083 0.5714
vt 0.2083 0.6429
vt 0.2083 0.6429
vt 0.2083 0.7143
vt 0.2083 0.7143
vt 0.2083 0.7857
vt 0.2083 0.7857
vt 0.2083 0.8571
vt 0.2083 0.8571
vt 0.2083 0.9286
vt 0.2083 0.9286
vt 0.2083 1.0000
vt 0.2083 1.0000
vt 0.2500 0.0000
vt 0.2500 0.0000
vt 0.2500 0.0714
vt 0.2500 0.0714
vt 0.2500 0.1429
vt 0.2500 0.1429
vt 0.2500 0.2143
vt 0.2500 0.2143
vt 0.2500 0.2857
vt 0.2500 0.2857
vt 0.2500 0.3571
vt 0.2500 0.3571
vt 0.2500 0.4286
vt 0.2500 0.4286
vt 0.2500 0.5000
vt 0.2500 0.5000
vt 0.2500 0.5714
vt 0.2500 0.5714
vt 0.2500 0.6429
vt 0.2500 0.6429
vt 0.2500 0.7143
vt 0.2500 0.7143
vt 0.2500 0.7857
vt 0.2500 0.7857
vt 0.2500 0.8571
vt 0.2500 0.8571
vt 0.2500 0.9286
vt 0.2500 0.9286
vt 0.2500 1.0000
vt 0.2500 1.0000
vt 0.2917 0.0000
vt 0.2917 0.0000
vt 0.2917 0.0714
vt 0.2917 0.0714
vt 0.2917 0.1429
vt 0.2917 0.1429
vt 0.2917 0.2143
vt 0.2917 0.2143
vt 0.2917 0.2857
vt 0.2917 0.2857
vt 0.2917 0.3571
vt 0.2917 0.3571
vt 0.2917 0.4286
vt 0.2917 0.4286
vt 0.2917 0.5000
vt 0.2917 0.5000
vt 0.2917 0.5714
vt 0.2917 0.5714
vt 0.2917 0.6429
vt 0.2917 0.6429
vt 0.2917 0.7143
vt 0.2917 0.7143
vt 0.2917 0.7857
vt 0.2917 0.7857
vt 0.2917 0.8571
vt 0.2917 0.8571
vt 0.2917 0.9286
vt 0.2917 0.9286
vt 0.2917 1.0000
vt 0.2917 1.0000
vt 0.3333 0.0000
vt 0.3333 0.0000
vt 0.3333 0.0714
vt 0.3333 0.0714
vt 0.3333 0.1429
vt 0.3333 0.1429
vt 0.3333 0.2143
vt 0.3333 0.2143
vt 0.3333 0.2857
vt 0.3333 0.2857
vt 0.3333 0.3571
vt 0.3333 0.3571
vt 0.3333 0.4286
vt 0.3333 0.4286
vt 0.3333 0.5000
vt 0.3333 0.5000
vt 0.3333 0.5714
vt 0.3333 0.5714
vt 0.3333 0.6429
vt 0.3333 0.6429
vt 0.3333 0.7143
vt 0.3333 0.7143
vt 0.3333 0.7857
vt 0.3333 0.7857
vt 0.3333 0.8571
vt 0.3333 0.8571
vt 0.3333 0.9286
vt 0.3333 0.9286
vt 0.3333 1.0000
vt 0.3333 1.0000
vt 0.3750 0.0000
vt 0.3750 0.0000
vt 0.3750 0.0714
vt 0.3750 0.0714
vt 0.3750 0.1429
vt 0.3750 0.1429
vt 0.3750 0.2143
vt 0.3750 0.2143
vt 0.3750 0.2857
vt 0.3750 0.2857
vt 0.3750 0.3571
vt 0.3750 0.3571
vt 0.3750 0.4286
vt 0.3750 0.4286
vt 0.3750 0.5000
vt 0.3750 0.5000
vt 0.3750 0.5714
vt 0.3750 0.5714
vt 0.3750 0.6429
vt 0.3750 0.6429
vt 0.3750 0.7143
vt 0.3750 0.7143
vt 0.3750 0.7857
vt 0.3750 0.7857
vt 0.3750 0.8571
vt 0.3750 0.8571
vt 0.3750 0.9286
vt 0.3750 0.9286
vt 0.3750 1.0000
vt 0.3750 1.0000
vt 0.4167 0.0000
vt 0.4167 0.0000
vt 0.4167 0.0714
vt 0.4167 0.0714
vt 0.4167 0.1429
vt 0.4167 0.1429
vt 0.4167 0.2143
vt 0.4167 0.2143
vt 0.4167 0.2857
vt 0.4167 0.2857
vt 0.4167 0.3571
vt 0.4167 0.3571
vt 0.4167 0.4286
vt 0.4167 0.4286
vt 0.4167 0.5000
vt 0.4167 0.5000
vt 0.4167 0.5714
vt 0.4167 0.5714
vt 0.4167 0.6429
vt 0.4167 0.6429
vt 0.4167 0.7143
vt 0.4167 0.7143
vt 0.4167 0.7857
vt 0.4167 0.7857
vt 0.4167 0.8571
vt 0.4167 0.8571
vt 0.4167 0.9286
vt 0.4167 0.9286
vt 0.4167 1.0000
vt 0.4167 1.0000
vt 0.4583 0.0000
vt 0.4583 0.0000
vt 0.4583 0.0714
vt 0.4583 0.0714
vt 0.4583 0.1429
vt 0.4583 0.1429
vt 0.4583 0.2143
vt 0.4583 0.2143
vt 0.4583 0.2857
vt 0.4583 0.2857
vt 0.4583 0.3571
vt 0.4583 0.3571
vt 0.4583 0.4286
vt 0.4583 0.4286
vt 0.4583 0.5000
vt 0.4583 0.5000
vt 0.4583 0.5714
vt 0.4583 0.5714
vt 0.4583 0.6429
vt 0.4583 0.6429
vt 0.4583 0.7143
vt 0.4583 0.7143
vt 0.4583 0.7857
vt 0.4583 0.7857
vt 0.4583 0.8571
vt 0.4583 0.8571
vt 0.4583 0.9286
vt 0.4583 0.9286
vt 0.4583 1.0000
vt 0.4583 1.0000
vt 0.5000 0.0000
vt 0.5000 0.0000
vt 0.5000 0.0714
vt 0.5000 0.0714
vt 0.5000 0.1429
vt 0.5000 0.1429
vt 0.5000 0.2143
vt 0.5000 0.2143
vt 0.5000 0.2857
vt 0.5000 0.2857
vt 0.5000 0.3571
vt 0.5000 0.3571
vt 0.5000 0.4286
vt 0.5000 0.4286
vt 0.5000 0.5000
vt 0.5000 0.5000
vt 0.5000 0.5714
vt 0.5000 0.5714
vt 0.5000 0.6429
vt 0.5000 0.6429
vt 0.5000 0.7143
vt 0.5000 0.7143
vt 0.5000 0.7857
vt 0.5000 0.7857
vt 0.5000 0.8571
vt 0.5000 0.8571
vt 0.5000 0.9286
vt 0.5000 0.9286
vt 0.5000 1.0000
vt 0.5000 1.0000
vt 0.5417 0.0000
vt 0.5417 0.0000
vt 0.5417 0.0714
vt 0.5417 0.0714
vt 0.5417 0.1429
vt 0.5417 0.1429
vt 0.5417 0.2143
vt 0.5417 0.2143
vt 0.5417 0.2857
vt 0.5417 0.2857
vt 0.5417 0.3571
vt 0.5417 0.3571
vt 0.5417 0.4286
vt 0.5417 0.4286
vt 0.5417 0.5000
vt 0.5417 0.5000
vt 0.5417 0.5714
vt 0.5417 0.5714
vt 0.5417 0.6429
vt 0.5417 0.6429
vt 0.5417 0.7143
vt 0.5417 0.7143
vt 0.5417 0.7857
vt 0.5417 0.7857
vt 0.5417 0.8571
vt 0.5417 0.8571
vt 0.5417 0.9286
vt 0.5417 0.9286
vt 0.5417 1.0000
vt 0.5417 1.0000
vt 0.5833 0.0000
vt 0.5833 0.0000
vt 0.5833 0.0714
vt 0.5833 0.0714
vt 0.5833 0.1429
vt 0.5833 0.1429
vt 0.5833 0.2143
vt 0.5833 0.2143
vt 0.5833 0.2857
vt 0.5833 0.2857
vt 0.5833 0.3571
vt 0.5833 0.3571
vt 0.5833 0.4286
vt 0.5833 0.4286
vt 0.5833 0.5000
vt 0.5833 0.5000
vt 0.5833 0.5714
vt 0.5833 0.5714
vt 0.5833 0.6429
vt 0.5833 0.6429
vt 0.5833 0.7143
vt 0.5833 0.7143
vt 0.5833 0.7857
vt 0.5833 0.7857
vt 0.5833 0.8571
vt 0.5833 0.8571
vt 0.5833 0.9286
vt 0.5833 0.9286
vt 0.5833 1.0000
vt 0.5833 1.0000
vt 0.6250 0.0000
vt 0.6250 0.0000
vt 0.6250 0.0714
vt 0.6250 0.0714
vt 0.6250 0.1429
vt 0.6250 0.1429
vt 0.6250 0.2143
vt 0.6250 0.2143
vt 0.6250 0.2857
vt 0.6250 0.2857
vt 0.6250 0.3571
vt 0.6250 0.3571
vt 0.6250 0.4286
vt 0.6250 0.4286
vt 0.6250 0.5000
vt 0.6250 0.5000
vt 0.6250 0.5714
vt 0.6250 0.5714
vt 0.6250 0.6429
vt 0.6250 0.6429
vt 0.6250 0.7143
vt 0.6250 0.7143
vt 0.6250 0.7857
vt 0.6250 0.7857
vt 0.6250 0.8571
vt 0.6250 0.8571
vt 0.6250 0.9286
vt 0.6250 0.9286
vt 0.6250 1.0000
vt 0.6250 1.0000
vt 0.6667 0.0000
vt 0.6667 0.0000
vt 0.6667 0.0714
vt 0.6667 0.0714
vt 0.6667 0.1429
vt 0.6667 0.1429
vt 0.6667 0.2143
vt 0.6667 0.2143
vt 0.6667 0.2857
vt 0.6667 0.2857
vt 0.6667 0.3571
vt 0.6667 0.3571
vt 0.6667 0.4286
vt 0.6667 0.4286
vt 0.6667 0.5000
vt 0.6667 0.5000
vt 0.6667 0.5714
vt 0.6667 0.5714
vt 0.6667 0.6429
vt 0.6667 0.6429
vt 0.6667 0.7143
vt 0.6667 0.7143
vt 0.6667 0.7857
vt 0.6667 0.7857
vt 0.6667 0.8571
vt 0.6667 0.8571
vt 0.6667 0.9286
vt 0.6667 0.9286
vt 0.6667 1.0000
vt 0.6667 1.0000
vt 0.7083 0.0000
vt 0.7083 0.0000
vt 0.7083 0.0714
vt 0.7083 0.0714
vt 0.7083 0.1429
vt 0.7083 0.1429
vt 0.7083 0.2143
vt 0.7083 0.2143
vt 0.7083 0.2857
vt 0.7083 0.2857
vt 0.7083 0.3571
vt 0.7083 0.3571
vt 0.7083 0.4286
vt 0.7083 0.4286
vt 0.7083 0.5000
vt 0.7083 0.5000
vt 0.7083 0.5714
vt 0.7083 0.5714
vt 0.7083 0.6429
vt 0.7083 0.6429
vt 0.7083 0.7143
vt 0.7083 0.7143
vt 0.7083 0.7857
vt 0.7083 0.7857
vt 0.7083 0.8571
vt 0.7083 0.8571
vt 0.7083 0.9286
vt 0.7083 0.9286
vt 0.7083 1.0000
vt 0.7083 1.0000
vt 0.7500 0.0000
vt 0.7500 0.0000
vt 0.7500 0.0714
vt 0.7500 0.0714
vt 0.7500 0.1429
vt 0.7500 0.1429
vt 0.7500 0.2143
vt 0.7500 0.2143
vt 0.7500 0.2857
vt 0.7500 0.2857
vt 0.7500 0.3571
vt 0.7500 0.3571
vt 0.7500 0.4286
vt 0.7500 0.4286
vt 0.7500 0.5000
vt 0.7500 0.5000
vt 0.7500 0.5714
vt 0.7500 0.5714
vt 0.7500 0.6429
vt 0.7500 0.6429
vt 0.7500 0.7143
vt 0.7500 0.7143
vt 0.7500 0.7857
vt 0.7500 0.7857
vt 0.7500 0.8571
vt 0.7500 0.8571
vt 0.7500 0.9286
vt 0.7500 0.9286
vt 0.7500 1.0000
vt 0.7500 1.0000
vt 0.7917 0.0000
vt 0.7917 0.0000
vt 0.7917 0.0714
vt 0.7917 0.0714
vt 0.7917 0.1429
vt 0.7917 0.1429
vt 0.7917 0.2143
vt 0.7917 0.2143
vt 0.7917 0.2857
vt 0.7917 0.2857
vt 0.7917 0.3571
vt 0.7917 0.3571
vt 0.7917 0.4286
vt 0.7917 0.4286
vt 0.7917 0.5000
vt 0.7917 0.5000
vt 0.7917 0.5714
vt 0.7917 0.5714
vt 0.7917 0.6429
vt 0.7917 0.6429
vt 0.7917 0.7143
vt 0.7917 0.7143
vt 0.7917 0.7857
vt 0.7917 0.7857
vt 0.7917 0.8571
vt 0.7917 0.8571
vt 0.7917 0.9286
vt 0.7917 0.9286
vt 0.7917 1.0000
vt 0.7917 1.0000
vt 0.8333 0.0000
vt 0.8333 0.0000
vt 0.8333 0.0714
vt 0.8333 0.0714
vt 0.8333 0.1429
vt 0.8333 0.1429
vt 0.8333 0.2143
vt 0.8333 0.2143
vt 0.8333 0.2857
vt 0.8333 0.2857
vt 0.8333 0.3571
vt 0.8333 0.3571
vt 0.8333 0.4286
vt 0.8333 0.4286
vt 0.8333 0.5000
vt 0.8333 0.5000
vt 0.8333 0.5714
vt 0.8333 0.5714
vt 0.8333 0.6429
vt 0.8333 0.6429
vt 0.8333 0.7143
vt 0.8333 0.7143
vt 0.8333 0.7857
vt 0.8333 0.7857
vt 0.8333 0.8571
vt 0.8333 0.8571
vt 0.8333 0.9286
vt 0.8333 0.9286
vt 0.8333 1.0000
vt 0.8333 1.0000
vt 0.8750 0.0000
vt 0.8750 0.0000
vt 0.8750 0.0714
vt 0.8750 0.0714
vt 0.8750 0.1429
vt 0.8750 0.1429
vt 0.8750 0.2143
vt 0.8750 0.2143
vt 0.8750 0.2857
vt 0.8750 0.2857
vt 0.8750 0.3571
vt 0.8750 0.3571
vt 0.8750 0.4286
vt 0.8750 0.4286
vt 0.8750 0.5000
vt 0.8750 0.5000
vt 0.8750 0.5714
vt 0.8750 0.5714
vt 0.8750 0.6429
vt 0.8750 0.6429
vt 0.8750 0.7143
vt 0.8750 0.7143
vt 0.8750 0.7857
vt 0.8750 0.7857
vt 0.8750 0.8571
vt 0.8750 0.8571
vt 0.8750 0.9286
vt 0.8750 0.9286
vt 0.8750 1.0000
vt 0.8750 1.0000
vt 0.9167 0.0000
vt 0.9167 0.0000
vt 0.9167 0.0714
vt 0.9167 0.0714
vt 0.9167 0.1429
vt 0.9167 0.1429
vt 0.9167 0.2143
vt 0.9167 0.2143
vt 0.9167 0.2857
vt 0.9167 0.2857
vt 0.9167 0.3571
vt 0.9167 0.3571
vt 0.9167 0.4286
vt 0.9167 0.4286
vt 0.9167 0.5000
vt 0.9167 0.5000
vt 0.9167 0.5714
vt 0.9167 0.5714
vt 0.9167 0.6429
vt 0.9167 0.6429
vt 0.9167 0.7143
vt 0.9167 0.7143
vt 0.9167 0.7857
vt 0.9167 0.7857
vt 0.9167 0.8571
vt 0.9167 0.8571
vt 0.9167 0.9286
vt 0.9167 0.9286
vt 0.9167 1.0000
vt 0.9167 1.0000
vt 0.9583 0.0000
vt 0.9583 0.0000
vt 0.9583 0.0714
vt 0.9583 0.0714
vt 0.9583 0.1429
vt 0.9583 0.1429
vt 0.9583 0.2143
vt 0.9583 0.2143
vt 0.9583 0.2857
vt 0.9583 0.2857
vt 0.9583 0.3571
vt 0.9583 0.3571
vt 0.9583 0.4286
vt 0.9583 0.4286
vt 0.9583 0.5000
vt 0.9583 0.5000
vt 0.9583 0.5714
vt 0.9583 0.5714
vt 0.9583 0.6429
vt 0.9583 0.6429
vt 0.9583 0.7143
vt 0.9583 0.7143
vt 0.9583 0.7857
vt 0.9583 0.7857
vt 0.9583 0.8571
vt 0.9583 0.8571
vt 0.9583 0.9286
vt 0.9583 0.9286
vt 0.9583 1.0000
vt 0.9583 1.0000
vt 1.0000 0.0000
vt 1.0000 0.0000
vt 1.0000 0.0714
vt 1.0000 0.0714
vt 1.0000 0.1429
vt 1.0000 0.1429
vt 1.0000 0.2143
vt 1.0000 0.2143
vt 1.0000 0.2857
vt 1.0000 0.2857
vt 1.0000 0.3571
vt 1.0000 0.3571
vt 1.0000 0.4286
vt 1.0000 0.4286
vt 1.0000 0.5000
vt 1.0000 0.5000
vt 1.0000 0.5714
vt 1.0000 0.5714
vt 1.0000 0.6429
vt 1.0000 0.6429
vt 1.0000 0.7143
vt 1.0000 0.7143
vt 1.0000 0.7857
vt 1.0000 0.7857
vt 1.0000 0.8571
vt 1.0000 0.8571
vt 1.0000 0.9286
vt 1.0000 0.9286
vt 1.0000 1.0000
vt 1.0000 1.0000
vt 0.0000 0.0000
vt 0.0000 0.0000
vt 0.0000 0.0714
vt 0.0000 0.0714
vt 0.0000 0.1429
vt 0.0000 0.1429
vt 0.0000 0.2143
vt 0.0000 0.2143
vt 0.0000 0.2857
vt 0.0000 0.2857
vt 0.0000 0.3571
vt 0.0000 0.3571
vt 0.0000 0.4286
vt 0.0000 0.4286
vt 0.0000 0.5000
vt 0.0000 0.5000
vt 0.0000 0.5714
vt 0.0000 0.5714
vt 0.0000 0.6429
vt 0.0000 0.6429
vt 0.0000 0.7143
vt 0.0000 0.7143
vt 0.0000 0.7857
vt 0.0000 0.7857
vt 0.0000 0.8571
vt 0.0000 0.8571
vt 0.0000 0.9286
vt 0.0000 0.9286
vt 0.0000 1.0000
vt 0.0000 1.0000
vt 0.0417 0.0000
vt 0.0417 0.0000
vt 0.0417 0.0714
vt 0.0417 0.0714
vt 0.0417 0.1429
vt 0.0417 0.1429
vt 0.0417 0.2143
vt 0.0417 0.2143
vt 0.0417 0.2857
vt 0.0417 0.2857
vt 0.0417 0.3571
vt 0.0417 0.3571
vt 0.0417 0.4286
vt 0.0417 0.4286
vt 0.0417 0.5000
vt 0.0417 0.5000
vt 0.0417 0.5714
vt 0.0417 0.5714
vt 0.0417 0.6429
vt 0.0417 0.6429
vt 0.0417 0.7143
vt 0.0417 0.7143
vt 0.0417 0.7857
vt 0.0417 0.7857
vt 0.0417 0.8571
vt 0.0417 0.8571
vt 0.0417 0.9286
vt 0.0417 0.9286
vt 0.0417 1.0000
vt 0.0417 1.0000
vt 0.0833 0.0000
vt 0.0833 0.0000
vt 0.0833 0.0714
vt 0.0833 0.0714
vt 0.0833 0.1429
vt 0.0833 0.1429
vt 0.0833 0.2143
vt 0.0833 0.2143
vt 0.0833 0.2857
vt 0.0833 0.2857
vt 0.0833 0.3571
vt 0.0833 0.3571
vt 0.0833 0.4286
vt 0.0833 0.4286
vt 0.0833 0.5000
vt 0.0833 0.5000
vt 0.0833 0.5714
vt 0.0833 0.5714
vt 0.0833 0.6429
vt 0.0833 0.6429
vt 0.0833 0.7143
vt 0.0833 0.7143
vt 0.0833 0.7857
vt 0.0833 0.7857
vt 0.0833 0.8571
vt 0.0833 0.8571
vt 0.0833 0.9286
vt 0.0833 0.9286
vt 0.0833 1.0000
vt 0.0833 1.0000
vt 0.1250 0.0000
vt 0.1250 0.0000
vt 0.1250 0.0714
vt 0.1250 0.0714
vt 0.1250 0.1429
vt 0.1250 0.1429
vt 0.1250 0.2143
vt 0.1250 0.2143
vt 0.1250 0.2857
vt 0.1250 0.2857
vt 0.1250 0.3571
vt 0.1250 0.3571
vt 0.1250 0.4286
vt 0.1250 0.4286
vt 0.1250 0.5000
vt 0.1250 0.5000
vt 0.1250 0.5714
vt 0.1250 0.5714
vt 0.1250 0.6429
vt 0.1250 0.6429
vt 0.1250 0.7143
vt 0.1250 0.7143
vt 0.1250 0.7857
vt 0.1250 0.7857
vt 0.1250 0.8571
vt 0.1250 0.8571
vt 0.1250 0.9286
vt 0.1250 0.9286
vt 0.1250 1.0000
vt 0.1250 1.0000
vt 0.1667 0.0000
vt 0.1667 0.0000
vt 0.1667 0.0714
vt 0.1667 0.0714
vt 0.1667 0.1429
vt 0.1667 0.1429
vt 0.1667 0.2143
vt 0.1667 0.2143
vt 0.1667 0.2857
vt 0.1667 0.2857
vt 0.1667 0.3571
vt 0.1667 0.3571
vt 0.1667 0.4286
vt 0.1667 0.4286
vt 0.1667 0.5000
vt 0.1667 0.5000
vt 0.1667 0.5714
vt 0.1667 0.5714
vt 0.1667 0.6429
vt 0.1667 0.6429
vt 0.1667 0.7143
vt 0.1667 0.7143
vt 0.1667 0.7857
vt 0.1667 0.7857
vt 0.1667 0.8571
vt 0.1667 0.8571
vt 0.1667 0.9286
vt 0.1667 0.9286
vt 0.1667 1.0000
vt 0.1667 1.0000
vt 0.2083 0.0000
vt 0.2083 0.0000
vt 0.2083 0.0714
vt 0.2083 0.0714
vt 0.2083 0.1429
vt 0.2083 0.1429
vt 0.2083 0.2143
vt 0.2083 0.2143
vt 0.2083 0.2857
vt 0.2083 0.2857
vt 0.2083 0.3571
vt 0.2083 0.3571
vt 0.2083 0.4286
vt 0.2083 0.4286
vt 0.2083 0.5000
vt 0.2083 0.5000
vt 0.2083 0.5714
vt 0.2083 0.5714
vt 0.2083 0.6429
vt 0.2083 0.6429
vt 0.2083 0.7143
vt 0.2083 0.7143
vt 0.2083 0.7857
vt 0.2083 0.7857
vt 0.2083 0.8571
vt 0.2083 0.8571
vt 0.2083 0.9286
vt 0.2083 0.9286
vt 0.2083 1.0000
vt 0.2083 1.0000
vt 0.2500 0.0000
vt 0.2500 0.0000
vt 0.2500 0.0714
vt 0.2500 0.0714
vt 0.2500 0.1429
vt 0.2500 0.1429
vt 0.2500 0.2143
vt 0.2500 0.2143
vt 0.2500 0.2857
vt 0.2500 0.2857
vt 0.2500 0.3571
vt 0.2500 0.3571
vt 0.2500 0.4286
vt 0.2500 0.4286
vt 0.2500 0.5000
vt 0.2500 0.5000
vt 0.2500 0.5714
vt 0.2500 0.5714
vt 0.2500 0.6429
vt 0.2500 0.6429
vt 0.2500 0.7143
vt 0.2500 0.7143
vt 0.2500 0.7857
vt 0.2500 0.7857
vt 0.2500 0.8571
vt 0.2500 0.8571
vt 0.2500 0.9286
vt 0.2500 0.9286
vt 0.2500 1.0000
vt 0.2500 1.0000
vt 0.2917 0.0000
vt 0.2917 0.0000
vt 0.2917 0.0714
vt 0.2917 0.0714
vt 0.2917 0.1429
vt 0.2917 0.1429
vt 0.2917 0.2143
vt 0.2917 0.2143
vt 0.2917 0.2857
vt 0.2917 0.2857
vt 0.2917 0.3571
vt 0.2917 0.3571
vt 0.2917 0.4286
vt 0.2917 0.4286
vt 0.2917 0.5000
vt 0.2917 0.5000
vt 0.2917 0.5714
vt 0.2917 0.5714
vt 0.2917 0.6429
vt 0.2917 0.6429
vt 0.2917 0.7143
vt 0.2917 0.7143
vt 0.2917 0.7857
vt 0.2917 0.7857
vt 0.2917 0.8571
vt 0.2917 0.8571
vt 0.2917 0.9286
vt 0.2917 0.9286
vt 0.2917 1.0000
vt 0.2917 1.0000
vt 0.3333 0.0000
vt 0.3333 0.0000
vt 0.3333 0.0714
vt 0.3333 0.0714
vt 0.3333 0.1429
vt 0.3333 0.1429
vt 0.3333 0.2143
vt 0.3333 0.2143
vt 0.3333 0.2857
vt 0.3333 0.2857
vt 0.3333 0.3571
vt 0.3333 0.3571
vt 0.3333 0.4286
vt 0.3333 0.4286
vt 0.3333 0.5000
vt 0.3333 0.5000
vt 0.3333 0.5714
vt 0.3333 0.5714
vt 0.3333 0.6429
vt 0.3333 0.6429
vt 0.3333 0.7143
vt 0.3333 0.7143
vt 0.3333 0.7857
vt 0.3333 0.7857
vt 0.3333 0.8571
vt 0.3333 0.8571
vt 0.3333 0.9286
vt 0.3333 0.9286
vt 0.3333 1.0000
vt 0.3333 1.0000
vt 0.3750 0.0000
vt 0.3750 0.0000
vt 0.3750 0.0714
vt 0.3750 0.0714
vt 0.3750 0.1429
vt 0.3750 0.1429
vt 0.3750 0.2143
vt 0.3750 0.2143
vt 0.3750 0.2857
vt 0.3750 0.2857
vt 0.3750 0.3571
vt 0.3750 0.3571
vt 0.3750 0.4286
vt 0.3750 0.4286
vt 0.3750 0.5000
vt 0.3750 0.5000
vt 0.3750 0.5714
vt 0.3750 0.5714
vt 0.3750 0.6429
vt 0.3750 0.6429
vt 0.3750 0.7143
vt 0.3750 0.7143
vt 0.3750 0.7857
vt 0.3750 0.7857
vt 0.3750 0.8571
vt 0.3750 0.8571
vt 0.3750 0.9286
vt 0.3750 0.9286
vt 0.3750 1.0000
vt 0.3750 1.0000
vt 0.4167 0.0000
vt 0.4167 0.0000
vt 0.4167 0.0714
vt 0.4167 0.0714
vt 0.4167 0.1429
vt 0.4167 0.1429
vt 0.4167 0.2143
vt 0.4167 0.2143
vt 0.4167 0.2857
vt 0.4167 0.2857
vt 0.4167 0.3571
vt 0.4167 0.3571
vt 0.4167 0.4286
vt 0.4167 0.4286
vt 0.4167 0.5000
vt 0.4167 0.5000
vt 0.4167 0.5714
vt 0.4167 0.5714
vt 0.4167 0.6429
vt 0.4167 0.6429
vt 0.4167 0.7143
vt 0.4167 0.7143
vt 0.4167 0.7857
vt 0.4167 0.7857
vt 0.4167 0.8571
vt 0.4167 0.8571
vt 0.4167 0.9286
vt 0.4167 0.9286
vt 0.4167 1.0000
vt 0.4167 1.0000
vt 0.4583 0.0000
vt 0.4583 0.0000
vt 0.4583 0.0714
vt 0.4583 0.0714
vt 0.4583 0.1429
vt 0.4583 0.1429
vt 0.4583 0.2143
vt 0.4583 0.2143
vt 0.4583 0.2857
vt 0.4583 0.2857
vt 0.4583 0.3571
vt 0.4583 0.3571
vt 0.4583 0.4286
vt 0.4583 0.4286
vt 0.4583 0.5000
vt 0.4583 0.5000
vt 0.4583 0.5714
vt 0.4583 0.5714
vt 0.4583 0.6429
vt 0.4583 0.6429
vt 0.4583 0.7143
vt 0.4583 0.7143
vt 0.4583 0.7857
vt 0.4583 0.7857
vt 0.4583 0.8571
vt 0.4583 0.8571
vt 0.4583 0.9286
vt 0.4583 0.9286
vt 0.4583 1.0000
vt 0.4583 1.0000
vt 0.5000 0.0000
vt 0.5000 0.0000
vt 0.5000 0.0714
vt 0.5000 0.0714
vt 0.5000 0.1429
vt 0.5000 0.1429
vt 0.5000 0.2143
vt 0.5000 0.2143
vt 0.5000 0.2857
vt 0.5000 0.2857
vt 0.5000 0.3571
vt 0.5000 0.3571
vt 0.5000 0.4286
vt 0.5000 0.4286
vt 0.5000 0.5000
vt 0.5000 0.5000
vt 0.5000 0.5714
vt 0.5000 0.5714
vt 0.5000 0.6429
vt 0.5000 0.6429
vt 0.5000 0.7143
vt 0.5000 0.7143
vt 0.5000 0.7857
vt 0.5000 0.7857
vt 0.5000 0.8571
vt 0.5000 0.8571
vt 0.5000 0.9286
vt 0.5000 0.9286
vt 0.5000 1.0000
vt 0.5000 1.0000
vt 0.5417 0.0000
vt 0.5417 0.0000
vt 0.5417 0.0714
vt 0.5417 0.0714
vt 0.5417 0.1429
vt 0.5417 0.1429
vt 0.5417 0.2143
vt 0.5417 0.2143
vt 0.5417 0.2857
vt 0.5417 0.2857
vt 0.5417 0.3571
vt 0.5417 0.3571
vt 0.5417 0.4286
vt 0.5417 0.4286
vt 0.5417 0.5000
vt 0.5417 0.5000
vt 0.5417 0.5714
vt 0.5417 0.5714
vt 0.5417 0.6429
vt 0.5417 0.6429
vt 0.5417 0.7143
vt 0.5417 0.7143
vt 0.5417 0.7857
vt 0.5417 0.7857
vt 0.5417 0.8571
vt 0.5417 0.8571
vt 0.5417 0.9286
vt 0.5417 0.9286
vt 0.5417 1.0000
vt 0.5417 1.0000
vt 0.5833 0.0000
vt 0.5833 0.0000
vt 0.5833 0.0714
vt 0.5833 0.0714
vt 0.5833 0.1429
vt 0.5833 0.1429
vt 0.5833 0.2143
vt 0.5833 0.2143
vt 0.5833 0.2857
vt 0.5833 0.2857
vt 0.5833 0.3571
vt 0.5833 0.3571
vt 0.5833 0.4286
vt 0.5833 0.4286
vt 0.5833 0.5000
vt 0.5833 0.5000
vt 0.5833 0.5714
vt 0.5833 0.5714
vt 0.5833 0.6429
vt 0.5833 0.6429
vt 0.5833 0.7143
vt 0.5833 0.7143
vt 0.5833 0.7857
vt 0.5833 0.7857
vt 0.5833 0.8571
vt 0.5833 0.8571
vt 0.5833 0.9286
vt 0.5833 0.9286
vt 0.5833 1.0000
vt 0.5833 1.0000
vt 0.6250 0.0000
vt 0.6250 0.0000
vt 0.6250 0.0714
vt 0.6250 0.0714
vt 0.6250 0.1429
vt 0.6250 0.1429
vt 0.6250 0.2143
vt 0.6250 0.2143
vt 0.6250 0.2857
vt 0.6250 0.2857
vt 0.6250 0.3571
vt 0.6250 0.3571
vt 0.6250 0.4286
vt 0.6250 0.4286
vt 0.6250 0.5000
vt 0.6250 0.5000
vt 0.6250 0.5714
vt 0.6250 0.5714
vt 0.6250 0.6429
vt 0.6250 0.6429
vt 0.6250 0.7143
vt 0.6250 0.7143
vt 0.6250 0.7857
vt 0.6250 0.7857
vt 0.6250 0.8571
vt 0.6250 0.8571
vt 0.6250 0.9286
vt 0.6250 0.9286
vt 0.6250 1.0000
vt 0.6250 1.0000
vt 0.6667 0.0000
vt 0.6667 0.0000
vt 0.6667 0.0714
vt 0.6667 0.0714
vt 0.6667 0.1429
vt 0.6667 0.1429
vt 0.6667 0.2143
vt 0.6667 0.2143
vt 0.6667 0.2857
vt 0.6667 0.2857
vt 0.6667 0.3571
vt 0.6667 0.3571
vt 0.6667 0.4286
vt 0.6667 0.4286
vt 0.6667 0.5000
vt 0.6667 0.5000
vt 0.6667 0.5714
vt 0.6667 0.5714
vt 0.6667 0.6429
vt 0.6667 0.6429
vt 0.6667 0.7143
vt 0.6667 0.7143
vt 0.6667 0.7857
vt 0.6667 0.7857
vt 0.6667 0.8571
vt 0.6667 0.8571
vt 0.6667 0.9286
vt 0.6667 0.9286
vt 0.6667 1.0000
vt 0.6667 1.0000
vt 0.7083 0.0000
vt 0.7083 0.0000
vt 0.7083 0.0714
vt 0.7083 0.0714
vt 0.7083 0.1429
vt 0.7083 0.1429
vt 0.7083 0.2143
vt 0.7083 0.2143
vt 0.7083 0.2857
vt 0.7083 0.2857
vt 0.7083 0.3571
vt 0.7083 0.3571
vt 0.7083 0.4286
vt 0.7083 0.4286
vt 0.7083 0.5000
vt 0.7083 0.5000
vt 0.7083 0.5714
vt 0.7083 0.5714
vt 0.7083 0.6429
vt 0.7083 0.6429
vt 0.7083 0.7143
vt 0.7083 0.7143
vt 0.7083 0.7857
vt 0.7083 0.7857
vt 0.7083 0.8571
vt 0.7083 0.8571
vt 0.7083 0.9286
vt 0.7083 0.9286
vt 0.7083 1.0000
vt 0.7083 1.0000
vt 0.7500 0.0000
vt 0.7500 0.0000
vt 0.7500 0.0714
vt 0.7500 0.0714
vt 0.7500 0.1429
vt 0.7500 0.1429
vt 0.7500 0.2143
vt 0.7500 0.2143
vt 0.7500 0.2857
vt 0.7500 0.2857
vt 0.7500 0.3571
vt 0.7500 0.3571
vt 0.7500 0.4286
vt 0.7500 0.4286
vt 0.7500 0.5000
vt 0.7500 0.5000
vt 0.7500 0.5714
vt 0.7500 0.5714
vt 0.7500 0.6429
vt 0.7500 0.6429
vt 0.7500 0.7143
vt 0.7500 0.7143
vt 0.7500 0.7857
vt 0.7500 0.7857
vt 0.7500 0.8571
vt 0.7500 0.8571
vt 0.7500 0.9286
vt 0.7500 0.9286
vt 0.7500 1.0000
vt 0.7500 1.0000
vt 0.7917 0.0000
vt 0.7917 0.0000
vt 0.7917 0.0714
vt 0.7917 0.0714
vt 0.7917 0.1429
vt 0.7917 0.1429
vt 0.7917 0.2143
vt 0.7917 0.2143
vt 0.7917 0.2857
vt 0.7917 0.2857
vt 0.7917 0.3571
vt 0.7917 0.3571
vt 0.7917 0.4286
vt 0.7917 0.4286
vt 0.7917 0.5000
vt 0.7917 0.5000
vt 0.7917 0.5714
vt 0.7917 0.5714
vt 0.7917 0.6429
vt 0.7917 0.6429
vt 0.7917 0.7143
vt 0.7917 0.7143
vt 0.7917 0.7857
vt 0.7917 0.7857
vt 0.7917 0.8571
vt 0.7917 0.8571
vt 0.7917 0.9286
vt 0.7917 0.9286
vt 0.7917 1.0000
vt 0.7917 1.0000
vt 0.8333 0.0000
vt 0.8333 0.0000
vt 0.8333 0.0714
vt 0.8333 0.0714
vt 0.8333 0.1429
vt 0.8333 0.1429
vt 0.8333 0.2143
vt 0.8333 0.2143
vt 0.8333 0.2857
vt 0.8333 0.2857
vt 0.8333 0.3571
vt 0.8333 0.3571
vt 0.8333 0.4286
vt 0.8333 0.4286
vt 0.8333 0.5000
vt 0.8333 0.5000
vt 0.8333 0.5714
vt 0.8333 0.5714
vt 0.8333 0.6429
vt 0.8333 0.6429
vt 0.8333 0.7143
vt 0.8333 0.7143
vt 0.8333 0.7857
vt 0.8333 0.7857
vt 0.8333 0.8571
vt 0.8333 0.8571
vt 0.8333 0.9286
vt 0.8333 0.9286
vt 0.8333 1.0000
vt 0.8333 1.0000
vt 0.8750 0.0000
vt 0.8750 0.0000
vt 0.8750 0.0714
vt 0.8750 0.0714
vt 0.8750 0.1429
vt 0.8750 0.1429
vt 0.8750 0.2143
vt 0.8750 0.2143
vt 0.8750 0.2857
vt 0.8750 0.2857
vt 0.8750 0.3571
vt 0.8750 0.3571
vt 0.8750 0.4286
vt 0.8750 0.4286
vt 0.8750 0.5000
vt 0.8750 0.5000
vt 0.8750 0.5714
vt 0.8750 0.5714
vt 0.8750 0.6429
vt 0.8750 0.6429
vt 0.8750 0.7143
vt 0.8750 0.7143
vt 0.8750 0.7857
vt 0.8750 0.7857
vt 0.8750 0.8571
vt 0.8750 0.8571
vt 0.8750 0.9286
vt 0.8750 0.9286
vt 0.8750 1.0000
vt 0.8750 1.0000
vt 0.9167 0.0000
vt 0.9167 0.0000
vt 0.9167 0.0714
vt 0.9167 0.0714
vt 0.9167 0.1429
vt 0.9167 0.1429
vt 0.9167 0.2143
vt 0.9167 0.2143
vt 0.9167 0.2857
vt 0.9167 0.2857
vt 0.9167 0.3571
vt 0.9167 0.3571
vt 0.9167 0.4286
vt 0.9167 0.4286
vt 0.9167 0.5000
vt 0.9167 0.5000
vt 0.9167 0.5714
vt 0.9167 0.5714
vt 0.9167 0.6429
vt 0.9167 0.6429
vt 0.9167 0.7143
vt 0.9167 0.7143
vt 0.9167 0.7857
vt 0.9167 0.7857
vt 0.9167 0.8571
vt 0.9167 0.8571
vt 0.9167 0.9286
vt 0.9167 0.9286
vt 0.9167 1.0000
vt 0.9167 1.0000
vt 0.9583 0.0000
vt 0.9583 0.0000
vt 0.9583 0.0714
vt 0.9583 0.0714
vt 0.9583 0.1429
vt 0.9583 0.1429
vt 0.9583 0.2143
vt 0.9583 0.2143
vt 0.9583 0.2857
vt 0.9583 0.2857
vt 0.9583 0.3571
vt 0.9583 0.3571
vt 0.9583 0.4286
vt 0.9583 0.4286
vt 0.9583 0.5000
vt 0.9583 0.5000
vt 0.9583 0.5714
vt 0.9583 0.5714
vt 0.9583 0.6429
vt 0.9583 0.6429
vt 0.9583 0.7143
vt 0.9583 0.7143
vt 0.9583 0.7857
vt 0.9583 0.7857
vt 0.9583 0.8571
vt 0.9583 0.8571
vt 0.9583 0.9286
vt 0.9583 0.9286
vt 0.9583 1.0000
vt 0.9583 1.0000
vt 1.0000 0.0000
vt 1.0000 0.0000
vt 1.0000 0.0714
vt 1.0000 0.0714
vt 1.0000 0.1429
vt 1.0000 0.1429
vt 1.0000 0.2143
vt 1.0000 0.2143
vt 1.0000 0.2857
vt 1.0000 0.2857
vt 1.0000 0.3571
vt 1.0000 0.3571
vt 1.0000 0.4286
vt 1.0000 0.4286
vt 1.0000 0.5000
vt 1.0000 0.5000
vt 1.0000 0.5714
vt 1.0000 0.5714
vt 1.0000 0.6429
vt 1.0000 0.6429
vt 1.0000 0.7143
vt 1.0000 0.7143
vt 1.0000 0.7857
vt 1.0000 0.7857
vt 1.0000 0.8571
vt 1.0000 0.8571
vt 1.0000 0.9286
vt 1.0000 0.9286
vt 1.0000 1.0000
vt 1.0000 1.0000
vt 0.0000 0.0000
vt 0.0000 0.0000
vt 0.0000 0.0714
vt 0.0000 0.0714
vt 0.0000 0.1429
vt 0.0000 0.1429
vt 0.0000 0.2143
vt 0.0000 0.2143
vt 0.0000 0.2857
vt 0.0000 0.2857
vt 0.0000 0.3571
vt 0.0000 0.3571
vt 0.0000 0.4286
vt 0.0000 0.4286
vt 0.0000 0.5000
vt 0.0000 0.5000
vt 0.0000 0.5714
vt 0.0000 0.5714
vt 0.0000 0.6429
vt 0.0000 0.6429
vt 0.0000 0.7143
vt 0.0000 0.7143
vt 0.0000 0.7857
vt 0.0000 0.7857
vt 0.0000 0.8571
vt 0.0000 0.8571
vt 0.0000 0.9286
vt 0.0000 0.9286
vt 0.0000 1.0000
vt 0.0000 1.0000
vt 0.0417 0.0000
vt 0.0417 0.0000
vt 0.0417 0.0714
vt 0.0417 0.0714
vt 0.0417 0.1429
vt 0.0417 0.1429
vt 0.0417 0.2143
vt 0.0417 0.2143
vt 0.0417 0.2857
vt 0.0417 0.2857
vt 0.0417 0.3571
vt 0.0417 0.3571
vt 0.0417 0.4286
vt 0.0417 0.4286
vt 0.0417 0.5000
vt 0.0417 0.5000
vt 0.0417 0.5714
vt 0.0417 0.5714
vt 0.0417 0.6429
vt 0.0417 0.6429
vt 0.0417 0.7143
vt 0.0417 0.7143
vt 0.0417 0.7857
vt 0.0417 0.7857
vt 0.0417 0.8571
vt 0.0417 0.8571
vt 0.0417 0.9286
vt 0.0417 0.9286
vt 0.0417 1.0000
vt 0.0417 1.0000
vt 0.0833 0.0000
vt 0.0833 0.0000
vt 0.0833 0.0714
vt 0.0833 0.0714
vt 0.0833 0.1429
vt 0.0833 0.1429
vt 0.0833 0.2143
vt 0.0833 0.2143
vt 0.0833 0.2857
vt 0.0833 0.2857
vt 0.0833 0.3571
vt 0.0833 0.3571
vt 0.0833 0.4286
vt 0.0833 0.4286
vt 0.0833 0.5000
vt 0.0833 0.5000
vt 0.0833 0.5714
vt 0.0833 0.5714
vt 0.0833 0.6429
vt 0.0833 0.6429
vt 0.0833 0.7143
vt 0.0833 0.7143
vt 0.0833 0.7857
vt 0.0833 0.7857
vt 0.0833 0.8571
vt 0.0833 0.8571
vt 0.0833 0.9286
vt 0.0833 0.9286
vt 0.0833 1.0000
vt 0.0833 1.0000
vt 0.1250 0.0000
vt 0.1250 0.0000
vt 0.1250 0.0714
vt 0.1250 0.0714
vt 0.1250 0.1429
vt 0.1250 0.1429
vt 0.1250 0.2143
vt 0.1250 0.2143
vt 0.1250 0.2857
vt 0.1250 0.2857
vt 0.1250 0.3571
vt 0.1250 0.3571
vt 0.1250 0.4286
vt 0.1250 0.4286
vt 0.1250 0.5000
vt 0.1250 0.5000
vt 0.1250 0.5714
vt 0.1250 0.5714
vt 0.1250 0.6429
vt 0.1250 0.6429
vt 0.1250 0.7143
vt 0.1250 0.7143
vt 0.1250 0.7857
vt 0.1250 0.7857
vt 0.1250 0.8571
vt 0.1250 0.8571
vt 0.1250 0.9286
vt 0.1250 0.9286
vt 0.1250 1.0000
vt 0.1250 1.0000
vt 0.1667 0.0000
vt 0.1667 0.0000
vt 0.1667 0.0714
vt 0.1667 0.0714
vt 0.1667 0.1429
vt 0.1667 0.1429
vt 0.1667 0.2143
vt 0.1667 0.2143
vt 0.1667 0.2857
vt 0.1667 0.2857
vt 0.1667 0.3571
vt 0.1667 0.3571
vt 0.1667 0.4286
vt 0.1667 0.4286
vt 0.1667 0.5000
vt 0.1667 0.5000
vt 0.1667 0.5714
vt 0.1667 0.5714
vt 0.1667 0.6429
vt 0.1667 0.6429
vt 0.1667 0.7143
vt 0.1667 0.7143
vt 0.1667 0.7857
vt 0.1667 0.7857
vt 0.1667 0.8571
vt 0.1667 0.8571
vt 0.1667 0.9286
vt 0.1667 0.9286
vt 0.1667 1.0000
vt 0.1667 1.0000
vt 0.2083 0.0000
vt 0.2083 0.0000
vt 0.2083 0.0714
vt 0.2083 0.0714
vt 0.2083 0.1429
vt 0.2083 0.1429
vt 0.2083 0.2143
vt 0.2083 0.2143
vt 0.2083 0.2857
vt 0.2083 0.2857
vt 0.2083 0.3571
vt 0.2083 0.3571
vt 0.2083 0.4286
vt 0.2083 0.4286
vt 0.2083 0.5000
vt 0.2083 0.5000
vt 0.2083 0.5714
vt 0.2083 0.5714
vt 0.2083 0.6429
vt 0.2083 0.6429
vt 0.2083 0.7143
vt 0.2083 0.7143
vt 0.2083 0.7857
vt 0.2083 0.7857
vt 0.2083 0.8571
vt 0.2083 0.8571
vt 0.2083 0.9286
vt 0.2083 0.9286
vt 0.2083 1.0000
vt 0.2083 1.0000
vt 0.2500 0.0000
vt 0.2500 0.0000
vt 0.2500 0.0714
vt 0.2500 0.0714
vt 0.2500 0.1429
vt 0.2500 0.1429
vt 0.2500 0.2143
vt 0.2500 0.2143
vt 0.2500 0.2857
vt 0.2500 0.2857
vt 0.2500 0.3571
vt 0.2500 0.3571
vt 0.2500 0.4286
vt 0.2500 0.4286
vt 0.2500 0.5000
vt 0.2500 0.5000
vt 0.2500 0.5714
vt 0.2500 0.5714
vt 0.2500 0.6429
vt 0.2500 0.6429
vt 0.2500 0.7143
vt 0.2500 0.7143
vt 0.2500 0.7857
vt 0.2500 0.7857
vt 0.2500 0.8571
vt 0.2500 0.8571
vt 0.2500 0.9286
vt 0.2500 0.9286
vt 0.2500 1.0000
vt 0.2500 1.0000
vt 0.2917 0.0000
vt 0.2917 0.0000
vt 0.2917 0.0714
vt 0.2917 0.0714
vt 0.2917 0.1429
vt 0.2917 0.1429
vt 0.2917 0.2143
vt 0.2917 0.2143
vt 0.2917 0.2857
vt 0.2917 0.2857
vt 0.2917 0.3571
vt 0.2917 0.3571
vt 0.2917 0.4286
vt 0.2917 0.4286
vt 0.2917 0.5000
vt 0.2917 0.5000
vt 0.2917 0.5714
vt 0.2917 0.5714
vt 0.2917 0.6429
vt 0.2917 0.6429
vt 0.2917 0.7143
vt 0.2917 0.7143
vt 0.2917 0.7857
vt 0.2917 0.7857
vt 0.2917 0.8571
vt 0.2917 0.8571
vt 0.2917 0.9286
vt 0.2917 0.9286
vt 0.2917 1.0000
vt 0.2917 1.0000
vt 0.3333 0.0000
vt 0.3333 0.0000
vt 0.3333 0.0714
vt 0.3333 0.0714
vt 0.3333 0.1429
vt 0.3333 0.1429
vt 0.3333 0.2143
vt 0.3333 0.2143
vt 0.3333 0.2857
vt 0.3333 0.2857
vt 0.3333 0.3571
vt 0.3333 0.3571
vt 0.3333 0.4286
vt 0.3333 0.4286
vt 0.3333 0.5000
vt 0.3333 0.5000
vt 0.3333 0.5714
vt 0.3333 0.5714
vt 0.3333 0.6429
vt 0.3333 0.6429
vt 0.3333 0.7143
vt 0.3333 0.7143
vt 0.3333 0.7857
vt 0.3333 0.7857
vt 0.3333 0.8571
vt 0.3333 0.8571
vt 0.3333 0.9286
vt 0.3333 0.9286
vt 0.3333 1.0000
vt 0.3333 1.0000
vt 0.3750 0.0000
vt 0.3750 0.0000
vt 0.3750 0.0714
vt 0.3750 0.0714
vt 0.3750 0.1429
vt 0.3750 0.1429
vt 0.3750 0.2143
vt 0.3750 0.2143
vt 0.3750 0.2857
vt 0.3750 0.2857
vt 0.3750 0.3571
vt 0.3750 0.3571
vt 0.3750 0.4286
vt 0.3750 0.4286
vt 0.3750 0.5000
vt 0.3750 0.5000
vt 0.3750 0.5714
vt 0.3750 0.5714
vt 0.3750 0.6429
vt 0.3750 0.6429
vt 0.3750 0.7143
vt 0.3750 0.7143
vt 0.3750 0.7857
vt 0.3750 0.7857
vt 0.3750 0.8571
vt 0.3750 0.8571
vt 0.3750 0.9286
vt 0.3750 0.9286
vt 0.3750 1.0000
vt 0.3750 1.0000
vt 0.4167 0.0000
vt 0.4167 0.0000
vt 0.4167 0.0714
vt 0.4167 0.0714
vt 0.4167 0.1429
vt 0.4167 0.1429
vt 0.4167 0.2143
vt 0.4167 0.2143
vt 0.4167 0.2857
vt 0.4167 0.2857
vt 0.4167 0.3571
vt 0.4167 0.3571
vt 0.4167 0.4286
vt 0.4167 0.4286
vt 0.4167 0.5000
vt 0.4167 0.5000
vt 0.4167 0.5714
vt 0.4167 0.5714
vt 0.4167 0.6429
vt 0.4167 0.6429
vt 0.4167 0.7143
vt 0.4167 0.7143
vt 0.4167 0.7857
vt 0.4167 0.7857
vt 0.4167 0.8571
vt 0.4167 0.8571
vt 0.4167 0.9286
vt 0.4167 0.9286
vt 0.4167 1.0000
vt 0.4167 1.0000
vt 0.4583 0.0000
vt 0.4583 0.0000
vt 0.4583 0.0714
vt 0.4583 0.0714
vt 0.4583 0.1429
vt 0.4583 0.1429
vt 0.4583 0.2143
vt 0.4583 0.2143
vt 0.4583 0.2857
vt 0.4583 0.2857
vt 0.4583 0.3571
vt 0.4583 0.3571
vt 0.4583 0.4286
vt 0.4583 0.4286
vt 0.4583 0.5000
vt 0.4583 0.5000
vt 0.4583 0.5714
vt 0.4583 0.5714
vt 0.4583 0.6429
vt 0.4583 0.6429
vt 0.4583 0.7143
vt 0.4583 0.7143
vt 0.4583 0.7857
vt 0.4583 0.7857
vt 0.4583 0.8571
vt 0.4583 0.8571
vt 0.4583 0.9286
vt 0.4583 0.9286
vt 0.4583 1.0000
vt 0.4583 1.0000
vt 0.5000 0.0000
vt 0.5000 0.0000
vt 0.5000 0.0714
vt 0.5000 0.0714
vt 0.5000 0.1429
vt 0.5000 0.1429
vt 0.5000 0.2143
vt 0.5000 0.2143
vt 0.5000 0.2857
vt 0.5000 0.2857
vt 0.5000 0.3571
vt 0.5000 0.3571
vt 0.5000 0.4286
vt 0.5000 0.4286
vt 0.5000 0.5000
vt 0.5000 0.5000
vt 0.5000 0.5714
vt 0.5000 0.5714
vt 0.5000 0.6429
vt 0.5000 0.6429
vt 0.5000 0.7143
vt 0.5000 0.7143
vt 0.5000 0.7857
vt 0.5000 0.7857
vt 0.5000 0.8571
vt 0.5000 0.8571
vt 0.5000 0.9286
vt 0.5000 0.9286
vt 0.5000 1.0000
vt 0.5000 1.0000
vt 0.5417 0.0000
vt 0.5417 0.0000
vt 0.5417 0.0714
vt 0.5417 0.0714
vt 0.5417 0.1429
vt 0.5417 0.1429
vt 0.5417 0.2143
vt 0.5417 0.2143
vt 0.5417 0.2857
vt 0.5417 0.2857
vt 0.5417 0.3571
vt 0.5417 0.3571
vt 0.5417 0.4286
vt 0.5417 0.4286
vt 0.5417 0.5000
vt 0.5417 0.5000
vt 0.5417 0.5714
vt 0.5417 0.5714
vt 0.5417 0.6429
vt 0.5417 0.6429
vt 0.5417 0.7143
vt 0.5417 0.7143
vt 0.5417 0.7857
vt 0.5417 0.7857
vt 0.5417 0.8571
vt 0.5417 0.8571
vt 0.5417 0.9286
vt 0.5417 0.9286
vt 0.5417 1.0000
vt 0.5417 1.0000
vt 0.5833 0.0000
vt 0.5833 0.0000
vt 0.5833 0.0714
vt 0.5833 0.0714
vt 0.5833 0.1429
vt 0.5833 0.1429
vt 0.5833 0.2143
vt 0.5833 0.2143
vt 0.5833 0.2857
vt 0.5833 0.2857
vt 0.5833 0.3571
vt 0.5833 0.3571
vt 0.5833 0.4286
vt 0.5833 0.4286
vt 0.5833 0.5000
vt 0.5833 0.5000
vt 0.5833 0.5714
vt 0.5833 0.5714
vt 0.5833 0.6429
vt 0.5833 0.6429
vt 0.5833 0.7143
vt 0.5833 0.7143
vt 0.5833 0.7857
vt 0.5833 0.7857
vt 0.5833 0.8571
vt 0.5833 0.8571
vt 0.5833 0.9286
vt 0.5833 0.9286
vt 0.5833 1.0000
vt 0.5833 1.0000
vt 0.6250 0.0000
vt 0.6250 0.0000
vt 0.6250 0.0714
vt 0.6250 0.0714
vt 0.6250 0.1429
vt 0.6250 0.1429
vt 0.6250 0.2143
vt 0.6250 0.2143
vt 0.6250 0.2857
vt 0.6250 0.2857
vt 0.6250 0.3571
vt 0.6250 0.3571
vt 0.6250 0.4286
vt 0.6250 0.4286
vt 0.6250 0.5000
vt 0.6250 0.5000
vt 0.6250 0.5714
vt 0.6250 0.5714
vt 0.6250 0.6429
vt 0.6250 0.6429
vt 0.6250 0.7143
vt 0.6250 0.7143
vt 0.6250 0.7857
vt 0.6250 0.7857
vt 0.6250 0.8571
vt 0.6250 0.8571
vt 0.6250 0.9286
vt 0.6250 0.9286
vt 0.6250 1.0000
vt 0.6250 1.0000
vt 0.6667 0.0000
vt 0.6667 0.0000
vt 0.6667 0.0714
vt 0.6667 0.0714
vt 0.6667 0.1429
vt 0.6667 0.1429
vt 0.6667 0.2143
vt 0.6667 0.2143
vt 0.6667 0.2857
vt 0.6667 0.2857
vt 0.6667 0.3571
vt 0.6667 0.3571
vt 0.6667 0.4286
vt 0.6667 0.4286
vt 0.6667 0.5000
vt 0.6667 0.5000
vt 0.6667 0.5714
vt 0.6667 0.5714
vt 0.6667 0.6429
vt 0.6667 0.6429
vt 0.6667 0.7143
vt 0.6667 0.7143
vt 0.6667 0.7857
vt 0.6667 0.7857
vt 0.6667 0.8571
vt 0.6667 0.8571
vt 0.6667 0.9286
vt 0.6667 0.9286
vt 0.6667 1.0000
vt 0.6667 1.0000
vt 0.7083 0.0000
vt 0.7083 0.0000
vt 0.7083 0.0714
vt 0.7083 0.0714
vt 0.7083 0.1429
vt 0.7083 0.1429
vt 0.7083 0.2143
vt 0.7083 0.2143
vt 0.7083 0.2857
vt 0.7083 0.2857
vt 0.7083 0.3571
vt 0.7083 0.3571
vt 0.7083 0.4286
vt 0.7083 0.4286
vt 0.7083 0.5000
vt 0.7083 0.5000
vt 0.7083 0.5714
vt 0.7083 0.5714
vt 0.7083 0.6429
vt 0.7083 0.6429
vt 0.7083 0.7143
vt 0.7083 0.7143
vt 0.7083 0.7857
vt 0.7083 0.7857
vt 0.7083 0.8571
vt 0.7083 0.8571
vt 0.7083 0.9286
vt 0.7083 0.9286
vt 0.7083 1.0000
vt 0.7083 1.0000
vt 0.7500 0.0000
vt 0.7500 0.0000
vt 0.7500 0.0714
vt 0.7500 0.0714
vt 0.7500 0.1429
vt 0.7500 0.1429
vt 0.7500 0.2143
vt 0.7500 0.2143
vt 0.7500 0.2857
vt 0.7500 0.2857
vt 0.7500 0.3571
vt 0.7500 0.3571
vt 0.7500 0.4286
vt 0.7500 0.4286
vt 0.7500 0.5000
vt 0.7500 0.5000
vt 0.7500 0.5714
vt 0.7500 0.5714
vt 0.7500 0.6429
vt 0.7500 0.6429
vt 0.7500 0.7143
vt 0.7500 0.7143
vt 0.7500 0.7857
vt 0.7500 0.7857
vt 0.7500 0.8571
vt 0.7500 0.8571
vt 0.7500 0.9286
vt 0.7500 0.9286
vt 0.7500 1.0000
vt 0.7500 1.0000
vt 0.7917 0.0000
vt 0.7917 0.0000
vt 0.7917 0.0714
vt 0.7917 0.0714
vt 0.7917 0.1429
vt 0.7917 0.1429
vt 0.7917 0.2143
vt 0.7917 0.2143
vt 0.7917 0.2857
vt 0.7917 0.2857
vt 0.7917 0.3571
vt 0.7917 0.3571
vt 0.7917 0.4286
vt 0.7917 0.4286
vt 0.7917 0.5000
vt 0.7917 0.5000
vt 0.7917 0.5714
vt 0.7917 0.5714
vt 0.7917 0.6429
vt 0.7917 0.6429
vt 0.7917 0.7143
vt 0.7917 0.7143
vt 0.7917 0.7857
vt 0.7917 0.7857
vt 0.7917 0.8571
vt 0.7917 0.8571
vt 0.7917 0.9286
vt 0.7917 0.9286
vt 0.7917 1.0000
vt 0.7917 1.0000
vt 0.8333 0.0000
vt 0.8333 0.0000
vt 0.8333 0.0714
vt 0.8333 0.0714
vt 0.8333 0.1429
vt 0.8333 0.1429
vt 0.8333 0.2143
vt 0.8333 0.2143
vt 0.8333 0.2857
vt 0.8333 0.2857
vt 0.8333 0.3571
vt 0.8333 0.3571
vt 0.8333 0.4286
vt 0.8333 0.4286
vt 0.8333 0.5000
vt 0.8333 0.5000
vt 0.8333 0.5714
vt 0.8333 0.5714
vt 0.8333 0.6429
vt 0.8333 0.6429
vt 0.8333 0.7143
vt 0.8333 0.7143
vt 0.8333 0.7857
vt 0.8333 0.7857
vt 0.8333 0.8571
vt 0.8333 0.8571
vt 0.8333 0.9286
vt 0.8333 0.9286
vt 0.8333 1.0000
vt 0.8333 1.0000
vt 0.8750 0.0000
vt 0.8750 0.0000
vt 0.8750 0.0714
vt 0.8750 0.0714
vt 0.8750 0.1429
vt 0.8750 0.1429
vt 0.8750 0.2143
vt 0.8750 0.2143
vt 0.8750 0.2857
vt 0.8750 0.2857
vt 0.8750 0.3571
vt 0.8750 0.3571
vt 0.8750 0.4286
vt 0.8750 0.4286
vt 0.8750 0.5000
vt 0.8750 0.5000
vt 0.8750 0.5714
vt 0.8750 0.5714
vt 0.8750 0.6429
vt 0.8750 0.6429
vt 0.8750 0.7143
vt 0.8750 0.7143
vt 0.8750 0.7857
vt 0.8750 0.7857
vt 0.8750 0.8571
vt 0.8750 0.8571
vt 0.8750 0.9286
vt 0.8750 0.9286
vt 0.8750 1.0000
vt 0.8750 1.0000
vt 0.9167 0.0000
vt 0.9167 0.0000
vt 0.9167 0.0714
vt 0.9167 0.0714
vt 0.9167 0.1429
vt 0.9167 0.1429
vt 0.9167 0.2143
vt 0.9167 0.2143
vt 0.9167 0.2857
vt 0.9167 0.2857
vt 0.9167 0.3571
vt 0.9167 0.3571
vt 0.9167 0.4286
vt 0.9167 0.4286
vt 0.9167 0.5000
vt 0.9167 0.5000
vt 0.9167 0.5714
vt 0.9167 0.5714
vt 0.9167 0.6429
vt 0.9167 0.6429
vt 0.9167 0.7143
vt 0.9167 0.7143
vt 0.9167 0.7857
vt 0.9167 0.7857
vt 0.9167 0.8571
vt 0.9167 0.8571
vt 0.9167 0.9286
vt 0.9167 0.9286
vt 0.9167 1.0000
vt 0.9167 1.0000
vt 0.9583 0.0000
vt 0.9583 0.0000
vt 0.9583 0.0714
vt 0.9583 0.0714
vt 0.9583 0.1429
vt 0.9583 0.1429
vt 0.9583 0.2143
vt 0.9583 0.2143
vt 0.9583 0.2857
vt 0.9583 0.2857
vt 0.9583 0.3571
vt 0.9583 0.3571
vt 0.9583 0.4286
vt 0.9583 0.4286
vt 0.9583 0.5000
vt 0.9583 0.5000
vt 0.9583 0.5714
vt 0.9583 0.5714
vt 0.9583 0.6429
vt 0.9583 0.6429
vt 0.9583 0.7143
vt 0.9583 0.7143
vt 0.9583 0.7857
vt 0.9583 0.7857
vt 0.9583 0.8571
vt 0.9583 0.8571
vt 0.9583 0.9286
vt 0.9583 0.9286
vt 0.9583 1.0000
vt 0.9583 1.0000
vt 1.0000 0.0000
vt 1.0000 0.0000
vt 1.0000 0.0714
vt 1.0000 0.0714
vt 1.0000 0.1429
vt 1.0000 0.1429
vt 1.0000 0.2143
vt 1.0000 0.2143
vt 1.0000 0.2857
vt 1.0000 0.2857
vt 1.0000 0.3571
vt 1.0000 0.3571
vt 1.0000 0.4286
vt 1.0000 0.4286
vt 1.0000 0.5000
vt 1.0000 0.5000
vt 1.0000 0.5714
vt 1.0000 0.5714
vt 1.0000 0.6429
vt 1.0000 0.6429
vt 1.0000 0.7143
vt 1.0000 0.7143
vt 1.0000 0.7857
vt 1.0000 0.7857
vt 1.0000 0.8571
vt 1.0000 0.8571
vt 1.0000 0.9286
vt 1.0000 0.9286
vt 1.0000 1.0000
vt 1.0000 1.0000
# 6000 texture coords

s 1
f 1/1/1 31/31/31 33/33/33 3/3/3
f 3/3/3 33/33/33 35/35/35 5/5/5
f 5/5/5 35/35/35 37/37/37 7/7/7
f 7/7/7 37/37/37 39/39/39 9/9/9
f 9/9/9 39/39/39 41/41/41 11/11/11
f 11/11/11 41/41/41 43/43/43 13/13/13
f 13/13/13 43/43/43 45/45/45 15/15/15
f 15/15/15 45/45/45 47/47/47 17/17/17
f 17/17/17 47/47/47 49/49/49 19/19/19
f 19/19/19 49/49/49 51/51/51 21/21/21
f 21/21/21 51/51/51 53/53/53 23/23/23
f 23/23/23 53/53/53 55/55/55 25/25/25
f 25/25/25 55/55/55 57/57/57 27/27/27
f 27/27/27 57/57/57 59/59/59 29/29/29
f 31/31/31 61/61/61 63/63/63 33/33/33
f 33/33/33 63/63/63 65/65/65 35/35/35
f 35/35/35 65/65/65 67/67/67 37/37/37
f 37/37/37 67/67/67 69/69/69 39/39/39
f 39/39/39 69/69/69 71/71/71 41/41/41
f 41/41/41 71/71/71 73/73/73 43/43/43
f 43/43/43 73/73/73 75/75/75 45/45/45
f 45/45/45 75/75/75 77/77/77 47/47/47
f 47/47/47 77/77/77 79/79/79 49/49/49
f 49/49/49 79/79/79 81/81/81 51/51/51
f 51/51/51 81/81/81 83/83/83 53/53/53
f 53/53/53 83/83/83 85/85/85 55/55/55
f 55/55/55 85/85/85 87/87/87 57/57/57
f 57/57/57 87/87/87 89/89/89 59/59/59
f 61/61/61 91/91/91 93/93/93 63/63/63
f 63/63/63 93/93/93 95/95/95 65/65/65
f 65/65/65 95/95/95 97/97/97 67/67/67
f 67/67/67 97/97/97 99/99/99 69/69/69
f 69/69/69 99/99/99 101/101/101 71/71/71
f 71/71/71 101/101/101 103/103/103 73/73/73
f 73/73/73 103/103/103 105/105/105 75/75/75
f 75/75/75 105/105/105 107/107/107 77/77/77
f 77/77/77 107/107/107 109/109/109 79/79/79
f 79/79/79 109/109/109 111/111/111 81/81/81
f 81/81/81 111/111/111 113/113/113 83/83/83
f 83/83/83 113/113/113 115/115/115 85/85/85
f 85/85/85 115/115/115 117/117/117 87/87/87
f 87/87/87 117/117/117 119/119/119 89/89/89
f 91/91/91 121/121/121 123/123/123 93/93/93
f 93/93/93 123/123/123 125/125/125 95/95/95
f 95/95/95 125/125/125 127/127/127 97/97/97
f 97/97/97 127/127/127 129/129/129 99/99/99
f 99/99/99 129/129/129 131/131/131 101/101/101
f 101/101/101 131/131/131 133/133/133 103/103/103
f 103/103/103 133/133/133 135/135/135 105/105/105
f 105/105/105 135/135/135 137/137/137 107/107/107
f 107/107/107 137/137/137 139/139/139 109/109/109
f 109/109/109 139/139/139 141/141/141 111/111/111
f 111/111/111 141/141/141 143/143/143 113/113/113
f 113/113/113 143/143/143 145/145/145 115/115/115
f 115/115/115 145/145/145 147/147/147 117/117/117
f 117/117/117 147/147/147 149/149/149 119/119/119
f 121/121/121 151/151/151 153/153/153 123/123/123
f 123/123/123 153/153/153 155/155/155 125/125/125
f 125/125/125 155/155/155 157/157/157 127/127/127
f 127/127/127 157/157/157 159/159/159 129/129/129
f 129/129/129 159/159/159 161/161/161 131/131/131
f 131/131/131 161/161/161 163/163/163 133/133/133
f 133/133/133 163/163/163 165/165/165 135/135/135
f 135/135/135 165/165/165 167/167/167 137/137/137
f 137/137/137 167/167/167 169/169/169 139/139/139
f 139/139/139 169/169/169 171/171/171 141/141/141
f 141/141/141 171/171/171 173/173/173 143/143/143
f 143/143/143 173/173/173 175/175/175 145/145/145
f 145/145/145 175/175/175 177/177/177 147/147/147
f 147/147/147 177/177/177 179/179/179 149/149/149
f 151/151/151 181/181/181 183/183/183 153/153/153
f 153/153/153 183/183/183 185/185/185 155/155/155
f 155/155/155 185/185/185 187/187/187 157/157/157
f 157/157/157 187/187/187 189/189/189 159/159/159
f 159/159/159 189/189/189 191/191/191 161/161/161
f 161/161/161 191/191/191 193/193/193 163/163/163
f 163/163/163 193/193/193 195/195/195 165/165/165
f 165/165/165 195/195/195 197/197/197 167/167/167
f 167/167/167 197/197/197 199/199/199 169/169/169
f 169/169/169 199/199/199 201/201/201 171/171/171
f 171/171/171 201/201/201 203/203/203 173/173/173
f 173/173/173 203/203/203 205/205/205 175/175/175
f 175/175/175 205/205/205 207/207/207 177/177/177
f 177/177/177 207/207/207 209/209/209 179/179/179
f 181/181/181 211/211/211 213/213/213 183/183/183
f 183/183/183 213/213/213 215/215/215 185/185/185
f 185/185/185 215/215/215 217/217/217 187/187/187
f 187/187/187 217/217/217 219/219/219 189/189/189
f 189/189/189 219/219/219 221/221/221 191/191/191
f 191/191/191 221/221/221 223/223/223 193/193/193
f 193/193/193 223/223/223 225/225/225 195/195/195
f 195/195/195 225/225/225 227/227/227 197/197/197
f 197/197/197 227/227/227 229/229/229 199/199/199
f 199/199/199 229/229/229 231/231/231 201/201/201
f 201/201/201 231/231/231 233/233/233 203/203/203
f 203/203/203 233/233/233 235/235/235 205/205/205
f 205/205/205 235/235/235 237/237/237 207/207/207
f 207/207/207 237/237/237 239/239/239 209/209/209
f 211/211/211 241/241/241 243/243/243 213/213/213
f 213/213/213 243/243/243 245/245/245 215/215/215
f 215/215/215 245/245/245 247/247/247 217/217/217
f 217/217/217 247/247/247 249/249/249 219/219/219
f 219/219/219 249/249/249 251/251/251 221/221/221
f 221/221/221 251/251/251 253/253/253 223/223/223
f 223/223/223 253/253/253 255/255/255 225/225/225
f 225/225/225 255/255/255 257/257/257 227/227/227
f 227/227/227 257/257/257 259/259/259 229/229/229
f 229/229/229 259/259/259 261/261/261 231/231/231
f 231/231/231 261/261/261 263/263/263 233/233/233
f 233/233/233 263/263/263 265/265/265 235/235/235
f 235/235/235 265/265/265 267/267/267 237/237/237
f 237/237/237 267/267/267 269/269/269 239/239/239
f 241/241/241 271/271/271 273/273/273 243/243/243
f 243/243/243 273/273/273 275/275/275 245/245/245
f 245/245/245 275/275/275 277/277/277 247/247/247
f 247/247/247 277/277/277 279/279/279 249/249/249
f 249/249/249 279/279/279 281/281/281 251/251/251
f 251/251/251 281/281/281 283/283/283 253/253/253
f 253/253/253 283/283/283 285/285/285 255/255/255
f 255/255/255 285/285/285 287/287/287 257/257/257
f 257/257/257 287/287/287 289/289/289 259/259/259
f 259/259/259 289/289/289 291/291/291 261/261/261
f 261/261/261 291/291/291 293/293/293 263/263/263
f 263/263/263 293/293/293 295/295/295 265/265/265
f 265/265/265 295/295/295 297/297/297 267/267/267
f 267/267/267 297/297/297 299/299/299 269/269/269
f 271/271/271 301/301/301 303/303/303 273/273/273
f 273/273/273 303/303/303 305/305/305 275/275/275
f 275/275/275 305/305/305 307/307/307 277/277/277
f 277/277/277 307/307/307 309/309/309 279/279/279
f 279/279/279 309/309/309 311/311/311 281/281/281
f 281/281/281 311/311/311 313/313/313 283/283/283
f 283/283/283 313/313/313 315/315/315 285/285/285
f 285/285/285 315/315/315 317/317/317 287/287/287
f 287/287/287 317/317/317 319/319/319 289/289/289
f 289/289/289 319/319/319 321/321/321 291/291/291
f 291/291/291 321/321/321 323/323/323 293/293/293
f 293/293/293 323/323/323 325/325/325 295/295/295
f 295/295/295 325/325/325 327/327/327 297/297/297
f 297/297/297 327/327/327 329/329/329 299/299/299
f 301/301/301 331/331/331 333/333/333 303/303/303
f 303/303/303 333/333/333 335/335/335 305/305/305
f 305/305/305 335/335/335 337/337/337 307/307/307
f 307/307/307 337/337/337 339/339/339 309/309/309
f 309/309/309 339/339/339 341/341/341 311/311/311
f 311/311/311 341/341/341 343/343/343 313/313/313
f 313/313/313 343/343/343 345/345/345 315/315/315
f 315/315/315 345/345/345 347/347/347 317/317/317
f 317/317/317 347/347/347 349/349/349 319/319/319
f 319/319/319 349/349/349 351/351/351 321/321/321
f 321/321/321 351/351/351 353/353/353 323/323/323
f 323/323/323 353/353/353 355/355/355 325/325/325
f 325/325/325 355/355/355 357/357/357 327/327/327
f 327/327/327 357/357/357 359/359/359 329/329/329
f 331/331/331 361/361/361 363/363/363 333/333/333
f 333/333/333 363/363/363 365/365/365 335/335/335
f 335/335/335 365/365/365 367/367/367 337/337/337
f 337/337/337 367/367/367 369/369/369 339/339/339
f 339/339/339 369/369/369 371/371/371 341/341/341
f 341/341/341 371/371/371 373/373/373 343/343/343
f 343/343/343 373/373/373 375/375/375 345/345/345
f 345/345/345 375/375/375 377/377/377 347/347/347
f 347/347/347 377/377/377 379/379/379 349/349/349
f 349/349/349 379/379/379 381/381/381 351/351/351
f 351/351/351 381/381/381 383/383/383 353/353/353
f 353/353/353 383/383/383 385/385/385 355/355/355
f 355/355/355 385/385/385 387/387/387 357/357/357
f 357/357/357 387/387/387 389/389/389 359/359/359
f 361/361/361 391/391/391 393/393/393 363/363/363
f 363/363/363 393/393/393 395/395/395 365/365/365
f 365/365/365 395/395/395 397/397/397 367/367/367
f 367/367/367 397/397/397 399/399/399 369/369/369
f 369/369/369 399/399/399 401/401/401 371/371/371
f 371/371/371 401/401/401 403/403/403 373/373/373
f 373/373/373 403/403/403 405/405/405 375/375/375
f 375/375/375 405/405/405 407/407/407 377/377/377
f 377/377/377 407/407/407 409/409/409 379/379/379
f 379/379/379 409/409/409 411/411/411 381/381/381
f 381/381/381 411/411/411 413/413/413 383/383/383
f 383/383/383 413/413/413 415/415/415 385/385/385
f 385/385/385 415/415/415 417/417/417 387/387/387
f 387/387/387 417/417/417 419/419/419 389/389/389
f 391/391/391 421/421/421 423/423/423 393/393/393
f 393/393/393 423/423/423 425/425/425 395/395/395
f 395/395/395 425/425/425 427/427/427 397/397/397
f 397/397/397 427/427/427 429/429/429 399/399/399
f 399/399/399 429/429/429 431/431/431 401/401/401
f 401/401/401 431/431/431 433/433/433 403/403/403
f 403/403/403 433/433/433 435/435/435 405/405/405
f 405/405/405 435/435/435 437/437/437 407/407/407
f 407/407/407 437/437/437 439/439/439 409/409/409
f 409/409/409 439/439/439 441/441/441 411/411/411
f 411/411/411 441/441/441 443/443/443 413/413/413
f 413/413/413 443/443/443 445/445/445 415/415/415
f 415/415/415 445/445/445 447/447/447 417/417/417
f 417/417/417 447/447/447 449/449/449 419/419/419
f 421/421/421 451/451/451 453/453/453 423/423/423
f 423/423/423 453/453/453 455/455/455 425/425/425
f 425/425/425 455/455/455 457/457/457 427/427/427
f 427/427/427 457/457/457 459/459/459 429/429/429
f 429/429/429 459/459/459 461/461/461 431/431/431
f 431/431/431 461/461/461 463/463/463 433/433/433
f 433/433/433 463/463/463 465/465/465 435/435/435
f 435/435/435 465/465/465 467/467/467 437/437/437
f 437/437/437 467/467/467 469/469/469 439/439/439
f 439/439/439 469/469/469 471/471/471 441/441/441
f 441/441/441 471/471/471 473/473/473 443/443/443
f 443/443/443 473/473/473 475/475/475 445/445/445
f 445/445/445 475/475/475 477/477/477 447/447/447
f 447/447/447 477/477/477 479/479/479 449/449/449
f 451/451/451 481/481/481 483/483/483 453/453/453
f 453/453/453 483/483/483 485/485/485 455/455/455
f 455/455/455 485/485/485 487/487/487 457/457/457
f 457/457/457 487/487/487 489/489/489 459/459/459
f 459/459/459 489/489/489 491/491/491 461/461/461
f 461/461/461 491/491/491 493/493/493 463/463/463
f 463/463/463 493/493/493 495/495/495 465/465/465
f 465/465/465 495/495/495 497/497/497 467/467/467
f 467/467/467 497/497/497 499/499/499 469/469/469
f 469/469/469 499/499/499 501/501/501 471/471/471
f 471/471/471 501/501/501 503/503/503 473/473/473
f 473/473/473 503/503/503 505/505/505 475/475/475
f 475/475/475 505/505/505 507/507/507 477/477/477
f 477/477/477 507/507/507 509/509/509 479/479/479
f 481/481/481 511/511/511 513/513/513 483/483/483
f 483/483/483 513/513/513 515/515/515 485/485/485
f 485/485/485 515/515/515 517/517/517 487/487/487
f 487/487/487 517/517/517 519/519/519 489/489/489
f 489/489/489 519/519/519 521/521/521 491/491/491
f 491/491/491 521/521/521 523/523/523 493/493/493
f 493/493/493 523/523/523 525/525/525 495/495/495
f 495/495/495 525/525/525 527/527/527 497/497/497
f 497/497/497 527/527/527 529/529/529 499/499/499
f 499/499/499 529/529/529 531/531/531 501/501/501
f 501/501/501 531/531/531 533/533/533 503/503/503
f 503/503/503 533/533/533 535/535/535 505/505/505
f 505/505/505 535/535/535 537/537/537 507/507/507
f 507/507/507 537/537/537 539/539/539 509/509/509
f 511/511/511 541/541/541 543/543/543 513/513/513
f 513/513/513 543/543/543 545/545/545 515/515/515
f 515/515/515 545/545/545 547/547/547 517/517/517
f 517/517/517 547/547/547 549/549/549 519/519/519
f 519/519/519 549/549/549 551/551/551 521/521/521
f 521/521/521 551/551/551 553/553/553 523/523/523
f 523/523/523 553/553/553 555/555/555 525/525/525
f 525/525/525 555/555/555 557/557/557 527/527/527
f 527/527/527 557/557/557 559/559/559 529/529/529
f 529/529/529 559/559/559 561/561/561 531/531/531
f 531/531/531 561/561/561 563/563/563 533/533/533
f 533/533/533 563/563/563 565/565/565 535/535/535
f 535/535/535 565/565/565 567/567/567 537/537/537
f 537/537/537 567/567/567 569/569/569 539/539/539
f 541/541/541 571/571/571 573/573/573 543/543/543
f 543/543/543 573/573/573 575/575/575 545/545/545
f 545/545/545 575/575/575 577/577/577 547/547/547
f 547/547/547 577/577/577 579/579/579 549/549/549
f 549/549/549 579/579/579 581/581/581 551/551/551
f 551/551/551 581/581/581 583/583/583 553/553/553
f 553/553/553 583/583/583 585/585/585 555/555/555
f 555/555/555 585/585/585 587/587/587 557/557/557
f 557/557/557 587/587/587 589/589/589 559/559/559
f 559/559/559 589/589/589 591/591/591 561/561/561
f 561/561/561 591/591/591 593/593/593 563/563/563
f 563/563/563 593/593/593 595/595/595 565/565/565
f 565/565/565 595/595/595 597/597/597 567/567/567
f 567/567/567 597/597/597 599/599/599 569/569/569
f 571/571/571 601/601/601 603/603/603 573/573/573
f 573/573/573 603/603/603 605/605/605 575/575/575
f 575/575/575 605/605/605 607/607/607 577/577/577
f 577/577/577 607/607/607 609/609/609 579/579/579
f 579/579/579 609/609/609 611/611/611 581/581/581
f 581/581/581 611/611/611 613/613/613 583/583/583
f 583/583/583 613/613/613 615/615/615 585/585/585
f 585/585/585 615/615/615 617/617/617 587/587/587
f 587/587/587 617/617/617 619/619/619 589/589/589
f 589/589/589 619/619/619 621/621/621 591/591/591
f 591/591/591 621/621/621 623/623/623 593/593/593
f 593/593/593 623/623/623 625/625/625 595/595/595
f 595/595/595 625/625/625 627/627/627 597/597/597
f 597/597/597 627/627/627 629/629/629 599/599/599
f 601/601/601 631/631/631 633/633/633 603/603/603
f 603/603/603 633/633/633 635/635/635 605/605/605
f 605/605/605 635/635/635 637/637/637 607/607/607
f 607/607/607 637/637/637 639/639/639 609/609/609
f 609/609/609 639/639/639 641/641/641 611/611/611
f 611/611/611 641/641/641 643/643/643 613/613/613
f 613/613/613 643/643/643 645/645/645 615/615/615
f 615/615/615 645/645/645 647/647/647 617/617/617
f 617/617/617 647/647/647 649/649/649 619/619/619
f 619/619/619 649/649/649 651/651/651 621/621/621
f 621/621/621 651/651/651 653/653/653 623/623/623
f 623/623/623 653/653/653 655/655/655 625/625/625
f 625/625/625 655/655/655 657/657/657 627/627/627
f 627/627/627 657/657/657 659/659/659 629/629/629
f 631/631/631 661/661/661 663/663/663 633/633/633
f 633/633/633 663/663/663 665/665/665 635/635/635
f 635/635/635 665/665/665 667/667/667 637/637/637
f 637/637/637 667/667/667 669/669/669 639/639/639
f 639/639/639 669/669/669 671/671/671 641/641/641
f 641/641/641 671/671/671 673/673/673 643/643/643
f 643/643/643 673/673/673 675/675/675 645/645/645
f 645/645/645 675/675/675 677/677/677 647/647/647
f 647/647/647 677/677/677 679/679/679 649/649/649
f 649/649/649 679/679/679 681/681/681 651/651/651
f 651/651/651 681/681/681 683/683/683 653/653/653
f 653/653/653 683/683/683 685/685/685 655/655/655
f 655/655/655 685/685/685 687/687/687 657/657/657
f 657/657/657 687/687/687 689/689/689 659/659/659
f 661/661/661 691/691/691 693/693/693 663/663/663
f 663/663/663 693/693/693 695/695/695 665/665/665
f 665/665/665 695/695/695 697/697/697 667/667/667
f 667/667/667 697/697/697 699/699/699 669/669/669
f 669/669/669 699/699/699 701/701/701 671/671/671
f 671/671/671 701/701/701 703/703/703 673/673/673
f 673/673/673 703/703/703 705/705/705 675/675/675
f 675/675/675 705/705/705 707/707/707 677/677/677
f 677/677/677 707/707/707 709/709/709 679/679/679
f 679/679/679 709/709/709 711/711/711 681/681/681
f 681/681/681 711/711/711 713/713/713 683/683/683
f 683/683/683 713/713/713 715/715/715 685/685/685
f 685/685/685 715/715/715 717/717/717 687/687/687
f 687/687/687 717/717/717 719/719/719 689/689/689
f 691/691/691 721/721/721 723/723/723 693/693/693
f 693/693/693 723/723/723 725/725/725 695/695/695
f 695/695/695 725/725/725 727/727/727 697/697/697
f 697/697/697 727/727/727 729/729/729 699/699/699
f 699/699/699 729/729/729 731/731/731 701/701/701
f 701/701/701 731/731/731 733/733/733 703/703/703
f 703/703/703 733/733/733 735/735/735 705/705/705
f 705/705/705 735/735/735 737/737/737 707/707/707
f 707/707/707 737/737/737 739/739/739 709/709/709
f 709/709/709 739/739/739 741/741/741 711/711/711
f 711/711/711 741/741/741 743/743/743 713/713/713
f 713/713/713 743/743/743 745/745/745 715/715/715
f 715/715/715 745/745/745 747/747/747 717/717/717
f 717/717/717 747/747/747 749/749/749 719/719/719
f 2/2/2 4/4/4 34/34/34 32/32/32
f 4/4/4 6/6/6 36/36/36 34/34/34
f 6/6/6 8/8/8 38/38/38 36/36/36
f 8/8/8 10/10/10 40/40/40 38/38/38
f 10/10/10 12/12/12 42/42/42 40/40/40
f 12/12/12 14/14/14 44/44/44 42/42/42
f 14/14/14 16/16/16 46/46/46 44/44/44
f 16/16/16 18/18/18 48/48/48 46/46/46
f 18/18/18 20/20/20 50/50/50 48/48/48
f 20/20/20 22/22/22 52/52/52 50/50/50
f 22/22/22 24/24/24 54/54/54 52/52/52
f 24/24/24 26/26/26 56/56/56 54/54/54
f 26/26/26 28/28/28 58/58/58 56/56/56
f 28/28/28 30/30/30 60/60/60 58/58/58
f 32/32/32 34/34/34 64/64/64 62/62/62
f 34/34/34 36/36/36 66/66/66 64/64/64
f 36/36/36 38/38/38 68/68/68 66/66/66
f 38/38/38 40/40/40 70/70/70 68/68/68
f 40/40/40 42/42/42 72/72/72 70/70/70
f 42/42/42 44/44/44 74/74/74 72/72/72
f 44/44/44 46/46/46 76/76/76 74/74/74
f 46/46/46 48/48/48 78/78/78 76/76/76
f 48/48/48 50/50/50 80/80/80 78/78/78
f 50/50/50 52/52/52 82/82/82 80/80/80
f 52/52/52 54/54/54 84/84/84 82/82/82
f 54/54/54 56/56/56 86/86/86 84/84/84
f 56/56/56 58/58/58 88/88/88 86/86/86
f 58/58/58 60/60/60 90/90/90 88/88/88
f 62/62/62 64/64/64 94/94/94 92/92/92
f 64/64/64 66/66/66 96/96/96 94/94/94
f 66/66/66 68/68/68 98/98/98 96/96/96
f 68/68/68 70/70/70 100/100/100 98/98/98
f 70/70/70 72/72/72 102/102/102 100/100/100
f 72/72/72 74/74/74 104/104/104 102/102/102
f 74/74/74 76/76/76 106/106/106 104/104/104
f 76/76/76 78/78/78 108/108/108 106/106/106
f 78/78/78 80/80/80 110/110/110 108/108/108
f 80/80/80 82/82/82 112/112/112 110/110/110
f 82/82/82 84/84/84 114/114/114 112/112/112
f 84/84/84 86/86/86 116/116/116 114/114/114
f 86/86/86 88/88/88 118/118/118 116/116/116
f 88/88/88 90/90/90 120/120/120 118/118/118
f 92/92/92 94/94/94 124/124/124 122/122/122
f 94/94/94 96/96/96 126/126/126 124/124/124
f 96/96/96 98/98/98 128/128/128 126/126/126
f 98/98/98 100/100/100 130/130/130 128/128/128
f 100/100/100 102/102/102 132/132/132 130/130/130
f 102/102/102 104/104/104 134/134/134 132/132/132
f 104/104/104 106/106/106 136/136/136 134/134/134
f 106/106/106 108/108/108 138/138/138 136/136/136
f 108/108/108 110/110/110 140/140/140 138/138/138
f 110/110/110 112/112/112 142/142/142 140/140/140
f 112/112/112 114/114/114 144/144/144 142/142/142
f 114/114/114 116/116/116 146/146/146 144/144/144
f 116/116/116 118/118/118 148/148/148 146/146/146
f 118/118/118 120/120/120 150/150/150 148/148/148
f 122/122/122 124/124/124 154/154/154 152/152/152
f 124/124/124 126/126/126 156/156/156 154/154/154
f 126/126/126 128/128/128 158/158/158 156/156/156
f 128/128/128 130/130/130 160/160/160 158/158/158
f 130/130/130 132/132/132 162/162/162 160/160/160
f 132/132/132 134/134/134 164/164/164 162/162/162
f 134/134/134 136/136/136 166/166/166 164/164/164
f 136/136/136 138/138/138 168/168/168 166/166/166
f 138/138/138 140/140/140 170/170/170 168/168/168
f 140/140/140 142/142/142 172/172/172 170/170/170
f 142/142/142 144/144/144 174/174/174 172/172/172
f 144/144/144 146/146/146 176/176/176 174/174/174
f 146/146/146 148/148/148 178/178/178 176/176/176
f 148/148/148 150/150/150 180/180/180 178/178/178
f 152/152/152 154/154/154 184/184/184 182/182/182
f 154/154/154 156/156/156 186/186/186 184/184/184
f 156/156/156 158/158/158 188/188/188 186/186/186
f 158/158/158 160/160/160 190/190/190 188/188/188
f 160/160/160 162/162/162 192/192/192 190/190/190
f 162/162/162 164/164/164 194/194/194 192/192/192
f 164/164/164 166/166/166 196/196/196 194/194/194
f 166/166/166 168/168/168 198/198/198 196/196/196
f 168/168/168 170/170/170 200/200/200 198/198/198
f 170/170/170 172/172/172 202/202/202 200/200/200
f 172/172/172 174/174/174 204/204/204 202/202/202
f 174/174/174 176/176/176 206/206/206 204/204/204
f 176/176/176 178/178/178 208/208/208 206/206/206
f 178/178/178 180/180/180 210/210/210 208/208/208
f 182/182/182 184/184/184 214/214/214 212/212/212
f 184/184/184 186/186/186 216/216/216 214/214/214
f 186/186/186 188/188/188 218/218/218 216/216/216
f 188/188/188 190/190/190 220/220/220 218/218/218
f 190/190/190 192/192/192 222/222/222 220/220/220
f 192/192/192 194/194/194 224/224/224 222/222/222
f 194/194/194 196/196/196 226/226/226 224/224/224
f 196/196/196 198/198/198 228/228/228 226/226/226
f 198/198/198 200/200/200 230/230/230 228/228/228
f 200/200/200 202/202/202 232/232/232 230/230/230
f 202/202/202 204/204/204 234/234/234 232/232/232
f 204/204/204 206/206/206 236/236/236 234/234/234
f 206/206/206 208/208/208 238/238/238 236/236/236
f 208/208/208 210/210/210 240/240/240 238/238/238
f 212/212/212 214/214/214 244/244/244 242/242/242
f 214/214/214 216/216/216 246/246/246 244/244/244
f 216/216/216 218/218/218 248/248/248 246/246/246
f 218/218/218 220/220/220 250/250/250 248/248/248
f 220/220/220 222/222/222 252/252/252 250/250/250
f 222/222/222 224/224/224 254/254/254 252/252/252
f 224/224/224 226/226/226 256/256/256 254/254/254
f 226/226/226 228/228/228 258/258/258 256/256/256
f 228/228/228 230/230/230 260/260/260 258/258/258
f 230/230/230 232/232/232 262/262/262 260/260/260
f 232/232/232 234/234/234 264/264/264 262/262/262
f 234/234/234 236/236/236 266/266/266 264/264/264
f 236/236/236 238/238/238 268/268/268 266/266/266
f 238/238/238 240/240/240 270/270/270 268/268/268
f 242/242/242 244/244/244 274/274/274 272/272/272
f 244/244/244 246/246/246 276/276/276 274/274/274
f 246/246/246 248/248/248 278/278/278 276/276/276
f 248/248/248 250/250/250 280/280/280 278/278/278
f 250/250/250 252/252/252 282/282/282 280/280/280
f 252/252/252 254/254/254 284/284/284 282/282/282
f 254/254/254 256/256/256 286/286/286 284/284/284
f 256/256/256 258/258/258 288/288/288 286/286/286
f 258/258/258 260/260/260 290/290/290 288/288/288
f 260/260/260 262/262/262 292/292/292 290/290/290
f 262/262/262 264/264/264 294/294/294 292/292/292
f 264/264/264 266/266/266 296/296/296 294/294/294
f 266/266/266 268/268/268 298/298/298 296/296/296
f 268/268/268 270/270/270 300/300/300 298/298/298
f 272/272/272 274/274/274 304/304/304 302/302/302
f 274/274/274 276/276/276 306/306/306 304/304/304
f 276/276/276 278/278/278 308/308/308 306/306/306
f 278/278/278 280/280/280 310/310/310 308/308/308
f 280/280/280 282/282/282 312/312/312 310/310/310
f 282/282/282 284/284/284 314/314/314 312/312/312
f 284/284/284 286/286/286 316/316/316 314/314/314
f 286/286/286 288/288/288 318/318/318 316/316/316
f 288/288/288 290/290/290 320/320/320 318/318/318
f 290/290/290 292/292/292 322/322/322 320/320/320
f 292/292/292 294/294/294 324/324/324 322/322/322
f 294/294/294 296/296/296 326/326/326 324/324/324
f 296/296/296 298/298/298 328/328/328 326/326/326
f 298/298/298 300/300/300 330/330/330 328/328/328
f 302/302/302 304/304/304 334/334/334 332/332/332
f 304/304/304 306/306/306 336/336/336 334/334/334
f 306/306/306 308/308/308 338/338/338 336/336/336
f 308/308/308 310/310/310 340/340/340 338/338/338
f 310/310/310 312/312/312 342/342/342 340/340/340
f 312/312/312 314/314/314 344/344/344 342/342/342
f 314/314/314 316/316/316 346/346/346 344/344/344
f 316/316/316 318/318/318 348/348/348 346/346/346
f 318/318/318 320/320/320 350/350/350 348/348/348
f 320/320/320 322/322/322 352/352/352 350/350/350
f 322/322/322 324/324/324 354/354/354 352/352/352
f 324/324/324 326/326/326 356/356/356 354/354/354
f 326/326/326 328/328/328 358/358/358 356/356/356
f 328/328/328 330/330/330 360/360/360 358/358/358
f 332/332/332 334/334/334 364/364/364 362/362/362
f 334/334/334 336/336/336 366/366/366 364/364/364
f 336/336/336 338/338/338 368/368/368 366/366/366
f 338/338/338 340/340/340 370/370/370 368/368/368
f 340/340/340 342/342/342 372/372/372 370/370/370
f 342/342/342 344/344/344 374/374/374 372/372/372
f 344/344/344 346/346/346 376/376/376 374/374/374
f 346/346/346 348/348/348 378/378/378 376/376/376
f 348/348/348 350/350/350 380/380/380 378/378/378
f 350/350/350 352/352/352 382/382/382 380/380/380
f 352/352/352 354/354/354 384/384/384 382/382/382
f 354/354/354 356/356/356 386/386/386 384/384/384
f 356/356/356 358/358/358 388/388/388 386/386/386
f 358/358/358 360/360/360 390/390/390 388/388/388
f 362/362/362 364/364/364 394/394/394 392/392/392
f 364/364/364 366/366/366 396/396/396 394/394/394
f 366/366/366 368/368/368 398/398/398 396/396/396
f 368/368/368 370/370/370 400/400/400 398/398/398
f 370/370/370 372/372/372 402/402/402 400/400/400
f 372/372/372 374/374/374 404/404/404 402/402/402
f 374/374/374 376/376/376 406/406/406 404/404/404
f 376/376/376 378/378/378 408/408/408 406/406/406
f 378/378/378 380/380/380 410/410/410 408/408/408
f 380/380/380 382/382/382 412/412/412 410/410/410
f 382/382/382 384/384/384 414/414/414 412/412/412
f 384/384/384 386/386/386 416/416/416 414/414/414
f 386/386/386 388/388/388 418/418/418 416/416/416
f 388/388/388 390/390/390 420/420/420 418/418/418
f 392/392/392 394/394/394 424/424/424 422/422/422
f 394/394/394 396/396/396 426/426/426 424/424/424
f 396/396/396 398/398/398 428/428/428 426/426/426
f 398/398/398 400/400/400 430/430/430 428/428/428
f 400/400/400 402/402/402 432/432/432 430/430/430
f 402/402/402 404/404/404 434/434/434 432/432/432
f 404/404/404 406/406/406 436/436/436 434/434/434
f 406/406/406 408/408/408 438/438/438 436/436/436
f 408/408/408 410/410/410 440/440/440 438/438/438
f 410/410/410 412/412/412 442/442/442 440/440/440
f 412/412/412 414/414/414 444/444/444 442/442/442
f 414/414/414 416/416/416 446/446/446 444/444/444
f 416/416/416 418/418/418 448/448/448 446/446/446
f 418/418/418 420/420/420 450/450/450 448/448/448
f 422/422/422 424/424/424 454/454/454 452/452/452
f 424/424/424 426/426/426 456/456/456 454/454/454
f 426/426/426 428/428/428 458/458/458 456/456/456
f 428/428/428 430/430/430 460/460/460 458/458/458
f 430/430/430 432/432/432 462/462/462 460/460/460
f 432/432/432 434/434/434 464/464/464 462/462/462
f 434/434/434 436/436/436 466/466/466 464/464/464
f 436/436/436 438/438/438 468/468/468 466/466/466
f 438/438/438 440/440/440 470/470/470 468/468/468
f 440/440/440 442/442/442 472/472/472 470/470/470
f 442/442/442 444/444/444 474/474/474 472/472/472
f 444/444/444 446/446/446 476/476/476 474/474/474
f 446/446/446 448/448/448 478/478/478 476/476/476
f 448/448/448 450/450/450 480/480/480 478/478/478
f 452/452/452 454/454/454 484/484/484 482/482/482
f 454/454/454 456/456/456 486/486/486 484/484/484
f 456/456/456 458/458/458 488/488/488 486/486/486
f 458/458/458 460/460/460 490/490/490 488/488/488
f 460/460/460 462/462/462 492/492/492 490/490/490
f 462/462/462 464/464/464 494/494/494 492/492/492
f 464/464/464 466/466/466 496/496/496 494/494/494
f 466/466/466 468/468/468 498/498/498 496/496/496
f 468/468/468 470/470/470 500/500/500 498/498/498
f 470/470/470 472/472/472 502/502/502 500/500/500
f 472/472/472 474/474/474 504/504/504 502/502/502
f 474/474/474 476/476/476 506/506/506 504/504/504
f 476/476/476 478/478/478 508/508/508 506/506/506
f 478/478/478 480/480/480 510/510/510 508/508/508
f 482/482/482 484/484/484 514/514/514 512/512/512
f 484/484/484 486/486/486 516/516/516 514/514/514
f 486/486/486 488/488/488 518/518/518 516/516/516
f 488/488/488 490/490/490 520/520/520 518/518/518
f 490/490/490 492/492/492 522/522/522 520/520/520
f 492/492/492 494/494/494 524/524/524 522/522/522
f 494/494/494 496/496/496 526/526/526 524/524/524
f 496/496/496 498/498/498 528/528/528 526/526/526
f 498/498/498 500/500/500 530/530/530 528/528/528
f 500/500/500 502/502/502 532/532/532 530/530/530
f 502/502/502 504/504/504 534/534/534 532/532/532
f 504/504/504 506/506/506 536/536/536 534/534/534
f 506/506/506 508/508/508 538/538/538 536/536/536
f 508/508/508 510/510/510 540/540/540 538/538/538
f 512/512/512 514/514/514 544/544/544 542/542/542
f 514/514/514 516/516/516 546/546/546 544/544/544
f 516/516/516 518/518/518 548/548/548 546/546/546
f 518/518/518 520/520/520 550/550/550 548/548/548
f 520/520/520 522/522/522 552/552/552 550/550/550
f 522/522/522 524/524/524 554/554/554 552/552/552
f 524/524/524 526/526/526 556/556/556 554/554/554
f 526/526/526 528/528/528 558/558/558 556/556/556
f 528/528/528 530/530/530 560/560/560 558/558/558
f 530/530/530 532/532/532 562/562/562 560/560/560
f 532/532/532 534/534/534 564/564/564 562/562/562
f 534/534/534 536/536/536 566/566/566 564/564/564
f 536/536/536 538/538/538 568/568/568 566/566/566
f 538/538/538 540/540/540 570/570/570 568/568/568
f 542/542/542 544/544/544 574/574/574 572/572/572
f 544/544/544 546/546/546 576/576/576 574/574/574
f 546/546/546 548/548/548 578/578/578 576/576/576
f 548/548/548 550/550/550 580/580/580 578/578/578
f 550/550/550 552/552/552 582/582/582 580/580/580
f 552/552/552 554/554/554 584/584/584 582/582/582
f 554/554/554 556/556/556 586/586/586 584/584/584
f 556/556/556 558/558/558 588/588/588 586/586/586
f 558/558/558 560/560/560 590/590/590 588/588/588
f 560/560/560 562/562/562 592/592/592 590/590/590
f 562/562/562 564/564/564 594/594/594 592/592/592
f 564/564/564 566/566/566 596/596/596 594/594/594
f 566/566/566 568/568/568 598/598/598 596/596/596
f 568/568/568 570/570/570 600/600/600 598/598/598
f 572/572/572 574/574/574 604/604/604 602/602/602
f 574/574/574 576/576/576 606/606/606 604/604/604
f 576/576/576 578/578/578 608/608/608 606/606/606
f 578/578/578 580/580/580 610/610/610 608/608/608
f 580/580/580 582/582/582 612/612/612 610/610/610
f 582/582/582 584/584/584 614/614/614 612/612/612
f 584/584/584 586/586/586 616/616/616 614/614/614
f 586/586/586 588/588/588 618/618/618 616/616/616
f 588/588/588 590/590/590 620/620/620 618/618/618
f 590/590/590 592/592/592 622/622/622 620/620/620
f 592/592/592 594/594/594 624/624/624 622/622/622
f 594/594/594 596/596/596 626/626/626 624/624/624
f 596/596/596 598/598/598 628/628/628 626/626/626
f 598/598/598 600/600/600 630/630/630 628/628/628
f 602/602/602 604/604/604 634/634/634 632/632/632
f 604/604/604 606/606/606 636/636/636 634/634/634
f 606/606/606 608/608/608 638/638/638 636/636/636
f 608/608/608 610/610/610 640/640/640 638/638/638
f 610/610/610 612/612/612 642/642/642 640/640/640
f 612/612/612 614/614/614 644/644/644 642/642/642
f 614/614/614 616/616/616 646/646/646 644/644/644
f 616/616/616 618/618/618 648/648/648 646/646/646
f 618/618/618 620/620/620 650/650/650 648/648/648
f 620/620/620 622/622/622 652/652/652 650/650/650
f 622/622/622 624/624/624 654/654/654 652/652/652
f 624/624/624 626/626/626 656/656/656 654/654/654
f 626/626/626 628/628/628 658/658/658 656/656/656
f 628/628/628 630/630/630 660/660/660 658/658/658
f 632/632/632 634/634/634 664/664/664 662/662/662
f 634/634/634 636/636/636 666/666/666 664/664/664
f 636/636/636 638/638/638 668/668/668 666/666/666
f 638/638/638 640/640/640 670/670/670 668/668/668
f 640/640/640 642/642/642 672/672/672 670/670/670
f 642/642/642 644/644/644 674/674/674 672/672/672
f 644/644/644 646/646/646 676/676/676 674/674/674
f 646/646/646 648/648/648 678/678/678 676/676/676
f 648/648/648 650/650/650 680/680/680 678/678/678
f 650/650/650 652/652/652 682/682/682 680/680/680
f 652/652/652 654/654/654 684/684/684 682/682/682
f 654/654/654 656/656/656 686/686/686 684/684/684
f 656/656/656 658/658/658 688/688/688 686/686/686
f 658/658/658 660/660/660 690/690/690 688/688/688
f 662/662/662 664/664/664 694/694/694 692/692/692
f 664/664/664 666/666/666 696/696/696 694/694/694
f 666/666/666 668/668/668 698/698/698 696/696/696
f 668/668/668 670/670/670 700/700/700 698/698/698
f 670/670/670 672/672/672 702/702/702 700/700/700
f 672/672/672 674/674/674 704/704/704 702/702/702
f 674/674/674 676/676/676 706/706/706 704/704/704
f 676/676/676 678/678/678 708/708/708 706/706/706
f 678/678/678 680/680/680 710/710/710 708/708/708
f 680/680/680 682/682/682 712/712/712 710/710/710
f 682/682/682 684/684/684 714/714/714 712/712/712
f 684/684/684 686/686/686 716/716/716 714/714/714
f 686/686/686 688/688/688 718/718/718 716/716/716
f 688/688/688 690/690/690 720/720/720 718/718/718
f 692/692/692 694/694/694 724/724/724 722/722/722
f 694/694/694 696/696/696 726/726/726 724/724/724
f 696/696/696 698/698/698 728/728/728 726/726/726
f 698/698/698 700/700/700 730/730/730 728/728/728
f 700/700/700 702/702/702 732/732/732 730/730/730
f 702/702/702 704/704/704 734/734/734 732/732/732
f 704/704/704 706/706/706 736/736/736 734/734/734
f 706/706/706 708/708/708 738/738/738 736/736/736
f 708/708/708 710/710/710 740/740/740 738/738/738
f 710/710/710 712/712/712 742/742/742 740/740/740
f 712/712/712 714/714/714 744/744/744 742/742/742
f 714/714/714 716/716/716 746/746/746 744/744/744
f 716/716/716 718/718/718 748/748/748 746/746/746
f 718/718/718 720/720/720 750/750/750 748/748/748
f 1/1/1 2/2/2 32/32/32 31/31/31
f 29/29/29 59/59/59 60/60/60 30/30/30
f 31/31/31 32/32/32 62/62/62 61/61/61
f 59/59/59 89/89/89 90/90/90 60/60/60
f 61/61/61 62/62/62 92/92/92 91/91/91
f 89/89/89 119/119/119 120/120/120 90/90/90
f 91/91/91 92/92/92 122/122/122 121/121/121
f 119/119/119 149/149/149 150/150/150 120/120/120
f 121/121/121 122/122/122 152/152/152 151/151/151
f 149/149/149 179/179/179 180/180/180 150/150/150
f 151/151/151 152/152/152 182/182/182 181/181/181
f 179/179/179 209/209/209 210/210/210 180/180/180
f 181/181/181 182/182/182 212/212/212 211/211/211
f 209/209/209 239/239/239 240/240/240 210/210/210
f 211/211/211 212/212/212 242/242/242 241/241/241
f 239/239/239 269/269/269 270/270/270 240/240/240
f 241/241/241 242/242/242 272/272/272 271/271/271
f 269/269/269 299/299/299 300/300/300 270/270/270
f 271/271/271 272/272/272 302/302/302 301/301/301
f 299/299/299 329/329/329 330/330/330 300/300/300
f 301/301/301 302/302/302 332/332/332 331/331/331
f 329/329/329 359/359/359 360/360/360 330/330/330
f 331/331/331 332/332/332 362/362/362 361/361/361
f 359/359/359 389/389/389 390/390/390 360/360/360
f 361/361/361 362/362/362 392/392/392 391/391/391
f 389/389/389 419/419/419 420/420/420 390/390/390
f 391/391/391 392/392/392 422/422/422 421/421/421
f 419/419/419 449/449/449 450/450/450 420/420/420
f 421/421/421 422/422/422 452/452/452 451/451/451
f 449/449/449 479/479/479 480/480/480 450/450/450
f 451/451/451 452/452/452 482/482/482 481/481/481
f 479/479/479 509/509/509 510/510/510 480/480/480
f 481/481/481 482/482/482 512/512/512 511/511/511
f 509/509/509 539/539/539 540/540/540 510/510/510
f 511/511/511 512/512/512 542/542/542 541/541/541
f 539/539/539 569/569/569 570/570/570 540/540/540
f 541/541/541 542/542/542 572/572/572 571/571/571
f 569/569/569 599/599/599 600/600/600 570/570/570
f 571/571/571 572/572/572 602/602/602 601/601/601
f 599/599/599 629/629/629 630/630/630 600/600/600
f 601/601/601 602/602/602 632/632/632 631/631/631
f 629/629/629 659/659/659 660/660/660 630/630/630
f 631/631/631 632/632/632 662/662/662 661/661/661
f 659/659/659 689/689/689 690/690/690 660/660/660
f 661/661/661 662/662/662 692/692/692 691/691/691
f 689/689/689 719/719/719 720/720/720 690/690/690
f 691/691/691 692/692/692 722/722/722 721/721/721
f 719/719/719 749/749/749 750/750/750 720/720/720
f 751/751/751 781/781/781 783/783/783 753/753/753
f 753/753/753 783/783/783 785/785/785 755/755/755
f 755/755/755 785/785/785 787/787/787 757/757/757
f 757/757/757 787/787/787 789/789/789 759/759/759
f 759/759/759 789/789/789 791/791/791 761/761/761
f 761/761/761 791/791/791 793/793/793 763/763/763
f 763/763/763 793/793/793 795/795/795 765/765/765
f 765/765/765 795/795/795 797/797/797 767/767/767
f 767/767/767 797/797/797 799/799/799 769/769/769
f 769/769/769 799/799/799 801/801/801 771/771/771
f 771/771/771 801/801/801 803/803/803 773/773/773
f 773/773/773 803/803/803 805/805/805 775/775/775
f 775/775/775 805/805/805 807/807/807 777/777/777
f 777/777/777 807/807/807 809/809/809 779/779/779
f 781/781/781 811/811/811 813/813/813 783/783/783
f 783/783/783 813/813/813 815/815/815 785/785/785
f 785/785/785 815/815/815 817/817/817 787/787/787
f 787/787/787 817/817/817 819/819/819 789/789/789
f 789/789/789 819/819/819 821/821/821 791/791/791
f 791/791/791 821/821/821 823/823/823 793/793/793
f 793/793/793 823/823/823 825/825/825 795/795/795
f 795/795/795 825/825/825 827/827/827 797/797/797
f 797/797/797 827/827/827 829/829/829 799/799/799
f 799/799/799 829/829/829 831/831/831 801/801/801
f 801/801/801 831/831/831 833/833/833 803/803/803
f 803/803/803 833/833/833 835/835/835 805/805/805
f 805/805/805 835/835/835 837/837/837 807/807/807
f 807/807/807 837/837/837 839/839/839 809/809/809
f 811/811/811 841/841/841 843/843/843 813/813/813
f 813/813/813 843/843/843 845/845/845 815/815/815
f 815/815/815 845/845/845 847/847/847 817/817/817
f 817/817/817 847/847/847 849/849/849 819/819/819
f 819/819/819 849/849/849 851/851/851 821/821/821
f 821/821/821 851/851/851 853/853/853 823/823/823
f 823/823/823 853/853/853 855/855/855 825/825/825
f 825/825/825 855/855/855 857/857/857 827/827/827
f 827/827/827 857/857/857 859/859/859 829/829/829
f 829/829/829 859/859/859 861/861/861 831/831/831
f 831/831/831 861/861/861 863/863/863 833/833/833
f 833/833/833 863/863/863 865/865/865 835/835/835
f 835/835/835 865/865/865 867/867/867 837/837/837
f 837/837/837 867/867/867 869/869/869 839/839/839
f 841/841/841 871/871/871 873/873/873 843/843/843
f 843/843/843 873/873/873 875/875/875 845/845/845
f 845/845/845 875/875/875 877/877/877 847/847/847
f 847/847/847 877/877/877 879/879/879 849/849/849
f 849/849/849 879/879/879 881/881/881 851/851/851
f 851/851/851 881/881/881 883/883/883 853/853/853
f 853/853/853 883/883/883 885/885/885 855/855/855
f 855/855/855 885/885/885 887/887/887 857/857/857
f 857/857/857 887/887/887 889/889/889 859/859/859
f 859/859/859 889/889/889 891/891/891 861/861/861
f 861/861/861 891/891/891 893/893/893 863/863/863
f 863/863/863 893/893/893 895/895/895 865/865/865
f 865/865/865 895/895/895 897/897/897 867/867/867
f 867/867/867 897/897/897 899/899/899 869/869/869
f 871/871/871 901/901/901 903/903/903 873/873/873
f 873/873/873 903/903/903 905/905/905 875/875/875
f 875/875/875 905/905/905 907/907/907 877/877/877
f 877/877/877 907/907/907 909/909/909 879/879/879
f 879/879/879 909/909/909 911/911/911 881/881/881
f 881/881/881 911/911/911 913/913/913 883/883/883
f 883/883/883 913/913/913 915/915/915 885/885/885
f 885/885/885 915/915/915 917/917/917 887/887/887
f 887/887/887 917/917/917 919/919/919 889/889/889
f 889/889/889 919/919/919 921/921/921 891/891/891
f 891/891/891 921/921/921 923/923/923 893/893/893
f 893/893/893 923/923/923 925/925/925 895/895/895
f 895/895/895 925/925/925 927/927/927 897/897/897
f 897/897/897 927/927/927 929/929/929 899/899/899
f 901/901/901 931/931/931 933/933/933 903/903/903
f 903/903/903 933/933/933 935/935/935 905/905/905
f 905/905/905 935/935/935 937/937/937 907/907/907
f 907/907/907 937/937/937 939/939/939 909/909/909
f 909/909/909 939/939/939 941/941/941 911/911/911
f 911/911/911 941/941/941 943/943/943 913/913/913
f 913/913/913 943/943/943 945/945/945 915/915/915
f 915/915/915 945/945/945 947/947/947 917/917/917
f 917/917/917 947/947/947 949/949/949 919/919/919
f 919/919/919 949/949/949 951/951/951 921/921/921
f 921/921/921 951/951/951 953/953/953 923/923/923
f 923/923/923 953/953/953 955/955/955 925/925/925
f 925/925/925 955/955/955 957/957/957 927/927/927
f 927/927/927 957/957/957 959/959/959 929/929/929
f 931/931/931 961/961/961 963/963/963 933/933/933
f 933/933/933 963/963/963 965/965/965 935/935/935
f 935/935/935 965/965/965 967/967/967 937/937/937
f 937/937/937 967/967/967 969/969/969 939/939/939
f 939/939/939 969/969/969 971/971/971 941/941/941
f 941/941/941 971/971/971 973/973/973 943/943/943
f 943/943/943 973/973/973 975/975/975 945/945/945
f 945/945/945 975/975/975 977/977/977 947/947/947
f 947/947/947 977/977/977 979/979/979 949/949/949
f 949/949/949 979/979/979 981/981/981 951/951/951
f 951/951/951 981/981/981 983/983/983 953/953/953
f 953/953/953 983/983/983 985/985/985 955/955/955
f 955/955/955 985/985/985 987/987/987 957/957/957
f 957/957/957 987/987/987 989/989/989 959/959/959
f 961/961/961 991/991/991 993/993/993 963/963/963
f 963/963/963 993/993/993 995/995/995 965/965/965
f 965/965/965 995/995/995 997/997/997 967/967/967
f 967/967/967 997/997/997 999/999/999 969/969/969
f 969/969/969 999/999/999 1001/1001/1001 971/971/971
f 971/971/971 1001/1001/1001 1003/1003/1003 973/973/973
f 973/973/973 1003/1003/1003 1005/1005/1005 975/975/975
f 975/975/975 1005/1005/1005 1007/1007/1007 977/977/977
f 977/977/977 1007/1007/1007 1009/1009/1009 979/979/979
f 979/979/979 1009/1009/1009 1011/1011/1011 981/981/981
f 981/981/981 1011/1011/1011 1013/1013/1013 983/983/983
f 983/983/983 1013/1013/1013 1015/1015/1015 985/985/985
f 985/985/985 1015/1015/1015 1017/1017/1017 987/987/987
f 987/987/987 1017/1017/1017 1019/1019/1019 989/989/989
f 991/991/991 1021/1021/1021 1023/1023/1023 993/993/993
f 993/993/993 1023/1023/1023 1025/1025/1025 995/995/995
f 995/995/995 1025/1025/1025 1027/1027/1027 997/997/997
f 997/997/997 1027/1027/1027 1029/1029/1029 999/999/999
f 999/999/999 1029/1029/1029 1031/1031/1031 1001/1001/1001
f 1001/1001/1001 1031/1031/1031 1033/1033/1033 1003/1003/1003
f 1003/1003/1003 1033/1033/1033 1035/1035/1035 1005/1005/1005
f 1005/1005/1005 1035/1035/1035 1037/1037/1037 1007/1007/1007
f 1007/1007/1007 1037/1037/1037 1039/1039/1039 1009/1009/1009
f 1009/1009/1009 1039/1039/1039 1041/1041/1041 1011/1011/1011
f 1011/1011/1011 1041/1041/1041 1043/1043/1043 1013/1013/1013
f 1013/1013/1013 1043/1043/1043 1045/1045/1045 1015/1015/1015
f 1015/1015/1015 1045/1045/1045 1047/1047/1047 1017/1017/1017
f 1017/1017/1017 1047/1047/1047 1049/1049/1049 1019/1019/1019
f 1021/1021/1021 1051/1051/1051 1053/1053/1053 1023/1023/1023
f 1023/1023/1023 1053/1053/1053 1055/1055/1055 1025/1025/1025
f 1025/1025/1025 1055/1055/1055 1057/1057/1057 1027/1027/1027
f 1027/1027/1027 1057/1057/1057 1059/1059/1059 1029/1029/1029
f 1029/1029/1029 1059/1059/1059 1061/1061/1061 1031/1031/1031
f 1031/1031/1031 1061/1061/1061 1063/1063/1063 1033/1033/1033
f 1033/1033/1033 1063/1063/1063 1065/1065/1065 1035/1035/1035
f 1035/1035/1035 1065/1065/1065 1067/1067/1067 1037/1037/1037
f 1037/1037/1037 1067/1067/1067 1069/1069/1069 1039/1039/1039
f 1039/1039/1039 1069/1069/1069 1071/1071/1071 1041/1041/1041
f 1041/1041/1041 1071/1071/1071 1073/1073/1073 1043/1043/1043
f 1043/1043/1043 1073/1073/1073 1075/1075/1075 1045/1045/1045
f 1045/1045/1045 1075/1075/1075 1077/1077/1077 1047/1047/1047
f 1047/1047/1047 1077/1077/1077 1079/1079/1079 1049/1049/1049
f 1051/1051/1051 1081/1081/1081 1083/1083/1083 1053/1053/1053
f 1053/1053/1053 1083/1083/1083 1085/1085/1085 1055/1055/1055
f 1055/1055/1055 1085/1085/1085 1087/1087/1087 1057/1057/1057
f 1057/1057/1057 1087/1087/1087 1089/1089/1089 1059/1059/1059
f 1059/1059/1059 1089/1089/1089 1091/1091/1091 1061/1061/1061
f 1061/1061/1061 1091/1091/1091 1093/1093/1093 1063/1063/1063
f 1063/1063/1063 1093/1093/1093 1095/1095/1095 1065/1065/1065
f 1065/1065/1065 1095/1095/1095 1097/1097/1097 1067/1067/1067
f 1067/1067/1067 1097/1097/1097 1099/1099/1099 1069/1069/1069
f 1069/1069/1069 1099/1099/1099 1101/1101/1101 1071/1071/1071
f 1071/1071/1071 1101/1101/1101 1103/1103/1103 1073/1073/1073
f 1073/1073/1073 1103/1103/1103 1105/1105/1105 1075/1075/1075
f 1075/1075/1075 1105/1105/1105 1107/1107/1107 1077/1077/1077
f 1077/1077/1077 1107/1107/1107 1109/1109/1109 1079/1079/1079
f 1081/1081/1081 1111/1111/1111 1113/1113/1113 1083/1083/1083
f 1083/1083/1083 1113/1113/1113 1115/1115/1115 1085/1085/1085
f 1085/1085/1085 1115/1115/1115 1117/1117/1117 1087/1087/1087
f 1087/1087/1087 1117/1117/1117 1119/1119/1119 1089/1089/1089
f 1089/1089/1089 1119/1119/1119 1121/1121/1121 1091/1091/1091
f 1091/1091/1091 1121/1121/1121 1123/1123/1123 1093/1093/1093
f 1093/1093/1093 1123/1123/1123 1125/1125/1125 1095/1095/1095
f 1095/1095/1095 1125/1125/1125 1127/1127/1127 1097/1097/1097
f 1097/1097/1097 1127/1127/1127 1129/1129/1129 1099/1099/1099
f 1099/1099/1099 1129/1129/1129 1131/1131/1131 1101/1101/1101
f 1101/1101/1101 1131/1131/1131 1133/1133/1133 1103/1103/1103
f 1103/1103/1103 1133/1133/1133 1135/1135/1135 1105/1105/1105
f 1105/1105/1105 1135/1135/1135 1137/1137/1137 1107/1107/1107
f 1107/1107/1107 1137/1137/1137 1139/1139/1139 1109/1109/1109
f 1111/1111/1111 1141/1141/1141 1143/1143/1143 1113/1113/1113
f 1113/1113/1113 1143/1143/1143 1145/1145/1145 1115/1115/1115
f 1115/1115/1115 1145/1145/1145 1147/1147/1147 1117/1117/1117
f 1117/1117/1117 1147/1147/1147 1149/1149/1149 1119/1119/1119
f 1119/1119/1119 1149/1149/1149 1151/1151/1151 1121/1121/1121
f 1121/1121/1121 1151/1151/1151 1153/1153/1153 1123/1123/1123
f 1123/1123/1123 1153/1153/1153 1155/1155/1155 1125/1125/1125
f 1125/1125/1125 1155/1155/1155 1157/1157/1157 1127/1127/1127
f 1127/1127/1127 1157/1157/1157 1159/1159/1159 1129/1129/1129
f 1129/1129/1129 1159/1159/1159 1161/1161/1161 1131/1131/1131
f 1131/1131/1131 1161/1161/1161 1163/1163/1163 1133/1133/1133
f 1133/1133/1133 1163/1163/1163 1165/1165/1165 1135/1135/1135
f 1135/1135/1135 1165/1165/1165 1167/1167/1167 1137/1137/1137
f 1137/1137/1137 1167/1167/1167 1169/1169/1169 1139/1139/1139
f 1141/1141/1141 1171/1171/1171 1173/1173/1173 1143/1143/1143
f 1143/1143/1143 1173/1173/1173 1175/1175/1175 1145/1145/1145
f 1145/1145/1145 1175/1175/1175 1177/1177/1177 1147/1147/1147
f 1147/1147/1147 1177/1177/1177 1179/1179/1179 1149/1149/1149
f 1149/1149/1149 1179/1179/1179 1181/1181/1181 1151/1151/1151
f 1151/1151/1151 1181/1181/1181 1183/1183/1183 1153/1153/1153
f 1153/1153/1153 1183/1183/1183 1185/1185/1185 1155/1155/1155
f 1155/1155/1155 1185/1185/1185 1187/1187/1187 1157/1157/1157
f 1157/1157/1157 1187/1187/1187 1189/1189/1189 1159/1159/1159
f 1159/1159/1159 1189/1189/1189 1191/1191/1191 1161/1161/1161
f 1161/1161/1161 1191/1191/1191 1193/1193/1193 1163/1163/1163
f 1163/1163/1163 1193/1193/1193 1195/1195/1195 1165/1165/1165
f 1165/1165/1165 1195/1195/1195 1197/1197/1197 1167/1167/1167
f 1167/1167/1167 1197/1197/1197 1199/1199/1199 1169/1169/1169
f 1171/1171/1171 1201/1201/1201 1203/1203/1203 1173/1173/1173
f 1173/1173/1173 1203/1203/1203 1205/1205/1205 1175/1175/1175
f 1175/1175/1175 1205/1205/1205 1207/1207/1207 1177/1177/1177
f 1177/1177/1177 1207/1207/1207 1209/1209/1209 1179/1179/1179
f 1179/1179/1179 1209/1209/1209 1211/1211/1211 1181/1181/1181
f 1181/1181/1181 1211/1211/1211 1213/1213/1213 1183/1183/1183
f 1183/1183/1183 1213/1213/1213 1215/1215/1215 1185/1185/1185
f 1185/1185/1185 1215/1215/1215 1217/1217/1217 1187/1187/1187
f 1187/1187/1187 1217/1217/1217 1219/1219/1219 1189/1189/1189
f 1189/1189/1189 1219/1219/1219 1221/1221/1221 1191/1191/1191
f 1191/1191/1191 1221/1221/1221 1223/1223/1223 1193/1193/1193
f 1193/1193/1193 1223/1223/1223 1225/1225/1225 1195/1195/1195
f 1195/1195/1195 1225/1225/1225 1227/1227/1227 1197/1197/1197
f 1197/1197/1197 1227/1227/1227 1229/1229/1229 1199/1199/1199
f 1201/1201/1201 1231/1231/1231 1233/1233/1233 1203/1203/1203
f 1203/1203/1203 1233/1233/1233 1235/1235/1235 1205/1205/1205
f 1205/1205/1205 1235/1235/1235 1237/1237/1237 1207/1207/1207
f 1207/1207/1207 1237/1237/1237 1239/1239/1239 1209/1209/1209
f 1209/1209/1209 1239/1239/1239 1241/1241/1241 1211/1211/1211
f 1211/1211/1211 1241/1241/1241 1243/1243/1243 1213/1213/1213
f 1213/1213/1213 1243/1243/1243 1245/1245/1245 1215/1215/1215
f 1215/1215/1215 1245/1245/1245 1247/1247/1247 1217/1217/1217
f 1217/1217/1217 1247/1247/1247 1249/1249/1249 1219/1219/1219
f 1219/1219/1219 1249/1249/1249 1251/1251/1251 1221/1221/1221
f 1221/1221/1221 1251/1251/1251 1253/1253/1253 1223/1223/1223
f 1223/1223/1223 1253/1253/1253 1255/1255/1255 1225/1225/1225
f 1225/1225/1225 1255/1255/1255 1257/1257/1257 1227/1227/1227
f 1227/1227/1227 1257/1257/1257 1259/1259/1259 1229/1229/1229
f 1231/1231/1231 1261/1261/1261 1263/1263/1263 1233/1233/1233
f 1233/1233/1233 1263/1263/1263 1265/1265/1265 1235/1235/1235
f 1235/1235/1235 1265/1265/1265 1267/1267/1267 1237/1237/1237
f 1237/1237/1237 1267/1267/1267 1269/1269/1269 1239/1239/1239
f 1239/1239/1239 1269/1269/1269 1271/1271/1271 1241/1241/1241
f 1241/1241/1241 1271/1271/1271 1273/1273/1273 1243/1243/1243
f 1243/1243/1243 1273/1273/1273 1275/1275/1275 1245/1245/1245
f 1245/1245/1245 1275/1275/1275 1277/1277/1277 1247/1247/1247
f 1247/1247/1247 1277/1277/1277 1279/1279/1279 1249/1249/1249
f 1249/1249/1249 1279/1279/1279 1281/1281/1281 1251/1251/1251
f 1251/1251/1251 1281/1281/1281 1283/1283/1283 1253/1253/1253
f 1253/1253/1253 1283/1283/1283 1285/1285/1285 1255/1255/1255
f 1255/1255/1255 1285/1285/1285 1287/1287/1287 1257/1257/1257
f 1257/1257/1257 1287/1287/1287 1289/1289/1289 1259/1259/1259
f 1261/1261/1261 1291/1291/1291 1293/1293/1293 1263/1263/1263
f 1263/1263/1263 1293/1293/1293 1295/1295/1295 1265/1265/1265
f 1265/1265/1265 1295/1295/1295 1297/1297/1297 1267/1267/1267
f 1267/1267/1267 1297/1297/1297 1299/1299/1299 1269/1269/1269
f 1269/1269/1269 1299/1299/1299 1301/1301/1301 1271/1271/1271
f 1271/1271/1271 1301/1301/1301 1303/1303/1303 1273/1273/1273
f 1273/1273/1273 1303/1303/1303 1305/1305/1305 1275/1275/1275
f 1275/1275/1275 1305/1305/1305 1307/1307/1307 1277/1277/1277
f 1277/1277/1277 1307/1307/1307 1309/1309/1309 1279/1279/1279
f 1279/1279/1279 1309/1309/1309 1311/1311/1311 1281/1281/1281
f 1281/1281/1281 1311/1311/1311 1313/1313/1313 1283/1283/1283
f 1283/1283/1283 1313/1313/1313 1315/1315/1315 1285/1285/1285
f 1285/1285/1285 1315/1315/1315 1317/1317/1317 1287/1287/1287
f 1287/1287/1287 1317/1317/1317 1319/1319/1319 1289/1289/1289
f 1291/1291/1291 1321/1321/1321 1323/1323/1323 1293/1293/1293
f 1293/1293/1293 1323/1323/1323 1325/1325/1325 1295/1295/1295
f 1295/1295/1295 1325/1325/1325 1327/1327/1327 1297/1297/1297
f 1297/1297/1297 1327/1327/1327 1329/1329/1329 1299/1299/1299
f 1299/1299/1299 1329/1329/1329 1331/1331/1331 1301/1301/1301
f 1301/1301/1301 1331/1331/1331 1333/1333/1333 1303/1303/1303
f 1303/1303/1303 1333/1333/1333 1335/1335/1335 1305/1305/1305
f 1305/1305/1305 1335/1335/1335 1337/1337/1337 1307/1307/1307
f 1307/1307/1307 1337/1337/1337 1339/1339/1339 1309/1309/1309
f 1309/1309/1309 1339/1339/1339 1341/1341/1341 1311/1311/1311
f 1311/1311/1311 1341/1341/1341 1343/1343/1343 1313/1313/1313
f 1313/1313/1313 1343/1343/1343 1345/1345/1345 1315/1315/1315
f 1315/1315/1315 1345/1345/1345 1347/1347/1347 1317/1317/1317
f 1317/1317/1317 1347/1347/1347 1349/1349/1349 1319/1319/1319
f 1321/1321/1321 1351/1351/1351 1353/1353/1353 1323/1323/1323
f 1323/1323/1323 1353/1353/1353 1355/1355/1355 1325/1325/1325
f 1325/1325/1325 1355/1355/1355 1357/1357/1357 1327/1327/1327
f 1327/1327/1327 1357/1357/1357 1359/1359/1359 1329/1329/1329
f 1329/1329/1329 1359/1359/1359 1361/1361/1361 1331/1331/1331
f 1331/1331/1331 1361/1361/1361 1363/1363/1363 1333/1333/1333
f 1333/1333/1333 1363/1363/1363 1365/1365/1365 1335/1335/1335
f 1335/1335/1335 1365/1365/1365 1367/1367/1367 1337/1337/1337
f 1337/1337/1337 1367/1367/1367 1369/1369/1369 1339/1339/1339
f 1339/1339/1339 1369/1369/1369 1371/1371/1371 1341/1341/1341
f 1341/1341/1341 1371/1371/1371 1373/1373/1373 1343/1343/1343
f 1343/1343/1343 1373/1373/1373 1375/1375/1375 1345/1345/1345
f 1345/1345/1345 1375/1375/1375 1377/1377/1377 1347/1347/1347
f 1347/1347/1347 1377/1377/1377 1379/1379/1379 1349/1349/1349
f 1351/1351/1351 1381/1381/1381 1383/1383/1383 1353/1353/1353
f 1353/1353/1353 1383/1383/1383 1385/1385/1385 1355/1355/1355
f 1355/1355/1355 1385/1385/1385 1387/1387/1387 1357/1357/1357
f 1357/1357/1357 1387/1387/1387 1389/1389/1389 1359/1359/1359
f 1359/1359/1359 1389/1389/1389 1391/1391/1391 1361/1361/1361
f 1361/1361/1361 1391/1391/1391 1393/1393/1393 1363/1363/1363
f 1363/1363/1363 1393/1393/1393 1395/1395/1395 1365/1365/1365
f 1365/1365/1365 1395/1395/1395 1397/1397/1397 1367/1367/1367
f 1367/1367/1367 1397/1397/1397 1399/1399/1399 1369/1369/1369
f 1369/1369/1369 1399/1399/1399 1401/1401/1401 1371/1371/1371
f 1371/1371/1371 1401/1401/1401 1403/1403/1403 1373/1373/1373
f 1373/1373/1373 1403/1403/1403 1405/1405/1405 1375/1375/1375
f 1375/1375/1375 1405/1405/1405 1407/1407/1407 1377/1377/1377
f 1377/1377/1377 1407/1407/1407 1409/1409/1409 1379/1379/1379
f 1381/1381/1381 1411/1411/1411 1413/1413/1413 1383/1383/1383
f 1383/1383/1383 1413/1413/1413 1415/1415/1415 1385/1385/1385
f 1385/1385/1385 1415/1415/1415 1417/1417/1417 1387/1387/1387
f 1387/1387/1387 1417/1417/1417 1419/1419/1419 1389/1389/1389
f 1389/1389/1389 1419/1419/1419 1421/1421/1421 1391/1391/1391
f 1391/1391/1391 1421/1421/1421 1423/1423/1423 1393/1393/1393
f 1393/1393/1393 1423/1423/1423 1425/1425/1425 1395/1395/1395
f 1395/1395/1395 1425/1425/1425 1427/1427/1427 1397/1397/1397
f 1397/1397/1397 1427/1427/1427 1429/1429/1429 1399/1399/1399
f 1399/1399/1399 1429/1429/1429 1431/1431/1431 1401/1401/1401
f 1401/1401/1401 1431/1431/1431 1433/1433/1433 1403/1403/1403
f 1403/1403/1403 1433/1433/1433 1435/1435/1435 1405/1405/1405
f 1405/1405/1405 1435/1435/1435 1437/1437/1437 1407/1407/1407
f 1407/1407/1407 1437/1437/1437 1439/1439/1439 1409/1409/1409
f 1411/1411/1411 1441/1441/1441 1443/1443/1443 1413/1413/1413
f 1413/1413/1413 1443/1443/1443 1445/1445/1445 1415/1415/1415
f 1415/1415/1415 1445/1445/1445 1447/1447/1447 1417/1417/1417
f 1417/1417/1417 1447/1447/1447 1449/1449/1449 1419/1419/1419
f 1419/1419/1419 1449/1449/1449 1451/1451/1451 1421/1421/1421
f 1421/1421/1421 1451/1451/1451 1453/1453/1453 1423/1423/1423
f 1423/1423/1423 1453/1453/1453 1455/1455/1455 1425/1425/1425
f 1425/1425/1425 1455/1455/1455 1457/1457/1457 1427/1427/1427
f 1427/1427/1427 1457/1457/1457 1459/1459/1459 1429/1429/1429
f 1429/1429/1429 1459/1459/1459 1461/1461/1461 1431/1431/1431
f 1431/1431/1431 1461/1461/1461 1463/1463/1463 1433/1433/1433
f 1433/1433/1433 1463/1463/1463 1465/1465/1465 1435/1435/1435
f 1435/1435/1435 1465/1465/1465 1467/1467/1467 1437/1437/1437
f 1437/1437/1437 1467/1467/1467 1469/1469/1469 1439/1439/1439
f 1441/1441/1441 1471/1471/1471 1473/1473/1473 1443/1443/1443
f 1443/1443/1443 1473/1473/1473 1475/1475/1475 1445/1445/1445
f 1445/1445/1445 1475/1475/1475 1477/1477/1477 1447/1447/1447
f 1447/1447/1447 1477/1477/1477 1479/1479/1479 1449/1449/1449
f 1449/1449/1449 1479/1479/1479 1481/1481/1481 1451/1451/1451
f 1451/1451/1451 1481/1481/1481 1483/1483/1483 1453/1453/1453
f 1453/1453/1453 1483/1483/1483 1485/1485/1485 1455/1455/1455
f 1455/1455/1455 1485/1485/1485 1487/1487/1487 1457/1457/1457
f 1457/1457/1457 1487/1487/1487 1489/1489/1489 1459/1459/1459
f 1459/1459/1459 1489/1489/1489 1491/1491/1491 1461/1461/1461
f 1461/1461/1461 1491/1491/1491 1493/1493/1493 1463/1463/1463
f 1463/1463/1463 1493/1493/1493 1495/1495/1495 1465/1465/1465
f 1465/1465/1465 1495/1495/1495 1497/1497/1497 1467/1467/1467
f 1467/1467/1467 1497/1497/1497 1499/1499/1499 1469/1469/1469
f 752/752/752 754/754/754 784/784/784 782/782/782
f 754/754/754 756/756/756 786/786/786 784/784/784
f 756/756/756 758/758/758 788/788/788 786/786/786
f 758/758/758 760/760/760 790/790/790 788/788/788
f 760/760/760 762/762/762 792/792/792 790/790/790
f 762/762/762 764/764/764 794/794/794 792/792/792
f 764/764/764 766/766/766 796/796/796 794/794/794
f 766/766/766 768/768/768 798/798/798 796/796/796
f 768/768/768 770/770/770 800/800/800 798/798/798
f 770/770/770 772/772/772 802/802/802 800/800/800
f 772/772/772 774/774/774 804/804/804 802/802/802
f 774/774/774 776/776/776 806/806/806 804/804/804
f 776/776/776 778/778/778 808/808/808 806/806/806
f 778/778/778 780/780/780 810/810/810 808/808/808
f 782/782/782 784/784/784 814/814/814 812/812/812
f 784/784/784 786/786/786 816/816/816 814/814/814
f 786/786/786 788/788/788 818/818/818 816/816/816
f 788/788/788 790/790/790 820/820/820 818/818/818
f 790/790/790 792/792/792 822/822/822 820/820/820
f 792/792/792 794/794/794 824/824/824 822/822/822
f 794/794/794 796/796/796 826/826/826 824/824/824
f 796/796/796 798/798/798 828/828/828 826/826/826
f 798/798/798 800/800/800 830/830/830 828/828/828
f 800/800/800 802/802/802 832/832/832 830/830/830
f 802/802/802 804/804/804 834/834/834 832/832/832
f 804/804/804 806/806/806 836/836/836 834/834/834
f 806/806/806 808/808/808 838/838/838 836/836/836
f 808/808/808 810/810/810 840/840/840 838/838/838
f 812/812/812 814/814/814 844/844/844 842/842/842
f 814/814/814 816/816/816 846/846/846 844/844/844
f 816/816/816 818/818/818 848/848/848 846/846/846
f 818/818/818 820/820/820 850/850/850 848/848/848
f 820/820/820 822/822/822 852/852/852 850/850/850
f 822/822/822 824/824/824 854/854/854 852/852/852
f 824/824/824 826/826/826 856/856/856 854/854/854
f 826/826/826 828/828/828 858/858/858 856/856/856
f 828/828/828 830/830/830 860/860/860 858/858/858
f 830/830/830 832/832/832 862/862/862 860/860/860
f 832/832/832 834/834/834 864/864/864 862/862/862
f 834/834/834 836/836/836 866/866/866 864/864/864
f 836/836/836 838/838/838 868/868/868 866/866/866
f 838/838/838 840/840/840 870/870/870 868/868/868
f 842/842/842 844/844/844 874/874/874 872/872/872
f 844/844/844 846/846/846 876/876/876 874/874/874
f 846/846/846 848/848/848 878/878/878 876/876/876
f 848/848/848 850/850/850 880/880/880 878/878/878
f 850/850/850 852/852/852 882/882/882 880/880/880
f 852/852/852 854/854/854 884/884/884 882/882/882
f 854/854/854 856/856/856 886/886/886 884/884/884
f 856/856/856 858/858/858 888/888/888 886/886/886
f 858/858/858 860/860/860 890/890/890 888/888/888
f 860/860/860 862/862/862 892/892/892 890/890/890
f 862/862/862 864/864/864 894/894/894 892/892/892
f 864/864/864 866/866/866 896/896/896 894/894/894
f 866/866/866 868/868/868 898/898/898 896/896/896
f 868/868/868 870/870/870 900/900/900 898/898/898
f 872/872/872 874/874/874 904/904/904 902/902/902
f 874/874/874 876/876/876 906/906/906 904/904/904
f 876/876/876 878/878/878 908/908/908 906/906/906
f 878/878/878 880/880/880 910/910/910 908/908/908
f 880/880/880 882/882/882 912/912/912 910/910/910
f 882/882/882 884/884/884 914/914/914 912/912/912
f 884/884/884 886/886/886 916/916/916 914/914/914
f 886/886/886 888/888/888 918/918/918 916/916/916
f 888/888/888 890/890/890 920/920/920 918/918/918
f 890/890/890 892/892/892 922/922/922 920/920/920
f 892/892/892 894/894/894 924/924/924 922/922/922
f 894/894/894 896/896/896 926/926/926 924/924/924
f 896/896/896 898/898/898 928/928/928 926/926/926
f 898/898/898 900/900/900 930/930/930 928/928/928
f 902/902/902 904/904/904 934/934/934 932/932/932
f 904/904/904 906/906/906 936/936/936 934/934/934
f 906/906/906 908/908/908 938/938/938 936/936/936
f 908/908/908 910/910/910 940/940/940 938/938/938
f 910/910/910 912/912/912 942/942/942 940/940/940
f 912/912/912 914/914/914 944/944/944 942/942/942
f 914/914/914 916/916/916 946/946/946 944/944/944
f 916/916/916 918/918/918 948/948/948 946/946/946
f 918/918/918 920/920/920 950/950/950 948/948/948
f 920/920/920 922/922/922 952/952/952 950/950/950
f 922/922/922 924/924/924 954/954/954 952/952/952
f 924/924/924 926/926/926 956/956/956 954/954/954
f 926/926/926 928/928/928 958/958/958 956/956/956
f 928/928/928 930/930/930 960/960/960 958/958/958
f 932/932/932 934/934/934 964/964/964 962/962/962
f 934/934/934 936/936/936 966/966/966 964/964/964
f 936/936/936 938/938/938 968/968/968 966/966/966
f 938/938/938 940/940/940 970/970/970 968/968/968
f 940/940/940 942/942/942 972/972/972 970/970/970
f 942/942/942 944/944/944 974/974/974 972/972/972
f 944/944/944 946/946/946 976/976/976 974/974/974
f 946/946/946 948/948/948 978/978/978 976/976/976
f 948/948/948 950/950/950 980/980/980 978/978/978
f 950/950/950 952/952/952 982/982/982 980/980/980
f 952/952/952 954/954/954 984/984/984 982/982/982
f 954/954/954 956/956/956 986/986/986 984/984/984
f 956/956/956 958/958/958 988/988/988 986/986/986
f 958/958/958 960/960/960 990/990/990 988/988/988
f 962/962/962 964/964/964 994/994/994 992/992/992
f 964/964/964 966/966/966 996/996/996 994/994/994
f 966/966/966 968/968/968 998/998/998 996/996/996
f 968/968/968 970/970/970 1000/1000/1000 998/998/998
f 970/970/970 972/972/972 1002/1002/1002 1000/1000/1000
f 972/972/972 974/974/974 1004/1004/1004 1002/1002/1002
f 974/974/974 976/976/976 1006/1006/1006 1004/1004/1004
f 976/976/976 978/978/978 1008/1008/1008 1006/1006/1006
f 978/978/978 980/980/980 1010/1010/1010 1008/1008/1008
f 980/980/980 982/982/982 1012/1012/1012 1010/1010/1010
f 982/982/982 984/984/984 1014/1014/1014 1012/1012/1012
f 984/984/984 986/986/986 1016/1016/1016 1014/1014/1014
f 986/986/986 988/988/988 1018/1018/1018 1016/1016/1016
f 988/988/988 990/990/990 1020/1020/1020 1018/1018/1018
f 992/992/992 994/994/994 1024/1024/1024 1022/1022/1022
f 994/994/994 996/996/996 1026/1026/1026 1024/1024/1024
f 996/996/996 998/998/998 1028/1028/1028 1026/1026/1026
f 998/998/998 1000/1000/1000 1030/1030/1030 1028/1028/1028
f 1000/1000/1000 1002/1002/1002 1032/1032/1032 1030/1030/1030
f 1002/1002/1002 1004/1004/1004 1034/1034/1034 1032/1032/1032
f 1004/1004/1004 1006/1006/1006 1036/1036/1036 1034/1034/1034
f 1006/1006/1006 1008/1008/1008 1038/1038/1038 1036/1036/1036
f 1008/1008/1008 1010/1010/1010 1040/1040/1040 1038/1038/1038
f 1010/1010/1010 1012/1012/1012 1042/1042/1042 1040/1040/1040
f 1012/1012/1012 1014/1014/1014 1044/1044/1044 1042/1042/1042
f 1014/1014/1014 1016/1016/1016 1046/1046/1046 1044/1044/1044
f 1016/1016/1016 1018/1018/1018 1048/1048/1048 1046/1046/1046
f 1018/1018/1018 1020/1020/1020 1050/1050/1050 1048/1048/1048
f 1022/1022/1022 1024/1024/1024 1054/1054/1054 1052/1052/1052
f 1024/1024/1024 1026/1026/1026 1056/1056/1056 1054/1054/1054
f 1026/1026/1026 1028/1028/1028 1058/1058/1058 1056/1056/1056
f 1028/1028/1028 1030/1030/1030 1060/1060/1060 1058/1058/1058
f 1030/1030/1030 1032/1032/1032 1062/1062/1062 1060/1060/1060
f 1032/1032/1032 1034/1034/1034 1064/1064/1064 1062/1062/1062
f 1034/1034/1034 1036/1036/1036 1066/1066/1066 1064/1064/1064
f 1036/1036/1036 1038/1038/1038 1068/1068/1068 1066/1066/1066
f 1038/1038/1038 1040/1040/1040 1070/1070/1070 1068/1068/1068
f 1040/1040/1040 1042/1042/1042 1072/1072/1072 1070/1070/1070
f 1042/1042/1042 1044/1044/1044 1074/1074/1074 1072/1072/1072
f 1044/1044/1044 1046/1046/1046 1076/1076/1076 1074/1074/1074
f 1046/1046/1046 1048/1048/1048 1078/1078/1078 1076/1076/1076
f 1048/1048/1048 1050/1050/1050 1080/1080/1080 1078/1078/1078
f 1052/1052/1052 1054/1054/1054 1084/1084/1084 1082/1082/1082
f 1054/1054/1054 1056/1056/1056 1086/1086/1086 1084/1084/1084
f 1056/1056/1056 1058/1058/1058 1088/1088/1088 1086/1086/1086
f 1058/1058/1058 1060/1060/1060 1090/1090/1090 1088/1088/1088
f 1060/1060/1060 1062/1062/1062 1092/1092/1092 1090/1090/1090
f 1062/1062/1062 1064/1064/1064 1094/1094/1094 1092/1092/1092
f 1064/1064/1064 1066/1066/1066 1096/1096/1096 1094/1094/1094
f 1066/1066/1066 1068/1068/1068 1098/1098/1098 1096/1096/1096
f 1068/1068/1068 1070/1070/1070 1100/1100/1100 1098/1098/1098
f 1070/1070/1070 1072/1072/1072 1102/1102/1102 1100/1100/1100
f 1072/1072/1072 1074/1074/1074 1104/1104/1104 1102/1102/1102
f 1074/1074/1074 1076/1076/1076 1106/1106/1106 1104/1104/1104
f 1076/1076/1076 1078/1078/1078 1108/1108/1108 1106/1106/1106
f 1078/1078/1078 1080/1080/1080 1110/1110/1110 1108/1108/1108
f 1082/1082/1082 1084/1084/1084 1114/1114/1114 1112/1112/1112
f 1084/1084/1084 1086/1086/1086 1116/1116/1116 1114/1114/1114
f 1086/1086/1086 1088/1088/1088 1118/1118/1118 1116/1116/1116
f 1088/1088/1088 1090/1090/1090 1120/1120/1120 1118/1118/1118
f 1090/1090/1090 1092/1092/1092 1122/1122/1122 1120/1120/1120
f 1092/1092/1092 1094/1094/1094 1124/1124/1124 1122/1122/1122
f 1094/1094/1094 1096/1096/1096 1126/1126/1126 1124/1124/1124
f 1096/1096/1096 1098/1098/1098 1128/1128/1128 1126/1126/1126
f 1098/1098/1098 1100/1100/1100 1130/1130/1130 1128/1128/1128
f 1100/1100/1100 1102/1102/1102 1132/1132/1132 1130/1130/1130
f 1102/1102/1102 1104/1104/1104 1134/1134/1134 1132/1132/1132
f 1104/1104/1104 1106/1106/1106 1136/1136/1136 1134/1134/1134
f 1106/1106/1106 1108/1108/1108 1138/1138/1138 1136/1136/1136
f 1108/1108/1108 1110/1110/1110 1140/1140/1140 1138/1138/1138
f 1112/1112/1112 1114/1114/1114 1144/1144/1144 1142/1142/1142
f 1114/1114/1114 1116/1116/1116 1146/1146/1146 1144/1144/1144
f 1116/1116/1116 1118/1118/1118 1148/1148/1148 1146/1146/1146
f 1118/1118/1118 1120/1120/1120 1150/1150/1150 1148/1148/1148
f 1120/1120/1120 1122/1122/1122 1152/1152/1152 1150/1150/1150
f 1122/1122/1122 1124/1124/1124 1154/1154/1154 1152/1152/1152
f 1124/1124/1124 1126/1126/1126 1156/1156/1156 1154/1154/1154
f 1126/1126/1126 1128/1128/1128 1158/1158/1158 1156/1156/1156
f 1128/1128/1128 1130/1130/1130 1160/1160/1160 1158/1158/1158
f 1130/1130/1130 1132/1132/1132 1162/1162/1162 1160/1160/1160
f 1132/1132/1132 1134/1134/1134 1164/1164/1164 1162/1162/1162
f 1134/1134/1134 1136/1136/1136 1166/1166/1166 1164/1164/1164
f 1136/1136/1136 1138/1138/1138 1168/1168/1168 1166/1166/1166
f 1138/1138/1138 1140/1140/1140 1170/1170/1170 1168/1168/1168
f 1142/1142/1142 1144/1144/1144 1174/1174/1174 1172/1172/1172
f 1144/1144/1144 1146/1146/1146 1176/1176/1176 1174/1174/1174
f 1146/1146/1146 1148/1148/1148 1178/1178/1178 1176/1176/1176
f 1148/1148/1148 1150/1150/1150 1180/1180/1180 1178/1178/1178
f 1150/1150/1150 1152/1152/1152 1182/1182/1182 1180/1180/1180
f 1152/1152/1152 1154/1154/1154 1184/1184/1184 1182/1182/1182
f 1154/1154/1154 1156/1156/1156 1186/1186/1186 1184/1184/1184
f 1156/1156/1156 1158/1158/1158 1188/1188/1188 1186/1186/1186
f 1158/1158/1158 1160/1160/1160 1190/1190/1190 1188/1188/1188
f 1160/1160/1160 1162/1162/1162 1192/1192/1192 1190/1190/1190
f 1162/1162/1162 1164/1164/1164 1194/1194/1194 1192/1192/1192
f 1164/1164/1164 1166/1166/1166 1196/1196/1196 1194/1194/1194
f 1166/1166/1166 1168/1168/1168 1198/1198/1198 1196/1196/1196
f 1168/1168/1168 1170/1170/1170 1200/1200/1200 1198/1198/1198
f 1172/1172/1172 1174/1174/1174 1204/1204/1204 1202/1202/1202
f 1174/1174/1174 1176/1176/1176 1206/1206/1206 1204/1204/1204
f 1176/1176/1176 1178/1178/1178 1208/1208/1208 1206/1206/1206
f 1178/1178/1178 1180/1180/1180 1210/1210/1210 1208/1208/1208
f 1180/1180/1180 1182/1182/1182 1212/1212/1212 1210/1210/1210
f 1182/1182/1182 1184/1184/1184 1214/1214/1214 1212/1212/1212
f 1184/1184/1184 1186/1186/1186 1216/1216/1216 1214/1214/1214
f 1186/1186/1186 1188/1188/1188 1218/1218/1218 1216/1216/1216
f 1188/1188/1188 1190/1190/1190 1220/1220/1220 1218/1218/1218
f 1190/1190/1190 1192/1192/1192 1222/1222/1222 1220/1220/1220
f 1192/1192/1192 1194/1194/1194 1224/1224/1224 1222/1222/1222
f 1194/1194/1194 1196/1196/1196 1226/1226/1226 1224/1224/1224
f 1196/1196/1196 1198/1198/1198 1228/1228/1228 1226/1226/1226
f 1198/1198/1198 1200/1200/1200 1230/1230/1230 1228/1228/1228
f 1202/1202/1202 1204/1204/1204 1234/1234/1234 1232/1232/1232
f 1204/1204/1204 1206/1206/1206 1236/1236/1236 1234/1234/1234
f 1206/1206/1206 1208/1208/1208 1238/1238/1238 1236/1236/1236
f 1208/1208/1208 1210/1210/1210 1240/1240/1240 1238/1238/1238
f 1210/1210/1210 1212/1212/1212 1242/1242/1242 1240/1240/1240
f 1212/1212/1212 1214/1214/1214 1244/1244/1244 1242/1242/1242
f 1214/1214/1214 1216/1216/1216 1246/1246/1246 1244/1244/1244
f 1216/1216/1216 1218/1218/1218 1248/1248/1248 1246/1246/1246
f 1218/1218/1218 1220/1220/1220 1250/1250/1250 1248/1248/1248
f 1220/1220/1220 1222/1222/1222 1252/1252/1252 1250/1250/1250
f 1222/1222/1222 1224/1224/1224 1254/1254/1254 1252/1252/1252
f 1224/1224/1224 1226/1226/1226 1256/1256/1256 1254/1254/1254
f 1226/1226/1226 1228/1228/1228 1258/1258/1258 1256/1256/1256
f 1228/1228/1228 1230/1230/1230 1260/1260/1260 1258/1258/1258
f 1232/1232/1232 1234/1234/1234 1264/1264/1264 1262/1262/1262
f 1234/1234/1234 1236/1236/1236 1266/1266/1266 1264/1264/1264
f 1236/1236/1236 1238/1238/1238 1268/1268/1268 1266/1266/1266
f 1238/1238/1238 1240/1240/1240 1270/1270/1270 1268/1268/1268
f 1240/1240/1240 1242/1242/1242 1272/1272/1272 1270/1270/1270
f 1242/1242/1242 1244/1244/1244 1274/1274/1274 1272/1272/1272
f 1244/1244/1244 1246/1246/1246 1276/1276/1276 1274/1274/1274
f 1246/1246/1246 1248/1248/1248 1278/1278/1278 1276/1276/1276
f 1248/1248/1248 1250/1250/1250 1280/1280/1280 1278/1278/1278
f 1250/1250/1250 1252/1252/1252 1282/1282/1282 1280/1280/1280
f 1252/1252/1252 1254/1254/1254 1284/1284/1284 1282/1282/1282
f 1254/1254/1254 1256/1256/1256 1286/1286/1286 1284/1284/1284
f 1256/1256/1256 1258/1258/1258 1288/1288/1288 1286/1286/1286
f 1258/1258/1258 1260/1260/1260 1290/1290/1290 1288/1288/1288
f 1262/1262/1262 1264/1264/1264 1294/1294/1294 1292/1292/1292
f 1264/1264/1264 1266/1266/1266 1296/1296/1296 1294/1294/1294
f 1266/1266/1266 1268/1268/1268 1298/1298/1298 1296/1296/1296
f 1268/1268/1268 1270/1270/1270 1300/1300/1300 1298/1298/1298
f 1270/1270/1270 1272/1272/1272 1302/1302/1302 1300/1300/1300
f 1272/1272/1272 1274/1274/1274 1304/1304/1304 1302/1302/1302
f 1274/1274/1274 1276/1276/1276 1306/1306/1306 1304/1304/1304
f 1276/1276/1276 1278/1278/1278 1308/1308/1308 1306/1306/1306
f 1278/1278/1278 1280/1280/1280 1310/1310/1310 1308/1308/1308
f 1280/1280/1280 1282/1282/1282 1312/1312/1312 1310/1310/1310
f 1282/1282/1282 1284/1284/1284 1314/1314/1314 1312/1312/1312
f 1284/1284/1284 1286/1286/1286 1316/1316/1316 1314/1314/1314
f 1286/1286/1286 1288/1288/1288 1318/1318/1318 1316/1316/1316
f 1288/1288/1288 1290/1290/1290 1320/1320/1320 1318/1318/1318
f 1292/1292/1292 1294/1294/1294 1324/1324/1324 1322/1322/1322
f 1294/1294/1294 1296/1296/1296 1326/1326/1326 1324/1324/1324
f 1296/1296/1296 1298/1298/1298 1328/1328/1328 1326/1326/1326
f 1298/1298/1298 1300/1300/1300 1330/1330/1330 1328/1328/1328
f 1300/1300/1300 1302/1302/1302 1332/1332/1332 1330/1330/1330
f 1302/1302/1302 1304/1304/1304 1334/1334/1334 1332/1332/1332
f 1304/1304/1304 1306/1306/1306 1336/1336/1336 1334/1334/1334
f 1306/1306/1306 1308/1308/1308 1338/1338/1338 1336/1336/1336
f 1308/1308/1308 1310/1310/1310 1340/1340/1340 1338/1338/1338
f 1310/1310/1310 1312/1312/1312 1342/1342/1342 1340/1340/1340
f 1312/1312/1312 1314/1314/1314 1344/1344/1344 1342/1342/1342
f 1314/1314/1314 1316/1316/1316 1346/1346/1346 1344/1344/1344
f 1316/1316/1316 1318/1318/1318 1348/1348/1348 1346/1346/1346
f 1318/1318/1318 1320/1320/1320 1350/1350/1350 1348/1348/1348
f 1322/1322/1322 1324/1324/1324 1354/1354/1354 1352/1352/1352
f 1324/1324/1324 1326/1326/1326 1356/1356/1356 1354/1354/1354
f 1326/1326/1326 1328/1328/1328 1358/1358/1358 1356/1356/1356
f 1328/1328/1328 1330/1330/1330 1360/1360/1360 1358/1358/1358
f 1330/1330/1330 1332/1332/1332 1362/1362/1362 1360/1360/1360
f 1332/1332/1332 1334/1334/1334 1364/1364/1364 1362/1362/1362
f 1334/1334/1334 1336/1336/1336 1366/1366/1366 1364/1364/1364
f 1336/1336/1336 1338/1338/1338 1368/1368/1368 1366/1366/1366
f 1338/1338/1338 1340/1340/1340 1370/1370/1370 1368/1368/1368
f 1340/1340/1340 1342/1342/1342 1372/1372/1372 1370/1370/1370
f 1342/1342/1342 1344/1344/1344 1374/1374/1374 1372/1372/1372
f 1344/1344/1344 1346/1346/1346 1376/1376/1376 1374/1374/1374
f 1346/1346/1346 1348/1348/1348 1378/1378/1378 1376/1376/1376
f 1348/1348/1348 1350/1350/1350 1380/1380/1380 1378/1378/1378
f 1352/1352/1352 1354/1354/1354 1384/1384/1384 1382/1382/1382
f 1354/1354/1354 1356/1356/1356 1386/1386/1386 1384/1384/1384
f 1356/1356/1356 1358/1358/1358 1388/1388/1388 1386/1386/1386
f 1358/1358/1358 1360/1360/1360 1390/1390/1390 1388/1388/1388
f 1360/1360/1360 1362/1362/1362 1392/1392/1392 1390/1390/1390
f 1362/1362/1362 1364/1364/1364 1394/1394/1394 1392/1392/1392
f 1364/1364/1364 1366/1366/1366 1396/1396/1396 1394/1394/1394
f 1366/1366/1366 1368/1368/1368 1398/1398/1398 1396/1396/1396
f 1368/1368/1368 1370/1370/1370 1400/1400/1400 1398/1398/1398
f 1370/1370/1370 1372/1372/1372 1402/1402/1402 1400/1400/1400
f 1372/1372/1372 1374/1374/1374 1404/1404/1404 1402/1402/1402
f 1374/1374/1374 1376/1376/1376 1406/1406/1406 1404/1404/1404
f 1376/1376/1376 1378/1378/1378 1408/1408/1408 1406/1406/1406
f 1378/1378/1378 1380/1380/1380 1410/1410/1410 1408/1408/1408
f 1382/1382/1382 1384/1384/1384 1414/1414/1414 1412/1412/1412
f 1384/1384/1384 1386/1386/1386 1416/1416/1416 1414/1414/1414
f 1386/1386/1386 1388/1388/1388 1418/1418/1418 1416/1416/1416
f 1388/1388/1388 1390/1390/1390 1420/1420/1420 1418/1418/1418
f 1390/1390/1390 1392/1392/1392 1422/1422/1422 1420/1420/1420
f 1392/1392/1392 1394/1394/1394 1424/1424/1424 1422/1422/1422
f 1394/1394/1394 1396/1396/1396 1426/1426/1426 1424/1424/1424
f 1396/1396/1396 1398/1398/1398 1428/1428/1428 1426/1426/1426
f 1398/1398/1398 1400/1400/1400 1430/1430/1430 1428/1428/1428
f 1400/1400/1400 1402/1402/1402 1432/1432/1432 1430/1430/1430
f 1402/1402/1402 1404/1404/1404 1434/1434/1434 1432/1432/1432
f 1404/1404/1404 1406/1406/1406 1436/1436/1436 1434/1434/1434
f 1406/1406/1406 1408/1408/1408 1438/1438/1438 1436/1436/1436
f 1408/1408/1408 1410/1410/1410 1440/1440/1440 1438/1438/1438
f 1412/1412/1412 1414/1414/1414 1444/1444/1444 1442/1442/1442
f 1414/1414/1414 1416/1416/1416 1446/1446/1446 1444/1444/1444
f 1416/1416/1416 1418/1418/1418 1448/1448/1448 1446/1446/1446
f 1418/1418/1418 1420/1420/1420 1450/1450/1450 1448/1448/1448
f 1420/1420/1420 1422/1422/1422 1452/1452/1452 1450/1450/1450
f 1422/1422/1422 1424/1424/1424 1454/1454/1454 1452/1452/1452
f 1424/1424/1424 1426/1426/1426 1456/1456/1456 1454/1454/1454
f 1426/1426/1426 1428/1428/1428 1458/1458/1458 1456/1456/1456
f 1428/1428/1428 1430/1430/1430 1460/1460/1460 1458/1458/1458
f 1430/1430/1430 1432/1432/1432 1462/1462/1462 1460/1460/1460
f 1432/1432/1432 1434/1434/1434 1464/1464/1464 1462/1462/1462
f 1434/1434/1434 1436/1436/1436 1466/1466/1466 1464/1464/1464
f 1436/1436/1436 1438/1438/1438 1468/1468/1468 1466/1466/1466
f 1438/1438/1438 1440/1440/1440 1470/1470/1470 1468/1468/1468
f 1442/1442/1442 1444/1444/1444 1474/1474/1474 1472/1472/1472
f 1444/1444/1444 1446/1446/1446 1476/1476/1476 1474/1474/1474
f 1446/1446/1446 1448/1448/1448 1478/1478/1478 1476/1476/1476
f 1448/1448/1448 1450/1450/1450 1480/1480/1480 1478/1478/1478
f 1450/1450/1450 1452/1452/1452 1482/1482/1482 1480/1480/1480
f 1452/1452/1452 1454/1454/1454 1484/1484/1484 1482/1482/1482
f 1454/1454/1454 1456/1456/1456 1486/1486/1486 1484/1484/1484
f 1456/1456/1456 1458/1458/1458 1488/1488/1488 1486/1486/1486
f 1458/1458/1458 1460/1460/1460 1490/1490/1490 1488/1488/1488
f 1460/1460/1460 1462/1462/1462 1492/1492/1492 1490/1490/1490
f 1462/1462/1462 1464/1464/1464 1494/1494/1494 1492/1492/1492
f 1464/1464/1464 1466/1466/1466 1496/1496/1496 1494/1494/1494
f 1466/1466/1466 1468/1468/1468 1498/1498/1498 1496/1496/1496
f 1468/1468/1468 1470/1470/1470 1500/1500/1500 1498/1498/1498
f 751/751/751 752/752/752 782/782/782 781/781/781
f 779/779/779 809/809/809 810/810/810 780/780/780
f 781/781/781 782/782/782 812/812/812 811/811/811
f 809/809/809 839/839/839 840/840/840 810/810/810
f 811/811/811 812/812/812 842/842/842 841/841/841
f 839/839/839 869/869/869 870/870/870 840/840/840
f 841/841/841 842/842/842 872/872/872 871/871/871
f 869/869/869 899/899/899 900/900/900 870/870/870
f 871/871/871 872/872/872 902/902/902 901/901/901
f 899/899/899 929/929/929 930/930/930 900/900/900
f 901/901/901 902/902/902 932/932/932 931/931/931
f 929/929/929 959/959/959 960/960/960 930/930/930
f 931/931/931 932/932/932 962/962/962 961/961/961
f 959/959/959 989/989/989 990/990/990 960/960/960
f 961/961/961 962/962/962 992/992/992 991/991/991
f 989/989/989 1019/1019/1019 1020/1020/1020 990/990/990
f 991/991/991 992/992/992 1022/1022/1022 1021/1021/1021
f 1019/1019/1019 1049/1049/1049 1050/1050/1050 1020/1020/1020
f 1021/1021/1021 1022/1022/1022 1052/1052/1052 1051/1051/1051
f 1049/1049/1049 1079/1079/1079 1080/1080/1080 1050/1050/1050
f 1051/1051/1051 1052/1052/1052 1082/1082/1082 1081/1081/1081
f 1079/1079/1079 1109/1109/1109 1110/1110/1110 1080/1080/1080
f 1081/1081/1081 1082/1082/1082 1112/1112/1112 1111/1111/1111
f 1109/1109/1109 1139/1139/1139 1140/1140/1140 1110/1110/1110
f 1111/1111/1111 1112/1112/1112 1142/1142/1142 1141/1141/1141
f 1139/1139/1139 1169/1169/1169 1170/1170/1170 1140/1140/1140
f 1141/1141/1141 1142/1142/1142 1172/1172/1172 1171/1171/1171
f 1169/1169/1169 1199/1199/1199 1200/1200/1200 1170/1170/1170
f 1171/1171/1171 1172/1172/1172 1202/1202/1202 1201/1201/1201
f 1199/1199/1199 1229/1229/1229 1230/1230/1230 1200/1200/1200
f 1201/1201/1201 1202/1202/1202 1232/1232/1232 1231/1231/1231
f 1229/1229/1229 1259/1259/1259 1260/1260/1260 1230/1230/1230
f 1231/1231/1231 1232/1232/1232 1262/1262/1262 1261/1261/1261
f 1259/1259/1259 1289/1289/1289 1290/1290/1290 1260/1260/1260
f 1261/1261/1261 1262/1262/1262 1292/1292/1292 1291/1291/1291
f 1289/1289/1289 1319/1319/1319 1320/1320/1320 1290/1290/1290
f 1291/1291/1291 1292/1292/1292 1322/1322/1322 1321/1321/1321
f 1319/1319/1319 1349/1349/1349 1350/1350/1350 1320/1320/1320
f 1321/1321/1321 1322/1322/1322 1352/1352/1352 1351/1351/1351
f 1349/1349/1349 1379/1379/1379 1380/1380/1380 1350/1350/1350
f 1351/1351/1351 1352/1352/1352 1382/1382/1382 1381/1381/1381
f 1379/1379/1379 1409/1409/1409 1410/1410/1410 1380/1380/1380
f 1381/1381/1381 1382/1382/1382 1412/1412/1412 1411/1411/1411
f 1409/1409/1409 1439/1439/1439 1440/1440/1440 1410/1410/1410
f 1411/1411/1411 1412/1412/1412 1442/1442/1442 1441/1441/1441
f 1439/1439/1439 1469/1469/1469 1470/1470/1470 1440/1440/1440
f 1441/1441/1441 1442/1442/1442 1472/1472/1472 1471/1471/1471
f 1469/1469/1469 1499/1499/1499 1500/1500/1500 1470/1470/1470
f 1501/1501/1501 1531/1531/1531 1533/1533/1533 1503/1503/1503
f 1503/1503/1503 1533/1533/1533 1535/1535/1535 1505/1505/1505
f 1505/1505/1505 1535/1535/1535 1537/1537/1537 1507/1507/1507
f 1507/1507/1507 1537/1537/1537 1539/1539/1539 1509/1509/1509
f 1509/1509/1509 1539/1539/1539 1541/1541/1541 1511/1511/1511
f 1511/1511/1511 1541/1541/1541 1543/1543/1543 1513/1513/1513
f 1513/1513/1513 1543/1543/1543 1545/1545/1545 1515/1515/1515
f 1515/1515/1515 1545/1545/1545 1547/1547/1547 1517/1517/1517
f 1517/1517/1517 1547/1547/1547 1549/1549/1549 1519/1519/1519
f 1519/1519/1519 1549/1549/1549 1551/1551/1551 1521/1521/1521
f 1521/1521/1521 1551/1551/1551 1553/1553/1553 1523/1523/1523
f 1523/1523/1523 1553/1553/1553 1555/1555/1555 1525/1525/1525
f 1525/1525/1525 1555/1555/1555 1557/1557/1557 1527/1527/1527
f 1527/1527/1527 1557/1557/1557 1559/1559/1559 1529/1529/1529
f 1531/1531/1531 1561/1561/1561 1563/1563/1563 1533/1533/1533
f 1533/1533/1533 1563/1563/1563 1565/1565/1565 1535/1535/1535
f 1535/1535/1535 1565/1565/1565 1567/1567/1567 1537/1537/1537
f 1537/1537/1537 1567/1567/1567 1569/1569/1569 1539/1539/1539
f 1539/1539/1539 1569/1569/1569 1571/1571/1571 1541/1541/1541
f 1541/1541/1541 1571/1571/1571 1573/1573/1573 1543/1543/1543
f 1543/1543/1543 1573/1573/1573 1575/1575/1575 1545/1545/1545
f 1545/1545/1545 1575/1575/1575 1577/1577/1577 1547/1547/1547
f 1547/1547/1547 1577/1577/1577 1579/1579/1579 1549/1549/1549
f 1549/1549/1549 1579/1579/1579 1581/1581/1581 1551/1551/1551
f 1551/1551/1551 1581/1581/1581 1583/1583/1583 1553/1553/1553
f 1553/1553/1553 1583/1583/1583 1585/1585/1585 1555/1555/1555
f 1555/1555/1555 1585/1585/1585 1587/1587/1587 1557/1557/1557
f 1557/1557/1557 1587/1587/1587 1589/1589/1589 1559/1559/1559
f 1561/1561/1561 1591/1591/1591 1593/1593/1593 1563/1563/1563
f 1563/1563/1563 1593/1593/1593 1595/1595/1595 1565/1565/1565
f 1565/1565/1565 1595/1595/1595 1597/1597/1597 1567/1567/1567
f 1567/1567/1567 1597/1597/1597 1599/1599/1599 1569/1569/1569
f 1569/1569/1569 1599/1599/1599 1601/1601/1601 1571/1571/1571
f 1571/1571/1571 1601/1601/1601 1603/1603/1603 1573/1573/1573
f 1573/1573/1573 1603/1603/1603 1605/1605/1605 1575/1575/1575
f 1575/1575/1575 1605/1605/1605 1607/1607/1607 1577/1577/1577
f 1577/1577/1577 1607/1607/1607 1609/1609/1609 1579/1579/1579
f 1579/1579/1579 1609/1609/1609 1611/1611/1611 1581/1581/1581
f 1581/1581/1581 1611/1611/1611 1613/1613/1613 1583/1583/1583
f 1583/1583/1583 1613/1613/1613 1615/1615/1615 1585/1585/1585
f 1585/1585/1585 1615/1615/1615 1617/1617/1617 1587/1587/1587
f 1587/1587/1587 1617/1617/1617 1619/1619/1619 1589/1589/1589
f 1591/1591/1591 1621/1621/1621 1623/1623/1623 1593/1593/1593
f 1593/1593/1593 1623/1623/1623 1625/1625/1625 1595/1595/1595
f 1595/1595/1595 1625/1625/1625 1627/1627/1627 1597/1597/1597
f 1597/1597/1597 1627/1627/1627 1629/1629/1629 1599/1599/1599
f 1599/1599/1599 1629/1629/1629 1631/1631/1631 1601/1601/1601
f 1601/1601/1601 1631/1631/1631 1633/1633/1633 1603/1603/1603
f 1603/1603/1603 1633/1633/1633 1635/1635/1635 1605/1605/1605
f 1605/1605/1605 1635/1635/1635 1637/1637/1637 1607/1607/1607
f 1607/1607/1607 1637/1637/1637 1639/1639/1639 1609/1609/1609
f 1609/1609/1609 1639/1639/1639 1641/1641/1641 1611/1611/1611
f 1611/1611/1611 1641/1641/1641 1643/1643/1643 1613/1613/1613
f 1613/1613/1613 1643/1643/1643 1645/1645/1645 1615/1615/1615
f 1615/1615/1615 1645/1645/1645 1647/1647/1647 1617/1617/1617
f 1617/1617/1617 1647/1647/1647 1649/1649/1649 1619/1619/1619
f 1621/1621/1621 1651/1651/1651 1653/1653/1653 1623/1623/1623
f 1623/1623/1623 1653/1653/1653 1655/1655/1655 1625/1625/1625
f 1625/1625/1625 1655/1655/1655 1657/1657/1657 1627/1627/1627
f 1627/1627/1627 1657/1657/1657 1659/1659/1659 1629/1629/1629
f 1629/1629/1629 1659/1659/1659 1661/1661/1661 1631/1631/1631
f 1631/1631/1631 1661/1661/1661 1663/1663/1663 1633/1633/1633
f 1633/1633/1633 1663/1663/1663 1665/1665/1665 1635/1635/1635
f 1635/1635/1635 1665/1665/1665 1667/1667/1667 1637/1637/1637
f 1637/1637/1637 1667/1667/1667 1669/1669/1669 1639/1639/1639
f 1639/1639/1639 1669/1669/1669 1671/1671/1671 1641/1641/1641
f 1641/1641/1641 1671/1671/1671 1673/1673/1673 1643/1643/1643
f 1643/1643/1643 1673/1673/1673 1675/1675/1675 1645/1645/1645
f 1645/1645/1645 1675/1675/1675 1677/1677/1677 1647/1647/1647
f 1647/1647/1647 1677/1677/1677 1679/1679/1679 1649/1649/1649
f 1651/1651/1651 1681/1681/1681 1683/1683/1683 1653/1653/1653
f 1653/1653/1653 1683/1683/1683 1685/1685/1685 1655/1655/1655
f 1655/1655/1655 1685/1685/1685 1687/1687/1687 1657/1657/1657
f 1657/1657/1657 1687/1687/1687 1689/1689/1689 1659/1659/1659
f 1659/1659/1659 1689/1689/1689 1691/1691/1691 1661/1661/1661
f 1661/1661/1661 1691/1691/1691 1693/1693/1693 1663/1663/1663
f 1663/1663/1663 1693/1693/1693 1695/1695/1695 1665/1665/1665
f 1665/1665/1665 1695/1695/1695 1697/1697/1697 1667/1667/1667
f 1667/1667/1667 1697/1697/1697 1699/1699/1699 1669/1669/1669
f 1669/1669/1669 1699/1699/1699 1701/1701/1701 1671/1671/1671
f 1671/1671/1671 1701/1701/1701 1703/1703/1703 1673/1673/1673
f 1673/1673/1673 1703/1703/1703 1705/1705/1705 1675/1675/1675
f 1675/1675/1675 1705/1705/1705 1707/1707/1707 1677/1677/1677
f 1677/1677/1677 1707/1707/1707 1709/1709/1709 1679/1679/1679
f 1681/1681/1681 1711/1711/1711 1713/1713/1713 1683/1683/1683
f 1683/1683/1683 1713/1713/1713 1715/1715/1715 1685/1685/1685
f 1685/1685/1685 1715/1715/1715 1717/1717/1717 1687/1687/1687
f 1687/1687/1687 1717/1717/1717 1719/1719/1719 1689/1689/1689
f 1689/1689/1689 1719/1719/1719 1721/1721/1721 1691/1691/1691
f 1691/1691/1691 1721/1721/1721 1723/1723/1723 1693/1693/1693
f 1693/1693/1693 1723/1723/1723 1725/1725/1725 1695/1695/1695
f 1695/1695/1695 1725/1725/1725 1727/1727/1727 1697/1697/1697
f 1697/1697/1697 1727/1727/1727 1729/1729/1729 1699/1699/1699
f 1699/1699/1699 1729/1729/1729 1731/1731/1731 1701/1701/1701
f 1701/1701/1701 1731/1731/1731 1733/1733/1733 1703/1703/1703
f 1703/1703/1703 1733/1733/1733 1735/1735/1735 1705/1705/1705
f 1705/1705/1705 1735/1735/1735 1737/1737/1737 1707/1707/1707
f 1707/1707/1707 1737/1737/1737 1739/1739/1739 1709/1709/1709
f 1711/1711/1711 1741/1741/1741 1743/1743/1743 1713/1713/1713
f 1713/1713/1713 1743/1743/1743 1745/1745/1745 1715/1715/1715
f 1715/1715/1715 1745/1745/1745 1747/1747/1747 1717/1717/1717
f 1717/1717/1717 1747/1747/1747 1749/1749/1749 1719/1719/1719
f 1719/1719/1719 1749/1749/1749 1751/1751/1751 1721/1721/1721
f 1721/1721/1721 1751/1751/1751 1753/1753/1753 1723/1723/1723
f 1723/1723/1723 1753/1753/1753 1755/1755/1755 1725/1725/1725
f 1725/1725/1725 1755/1755/1755 1757/1757/1757 1727/1727/1727
f 1727/1727/1727 1757/1757/1757 1759/1759/1759 1729/1729/1729
f 1729/1729/1729 1759/1759/1759 1761/1761/1761 1731/1731/1731
f 1731/1731/1731 1761/1761/1761 1763/1763/1763 1733/1733/1733
f 1733/1733/1733 1763/1763/1763 1765/1765/1765 1735/1735/1735
f 1735/1735/1735 1765/1765/1765 1767/1767/1767 1737/1737/1737
f 1737/1737/1737 1767/1767/1767 1769/1769/1769 1739/1739/1739
f 1741/1741/1741 1771/1771/1771 1773/1773/1773 1743/1743/1743
f 1743/1743/1743 1773/1773/1773 1775/1775/1775 1745/1745/1745
f 1745/1745/1745 1775/1775/1775 1777/1777/1777 1747/1747/1747
f 1747/1747/1747 1777/1777/1777 1779/1779/1779 1749/1749/1749
f 1749/1749/1749 1779/1779/1779 1781/1781/1781 1751/1751/1751
f 1751/1751/1751 1781/1781/1781 1783/1783/1783 1753/1753/1753
f 1753/1753/1753 1783/1783/1783 1785/1785/1785 1755/1755/1755
f 1755/1755/1755 1785/1785/1785 1787/1787/1787 1757/1757/1757
f 1757/1757/1757 1787/1787/1787 1789/1789/1789 1759/1759/1759
f 1759/1759/1759 1789/1789/1789 1791/1791/1791 1761/1761/1761
f 1761/1761/1761 1791/1791/1791 1793/1793/1793 1763/1763/1763
f 1763/1763/1763 1793/1793/1793 1795/1795/1795 1765/1765/1765
f 1765/1765/1765 1795/1795/1795 1797/1797/1797 1767/1767/1767
f 1767/1767/1767 1797/1797/1797 1799/1799/1799 1769/1769/1769
f 1771/1771/1771 1801/1801/1801 1803/1803/1803 1773/1773/1773
f 1773/1773/1773 1803/1803/1803 1805/1805/1805 1775/1775/1775
f 1775/1775/1775 1805/1805/1805 1807/1807/1807 1777/1777/1777
f 1777/1777/1777 1807/1807/1807 1809/1809/1809 1779/1779/1779
f 1779/1779/1779 1809/1809/1809 1811/1811/1811 1781/1781/1781
f 1781/1781/1781 1811/1811/1811 1813/1813/1813 1783/1783/1783
f 1783/1783/1783 1813/1813/1813 1815/1815/1815 1785/1785/1785
f 1785/1785/1785 1815/1815/1815 1817/1817/1817 1787/1787/1787
f 1787/1787/1787 1817/1817/1817 1819/1819/1819 1789/1789/1789
f 1789/1789/1789 1819/1819/1819 1821/1821/1821 1791/1791/1791
f 1791/1791/1791 1821/1821/1821 1823/1823/1823 1793/1793/1793
f 1793/1793/1793 1823/1823/1823 1825/1825/1825 1795/1795/1795
f 1795/1795/1795 1825/1825/1825 1827/1827/1827 1797/1797/1797
f 1797/1797/1797 1827/1827/1827 1829/1829/1829 1799/1799/1799
f 1801/1801/1801 1831/1831/1831 1833/1833/1833 1803/1803/1803
f 1803/1803/1803 1833/1833/1833 1835/1835/1835 1805/1805/1805
f 1805/1805/1805 1835/1835/1835 1837/1837/1837 1807/1807/1807
f 1807/1807/1807 1837/1837/1837 1839/1839/1839 1809/1809/1809
f 1809/1809/1809 1839/1839/1839 1841/1841/1841 1811/1811/1811
f 1811/1811/1811 1841/1841/1841 1843/1843/1843 1813/1813/1813
f 1813/1813/1813 1843/1843/1843 1845/1845/1845 1815/1815/1815
f 1815/1815/1815 1845/1845/1845 1847/1847/1847 1817/1817/1817
f 1817/1817/1817 1847/1847/1847 1849/1849/1849 1819/1819/1819
f 1819/1819/1819 1849/1849/1849 1851/1851/1851 1821/1821/1821
f 1821/1821/1821 1851/1851/1851 1853/1853/1853 1823/1823/1823
f 1823/1823/1823 1853/1853/1853 1855/1855/1855 1825/1825/1825
f 1825/1825/1825 1855/1855/1855 1857/1857/1857 1827/1827/1827
f 1827/1827/1827 1857/1857/1857 1859/1859/1859 1829/1829/1829
f 1831/1831/1831 1861/1861/1861 1863/1863/1863 1833/1833/1833
f 1833/1833/1833 1863/1863/1863 1865/1865/1865 1835/1835/1835
f 1835/1835/1835 1865/1865/1865 1867/1867/1867 1837/1837/1837
f 1837/1837/1837 1867/1867/1867 1869/1869/1869 1839/1839/1839
f 1839/1839/1839 1869/1869/1869 1871/1871/1871 1841/1841/1841
f 1841/1841/1841 1871/1871/1871 1873/1873/1873 1843/1843/1843
f 1843/1843/1843 1873/1873/1873 1875/1875/1875 1845/1845/1845
f 1845/1845/1845 1875/1875/1875 1877/1877/1877 1847/1847/1847
f 1847/1847/1847 1877/1877/1877 1879/1879/1879 1849/1849/1849
f 1849/1849/1849 1879/1879/1879 1881/1881/1881 1851/1851/1851
f 1851/1851/1851 1881/1881/1881 1883/1883/1883 1853/1853/1853
f 1853/1853/1853 1883/1883/1883 1885/1885/1885 1855/1855/1855
f 1855/1855/1855 1885/1885/1885 1887/1887/1887 1857/1857/1857
f 1857/1857/1857 1887/1887/1887 1889/1889/1889 1859/1859/1859
f 1861/1861/1861 1891/1891/1891 1893/1893/1893 1863/1863/1863
f 1863/1863/1863 1893/1893/1893 1895/1895/1895 1865/1865/1865
f 1865/1865/1865 1895/1895/1895 1897/1897/1897 1867/1867/1867
f 1867/1867/1867 1897/1897/1897 1899/1899/1899 1869/1869/1869
f 1869/1869/1869 1899/1899/1899 1901/1901/1901 1871/1871/1871
f 1871/1871/1871 1901/1901/1901 1903/1903/1903 1873/1873/1873
f 1873/1873/1873 1903/1903/1903 1905/1905/1905 1875/1875/1875
f 1875/1875/1875 1905/1905/1905 1907/1907/1907 1877/1877/1877
f 1877/1877/1877 1907/1907/1907 1909/1909/1909 1879/1879/1879
f 1879/1879/1879 1909/1909/1909 1911/1911/1911 1881/1881/1881
f 1881/1881/1881 1911/1911/1911 1913/1913/1913 1883/1883/1883
f 1883/1883/1883 1913/1913/1913 1915/1915/1915 1885/1885/1885
f 1885/1885/1885 1915/1915/1915 1917/1917/1917 1887/1887/1887
f 1887/1887/1887 1917/1917/1917 1919/1919/1919 1889/1889/1889
f 1891/1891/1891 1921/1921/1921 1923/1923/1923 1893/1893/1893
f 1893/1893/1893 1923/1923/1923 1925/1925/1925 1895/1895/1895
f 1895/1895/1895 1925/1925/1925 1927/1927/1927 1897/1897/1897
f 1897/1897/1897 1927/1927/1927 1929/1929/1929 1899/1899/1899
f 1899/1899/1899 1929/1929/1929 1931/1931/1931 1901/1901/1901
f 1901/1901/1901 1931/1931/1931 1933/1933/1933 1903/1903/1903
f 1903/1903/1903 1933/1933/1933 1935/1935/1935 1905/1905/1905
f 1905/1905/1905 1935/1935/1935 1937/1937/1937 1907/1907/1907
f 1907/1907/1907 1937/1937/1937 1939/1939/1939 1909/1909/1909
f 1909/1909/1909 1939/1939/1939 1941/1941/1941 1911/1911/1911
f 1911/1911/1911 1941/1941/1941 1943/1943/1943 1913/1913/1913
f 1913/1913/1913 1943/1943/1943 1945/1945/1945 1915/1915/1915
f 1915/1915/1915 1945/1945/1945 1947/1947/1947 1917/1917/1917
f 1917/1917/1917 1947/1947/1947 1949/1949/1949 1919/1919/1919
f 1921/1921/1921 1951/1951/1951 1953/1953/1953 1923/1923/1923
f 1923/1923/1923 1953/1953/1953 1955/1955/1955 1925/1925/1925
f 1925/1925/1925 1955/1955/1955 1957/1957/1957 1927/1927/1927
f 1927/1927/1927 1957/1957/1957 1959/1959/1959 1929/1929/1929
f 1929/1929/1929 1959/1959/1959 1961/1961/1961 1931/1931/1931
f 1931/1931/1931 1961/1961/1961 1963/1963/1963 1933/1933/1933
f 1933/1933/1933 1963/1963/1963 1965/1965/1965 1935/1935/1935
f 1935/1935/1935 1965/1965/1965 1967/1967/1967 1937/1937/1937
f 1937/1937/1937 1967/1967/1967 1969/1969/1969 1939/1939/1939
f 1939/1939/1939 1969/1969/1969 1971/1971/1971 1941/1941/1941
f 1941/1941/1941 1971/1971/1971 1973/1973/1973 1943/1943/1943
f 1943/1943/1943 1973/1973/1973 1975/1975/1975 1945/1945/1945
f 1945/1945/1945 1975/1975/1975 1977/1977/1977 1947/1947/1947
f 1947/1947/1947 1977/1977/1977 1979/1979/1979 1949/1949/1949
f 1951/1951/1951 1981/1981/1981 1983/1983/1983 1953/1953/1953
f 1953/1953/1953 1983/1983/1983 1985/1985/1985 1955/1955/1955
f 1955/1955/1955 1985/1985/1985 1987/1987/1987 1957/1957/1957
f 1957/1957/1957 1987/1987/1987 1989/1989/1989 1959/1959/1959
f 1959/1959/1959 1989/1989/1989 1991/1991/1991 1961/1961/1961
f 1961/1961/1961 1991/1991/1991 1993/1993/1993 1963/1963/1963
f 1963/1963/1963 1993/1993/1993 1995/1995/1995 1965/1965/1965
f 1965/1965/1965 1995/1995/1995 1997/1997/1997 1967/1967/1967
f 1967/1967/1967 1997/1997/1997 1999/1999/1999 1969/1969/1969
f 1969/1969/1969 1999/1999/1999 2001/2001/2001 1971/1971/1971
f 1971/1971/1971 2001/2001/2001 2003/2003/2003 1973/1973/1973
f 1973/1973/1973 2003/2003/2003 2005/2005/2005 1975/1975/1975
f 1975/1975/1975 2005/2005/2005 2007/2007/2007 1977/1977/1977
f 1977/1977/1977 2007/2007/2007 2009/2009/2009 1979/1979/1979
f 1981/1981/1981 2011/2011/2011 2013/2013/2013 1983/1983/1983
f 1983/1983/1983 2013/2013/2013 2015/2015/2015 1985/1985/1985
f 1985/1985/1985 2015/2015/2015 2017/2017/2017 1987/1987/1987
f 1987/1987/1987 2017/2017/2017 2019/2019/2019 1989/1989/1989
f 1989/1989/1989 2019/2019/2019 2021/2021/2021 1991/1991/1991
f 1991/1991/1991 2021/2021/2021 2023/2023/2023 1993/1993/1993
f 1993/1993/1993 2023/2023/2023 2025/2025/2025 1995/1995/1995
f 1995/1995/1995 2025/2025/2025 2027/2027/2027 1997/1997/1997
f 1997/1997/1997 2027/2027/2027 2029/2029/2029 1999/1999/1999
f 1999/1999/1999 2029/2029/2029 2031/2031/2031 2001/2001/2001
f 2001/2001/2001 2031/2031/2031 2033/2033/2033 2003/2003/2003
f 2003/2003/2003 2033/2033/2033 2035/2035/2035 2005/2005/2005
f 2005/2005/2005 2035/2035/2035 2037/2037/2037 2007/2007/2007
f 2007/2007/2007 2037/2037/2037 2039/2039/2039 2009/2009/2009
f 2011/2011/2011 2041/2041/2041 2043/2043/2043 2013/2013/2013
f 2013/2013/2013 2043/2043/2043 2045/2045/2045 2015/2015/2015
f 2015/2015/2015 2045/2045/2045 2047/2047/2047 2017/2017/2017
f 2017/2017/2017 2047/2047/2047 2049/2049/2049 2019/2019/2019
f 2019/2019/2019 2049/2049/2049 2051/2051/2051 2021/2021/2021
f 2021/2021/2021 2051/2051/2051 2053/2053/2053 2023/2023/2023
f 2023/2023/2023 2053/2053/2053 2055/2055/2055 2025/2025/2025
f 2025/2025/2025 2055/2055/2055 2057/2057/2057 2027/2027/2027
f 2027/2027/2027 2057/2057/2057 2059/2059/2059 2029/2029/2029
f 2029/2029/2029 2059/2059/2059 2061/2061/2061 2031/2031/2031
f 2031/2031/2031 2061/2061/2061 2063/2063/2063 2033/2033/2033
f 2033/2033/2033 2063/2063/2063 2065/2065/2065 2035/2035/2035
f 2035/2035/2035 2065/2065/2065 2067/2067/2067 2037/2037/2037
f 2037/2037/2037 2067/2067/2067 2069/2069/2069 2039/2039/2039
f 2041/2041/2041 2071/2071/2071 2073/2073/2073 2043/2043/2043
f 2043/2043/2043 2073/2073/2073 2075/2075/2075 2045/2045/2045
f 2045/2045/2045 2075/2075/2075 2077/2077/2077 2047/2047/2047
f 2047/2047/2047 2077/2077/2077 2079/2079/2079 2049/2049/2049
f 2049/2049/2049 2079/2079/2079 2081/2081/2081 2051/2051/2051
f 2051/2051/2051 2081/2081/2081 2083/2083/2083 2053/2053/2053
f 2053/2053/2053 2083/2083/2083 2085/2085/2085 2055/2055/2055
f 2055/2055/2055 2085/2085/2085 2087/2087/2087 2057/2057/2057
f 2057/2057/2057 2087/2087/2087 2089/2089/2089 2059/2059/2059
f 2059/2059/2059 2089/2089/2089 2091/2091/2091 2061/2061/2061
f 2061/2061/2061 2091/2091/2091 2093/2093/2093 2063/2063/2063
f 2063/2063/2063 2093/2093/2093 2095/2095/2095 2065/2065/2065
f 2065/2065/2065 2095/2095/2095 2097/2097/2097 2067/2067/2067
f 2067/2067/2067 2097/2097/2097 2099/2099/2099 2069/2069/2069
f 2071/2071/2071 2101/2101/2101 2103/2103/2103 2073/2073/2073
f 2073/2073/2073 2103/2103/2103 2105/2105/2105 2075/2075/2075
f 2075/2075/2075 2105/2105/2105 2107/2107/2107 2077/2077/2077
f 2077/2077/2077 2107/2107/2107 2109/2109/2109 2079/2079/2079
f 2079/2079/2079 2109/2109/2109 2111/2111/2111 2081/2081/2081
f 2081/2081/2081 2111/2111/2111 2113/2113/2113 2083/2083/2083
f 2083/2083/2083 2113/2113/2113 2115/2115/2115 2085/2085/2085
f 2085/2085/2085 2115/2115/2115 2117/2117/2117 2087/2087/2087
f 2087/2087/2087 2117/2117/2117 2119/2119/2119 2089/2089/2089
f 2089/2089/2089 2119/2119/2119 2121/2121/2121 2091/2091/2091
f 2091/2091/2091 2121/2121/2121 2123/2123/2123 2093/2093/2093
f 2093/2093/2093 2123/2123/2123 2125/2125/2125 2095/2095/2095
f 2095/2095/2095 2125/2125/2125 2127/2127/2127 2097/2097/2097
f 2097/2097/2097 2127/2127/2127 2129/2129/2129 2099/2099/2099
f 2101/2101/2101 2131/2131/2131 2133/2133/2133 2103/2103/2103
f 2103/2103/2103 2133/2133/2133 2135/2135/2135 2105/2105/2105
f 2105/2105/2105 2135/2135/2135 2137/2137/2137 2107/2107/2107
f 2107/2107/2107 2137/2137/2137 2139/2139/2139 2109/2109/2109
f 2109/2109/2109 2139/2139/2139 2141/2141/2141 2111/2111/2111
f 2111/2111/2111 2141/2141/2141 2143/2143/2143 2113/2113/2113
f 2113/2113/2113 2143/2143/2143 2145/2145/2145 2115/2115/2115
f 2115/2115/2115 2145/2145/2145 2147/2147/2147 2117/2117/2117
f 2117/2117/2117 2147/2147/2147 2149/2149/2149 2119/2119/2119
f 2119/2119/2119 2149/2149/2149 2151/2151/2151 2121/2121/2121
f 2121/2121/2121 2151/2151/2151 2153/2153/2153 2123/2123/2123
f 2123/2123/2123 2153/2153/2153 2155/2155/2155 2125/2125/2125
f 2125/2125/2125 2155/2155/2155 2157/2157/2157 2127/2127/2127
f 2127/2127/2127 2157/2157/2157 2159/2159/2159 2129/2129/2129
f 2131/2131/2131 2161/2161/2161 2163/2163/2163 2133/2133/2133
f 2133/2133/2133 2163/2163/2163 2165/2165/2165 2135/2135/2135
f 2135/2135/2135 2165/2165/2165 2167/2167/2167 2137/2137/2137
f 2137/2137/2137 2167/2167/2167 2169/2169/2169 2139/2139/2139
f 2139/2139/2139 2169/2169/2169 2171/2171/2171 2141/2141/2141
f 2141/2141/2141 2171/2171/2171 2173/2173/2173 2143/2143/2143
f 2143/2143/2143 2173/2173/2173 2175/2175/2175 2145/2145/2145
f 2145/2145/2145 2175/2175/2175 2177/2177/2177 2147/2147/2147
f 2147/2147/2147 2177/2177/2177 2179/2179/2179 2149/2149/2149
f 2149/2149/2149 2179/2179/2179 2181/2181/2181 2151/2151/2151
f 2151/2151/2151 2181/2181/2181 2183/2183/2183 2153/2153/2153
f 2153/2153/2153 2183/2183/2183 2185/2185/2185 2155/2155/2155
f 2155/2155/2155 2185/2185/2185 2187/2187/2187 2157/2157/2157
f 2157/2157/2157 2187/2187/2187 2189/2189/2189 2159/2159/2159
f 2161/2161/2161 2191/2191/2191 2193/2193/2193 2163/2163/2163
f 2163/2163/2163 2193/2193/2193 2195/2195/2195 2165/2165/2165
f 2165/2165/2165 2195/2195/2195 2197/2197/2197 2167/2167/2167
f 2167/2167/2167 2197/2197/2197 2199/2199/2199 2169/2169/2169
f 2169/2169/2169 2199/2199/2199 2201/2201/2201 2171/2171/2171
f 2171/2171/2171 2201/2201/2201 2203/2203/2203 2173/2173/2173
f 2173/2173/2173 2203/2203/2203 2205/2205/2205 2175/2175/2175
f 2175/2175/2175 2205/2205/2205 2207/2207/2207 2177/2177/2177
f 2177/2177/2177 2207/2207/2207 2209/2209/2209 2179/2179/2179
f 2179/2179/2179 2209/2209/2209 2211/2211/2211 2181/2181/2181
f 2181/2181/2181 2211/2211/2211 2213/2213/2213 2183/2183/2183
f 2183/2183/2183 2213/2213/2213 2215/2215/2215 2185/2185/2185
f 2185/2185/2185 2215/2215/2215 2217/2217/2217 2187/2187/2187
f 2187/2187/2187 2217/2217/2217 2219/2219/2219 2189/2189/2189
f 2191/2191/2191 2221/2221/2221 2223/2223/2223 2193/2193/2193
f 2193/2193/2193 2223/2223/2223 2225/2225/2225 2195/2195/2195
f 2195/2195/2195 2225/2225/2225 2227/2227/2227 2197/2197/2197
f 2197/2197/2197 2227/2227/2227 2229/2229/2229 2199/2199/2199
f 2199/2199/2199 2229/2229/2229 2231/2231/2231 2201/2201/2201
f 2201/2201/2201 2231/2231/2231 2233/2233/2233 2203/2203/2203
f 2203/2203/2203 2233/2233/2233 2235/2235/2235 2205/2205/2205
f 2205/2205/2205 2235/2235/2235 2237/2237/2237 2207/2207/2207
f 2207/2207/2207 2237/2237/2237 2239/2239/2239 2209/2209/2209
f 2209/2209/2209 2239/2239/2239 2241/2241/2241 2211/2211/2211
f 2211/2211/2211 2241/2241/2241 2243/2243/2243 2213/2213/2213
f 2213/2213/2213 2243/2243/2243 2245/2245/2245 2215/2215/2215
f 2215/2215/2215 2245/2245/2245 2247/2247/2247 2217/2217/2217
f 2217/2217/2217 2247/2247/2247 2249/2249/2249 2219/2219/2219
f 1502/1502/1502 1504/1504/1504 1534/1534/1534 1532/1532/1532
f 1504/1504/1504 1506/1506/1506 1536/1536/1536 1534/1534/1534
f 1506/1506/1506 1508/1508/1508 1538/1538/1538 1536/1536/1536
f 1508/1508/1508 1510/1510/1510 1540/1540/1540 1538/1538/1538
f 1510/1510/1510 1512/1512/1512 1542/1542/1542 1540/1540/1540
f 1512/1512/1512 1514/1514/1514 1544/1544/1544 1542/1542/1542
f 1514/1514/1514 1516/1516/1516 1546/1546/1546 1544/1544/1544
f 1516/1516/1516 1518/1518/1518 1548/1548/1548 1546/1546/1546
f 1518/1518/1518 1520/1520/1520 1550/1550/1550 1548/1548/1548
f 1520/1520/1520 1522/1522/1522 1552/1552/1552 1550/1550/1550
f 1522/1522/1522 1524/1524/1524 1554/1554/1554 1552/1552/1552
f 1524/1524/1524 1526/1526/1526 1556/1556/1556 1554/1554/1554
f 1526/1526/1526 1528/1528/1528 1558/1558/1558 1556/1556/1556
f 1528/1528/1528 1530/1530/1530 1560/1560/1560 1558/1558/1558
f 1532/1532/1532 1534/1534/1534 1564/1564/1564 1562/1562/1562
f 1534/1534/1534 1536/1536/1536 1566/1566/1566 1564/1564/1564
f 1536/1536/1536 1538/1538/1538 1568/1568/1568 1566/1566/1566
f 1538/1538/1538 1540/1540/1540 1570/1570/1570 1568/1568/1568
f 1540/1540/1540 1542/1542/1542 1572/1572/1572 1570/1570/1570
f 1542/1542/1542 1544/1544/1544 1574/1574/1574 1572/1572/1572
f 1544/1544/1544 1546/1546/1546 1576/1576/1576 1574/1574/1574
f 1546/1546/1546 1548/1548/1548 1578/1578/1578 1576/1576/1576
f 1548/1548/1548 1550/1550/1550 1580/1580/1580 1578/1578/1578
f 1550/1550/1550 1552/1552/1552 1582/1582/1582 1580/1580/1580
f 1552/1552/1552 1554/1554/1554 1584/1584/1584 1582/1582/1582
f 1554/1554/1554 1556/1556/1556 1586/1586/1586 1584/1584/1584
f 1556/1556/1556 1558/1558/1558 1588/1588/1588 1586/1586/1586
f 1558/1558/1558 1560/1560/1560 1590/1590/1590 1588/1588/1588
f 1562/1562/1562 1564/1564/1564 1594/1594/1594 1592/1592/1592
f 1564/1564/1564 1566/1566/1566 1596/1596/1596 1594/1594/1594
f 1566/1566/1566 1568/1568/1568 1598/1598/1598 1596/1596/1596
f 1568/1568/1568 1570/1570/1570 1600/1600/1600 1598/1598/1598
f 1570/1570/1570 1572/1572/1572 1602/1602/1602 1600/1600/1600
f 1572/1572/1572 1574/1574/1574 1604/1604/1604 1602/1602/1602
f 1574/1574/1574 1576/1576/1576 1606/1606/1606 1604/1604/1604
f 1576/1576/1576 1578/1578/1578 1608/1608/1608 1606/1606/1606
f 1578/1578/1578 1580/1580/1580 1610/1610/1610 1608/1608/1608
f 1580/1580/1580 1582/1582/1582 1612/1612/1612 1610/1610/1610
f 1582/1582/1582 1584/1584/1584 1614/1614/1614 1612/1612/1612
f 1584/1584/1584 1586/1586/1586 1616/1616/1616 1614/1614/1614
f 1586/1586/1586 1588/1588/1588 1618/1618/1618 1616/1616/1616
f 1588/1588/1588 1590/1590/1590 1620/1620/1620 1618/1618/1618
f 1592/1592/1592 1594/1594/1594 1624/1624/1624 1622/1622/1622
f 1594/1594/1594 1596/1596/1596 1626/1626/1626 1624/1624/1624
f 1596/1596/1596 1598/1598/1598 1628/1628/1628 1626/1626/1626
f 1598/1598/1598 1600/1600/1600 1630/1630/1630 1628/1628/1628
f 1600/1600/1600 1602/1602/1602 1632/1632/1632 1630/1630/1630
f 1602/1602/1602 1604/1604/1604 1634/1634/1634 1632/1632/1632
f 1604/1604/1604 1606/1606/1606 1636/1636/1636 1634/1634/1634
f 1606/1606/1606 1608/1608/1608 1638/1638/1638 1636/1636/1636
f 1608/1608/1608 1610/1610/1610 1640/1640/1640 1638/1638/1638
f 1610/1610/1610 1612/1612/1612 1642/1642/1642 1640/1640/1640
f 1612/1612/1612 1614/1614/1614 1644/1644/1644 1642/1642/1642
f 1614/1614/1614 1616/1616/1616 1646/1646/1646 1644/1644/1644
f 1616/1616/1616 1618/1618/1618 1648/1648/1648 1646/1646/1646
f 1618/1618/1618 1620/1620/1620 1650/1650/1650 1648/1648/1648
f 1622/1622/1622 1624/1624/1624 1654/1654/1654 1652/1652/1652
f 1624/1624/1624 1626/1626/1626 1656/1656/1656 1654/1654/1654
f 1626/1626/1626 1628/1628/1628 1658/1658/1658 1656/1656/1656
f 1628/1628/1628 1630/1630/1630 1660/1660/1660 1658/1658/1658
f 1630/1630/1630 1632/1632/1632 1662/1662/1662 1660/1660/1660
f 1632/1632/1632 1634/1634/1634 1664/1664/1664 1662/1662/1662
f 1634/1634/1634 1636/1636/1636 1666/1666/1666 1664/1664/1664
f 1636/1636/1636 1638/1638/1638 1668/1668/1668 1666/1666/1666
f 1638/1638/1638 1640/1640/1640 1670/1670/1670 1668/1668/1668
f 1640/1640/1640 1642/1642/1642 1672/1672/1672 1670/1670/1670
f 1642/1642/1642 1644/1644/1644 1674/1674/1674 1672/1672/1672
f 1644/1644/1644 1646/1646/1646 1676/1676/1676 1674/1674/1674
f 1646/1646/1646 1648/1648/1648 1678/1678/1678 1676/1676/1676
f 1648/1648/1648 1650/1650/1650 1680/1680/1680 1678/1678/1678
f 1652/1652/1652 1654/1654/1654 1684/1684/1684 1682/1682/1682
f 1654/1654/1654 1656/1656/1656 1686/1686/1686 1684/1684/1684
f 1656/1656/1656 1658/1658/1658 1688/1688/1688 1686/1686/1686
f 1658/1658/1658 1660/1660/1660 1690/1690/1690 1688/1688/1688
f 1660/1660/1660 1662/1662/1662 1692/1692/1692 1690/1690/1690
f 1662/1662/1662 1664/1664/1664 1694/1694/1694 1692/1692/1692
f 1664/1664/1664 1666/1666/1666 1696/1696/1696 1694/1694/1694
f 1666/1666/1666 1668/1668/1668 1698/1698/1698 1696/1696/1696
f 1668/1668/1668 1670/1670/1670 1700/1700/1700 1698/1698/1698
f 1670/1670/1670 1672/1672/1672 1702/1702/1702 1700/1700/1700
f 1672/1672/1672 1674/1674/1674 1704/1704/1704 1702/1702/1702
f 1674/1674/1674 1676/1676/1676 1706/1706/1706 1704/1704/1704
f 1676/1676/1676 1678/1678/1678 1708/1708/1708 1706/1706/1706
f 1678/1678/1678 1680/1680/1680 1710/1710/1710 1708/1708/1708
f 1682/1682/1682 1684/1684/1684 1714/1714/1714 1712/1712/1712
f 1684/1684/1684 1686/1686/1686 1716/1716/1716 1714/1714/1714
f 1686/1686/1686 1688/1688/1688 1718/1718/1718 1716/1716/1716
f 1688/1688/1688 1690/1690/1690 1720/1720/1720 1718/1718/1718
f 1690/1690/1690 1692/1692/1692 1722/1722/1722 1720/1720/1720
f 1692/1692/1692 1694/1694/1694 1724/1724/1724 1722/1722/1722
f 1694/1694/1694 1696/1696/1696 1726/1726/1726 1724/1724/1724
f 1696/1696/1696 1698/1698/1698 1728/1728/1728 1726/1726/1726
f 1698/1698/1698 1700/1700/1700 1730/1730/1730 1728/1728/1728
f 1700/1700/1700 1702/1702/1702 1732/1732/1732 1730/1730/1730
f 1702/1702/1702 1704/1704/1704 1734/1734/1734 1732/1732/1732
f 1704/1704/1704 1706/1706/1706 1736/1736/1736 1734/1734/1734
f 1706/1706/1706 1708/1708/1708 1738/1738/1738 1736/1736/1736
f 1708/1708/1708 1710/1710/1710 1740/1740/1740 1738/1738/1738
f 1712/1712/1712 1714/1714/1714 1744/1744/1744 1742/1742/1742
f 1714/1714/1714 1716/1716/1716 1746/1746/1746 1744/1744/1744
f 1716/1716/1716 1718/1718/1718 1748/1748/1748 1746/1746/1746
f 1718/1718/1718 1720/1720/1720 1750/1750/1750 1748/1748/1748
f 1720/1720/1720 1722/1722/1722 1752/1752/1752 1750/1750/1750
f 1722/1722/1722 1724/1724/1724 1754/1754/1754 1752/1752/1752
f 1724/1724/1724 1726/1726/1726 1756/1756/1756 1754/1754/1754
f 1726/1726/1726 1728/1728/1728 1758/1758/1758 1756/1756/1756
f 1728/1728/1728 1730/1730/1730 1760/1760/1760 1758/1758/1758
f 1730/1730/1730 1732/1732/1732 1762/1762/1762 1760/1760/1760
f 1732/1732/1732 1734/1734/1734 1764/1764/1764 1762/1762/1762
f 1734/1734/1734 1736/1736/1736 1766/1766/1766 1764/1764/1764
f 1736/1736/1736 1738/1738/1738 1768/1768/1768 1766/1766/1766
f 1738/1738/1738 1740/1740/1740 1770/1770/1770 1768/1768/1768
f 1742/1742/1742 1744/1744/1744 1774/1774/1774 1772/1772/1772
f 1744/1744/1744 1746/1746/1746 1776/1776/1776 1774/1774/1774
f 1746/1746/1746 1748/1748/1748 1778/1778/1778 1776/1776/1776
f 1748/1748/1748 1750/1750/1750 1780/1780/1780 1778/1778/1778
f 1750/1750/1750 1752/1752/1752 1782/1782/1782 1780/1780/1780
f 1752/1752/1752 1754/1754/1754 1784/1784/1784 1782/1782/1782
f 1754/1754/1754 1756/1756/1756 1786/1786/1786 1784/1784/1784
f 1756/1756/1756 1758/1758/1758 1788/1788/1788 1786/1786/1786
f 1758/1758/1758 1760/1760/1760 1790/1790/1790 1788/1788/1788
f 1760/1760/1760 1762/1762/1762 1792/1792/1792 1790/1790/1790
f 1762/1762/1762 1764/1764/1764 1794/1794/1794 1792/1792/1792
f 1764/1764/1764 1766/1766/1766 1796/1796/1796 1794/1794/1794
f 1766/1766/1766 1768/1768/1768 1798/1798/1798 1796/1796/1796
f 1768/1768/1768 1770/1770/1770 1800/1800/1800 1798/1798/1798
f 1772/1772/1772 1774/1774/1774 1804/1804/1804 1802/1802/1802
f 1774/1774/1774 1776/1776/1776 1806/1806/1806 1804/1804/1804
f 1776/1776/1776 1778/1778/1778 1808/1808/1808 1806/1806/1806
f 1778/1778/1778 1780/1780/1780 1810/1810/1810 1808/1808/1808
f 1780/1780/1780 1782/1782/1782 1812/1812/1812 1810/1810/1810
f 1782/1782/1782 1784/1784/1784 1814/1814/1814 1812/1812/1812
f 1784/1784/1784 1786/1786/1786 1816/1816/1816 1814/1814/1814
f 1786/1786/1786 1788/1788/1788 1818/1818/1818 1816/1816/1816
f 1788/1788/1788 1790/1790/1790 1820/1820/1820 1818/1818/1818
f 1790/1790/1790 1792/1792/1792 1822/1822/1822 1820/1820/1820
f 1792/1792/1792 1794/1794/1794 1824/1824/1824 1822/1822/1822
f 1794/1794/1794 1796/1796/1796 1826/1826/1826 1824/1824/1824
f 1796/1796/1796 1798/1798/1798 1828/1828/1828 1826/1826/1826
f 1798/1798/1798 1800/1800/1800 1830/1830/1830 1828/1828/1828
f 1802/1802/1802 1804/1804/1804 1834/1834/1834 1832/1832/1832
f 1804/1804/1804 1806/1806/1806 1836/1836/1836 1834/1834/1834
f 1806/1806/1806 1808/1808/1808 1838/1838/1838 1836/1836/1836
f 1808/1808/1808 1810/1810/1810 1840/1840/1840 1838/1838/1838
f 1810/1810/1810 1812/1812/1812 1842/1842/1842 1840/1840/1840
f 1812/1812/1812 1814/1814/1814 1844/1844/1844 1842/1842/1842
f 1814/1814/1814 1816/1816/1816 1846/1846/1846 1844/1844/1844
f 1816/1816/1816 1818/1818/1818 1848/1848/1848 1846/1846/1846
f 1818/1818/1818 1820/1820/1820 1850/1850/1850 1848/1848/1848
f 1820/1820/1820 1822/1822/1822 1852/1852/1852 1850/1850/1850
f 1822/1822/1822 1824/1824/1824 1854/1854/1854 1852/1852/1852
f 1824/1824/1824 1826/1826/1826 1856/1856/1856 1854/1854/1854
f 1826/1826/1826 1828/1828/1828 1858/1858/1858 1856/1856/1856
f 1828/1828/1828 1830/1830/1830 1860/1860/1860 1858/1858/1858
f 1832/1832/1832 1834/1834/1834 1864/1864/1864 1862/1862/1862
f 1834/1834/1834 1836/1836/1836 1866/1866/1866 1864/1864/1864
f 1836/1836/1836 1838/1838/1838 1868/1868/1868 1866/1866/1866
f 1838/1838/1838 1840/1840/1840 1870/1870/1870 1868/1868/1868
f 1840/1840/1840 1842/1842/1842 1872/1872/1872 1870/1870/1870
f 1842/1842/1842 1844/1844/1844 1874/1874/1874 1872/1872/1872
f 1844/1844/1844 1846/1846/1846 1876/1876/1876 1874/1874/1874
f 1846/1846/1846 1848/1848/1848 1878/1878/1878 1876/1876/1876
f 1848/1848/1848 1850/1850/1850 1880/1880/1880 1878/1878/1878
f 1850/1850/1850 1852/1852/1852 1882/1882/1882 1880/1880/1880
f 1852/1852/1852 1854/1854/1854 1884/1884/1884 1882/1882/1882
f 1854/1854/1854 1856/1856/1856 1886/1886/1886 1884/1884/1884
f 1856/1856/1856 1858/1858/1858 1888/1888/1888 1886/1886/1886
f 1858/1858/1858 1860/1860/1860 1890/1890/1890 1888/1888/1888
f 1862/1862/1862 1864/1864/1864 1894/1894/1894 1892/1892/1892
f 1864/1864/1864 1866/1866/1866 1896/1896/1896 1894/1894/1894
f 1866/1866/1866 1868/1868/1868 1898/1898/1898 1896/1896/1896
f 1868/1868/1868 1870/1870/1870 1900/1900/1900 1898/1898/1898
f 1870/1870/1870 1872/1872/1872 1902/1902/1902 1900/1900/1900
f 1872/1872/1872 1874/1874/1874 1904/1904/1904 1902/1902/1902
f 1874/1874/1874 1876/1876/1876 1906/1906/1906 1904/1904/1904
f 1876/1876/1876 1878/1878/1878 1908/1908/1908 1906/1906/1906
f 1878/1878/1878 1880/1880/1880 1910/1910/1910 1908/1908/1908
f 1880/1880/1880 1882/1882/1882 1912/1912/1912 1910/1910/1910
f 1882/1882/1882 1884/1884/1884 1914/1914/1914 1912/1912/1912
f 1884/1884/1884 1886/1886/1886 1916/1916/1916 1914/1914/1914
f 1886/1886/1886 1888/1888/1888 1918/1918/1918 1916/1916/1916
f 1888/1888/1888 1890/1890/1890 1920/1920/1920 1918/1918/1918
f 1892/1892/1892 1894/1894/1894 1924/1924/1924 1922/1922/1922
f 1894/1894/1894 1896/1896/1896 1926/1926/1926 1924/1924/1924
f 1896/1896/1896 1898/1898/1898 1928/1928/1928 1926/1926/1926
f 1898/1898/1898 1900/1900/1900 1930/1930/1930 1928/1928/1928
f 1900/1900/1900 1902/1902/1902 1932/1932/1932 1930/1930/1930
f 1902/1902/1902 1904/1904/1904 1934/1934/1934 1932/1932/1932
f 1904/1904/1904 1906/1906/1906 1936/1936/1936 1934/1934/1934
f 1906/1906/1906 1908/1908/1908 1938/1938/1938 1936/1936/1936
f 1908/1908/1908 1910/1910/1910 1940/1940/1940 1938/1938/1938
f 1910/1910/1910 1912/1912/1912 1942/1942/1942 1940/1940/1940
f 1912/1912/1912 1914/1914/1914 1944/1944/1944 1942/1942/1942
f 1914/1914/1914 1916/1916/1916 1946/1946/1946 1944/1944/1944
f 1916/1916/1916 1918/1918/1918 1948/1948/1948 1946/1946/1946
f 1918/1918/1918 1920/1920/1920 1950/1950/1950 1948/1948/1948
f 1922/1922/1922 1924/1924/1924 1954/1954/1954 1952/1952/1952
f 1924/1924/1924 1926/1926/1926 1956/1956/1956 1954/1954/1954
f 1926/1926/1926 1928/1928/1928 1958/1958/1958 1956/1956/1956
f 1928/1928/1928 1930/1930/1930 1960/1960/1960 1958/1958/1958
f 1930/1930/1930 1932/1932/1932 1962/1962/1962 1960/1960/1960
f 1932/1932/1932 1934/1934/1934 1964/1964/1964 1962/1962/1962
f 1934/1934/1934 1936/1936/1936 1966/1966/1966 1964/1964/1964
f 1936/1936/1936 1938/1938/1938 1968/1968/1968 1966/1966/1966
f 1938/1938/1938 1940/1940/1940 1970/1970/1970 1968/1968/1968
f 1940/1940/1940 1942/1942/1942 1972/1972/1972 1970/1970/1970
f 1942/1942/1942 1944/1944/1944 1974/1974/1974 1972/1972/1972
f 1944/1944/1944 1946/1946/1946 1976/1976/1976 1974/1974/1974
f 1946/1946/1946 1948/1948/1948 1978/1978/1978 1976/1976/1976
f 1948/1948/1948 1950/1950/1950 1980/1980/1980 1978/1978/1978
f 1952/1952/1952 1954/1954/1954 1984/1984/1984 1982/1982/1982
f 1954/1954/1954 1956/1956/1956 1986/1986/1986 1984/1984/1984
f 1956/1956/1956 1958/1958/1958 1988/1988/1988 1986/1986/1986
f 1958/1958/1958 1960/1960/1960 1990/1990/1990 1988/1988/1988
f 1960/1960/1960 1962/1962/1962 1992/1992/1992 1990/1990/1990
f 1962/1962/1962 1964/1964/1964 1994/1994/1994 1992/1992/1992
f 1964/1964/1964 1966/1966/1966 1996/1996/1996 1994/1994/1994
f 1966/1966/1966 1968/1968/1968 1998/1998/1998 1996/1996/1996
f 1968/1968/1968 1970/1970/1970 2000/2000/2000 1998/1998/1998
f 1970/1970/1970 1972/1972/1972 2002/2002/2002 2000/2000/2000
f 1972/1972/1972 1974/1974/1974 2004/2004/2004 2002/2002/2002
f 1974/1974/1974 1976/1976/1976 2006/2006/2006 2004/2004/2004
f 1976/1976/1976 1978/1978/1978 2008/2008/2008 2006/2006/2006
f 1978/1978/1978 1980/1980/1980 2010/2010/2010 2008/2008/2008
f 1982/1982/1982 1984/1984/1984 2014/2014/2014 2012/2012/2012
f 1984/1984/1984 1986/1986/1986 2016/2016/2016 2014/2014/2014
f 1986/1986/1986 1988/1988/1988 2018/2018/2018 2016/2016/2016
f 1988/1988/1988 1990/1990/1990 2020/2020/2020 2018/2018/2018
f 1990/1990/1990 1992/1992/1992 2022/2022/2022 2020/2020/2020
f 1992/1992/1992 1994/1994/1994 2024/2024/2024 2022/2022/2022
f 1994/1994/1994 1996/1996/1996 2026/2026/2026 2024/2024/2024
f 1996/1996/1996 1998/1998/1998 2028/2028/2028 2026/2026/2026
f 1998/1998/1998 2000/2000/2000 2030/2030/2030 2028/2028/2028
f 2000/2000/2000 2002/2002/2002 2032/2032/2032 2030/2030/2030
f 2002/2002/2002 2004/2004/2004 2034/2034/2034 2032/2032/2032
f 2004/2004/2004 2006/2006/2006 2036/2036/2036 2034/2034/2034
f 2006/2006/2006 2008/2008/2008 2038/2038/2038 2036/2036/2036
f 2008/2008/2008 2010/2010/2010 2040/2040/2040 2038/2038/2038
f 2012/2012/2012 2014/2014/2014 2044/2044/2044 2042/2042/2042
f 2014/2014/2014 2016/2016/2016 2046/2046/2046 2044/2044/2044
f 2016/2016/2016 2018/2018/2018 2048/2048/2048 2046/2046/2046
f 2018/2018/2018 2020/2020/2020 2050/2050/2050 2048/2048/2048
f 2020/2020/2020 2022/2022/2022 2052/2052/2052 2050/2050/2050
f 2022/2022/2022 2024/2024/2024 2054/2054/2054 2052/2052/2052
f 2024/2024/2024 2026/2026/2026 2056/2056/2056 2054/2054/2054
f 2026/2026/2026 2028/2028/2028 2058/2058/2058 2056/2056/2056
f 2028/2028/2028 2030/2030/2030 2060/2060/2060 2058/2058/2058
f 2030/2030/2030 2032/2032/2032 2062/2062/2062 2060/2060/2060
f 2032/2032/2032 2034/2034/2034 2064/2064/2064 2062/2062/2062
f 2034/2034/2034 2036/2036/2036 2066/2066/2066 2064/2064/2064
f 2036/2036/2036 2038/2038/2038 2068/2068/2068 2066/2066/2066
f 2038/2038/2038 2040/2040/2040 2070/2070/2070 2068/2068/2068
f 2042/2042/2042 2044/2044/2044 2074/2074/2074 2072/2072/2072
f 2044/2044/2044 2046/2046/2046 2076/2076/2076 2074/2074/2074
f 2046/2046/2046 2048/2048/2048 2078/2078/2078 2076/2076/2076
f 2048/2048/2048 2050/2050/2050 2080/2080/2080 2078/2078/2078
f 2050/2050/2050 2052/2052/2052 2082/2082/2082 2080/2080/2080
f 2052/2052/2052 2054/2054/2054 2084/2084/2084 2082/2082/2082
f 2054/2054/2054 2056/2056/2056 2086/2086/2086 2084/2084/2084
f 2056/2056/2056 2058/2058/2058 2088/2088/2088 2086/2086/2086
f 2058/2058/2058 2060/2060/2060 2090/2090/2090 2088/2088/2088
f 2060/2060/2060 2062/2062/2062 2092/2092/2092 2090/2090/2090
f 2062/2062/2062 2064/2064/2064 2094/2094/2094 2092/2092/2092
f 2064/2064/2064 2066/2066/2066 2096/2096/2096 2094/2094/2094
f 2066/2066/2066 2068/2068/2068 2098/2098/2098 2096/2096/2096
f 2068/2068/2068 2070/2070/2070 2100/2100/2100 2098/2098/2098
f 2072/2072/2072 2074/2074/2074 2104/2104/2104 2102/2102/2102
f 2074/2074/2074 2076/2076/2076 2106/2106/2106 2104/2104/2104
f 2076/2076/2076 2078/2078/2078 2108/2108/2108 2106/2106/2106
f 2078/2078/2078 2080/2080/2080 2110/2110/2110 2108/2108/2108
f 2080/2080/2080 2082/2082/2082 2112/2112/2112 2110/2110/2110
f 2082/2082/2082 2084/2084/2084 2114/2114/2114 2112/2112/2112
f 2084/2084/2084 2086/2086/2086 2116/2116/2116 2114/2114/2114
f 2086/2086/2086 2088/2088/2088 2118/2118/2118 2116/2116/2116
f 2088/2088/2088 2090/2090/2090 2120/2120/2120 2118/2118/2118
f 2090/2090/2090 2092/2092/2092 2122/2122/2122 2120/2120/2120
f 2092/2092/2092 2094/2094/2094 2124/2124/2124 2122/2122/2122
f 2094/2094/2094 2096/2096/2096 2126/2126/2126 2124/2124/2124
f 2096/2096/2096 2098/2098/2098 2128/2128/2128 2126/2126/2126
f 2098/2098/2098 2100/2100/2100 2130/2130/2130 2128/2128/2128
f 2102/2102/2102 2104/2104/2104 2134/2134/2134 2132/2132/2132
f 2104/2104/2104 2106/2106/2106 2136/2136/2136 2134/2134/2134
f 2106/2106/2106 2108/2108/2108 2138/2138/2138 2136/2136/2136
f 2108/2108/2108 2110/2110/2110 2140/2140/2140 2138/2138/2138
f 2110/2110/2110 2112/2112/2112 2142/2142/2142 2140/2140/2140
f 2112/2112/2112 2114/2114/2114 2144/2144/2144 2142/2142/2142
f 2114/2114/2114 2116/2116/2116 2146/2146/2146 2144/2144/2144
f 2116/2116/2116 2118/2118/2118 2148/2148/2148 2146/2146/2146
f 2118/2118/2118 2120/2120/2120 2150/2150/2150 2148/2148/2148
f 2120/2120/2120 2122/2122/2122 2152/2152/2152 2150/2150/2150
f 2122/2122/2122 2124/2124/2124 2154/2154/2154 2152/2152/2152
f 2124/2124/2124 2126/2126/2126 2156/2156/2156 2154/2154/2154
f 2126/2126/2126 2128/2128/2128 2158/2158/2158 2156/2156/2156
f 2128/2128/2128 2130/2130/2130 2160/2160/2160 2158/2158/2158
f 2132/2132/2132 2134/2134/2134 2164/2164/2164 2162/2162/2162
f 2134/2134/2134 2136/2136/2136 2166/2166/2166 2164/2164/2164
f 2136/2136/2136 2138/2138/2138 2168/2168/2168 2166/2166/2166
f 2138/2138/2138 2140/2140/2140 2170/2170/2170 2168/2168/2168
f 2140/2140/2140 2142/2142/2142 2172/2172/2172 2170/2170/2170
f 2142/2142/2142 2144/2144/2144 2174/2174/2174 2172/2172/2172
f 2144/2144/2144 2146/2146/2146 2176/2176/2176 2174/2174/2174
f 2146/2146/2146 2148/2148/2148 2178/2178/2178 2176/2176/2176
f 2148/2148/2148 2150/2150/2150 2180/2180/2180 2178/2178/2178
f 2150/2150/2150 2152/2152/2152 2182/2182/2182 2180/2180/2180
f 2152/2152/2152 2154/2154/2154 2184/2184/2184 2182/2182/2182
f 2154/2154/2154 2156/2156/2156 2186/2186/2186 2184/2184/2184
f 2156/2156/2156 2158/2158/2158 2188/2188/2188 2186/2186/2186
f 2158/2158/2158 2160/2160/2160 2190/2190/2190 2188/2188/2188
f 2162/2162/2162 2164/2164/2164 2194/2194/2194 2192/2192/2192
f 2164/2164/2164 2166/2166/2166 2196/2196/2196 2194/2194/2194
f 2166/2166/2166 2168/2168/2168 2198/2198/2198 2196/2196/2196
f 2168/2168/2168 2170/2170/2170 2200/2200/2200 2198/2198/2198
f 2170/2170/2170 2172/2172/2172 2202/2202/2202 2200/2200/2200
f 2172/2172/2172 2174/2174/2174 2204/2204/2204 2202/2202/2202
f 2174/2174/2174 2176/2176/2176 2206/2206/2206 2204/2204/2204
f 2176/2176/2176 2178/2178/2178 2208/2208/2208 2206/2206/2206
f 2178/2178/2178 2180/2180/2180 2210/2210/2210 2208/2208/2208
f 2180/2180/2180 2182/2182/2182 2212/2212/2212 2210/2210/2210
f 2182/2182/2182 2184/2184/2184 2214/2214/2214 2212/2212/2212
f 2184/2184/2184 2186/2186/2186 2216/2216/2216 2214/2214/2214
f 2186/2186/2186 2188/2188/2188 2218/2218/2218 2216/2216/2216
f 2188/2188/2188 2190/2190/2190 2220/2220/2220 2218/2218/2218
f 2192/2192/2192 2194/2194/2194 2224/2224/2224 2222/2222/2222
f 2194/2194/2194 2196/2196/2196 2226/2226/2226 2224/2224/2224
f 2196/2196/2196 2198/2198/2198 2228/2228/2228 2226/2226/2226
f 2198/2198/2198 2200/2200/2200 2230/2230/2230 2228/2228/2228
f 2200/2200/2200 2202/2202/2202 2232/2232/2232 2230/2230/2230
f 2202/2202/2202 2204/2204/2204 2234/2234/2234 2232/2232/2232
f 2204/2204/2204 2206/2206/2206 2236/2236/2236 2234/2234/2234
f 2206/2206/2206 2208/2208/2208 2238/2238/2238 2236/2236/2236
f 2208/2208/2208 2210/2210/2210 2240/2240/2240 2238/2238/2238
f 2210/2210/2210 2212/2212/2212 2242/2242/2242 2240/2240/2240
f 2212/2212/2212 2214/2214/2214 2244/2244/2244 2242/2242/2242
f 2214/2214/2214 2216/2216/2216 2246/2246/2246 2244/2244/2244
f 2216/2216/2216 2218/2218/2218 2248/2248/2248 2246/2246/2246
f 2218/2218/2218 2220/2220/2220 2250/2250/2250 2248/2248/2248
f 1501/1501/1501 1502/1502/1502 1532/1532/1532 1531/1531/1531
f 1529/1529/1529 1559/1559/1559 1560/1560/1560 1530/1530/1530
f 1531/1531/1531 1532/1532/1532 1562/1562/1562 1561/1561/1561
f 1559/1559/1559 1589/1589/1589 1590/1590/1590 1560/1560/1560
f 1561/1561/1561 1562/1562/1562 1592/1592/1592 1591/1591/1591
f 1589/1589/1589 1619/1619/1619 1620/1620/1620 1590/1590/1590
f 1591/1591/1591 1592/1592/1592 1622/1622/1622 1621/1621/1621
f 1619/1619/1619 1649/1649/1649 1650/1650/1650 1620/1620/1620
f 1621/1621/1621 1622/1622/1622 1652/1652/1652 1651/1651/1651
f 1649/1649/1649 1679/1679/1679 1680/1680/1680 1650/1650/1650
f 1651/1651/1651 1652/1652/1652 1682/1682/1682 1681/1681/1681
f 1679/1679/1679 1709/1709/1709 1710/1710/1710 1680/1680/1680
f 1681/1681/1681 1682/1682/1682 1712/1712/1712 1711/1711/1711
f 1709/1709/1709 1739/1739/1739 1740/1740/1740 1710/1710/1710
f 1711/1711/1711 1712/1712/1712 1742/1742/1742 1741/1741/1741
f 1739/1739/1739 1769/1769/1769 1770/1770/1770 1740/1740/1740
f 1741/1741/1741 1742/1742/1742 1772/1772/1772 1771/1771/1771
f 1769/1769/1769 1799/1799/1799 1800/1800/1800 1770/1770/1770
f 1771/1771/1771 1772/1772/1772 1802/1802/1802 1801/1801/1801
f 1799/1799/1799 1829/1829/1829 1830/1830/1830 1800/1800/1800
f 1801/1801/1801 1802/1802/1802 1832/1832/1832 1831/1831/1831
f 1829/1829/1829 1859/1859/1859 1860/1860/1860 1830/1830/1830
f 1831/1831/1831 1832/1832/1832 1862/1862/1862 1861/1861/1861
f 1859/1859/1859 1889/1889/1889 1890/1890/1890 1860/1860/1860
f 1861/1861/1861 1862/1862/1862 1892/1892/1892 1891/1891/1891
f 1889/1889/1889 1919/1919/1919 1920/1920/1920 1890/1890/1890
f 1891/1891/1891 1892/1892/1892 1922/1922/1922 1921/1921/1921
f 1919/1919/1919 1949/1949/1949 1950/1950/1950 1920/1920/1920
f 1921/1921/1921 1922/1922/1922 1952/1952/1952 1951/1951/1951
f 1949/1949/1949 1979/1979/1979 1980/1980/1980 1950/1950/1950
f 1951/1951/1951 1952/1952/1952 1982/1982/1982 1981/1981/1981
f 1979/1979/1979 2009/2009/2009 2010/2010/2010 1980/1980/1980
f 1981/1981/1981 1982/1982/1982 2012/2012/2012 2011/2011/2011
f 2009/2009/2009 2039/2039/2039 2040/2040/2040 2010/2010/2010
f 2011/2011/2011 2012/2012/2012 2042/2042/2042 2041/2041/2041
f 2039/2039/2039 2069/2069/2069 2070/2070/2070 2040/2040/2040
f 2041/2041/2041 2042/2042/2042 2072/2072/2072 2071/2071/2071
f 2069/2069/2069 2099/2099/2099 2100/2100/2100 2070/2070/2070
f 2071/2071/2071 2072/2072/2072 2102/2102/2102 2101/2101/2101
f 2099/2099/2099 2129/2129/2129 2130/2130/2130 2100/2100/2100
f 2101/2101/2101 2102/2102/2102 2132/2132/2132 2131/2131/2131
f 2129/2129/2129 2159/2159/2159 2160/2160/2160 2130/2130/2130
f 2131/2131/2131 2132/2132/2132 2162/2162/2162 2161/2161/2161
f 2159/2159/2159 2189/2189/2189 2190/2190/2190 2160/2160/2160
f 2161/2161/2161 2162/2162/2162 2192/2192/2192 2191/2191/2191
f 2189/2189/2189 2219/2219/2219 2220/2220/2220 2190/2190/2190
f 2191/2191/2191 2192/2192/2192 2222/2222/2222 2221/2221/2221
f 2219/2219/2219 2249/2249/2249 2250/2250/2250 2220/2220/2220
f 2251/2251/2251 2281/2281/2281 2283/2283/2283 2253/2253/2253
f 2253/2253/2253 2283/2283/2283 2285/2285/2285 2255/2255/2255
f 2255/2255/2255 2285/2285/2285 2287/2287/2287 2257/2257/2257
f 2257/2257/2257 2287/2287/2287 2289/2289/2289 2259/2259/2259
f 2259/2259/2259 2289/2289/2289 2291/2291/2291 2261/2261/2261
f 2261/2261/2261 2291/2291/2291 2293/2293/2293 2263/2263/2263
f 2263/2263/2263 2293/2293/2293 2295/2295/2295 2265/2265/2265
f 2265/2265/2265 2295/2295/2295 2297/2297/2297 2267/2267/2267
f 2267/2267/2267 2297/2297/2297 2299/2299/2299 2269/2269/2269
f 2269/2269/2269 2299/2299/2299 2301/2301/2301 2271/2271/2271
f 2271/2271/2271 2301/2301/2301 2303/2303/2303 2273/2273/2273
f 2273/2273/2273 2303/2303/2303 2305/2305/2305 2275/2275/2275
f 2275/2275/2275 2305/2305/2305 2307/2307/2307 2277/2277/2277
f 2277/2277/2277 2307/2307/2307 2309/2309/2309 2279/2279/2279
f 2281/2281/2281 2311/2311/2311 2313/2313/2313 2283/2283/2283
f 2283/2283/2283 2313/2313/2313 2315/2315/2315 2285/2285/2285
f 2285/2285/2285 2315/2315/2315 2317/2317/2317 2287/2287/2287
f 2287/2287/2287 2317/2317/2317 2319/2319/2319 2289/2289/2289
f 2289/2289/2289 2319/2319/2319 2321/2321/2321 2291/2291/2291
f 2291/2291/2291 2321/2321/2321 2323/2323/2323 2293/2293/2293
f 2293/2293/2293 2323/2323/2323 2325/2325/2325 2295/2295/2295
f 2295/2295/2295 2325/2325/2325 2327/2327/2327 2297/2297/2297
f 2297/2297/2297 2327/2327/2327 2329/2329/2329 2299/2299/2299
f 2299/2299/2299 2329/2329/2329 2331/2331/2331 2301/2301/2301
f 2301/2301/2301 2331/2331/2331 2333/2333/2333 2303/2303/2303
f 2303/2303/2303 2333/2333/2333 2335/2335/2335 2305/2305/2305
f 2305/2305/2305 2335/2335/2335 2337/2337/2337 2307/2307/2307
f 2307/2307/2307 2337/2337/2337 2339/2339/2339 2309/2309/2309
f 2311/2311/2311 2341/2341/2341 2343/2343/2343 2313/2313/2313
f 2313/2313/2313 2343/2343/2343 2345/2345/2345 2315/2315/2315
f 2315/2315/2315 2345/2345/2345 2347/2347/2347 2317/2317/2317
f 2317/2317/2317 2347/2347/2347 2349/2349/2349 2319/2319/2319
f 2319/2319/2319 2349/2349/2349 2351/2351/2351 2321/2321/2321
f 2321/2321/2321 2351/2351/2351 2353/2353/2353 2323/2323/2323
f 2323/2323/2323 2353/2353/2353 2355/2355/2355 2325/2325/2325
f 2325/2325/2325 2355/2355/2355 2357/2357/2357 2327/2327/2327
f 2327/2327/2327 2357/2357/2357 2359/2359/2359 2329/2329/2329
f 2329/2329/2329 2359/2359/2359 2361/2361/2361 2331/2331/2331
f 2331/2331/2331 2361/2361/2361 2363/2363/2363 2333/2333/2333
f 2333/2333/2333 2363/2363/2363 2365/2365/2365 2335/2335/2335
f 2335/2335/2335 2365/2365/2365 2367/2367/2367 2337/2337/2337
f 2337/2337/2337 2367/2367/2367 2369/2369/2369 2339/2339/2339
f 2341/2341/2341 2371/2371/2371 2373/2373/2373 2343/2343/2343
f 2343/2343/2343 2373/2373/2373 2375/2375/2375 2345/2345/2345
f 2345/2345/2345 2375/2375/2375 2377/2377/2377 2347/2347/2347
f 2347/2347/2347 2377/2377/2377 2379/2379/2379 2349/2349/2349
f 2349/2349/2349 2379/2379/2379 2381/2381/2381 2351/2351/2351
f 2351/2351/2351 2381/2381/2381 2383/2383/2383 2353/2353/2353
f 2353/2353/2353 2383/2383/2383 2385/2385/2385 2355/2355/2355
f 2355/2355/2355 2385/2385/2385 2387/2387/2387 2357/2357/2357
f 2357/2357/2357 2387/2387/2387 2389/2389/2389 2359/2359/2359
f 2359/2359/2359 2389/2389/2389 2391/2391/2391 2361/2361/2361
f 2361/2361/2361 2391/2391/2391 2393/2393/2393 2363/2363/2363
f 2363/2363/2363 2393/2393/2393 2395/2395/2395 2365/2365/2365
f 2365/2365/2365 2395/2395/2395 2397/2397/2397 2367/2367/2367
f 2367/2367/2367 2397/2397/2397 2399/2399/2399 2369/2369/2369
f 2371/2371/2371 2401/2401/2401 2403/2403/2403 2373/2373/2373
f 2373/2373/2373 2403/2403/2403 2405/2405/2405 2375/2375/2375
f 2375/2375/2375 2405/2405/2405 2407/2407/2407 2377/2377/2377
f 2377/2377/2377 2407/2407/2407 2409/2409/2409 2379/2379/2379
f 2379/2379/2379 2409/2409/2409 2411/2411/2411 2381/2381/2381
f 2381/2381/2381 2411/2411/2411 2413/2413/2413 2383/2383/2383
f 2383/2383/2383 2413/2413/2413 2415/2415/2415 2385/2385/2385
f 2385/2385/2385 2415/2415/2415 2417/2417/2417 2387/2387/2387
f 2387/2387/2387 2417/2417/2417 2419/2419/2419 2389/2389/2389
f 2389/2389/2389 2419/2419/2419 2421/2421/2421 2391/2391/2391
f 2391/2391/2391 2421/2421/2421 2423/2423/2423 2393/2393/2393
f 2393/2393/2393 2423/2423/2423 2425/2425/2425 2395/2395/2395
f 2395/2395/2395 2425/2425/2425 2427/2427/2427 2397/2397/2397
f 2397/2397/2397 2427/2427/2427 2429/2429/2429 2399/2399/2399
f 2401/2401/2401 2431/2431/2431 2433/2433/2433 2403/2403/2403
f 2403/2403/2403 2433/2433/2433 2435/2435/2435 2405/2405/2405
f 2405/2405/2405 2435/2435/2435 2437/2437/2437 2407/2407/2407
f 2407/2407/2407 2437/2437/2437 2439/2439/2439 2409/2409/2409
f 2409/2409/2409 2439/2439/2439 2441/2441/2441 2411/2411/2411
f 2411/2411/2411 2441/2441/2441 2443/2443/2443 2413/2413/2413
f 2413/2413/2413 2443/2443/2443 2445/2445/2445 2415/2415/2415
f 2415/2415/2415 2445/2445/2445 2447/2447/2447 2417/2417/2417
f 2417/2417/2417 2447/2447/2447 2449/2449/2449 2419/2419/2419
f 2419/2419/2419 2449/2449/2449 2451/2451/2451 2421/2421/2421
f 2421/2421/2421 2451/2451/2451 2453/2453/2453 2423/2423/2423
f 2423/2423/2423 2453/2453/2453 2455/2455/2455 2425/2425/2425
f 2425/2425/2425 2455/2455/2455 2457/2457/2457 2427/2427/2427
f 2427/2427/2427 2457/2457/2457 2459/2459/2459 2429/2429/2429
f 2431/2431/2431 2461/2461/2461 2463/2463/2463 2433/2433/2433
f 2433/2433/2433 2463/2463/2463 2465/2465/2465 2435/2435/2435
f 2435/2435/2435 2465/2465/2465 2467/2467/2467 2437/2437/2437
f 2437/2437/2437 2467/2467/2467 2469/2469/2469 2439/2439/2439
f 2439/2439/2439 2469/2469/2469 2471/2471/2471 2441/2441/2441
f 2441/2441/2441 2471/2471/2471 2473/2473/2473 2443/2443/2443
f 2443/2443/2443 2473/2473/2473 2475/2475/2475 2445/2445/2445
f 2445/2445/2445 2475/2475/2475 2477/2477/2477 2447/2447/2447
f 2447/2447/2447 2477/2477/2477 2479/2479/2479 2449/2449/2449
f 2449/2449/2449 2479/2479/2479 2481/2481/2481 2451/2451/2451
f 2451/2451/2451 2481/2481/2481 2483/2483/2483 2453/2453/2453
f 2453/2453/2453 2483/2483/2483 2485/2485/2485 2455/2455/2455
f 2455/2455/2455 2485/2485/2485 2487/2487/2487 2457/2457/2457
f 2457/2457/2457 2487/2487/2487 2489/2489/2489 2459/2459/2459
f 2461/2461/2461 2491/2491/2491 2493/2493/2493 2463/2463/2463
f 2463/2463/2463 2493/2493/2493 2495/2495/2495 2465/2465/2465
f 2465/2465/2465 2495/2495/2495 2497/2497/2497 2467/2467/2467
f 2467/2467/2467 2497/2497/2497 2499/2499/2499 2469/2469/2469
f 2469/2469/2469 2499/2499/2499 2501/2501/2501 2471/2471/2471
f 2471/2471/2471 2501/2501/2501 2503/2503/2503 2473/2473/2473
f 2473/2473/2473 2503/2503/2503 2505/2505/2505 2475/2475/2475
f 2475/2475/2475 2505/2505/2505 2507/2507/2507 2477/2477/2477
f 2477/2477/2477 2507/2507/2507 2509/2509/2509 2479/2479/2479
f 2479/2479/2479 2509/2509/2509 2511/2511/2511 2481/2481/2481
f 2481/2481/2481 2511/2511/2511 2513/2513/2513 2483/2483/2483
f 2483/2483/2483 2513/2513/2513 2515/2515/2515 2485/2485/2485
f 2485/2485/2485 2515/2515/2515 2517/2517/2517 2487/2487/2487
f 2487/2487/2487 2517/2517/2517 2519/2519/2519 2489/2489/2489
f 2491/2491/2491 2521/2521/2521 2523/2523/2523 2493/2493/2493
f 2493/2493/2493 2523/2523/2523 2525/2525/2525 2495/2495/2495
f 2495/2495/2495 2525/2525/2525 2527/2527/2527 2497/2497/2497
f 2497/2497/2497 2527/2527/2527 2529/2529/2529 2499/2499/2499
f 2499/2499/2499 2529/2529/2529 2531/2531/2531 2501/2501/2501
f 2501/2501/2501 2531/2531/2531 2533/2533/2533 2503/2503/2503
f 2503/2503/2503 2533/2533/2533 2535/2535/2535 2505/2505/2505
f 2505/2505/2505 2535/2535/2535 2537/2537/2537 2507/2507/2507
f 2507/2507/2507 2537/2537/2537 2539/2539/2539 2509/2509/2509
f 2509/2509/2509 2539/2539/2539 2541/2541/2541 2511/2511/2511
f 2511/2511/2511 2541/2541/2541 2543/2543/2543 2513/2513/2513
f 2513/2513/2513 2543/2543/2543 2545/2545/2545 2515/2515/2515
f 2515/2515/2515 2545/2545/2545 2547/2547/2547 2517/2517/2517
f 2517/2517/2517 2547/2547/2547 2549/2549/2549 2519/2519/2519
f 2521/2521/2521 2551/2551/2551 2553/2553/2553 2523/2523/2523
f 2523/2523/2523 2553/2553/2553 2555/2555/2555 2525/2525/2525
f 2525/2525/2525 2555/2555/2555 2557/2557/2557 2527/2527/2527
f 2527/2527/2527 2557/2557/2557 2559/2559/2559 2529/2529/2529
f 2529/2529/2529 2559/2559/2559 2561/2561/2561 2531/2531/2531
f 2531/2531/2531 2561/2561/2561 2563/2563/2563 2533/2533/2533
f 2533/2533/2533 2563/2563/2563 2565/2565/2565 2535/2535/2535
f 2535/2535/2535 2565/2565/2565 2567/2567/2567 2537/2537/2537
f 2537/2537/2537 2567/2567/2567 2569/2569/2569 2539/2539/2539
f 2539/2539/2539 2569/2569/2569 2571/2571/2571 2541/2541/2541
f 2541/2541/2541 2571/2571/2571 2573/2573/2573 2543/2543/2543
f 2543/2543/2543 2573/2573/2573 2575/2575/2575 2545/2545/2545
f 2545/2545/2545 2575/2575/2575 2577/2577/2577 2547/2547/2547
f 2547/2547/2547 2577/2577/2577 2579/2579/2579 2549/2549/2549
f 2551/2551/2551 2581/2581/2581 2583/2583/2583 2553/2553/2553
f 2553/2553/2553 2583/2583/2583 2585/2585/2585 2555/2555/2555
f 2555/2555/2555 2585/2585/2585 2587/2587/2587 2557/2557/2557
f 2557/2557/2557 2587/2587/2587 2589/2589/2589 2559/2559/2559
f 2559/2559/2559 2589/2589/2589 2591/2591/2591 2561/2561/2561
f 2561/2561/2561 2591/2591/2591 2593/2593/2593 2563/2563/2563
f 2563/2563/2563 2593/2593/2593 2595/2595/2595 2565/2565/2565
f 2565/2565/2565 2595/2595/2595 2597/2597/2597 2567/2567/2567
f 2567/2567/2567 2597/2597/2597 2599/2599/2599 2569/2569/2569
f 2569/2569/2569 2599/2599/2599 2601/2601/2601 2571/2571/2571
f 2571/2571/2571 2601/2601/2601 2603/2603/2603 2573/2573/2573
f 2573/2573/2573 2603/2603/2603 2605/2605/2605 2575/2575/2575
f 2575/2575/2575 2605/2605/2605 2607/2607/2607 2577/2577/2577
f 2577/2577/2577 2607/2607/2607 2609/2609/2609 2579/2579/2579
f 2581/2581/2581 2611/2611/2611 2613/2613/2613 2583/2583/2583
f 2583/2583/2583 2613/2613/2613 2615/2615/2615 2585/2585/2585
f 2585/2585/2585 2615/2615/2615 2617/2617/2617 2587/2587/2587
f 2587/2587/2587 2617/2617/2617 2619/2619/2619 2589/2589/2589
f 2589/2589/2589 2619/2619/2619 2621/2621/2621 2591/2591/2591
f 2591/2591/2591 2621/2621/2621 2623/2623/2623 2593/2593/2593
f 2593/2593/2593 2623/2623/2623 2625/2625/2625 2595/2595/2595
f 2595/2595/2595 2625/2625/2625 2627/2627/2627 2597/2597/2597
f 2597/2597/2597 2627/2627/2627 2629/2629/2629 2599/2599/2599
f 2599/2599/2599 2629/2629/2629 2631/2631/2631 2601/2601/2601
f 2601/2601/2601 2631/2631/2631 2633/2633/2633 2603/2603/2603
f 2603/2603/2603 2633/2633/2633 2635/2635/2635 2605/2605/2605
f 2605/2605/2605 2635/2635/2635 2637/2637/2637 2607/2607/2607
f 2607/2607/2607 2637/2637/2637 2639/2639/2639 2609/2609/2609
f 2611/2611/2611 2641/2641/2641 2643/2643/2643 2613/2613/2613
f 2613/2613/2613 2643/2643/2643 2645/2645/2645 2615/2615/2615
f 2615/2615/2615 2645/2645/2645 2647/2647/2647 2617/2617/2617
f 2617/2617/2617 2647/2647/2647 2649/2649/2649 2619/2619/2619
f 2619/2619/2619 2649/2649/2649 2651/2651/2651 2621/2621/2621
f 2621/2621/2621 2651/2651/2651 2653/2653/2653 2623/2623/2623
f 2623/2623/2623 2653/2653/2653 2655/2655/2655 2625/2625/2625
f 2625/2625/2625 2655/2655/2655 2657/2657/2657 2627/2627/2627
f 2627/2627/2627 2657/2657/2657 2659/2659/2659 2629/2629/2629
f 2629/2629/2629 2659/2659/2659 2661/2661/2661 2631/2631/2631
f 2631/2631/2631 2661/2661/2661 2663/2663/2663 2633/2633/2633
f 2633/2633/2633 2663/2663/2663 2665/2665/2665 2635/2635/2635
f 2635/2635/2635 2665/2665/2665 2667/2667/2667 2637/2637/2637
f 2637/2637/2637 2667/2667/2667 2669/2669/2669 2639/2639/2639
f 2641/2641/2641 2671/2671/2671 2673/2673/2673 2643/2643/2643
f 2643/2643/2643 2673/2673/2673 2675/2675/2675 2645/2645/2645
f 2645/2645/2645 2675/2675/2675 2677/2677/2677 2647/2647/2647
f 2647/2647/2647 2677/2677/2677 2679/2679/2679 2649/2649/2649
f 2649/2649/2649 2679/2679/2679 2681/2681/2681 2651/2651/2651
f 2651/2651/2651 2681/2681/2681 2683/2683/2683 2653/2653/2653
f 2653/2653/2653 2683/2683/2683 2685/2685/2685 2655/2655/2655
f 2655/2655/2655 2685/2685/2685 2687/2687/2687 2657/2657/2657
f 2657/2657/2657 2687/2687/2687 2689/2689/2689 2659/2659/2659
f 2659/2659/2659 2689/2689/2689 2691/2691/2691 2661/2661/2661
f 2661/2661/2661 2691/2691/2691 2693/2693/2693 2663/2663/2663
f 2663/2663/2663 2693/2693/2693 2695/2695/2695 2665/2665/2665
f 2665/2665/2665 2695/2695/2695 2697/2697/2697 2667/2667/2667
f 2667/2667/2667 2697/2697/2697 2699/2699/2699 2669/2669/2669
f 2671/2671/2671 2701/2701/2701 2703/2703/2703 2673/2673/2673
f 2673/2673/2673 2703/2703/2703 2705/2705/2705 2675/2675/2675
f 2675/2675/2675 2705/2705/2705 2707/2707/2707 2677/2677/2677
f 2677/2677/2677 2707/2707/2707 2709/2709/2709 2679/2679/2679
f 2679/2679/2679 2709/2709/2709 2711/2711/2711 2681/2681/2681
f 2681/2681/2681 2711/2711/2711 2713/2713/2713 2683/2683/2683
f 2683/2683/2683 2713/2713/2713 2715/2715/2715 2685/2685/2685
f 2685/2685/2685 2715/2715/2715 2717/2717/2717 2687/2687/2687
f 2687/2687/2687 2717/2717/2717 2719/2719/2719 2689/2689/2689
f 2689/2689/2689 2719/2719/2719 2721/2721/2721 2691/2691/2691
f 2691/2691/2691 2721/2721/2721 2723/2723/2723 2693/2693/2693
f 2693/2693/2693 2723/2723/2723 2725/2725/2725 2695/2695/2695
f 2695/2695/2695 2725/2725/2725 2727/2727/2727 2697/2697/2697
f 2697/2697/2697 2727/2727/2727 2729/2729/2729 2699/2699/2699
f 2701/2701/2701 2731/2731/2731 2733/2733/2733 2703/2703/2703
f 2703/2703/2703 2733/2733/2733 2735/2735/2735 2705/2705/2705
f 2705/2705/2705 2735/2735/2735 2737/2737/2737 2707/2707/2707
f 2707/2707/2707 2737/2737/2737 2739/2739/2739 2709/2709/2709
f 2709/2709/2709 2739/2739/2739 2741/2741/2741 2711/2711/2711
f 2711/2711/2711 2741/2741/2741 2743/2743/2743 2713/2713/2713
f 2713/2713/2713 2743/2743/2743 2745/2745/2745 2715/2715/2715
f 2715/2715/2715 2745/2745/2745 2747/2747/2747 2717/2717/2717
f 2717/2717/2717 2747/2747/2747 2749/2749/2749 2719/2719/2719
f 2719/2719/2719 2749/2749/2749 2751/2751/2751 2721/2721/2721
f 2721/2721/2721 2751/2751/2751 2753/2753/2753 2723/2723/2723
f 2723/2723/2723 2753/2753/2753 2755/2755/2755 2725/2725/2725
f 2725/2725/2725 2755/2755/2755 2757/2757/2757 2727/2727/2727
f 2727/2727/2727 2757/2757/2757 2759/2759/2759 2729/2729/2729
f 2731/2731/2731 2761/2761/2761 2763/2763/2763 2733/2733/2733
f 2733/2733/2733 2763/2763/2763 2765/2765/2765 2735/2735/2735
f 2735/2735/2735 2765/2765/2765 2767/2767/2767 2737/2737/2737
f 2737/2737/2737 2767/2767/2767 2769/2769/2769 2739/2739/2739
f 2739/2739/2739 2769/2769/2769 2771/2771/2771 2741/2741/2741
f 2741/2741/2741 2771/2771/2771 2773/2773/2773 2743/2743/2743
f 2743/2743/2743 2773/2773/2773 2775/2775/2775 2745/2745/2745
f 2745/2745/2745 2775/2775/2775 2777/2777/2777 2747/2747/2747
f 2747/2747/2747 2777/2777/2777 2779/2779/2779 2749/2749/2749
f 2749/2749/2749 2779/2779/2779 2781/2781/2781 2751/2751/2751
f 2751/2751/2751 2781/2781/2781 2783/2783/2783 2753/2753/2753
f 2753/2753/2753 2783/2783/2783 2785/2785/2785 2755/2755/2755
f 2755/2755/2755 2785/2785/2785 2787/2787/2787 2757/2757/2757
f 2757/2757/2757 2787/2787/2787 2789/2789/2789 2759/2759/2759
f 2761/2761/2761 2791/2791/2791 2793/2793/2793 2763/2763/2763
f 2763/2763/2763 2793/2793/2793 2795/2795/2795 2765/2765/2765
f 2765/2765/2765 2795/2795/2795 2797/2797/2797 2767/2767/2767
f 2767/2767/2767 2797/2797/2797 2799/2799/2799 2769/2769/2769
f 2769/2769/2769 2799/2799/2799 2801/2801/2801 2771/2771/2771
f 2771/2771/2771 2801/2801/2801 2803/2803/2803 2773/2773/2773
f 2773/2773/2773 2803/2803/2803 2805/2805/2805 2775/2775/2775
f 2775/2775/2775 2805/2805/2805 2807/2807/2807 2777/2777/2777
f 2777/2777/2777 2807/2807/2807 2809/2809/2809 2779/2779/2779
f 2779/2779/2779 2809/2809/2809 2811/2811/2811 2781/2781/2781
f 2781/2781/2781 2811/2811/2811 2813/2813/2813 2783/2783/2783
f 2783/2783/2783 2813/2813/2813 2815/2815/2815 2785/2785/2785
f 2785/2785/2785 2815/2815/2815 2817/2817/2817 2787/2787/2787
f 2787/2787/2787 2817/2817/2817 2819/2819/2819 2789/2789/2789
f 2791/2791/2791 2821/2821/2821 2823/2823/2823 2793/2793/2793
f 2793/2793/2793 2823/2823/2823 2825/2825/2825 2795/2795/2795
f 2795/2795/2795 2825/2825/2825 2827/2827/2827 2797/2797/2797
f 2797/2797/2797 2827/2827/2827 2829/2829/2829 2799/2799/2799
f 2799/2799/2799 2829/2829/2829 2831/2831/2831 2801/2801/2801
f 2801/2801/2801 2831/2831/2831 2833/2833/2833 2803/2803/2803
f 2803/2803/2803 2833/2833/2833 2835/2835/2835 2805/2805/2805
f 2805/2805/2805 2835/2835/2835 2837/2837/2837 2807/2807/2807
f 2807/2807/2807 2837/2837/2837 2839/2839/2839 2809/2809/2809
f 2809/2809/2809 2839/2839/2839 2841/2841/2841 2811/2811/2811
f 2811/2811/2811 2841/2841/2841 2843/2843/2843 2813/2813/2813
f 2813/2813/2813 2843/2843/2843 2845/2845/2845 2815/2815/2815
f 2815/2815/2815 2845/2845/2845 2847/2847/2847 2817/2817/2817
f 2817/2817/2817 2847/2847/2847 2849/2849/2849 2819/2819/2819
f 2821/2821/2821 2851/2851/2851 2853/2853/2853 2823/2823/2823
f 2823/2823/2823 2853/2853/2853 2855/2855/2855 2825/2825/2825
f 2825/2825/2825 2855/2855/2855 2857/2857/2857 2827/2827/2827
f 2827/2827/2827 2857/2857/2857 2859/2859/2859 2829/2829/2829
f 2829/2829/2829 2859/2859/2859 2861/2861/2861 2831/2831/2831
f 2831/2831/2831 2861/2861/2861 2863/2863/2863 2833/2833/2833
f 2833/2833/2833 2863/2863/2863 2865/2865/2865 2835/2835/2835
f 2835/2835/2835 2865/2865/2865 2867/2867/2867 2837/2837/2837
f 2837/2837/2837 2867/2867/2867 2869/2869/2869 2839/2839/2839
f 2839/2839/2839 2869/2869/2869 2871/2871/2871 2841/2841/2841
f 2841/2841/2841 2871/2871/2871 2873/2873/2873 2843/2843/2843
f 2843/2843/2843 2873/2873/2873 2875/2875/2875 2845/2845/2845
f 2845/2845/2845 2875/2875/2875 2877/2877/2877 2847/2847/2847
f 2847/2847/2847 2877/2877/2877 2879/2879/2879 2849/2849/2849
f 2851/2851/2851 2881/2881/2881 2883/2883/2883 2853/2853/2853
f 2853/2853/2853 2883/2883/2883 2885/2885/2885 2855/2855/2855
f 2855/2855/2855 2885/2885/2885 2887/2887/2887 2857/2857/2857
f 2857/2857/2857 2887/2887/2887 2889/2889/2889 2859/2859/2859
f 2859/2859/2859 2889/2889/2889 2891/2891/2891 2861/2861/2861
f 2861/2861/2861 2891/2891/2891 2893/2893/2893 2863/2863/2863
f 2863/2863/2863 2893/2893/2893 2895/2895/2895 2865/2865/2865
f 2865/2865/2865 2895/2895/2895 2897/2897/2897 2867/2867/2867
f 2867/2867/2867 2897/2897/2897 2899/2899/2899 2869/2869/2869
f 2869/2869/2869 2899/2899/2899 2901/2901/2901 2871/2871/2871
f 2871/2871/2871 2901/2901/2901 2903/2903/2903 2873/2873/2873
f 2873/2873/2873 2903/2903/2903 2905/2905/2905 2875/2875/2875
f 2875/2875/2875 2905/2905/2905 2907/2907/2907 2877/2877/2877
f 2877/2877/2877 2907/2907/2907 2909/2909/2909 2879/2879/2879
f 2881/2881/2881 2911/2911/2911 2913/2913/2913 2883/2883/2883
f 2883/2883/2883 2913/2913/2913 2915/2915/2915 2885/2885/2885
f 2885/2885/2885 2915/2915/2915 2917/2917/2917 2887/2887/2887
f 2887/2887/2887 2917/2917/2917 2919/2919/2919 2889/2889/2889
f 2889/2889/2889 2919/2919/2919 2921/2921/2921 2891/2891/2891
f 2891/2891/2891 2921/2921/2921 2923/2923/2923 2893/2893/2893
f 2893/2893/2893 2923/2923/2923 2925/2925/2925 2895/2895/2895
f 2895/2895/2895 2925/2925/2925 2927/2927/2927 2897/2897/2897
f 2897/2897/2897 2927/2927/2927 2929/2929/2929 2899/2899/2899
f 2899/2899/2899 2929/2929/2929 2931/2931/2931 2901/2901/2901
f 2901/2901/2901 2931/2931/2931 2933/2933/2933 2903/2903/2903
f 2903/2903/2903 2933/2933/2933 2935/2935/2935 2905/2905/2905
f 2905/2905/2905 2935/2935/2935 2937/2937/2937 2907/2907/2907
f 2907/2907/2907 2937/2937/2937 2939/2939/2939 2909/2909/2909
f 2911/2911/2911 2941/2941/2941 2943/2943/2943 2913/2913/2913
f 2913/2913/2913 2943/2943/2943 2945/2945/2945 2915/2915/2915
f 2915/2915/2915 2945/2945/2945 2947/2947/2947 2917/2917/2917
f 2917/2917/2917 2947/2947/2947 2949/2949/2949 2919/2919/2919
f 2919/2919/2919 2949/2949/2949 2951/2951/2951 2921/2921/2921
f 2921/2921/2921 2951/2951/2951 2953/2953/2953 2923/2923/2923
f 2923/2923/2923 2953/2953/2953 2955/2955/2955 2925/2925/2925
f 2925/2925/2925 2955/2955/2955 2957/2957/2957 2927/2927/2927
f 2927/2927/2927 2957/2957/2957 2959/2959/2959 2929/2929/2929
f 2929/2929/2929 2959/2959/2959 2961/2961/2961 2931/2931/2931
f 2931/2931/2931 2961/2961/2961 2963/2963/2963 2933/2933/2933
f 2933/2933/2933 2963/2963/2963 2965/2965/2965 2935/2935/2935
f 2935/2935/2935 2965/2965/2965 2967/2967/2967 2937/2937/2937
f 2937/2937/2937 2967/2967/2967 2969/2969/2969 2939/2939/2939
f 2941/2941/2941 2971/2971/2971 2973/2973/2973 2943/2943/2943
f 2943/2943/2943 2973/2973/2973 2975/2975/2975 2945/2945/2945
f 2945/2945/2945 2975/2975/2975 2977/2977/2977 2947/2947/2947
f 2947/2947/2947 2977/2977/2977 2979/2979/2979 2949/2949/2949
f 2949/2949/2949 2979/2979/2979 2981/2981/2981 2951/2951/2951
f 2951/2951/2951 2981/2981/2981 2983/2983/2983 2953/2953/2953
f 2953/2953/2953 2983/2983/2983 2985/2985/2985 2955/2955/2955
f 2955/2955/2955 2985/2985/2985 2987/2987/2987 2957/2957/2957
f 2957/2957/2957 2987/2987/2987 2989/2989/2989 2959/2959/2959
f 2959/2959/2959 2989/2989/2989 2991/2991/2991 2961/2961/2961
f 2961/2961/2961 2991/2991/2991 2993/2993/2993 2963/2963/2963
f 2963/2963/2963 2993/2993/2993 2995/2995/2995 2965/2965/2965
f 2965/2965/2965 2995/2995/2995 2997/2997/2997 2967/2967/2967
f 2967/2967/2967 2997/2997/2997 2999/2999/2999 2969/2969/2969
f 2252/2252/2252 2254/2254/2254 2284/2284/2284 2282/2282/2282
f 2254/2254/2254 2256/2256/2256 2286/2286/2286 2284/2284/2284
f 2256/2256/2256 2258/2258/2258 2288/2288/2288 2286/2286/2286
f 2258/2258/2258 2260/2260/2260 2290/2290/2290 2288/2288/2288
f 2260/2260/2260 2262/2262/2262 2292/2292/2292 2290/2290/2290
f 2262/2262/2262 2264/2264/2264 2294/2294/2294 2292/2292/2292
f 2264/2264/2264 2266/2266/2266 2296/2296/2296 2294/2294/2294
f 2266/2266/2266 2268/2268/2268 2298/2298/2298 2296/2296/2296
f 2268/2268/2268 2270/2270/2270 2300/2300/2300 2298/2298/2298
f 2270/2270/2270 2272/2272/2272 2302/2302/2302 2300/2300/2300
f 2272/2272/2272 2274/2274/2274 2304/2304/2304 2302/2302/2302
f 2274/2274/2274 2276/2276/2276 2306/2306/2306 2304/2304/2304
f 2276/2276/2276 2278/2278/2278 2308/2308/2308 2306/2306/2306
f 2278/2278/2278 2280/2280/2280 2310/2310/2310 2308/2308/2308
f 2282/2282/2282 2284/2284/2284 2314/2314/2314 2312/2312/2312
f 2284/2284/2284 2286/2286/2286 2316/2316/2316 2314/2314/2314
f 2286/2286/2286 2288/2288/2288 2318/2318/2318 2316/2316/2316
f 2288/2288/2288 2290/2290/2290 2320/2320/2320 2318/2318/2318
f 2290/2290/2290 2292/2292/2292 2322/2322/2322 2320/2320/2320
f 2292/2292/2292 2294/2294/2294 2324/2324/2324 2322/2322/2322
f 2294/2294/2294 2296/2296/2296 2326/2326/2326 2324/2324/2324
f 2296/2296/2296 2298/2298/2298 2328/2328/2328 2326/2326/2326
f 2298/2298/2298 2300/2300/2300 2330/2330/2330 2328/2328/2328
f 2300/2300/2300 2302/2302/2302 2332/2332/2332 2330/2330/2330
f 2302/2302/2302 2304/2304/2304 2334/2334/2334 2332/2332/2332
f 2304/2304/2304 2306/2306/2306 2336/2336/2336 2334/2334/2334
f 2306/2306/2306 2308/2308/2308 2338/2338/2338 2336/2336/2336
f 2308/2308/2308 2310/2310/2310 2340/2340/2340 2338/2338/2338
f 2312/2312/2312 2314/2314/2314 2344/2344/2344 2342/2342/2342
f 2314/2314/2314 2316/2316/2316 2346/2346/2346 2344/2344/2344
f 2316/2316/2316 2318/2318/2318 2348/2348/2348 2346/2346/2346
f 2318/2318/2318 2320/2320/2320 2350/2350/2350 2348/2348/2348
f 2320/2320/2320 2322/2322/2322 2352/2352/2352 2350/2350/2350
f 2322/2322/2322 2324/2324/2324 2354/2354/2354 2352/2352/2352
f 2324/2324/2324 2326/2326/2326 2356/2356/2356 2354/2354/2354
f 2326/2326/2326 2328/2328/2328 2358/2358/2358 2356/2356/2356
f 2328/2328/2328 2330/2330/2330 2360/2360/2360 2358/2358/2358
f 2330/2330/2330 2332/2332/2332 2362/2362/2362 2360/2360/2360
f 2332/2332/2332 2334/2334/2334 2364/2364/2364 2362/2362/2362
f 2334/2334/2334 2336/2336/2336 2366/2366/2366 2364/2364/2364
f 2336/2336/2336 2338/2338/2338 2368/2368/2368 2366/2366/2366
f 2338/2338/2338 2340/2340/2340 2370/2370/2370 2368/2368/2368
f 2342/2342/2342 2344/2344/2344 2374/2374/2374 2372/2372/2372
f 2344/2344/2344 2346/2346/2346 2376/2376/2376 2374/2374/2374
f 2346/2346/2346 2348/2348/2348 2378/2378/2378 2376/2376/2376
f 2348/2348/2348 2350/2350/2350 2380/2380/2380 2378/2378/2378
f 2350/2350/2350 2352/2352/2352 2382/2382/2382 2380/2380/2380
f 2352/2352/2352 2354/2354/2354 2384/2384/2384 2382/2382/2382
f 2354/2354/2354 2356/2356/2356 2386/2386/2386 2384/2384/2384
f 2356/2356/2356 2358/2358/2358 2388/2388/2388 2386/2386/2386
f 2358/2358/2358 2360/2360/2360 2390/2390/2390 2388/2388/2388
f 2360/2360/2360 2362/2362/2362 2392/2392/2392 2390/2390/2390
f 2362/2362/2362 2364/2364/2364 2394/2394/2394 2392/2392/2392
f 2364/2364/2364 2366/2366/2366 2396/2396/2396 2394/2394/2394
f 2366/2366/2366 2368/2368/2368 2398/2398/2398 2396/2396/2396
f 2368/2368/2368 2370/2370/2370 2400/2400/2400 2398/2398/2398
f 2372/2372/2372 2374/2374/2374 2404/2404/2404 2402/2402/2402
f 2374/2374/2374 2376/2376/2376 2406/2406/2406 2404/2404/2404
f 2376/2376/2376 2378/2378/2378 2408/2408/2408 2406/2406/2406
f 2378/2378/2378 2380/2380/2380 2410/2410/2410 2408/2408/2408
f 2380/2380/2380 2382/2382/2382 2412/2412/2412 2410/2410/2410
f 2382/2382/2382 2384/2384/2384 2414/2414/2414 2412/2412/2412
f 2384/2384/2384 2386/2386/2386 2416/2416/2416 2414/2414/2414
f 2386/2386/2386 2388/2388/2388 2418/2418/2418 2416/2416/2416
f 2388/2388/2388 2390/2390/2390 2420/2420/2420 2418/2418/2418
f 2390/2390/2390 2392/2392/2392 2422/2422/2422 2420/2420/2420
f 2392/2392/2392 2394/2394/2394 2424/2424/2424 2422/2422/2422
f 2394/2394/2394 2396/2396/2396 2426/2426/2426 2424/2424/2424
f 2396/2396/2396 2398/2398/2398 2428/2428/2428 2426/2426/2426
f 2398/2398/2398 2400/2400/2400 2430/2430/2430 2428/2428/2428
f 2402/2402/2402 2404/2404/2404 2434/2434/2434 2432/2432/2432
f 2404/2404/2404 2406/2406/2406 2436/2436/2436 2434/2434/2434
f 2406/2406/2406 2408/2408/2408 2438/2438/2438 2436/2436/2436
f 2408/2408/2408 2410/2410/2410 2440/2440/2440 2438/2438/2438
f 2410/2410/2410 2412/2412/2412 2442/2442/2442 2440/2440/2440
f 2412/2412/2412 2414/2414/2414 2444/2444/2444 2442/2442/2442
f 2414/2414/2414 2416/2416/2416 2446/2446/2446 2444/2444/2444
f 2416/2416/2416 2418/2418/2418 2448/2448/2448 2446/2446/2446
f 2418/2418/2418 2420/2420/2420 2450/2450/2450 2448/2448/2448
f 2420/2420/2420 2422/2422/2422 2452/2452/2452 2450/2450/2450
f 2422/2422/2422 2424/2424/2424 2454/2454/2454 2452/2452/2452
f 2424/2424/2424 2426/2426/2426 2456/2456/2456 2454/2454/2454
f 2426/2426/2426 2428/2428/2428 2458/2458/2458 2456/2456/2456
f 2428/2428/2428 2430/2430/2430 2460/2460/2460 2458/2458/2458
f 2432/2432/2432 2434/2434/2434 2464/2464/2464 2462/2462/2462
f 2434/2434/2434 2436/2436/2436 2466/2466/2466 2464/2464/2464
f 2436/2436/2436 2438/2438/2438 2468/2468/2468 2466/2466/2466
f 2438/2438/2438 2440/2440/2440 2470/2470/2470 2468/2468/2468
f 2440/2440/2440 2442/2442/2442 2472/2472/2472 2470/2470/2470
f 2442/2442/2442 2444/2444/2444 2474/2474/2474 2472/2472/2472
f 2444/2444/2444 2446/2446/2446 2476/2476/2476 2474/2474/2474
f 2446/2446/2446 2448/2448/2448 2478/2478/2478 2476/2476/2476
f 2448/2448/2448 2450/2450/2450 2480/2480/2480 2478/2478/2478
f 2450/2450/2450 2452/2452/2452 2482/2482/2482 2480/2480/2480
f 2452/2452/2452 2454/2454/2454 2484/2484/2484 2482/2482/2482
f 2454/2454/2454 2456/2456/2456 2486/2486/2486 2484/2484/2484
f 2456/2456/2456 2458/2458/2458 2488/2488/2488 2486/2486/2486
f 2458/2458/2458 2460/2460/2460 2490/2490/2490 2488/2488/2488
f 2462/2462/2462 2464/2464/2464 2494/2494/2494 2492/2492/2492
f 2464/2464/2464 2466/2466/2466 2496/2496/2496 2494/2494/2494
f 2466/2466/2466 2468/2468/2468 2498/2498/2498 2496/2496/2496
f 2468/2468/2468 2470/2470/2470 2500/2500/2500 2498/2498/2498
f 2470/2470/2470 2472/2472/2472 2502/2502/2502 2500/2500/2500
f 2472/2472/2472 2474/2474/2474 2504/2504/2504 2502/2502/2502
f 2474/2474/2474 2476/2476/2476 2506/2506/2506 2504/2504/2504
f 2476/2476/2476 2478/2478/2478 2508/2508/2508 2506/2506/2506
f 2478/2478/2478 2480/2480/2480 2510/2510/2510 2508/2508/2508
f 2480/2480/2480 2482/2482/2482 2512/2512/2512 2510/2510/2510
f 2482/2482/2482 2484/2484/2484 2514/2514/2514 2512/2512/2512
f 2484/2484/2484 2486/2486/2486 2516/2516/2516 2514/2514/2514
f 2486/2486/2486 2488/2488/2488 2518/2518/2518 2516/2516/2516
f 2488/2488/2488 2490/2490/2490 2520/2520/2520 2518/2518/2518
f 2492/2492/2492 2494/2494/2494 2524/2524/2524 2522/2522/2522
f 2494/2494/2494 2496/2496/2496 2526/2526/2526 2524/2524/2524
f 2496/2496/2496 2498/2498/2498 2528/2528/2528 2526/2526/2526
f 2498/2498/2498 2500/2500/2500 2530/2530/2530 2528/2528/2528
f 2500/2500/2500 2502/2502/2502 2532/2532/2532 2530/2530/2530
f 2502/2502/2502 2504/2504/2504 2534/2534/2534 2532/2532/2532
f 2504/2504/2504 2506/2506/2506 2536/2536/2536 2534/2534/2534
f 2506/2506/2506 2508/2508/2508 2538/2538/2538 2536/2536/2536
f 2508/2508/2508 2510/2510/2510 2540/2540/2540 2538/2538/2538
f 2510/2510/2510 2512/2512/2512 2542/2542/2542 2540/2540/2540
f 2512/2512/2512 2514/2514/2514 2544/2544/2544 2542/2542/2542
f 2514/2514/2514 2516/2516/2516 2546/2546/2546 2544/2544/2544
f 2516/2516/2516 2518/2518/2518 2548/2548/2548 2546/2546/2546
f 2518/2518/2518 2520/2520/2520 2550/2550/2550 2548/2548/2548
f 2522/2522/2522 2524/2524/2524 2554/2554/2554 2552/2552/2552
f 2524/2524/2524 2526/2526/2526 2556/2556/2556 2554/2554/2554
f 2526/2526/2526 2528/2528/2528 2558/2558/2558 2556/2556/2556
f 2528/2528/2528 2530/2530/2530 2560/2560/2560 2558/2558/2558
f 2530/2530/2530 2532/2532/2532 2562/2562/2562 2560/2560/2560
f 2532/2532/2532 2534/2534/2534 2564/2564/2564 2562/2562/2562
f 2534/2534/2534 2536/2536/2536 2566/2566/2566 2564/2564/2564
f 2536/2536/2536 2538/2538/2538 2568/2568/2568 2566/2566/2566
f 2538/2538/2538 2540/2540/2540 2570/2570/2570 2568/2568/2568
f 2540/2540/2540 2542/2542/2542 2572/2572/2572 2570/2570/2570
f 2542/2542/2542 2544/2544/2544 2574/2574/2574 2572/2572/2572
f 2544/2544/2544 2546/2546/2546 2576/2576/2576 2574/2574/2574
f 2546/2546/2546 2548/2548/2548 2578/2578/2578 2576/2576/2576
f 2548/2548/2548 2550/2550/2550 2580/2580/2580 2578/2578/2578
f 2552/2552/2552 2554/2554/2554 2584/2584/2584 2582/2582/2582
f 2554/2554/2554 2556/2556/2556 2586/2586/2586 2584/2584/2584
f 2556/2556/2556 2558/2558/2558 2588/2588/2588 2586/2586/2586
f 2558/2558/2558 2560/2560/2560 2590/2590/2590 2588/2588/2588
f 2560/2560/2560 2562/2562/2562 2592/2592/2592 2590/2590/2590
f 2562/2562/2562 2564/2564/2564 2594/2594/2594 2592/2592/2592
f 2564/2564/2564 2566/2566/2566 2596/2596/2596 2594/2594/2594
f 2566/2566/2566 2568/2568/2568 2598/2598/2598 2596/2596/2596
f 2568/2568/2568 2570/2570/2570 2600/2600/2600 2598/2598/2598
f 2570/2570/2570 2572/2572/2572 2602/2602/2602 2600/2600/2600
f 2572/2572/2572 2574/2574/2574 2604/2604/2604 2602/2602/2602
f 2574/2574/2574 2576/2576/2576 2606/2606/2606 2604/2604/2604
f 2576/2576/2576 2578/2578/2578 2608/2608/2608 2606/2606/2606
f 2578/2578/2578 2580/2580/2580 2610/2610/2610 2608/2608/2608
f 2582/2582/2582 2584/2584/2584 2614/2614/2614 2612/2612/2612
f 2584/2584/2584 2586/2586/2586 2616/2616/2616 2614/2614/2614
f 2586/2586/2586 2588/2588/2588 2618/2618/2618 2616/2616/2616
f 2588/2588/2588 2590/2590/2590 2620/2620/2620 2618/2618/2618
f 2590/2590/2590 2592/2592/2592 2622/2622/2622 2620/2620/2620
f 2592/2592/2592 2594/2594/2594 2624/2624/2624 2622/2622/2622
f 2594/2594/2594 2596/2596/2596 2626/2626/2626 2624/2624/2624
f 2596/2596/2596 2598/2598/2598 2628/2628/2628 2626/2626/2626
f 2598/2598/2598 2600/2600/2600 2630/2630/2630 2628/2628/2628
f 2600/2600/2600 2602/2602/2602 2632/2632/2632 2630/2630/2630
f 2602/2602/2602 2604/2604/2604 2634/2634/2634 2632/2632/2632
f 2604/2604/2604 2606/2606/2606 2636/2636/2636 2634/2634/2634
f 2606/2606/2606 2608/2608/2608 2638/2638/2638 2636/2636/2636
f 2608/2608/2608 2610/2610/2610 2640/2640/2640 2638/2638/2638
f 2612/2612/2612 2614/2614/2614 2644/2644/2644 2642/2642/2642
f 2614/2614/2614 2616/2616/2616 2646/2646/2646 2644/2644/2644
f 2616/2616/2616 2618/2618/2618 2648/2648/2648 2646/2646/2646
f 2618/2618/2618 2620/2620/2620 2650/2650/2650 2648/2648/2648
f 2620/2620/2620 2622/2622/2622 2652/2652/2652 2650/2650/2650
f 2622/2622/2622 2624/2624/2624 2654/2654/2654 2652/2652/2652
f 2624/2624/2624 2626/2626/2626 2656/2656/2656 2654/2654/2654
f 2626/2626/2626 2628/2628/2628 2658/2658/2658 2656/2656/2656
f 2628/2628/2628 2630/2630/2630 2660/2660/2660 2658/2658/2658
f 2630/2630/2630 2632/2632/2632 2662/2662/2662 2660/2660/2660
f 2632/2632/2632 2634/2634/2634 2664/2664/2664 2662/2662/2662
f 2634/2634/2634 2636/2636/2636 2666/2666/2666 2664/2664/2664
f 2636/2636/2636 2638/2638/2638 2668/2668/2668 2666/2666/2666
f 2638/2638/2638 2640/2640/2640 2670/2670/2670 2668/2668/2668
f 2642/2642/2642 2644/2644/2644 2674/2674/2674 2672/2672/2672
f 2644/2644/2644 2646/2646/2646 2676/2676/2676 2674/2674/2674
f 2646/2646/2646 2648/2648/2648 2678/2678/2678 2676/2676/2676
f 2648/2648/2648 2650/2650/2650 2680/2680/2680 2678/2678/2678
f 2650/2650/2650 2652/2652/2652 2682/2682/2682 2680/2680/2680
f 2652/2652/2652 2654/2654/2654 2684/2684/2684 2682/2682/2682
f 2654/2654/2654 2656/2656/2656 2686/2686/2686 2684/2684/2684
f 2656/2656/2656 2658/2658/2658 2688/2688/2688 2686/2686/2686
f 2658/2658/2658 2660/2660/2660 2690/2690/2690 2688/2688/2688
f 2660/2660/2660 2662/2662/2662 2692/2692/2692 2690/2690/2690
f 2662/2662/2662 2664/2664/2664 2694/2694/2694 2692/2692/2692
f 2664/2664/2664 2666/2666/2666 2696/2696/2696 2694/2694/2694
f 2666/2666/2666 2668/2668/2668 2698/2698/2698 2696/2696/2696
f 2668/2668/2668 2670/2670/2670 2700/2700/2700 2698/2698/2698
f 2672/2672/2672 2674/2674/2674 2704/2704/2704 2702/2702/2702
f 2674/2674/2674 2676/2676/2676 2706/2706/2706 2704/2704/2704
f 2676/2676/2676 2678/2678/2678 2708/2708/2708 2706/2706/2706
f 2678/2678/2678 2680/2680/2680 2710/2710/2710 2708/2708/2708
f 2680/2680/2680 2682/2682/2682 2712/2712/2712 2710/2710/2710
f 2682/2682/2682 2684/2684/2684 2714/2714/2714 2712/2712/2712
f 2684/2684/2684 2686/2686/2686 2716/2716/2716 2714/2714/2714
f 2686/2686/2686 2688/2688/2688 2718/2718/2718 2716/2716/2716
f 2688/2688/2688 2690/2690/2690 2720/2720/2720 2718/2718/2718
f 2690/2690/2690 2692/2692/2692 2722/2722/2722 2720/2720/2720
f 2692/2692/2692 2694/2694/2694 2724/2724/2724 2722/2722/2722
f 2694/2694/2694 2696/2696/2696 2726/2726/2726 2724/2724/2724
f 2696/2696/2696 2698/2698/2698 2728/2728/2728 2726/2726/2726
f 2698/2698/2698 2700/2700/2700 2730/2730/2730 2728/2728/2728
f 2702/2702/2702 2704/2704/2704 2734/2734/2734 2732/2732/2732
f 2704/2704/2704 2706/2706/2706 2736/2736/2736 2734/2734/2734
f 2706/2706/2706 2708/2708/2708 2738/2738/2738 2736/2736/2736
f 2708/2708/2708 2710/2710/2710 2740/2740/2740 2738/2738/2738
f 2710/2710/2710 2712/2712/2712 2742/2742/2742 2740/2740/2740
f 2712/2712/2712 2714/2714/2714 2744/2744/2744 2742/2742/2742
f 2714/2714/2714 2716/2716/2716 2746/2746/2746 2744/2744/2744
f 2716/2716/2716 2718/2718/2718 2748/2748/2748 2746/2746/2746
f 2718/2718/2718 2720/2720/2720 2750/2750/2750 2748/2748/2748
f 2720/2720/2720 2722/2722/2722 2752/2752/2752 2750/2750/2750
f 2722/2722/2722 2724/2724/2724 2754/2754/2754 2752/2752/2752
f 2724/2724/2724 2726/2726/2726 2756/2756/2756 2754/2754/2754
f 2726/2726/2726 2728/2728/2728 2758/2758/2758 2756/2756/2756
f 2728/2728/2728 2730/2730/2730 2760/2760/2760 2758/2758/2758
f 2732/2732/2732 2734/2734/2734 2764/2764/2764 2762/2762/2762
f 2734/2734/2734 2736/2736/2736 2766/2766/2766 2764/2764/2764
f 2736/2736/2736 2738/2738/2738 2768/2768/2768 2766/2766/2766
f 2738/2738/2738 2740/2740/2740 2770/2770/2770 2768/2768/2768
f 2740/2740/2740 2742/2742/2742 2772/2772/2772 2770/2770/2770
f 2742/2742/2742 2744/2744/2744 2774/2774/2774 2772/2772/2772
f 2744/2744/2744 2746/2746/2746 2776/2776/2776 2774/2774/2774
f 2746/2746/2746 2748/2748/2748 2778/2778/2778 2776/2776/2776
f 2748/2748/2748 2750/2750/2750 2780/2780/2780 2778/2778/2778
f 2750/2750/2750 2752/2752/2752 2782/2782/2782 2780/2780/2780
f 2752/2752/2752 2754/2754/2754 2784/2784/2784 2782/2782/2782
f 2754/2754/2754 2756/2756/2756 2786/2786/2786 2784/2784/2784
f 2756/2756/2756 2758/2758/2758 2788/2788/2788 2786/2786/2786
f 2758/2758/2758 2760/2760/2760 2790/2790/2790 2788/2788/2788
f 2762/2762/2762 2764/2764/2764 2794/2794/2794 2792/2792/2792
f 2764/2764/2764 2766/2766/2766 2796/2796/2796 2794/2794/2794
f 2766/2766/2766 2768/2768/2768 2798/2798/2798 2796/2796/2796
f 2768/2768/2768 2770/2770/2770 2800/2800/2800 2798/2798/2798
f 2770/2770/2770 2772/2772/2772 2802/2802/2802 2800/2800/2800
f 2772/2772/2772 2774/2774/2774 2804/2804/2804 2802/2802/2802
f 2774/2774/2774 2776/2776/2776 2806/2806/2806 2804/2804/2804
f 2776/2776/2776 2778/2778/2778 2808/2808/2808 2806/2806/2806
f 2778/2778/2778 2780/2780/2780 2810/2810/2810 2808/2808/2808
f 2780/2780/2780 2782/2782/2782 2812/2812/2812 2810/2810/2810
f 2782/2782/2782 2784/2784/2784 2814/2814/2814 2812/2812/2812
f 2784/2784/2784 2786/2786/2786 2816/2816/2816 2814/2814/2814
f 2786/2786/2786 2788/2788/2788 2818/2818/2818 2816/2816/2816
f 2788/2788/2788 2790/2790/2790 2820/2820/2820 2818/2818/2818
f 2792/2792/2792 2794/2794/2794 2824/2824/2824 2822/2822/2822
f 2794/2794/2794 2796/2796/2796 2826/2826/2826 2824/2824/2824
f 2796/2796/2796 2798/2798/2798 2828/2828/2828 2826/2826/2826
f 2798/2798/2798 2800/2800/2800 2830/2830/2830 2828/2828/2828
f 2800/2800/2800 2802/2802/2802 2832/2832/2832 2830/2830/2830
f 2802/2802/2802 2804/2804/2804 2834/2834/2834 2832/2832/2832
f 2804/2804/2804 2806/2806/2806 2836/2836/2836 2834/2834/2834
f 2806/2806/2806 2808/2808/2808 2838/2838/2838 2836/2836/2836
f 2808/2808/2808 2810/2810/2810 2840/2840/2840 2838/2838/2838
f 2810/2810/2810 2812/2812/2812 2842/2842/2842 2840/2840/2840
f 2812/2812/2812 2814/2814/2814 2844/2844/2844 2842/2842/2842
f 2814/2814/2814 2816/2816/2816 2846/2846/2846 2844/2844/2844
f 2816/2816/2816 2818/2818/2818 2848/2848/2848 2846/2846/2846
f 2818/2818/2818 2820/2820/2820 2850/2850/2850 2848/2848/2848
f 2822/2822/2822 2824/2824/2824 2854/2854/2854 2852/2852/2852
f 2824/2824/2824 2826/2826/2826 2856/2856/2856 2854/2854/2854
f 2826/2826/2826 2828/2828/2828 2858/2858/2858 2856/2856/2856
f 2828/2828/2828 2830/2830/2830 2860/2860/2860 2858/2858/2858
f 2830/2830/2830 2832/2832/2832 2862/2862/2862 2860/2860/2860
f 2832/2832/2832 2834/2834/2834 2864/2864/2864 2862/2862/2862
f 2834/2834/2834 2836/2836/2836 2866/2866/2866 2864/2864/2864
f 2836/2836/2836 2838/2838/2838 2868/2868/2868 2866/2866/2866
f 2838/2838/2838 2840/2840/2840 2870/2870/2870 2868/2868/2868
f 2840/2840/2840 2842/2842/2842 2872/2872/2872 2870/2870/2870
f 2842/2842/2842 2844/2844/2844 2874/2874/2874 2872/2872/2872
f 2844/2844/2844 2846/2846/2846 2876/2876/2876 2874/2874/2874
f 2846/2846/2846 2848/2848/2848 2878/2878/2878 2876/2876/2876
f 2848/2848/2848 2850/2850/2850 2880/2880/2880 2878/2878/2878
f 2852/2852/2852 2854/2854/2854 2884/2884/2884 2882/2882/2882
f 2854/2854/2854 2856/2856/2856 2886/2886/2886 2884/2884/2884
f 2856/2856/2856 2858/2858/2858 2888/2888/2888 2886/2886/2886
f 2858/2858/2858 2860/2860/2860 2890/2890/2890 2888/2888/2888
f 2860/2860/2860 2862/2862/2862 2892/2892/2892 2890/2890/2890
f 2862/2862/2862 2864/2864/2864 2894/2894/2894 2892/2892/2892
f 2864/2864/2864 2866/2866/2866 2896/2896/2896 2894/2894/2894
f 2866/2866/2866 2868/2868/2868 2898/2898/2898 2896/2896/2896
f 2868/2868/2868 2870/2870/2870 2900/2900/2900 2898/2898/2898
f 2870/2870/2870 2872/2872/2872 2902/2902/2902 2900/2900/2900
f 2872/2872/2872 2874/2874/2874 2904/2904/2904 2902/2902/2902
f 2874/2874/2874 2876/2876/2876 2906/2906/2906 2904/2904/2904
f 2876/2876/2876 2878/2878/2878 2908/2908/2908 2906/2906/2906
f 2878/2878/2878 2880/2880/2880 2910/2910/2910 2908/2908/2908
f 2882/2882/2882 2884/2884/2884 2914/2914/2914 2912/2912/2912
f 2884/2884/2884 2886/2886/2886 2916/2916/2916 2914/2914/2914
f 2886/2886/2886 2888/2888/2888 2918/2918/2918 2916/2916/2916
f 2888/2888/2888 2890/2890/2890 2920/2920/2920 2918/2918/2918
f 2890/2890/2890 2892/2892/2892 2922/2922/2922 2920/2920/2920
f 2892/2892/2892 2894/2894/2894 2924/2924/2924 2922/2922/2922
f 2894/2894/2894 2896/2896/2896 2926/2926/2926 2924/2924/2924
f 2896/2896/2896 2898/2898/2898 2928/2928/2928 2926/2926/2926
f 2898/2898/2898 2900/2900/2900 2930/2930/2930 2928/2928/2928
f 2900/2900/2900 2902/2902/2902 2932/2932/2932 2930/2930/2930
f 2902/2902/2902 2904/2904/2904 2934/2934/2934 2932/2932/2932
f 2904/2904/2904 2906/2906/2906 2936/2936/2936 2934/2934/2934
f 2906/2906/2906 2908/2908/2908 2938/2938/2938 2936/2936/2936
f 2908/2908/2908 2910/2910/2910 2940/2940/2940 2938/2938/2938
f 2912/2912/2912 2914/2914/2914 2944/2944/2944 2942/2942/2942
f 2914/2914/2914 2916/2916/2916 2946/2946/2946 2944/2944/2944
f 2916/2916/2916 2918/2918/2918 2948/2948/2948 2946/2946/2946
f 2918/2918/2918 2920/2920/2920 2950/2950/2950 2948/2948/2948
f 2920/2920/2920 2922/2922/2922 2952/2952/2952 2950/2950/2950
f 2922/2922/2922 2924/2924/2924 2954/2954/2954 2952/2952/2952
f 2924/2924/2924 2926/2926/2926 2956/2956/2956 2954/2954/2954
f 2926/2926/2926 2928/2928/2928 2958/2958/2958 2956/2956/2956
f 2928/2928/2928 2930/2930/2930 2960/2960/2960 2958/2958/2958
f 2930/2930/2930 2932/2932/2932 2962/2962/2962 2960/2960/2960
f 2932/2932/2932 2934/2934/2934 2964/2964/2964 2962/2962/2962
f 2934/2934/2934 2936/2936/2936 2966/2966/2966 2964/2964/2964
f 2936/2936/2936 2938/2938/2938 2968/2968/2968 2966/2966/2966
f 2938/2938/2938 2940/2940/2940 2970/2970/2970 2968/2968/2968
f 2942/2942/2942 2944/2944/2944 2974/2974/2974 2972/2972/2972
f 2944/2944/2944 2946/2946/2946 2976/2976/2976 2974/2974/2974
f 2946/2946/2946 2948/2948/2948 2978/2978/2978 2976/2976/2976
f 2948/2948/2948 2950/2950/2950 2980/2980/2980 2978/2978/2978
f 2950/2950/2950 2952/2952/2952 2982/2982/2982 2980/2980/2980
f 2952/2952/2952 2954/2954/2954 2984/2984/2984 2982/2982/2982
f 2954/2954/2954 2956/2956/2956 2986/2986/2986 2984/2984/2984
f 2956/2956/2956 2958/2958/2958 2988/2988/2988 2986/2986/2986
f 2958/2958/2958 2960/2960/2960 2990/2990/2990 2988/2988/2988
f 2960/2960/2960 2962/2962/2962 2992/2992/2992 2990/2990/2990
f 2962/2962/2962 2964/2964/2964 2994/2994/2994 2992/2992/2992
f 2964/2964/2964 2966/2966/2966 2996/2996/2996 2994/2994/2994
f 2966/2966/2966 2968/2968/2968 2998/2998/2998 2996/2996/2996
f 2968/2968/2968 2970/2970/2970 3000/3000/3000 2998/2998/2998
f 2251/2251/2251 2252/2252/2252 2282/2282/2282 2281/2281/2281
f 2279/2279/2279 2309/2309/2309 2310/2310/2310 2280/2280/2280
f 2281/2281/2281 2282/2282/2282 2312/2312/2312 2311/2311/2311
f 2309/2309/2309 2339/2339/2339 2340/2340/2340 2310/2310/2310
f 2311/2311/2311 2312/2312/2312 2342/2342/2342 2341/2341/2341
f 2339/2339/2339 2369/2369/2369 2370/2370/2370 2340/2340/2340
f 2341/2341/2341 2342/2342/2342 2372/2372/2372 2371/2371/2371
f 2369/2369/2369 2399/2399/2399 2400/2400/2400 2370/2370/2370
f 2371/2371/2371 2372/2372/2372 2402/2402/2402 2401/2401/2401
f 2399/2399/2399 2429/2429/2429 2430/2430/2430 2400/2400/2400
f 2401/2401/2401 2402/2402/2402 2432/2432/2432 2431/2431/2431
f 2429/2429/2429 2459/2459/2459 2460/2460/2460 2430/2430/2430
f 2431/2431/2431 2432/2432/2432 2462/2462/2462 2461/2461/2461
f 2459/2459/2459 2489/2489/2489 2490/2490/2490 2460/2460/2460
f 2461/2461/2461 2462/2462/2462 2492/2492/2492 2491/2491/2491
f 2489/2489/2489 2519/2519/2519 2520/2520/2520 2490/2490/2490
f 2491/2491/2491 2492/2492/2492 2522/2522/2522 2521/2521/2521
f 2519/2519/2519 2549/2549/2549 2550/2550/2550 2520/2520/2520
f 2521/2521/2521 2522/2522/2522 2552/2552/2552 2551/2551/2551
f 2549/2549/2549 2579/2579/2579 2580/2580/2580 2550/2550/2550
f 2551/2551/2551 2552/2552/2552 2582/2582/2582 2581/2581/2581
f 2579/2579/2579 2609/2609/2609 2610/2610/2610 2580/2580/2580
f 2581/2581/2581 2582/2582/2582 2612/2612/2612 2611/2611/2611
f 2609/2609/2609 2639/2639/2639 2640/2640/2640 2610/2610/2610
f 2611/2611/2611 2612/2612/2612 2642/2642/2642 2641/2641/2641
f 2639/2639/2639 2669/2669/2669 2670/2670/2670 2640/2640/2640
f 2641/2641/2641 2642/2642/2642 2672/2672/2672 2671/2671/2671
f 2669/2669/2669 2699/2699/2699 2700/2700/2700 2670/2670/2670
f 2671/2671/2671 2672/2672/2672 2702/2702/2702 2701/2701/2701
f 2699/2699/2699 2729/2729/2729 2730/2730/2730 2700/2700/2700
f 2701/2701/2701 2702/2702/2702 2732/2732/2732 2731/2731/2731
f 2729/2729/2729 2759/2759/2759 2760/2760/2760 2730/2730/2730
f 2731/2731/2731 2732/2732/2732 2762/2762/2762 2761/2761/2761
f 2759/2759/2759 2789/2789/2789 2790/2790/2790 2760/2760/2760
f 2761/2761/2761 2762/2762/2762 2792/2792/2792 2791/2791/2791
f 2789/2789/2789 2819/2819/2819 2820/2820/2820 2790/2790/2790
f 2791/2791/2791 2792/2792/2792 2822/2822/2822 2821/2821/2821
f 2819/2819/2819 2849/2849/2849 2850/2850/2850 2820/2820/2820
f 2821/2821/2821 2822/2822/2822 2852/2852/2852 2851/2851/2851
f 2849/2849/2849 2879/2879/2879 2880/2880/2880 2850/2850/2850
f 2851/2851/2851 2852/2852/2852 2882/2882/2882 2881/2881/2881
f 2879/2879/2879 2909/2909/2909 2910/2910/2910 2880/2880/2880
f 2881/2881/2881 2882/2882/2882 2912/2912/2912 2911/2911/2911
f 2909/2909/2909 2939/2939/2939 2940/2940/2940 2910/2910/2910
f 2911/2911/2911 2912/2912/2912 2942/2942/2942 2941/2941/2941
f 2939/2939/2939 2969/2969/2969 2970/2970/2970 2940/2940/2940
f 2941/2941/2941 2942/2942/2942 2972/2972/2972 2971/2971/2971
f 2969/2969/2969 2999/2999/2999 3000/3000/3000 2970/2970/2970
f 3001/3001/3001 3031/3031/3031 3033/3033/3033 3003/3003/3003
f 3003/3003/3003 3033/3033/3033 3035/3035/3035 3005/3005/3005
f 3005/3005/3005 3035/3035/3035 3037/3037/3037 3007/3007/3007
f 3007/3007/3007 3037/3037/3037 3039/3039/3039 3009/3009/3009
f 3009/3009/3009 3039/3039/3039 3041/3041/3041 3011/3011/3011
f 3011/3011/3011 3041/3041/3041 3043/3043/3043 3013/3013/3013
f 3013/3013/3013 3043/3043/3043 3045/3045/3045 3015/3015/3015
f 3015/3015/3015 3045/3045/3045 3047/3047/3047 3017/3017/3017
f 3017/3017/3017 3047/3047/3047 3049/3049/3049 3019/3019/3019
f 3019/3019/3019 3049/3049/3049 3051/3051/3051 3021/3021/3021
f 3021/3021/3021 3051/3051/3051 3053/3053/3053 3023/3023/3023
f 3023/3023/3023 3053/3053/3053 3055/3055/3055 3025/3025/3025
f 3025/3025/3025 3055/3055/3055 3057/3057/3057 3027/3027/3027
f 3027/3027/3027 3057/3057/3057 3059/3059/3059 3029/3029/3029
f 3031/3031/3031 3061/3061/3061 3063/3063/3063 3033/3033/3033
f 3033/3033/3033 3063/3063/3063 3065/3065/3065 3035/3035/3035
f 3035/3035/3035 3065/3065/3065 3067/3067/3067 3037/3037/3037
f 3037/3037/3037 3067/3067/3067 3069/3069/3069 3039/3039/3039
f 3039/3039/3039 3069/3069/3069 3071/3071/3071 3041/3041/3041
f 3041/3041/3041 3071/3071/3071 3073/3073/3073 3043/3043/3043
f 3043/3043/3043 3073/3073/3073 3075/3075/3075 3045/3045/3045
f 3045/3045/3045 3075/3075/3075 3077/3077/3077 3047/3047/3047
f 3047/3047/3047 3077/3077/3077 3079/3079/3079 3049/3049/3049
f 3049/3049/3049 3079/3079/3079 3081/3081/3081 3051/3051/3051
f 3051/3051/3051 3081/3081/3081 3083/3083/3083 3053/3053/3053
f 3053/3053/3053 3083/3083/3083 3085/3085/3085 3055/3055/3055
f 3055/3055/3055 3085/3085/3085 3087/3087/3087 3057/3057/3057
f 3057/3057/3057 3087/3087/3087 3089/3089/3089 3059/3059/3059
f 3061/3061/3061 3091/3091/3091 3093/3093/3093 3063/3063/3063
f 3063/3063/3063 3093/3093/3093 3095/3095/3095 3065/3065/3065
f 3065/3065/3065 3095/3095/3095 3097/3097/3097 3067/3067/3067
f 3067/3067/3067 3097/3097/3097 3099/3099/3099 3069/3069/3069
f 3069/3069/3069 3099/3099/3099 3101/3101/3101 3071/3071/3071
f 3071/3071/3071 3101/3101/3101 3103/3103/3103 3073/3073/3073
f 3073/3073/3073 3103/3103/3103 3105/3105/3105 3075/3075/3075
f 3075/3075/3075 3105/3105/3105 3107/3107/3107 3077/3077/3077
f 3077/3077/3077 3107/3107/3107 3109/3109/3109 3079/3079/3079
f 3079/3079/3079 3109/3109/3109 3111/3111/3111 3081/3081/3081
f 3081/3081/3081 3111/3111/3111 3113/3113/3113 3083/3083/3083
f 3083/3083/3083 3113/3113/3113 3115/3115/3115 3085/3085/3085
f 3085/3085/3085 3115/3115/3115 3117/3117/3117 3087/3087/3087
f 3087/3087/3087 3117/3117/3117 3119/3119/3119 3089/3089/3089
f 3091/3091/3091 3121/3121/3121 3123/3123/3123 3093/3093/3093
f 3093/3093/3093 3123/3123/3123 3125/3125/3125 3095/3095/3095
f 3095/3095/3095 3125/3125/3125 3127/3127/3127 3097/3097/3097
f 3097/3097/3097 3127/3127/3127 3129/3129/3129 3099/3099/3099
f 3099/3099/3099 3129/3129/3129 3131/3131/3131 3101/3101/3101
f 3101/3101/3101 3131/3131/3131 3133/3133/3133 3103/3103/3103
f 3103/3103/3103 3133/3133/3133 3135/3135/3135 3105/3105/3105
f 3105/3105/3105 3135/3135/3135 3137/3137/3137 3107/3107/3107
f 3107/3107/3107 3137/3137/3137 3139/3139/3139 3109/3109/3109
f 3109/3109/3109 3139/3139/3139 3141/3141/3141 3111/3111/3111
f 3111/3111/3111 3141/3141/3141 3143/3143/3143 3113/3113/3113
f 3113/3113/3113 3143/3143/3143 3145/3145/3145 3115/3115/3115
f 3115/3115/3115 3145/3145/3145 3147/3147/3147 3117/3117/3117
f 3117/3117/3117 3147/3147/3147 3149/3149/3149 3119/3119/3119
f 3121/3121/3121 3151/3151/3151 3153/3153/3153 3123/3123/3123
f 3123/3123/3123 3153/3153/3153 3155/3155/3155 3125/3125/3125
f 3125/3125/3125 3155/3155/3155 3157/3157/3157 3127/3127/3127
f 3127/3127/3127 3157/3157/3157 3159/3159/3159 3129/3129/3129
f 3129/3129/3129 3159/3159/3159 3161/3161/3161 3131/3131/3131
f 3131/3131/3131 3161/3161/3161 3163/3163/3163 3133/3133/3133
f 3133/3133/3133 3163/3163/3163 3165/3165/3165 3135/3135/3135
f 3135/3135/3135 3165/3165/3165 3167/3167/3167 3137/3137/3137
f 3137/3137/3137 3167/3167/3167 3169/3169/3169 3139/3139/3139
f 3139/3139/3139 3169/3169/3169 3171/3171/3171 3141/3141/3141
f 3141/3141/3141 3171/3171/3171 3173/3173/3173 3143/3143/3143
f 3143/3143/3143 3173/3173/3173 3175/3175/3175 3145/3145/3145
f 3145/3145/3145 3175/3175/3175 3177/3177/3177 3147/3147/3147
f 3147/3147/3147 3177/3177/3177 3179/3179/3179 3149/3149/3149
f 3151/3151/3151 3181/3181/3181 3183/3183/3183 3153/3153/3153
f 3153/3153/3153 3183/3183/3183 3185/3185/3185 3155/3155/3155
f 3155/3155/3155 3185/3185/3185 3187/3187/3187 3157/3157/3157
f 3157/3157/3157 3187/3187/3187 3189/3189/3189 3159/3159/3159
f 3159/3159/3159 3189/3189/3189 3191/3191/3191 3161/3161/3161
f 3161/3161/3161 3191/3191/3191 3193/3193/3193 3163/3163/3163
f 3163/3163/3163 3193/3193/3193 3195/3195/3195 3165/3165/3165
f 3165/3165/3165 3195/3195/3195 3197/3197/3197 3167/3167/3167
f 3167/3167/3167 3197/3197/3197 3199/3199/3199 3169/3169/3169
f 3169/3169/3169 3199/3199/3199 3201/3201/3201 3171/3171/3171
f 3171/3171/3171 3201/3201/3201 3203/3203/3203 3173/3173/3173
f 3173/3173/3173 3203/3203/3203 3205/3205/3205 3175/3175/3175
f 3175/3175/3175 3205/3205/3205 3207/3207/3207 3177/3177/3177
f 3177/3177/3177 3207/3207/3207 3209/3209/3209 3179/3179/3179
f 3181/3181/3181 3211/3211/3211 3213/3213/3213 3183/3183/3183
f 3183/3183/3183 3213/3213/3213 3215/3215/3215 3185/3185/3185
f 3185/3185/3185 3215/3215/3215 3217/3217/3217 3187/3187/3187
f 3187/3187/3187 3217/3217/3217 3219/3219/3219 3189/3189/3189
f 3189/3189/3189 3219/3219/3219 3221/3221/3221 3191/3191/3191
f 3191/3191/3191 3221/3221/3221 3223/3223/3223 3193/3193/3193
f 3193/3193/3193 3223/3223/3223 3225/3225/3225 3195/3195/3195
f 3195/3195/3195 3225/3225/3225 3227/3227/3227 3197/3197/3197
f 3197/3197/3197 3227/3227/3227 3229/3229/3229 3199/3199/3199
f 3199/3199/3199 3229/3229/3229 3231/3231/3231 3201/3201/3201
f 3201/3201/3201 3231/3231/3231 3233/3233/3233 3203/3203/3203
f 3203/3203/3203 3233/3233/3233 3235/3235/3235 3205/3205/3205
f 3205/3205/3205 3235/3235/3235 3237/3237/3237 3207/3207/3207
f 3207/3207/3207 3237/3237/3237 3239/3239/3239 3209/3209/3209
f 3211/3211/3211 3241/3241/3241 3243/3243/3243 3213/3213/3213
f 3213/3213/3213 3243/3243/3243 3245/3245/3245 3215/3215/3215
f 3215/3215/3215 3245/3245/3245 3247/3247/3247 3217/3217/3217
f 3217/3217/3217 3247/3247/3247 3249/3249/3249 3219/3219/3219
f 3219/3219/3219 3249/3249/3249 3251/3251/3251 3221/3221/3221
f 3221/3221/3221 3251/3251/3251 3253/3253/3253 3223/3223/3223
f 3223/3223/3223 3253/3253/3253 3255/3255/3255 3225/3225/3225
f 3225/3225/3225 3255/3255/3255 3257/3257/3257 3227/3227/3227
f 3227/3227/3227 3257/3257/3257 3259/3259/3259 3229/3229/3229
f 3229/3229/3229 3259/3259/3259 3261/3261/3261 3231/3231/3231
f 3231/3231/3231 3261/3261/3261 3263/3263/3263 3233/3233/3233
f 3233/3233/3233 3263/3263/3263 3265/3265/3265 3235/3235/3235
f 3235/3235/3235 3265/3265/3265 3267/3267/3267 3237/3237/3237
f 3237/3237/3237 3267/3267/3267 3269/3269/3269 3239/3239/3239
f 3241/3241/3241 3271/3271/3271 3273/3273/3273 3243/3243/3243
f 3243/3243/3243 3273/3273/3273 3275/3275/3275 3245/3245/3245
f 3245/3245/3245 3275/3275/3275 3277/3277/3277 3247/3247/3247
f 3247/3247/3247 3277/3277/3277 3279/3279/3279 3249/3249/3249
f 3249/3249/3249 3279/3279/3279 3281/3281/3281 3251/3251/3251
f 3251/3251/3251 3281/3281/3281 3283/3283/3283 3253/3253/3253
f 3253/3253/3253 3283/3283/3283 3285/3285/3285 3255/3255/3255
f 3255/3255/3255 3285/3285/3285 3287/3287/3287 3257/3257/3257
f 3257/3257/3257 3287/3287/3287 3289/3289/3289 3259/3259/3259
f 3259/3259/3259 3289/3289/3289 3291/3291/3291 3261/3261/3261
f 3261/3261/3261 3291/3291/3291 3293/3293/3293 3263/3263/3263
f 3263/3263/3263 3293/3293/3293 3295/3295/3295 3265/3265/3265
f 3265/3265/3265 3295/3295/3295 3297/3297/3297 3267/3267/3267
f 3267/3267/3267 3297/3297/3297 3299/3299/3299 3269/3269/3269
f 3271/3271/3271 3301/3301/3301 3303/3303/3303 3273/3273/3273
f 3273/3273/3273 3303/3303/3303 3305/3305/3305 3275/3275/3275
f 3275/3275/3275 3305/3305/3305 3307/3307/3307 3277/3277/3277
f 3277/3277/3277 3307/3307/3307 3309/3309/3309 3279/3279/3279
f 3279/3279/3279 3309/3309/3309 3311/3311/3311 3281/3281/3281
f 3281/3281/3281 3311/3311/3311 3313/3313/3313 3283/3283/3283
f 3283/3283/3283 3313/3313/3313 3315/3315/3315 3285/3285/3285
f 3285/3285/3285 3315/3315/3315 3317/3317/3317 3287/3287/3287
f 3287/3287/3287 3317/3317/3317 3319/3319/3319 3289/3289/3289
f 3289/3289/3289 3319/3319/3319 3321/3321/3321 3291/3291/3291
f 3291/3291/3291 3321/3321/3321 3323/3323/3323 3293/3293/3293
f 3293/3293/3293 3323/3323/3323 3325/3325/3325 3295/3295/3295
f 3295/3295/3295 3325/3325/3325 3327/3327/3327 3297/3297/3297
f 3297/3297/3297 3327/3327/3327 3329/3329/3329 3299/3299/3299
f 3301/3301/3301 3331/3331/3331 3333/3333/3333 3303/3303/3303
f 3303/3303/3303 3333/3333/3333 3335/3335/3335 3305/3305/3305
f 3305/3305/3305 3335/3335/3335 3337/3337/3337 3307/3307/3307
f 3307/3307/3307 3337/3337/3337 3339/3339/3339 3309/3309/3309
f 3309/3309/3309 3339/3339/3339 3341/3341/3341 3311/3311/3311
f 3311/3311/3311 3341/3341/3341 3343/3343/3343 3313/3313/3313
f 3313/3313/3313 3343/3343/3343 3345/3345/3345 3315/3315/3315
f 3315/3315/3315 3345/3345/3345 3347/3347/3347 3317/3317/3317
f 3317/3317/3317 3347/3347/3347 3349/3349/3349 3319/3319/3319
f 3319/3319/3319 3349/3349/3349 3351/3351/3351 3321/3321/3321
f 3321/3321/3321 3351/3351/3351 3353/3353/3353 3323/3323/3323
f 3323/3323/3323 3353/3353/3353 3355/3355/3355 3325/3325/3325
f 3325/3325/3325 3355/3355/3355 3357/3357/3357 3327/3327/3327
f 3327/3327/3327 3357/3357/3357 3359/3359/3359 3329/3329/3329
f 3331/3331/3331 3361/3361/3361 3363/3363/3363 3333/3333/3333
f 3333/3333/3333 3363/3363/3363 3365/3365/3365 3335/3335/3335
f 3335/3335/3335 3365/3365/3365 3367/3367/3367 3337/3337/3337
f 3337/3337/3337 3367/3367/3367 3369/3369/3369 3339/3339/3339
f 3339/3339/3339 3369/3369/3369 3371/3371/3371 3341/3341/3341
f 3341/3341/3341 3371/3371/3371 3373/3373/3373 3343/3343/3343
f 3343/3343/3343 3373/3373/3373 3375/3375/3375 3345/3345/3345
f 3345/3345/3345 3375/3375/3375 3377/3377/3377 3347/3347/3347
f 3347/3347/3347 3377/3377/3377 3379/3379/3379 3349/3349/3349
f 3349/3349/3349 3379/3379/3379 3381/3381/3381 3351/3351/3351
f 3351/3351/3351 3381/3381/3381 3383/3383/3383 3353/3353/3353
f 3353/3353/3353 3383/3383/3383 3385/3385/3385 3355/3355/3355
f 3355/3355/3355 3385/3385/3385 3387/3387/3387 3357/3357/3357
f 3357/3357/3357 3387/3387/3387 3389/3389/3389 3359/3359/3359
f 3361/3361/3361 3391/3391/3391 3393/3393/3393 3363/3363/3363
f 3363/3363/3363 3393/3393/3393 3395/3395/3395 3365/3365/3365
f 3365/3365/3365 3395/3395/3395 3397/3397/3397 3367/3367/3367
f 3367/3367/3367 3397/3397/3397 3399/3399/3399 3369/3369/3369
f 3369/3369/3369 3399/3399/3399 3401/3401/3401 3371/3371/3371
f 3371/3371/3371 3401/3401/3401 3403/3403/3403 3373/3373/3373
f 3373/3373/3373 3403/3403/3403 3405/3405/3405 3375/3375/3375
f 3375/3375/3375 3405/3405/3405 3407/3407/3407 3377/3377/3377
f 3377/3377/3377 3407/3407/3407 3409/3409/3409 3379/3379/3379
f 3379/3379/3379 3409/3409/3409 3411/3411/3411 3381/3381/3381
f 3381/3381/3381 3411/3411/3411 3413/3413/3413 3383/3383/3383
f 3383/3383/3383 3413/3413/3413 3415/3415/3415 3385/3385/3385
f 3385/3385/3385 3415/3415/3415 3417/3417/3417 3387/3387/3387
f 3387/3387/3387 3417/3417/3417 3419/3419/3419 3389/3389/3389
f 3391/3391/3391 3421/3421/3421 3423/3423/3423 3393/3393/3393
f 3393/3393/3393 3423/3423/3423 3425/3425/3425 3395/3395/3395
f 3395/3395/3395 3425/3425/3425 3427/3427/3427 3397/3397/3397
f 3397/3397/3397 3427/3427/3427 3429/3429/3429 3399/3399/3399
f 3399/3399/3399 3429/3429/3429 3431/3431/3431 3401/3401/3401
f 3401/3401/3401 3431/3431/3431 3433/3433/3433 3403/3403/3403
f 3403/3403/3403 3433/3433/3433 3435/3435/3435 3405/3405/3405
f 3405/3405/3405 3435/3435/3435 3437/3437/3437 3407/3407/3407
f 3407/3407/3407 3437/3437/3437 3439/3439/3439 3409/3409/3409
f 3409/3409/3409 3439/3439/3439 3441/3441/3441 3411/3411/3411
f 3411/3411/3411 3441/3441/3441 3443/3443/3443 3413/3413/3413
f 3413/3413/3413 3443/3443/3443 3445/3445/3445 3415/3415/3415
f 3415/3415/3415 3445/3445/3445 3447/3447/3447 3417/3417/3417
f 3417/3417/3417 3447/3447/3447 3449/3449/3449 3419/3419/3419
f 3421/3421/3421 3451/3451/3451 3453/3453/3453 3423/3423/3423
f 3423/3423/3423 3453/3453/3453 3455/3455/3455 3425/3425/3425
f 3425/3425/3425 3455/3455/3455 3457/3457/3457 3427/3427/3427
f 3427/3427/3427 3457/3457/3457 3459/3459/3459 3429/3429/3429
f 3429/3429/3429 3459/3459/3459 3461/3461/3461 3431/3431/3431
f 3431/3431/3431 3461/3461/3461 3463/3463/3463 3433/3433/3433
f 3433/3433/3433 3463/3463/3463 3465/3465/3465 3435/3435/3435
f 3435/3435/3435 3465/3465/3465 3467/3467/3467 3437/3437/3437
f 3437/3437/3437 3467/3467/3467 3469/3469/3469 3439/3439/3439
f 3439/3439/3439 3469/3469/3469 3471/3471/3471 3441/3441/3441
f 3441/3441/3441 3471/3471/3471 3473/3473/3473 3443/3443/3443
f 3443/3443/3443 3473/3473/3473 3475/3475/3475 3445/3445/3445
f 3445/3445/3445 3475/3475/3475 3477/3477/3477 3447/3447/3447
f 3447/3447/3447 3477/3477/3477 3479/3479/3479 3449/3449/3449
f 3451/3451/3451 3481/3481/3481 3483/3483/3483 3453/3453/3453
f 3453/3453/3453 3483/3483/3483 3485/3485/3485 3455/3455/3455
f 3455/3455/3455 3485/3485/3485 3487/3487/3487 3457/3457/3457
f 3457/3457/3457 3487/3487/3487 3489/3489/3489 3459/3459/3459
f 3459/3459/3459 3489/3489/3489 3491/3491/3491 3461/3461/3461
f 3461/3461/3461 3491/3491/3491 3493/3493/3493 3463/3463/3463
f 3463/3463/3463 3493/3493/3493 3495/3495/3495 3465/3465/3465
f 3465/3465/3465 3495/3495/3495 3497/3497/3497 3467/3467/3467
f 3467/3467/3467 3497/3497/3497 3499/3499/3499 3469/3469/3469
f 3469/3469/3469 3499/3499/3499 3501/3501/3501 3471/3471/3471
f 3471/3471/3471 3501/3501/3501 3503/3503/3503 3473/3473/3473
f 3473/3473/3473 3503/3503/3503 3505/3505/3505 3475/3475/3475
f 3475/3475/3475 3505/3505/3505 3507/3507/3507 3477/3477/3477
f 3477/3477/3477 3507/3507/3507 3509/3509/3509 3479/3479/3479
f 3481/3481/3481 3511/3511/3511 3513/3513/3513 3483/3483/3483
f 3483/3483/3483 3513/3513/3513 3515/3515/3515 3485/3485/3485
f 3485/3485/3485 3515/3515/3515 3517/3517/3517 3487/3487/3487
f 3487/3487/3487 3517/3517/3517 3519/3519/3519 3489/3489/3489
f 3489/3489/3489 3519/3519/3519 3521/3521/3521 3491/3491/3491
f 3491/3491/3491 3521/3521/3521 3523/3523/3523 3493/3493/3493
f 3493/3493/3493 3523/3523/3523 3525/3525/3525 3495/3495/3495
f 3495/3495/3495 3525/3525/3525 3527/3527/3527 3497/3497/3497
f 3497/3497/3497 3527/3527/3527 3529/3529/3529 3499/3499/3499
f 3499/3499/3499 3529/3529/3529 3531/3531/3531 3501/3501/3501
f 3501/3501/3501 3531/3531/3531 3533/3533/3533 3503/3503/3503
f 3503/3503/3503 3533/3533/3533 3535/3535/3535 3505/3505/3505
f 3505/3505/3505 3535/3535/3535 3537/3537/3537 3507/3507/3507
f 3507/3507/3507 3537/3537/3537 3539/3539/3539 3509/3509/3509
f 3511/3511/3511 3541/3541/3541 3543/3543/3543 3513/3513/3513
f 3513/3513/3513 3543/3543/3543 3545/3545/3545 3515/3515/3515
f 3515/3515/3515 3545/3545/3545 3547/3547/3547 3517/3517/3517
f 3517/3517/3517 3547/3547/3547 3549/3549/3549 3519/3519/3519
f 3519/3519/3519 3549/3549/3549 3551/3551/3551 3521/3521/3521
f 3521/3521/3521 3551/3551/3551 3553/3553/3553 3523/3523/3523
f 3523/3523/3523 3553/3553/3553 3555/3555/3555 3525/3525/3525
f 3525/3525/3525 3555/3555/3555 3557/3557/3557 3527/3527/3527
f 3527/3527/3527 3557/3557/3557 3559/3559/3559 3529/3529/3529
f 3529/3529/3529 3559/3559/3559 3561/3561/3561 3531/3531/3531
f 3531/3531/3531 3561/3561/3561 3563/3563/3563 3533/3533/3533
f 3533/3533/3533 3563/3563/3563 3565/3565/3565 3535/3535/3535
f 3535/3535/3535 3565/3565/3565 3567/3567/3567 3537/3537/3537
f 3537/3537/3537 3567/3567/3567 3569/3569/3569 3539/3539/3539
f 3541/3541/3541 3571/3571/3571 3573/3573/3573 3543/3543/3543
f 3543/3543/3543 3573/3573/3573 3575/3575/3575 3545/3545/3545
f 3545/3545/3545 3575/3575/3575 3577/3577/3577 3547/3547/3547
f 3547/3547/3547 3577/3577/3577 3579/3579/3579 3549/3549/3549
f 3549/3549/3549 3579/3579/3579 3581/3581/3581 3551/3551/3551
f 3551/3551/3551 3581/3581/3581 3583/3583/3583 3553/3553/3553
f 3553/3553/3553 3583/3583/3583 3585/3585/3585 3555/3555/3555
f 3555/3555/3555 3585/3585/3585 3587/3587/3587 3557/3557/3557
f 3557/3557/3557 3587/3587/3587 3589/3589/3589 3559/3559/3559
f 3559/3559/3559 3589/3589/3589 3591/3591/3591 3561/3561/3561
f 3561/3561/3561 3591/3591/3591 3593/3593/3593 3563/3563/3563
f 3563/3563/3563 3593/3593/3593 3595/3595/3595 3565/3565/3565
f 3565/3565/3565 3595/3595/3595 3597/3597/3597 3567/3567/3567
f 3567/3567/3567 3597/3597/3597 3599/3599/3599 3569/3569/3569
f 3571/3571/3571 3601/3601/3601 3603/3603/3603 3573/3573/3573
f 3573/3573/3573 3603/3603/3603 3605/3605/3605 3575/3575/3575
f 3575/3575/3575 3605/3605/3605 3607/3607/3607 3577/3577/3577
f 3577/3577/3577 3607/3607/3607 3609/3609/3609 3579/3579/3579
f 3579/3579/3579 3609/3609/3609 3611/3611/3611 3581/3581/3581
f 3581/3581/3581 3611/3611/3611 3613/3613/3613 3583/3583/3583
f 3583/3583/3583 3613/3613/3613 3615/3615/3615 3585/3585/3585
f 3585/3585/3585 3615/3615/3615 3617/3617/3617 3587/3587/3587
f 3587/3587/3587 3617/3617/3617 3619/3619/3619 3589/3589/3589
f 3589/3589/3589 3619/3619/3619 3621/3621/3621 3591/3591/3591
f 3591/3591/3591 3621/3621/3621 3623/3623/3623 3593/3593/3593
f 3593/3593/3593 3623/3623/3623 3625/3625/3625 3595/3595/3595
f 3595/3595/3595 3625/3625/3625 3627/3627/3627 3597/3597/3597
f 3597/3597/3597 3627/3627/3627 3629/3629/3629 3599/3599/3599
f 3601/3601/3601 3631/3631/3631 3633/3633/3633 3603/3603/3603
f 3603/3603/3603 3633/3633/3633 3635/3635/3635 3605/3605/3605
f 3605/3605/3605 3635/3635/3635 3637/3637/3637 3607/3607/3607
f 3607/3607/3607 3637/3637/3637 3639/3639/3639 3609/3609/3609
f 3609/3609/3609 3639/3639/3639 3641/3641/3641 3611/3611/3611
f 3611/3611/3611 3641/3641/3641 3643/3643/3643 3613/3613/3613
f 3613/3613/3613 3643/3643/3643 3645/3645/3645 3615/3615/3615
f 3615/3615/3615 3645/3645/3645 3647/3647/3647 3617/3617/3617
f 3617/3617/3617 3647/3647/3647 3649/3649/3649 3619/3619/3619
f 3619/3619/3619 3649/3649/3649 3651/3651/3651 3621/3621/3621
f 3621/3621/3621 3651/3651/3651 3653/3653/3653 3623/3623/3623
f 3623/3623/3623 3653/3653/3653 3655/3655/3655 3625/3625/3625
f 3625/3625/3625 3655/3655/3655 3657/3657/3657 3627/3627/3627
f 3627/3627/3627 3657/3657/3657 3659/3659/3659 3629/3629/3629
f 3631/3631/3631 3661/3661/3661 3663/3663/3663 3633/3633/3633
f 3633/3633/3633 3663/3663/3663 3665/3665/3665 3635/3635/3635
f 3635/3635/3635 3665/3665/3665 3667/3667/3667 3637/3637/3637
f 3637/3637/3637 3667/3667/3667 3669/3669/3669 3639/3639/3639
f 3639/3639/3639 3669/3669/3669 3671/3671/3671 3641/3641/3641
f 3641/3641/3641 3671/3671/3671 3673/3673/3673 3643/3643/3643
f 3643/3643/3643 3673/3673/3673 3675/3675/3675 3645/3645/3645
f 3645/3645/3645 3675/3675/3675 3677/3677/3677 3647/3647/3647
f 3647/3647/3647 3677/3677/3677 3679/3679/3679 3649/3649/3649
f 3649/3649/3649 3679/3679/3679 3681/3681/3681 3651/3651/3651
f 3651/3651/3651 3681/3681/3681 3683/3683/3683 3653/3653/3653
f 3653/3653/3653 3683/3683/3683 3685/3685/3685 3655/3655/3655
f 3655/3655/3655 3685/3685/3685 3687/3687/3687 3657/3657/3657
f 3657/3657/3657 3687/3687/3687 3689/3689/3689 3659/3659/3659
f 3661/3661/3661 3691/3691/3691 3693/3693/3693 3663/3663/3663
f 3663/3663/3663 3693/3693/3693 3695/3695/3695 3665/3665/3665
f 3665/3665/3665 3695/3695/3695 3697/3697/3697 3667/3667/3667
f 3667/3667/3667 3697/3697/3697 3699/3699/3699 3669/3669/3669
f 3669/3669/3669 3699/3699/3699 3701/3701/3701 3671/3671/3671
f 3671/3671/3671 3701/3701/3701 3703/3703/3703 3673/3673/3673
f 3673/3673/3673 3703/3703/3703 3705/3705/3705 3675/3675/3675
f 3675/3675/3675 3705/3705/3705 3707/3707/3707 3677/3677/3677
f 3677/3677/3677 3707/3707/3707 3709/3709/3709 3679/3679/3679
f 3679/3679/3679 3709/3709/3709 3711/3711/3711 3681/3681/3681
f 3681/3681/3681 3711/3711/3711 3713/3713/3713 3683/3683/3683
f 3683/3683/3683 3713/3713/3713 3715/3715/3715 3685/3685/3685
f 3685/3685/3685 3715/3715/3715 3717/3717/3717 3687/3687/3687
f 3687/3687/3687 3717/3717/3717 3719/3719/3719 3689/3689/3689
f 3691/3691/3691 3721/3721/3721 3723/3723/3723 3693/3693/3693
f 3693/3693/3693 3723/3723/3723 3725/3725/3725 3695/3695/3695
f 3695/3695/3695 3725/3725/3725 3727/3727/3727 3697/3697/3697
f 3697/3697/3697 3727/3727/3727 3729/3729/3729 3699/3699/3699
f 3699/3699/3699 3729/3729/3729 3731/3731/3731 3701/3701/3701
f 3701/3701/3701 3731/3731/3731 3733/3733/3733 3703/3703/3703
f 3703/3703/3703 3733/3733/3733 3735/3735/3735 3705/3705/3705
f 3705/3705/3705 3735/3735/3735 3737/3737/3737 3707/3707/3707
f 3707/3707/3707 3737/3737/3737 3739/3739/3739 3709/3709/3709
f 3709/3709/3709 3739/3739/3739 3741/3741/3741 3711/3711/3711
f 3711/3711/3711 3741/3741/3741 3743/3743/3743 3713/3713/3713
f 3713/3713/3713 3743/3743/3743 3745/3745/3745 3715/3715/3715
f 3715/3715/3715 3745/3745/3745 3747/3747/3747 3717/3717/3717
f 3717/3717/3717 3747/3747/3747 3749/3749/3749 3719/3719/3719
f 3002/3002/3002 3004/3004/3004 3034/3034/3034 3032/3032/3032
f 3004/3004/3004 3006/3006/3006 3036/3036/3036 3034/3034/3034
f 3006/3006/3006 3008/3008/3008 3038/3038/3038 3036/3036/3036
f 3008/3008/3008 3010/3010/3010 3040/3040/3040 3038/3038/3038
f 3010/3010/3010 3012/3012/3012 3042/3042/3042 3040/3040/3040
f 3012/3012/3012 3014/3014/3014 3044/3044/3044 3042/3042/3042
f 3014/3014/3014 3016/3016/3016 3046/3046/3046 3044/3044/3044
f 3016/3016/3016 3018/3018/3018 3048/3048/3048 3046/3046/3046
f 3018/3018/3018 3020/3020/3020 3050/3050/3050 3048/3048/3048
f 3020/3020/3020 3022/3022/3022 3052/3052/3052 3050/3050/3050
f 3022/3022/3022 3024/3024/3024 3054/3054/3054 3052/3052/3052
f 3024/3024/3024 3026/3026/3026 3056/3056/3056 3054/3054/3054
f 3026/3026/3026 3028/3028/3028 3058/3058/3058 3056/3056/3056
f 3028/3028/3028 3030/3030/3030 3060/3060/3060 3058/3058/3058
f 3032/3032/3032 3034/3034/3034 3064/3064/3064 3062/3062/3062
f 3034/3034/3034 3036/3036/3036 3066/3066/3066 3064/3064/3064
f 3036/3036/3036 3038/3038/3038 3068/3068/3068 3066/3066/3066
f 3038/3038/3038 3040/3040/3040 3070/3070/3070 3068/3068/3068
f 3040/3040/3040 3042/3042/3042 3072/3072/3072 3070/3070/3070
f 3042/3042/3042 3044/3044/3044 3074/3074/3074 3072/3072/3072
f 3044/3044/3044 3046/3046/3046 3076/3076/3076 3074/3074/3074
f 3046/3046/3046 3048/3048/3048 3078/3078/3078 3076/3076/3076
f 3048/3048/3048 3050/3050/3050 3080/3080/3080 3078/3078/3078
f 3050/3050/3050 3052/3052/3052 3082/3082/3082 3080/3080/3080
f 3052/3052/3052 3054/3054/3054 3084/3084/3084 3082/3082/3082
f 3054/3054/3054 3056/3056/3056 3086/3086/3086 3084/3084/3084
f 3056/3056/3056 3058/3058/3058 3088/3088/3088 3086/3086/3086
f 3058/3058/3058 3060/3060/3060 3090/3090/3090 3088/3088/3088
f 3062/3062/3062 3064/3064/3064 3094/3094/3094 3092/3092/3092
f 3064/3064/3064 3066/3066/3066 3096/3096/3096 3094/3094/3094
f 3066/3066/3066 3068/3068/3068 3098/3098/3098 3096/3096/3096
f 3068/3068/3068 3070/3070/3070 3100/3100/3100 3098/3098/3098
f 3070/3070/3070 3072/3072/3072 3102/3102/3102 3100/3100/3100
f 3072/3072/3072 3074/3074/3074 3104/3104/3104 3102/3102/3102
f 3074/3074/3074 3076/3076/3076 3106/3106/3106 3104/3104/3104
f 3076/3076/3076 3078/3078/3078 3108/3108/3108 3106/3106/3106
f 3078/3078/3078 3080/3080/3080 3110/3110/3110 3108/3108/3108
f 3080/3080/3080 3082/3082/3082 3112/3112/3112 3110/3110/3110
f 3082/3082/3082 3084/3084/3084 3114/3114/3114 3112/3112/3112
f 3084/3084/3084 3086/3086/3086 3116/3116/3116 3114/3114/3114
f 3086/3086/3086 3088/3088/3088 3118/3118/3118 3116/3116/3116
f 3088/3088/3088 3090/3090/3090 3120/3120/3120 3118/3118/3118
f 3092/3092/3092 3094/3094/3094 3124/3124/3124 3122/3122/3122
f 3094/3094/3094 3096/3096/3096 3126/3126/3126 3124/3124/3124
f 3096/3096/3096 3098/3098/3098 3128/3128/3128 3126/3126/3126
f 3098/3098/3098 3100/3100/3100 3130/3130/3130 3128/3128/3128
f 3100/3100/3100 3102/3102/3102 3132/3132/3132 3130/3130/3130
f 3102/3102/3102 3104/3104/3104 3134/3134/3134 3132/3132/3132
f 3104/3104/3104 3106/3106/3106 3136/3136/3136 3134/3134/3134
f 3106/3106/3106 3108/3108/3108 3138/3138/3138 3136/3136/3136
f 3108/3108/3108 3110/3110/3110 3140/3140/3140 3138/3138/3138
f 3110/3110/3110 3112/3112/3112 3142/3142/3142 3140/3140/3140
f 3112/3112/3112 3114/3114/3114 3144/3144/3144 3142/3142/3142
f 3114/3114/3114 3116/3116/3116 3146/3146/3146 3144/3144/3144
f 3116/3116/3116 3118/3118/3118 3148/3148/3148 3146/3146/3146
f 3118/3118/3118 3120/3120/3120 3150/3150/3150 3148/3148/3148
f 3122/3122/3122 3124/3124/3124 3154/3154/3154 3152/3152/3152
f 3124/3124/3124 3126/3126/3126 3156/3156/3156 3154/3154/3154
f 3126/3126/3126 3128/3128/3128 3158/3158/3158 3156/3156/3156
f 3128/3128/3128 3130/3130/3130 3160/3160/3160 3158/3158/3158
f 3130/3130/3130 3132/3132/3132 3162/3162/3162 3160/3160/3160
f 3132/3132/3132 3134/3134/3134 3164/3164/3164 3162/3162/3162
f 3134/3134/3134 3136/3136/3136 3166/3166/3166 3164/3164/3164
f 3136/3136/3136 3138/3138/3138 3168/3168/3168 3166/3166/3166
f 3138/3138/3138 3140/3140/3140 3170/3170/3170 3168/3168/3168
f 3140/3140/3140 3142/3142/3142 3172/3172/3172 3170/3170/3170
f 3142/3142/3142 3144/3144/3144 3174/3174/3174 3172/3172/3172
f 3144/3144/3144 3146/3146/3146 3176/3176/3176 3174/3174/3174
f 3146/3146/3146 3148/3148/3148 3178/3178/3178 3176/3176/3176
f 3148/3148/3148 3150/3150/3150 3180/3180/3180 3178/3178/3178
f 3152/3152/3152 3154/3154/3154 3184/3184/3184 3182/3182/3182
f 3154/3154/3154 3156/3156/3156 3186/3186/3186 3184/3184/3184
f 3156/3156/3156 3158/3158/3158 3188/3188/3188 3186/3186/3186
f 3158/3158/3158 3160/3160/3160 3190/3190/3190 3188/3188/3188
f 3160/3160/3160 3162/3162/3162 3192/3192/3192 3190/3190/3190
f 3162/3162/3162 3164/3164/3164 3194/3194/3194 3192/3192/3192
f 3164/3164/3164 3166/3166/3166 3196/3196/3196 3194/3194/3194
f 3166/3166/3166 3168/3168/3168 3198/3198/3198 3196/3196/3196
f 3168/3168/3168 3170/3170/3170 3200/3200/3200 3198/3198/3198
f 3170/3170/3170 3172/3172/3172 3202/3202/3202 3200/3200/3200
f 3172/3172/3172 3174/3174/3174 3204/3204/3204 3202/3202/3202
f 3174/3174/3174 3176/3176/3176 3206/3206/3206 3204/3204/3204
f 3176/3176/3176 3178/3178/3178 3208/3208/3208 3206/3206/3206
f 3178/3178/3178 3180/3180/3180 3210/3210/3210 3208/3208/3208
f 3182/3182/3182 3184/3184/3184 3214/3214/3214 3212/3212/3212
f 3184/3184/3184 3186/3186/3186 3216/3216/3216 3214/3214/3214
f 3186/3186/3186 3188/3188/3188 3218/3218/3218 3216/3216/3216
f 3188/3188/3188 3190/3190/3190 3220/3220/3220 3218/3218/3218
f 3190/3190/3190 3192/3192/3192 3222/3222/3222 3220/3220/3220
f 3192/3192/3192 3194/3194/3194 3224/3224/3224 3222/3222/3222
f 3194/3194/3194 3196/3196/3196 3226/3226/3226 3224/3224/3224
f 3196/3196/3196 3198/3198/3198 3228/3228/3228 3226/3226/3226
f 3198/3198/3198 3200/3200/3200 3230/3230/3230 3228/3228/3228
f 3200/3200/3200 3202/3202/3202 3232/3232/3232 3230/3230/3230
f 3202/3202/3202 3204/3204/3204 3234/3234/3234 3232/3232/3232
f 3204/3204/3204 3206/3206/3206 3236/3236/3236 3234/3234/3234
f 3206/3206/3206 3208/3208/3208 3238/3238/3238 3236/3236/3236
f 3208/3208/3208 3210/3210/3210 3240/3240/3240 3238/3238/3238
f 3212/3212/3212 3214/3214/3214 3244/3244/3244 3242/3242/3242
f 3214/3214/3214 3216/3216/3216 3246/3246/3246 3244/3244/3244
f 3216/3216/3216 3218/3218/3218 3248/3248/3248 3246/3246/3246
f 3218/3218/3218 3220/3220/3220 3250/3250/3250 3248/3248/3248
f 3220/3220/3220 3222/3222/3222 3252/3252/3252 3250/3250/3250
f 3222/3222/3222 3224/3224/3224 3254/3254/3254 3252/3252/3252
f 3224/3224/3224 3226/3226/3226 3256/3256/3256 3254/3254/3254
f 3226/3226/3226 3228/3228/3228 3258/3258/3258 3256/3256/3256
f 3228/3228/3228 3230/3230/3230 3260/3260/3260 3258/3258/3258
f 3230/3230/3230 3232/3232/3232 3262/3262/3262 3260/3260/3260
f 3232/3232/3232 3234/3234/3234 3264/3264/3264 3262/3262/3262
f 3234/3234/3234 3236/3236/3236 3266/3266/3266 3264/3264/3264
f 3236/3236/3236 3238/3238/3238 3268/3268/3268 3266/3266/3266
f 3238/3238/3238 3240/3240/3240 3270/3270/3270 3268/3268/3268
f 3242/3242/3242 3244/3244/3244 3274/3274/3274 3272/3272/3272
f 3244/3244/3244 3246/3246/3246 3276/3276/3276 3274/3274/3274
f 3246/3246/3246 3248/3248/3248 3278/3278/3278 3276/3276/3276
f 3248/3248/3248 3250/3250/3250 3280/3280/3280 3278/3278/3278
f 3250/3250/3250 3252/3252/3252 3282/3282/3282 3280/3280/3280
f 3252/3252/3252 3254/3254/3254 3284/3284/3284 3282/3282/3282
f 3254/3254/3254 3256/3256/3256 3286/3286/3286 3284/3284/3284
f 3256/3256/3256 3258/3258/3258 3288/3288/3288 3286/3286/3286
f 3258/3258/3258 3260/3260/3260 3290/3290/3290 3288/3288/3288
f 3260/3260/3260 3262/3262/3262 3292/3292/3292 3290/3290/3290
f 3262/3262/3262 3264/3264/3264 3294/3294/3294 3292/3292/3292
f 3264/3264/3264 3266/3266/3266 3296/3296/3296 3294/3294/3294
f 3266/3266/3266 3268/3268/3268 3298/3298/3298 3296/3296/3296
f 3268/3268/3268 3270/3270/3270 3300/3300/3300 3298/3298/3298
f 3272/3272/3272 3274/3274/3274 3304/3304/3304 3302/3302/3302
f 3274/3274/3274 3276/3276/3276 3306/3306/3306 3304/3304/3304
f 3276/3276/3276 3278/3278/3278 3308/3308/3308 3306/3306/3306
f 3278/3278/3278 3280/3280/3280 3310/3310/3310 3308/3308/3308
f 3280/3280/3280 3282/3282/3282 3312/3312/3312 3310/3310/3310
f 3282/3282/3282 3284/3284/3284 3314/3314/3314 3312/3312/3312
f 3284/3284/3284 3286/3286/3286 3316/3316/3316 3314/3314/3314
f 3286/3286/3286 3288/3288/3288 3318/3318/3318 3316/3316/3316
f 3288/3288/3288 3290/3290/3290 3320/3320/3320 3318/3318/3318
f 3290/3290/3290 3292/3292/3292 3322/3322/3322 3320/3320/3320
f 3292/3292/3292 3294/3294/3294 3324/3324/3324 3322/3322/3322
f 3294/3294/3294 3296/3296/3296 3326/3326/3326 3324/3324/3324
f 3296/3296/3296 3298/3298/3298 3328/3328/3328 3326/3326/3326
f 3298/3298/3298 3300/3300/3300 3330/3330/3330 3328/3328/3328
f 3302/3302/3302 3304/3304/3304 3334/3334/3334 3332/3332/3332
f 3304/3304/3304 3306/3306/3306 3336/3336/3336 3334/3334/3334
f 3306/3306/3306 3308/3308/3308 3338/3338/3338 3336/3336/3336
f 3308/3308/3308 3310/3310/3310 3340/3340/3340 3338/3338/3338
f 3310/3310/3310 3312/3312/3312 3342/3342/3342 3340/3340/3340
f 3312/3312/3312 3314/3314/3314 3344/3344/3344 3342/3342/3342
f 3314/3314/3314 3316/3316/3316 3346/3346/3346 3344/3344/3344
f 3316/3316/3316 3318/3318/3318 3348/3348/3348 3346/3346/3346
f 3318/3318/3318 3320/3320/3320 3350/3350/3350 3348/3348/3348
f 3320/3320/3320 3322/3322/3322 3352/3352/3352 3350/3350/3350
f 3322/3322/3322 3324/3324/3324 3354/3354/3354 3352/3352/3352
f 3324/3324/3324 3326/3326/3326 3356/3356/3356 3354/3354/3354
f 3326/3326/3326 3328/3328/3328 3358/3358/3358 3356/3356/3356
f 3328/3328/3328 3330/3330/3330 3360/3360/3360 3358/3358/3358
f 3332/3332/3332 3334/3334/3334 3364/3364/3364 3362/3362/3362
f 3334/3334/3334 3336/3336/3336 3366/3366/3366 3364/3364/3364
f 3336/3336/3336 3338/3338/3338 3368/3368/3368 3366/3366/3366
f 3338/3338/3338 3340/3340/3340 3370/3370/3370 3368/3368/3368
f 3340/3340/3340 3342/3342/3342 3372/3372/3372 3370/3370/3370
f 3342/3342/3342 3344/3344/3344 3374/3374/3374 3372/3372/3372
f 3344/3344/3344 3346/3346/3346 3376/3376/3376 3374/3374/3374
f 3346/3346/3346 3348/3348/3348 3378/3378/3378 3376/3376/3376
f 3348/3348/3348 3350/3350/3350 3380/3380/3380 3378/3378/3378
f 3350/3350/3350 3352/3352/3352 3382/3382/3382 3380/3380/3380
f 3352/3352/3352 3354/3354/3354 3384/3384/3384 3382/3382/3382
f 3354/3354/3354 3356/3356/3356 3386/3386/3386 3384/3384/3384
f 3356/3356/3356 3358/3358/3358 3388/3388/3388 3386/3386/3386
f 3358/3358/3358 3360/3360/3360 3390/3390/3390 3388/3388/3388
f 3362/3362/3362 3364/3364/3364 3394/3394/3394 3392/3392/3392
f 3364/3364/3364 3366/3366/3366 3396/3396/3396 3394/3394/3394
f 3366/3366/3366 3368/3368/3368 3398/3398/3398 3396/3396/3396
f 3368/3368/3368 3370/3370/3370 3400/3400/3400 3398/3398/3398
f 3370/3370/3370 3372/3372/3372 3402/3402/3402 3400/3400/3400
f 3372/3372/3372 3374/3374/3374 3404/3404/3404 3402/3402/3402
f 3374/3374/3374 3376/3376/3376 3406/3406/3406 3404/3404/3404
f 3376/3376/3376 3378/3378/3378 3408/3408/3408 3406/3406/3406
f 3378/3378/3378 3380/3380/3380 3410/3410/3410 3408/3408/3408
f 3380/3380/3380 3382/3382/3382 3412/3412/3412 3410/3410/3410
f 3382/3382/3382 3384/3384/3384 3414/3414/3414 3412/3412/3412
f 3384/3384/3384 3386/3386/3386 3416/3416/3416 3414/3414/3414
f 3386/3386/3386 3388/3388/3388 3418/3418/3418 3416/3416/3416
f 3388/3388/3388 3390/3390/3390 3420/3420/3420 3418/3418/3418
f 3392/3392/3392 3394/3394/3394 3424/3424/3424 3422/3422/3422
f 3394/3394/3394 3396/3396/3396 3426/3426/3426 3424/3424/3424
f 3396/3396/3396 3398/3398/3398 3428/3428/3428 3426/3426/3426
f 3398/3398/3398 3400/3400/3400 3430/3430/3430 3428/3428/3428
f 3400/3400/3400 3402/3402/3402 3432/3432/3432 3430/3430/3430
f 3402/3402/3402 3404/3404/3404 3434/3434/3434 3432/3432/3432
f 3404/3404/3404 3406/3406/3406 3436/3436/3436 3434/3434/3434
f 3406/3406/3406 3408/3408/3408 3438/3438/3438 3436/3436/3436
f 3408/3408/3408 3410/3410/3410 3440/3440/3440 3438/3438/3438
f 3410/3410/3410 3412/3412/3412 3442/3442/3442 3440/3440/3440
f 3412/3412/3412 3414/3414/3414 3444/3444/3444 3442/3442/3442
f 3414/3414/3414 3416/3416/3416 3446/3446/3446 3444/3444/3444
f 3416/3416/3416 3418/3418/3418 3448/3448/3448 3446/3446/3446
f 3418/3418/3418 3420/3420/3420 3450/3450/3450 3448/3448/3448
f 3422/3422/3422 3424/3424/3424 3454/3454/3454 3452/3452/3452
f 3424/3424/3424 3426/3426/3426 3456/3456/3456 3454/3454/3454
f 3426/3426/3426 3428/3428/3428 3458/3458/3458 3456/3456/3456
f 3428/3428/3428 3430/3430/3430 3460/3460/3460 3458/3458/3458
f 3430/3430/3430 3432/3432/3432 3462/3462/3462 3460/3460/3460
f 3432/3432/3432 3434/3434/3434 3464/3464/3464 3462/3462/3462
f 3434/3434/3434 3436/3436/3436 3466/3466/3466 3464/3464/3464
f 3436/3436/3436 3438/3438/3438 3468/3468/3468 3466/3466/3466
f 3438/3438/3438 3440/3440/3440 3470/3470/3470 3468/3468/3468
f 3440/3440/3440 3442/3442/3442 3472/3472/3472 3470/3470/3470
f 3442/3442/3442 3444/3444/3444 3474/3474/3474 3472/3472/3472
f 3444/3444/3444 3446/3446/3446 3476/3476/3476 3474/3474/3474
f 3446/3446/3446 3448/3448/3448 3478/3478/3478 3476/3476/3476
f 3448/3448/3448 3450/3450/3450 3480/3480/3480 3478/3478/3478
f 3452/3452/3452 3454/3454/3454 3484/3484/3484 3482/3482/3482
f 3454/3454/3454 3456/3456/3456 3486/3486/3486 3484/3484/3484
f 3456/3456/3456 3458/3458/3458 3488/3488/3488 3486/3486/3486
f 3458/3458/3458 3460/3460/3460 3490/3490/3490 3488/3488/3488
f 3460/3460/3460 3462/3462/3462 3492/3492/3492 3490/3490/3490
f 3462/3462/3462 3464/3464/3464 3494/3494/3494 3492/3492/3492
f 3464/3464/3464 3466/3466/3466 3496/3496/3496 3494/3494/3494
f 3466/3466/3466 3468/3468/3468 3498/3498/3498 3496/3496/3496
f 3468/3468/3468 3470/3470/3470 3500/3500/3500 3498/3498/3498
f 3470/3470/3470 3472/3472/3472 3502/3502/3502 3500/3500/3500
f 3472/3472/3472 3474/3474/3474 3504/3504/3504 3502/3502/3502
f 3474/3474/3474 3476/3476/3476 3506/3506/3506 3504/3504/3504
f 3476/3476/3476 3478/3478/3478 3508/3508/3508 3506/3506/3506
f 3478/3478/3478 3480/3480/3480 3510/3510/3510 3508/3508/3508
f 3482/3482/3482 3484/3484/3484 3514/3514/3514 3512/3512/3512
f 3484/3484/3484 3486/3486/3486 3516/3516/3516 3514/3514/3514
f 3486/3486/3486 3488/3488/3488 3518/3518/3518 3516/3516/3516
f 3488/3488/3488 3490/3490/3490 3520/3520/3520 3518/3518/3518
f 3490/3490/3490 3492/3492/3492 3522/3522/3522 3520/3520/3520
f 3492/3492/3492 3494/3494/3494 3524/3524/3524 3522/3522/3522
f 3494/3494/3494 3496/3496/3496 3526/3526/3526 3524/3524/3524
f 3496/3496/3496 3498/3498/3498 3528/3528/3528 3526/3526/3526
f 3498/3498/3498 3500/3500/3500 3530/3530/3530 3528/3528/3528
f 3500/3500/3500 3502/3502/3502 3532/3532/3532 3530/3530/3530
f 3502/3502/3502 3504/3504/3504 3534/3534/3534 3532/3532/3532
f 3504/3504/3504 3506/3506/3506 3536/3536/3536 3534/3534/3534
f 3506/3506/3506 3508/3508/3508 3538/3538/3538 3536/3536/3536
f 3508/3508/3508 3510/3510/3510 3540/3540/3540 3538/3538/3538
f 3512/3512/3512 3514/3514/3514 3544/3544/3544 3542/3542/3542
f 3514/3514/3514 3516/3516/3516 3546/3546/3546 3544/3544/3544
f 3516/3516/3516 3518/3518/3518 3548/3548/3548 3546/3546/3546
f 3518/3518/3518 3520/3520/3520 3550/3550/3550 3548/3548/3548
f 3520/3520/3520 3522/3522/3522 3552/3552/3552 3550/3550/3550
f 3522/3522/3522 3524/3524/3524 3554/3554/3554 3552/3552/3552
f 3524/3524/3524 3526/3526/3526 3556/3556/3556 3554/3554/3554
f 3526/3526/3526 3528/3528/3528 3558/3558/3558 3556/3556/3556
f 3528/3528/3528 3530/3530/3530 3560/3560/3560 3558/3558/3558
f 3530/3530/3530 3532/3532/3532 3562/3562/3562 3560/3560/3560
f 3532/3532/3532 3534/3534/3534 3564/3564/3564 3562/3562/3562
f 3534/3534/3534 3536/3536/3536 3566/3566/3566 3564/3564/3564
f 3536/3536/3536 3538/3538/3538 3568/3568/3568 3566/3566/3566
f 3538/3538/3538 3540/3540/3540 3570/3570/3570 3568/3568/3568
f 3542/3542/3542 3544/3544/3544 3574/3574/3574 3572/3572/3572
f 3544/3544/3544 3546/3546/3546 3576/3576/3576 3574/3574/3574
f 3546/3546/3546 3548/3548/3548 3578/3578/3578 3576/3576/3576
f 3548/3548/3548 3550/3550/3550 3580/3580/3580 3578/3578/3578
f 3550/3550/3550 3552/3552/3552 3582/3582/3582 3580/3580/3580
f 3552/3552/3552 3554/3554/3554 3584/3584/3584 3582/3582/3582
f 3554/3554/3554 3556/3556/3556 3586/3586/3586 3584/3584/3584
f 3556/3556/3556 3558/3558/3558 3588/3588/3588 3586/3586/3586
f 3558/3558/3558 3560/3560/3560 3590/3590/3590 3588/3588/3588
f 3560/3560/3560 3562/3562/3562 3592/3592/3592 3590/3590/3590
f 3562/3562/3562 3564/3564/3564 3594/3594/3594 3592/3592/3592
f 3564/3564/3564 3566/3566/3566 3596/3596/3596 3594/3594/3594
f 3566/3566/3566 3568/3568/3568 3598/3598/3598 3596/3596/3596
f 3568/3568/3568 3570/3570/3570 3600/3600/3600 3598/3598/3598
f 3572/3572/3572 3574/3574/3574 3604/3604/3604 3602/3602/3602
f 3574/3574/3574 3576/3576/3576 3606/3606/3606 3604/3604/3604
f 3576/3576/3576 3578/3578/3578 3608/3608/3608 3606/3606/3606
f 3578/3578/3578 3580/3580/3580 3610/3610/3610 3608/3608/3608
f 3580/3580/3580 3582/3582/3582 3612/3612/3612 3610/3610/3610
f 3582/3582/3582 3584/3584/3584 3614/3614/3614 3612/3612/3612
f 3584/3584/3584 3586/3586/3586 3616/3616/3616 3614/3614/3614
f 3586/3586/3586 3588/3588/3588 3618/3618/3618 3616/3616/3616
f 3588/3588/3588 3590/3590/3590 3620/3620/3620 3618/3618/3618
f 3590/3590/3590 3592/3592/3592 3622/3622/3622 3620/3620/3620
f 3592/3592/3592 3594/3594/3594 3624/3624/3624 3622/3622/3622
f 3594/3594/3594 3596/3596/3596 3626/3626/3626 3624/3624/3624
f 3596/3596/3596 3598/3598/3598 3628/3628/3628 3626/3626/3626
f 3598/3598/3598 3600/3600/3600 3630/3630/3630 3628/3628/3628
f 3602/3602/3602 3604/3604/3604 3634/3634/3634 3632/3632/3632
f 3604/3604/3604 3606/3606/3606 3636/3636/3636 3634/3634/3634
f 3606/3606/3606 3608/3608/3608 3638/3638/3638 3636/3636/3636
f 3608/3608/3608 3610/3610/3610 3640/3640/3640 3638/3638/3638
f 3610/3610/3610 3612/3612/3612 3642/3642/3642 3640/3640/3640
f 3612/3612/3612 3614/3614/3614 3644/3644/3644 3642/3642/3642
f 3614/3614/3614 3616/3616/3616 3646/3646/3646 3644/3644/3644
f 3616/3616/3616 3618/3618/3618 3648/3648/3648 3646/3646/3646
f 3618/3618/3618 3620/3620/3620 3650/3650/3650 3648/3648/3648
f 3620/3620/3620 3622/3622/3622 3652/3652/3652 3650/3650/3650
f 3622/3622/3622 3624/3624/3624 3654/3654/3654 3652/3652/3652
f 3624/3624/3624 3626/3626/3626 3656/3656/3656 3654/3654/3654
f 3626/3626/3626 3628/3628/3628 3658/3658/3658 3656/3656/3656
f 3628/3628/3628 3630/3630/3630 3660/3660/3660 3658/3658/3658
f 3632/3632/3632 3634/3634/3634 3664/3664/3664 3662/3662/3662
f 3634/3634/3634 3636/3636/3636 3666/3666/3666 3664/3664/3664
f 3636/3636/3636 3638/3638/3638 3668/3668/3668 3666/3666/3666
f 3638/3638/3638 3640/3640/3640 3670/3670/3670 3668/3668/3668
f 3640/3640/3640 3642/3642/3642 3672/3672/3672 3670/3670/3670
f 3642/3642/3642 3644/3644/3644 3674/3674/3674 3672/3672/3672
f 3644/3644/3644 3646/3646/3646 3676/3676/3676 3674/3674/3674
f 3646/3646/3646 3648/3648/3648 3678/3678/3678 3676/3676/3676
f 3648/3648/3648 3650/3650/3650 3680/3680/3680 3678/3678/3678
f 3650/3650/3650 3652/3652/3652 3682/3682/3682 3680/3680/3680
f 3652/3652/3652 3654/3654/3654 3684/3684/3684 3682/3682/3682
f 3654/3654/3654 3656/3656/3656 3686/3686/3686 3684/3684/3684
f 3656/3656/3656 3658/3658/3658 3688/3688/3688 3686/3686/3686
f 3658/3658/3658 3660/3660/3660 3690/3690/3690 3688/3688/3688
f 3662/3662/3662 3664/3664/3664 3694/3694/3694 3692/3692/3692
f 3664/3664/3664 3666/3666/3666 3696/3696/3696 3694/3694/3694
f 3666/3666/3666 3668/3668/3668 3698/3698/3698 3696/3696/3696
f 3668/3668/3668 3670/3670/3670 3700/3700/3700 3698/3698/3698
f 3670/3670/3670 3672/3672/3672 3702/3702/3702 3700/3700/3700
f 3672/3672/3672 3674/3674/3674 3704/3704/3704 3702/3702/3702
f 3674/3674/3674 3676/3676/3676 3706/3706/3706 3704/3704/3704
f 3676/3676/3676 3678/3678/3678 3708/3708/3708 3706/3706/3706
f 3678/3678/3678 3680/3680/3680 3710/3710/3710 3708/3708/3708
f 3680/3680/3680 3682/3682/3682 3712/3712/3712 3710/3710/3710
f 3682/3682/3682 3684/3684/3684 3714/3714/3714 3712/3712/3712
f 3684/3684/3684 3686/3686/3686 3716/3716/3716 3714/3714/3714
f 3686/3686/3686 3688/3688/3688 3718/3718/3718 3716/3716/3716
f 3688/3688/3688 3690/3690/3690 3720/3720/3720 3718/3718/3718
f 3692/3692/3692 3694/3694/3694 3724/3724/3724 3722/3722/3722
f 3694/3694/3694 3696/3696/3696 3726/3726/3726 3724/3724/3724
f 3696/3696/3696 3698/3698/3698 3728/3728/3728 3726/3726/3726
f 3698/3698/3698 3700/3700/3700 3730/3730/3730 3728/3728/3728
f 3700/3700/3700 3702/3702/3702 3732/3732/3732 3730/3730/3730
f 3702/3702/3702 3704/3704/3704 3734/3734/3734 3732/3732/3732
f 3704/3704/3704 3706/3706/3706 3736/3736/3736 3734/3734/3734
f 3706/3706/3706 3708/3708/3708 3738/3738/3738 3736/3736/3736
f 3708/3708/3708 3710/3710/3710 3740/3740/3740 3738/3738/3738
f 3710/3710/3710 3712/3712/3712 3742/3742/3742 3740/3740/3740
f 3712/3712/3712 3714/3714/3714 3744/3744/3744 3742/3742/3742
f 3714/3714/3714 3716/3716/3716 3746/3746/3746 3744/3744/3744
f 3716/3716/3716 3718/3718/3718 3748/3748/3748 3746/3746/3746
f 3718/3718/3718 3720/3720/3720 3750/3750/3750 3748/3748/3748
f 3001/3001/3001 3002/3002/3002 3032/3032/3032 3031/3031/3031
f 3029/3029/3029 3059/3059/3059 3060/3060/3060 3030/3030/3030
f 3031/3031/3031 3032/3032/3032 3062/3062/3062 3061/3061/3061
f 3059/3059/3059 3089/3089/3089 3090/3090/3090 3060/3060/3060
f 3061/3061/3061 3062/3062/3062 3092/3092/3092 3091/3091/3091
f 3089/3089/3089 3119/3119/3119 3120/3120/3120 3090/3090/3090
f 3091/3091/3091 3092/3092/3092 3122/3122/3122 3121/3121/3121
f 3119/3119/3119 3149/3149/3149 3150/3150/3150 3120/3120/3120
f 3121/3121/3121 3122/3122/3122 3152/3152/3152 3151/3151/3151
f 3149/3149/3149 3179/3179/3179 3180/3180/3180 3150/3150/3150
f 3151/3151/3151 3152/3152/3152 3182/3182/3182 3181/3181/3181
f 3179/3179/3179 3209/3209/3209 3210/3210/3210 3180/3180/3180
f 3181/3181/3181 3182/3182/3182 3212/3212/3212 3211/3211/3211
f 3209/3209/3209 3239/3239/3239 3240/3240/3240 3210/3210/3210
f 3211/3211/3211 3212/3212/3212 3242/3242/3242 3241/3241/3241
f 3239/3239/3239 3269/3269/3269 3270/3270/3270 3240/3240/3240
f 3241/3241/3241 3242/3242/3242 3272/3272/3272 3271/3271/3271
f 3269/3269/3269 3299/3299/3299 3300/3300/3300 3270/3270/3270
f 3271/3271/3271 3272/3272/3272 3302/3302/3302 3301/3301/3301
f 3299/3299/3299 3329/3329/3329 3330/3330/3330 3300/3300/3300
f 3301/3301/3301 3302/3302/3302 3332/3332/3332 3331/3331/3331
f 3329/3329/3329 3359/3359/3359 3360/3360/3360 3330/3330/3330
f 3331/3331/3331 3332/3332/3332 3362/3362/3362 3361/3361/3361
f 3359/3359/3359 3389/3389/3389 3390/3390/3390 3360/3360/3360
f 3361/3361/3361 3362/3362/3362 3392/3392/3392 3391/3391/3391
f 3389/3389/3389 3419/3419/3419 3420/3420/3420 3390/3390/3390
f 3391/3391/3391 3392/3392/3392 3422/3422/3422 3421/3421/3421
f 3419/3419/3419 3449/3449/3449 3450/3450/3450 3420/3420/3420
f 3421/3421/3421 3422/3422/3422 3452/3452/3452 3451/3451/3451
f 3449/3449/3449 3479/3479/3479 3480/3480/3480 3450/3450/3450
f 3451/3451/3451 3452/3452/3452 3482/3482/3482 3481/3481/3481
f 3479/3479/3479 3509/3509/3509 3510/3510/3510 3480/3480/3480
f 3481/3481/3481 3482/3482/3482 3512/3512/3512 3511/3511/3511
f 3509/3509/3509 3539/3539/3539 3540/3540/3540 3510/3510/3510
f 3511/3511/3511 3512/3512/3512 3542/3542/3542 3541/3541/3541
f 3539/3539/3539 3569/3569/3569 3570/3570/3570 3540/3540/3540
f 3541/3541/3541 3542/3542/3542 3572/3572/3572 3571/3571/3571
f 3569/3569/3569 3599/3599/3599 3600/3600/3600 3570/3570/3570
f 3571/3571/3571 3572/3572/3572 3602/3602/3602 3601/3601/3601
f 3599/3599/3599 3629/3629/3629 3630/3630/3630 3600/3600/3600
f 3601/3601/3601 3602/3602/3602 3632/3632/3632 3631/3631/3631
f 3629/3629/3629 3659/3659/3659 3660/3660/3660 3630/3630/3630
f 3631/3631/3631 3632/3632/3632 3662/3662/3662 3661/3661/3661
f 3659/3659/3659 3689/3689/3689 3690/3690/3690 3660/3660/3660
f 3661/3661/3661 3662/3662/3662 3692/3692/3692 3691/3691/3691
f 3689/3689/3689 3719/3719/3719 3720/3720/3720 3690/3690/3690
f 3691/3691/3691 3692/3692/3692 3722/3722/3722 3721/3721/3721
f 3719/3719/3719 3749/3749/3749 3750/3750/3750 3720/3720/3720
f 3751/3751/3751 3781/3781/3781 3783/3783/3783 3753/3753/3753
f 3753/3753/3753 3783/3783/3783 3785/3785/3785 3755/3755/3755
f 3755/3755/3755 3785/3785/3785 3787/3787/3787 3757/3757/3757
f 3757/3757/3757 3787/3787/3787 3789/3789/3789 3759/3759/3759
f 3759/3759/3759 3789/3789/3789 3791/3791/3791 3761/3761/3761
f 3761/3761/3761 3791/3791/3791 3793/3793/3793 3763/3763/3763
f 3763/3763/3763 3793/3793/3793 3795/3795/3795 3765/3765/3765
f 3765/3765/3765 3795/3795/3795 3797/3797/3797 3767/3767/3767
f 3767/3767/3767 3797/3797/3797 3799/3799/3799 3769/3769/3769
f 3769/3769/3769 3799/3799/3799 3801/3801/3801 3771/3771/3771
f 3771/3771/3771 3801/3801/3801 3803/3803/3803 3773/3773/3773
f 3773/3773/3773 3803/3803/3803 3805/3805/3805 3775/3775/3775
f 3775/3775/3775 3805/3805/3805 3807/3807/3807 3777/3777/3777
f 3777/3777/3777 3807/3807/3807 3809/3809/3809 3779/3779/3779
f 3781/3781/3781 3811/3811/3811 3813/3813/3813 3783/3783/3783
f 3783/3783/3783 3813/3813/3813 3815/3815/3815 3785/3785/3785
f 3785/3785/3785 3815/3815/3815 3817/3817/3817 3787/3787/3787
f 3787/3787/3787 3817/3817/3817 3819/3819/3819 3789/3789/3789
f 3789/3789/3789 3819/3819/3819 3821/3821/3821 3791/3791/3791
f 3791/3791/3791 3821/3821/3821 3823/3823/3823 3793/3793/3793
f 3793/3793/3793 3823/3823/3823 3825/3825/3825 3795/3795/3795
f 3795/3795/3795 3825/3825/3825 3827/3827/3827 3797/3797/3797
f 3797/3797/3797 3827/3827/3827 3829/3829/3829 3799/3799/3799
f 3799/3799/3799 3829/3829/3829 3831/3831/3831 3801/3801/3801
f 3801/3801/3801 3831/3831/3831 3833/3833/3833 3803/3803/3803
f 3803/3803/3803 3833/3833/3833 3835/3835/3835 3805/3805/3805
f 3805/3805/3805 3835/3835/3835 3837/3837/3837 3807/3807/3807
f 3807/3807/3807 3837/3837/3837 3839/3839/3839 3809/3809/3809
f 3811/3811/3811 3841/3841/3841 3843/3843/3843 3813/3813/3813
f 3813/3813/3813 3843/3843/3843 3845/3845/3845 3815/3815/3815
f 3815/3815/3815 3845/3845/3845 3847/3847/3847 3817/3817/3817
f 3817/3817/3817 3847/3847/3847 3849/3849/3849 3819/3819/3819
f 3819/3819/3819 3849/3849/3849 3851/3851/3851 3821/3821/3821
f 3821/3821/3821 3851/3851/3851 3853/3853/3853 3823/3823/3823
f 3823/3823/3823 3853/3853/3853 3855/3855/3855 3825/3825/3825
f 3825/3825/3825 3855/3855/3855 3857/3857/3857 3827/3827/3827
f 3827/3827/3827 3857/3857/3857 3859/3859/3859 3829/3829/3829
f 3829/3829/3829 3859/3859/3859 3861/3861/3861 3831/3831/3831
f 3831/3831/3831 3861/3861/3861 3863/3863/3863 3833/3833/3833
f 3833/3833/3833 3863/3863/3863 3865/3865/3865 3835/3835/3835
f 3835/3835/3835 3865/3865/3865 3867/3867/3867 3837/3837/3837
f 3837/3837/3837 3867/3867/3867 3869/3869/3869 3839/3839/3839
f 3841/3841/3841 3871/3871/3871 3873/3873/3873 3843/3843/3843
f 3843/3843/3843 3873/3873/3873 3875/3875/3875 3845/3845/3845
f 3845/3845/3845 3875/3875/3875 3877/3877/3877 3847/3847/3847
f 3847/3847/3847 3877/3877/3877 3879/3879/3879 3849/3849/3849
f 3849/3849/3849 3879/3879/3879 3881/3881/3881 3851/3851/3851
f 3851/3851/3851 3881/3881/3881 3883/3883/3883 3853/3853/3853
f 3853/3853/3853 3883/3883/3883 3885/3885/3885 3855/3855/3855
f 3855/3855/3855 3885/3885/3885 3887/3887/3887 3857/3857/3857
f 3857/3857/3857 3887/3887/3887 3889/3889/3889 3859/3859/3859
f 3859/3859/3859 3889/3889/3889 3891/3891/3891 3861/3861/3861
f 3861/3861/3861 3891/3891/3891 3893/3893/3893 3863/3863/3863
f 3863/3863/3863 3893/3893/3893 3895/3895/3895 3865/3865/3865
f 3865/3865/3865 3895/3895/3895 3897/3897/3897 3867/3867/3867
f 3867/3867/3867 3897/3897/3897 3899/3899/3899 3869/3869/3869
f 3871/3871/3871 3901/3901/3901 3903/3903/3903 3873/3873/3873
f 3873/3873/3873 3903/3903/3903 3905/3905/3905 3875/3875/3875
f 3875/3875/3875 3905/3905/3905 3907/3907/3907 3877/3877/3877
f 3877/3877/3877 3907/3907/3907 3909/3909/3909 3879/3879/3879
f 3879/3879/3879 3909/3909/3909 3911/3911/3911 3881/3881/3881
f 3881/3881/3881 3911/3911/3911 3913/3913/3913 3883/3883/3883
f 3883/3883/3883 3913/3913/3913 3915/3915/3915 3885/3885/3885
f 3885/3885/3885 3915/3915/3915 3917/3917/3917 3887/3887/3887
f 3887/3887/3887 3917/3917/3917 3919/3919/3919 3889/3889/3889
f 3889/3889/3889 3919/3919/3919 3921/3921/3921 3891/3891/3891
f 3891/3891/3891 3921/3921/3921 3923/3923/3923 3893/3893/3893
f 3893/3893/3893 3923/3923/3923 3925/3925/3925 3895/3895/3895
f 3895/3895/3895 3925/3925/3925 3927/3927/3927 3897/3897/3897
f 3897/3897/3897 3927/3927/3927 3929/3929/3929 3899/3899/3899
f 3901/3901/3901 3931/3931/3931 3933/3933/3933 3903/3903/3903
f 3903/3903/3903 3933/3933/3933 3935/3935/3935 3905/3905/3905
f 3905/3905/3905 3935/3935/3935 3937/3937/3937 3907/3907/3907
f 3907/3907/3907 3937/3937/3937 3939/3939/3939 3909/3909/3909
f 3909/3909/3909 3939/3939/3939 3941/3941/3941 3911/3911/3911
f 3911/3911/3911 3941/3941/3941 3943/3943/3943 3913/3913/3913
f 3913/3913/3913 3943/3943/3943 3945/3945/3945 3915/3915/3915
f 3915/3915/3915 3945/3945/3945 3947/3947/3947 3917/3917/3917
f 3917/3917/3917 3947/3947/3947 3949/3949/3949 3919/3919/3919
f 3919/3919/3919 3949/3949/3949 3951/3951/3951 3921/3921/3921
f 3921/3921/3921 3951/3951/3951 3953/3953/3953 3923/3923/3923
f 3923/3923/3923 3953/3953/3953 3955/3955/3955 3925/3925/3925
f 3925/3925/3925 3955/3955/3955 3957/3957/3957 3927/3927/3927
f 3927/3927/3927 3957/3957/3957 3959/3959/3959 3929/3929/3929
f 3931/3931/3931 3961/3961/3961 3963/3963/3963 3933/3933/3933
f 3933/3933/3933 3963/3963/3963 3965/3965/3965 3935/3935/3935
f 3935/3935/3935 3965/3965/3965 3967/3967/3967 3937/3937/3937
f 3937/3937/3937 3967/3967/3967 3969/3969/3969 3939/3939/3939
f 3939/3939/3939 3969/3969/3969 3971/3971/3971 3941/3941/3941
f 3941/3941/3941 3971/3971/3971 3973/3973/3973 3943/3943/3943
f 3943/3943/3943 3973/3973/3973 3975/3975/3975 3945/3945/3945
f 3945/3945/3945 3975/3975/3975 3977/3977/3977 3947/3947/3947
f 3947/3947/3947 3977/3977/3977 3979/3979/3979 3949/3949/3949
f 3949/3949/3949 3979/3979/3979 3981/3981/3981 3951/3951/3951
f 3951/3951/3951 3981/3981/3981 3983/3983/3983 3953/3953/3953
f 3953/3953/3953 3983/3983/3983 3985/3985/3985 3955/3955/3955
f 3955/3955/3955 3985/3985/3985 3987/3987/3987 3957/3957/3957
f 3957/3957/3957 3987/3987/3987 3989/3989/3989 3959/3959/3959
f 3961/3961/3961 3991/3991/3991 3993/3993/3993 3963/3963/3963
f 3963/3963/3963 3993/3993/3993 3995/3995/3995 3965/3965/3965
f 3965/3965/3965 3995/3995/3995 3997/3997/3997 3967/3967/3967
f 3967/3967/3967 3997/3997/3997 3999/3999/3999 3969/3969/3969
f 3969/3969/3969 3999/3999/3999 4001/4001/4001 3971/3971/3971
f 3971/3971/3971 4001/4001/4001 4003/4003/4003 3973/3973/3973
f 3973/3973/3973 4003/4003/4003 4005/4005/4005 3975/3975/3975
f 3975/3975/3975 4005/4005/4005 4007/4007/4007 3977/3977/3977
f 3977/3977/3977 4007/4007/4007 4009/4009/4009 3979/3979/3979
f 3979/3979/3979 4009/4009/4009 4011/4011/4011 3981/3981/3981
f 3981/3981/3981 4011/4011/4011 4013/4013/4013 3983/3983/3983
f 3983/3983/3983 4013/4013/4013 4015/4015/4015 3985/3985/3985
f 3985/3985/3985 4015/4015/4015 4017/4017/4017 3987/3987/3987
f 3987/3987/3987 4017/4017/4017 4019/4019/4019 3989/3989/3989
f 3991/3991/3991 4021/4021/4021 4023/4023/4023 3993/3993/3993
f 3993/3993/3993 4023/4023/4023 4025/4025/4025 3995/3995/3995
f 3995/3995/3995 4025/4025/4025 4027/4027/4027 3997/3997/3997
f 3997/3997/3997 4027/4027/4027 4029/4029/4029 3999/3999/3999
f 3999/3999/3999 4029/4029/4029 4031/4031/4031 4001/4001/4001
f 4001/4001/4001 4031/4031/4031 4033/4033/4033 4003/4003/4003
f 4003/4003/4003 4033/4033/4033 4035/4035/4035 4005/4005/4005
f 4005/4005/4005 4035/4035/4035 4037/4037/4037 4007/4007/4007
f 4007/4007/4007 4037/4037/4037 4039/4039/4039 4009/4009/4009
f 4009/4009/4009 4039/4039/4039 4041/4041/4041 4011/4011/4011
f 4011/4011/4011 4041/4041/4041 4043/4043/4043 4013/4013/4013
f 4013/4013/4013 4043/4043/4043 4045/4045/4045 4015/4015/4015
f 4015/4015/4015 4045/4045/4045 4047/4047/4047 4017/4017/4017
f 4017/4017/4017 4047/4047/4047 4049/4049/4049 4019/4019/4019
f 4021/4021/4021 4051/4051/4051 4053/4053/4053 4023/4023/4023
f 4023/4023/4023 4053/4053/4053 4055/4055/4055 4025/4025/4025
f 4025/4025/4025 4055/4055/4055 4057/4057/4057 4027/4027/4027
f 4027/4027/4027 4057/4057/4057 4059/4059/4059 4029/4029/4029
f 4029/4029/4029 4059/4059/4059 4061/4061/4061 4031/4031/4031
f 4031/4031/4031 4061/4061/4061 4063/4063/4063 4033/4033/4033
f 4033/4033/4033 4063/4063/4063 4065/4065/4065 4035/4035/4035
f 4035/4035/4035 4065/4065/4065 4067/4067/4067 4037/4037/4037
f 4037/4037/4037 4067/4067/4067 4069/4069/4069 4039/4039/4039
f 4039/4039/4039 4069/4069/4069 4071/4071/4071 4041/4041/4041
f 4041/4041/4041 4071/4071/4071 4073/4073/4073 4043/4043/4043
f 4043/4043/4043 4073/4073/4073 4075/4075/4075 4045/4045/4045
f 4045/4045/4045 4075/4075/4075 4077/4077/4077 4047/4047/4047
f 4047/4047/4047 4077/4077/4077 4079/4079/4079 4049/4049/4049
f 4051/4051/4051 4081/4081/4081 4083/4083/4083 4053/4053/4053
f 4053/4053/4053 4083/4083/4083 4085/4085/4085 4055/4055/4055
f 4055/4055/4055 4085/4085/4085 4087/4087/4087 4057/4057/4057
f 4057/4057/4057 4087/4087/4087 4089/4089/4089 4059/4059/4059
f 4059/4059/4059 4089/4089/4089 4091/4091/4091 4061/4061/4061
f 4061/4061/4061 4091/4091/4091 4093/4093/4093 4063/4063/4063
f 4063/4063/4063 4093/4093/4093 4095/4095/4095 4065/4065/4065
f 4065/4065/4065 4095/4095/4095 4097/4097/4097 4067/4067/4067
f 4067/4067/4067 4097/4097/4097 4099/4099/4099 4069/4069/4069
f 4069/4069/4069 4099/4099/4099 4101/4101/4101 4071/4071/4071
f 4071/4071/4071 4101/4101/4101 4103/4103/4103 4073/4073/4073
f 4073/4073/4073 4103/4103/4103 4105/4105/4105 4075/4075/4075
f 4075/4075/4075 4105/4105/4105 4107/4107/4107 4077/4077/4077
f 4077/4077/4077 4107/4107/4107 4109/4109/4109 4079/4079/4079
f 4081/4081/4081 4111/4111/4111 4113/4113/4113 4083/4083/4083
f 4083/4083/4083 4113/4113/4113 4115/4115/4115 4085/4085/4085
f 4085/4085/4085 4115/4115/4115 4117/4117/4117 4087/4087/4087
f 4087/4087/4087 4117/4117/4117 4119/4119/4119 4089/4089/4089
f 4089/4089/4089 4119/4119/4119 4121/4121/4121 4091/4091/4091
f 4091/4091/4091 4121/4121/4121 4123/4123/4123 4093/4093/4093
f 4093/4093/4093 4123/4123/4123 4125/4125/4125 4095/4095/4095
f 4095/4095/4095 4125/4125/4125 4127/4127/4127 4097/4097/4097
f 4097/4097/4097 4127/4127/4127 4129/4129/4129 4099/4099/4099
f 4099/4099/4099 4129/4129/4129 4131/4131/4131 4101/4101/4101
f 4101/4101/4101 4131/4131/4131 4133/4133/4133 4103/4103/4103
f 4103/4103/4103 4133/4133/4133 4135/4135/4135 4105/4105/4105
f 4105/4105/4105 4135/4135/4135 4137/4137/4137 4107/4107/4107
f 4107/4107/4107 4137/4137/4137 4139/4139/4139 4109/4109/4109
f 4111/4111/4111 4141/4141/4141 4143/4143/4143 4113/4113/4113
f 4113/4113/4113 4143/4143/4143 4145/4145/4145 4115/4115/4115
f 4115/4115/4115 4145/4145/4145 4147/4147/4147 4117/4117/4117
f 4117/4117/4117 4147/4147/4147 4149/4149/4149 4119/4119/4119
f 4119/4119/4119 4149/4149/4149 4151/4151/4151 4121/4121/4121
f 4121/4121/4121 4151/4151/4151 4153/4153/4153 4123/4123/4123
f 4123/4123/4123 4153/4153/4153 4155/4155/4155 4125/4125/4125
f 4125/4125/4125 4155/4155/4155 4157/4157/4157 4127/4127/4127
f 4127/4127/4127 4157/4157/4157 4159/4159/4159 4129/4129/4129
f 4129/4129/4129 4159/4159/4159 4161/4161/4161 4131/4131/4131
f 4131/4131/4131 4161/4161/4161 4163/4163/4163 4133/4133/4133
f 4133/4133/4133 4163/4163/4163 4165/4165/4165 4135/4135/4135
f 4135/4135/4135 4165/4165/4165 4167/4167/4167 4137/4137/4137
f 4137/4137/4137 4167/4167/4167 4169/4169/4169 4139/4139/4139
f 4141/4141/4141 4171/4171/4171 4173/4173/4173 4143/4143/4143
f 4143/4143/4143 4173/4173/4173 4175/4175/4175 4145/4145/4145
f 4145/4145/4145 4175/4175/4175 4177/4177/4177 4147/4147/4147
f 4147/4147/4147 4177/4177/4177 4179/4179/4179 4149/4149/4149
f 4149/4149/4149 4179/4179/4179 4181/4181/4181 4151/4151/4151
f 4151/4151/4151 4181/4181/4181 4183/4183/4183 4153/4153/4153
f 4153/4153/4153 4183/4183/4183 4185/4185/4185 4155/4155/4155
f 4155/4155/4155 4185/4185/4185 4187/4187/4187 4157/4157/4157
f 4157/4157/4157 4187/4187/4187 4189/4189/4189 4159/4159/4159
f 4159/4159/4159 4189/4189/4189 4191/4191/4191 4161/4161/4161
f 4161/4161/4161 4191/4191/4191 4193/4193/4193 4163/4163/4163
f 4163/4163/4163 4193/4193/4193 4195/4195/4195 4165/4165/4165
f 4165/4165/4165 4195/4195/4195 4197/4197/4197 4167/4167/4167
f 4167/4167/4167 4197/4197/4197 4199/4199/4199 4169/4169/4169
f 4171/4171/4171 4201/4201/4201 4203/4203/4203 4173/4173/4173
f 4173/4173/4173 4203/4203/4203 4205/4205/4205 4175/4175/4175
f 4175/4175/4175 4205/4205/4205 4207/4207/4207 4177/4177/4177
f 4177/4177/4177 4207/4207/4207 4209/4209/4209 4179/4179/4179
f 4179/4179/4179 4209/4209/4209 4211/4211/4211 4181/4181/4181
f 4181/4181/4181 4211/4211/4211 4213/4213/4213 4183/4183/4183
f 4183/4183/4183 4213/4213/4213 4215/4215/4215 4185/4185/4185
f 4185/4185/4185 4215/4215/4215 4217/4217/4217 4187/4187/4187
f 4187/4187/4187 4217/4217/4217 4219/4219/4219 4189/4189/4189
f 4189/4189/4189 4219/4219/4219 4221/4221/4221 4191/4191/4191
f 4191/4191/4191 4221/4221/4221 4223/4223/4223 4193/4193/4193
f 4193/4193/4193 4223/4223/4223 4225/4225/4225 4195/4195/4195
f 4195/4195/4195 4225/4225/4225 4227/4227/4227 4197/4197/4197
f 4197/4197/4197 4227/4227/4227 4229/4229/4229 4199/4199/4199
f 4201/4201/4201 4231/4231/4231 4233/4233/4233 4203/4203/4203
f 4203/4203/4203 4233/4233/4233 4235/4235/4235 4205/4205/4205
f 4205/4205/4205 4235/4235/4235 4237/4237/4237 4207/4207/4207
f 4207/4207/4207 4237/4237/4237 4239/4239/4239 4209/4209/4209
f 4209/4209/4209 4239/4239/4239 4241/4241/4241 4211/4211/4211
f 4211/4211/4211 4241/4241/4241 4243/4243/4243 4213/4213/4213
f 4213/4213/4213 4243/4243/4243 4245/4245/4245 4215/4215/4215
f 4215/4215/4215 4245/4245/4245 4247/4247/4247 4217/4217/4217
f 4217/4217/4217 4247/4247/4247 4249/4249/4249 4219/4219/4219
f 4219/4219/4219 4249/4249/4249 4251/4251/4251 4221/4221/4221
f 4221/4221/4221 4251/4251/4251 4253/4253/4253 4223/4223/4223
f 4223/4223/4223 4253/4253/4253 4255/4255/4255 4225/4225/4225
f 4225/4225/4225 4255/4255/4255 4257/4257/4257 4227/4227/4227
f 4227/4227/4227 4257/4257/4257 4259/4259/4259 4229/4229/4229
f 4231/4231/4231 4261/4261/4261 4263/4263/4263 4233/4233/4233
f 4233/4233/4233 4263/4263/4263 4265/4265/4265 4235/4235/4235
f 4235/4235/4235 4265/4265/4265 4267/4267/4267 4237/4237/4237
f 4237/4237/4237 4267/4267/4267 4269/4269/4269 4239/4239/4239
f 4239/4239/4239 4269/4269/4269 4271/4271/4271 4241/4241/4241
f 4241/4241/4241 4271/4271/4271 4273/4273/4273 4243/4243/4243
f 4243/4243/4243 4273/4273/4273 4275/4275/4275 4245/4245/4245
f 4245/4245/4245 4275/4275/4275 4277/4277/4277 4247/4247/4247
f 4247/4247/4247 4277/4277/4277 4279/4279/4279 4249/4249/4249
f 4249/4249/4249 4279/4279/4279 4281/4281/4281 4251/4251/4251
f 4251/4251/4251 4281/4281/4281 4283/4283/4283 4253/4253/4253
f 4253/4253/4253 4283/4283/4283 4285/4285/4285 4255/4255/4255
f 4255/4255/4255 4285/4285/4285 4287/4287/4287 4257/4257/4257
f 4257/4257/4257 4287/4287/4287 4289/4289/4289 4259/4259/4259
f 4261/4261/4261 4291/4291/4291 4293/4293/4293 4263/4263/4263
f 4263/4263/4263 4293/4293/4293 4295/4295/4295 4265/4265/4265
f 4265/4265/4265 4295/4295/4295 4297/4297/4297 4267/4267/4267
f 4267/4267/4267 4297/4297/4297 4299/4299/4299 4269/4269/4269
f 4269/4269/4269 4299/4299/4299 4301/4301/4301 4271/4271/4271
f 4271/4271/4271 4301/4301/4301 4303/4303/4303 4273/4273/4273
f 4273/4273/4273 4303/4303/4303 4305/4305/4305 4275/4275/4275
f 4275/4275/4275 4305/4305/4305 4307/4307/4307 4277/4277/4277
f 4277/4277/4277 4307/4307/4307 4309/4309/4309 4279/4279/4279
f 4279/4279/4279 4309/4309/4309 4311/4311/4311 4281/4281/4281
f 4281/4281/4281 4311/4311/4311 4313/4313/4313 4283/4283/4283
f 4283/4283/4283 4313/4313/4313 4315/4315/4315 4285/4285/4285
f 4285/4285/4285 4315/4315/4315 4317/4317/4317 4287/4287/4287
f 4287/4287/4287 4317/4317/4317 4319/4319/4319 4289/4289/4289
f 4291/4291/4291 4321/4321/4321 4323/4323/4323 4293/4293/4293
f 4293/4293/4293 4323/4323/4323 4325/4325/4325 4295/4295/4295
f 4295/4295/4295 4325/4325/4325 4327/4327/4327 4297/4297/4297
f 4297/4297/4297 4327/4327/4327 4329/4329/4329 4299/4299/4299
f 4299/4299/4299 4329/4329/4329 4331/4331/4331 4301/4301/4301
f 4301/4301/4301 4331/4331/4331 4333/4333/4333 4303/4303/4303
f 4303/4303/4303 4333/4333/4333 4335/4335/4335 4305/4305/4305
f 4305/4305/4305 4335/4335/4335 4337/4337/4337 4307/4307/4307
f 4307/4307/4307 4337/4337/4337 4339/4339/4339 4309/4309/4309
f 4309/4309/4309 4339/4339/4339 4341/4341/4341 4311/4311/4311
f 4311/4311/4311 4341/4341/4341 4343/4343/4343 4313/4313/4313
f 4313/4313/4313 4343/4343/4343 4345/4345/4345 4315/4315/4315
f 4315/4315/4315 4345/4345/4345 4347/4347/4347 4317/4317/4317
f 4317/4317/4317 4347/4347/4347 4349/4349/4349 4319/4319/4319
f 4321/4321/4321 4351/4351/4351 4353/4353/4353 4323/4323/4323
f 4323/4323/4323 4353/4353/4353 4355/4355/4355 4325/4325/4325
f 4325/4325/4325 4355/4355/4355 4357/4357/4357 4327/4327/4327
f 4327/4327/4327 4357/4357/4357 4359/4359/4359 4329/4329/4329
f 4329/4329/4329 4359/4359/4359 4361/4361/4361 4331/4331/4331
f 4331/4331/4331 4361/4361/4361 4363/4363/4363 4333/4333/4333
f 4333/4333/4333 4363/4363/4363 4365/4365/4365 4335/4335/4335
f 4335/4335/4335 4365/4365/4365 4367/4367/4367 4337/4337/4337
f 4337/4337/4337 4367/4367/4367 4369/4369/4369 4339/4339/4339
f 4339/4339/4339 4369/4369/4369 4371/4371/4371 4341/4341/4341
f 4341/4341/4341 4371/4371/4371 4373/4373/4373 4343/4343/4343
f 4343/4343/4343 4373/4373/4373 4375/4375/4375 4345/4345/4345
f 4345/4345/4345 4375/4375/4375 4377/4377/4377 4347/4347/4347
f 4347/4347/4347 4377/4377/4377 4379/4379/4379 4349/4349/4349
f 4351/4351/4351 4381/4381/4381 4383/4383/4383 4353/4353/4353
f 4353/4353/4353 4383/4383/4383 4385/4385/4385 4355/4355/4355
f 4355/4355/4355 4385/4385/4385 4387/4387/4387 4357/4357/4357
f 4357/4357/4357 4387/4387/4387 4389/4389/4389 4359/4359/4359
f 4359/4359/4359 4389/4389/4389 4391/4391/4391 4361/4361/4361
f 4361/4361/4361 4391/4391/4391 4393/4393/4393 4363/4363/4363
f 4363/4363/4363 4393/4393/4393 4395/4395/4395 4365/4365/4365
f 4365/4365/4365 4395/4395/4395 4397/4397/4397 4367/4367/4367
f 4367/4367/4367 4397/4397/4397 4399/4399/4399 4369/4369/4369
f 4369/4369/4369 4399/4399/4399 4401/4401/4401 4371/4371/4371
f 4371/4371/4371 4401/4401/4401 4403/4403/4403 4373/4373/4373
f 4373/4373/4373 4403/4403/4403 4405/4405/4405 4375/4375/4375
f 4375/4375/4375 4405/4405/4405 4407/4407/4407 4377/4377/4377
f 4377/4377/4377 4407/4407/4407 4409/4409/4409 4379/4379/4379
f 4381/4381/4381 4411/4411/4411 4413/4413/4413 4383/4383/4383
f 4383/4383/4383 4413/4413/4413 4415/4415/4415 4385/4385/4385
f 4385/4385/4385 4415/4415/4415 4417/4417/4417 4387/4387/4387
f 4387/4387/4387 4417/4417/4417 4419/4419/4419 4389/4389/4389
f 4389/4389/4389 4419/4419/4419 4421/4421/4421 4391/4391/4391
f 4391/4391/4391 4421/4421/4421 4423/4423/4423 4393/4393/4393
f 4393/4393/4393 4423/4423/4423 4425/4425/4425 4395/4395/4395
f 4395/4395/4395 4425/4425/4425 4427/4427/4427 4397/4397/4397
f 4397/4397/4397 4427/4427/4427 4429/4429/4429 4399/4399/4399
f 4399/4399/4399 4429/4429/4429 4431/4431/4431 4401/4401/4401
f 4401/4401/4401 4431/4431/4431 4433/4433/4433 4403/4403/4403
f 4403/4403/4403 4433/4433/4433 4435/4435/4435 4405/4405/4405
f 4405/4405/4405 4435/4435/4435 4437/4437/4437 4407/4407/4407
f 4407/4407/4407 4437/4437/4437 4439/4439/4439 4409/4409/4409
f 4411/4411/4411 4441/4441/4441 4443/4443/4443 4413/4413/4413
f 4413/4413/4413 4443/4443/4443 4445/4445/4445 4415/4415/4415
f 4415/4415/4415 4445/4445/4445 4447/4447/4447 4417/4417/4417
f 4417/4417/4417 4447/4447/4447 4449/4449/4449 4419/4419/4419
f 4419/4419/4419 4449/4449/4449 4451/4451/4451 4421/4421/4421
f 4421/4421/4421 4451/4451/4451 4453/4453/4453 4423/4423/4423
f 4423/4423/4423 4453/4453/4453 4455/4455/4455 4425/4425/4425
f 4425/4425/4425 4455/4455/4455 4457/4457/4457 4427/4427/4427
f 4427/4427/4427 4457/4457/4457 4459/4459/4459 4429/4429/4429
f 4429/4429/4429 4459/4459/4459 4461/4461/4461 4431/4431/4431
f 4431/4431/4431 4461/4461/4461 4463/4463/4463 4433/4433/4433
f 4433/4433/4433 4463/4463/4463 4465/4465/4465 4435/4435/4435
f 4435/4435/4435 4465/4465/4465 4467/4467/4467 4437/4437/4437
f 4437/4437/4437 4467/4467/4467 4469/4469/4469 4439/4439/4439
f 4441/4441/4441 4471/4471/4471 4473/4473/4473 4443/4443/4443
f 4443/4443/4443 4473/4473/4473 4475/4475/4475 4445/4445/4445
f 4445/4445/4445 4475/4475/4475 4477/4477/4477 4447/4447/4447
f 4447/4447/4447 4477/4477/4477 4479/4479/4479 4449/4449/4449
f 4449/4449/4449 4479/4479/4479 4481/4481/4481 4451/4451/4451
f 4451/4451/4451 4481/4481/4481 4483/4483/4483 4453/4453/4453
f 4453/4453/4453 4483/4483/4483 4485/4485/4485 4455/4455/4455
f 4455/4455/4455 4485/4485/4485 4487/4487/4487 4457/4457/4457
f 4457/4457/4457 4487/4487/4487 4489/4489/4489 4459/4459/4459
f 4459/4459/4459 4489/4489/4489 4491/4491/4491 4461/4461/4461
f 4461/4461/4461 4491/4491/4491 4493/4493/4493 4463/4463/4463
f 4463/4463/4463 4493/4493/4493 4495/4495/4495 4465/4465/4465
f 4465/4465/4465 4495/4495/4495 4497/4497/4497 4467/4467/4467
f 4467/4467/4467 4497/4497/4497 4499/4499/4499 4469/4469/4469
f 3752/3752/3752 3754/3754/3754 3784/3784/3784 3782/3782/3782
f 3754/3754/3754 3756/3756/3756 3786/3786/3786 3784/3784/3784
f 3756/3756/3756 3758/3758/3758 3788/3788/3788 3786/3786/3786
f 3758/3758/3758 3760/3760/3760 3790/3790/3790 3788/3788/3788
f 3760/3760/3760 3762/3762/3762 3792/3792/3792 3790/3790/3790
f 3762/3762/3762 3764/3764/3764 3794/3794/3794 3792/3792/3792
f 3764/3764/3764 3766/3766/3766 3796/3796/3796 3794/3794/3794
f 3766/3766/3766 3768/3768/3768 3798/3798/3798 3796/3796/3796
f 3768/3768/3768 3770/3770/3770 3800/3800/3800 3798/3798/3798
f 3770/3770/3770 3772/3772/3772 3802/3802/3802 3800/3800/3800
f 3772/3772/3772 3774/3774/3774 3804/3804/3804 3802/3802/3802
f 3774/3774/3774 3776/3776/3776 3806/3806/3806 3804/3804/3804
f 3776/3776/3776 3778/3778/3778 3808/3808/3808 3806/3806/3806
f 3778/3778/3778 3780/3780/3780 3810/3810/3810 3808/3808/3808
f 3782/3782/3782 3784/3784/3784 3814/3814/3814 3812/3812/3812
f 3784/3784/3784 3786/3786/3786 3816/3816/3816 3814/3814/3814
f 3786/3786/3786 3788/3788/3788 3818/3818/3818 3816/3816/3816
f 3788/3788/3788 3790/3790/3790 3820/3820/3820 3818/3818/3818
f 3790/3790/3790 3792/3792/3792 3822/3822/3822 3820/3820/3820
f 3792/3792/3792 3794/3794/3794 3824/3824/3824 3822/3822/3822
f 3794/3794/3794 3796/3796/3796 3826/3826/3826 3824/3824/3824
f 3796/3796/3796 3798/3798/3798 3828/3828/3828 3826/3826/3826
f 3798/3798/3798 3800/3800/3800 3830/3830/3830 3828/3828/3828
f 3800/3800/3800 3802/3802/3802 3832/3832/3832 3830/3830/3830
f 3802/3802/3802 3804/3804/3804 3834/3834/3834 3832/3832/3832
f 3804/3804/3804 3806/3806/3806 3836/3836/3836 3834/3834/3834
f 3806/3806/3806 3808/3808/3808 3838/3838/3838 3836/3836/3836
f 3808/3808/3808 3810/3810/3810 3840/3840/3840 3838/3838/3838
f 3812/3812/3812 3814/3814/3814 3844/3844/3844 3842/3842/3842
f 3814/3814/3814 3816/3816/3816 3846/3846/3846 3844/3844/3844
f 3816/3816/3816 3818/3818/3818 3848/3848/3848 3846/3846/3846
f 3818/3818/3818 3820/3820/3820 3850/3850/3850 3848/3848/3848
f 3820/3820/3820 3822/3822/3822 3852/3852/3852 3850/3850/3850
f 3822/3822/3822 3824/3824/3824 3854/3854/3854 3852/3852/3852
f 3824/3824/3824 3826/3826/3826 3856/3856/3856 3854/3854/3854
f 3826/3826/3826 3828/3828/3828 3858/3858/3858 3856/3856/3856
f 3828/3828/3828 3830/3830/3830 3860/3860/3860 3858/3858/3858
f 3830/3830/3830 3832/3832/3832 3862/3862/3862 3860/3860/3860
f 3832/3832/3832 3834/3834/3834 3864/3864/3864 3862/3862/3862
f 3834/3834/3834 3836/3836/3836 3866/3866/3866 3864/3864/3864
f 3836/3836/3836 3838/3838/3838 3868/3868/3868 3866/3866/3866
f 3838/3838/3838 3840/3840/3840 3870/3870/3870 3868/3868/3868
f 3842/3842/3842 3844/3844/3844 3874/3874/3874 3872/3872/3872
f 3844/3844/3844 3846/3846/3846 3876/3876/3876 3874/3874/3874
f 3846/3846/3846 3848/3848/3848 3878/3878/3878 3876/3876/3876
f 3848/3848/3848 3850/3850/3850 3880/3880/3880 3878/3878/3878
f 3850/3850/3850 3852/3852/3852 3882/3882/3882 3880/3880/3880
f 3852/3852/3852 3854/3854/3854 3884/3884/3884 3882/3882/3882
f 3854/3854/3854 3856/3856/3856 3886/3886/3886 3884/3884/3884
f 3856/3856/3856 3858/3858/3858 3888/3888/3888 3886/3886/3886
f 3858/3858/3858 3860/3860/3860 3890/3890/3890 3888/3888/3888
f 3860/3860/3860 3862/3862/3862 3892/3892/3892 3890/3890/3890
f 3862/3862/3862 3864/3864/3864 3894/3894/3894 3892/3892/3892
f 3864/3864/3864 3866/3866/3866 3896/3896/3896 3894/3894/3894
f 3866/3866/3866 3868/3868/3868 3898/3898/3898 3896/3896/3896
f 3868/3868/3868 3870/3870/3870 3900/3900/3900 3898/3898/3898
f 3872/3872/3872 3874/3874/3874 3904/3904/3904 3902/3902/3902
f 3874/3874/3874 3876/3876/3876 3906/3906/3906 3904/3904/3904
f 3876/3876/3876 3878/3878/3878 3908/3908/3908 3906/3906/3906
f 3878/3878/3878 3880/3880/3880 3910/3910/3910 3908/3908/3908
f 3880/3880/3880 3882/3882/3882 3912/3912/3912 3910/3910/3910
f 3882/3882/3882 3884/3884/3884 3914/3914/3914 3912/3912/3912
f 3884/3884/3884 3886/3886/3886 3916/3916/3916 3914/3914/3914
f 3886/3886/3886 3888/3888/3888 3918/3918/3918 3916/3916/3916
f 3888/3888/3888 3890/3890/3890 3920/3920/3920 3918/3918/3918
f 3890/3890/3890 3892/3892/3892 3922/3922/3922 3920/3920/3920
f 3892/3892/3892 3894/3894/3894 3924/3924/3924 3922/3922/3922
f 3894/3894/3894 3896/3896/3896 3926/3926/3926 3924/3924/3924
f 3896/3896/3896 3898/3898/3898 3928/3928/3928 3926/3926/3926
f 3898/3898/3898 3900/3900/3900 3930/3930/3930 3928/3928/3928
f 3902/3902/3902 3904/3904/3904 3934/3934/3934 3932/3932/3932
f 3904/3904/3904 3906/3906/3906 3936/3936/3936 3934/3934/3934
f 3906/3906/3906 3908/3908/3908 3938/3938/3938 3936/3936/3936
f 3908/3908/3908 3910/3910/3910 3940/3940/3940 3938/3938/3938
f 3910/3910/3910 3912/3912/3912 3942/3942/3942 3940/3940/3940
f 3912/3912/3912 3914/3914/3914 3944/3944/3944 3942/3942/3942
f 3914/3914/3914 3916/3916/3916 3946/3946/3946 3944/3944/3944
f 3916/3916/3916 3918/3918/3918 3948/3948/3948 3946/3946/3946
f 3918/3918/3918 3920/3920/3920 3950/3950/3950 3948/3948/3948
f 3920/3920/3920 3922/3922/3922 3952/3952/3952 3950/3950/3950
f 3922/3922/3922 3924/3924/3924 3954/3954/3954 3952/3952/3952
f 3924/3924/3924 3926/3926/3926 3956/3956/3956 3954/3954/3954
f 3926/3926/3926 3928/3928/3928 3958/3958/3958 3956/3956/3956
f 3928/3928/3928 3930/3930/3930 3960/3960/3960 3958/3958/3958
f 3932/3932/3932 3934/3934/3934 3964/3964/3964 3962/3962/3962
f 3934/3934/3934 3936/3936/3936 3966/3966/3966 3964/3964/3964
f 3936/3936/3936 3938/3938/3938 3968/3968/3968 3966/3966/3966
f 3938/3938/3938 3940/3940/3940 3970/3970/3970 3968/3968/3968
f 3940/3940/3940 3942/3942/3942 3972/3972/3972 3970/3970/3970
f 3942/3942/3942 3944/3944/3944 3974/3974/3974 3972/3972/3972
f 3944/3944/3944 3946/3946/3946 3976/3976/3976 3974/3974/3974
f 3946/3946/3946 3948/3948/3948 3978/3978/3978 3976/3976/3976
f 3948/3948/3948 3950/3950/3950 3980/3980/3980 3978/3978/3978
f 3950/3950/3950 3952/3952/3952 3982/3982/3982 3980/3980/3980
f 3952/3952/3952 3954/3954/3954 3984/3984/3984 3982/3982/3982
f 3954/3954/3954 3956/3956/3956 3986/3986/3986 3984/3984/3984
f 3956/3956/3956 3958/3958/3958 3988/3988/3988 3986/3986/3986
f 3958/3958/3958 3960/3960/3960 3990/3990/3990 3988/3988/3988
f 3962/3962/3962 3964/3964/3964 3994/3994/3994 3992/3992/3992
f 3964/3964/3964 3966/3966/3966 3996/3996/3996 3994/3994/3994
f 3966/3966/3966 3968/3968/3968 3998/3998/3998 3996/3996/3996
f 3968/3968/3968 3970/3970/3970 4000/4000/4000 3998/3998/3998
f 3970/3970/3970 3972/3972/3972 4002/4002/4002 4000/4000/4000
f 3972/3972/3972 3974/3974/3974 4004/4004/4004 4002/4002/4002
f 3974/3974/3974 3976/3976/3976 4006/4006/4006 4004/4004/4004
f 3976/3976/3976 3978/3978/3978 4008/4008/4008 4006/4006/4006
f 3978/3978/3978 3980/3980/3980 4010/4010/4010 4008/4008/4008
f 3980/3980/3980 3982/3982/3982 4012/4012/4012 4010/4010/4010
f 3982/3982/3982 3984/3984/3984 4014/4014/4014 4012/4012/4012
f 3984/3984/3984 3986/3986/3986 4016/4016/4016 4014/4014/4014
f 3986/3986/3986 3988/3988/3988 4018/4018/4018 4016/4016/4016
f 3988/3988/3988 3990/3990/3990 4020/4020/4020 4018/4018/4018
f 3992/3992/3992 3994/3994/3994 4024/4024/4024 4022/4022/4022
f 3994/3994/3994 3996/3996/3996 4026/4026/4026 4024/4024/4024
f 3996/3996/3996 3998/3998/3998 4028/4028/4028 4026/4026/4026
f 3998/3998/3998 4000/4000/4000 4030/4030/4030 4028/4028/4028
f 4000/4000/4000 4002/4002/4002 4032/4032/4032 4030/4030/4030
f 4002/4002/4002 4004/4004/4004 4034/4034/4034 4032/4032/4032
f 4004/4004/4004 4006/4006/4006 4036/4036/4036 4034/4034/4034
f 4006/4006/4006 4008/4008/4008 4038/4038/4038 4036/4036/4036
f 4008/4008/4008 4010/4010/4010 4040/4040/4040 4038/4038/4038
f 4010/4010/4010 4012/4012/4012 4042/4042/4042 4040/4040/4040
f 4012/4012/4012 4014/4014/4014 4044/4044/4044 4042/4042/4042
f 4014/4014/4014 4016/4016/4016 4046/4046/4046 4044/4044/4044
f 4016/4016/4016 4018/4018/4018 4048/4048/4048 4046/4046/4046
f 4018/4018/4018 4020/4020/4020 4050/4050/4050 4048/4048/4048
f 4022/4022/4022 4024/4024/4024 4054/4054/4054 4052/4052/4052
f 4024/4024/4024 4026/4026/4026 4056/4056/4056 4054/4054/4054
f 4026/4026/4026 4028/4028/4028 4058/4058/4058 4056/4056/4056
f 4028/4028/4028 4030/4030/4030 4060/4060/4060 4058/4058/4058
f 4030/4030/4030 4032/4032/4032 4062/4062/4062 4060/4060/4060
f 4032/4032/4032 4034/4034/4034 4064/4064/4064 4062/4062/4062
f 4034/4034/4034 4036/4036/4036 4066/4066/4066 4064/4064/4064
f 4036/4036/4036 4038/4038/4038 4068/4068/4068 4066/4066/4066
f 4038/4038/4038 4040/4040/4040 4070/4070/4070 4068/4068/4068
f 4040/4040/4040 4042/4042/4042 4072/4072/4072 4070/4070/4070
f 4042/4042/4042 4044/4044/4044 4074/4074/4074 4072/4072/4072
f 4044/4044/4044 4046/4046/4046 4076/4076/4076 4074/4074/4074
f 4046/4046/4046 4048/4048/4048 4078/4078/4078 4076/4076/4076
f 4048/4048/4048 4050/4050/4050 4080/4080/4080 4078/4078/4078
f 4052/4052/4052 4054/4054/4054 4084/4084/4084 4082/4082/4082
f 4054/4054/4054 4056/4056/4056 4086/4086/4086 4084/4084/4084
f 4056/4056/4056 4058/4058/4058 4088/4088/4088 4086/4086/4086
f 4058/4058/4058 4060/4060/4060 4090/4090/4090 4088/4088/4088
f 4060/4060/4060 4062/4062/4062 4092/4092/4092 4090/4090/4090
f 4062/4062/4062 4064/4064/4064 4094/4094/4094 4092/4092/4092
f 4064/4064/4064 4066/4066/4066 4096/4096/4096 4094/4094/4094
f 4066/4066/4066 4068/4068/4068 4098/4098/4098 4096/4096/4096
f 4068/4068/4068 4070/4070/4070 4100/4100/4100 4098/4098/4098
f 4070/4070/4070 4072/4072/4072 4102/4102/4102 4100/4100/4100
f 4072/4072/4072 4074/4074/4074 4104/4104/4104 4102/4102/4102
f 4074/4074/4074 4076/4076/4076 4106/4106/4106 4104/4104/4104
f 4076/4076/4076 4078/4078/4078 4108/4108/4108 4106/4106/4106
f 4078/4078/4078 4080/4080/4080 4110/4110/4110 4108/4108/4108
f 4082/4082/4082 4084/4084/4084 4114/4114/4114 4112/4112/4112
f 4084/4084/4084 4086/4086/4086 4116/4116/4116 4114/4114/4114
f 4086/4086/4086 4088/4088/4088 4118/4118/4118 4116/4116/4116
f 4088/4088/4088 4090/4090/4090 4120/4120/4120 4118/4118/4118
f 4090/4090/4090 4092/4092/4092 4122/4122/4122 4120/4120/4120
f 4092/4092/4092 4094/4094/4094 4124/4124/4124 4122/4122/4122
f 4094/4094/4094 4096/4096/4096 4126/4126/4126 4124/4124/4124
f 4096/4096/4096 4098/4098/4098 4128/4128/4128 4126/4126/4126
f 4098/4098/4098 4100/4100/4100 4130/4130/4130 4128/4128/4128
f 4100/4100/4100 4102/4102/4102 4132/4132/4132 4130/4130/4130
f 4102/4102/4102 4104/4104/4104 4134/4134/4134 4132/4132/4132
f 4104/4104/4104 4106/4106/4106 4136/4136/4136 4134/4134/4134
f 4106/4106/4106 4108/4108/4108 4138/4138/4138 4136/4136/4136
f 4108/4108/4108 4110/4110/4110 4140/4140/4140 4138/4138/4138
f 4112/4112/4112 4114/4114/4114 4144/4144/4144 4142/4142/4142
f 4114/4114/4114 4116/4116/4116 4146/4146/4146 4144/4144/4144
f 4116/4116/4116 4118/4118/4118 4148/4148/4148 4146/4146/4146
f 4118/4118/4118 4120/4120/4120 4150/4150/4150 4148/4148/4148
f 4120/4120/4120 4122/4122/4122 4152/4152/4152 4150/4150/4150
f 4122/4122/4122 4124/4124/4124 4154/4154/4154 4152/4152/4152
f 4124/4124/4124 4126/4126/4126 4156/4156/4156 4154/4154/4154
f 4126/4126/4126 4128/4128/4128 4158/4158/4158 4156/4156/4156
f 4128/4128/4128 4130/4130/4130 4160/4160/4160 4158/4158/4158
f 4130/4130/4130 4132/4132/4132 4162/4162/4162 4160/4160/4160
f 4132/4132/4132 4134/4134/4134 4164/4164/4164 4162/4162/4162
f 4134/4134/4134 4136/4136/4136 4166/4166/4166 4164/4164/4164
f 4136/4136/4136 4138/4138/4138 4168/4168/4168 4166/4166/4166
f 4138/4138/4138 4140/4140/4140 4170/4170/4170 4168/4168/4168
f 4142/4142/4142 4144/4144/4144 4174/4174/4174 4172/4172/4172
f 4144/4144/4144 4146/4146/4146 4176/4176/4176 4174/4174/4174
f 4146/4146/4146 4148/4148/4148 4178/4178/4178 4176/4176/4176
f 4148/4148/4148 4150/4150/4150 4180/4180/4180 4178/4178/4178
f 4150/4150/4150 4152/4152/4152 4182/4182/4182 4180/4180/4180
f 4152/4152/4152 4154/4154/4154 4184/4184/4184 4182/4182/4182
f 4154/4154/4154 4156/4156/4156 4186/4186/4186 4184/4184/4184
f 4156/4156/4156 4158/4158/4158 4188/4188/4188 4186/4186/4186
f 4158/4158/4158 4160/4160/4160 4190/4190/4190 4188/4188/4188
f 4160/4160/4160 4162/4162/4162 4192/4192/4192 4190/4190/4190
f 4162/4162/4162 4164/4164/4164 4194/4194/4194 4192/4192/4192
f 4164/4164/4164 4166/4166/4166 4196/4196/4196 4194/4194/4194
f 4166/4166/4166 4168/4168/4168 4198/4198/4198 4196/4196/4196
f 4168/4168/4168 4170/4170/4170 4200/4200/4200 4198/4198/4198
f 4172/4172/4172 4174/4174/4174 4204/4204/4204 4202/4202/4202
f 4174/4174/4174 4176/4176/4176 4206/4206/4206 4204/4204/4204
f 4176/4176/4176 4178/4178/4178 4208/4208/4208 4206/4206/4206
f 4178/4178/4178 4180/4180/4180 4210/4210/4210 4208/4208/4208
f 4180/4180/4180 4182/4182/4182 4212/4212/4212 4210/4210/4210
f 4182/4182/4182 4184/4184/4184 4214/4214/4214 4212/4212/4212
f 4184/4184/4184 4186/4186/4186 4216/4216/4216 4214/4214/4214
f 4186/4186/4186 4188/4188/4188 4218/4218/4218 4216/4216/4216
f 4188/4188/4188 4190/4190/4190 4220/4220/4220 4218/4218/4218
f 4190/4190/4190 4192/4192/4192 4222/4222/4222 4220/4220/4220
f 4192/4192/4192 4194/4194/4194 4224/4224/4224 4222/4222/4222
f 4194/4194/4194 4196/4196/4196 4226/4226/4226 4224/4224/4224
f 4196/4196/4196 4198/4198/4198 4228/4228/4228 4226/4226/4226
f 4198/4198/4198 4200/4200/4200 4230/4230/4230 4228/4228/4228
f 4202/4202/4202 4204/4204/4204 4234/4234/4234 4232/4232/4232
f 4204/4204/4204 4206/4206/4206 4236/4236/4236 4234/4234/4234
f 4206/4206/4206 4208/4208/4208 4238/4238/4238 4236/4236/4236
f 4208/4208/4208 4210/4210/4210 4240/4240/4240 4238/4238/4238
f 4210/4210/4210 4212/4212/4212 4242/4242/4242 4240/4240/4240
f 4212/4212/4212 4214/4214/4214 4244/4244/4244 4242/4242/4242
f 4214/4214/4214 4216/4216/4216 4246/4246/4246 4244/4244/4244
f 4216/4216/4216 4218/4218/4218 4248/4248/4248 4246/4246/4246
f 4218/4218/4218 4220/4220/4220 4250/4250/4250 4248/4248/4248
f 4220/4220/4220 4222/4222/4222 4252/4252/4252 4250/4250/4250
f 4222/4222/4222 4224/4224/4224 4254/4254/4254 4252/4252/4252
f 4224/4224/4224 4226/4226/4226 4256/4256/4256 4254/4254/4254
f 4226/4226/4226 4228/4228/4228 4258/4258/4258 4256/4256/4256
f 4228/4228/4228 4230/4230/4230 4260/4260/4260 4258/4258/4258
f 4232/4232/4232 4234/4234/4234 4264/4264/4264 4262/4262/4262
f 4234/4234/4234 4236/4236/4236 4266/4266/4266 4264/4264/4264
f 4236/4236/4236 4238/4238/4238 4268/4268/4268 4266/4266/4266
f 4238/4238/4238 4240/4240/4240 4270/4270/4270 4268/4268/4268
f 4240/4240/4240 4242/4242/4242 4272/4272/4272 4270/4270/4270
f 4242/4242/4242 4244/4244/4244 4274/4274/4274 4272/4272/4272
f 4244/4244/4244 4246/4246/4246 4276/4276/4276 4274/4274/4274
f 4246/4246/4246 4248/4248/4248 4278/4278/4278 4276/4276/4276
f 4248/4248/4248 4250/4250/4250 4280/4280/4280 4278/4278/4278
f 4250/4250/4250 4252/4252/4252 4282/4282/4282 4280/4280/4280
f 4252/4252/4252 4254/4254/4254 4284/4284/4284 4282/4282/4282
f 4254/4254/4254 4256/4256/4256 4286/4286/4286 4284/4284/4284
f 4256/4256/4256 4258/4258/4258 4288/4288/4288 4286/4286/4286
f 4258/4258/4258 4260/4260/4260 4290/4290/4290 4288/4288/4288
f 4262/4262/4262 4264/4264/4264 4294/4294/4294 4292/4292/4292
f 4264/4264/4264 4266/4266/4266 4296/4296/4296 4294/4294/4294
f 4266/4266/4266 4268/4268/4268 4298/4298/4298 4296/4296/4296
f 4268/4268/4268 4270/4270/4270 4300/4300/4300 4298/4298/4298
f 4270/4270/4270 4272/4272/4272 4302/4302/4302 4300/4300/4300
f 4272/4272/4272 4274/4274/4274 4304/4304/4304 4302/4302/4302
f 4274/4274/4274 4276/4276/4276 4306/4306/4306 4304/4304/4304
f 4276/4276/4276 4278/4278/4278 4308/4308/4308 4306/4306/4306
f 4278/4278/4278 4280/4280/4280 4310/4310/4310 4308/4308/4308
f 4280/4280/4280 4282/4282/4282 4312/4312/4312 4310/4310/4310
f 4282/4282/4282 4284/4284/4284 4314/4314/4314 4312/4312/4312
f 4284/4284/4284 4286/4286/4286 4316/4316/4316 4314/4314/4314
f 4286/4286/4286 4288/4288/4288 4318/4318/4318 4316/4316/4316
f 4288/4288/4288 4290/4290/4290 4320/4320/4320 4318/4318/4318
f 4292/4292/4292 4294/4294/4294 4324/4324/4324 4322/4322/4322
f 4294/4294/4294 4296/4296/4296 4326/4326/4326 4324/4324/4324
f 4296/4296/4296 4298/4298/4298 4328/4328/4328 4326/4326/4326
f 4298/4298/4298 4300/4300/4300 4330/4330/4330 4328/4328/4328
f 4300/4300/4300 4302/4302/4302 4332/4332/4332 4330/4330/4330
f 4302/4302/4302 4304/4304/4304 4334/4334/4334 4332/4332/4332
f 4304/4304/4304 4306/4306/4306 4336/4336/4336 4334/4334/4334
f 4306/4306/4306 4308/4308/4308 4338/4338/4338 4336/4336/4336
f 4308/4308/4308 4310/4310/4310 4340/4340/4340 4338/4338/4338
f 4310/4310/4310 4312/4312/4312 4342/4342/4342 4340/4340/4340
f 4312/4312/4312 4314/4314/4314 4344/4344/4344 4342/4342/4342
f 4314/4314/4314 4316/4316/4316 4346/4346/4346 4344/4344/4344
f 4316/4316/4316 4318/4318/4318 4348/4348/4348 4346/4346/4346
f 4318/4318/4318 4320/4320/4320 4350/4350/4350 4348/4348/4348
f 4322/4322/4322 4324/4324/4324 4354/4354/4354 4352/4352/4352
f 4324/4324/4324 4326/4326/4326 4356/4356/4356 4354/4354/4354
f 4326/4326/4326 4328/4328/4328 4358/4358/4358 4356/4356/4356
f 4328/4328/4328 4330/4330/4330 4360/4360/4360 4358/4358/4358
f 4330/4330/4330 4332/4332/4332 4362/4362/4362 4360/4360/4360
f 4332/4332/4332 4334/4334/4334 4364/4364/4364 4362/4362/4362
f 4334/4334/4334 4336/4336/4336 4366/4366/4366 4364/4364/4364
f 4336/4336/4336 4338/4338/4338 4368/4368/4368 4366/4366/4366
f 4338/4338/4338 4340/4340/4340 4370/4370/4370 4368/4368/4368
f 4340/4340/4340 4342/4342/4342 4372/4372/4372 4370/4370/4370
f 4342/4342/4342 4344/4344/4344 4374/4374/4374 4372/4372/4372
f 4344/4344/4344 4346/4346/4346 4376/4376/4376 4374/4374/4374
f 4346/4346/4346 4348/4348/4348 4378/4378/4378 4376/4376/4376
f 4348/4348/4348 4350/4350/4350 4380/4380/4380 4378/4378/4378
f 4352/4352/4352 4354/4354/4354 4384/4384/4384 4382/4382/4382
f 4354/4354/4354 4356/4356/4356 4386/4386/4386 4384/4384/4384
f 4356/4356/4356 4358/4358/4358 4388/4388/4388 4386/4386/4386
f 4358/4358/4358 4360/4360/4360 4390/4390/4390 4388/4388/4388
f 4360/4360/4360 4362/4362/4362 4392/4392/4392 4390/4390/4390
f 4362/4362/4362 4364/4364/4364 4394/4394/4394 4392/4392/4392
f 4364/4364/4364 4366/4366/4366 4396/4396/4396 4394/4394/4394
f 4366/4366/4366 4368/4368/4368 4398/4398/4398 4396/4396/4396
f 4368/4368/4368 4370/4370/4370 4400/4400/4400 4398/4398/4398
f 4370/4370/4370 4372/4372/4372 4402/4402/4402 4400/4400/4400
f 4372/4372/4372 4374/4374/4374 4404/4404/4404 4402/4402/4402
f 4374/4374/4374 4376/4376/4376 4406/4406/4406 4404/4404/4404
f 4376/4376/4376 4378/4378/4378 4408/4408/4408 4406/4406/4406
f 4378/4378/4378 4380/4380/4380 4410/4410/4410 4408/4408/4408
f 4382/4382/4382 4384/4384/4384 4414/4414/4414 4412/4412/4412
f 4384/4384/4384 4386/4386/4386 4416/4416/4416 4414/4414/4414
f 4386/4386/4386 4388/4388/4388 4418/4418/4418 4416/4416/4416
f 4388/4388/4388 4390/4390/4390 4420/4420/4420 4418/4418/4418
f 4390/4390/4390 4392/4392/4392 4422/4422/4422 4420/4420/4420
f 4392/4392/4392 4394/4394/4394 4424/4424/4424 4422/4422/4422
f 4394/4394/4394 4396/4396/4396 4426/4426/4426 4424/4424/4424
f 4396/4396/4396 4398/4398/4398 4428/4428/4428 4426/4426/4426
f 4398/4398/4398 4400/4400/4400 4430/4430/4430 4428/4428/4428
f 4400/4400/4400 4402/4402/4402 4432/4432/4432 4430/4430/4430
f 4402/4402/4402 4404/4404/4404 4434/4434/4434 4432/4432/4432
f 4404/4404/4404 4406/4406/4406 4436/4436/4436 4434/4434/4434
f 4406/4406/4406 4408/4408/4408 4438/4438/4438 4436/4436/4436
f 4408/4408/4408 4410/4410/4410 4440/4440/4440 4438/4438/4438
f 4412/4412/4412 4414/4414/4414 4444/4444/4444 4442/4442/4442
f 4414/4414/4414 4416/4416/4416 4446/4446/4446 4444/4444/4444
f 4416/4416/4416 4418/4418/4418 4448/4448/4448 4446/4446/4446
f 4418/4418/4418 4420/4420/4420 4450/4450/4450 4448/4448/4448
f 4420/4420/4420 4422/4422/4422 4452/4452/4452 4450/4450/4450
f 4422/4422/4422 4424/4424/4424 4454/4454/4454 4452/4452/4452
f 4424/4424/4424 4426/4426/4426 4456/4456/4456 4454/4454/4454
f 4426/4426/4426 4428/4428/4428 4458/4458/4458 4456/4456/4456
f 4428/4428/4428 4430/4430/4430 4460/4460/4460 4458/4458/4458
f 4430/4430/4430 4432/4432/4432 4462/4462/4462 4460/4460/4460
f 4432/4432/4432 4434/4434/4434 4464/4464/4464 4462/4462/4462
f 4434/4434/4434 4436/4436/4436 4466/4466/4466 4464/4464/4464
f 4436/4436/4436 4438/4438/4438 4468/4468/4468 4466/4466/4466
f 4438/4438/4438 4440/4440/4440 4470/4470/4470 4468/4468/4468
f 4442/4442/4442 4444/4444/4444 4474/4474/4474 4472/4472/4472
f 4444/4444/4444 4446/4446/4446 4476/4476/4476 4474/4474/4474
f 4446/4446/4446 4448/4448/4448 4478/4478/4478 4476/4476/4476
f 4448/4448/4448 4450/4450/4450 4480/4480/4480 4478/4478/4478
f 4450/4450/4450 4452/4452/4452 4482/4482/4482 4480/4480/4480
f 4452/4452/4452 4454/4454/4454 4484/4484/4484 4482/4482/4482
f 4454/4454/4454 4456/4456/4456 4486/4486/4486 4484/4484/4484
f 4456/4456/4456 4458/4458/4458 4488/4488/4488 4486/4486/4486
f 4458/4458/4458 4460/4460/4460 4490/4490/4490 4488/4488/4488
f 4460/4460/4460 4462/4462/4462 4492/4492/4492 4490/4490/4490
f 4462/4462/4462 4464/4464/4464 4494/4494/4494 4492/4492/4492
f 4464/4464/4464 4466/4466/4466 4496/4496/4496 4494/4494/4494
f 4466/4466/4466 4468/4468/4468 4498/4498/4498 4496/4496/4496
f 4468/4468/4468 4470/4470/4470 4500/4500/4500 4498/4498/4498
f 3751/3751/3751 3752/3752/3752 3782/3782/3782 3781/3781/3781
f 3779/3779/3779 3809/3809/3809 3810/3810/3810 3780/3780/3780
f 3781/3781/3781 3782/3782/3782 3812/3812/3812 3811/3811/3811
f 3809/3809/3809 3839/3839/3839 3840/3840/3840 3810/3810/3810
f 3811/3811/3811 3812/3812/3812 3842/3842/3842 3841/3841/3841
f 3839/3839/3839 3869/3869/3869 3870/3870/3870 3840/3840/3840
f 3841/3841/3841 3842/3842/3842 3872/3872/3872 3871/3871/3871
f 3869/3869/3869 3899/3899/3899 3900/3900/3900 3870/3870/3870
f 3871/3871/3871 3872/3872/3872 3902/3902/3902 3901/3901/3901
f 3899/3899/3899 3929/3929/3929 3930/3930/3930 3900/3900/3900
f 3901/3901/3901 3902/3902/3902 3932/3932/3932 3931/3931/3931
f 3929/3929/3929 3959/3959/3959 3960/3960/3960 3930/3930/3930
f 3931/3931/3931 3932/3932/3932 3962/3962/3962 3961/3961/3961
f 3959/3959/3959 3989/3989/3989 3990/3990/3990 3960/3960/3960
f 3961/3961/3961 3962/3962/3962 3992/3992/3992 3991/3991/3991
f 3989/3989/3989 4019/4019/4019 4020/4020/4020 3990/3990/3990
f 3991/3991/3991 3992/3992/3992 4022/4022/4022 4021/4021/4021
f 4019/4019/4019 4049/4049/4049 4050/4050/4050 4020/4020/4020
f 4021/4021/4021 4022/4022/4022 4052/4052/4052 4051/4051/4051
f 4049/4049/4049 4079/4079/4079 4080/4080/4080 4050/4050/4050
f 4051/4051/4051 4052/4052/4052 4082/4082/4082 4081/4081/4081
f 4079/4079/4079 4109/4109/4109 4110/4110/4110 4080/4080/4080
f 4081/4081/4081 4082/4082/4082 4112/4112/4112 4111/4111/4111
f 4109/4109/4109 4139/4139/4139 4140/4140/4140 4110/4110/4110
f 4111/4111/4111 4112/4112/4112 4142/4142/4142 4141/4141/4141
f 4139/4139/4139 4169/4169/4169 4170/4170/4170 4140/4140/4140
f 4141/4141/4141 4142/4142/4142 4172/4172/4172 4171/4171/4171
f 4169/4169/4169 4199/4199/4199 4200/4200/4200 4170/4170/4170
f 4171/4171/4171 4172/4172/4172 4202/4202/4202 4201/4201/4201
f 4199/4199/4199 4229/4229/4229 4230/4230/4230 4200/4200/4200
f 4201/4201/4201 4202/4202/4202 4232/4232/4232 4231/4231/4231
f 4229/4229/4229 4259/4259/4259 4260/4260/4260 4230/4230/4230
f 4231/4231/4231 4232/4232/4232 4262/4262/4262 4261/4261/4261
f 4259/4259/4259 4289/4289/4289 4290/4290/4290 4260/4260/4260
f 4261/4261/4261 4262/4262/4262 4292/4292/4292 4291/4291/4291
f 4289/4289/4289 4319/4319/4319 4320/4320/4320 4290/4290/4290
f 4291/4291/4291 4292/4292/4292 4322/4322/4322 4321/4321/4321
f 4319/4319/4319 4349/4349/4349 4350/4350/4350 4320/4320/4320
f 4321/4321/4321 4322/4322/4322 4352/4352/4352 4351/4351/4351
f 4349/4349/4349 4379/4379/4379 4380/4380/4380 4350/4350/4350
f 4351/4351/4351 4352/4352/4352 4382/4382/4382 4381/4381/4381
f 4379/4379/4379 4409/4409/4409 4410/4410/4410 4380/4380/4380
f 4381/4381/4381 4382/4382/4382 4412/4412/4412 4411/4411/4411
f 4409/4409/4409 4439/4439/4439 4440/4440/4440 4410/4410/4410
f 4411/4411/4411 4412/4412/4412 4442/4442/4442 4441/4441/4441
f 4439/4439/4439 4469/4469/4469 4470/4470/4470 4440/4440/4440
f 4441/4441/4441 4442/4442/4442 4472/4472/4472 4471/4471/4471
f 4469/4469/4469 4499/4499/4499 4500/4500/4500 4470/4470/4470
f 4501/4501/4501 4531/4531/4531 4533/4533/4533 4503/4503/4503
f 4503/4503/4503 4533/4533/4533 4535/4535/4535 4505/4505/4505
f 4505/4505/4505 4535/4535/4535 4537/4537/4537 4507/4507/4507
f 4507/4507/4507 4537/4537/4537 4539/4539/4539 4509/4509/4509
f 4509/4509/4509 4539/4539/4539 4541/4541/4541 4511/4511/4511
f 4511/4511/4511 4541/4541/4541 4543/4543/4543 4513/4513/4513
f 4513/4513/4513 4543/4543/4543 4545/4545/4545 4515/4515/4515
f 4515/4515/4515 4545/4545/4545 4547/4547/4547 4517/4517/4517
f 4517/4517/4517 4547/4547/4547 4549/4549/4549 4519/4519/4519
f 4519/4519/4519 4549/4549/4549 4551/4551/4551 4521/4521/4521
f 4521/4521/4521 4551/4551/4551 4553/4553/4553 4523/4523/4523
f 4523/4523/4523 4553/4553/4553 4555/4555/4555 4525/4525/4525
f 4525/4525/4525 4555/4555/4555 4557/4557/4557 4527/4527/4527
f 4527/4527/4527 4557/4557/4557 4559/4559/4559 4529/4529/4529
f 4531/4531/4531 4561/4561/4561 4563/4563/4563 4533/4533/4533
f 4533/4533/4533 4563/4563/4563 4565/4565/4565 4535/4535/4535
f 4535/4535/4535 4565/4565/4565 4567/4567/4567 4537/4537/4537
f 4537/4537/4537 4567/4567/4567 4569/4569/4569 4539/4539/4539
f 4539/4539/4539 4569/4569/4569 4571/4571/4571 4541/4541/4541
f 4541/4541/4541 4571/4571/4571 4573/4573/4573 4543/4543/4543
f 4543/4543/4543 4573/4573/4573 4575/4575/4575 4545/4545/4545
f 4545/4545/4545 4575/4575/4575 4577/4577/4577 4547/4547/4547
f 4547/4547/4547 4577/4577/4577 4579/4579/4579 4549/4549/4549
f 4549/4549/4549 4579/4579/4579 4581/4581/4581 4551/4551/4551
f 4551/4551/4551 4581/4581/4581 4583/4583/4583 4553/4553/4553
f 4553/4553/4553 4583/4583/4583 4585/4585/4585 4555/4555/4555
f 4555/4555/4555 4585/4585/4585 4587/4587/4587 4557/4557/4557
f 4557/4557/4557 4587/4587/4587 4589/4589/4589 4559/4559/4559
f 4561/4561/4561 4591/4591/4591 4593/4593/4593 4563/4563/4563
f 4563/4563/4563 4593/4593/4593 4595/4595/4595 4565/4565/4565
f 4565/4565/4565 4595/4595/4595 4597/4597/4597 4567/4567/4567
f 4567/4567/4567 4597/4597/4597 4599/4599/4599 4569/4569/4569
f 4569/4569/4569 4599/4599/4599 4601/4601/4601 4571/4571/4571
f 4571/4571/4571 4601/4601/4601 4603/4603/4603 4573/4573/4573
f 4573/4573/4573 4603/4603/4603 4605/4605/4605 4575/4575/4575
f 4575/4575/4575 4605/4605/4605 4607/4607/4607 4577/4577/4577
f 4577/4577/4577 4607/4607/4607 4609/4609/4609 4579/4579/4579
f 4579/4579/4579 4609/4609/4609 4611/4611/4611 4581/4581/4581
f 4581/4581/4581 4611/4611/4611 4613/4613/4613 4583/4583/4583
f 4583/4583/4583 4613/4613/4613 4615/4615/4615 4585/4585/4585
f 4585/4585/4585 4615/4615/4615 4617/4617/4617 4587/4587/4587
f 4587/4587/4587 4617/4617/4617 4619/4619/4619 4589/4589/4589
f 4591/4591/4591 4621/4621/4621 4623/4623/4623 4593/4593/4593
f 4593/4593/4593 4623/4623/4623 4625/4625/4625 4595/4595/4595
f 4595/4595/4595 4625/4625/4625 4627/4627/4627 4597/4597/4597
f 4597/4597/4597 4627/4627/4627 4629/4629/4629 4599/4599/4599
f 4599/4599/4599 4629/4629/4629 4631/4631/4631 4601/4601/4601
f 4601/4601/4601 4631/4631/4631 4633/4633/4633 4603/4603/4603
f 4603/4603/4603 4633/4633/4633 4635/4635/4635 4605/4605/4605
f 4605/4605/4605 4635/4635/4635 4637/4637/4637 4607/4607/4607
f 4607/4607/4607 4637/4637/4637 4639/4639/4639 4609/4609/4609
f 4609/4609/4609 4639/4639/4639 4641/4641/4641 4611/4611/4611
f 4611/4611/4611 4641/4641/4641 4643/4643/4643 4613/4613/4613
f 4613/4613/4613 4643/4643/4643 4645/4645/4645 4615/4615/4615
f 4615/4615/4615 4645/4645/4645 4647/4647/4647 4617/4617/4617
f 4617/4617/4617 4647/4647/4647 4649/4649/4649 4619/4619/4619
f 4621/4621/4621 4651/4651/4651 4653/4653/4653 4623/4623/4623
f 4623/4623/4623 4653/4653/4653 4655/4655/4655 4625/4625/4625
f 4625/4625/4625 4655/4655/4655 4657/4657/4657 4627/4627/4627
f 4627/4627/4627 4657/4657/4657 4659/4659/4659 4629/4629/4629
f 4629/4629/4629 4659/4659/4659 4661/4661/4661 4631/4631/4631
f 4631/4631/4631 4661/4661/4661 4663/4663/4663 4633/4633/4633
f 4633/4633/4633 4663/4663/4663 4665/4665/4665 4635/4635/4635
f 4635/4635/4635 4665/4665/4665 4667/4667/4667 4637/4637/4637
f 4637/4637/4637 4667/4667/4667 4669/4669/4669 4639/4639/4639
f 4639/4639/4639 4669/4669/4669 4671/4671/4671 4641/4641/4641
f 4641/4641/4641 4671/4671/4671 4673/4673/4673 4643/4643/4643
f 4643/4643/4643 4673/4673/4673 4675/4675/4675 4645/4645/4645
f 4645/4645/4645 4675/4675/4675 4677/4677/4677 4647/4647/4647
f 4647/4647/4647 4677/4677/4677 4679/4679/4679 4649/4649/4649
f 4651/4651/4651 4681/4681/4681 4683/4683/4683 4653/4653/4653
f 4653/4653/4653 4683/4683/4683 4685/4685/4685 4655/4655/4655
f 4655/4655/4655 4685/4685/4685 4687/4687/4687 4657/4657/4657
f 4657/4657/4657 4687/4687/4687 4689/4689/4689 4659/4659/4659
f 4659/4659/4659 4689/4689/4689 4691/4691/4691 4661/4661/4661
f 4661/4661/4661 4691/4691/4691 4693/4693/4693 4663/4663/4663
f 4663/4663/4663 4693/4693/4693 4695/4695/4695 4665/4665/4665
f 4665/4665/4665 4695/4695/4695 4697/4697/4697 4667/4667/4667
f 4667/4667/4667 4697/4697/4697 4699/4699/4699 4669/4669/4669
f 4669/4669/4669 4699/4699/4699 4701/4701/4701 4671/4671/4671
f 4671/4671/4671 4701/4701/4701 4703/4703/4703 4673/4673/4673
f 4673/4673/4673 4703/4703/4703 4705/4705/4705 4675/4675/4675
f 4675/4675/4675 4705/4705/4705 4707/4707/4707 4677/4677/4677
f 4677/4677/4677 4707/4707/4707 4709/4709/4709 4679/4679/4679
f 4681/4681/4681 4711/4711/4711 4713/4713/4713 4683/4683/4683
f 4683/4683/4683 4713/4713/4713 4715/4715/4715 4685/4685/4685
f 4685/4685/4685 4715/4715/4715 4717/4717/4717 4687/4687/4687
f 4687/4687/4687 4717/4717/4717 4719/4719/4719 4689/4689/4689
f 4689/4689/4689 4719/4719/4719 4721/4721/4721 4691/4691/4691
f 4691/4691/4691 4721/4721/4721 4723/4723/4723 4693/4693/4693
f 4693/4693/4693 4723/4723/4723 4725/4725/4725 4695/4695/4695
f 4695/4695/4695 4725/4725/4725 4727/4727/4727 4697/4697/4697
f 4697/4697/4697 4727/4727/4727 4729/4729/4729 4699/4699/4699
f 4699/4699/4699 4729/4729/4729 4731/4731/4731 4701/4701/4701
f 4701/4701/4701 4731/4731/4731 4733/4733/4733 4703/4703/4703
f 4703/4703/4703 4733/4733/4733 4735/4735/4735 4705/4705/4705
f 4705/4705/4705 4735/4735/4735 4737/4737/4737 4707/4707/4707
f 4707/4707/4707 4737/4737/4737 4739/4739/4739 4709/4709/4709
f 4711/4711/4711 4741/4741/4741 4743/4743/4743 4713/4713/4713
f 4713/4713/4713 4743/4743/4743 4745/4745/4745 4715/4715/4715
f 4715/4715/4715 4745/4745/4745 4747/4747/4747 4717/4717/4717
f 4717/4717/4717 4747/4747/4747 4749/4749/4749 4719/4719/4719
f 4719/4719/4719 4749/4749/4749 4751/4751/4751 4721/4721/4721
f 4721/4721/4721 4751/4751/4751 4753/4753/4753 4723/4723/4723
f 4723/4723/4723 4753/4753/4753 4755/4755/4755 4725/4725/4725
f 4725/4725/4725 4755/4755/4755 4757/4757/4757 4727/4727/4727
f 4727/4727/4727 4757/4757/4757 4759/4759/4759 4729/4729/4729
f 4729/4729/4729 4759/4759/4759 4761/4761/4761 4731/4731/4731
f 4731/4731/4731 4761/4761/4761 4763/4763/4763 4733/4733/4733
f 4733/4733/4733 4763/4763/4763 4765/4765/4765 4735/4735/4735
f 4735/4735/4735 4765/4765/4765 4767/4767/4767 4737/4737/4737
f 4737/4737/4737 4767/4767/4767 4769/4769/4769 4739/4739/4739
f 4741/4741/4741 4771/4771/4771 4773/4773/4773 4743/4743/4743
f 4743/4743/4743 4773/4773/4773 4775/4775/4775 4745/4745/4745
f 4745/4745/4745 4775/4775/4775 4777/4777/4777 4747/4747/4747
f 4747/4747/4747 4777/4777/4777 4779/4779/4779 4749/4749/4749
f 4749/4749/4749 4779/4779/4779 4781/4781/4781 4751/4751/4751
f 4751/4751/4751 4781/4781/4781 4783/4783/4783 4753/4753/4753
f 4753/4753/4753 4783/4783/4783 4785/4785/4785 4755/4755/4755
f 4755/4755/4755 4785/4785/4785 4787/4787/4787 4757/4757/4757
f 4757/4757/4757 4787/4787/4787 4789/4789/4789 4759/4759/4759
f 4759/4759/4759 4789/4789/4789 4791/4791/4791 4761/4761/4761
f 4761/4761/4761 4791/4791/4791 4793/4793/4793 4763/4763/4763
f 4763/4763/4763 4793/4793/4793 4795/4795/4795 4765/4765/4765
f 4765/4765/4765 4795/4795/4795 4797/4797/4797 4767/4767/4767
f 4767/4767/4767 4797/4797/4797 4799/4799/4799 4769/4769/4769
f 4771/4771/4771 4801/4801/4801 4803/4803/4803 4773/4773/4773
f 4773/4773/4773 4803/4803/4803 4805/4805/4805 4775/4775/4775
f 4775/4775/4775 4805/4805/4805 4807/4807/4807 4777/4777/4777
f 4777/4777/4777 4807/4807/4807 4809/4809/4809 4779/4779/4779
f 4779/4779/4779 4809/4809/4809 4811/4811/4811 4781/4781/4781
f 4781/4781/4781 4811/4811/4811 4813/4813/4813 4783/4783/4783
f 4783/4783/4783 4813/4813/4813 4815/4815/4815 4785/4785/4785
f 4785/4785/4785 4815/4815/4815 4817/4817/4817 4787/4787/4787
f 4787/4787/4787 4817/4817/4817 4819/4819/4819 4789/4789/4789
f 4789/4789/4789 4819/4819/4819 4821/4821/4821 4791/4791/4791
f 4791/4791/4791 4821/4821/4821 4823/4823/4823 4793/4793/4793
f 4793/4793/4793 4823/4823/4823 4825/4825/4825 4795/4795/4795
f 4795/4795/4795 4825/4825/4825 4827/4827/4827 4797/4797/4797
f 4797/4797/4797 4827/4827/4827 4829/4829/4829 4799/4799/4799
f 4801/4801/4801 4831/4831/4831 4833/4833/4833 4803/4803/4803
f 4803/4803/4803 4833/4833/4833 4835/4835/4835 4805/4805/4805
f 4805/4805/4805 4835/4835/4835 4837/4837/4837 4807/4807/4807
f 4807/4807/4807 4837/4837/4837 4839/4839/4839 4809/4809/4809
f 4809/4809/4809 4839/4839/4839 4841/4841/4841 4811/4811/4811
f 4811/4811/4811 4841/4841/4841 4843/4843/4843 4813/4813/4813
f 4813/4813/4813 4843/4843/4843 4845/4845/4845 4815/4815/4815
f 4815/4815/4815 4845/4845/4845 4847/4847/4847 4817/4817/4817
f 4817/4817/4817 4847/4847/4847 4849/4849/4849 4819/4819/4819
f 4819/4819/4819 4849/4849/4849 4851/4851/4851 4821/4821/4821
f 4821/4821/4821 4851/4851/4851 4853/4853/4853 4823/4823/4823
f 4823/4823/4823 4853/4853/4853 4855/4855/4855 4825/4825/4825
f 4825/4825/4825 4855/4855/4855 4857/4857/4857 4827/4827/4827
f 4827/4827/4827 4857/4857/4857 4859/4859/4859 4829/4829/4829
f 4831/4831/4831 4861/4861/4861 4863/4863/4863 4833/4833/4833
f 4833/4833/4833 4863/4863/4863 4865/4865/4865 4835/4835/4835
f 4835/4835/4835 4865/4865/4865 4867/4867/4867 4837/4837/4837
f 4837/4837/4837 4867/4867/4867 4869/4869/4869 4839/4839/4839
f 4839/4839/4839 4869/4869/4869 4871/4871/4871 4841/4841/4841
f 4841/4841/4841 4871/4871/4871 4873/4873/4873 4843/4843/4843
f 4843/4843/4843 4873/4873/4873 4875/4875/4875 4845/4845/4845
f 4845/4845/4845 4875/4875/4875 4877/4877/4877 4847/4847/4847
f 4847/4847/4847 4877/4877/4877 4879/4879/4879 4849/4849/4849
f 4849/4849/4849 4879/4879/4879 4881/4881/4881 4851/4851/4851
f 4851/4851/4851 4881/4881/4881 4883/4883/4883 4853/4853/4853
f 4853/4853/4853 4883/4883/4883 4885/4885/4885 4855/4855/4855
f 4855/4855/4855 4885/4885/4885 4887/4887/4887 4857/4857/4857
f 4857/4857/4857 4887/4887/4887 4889/4889/4889 4859/4859/4859
f 4861/4861/4861 4891/4891/4891 4893/4893/4893 4863/4863/4863
f 4863/4863/4863 4893/4893/4893 4895/4895/4895 4865/4865/4865
f 4865/4865/4865 4895/4895/4895 4897/4897/4897 4867/4867/4867
f 4867/4867/4867 4897/4897/4897 4899/4899/4899 4869/4869/4869
f 4869/4869/4869 4899/4899/4899 4901/4901/4901 4871/4871/4871
f 4871/4871/4871 4901/4901/4901 4903/4903/4903 4873/4873/4873
f 4873/4873/4873 4903/4903/4903 4905/4905/4905 4875/4875/4875
f 4875/4875/4875 4905/4905/4905 4907/4907/4907 4877/4877/4877
f 4877/4877/4877 4907/4907/4907 4909/4909/4909 4879/4879/4879
f 4879/4879/4879 4909/4909/4909 4911/4911/4911 4881/4881/4881
f 4881/4881/4881 4911/4911/4911 4913/4913/4913 4883/4883/4883
f 4883/4883/4883 4913/4913/4913 4915/4915/4915 4885/4885/4885
f 4885/4885/4885 4915/4915/4915 4917/4917/4917 4887/4887/4887
f 4887/4887/4887 4917/4917/4917 4919/4919/4919 4889/4889/4889
f 4891/4891/4891 4921/4921/4921 4923/4923/4923 4893/4893/4893
f 4893/4893/4893 4923/4923/4923 4925/4925/4925 4895/4895/4895
f 4895/4895/4895 4925/4925/4925 4927/4927/4927 4897/4897/4897
f 4897/4897/4897 4927/4927/4927 4929/4929/4929 4899/4899/4899
f 4899/4899/4899 4929/4929/4929 4931/4931/4931 4901/4901/4901
f 4901/4901/4901 4931/4931/4931 4933/4933/4933 4903/4903/4903
f 4903/4903/4903 4933/4933/4933 4935/4935/4935 4905/4905/4905
f 4905/4905/4905 4935/4935/4935 4937/4937/4937 4907/4907/4907
f 4907/4907/4907 4937/4937/4937 4939/4939/4939 4909/4909/4909
f 4909/4909/4909 4939/4939/4939 4941/4941/4941 4911/4911/4911
f 4911/4911/4911 4941/4941/4941 4943/4943/4943 4913/4913/4913
f 4913/4913/4913 4943/4943/4943 4945/4945/4945 4915/4915/4915
f 4915/4915/4915 4945/4945/4945 4947/4947/4947 4917/4917/4917
f 4917/4917/4917 4947/4947/4947 4949/4949/4949 4919/4919/4919
f 4921/4921/4921 4951/4951/4951 4953/4953/4953 4923/4923/4923
f 4923/4923/4923 4953/4953/4953 4955/4955/4955 4925/4925/4925
f 4925/4925/4925 4955/4955/4955 4957/4957/4957 4927/4927/4927
f 4927/4927/4927 4957/4957/4957 4959/4959/4959 4929/4929/4929
f 4929/4929/4929 4959/4959/4959 4961/4961/4961 4931/4931/4931
f 4931/4931/4931 4961/4961/4961 4963/4963/4963 4933/4933/4933
f 4933/4933/4933 4963/4963/4963 4965/4965/4965 4935/4935/4935
f 4935/4935/4935 4965/4965/4965 4967/4967/4967 4937/4937/4937
f 4937/4937/4937 4967/4967/4967 4969/4969/4969 4939/4939/4939
f 4939/4939/4939 4969/4969/4969 4971/4971/4971 4941/4941/4941
f 4941/4941/4941 4971/4971/4971 4973/4973/4973 4943/4943/4943
f 4943/4943/4943 4973/4973/4973 4975/4975/4975 4945/4945/4945
f 4945/4945/4945 4975/4975/4975 4977/4977/4977 4947/4947/4947
f 4947/4947/4947 4977/4977/4977 4979/4979/4979 4949/4949/4949
f 4951/4951/4951 4981/4981/4981 4983/4983/4983 4953/4953/4953
f 4953/4953/4953 4983/4983/4983 4985/4985/4985 4955/4955/4955
f 4955/4955/4955 4985/4985/4985 4987/4987/4987 4957/4957/4957
f 4957/4957/4957 4987/4987/4987 4989/4989/4989 4959/4959/4959
f 4959/4959/4959 4989/4989/4989 4991/4991/4991 4961/4961/4961
f 4961/4961/4961 4991/4991/4991 4993/4993/4993 4963/4963/4963
f 4963/4963/4963 4993/4993/4993 4995/4995/4995 4965/4965/4965
f 4965/4965/4965 4995/4995/4995 4997/4997/4997 4967/4967/4967
f 4967/4967/4967 4997/4997/4997 4999/4999/4999 4969/4969/4969
f 4969/4969/4969 4999/4999/4999 5001/5001/5001 4971/4971/4971
f 4971/4971/4971 5001/5001/5001 5003/5003/5003 4973/4973/4973
f 4973/4973/4973 5003/5003/5003 5005/5005/5005 4975/4975/4975
f 4975/4975/4975 5005/5005/5005 5007/5007/5007 4977/4977/4977
f 4977/4977/4977 5007/5007/5007 5009/5009/5009 4979/4979/4979
f 4981/4981/4981 5011/5011/5011 5013/5013/5013 4983/4983/4983
f 4983/4983/4983 5013/5013/5013 5015/5015/5015 4985/4985/4985
f 4985/4985/4985 5015/5015/5015 5017/5017/5017 4987/4987/4987
f 4987/4987/4987 5017/5017/5017 5019/5019/5019 4989/4989/4989
f 4989/4989/4989 5019/5019/5019 5021/5021/5021 4991/4991/4991
f 4991/4991/4991 5021/5021/5021 5023/5023/5023 4993/4993/4993
f 4993/4993/4993 5023/5023/5023 5025/5025/5025 4995/4995/4995
f 4995/4995/4995 5025/5025/5025 5027/5027/5027 4997/4997/4997
f 4997/4997/4997 5027/5027/5027 5029/5029/5029 4999/4999/4999
f 4999/4999/4999 5029/5029/5029 5031/5031/5031 5001/5001/5001
f 5001/5001/5001 5031/5031/5031 5033/5033/5033 5003/5003/5003
f 5003/5003/5003 5033/5033/5033 5035/5035/5035 5005/5005/5005
f 5005/5005/5005 5035/5035/5035 5037/5037/5037 5007/5007/5007
f 5007/5007/5007 5037/5037/5037 5039/5039/5039 5009/5009/5009
f 5011/5011/5011 5041/5041/5041 5043/5043/5043 5013/5013/5013
f 5013/5013/5013 5043/5043/5043 5045/5045/5045 5015/5015/5015
f 5015/5015/5015 5045/5045/5045 5047/5047/5047 5017/5017/5017
f 5017/5017/5017 5047/5047/5047 5049/5049/5049 5019/5019/5019
f 5019/5019/5019 5049/5049/5049 5051/5051/5051 5021/5021/5021
f 5021/5021/5021 5051/5051/5051 5053/5053/5053 5023/5023/5023
f 5023/5023/5023 5053/5053/5053 5055/5055/5055 5025/5025/5025
f 5025/5025/5025 5055/5055/5055 5057/5057/5057 5027/5027/5027
f 5027/5027/5027 5057/5057/5057 5059/5059/5059 5029/5029/5029
f 5029/5029/5029 5059/5059/5059 5061/5061/5061 5031/5031/5031
f 5031/5031/5031 5061/5061/5061 5063/5063/5063 5033/5033/5033
f 5033/5033/5033 5063/5063/5063 5065/5065/5065 5035/5035/5035
f 5035/5035/5035 5065/5065/5065 5067/5067/5067 5037/5037/5037
f 5037/5037/5037 5067/5067/5067 5069/5069/5069 5039/5039/5039
f 5041/5041/5041 5071/5071/5071 5073/5073/5073 5043/5043/5043
f 5043/5043/5043 5073/5073/5073 5075/5075/5075 5045/5045/5045
f 5045/5045/5045 5075/5075/5075 5077/5077/5077 5047/5047/5047
f 5047/5047/5047 5077/5077/5077 5079/5079/5079 5049/5049/5049
f 5049/5049/5049 5079/5079/5079 5081/5081/5081 5051/5051/5051
f 5051/5051/5051 5081/5081/5081 5083/5083/5083 5053/5053/5053
f 5053/5053/5053 5083/5083/5083 5085/5085/5085 5055/5055/5055
f 5055/5055/5055 5085/5085/5085 5087/5087/5087 5057/5057/5057
f 5057/5057/5057 5087/5087/5087 5089/5089/5089 5059/5059/5059
f 5059/5059/5059 5089/5089/5089 5091/5091/5091 5061/5061/5061
f 5061/5061/5061 5091/5091/5091 5093/5093/5093 5063/5063/5063
f 5063/5063/5063 5093/5093/5093 5095/5095/5095 5065/5065/5065
f 5065/5065/5065 5095/5095/5095 5097/5097/5097 5067/5067/5067
f 5067/5067/5067 5097/5097/5097 5099/5099/5099 5069/5069/5069
f 5071/5071/5071 5101/5101/5101 5103/5103/5103 5073/5073/5073
f 5073/5073/5073 5103/5103/5103 5105/5105/5105 5075/5075/5075
f 5075/5075/5075 5105/5105/5105 5107/5107/5107 5077/5077/5077
f 5077/5077/5077 5107/5107/5107 5109/5109/5109 5079/5079/5079
f 5079/5079/5079 5109/5109/5109 5111/5111/5111 5081/5081/5081
f 5081/5081/5081 5111/5111/5111 5113/5113/5113 5083/5083/5083
f 5083/5083/5083 5113/5113/5113 5115/5115/5115 5085/5085/5085
f 5085/5085/5085 5115/5115/5115 5117/5117/5117 5087/5087/5087
f 5087/5087/5087 5117/5117/5117 5119/5119/5119 5089/5089/5089
f 5089/5089/5089 5119/5119/5119 5121/5121/5121 5091/5091/5091
f 5091/5091/5091 5121/5121/5121 5123/5123/5123 5093/5093/5093
f 5093/5093/5093 5123/5123/5123 5125/5125/5125 5095/5095/5095
f 5095/5095/5095 5125/5125/5125 5127/5127/5127 5097/5097/5097
f 5097/5097/5097 5127/5127/5127 5129/5129/5129 5099/5099/5099
f 5101/5101/5101 5131/5131/5131 5133/5133/5133 5103/5103/5103
f 5103/5103/5103 5133/5133/5133 5135/5135/5135 5105/5105/5105
f 5105/5105/5105 5135/5135/5135 5137/5137/5137 5107/5107/5107
f 5107/5107/5107 5137/5137/5137 5139/5139/5139 5109/5109/5109
f 5109/5109/5109 5139/5139/5139 5141/5141/5141 5111/5111/5111
f 5111/5111/5111 5141/5141/5141 5143/5143/5143 5113/5113/5113
f 5113/5113/5113 5143/5143/5143 5145/5145/5145 5115/5115/5115
f 5115/5115/5115 5145/5145/5145 5147/5147/5147 5117/5117/5117
f 5117/5117/5117 5147/5147/5147 5149/5149/5149 5119/5119/5119
f 5119/5119/5119 5149/5149/5149 5151/5151/5151 5121/5121/5121
f 5121/5121/5121 5151/5151/5151 5153/5153/5153 5123/5123/5123
f 5123/5123/5123 5153/5153/5153 5155/5155/5155 5125/5125/5125
f 5125/5125/5125 5155/5155/5155 5157/5157/5157 5127/5127/5127
f 5127/5127/5127 5157/5157/5157 5159/5159/5159 5129/5129/5129
f 5131/5131/5131 5161/5161/5161 5163/5163/5163 5133/5133/5133
f 5133/5133/5133 5163/5163/5163 5165/5165/5165 5135/5135/5135
f 5135/5135/5135 5165/5165/5165 5167/5167/5167 5137/5137/5137
f 5137/5137/5137 5167/5167/5167 5169/5169/5169 5139/5139/5139
f 5139/5139/5139 5169/5169/5169 5171/5171/5171 5141/5141/5141
f 5141/5141/5141 5171/5171/5171 5173/5173/5173 5143/5143/5143
f 5143/5143/5143 5173/5173/5173 5175/5175/5175 5145/5145/5145
f 5145/5145/5145 5175/5175/5175 5177/5177/5177 5147/5147/5147
f 5147/5147/5147 5177/5177/5177 5179/5179/5179 5149/5149/5149
f 5149/5149/5149 5179/5179/5179 5181/5181/5181 5151/5151/5151
f 5151/5151/5151 5181/5181/5181 5183/5183/5183 5153/5153/5153
f 5153/5153/5153 5183/5183/5183 5185/5185/5185 5155/5155/5155
f 5155/5155/5155 5185/5185/5185 5187/5187/5187 5157/5157/5157
f 5157/5157/5157 5187/5187/5187 5189/5189/5189 5159/5159/5159
f 5161/5161/5161 5191/5191/5191 5193/5193/5193 5163/5163/5163
f 5163/5163/5163 5193/5193/5193 5195/5195/5195 5165/5165/5165
f 5165/5165/5165 5195/5195/5195 5197/5197/5197 5167/5167/5167
f 5167/5167/5167 5197/5197/5197 5199/5199/5199 5169/5169/5169
f 5169/5169/5169 5199/5199/5199 5201/5201/5201 5171/5171/5171
f 5171/5171/5171 5201/5201/5201 5203/5203/5203 5173/5173/5173
f 5173/5173/5173 5203/5203/5203 5205/5205/5205 5175/5175/5175
f 5175/5175/5175 5205/5205/5205 5207/5207/5207 5177/5177/5177
f 5177/5177/5177 5207/5207/5207 5209/5209/5209 5179/5179/5179
f 5179/5179/5179 5209/5209/5209 5211/5211/5211 5181/5181/5181
f 5181/5181/5181 5211/5211/5211 5213/5213/5213 5183/5183/5183
f 5183/5183/5183 5213/5213/5213 5215/5215/5215 5185/5185/5185
f 5185/5185/5185 5215/5215/5215 5217/5217/5217 5187/5187/5187
f 5187/5187/5187 5217/5217/5217 5219/5219/5219 5189/5189/5189
f 5191/5191/5191 5221/5221/5221 5223/5223/5223 5193/5193/5193
f 5193/5193/5193 5223/5223/5223 5225/5225/5225 5195/5195/5195
f 5195/5195/5195 5225/5225/5225 5227/5227/5227 5197/5197/5197
f 5197/5197/5197 5227/5227/5227 5229/5229/5229 5199/5199/5199
f 5199/5199/5199 5229/5229/5229 5231/5231/5231 5201/5201/5201
f 5201/5201/5201 5231/5231/5231 5233/5233/5233 5203/5203/5203
f 5203/5203/5203 5233/5233/5233 5235/5235/5235 5205/5205/5205
f 5205/5205/5205 5235/5235/5235 5237/5237/5237 5207/5207/5207
f 5207/5207/5207 5237/5237/5237 5239/5239/5239 5209/5209/5209
f 5209/5209/5209 5239/5239/5239 5241/5241/5241 5211/5211/5211
f 5211/5211/5211 5241/5241/5241 5243/5243/5243 5213/5213/5213
f 5213/5213/5213 5243/5243/5243 5245/5245/5245 5215/5215/5215
f 5215/5215/5215 5245/5245/5245 5247/5247/5247 5217/5217/5217
f 5217/5217/5217 5247/5247/5247 5249/5249/5249 5219/5219/5219
f 4502/4502/4502 4504/4504/4504 4534/4534/4534 4532/4532/4532
f 4504/4504/4504 4506/4506/4506 4536/4536/4536 4534/4534/4534
f 4506/4506/4506 4508/4508/4508 4538/4538/4538 4536/4536/4536
f 4508/4508/4508 4510/4510/4510 4540/4540/4540 4538/4538/4538
f 4510/4510/4510 4512/4512/4512 4542/4542/4542 4540/4540/4540
f 4512/4512/4512 4514/4514/4514 4544/4544/4544 4542/4542/4542
f 4514/4514/4514 4516/4516/4516 4546/4546/4546 4544/4544/4544
f 4516/4516/4516 4518/4518/4518 4548/4548/4548 4546/4546/4546
f 4518/4518/4518 4520/4520/4520 4550/4550/4550 4548/4548/4548
f 4520/4520/4520 4522/4522/4522 4552/4552/4552 4550/4550/4550
f 4522/4522/4522 4524/4524/4524 4554/4554/4554 4552/4552/4552
f 4524/4524/4524 4526/4526/4526 4556/4556/4556 4554/4554/4554
f 4526/4526/4526 4528/4528/4528 4558/4558/4558 4556/4556/4556
f 4528/4528/4528 4530/4530/4530 4560/4560/4560 4558/4558/4558
f 4532/4532/4532 4534/4534/4534 4564/4564/4564 4562/4562/4562
f 4534/4534/4534 4536/4536/4536 4566/4566/4566 4564/4564/4564
f 4536/4536/4536 4538/4538/4538 4568/4568/4568 4566/4566/4566
f 4538/4538/4538 4540/4540/4540 4570/4570/4570 4568/4568/4568
f 4540/4540/4540 4542/4542/4542 4572/4572/4572 4570/4570/4570
f 4542/4542/4542 4544/4544/4544 4574/4574/4574 4572/4572/4572
f 4544/4544/4544 4546/4546/4546 4576/4576/4576 4574/4574/4574
f 4546/4546/4546 4548/4548/4548 4578/4578/4578 4576/4576/4576
f 4548/4548/4548 4550/4550/4550 4580/4580/4580 4578/4578/4578
f 4550/4550/4550 4552/4552/4552 4582/4582/4582 4580/4580/4580
f 4552/4552/4552 4554/4554/4554 4584/4584/4584 4582/4582/4582
f 4554/4554/4554 4556/4556/4556 4586/4586/4586 4584/4584/4584
f 4556/4556/4556 4558/4558/4558 4588/4588/4588 4586/4586/4586
f 4558/4558/4558 4560/4560/4560 4590/4590/4590 4588/4588/4588
f 4562/4562/4562 4564/4564/4564 4594/4594/4594 4592/4592/4592
f 4564/4564/4564 4566/4566/4566 4596/4596/4596 4594/4594/4594
f 4566/4566/4566 4568/4568/4568 4598/4598/4598 4596/4596/4596
f 4568/4568/4568 4570/4570/4570 4600/4600/4600 4598/4598/4598
f 4570/4570/4570 4572/4572/4572 4602/4602/4602 4600/4600/4600
f 4572/4572/4572 4574/4574/4574 4604/4604/4604 4602/4602/4602
f 4574/4574/4574 4576/4576/4576 4606/4606/4606 4604/4604/4604
f 4576/4576/4576 4578/4578/4578 4608/4608/4608 4606/4606/4606
f 4578/4578/4578 4580/4580/4580 4610/4610/4610 4608/4608/4608
f 4580/4580/4580 4582/4582/4582 4612/4612/4612 4610/4610/4610
f 4582/4582/4582 4584/4584/4584 4614/4614/4614 4612/4612/4612
f 4584/4584/4584 4586/4586/4586 4616/4616/4616 4614/4614/4614
f 4586/4586/4586 4588/4588/4588 4618/4618/4618 4616/4616/4616
f 4588/4588/4588 4590/4590/4590 4620/4620/4620 4618/4618/4618
f 4592/4592/4592 4594/4594/4594 4624/4624/4624 4622/4622/4622
f 4594/4594/4594 4596/4596/4596 4626/4626/4626 4624/4624/4624
f 4596/4596/4596 4598/4598/4598 4628/4628/4628 4626/4626/4626
f 4598/4598/4598 4600/4600/4600 4630/4630/4630 4628/4628/4628
f 4600/4600/4600 4602/4602/4602 4632/4632/4632 4630/4630/4630
f 4602/4602/4602 4604/4604/4604 4634/4634/4634 4632/4632/4632
f 4604/4604/4604 4606/4606/4606 4636/4636/4636 4634/4634/4634
f 4606/4606/4606 4608/4608/4608 4638/4638/4638 4636/4636/4636
f 4608/4608/4608 4610/4610/4610 4640/4640/4640 4638/4638/4638
f 4610/4610/4610 4612/4612/4612 4642/4642/4642 4640/4640/4640
f 4612/4612/4612 4614/4614/4614 4644/4644/4644 4642/4642/4642
f 4614/4614/4614 4616/4616/4616 4646/4646/4646 4644/4644/4644
f 4616/4616/4616 4618/4618/4618 4648/4648/4648 4646/4646/4646
f 4618/4618/4618 4620/4620/4620 4650/4650/4650 4648/4648/4648
f 4622/4622/4622 4624/4624/4624 4654/4654/4654 4652/4652/4652
f 4624/4624/4624 4626/4626/4626 4656/4656/4656 4654/4654/4654
f 4626/4626/4626 4628/4628/4628 4658/4658/4658 4656/4656/4656
f 4628/4628/4628 4630/4630/4630 4660/4660/4660 4658/4658/4658
f 4630/4630/4630 4632/4632/4632 4662/4662/4662 4660/4660/4660
f 4632/4632/4632 4634/4634/4634 4664/4664/4664 4662/4662/4662
f 4634/4634/4634 4636/4636/4636 4666/4666/4666 4664/4664/4664
f 4636/4636/4636 4638/4638/4638 4668/4668/4668 4666/4666/4666
f 4638/4638/4638 4640/4640/4640 4670/4670/4670 4668/4668/4668
f 4640/4640/4640 4642/4642/4642 4672/4672/4672 4670/4670/4670
f 4642/4642/4642 4644/4644/4644 4674/4674/4674 4672/4672/4672
f 4644/4644/4644 4646/4646/4646 4676/4676/4676 4674/4674/4674
f 4646/4646/4646 4648/4648/4648 4678/4678/4678 4676/4676/4676
f 4648/4648/4648 4650/4650/4650 4680/4680/4680 4678/4678/4678
f 4652/4652/4652 4654/4654/4654 4684/4684/4684 4682/4682/4682
f 4654/4654/4654 4656/4656/4656 4686/4686/4686 4684/4684/4684
f 4656/4656/4656 4658/4658/4658 4688/4688/4688 4686/4686/4686
f 4658/4658/4658 4660/4660/4660 4690/4690/4690 4688/4688/4688
f 4660/4660/4660 4662/4662/4662 4692/4692/4692 4690/4690/4690
f 4662/4662/4662 4664/4664/4664 4694/4694/4694 4692/4692/4692
f 4664/4664/4664 4666/4666/4666 4696/4696/4696 4694/4694/4694
f 4666/4666/4666 4668/4668/4668 4698/4698/4698 4696/4696/4696
f 4668/4668/4668 4670/4670/4670 4700/4700/4700 4698/4698/4698
f 4670/4670/4670 4672/4672/4672 4702/4702/4702 4700/4700/4700
f 4672/4672/4672 4674/4674/4674 4704/4704/4704 4702/4702/4702
f 4674/4674/4674 4676/4676/4676 4706/4706/4706 4704/4704/4704
f 4676/4676/4676 4678/4678/4678 4708/4708/4708 4706/4706/4706
f 4678/4678/4678 4680/4680/4680 4710/4710/4710 4708/4708/4708
f 4682/4682/4682 4684/4684/4684 4714/4714/4714 4712/4712/4712
f 4684/4684/4684 4686/4686/4686 4716/4716/4716 4714/4714/4714
f 4686/4686/4686 4688/4688/4688 4718/4718/4718 4716/4716/4716
f 4688/4688/4688 4690/4690/4690 4720/4720/4720 4718/4718/4718
f 4690/4690/4690 4692/4692/4692 4722/4722/4722 4720/4720/4720
f 4692/4692/4692 4694/4694/4694 4724/4724/4724 4722/4722/4722
f 4694/4694/4694 4696/4696/4696 4726/4726/4726 4724/4724/4724
f 4696/4696/4696 4698/4698/4698 4728/4728/4728 4726/4726/4726
f 4698/4698/4698 4700/4700/4700 4730/4730/4730 4728/4728/4728
f 4700/4700/4700 4702/4702/4702 4732/4732/4732 4730/4730/4730
f 4702/4702/4702 4704/4704/4704 4734/4734/4734 4732/4732/4732
f 4704/4704/4704 4706/4706/4706 4736/4736/4736 4734/4734/4734
f 4706/4706/4706 4708/4708/4708 4738/4738/4738 4736/4736/4736
f 4708/4708/4708 4710/4710/4710 4740/4740/4740 4738/4738/4738
f 4712/4712/4712 4714/4714/4714 4744/4744/4744 4742/4742/4742
f 4714/4714/4714 4716/4716/4716 4746/4746/4746 4744/4744/4744
f 4716/4716/4716 4718/4718/4718 4748/4748/4748 4746/4746/4746
f 4718/4718/4718 4720/4720/4720 4750/4750/4750 4748/4748/4748
f 4720/4720/4720 4722/4722/4722 4752/4752/4752 4750/4750/4750
f 4722/4722/4722 4724/4724/4724 4754/4754/4754 4752/4752/4752
f 4724/4724/4724 4726/4726/4726 4756/4756/4756 4754/4754/4754
f 4726/4726/4726 4728/4728/4728 4758/4758/4758 4756/4756/4756
f 4728/4728/4728 4730/4730/4730 4760/4760/4760 4758/4758/4758
f 4730/4730/4730 4732/4732/4732 4762/4762/4762 4760/4760/4760
f 4732/4732/4732 4734/4734/4734 4764/4764/4764 4762/4762/4762
f 4734/4734/4734 4736/4736/4736 4766/4766/4766 4764/4764/4764
f 4736/4736/4736 4738/4738/4738 4768/4768/4768 4766/4766/4766
f 4738/4738/4738 4740/4740/4740 4770/4770/4770 4768/4768/4768
f 4742/4742/4742 4744/4744/4744 4774/4774/4774 4772/4772/4772
f 4744/4744/4744 4746/4746/4746 4776/4776/4776 4774/4774/4774
f 4746/4746/4746 4748/4748/4748 4778/4778/4778 4776/4776/4776
f 4748/4748/4748 4750/4750/4750 4780/4780/4780 4778/4778/4778
f 4750/4750/4750 4752/4752/4752 4782/4782/4782 4780/4780/4780
f 4752/4752/4752 4754/4754/4754 4784/4784/4784 4782/4782/4782
f 4754/4754/4754 4756/4756/4756 4786/4786/4786 4784/4784/4784
f 4756/4756/4756 4758/4758/4758 4788/4788/4788 4786/4786/4786
f 4758/4758/4758 4760/4760/4760 4790/4790/4790 4788/4788/4788
f 4760/4760/4760 4762/4762/4762 4792/4792/4792 4790/4790/4790
f 4762/4762/4762 4764/4764/4764 4794/4794/4794 4792/4792/4792
f 4764/4764/4764 4766/4766/4766 4796/4796/4796 4794/4794/4794
f 4766/4766/4766 4768/4768/4768 4798/4798/4798 4796/4796/4796
f 4768/4768/4768 4770/4770/4770 4800/4800/4800 4798/4798/4798
f 4772/4772/4772 4774/4774/4774 4804/4804/4804 4802/4802/4802
f 4774/4774/4774 4776/4776/4776 4806/4806/4806 4804/4804/4804
f 4776/4776/4776 4778/4778/4778 4808/4808/4808 4806/4806/4806
f 4778/4778/4778 4780/4780/4780 4810/4810/4810 4808/4808/4808
f 4780/4780/4780 4782/4782/4782 4812/4812/4812 4810/4810/4810
f 4782/4782/4782 4784/4784/4784 4814/4814/4814 4812/4812/4812
f 4784/4784/4784 4786/4786/4786 4816/4816/4816 4814/4814/4814
f 4786/4786/4786 4788/4788/4788 4818/4818/4818 4816/4816/4816
f 4788/4788/4788 4790/4790/4790 4820/4820/4820 4818/4818/4818
f 4790/4790/4790 4792/4792/4792 4822/4822/4822 4820/4820/4820
f 4792/4792/4792 4794/4794/4794 4824/4824/4824 4822/4822/4822
f 4794/4794/4794 4796/4796/4796 4826/4826/4826 4824/4824/4824
f 4796/4796/4796 4798/4798/4798 4828/4828/4828 4826/4826/4826
f 4798/4798/4798 4800/4800/4800 4830/4830/4830 4828/4828/4828
f 4802/4802/4802 4804/4804/4804 4834/4834/4834 4832/4832/4832
f 4804/4804/4804 4806/4806/4806 4836/4836/4836 4834/4834/4834
f 4806/4806/4806 4808/4808/4808 4838/4838/4838 4836/4836/4836
f 4808/4808/4808 4810/4810/4810 4840/4840/4840 4838/4838/4838
f 4810/4810/4810 4812/4812/4812 4842/4842/4842 4840/4840/4840
f 4812/4812/4812 4814/4814/4814 4844/4844/4844 4842/4842/4842
f 4814/4814/4814 4816/4816/4816 4846/4846/4846 4844/4844/4844
f 4816/4816/4816 4818/4818/4818 4848/4848/4848 4846/4846/4846
f 4818/4818/4818 4820/4820/4820 4850/4850/4850 4848/4848/4848
f 4820/4820/4820 4822/4822/4822 4852/4852/4852 4850/4850/4850
f 4822/4822/4822 4824/4824/4824 4854/4854/4854 4852/4852/4852
f 4824/4824/4824 4826/4826/4826 4856/4856/4856 4854/4854/4854
f 4826/4826/4826 4828/4828/4828 4858/4858/4858 4856/4856/4856
f 4828/4828/4828 4830/4830/4830 4860/4860/4860 4858/4858/4858
f 4832/4832/4832 4834/4834/4834 4864/4864/4864 4862/4862/4862
f 4834/4834/4834 4836/4836/4836 4866/4866/4866 4864/4864/4864
f 4836/4836/4836 4838/4838/4838 4868/4868/4868 4866/4866/4866
f 4838/4838/4838 4840/4840/4840 4870/4870/4870 4868/4868/4868
f 4840/4840/4840 4842/4842/4842 4872/4872/4872 4870/4870/4870
f 4842/4842/4842 4844/4844/4844 4874/4874/4874 4872/4872/4872
f 4844/4844/4844 4846/4846/4846 4876/4876/4876 4874/4874/4874
f 4846/4846/4846 4848/4848/4848 4878/4878/4878 4876/4876/4876
f 4848/4848/4848 4850/4850/4850 4880/4880/4880 4878/4878/4878
f 4850/4850/4850 4852/4852/4852 4882/4882/4882 4880/4880/4880
f 4852/4852/4852 4854/4854/4854 4884/4884/4884 4882/4882/4882
f 4854/4854/4854 4856/4856/4856 4886/4886/4886 4884/4884/4884
f 4856/4856/4856 4858/4858/4858 4888/4888/4888 4886/4886/4886
f 4858/4858/4858 4860/4860/4860 4890/4890/4890 4888/4888/4888
f 4862/4862/4862 4864/4864/4864 4894/4894/4894 4892/4892/4892
f 4864/4864/4864 4866/4866/4866 4896/4896/4896 4894/4894/4894
f 4866/4866/4866 4868/4868/4868 4898/4898/4898 4896/4896/4896
f 4868/4868/4868 4870/4870/4870 4900/4900/4900 4898/4898/4898
f 4870/4870/4870 4872/4872/4872 4902/4902/4902 4900/4900/4900
f 4872/4872/4872 4874/4874/4874 4904/4904/4904 4902/4902/4902
f 4874/4874/4874 4876/4876/4876 4906/4906/4906 4904/4904/4904
f 4876/4876/4876 4878/4878/4878 4908/4908/4908 4906/4906/4906
f 4878/4878/4878 4880/4880/4880 4910/4910/4910 4908/4908/4908
f 4880/4880/4880 4882/4882/4882 4912/4912/4912 4910/4910/4910
f 4882/4882/4882 4884/4884/4884 4914/4914/4914 4912/4912/4912
f 4884/4884/4884 4886/4886/4886 4916/4916/4916 4914/4914/4914
f 4886/4886/4886 4888/4888/4888 4918/4918/4918 4916/4916/4916
f 4888/4888/4888 4890/4890/4890 4920/4920/4920 4918/4918/4918
f 4892/4892/4892 4894/4894/4894 4924/4924/4924 4922/4922/4922
f 4894/4894/4894 4896/4896/4896 4926/4926/4926 4924/4924/4924
f 4896/4896/4896 4898/4898/4898 4928/4928/4928 4926/4926/4926
f 4898/4898/4898 4900/4900/4900 4930/4930/4930 4928/4928/4928
f 4900/4900/4900 4902/4902/4902 4932/4932/4932 4930/4930/4930
f 4902/4902/4902 4904/4904/4904 4934/4934/4934 4932/4932/4932
f 4904/4904/4904 4906/4906/4906 4936/4936/4936 4934/4934/4934
f 4906/4906/4906 4908/4908/4908 4938/4938/4938 4936/4936/4936
f 4908/4908/4908 4910/4910/4910 4940/4940/4940 4938/4938/4938
f 4910/4910/4910 4912/4912/4912 4942/4942/4942 4940/4940/4940
f 4912/4912/4912 4914/4914/4914 4944/4944/4944 4942/4942/4942
f 4914/4914/4914 4916/4916/4916 4946/4946/4946 4944/4944/4944
f 4916/4916/4916 4918/4918/4918 4948/4948/4948 4946/4946/4946
f 4918/4918/4918 4920/4920/4920 4950/4950/4950 4948/4948/4948
f 4922/4922/4922 4924/4924/4924 4954/4954/4954 4952/4952/4952
f 4924/4924/4924 4926/4926/4926 4956/4956/4956 4954/4954/4954
f 4926/4926/4926 4928/4928/4928 4958/4958/4958 4956/4956/4956
f 4928/4928/4928 4930/4930/4930 4960/4960/4960 4958/4958/4958
f 4930/4930/4930 4932/4932/4932 4962/4962/4962 4960/4960/4960
f 4932/4932/4932 4934/4934/4934 4964/4964/4964 4962/4962/4962
f 4934/4934/4934 4936/4936/4936 4966/4966/4966 4964/4964/4964
f 4936/4936/4936 4938/4938/4938 4968/4968/4968 4966/4966/4966
f 4938/4938/4938 4940/4940/4940 4970/4970/4970 4968/4968/4968
f 4940/4940/4940 4942/4942/4942 4972/4972/4972 4970/4970/4970
f 4942/4942/4942 4944/4944/4944 4974/4974/4974 4972/4972/4972
f 4944/4944/4944 4946/4946/4946 4976/4976/4976 4974/4974/4974
f 4946/4946/4946 4948/4948/4948 4978/4978/4978 4976/4976/4976
f 4948/4948/4948 4950/4950/4950 4980/4980/4980 4978/4978/4978
f 4952/4952/4952 4954/4954/4954 4984/4984/4984 4982/4982/4982
f 4954/4954/4954 4956/4956/4956 4986/4986/4986 4984/4984/4984
f 4956/4956/4956 4958/4958/4958 4988/4988/4988 4986/4986/4986
f 4958/4958/4958 4960/4960/4960 4990/4990/4990 4988/4988/4988
f 4960/4960/4960 4962/4962/4962 4992/4992/4992 4990/4990/4990
f 4962/4962/4962 4964/4964/4964 4994/4994/4994 4992/4992/4992
f 4964/4964/4964 4966/4966/4966 4996/4996/4996 4994/4994/4994
f 4966/4966/4966 4968/4968/4968 4998/4998/4998 4996/4996/4996
f 4968/4968/4968 4970/4970/4970 5000/5000/5000 4998/4998/4998
f 4970/4970/4970 4972/4972/4972 5002/5002/5002 5000/5000/5000
f 4972/4972/4972 4974/4974/4974 5004/5004/5004 5002/5002/5002
f 4974/4974/4974 4976/4976/4976 5006/5006/5006 5004/5004/5004
f 4976/4976/4976 4978/4978/4978 5008/5008/5008 5006/5006/5006
f 4978/4978/4978 4980/4980/4980 5010/5010/5010 5008/5008/5008
f 4982/4982/4982 4984/4984/4984 5014/5014/5014 5012/5012/5012
f 4984/4984/4984 4986/4986/4986 5016/5016/5016 5014/5014/5014
f 4986/4986/4986 4988/4988/4988 5018/5018/5018 5016/5016/5016
f 4988/4988/4988 4990/4990/4990 5020/5020/5020 5018/5018/5018
f 4990/4990/4990 4992/4992/4992 5022/5022/5022 5020/5020/5020
f 4992/4992/4992 4994/4994/4994 5024/5024/5024 5022/5022/5022
f 4994/4994/4994 4996/4996/4996 5026/5026/5026 5024/5024/5024
f 4996/4996/4996 4998/4998/4998 5028/5028/5028 5026/5026/5026
f 4998/4998/4998 5000/5000/5000 5030/5030/5030 5028/5028/5028
f 5000/5000/5000 5002/5002/5002 5032/5032/5032 5030/5030/5030
f 5002/5002/5002 5004/5004/5004 5034/5034/5034 5032/5032/5032
f 5004/5004/5004 5006/5006/5006 5036/5036/5036 5034/5034/5034
f 5006/5006/5006 5008/5008/5008 5038/5038/5038 5036/5036/5036
f 5008/5008/5008 5010/5010/5010 5040/5040/5040 5038/5038/5038
f 5012/5012/5012 5014/5014/5014 5044/5044/5044 5042/5042/5042
f 5014/5014/5014 5016/5016/5016 5046/5046/5046 5044/5044/5044
f 5016/5016/5016 5018/5018/5018 5048/5048/5048 5046/5046/5046
f 5018/5018/5018 5020/5020/5020 5050/5050/5050 5048/5048/5048
f 5020/5020/5020 5022/5022/5022 5052/5052/5052 5050/5050/5050
f 5022/5022/5022 5024/5024/5024 5054/5054/5054 5052/5052/5052
f 5024/5024/5024 5026/5026/5026 5056/5056/5056 5054/5054/5054
f 5026/5026/5026 5028/5028/5028 5058/5058/5058 5056/5056/5056
f 5028/5028/5028 5030/5030/5030 5060/5060/5060 5058/5058/5058
f 5030/5030/5030 5032/5032/5032 5062/5062/5062 5060/5060/5060
f 5032/5032/5032 5034/5034/5034 5064/5064/5064 5062/5062/5062
f 5034/5034/5034 5036/5036/5036 5066/5066/5066 5064/5064/5064
f 5036/5036/5036 5038/5038/5038 5068/5068/5068 5066/5066/5066
f 5038/5038/5038 5040/5040/5040 5070/5070/5070 5068/5068/5068
f 5042/5042/5042 5044/5044/5044 5074/5074/5074 5072/5072/5072
f 5044/5044/5044 5046/5046/5046 5076/5076/5076 5074/5074/5074
f 5046/5046/5046 5048/5048/5048 5078/5078/5078 5076/5076/5076
f 5048/5048/5048 5050/5050/5050 5080/5080/5080 5078/5078/5078
f 5050/5050/5050 5052/5052/5052 5082/5082/5082 5080/5080/5080
f 5052/5052/5052 5054/5054/5054 5084/5084/5084 5082/5082/5082
f 5054/5054/5054 5056/5056/5056 5086/5086/5086 5084/5084/5084
f 5056/5056/5056 5058/5058/5058 5088/5088/5088 5086/5086/5086
f 5058/5058/5058 5060/5060/5060 5090/5090/5090 5088/5088/5088
f 5060/5060/5060 5062/5062/5062 5092/5092/5092 5090/5090/5090
f 5062/5062/5062 5064/5064/5064 5094/5094/5094 5092/5092/5092
f 5064/5064/5064 5066/5066/5066 5096/5096/5096 5094/5094/5094
f 5066/5066/5066 5068/5068/5068 5098/5098/5098 5096/5096/5096
f 5068/5068/5068 5070/5070/5070 5100/5100/5100 5098/5098/5098
f 5072/5072/5072 5074/5074/5074 5104/5104/5104 5102/5102/5102
f 5074/5074/5074 5076/5076/5076 5106/5106/5106 5104/5104/5104
f 5076/5076/5076 5078/5078/5078 5108/5108/5108 5106/5106/5106
f 5078/5078/5078 5080/5080/5080 5110/5110/5110 5108/5108/5108
f 5080/5080/5080 5082/5082/5082 5112/5112/5112 5110/5110/5110
f 5082/5082/5082 5084/5084/5084 5114/5114/5114 5112/5112/5112
f 5084/5084/5084 5086/5086/5086 5116/5116/5116 5114/5114/5114
f 5086/5086/5086 5088/5088/5088 5118/5118/5118 5116/5116/5116
f 5088/5088/5088 5090/5090/5090 5120/5120/5120 5118/5118/5118
f 5090/5090/5090 5092/5092/5092 5122/5122/5122 5120/5120/5120
f 5092/5092/5092 5094/5094/5094 5124/5124/5124 5122/5122/5122
f 5094/5094/5094 5096/5096/5096 5126/5126/5126 5124/5124/5124
f 5096/5096/5096 5098/5098/5098 5128/5128/5128 5126/5126/5126
f 5098/5098/5098 5100/5100/5100 5130/5130/5130 5128/5128/5128
f 5102/5102/5102 5104/5104/5104 5134/5134/5134 5132/5132/5132
f 5104/5104/5104 5106/5106/5106 5136/5136/5136 5134/5134/5134
f 5106/5106/5106 5108/5108/5108 5138/5138/5138 5136/5136/5136
f 5108/5108/5108 5110/5110/5110 5140/5140/5140 5138/5138/5138
f 5110/5110/5110 5112/5112/5112 5142/5142/5142 5140/5140/5140
f 5112/5112/5112 5114/5114/5114 5144/5144/5144 5142/5142/5142
f 5114/5114/5114 5116/5116/5116 5146/5146/5146 5144/5144/5144
f 5116/5116/5116 5118/5118/5118 5148/5148/5148 5146/5146/5146
f 5118/5118/5118 5120/5120/5120 5150/5150/5150 5148/5148/5148
f 5120/5120/5120 5122/5122/5122 5152/5152/5152 5150/5150/5150
f 5122/5122/5122 5124/5124/5124 5154/5154/5154 5152/5152/5152
f 5124/5124/5124 5126/5126/5126 5156/5156/5156 5154/5154/5154
f 5126/5126/5126 5128/5128/5128 5158/5158/5158 5156/5156/5156
f 5128/5128/5128 5130/5130/5130 5160/5160/5160 5158/5158/5158
f 5132/5132/5132 5134/5134/5134 5164/5164/5164 5162/5162/5162
f 5134/5134/5134 5136/5136/5136 5166/5166/5166 5164/5164/5164
f 5136/5136/5136 5138/5138/5138 5168/5168/5168 5166/5166/5166
f 5138/5138/5138 5140/5140/5140 5170/5170/5170 5168/5168/5168
f 5140/5140/5140 5142/5142/5142 5172/5172/5172 5170/5170/5170
f 5142/5142/5142 5144/5144/5144 5174/5174/5174 5172/5172/5172
f 5144/5144/5144 5146/5146/5146 5176/5176/5176 5174/5174/5174
f 5146/5146/5146 5148/5148/5148 5178/5178/5178 5176/5176/5176
f 5148/5148/5148 5150/5150/5150 5180/5180/5180 5178/5178/5178
f 5150/5150/5150 5152/5152/5152 5182/5182/5182 5180/5180/5180
f 5152/5152/5152 5154/5154/5154 5184/5184/5184 5182/5182/5182
f 5154/5154/5154 5156/5156/5156 5186/5186/5186 5184/5184/5184
f 5156/5156/5156 5158/5158/5158 5188/5188/5188 5186/5186/5186
f 5158/5158/5158 5160/5160/5160 5190/5190/5190 5188/5188/5188
f 5162/5162/5162 5164/5164/5164 5194/5194/5194 5192/5192/5192
f 5164/5164/5164 5166/5166/5166 5196/5196/5196 5194/5194/5194
f 5166/5166/5166 5168/5168/5168 5198/5198/5198 5196/5196/5196
f 5168/5168/5168 5170/5170/5170 5200/5200/5200 5198/5198/5198
f 5170/5170/5170 5172/5172/5172 5202/5202/5202 5200/5200/5200
f 5172/5172/5172 5174/5174/5174 5204/5204/5204 5202/5202/5202
f 5174/5174/5174 5176/5176/5176 5206/5206/5206 5204/5204/5204
f 5176/5176/5176 5178/5178/5178 5208/5208/5208 5206/5206/5206
f 5178/5178/5178 5180/5180/5180 5210/5210/5210 5208/5208/5208
f 5180/5180/5180 5182/5182/5182 5212/5212/5212 5210/5210/5210
f 5182/5182/5182 5184/5184/5184 5214/5214/5214 5212/5212/5212
f 5184/5184/5184 5186/5186/5186 5216/5216/5216 5214/5214/5214
f 5186/5186/5186 5188/5188/5188 5218/5218/5218 5216/5216/5216
f 5188/5188/5188 5190/5190/5190 5220/5220/5220 5218/5218/5218
f 5192/5192/5192 5194/5194/5194 5224/5224/5224 5222/5222/5222
f 5194/5194/5194 5196/5196/5196 5226/5226/5226 5224/5224/5224
f 5196/5196/5196 5198/5198/5198 5228/5228/5228 5226/5226/5226
f 5198/5198/5198 5200/5200/5200 5230/5230/5230 5228/5228/5228
f 5200/5200/5200 5202/5202/5202 5232/5232/5232 5230/5230/5230
f 5202/5202/5202 5204/5204/5204 5234/5234/5234 5232/5232/5232
f 5204/5204/5204 5206/5206/5206 5236/5236/5236 5234/5234/5234
f 5206/5206/5206 5208/5208/5208 5238/5238/5238 5236/5236/5236
f 5208/5208/5208 5210/5210/5210 5240/5240/5240 5238/5238/5238
f 5210/5210/5210 5212/5212/5212 5242/5242/5242 5240/5240/5240
f 5212/5212/5212 5214/5214/5214 5244/5244/5244 5242/5242/5242
f 5214/5214/5214 5216/5216/5216 5246/5246/5246 5244/5244/5244
f 5216/5216/5216 5218/5218/5218 5248/5248/5248 5246/5246/5246
f 5218/5218/5218 5220/5220/5220 5250/5250/5250 5248/5248/5248
f 4501/4501/4501 4502/4502/4502 4532/4532/4532 4531/4531/4531
f 4529/4529/4529 4559/4559/4559 4560/4560/4560 4530/4530/4530
f 4531/4531/4531 4532/4532/4532 4562/4562/4562 4561/4561/4561
f 4559/4559/4559 4589/4589/4589 4590/4590/4590 4560/4560/4560
f 4561/4561/4561 4562/4562/4562 4592/4592/4592 4591/4591/4591
f 4589/4589/4589 4619/4619/4619 4620/4620/4620 4590/4590/4590
f 4591/4591/4591 4592/4592/4592 4622/4622/4622 4621/4621/4621
f 4619/4619/4619 4649/4649/4649 4650/4650/4650 4620/4620/4620
f 4621/4621/4621 4622/4622/4622 4652/4652/4652 4651/4651/4651
f 4649/4649/4649 4679/4679/4679 4680/4680/4680 4650/4650/4650
f 4651/4651/4651 4652/4652/4652 4682/4682/4682 4681/4681/4681
f 4679/4679/4679 4709/4709/4709 4710/4710/4710 4680/4680/4680
f 4681/4681/4681 4682/4682/4682 4712/4712/4712 4711/4711/4711
f 4709/4709/4709 4739/4739/4739 4740/4740/4740 4710/4710/4710
f 4711/4711/4711 4712/4712/4712 4742/4742/4742 4741/4741/4741
f 4739/4739/4739 4769/4769/4769 4770/4770/4770 4740/4740/4740
f 4741/4741/4741 4742/4742/4742 4772/4772/4772 4771/4771/4771
f 4769/4769/4769 4799/4799/4799 4800/4800/4800 4770/4770/4770
f 4771/4771/4771 4772/4772/4772 4802/4802/4802 4801/4801/4801
f 4799/4799/4799 4829/4829/4829 4830/4830/4830 4800/4800/4800
f 4801/4801/4801 4802/4802/4802 4832/4832/4832 4831/4831/4831
f 4829/4829/4829 4859/4859/4859 4860/4860/4860 4830/4830/4830
f 4831/4831/4831 4832/4832/4832 4862/4862/4862 4861/4861/4861
f 4859/4859/4859 4889/4889/4889 4890/4890/4890 4860/4860/4860
f 4861/4861/4861 4862/4862/4862 4892/4892/4892 4891/4891/4891
f 4889/4889/4889 4919/4919/4919 4920/4920/4920 4890/4890/4890
f 4891/4891/4891 4892/4892/4892 4922/4922/4922 4921/4921/4921
f 4919/4919/4919 4949/4949/4949 4950/4950/4950 4920/4920/4920
f 4921/4921/4921 4922/4922/4922 4952/4952/4952 4951/4951/4951
f 4949/4949/4949 4979/4979/4979 4980/4980/4980 4950/4950/4950
f 4951/4951/4951 4952/4952/4952 4982/4982/4982 4981/4981/4981
f 4979/4979/4979 5009/5009/5009 5010/5010/5010 4980/4980/4980
f 4981/4981/4981 4982/4982/4982 5012/5012/5012 5011/5011/5011
f 5009/5009/5009 5039/5039/5039 5040/5040/5040 5010/5010/5010
f 5011/5011/5011 5012/5012/5012 5042/5042/5042 5041/5041/5041
f 5039/5039/5039 5069/5069/5069 5070/5070/5070 5040/5040/5040
f 5041/5041/5041 5042/5042/5042 5072/5072/5072 5071/5071/5071
f 5069/5069/5069 5099/5099/5099 5100/5100/5100 5070/5070/5070
f 5071/5071/5071 5072/5072/5072 5102/5102/5102 5101/5101/5101
f 5099/5099/5099 5129/5129/5129 5130/5130/5130 5100/5100/5100
f 5101/5101/5101 5102/5102/5102 5132/5132/5132 5131/5131/5131
f 5129/5129/5129 5159/5159/5159 5160/5160/5160 5130/5130/5130
f 5131/5131/5131 5132/5132/5132 5162/5162/5162 5161/5161/5161
f 5159/5159/5159 5189/5189/5189 5190/5190/5190 5160/5160/5160
f 5161/5161/5161 5162/5162/5162 5192/5192/5192 5191/5191/5191
f 5189/5189/5189 5219/5219/5219 5220/5220/5220 5190/5190/5190
f 5191/5191/5191 5192/5192/5192 5222/5222/5222 5221/5221/5221
f 5219/5219/5219 5249/5249/5249 5250/5250/5250 5220/5220/5220
f 5251/5251/5251 5281/5281/5281 5283/5283/5283 5253/5253/5253
f 5253/5253/5253 5283/5283/5283 5285/5285/5285 5255/5255/5255
f 5255/5255/5255 5285/5285/5285 5287/5287/5287 5257/5257/5257
f 5257/5257/5257 5287/5287/5287 5289/5289/5289 5259/5259/5259
f 5259/5259/5259 5289/5289/5289 5291/5291/5291 5261/5261/5261
f 5261/5261/5261 5291/5291/5291 5293/5293/5293 5263/5263/5263
f 5263/5263/5263 5293/5293/5293 5295/5295/5295 5265/5265/5265
f 5265/5265/5265 5295/5295/5295 5297/5297/5297 5267/5267/5267
f 5267/5267/5267 5297/5297/5297 5299/5299/5299 5269/5269/5269
f 5269/5269/5269 5299/5299/5299 5301/5301/5301 5271/5271/5271
f 5271/5271/5271 5301/5301/5301 5303/5303/5303 5273/5273/5273
f 5273/5273/5273 5303/5303/5303 5305/5305/5305 5275/5275/5275
f 5275/5275/5275 5305/5305/5305 5307/5307/5307 5277/5277/5277
f 5277/5277/5277 5307/5307/5307 5309/5309/5309 5279/5279/5279
f 5281/5281/5281 5311/5311/5311 5313/5313/5313 5283/5283/5283
f 5283/5283/5283 5313/5313/5313 5315/5315/5315 5285/5285/5285
f 5285/5285/5285 5315/5315/5315 5317/5317/5317 5287/5287/5287
f 5287/5287/5287 5317/5317/5317 5319/5319/5319 5289/5289/5289
f 5289/5289/5289 5319/5319/5319 5321/5321/5321 5291/5291/5291
f 5291/5291/5291 5321/5321/5321 5323/5323/5323 5293/5293/5293
f 5293/5293/5293 5323/5323/5323 5325/5325/5325 5295/5295/5295
f 5295/5295/5295 5325/5325/5325 5327/5327/5327 5297/5297/5297
f 5297/5297/5297 5327/5327/5327 5329/5329/5329 5299/5299/5299
f 5299/5299/5299 5329/5329/5329 5331/5331/5331 5301/5301/5301
f 5301/5301/5301 5331/5331/5331 5333/5333/5333 5303/5303/5303
f 5303/5303/5303 5333/5333/5333 5335/5335/5335 5305/5305/5305
f 5305/5305/5305 5335/5335/5335 5337/5337/5337 5307/5307/5307
f 5307/5307/5307 5337/5337/5337 5339/5339/5339 5309/5309/5309
f 5311/5311/5311 5341/5341/5341 5343/5343/5343 5313/5313/5313
f 5313/5313/5313 5343/5343/5343 5345/5345/5345 5315/5315/5315
f 5315/5315/5315 5345/5345/5345 5347/5347/5347 5317/5317/5317
f 5317/5317/5317 5347/5347/5347 5349/5349/5349 5319/5319/5319
f 5319/5319/5319 5349/5349/5349 5351/5351/5351 5321/5321/5321
f 5321/5321/5321 5351/5351/5351 5353/5353/5353 5323/5323/5323
f 5323/5323/5323 5353/5353/5353 5355/5355/5355 5325/5325/5325
f 5325/5325/5325 5355/5355/5355 5357/5357/5357 5327/5327/5327
f 5327/5327/5327 5357/5357/5357 5359/5359/5359 5329/5329/5329
f 5329/5329/5329 5359/5359/5359 5361/5361/5361 5331/5331/5331
f 5331/5331/5331 5361/5361/5361 5363/5363/5363 5333/5333/5333
f 5333/5333/5333 5363/5363/5363 5365/5365/5365 5335/5335/5335
f 5335/5335/5335 5365/5365/5365 5367/5367/5367 5337/5337/5337
f 5337/5337/5337 5367/5367/5367 5369/5369/5369 5339/5339/5339
f 5341/5341/5341 5371/5371/5371 5373/5373/5373 5343/5343/5343
f 5343/5343/5343 5373/5373/5373 5375/5375/5375 5345/5345/5345
f 5345/5345/5345 5375/5375/5375 5377/5377/5377 5347/5347/5347
f 5347/5347/5347 5377/5377/5377 5379/5379/5379 5349/5349/5349
f 5349/5349/5349 5379/5379/5379 5381/5381/5381 5351/5351/5351
f 5351/5351/5351 5381/5381/5381 5383/5383/5383 5353/5353/5353
f 5353/5353/5353 5383/5383/5383 5385/5385/5385 5355/5355/5355
f 5355/5355/5355 5385/5385/5385 5387/5387/5387 5357/5357/5357
f 5357/5357/5357 5387/5387/5387 5389/5389/5389 5359/5359/5359
f 5359/5359/5359 5389/5389/5389 5391/5391/5391 5361/5361/5361
f 5361/5361/5361 5391/5391/5391 5393/5393/5393 5363/5363/5363
f 5363/5363/5363 5393/5393/5393 5395/5395/5395 5365/5365/5365
f 5365/5365/5365 5395/5395/5395 5397/5397/5397 5367/5367/5367
f 5367/5367/5367 5397/5397/5397 5399/5399/5399 5369/5369/5369
f 5371/5371/5371 5401/5401/5401 5403/5403/5403 5373/5373/5373
f 5373/5373/5373 5403/5403/5403 5405/5405/5405 5375/5375/5375
f 5375/5375/5375 5405/5405/5405 5407/5407/5407 5377/5377/5377
f 5377/5377/5377 5407/5407/5407 5409/5409/5409 5379/5379/5379
f 5379/5379/5379 5409/5409/5409 5411/5411/5411 5381/5381/5381
f 5381/5381/5381 5411/5411/5411 5413/5413/5413 5383/5383/5383
f 5383/5383/5383 5413/5413/5413 5415/5415/5415 5385/5385/5385
f 5385/5385/5385 5415/5415/5415 5417/5417/5417 5387/5387/5387
f 5387/5387/5387 5417/5417/5417 5419/5419/5419 5389/5389/5389
f 5389/5389/5389 5419/5419/5419 5421/5421/5421 5391/5391/5391
f 5391/5391/5391 5421/5421/5421 5423/5423/5423 5393/5393/5393
f 5393/5393/5393 5423/5423/5423 5425/5425/5425 5395/5395/5395
f 5395/5395/5395 5425/5425/5425 5427/5427/5427 5397/5397/5397
f 5397/5397/5397 5427/5427/5427 5429/5429/5429 5399/5399/5399
f 5401/5401/5401 5431/5431/5431 5433/5433/5433 5403/5403/5403
f 5403/5403/5403 5433/5433/5433 5435/5435/5435 5405/5405/5405
f 5405/5405/5405 5435/5435/5435 5437/5437/5437 5407/5407/5407
f 5407/5407/5407 5437/5437/5437 5439/5439/5439 5409/5409/5409
f 5409/5409/5409 5439/5439/5439 5441/5441/5441 5411/5411/5411
f 5411/5411/5411 5441/5441/5441 5443/5443/5443 5413/5413/5413
f 5413/5413/5413 5443/5443/5443 5445/5445/5445 5415/5415/5415
f 5415/5415/5415 5445/5445/5445 5447/5447/5447 5417/5417/5417
f 5417/5417/5417 5447/5447/5447 5449/5449/5449 5419/5419/5419
f 5419/5419/5419 5449/5449/5449 5451/5451/5451 5421/5421/5421
f 5421/5421/5421 5451/5451/5451 5453/5453/5453 5423/5423/5423
f 5423/5423/5423 5453/5453/5453 5455/5455/5455 5425/5425/5425
f 5425/5425/5425 5455/5455/5455 5457/5457/5457 5427/5427/5427
f 5427/5427/5427 5457/5457/5457 5459/5459/5459 5429/5429/5429
f 5431/5431/5431 5461/5461/5461 5463/5463/5463 5433/5433/5433
f 5433/5433/5433 5463/5463/5463 5465/5465/5465 5435/5435/5435
f 5435/5435/5435 5465/5465/5465 5467/5467/5467 5437/5437/5437
f 5437/5437/5437 5467/5467/5467 5469/5469/5469 5439/5439/5439
f 5439/5439/5439 5469/5469/5469 5471/5471/5471 5441/5441/5441
f 5441/5441/5441 5471/5471/5471 5473/5473/5473 5443/5443/5443
f 5443/5443/5443 5473/5473/5473 5475/5475/5475 5445/5445/5445
f 5445/5445/5445 5475/5475/5475 5477/5477/5477 5447/5447/5447
f 5447/5447/5447 5477/5477/5477 5479/5479/5479 5449/5449/5449
f 5449/5449/5449 5479/5479/5479 5481/5481/5481 5451/5451/5451
f 5451/5451/5451 5481/5481/5481 5483/5483/5483 5453/5453/5453
f 5453/5453/5453 5483/5483/5483 5485/5485/5485 5455/5455/5455
f 5455/5455/5455 5485/5485/5485 5487/5487/5487 5457/5457/5457
f 5457/5457/5457 5487/5487/5487 5489/5489/5489 5459/5459/5459
f 5461/5461/5461 5491/5491/5491 5493/5493/5493 5463/5463/5463
f 5463/5463/5463 5493/5493/5493 5495/5495/5495 5465/5465/5465
f 5465/5465/5465 5495/5495/5495 5497/5497/5497 5467/5467/5467
f 5467/5467/5467 5497/5497/5497 5499/5499/5499 5469/5469/5469
f 5469/5469/5469 5499/5499/5499 5501/5501/5501 5471/5471/5471
f 5471/5471/5471 5501/5501/5501 5503/5503/5503 5473/5473/5473
f 5473/5473/5473 5503/5503/5503 5505/5505/5505 5475/5475/5475
f 5475/5475/5475 5505/5505/5505 5507/5507/5507 5477/5477/5477
f 5477/5477/5477 5507/5507/5507 5509/5509/5509 5479/5479/5479
f 5479/5479/5479 5509/5509/5509 5511/5511/5511 5481/5481/5481
f 5481/5481/5481 5511/5511/5511 5513/5513/5513 5483/5483/5483
f 5483/5483/5483 5513/5513/5513 5515/5515/5515 5485/5485/5485
f 5485/5485/5485 5515/5515/5515 5517/5517/5517 5487/5487/5487
f 5487/5487/5487 5517/5517/5517 5519/5519/5519 5489/5489/5489
f 5491/5491/5491 5521/5521/5521 5523/5523/5523 5493/5493/5493
f 5493/5493/5493 5523/5523/5523 5525/5525/5525 5495/5495/5495
f 5495/5495/5495 5525/5525/5525 5527/5527/5527 5497/5497/5497
f 5497/5497/5497 5527/5527/5527 5529/5529/5529 5499/5499/5499
f 5499/5499/5499 5529/5529/5529 5531/5531/5531 5501/5501/5501
f 5501/5501/5501 5531/5531/5531 5533/5533/5533 5503/5503/5503
f 5503/5503/5503 5533/5533/5533 5535/5535/5535 5505/5505/5505
f 5505/5505/5505 5535/5535/5535 5537/5537/5537 5507/5507/5507
f 5507/5507/5507 5537/5537/5537 5539/5539/5539 5509/5509/5509
f 5509/5509/5509 5539/5539/5539 5541/5541/5541 5511/5511/5511
f 5511/5511/5511 5541/5541/5541 5543/5543/5543 5513/5513/5513
f 5513/5513/5513 5543/5543/5543 5545/5545/5545 5515/5515/5515
f 5515/5515/5515 5545/5545/5545 5547/5547/5547 5517/5517/5517
f 5517/5517/5517 5547/5547/5547 5549/5549/5549 5519/5519/5519
f 5521/5521/5521 5551/5551/5551 5553/5553/5553 5523/5523/5523
f 5523/5523/5523 5553/5553/5553 5555/5555/5555 5525/5525/5525
f 5525/5525/5525 5555/5555/5555 5557/5557/5557 5527/5527/5527
f 5527/5527/5527 5557/5557/5557 5559/5559/5559 5529/5529/5529
f 5529/5529/5529 5559/5559/5559 5561/5561/5561 5531/5531/5531
f 5531/5531/5531 5561/5561/5561 5563/5563/5563 5533/5533/5533
f 5533/5533/5533 5563/5563/5563 5565/5565/5565 5535/5535/5535
f 5535/5535/5535 5565/5565/5565 5567/5567/5567 5537/5537/5537
f 5537/5537/5537 5567/5567/5567 5569/5569/5569 5539/5539/5539
f 5539/5539/5539 5569/5569/5569 5571/5571/5571 5541/5541/5541
f 5541/5541/5541 5571/5571/5571 5573/5573/5573 5543/5543/5543
f 5543/5543/5543 5573/5573/5573 5575/5575/5575 5545/5545/5545
f 5545/5545/5545 5575/5575/5575 5577/5577/5577 5547/5547/5547
f 5547/5547/5547 5577/5577/5577 5579/5579/5579 5549/5549/5549
f 5551/5551/5551 5581/5581/5581 5583/5583/5583 5553/5553/5553
f 5553/5553/5553 5583/5583/5583 5585/5585/5585 5555/5555/5555
f 5555/5555/5555 5585/5585/5585 5587/5587/5587 5557/5557/5557
f 5557/5557/5557 5587/5587/5587 5589/5589/5589 5559/5559/5559
f 5559/5559/5559 5589/5589/5589 5591/5591/5591 5561/5561/5561
f 5561/5561/5561 5591/5591/5591 5593/5593/5593 5563/5563/5563
f 5563/5563/5563 5593/5593/5593 5595/5595/5595 5565/5565/5565
f 5565/5565/5565 5595/5595/5595 5597/5597/5597 5567/5567/5567
f 5567/5567/5567 5597/5597/5597 5599/5599/5599 5569/5569/5569
f 5569/5569/5569 5599/5599/5599 5601/5601/5601 5571/5571/5571
f 5571/5571/5571 5601/5601/5601 5603/5603/5603 5573/5573/5573
f 5573/5573/5573 5603/5603/5603 5605/5605/5605 5575/5575/5575
f 5575/5575/5575 5605/5605/5605 5607/5607/5607 5577/5577/5577
f 5577/5577/5577 5607/5607/5607 5609/5609/5609 5579/5579/5579
f 5581/5581/5581 5611/5611/5611 5613/5613/5613 5583/5583/5583
f 5583/5583/5583 5613/5613/5613 5615/5615/5615 5585/5585/5585
f 5585/5585/5585 5615/5615/5615 5617/5617/5617 5587/5587/5587
f 5587/5587/5587 5617/5617/5617 5619/5619/5619 5589/5589/5589
f 5589/5589/5589 5619/5619/5619 5621/5621/5621 5591/5591/5591
f 5591/5591/5591 5621/5621/5621 5623/5623/5623 5593/5593/5593
f 5593/5593/5593 5623/5623/5623 5625/5625/5625 5595/5595/5595
f 5595/5595/5595 5625/5625/5625 5627/5627/5627 5597/5597/5597
f 5597/5597/5597 5627/5627/5627 5629/5629/5629 5599/5599/5599
f 5599/5599/5599 5629/5629/5629 5631/5631/5631 5601/5601/5601
f 5601/5601/5601 5631/5631/5631 5633/5633/5633 5603/5603/5603
f 5603/5603/5603 5633/5633/5633 5635/5635/5635 5605/5605/5605
f 5605/5605/5605 5635/5635/5635 5637/5637/5637 5607/5607/5607
f 5607/5607/5607 5637/5637/5637 5639/5639/5639 5609/5609/5609
f 5611/5611/5611 5641/5641/5641 5643/5643/5643 5613/5613/5613
f 5613/5613/5613 5643/5643/5643 5645/5645/5645 5615/5615/5615
f 5615/5615/5615 5645/5645/5645 5647/5647/5647 5617/5617/5617
f 5617/5617/5617 5647/5647/5647 5649/5649/5649 5619/5619/5619
f 5619/5619/5619 5649/5649/5649 5651/5651/5651 5621/5621/5621
f 5621/5621/5621 5651/5651/5651 5653/5653/5653 5623/5623/5623
f 5623/5623/5623 5653/5653/5653 5655/5655/5655 5625/5625/5625
f 5625/5625/5625 5655/5655/5655 5657/5657/5657 5627/5627/5627
f 5627/5627/5627 5657/5657/5657 5659/5659/5659 5629/5629/5629
f 5629/5629/5629 5659/5659/5659 5661/5661/5661 5631/5631/5631
f 5631/5631/5631 5661/5661/5661 5663/5663/5663 5633/5633/5633
f 5633/5633/5633 5663/5663/5663 5665/5665/5665 5635/5635/5635
f 5635/5635/5635 5665/5665/5665 5667/5667/5667 5637/5637/5637
f 5637/5637/5637 5667/5667/5667 5669/5669/5669 5639/5639/5639
f 5641/5641/5641 5671/5671/5671 5673/5673/5673 5643/5643/5643
f 5643/5643/5643 5673/5673/5673 5675/5675/5675 5645/5645/5645
f 5645/5645/5645 5675/5675/5675 5677/5677/5677 5647/5647/5647
f 5647/5647/5647 5677/5677/5677 5679/5679/5679 5649/5649/5649
f 5649/5649/5649 5679/5679/5679 5681/5681/5681 5651/5651/5651
f 5651/5651/5651 5681/5681/5681 5683/5683/5683 5653/5653/5653
f 5653/5653/5653 5683/5683/5683 5685/5685/5685 5655/5655/5655
f 5655/5655/5655 5685/5685/5685 5687/5687/5687 5657/5657/5657
f 5657/5657/5657 5687/5687/5687 5689/5689/5689 5659/5659/5659
f 5659/5659/5659 5689/5689/5689 5691/5691/5691 5661/5661/5661
f 5661/5661/5661 5691/5691/5691 5693/5693/5693 5663/5663/5663
f 5663/5663/5663 5693/5693/5693 5695/5695/5695 5665/5665/5665
f 5665/5665/5665 5695/5695/5695 5697/5697/5697 5667/5667/5667
f 5667/5667/5667 5697/5697/5697 5699/5699/5699 5669/5669/5669
f 5671/5671/5671 5701/5701/5701 5703/5703/5703 5673/5673/5673
f 5673/5673/5673 5703/5703/5703 5705/5705/5705 5675/5675/5675
f 5675/5675/5675 5705/5705/5705 5707/5707/5707 5677/5677/5677
f 5677/5677/5677 5707/5707/5707 5709/5709/5709 5679/5679/5679
f 5679/5679/5679 5709/5709/5709 5711/5711/5711 5681/5681/5681
f 5681/5681/5681 5711/5711/5711 5713/5713/5713 5683/5683/5683
f 5683/5683/5683 5713/5713/5713 5715/5715/5715 5685/5685/5685
f 5685/5685/5685 5715/5715/5715 5717/5717/5717 5687/5687/5687
f 5687/5687/5687 5717/5717/5717 5719/5719/5719 5689/5689/5689
f 5689/5689/5689 5719/5719/5719 5721/5721/5721 5691/5691/5691
f 5691/5691/5691 5721/5721/5721 5723/5723/5723 5693/5693/5693
f 5693/5693/5693 5723/5723/5723 5725/5725/5725 5695/5695/5695
f 5695/5695/5695 5725/5725/5725 5727/5727/5727 5697/5697/5697
f 5697/5697/5697 5727/5727/5727 5729/5729/5729 5699/5699/5699
f 5701/5701/5701 5731/5731/5731 5733/5733/5733 5703/5703/5703
f 5703/5703/5703 5733/5733/5733 5735/5735/5735 5705/5705/5705
f 5705/5705/5705 5735/5735/5735 5737/5737/5737 5707/5707/5707
f 5707/5707/5707 5737/5737/5737 5739/5739/5739 5709/5709/5709
f 5709/5709/5709 5739/5739/5739 5741/5741/5741 5711/5711/5711
f 5711/5711/5711 5741/5741/5741 5743/5743/5743 5713/5713/5713
f 5713/5713/5713 5743/5743/5743 5745/5745/5745 5715/5715/5715
f 5715/5715/5715 5745/5745/5745 5747/5747/5747 5717/5717/5717
f 5717/5717/5717 5747/5747/5747 5749/5749/5749 5719/5719/5719
f 5719/5719/5719 5749/5749/5749 5751/5751/5751 5721/5721/5721
f 5721/5721/5721 5751/5751/5751 5753/5753/5753 5723/5723/5723
f 5723/5723/5723 5753/5753/5753 5755/5755/5755 5725/5725/5725
f 5725/5725/5725 5755/5755/5755 5757/5757/5757 5727/5727/5727
f 5727/5727/5727 5757/5757/5757 5759/5759/5759 5729/5729/5729
f 5731/5731/5731 5761/5761/5761 5763/5763/5763 5733/5733/5733
f 5733/5733/5733 5763/5763/5763 5765/5765/5765 5735/5735/5735
f 5735/5735/5735 5765/5765/5765 5767/5767/5767 5737/5737/5737
f 5737/5737/5737 5767/5767/5767 5769/5769/5769 5739/5739/5739
f 5739/5739/5739 5769/5769/5769 5771/5771/5771 5741/5741/5741
f 5741/5741/5741 5771/5771/5771 5773/5773/5773 5743/5743/5743
f 5743/5743/5743 5773/5773/5773 5775/5775/5775 5745/5745/5745
f 5745/5745/5745 5775/5775/5775 5777/5777/5777 5747/5747/5747
f 5747/5747/5747 5777/5777/5777 5779/5779/5779 5749/5749/5749
f 5749/5749/5749 5779/5779/5779 5781/5781/5781 5751/5751/5751
f 5751/5751/5751 5781/5781/5781 5783/5783/5783 5753/5753/5753
f 5753/5753/5753 5783/5783/5783 5785/5785/5785 5755/5755/5755
f 5755/5755/5755 5785/5785/5785 5787/5787/5787 5757/5757/5757
f 5757/5757/5757 5787/5787/5787 5789/5789/5789 5759/5759/5759
f 5761/5761/5761 5791/5791/5791 5793/5793/5793 5763/5763/5763
f 5763/5763/5763 5793/5793/5793 5795/5795/5795 5765/5765/5765
f 5765/5765/5765 5795/5795/5795 5797/5797/5797 5767/5767/5767
f 5767/5767/5767 5797/5797/5797 5799/5799/5799 5769/5769/5769
f 5769/5769/5769 5799/5799/5799 5801/5801/5801 5771/5771/5771
f 5771/5771/5771 5801/5801/5801 5803/5803/5803 5773/5773/5773
f 5773/5773/5773 5803/5803/5803 5805/5805/5805 5775/5775/5775
f 5775/5775/5775 5805/5805/5805 5807/5807/5807 5777/5777/5777
f 5777/5777/5777 5807/5807/5807 5809/5809/5809 5779/5779/5779
f 5779/5779/5779 5809/5809/5809 5811/5811/5811 5781/5781/5781
f 5781/5781/5781 5811/5811/5811 5813/5813/5813 5783/5783/5783
f 5783/5783/5783 5813/5813/5813 5815/5815/5815 5785/5785/5785
f 5785/5785/5785 5815/5815/5815 5817/5817/5817 5787/5787/5787
f 5787/5787/5787 5817/5817/5817 5819/5819/5819 5789/5789/5789
f 5791/5791/5791 5821/5821/5821 5823/5823/5823 5793/5793/5793
f 5793/5793/5793 5823/5823/5823 5825/5825/5825 5795/5795/5795
f 5795/5795/5795 5825/5825/5825 5827/5827/5827 5797/5797/5797
f 5797/5797/5797 5827/5827/5827 5829/5829/5829 5799/5799/5799
f 5799/5799/5799 5829/5829/5829 5831/5831/5831 5801/5801/5801
f 5801/5801/5801 5831/5831/5831 5833/5833/5833 5803/5803/5803
f 5803/5803/5803 5833/5833/5833 5835/5835/5835 5805/5805/5805
f 5805/5805/5805 5835/5835/5835 5837/5837/5837 5807/5807/5807
f 5807/5807/5807 5837/5837/5837 5839/5839/5839 5809/5809/5809
f 5809/5809/5809 5839/5839/5839 5841/5841/5841 5811/5811/5811
f 5811/5811/5811 5841/5841/5841 5843/5843/5843 5813/5813/5813
f 5813/5813/5813 5843/5843/5843 5845/5845/5845 5815/5815/5815
f 5815/5815/5815 5845/5845/5845 5847/5847/5847 5817/5817/5817
f 5817/5817/5817 5847/5847/5847 5849/5849/5849 5819/5819/5819
f 5821/5821/5821 5851/5851/5851 5853/5853/5853 5823/5823/5823
f 5823/5823/5823 5853/5853/5853 5855/5855/5855 5825/5825/5825
f 5825/5825/5825 5855/5855/5855 5857/5857/5857 5827/5827/5827
f 5827/5827/5827 5857/5857/5857 5859/5859/5859 5829/5829/5829
f 5829/5829/5829 5859/5859/5859 5861/5861/5861 5831/5831/5831
f 5831/5831/5831 5861/5861/5861 5863/5863/5863 5833/5833/5833
f 5833/5833/5833 5863/5863/5863 5865/5865/5865 5835/5835/5835
f 5835/5835/5835 5865/5865/5865 5867/5867/5867 5837/5837/5837
f 5837/5837/5837 5867/5867/5867 5869/5869/5869 5839/5839/5839
f 5839/5839/5839 5869/5869/5869 5871/5871/5871 5841/5841/5841
f 5841/5841/5841 5871/5871/5871 5873/5873/5873 5843/5843/5843
f 5843/5843/5843 5873/5873/5873 5875/5875/5875 5845/5845/5845
f 5845/5845/5845 5875/5875/5875 5877/5877/5877 5847/5847/5847
f 5847/5847/5847 5877/5877/5877 5879/5879/5879 5849/5849/5849
f 5851/5851/5851 5881/5881/5881 5883/5883/5883 5853/5853/5853
f 5853/5853/5853 5883/5883/5883 5885/5885/5885 5855/5855/5855
f 5855/5855/5855 5885/5885/5885 5887/5887/5887 5857/5857/5857
f 5857/5857/5857 5887/5887/5887 5889/5889/5889 5859/5859/5859
f 5859/5859/5859 5889/5889/5889 5891/5891/5891 5861/5861/5861
f 5861/5861/5861 5891/5891/5891 5893/5893/5893 5863/5863/5863
f 5863/5863/5863 5893/5893/5893 5895/5895/5895 5865/5865/5865
f 5865/5865/5865 5895/5895/5895 5897/5897/5897 5867/5867/5867
f 5867/5867/5867 5897/5897/5897 5899/5899/5899 5869/5869/5869
f 5869/5869/5869 5899/5899/5899 5901/5901/5901 5871/5871/5871
f 5871/5871/5871 5901/5901/5901 5903/5903/5903 5873/5873/5873
f 5873/5873/5873 5903/5903/5903 5905/5905/5905 5875/5875/5875
f 5875/5875/5875 5905/5905/5905 5907/5907/5907 5877/5877/5877
f 5877/5877/5877 5907/5907/5907 5909/5909/5909 5879/5879/5879
f 5881/5881/5881 5911/5911/5911 5913/5913/5913 5883/5883/5883
f 5883/5883/5883 5913/5913/5913 5915/5915/5915 5885/5885/5885
f 5885/5885/5885 5915/5915/5915 5917/5917/5917 5887/5887/5887
f 5887/5887/5887 5917/5917/5917 5919/5919/5919 5889/5889/5889
f 5889/5889/5889 5919/5919/5919 5921/5921/5921 5891/5891/5891
f 5891/5891/5891 5921/5921/5921 5923/5923/5923 5893/5893/5893
f 5893/5893/5893 5923/5923/5923 5925/5925/5925 5895/5895/5895
f 5895/5895/5895 5925/5925/5925 5927/5927/5927 5897/5897/5897
f 5897/5897/5897 5927/5927/5927 5929/5929/5929 5899/5899/5899
f 5899/5899/5899 5929/5929/5929 5931/5931/5931 5901/5901/5901
f 5901/5901/5901 5931/5931/5931 5933/5933/5933 5903/5903/5903
f 5903/5903/5903 5933/5933/5933 5935/5935/5935 5905/5905/5905
f 5905/5905/5905 5935/5935/5935 5937/5937/5937 5907/5907/5907
f 5907/5907/5907 5937/5937/5937 5939/5939/5939 5909/5909/5909
f 5911/5911/5911 5941/5941/5941 5943/5943/5943 5913/5913/5913
f 5913/5913/5913 5943/5943/5943 5945/5945/5945 5915/5915/5915
f 5915/5915/5915 5945/5945/5945 5947/5947/5947 5917/5917/5917
f 5917/5917/5917 5947/5947/5947 5949/5949/5949 5919/5919/5919
f 5919/5919/5919 5949/5949/5949 5951/5951/5951 5921/5921/5921
f 5921/5921/5921 5951/5951/5951 5953/5953/5953 5923/5923/5923
f 5923/5923/5923 5953/5953/5953 5955/5955/5955 5925/5925/5925
f 5925/5925/5925 5955/5955/5955 5957/5957/5957 5927/5927/5927
f 5927/5927/5927 5957/5957/5957 5959/5959/5959 5929/5929/5929
f 5929/5929/5929 5959/5959/5959 5961/5961/5961 5931/5931/5931
f 5931/5931/5931 5961/5961/5961 5963/5963/5963 5933/5933/5933
f 5933/5933/5933 5963/5963/5963 5965/5965/5965 5935/5935/5935
f 5935/5935/5935 5965/5965/5965 5967/5967/5967 5937/5937/5937
f 5937/5937/5937 5967/5967/5967 5969/5969/5969 5939/5939/5939
f 5941/5941/5941 5971/5971/5971 5973/5973/5973 5943/5943/5943
f 5943/5943/5943 5973/5973/5973 5975/5975/5975 5945/5945/5945
f 5945/5945/5945 5975/5975/5975 5977/5977/5977 5947/5947/5947
f 5947/5947/5947 5977/5977/5977 5979/5979/5979 5949/5949/5949
f 5949/5949/5949 5979/5979/5979 5981/5981/5981 5951/5951/5951
f 5951/5951/5951 5981/5981/5981 5983/5983/5983 5953/5953/5953
f 5953/5953/5953 5983/5983/5983 5985/5985/5985 5955/5955/5955
f 5955/5955/5955 5985/5985/5985 5987/5987/5987 5957/5957/5957
f 5957/5957/5957 5987/5987/5987 5989/5989/5989 5959/5959/5959
f 5959/5959/5959 5989/5989/5989 5991/5991/5991 5961/5961/5961
f 5961/5961/5961 5991/5991/5991 5993/5993/5993 5963/5963/5963
f 5963/5963/5963 5993/5993/5993 5995/5995/5995 5965/5965/5965
f 5965/5965/5965 5995/5995/5995 5997/5997/5997 5967/5967/5967
f 5967/5967/5967 5997/5997/5997 5999/5999/5999 5969/5969/5969
f 5252/5252/5252 5254/5254/5254 5284/5284/5284 5282/5282/5282
f 5254/5254/5254 5256/5256/5256 5286/5286/5286 5284/5284/5284
f 5256/5256/5256 5258/5258/5258 5288/5288/5288 5286/5286/5286
f 5258/5258/5258 5260/5260/5260 5290/5290/5290 5288/5288/5288
f 5260/5260/5260 5262/5262/5262 5292/5292/5292 5290/5290/5290
f 5262/5262/5262 5264/5264/5264 5294/5294/5294 5292/5292/5292
f 5264/5264/5264 5266/5266/5266 5296/5296/5296 5294/5294/5294
f 5266/5266/5266 5268/5268/5268 5298/5298/5298 5296/5296/5296
f 5268/5268/5268 5270/5270/5270 5300/5300/5300 5298/5298/5298
f 5270/5270/5270 5272/5272/5272 5302/5302/5302 5300/5300/5300
f 5272/5272/5272 5274/5274/5274 5304/5304/5304 5302/5302/5302
f 5274/5274/5274 5276/5276/5276 5306/5306/5306 5304/5304/5304
f 5276/5276/5276 5278/5278/5278 5308/5308/5308 5306/5306/5306
f 5278/5278/5278 5280/5280/5280 5310/5310/5310 5308/5308/5308
f 5282/5282/5282 5284/5284/5284 5314/5314/5314 5312/5312/5312
f 5284/5284/5284 5286/5286/5286 5316/5316/5316 5314/5314/5314
f 5286/5286/5286 5288/5288/5288 5318/5318/5318 5316/5316/5316
f 5288/5288/5288 5290/5290/5290 5320/5320/5320 5318/5318/5318
f 5290/5290/5290 5292/5292/5292 5322/5322/5322 5320/5320/5320
f 5292/5292/5292 5294/5294/5294 5324/5324/5324 5322/5322/5322
f 5294/5294/5294 5296/5296/5296 5326/5326/5326 5324/5324/5324
f 5296/5296/5296 5298/5298/5298 5328/5328/5328 5326/5326/5326
f 5298/5298/5298 5300/5300/5300 5330/5330/5330 5328/5328/5328
f 5300/5300/5300 5302/5302/5302 5332/5332/5332 5330/5330/5330
f 5302/5302/5302 5304/5304/5304 5334/5334/5334 5332/5332/5332
f 5304/5304/5304 5306/5306/5306 5336/5336/5336 5334/5334/5334
f 5306/5306/5306 5308/5308/5308 5338/5338/5338 5336/5336/5336
f 5308/5308/5308 5310/5310/5310 5340/5340/5340 5338/5338/5338
f 5312/5312/5312 5314/5314/5314 5344/5344/5344 5342/5342/5342
f 5314/5314/5314 5316/5316/5316 5346/5346/5346 5344/5344/5344
f 5316/5316/5316 5318/5318/5318 5348/5348/5348 5346/5346/5346
f 5318/5318/5318 5320/5320/5320 5350/5350/5350 5348/5348/5348
f 5320/5320/5320 5322/5322/5322 5352/5352/5352 5350/5350/5350
f 5322/5322/5322 5324/5324/5324 5354/5354/5354 5352/5352/5352
f 5324/5324/5324 5326/5326/5326 5356/5356/5356 5354/5354/5354
f 5326/5326/5326 5328/5328/5328 5358/5358/5358 5356/5356/5356
f 5328/5328/5328 5330/5330/5330 5360/5360/5360 5358/5358/5358
f 5330/5330/5330 5332/5332/5332 5362/5362/5362 5360/5360/5360
f 5332/5332/5332 5334/5334/5334 5364/5364/5364 5362/5362/5362
f 5334/5334/5334 5336/5336/5336 5366/5366/5366 5364/5364/5364
f 5336/5336/5336 5338/5338/5338 5368/5368/5368 5366/5366/5366
f 5338/5338/5338 5340/5340/5340 5370/5370/5370 5368/5368/5368
f 5342/5342/5342 5344/5344/5344 5374/5374/5374 5372/5372/5372
f 5344/5344/5344 5346/5346/5346 5376/5376/5376 5374/5374/5374
f 5346/5346/5346 5348/5348/5348 5378/5378/5378 5376/5376/5376
f 5348/5348/5348 5350/5350/5350 5380/5380/5380 5378/5378/5378
f 5350/5350/5350 5352/5352/5352 5382/5382/5382 5380/5380/5380
f 5352/5352/5352 5354/5354/5354 5384/5384/5384 5382/5382/5382
f 5354/5354/5354 5356/5356/5356 5386/5386/5386 5384/5384/5384
f 5356/5356/5356 5358/5358/5358 5388/5388/5388 5386/5386/5386
f 5358/5358/5358 5360/5360/5360 5390/5390/5390 5388/5388/5388
f 5360/5360/5360 5362/5362/5362 5392/5392/5392 5390/5390/5390
f 5362/5362/5362 5364/5364/5364 5394/5394/5394 5392/5392/5392
f 5364/5364/5364 5366/5366/5366 5396/5396/5396 5394/5394/5394
f 5366/5366/5366 5368/5368/5368 5398/5398/5398 5396/5396/5396
f 5368/5368/5368 5370/5370/5370 5400/5400/5400 5398/5398/5398
f 5372/5372/5372 5374/5374/5374 5404/5404/5404 5402/5402/5402
f 5374/5374/5374 5376/5376/5376 5406/5406/5406 5404/5404/5404
f 5376/5376/5376 5378/5378/5378 5408/5408/5408 5406/5406/5406
f 5378/5378/5378 5380/5380/5380 5410/5410/5410 5408/5408/5408
f 5380/5380/5380 5382/5382/5382 5412/5412/5412 5410/5410/5410
f 5382/5382/5382 5384/5384/5384 5414/5414/5414 5412/5412/5412
f 5384/5384/5384 5386/5386/5386 5416/5416/5416 5414/5414/5414
f 5386/5386/5386 5388/5388/5388 5418/5418/5418 5416/5416/5416
f 5388/5388/5388 5390/5390/5390 5420/5420/5420 5418/5418/5418
f 5390/5390/5390 5392/5392/5392 5422/5422/5422 5420/5420/5420
f 5392/5392/5392 5394/5394/5394 5424/5424/5424 5422/5422/5422
f 5394/5394/5394 5396/5396/5396 5426/5426/5426 5424/5424/5424
f 5396/5396/5396 5398/5398/5398 5428/5428/5428 5426/5426/5426
f 5398/5398/5398 5400/5400/5400 5430/5430/5430 5428/5428/5428
f 5402/5402/5402 5404/5404/5404 5434/5434/5434 5432/5432/5432
f 5404/5404/5404 5406/5406/5406 5436/5436/5436 5434/5434/5434
f 5406/5406/5406 5408/5408/5408 5438/5438/5438 5436/5436/5436
f 5408/5408/5408 5410/5410/5410 5440/5440/5440 5438/5438/5438
f 5410/5410/5410 5412/5412/5412 5442/5442/5442 5440/5440/5440
f 5412/5412/5412 5414/5414/5414 5444/5444/5444 5442/5442/5442
f 5414/5414/5414 5416/5416/5416 5446/5446/5446 5444/5444/5444
f 5416/5416/5416 5418/5418/5418 5448/5448/5448 5446/5446/5446
f 5418/5418/5418 5420/5420/5420 5450/5450/5450 5448/5448/5448
f 5420/5420/5420 5422/5422/5422 5452/5452/5452 5450/5450/5450
f 5422/5422/5422 5424/5424/5424 5454/5454/5454 5452/5452/5452
f 5424/5424/5424 5426/5426/5426 5456/5456/5456 5454/5454/5454
f 5426/5426/5426 5428/5428/5428 5458/5458/5458 5456/5456/5456
f 5428/5428/5428 5430/5430/5430 5460/5460/5460 5458/5458/5458
f 5432/5432/5432 5434/5434/5434 5464/5464/5464 5462/5462/5462
f 5434/5434/5434 5436/5436/5436 5466/5466/5466 5464/5464/5464
f 5436/5436/5436 5438/5438/5438 5468/5468/5468 5466/5466/5466
f 5438/5438/5438 5440/5440/5440 5470/5470/5470 5468/5468/5468
f 5440/5440/5440 5442/5442/5442 5472/5472/5472 5470/5470/5470
f 5442/5442/5442 5444/5444/5444 5474/5474/5474 5472/5472/5472
f 5444/5444/5444 5446/5446/5446 5476/5476/5476 5474/5474/5474
f 5446/5446/5446 5448/5448/5448 5478/5478/5478 5476/5476/5476
f 5448/5448/5448 5450/5450/5450 5480/5480/5480 5478/5478/5478
f 5450/5450/5450 5452/5452/5452 5482/5482/5482 5480/5480/5480
f 5452/5452/5452 5454/5454/5454 5484/5484/5484 5482/5482/5482
f 5454/5454/5454 5456/5456/5456 5486/5486/5486 5484/5484/5484
f 5456/5456/5456 5458/5458/5458 5488/5488/5488 5486/5486/5486
f 5458/5458/5458 5460/5460/5460 5490/5490/5490 5488/5488/5488
f 5462/5462/5462 5464/5464/5464 5494/5494/5494 5492/5492/5492
f 5464/5464/5464 5466/5466/5466 5496/5496/5496 5494/5494/5494
f 5466/5466/5466 5468/5468/5468 5498/5498/5498 5496/5496/5496
f 5468/5468/5468 5470/5470/5470 5500/5500/5500 5498/5498/5498
f 5470/5470/5470 5472/5472/5472 5502/5502/5502 5500/5500/5500
f 5472/5472/5472 5474/5474/5474 5504/5504/5504 5502/5502/5502
f 5474/5474/5474 5476/5476/5476 5506/5506/5506 5504/5504/5504
f 5476/5476/5476 5478/5478/5478 5508/5508/5508 5506/5506/5506
f 5478/5478/5478 5480/5480/5480 5510/5510/5510 5508/5508/5508
f 5480/5480/5480 5482/5482/5482 5512/5512/5512 5510/5510/5510
f 5482/5482/5482 5484/5484/5484 5514/5514/5514 5512/5512/5512
f 5484/5484/5484 5486/5486/5486 5516/5516/5516 5514/5514/5514
f 5486/5486/5486 5488/5488/5488 5518/5518/5518 5516/5516/5516
f 5488/5488/5488 5490/5490/5490 5520/5520/5520 5518/5518/5518
f 5492/5492/5492 5494/5494/5494 5524/5524/5524 5522/5522/5522
f 5494/5494/5494 5496/5496/5496 5526/5526/5526 5524/5524/5524
f 5496/5496/5496 5498/5498/5498 5528/5528/5528 5526/5526/5526
f 5498/5498/5498 5500/5500/5500 5530/5530/5530 5528/5528/5528
f 5500/5500/5500 5502/5502/5502 5532/5532/5532 5530/5530/5530
f 5502/5502/5502 5504/5504/5504 5534/5534/5534 5532/5532/5532
f 5504/5504/5504 5506/5506/5506 5536/5536/5536 5534/5534/5534
f 5506/5506/5506 5508/5508/5508 5538/5538/5538 5536/5536/5536
f 5508/5508/5508 5510/5510/5510 5540/5540/5540 5538/5538/5538
f 5510/5510/5510 5512/5512/5512 5542/5542/5542 5540/5540/5540
f 5512/5512/5512 5514/5514/5514 5544/5544/5544 5542/5542/5542
f 5514/5514/5514 5516/5516/5516 5546/5546/5546 5544/5544/5544
f 5516/5516/5516 5518/5518/5518 5548/5548/5548 5546/5546/5546
f 5518/5518/5518 5520/5520/5520 5550/5550/5550 5548/5548/5548
f 5522/5522/5522 5524/5524/5524 5554/5554/5554 5552/5552/5552
f 5524/5524/5524 5526/5526/5526 5556/5556/5556 5554/5554/5554
f 5526/5526/5526 5528/5528/5528 5558/5558/5558 5556/5556/5556
f 5528/5528/5528 5530/5530/5530 5560/5560/5560 5558/5558/5558
f 5530/5530/5530 5532/5532/5532 5562/5562/5562 5560/5560/5560
f 5532/5532/5532 5534/5534/5534 5564/5564/5564 5562/5562/5562
f 5534/5534/5534 5536/5536/5536 5566/5566/5566 5564/5564/5564
f 5536/5536/5536 5538/5538/5538 5568/5568/5568 5566/5566/5566
f 5538/5538/5538 5540/5540/5540 5570/5570/5570 5568/5568/5568
f 5540/5540/5540 5542/5542/5542 5572/5572/5572 5570/5570/5570
f 5542/5542/5542 5544/5544/5544 5574/5574/5574 5572/5572/5572
f 5544/5544/5544 5546/5546/5546 5576/5576/5576 5574/5574/5574
f 5546/5546/5546 5548/5548/5548 5578/5578/5578 5576/5576/5576
f 5548/5548/5548 5550/5550/5550 5580/5580/5580 5578/5578/5578
f 5552/5552/5552 5554/5554/5554 5584/5584/5584 5582/5582/5582
f 5554/5554/5554 5556/5556/5556 5586/5586/5586 5584/5584/5584
f 5556/5556/5556 5558/5558/5558 5588/5588/5588 5586/5586/5586
f 5558/5558/5558 5560/5560/5560 5590/5590/5590 5588/5588/5588
f 5560/5560/5560 5562/5562/5562 5592/5592/5592 5590/5590/5590
f 5562/5562/5562 5564/5564/5564 5594/5594/5594 5592/5592/5592
f 5564/5564/5564 5566/5566/5566 5596/5596/5596 5594/5594/5594
f 5566/5566/5566 5568/5568/5568 5598/5598/5598 5596/5596/5596
f 5568/5568/5568 5570/5570/5570 5600/5600/5600 5598/5598/5598
f 5570/5570/5570 5572/5572/5572 5602/5602/5602 5600/5600/5600
f 5572/5572/5572 5574/5574/5574 5604/5604/5604 5602/5602/5602
f 5574/5574/5574 5576/5576/5576 5606/5606/5606 5604/5604/5604
f 5576/5576/5576 5578/5578/5578 5608/5608/5608 5606/5606/5606
f 5578/5578/5578 5580/5580/5580 5610/5610/5610 5608/5608/5608
f 5582/5582/5582 5584/5584/5584 5614/5614/5614 5612/5612/5612
f 5584/5584/5584 5586/5586/5586 5616/5616/5616 5614/5614/5614
f 5586/5586/5586 5588/5588/5588 5618/5618/5618 5616/5616/5616
f 5588/5588/5588 5590/5590/5590 5620/5620/5620 5618/5618/5618
f 5590/5590/5590 5592/5592/5592 5622/5622/5622 5620/5620/5620
f 5592/5592/5592 5594/5594/5594 5624/5624/5624 5622/5622/5622
f 5594/5594/5594 5596/5596/5596 5626/5626/5626 5624/5624/5624
f 5596/5596/5596 5598/5598/5598 5628/5628/5628 5626/5626/5626
f 5598/5598/5598 5600/5600/5600 5630/5630/5630 5628/5628/5628
f 5600/5600/5600 5602/5602/5602 5632/5632/5632 5630/5630/5630
f 5602/5602/5602 5604/5604/5604 5634/5634/5634 5632/5632/5632
f 5604/5604/5604 5606/5606/5606 5636/5636/5636 5634/5634/5634
f 5606/5606/5606 5608/5608/5608 5638/5638/5638 5636/5636/5636
f 5608/5608/5608 5610/5610/5610 5640/5640/5640 5638/5638/5638
f 5612/5612/5612 5614/5614/5614 5644/5644/5644 5642/5642/5642
f 5614/5614/5614 5616/5616/5616 5646/5646/5646 5644/5644/5644
f 5616/5616/5616 5618/5618/5618 5648/5648/5648 5646/5646/5646
f 5618/5618/5618 5620/5620/5620 5650/5650/5650 5648/5648/5648
f 5620/5620/5620 5622/5622/5622 5652/5652/5652 5650/5650/5650
f 5622/5622/5622 5624/5624/5624 5654/5654/5654 5652/5652/5652
f 5624/5624/5624 5626/5626/5626 5656/5656/5656 5654/5654/5654
f 5626/5626/5626 5628/5628/5628 5658/5658/5658 5656/5656/5656
f 5628/5628/5628 5630/5630/5630 5660/5660/5660 5658/5658/5658
f 5630/5630/5630 5632/5632/5632 5662/5662/5662 5660/5660/5660
f 5632/5632/5632 5634/5634/5634 5664/5664/5664 5662/5662/5662
f 5634/5634/5634 5636/5636/5636 5666/5666/5666 5664/5664/5664
f 5636/5636/5636 5638/5638/5638 5668/5668/5668 5666/5666/5666
f 5638/5638/5638 5640/5640/5640 5670/5670/5670 5668/5668/5668
f 5642/5642/5642 5644/5644/5644 5674/5674/5674 5672/5672/5672
f 5644/5644/5644 5646/5646/5646 5676/5676/5676 5674/5674/5674
f 5646/5646/5646 5648/5648/5648 5678/5678/5678 5676/5676/5676
f 5648/5648/5648 5650/5650/5650 5680/5680/5680 5678/5678/5678
f 5650/5650/5650 5652/5652/5652 5682/5682/5682 5680/5680/5680
f 5652/5652/5652 5654/5654/5654 5684/5684/5684 5682/5682/5682
f 5654/5654/5654 5656/5656/5656 5686/5686/5686 5684/5684/5684
f 5656/5656/5656 5658/5658/5658 5688/5688/5688 5686/5686/5686
f 5658/5658/5658 5660/5660/5660 5690/5690/5690 5688/5688/5688
f 5660/5660/5660 5662/5662/5662 5692/5692/5692 5690/5690/5690
f 5662/5662/5662 5664/5664/5664 5694/5694/5694 5692/5692/5692
f 5664/5664/5664 5666/5666/5666 5696/5696/5696 5694/5694/5694
f 5666/5666/5666 5668/5668/5668 5698/5698/5698 5696/5696/5696
f 5668/5668/5668 5670/5670/5670 5700/5700/5700 5698/5698/5698
f 5672/5672/5672 5674/5674/5674 5704/5704/5704 5702/5702/5702
f 5674/5674/5674 5676/5676/5676 5706/5706/5706 5704/5704/5704
f 5676/5676/5676 5678/5678/5678 5708/5708/5708 5706/5706/5706
f 5678/5678/5678 5680/5680/5680 5710/5710/5710 5708/5708/5708
f 5680/5680/5680 5682/5682/5682 5712/5712/5712 5710/5710/5710
f 5682/5682/5682 5684/5684/5684 5714/5714/5714 5712/5712/5712
f 5684/5684/5684 5686/5686/5686 5716/5716/5716 5714/5714/5714
f 5686/5686/5686 5688/5688/5688 5718/5718/5718 5716/5716/5716
f 5688/5688/5688 5690/5690/5690 5720/5720/5720 5718/5718/5718
f 5690/5690/5690 5692/5692/5692 5722/5722/5722 5720/5720/5720
f 5692/5692/5692 5694/5694/5694 5724/5724/5724 5722/5722/5722
f 5694/5694/5694 5696/5696/5696 5726/5726/5726 5724/5724/5724
f 5696/5696/5696 5698/5698/5698 5728/5728/5728 5726/5726/5726
f 5698/5698/5698 5700/5700/5700 5730/5730/5730 5728/5728/5728
f 5702/5702/5702 5704/5704/5704 5734/5734/5734 5732/5732/5732
f 5704/5704/5704 5706/5706/5706 5736/5736/5736 5734/5734/5734
f 5706/5706/5706 5708/5708/5708 5738/5738/5738 5736/5736/5736
f 5708/5708/5708 5710/5710/5710 5740/5740/5740 5738/5738/5738
f 5710/5710/5710 5712/5712/5712 5742/5742/5742 5740/5740/5740
f 5712/5712/5712 5714/5714/5714 5744/5744/5744 5742/5742/5742
f 5714/5714/5714 5716/5716/5716 5746/5746/5746 5744/5744/5744
f 5716/5716/5716 5718/5718/5718 5748/5748/5748 5746/5746/5746
f 5718/5718/5718 5720/5720/5720 5750/5750/5750 5748/5748/5748
f 5720/5720/5720 5722/5722/5722 5752/5752/5752 5750/5750/5750
f 5722/5722/5722 5724/5724/5724 5754/5754/5754 5752/5752/5752
f 5724/5724/5724 5726/5726/5726 5756/5756/5756 5754/5754/5754
f 5726/5726/5726 5728/5728/5728 5758/5758/5758 5756/5756/5756
f 5728/5728/5728 5730/5730/5730 5760/5760/5760 5758/5758/5758
f 5732/5732/5732 5734/5734/5734 5764/5764/5764 5762/5762/5762
f 5734/5734/5734 5736/5736/5736 5766/5766/5766 5764/5764/5764
f 5736/5736/5736 5738/5738/5738 5768/5768/5768 5766/5766/5766
f 5738/5738/5738 5740/5740/5740 5770/5770/5770 5768/5768/5768
f 5740/5740/5740 5742/5742/5742 5772/5772/5772 5770/5770/5770
f 5742/5742/5742 5744/5744/5744 5774/5774/5774 5772/5772/5772
f 5744/5744/5744 5746/5746/5746 5776/5776/5776 5774/5774/5774
f 5746/5746/5746 5748/5748/5748 5778/5778/5778 5776/5776/5776
f 5748/5748/5748 5750/5750/5750 5780/5780/5780 5778/5778/5778
f 5750/5750/5750 5752/5752/5752 5782/5782/5782 5780/5780/5780
f 5752/5752/5752 5754/5754/5754 5784/5784/5784 5782/5782/5782
f 5754/5754/5754 5756/5756/5756 5786/5786/5786 5784/5784/5784
f 5756/5756/5756 5758/5758/5758 5788/5788/5788 5786/5786/5786
f 5758/5758/5758 5760/5760/5760 5790/5790/5790 5788/5788/5788
f 5762/5762/5762 5764/5764/5764 5794/5794/5794 5792/5792/5792
f 5764/5764/5764 5766/5766/5766 5796/5796/5796 5794/5794/5794
f 5766/5766/5766 5768/5768/5768 5798/5798/5798 5796/5796/5796
f 5768/5768/5768 5770/5770/5770 5800/5800/5800 5798/5798/5798
f 5770/5770/5770 5772/5772/5772 5802/5802/5802 5800/5800/5800
f 5772/5772/5772 5774/5774/5774 5804/5804/5804 5802/5802/5802
f 5774/5774/5774 5776/5776/5776 5806/5806/5806 5804/5804/5804
f 5776/5776/5776 5778/5778/5778 5808/5808/5808 5806/5806/5806
f 5778/5778/5778 5780/5780/5780 5810/5810/5810 5808/5808/5808
f 5780/5780/5780 5782/5782/5782 5812/5812/5812 5810/5810/5810
f 5782/5782/5782 5784/5784/5784 5814/5814/5814 5812/5812/5812
f 5784/5784/5784 5786/5786/5786 5816/5816/5816 5814/5814/5814
f 5786/5786/5786 5788/5788/5788 5818/5818/5818 5816/5816/5816
f 5788/5788/5788 5790/5790/5790 5820/5820/5820 5818/5818/5818
f 5792/5792/5792 5794/5794/5794 5824/5824/5824 5822/5822/5822
f 5794/5794/5794 5796/5796/5796 5826/5826/5826 5824/5824/5824
f 5796/5796/5796 5798/5798/5798 5828/5828/5828 5826/5826/5826
f 5798/5798/5798 5800/5800/5800 5830/5830/5830 5828/5828/5828
f 5800/5800/5800 5802/5802/5802 5832/5832/5832 5830/5830/5830
f 5802/5802/5802 5804/5804/5804 5834/5834/5834 5832/5832/5832
f 5804/5804/5804 5806/5806/5806 5836/5836/5836 5834/5834/5834
f 5806/5806/5806 5808/5808/5808 5838/5838/5838 5836/5836/5836
f 5808/5808/5808 5810/5810/5810 5840/5840/5840 5838/5838/5838
f 5810/5810/5810 5812/5812/5812 5842/5842/5842 5840/5840/5840
f 5812/5812/5812 5814/5814/5814 5844/5844/5844 5842/5842/5842
f 5814/5814/5814 5816/5816/5816 5846/5846/5846 5844/5844/5844
f 5816/5816/5816 5818/5818/5818 5848/5848/5848 5846/5846/5846
f 5818/5818/5818 5820/5820/5820 5850/5850/5850 5848/5848/5848
f 5822/5822/5822 5824/5824/5824 5854/5854/5854 5852/5852/5852
f 5824/5824/5824 5826/5826/5826 5856/5856/5856 5854/5854/5854
f 5826/5826/5826 5828/5828/5828 5858/5858/5858 5856/5856/5856
f 5828/5828/5828 5830/5830/5830 5860/5860/5860 5858/5858/5858
f 5830/5830/5830 5832/5832/5832 5862/5862/5862 5860/5860/5860
f 5832/5832/5832 5834/5834/5834 5864/5864/5864 5862/5862/5862
f 5834/5834/5834 5836/5836/5836 5866/5866/5866 5864/5864/5864
f 5836/5836/5836 5838/5838/5838 5868/5868/5868 5866/5866/5866
f 5838/5838/5838 5840/5840/5840 5870/5870/5870 5868/5868/5868
f 5840/5840/5840 5842/5842/5842 5872/5872/5872 5870/5870/5870
f 5842/5842/5842 5844/5844/5844 5874/5874/5874 5872/5872/5872
f 5844/5844/5844 5846/5846/5846 5876/5876/5876 5874/5874/5874
f 5846/5846/5846 5848/5848/5848 5878/5878/5878 5876/5876/5876
f 5848/5848/5848 5850/5850/5850 5880/5880/5880 5878/5878/5878
f 5852/5852/5852 5854/5854/5854 5884/5884/5884 5882/5882/5882
f 5854/5854/5854 5856/5856/5856 5886/5886/5886 5884/5884/5884
f 5856/5856/5856 5858/5858/5858 5888/5888/5888 5886/5886/5886
f 5858/5858/5858 5860/5860/5860 5890/5890/5890 5888/5888/5888
f 5860/5860/5860 5862/5862/5862 5892/5892/5892 5890/5890/5890
f 5862/5862/5862 5864/5864/5864 5894/5894/5894 5892/5892/5892
f 5864/5864/5864 5866/5866/5866 5896/5896/5896 5894/5894/5894
f 5866/5866/5866 5868/5868/5868 5898/5898/5898 5896/5896/5896
f 5868/5868/5868 5870/5870/5870 5900/5900/5900 5898/5898/5898
f 5870/5870/5870 5872/5872/5872 5902/5902/5902 5900/5900/5900
f 5872/5872/5872 5874/5874/5874 5904/5904/5904 5902/5902/5902
f 5874/5874/5874 5876/5876/5876 5906/5906/5906 5904/5904/5904
f 5876/5876/5876 5878/5878/5878 5908/5908/5908 5906/5906/5906
f 5878/5878/5878 5880/5880/5880 5910/5910/5910 5908/5908/5908
f 5882/5882/5882 5884/5884/5884 5914/5914/5914 5912/5912/5912
f 5884/5884/5884 5886/5886/5886 5916/5916/5916 5914/5914/5914
f 5886/5886/5886 5888/5888/5888 5918/5918/5918 5916/5916/5916
f 5888/5888/5888 5890/5890/5890 5920/5920/5920 5918/5918/5918
f 5890/5890/5890 5892/5892/5892 5922/5922/5922 5920/5920/5920
f 5892/5892/5892 5894/5894/5894 5924/5924/5924 5922/5922/5922
f 5894/5894/5894 5896/5896/5896 5926/5926/5926 5924/5924/5924
f 5896/5896/5896 5898/5898/5898 5928/5928/5928 5926/5926/5926
f 5898/5898/5898 5900/5900/5900 5930/5930/5930 5928/5928/5928
f 5900/5900/5900 5902/5902/5902 5932/5932/5932 5930/5930/5930
f 5902/5902/5902 5904/5904/5904 5934/5934/5934 5932/5932/5932
f 5904/5904/5904 5906/5906/5906 5936/5936/5936 5934/5934/5934
f 5906/5906/5906 5908/5908/5908 5938/5938/5938 5936/5936/5936
f 5908/5908/5908 5910/5910/5910 5940/5940/5940 5938/5938/5938
f 5912/5912/5912 5914/5914/5914 5944/5944/5944 5942/5942/5942
f 5914/5914/5914 5916/5916/5916 5946/5946/5946 5944/5944/5944
f 5916/5916/5916 5918/5918/5918 5948/5948/5948 5946/5946/5946
f 5918/5918/5918 5920/5920/5920 5950/5950/5950 5948/5948/5948
f 5920/5920/5920 5922/5922/5922 5952/5952/5952 5950/5950/5950
f 5922/5922/5922 5924/5924/5924 5954/5954/5954 5952/5952/5952
f 5924/5924/5924 5926/5926/5926 5956/5956/5956 5954/5954/5954
f 5926/5926/5926 5928/5928/5928 5958/5958/5958 5956/5956/5956
f 5928/5928/5928 5930/5930/5930 5960/5960/5960 5958/5958/5958
f 5930/5930/5930 5932/5932/5932 5962/5962/5962 5960/5960/5960
f 5932/5932/5932 5934/5934/5934 5964/5964/5964 5962/5962/5962
f 5934/5934/5934 5936/5936/5936 5966/5966/5966 5964/5964/5964
f 5936/5936/5936 5938/5938/5938 5968/5968/5968 5966/5966/5966
f 5938/5938/5938 5940/5940/5940 5970/5970/5970 5968/5968/5968
f 5942/5942/5942 5944/5944/5944 5974/5974/5974 5972/5972/5972
f 5944/5944/5944 5946/5946/5946 5976/5976/5976 5974/5974/5974
f 5946/5946/5946 5948/5948/5948 5978/5978/5978 5976/5976/5976
f 5948/5948/5948 5950/5950/5950 5980/5980/5980 5978/5978/5978
f 5950/5950/5950 5952/5952/5952 5982/5982/5982 5980/5980/5980
f 5952/5952/5952 5954/5954/5954 5984/5984/5984 5982/5982/5982
f 5954/5954/5954 5956/5956/5956 5986/5986/5986 5984/5984/5984
f 5956/5956/5956 5958/5958/5958 5988/5988/5988 5986/5986/5986
f 5958/5958/5958 5960/5960/5960 5990/5990/5990 5988/5988/5988
f 5960/5960/5960 5962/5962/5962 5992/5992/5992 5990/5990/5990
f 5962/5962/5962 5964/5964/5964 5994/5994/5994 5992/5992/5992
f 5964/5964/5964 5966/5966/5966 5996/5996/5996 5994/5994/5994
f 5966/5966/5966 5968/5968/5968 5998/5998/5998 5996/5996/5996
f 5968/5968/5968 5970/5970/5970 6000/6000/6000 5998/5998/5998
f 5251/5251/5251 5252/5252/5252 5282/5282/5282 5281/5281/5281
f 5279/5279/5279 5309/5309/5309 5310/5310/5310 5280/5280/5280
f 5281/5281/5281 5282/5282/5282 5312/5312/5312 5311/5311/5311
f 5309/5309/5309 5339/5339/5339 5340/5340/5340 5310/5310/5310
f 5311/5311/5311 5312/5312/5312 5342/5342/5342 5341/5341/5341
f 5339/5339/5339 5369/5369/5369 5370/5370/5370 5340/5340/5340
f 5341/5341/5341 5342/5342/5342 5372/5372/5372 5371/5371/5371
f 5369/5369/5369 5399/5399/5399 5400/5400/5400 5370/5370/5370
f 5371/5371/5371 5372/5372/5372 5402/5402/5402 5401/5401/5401
f 5399/5399/5399 5429/5429/5429 5430/5430/5430 5400/5400/5400
f 5401/5401/5401 5402/5402/5402 5432/5432/5432 5431/5431/5431
f 5429/5429/5429 5459/5459/5459 5460/5460/5460 5430/5430/5430
f 5431/5431/5431 5432/5432/5432 5462/5462/5462 5461/5461/5461
f 5459/5459/5459 5489/5489/5489 5490/5490/5490 5460/5460/5460
f 5461/5461/5461 5462/5462/5462 5492/5492/5492 5491/5491/5491
f 5489/5489/5489 5519/5519/5519 5520/5520/5520 5490/5490/5490
f 5491/5491/5491 5492/5492/5492 5522/5522/5522 5521/5521/5521
f 5519/5519/5519 5549/5549/5549 5550/5550/5550 5520/5520/5520
f 5521/5521/5521 5522/5522/5522 5552/5552/5552 5551/5551/5551
f 5549/5549/5549 5579/5579/5579 5580/5580/5580 5550/5550/5550
f 5551/5551/5551 5552/5552/5552 5582/5582/5582 5581/5581/5581
f 5579/5579/5579 5609/5609/5609 5610/5610/5610 5580/5580/5580
f 5581/5581/5581 5582/5582/5582 5612/5612/5612 5611/5611/5611
f 5609/5609/5609 5639/5639/5639 5640/5640/5640 5610/5610/5610
f 5611/5611/5611 5612/5612/5612 5642/5642/5642 5641/5641/5641
f 5639/5639/5639 5669/5669/5669 5670/5670/5670 5640/5640/5640
f 5641/5641/5641 5642/5642/5642 5672/5672/5672 5671/5671/5671
f 5669/5669/5669 5699/5699/5699 5700/5700/5700 5670/5670/5670
f 5671/5671/5671 5672/5672/5672 5702/5702/5702 5701/5701/5701
f 5699/5699/5699 5729/5729/5729 5730/5730/5730 5700/5700/5700
f 5701/5701/5701 5702/5702/5702 5732/5732/5732 5731/5731/5731
f 5729/5729/5729 5759/5759/5759 5760/5760/5760 5730/5730/5730
f 5731/5731/5731 5732/5732/5732 5762/5762/5762 5761/5761/5761
f 5759/5759/5759 5789/5789/5789 5790/5790/5790 5760/5760/5760
f 5761/5761/5761 5762/5762/5762 5792/5792/5792 5791/5791/5791
f 5789/5789/5789 5819/5819/5819 5820/5820/5820 5790/5790/5790
f 5791/5791/5791 5792/5792/5792 5822/5822/5822 5821/5821/5821
f 5819/5819/5819 5849/5849/5849 5850/5850/5850 5820/5820/5820
f 5821/5821/5821 5822/5822/5822 5852/5852/5852 5851/5851/5851
f 5849/5849/5849 5879/5879/5879 5880/5880/5880 5850/5850/5850
f 5851/5851/5851 5852/5852/5852 5882/5882/5882 5881/5881/5881
f 5879/5879/5879 5909/5909/5909 5910/5910/5910 5880/5880/5880
f 5881/5881/5881 5882/5882/5882 5912/5912/5912 5911/5911/5911
f 5909/5909/5909 5939/5939/5939 5940/5940/5940 5910/5910/5910
f 5911/5911/5911 5912/5912/5912 5942/5942/5942 5941/5941/5941
f 5939/5939/5939 5969/5969/5969 5970/5970/5970 5940/5940/5940
f 5941/5941/5941 5942/5942/5942 5972/5972/5972 5971/5971/5971
f 5969/5969/5969 5999/5999/5999 6000/6000/6000 5970/5970/5970
# 5760 polygons
