# Istrorigan Megastructure Part: SYS_12_INTER_RING_HYDRAULICS
# Exported for Houdini & DCC (Units: Meters)
o SYS_12_INTER_RING_HYDRAULICS

v 76.8026 -1.4725 0.0000
v 84.7905 -1.7921 -75.0000
v 76.7583 -2.5771 1.5217
v 84.7463 -2.8968 -73.4783
v 76.6868 -4.3646 0.9405
v 84.6747 -4.6843 -74.0595
v 76.6868 -4.3646 -0.9405
v 84.6747 -4.6843 -75.9405
v 76.7583 -2.5771 -1.5217
v 84.7463 -2.8968 -76.5217
v 76.6746 4.6699 0.0000
v 84.6625 4.9896 -75.0000
v 76.7188 3.5652 1.5217
v 84.7067 3.8849 -73.4783
v 76.7903 1.7778 0.9405
v 84.7783 2.0975 -74.0595
v 76.7903 1.7778 -0.9405
v 84.7783 2.0975 -75.9405
v 76.7188 3.5652 -1.5217
v 84.7067 3.8849 -76.5217
v 55.3488 53.2664 0.0000
v 61.2232 58.6887 -75.0000
v 56.0987 52.4540 1.5217
v 61.9730 57.8763 -73.4783
v 57.3120 51.1395 0.9405
v 63.1863 56.5618 -74.0595
v 57.3120 51.1395 -0.9405
v 63.1863 56.5618 -75.9405
v 56.0987 52.4540 -1.5217
v 61.9730 57.8763 -76.5217
v 50.9150 57.5192 0.0000
v 56.3373 63.3936 -75.0000
v 51.7274 56.7694 1.5217
v 57.1497 62.6437 -73.4783
v 53.0419 55.5561 0.9405
v 58.4641 61.4304 -74.0595
v 53.0419 55.5561 -0.9405
v 58.4641 61.4304 -75.9405
v 51.7274 56.7694 -1.5217
v 57.1497 62.6437 -76.5217
v 1.4725 76.8026 0.0000
v 1.7921 84.7905 -75.0000
v 2.5771 76.7583 1.5217
v 2.8968 84.7463 -73.4783
v 4.3646 76.6868 0.9405
v 4.6843 84.6747 -74.0595
v 4.3646 76.6868 -0.9405
v 4.6843 84.6747 -75.9405
v 2.5771 76.7583 -1.5217
v 2.8968 84.7463 -76.5217
v -4.6699 76.6746 0.0000
v -4.9896 84.6625 -75.0000
v -3.5652 76.7188 1.5217
v -3.8849 84.7067 -73.4783
v -1.7778 76.7903 0.9405
v -2.0975 84.7783 -74.0595
v -1.7778 76.7903 -0.9405
v -2.0975 84.7783 -75.9405
v -3.5652 76.7188 -1.5217
v -3.8849 84.7067 -76.5217
v -53.2664 55.3488 0.0000
v -58.6887 61.2232 -75.0000
v -52.4540 56.0987 1.5217
v -57.8763 61.9730 -73.4783
v -51.1395 57.3120 0.9405
v -56.5618 63.1863 -74.0595
v -51.1395 57.3120 -0.9405
v -56.5618 63.1863 -75.9405
v -52.4540 56.0987 -1.5217
v -57.8763 61.9730 -76.5217
v -57.5192 50.9150 0.0000
v -63.3936 56.3373 -75.0000
v -56.7694 51.7274 1.5217
v -62.6437 57.1497 -73.4783
v -55.5561 53.0419 0.9405
v -61.4304 58.4641 -74.0595
v -55.5561 53.0419 -0.9405
v -61.4304 58.4641 -75.9405
v -56.7694 51.7274 -1.5217
v -62.6437 57.1497 -76.5217
v -76.8026 1.4725 0.0000
v -84.7905 1.7921 -75.0000
v -76.7583 2.5771 1.5217
v -84.7463 2.8968 -73.4783
v -76.6868 4.3646 0.9405
v -84.6747 4.6843 -74.0595
v -76.6868 4.3646 -0.9405
v -84.6747 4.6843 -75.9405
v -76.7583 2.5771 -1.5217
v -84.7463 2.8968 -76.5217
v -76.6746 -4.6699 0.0000
v -84.6625 -4.9896 -75.0000
v -76.7188 -3.5652 1.5217
v -84.7067 -3.8849 -73.4783
v -76.7903 -1.7778 0.9405
v -84.7783 -2.0975 -74.0595
v -76.7903 -1.7778 -0.9405
v -84.7783 -2.0975 -75.9405
v -76.7188 -3.5652 -1.5217
v -84.7067 -3.8849 -76.5217
v -55.3488 -53.2664 0.0000
v -61.2232 -58.6887 -75.0000
v -56.0987 -52.4540 1.5217
v -61.9730 -57.8763 -73.4783
v -57.3120 -51.1395 0.9405
v -63.1863 -56.5618 -74.0595
v -57.3120 -51.1395 -0.9405
v -63.1863 -56.5618 -75.9405
v -56.0987 -52.4540 -1.5217
v -61.9730 -57.8763 -76.5217
v -50.9150 -57.5192 0.0000
v -56.3373 -63.3936 -75.0000
v -51.7274 -56.7694 1.5217
v -57.1497 -62.6437 -73.4783
v -53.0419 -55.5561 0.9405
v -58.4641 -61.4304 -74.0595
v -53.0419 -55.5561 -0.9405
v -58.4641 -61.4304 -75.9405
v -51.7274 -56.7694 -1.5217
v -57.1497 -62.6437 -76.5217
v -1.4725 -76.8026 0.0000
v -1.7921 -84.7905 -75.0000
v -2.5771 -76.7583 1.5217
v -2.8968 -84.7463 -73.4783
v -4.3646 -76.6868 0.9405
v -4.6843 -84.6747 -74.0595
v -4.3646 -76.6868 -0.9405
v -4.6843 -84.6747 -75.9405
v -2.5771 -76.7583 -1.5217
v -2.8968 -84.7463 -76.5217
v 4.6699 -76.6746 0.0000
v 4.9896 -84.6625 -75.0000
v 3.5652 -76.7188 1.5217
v 3.8849 -84.7067 -73.4783
v 1.7778 -76.7903 0.9405
v 2.0975 -84.7783 -74.0595
v 1.7778 -76.7903 -0.9405
v 2.0975 -84.7783 -75.9405
v 3.5652 -76.7188 -1.5217
v 3.8849 -84.7067 -76.5217
v 53.2664 -55.3488 0.0000
v 58.6887 -61.2232 -75.0000
v 52.4540 -56.0987 1.5217
v 57.8763 -61.9730 -73.4783
v 51.1395 -57.3120 0.9405
v 56.5618 -63.1863 -74.0595
v 51.1395 -57.3120 -0.9405
v 56.5618 -63.1863 -75.9405
v 52.4540 -56.0987 -1.5217
v 57.8763 -61.9730 -76.5217
v 57.5192 -50.9150 0.0000
v 63.3936 -56.3373 -75.0000
v 56.7694 -51.7274 1.5217
v 62.6437 -57.1497 -73.4783
v 55.5561 -53.0419 0.9405
v 61.4304 -58.4641 -74.0595
v 55.5561 -53.0419 -0.9405
v 61.4304 -58.4641 -75.9405
v 56.7694 -51.7274 -1.5217
v 62.6437 -57.1497 -76.5217
v 84.7905 -1.7921 -75.0000
v 97.8828 -2.3161 -150.0000
v 84.7463 -2.8968 -73.4783
v 97.8386 -3.4208 -148.4783
v 84.6747 -4.6843 -74.0595
v 97.7671 -5.2082 -149.0595
v 84.6747 -4.6843 -75.9405
v 97.7671 -5.2082 -150.9405
v 84.7463 -2.8968 -76.5217
v 97.8386 -3.4208 -151.5217
v 84.6625 4.9896 -75.0000
v 97.7548 5.5136 -150.0000
v 84.7067 3.8849 -73.4783
v 97.7990 4.4089 -148.4783
v 84.7783 2.0975 -74.0595
v 97.8706 2.6214 -149.0595
v 84.7783 2.0975 -75.9405
v 97.8706 2.6214 -150.9405
v 84.7067 3.8849 -76.5217
v 97.7990 4.4089 -151.5217
v 61.2232 58.6887 -75.0000
v 70.8513 67.5758 -150.0000
v 61.9730 57.8763 -73.4783
v 71.6012 66.7635 -148.4783
v 63.1863 56.5618 -74.0595
v 72.8145 65.4490 -149.0595
v 63.1863 56.5618 -75.9405
v 72.8145 65.4490 -150.9405
v 61.9730 57.8763 -76.5217
v 71.6012 66.7635 -151.5217
v 56.3373 63.3936 -75.0000
v 65.2244 73.0218 -150.0000
v 57.1497 62.6437 -73.4783
v 66.0368 72.2719 -148.4783
v 58.4641 61.4304 -74.0595
v 67.3513 71.0586 -149.0595
v 58.4641 61.4304 -75.9405
v 67.3513 71.0586 -150.9405
v 57.1497 62.6437 -76.5217
v 66.0368 72.2719 -151.5217
v 1.7921 84.7905 -75.0000
v 2.3161 97.8828 -150.0000
v 2.8968 84.7463 -73.4783
v 3.4208 97.8386 -148.4783
v 4.6843 84.6747 -74.0595
v 5.2082 97.7671 -149.0595
v 4.6843 84.6747 -75.9405
v 5.2082 97.7671 -150.9405
v 2.8968 84.7463 -76.5217
v 3.4208 97.8386 -151.5217
v -4.9896 84.6625 -75.0000
v -5.5136 97.7548 -150.0000
v -3.8849 84.7067 -73.4783
v -4.4089 97.7990 -148.4783
v -2.0975 84.7783 -74.0595
v -2.6214 97.8706 -149.0595
v -2.0975 84.7783 -75.9405
v -2.6214 97.8706 -150.9405
v -3.8849 84.7067 -76.5217
v -4.4089 97.7990 -151.5217
v -58.6887 61.2232 -75.0000
v -67.5758 70.8513 -150.0000
v -57.8763 61.9730 -73.4783
v -66.7635 71.6012 -148.4783
v -56.5618 63.1863 -74.0595
v -65.4490 72.8145 -149.0595
v -56.5618 63.1863 -75.9405
v -65.4490 72.8145 -150.9405
v -57.8763 61.9730 -76.5217
v -66.7635 71.6012 -151.5217
v -63.3936 56.3373 -75.0000
v -73.0218 65.2244 -150.0000
v -62.6437 57.1497 -73.4783
v -72.2719 66.0368 -148.4783
v -61.4304 58.4641 -74.0595
v -71.0586 67.3513 -149.0595
v -61.4304 58.4641 -75.9405
v -71.0586 67.3513 -150.9405
v -62.6437 57.1497 -76.5217
v -72.2719 66.0368 -151.5217
v -84.7905 1.7921 -75.0000
v -97.8828 2.3161 -150.0000
v -84.7463 2.8968 -73.4783
v -97.8386 3.4208 -148.4783
v -84.6747 4.6843 -74.0595
v -97.7671 5.2082 -149.0595
v -84.6747 4.6843 -75.9405
v -97.7671 5.2082 -150.9405
v -84.7463 2.8968 -76.5217
v -97.8386 3.4208 -151.5217
v -84.6625 -4.9896 -75.0000
v -97.7548 -5.5136 -150.0000
v -84.7067 -3.8849 -73.4783
v -97.7990 -4.4089 -148.4783
v -84.7783 -2.0975 -74.0595
v -97.8706 -2.6214 -149.0595
v -84.7783 -2.0975 -75.9405
v -97.8706 -2.6214 -150.9405
v -84.7067 -3.8849 -76.5217
v -97.7990 -4.4089 -151.5217
v -61.2232 -58.6887 -75.0000
v -70.8513 -67.5758 -150.0000
v -61.9730 -57.8763 -73.4783
v -71.6012 -66.7635 -148.4783
v -63.1863 -56.5618 -74.0595
v -72.8145 -65.4490 -149.0595
v -63.1863 -56.5618 -75.9405
v -72.8145 -65.4490 -150.9405
v -61.9730 -57.8763 -76.5217
v -71.6012 -66.7635 -151.5217
v -56.3373 -63.3936 -75.0000
v -65.2244 -73.0218 -150.0000
v -57.1497 -62.6437 -73.4783
v -66.0368 -72.2719 -148.4783
v -58.4641 -61.4304 -74.0595
v -67.3513 -71.0586 -149.0595
v -58.4641 -61.4304 -75.9405
v -67.3513 -71.0586 -150.9405
v -57.1497 -62.6437 -76.5217
v -66.0368 -72.2719 -151.5217
v -1.7921 -84.7905 -75.0000
v -2.3161 -97.8828 -150.0000
v -2.8968 -84.7463 -73.4783
v -3.4208 -97.8386 -148.4783
v -4.6843 -84.6747 -74.0595
v -5.2082 -97.7671 -149.0595
v -4.6843 -84.6747 -75.9405
v -5.2082 -97.7671 -150.9405
v -2.8968 -84.7463 -76.5217
v -3.4208 -97.8386 -151.5217
v 4.9896 -84.6625 -75.0000
v 5.5136 -97.7548 -150.0000
v 3.8849 -84.7067 -73.4783
v 4.4089 -97.7990 -148.4783
v 2.0975 -84.7783 -74.0595
v 2.6214 -97.8706 -149.0595
v 2.0975 -84.7783 -75.9405
v 2.6214 -97.8706 -150.9405
v 3.8849 -84.7067 -76.5217
v 4.4089 -97.7990 -151.5217
v 58.6887 -61.2232 -75.0000
v 67.5758 -70.8513 -150.0000
v 57.8763 -61.9730 -73.4783
v 66.7635 -71.6012 -148.4783
v 56.5618 -63.1863 -74.0595
v 65.4490 -72.8145 -149.0595
v 56.5618 -63.1863 -75.9405
v 65.4490 -72.8145 -150.9405
v 57.8763 -61.9730 -76.5217
v 66.7635 -71.6012 -151.5217
v 63.3936 -56.3373 -75.0000
v 73.0218 -65.2244 -150.0000
v 62.6437 -57.1497 -73.4783
v 72.2719 -66.0368 -148.4783
v 61.4304 -58.4641 -74.0595
v 71.0586 -67.3513 -149.0595
v 61.4304 -58.4641 -75.9405
v 71.0586 -67.3513 -150.9405
v 62.6437 -57.1497 -76.5217
v 72.2719 -66.0368 -151.5217
v 97.8828 -2.3161 -150.0000
v 113.9906 -2.9608 -225.0000
v 97.8386 -3.4208 -148.4783
v 113.9464 -4.0655 -223.4783
v 97.7671 -5.2082 -149.0595
v 113.8749 -5.8529 -224.0595
v 97.7671 -5.2082 -150.9405
v 113.8749 -5.8529 -225.9405
v 97.8386 -3.4208 -151.5217
v 113.9464 -4.0655 -226.5217
v 97.7548 5.5136 -150.0000
v 113.8626 6.1582 -225.0000
v 97.7990 4.4089 -148.4783
v 113.9069 5.0535 -223.4783
v 97.8706 2.6214 -149.0595
v 113.9784 3.2661 -224.0595
v 97.8706 2.6214 -150.9405
v 113.9784 3.2661 -225.9405
v 97.7990 4.4089 -151.5217
v 113.9069 5.0535 -226.5217
v 70.8513 67.5758 -150.0000
v 82.6971 78.5099 -225.0000
v 71.6012 66.7635 -148.4783
v 83.4470 77.6976 -223.4783
v 72.8145 65.4490 -149.0595
v 84.6603 76.3831 -224.0595
v 72.8145 65.4490 -150.9405
v 84.6603 76.3831 -225.9405
v 71.6012 66.7635 -151.5217
v 83.4470 77.6976 -226.5217
v 65.2244 73.0218 -150.0000
v 76.1585 84.8676 -225.0000
v 66.0368 72.2719 -148.4783
v 76.9709 84.1177 -223.4783
v 67.3513 71.0586 -149.0595
v 78.2854 82.9044 -224.0595
v 67.3513 71.0586 -150.9405
v 78.2854 82.9044 -225.9405
v 66.0368 72.2719 -151.5217
v 76.9709 84.1177 -226.5217
v 2.3161 97.8828 -150.0000
v 2.9608 113.9906 -225.0000
v 3.4208 97.8386 -148.4783
v 4.0655 113.9464 -223.4783
v 5.2082 97.7671 -149.0595
v 5.8529 113.8749 -224.0595
v 5.2082 97.7671 -150.9405
v 5.8529 113.8749 -225.9405
v 3.4208 97.8386 -151.5217
v 4.0655 113.9464 -226.5217
v -5.5136 97.7548 -150.0000
v -6.1582 113.8626 -225.0000
v -4.4089 97.7990 -148.4783
v -5.0535 113.9069 -223.4783
v -2.6214 97.8706 -149.0595
v -3.2661 113.9784 -224.0595
v -2.6214 97.8706 -150.9405
v -3.2661 113.9784 -225.9405
v -4.4089 97.7990 -151.5217
v -5.0535 113.9069 -226.5217
v -67.5758 70.8513 -150.0000
v -78.5099 82.6971 -225.0000
v -66.7635 71.6012 -148.4783
v -77.6976 83.4470 -223.4783
v -65.4490 72.8145 -149.0595
v -76.3831 84.6603 -224.0595
v -65.4490 72.8145 -150.9405
v -76.3831 84.6603 -225.9405
v -66.7635 71.6012 -151.5217
v -77.6976 83.4470 -226.5217
v -73.0218 65.2244 -150.0000
v -84.8676 76.1585 -225.0000
v -72.2719 66.0368 -148.4783
v -84.1177 76.9709 -223.4783
v -71.0586 67.3513 -149.0595
v -82.9044 78.2854 -224.0595
v -71.0586 67.3513 -150.9405
v -82.9044 78.2854 -225.9405
v -72.2719 66.0368 -151.5217
v -84.1177 76.9709 -226.5217
v -97.8828 2.3161 -150.0000
v -113.9906 2.9608 -225.0000
v -97.8386 3.4208 -148.4783
v -113.9464 4.0655 -223.4783
v -97.7671 5.2082 -149.0595
v -113.8749 5.8529 -224.0595
v -97.7671 5.2082 -150.9405
v -113.8749 5.8529 -225.9405
v -97.8386 3.4208 -151.5217
v -113.9464 4.0655 -226.5217
v -97.7548 -5.5136 -150.0000
v -113.8626 -6.1582 -225.0000
v -97.7990 -4.4089 -148.4783
v -113.9069 -5.0535 -223.4783
v -97.8706 -2.6214 -149.0595
v -113.9784 -3.2661 -224.0595
v -97.8706 -2.6214 -150.9405
v -113.9784 -3.2661 -225.9405
v -97.7990 -4.4089 -151.5217
v -113.9069 -5.0535 -226.5217
v -70.8513 -67.5758 -150.0000
v -82.6971 -78.5099 -225.0000
v -71.6012 -66.7635 -148.4783
v -83.4470 -77.6976 -223.4783
v -72.8145 -65.4490 -149.0595
v -84.6603 -76.3831 -224.0595
v -72.8145 -65.4490 -150.9405
v -84.6603 -76.3831 -225.9405
v -71.6012 -66.7635 -151.5217
v -83.4470 -77.6976 -226.5217
v -65.2244 -73.0218 -150.0000
v -76.1585 -84.8676 -225.0000
v -66.0368 -72.2719 -148.4783
v -76.9709 -84.1177 -223.4783
v -67.3513 -71.0586 -149.0595
v -78.2854 -82.9044 -224.0595
v -67.3513 -71.0586 -150.9405
v -78.2854 -82.9044 -225.9405
v -66.0368 -72.2719 -151.5217
v -76.9709 -84.1177 -226.5217
v -2.3161 -97.8828 -150.0000
v -2.9608 -113.9906 -225.0000
v -3.4208 -97.8386 -148.4783
v -4.0655 -113.9464 -223.4783
v -5.2082 -97.7671 -149.0595
v -5.8529 -113.8749 -224.0595
v -5.2082 -97.7671 -150.9405
v -5.8529 -113.8749 -225.9405
v -3.4208 -97.8386 -151.5217
v -4.0655 -113.9464 -226.5217
v 5.5136 -97.7548 -150.0000
v 6.1582 -113.8626 -225.0000
v 4.4089 -97.7990 -148.4783
v 5.0535 -113.9069 -223.4783
v 2.6214 -97.8706 -149.0595
v 3.2661 -113.9784 -224.0595
v 2.6214 -97.8706 -150.9405
v 3.2661 -113.9784 -225.9405
v 4.4089 -97.7990 -151.5217
v 5.0535 -113.9069 -226.5217
v 67.5758 -70.8513 -150.0000
v 78.5099 -82.6971 -225.0000
v 66.7635 -71.6012 -148.4783
v 77.6976 -83.4470 -223.4783
v 65.4490 -72.8145 -149.0595
v 76.3831 -84.6603 -224.0595
v 65.4490 -72.8145 -150.9405
v 76.3831 -84.6603 -225.9405
v 66.7635 -71.6012 -151.5217
v 77.6976 -83.4470 -226.5217
v 73.0218 -65.2244 -150.0000
v 84.8676 -76.1585 -225.0000
v 72.2719 -66.0368 -148.4783
v 84.1177 -76.9709 -223.4783
v 71.0586 -67.3513 -149.0595
v 82.9044 -78.2854 -224.0595
v 71.0586 -67.3513 -150.9405
v 82.9044 -78.2854 -225.9405
v 72.2719 -66.0368 -151.5217
v 84.1177 -76.9709 -226.5217
v 113.9906 -2.9608 -225.0000
v 132.4337 -3.6989 -300.0000
v 113.9464 -4.0655 -223.4783
v 132.3894 -4.8036 -298.4783
v 113.8749 -5.8529 -224.0595
v 132.3179 -6.5910 -299.0595
v 113.8749 -5.8529 -225.9405
v 132.3179 -6.5910 -300.9405
v 113.9464 -4.0655 -226.5217
v 132.3894 -4.8036 -301.5217
v 113.8626 6.1582 -225.0000
v 132.3057 6.8963 -300.0000
v 113.9069 5.0535 -223.4783
v 132.3499 5.7916 -298.4783
v 113.9784 3.2661 -224.0595
v 132.4214 4.0042 -299.0595
v 113.9784 3.2661 -225.9405
v 132.4214 4.0042 -300.9405
v 113.9069 5.0535 -226.5217
v 132.3499 5.7916 -301.5217
v 82.6971 78.5099 -225.0000
v 96.2603 91.0292 -300.0000
v 83.4470 77.6976 -223.4783
v 97.0101 90.2168 -298.4783
v 84.6603 76.3831 -224.0595
v 98.2234 88.9023 -299.0595
v 84.6603 76.3831 -225.9405
v 98.2234 88.9023 -300.9405
v 83.4470 77.6976 -226.5217
v 97.0101 90.2168 -301.5217
v 76.1585 84.8676 -225.0000
v 88.6778 98.4307 -300.0000
v 76.9709 84.1177 -223.4783
v 89.4902 97.6808 -298.4783
v 78.2854 82.9044 -224.0595
v 90.8047 96.4675 -299.0595
v 78.2854 82.9044 -225.9405
v 90.8047 96.4675 -300.9405
v 76.9709 84.1177 -226.5217
v 89.4902 97.6808 -301.5217
v 2.9608 113.9906 -225.0000
v 3.6989 132.4337 -300.0000
v 4.0655 113.9464 -223.4783
v 4.8036 132.3894 -298.4783
v 5.8529 113.8749 -224.0595
v 6.5910 132.3179 -299.0595
v 5.8529 113.8749 -225.9405
v 6.5910 132.3179 -300.9405
v 4.0655 113.9464 -226.5217
v 4.8036 132.3894 -301.5217
v -6.1582 113.8626 -225.0000
v -6.8963 132.3057 -300.0000
v -5.0535 113.9069 -223.4783
v -5.7916 132.3499 -298.4783
v -3.2661 113.9784 -224.0595
v -4.0042 132.4214 -299.0595
v -3.2661 113.9784 -225.9405
v -4.0042 132.4214 -300.9405
v -5.0535 113.9069 -226.5217
v -5.7916 132.3499 -301.5217
v -78.5099 82.6971 -225.0000
v -91.0292 96.2603 -300.0000
v -77.6976 83.4470 -223.4783
v -90.2168 97.0101 -298.4783
v -76.3831 84.6603 -224.0595
v -88.9023 98.2234 -299.0595
v -76.3831 84.6603 -225.9405
v -88.9023 98.2234 -300.9405
v -77.6976 83.4470 -226.5217
v -90.2168 97.0101 -301.5217
v -84.8676 76.1585 -225.0000
v -98.4307 88.6778 -300.0000
v -84.1177 76.9709 -223.4783
v -97.6808 89.4902 -298.4783
v -82.9044 78.2854 -224.0595
v -96.4675 90.8047 -299.0595
v -82.9044 78.2854 -225.9405
v -96.4675 90.8047 -300.9405
v -84.1177 76.9709 -226.5217
v -97.6808 89.4902 -301.5217
v -113.9906 2.9608 -225.0000
v -132.4337 3.6989 -300.0000
v -113.9464 4.0655 -223.4783
v -132.3894 4.8036 -298.4783
v -113.8749 5.8529 -224.0595
v -132.3179 6.5910 -299.0595
v -113.8749 5.8529 -225.9405
v -132.3179 6.5910 -300.9405
v -113.9464 4.0655 -226.5217
v -132.3894 4.8036 -301.5217
v -113.8626 -6.1582 -225.0000
v -132.3057 -6.8963 -300.0000
v -113.9069 -5.0535 -223.4783
v -132.3499 -5.7916 -298.4783
v -113.9784 -3.2661 -224.0595
v -132.4214 -4.0042 -299.0595
v -113.9784 -3.2661 -225.9405
v -132.4214 -4.0042 -300.9405
v -113.9069 -5.0535 -226.5217
v -132.3499 -5.7916 -301.5217
v -82.6971 -78.5099 -225.0000
v -96.2603 -91.0292 -300.0000
v -83.4470 -77.6976 -223.4783
v -97.0101 -90.2168 -298.4783
v -84.6603 -76.3831 -224.0595
v -98.2234 -88.9023 -299.0595
v -84.6603 -76.3831 -225.9405
v -98.2234 -88.9023 -300.9405
v -83.4470 -77.6976 -226.5217
v -97.0101 -90.2168 -301.5217
v -76.1585 -84.8676 -225.0000
v -88.6778 -98.4307 -300.0000
v -76.9709 -84.1177 -223.4783
v -89.4902 -97.6808 -298.4783
v -78.2854 -82.9044 -224.0595
v -90.8047 -96.4675 -299.0595
v -78.2854 -82.9044 -225.9405
v -90.8047 -96.4675 -300.9405
v -76.9709 -84.1177 -226.5217
v -89.4902 -97.6808 -301.5217
v -2.9608 -113.9906 -225.0000
v -3.6989 -132.4337 -300.0000
v -4.0655 -113.9464 -223.4783
v -4.8036 -132.3894 -298.4783
v -5.8529 -113.8749 -224.0595
v -6.5910 -132.3179 -299.0595
v -5.8529 -113.8749 -225.9405
v -6.5910 -132.3179 -300.9405
v -4.0655 -113.9464 -226.5217
v -4.8036 -132.3894 -301.5217
v 6.1582 -113.8626 -225.0000
v 6.8963 -132.3057 -300.0000
v 5.0535 -113.9069 -223.4783
v 5.7916 -132.3499 -298.4783
v 3.2661 -113.9784 -224.0595
v 4.0042 -132.4214 -299.0595
v 3.2661 -113.9784 -225.9405
v 4.0042 -132.4214 -300.9405
v 5.0535 -113.9069 -226.5217
v 5.7916 -132.3499 -301.5217
v 78.5099 -82.6971 -225.0000
v 91.0292 -96.2603 -300.0000
v 77.6976 -83.4470 -223.4783
v 90.2168 -97.0101 -298.4783
v 76.3831 -84.6603 -224.0595
v 88.9023 -98.2234 -299.0595
v 76.3831 -84.6603 -225.9405
v 88.9023 -98.2234 -300.9405
v 77.6976 -83.4470 -226.5217
v 90.2168 -97.0101 -301.5217
v 84.8676 -76.1585 -225.0000
v 98.4307 -88.6778 -300.0000
v 84.1177 -76.9709 -223.4783
v 97.6808 -89.4902 -298.4783
v 82.9044 -78.2854 -224.0595
v 96.4675 -90.8047 -299.0595
v 82.9044 -78.2854 -225.9405
v 96.4675 -90.8047 -300.9405
v 84.1177 -76.9709 -226.5217
v 97.6808 -89.4902 -301.5217
v 132.4337 -3.6989 -300.0000
v 152.8337 -4.5153 -375.0000
v 132.3894 -4.8036 -298.4783
v 152.7895 -5.6200 -373.4783
v 132.3179 -6.5910 -299.0595
v 152.7180 -7.4074 -374.0595
v 132.3179 -6.5910 -300.9405
v 152.7180 -7.4074 -375.9405
v 132.3894 -4.8036 -301.5217
v 152.7895 -5.6200 -376.5217
v 132.3057 6.8963 -300.0000
v 152.7058 7.7128 -375.0000
v 132.3499 5.7916 -298.4783
v 152.7500 6.6081 -373.4783
v 132.4214 4.0042 -299.0595
v 152.8215 4.8207 -374.0595
v 132.4214 4.0042 -300.9405
v 152.8215 4.8207 -375.9405
v 132.3499 5.7916 -301.5217
v 152.7500 6.6081 -376.5217
v 96.2603 91.0292 -300.0000
v 111.2626 104.8769 -375.0000
v 97.0101 90.2168 -298.4783
v 112.0125 104.0646 -373.4783
v 98.2234 88.9023 -299.0595
v 113.2258 102.7501 -374.0595
v 98.2234 88.9023 -300.9405
v 113.2258 102.7501 -375.9405
v 97.0101 90.2168 -301.5217
v 112.0125 104.0646 -376.5217
v 88.6778 98.4307 -300.0000
v 102.5255 113.4330 -375.0000
v 89.4902 97.6808 -298.4783
v 103.3379 112.6832 -373.4783
v 90.8047 96.4675 -299.0595
v 104.6524 111.4698 -374.0595
v 90.8047 96.4675 -300.9405
v 104.6524 111.4698 -375.9405
v 89.4902 97.6808 -301.5217
v 103.3379 112.6832 -376.5217
v 3.6989 132.4337 -300.0000
v 4.5153 152.8337 -375.0000
v 4.8036 132.3894 -298.4783
v 5.6200 152.7895 -373.4783
v 6.5910 132.3179 -299.0595
v 7.4074 152.7180 -374.0595
v 6.5910 132.3179 -300.9405
v 7.4074 152.7180 -375.9405
v 4.8036 132.3894 -301.5217
v 5.6200 152.7895 -376.5217
v -6.8963 132.3057 -300.0000
v -7.7128 152.7058 -375.0000
v -5.7916 132.3499 -298.4783
v -6.6081 152.7500 -373.4783
v -4.0042 132.4214 -299.0595
v -4.8207 152.8215 -374.0595
v -4.0042 132.4214 -300.9405
v -4.8207 152.8215 -375.9405
v -5.7916 132.3499 -301.5217
v -6.6081 152.7500 -376.5217
v -91.0292 96.2603 -300.0000
v -104.8769 111.2626 -375.0000
v -90.2168 97.0101 -298.4783
v -104.0646 112.0125 -373.4783
v -88.9023 98.2234 -299.0595
v -102.7501 113.2258 -374.0595
v -88.9023 98.2234 -300.9405
v -102.7501 113.2258 -375.9405
v -90.2168 97.0101 -301.5217
v -104.0646 112.0125 -376.5217
v -98.4307 88.6778 -300.0000
v -113.4330 102.5255 -375.0000
v -97.6808 89.4902 -298.4783
v -112.6832 103.3379 -373.4783
v -96.4675 90.8047 -299.0595
v -111.4698 104.6524 -374.0595
v -96.4675 90.8047 -300.9405
v -111.4698 104.6524 -375.9405
v -97.6808 89.4902 -301.5217
v -112.6832 103.3379 -376.5217
v -132.4337 3.6989 -300.0000
v -152.8337 4.5153 -375.0000
v -132.3894 4.8036 -298.4783
v -152.7895 5.6200 -373.4783
v -132.3179 6.5910 -299.0595
v -152.7180 7.4074 -374.0595
v -132.3179 6.5910 -300.9405
v -152.7180 7.4074 -375.9405
v -132.3894 4.8036 -301.5217
v -152.7895 5.6200 -376.5217
v -132.3057 -6.8963 -300.0000
v -152.7058 -7.7128 -375.0000
v -132.3499 -5.7916 -298.4783
v -152.7500 -6.6081 -373.4783
v -132.4214 -4.0042 -299.0595
v -152.8215 -4.8207 -374.0595
v -132.4214 -4.0042 -300.9405
v -152.8215 -4.8207 -375.9405
v -132.3499 -5.7916 -301.5217
v -152.7500 -6.6081 -376.5217
v -96.2603 -91.0292 -300.0000
v -111.2626 -104.8769 -375.0000
v -97.0101 -90.2168 -298.4783
v -112.0125 -104.0646 -373.4783
v -98.2234 -88.9023 -299.0595
v -113.2258 -102.7501 -374.0595
v -98.2234 -88.9023 -300.9405
v -113.2258 -102.7501 -375.9405
v -97.0101 -90.2168 -301.5217
v -112.0125 -104.0646 -376.5217
v -88.6778 -98.4307 -300.0000
v -102.5255 -113.4330 -375.0000
v -89.4902 -97.6808 -298.4783
v -103.3379 -112.6832 -373.4783
v -90.8047 -96.4675 -299.0595
v -104.6524 -111.4698 -374.0595
v -90.8047 -96.4675 -300.9405
v -104.6524 -111.4698 -375.9405
v -89.4902 -97.6808 -301.5217
v -103.3379 -112.6832 -376.5217
v -3.6989 -132.4337 -300.0000
v -4.5153 -152.8337 -375.0000
v -4.8036 -132.3894 -298.4783
v -5.6200 -152.7895 -373.4783
v -6.5910 -132.3179 -299.0595
v -7.4074 -152.7180 -374.0595
v -6.5910 -132.3179 -300.9405
v -7.4074 -152.7180 -375.9405
v -4.8036 -132.3894 -301.5217
v -5.6200 -152.7895 -376.5217
v 6.8963 -132.3057 -300.0000
v 7.7128 -152.7058 -375.0000
v 5.7916 -132.3499 -298.4783
v 6.6081 -152.7500 -373.4783
v 4.0042 -132.4214 -299.0595
v 4.8207 -152.8215 -374.0595
v 4.0042 -132.4214 -300.9405
v 4.8207 -152.8215 -375.9405
v 5.7916 -132.3499 -301.5217
v 6.6081 -152.7500 -376.5217
v 91.0292 -96.2603 -300.0000
v 104.8769 -111.2626 -375.0000
v 90.2168 -97.0101 -298.4783
v 104.0646 -112.0125 -373.4783
v 88.9023 -98.2234 -299.0595
v 102.7501 -113.2258 -374.0595
v 88.9023 -98.2234 -300.9405
v 102.7501 -113.2258 -375.9405
v 90.2168 -97.0101 -301.5217
v 104.0646 -112.0125 -376.5217
v 98.4307 -88.6778 -300.0000
v 113.4330 -102.5255 -375.0000
v 97.6808 -89.4902 -298.4783
v 112.6832 -103.3379 -373.4783
v 96.4675 -90.8047 -299.0595
v 111.4698 -104.6524 -374.0595
v 96.4675 -90.8047 -300.9405
v 111.4698 -104.6524 -375.9405
v 97.6808 -89.4902 -301.5217
v 112.6832 -103.3379 -376.5217
v 152.8337 -4.5153 -375.0000
v 174.9424 -5.4002 -450.0000
v 152.7895 -5.6200 -373.4783
v 174.8982 -6.5048 -448.4783
v 152.7180 -7.4074 -374.0595
v 174.8267 -8.2923 -449.0595
v 152.7180 -7.4074 -375.9405
v 174.8267 -8.2923 -450.9405
v 152.7895 -5.6200 -376.5217
v 174.8982 -6.5048 -451.5217
v 152.7058 7.7128 -375.0000
v 174.8145 8.5976 -450.0000
v 152.7500 6.6081 -373.4783
v 174.8587 7.4929 -448.4783
v 152.8215 4.8207 -374.0595
v 174.9302 5.7055 -449.0595
v 152.8215 4.8207 -375.9405
v 174.9302 5.7055 -450.9405
v 152.7500 6.6081 -376.5217
v 174.8587 7.4929 -451.5217
v 111.2626 104.8769 -375.0000
v 127.5215 119.8845 -450.0000
v 112.0125 104.0646 -373.4783
v 128.2713 119.0721 -448.4783
v 113.2258 102.7501 -374.0595
v 129.4846 117.7576 -449.0595
v 113.2258 102.7501 -375.9405
v 129.4846 117.7576 -450.9405
v 112.0125 104.0646 -376.5217
v 128.2713 119.0721 -451.5217
v 102.5255 113.4330 -375.0000
v 117.5331 129.6919 -450.0000
v 103.3379 112.6832 -373.4783
v 118.3455 128.9420 -448.4783
v 104.6524 111.4698 -374.0595
v 119.6599 127.7287 -449.0595
v 104.6524 111.4698 -375.9405
v 119.6599 127.7287 -450.9405
v 103.3379 112.6832 -376.5217
v 118.3455 128.9420 -451.5217
v 4.5153 152.8337 -375.0000
v 5.4002 174.9424 -450.0000
v 5.6200 152.7895 -373.4783
v 6.5048 174.8982 -448.4783
v 7.4074 152.7180 -374.0595
v 8.2923 174.8267 -449.0595
v 7.4074 152.7180 -375.9405
v 8.2923 174.8267 -450.9405
v 5.6200 152.7895 -376.5217
v 6.5048 174.8982 -451.5217
v -7.7128 152.7058 -375.0000
v -8.5976 174.8145 -450.0000
v -6.6081 152.7500 -373.4783
v -7.4929 174.8587 -448.4783
v -4.8207 152.8215 -374.0595
v -5.7055 174.9302 -449.0595
v -4.8207 152.8215 -375.9405
v -5.7055 174.9302 -450.9405
v -6.6081 152.7500 -376.5217
v -7.4929 174.8587 -451.5217
v -104.8769 111.2626 -375.0000
v -119.8845 127.5215 -450.0000
v -104.0646 112.0125 -373.4783
v -119.0721 128.2713 -448.4783
v -102.7501 113.2258 -374.0595
v -117.7576 129.4846 -449.0595
v -102.7501 113.2258 -375.9405
v -117.7576 129.4846 -450.9405
v -104.0646 112.0125 -376.5217
v -119.0721 128.2713 -451.5217
v -113.4330 102.5255 -375.0000
v -129.6919 117.5331 -450.0000
v -112.6832 103.3379 -373.4783
v -128.9420 118.3455 -448.4783
v -111.4698 104.6524 -374.0595
v -127.7287 119.6599 -449.0595
v -111.4698 104.6524 -375.9405
v -127.7287 119.6599 -450.9405
v -112.6832 103.3379 -376.5217
v -128.9420 118.3455 -451.5217
v -152.8337 4.5153 -375.0000
v -174.9424 5.4002 -450.0000
v -152.7895 5.6200 -373.4783
v -174.8982 6.5048 -448.4783
v -152.7180 7.4074 -374.0595
v -174.8267 8.2923 -449.0595
v -152.7180 7.4074 -375.9405
v -174.8267 8.2923 -450.9405
v -152.7895 5.6200 -376.5217
v -174.8982 6.5048 -451.5217
v -152.7058 -7.7128 -375.0000
v -174.8145 -8.5976 -450.0000
v -152.7500 -6.6081 -373.4783
v -174.8587 -7.4929 -448.4783
v -152.8215 -4.8207 -374.0595
v -174.9302 -5.7055 -449.0595
v -152.8215 -4.8207 -375.9405
v -174.9302 -5.7055 -450.9405
v -152.7500 -6.6081 -376.5217
v -174.8587 -7.4929 -451.5217
v -111.2626 -104.8769 -375.0000
v -127.5215 -119.8845 -450.0000
v -112.0125 -104.0646 -373.4783
v -128.2713 -119.0721 -448.4783
v -113.2258 -102.7501 -374.0595
v -129.4846 -117.7576 -449.0595
v -113.2258 -102.7501 -375.9405
v -129.4846 -117.7576 -450.9405
v -112.0125 -104.0646 -376.5217
v -128.2713 -119.0721 -451.5217
v -102.5255 -113.4330 -375.0000
v -117.5331 -129.6919 -450.0000
v -103.3379 -112.6832 -373.4783
v -118.3455 -128.9420 -448.4783
v -104.6524 -111.4698 -374.0595
v -119.6599 -127.7287 -449.0595
v -104.6524 -111.4698 -375.9405
v -119.6599 -127.7287 -450.9405
v -103.3379 -112.6832 -376.5217
v -118.3455 -128.9420 -451.5217
v -4.5153 -152.8337 -375.0000
v -5.4002 -174.9424 -450.0000
v -5.6200 -152.7895 -373.4783
v -6.5048 -174.8982 -448.4783
v -7.4074 -152.7180 -374.0595
v -8.2923 -174.8267 -449.0595
v -7.4074 -152.7180 -375.9405
v -8.2923 -174.8267 -450.9405
v -5.6200 -152.7895 -376.5217
v -6.5048 -174.8982 -451.5217
v 7.7128 -152.7058 -375.0000
v 8.5976 -174.8145 -450.0000
v 6.6081 -152.7500 -373.4783
v 7.4929 -174.8587 -448.4783
v 4.8207 -152.8215 -374.0595
v 5.7055 -174.9302 -449.0595
v 4.8207 -152.8215 -375.9405
v 5.7055 -174.9302 -450.9405
v 6.6081 -152.7500 -376.5217
v 7.4929 -174.8587 -451.5217
v 104.8769 -111.2626 -375.0000
v 119.8845 -127.5215 -450.0000
v 104.0646 -112.0125 -373.4783
v 119.0721 -128.2713 -448.4783
v 102.7501 -113.2258 -374.0595
v 117.7576 -129.4846 -449.0595
v 102.7501 -113.2258 -375.9405
v 117.7576 -129.4846 -450.9405
v 104.0646 -112.0125 -376.5217
v 119.0721 -128.2713 -451.5217
v 113.4330 -102.5255 -375.0000
v 129.6919 -117.5331 -450.0000
v 112.6832 -103.3379 -373.4783
v 128.9420 -118.3455 -448.4783
v 111.4698 -104.6524 -374.0595
v 127.7287 -119.6599 -449.0595
v 111.4698 -104.6524 -375.9405
v 127.7287 -119.6599 -450.9405
v 112.6832 -103.3379 -376.5217
v 128.9420 -118.3455 -451.5217
v 174.9424 -5.4002 -450.0000
v 198.5812 -6.3462 -525.0000
v 174.8982 -6.5048 -448.4783
v 198.5369 -7.4509 -523.4783
v 174.8267 -8.2923 -449.0595
v 198.4654 -9.2383 -524.0595
v 174.8267 -8.2923 -450.9405
v 198.4654 -9.2383 -525.9405
v 174.8982 -6.5048 -451.5217
v 198.5369 -7.4509 -526.5217
v 174.8145 8.5976 -450.0000
v 198.4532 9.5436 -525.0000
v 174.8587 7.4929 -448.4783
v 198.4974 8.4390 -523.4783
v 174.9302 5.7055 -449.0595
v 198.5689 6.6515 -524.0595
v 174.9302 5.7055 -450.9405
v 198.5689 6.6515 -525.9405
v 174.8587 7.4929 -451.5217
v 198.4974 8.4390 -526.5217
v 127.5215 119.8845 -450.0000
v 144.9055 135.9306 -525.0000
v 128.2713 119.0721 -448.4783
v 145.6554 135.1182 -523.4783
v 129.4846 117.7576 -449.0595
v 146.8687 133.8038 -524.0595
v 129.4846 117.7576 -450.9405
v 146.8687 133.8038 -525.9405
v 128.2713 119.0721 -451.5217
v 145.6554 135.1182 -526.5217
v 117.5331 129.6919 -450.0000
v 133.5792 147.0760 -525.0000
v 118.3455 128.9420 -448.4783
v 134.3916 146.3261 -523.4783
v 119.6599 127.7287 -449.0595
v 135.7061 145.1128 -524.0595
v 119.6599 127.7287 -450.9405
v 135.7061 145.1128 -525.9405
v 118.3455 128.9420 -451.5217
v 134.3916 146.3261 -526.5217
v 5.4002 174.9424 -450.0000
v 6.3462 198.5812 -525.0000
v 6.5048 174.8982 -448.4783
v 7.4509 198.5369 -523.4783
v 8.2923 174.8267 -449.0595
v 9.2383 198.4654 -524.0595
v 8.2923 174.8267 -450.9405
v 9.2383 198.4654 -525.9405
v 6.5048 174.8982 -451.5217
v 7.4509 198.5369 -526.5217
v -8.5976 174.8145 -450.0000
v -9.5436 198.4532 -525.0000
v -7.4929 174.8587 -448.4783
v -8.4390 198.4974 -523.4783
v -5.7055 174.9302 -449.0595
v -6.6515 198.5689 -524.0595
v -5.7055 174.9302 -450.9405
v -6.6515 198.5689 -525.9405
v -7.4929 174.8587 -451.5217
v -8.4390 198.4974 -526.5217
v -119.8845 127.5215 -450.0000
v -135.9306 144.9055 -525.0000
v -119.0721 128.2713 -448.4783
v -135.1182 145.6554 -523.4783
v -117.7576 129.4846 -449.0595
v -133.8038 146.8687 -524.0595
v -117.7576 129.4846 -450.9405
v -133.8038 146.8687 -525.9405
v -119.0721 128.2713 -451.5217
v -135.1182 145.6554 -526.5217
v -129.6919 117.5331 -450.0000
v -147.0760 133.5792 -525.0000
v -128.9420 118.3455 -448.4783
v -146.3261 134.3916 -523.4783
v -127.7287 119.6599 -449.0595
v -145.1128 135.7061 -524.0595
v -127.7287 119.6599 -450.9405
v -145.1128 135.7061 -525.9405
v -128.9420 118.3455 -451.5217
v -146.3261 134.3916 -526.5217
v -174.9424 5.4002 -450.0000
v -198.5812 6.3462 -525.0000
v -174.8982 6.5048 -448.4783
v -198.5369 7.4509 -523.4783
v -174.8267 8.2923 -449.0595
v -198.4654 9.2383 -524.0595
v -174.8267 8.2923 -450.9405
v -198.4654 9.2383 -525.9405
v -174.8982 6.5048 -451.5217
v -198.5369 7.4509 -526.5217
v -174.8145 -8.5976 -450.0000
v -198.4532 -9.5436 -525.0000
v -174.8587 -7.4929 -448.4783
v -198.4974 -8.4390 -523.4783
v -174.9302 -5.7055 -449.0595
v -198.5689 -6.6515 -524.0595
v -174.9302 -5.7055 -450.9405
v -198.5689 -6.6515 -525.9405
v -174.8587 -7.4929 -451.5217
v -198.4974 -8.4390 -526.5217
v -127.5215 -119.8845 -450.0000
v -144.9055 -135.9306 -525.0000
v -128.2713 -119.0721 -448.4783
v -145.6554 -135.1182 -523.4783
v -129.4846 -117.7576 -449.0595
v -146.8687 -133.8038 -524.0595
v -129.4846 -117.7576 -450.9405
v -146.8687 -133.8038 -525.9405
v -128.2713 -119.0721 -451.5217
v -145.6554 -135.1182 -526.5217
v -117.5331 -129.6919 -450.0000
v -133.5792 -147.0760 -525.0000
v -118.3455 -128.9420 -448.4783
v -134.3916 -146.3261 -523.4783
v -119.6599 -127.7287 -449.0595
v -135.7061 -145.1128 -524.0595
v -119.6599 -127.7287 -450.9405
v -135.7061 -145.1128 -525.9405
v -118.3455 -128.9420 -451.5217
v -134.3916 -146.3261 -526.5217
v -5.4002 -174.9424 -450.0000
v -6.3462 -198.5812 -525.0000
v -6.5048 -174.8982 -448.4783
v -7.4509 -198.5369 -523.4783
v -8.2923 -174.8267 -449.0595
v -9.2383 -198.4654 -524.0595
v -8.2923 -174.8267 -450.9405
v -9.2383 -198.4654 -525.9405
v -6.5048 -174.8982 -451.5217
v -7.4509 -198.5369 -526.5217
v 8.5976 -174.8145 -450.0000
v 9.5436 -198.4532 -525.0000
v 7.4929 -174.8587 -448.4783
v 8.4390 -198.4974 -523.4783
v 5.7055 -174.9302 -449.0595
v 6.6515 -198.5689 -524.0595
v 5.7055 -174.9302 -450.9405
v 6.6515 -198.5689 -525.9405
v 7.4929 -174.8587 -451.5217
v 8.4390 -198.4974 -526.5217
v 119.8845 -127.5215 -450.0000
v 135.9306 -144.9055 -525.0000
v 119.0721 -128.2713 -448.4783
v 135.1182 -145.6554 -523.4783
v 117.7576 -129.4846 -449.0595
v 133.8038 -146.8687 -524.0595
v 117.7576 -129.4846 -450.9405
v 133.8038 -146.8687 -525.9405
v 119.0721 -128.2713 -451.5217
v 135.1182 -145.6554 -526.5217
v 129.6919 -117.5331 -450.0000
v 147.0760 -133.5792 -525.0000
v 128.9420 -118.3455 -448.4783
v 146.3261 -134.3916 -523.4783
v 127.7287 -119.6599 -449.0595
v 145.1128 -135.7061 -524.0595
v 127.7287 -119.6599 -450.9405
v 145.1128 -135.7061 -525.9405
v 128.9420 -118.3455 -451.5217
v 146.3261 -134.3916 -526.5217
v 198.5812 -6.3462 -525.0000
v 223.6139 -7.3480 -600.0000
v 198.5369 -7.4509 -523.4783
v 223.5697 -8.4527 -598.4783
v 198.4654 -9.2383 -524.0595
v 223.4982 -10.2402 -599.0595
v 198.4654 -9.2383 -525.9405
v 223.4982 -10.2402 -600.9405
v 198.5369 -7.4509 -526.5217
v 223.5697 -8.4527 -601.5217
v 198.4532 9.5436 -525.0000
v 223.4860 10.5455 -600.0000
v 198.4974 8.4390 -523.4783
v 223.5302 9.4408 -598.4783
v 198.5689 6.6515 -524.0595
v 223.6017 7.6534 -599.0595
v 198.5689 6.6515 -525.9405
v 223.6017 7.6534 -600.9405
v 198.4974 8.4390 -526.5217
v 223.5302 9.4408 -601.5217
v 144.9055 135.9306 -525.0000
v 163.3148 152.9231 -600.0000
v 145.6554 135.1182 -523.4783
v 164.0647 152.1107 -598.4783
v 146.8687 133.8038 -524.0595
v 165.2780 150.7962 -599.0595
v 146.8687 133.8038 -525.9405
v 165.2780 150.7962 -600.9405
v 145.6554 135.1182 -526.5217
v 164.0647 152.1107 -601.5217
v 133.5792 147.0760 -525.0000
v 150.5717 165.4852 -600.0000
v 134.3916 146.3261 -523.4783
v 151.3840 164.7354 -598.4783
v 135.7061 145.1128 -524.0595
v 152.6985 163.5220 -599.0595
v 135.7061 145.1128 -525.9405
v 152.6985 163.5220 -600.9405
v 134.3916 146.3261 -526.5217
v 151.3840 164.7354 -601.5217
v 6.3462 198.5812 -525.0000
v 7.3480 223.6139 -600.0000
v 7.4509 198.5369 -523.4783
v 8.4527 223.5697 -598.4783
v 9.2383 198.4654 -524.0595
v 10.2402 223.4982 -599.0595
v 9.2383 198.4654 -525.9405
v 10.2402 223.4982 -600.9405
v 7.4509 198.5369 -526.5217
v 8.4527 223.5697 -601.5217
v -9.5436 198.4532 -525.0000
v -10.5455 223.4860 -600.0000
v -8.4390 198.4974 -523.4783
v -9.4408 223.5302 -598.4783
v -6.6515 198.5689 -524.0595
v -7.6534 223.6017 -599.0595
v -6.6515 198.5689 -525.9405
v -7.6534 223.6017 -600.9405
v -8.4390 198.4974 -526.5217
v -9.4408 223.5302 -601.5217
v -135.9306 144.9055 -525.0000
v -152.9231 163.3148 -600.0000
v -135.1182 145.6554 -523.4783
v -152.1107 164.0647 -598.4783
v -133.8038 146.8687 -524.0595
v -150.7962 165.2780 -599.0595
v -133.8038 146.8687 -525.9405
v -150.7962 165.2780 -600.9405
v -135.1182 145.6554 -526.5217
v -152.1107 164.0647 -601.5217
v -147.0760 133.5792 -525.0000
v -165.4852 150.5717 -600.0000
v -146.3261 134.3916 -523.4783
v -164.7354 151.3840 -598.4783
v -145.1128 135.7061 -524.0595
v -163.5220 152.6985 -599.0595
v -145.1128 135.7061 -525.9405
v -163.5220 152.6985 -600.9405
v -146.3261 134.3916 -526.5217
v -164.7354 151.3840 -601.5217
v -198.5812 6.3462 -525.0000
v -223.6139 7.3480 -600.0000
v -198.5369 7.4509 -523.4783
v -223.5697 8.4527 -598.4783
v -198.4654 9.2383 -524.0595
v -223.4982 10.2402 -599.0595
v -198.4654 9.2383 -525.9405
v -223.4982 10.2402 -600.9405
v -198.5369 7.4509 -526.5217
v -223.5697 8.4527 -601.5217
v -198.4532 -9.5436 -525.0000
v -223.4860 -10.5455 -600.0000
v -198.4974 -8.4390 -523.4783
v -223.5302 -9.4408 -598.4783
v -198.5689 -6.6515 -524.0595
v -223.6017 -7.6534 -599.0595
v -198.5689 -6.6515 -525.9405
v -223.6017 -7.6534 -600.9405
v -198.4974 -8.4390 -526.5217
v -223.5302 -9.4408 -601.5217
v -144.9055 -135.9306 -525.0000
v -163.3148 -152.9231 -600.0000
v -145.6554 -135.1182 -523.4783
v -164.0647 -152.1107 -598.4783
v -146.8687 -133.8038 -524.0595
v -165.2780 -150.7962 -599.0595
v -146.8687 -133.8038 -525.9405
v -165.2780 -150.7962 -600.9405
v -145.6554 -135.1182 -526.5217
v -164.0647 -152.1107 -601.5217
v -133.5792 -147.0760 -525.0000
v -150.5717 -165.4852 -600.0000
v -134.3916 -146.3261 -523.4783
v -151.3840 -164.7354 -598.4783
v -135.7061 -145.1128 -524.0595
v -152.6985 -163.5220 -599.0595
v -135.7061 -145.1128 -525.9405
v -152.6985 -163.5220 -600.9405
v -134.3916 -146.3261 -526.5217
v -151.3840 -164.7354 -601.5217
v -6.3462 -198.5812 -525.0000
v -7.3480 -223.6139 -600.0000
v -7.4509 -198.5369 -523.4783
v -8.4527 -223.5697 -598.4783
v -9.2383 -198.4654 -524.0595
v -10.2402 -223.4982 -599.0595
v -9.2383 -198.4654 -525.9405
v -10.2402 -223.4982 -600.9405
v -7.4509 -198.5369 -526.5217
v -8.4527 -223.5697 -601.5217
v 9.5436 -198.4532 -525.0000
v 10.5455 -223.4860 -600.0000
v 8.4390 -198.4974 -523.4783
v 9.4408 -223.5302 -598.4783
v 6.6515 -198.5689 -524.0595
v 7.6534 -223.6017 -599.0595
v 6.6515 -198.5689 -525.9405
v 7.6534 -223.6017 -600.9405
v 8.4390 -198.4974 -526.5217
v 9.4408 -223.5302 -601.5217
v 135.9306 -144.9055 -525.0000
v 152.9231 -163.3148 -600.0000
v 135.1182 -145.6554 -523.4783
v 152.1107 -164.0647 -598.4783
v 133.8038 -146.8687 -524.0595
v 150.7962 -165.2780 -599.0595
v 133.8038 -146.8687 -525.9405
v 150.7962 -165.2780 -600.9405
v 135.1182 -145.6554 -526.5217
v 152.1107 -164.0647 -601.5217
v 147.0760 -133.5792 -525.0000
v 165.4852 -150.5717 -600.0000
v 146.3261 -134.3916 -523.4783
v 164.7354 -151.3840 -598.4783
v 145.1128 -135.7061 -524.0595
v 163.5220 -152.6985 -599.0595
v 145.1128 -135.7061 -525.9405
v 163.5220 -152.6985 -600.9405
v 146.3261 -134.3916 -526.5217
v 164.7354 -151.3840 -601.5217
v 223.6139 -7.3480 -600.0000
v 249.9329 -8.4014 -675.0000
v 223.5697 -8.4527 -598.4783
v 249.8887 -9.5061 -673.4783
v 223.4982 -10.2402 -599.0595
v 249.8172 -11.2935 -674.0595
v 223.4982 -10.2402 -600.9405
v 249.8172 -11.2935 -675.9405
v 223.5697 -8.4527 -601.5217
v 249.8887 -9.5061 -676.5217
v 223.4860 10.5455 -600.0000
v 249.8049 11.5988 -675.0000
v 223.5302 9.4408 -598.4783
v 249.8492 10.4941 -673.4783
v 223.6017 7.6534 -599.0595
v 249.9207 8.7067 -674.0595
v 223.6017 7.6534 -600.9405
v 249.9207 8.7067 -675.9405
v 223.5302 9.4408 -601.5217
v 249.8492 10.4941 -676.5217
v 163.3148 152.9231 -600.0000
v 182.6699 170.7886 -675.0000
v 164.0647 152.1107 -598.4783
v 183.4198 169.9762 -673.4783
v 165.2780 150.7962 -599.0595
v 184.6331 168.6617 -674.0595
v 165.2780 150.7962 -600.9405
v 184.6331 168.6617 -675.9405
v 164.0647 152.1107 -601.5217
v 183.4198 169.9762 -676.5217
v 150.5717 165.4852 -600.0000
v 168.4372 184.8404 -675.0000
v 151.3840 164.7354 -598.4783
v 169.2496 184.0905 -673.4783
v 152.6985 163.5220 -599.0595
v 170.5641 182.8772 -674.0595
v 152.6985 163.5220 -600.9405
v 170.5641 182.8772 -675.9405
v 151.3840 164.7354 -601.5217
v 169.2496 184.0905 -676.5217
v 7.3480 223.6139 -600.0000
v 8.4014 249.9329 -675.0000
v 8.4527 223.5697 -598.4783
v 9.5061 249.8887 -673.4783
v 10.2402 223.4982 -599.0595
v 11.2935 249.8172 -674.0595
v 10.2402 223.4982 -600.9405
v 11.2935 249.8172 -675.9405
v 8.4527 223.5697 -601.5217
v 9.5061 249.8887 -676.5217
v -10.5455 223.4860 -600.0000
v -11.5988 249.8049 -675.0000
v -9.4408 223.5302 -598.4783
v -10.4941 249.8492 -673.4783
v -7.6534 223.6017 -599.0595
v -8.7067 249.9207 -674.0595
v -7.6534 223.6017 -600.9405
v -8.7067 249.9207 -675.9405
v -9.4408 223.5302 -601.5217
v -10.4941 249.8492 -676.5217
v -152.9231 163.3148 -600.0000
v -170.7886 182.6699 -675.0000
v -152.1107 164.0647 -598.4783
v -169.9762 183.4198 -673.4783
v -150.7962 165.2780 -599.0595
v -168.6617 184.6331 -674.0595
v -150.7962 165.2780 -600.9405
v -168.6617 184.6331 -675.9405
v -152.1107 164.0647 -601.5217
v -169.9762 183.4198 -676.5217
v -165.4852 150.5717 -600.0000
v -184.8404 168.4372 -675.0000
v -164.7354 151.3840 -598.4783
v -184.0905 169.2496 -673.4783
v -163.5220 152.6985 -599.0595
v -182.8772 170.5641 -674.0595
v -163.5220 152.6985 -600.9405
v -182.8772 170.5641 -675.9405
v -164.7354 151.3840 -601.5217
v -184.0905 169.2496 -676.5217
v -223.6139 7.3480 -600.0000
v -249.9329 8.4014 -675.0000
v -223.5697 8.4527 -598.4783
v -249.8887 9.5061 -673.4783
v -223.4982 10.2402 -599.0595
v -249.8172 11.2935 -674.0595
v -223.4982 10.2402 -600.9405
v -249.8172 11.2935 -675.9405
v -223.5697 8.4527 -601.5217
v -249.8887 9.5061 -676.5217
v -223.4860 -10.5455 -600.0000
v -249.8049 -11.5988 -675.0000
v -223.5302 -9.4408 -598.4783
v -249.8492 -10.4941 -673.4783
v -223.6017 -7.6534 -599.0595
v -249.9207 -8.7067 -674.0595
v -223.6017 -7.6534 -600.9405
v -249.9207 -8.7067 -675.9405
v -223.5302 -9.4408 -601.5217
v -249.8492 -10.4941 -676.5217
v -163.3148 -152.9231 -600.0000
v -182.6699 -170.7886 -675.0000
v -164.0647 -152.1107 -598.4783
v -183.4198 -169.9762 -673.4783
v -165.2780 -150.7962 -599.0595
v -184.6331 -168.6617 -674.0595
v -165.2780 -150.7962 -600.9405
v -184.6331 -168.6617 -675.9405
v -164.0647 -152.1107 -601.5217
v -183.4198 -169.9762 -676.5217
v -150.5717 -165.4852 -600.0000
v -168.4372 -184.8404 -675.0000
v -151.3840 -164.7354 -598.4783
v -169.2496 -184.0905 -673.4783
v -152.6985 -163.5220 -599.0595
v -170.5641 -182.8772 -674.0595
v -152.6985 -163.5220 -600.9405
v -170.5641 -182.8772 -675.9405
v -151.3840 -164.7354 -601.5217
v -169.2496 -184.0905 -676.5217
v -7.3480 -223.6139 -600.0000
v -8.4014 -249.9329 -675.0000
v -8.4527 -223.5697 -598.4783
v -9.5061 -249.8887 -673.4783
v -10.2402 -223.4982 -599.0595
v -11.2935 -249.8172 -674.0595
v -10.2402 -223.4982 -600.9405
v -11.2935 -249.8172 -675.9405
v -8.4527 -223.5697 -601.5217
v -9.5061 -249.8887 -676.5217
v 10.5455 -223.4860 -600.0000
v 11.5988 -249.8049 -675.0000
v 9.4408 -223.5302 -598.4783
v 10.4941 -249.8492 -673.4783
v 7.6534 -223.6017 -599.0595
v 8.7067 -249.9207 -674.0595
v 7.6534 -223.6017 -600.9405
v 8.7067 -249.9207 -675.9405
v 9.4408 -223.5302 -601.5217
v 10.4941 -249.8492 -676.5217
v 152.9231 -163.3148 -600.0000
v 170.7886 -182.6699 -675.0000
v 152.1107 -164.0647 -598.4783
v 169.9762 -183.4198 -673.4783
v 150.7962 -165.2780 -599.0595
v 168.6617 -184.6331 -674.0595
v 150.7962 -165.2780 -600.9405
v 168.6617 -184.6331 -675.9405
v 152.1107 -164.0647 -601.5217
v 169.9762 -183.4198 -676.5217
v 165.4852 -150.5717 -600.0000
v 184.8404 -168.4372 -675.0000
v 164.7354 -151.3840 -598.4783
v 184.0905 -169.2496 -673.4783
v 163.5220 -152.6985 -599.0595
v 182.8772 -170.5641 -674.0595
v 163.5220 -152.6985 -600.9405
v 182.8772 -170.5641 -675.9405
v 164.7354 -151.3840 -601.5217
v 184.0905 -169.2496 -676.5217
v 249.9329 -8.4014 -675.0000
v 277.4500 -9.5026 -750.0000
v 249.8887 -9.5061 -673.4783
v 277.4058 -10.6073 -748.4783
v 249.8172 -11.2935 -674.0595
v 277.3343 -12.3948 -749.0595
v 249.8172 -11.2935 -675.9405
v 277.3343 -12.3948 -750.9405
v 249.8887 -9.5061 -676.5217
v 277.4058 -10.6073 -751.5217
v 249.8049 11.5988 -675.0000
v 277.3221 12.7001 -750.0000
v 249.8492 10.4941 -673.4783
v 277.3663 11.5954 -748.4783
v 249.9207 8.7067 -674.0595
v 277.4378 9.8080 -749.0595
v 249.9207 8.7067 -675.9405
v 277.4378 9.8080 -750.9405
v 249.8492 10.4941 -676.5217
v 277.3663 11.5954 -751.5217
v 182.6699 170.7886 -675.0000
v 202.9062 189.4674 -750.0000
v 183.4198 169.9762 -673.4783
v 203.6561 188.6550 -748.4783
v 184.6331 168.6617 -674.0595
v 204.8694 187.3405 -749.0595
v 184.6331 168.6617 -675.9405
v 204.8694 187.3405 -750.9405
v 183.4198 169.9762 -676.5217
v 203.6561 188.6550 -751.5217
v 168.4372 184.8404 -675.0000
v 187.1160 205.0766 -750.0000
v 169.2496 184.0905 -673.4783
v 187.9284 204.3268 -748.4783
v 170.5641 182.8772 -674.0595
v 189.2429 203.1134 -749.0595
v 170.5641 182.8772 -675.9405
v 189.2429 203.1134 -750.9405
v 169.2496 184.0905 -676.5217
v 187.9284 204.3268 -751.5217
v 8.4014 249.9329 -675.0000
v 9.5026 277.4500 -750.0000
v 9.5061 249.8887 -673.4783
v 10.6073 277.4058 -748.4783
v 11.2935 249.8172 -674.0595
v 12.3948 277.3343 -749.0595
v 11.2935 249.8172 -675.9405
v 12.3948 277.3343 -750.9405
v 9.5061 249.8887 -676.5217
v 10.6073 277.4058 -751.5217
v -11.5988 249.8049 -675.0000
v -12.7001 277.3221 -750.0000
v -10.4941 249.8492 -673.4783
v -11.5954 277.3663 -748.4783
v -8.7067 249.9207 -674.0595
v -9.8080 277.4378 -749.0595
v -8.7067 249.9207 -675.9405
v -9.8080 277.4378 -750.9405
v -10.4941 249.8492 -676.5217
v -11.5954 277.3663 -751.5217
v -170.7886 182.6699 -675.0000
v -189.4674 202.9062 -750.0000
v -169.9762 183.4198 -673.4783
v -188.6550 203.6561 -748.4783
v -168.6617 184.6331 -674.0595
v -187.3405 204.8694 -749.0595
v -168.6617 184.6331 -675.9405
v -187.3405 204.8694 -750.9405
v -169.9762 183.4198 -676.5217
v -188.6550 203.6561 -751.5217
v -184.8404 168.4372 -675.0000
v -205.0766 187.1160 -750.0000
v -184.0905 169.2496 -673.4783
v -204.3268 187.9284 -748.4783
v -182.8772 170.5641 -674.0595
v -203.1134 189.2429 -749.0595
v -182.8772 170.5641 -675.9405
v -203.1134 189.2429 -750.9405
v -184.0905 169.2496 -676.5217
v -204.3268 187.9284 -751.5217
v -249.9329 8.4014 -675.0000
v -277.4500 9.5026 -750.0000
v -249.8887 9.5061 -673.4783
v -277.4058 10.6073 -748.4783
v -249.8172 11.2935 -674.0595
v -277.3343 12.3948 -749.0595
v -249.8172 11.2935 -675.9405
v -277.3343 12.3948 -750.9405
v -249.8887 9.5061 -676.5217
v -277.4058 10.6073 -751.5217
v -249.8049 -11.5988 -675.0000
v -277.3221 -12.7001 -750.0000
v -249.8492 -10.4941 -673.4783
v -277.3663 -11.5954 -748.4783
v -249.9207 -8.7067 -674.0595
v -277.4378 -9.8080 -749.0595
v -249.9207 -8.7067 -675.9405
v -277.4378 -9.8080 -750.9405
v -249.8492 -10.4941 -676.5217
v -277.3663 -11.5954 -751.5217
v -182.6699 -170.7886 -675.0000
v -202.9062 -189.4674 -750.0000
v -183.4198 -169.9762 -673.4783
v -203.6561 -188.6550 -748.4783
v -184.6331 -168.6617 -674.0595
v -204.8694 -187.3405 -749.0595
v -184.6331 -168.6617 -675.9405
v -204.8694 -187.3405 -750.9405
v -183.4198 -169.9762 -676.5217
v -203.6561 -188.6550 -751.5217
v -168.4372 -184.8404 -675.0000
v -187.1160 -205.0766 -750.0000
v -169.2496 -184.0905 -673.4783
v -187.9284 -204.3268 -748.4783
v -170.5641 -182.8772 -674.0595
v -189.2429 -203.1134 -749.0595
v -170.5641 -182.8772 -675.9405
v -189.2429 -203.1134 -750.9405
v -169.2496 -184.0905 -676.5217
v -187.9284 -204.3268 -751.5217
v -8.4014 -249.9329 -675.0000
v -9.5026 -277.4500 -750.0000
v -9.5061 -249.8887 -673.4783
v -10.6073 -277.4058 -748.4783
v -11.2935 -249.8172 -674.0595
v -12.3948 -277.3343 -749.0595
v -11.2935 -249.8172 -675.9405
v -12.3948 -277.3343 -750.9405
v -9.5061 -249.8887 -676.5217
v -10.6073 -277.4058 -751.5217
v 11.5988 -249.8049 -675.0000
v 12.7001 -277.3221 -750.0000
v 10.4941 -249.8492 -673.4783
v 11.5954 -277.3663 -748.4783
v 8.7067 -249.9207 -674.0595
v 9.8080 -277.4378 -749.0595
v 8.7067 -249.9207 -675.9405
v 9.8080 -277.4378 -750.9405
v 10.4941 -249.8492 -676.5217
v 11.5954 -277.3663 -751.5217
v 170.7886 -182.6699 -675.0000
v 189.4674 -202.9062 -750.0000
v 169.9762 -183.4198 -673.4783
v 188.6550 -203.6561 -748.4783
v 168.6617 -184.6331 -674.0595
v 187.3405 -204.8694 -749.0595
v 168.6617 -184.6331 -675.9405
v 187.3405 -204.8694 -750.9405
v 169.9762 -183.4198 -676.5217
v 188.6550 -203.6561 -751.5217
v 184.8404 -168.4372 -675.0000
v 205.0766 -187.1160 -750.0000
v 184.0905 -169.2496 -673.4783
v 204.3268 -187.9284 -748.4783
v 182.8772 -170.5641 -674.0595
v 203.1134 -189.2429 -749.0595
v 182.8772 -170.5641 -675.9405
v 203.1134 -189.2429 -750.9405
v 184.0905 -169.2496 -676.5217
v 204.3268 -187.9284 -751.5217
v 277.4500 -9.5026 -750.0000
v 306.0917 -10.6489 -825.0000
v 277.4058 -10.6073 -748.4783
v 306.0475 -11.7536 -823.4783
v 277.3343 -12.3948 -749.0595
v 305.9759 -13.5410 -824.0595
v 277.3343 -12.3948 -750.9405
v 305.9759 -13.5410 -825.9405
v 277.4058 -10.6073 -751.5217
v 306.0475 -11.7536 -826.5217
v 277.3221 12.7001 -750.0000
v 305.9637 13.8464 -825.0000
v 277.3663 11.5954 -748.4783
v 306.0079 12.7417 -823.4783
v 277.4378 9.8080 -749.0595
v 306.0795 10.9542 -824.0595
v 277.4378 9.8080 -750.9405
v 306.0795 10.9542 -825.9405
v 277.3663 11.5954 -751.5217
v 306.0079 12.7417 -826.5217
v 202.9062 189.4674 -750.0000
v 223.9694 208.9096 -825.0000
v 203.6561 188.6550 -748.4783
v 224.7193 208.0972 -823.4783
v 204.8694 187.3405 -749.0595
v 225.9326 206.7827 -824.0595
v 204.8694 187.3405 -750.9405
v 225.9326 206.7827 -825.9405
v 203.6561 188.6550 -751.5217
v 224.7193 208.0972 -826.5217
v 187.1160 205.0766 -750.0000
v 206.5582 226.1399 -825.0000
v 187.9284 204.3268 -748.4783
v 207.3706 225.3900 -823.4783
v 189.2429 203.1134 -749.0595
v 208.6850 224.1767 -824.0595
v 189.2429 203.1134 -750.9405
v 208.6850 224.1767 -825.9405
v 187.9284 204.3268 -751.5217
v 207.3706 225.3900 -826.5217
v 9.5026 277.4500 -750.0000
v 10.6489 306.0917 -825.0000
v 10.6073 277.4058 -748.4783
v 11.7536 306.0475 -823.4783
v 12.3948 277.3343 -749.0595
v 13.5410 305.9759 -824.0595
v 12.3948 277.3343 -750.9405
v 13.5410 305.9759 -825.9405
v 10.6073 277.4058 -751.5217
v 11.7536 306.0475 -826.5217
v -12.7001 277.3221 -750.0000
v -13.8464 305.9637 -825.0000
v -11.5954 277.3663 -748.4783
v -12.7417 306.0079 -823.4783
v -9.8080 277.4378 -749.0595
v -10.9542 306.0795 -824.0595
v -9.8080 277.4378 -750.9405
v -10.9542 306.0795 -825.9405
v -11.5954 277.3663 -751.5217
v -12.7417 306.0079 -826.5217
v -189.4674 202.9062 -750.0000
v -208.9096 223.9694 -825.0000
v -188.6550 203.6561 -748.4783
v -208.0972 224.7193 -823.4783
v -187.3405 204.8694 -749.0595
v -206.7827 225.9326 -824.0595
v -187.3405 204.8694 -750.9405
v -206.7827 225.9326 -825.9405
v -188.6550 203.6561 -751.5217
v -208.0972 224.7193 -826.5217
v -205.0766 187.1160 -750.0000
v -226.1399 206.5582 -825.0000
v -204.3268 187.9284 -748.4783
v -225.3900 207.3706 -823.4783
v -203.1134 189.2429 -749.0595
v -224.1767 208.6850 -824.0595
v -203.1134 189.2429 -750.9405
v -224.1767 208.6850 -825.9405
v -204.3268 187.9284 -751.5217
v -225.3900 207.3706 -826.5217
v -277.4500 9.5026 -750.0000
v -306.0917 10.6489 -825.0000
v -277.4058 10.6073 -748.4783
v -306.0475 11.7536 -823.4783
v -277.3343 12.3948 -749.0595
v -305.9759 13.5410 -824.0595
v -277.3343 12.3948 -750.9405
v -305.9759 13.5410 -825.9405
v -277.4058 10.6073 -751.5217
v -306.0475 11.7536 -826.5217
v -277.3221 -12.7001 -750.0000
v -305.9637 -13.8464 -825.0000
v -277.3663 -11.5954 -748.4783
v -306.0079 -12.7417 -823.4783
v -277.4378 -9.8080 -749.0595
v -306.0795 -10.9542 -824.0595
v -277.4378 -9.8080 -750.9405
v -306.0795 -10.9542 -825.9405
v -277.3663 -11.5954 -751.5217
v -306.0079 -12.7417 -826.5217
v -202.9062 -189.4674 -750.0000
v -223.9694 -208.9096 -825.0000
v -203.6561 -188.6550 -748.4783
v -224.7193 -208.0972 -823.4783
v -204.8694 -187.3405 -749.0595
v -225.9326 -206.7827 -824.0595
v -204.8694 -187.3405 -750.9405
v -225.9326 -206.7827 -825.9405
v -203.6561 -188.6550 -751.5217
v -224.7193 -208.0972 -826.5217
v -187.1160 -205.0766 -750.0000
v -206.5582 -226.1399 -825.0000
v -187.9284 -204.3268 -748.4783
v -207.3706 -225.3900 -823.4783
v -189.2429 -203.1134 -749.0595
v -208.6850 -224.1767 -824.0595
v -189.2429 -203.1134 -750.9405
v -208.6850 -224.1767 -825.9405
v -187.9284 -204.3268 -751.5217
v -207.3706 -225.3900 -826.5217
v -9.5026 -277.4500 -750.0000
v -10.6489 -306.0917 -825.0000
v -10.6073 -277.4058 -748.4783
v -11.7536 -306.0475 -823.4783
v -12.3948 -277.3343 -749.0595
v -13.5410 -305.9759 -824.0595
v -12.3948 -277.3343 -750.9405
v -13.5410 -305.9759 -825.9405
v -10.6073 -277.4058 -751.5217
v -11.7536 -306.0475 -826.5217
v 12.7001 -277.3221 -750.0000
v 13.8464 -305.9637 -825.0000
v 11.5954 -277.3663 -748.4783
v 12.7417 -306.0079 -823.4783
v 9.8080 -277.4378 -749.0595
v 10.9542 -306.0795 -824.0595
v 9.8080 -277.4378 -750.9405
v 10.9542 -306.0795 -825.9405
v 11.5954 -277.3663 -751.5217
v 12.7417 -306.0079 -826.5217
v 189.4674 -202.9062 -750.0000
v 208.9096 -223.9694 -825.0000
v 188.6550 -203.6561 -748.4783
v 208.0972 -224.7193 -823.4783
v 187.3405 -204.8694 -749.0595
v 206.7827 -225.9326 -824.0595
v 187.3405 -204.8694 -750.9405
v 206.7827 -225.9326 -825.9405
v 188.6550 -203.6561 -751.5217
v 208.0972 -224.7193 -826.5217
v 205.0766 -187.1160 -750.0000
v 226.1399 -206.5582 -825.0000
v 204.3268 -187.9284 -748.4783
v 225.3900 -207.3706 -823.4783
v 203.1134 -189.2429 -749.0595
v 224.1767 -208.6850 -824.0595
v 203.1134 -189.2429 -750.9405
v 224.1767 -208.6850 -825.9405
v 204.3268 -187.9284 -751.5217
v 225.3900 -207.3706 -826.5217
# 1760 vertices

vn 0.0000 0.0000 1.0000
vn 0.0000 0.0000 1.0000
vn 0.0000 0.0000 1.0000
vn 0.0000 0.0000 1.0000
vn 0.0000 0.0000 1.0000
vn 0.0000 0.0000 1.0000
vn 0.0000 0.0000 1.0000
vn 0.0000 0.0000 1.0000
vn 0.0000 0.0000 1.0000
vn 0.0000 0.0000 1.0000
vn 0.0000 0.0000 1.0000
vn 0.0000 0.0000 1.0000
vn 0.0000 0.0000 1.0000
vn 0.0000 0.0000 1.0000
vn 0.0000 0.0000 1.0000
vn 0.0000 0.0000 1.0000
vn 0.0000 0.0000 1.0000
vn 0.0000 0.0000 1.0000
vn 0.0000 0.0000 1.0000
vn 0.0000 0.0000 1.0000
vn 0.0000 0.0000 1.0000
vn 0.0000 0.0000 1.0000
vn 0.0000 0.0000 1.0000
vn 0.0000 0.0000 1.0000
vn 0.0000 0.0000 1.0000
vn 0.0000 0.0000 1.0000
vn 0.0000 0.0000 1.0000
vn 0.0000 0.0000 1.0000
vn 0.0000 0.0000 1.0000
vn 0.0000 0.0000 1.0000
vn 0.0000 0.0000 1.0000
vn 0.0000 0.0000 1.0000
vn 0.0000 0.0000 1.0000
vn 0.0000 0.0000 1.0000
vn 0.0000 0.0000 1.0000
vn 0.0000 0.0000 1.0000
vn 0.0000 0.0000 1.0000
vn 0.0000 0.0000 1.0000
vn 0.0000 0.0000 1.0000
vn 0.0000 0.0000 1.0000
vn 0.0000 0.0000 1.0000
vn 0.0000 0.0000 1.0000
vn 0.0000 0.0000 1.0000
vn 0.0000 0.0000 1.0000
vn 0.0000 0.0000 1.0000
vn 0.0000 0.0000 1.0000
vn 0.0000 0.0000 1.0000
vn 0.0000 0.0000 1.0000
vn 0.0000 0.0000 1.0000
vn 0.0000 0.0000 1.0000
vn 0.0000 0.0000 1.0000
vn 0.0000 0.0000 1.0000
vn 0.0000 0.0000 1.0000
vn 0.0000 0.0000 1.0000
vn 0.0000 0.0000 1.0000
vn 0.0000 0.0000 1.0000
vn 0.0000 0.0000 1.0000
vn 0.0000 0.0000 1.0000
vn 0.0000 0.0000 1.0000
vn 0.0000 0.0000 1.0000
vn 0.0000 0.0000 1.0000
vn 0.0000 0.0000 1.0000
vn 0.0000 0.0000 1.0000
vn 0.0000 0.0000 1.0000
vn 0.0000 0.0000 1.0000
vn 0.0000 0.0000 1.0000
vn 0.0000 0.0000 1.0000
vn 0.0000 0.0000 1.0000
vn 0.0000 0.0000 1.0000
vn 0.0000 0.0000 1.0000
vn 0.0000 0.0000 1.0000
vn 0.0000 0.0000 1.0000
vn 0.0000 0.0000 1.0000
vn 0.0000 0.0000 1.0000
vn 0.0000 0.0000 1.0000
vn 0.0000 0.0000 1.0000
vn 0.0000 0.0000 1.0000
vn 0.0000 0.0000 1.0000
vn 0.0000 0.0000 1.0000
vn 0.0000 0.0000 1.0000
vn 0.0000 0.0000 1.0000
vn 0.0000 0.0000 1.0000
vn 0.0000 0.0000 1.0000
vn 0.0000 0.0000 1.0000
vn 0.0000 0.0000 1.0000
vn 0.0000 0.0000 1.0000
vn 0.0000 0.0000 1.0000
vn 0.0000 0.0000 1.0000
vn 0.0000 0.0000 1.0000
vn 0.0000 0.0000 1.0000
vn 0.0000 0.0000 1.0000
vn 0.0000 0.0000 1.0000
vn 0.0000 0.0000 1.0000
vn 0.0000 0.0000 1.0000
vn 0.0000 0.0000 1.0000
vn 0.0000 0.0000 1.0000
vn 0.0000 0.0000 1.0000
vn 0.0000 0.0000 1.0000
vn 0.0000 0.0000 1.0000
vn 0.0000 0.0000 1.0000
vn 0.0000 0.0000 1.0000
vn 0.0000 0.0000 1.0000
vn 0.0000 0.0000 1.0000
vn 0.0000 0.0000 1.0000
vn 0.0000 0.0000 1.0000
vn 0.0000 0.0000 1.0000
vn 0.0000 0.0000 1.0000
vn 0.0000 0.0000 1.0000
vn 0.0000 0.0000 1.0000
vn 0.0000 0.0000 1.0000
vn 0.0000 0.0000 1.0000
vn 0.0000 0.0000 1.0000
vn 0.0000 0.0000 1.0000
vn 0.0000 0.0000 1.0000
vn 0.0000 0.0000 1.0000
vn 0.0000 0.0000 1.0000
vn 0.0000 0.0000 1.0000
vn 0.0000 0.0000 1.0000
vn 0.0000 0.0000 1.0000
vn 0.0000 0.0000 1.0000
vn 0.0000 0.0000 1.0000
vn 0.0000 0.0000 1.0000
vn 0.0000 0.0000 1.0000
vn 0.0000 0.0000 1.0000
vn 0.0000 0.0000 1.0000
vn 0.0000 0.0000 1.0000
vn 0.0000 0.0000 1.0000
vn 0.0000 0.0000 1.0000
vn 0.0000 0.0000 1.0000
vn 0.0000 0.0000 1.0000
vn 0.0000 0.0000 1.0000
vn 0.0000 0.0000 1.0000
vn 0.0000 0.0000 1.0000
vn 0.0000 0.0000 1.0000
vn 0.0000 0.0000 1.0000
vn 0.0000 0.0000 1.0000
vn 0.0000 0.0000 1.0000
vn 0.0000 0.0000 1.0000
vn 0.0000 0.0000 1.0000
vn 0.0000 0.0000 1.0000
vn 0.0000 0.0000 1.0000
vn 0.0000 0.0000 1.0000
vn 0.0000 0.0000 1.0000
vn 0.0000 0.0000 1.0000
vn 0.0000 0.0000 1.0000
vn 0.0000 0.0000 1.0000
vn 0.0000 0.0000 1.0000
vn 0.0000 0.0000 1.0000
vn 0.0000 0.0000 1.0000
vn 0.0000 0.0000 1.0000
vn 0.0000 0.0000 1.0000
vn 0.0000 0.0000 1.0000
vn 0.0000 0.0000 1.0000
vn 0.0000 0.0000 1.0000
vn 0.0000 0.0000 1.0000
vn 0.0000 0.0000 1.0000
vn 0.0000 0.0000 1.0000
vn 0.0000 0.0000 1.0000
vn 0.0000 0.0000 1.0000
vn 0.0000 0.0000 1.0000
vn 0.0000 0.0000 1.0000
vn 0.0000 0.0000 1.0000
vn 0.0000 0.0000 1.0000
vn 0.0000 0.0000 1.0000
vn 0.0000 0.0000 1.0000
vn 0.0000 0.0000 1.0000
vn 0.0000 0.0000 1.0000
vn 0.0000 0.0000 1.0000
vn 0.0000 0.0000 1.0000
vn 0.0000 0.0000 1.0000
vn 0.0000 0.0000 1.0000
vn 0.0000 0.0000 1.0000
vn 0.0000 0.0000 1.0000
vn 0.0000 0.0000 1.0000
vn 0.0000 0.0000 1.0000
vn 0.0000 0.0000 1.0000
vn 0.0000 0.0000 1.0000
vn 0.0000 0.0000 1.0000
vn 0.0000 0.0000 1.0000
vn 0.0000 0.0000 1.0000
vn 0.0000 0.0000 1.0000
vn 0.0000 0.0000 1.0000
vn 0.0000 0.0000 1.0000
vn 0.0000 0.0000 1.0000
vn 0.0000 0.0000 1.0000
vn 0.0000 0.0000 1.0000
vn 0.0000 0.0000 1.0000
vn 0.0000 0.0000 1.0000
vn 0.0000 0.0000 1.0000
vn 0.0000 0.0000 1.0000
vn 0.0000 0.0000 1.0000
vn 0.0000 0.0000 1.0000
vn 0.0000 0.0000 1.0000
vn 0.0000 0.0000 1.0000
vn 0.0000 0.0000 1.0000
vn 0.0000 0.0000 1.0000
vn 0.0000 0.0000 1.0000
vn 0.0000 0.0000 1.0000
vn 0.0000 0.0000 1.0000
vn 0.0000 0.0000 1.0000
vn 0.0000 0.0000 1.0000
vn 0.0000 0.0000 1.0000
vn 0.0000 0.0000 1.0000
vn 0.0000 0.0000 1.0000
vn 0.0000 0.0000 1.0000
vn 0.0000 0.0000 1.0000
vn 0.0000 0.0000 1.0000
vn 0.0000 0.0000 1.0000
vn 0.0000 0.0000 1.0000
vn 0.0000 0.0000 1.0000
vn 0.0000 0.0000 1.0000
vn 0.0000 0.0000 1.0000
vn 0.0000 0.0000 1.0000
vn 0.0000 0.0000 1.0000
vn 0.0000 0.0000 1.0000
vn 0.0000 0.0000 1.0000
vn 0.0000 0.0000 1.0000
vn 0.0000 0.0000 1.0000
vn 0.0000 0.0000 1.0000
vn 0.0000 0.0000 1.0000
vn 0.0000 0.0000 1.0000
vn 0.0000 0.0000 1.0000
vn 0.0000 0.0000 1.0000
vn 0.0000 0.0000 1.0000
vn 0.0000 0.0000 1.0000
vn 0.0000 0.0000 1.0000
vn 0.0000 0.0000 1.0000
vn 0.0000 0.0000 1.0000
vn 0.0000 0.0000 1.0000
vn 0.0000 0.0000 1.0000
vn 0.0000 0.0000 1.0000
vn 0.0000 0.0000 1.0000
vn 0.0000 0.0000 1.0000
vn 0.0000 0.0000 1.0000
vn 0.0000 0.0000 1.0000
vn 0.0000 0.0000 1.0000
vn 0.0000 0.0000 1.0000
vn 0.0000 0.0000 1.0000
vn 0.0000 0.0000 1.0000
vn 0.0000 0.0000 1.0000
vn 0.0000 0.0000 1.0000
vn 0.0000 0.0000 1.0000
vn 0.0000 0.0000 1.0000
vn 0.0000 0.0000 1.0000
vn 0.0000 0.0000 1.0000
vn 0.0000 0.0000 1.0000
vn 0.0000 0.0000 1.0000
vn 0.0000 0.0000 1.0000
vn 0.0000 0.0000 1.0000
vn 0.0000 0.0000 1.0000
vn 0.0000 0.0000 1.0000
vn 0.0000 0.0000 1.0000
vn 0.0000 0.0000 1.0000
vn 0.0000 0.0000 1.0000
vn 0.0000 0.0000 1.0000
vn 0.0000 0.0000 1.0000
vn 0.0000 0.0000 1.0000
vn 0.0000 0.0000 1.0000
vn 0.0000 0.0000 1.0000
vn 0.0000 0.0000 1.0000
vn 0.0000 0.0000 1.0000
vn 0.0000 0.0000 1.0000
vn 0.0000 0.0000 1.0000
vn 0.0000 0.0000 1.0000
vn 0.0000 0.0000 1.0000
vn 0.0000 0.0000 1.0000
vn 0.0000 0.0000 1.0000
vn 0.0000 0.0000 1.0000
vn 0.0000 0.0000 1.0000
vn 0.0000 0.0000 1.0000
vn 0.0000 0.0000 1.0000
vn 0.0000 0.0000 1.0000
vn 0.0000 0.0000 1.0000
vn 0.0000 0.0000 1.0000
vn 0.0000 0.0000 1.0000
vn 0.0000 0.0000 1.0000
vn 0.0000 0.0000 1.0000
vn 0.0000 0.0000 1.0000
vn 0.0000 0.0000 1.0000
vn 0.0000 0.0000 1.0000
vn 0.0000 0.0000 1.0000
vn 0.0000 0.0000 1.0000
vn 0.0000 0.0000 1.0000
vn 0.0000 0.0000 1.0000
vn 0.0000 0.0000 1.0000
vn 0.0000 0.0000 1.0000
vn 0.0000 0.0000 1.0000
vn 0.0000 0.0000 1.0000
vn 0.0000 0.0000 1.0000
vn 0.0000 0.0000 1.0000
vn 0.0000 0.0000 1.0000
vn 0.0000 0.0000 1.0000
vn 0.0000 0.0000 1.0000
vn 0.0000 0.0000 1.0000
vn 0.0000 0.0000 1.0000
vn 0.0000 0.0000 1.0000
vn 0.0000 0.0000 1.0000
vn 0.0000 0.0000 1.0000
vn 0.0000 0.0000 1.0000
vn 0.0000 0.0000 1.0000
vn 0.0000 0.0000 1.0000
vn 0.0000 0.0000 1.0000
vn 0.0000 0.0000 1.0000
vn 0.0000 0.0000 1.0000
vn 0.0000 0.0000 1.0000
vn 0.0000 0.0000 1.0000
vn 0.0000 0.0000 1.0000
vn 0.0000 0.0000 1.0000
vn 0.0000 0.0000 1.0000
vn 0.0000 0.0000 1.0000
vn 0.0000 0.0000 1.0000
vn 0.0000 0.0000 1.0000
vn 0.0000 0.0000 1.0000
vn 0.0000 0.0000 1.0000
vn 0.0000 0.0000 1.0000
vn 0.0000 0.0000 1.0000
vn 0.0000 0.0000 1.0000
vn 0.0000 0.0000 1.0000
vn 0.0000 0.0000 1.0000
vn 0.0000 0.0000 1.0000
vn 0.0000 0.0000 1.0000
vn 0.0000 0.0000 1.0000
vn 0.0000 0.0000 1.0000
vn 0.0000 0.0000 1.0000
vn 0.0000 0.0000 1.0000
vn 0.0000 0.0000 1.0000
vn 0.0000 0.0000 1.0000
vn 0.0000 0.0000 1.0000
vn 0.0000 0.0000 1.0000
vn 0.0000 0.0000 1.0000
vn 0.0000 0.0000 1.0000
vn 0.0000 0.0000 1.0000
vn 0.0000 0.0000 1.0000
vn 0.0000 0.0000 1.0000
vn 0.0000 0.0000 1.0000
vn 0.0000 0.0000 1.0000
vn 0.0000 0.0000 1.0000
vn 0.0000 0.0000 1.0000
vn 0.0000 0.0000 1.0000
vn 0.0000 0.0000 1.0000
vn 0.0000 0.0000 1.0000
vn 0.0000 0.0000 1.0000
vn 0.0000 0.0000 1.0000
vn 0.0000 0.0000 1.0000
vn 0.0000 0.0000 1.0000
vn 0.0000 0.0000 1.0000
vn 0.0000 0.0000 1.0000
vn 0.0000 0.0000 1.0000
vn 0.0000 0.0000 1.0000
vn 0.0000 0.0000 1.0000
vn 0.0000 0.0000 1.0000
vn 0.0000 0.0000 1.0000
vn 0.0000 0.0000 1.0000
vn 0.0000 0.0000 1.0000
vn 0.0000 0.0000 1.0000
vn 0.0000 0.0000 1.0000
vn 0.0000 0.0000 1.0000
vn 0.0000 0.0000 1.0000
vn 0.0000 0.0000 1.0000
vn 0.0000 0.0000 1.0000
vn 0.0000 0.0000 1.0000
vn 0.0000 0.0000 1.0000
vn 0.0000 0.0000 1.0000
vn 0.0000 0.0000 1.0000
vn 0.0000 0.0000 1.0000
vn 0.0000 0.0000 1.0000
vn 0.0000 0.0000 1.0000
vn 0.0000 0.0000 1.0000
vn 0.0000 0.0000 1.0000
vn 0.0000 0.0000 1.0000
vn 0.0000 0.0000 1.0000
vn 0.0000 0.0000 1.0000
vn 0.0000 0.0000 1.0000
vn 0.0000 0.0000 1.0000
vn 0.0000 0.0000 1.0000
vn 0.0000 0.0000 1.0000
vn 0.0000 0.0000 1.0000
vn 0.0000 0.0000 1.0000
vn 0.0000 0.0000 1.0000
vn 0.0000 0.0000 1.0000
vn 0.0000 0.0000 1.0000
vn 0.0000 0.0000 1.0000
vn 0.0000 0.0000 1.0000
vn 0.0000 0.0000 1.0000
vn 0.0000 0.0000 1.0000
vn 0.0000 0.0000 1.0000
vn 0.0000 0.0000 1.0000
vn 0.0000 0.0000 1.0000
vn 0.0000 0.0000 1.0000
vn 0.0000 0.0000 1.0000
vn 0.0000 0.0000 1.0000
vn 0.0000 0.0000 1.0000
vn 0.0000 0.0000 1.0000
vn 0.0000 0.0000 1.0000
vn 0.0000 0.0000 1.0000
vn 0.0000 0.0000 1.0000
vn 0.0000 0.0000 1.0000
vn 0.0000 0.0000 1.0000
vn 0.0000 0.0000 1.0000
vn 0.0000 0.0000 1.0000
vn 0.0000 0.0000 1.0000
vn 0.0000 0.0000 1.0000
vn 0.0000 0.0000 1.0000
vn 0.0000 0.0000 1.0000
vn 0.0000 0.0000 1.0000
vn 0.0000 0.0000 1.0000
vn 0.0000 0.0000 1.0000
vn 0.0000 0.0000 1.0000
vn 0.0000 0.0000 1.0000
vn 0.0000 0.0000 1.0000
vn 0.0000 0.0000 1.0000
vn 0.0000 0.0000 1.0000
vn 0.0000 0.0000 1.0000
vn 0.0000 0.0000 1.0000
vn 0.0000 0.0000 1.0000
vn 0.0000 0.0000 1.0000
vn 0.0000 0.0000 1.0000
vn 0.0000 0.0000 1.0000
vn 0.0000 0.0000 1.0000
vn 0.0000 0.0000 1.0000
vn 0.0000 0.0000 1.0000
vn 0.0000 0.0000 1.0000
vn 0.0000 0.0000 1.0000
vn 0.0000 0.0000 1.0000
vn 0.0000 0.0000 1.0000
vn 0.0000 0.0000 1.0000
vn 0.0000 0.0000 1.0000
vn 0.0000 0.0000 1.0000
vn 0.0000 0.0000 1.0000
vn 0.0000 0.0000 1.0000
vn 0.0000 0.0000 1.0000
vn 0.0000 0.0000 1.0000
vn 0.0000 0.0000 1.0000
vn 0.0000 0.0000 1.0000
vn 0.0000 0.0000 1.0000
vn 0.0000 0.0000 1.0000
vn 0.0000 0.0000 1.0000
vn 0.0000 0.0000 1.0000
vn 0.0000 0.0000 1.0000
vn 0.0000 0.0000 1.0000
vn 0.0000 0.0000 1.0000
vn 0.0000 0.0000 1.0000
vn 0.0000 0.0000 1.0000
vn 0.0000 0.0000 1.0000
vn 0.0000 0.0000 1.0000
vn 0.0000 0.0000 1.0000
vn 0.0000 0.0000 1.0000
vn 0.0000 0.0000 1.0000
vn 0.0000 0.0000 1.0000
vn 0.0000 0.0000 1.0000
vn 0.0000 0.0000 1.0000
vn 0.0000 0.0000 1.0000
vn 0.0000 0.0000 1.0000
vn 0.0000 0.0000 1.0000
vn 0.0000 0.0000 1.0000
vn 0.0000 0.0000 1.0000
vn 0.0000 0.0000 1.0000
vn 0.0000 0.0000 1.0000
vn 0.0000 0.0000 1.0000
vn 0.0000 0.0000 1.0000
vn 0.0000 0.0000 1.0000
vn 0.0000 0.0000 1.0000
vn 0.0000 0.0000 1.0000
vn 0.0000 0.0000 1.0000
vn 0.0000 0.0000 1.0000
vn 0.0000 0.0000 1.0000
vn 0.0000 0.0000 1.0000
vn 0.0000 0.0000 1.0000
vn 0.0000 0.0000 1.0000
vn 0.0000 0.0000 1.0000
vn 0.0000 0.0000 1.0000
vn 0.0000 0.0000 1.0000
vn 0.0000 0.0000 1.0000
vn 0.0000 0.0000 1.0000
vn 0.0000 0.0000 1.0000
vn 0.0000 0.0000 1.0000
vn 0.0000 0.0000 1.0000
vn 0.0000 0.0000 1.0000
vn 0.0000 0.0000 1.0000
vn 0.0000 0.0000 1.0000
vn 0.0000 0.0000 1.0000
vn 0.0000 0.0000 1.0000
vn 0.0000 0.0000 1.0000
vn 0.0000 0.0000 1.0000
vn 0.0000 0.0000 1.0000
vn 0.0000 0.0000 1.0000
vn 0.0000 0.0000 1.0000
vn 0.0000 0.0000 1.0000
vn 0.0000 0.0000 1.0000
vn 0.0000 0.0000 1.0000
vn 0.0000 0.0000 1.0000
vn 0.0000 0.0000 1.0000
vn 0.0000 0.0000 1.0000
vn 0.0000 0.0000 1.0000
vn 0.0000 0.0000 1.0000
vn 0.0000 0.0000 1.0000
vn 0.0000 0.0000 1.0000
vn 0.0000 0.0000 1.0000
vn 0.0000 0.0000 1.0000
vn 0.0000 0.0000 1.0000
vn 0.0000 0.0000 1.0000
vn 0.0000 0.0000 1.0000
vn 0.0000 0.0000 1.0000
vn 0.0000 0.0000 1.0000
vn 0.0000 0.0000 1.0000
vn 0.0000 0.0000 1.0000
vn 0.0000 0.0000 1.0000
vn 0.0000 0.0000 1.0000
vn 0.0000 0.0000 1.0000
vn 0.0000 0.0000 1.0000
vn 0.0000 0.0000 1.0000
vn 0.0000 0.0000 1.0000
vn 0.0000 0.0000 1.0000
vn 0.0000 0.0000 1.0000
vn 0.0000 0.0000 1.0000
vn 0.0000 0.0000 1.0000
vn 0.0000 0.0000 1.0000
vn 0.0000 0.0000 1.0000
vn 0.0000 0.0000 1.0000
vn 0.0000 0.0000 1.0000
vn 0.0000 0.0000 1.0000
vn 0.0000 0.0000 1.0000
vn 0.0000 0.0000 1.0000
vn 0.0000 0.0000 1.0000
vn 0.0000 0.0000 1.0000
vn 0.0000 0.0000 1.0000
vn 0.0000 0.0000 1.0000
vn 0.0000 0.0000 1.0000
vn 0.0000 0.0000 1.0000
vn 0.0000 0.0000 1.0000
vn 0.0000 0.0000 1.0000
vn 0.0000 0.0000 1.0000
vn 0.0000 0.0000 1.0000
vn 0.0000 0.0000 1.0000
vn 0.0000 0.0000 1.0000
vn 0.0000 0.0000 1.0000
vn 0.0000 0.0000 1.0000
vn 0.0000 0.0000 1.0000
vn 0.0000 0.0000 1.0000
vn 0.0000 0.0000 1.0000
vn 0.0000 0.0000 1.0000
vn 0.0000 0.0000 1.0000
vn 0.0000 0.0000 1.0000
vn 0.0000 0.0000 1.0000
vn 0.0000 0.0000 1.0000
vn 0.0000 0.0000 1.0000
vn 0.0000 0.0000 1.0000
vn 0.0000 0.0000 1.0000
vn 0.0000 0.0000 1.0000
vn 0.0000 0.0000 1.0000
vn 0.0000 0.0000 1.0000
vn 0.0000 0.0000 1.0000
vn 0.0000 0.0000 1.0000
vn 0.0000 0.0000 1.0000
vn 0.0000 0.0000 1.0000
vn 0.0000 0.0000 1.0000
vn 0.0000 0.0000 1.0000
vn 0.0000 0.0000 1.0000
vn 0.0000 0.0000 1.0000
vn 0.0000 0.0000 1.0000
vn 0.0000 0.0000 1.0000
vn 0.0000 0.0000 1.0000
vn 0.0000 0.0000 1.0000
vn 0.0000 0.0000 1.0000
vn 0.0000 0.0000 1.0000
vn 0.0000 0.0000 1.0000
vn 0.0000 0.0000 1.0000
vn 0.0000 0.0000 1.0000
vn 0.0000 0.0000 1.0000
vn 0.0000 0.0000 1.0000
vn 0.0000 0.0000 1.0000
vn 0.0000 0.0000 1.0000
vn 0.0000 0.0000 1.0000
vn 0.0000 0.0000 1.0000
vn 0.0000 0.0000 1.0000
vn 0.0000 0.0000 1.0000
vn 0.0000 0.0000 1.0000
vn 0.0000 0.0000 1.0000
vn 0.0000 0.0000 1.0000
vn 0.0000 0.0000 1.0000
vn 0.0000 0.0000 1.0000
vn 0.0000 0.0000 1.0000
vn 0.0000 0.0000 1.0000
vn 0.0000 0.0000 1.0000
vn 0.0000 0.0000 1.0000
vn 0.0000 0.0000 1.0000
vn 0.0000 0.0000 1.0000
vn 0.0000 0.0000 1.0000
vn 0.0000 0.0000 1.0000
vn 0.0000 0.0000 1.0000
vn 0.0000 0.0000 1.0000
vn 0.0000 0.0000 1.0000
vn 0.0000 0.0000 1.0000
vn 0.0000 0.0000 1.0000
vn 0.0000 0.0000 1.0000
vn 0.0000 0.0000 1.0000
vn 0.0000 0.0000 1.0000
vn 0.0000 0.0000 1.0000
vn 0.0000 0.0000 1.0000
vn 0.0000 0.0000 1.0000
vn 0.0000 0.0000 1.0000
vn 0.0000 0.0000 1.0000
vn 0.0000 0.0000 1.0000
vn 0.0000 0.0000 1.0000
vn 0.0000 0.0000 1.0000
vn 0.0000 0.0000 1.0000
vn 0.0000 0.0000 1.0000
vn 0.0000 0.0000 1.0000
vn 0.0000 0.0000 1.0000
vn 0.0000 0.0000 1.0000
vn 0.0000 0.0000 1.0000
vn 0.0000 0.0000 1.0000
vn 0.0000 0.0000 1.0000
vn 0.0000 0.0000 1.0000
vn 0.0000 0.0000 1.0000
vn 0.0000 0.0000 1.0000
vn 0.0000 0.0000 1.0000
vn 0.0000 0.0000 1.0000
vn 0.0000 0.0000 1.0000
vn 0.0000 0.0000 1.0000
vn 0.0000 0.0000 1.0000
vn 0.0000 0.0000 1.0000
vn 0.0000 0.0000 1.0000
vn 0.0000 0.0000 1.0000
vn 0.0000 0.0000 1.0000
vn 0.0000 0.0000 1.0000
vn 0.0000 0.0000 1.0000
vn 0.0000 0.0000 1.0000
vn 0.0000 0.0000 1.0000
vn 0.0000 0.0000 1.0000
vn 0.0000 0.0000 1.0000
vn 0.0000 0.0000 1.0000
vn 0.0000 0.0000 1.0000
vn 0.0000 0.0000 1.0000
vn 0.0000 0.0000 1.0000
vn 0.0000 0.0000 1.0000
vn 0.0000 0.0000 1.0000
vn 0.0000 0.0000 1.0000
vn 0.0000 0.0000 1.0000
vn 0.0000 0.0000 1.0000
vn 0.0000 0.0000 1.0000
vn 0.0000 0.0000 1.0000
vn 0.0000 0.0000 1.0000
vn 0.0000 0.0000 1.0000
vn 0.0000 0.0000 1.0000
vn 0.0000 0.0000 1.0000
vn 0.0000 0.0000 1.0000
vn 0.0000 0.0000 1.0000
vn 0.0000 0.0000 1.0000
vn 0.0000 0.0000 1.0000
vn 0.0000 0.0000 1.0000
vn 0.0000 0.0000 1.0000
vn 0.0000 0.0000 1.0000
vn 0.0000 0.0000 1.0000
vn 0.0000 0.0000 1.0000
vn 0.0000 0.0000 1.0000
vn 0.0000 0.0000 1.0000
vn 0.0000 0.0000 1.0000
vn 0.0000 0.0000 1.0000
vn 0.0000 0.0000 1.0000
vn 0.0000 0.0000 1.0000
vn 0.0000 0.0000 1.0000
vn 0.0000 0.0000 1.0000
vn 0.0000 0.0000 1.0000
vn 0.0000 0.0000 1.0000
vn 0.0000 0.0000 1.0000
vn 0.0000 0.0000 1.0000
vn 0.0000 0.0000 1.0000
vn 0.0000 0.0000 1.0000
vn 0.0000 0.0000 1.0000
vn 0.0000 0.0000 1.0000
vn 0.0000 0.0000 1.0000
vn 0.0000 0.0000 1.0000
vn 0.0000 0.0000 1.0000
vn 0.0000 0.0000 1.0000
vn 0.0000 0.0000 1.0000
vn 0.0000 0.0000 1.0000
vn 0.0000 0.0000 1.0000
vn 0.0000 0.0000 1.0000
vn 0.0000 0.0000 1.0000
vn 0.0000 0.0000 1.0000
vn 0.0000 0.0000 1.0000
vn 0.0000 0.0000 1.0000
vn 0.0000 0.0000 1.0000
vn 0.0000 0.0000 1.0000
vn 0.0000 0.0000 1.0000
vn 0.0000 0.0000 1.0000
vn 0.0000 0.0000 1.0000
vn 0.0000 0.0000 1.0000
vn 0.0000 0.0000 1.0000
vn 0.0000 0.0000 1.0000
vn 0.0000 0.0000 1.0000
vn 0.0000 0.0000 1.0000
vn 0.0000 0.0000 1.0000
vn 0.0000 0.0000 1.0000
vn 0.0000 0.0000 1.0000
vn 0.0000 0.0000 1.0000
vn 0.0000 0.0000 1.0000
vn 0.0000 0.0000 1.0000
vn 0.0000 0.0000 1.0000
vn 0.0000 0.0000 1.0000
vn 0.0000 0.0000 1.0000
vn 0.0000 0.0000 1.0000
vn 0.0000 0.0000 1.0000
vn 0.0000 0.0000 1.0000
vn 0.0000 0.0000 1.0000
vn 0.0000 0.0000 1.0000
vn 0.0000 0.0000 1.0000
vn 0.0000 0.0000 1.0000
vn 0.0000 0.0000 1.0000
vn 0.0000 0.0000 1.0000
vn 0.0000 0.0000 1.0000
vn 0.0000 0.0000 1.0000
vn 0.0000 0.0000 1.0000
vn 0.0000 0.0000 1.0000
vn 0.0000 0.0000 1.0000
vn 0.0000 0.0000 1.0000
vn 0.0000 0.0000 1.0000
vn 0.0000 0.0000 1.0000
vn 0.0000 0.0000 1.0000
vn 0.0000 0.0000 1.0000
vn 0.0000 0.0000 1.0000
vn 0.0000 0.0000 1.0000
vn 0.0000 0.0000 1.0000
vn 0.0000 0.0000 1.0000
vn 0.0000 0.0000 1.0000
vn 0.0000 0.0000 1.0000
vn 0.0000 0.0000 1.0000
vn 0.0000 0.0000 1.0000
vn 0.0000 0.0000 1.0000
vn 0.0000 0.0000 1.0000
vn 0.0000 0.0000 1.0000
vn 0.0000 0.0000 1.0000
vn 0.0000 0.0000 1.0000
vn 0.0000 0.0000 1.0000
vn 0.0000 0.0000 1.0000
vn 0.0000 0.0000 1.0000
vn 0.0000 0.0000 1.0000
vn 0.0000 0.0000 1.0000
vn 0.0000 0.0000 1.0000
vn 0.0000 0.0000 1.0000
vn 0.0000 0.0000 1.0000
vn 0.0000 0.0000 1.0000
vn 0.0000 0.0000 1.0000
vn 0.0000 0.0000 1.0000
vn 0.0000 0.0000 1.0000
vn 0.0000 0.0000 1.0000
vn 0.0000 0.0000 1.0000
vn 0.0000 0.0000 1.0000
vn 0.0000 0.0000 1.0000
vn 0.0000 0.0000 1.0000
vn 0.0000 0.0000 1.0000
vn 0.0000 0.0000 1.0000
vn 0.0000 0.0000 1.0000
vn 0.0000 0.0000 1.0000
vn 0.0000 0.0000 1.0000
vn 0.0000 0.0000 1.0000
vn 0.0000 0.0000 1.0000
vn 0.0000 0.0000 1.0000
vn 0.0000 0.0000 1.0000
vn 0.0000 0.0000 1.0000
vn 0.0000 0.0000 1.0000
vn 0.0000 0.0000 1.0000
vn 0.0000 0.0000 1.0000
vn 0.0000 0.0000 1.0000
vn 0.0000 0.0000 1.0000
vn 0.0000 0.0000 1.0000
vn 0.0000 0.0000 1.0000
vn 0.0000 0.0000 1.0000
vn 0.0000 0.0000 1.0000
vn 0.0000 0.0000 1.0000
vn 0.0000 0.0000 1.0000
vn 0.0000 0.0000 1.0000
vn 0.0000 0.0000 1.0000
vn 0.0000 0.0000 1.0000
vn 0.0000 0.0000 1.0000
vn 0.0000 0.0000 1.0000
vn 0.0000 0.0000 1.0000
vn 0.0000 0.0000 1.0000
vn 0.0000 0.0000 1.0000
vn 0.0000 0.0000 1.0000
vn 0.0000 0.0000 1.0000
vn 0.0000 0.0000 1.0000
vn 0.0000 0.0000 1.0000
vn 0.0000 0.0000 1.0000
vn 0.0000 0.0000 1.0000
vn 0.0000 0.0000 1.0000
vn 0.0000 0.0000 1.0000
vn 0.0000 0.0000 1.0000
vn 0.0000 0.0000 1.0000
vn 0.0000 0.0000 1.0000
vn 0.0000 0.0000 1.0000
vn 0.0000 0.0000 1.0000
vn 0.0000 0.0000 1.0000
vn 0.0000 0.0000 1.0000
vn 0.0000 0.0000 1.0000
vn 0.0000 0.0000 1.0000
vn 0.0000 0.0000 1.0000
vn 0.0000 0.0000 1.0000
vn 0.0000 0.0000 1.0000
vn 0.0000 0.0000 1.0000
vn 0.0000 0.0000 1.0000
vn 0.0000 0.0000 1.0000
vn 0.0000 0.0000 1.0000
vn 0.0000 0.0000 1.0000
vn 0.0000 0.0000 1.0000
vn 0.0000 0.0000 1.0000
vn 0.0000 0.0000 1.0000
vn 0.0000 0.0000 1.0000
vn 0.0000 0.0000 1.0000
vn 0.0000 0.0000 1.0000
vn 0.0000 0.0000 1.0000
vn 0.0000 0.0000 1.0000
vn 0.0000 0.0000 1.0000
vn 0.0000 0.0000 1.0000
vn 0.0000 0.0000 1.0000
vn 0.0000 0.0000 1.0000
vn 0.0000 0.0000 1.0000
vn 0.0000 0.0000 1.0000
vn 0.0000 0.0000 1.0000
vn 0.0000 0.0000 1.0000
vn 0.0000 0.0000 1.0000
vn 0.0000 0.0000 1.0000
vn 0.0000 0.0000 1.0000
vn 0.0000 0.0000 1.0000
vn 0.0000 0.0000 1.0000
vn 0.0000 0.0000 1.0000
vn 0.0000 0.0000 1.0000
vn 0.0000 0.0000 1.0000
vn 0.0000 0.0000 1.0000
vn 0.0000 0.0000 1.0000
vn 0.0000 0.0000 1.0000
vn 0.0000 0.0000 1.0000
vn 0.0000 0.0000 1.0000
vn 0.0000 0.0000 1.0000
vn 0.0000 0.0000 1.0000
vn 0.0000 0.0000 1.0000
vn 0.0000 0.0000 1.0000
vn 0.0000 0.0000 1.0000
vn 0.0000 0.0000 1.0000
vn 0.0000 0.0000 1.0000
vn 0.0000 0.0000 1.0000
vn 0.0000 0.0000 1.0000
vn 0.0000 0.0000 1.0000
vn 0.0000 0.0000 1.0000
vn 0.0000 0.0000 1.0000
vn 0.0000 0.0000 1.0000
vn 0.0000 0.0000 1.0000
vn 0.0000 0.0000 1.0000
vn 0.0000 0.0000 1.0000
vn 0.0000 0.0000 1.0000
vn 0.0000 0.0000 1.0000
vn 0.0000 0.0000 1.0000
vn 0.0000 0.0000 1.0000
vn 0.0000 0.0000 1.0000
vn 0.0000 0.0000 1.0000
vn 0.0000 0.0000 1.0000
vn 0.0000 0.0000 1.0000
vn 0.0000 0.0000 1.0000
vn 0.0000 0.0000 1.0000
vn 0.0000 0.0000 1.0000
vn 0.0000 0.0000 1.0000
vn 0.0000 0.0000 1.0000
vn 0.0000 0.0000 1.0000
vn 0.0000 0.0000 1.0000
vn 0.0000 0.0000 1.0000
vn 0.0000 0.0000 1.0000
vn 0.0000 0.0000 1.0000
vn 0.0000 0.0000 1.0000
vn 0.0000 0.0000 1.0000
vn 0.0000 0.0000 1.0000
vn 0.0000 0.0000 1.0000
vn 0.0000 0.0000 1.0000
vn 0.0000 0.0000 1.0000
vn 0.0000 0.0000 1.0000
vn 0.0000 0.0000 1.0000
vn 0.0000 0.0000 1.0000
vn 0.0000 0.0000 1.0000
vn 0.0000 0.0000 1.0000
vn 0.0000 0.0000 1.0000
vn 0.0000 0.0000 1.0000
vn 0.0000 0.0000 1.0000
vn 0.0000 0.0000 1.0000
vn 0.0000 0.0000 1.0000
vn 0.0000 0.0000 1.0000
vn 0.0000 0.0000 1.0000
vn 0.0000 0.0000 1.0000
vn 0.0000 0.0000 1.0000
vn 0.0000 0.0000 1.0000
vn 0.0000 0.0000 1.0000
vn 0.0000 0.0000 1.0000
vn 0.0000 0.0000 1.0000
vn 0.0000 0.0000 1.0000
vn 0.0000 0.0000 1.0000
vn 0.0000 0.0000 1.0000
vn 0.0000 0.0000 1.0000
vn 0.0000 0.0000 1.0000
vn 0.0000 0.0000 1.0000
vn 0.0000 0.0000 1.0000
vn 0.0000 0.0000 1.0000
vn 0.0000 0.0000 1.0000
vn 0.0000 0.0000 1.0000
vn 0.0000 0.0000 1.0000
vn 0.0000 0.0000 1.0000
vn 0.0000 0.0000 1.0000
vn 0.0000 0.0000 1.0000
vn 0.0000 0.0000 1.0000
vn 0.0000 0.0000 1.0000
vn 0.0000 0.0000 1.0000
vn 0.0000 0.0000 1.0000
vn 0.0000 0.0000 1.0000
vn 0.0000 0.0000 1.0000
vn 0.0000 0.0000 1.0000
vn 0.0000 0.0000 1.0000
vn 0.0000 0.0000 1.0000
vn 0.0000 0.0000 1.0000
vn 0.0000 0.0000 1.0000
vn 0.0000 0.0000 1.0000
vn 0.0000 0.0000 1.0000
vn 0.0000 0.0000 1.0000
vn 0.0000 0.0000 1.0000
vn 0.0000 0.0000 1.0000
vn 0.0000 0.0000 1.0000
vn 0.0000 0.0000 1.0000
vn 0.0000 0.0000 1.0000
vn 0.0000 0.0000 1.0000
vn 0.0000 0.0000 1.0000
vn 0.0000 0.0000 1.0000
vn 0.0000 0.0000 1.0000
vn 0.0000 0.0000 1.0000
vn 0.0000 0.0000 1.0000
vn 0.0000 0.0000 1.0000
vn 0.0000 0.0000 1.0000
vn 0.0000 0.0000 1.0000
vn 0.0000 0.0000 1.0000
vn 0.0000 0.0000 1.0000
vn 0.0000 0.0000 1.0000
vn 0.0000 0.0000 1.0000
vn 0.0000 0.0000 1.0000
vn 0.0000 0.0000 1.0000
vn 0.0000 0.0000 1.0000
vn 0.0000 0.0000 1.0000
vn 0.0000 0.0000 1.0000
vn 0.0000 0.0000 1.0000
vn 0.0000 0.0000 1.0000
vn 0.0000 0.0000 1.0000
vn 0.0000 0.0000 1.0000
vn 0.0000 0.0000 1.0000
vn 0.0000 0.0000 1.0000
vn 0.0000 0.0000 1.0000
vn 0.0000 0.0000 1.0000
vn 0.0000 0.0000 1.0000
vn 0.0000 0.0000 1.0000
vn 0.0000 0.0000 1.0000
vn 0.0000 0.0000 1.0000
vn 0.0000 0.0000 1.0000
vn 0.0000 0.0000 1.0000
vn 0.0000 0.0000 1.0000
vn 0.0000 0.0000 1.0000
vn 0.0000 0.0000 1.0000
vn 0.0000 0.0000 1.0000
vn 0.0000 0.0000 1.0000
vn 0.0000 0.0000 1.0000
vn 0.0000 0.0000 1.0000
vn 0.0000 0.0000 1.0000
vn 0.0000 0.0000 1.0000
vn 0.0000 0.0000 1.0000
vn 0.0000 0.0000 1.0000
vn 0.0000 0.0000 1.0000
vn 0.0000 0.0000 1.0000
vn 0.0000 0.0000 1.0000
vn 0.0000 0.0000 1.0000
vn 0.0000 0.0000 1.0000
vn 0.0000 0.0000 1.0000
vn 0.0000 0.0000 1.0000
vn 0.0000 0.0000 1.0000
vn 0.0000 0.0000 1.0000
vn 0.0000 0.0000 1.0000
vn 0.0000 0.0000 1.0000
vn 0.0000 0.0000 1.0000
vn 0.0000 0.0000 1.0000
vn 0.0000 0.0000 1.0000
vn 0.0000 0.0000 1.0000
vn 0.0000 0.0000 1.0000
vn 0.0000 0.0000 1.0000
vn 0.0000 0.0000 1.0000
vn 0.0000 0.0000 1.0000
vn 0.0000 0.0000 1.0000
vn 0.0000 0.0000 1.0000
vn 0.0000 0.0000 1.0000
vn 0.0000 0.0000 1.0000
vn 0.0000 0.0000 1.0000
vn 0.0000 0.0000 1.0000
vn 0.0000 0.0000 1.0000
vn 0.0000 0.0000 1.0000
vn 0.0000 0.0000 1.0000
vn 0.0000 0.0000 1.0000
vn 0.0000 0.0000 1.0000
vn 0.0000 0.0000 1.0000
vn 0.0000 0.0000 1.0000
vn 0.0000 0.0000 1.0000
vn 0.0000 0.0000 1.0000
vn 0.0000 0.0000 1.0000
vn 0.0000 0.0000 1.0000
vn 0.0000 0.0000 1.0000
vn 0.0000 0.0000 1.0000
vn 0.0000 0.0000 1.0000
vn 0.0000 0.0000 1.0000
vn 0.0000 0.0000 1.0000
vn 0.0000 0.0000 1.0000
vn 0.0000 0.0000 1.0000
vn 0.0000 0.0000 1.0000
vn 0.0000 0.0000 1.0000
vn 0.0000 0.0000 1.0000
vn 0.0000 0.0000 1.0000
vn 0.0000 0.0000 1.0000
vn 0.0000 0.0000 1.0000
vn 0.0000 0.0000 1.0000
vn 0.0000 0.0000 1.0000
vn 0.0000 0.0000 1.0000
vn 0.0000 0.0000 1.0000
vn 0.0000 0.0000 1.0000
vn 0.0000 0.0000 1.0000
vn 0.0000 0.0000 1.0000
vn 0.0000 0.0000 1.0000
vn 0.0000 0.0000 1.0000
vn 0.0000 0.0000 1.0000
vn 0.0000 0.0000 1.0000
vn 0.0000 0.0000 1.0000
vn 0.0000 0.0000 1.0000
vn 0.0000 0.0000 1.0000
vn 0.0000 0.0000 1.0000
vn 0.0000 0.0000 1.0000
vn 0.0000 0.0000 1.0000
vn 0.0000 0.0000 1.0000
vn 0.0000 0.0000 1.0000
vn 0.0000 0.0000 1.0000
vn 0.0000 0.0000 1.0000
vn 0.0000 0.0000 1.0000
vn 0.0000 0.0000 1.0000
vn 0.0000 0.0000 1.0000
vn 0.0000 0.0000 1.0000
vn 0.0000 0.0000 1.0000
vn 0.0000 0.0000 1.0000
vn 0.0000 0.0000 1.0000
vn 0.0000 0.0000 1.0000
vn 0.0000 0.0000 1.0000
vn 0.0000 0.0000 1.0000
vn 0.0000 0.0000 1.0000
vn 0.0000 0.0000 1.0000
vn 0.0000 0.0000 1.0000
vn 0.0000 0.0000 1.0000
vn 0.0000 0.0000 1.0000
vn 0.0000 0.0000 1.0000
vn 0.0000 0.0000 1.0000
vn 0.0000 0.0000 1.0000
vn 0.0000 0.0000 1.0000
vn 0.0000 0.0000 1.0000
vn 0.0000 0.0000 1.0000
vn 0.0000 0.0000 1.0000
vn 0.0000 0.0000 1.0000
vn 0.0000 0.0000 1.0000
vn 0.0000 0.0000 1.0000
vn 0.0000 0.0000 1.0000
vn 0.0000 0.0000 1.0000
vn 0.0000 0.0000 1.0000
vn 0.0000 0.0000 1.0000
vn 0.0000 0.0000 1.0000
vn 0.0000 0.0000 1.0000
vn 0.0000 0.0000 1.0000
vn 0.0000 0.0000 1.0000
vn 0.0000 0.0000 1.0000
vn 0.0000 0.0000 1.0000
vn 0.0000 0.0000 1.0000
vn 0.0000 0.0000 1.0000
vn 0.0000 0.0000 1.0000
vn 0.0000 0.0000 1.0000
vn 0.0000 0.0000 1.0000
vn 0.0000 0.0000 1.0000
vn 0.0000 0.0000 1.0000
vn 0.0000 0.0000 1.0000
vn 0.0000 0.0000 1.0000
vn 0.0000 0.0000 1.0000
vn 0.0000 0.0000 1.0000
vn 0.0000 0.0000 1.0000
vn 0.0000 0.0000 1.0000
vn 0.0000 0.0000 1.0000
vn 0.0000 0.0000 1.0000
vn 0.0000 0.0000 1.0000
vn 0.0000 0.0000 1.0000
vn 0.0000 0.0000 1.0000
vn 0.0000 0.0000 1.0000
vn 0.0000 0.0000 1.0000
vn 0.0000 0.0000 1.0000
vn 0.0000 0.0000 1.0000
vn 0.0000 0.0000 1.0000
vn 0.0000 0.0000 1.0000
vn 0.0000 0.0000 1.0000
vn 0.0000 0.0000 1.0000
vn 0.0000 0.0000 1.0000
vn 0.0000 0.0000 1.0000
vn 0.0000 0.0000 1.0000
vn 0.0000 0.0000 1.0000
vn 0.0000 0.0000 1.0000
vn 0.0000 0.0000 1.0000
vn 0.0000 0.0000 1.0000
vn 0.0000 0.0000 1.0000
vn 0.0000 0.0000 1.0000
vn 0.0000 0.0000 1.0000
vn 0.0000 0.0000 1.0000
vn 0.0000 0.0000 1.0000
vn 0.0000 0.0000 1.0000
vn 0.0000 0.0000 1.0000
vn 0.0000 0.0000 1.0000
vn 0.0000 0.0000 1.0000
vn 0.0000 0.0000 1.0000
vn 0.0000 0.0000 1.0000
vn 0.0000 0.0000 1.0000
vn 0.0000 0.0000 1.0000
vn 0.0000 0.0000 1.0000
vn 0.0000 0.0000 1.0000
vn 0.0000 0.0000 1.0000
vn 0.0000 0.0000 1.0000
vn 0.0000 0.0000 1.0000
vn 0.0000 0.0000 1.0000
vn 0.0000 0.0000 1.0000
vn 0.0000 0.0000 1.0000
vn 0.0000 0.0000 1.0000
vn 0.0000 0.0000 1.0000
vn 0.0000 0.0000 1.0000
vn 0.0000 0.0000 1.0000
vn 0.0000 0.0000 1.0000
vn 0.0000 0.0000 1.0000
vn 0.0000 0.0000 1.0000
vn 0.0000 0.0000 1.0000
vn 0.0000 0.0000 1.0000
vn 0.0000 0.0000 1.0000
vn 0.0000 0.0000 1.0000
vn 0.0000 0.0000 1.0000
vn 0.0000 0.0000 1.0000
vn 0.0000 0.0000 1.0000
vn 0.0000 0.0000 1.0000
vn 0.0000 0.0000 1.0000
vn 0.0000 0.0000 1.0000
vn 0.0000 0.0000 1.0000
vn 0.0000 0.0000 1.0000
vn 0.0000 0.0000 1.0000
vn 0.0000 0.0000 1.0000
vn 0.0000 0.0000 1.0000
vn 0.0000 0.0000 1.0000
vn 0.0000 0.0000 1.0000
vn 0.0000 0.0000 1.0000
vn 0.0000 0.0000 1.0000
vn 0.0000 0.0000 1.0000
vn 0.0000 0.0000 1.0000
vn 0.0000 0.0000 1.0000
vn 0.0000 0.0000 1.0000
vn 0.0000 0.0000 1.0000
vn 0.0000 0.0000 1.0000
vn 0.0000 0.0000 1.0000
vn 0.0000 0.0000 1.0000
vn 0.0000 0.0000 1.0000
vn 0.0000 0.0000 1.0000
vn 0.0000 0.0000 1.0000
vn 0.0000 0.0000 1.0000
vn 0.0000 0.0000 1.0000
vn 0.0000 0.0000 1.0000
vn 0.0000 0.0000 1.0000
vn 0.0000 0.0000 1.0000
vn 0.0000 0.0000 1.0000
vn 0.0000 0.0000 1.0000
vn 0.0000 0.0000 1.0000
vn 0.0000 0.0000 1.0000
vn 0.0000 0.0000 1.0000
vn 0.0000 0.0000 1.0000
vn 0.0000 0.0000 1.0000
vn 0.0000 0.0000 1.0000
vn 0.0000 0.0000 1.0000
vn 0.0000 0.0000 1.0000
vn 0.0000 0.0000 1.0000
vn 0.0000 0.0000 1.0000
vn 0.0000 0.0000 1.0000
vn 0.0000 0.0000 1.0000
vn 0.0000 0.0000 1.0000
vn 0.0000 0.0000 1.0000
vn 0.0000 0.0000 1.0000
vn 0.0000 0.0000 1.0000
vn 0.0000 0.0000 1.0000
vn 0.0000 0.0000 1.0000
vn 0.0000 0.0000 1.0000
vn 0.0000 0.0000 1.0000
vn 0.0000 0.0000 1.0000
vn 0.0000 0.0000 1.0000
vn 0.0000 0.0000 1.0000
vn 0.0000 0.0000 1.0000
vn 0.0000 0.0000 1.0000
vn 0.0000 0.0000 1.0000
vn 0.0000 0.0000 1.0000
vn 0.0000 0.0000 1.0000
vn 0.0000 0.0000 1.0000
vn 0.0000 0.0000 1.0000
vn 0.0000 0.0000 1.0000
vn 0.0000 0.0000 1.0000
vn 0.0000 0.0000 1.0000
vn 0.0000 0.0000 1.0000
vn 0.0000 0.0000 1.0000
vn 0.0000 0.0000 1.0000
vn 0.0000 0.0000 1.0000
vn 0.0000 0.0000 1.0000
vn 0.0000 0.0000 1.0000
vn 0.0000 0.0000 1.0000
vn 0.0000 0.0000 1.0000
vn 0.0000 0.0000 1.0000
vn 0.0000 0.0000 1.0000
vn 0.0000 0.0000 1.0000
vn 0.0000 0.0000 1.0000
vn 0.0000 0.0000 1.0000
vn 0.0000 0.0000 1.0000
vn 0.0000 0.0000 1.0000
vn 0.0000 0.0000 1.0000
vn 0.0000 0.0000 1.0000
vn 0.0000 0.0000 1.0000
vn 0.0000 0.0000 1.0000
vn 0.0000 0.0000 1.0000
vn 0.0000 0.0000 1.0000
vn 0.0000 0.0000 1.0000
vn 0.0000 0.0000 1.0000
vn 0.0000 0.0000 1.0000
vn 0.0000 0.0000 1.0000
vn 0.0000 0.0000 1.0000
vn 0.0000 0.0000 1.0000
vn 0.0000 0.0000 1.0000
vn 0.0000 0.0000 1.0000
vn 0.0000 0.0000 1.0000
vn 0.0000 0.0000 1.0000
vn 0.0000 0.0000 1.0000
vn 0.0000 0.0000 1.0000
vn 0.0000 0.0000 1.0000
vn 0.0000 0.0000 1.0000
vn 0.0000 0.0000 1.0000
vn 0.0000 0.0000 1.0000
vn 0.0000 0.0000 1.0000
vn 0.0000 0.0000 1.0000
vn 0.0000 0.0000 1.0000
vn 0.0000 0.0000 1.0000
vn 0.0000 0.0000 1.0000
vn 0.0000 0.0000 1.0000
vn 0.0000 0.0000 1.0000
vn 0.0000 0.0000 1.0000
vn 0.0000 0.0000 1.0000
vn 0.0000 0.0000 1.0000
vn 0.0000 0.0000 1.0000
vn 0.0000 0.0000 1.0000
vn 0.0000 0.0000 1.0000
vn 0.0000 0.0000 1.0000
vn 0.0000 0.0000 1.0000
vn 0.0000 0.0000 1.0000
vn 0.0000 0.0000 1.0000
vn 0.0000 0.0000 1.0000
vn 0.0000 0.0000 1.0000
vn 0.0000 0.0000 1.0000
vn 0.0000 0.0000 1.0000
vn 0.0000 0.0000 1.0000
vn 0.0000 0.0000 1.0000
vn 0.0000 0.0000 1.0000
vn 0.0000 0.0000 1.0000
vn 0.0000 0.0000 1.0000
vn 0.0000 0.0000 1.0000
vn 0.0000 0.0000 1.0000
vn 0.0000 0.0000 1.0000
vn 0.0000 0.0000 1.0000
vn 0.0000 0.0000 1.0000
vn 0.0000 0.0000 1.0000
vn 0.0000 0.0000 1.0000
vn 0.0000 0.0000 1.0000
vn 0.0000 0.0000 1.0000
vn 0.0000 0.0000 1.0000
vn 0.0000 0.0000 1.0000
vn 0.0000 0.0000 1.0000
vn 0.0000 0.0000 1.0000
vn 0.0000 0.0000 1.0000
vn 0.0000 0.0000 1.0000
vn 0.0000 0.0000 1.0000
vn 0.0000 0.0000 1.0000
vn 0.0000 0.0000 1.0000
vn 0.0000 0.0000 1.0000
vn 0.0000 0.0000 1.0000
vn 0.0000 0.0000 1.0000
vn 0.0000 0.0000 1.0000
vn 0.0000 0.0000 1.0000
vn 0.0000 0.0000 1.0000
vn 0.0000 0.0000 1.0000
vn 0.0000 0.0000 1.0000
vn 0.0000 0.0000 1.0000
vn 0.0000 0.0000 1.0000
vn 0.0000 0.0000 1.0000
vn 0.0000 0.0000 1.0000
vn 0.0000 0.0000 1.0000
vn 0.0000 0.0000 1.0000
vn 0.0000 0.0000 1.0000
vn 0.0000 0.0000 1.0000
vn 0.0000 0.0000 1.0000
vn 0.0000 0.0000 1.0000
vn 0.0000 0.0000 1.0000
vn 0.0000 0.0000 1.0000
vn 0.0000 0.0000 1.0000
vn 0.0000 0.0000 1.0000
vn 0.0000 0.0000 1.0000
vn 0.0000 0.0000 1.0000
vn 0.0000 0.0000 1.0000
vn 0.0000 0.0000 1.0000
vn 0.0000 0.0000 1.0000
vn 0.0000 0.0000 1.0000
vn 0.0000 0.0000 1.0000
vn 0.0000 0.0000 1.0000
vn 0.0000 0.0000 1.0000
vn 0.0000 0.0000 1.0000
vn 0.0000 0.0000 1.0000
vn 0.0000 0.0000 1.0000
vn 0.0000 0.0000 1.0000
vn 0.0000 0.0000 1.0000
vn 0.0000 0.0000 1.0000
vn 0.0000 0.0000 1.0000
vn 0.0000 0.0000 1.0000
vn 0.0000 0.0000 1.0000
vn 0.0000 0.0000 1.0000
vn 0.0000 0.0000 1.0000
vn 0.0000 0.0000 1.0000
vn 0.0000 0.0000 1.0000
vn 0.0000 0.0000 1.0000
vn 0.0000 0.0000 1.0000
vn 0.0000 0.0000 1.0000
vn 0.0000 0.0000 1.0000
vn 0.0000 0.0000 1.0000
vn 0.0000 0.0000 1.0000
vn 0.0000 0.0000 1.0000
vn 0.0000 0.0000 1.0000
vn 0.0000 0.0000 1.0000
vn 0.0000 0.0000 1.0000
vn 0.0000 0.0000 1.0000
vn 0.0000 0.0000 1.0000
vn 0.0000 0.0000 1.0000
vn 0.0000 0.0000 1.0000
vn 0.0000 0.0000 1.0000
vn 0.0000 0.0000 1.0000
vn 0.0000 0.0000 1.0000
vn 0.0000 0.0000 1.0000
vn 0.0000 0.0000 1.0000
vn 0.0000 0.0000 1.0000
vn 0.0000 0.0000 1.0000
vn 0.0000 0.0000 1.0000
vn 0.0000 0.0000 1.0000
vn 0.0000 0.0000 1.0000
vn 0.0000 0.0000 1.0000
vn 0.0000 0.0000 1.0000
vn 0.0000 0.0000 1.0000
vn 0.0000 0.0000 1.0000
vn 0.0000 0.0000 1.0000
vn 0.0000 0.0000 1.0000
vn 0.0000 0.0000 1.0000
vn 0.0000 0.0000 1.0000
vn 0.0000 0.0000 1.0000
vn 0.0000 0.0000 1.0000
vn 0.0000 0.0000 1.0000
vn 0.0000 0.0000 1.0000
vn 0.0000 0.0000 1.0000
vn 0.0000 0.0000 1.0000
vn 0.0000 0.0000 1.0000
vn 0.0000 0.0000 1.0000
vn 0.0000 0.0000 1.0000
vn 0.0000 0.0000 1.0000
vn 0.0000 0.0000 1.0000
vn 0.0000 0.0000 1.0000
vn 0.0000 0.0000 1.0000
vn 0.0000 0.0000 1.0000
vn 0.0000 0.0000 1.0000
vn 0.0000 0.0000 1.0000
vn 0.0000 0.0000 1.0000
vn 0.0000 0.0000 1.0000
vn 0.0000 0.0000 1.0000
vn 0.0000 0.0000 1.0000
vn 0.0000 0.0000 1.0000
vn 0.0000 0.0000 1.0000
vn 0.0000 0.0000 1.0000
vn 0.0000 0.0000 1.0000
vn 0.0000 0.0000 1.0000
vn 0.0000 0.0000 1.0000
vn 0.0000 0.0000 1.0000
vn 0.0000 0.0000 1.0000
vn 0.0000 0.0000 1.0000
vn 0.0000 0.0000 1.0000
vn 0.0000 0.0000 1.0000
vn 0.0000 0.0000 1.0000
vn 0.0000 0.0000 1.0000
vn 0.0000 0.0000 1.0000
vn 0.0000 0.0000 1.0000
vn 0.0000 0.0000 1.0000
vn 0.0000 0.0000 1.0000
vn 0.0000 0.0000 1.0000
vn 0.0000 0.0000 1.0000
vn 0.0000 0.0000 1.0000
vn 0.0000 0.0000 1.0000
vn 0.0000 0.0000 1.0000
vn 0.0000 0.0000 1.0000
vn 0.0000 0.0000 1.0000
vn 0.0000 0.0000 1.0000
vn 0.0000 0.0000 1.0000
vn 0.0000 0.0000 1.0000
vn 0.0000 0.0000 1.0000
vn 0.0000 0.0000 1.0000
vn 0.0000 0.0000 1.0000
vn 0.0000 0.0000 1.0000
vn 0.0000 0.0000 1.0000
vn 0.0000 0.0000 1.0000
vn 0.0000 0.0000 1.0000
vn 0.0000 0.0000 1.0000
vn 0.0000 0.0000 1.0000
vn 0.0000 0.0000 1.0000
vn 0.0000 0.0000 1.0000
vn 0.0000 0.0000 1.0000
vn 0.0000 0.0000 1.0000
vn 0.0000 0.0000 1.0000
vn 0.0000 0.0000 1.0000
vn 0.0000 0.0000 1.0000
vn 0.0000 0.0000 1.0000
vn 0.0000 0.0000 1.0000
vn 0.0000 0.0000 1.0000
vn 0.0000 0.0000 1.0000
vn 0.0000 0.0000 1.0000
vn 0.0000 0.0000 1.0000
vn 0.0000 0.0000 1.0000
vn 0.0000 0.0000 1.0000
vn 0.0000 0.0000 1.0000
vn 0.0000 0.0000 1.0000
vn 0.0000 0.0000 1.0000
vn 0.0000 0.0000 1.0000
vn 0.0000 0.0000 1.0000
vn 0.0000 0.0000 1.0000
vn 0.0000 0.0000 1.0000
vn 0.0000 0.0000 1.0000
vn 0.0000 0.0000 1.0000
vn 0.0000 0.0000 1.0000
vn 0.0000 0.0000 1.0000
vn 0.0000 0.0000 1.0000
vn 0.0000 0.0000 1.0000
vn 0.0000 0.0000 1.0000
vn 0.0000 0.0000 1.0000
vn 0.0000 0.0000 1.0000
vn 0.0000 0.0000 1.0000
vn 0.0000 0.0000 1.0000
vn 0.0000 0.0000 1.0000
vn 0.0000 0.0000 1.0000
vn 0.0000 0.0000 1.0000
vn 0.0000 0.0000 1.0000
vn 0.0000 0.0000 1.0000
vn 0.0000 0.0000 1.0000
vn 0.0000 0.0000 1.0000
vn 0.0000 0.0000 1.0000
vn 0.0000 0.0000 1.0000
vn 0.0000 0.0000 1.0000
vn 0.0000 0.0000 1.0000
vn 0.0000 0.0000 1.0000
vn 0.0000 0.0000 1.0000
vn 0.0000 0.0000 1.0000
vn 0.0000 0.0000 1.0000
vn 0.0000 0.0000 1.0000
vn 0.0000 0.0000 1.0000
vn 0.0000 0.0000 1.0000
vn 0.0000 0.0000 1.0000
vn 0.0000 0.0000 1.0000
vn 0.0000 0.0000 1.0000
vn 0.0000 0.0000 1.0000
vn 0.0000 0.0000 1.0000
vn 0.0000 0.0000 1.0000
vn 0.0000 0.0000 1.0000
vn 0.0000 0.0000 1.0000
vn 0.0000 0.0000 1.0000
vn 0.0000 0.0000 1.0000
vn 0.0000 0.0000 1.0000
vn 0.0000 0.0000 1.0000
vn 0.0000 0.0000 1.0000
vn 0.0000 0.0000 1.0000
vn 0.0000 0.0000 1.0000
vn 0.0000 0.0000 1.0000
vn 0.0000 0.0000 1.0000
vn 0.0000 0.0000 1.0000
vn 0.0000 0.0000 1.0000
vn 0.0000 0.0000 1.0000
vn 0.0000 0.0000 1.0000
vn 0.0000 0.0000 1.0000
vn 0.0000 0.0000 1.0000
vn 0.0000 0.0000 1.0000
vn 0.0000 0.0000 1.0000
vn 0.0000 0.0000 1.0000
vn 0.0000 0.0000 1.0000
vn 0.0000 0.0000 1.0000
vn 0.0000 0.0000 1.0000
vn 0.0000 0.0000 1.0000
vn 0.0000 0.0000 1.0000
vn 0.0000 0.0000 1.0000
vn 0.0000 0.0000 1.0000
vn 0.0000 0.0000 1.0000
vn 0.0000 0.0000 1.0000
vn 0.0000 0.0000 1.0000
vn 0.0000 0.0000 1.0000
vn 0.0000 0.0000 1.0000
vn 0.0000 0.0000 1.0000
vn 0.0000 0.0000 1.0000
vn 0.0000 0.0000 1.0000
vn 0.0000 0.0000 1.0000
vn 0.0000 0.0000 1.0000
vn 0.0000 0.0000 1.0000
vn 0.0000 0.0000 1.0000
vn 0.0000 0.0000 1.0000
vn 0.0000 0.0000 1.0000
vn 0.0000 0.0000 1.0000
vn 0.0000 0.0000 1.0000
vn 0.0000 0.0000 1.0000
vn 0.0000 0.0000 1.0000
vn 0.0000 0.0000 1.0000
vn 0.0000 0.0000 1.0000
vn 0.0000 0.0000 1.0000
vn 0.0000 0.0000 1.0000
vn 0.0000 0.0000 1.0000
vn 0.0000 0.0000 1.0000
vn 0.0000 0.0000 1.0000
vn 0.0000 0.0000 1.0000
vn 0.0000 0.0000 1.0000
vn 0.0000 0.0000 1.0000
vn 0.0000 0.0000 1.0000
vn 0.0000 0.0000 1.0000
vn 0.0000 0.0000 1.0000
vn 0.0000 0.0000 1.0000
vn 0.0000 0.0000 1.0000
vn 0.0000 0.0000 1.0000
vn 0.0000 0.0000 1.0000
vn 0.0000 0.0000 1.0000
vn 0.0000 0.0000 1.0000
vn 0.0000 0.0000 1.0000
vn 0.0000 0.0000 1.0000
vn 0.0000 0.0000 1.0000
vn 0.0000 0.0000 1.0000
vn 0.0000 0.0000 1.0000
vn 0.0000 0.0000 1.0000
vn 0.0000 0.0000 1.0000
vn 0.0000 0.0000 1.0000
vn 0.0000 0.0000 1.0000
vn 0.0000 0.0000 1.0000
vn 0.0000 0.0000 1.0000
vn 0.0000 0.0000 1.0000
vn 0.0000 0.0000 1.0000
vn 0.0000 0.0000 1.0000
vn 0.0000 0.0000 1.0000
vn 0.0000 0.0000 1.0000
vn 0.0000 0.0000 1.0000
vn 0.0000 0.0000 1.0000
vn 0.0000 0.0000 1.0000
vn 0.0000 0.0000 1.0000
vn 0.0000 0.0000 1.0000
vn 0.0000 0.0000 1.0000
vn 0.0000 0.0000 1.0000
vn 0.0000 0.0000 1.0000
vn 0.0000 0.0000 1.0000
vn 0.0000 0.0000 1.0000
vn 0.0000 0.0000 1.0000
vn 0.0000 0.0000 1.0000
vn 0.0000 0.0000 1.0000
vn 0.0000 0.0000 1.0000
vn 0.0000 0.0000 1.0000
vn 0.0000 0.0000 1.0000
vn 0.0000 0.0000 1.0000
vn 0.0000 0.0000 1.0000
vn 0.0000 0.0000 1.0000
vn 0.0000 0.0000 1.0000
vn 0.0000 0.0000 1.0000
vn 0.0000 0.0000 1.0000
vn 0.0000 0.0000 1.0000
vn 0.0000 0.0000 1.0000
vn 0.0000 0.0000 1.0000
vn 0.0000 0.0000 1.0000
vn 0.0000 0.0000 1.0000
vn 0.0000 0.0000 1.0000
vn 0.0000 0.0000 1.0000
vn 0.0000 0.0000 1.0000
vn 0.0000 0.0000 1.0000
vn 0.0000 0.0000 1.0000
vn 0.0000 0.0000 1.0000
vn 0.0000 0.0000 1.0000
vn 0.0000 0.0000 1.0000
vn 0.0000 0.0000 1.0000
vn 0.0000 0.0000 1.0000
vn 0.0000 0.0000 1.0000
vn 0.0000 0.0000 1.0000
vn 0.0000 0.0000 1.0000
vn 0.0000 0.0000 1.0000
vn 0.0000 0.0000 1.0000
vn 0.0000 0.0000 1.0000
vn 0.0000 0.0000 1.0000
vn 0.0000 0.0000 1.0000
vn 0.0000 0.0000 1.0000
vn 0.0000 0.0000 1.0000
vn 0.0000 0.0000 1.0000
vn 0.0000 0.0000 1.0000
vn 0.0000 0.0000 1.0000
vn 0.0000 0.0000 1.0000
vn 0.0000 0.0000 1.0000
vn 0.0000 0.0000 1.0000
vn 0.0000 0.0000 1.0000
vn 0.0000 0.0000 1.0000
vn 0.0000 0.0000 1.0000
vn 0.0000 0.0000 1.0000
vn 0.0000 0.0000 1.0000
vn 0.0000 0.0000 1.0000
vn 0.0000 0.0000 1.0000
vn 0.0000 0.0000 1.0000
vn 0.0000 0.0000 1.0000
vn 0.0000 0.0000 1.0000
vn 0.0000 0.0000 1.0000
vn 0.0000 0.0000 1.0000
vn 0.0000 0.0000 1.0000
vn 0.0000 0.0000 1.0000
vn 0.0000 0.0000 1.0000
vn 0.0000 0.0000 1.0000
vn 0.0000 0.0000 1.0000
vn 0.0000 0.0000 1.0000
vn 0.0000 0.0000 1.0000
vn 0.0000 0.0000 1.0000
vn 0.0000 0.0000 1.0000
vn 0.0000 0.0000 1.0000
vn 0.0000 0.0000 1.0000
vn 0.0000 0.0000 1.0000
vn 0.0000 0.0000 1.0000
vn 0.0000 0.0000 1.0000
vn 0.0000 0.0000 1.0000
vn 0.0000 0.0000 1.0000
vn 0.0000 0.0000 1.0000
vn 0.0000 0.0000 1.0000
vn 0.0000 0.0000 1.0000
vn 0.0000 0.0000 1.0000
vn 0.0000 0.0000 1.0000
vn 0.0000 0.0000 1.0000
vn 0.0000 0.0000 1.0000
vn 0.0000 0.0000 1.0000
vn 0.0000 0.0000 1.0000
vn 0.0000 0.0000 1.0000
vn 0.0000 0.0000 1.0000
vn 0.0000 0.0000 1.0000
vn 0.0000 0.0000 1.0000
vn 0.0000 0.0000 1.0000
vn 0.0000 0.0000 1.0000
vn 0.0000 0.0000 1.0000
vn 0.0000 0.0000 1.0000
vn 0.0000 0.0000 1.0000
vn 0.0000 0.0000 1.0000
vn 0.0000 0.0000 1.0000
vn 0.0000 0.0000 1.0000
vn 0.0000 0.0000 1.0000
vn 0.0000 0.0000 1.0000
vn 0.0000 0.0000 1.0000
vn 0.0000 0.0000 1.0000
vn 0.0000 0.0000 1.0000
vn 0.0000 0.0000 1.0000
vn 0.0000 0.0000 1.0000
vn 0.0000 0.0000 1.0000
vn 0.0000 0.0000 1.0000
vn 0.0000 0.0000 1.0000
vn 0.0000 0.0000 1.0000
vn 0.0000 0.0000 1.0000
vn 0.0000 0.0000 1.0000
vn 0.0000 0.0000 1.0000
vn 0.0000 0.0000 1.0000
vn 0.0000 0.0000 1.0000
vn 0.0000 0.0000 1.0000
vn 0.0000 0.0000 1.0000
vn 0.0000 0.0000 1.0000
vn 0.0000 0.0000 1.0000
vn 0.0000 0.0000 1.0000
vn 0.0000 0.0000 1.0000
vn 0.0000 0.0000 1.0000
vn 0.0000 0.0000 1.0000
vn 0.0000 0.0000 1.0000
vn 0.0000 0.0000 1.0000
vn 0.0000 0.0000 1.0000
vn 0.0000 0.0000 1.0000
vn 0.0000 0.0000 1.0000
vn 0.0000 0.0000 1.0000
vn 0.0000 0.0000 1.0000
vn 0.0000 0.0000 1.0000
vn 0.0000 0.0000 1.0000
vn 0.0000 0.0000 1.0000
vn 0.0000 0.0000 1.0000
vn 0.0000 0.0000 1.0000
vn 0.0000 0.0000 1.0000
vn 0.0000 0.0000 1.0000
vn 0.0000 0.0000 1.0000
vn 0.0000 0.0000 1.0000
vn 0.0000 0.0000 1.0000
vn 0.0000 0.0000 1.0000
vn 0.0000 0.0000 1.0000
vn 0.0000 0.0000 1.0000
vn 0.0000 0.0000 1.0000
vn 0.0000 0.0000 1.0000
vn 0.0000 0.0000 1.0000
vn 0.0000 0.0000 1.0000
vn 0.0000 0.0000 1.0000
vn 0.0000 0.0000 1.0000
vn 0.0000 0.0000 1.0000
vn 0.0000 0.0000 1.0000
vn 0.0000 0.0000 1.0000
vn 0.0000 0.0000 1.0000
vn 0.0000 0.0000 1.0000
vn 0.0000 0.0000 1.0000
vn 0.0000 0.0000 1.0000
vn 0.0000 0.0000 1.0000
vn 0.0000 0.0000 1.0000
vn 0.0000 0.0000 1.0000
vn 0.0000 0.0000 1.0000
vn 0.0000 0.0000 1.0000
vn 0.0000 0.0000 1.0000
vn 0.0000 0.0000 1.0000
vn 0.0000 0.0000 1.0000
vn 0.0000 0.0000 1.0000
vn 0.0000 0.0000 1.0000
vn 0.0000 0.0000 1.0000
vn 0.0000 0.0000 1.0000
vn 0.0000 0.0000 1.0000
vn 0.0000 0.0000 1.0000
vn 0.0000 0.0000 1.0000
vn 0.0000 0.0000 1.0000
vn 0.0000 0.0000 1.0000
vn 0.0000 0.0000 1.0000
vn 0.0000 0.0000 1.0000
vn 0.0000 0.0000 1.0000
vn 0.0000 0.0000 1.0000
vn 0.0000 0.0000 1.0000
vn 0.0000 0.0000 1.0000
vn 0.0000 0.0000 1.0000
vn 0.0000 0.0000 1.0000
vn 0.0000 0.0000 1.0000
vn 0.0000 0.0000 1.0000
vn 0.0000 0.0000 1.0000
vn 0.0000 0.0000 1.0000
vn 0.0000 0.0000 1.0000
vn 0.0000 0.0000 1.0000
vn 0.0000 0.0000 1.0000
vn 0.0000 0.0000 1.0000
vn 0.0000 0.0000 1.0000
vn 0.0000 0.0000 1.0000
vn 0.0000 0.0000 1.0000
vn 0.0000 0.0000 1.0000
vn 0.0000 0.0000 1.0000
vn 0.0000 0.0000 1.0000
vn 0.0000 0.0000 1.0000
vn 0.0000 0.0000 1.0000
vn 0.0000 0.0000 1.0000
vn 0.0000 0.0000 1.0000
vn 0.0000 0.0000 1.0000
vn 0.0000 0.0000 1.0000
vn 0.0000 0.0000 1.0000
vn 0.0000 0.0000 1.0000
# 1760 normals

vt 0.0000 0.0000
vt 0.0000 0.0000
vt 0.0000 0.0000
vt 0.0000 0.0000
vt 0.0000 0.0000
vt 0.0000 0.0000
vt 0.0000 0.0000
vt 0.0000 0.0000
vt 0.0000 0.0000
vt 0.0000 0.0000
vt 0.0000 0.0000
vt 0.0000 0.0000
vt 0.0000 0.0000
vt 0.0000 0.0000
vt 0.0000 0.0000
vt 0.0000 0.0000
vt 0.0000 0.0000
vt 0.0000 0.0000
vt 0.0000 0.0000
vt 0.0000 0.0000
vt 0.0000 0.0000
vt 0.0000 0.0000
vt 0.0000 0.0000
vt 0.0000 0.0000
vt 0.0000 0.0000
vt 0.0000 0.0000
vt 0.0000 0.0000
vt 0.0000 0.0000
vt 0.0000 0.0000
vt 0.0000 0.0000
vt 0.0000 0.0000
vt 0.0000 0.0000
vt 0.0000 0.0000
vt 0.0000 0.0000
vt 0.0000 0.0000
vt 0.0000 0.0000
vt 0.0000 0.0000
vt 0.0000 0.0000
vt 0.0000 0.0000
vt 0.0000 0.0000
vt 0.0000 0.0000
vt 0.0000 0.0000
vt 0.0000 0.0000
vt 0.0000 0.0000
vt 0.0000 0.0000
vt 0.0000 0.0000
vt 0.0000 0.0000
vt 0.0000 0.0000
vt 0.0000 0.0000
vt 0.0000 0.0000
vt 0.0000 0.0000
vt 0.0000 0.0000
vt 0.0000 0.0000
vt 0.0000 0.0000
vt 0.0000 0.0000
vt 0.0000 0.0000
vt 0.0000 0.0000
vt 0.0000 0.0000
vt 0.0000 0.0000
vt 0.0000 0.0000
vt 0.0000 0.0000
vt 0.0000 0.0000
vt 0.0000 0.0000
vt 0.0000 0.0000
vt 0.0000 0.0000
vt 0.0000 0.0000
vt 0.0000 0.0000
vt 0.0000 0.0000
vt 0.0000 0.0000
vt 0.0000 0.0000
vt 0.0000 0.0000
vt 0.0000 0.0000
vt 0.0000 0.0000
vt 0.0000 0.0000
vt 0.0000 0.0000
vt 0.0000 0.0000
vt 0.0000 0.0000
vt 0.0000 0.0000
vt 0.0000 0.0000
vt 0.0000 0.0000
vt 0.0000 0.0000
vt 0.0000 0.0000
vt 0.0000 0.0000
vt 0.0000 0.0000
vt 0.0000 0.0000
vt 0.0000 0.0000
vt 0.0000 0.0000
vt 0.0000 0.0000
vt 0.0000 0.0000
vt 0.0000 0.0000
vt 0.0000 0.0000
vt 0.0000 0.0000
vt 0.0000 0.0000
vt 0.0000 0.0000
vt 0.0000 0.0000
vt 0.0000 0.0000
vt 0.0000 0.0000
vt 0.0000 0.0000
vt 0.0000 0.0000
vt 0.0000 0.0000
vt 0.0000 0.0000
vt 0.0000 0.0000
vt 0.0000 0.0000
vt 0.0000 0.0000
vt 0.0000 0.0000
vt 0.0000 0.0000
vt 0.0000 0.0000
vt 0.0000 0.0000
vt 0.0000 0.0000
vt 0.0000 0.0000
vt 0.0000 0.0000
vt 0.0000 0.0000
vt 0.0000 0.0000
vt 0.0000 0.0000
vt 0.0000 0.0000
vt 0.0000 0.0000
vt 0.0000 0.0000
vt 0.0000 0.0000
vt 0.0000 0.0000
vt 0.0000 0.0000
vt 0.0000 0.0000
vt 0.0000 0.0000
vt 0.0000 0.0000
vt 0.0000 0.0000
vt 0.0000 0.0000
vt 0.0000 0.0000
vt 0.0000 0.0000
vt 0.0000 0.0000
vt 0.0000 0.0000
vt 0.0000 0.0000
vt 0.0000 0.0000
vt 0.0000 0.0000
vt 0.0000 0.0000
vt 0.0000 0.0000
vt 0.0000 0.0000
vt 0.0000 0.0000
vt 0.0000 0.0000
vt 0.0000 0.0000
vt 0.0000 0.0000
vt 0.0000 0.0000
vt 0.0000 0.0000
vt 0.0000 0.0000
vt 0.0000 0.0000
vt 0.0000 0.0000
vt 0.0000 0.0000
vt 0.0000 0.0000
vt 0.0000 0.0000
vt 0.0000 0.0000
vt 0.0000 0.0000
vt 0.0000 0.0000
vt 0.0000 0.0000
vt 0.0000 0.0000
vt 0.0000 0.0000
vt 0.0000 0.0000
vt 0.0000 0.0000
vt 0.0000 0.0000
vt 0.0000 0.0000
vt 0.0000 0.0000
vt 0.0000 0.0000
vt 0.0000 0.0000
vt 0.0000 0.0000
vt 0.0000 0.0000
vt 0.0000 0.0000
vt 0.0000 0.0000
vt 0.0000 0.0000
vt 0.0000 0.0000
vt 0.0000 0.0000
vt 0.0000 0.0000
vt 0.0000 0.0000
vt 0.0000 0.0000
vt 0.0000 0.0000
vt 0.0000 0.0000
vt 0.0000 0.0000
vt 0.0000 0.0000
vt 0.0000 0.0000
vt 0.0000 0.0000
vt 0.0000 0.0000
vt 0.0000 0.0000
vt 0.0000 0.0000
vt 0.0000 0.0000
vt 0.0000 0.0000
vt 0.0000 0.0000
vt 0.0000 0.0000
vt 0.0000 0.0000
vt 0.0000 0.0000
vt 0.0000 0.0000
vt 0.0000 0.0000
vt 0.0000 0.0000
vt 0.0000 0.0000
vt 0.0000 0.0000
vt 0.0000 0.0000
vt 0.0000 0.0000
vt 0.0000 0.0000
vt 0.0000 0.0000
vt 0.0000 0.0000
vt 0.0000 0.0000
vt 0.0000 0.0000
vt 0.0000 0.0000
vt 0.0000 0.0000
vt 0.0000 0.0000
vt 0.0000 0.0000
vt 0.0000 0.0000
vt 0.0000 0.0000
vt 0.0000 0.0000
vt 0.0000 0.0000
vt 0.0000 0.0000
vt 0.0000 0.0000
vt 0.0000 0.0000
vt 0.0000 0.0000
vt 0.0000 0.0000
vt 0.0000 0.0000
vt 0.0000 0.0000
vt 0.0000 0.0000
vt 0.0000 0.0000
vt 0.0000 0.0000
vt 0.0000 0.0000
vt 0.0000 0.0000
vt 0.0000 0.0000
vt 0.0000 0.0000
vt 0.0000 0.0000
vt 0.0000 0.0000
vt 0.0000 0.0000
vt 0.0000 0.0000
vt 0.0000 0.0000
vt 0.0000 0.0000
vt 0.0000 0.0000
vt 0.0000 0.0000
vt 0.0000 0.0000
vt 0.0000 0.0000
vt 0.0000 0.0000
vt 0.0000 0.0000
vt 0.0000 0.0000
vt 0.0000 0.0000
vt 0.0000 0.0000
vt 0.0000 0.0000
vt 0.0000 0.0000
vt 0.0000 0.0000
vt 0.0000 0.0000
vt 0.0000 0.0000
vt 0.0000 0.0000
vt 0.0000 0.0000
vt 0.0000 0.0000
vt 0.0000 0.0000
vt 0.0000 0.0000
vt 0.0000 0.0000
vt 0.0000 0.0000
vt 0.0000 0.0000
vt 0.0000 0.0000
vt 0.0000 0.0000
vt 0.0000 0.0000
vt 0.0000 0.0000
vt 0.0000 0.0000
vt 0.0000 0.0000
vt 0.0000 0.0000
vt 0.0000 0.0000
vt 0.0000 0.0000
vt 0.0000 0.0000
vt 0.0000 0.0000
vt 0.0000 0.0000
vt 0.0000 0.0000
vt 0.0000 0.0000
vt 0.0000 0.0000
vt 0.0000 0.0000
vt 0.0000 0.0000
vt 0.0000 0.0000
vt 0.0000 0.0000
vt 0.0000 0.0000
vt 0.0000 0.0000
vt 0.0000 0.0000
vt 0.0000 0.0000
vt 0.0000 0.0000
vt 0.0000 0.0000
vt 0.0000 0.0000
vt 0.0000 0.0000
vt 0.0000 0.0000
vt 0.0000 0.0000
vt 0.0000 0.0000
vt 0.0000 0.0000
vt 0.0000 0.0000
vt 0.0000 0.0000
vt 0.0000 0.0000
vt 0.0000 0.0000
vt 0.0000 0.0000
vt 0.0000 0.0000
vt 0.0000 0.0000
vt 0.0000 0.0000
vt 0.0000 0.0000
vt 0.0000 0.0000
vt 0.0000 0.0000
vt 0.0000 0.0000
vt 0.0000 0.0000
vt 0.0000 0.0000
vt 0.0000 0.0000
vt 0.0000 0.0000
vt 0.0000 0.0000
vt 0.0000 0.0000
vt 0.0000 0.0000
vt 0.0000 0.0000
vt 0.0000 0.0000
vt 0.0000 0.0000
vt 0.0000 0.0000
vt 0.0000 0.0000
vt 0.0000 0.0000
vt 0.0000 0.0000
vt 0.0000 0.0000
vt 0.0000 0.0000
vt 0.0000 0.0000
vt 0.0000 0.0000
vt 0.0000 0.0000
vt 0.0000 0.0000
vt 0.0000 0.0000
vt 0.0000 0.0000
vt 0.0000 0.0000
vt 0.0000 0.0000
vt 0.0000 0.0000
vt 0.0000 0.0000
vt 0.0000 0.0000
vt 0.0000 0.0000
vt 0.0000 0.0000
vt 0.0000 0.0000
vt 0.0000 0.0000
vt 0.0000 0.0000
vt 0.0000 0.0000
vt 0.0000 0.0000
vt 0.0000 0.0000
vt 0.0000 0.0000
vt 0.0000 0.0000
vt 0.0000 0.0000
vt 0.0000 0.0000
vt 0.0000 0.0000
vt 0.0000 0.0000
vt 0.0000 0.0000
vt 0.0000 0.0000
vt 0.0000 0.0000
vt 0.0000 0.0000
vt 0.0000 0.0000
vt 0.0000 0.0000
vt 0.0000 0.0000
vt 0.0000 0.0000
vt 0.0000 0.0000
vt 0.0000 0.0000
vt 0.0000 0.0000
vt 0.0000 0.0000
vt 0.0000 0.0000
vt 0.0000 0.0000
vt 0.0000 0.0000
vt 0.0000 0.0000
vt 0.0000 0.0000
vt 0.0000 0.0000
vt 0.0000 0.0000
vt 0.0000 0.0000
vt 0.0000 0.0000
vt 0.0000 0.0000
vt 0.0000 0.0000
vt 0.0000 0.0000
vt 0.0000 0.0000
vt 0.0000 0.0000
vt 0.0000 0.0000
vt 0.0000 0.0000
vt 0.0000 0.0000
vt 0.0000 0.0000
vt 0.0000 0.0000
vt 0.0000 0.0000
vt 0.0000 0.0000
vt 0.0000 0.0000
vt 0.0000 0.0000
vt 0.0000 0.0000
vt 0.0000 0.0000
vt 0.0000 0.0000
vt 0.0000 0.0000
vt 0.0000 0.0000
vt 0.0000 0.0000
vt 0.0000 0.0000
vt 0.0000 0.0000
vt 0.0000 0.0000
vt 0.0000 0.0000
vt 0.0000 0.0000
vt 0.0000 0.0000
vt 0.0000 0.0000
vt 0.0000 0.0000
vt 0.0000 0.0000
vt 0.0000 0.0000
vt 0.0000 0.0000
vt 0.0000 0.0000
vt 0.0000 0.0000
vt 0.0000 0.0000
vt 0.0000 0.0000
vt 0.0000 0.0000
vt 0.0000 0.0000
vt 0.0000 0.0000
vt 0.0000 0.0000
vt 0.0000 0.0000
vt 0.0000 0.0000
vt 0.0000 0.0000
vt 0.0000 0.0000
vt 0.0000 0.0000
vt 0.0000 0.0000
vt 0.0000 0.0000
vt 0.0000 0.0000
vt 0.0000 0.0000
vt 0.0000 0.0000
vt 0.0000 0.0000
vt 0.0000 0.0000
vt 0.0000 0.0000
vt 0.0000 0.0000
vt 0.0000 0.0000
vt 0.0000 0.0000
vt 0.0000 0.0000
vt 0.0000 0.0000
vt 0.0000 0.0000
vt 0.0000 0.0000
vt 0.0000 0.0000
vt 0.0000 0.0000
vt 0.0000 0.0000
vt 0.0000 0.0000
vt 0.0000 0.0000
vt 0.0000 0.0000
vt 0.0000 0.0000
vt 0.0000 0.0000
vt 0.0000 0.0000
vt 0.0000 0.0000
vt 0.0000 0.0000
vt 0.0000 0.0000
vt 0.0000 0.0000
vt 0.0000 0.0000
vt 0.0000 0.0000
vt 0.0000 0.0000
vt 0.0000 0.0000
vt 0.0000 0.0000
vt 0.0000 0.0000
vt 0.0000 0.0000
vt 0.0000 0.0000
vt 0.0000 0.0000
vt 0.0000 0.0000
vt 0.0000 0.0000
vt 0.0000 0.0000
vt 0.0000 0.0000
vt 0.0000 0.0000
vt 0.0000 0.0000
vt 0.0000 0.0000
vt 0.0000 0.0000
vt 0.0000 0.0000
vt 0.0000 0.0000
vt 0.0000 0.0000
vt 0.0000 0.0000
vt 0.0000 0.0000
vt 0.0000 0.0000
vt 0.0000 0.0000
vt 0.0000 0.0000
vt 0.0000 0.0000
vt 0.0000 0.0000
vt 0.0000 0.0000
vt 0.0000 0.0000
vt 0.0000 0.0000
vt 0.0000 0.0000
vt 0.0000 0.0000
vt 0.0000 0.0000
vt 0.0000 0.0000
vt 0.0000 0.0000
vt 0.0000 0.0000
vt 0.0000 0.0000
vt 0.0000 0.0000
vt 0.0000 0.0000
vt 0.0000 0.0000
vt 0.0000 0.0000
vt 0.0000 0.0000
vt 0.0000 0.0000
vt 0.0000 0.0000
vt 0.0000 0.0000
vt 0.0000 0.0000
vt 0.0000 0.0000
vt 0.0000 0.0000
vt 0.0000 0.0000
vt 0.0000 0.0000
vt 0.0000 0.0000
vt 0.0000 0.0000
vt 0.0000 0.0000
vt 0.0000 0.0000
vt 0.0000 0.0000
vt 0.0000 0.0000
vt 0.0000 0.0000
vt 0.0000 0.0000
vt 0.0000 0.0000
vt 0.0000 0.0000
vt 0.0000 0.0000
vt 0.0000 0.0000
vt 0.0000 0.0000
vt 0.0000 0.0000
vt 0.0000 0.0000
vt 0.0000 0.0000
vt 0.0000 0.0000
vt 0.0000 0.0000
vt 0.0000 0.0000
vt 0.0000 0.0000
vt 0.0000 0.0000
vt 0.0000 0.0000
vt 0.0000 0.0000
vt 0.0000 0.0000
vt 0.0000 0.0000
vt 0.0000 0.0000
vt 0.0000 0.0000
vt 0.0000 0.0000
vt 0.0000 0.0000
vt 0.0000 0.0000
vt 0.0000 0.0000
vt 0.0000 0.0000
vt 0.0000 0.0000
vt 0.0000 0.0000
vt 0.0000 0.0000
vt 0.0000 0.0000
vt 0.0000 0.0000
vt 0.0000 0.0000
vt 0.0000 0.0000
vt 0.0000 0.0000
vt 0.0000 0.0000
vt 0.0000 0.0000
vt 0.0000 0.0000
vt 0.0000 0.0000
vt 0.0000 0.0000
vt 0.0000 0.0000
vt 0.0000 0.0000
vt 0.0000 0.0000
vt 0.0000 0.0000
vt 0.0000 0.0000
vt 0.0000 0.0000
vt 0.0000 0.0000
vt 0.0000 0.0000
vt 0.0000 0.0000
vt 0.0000 0.0000
vt 0.0000 0.0000
vt 0.0000 0.0000
vt 0.0000 0.0000
vt 0.0000 0.0000
vt 0.0000 0.0000
vt 0.0000 0.0000
vt 0.0000 0.0000
vt 0.0000 0.0000
vt 0.0000 0.0000
vt 0.0000 0.0000
vt 0.0000 0.0000
vt 0.0000 0.0000
vt 0.0000 0.0000
vt 0.0000 0.0000
vt 0.0000 0.0000
vt 0.0000 0.0000
vt 0.0000 0.0000
vt 0.0000 0.0000
vt 0.0000 0.0000
vt 0.0000 0.0000
vt 0.0000 0.0000
vt 0.0000 0.0000
vt 0.0000 0.0000
vt 0.0000 0.0000
vt 0.0000 0.0000
vt 0.0000 0.0000
vt 0.0000 0.0000
vt 0.0000 0.0000
vt 0.0000 0.0000
vt 0.0000 0.0000
vt 0.0000 0.0000
vt 0.0000 0.0000
vt 0.0000 0.0000
vt 0.0000 0.0000
vt 0.0000 0.0000
vt 0.0000 0.0000
vt 0.0000 0.0000
vt 0.0000 0.0000
vt 0.0000 0.0000
vt 0.0000 0.0000
vt 0.0000 0.0000
vt 0.0000 0.0000
vt 0.0000 0.0000
vt 0.0000 0.0000
vt 0.0000 0.0000
vt 0.0000 0.0000
vt 0.0000 0.0000
vt 0.0000 0.0000
vt 0.0000 0.0000
vt 0.0000 0.0000
vt 0.0000 0.0000
vt 0.0000 0.0000
vt 0.0000 0.0000
vt 0.0000 0.0000
vt 0.0000 0.0000
vt 0.0000 0.0000
vt 0.0000 0.0000
vt 0.0000 0.0000
vt 0.0000 0.0000
vt 0.0000 0.0000
vt 0.0000 0.0000
vt 0.0000 0.0000
vt 0.0000 0.0000
vt 0.0000 0.0000
vt 0.0000 0.0000
vt 0.0000 0.0000
vt 0.0000 0.0000
vt 0.0000 0.0000
vt 0.0000 0.0000
vt 0.0000 0.0000
vt 0.0000 0.0000
vt 0.0000 0.0000
vt 0.0000 0.0000
vt 0.0000 0.0000
vt 0.0000 0.0000
vt 0.0000 0.0000
vt 0.0000 0.0000
vt 0.0000 0.0000
vt 0.0000 0.0000
vt 0.0000 0.0000
vt 0.0000 0.0000
vt 0.0000 0.0000
vt 0.0000 0.0000
vt 0.0000 0.0000
vt 0.0000 0.0000
vt 0.0000 0.0000
vt 0.0000 0.0000
vt 0.0000 0.0000
vt 0.0000 0.0000
vt 0.0000 0.0000
vt 0.0000 0.0000
vt 0.0000 0.0000
vt 0.0000 0.0000
vt 0.0000 0.0000
vt 0.0000 0.0000
vt 0.0000 0.0000
vt 0.0000 0.0000
vt 0.0000 0.0000
vt 0.0000 0.0000
vt 0.0000 0.0000
vt 0.0000 0.0000
vt 0.0000 0.0000
vt 0.0000 0.0000
vt 0.0000 0.0000
vt 0.0000 0.0000
vt 0.0000 0.0000
vt 0.0000 0.0000
vt 0.0000 0.0000
vt 0.0000 0.0000
vt 0.0000 0.0000
vt 0.0000 0.0000
vt 0.0000 0.0000
vt 0.0000 0.0000
vt 0.0000 0.0000
vt 0.0000 0.0000
vt 0.0000 0.0000
vt 0.0000 0.0000
vt 0.0000 0.0000
vt 0.0000 0.0000
vt 0.0000 0.0000
vt 0.0000 0.0000
vt 0.0000 0.0000
vt 0.0000 0.0000
vt 0.0000 0.0000
vt 0.0000 0.0000
vt 0.0000 0.0000
vt 0.0000 0.0000
vt 0.0000 0.0000
vt 0.0000 0.0000
vt 0.0000 0.0000
vt 0.0000 0.0000
vt 0.0000 0.0000
vt 0.0000 0.0000
vt 0.0000 0.0000
vt 0.0000 0.0000
vt 0.0000 0.0000
vt 0.0000 0.0000
vt 0.0000 0.0000
vt 0.0000 0.0000
vt 0.0000 0.0000
vt 0.0000 0.0000
vt 0.0000 0.0000
vt 0.0000 0.0000
vt 0.0000 0.0000
vt 0.0000 0.0000
vt 0.0000 0.0000
vt 0.0000 0.0000
vt 0.0000 0.0000
vt 0.0000 0.0000
vt 0.0000 0.0000
vt 0.0000 0.0000
vt 0.0000 0.0000
vt 0.0000 0.0000
vt 0.0000 0.0000
vt 0.0000 0.0000
vt 0.0000 0.0000
vt 0.0000 0.0000
vt 0.0000 0.0000
vt 0.0000 0.0000
vt 0.0000 0.0000
vt 0.0000 0.0000
vt 0.0000 0.0000
vt 0.0000 0.0000
vt 0.0000 0.0000
vt 0.0000 0.0000
vt 0.0000 0.0000
vt 0.0000 0.0000
vt 0.0000 0.0000
vt 0.0000 0.0000
vt 0.0000 0.0000
vt 0.0000 0.0000
vt 0.0000 0.0000
vt 0.0000 0.0000
vt 0.0000 0.0000
vt 0.0000 0.0000
vt 0.0000 0.0000
vt 0.0000 0.0000
vt 0.0000 0.0000
vt 0.0000 0.0000
vt 0.0000 0.0000
vt 0.0000 0.0000
vt 0.0000 0.0000
vt 0.0000 0.0000
vt 0.0000 0.0000
vt 0.0000 0.0000
vt 0.0000 0.0000
vt 0.0000 0.0000
vt 0.0000 0.0000
vt 0.0000 0.0000
vt 0.0000 0.0000
vt 0.0000 0.0000
vt 0.0000 0.0000
vt 0.0000 0.0000
vt 0.0000 0.0000
vt 0.0000 0.0000
vt 0.0000 0.0000
vt 0.0000 0.0000
vt 0.0000 0.0000
vt 0.0000 0.0000
vt 0.0000 0.0000
vt 0.0000 0.0000
vt 0.0000 0.0000
vt 0.0000 0.0000
vt 0.0000 0.0000
vt 0.0000 0.0000
vt 0.0000 0.0000
vt 0.0000 0.0000
vt 0.0000 0.0000
vt 0.0000 0.0000
vt 0.0000 0.0000
vt 0.0000 0.0000
vt 0.0000 0.0000
vt 0.0000 0.0000
vt 0.0000 0.0000
vt 0.0000 0.0000
vt 0.0000 0.0000
vt 0.0000 0.0000
vt 0.0000 0.0000
vt 0.0000 0.0000
vt 0.0000 0.0000
vt 0.0000 0.0000
vt 0.0000 0.0000
vt 0.0000 0.0000
vt 0.0000 0.0000
vt 0.0000 0.0000
vt 0.0000 0.0000
vt 0.0000 0.0000
vt 0.0000 0.0000
vt 0.0000 0.0000
vt 0.0000 0.0000
vt 0.0000 0.0000
vt 0.0000 0.0000
vt 0.0000 0.0000
vt 0.0000 0.0000
vt 0.0000 0.0000
vt 0.0000 0.0000
vt 0.0000 0.0000
vt 0.0000 0.0000
vt 0.0000 0.0000
vt 0.0000 0.0000
vt 0.0000 0.0000
vt 0.0000 0.0000
vt 0.0000 0.0000
vt 0.0000 0.0000
vt 0.0000 0.0000
vt 0.0000 0.0000
vt 0.0000 0.0000
vt 0.0000 0.0000
vt 0.0000 0.0000
vt 0.0000 0.0000
vt 0.0000 0.0000
vt 0.0000 0.0000
vt 0.0000 0.0000
vt 0.0000 0.0000
vt 0.0000 0.0000
vt 0.0000 0.0000
vt 0.0000 0.0000
vt 0.0000 0.0000
vt 0.0000 0.0000
vt 0.0000 0.0000
vt 0.0000 0.0000
vt 0.0000 0.0000
vt 0.0000 0.0000
vt 0.0000 0.0000
vt 0.0000 0.0000
vt 0.0000 0.0000
vt 0.0000 0.0000
vt 0.0000 0.0000
vt 0.0000 0.0000
vt 0.0000 0.0000
vt 0.0000 0.0000
vt 0.0000 0.0000
vt 0.0000 0.0000
vt 0.0000 0.0000
vt 0.0000 0.0000
vt 0.0000 0.0000
vt 0.0000 0.0000
vt 0.0000 0.0000
vt 0.0000 0.0000
vt 0.0000 0.0000
vt 0.0000 0.0000
vt 0.0000 0.0000
vt 0.0000 0.0000
vt 0.0000 0.0000
vt 0.0000 0.0000
vt 0.0000 0.0000
vt 0.0000 0.0000
vt 0.0000 0.0000
vt 0.0000 0.0000
vt 0.0000 0.0000
vt 0.0000 0.0000
vt 0.0000 0.0000
vt 0.0000 0.0000
vt 0.0000 0.0000
vt 0.0000 0.0000
vt 0.0000 0.0000
vt 0.0000 0.0000
vt 0.0000 0.0000
vt 0.0000 0.0000
vt 0.0000 0.0000
vt 0.0000 0.0000
vt 0.0000 0.0000
vt 0.0000 0.0000
vt 0.0000 0.0000
vt 0.0000 0.0000
vt 0.0000 0.0000
vt 0.0000 0.0000
vt 0.0000 0.0000
vt 0.0000 0.0000
vt 0.0000 0.0000
vt 0.0000 0.0000
vt 0.0000 0.0000
vt 0.0000 0.0000
vt 0.0000 0.0000
vt 0.0000 0.0000
vt 0.0000 0.0000
vt 0.0000 0.0000
vt 0.0000 0.0000
vt 0.0000 0.0000
vt 0.0000 0.0000
vt 0.0000 0.0000
vt 0.0000 0.0000
vt 0.0000 0.0000
vt 0.0000 0.0000
vt 0.0000 0.0000
vt 0.0000 0.0000
vt 0.0000 0.0000
vt 0.0000 0.0000
vt 0.0000 0.0000
vt 0.0000 0.0000
vt 0.0000 0.0000
vt 0.0000 0.0000
vt 0.0000 0.0000
vt 0.0000 0.0000
vt 0.0000 0.0000
vt 0.0000 0.0000
vt 0.0000 0.0000
vt 0.0000 0.0000
vt 0.0000 0.0000
vt 0.0000 0.0000
vt 0.0000 0.0000
vt 0.0000 0.0000
vt 0.0000 0.0000
vt 0.0000 0.0000
vt 0.0000 0.0000
vt 0.0000 0.0000
vt 0.0000 0.0000
vt 0.0000 0.0000
vt 0.0000 0.0000
vt 0.0000 0.0000
vt 0.0000 0.0000
vt 0.0000 0.0000
vt 0.0000 0.0000
vt 0.0000 0.0000
vt 0.0000 0.0000
vt 0.0000 0.0000
vt 0.0000 0.0000
vt 0.0000 0.0000
vt 0.0000 0.0000
vt 0.0000 0.0000
vt 0.0000 0.0000
vt 0.0000 0.0000
vt 0.0000 0.0000
vt 0.0000 0.0000
vt 0.0000 0.0000
vt 0.0000 0.0000
vt 0.0000 0.0000
vt 0.0000 0.0000
vt 0.0000 0.0000
vt 0.0000 0.0000
vt 0.0000 0.0000
vt 0.0000 0.0000
vt 0.0000 0.0000
vt 0.0000 0.0000
vt 0.0000 0.0000
vt 0.0000 0.0000
vt 0.0000 0.0000
vt 0.0000 0.0000
vt 0.0000 0.0000
vt 0.0000 0.0000
vt 0.0000 0.0000
vt 0.0000 0.0000
vt 0.0000 0.0000
vt 0.0000 0.0000
vt 0.0000 0.0000
vt 0.0000 0.0000
vt 0.0000 0.0000
vt 0.0000 0.0000
vt 0.0000 0.0000
vt 0.0000 0.0000
vt 0.0000 0.0000
vt 0.0000 0.0000
vt 0.0000 0.0000
vt 0.0000 0.0000
vt 0.0000 0.0000
vt 0.0000 0.0000
vt 0.0000 0.0000
vt 0.0000 0.0000
vt 0.0000 0.0000
vt 0.0000 0.0000
vt 0.0000 0.0000
vt 0.0000 0.0000
vt 0.0000 0.0000
vt 0.0000 0.0000
vt 0.0000 0.0000
vt 0.0000 0.0000
vt 0.0000 0.0000
vt 0.0000 0.0000
vt 0.0000 0.0000
vt 0.0000 0.0000
vt 0.0000 0.0000
vt 0.0000 0.0000
vt 0.0000 0.0000
vt 0.0000 0.0000
vt 0.0000 0.0000
vt 0.0000 0.0000
vt 0.0000 0.0000
vt 0.0000 0.0000
vt 0.0000 0.0000
vt 0.0000 0.0000
vt 0.0000 0.0000
vt 0.0000 0.0000
vt 0.0000 0.0000
vt 0.0000 0.0000
vt 0.0000 0.0000
vt 0.0000 0.0000
vt 0.0000 0.0000
vt 0.0000 0.0000
vt 0.0000 0.0000
vt 0.0000 0.0000
vt 0.0000 0.0000
vt 0.0000 0.0000
vt 0.0000 0.0000
vt 0.0000 0.0000
vt 0.0000 0.0000
vt 0.0000 0.0000
vt 0.0000 0.0000
vt 0.0000 0.0000
vt 0.0000 0.0000
vt 0.0000 0.0000
vt 0.0000 0.0000
vt 0.0000 0.0000
vt 0.0000 0.0000
vt 0.0000 0.0000
vt 0.0000 0.0000
vt 0.0000 0.0000
vt 0.0000 0.0000
vt 0.0000 0.0000
vt 0.0000 0.0000
vt 0.0000 0.0000
vt 0.0000 0.0000
vt 0.0000 0.0000
vt 0.0000 0.0000
vt 0.0000 0.0000
vt 0.0000 0.0000
vt 0.0000 0.0000
vt 0.0000 0.0000
vt 0.0000 0.0000
vt 0.0000 0.0000
vt 0.0000 0.0000
vt 0.0000 0.0000
vt 0.0000 0.0000
vt 0.0000 0.0000
vt 0.0000 0.0000
vt 0.0000 0.0000
vt 0.0000 0.0000
vt 0.0000 0.0000
vt 0.0000 0.0000
vt 0.0000 0.0000
vt 0.0000 0.0000
vt 0.0000 0.0000
vt 0.0000 0.0000
vt 0.0000 0.0000
vt 0.0000 0.0000
vt 0.0000 0.0000
vt 0.0000 0.0000
vt 0.0000 0.0000
vt 0.0000 0.0000
vt 0.0000 0.0000
vt 0.0000 0.0000
vt 0.0000 0.0000
vt 0.0000 0.0000
vt 0.0000 0.0000
vt 0.0000 0.0000
vt 0.0000 0.0000
vt 0.0000 0.0000
vt 0.0000 0.0000
vt 0.0000 0.0000
vt 0.0000 0.0000
vt 0.0000 0.0000
vt 0.0000 0.0000
vt 0.0000 0.0000
vt 0.0000 0.0000
vt 0.0000 0.0000
vt 0.0000 0.0000
vt 0.0000 0.0000
vt 0.0000 0.0000
vt 0.0000 0.0000
vt 0.0000 0.0000
vt 0.0000 0.0000
vt 0.0000 0.0000
vt 0.0000 0.0000
vt 0.0000 0.0000
vt 0.0000 0.0000
vt 0.0000 0.0000
vt 0.0000 0.0000
vt 0.0000 0.0000
vt 0.0000 0.0000
vt 0.0000 0.0000
vt 0.0000 0.0000
vt 0.0000 0.0000
vt 0.0000 0.0000
vt 0.0000 0.0000
vt 0.0000 0.0000
vt 0.0000 0.0000
vt 0.0000 0.0000
vt 0.0000 0.0000
vt 0.0000 0.0000
vt 0.0000 0.0000
vt 0.0000 0.0000
vt 0.0000 0.0000
vt 0.0000 0.0000
vt 0.0000 0.0000
vt 0.0000 0.0000
vt 0.0000 0.0000
vt 0.0000 0.0000
vt 0.0000 0.0000
vt 0.0000 0.0000
vt 0.0000 0.0000
vt 0.0000 0.0000
vt 0.0000 0.0000
vt 0.0000 0.0000
vt 0.0000 0.0000
vt 0.0000 0.0000
vt 0.0000 0.0000
vt 0.0000 0.0000
vt 0.0000 0.0000
vt 0.0000 0.0000
vt 0.0000 0.0000
vt 0.0000 0.0000
vt 0.0000 0.0000
vt 0.0000 0.0000
vt 0.0000 0.0000
vt 0.0000 0.0000
vt 0.0000 0.0000
vt 0.0000 0.0000
vt 0.0000 0.0000
vt 0.0000 0.0000
vt 0.0000 0.0000
vt 0.0000 0.0000
vt 0.0000 0.0000
vt 0.0000 0.0000
vt 0.0000 0.0000
vt 0.0000 0.0000
vt 0.0000 0.0000
vt 0.0000 0.0000
vt 0.0000 0.0000
vt 0.0000 0.0000
vt 0.0000 0.0000
vt 0.0000 0.0000
vt 0.0000 0.0000
vt 0.0000 0.0000
vt 0.0000 0.0000
vt 0.0000 0.0000
vt 0.0000 0.0000
vt 0.0000 0.0000
vt 0.0000 0.0000
vt 0.0000 0.0000
vt 0.0000 0.0000
vt 0.0000 0.0000
vt 0.0000 0.0000
vt 0.0000 0.0000
vt 0.0000 0.0000
vt 0.0000 0.0000
vt 0.0000 0.0000
vt 0.0000 0.0000
vt 0.0000 0.0000
vt 0.0000 0.0000
vt 0.0000 0.0000
vt 0.0000 0.0000
vt 0.0000 0.0000
vt 0.0000 0.0000
vt 0.0000 0.0000
vt 0.0000 0.0000
vt 0.0000 0.0000
vt 0.0000 0.0000
vt 0.0000 0.0000
vt 0.0000 0.0000
vt 0.0000 0.0000
vt 0.0000 0.0000
vt 0.0000 0.0000
vt 0.0000 0.0000
vt 0.0000 0.0000
vt 0.0000 0.0000
vt 0.0000 0.0000
vt 0.0000 0.0000
vt 0.0000 0.0000
vt 0.0000 0.0000
vt 0.0000 0.0000
vt 0.0000 0.0000
vt 0.0000 0.0000
vt 0.0000 0.0000
vt 0.0000 0.0000
vt 0.0000 0.0000
vt 0.0000 0.0000
vt 0.0000 0.0000
vt 0.0000 0.0000
vt 0.0000 0.0000
vt 0.0000 0.0000
vt 0.0000 0.0000
vt 0.0000 0.0000
vt 0.0000 0.0000
vt 0.0000 0.0000
vt 0.0000 0.0000
vt 0.0000 0.0000
vt 0.0000 0.0000
vt 0.0000 0.0000
vt 0.0000 0.0000
vt 0.0000 0.0000
vt 0.0000 0.0000
vt 0.0000 0.0000
vt 0.0000 0.0000
vt 0.0000 0.0000
vt 0.0000 0.0000
vt 0.0000 0.0000
vt 0.0000 0.0000
vt 0.0000 0.0000
vt 0.0000 0.0000
vt 0.0000 0.0000
vt 0.0000 0.0000
vt 0.0000 0.0000
vt 0.0000 0.0000
vt 0.0000 0.0000
vt 0.0000 0.0000
vt 0.0000 0.0000
vt 0.0000 0.0000
vt 0.0000 0.0000
vt 0.0000 0.0000
vt 0.0000 0.0000
vt 0.0000 0.0000
vt 0.0000 0.0000
vt 0.0000 0.0000
vt 0.0000 0.0000
vt 0.0000 0.0000
vt 0.0000 0.0000
vt 0.0000 0.0000
vt 0.0000 0.0000
vt 0.0000 0.0000
vt 0.0000 0.0000
vt 0.0000 0.0000
vt 0.0000 0.0000
vt 0.0000 0.0000
vt 0.0000 0.0000
vt 0.0000 0.0000
vt 0.0000 0.0000
vt 0.0000 0.0000
vt 0.0000 0.0000
vt 0.0000 0.0000
vt 0.0000 0.0000
vt 0.0000 0.0000
vt 0.0000 0.0000
vt 0.0000 0.0000
vt 0.0000 0.0000
vt 0.0000 0.0000
vt 0.0000 0.0000
vt 0.0000 0.0000
vt 0.0000 0.0000
vt 0.0000 0.0000
vt 0.0000 0.0000
vt 0.0000 0.0000
vt 0.0000 0.0000
vt 0.0000 0.0000
vt 0.0000 0.0000
vt 0.0000 0.0000
vt 0.0000 0.0000
vt 0.0000 0.0000
vt 0.0000 0.0000
vt 0.0000 0.0000
vt 0.0000 0.0000
vt 0.0000 0.0000
vt 0.0000 0.0000
vt 0.0000 0.0000
vt 0.0000 0.0000
vt 0.0000 0.0000
vt 0.0000 0.0000
vt 0.0000 0.0000
vt 0.0000 0.0000
vt 0.0000 0.0000
vt 0.0000 0.0000
vt 0.0000 0.0000
vt 0.0000 0.0000
vt 0.0000 0.0000
vt 0.0000 0.0000
vt 0.0000 0.0000
vt 0.0000 0.0000
vt 0.0000 0.0000
vt 0.0000 0.0000
vt 0.0000 0.0000
vt 0.0000 0.0000
vt 0.0000 0.0000
vt 0.0000 0.0000
vt 0.0000 0.0000
vt 0.0000 0.0000
vt 0.0000 0.0000
vt 0.0000 0.0000
vt 0.0000 0.0000
vt 0.0000 0.0000
vt 0.0000 0.0000
vt 0.0000 0.0000
vt 0.0000 0.0000
vt 0.0000 0.0000
vt 0.0000 0.0000
vt 0.0000 0.0000
vt 0.0000 0.0000
vt 0.0000 0.0000
vt 0.0000 0.0000
vt 0.0000 0.0000
vt 0.0000 0.0000
vt 0.0000 0.0000
vt 0.0000 0.0000
vt 0.0000 0.0000
vt 0.0000 0.0000
vt 0.0000 0.0000
vt 0.0000 0.0000
vt 0.0000 0.0000
vt 0.0000 0.0000
vt 0.0000 0.0000
vt 0.0000 0.0000
vt 0.0000 0.0000
vt 0.0000 0.0000
vt 0.0000 0.0000
vt 0.0000 0.0000
vt 0.0000 0.0000
vt 0.0000 0.0000
vt 0.0000 0.0000
vt 0.0000 0.0000
vt 0.0000 0.0000
vt 0.0000 0.0000
vt 0.0000 0.0000
vt 0.0000 0.0000
vt 0.0000 0.0000
vt 0.0000 0.0000
vt 0.0000 0.0000
vt 0.0000 0.0000
vt 0.0000 0.0000
vt 0.0000 0.0000
vt 0.0000 0.0000
vt 0.0000 0.0000
vt 0.0000 0.0000
vt 0.0000 0.0000
vt 0.0000 0.0000
vt 0.0000 0.0000
vt 0.0000 0.0000
vt 0.0000 0.0000
vt 0.0000 0.0000
vt 0.0000 0.0000
vt 0.0000 0.0000
vt 0.0000 0.0000
vt 0.0000 0.0000
vt 0.0000 0.0000
vt 0.0000 0.0000
vt 0.0000 0.0000
vt 0.0000 0.0000
vt 0.0000 0.0000
vt 0.0000 0.0000
vt 0.0000 0.0000
vt 0.0000 0.0000
vt 0.0000 0.0000
vt 0.0000 0.0000
vt 0.0000 0.0000
vt 0.0000 0.0000
vt 0.0000 0.0000
vt 0.0000 0.0000
vt 0.0000 0.0000
vt 0.0000 0.0000
vt 0.0000 0.0000
vt 0.0000 0.0000
vt 0.0000 0.0000
vt 0.0000 0.0000
vt 0.0000 0.0000
vt 0.0000 0.0000
vt 0.0000 0.0000
vt 0.0000 0.0000
vt 0.0000 0.0000
vt 0.0000 0.0000
vt 0.0000 0.0000
vt 0.0000 0.0000
vt 0.0000 0.0000
vt 0.0000 0.0000
vt 0.0000 0.0000
vt 0.0000 0.0000
vt 0.0000 0.0000
vt 0.0000 0.0000
vt 0.0000 0.0000
vt 0.0000 0.0000
vt 0.0000 0.0000
vt 0.0000 0.0000
vt 0.0000 0.0000
vt 0.0000 0.0000
vt 0.0000 0.0000
vt 0.0000 0.0000
vt 0.0000 0.0000
vt 0.0000 0.0000
vt 0.0000 0.0000
vt 0.0000 0.0000
vt 0.0000 0.0000
vt 0.0000 0.0000
vt 0.0000 0.0000
vt 0.0000 0.0000
vt 0.0000 0.0000
vt 0.0000 0.0000
vt 0.0000 0.0000
vt 0.0000 0.0000
vt 0.0000 0.0000
vt 0.0000 0.0000
vt 0.0000 0.0000
vt 0.0000 0.0000
vt 0.0000 0.0000
vt 0.0000 0.0000
vt 0.0000 0.0000
vt 0.0000 0.0000
vt 0.0000 0.0000
vt 0.0000 0.0000
vt 0.0000 0.0000
vt 0.0000 0.0000
vt 0.0000 0.0000
vt 0.0000 0.0000
vt 0.0000 0.0000
vt 0.0000 0.0000
vt 0.0000 0.0000
vt 0.0000 0.0000
vt 0.0000 0.0000
vt 0.0000 0.0000
vt 0.0000 0.0000
vt 0.0000 0.0000
vt 0.0000 0.0000
vt 0.0000 0.0000
vt 0.0000 0.0000
vt 0.0000 0.0000
vt 0.0000 0.0000
vt 0.0000 0.0000
vt 0.0000 0.0000
vt 0.0000 0.0000
vt 0.0000 0.0000
vt 0.0000 0.0000
vt 0.0000 0.0000
vt 0.0000 0.0000
vt 0.0000 0.0000
vt 0.0000 0.0000
vt 0.0000 0.0000
vt 0.0000 0.0000
vt 0.0000 0.0000
vt 0.0000 0.0000
vt 0.0000 0.0000
vt 0.0000 0.0000
vt 0.0000 0.0000
vt 0.0000 0.0000
vt 0.0000 0.0000
vt 0.0000 0.0000
vt 0.0000 0.0000
vt 0.0000 0.0000
vt 0.0000 0.0000
vt 0.0000 0.0000
vt 0.0000 0.0000
vt 0.0000 0.0000
vt 0.0000 0.0000
vt 0.0000 0.0000
vt 0.0000 0.0000
vt 0.0000 0.0000
vt 0.0000 0.0000
vt 0.0000 0.0000
vt 0.0000 0.0000
vt 0.0000 0.0000
vt 0.0000 0.0000
vt 0.0000 0.0000
vt 0.0000 0.0000
vt 0.0000 0.0000
vt 0.0000 0.0000
vt 0.0000 0.0000
vt 0.0000 0.0000
vt 0.0000 0.0000
vt 0.0000 0.0000
vt 0.0000 0.0000
vt 0.0000 0.0000
vt 0.0000 0.0000
vt 0.0000 0.0000
vt 0.0000 0.0000
vt 0.0000 0.0000
vt 0.0000 0.0000
vt 0.0000 0.0000
vt 0.0000 0.0000
vt 0.0000 0.0000
vt 0.0000 0.0000
vt 0.0000 0.0000
vt 0.0000 0.0000
vt 0.0000 0.0000
vt 0.0000 0.0000
vt 0.0000 0.0000
vt 0.0000 0.0000
vt 0.0000 0.0000
vt 0.0000 0.0000
vt 0.0000 0.0000
vt 0.0000 0.0000
vt 0.0000 0.0000
vt 0.0000 0.0000
vt 0.0000 0.0000
vt 0.0000 0.0000
vt 0.0000 0.0000
vt 0.0000 0.0000
vt 0.0000 0.0000
vt 0.0000 0.0000
vt 0.0000 0.0000
vt 0.0000 0.0000
vt 0.0000 0.0000
vt 0.0000 0.0000
vt 0.0000 0.0000
vt 0.0000 0.0000
vt 0.0000 0.0000
vt 0.0000 0.0000
vt 0.0000 0.0000
vt 0.0000 0.0000
vt 0.0000 0.0000
vt 0.0000 0.0000
vt 0.0000 0.0000
vt 0.0000 0.0000
vt 0.0000 0.0000
vt 0.0000 0.0000
vt 0.0000 0.0000
vt 0.0000 0.0000
vt 0.0000 0.0000
vt 0.0000 0.0000
vt 0.0000 0.0000
vt 0.0000 0.0000
vt 0.0000 0.0000
vt 0.0000 0.0000
vt 0.0000 0.0000
vt 0.0000 0.0000
vt 0.0000 0.0000
vt 0.0000 0.0000
vt 0.0000 0.0000
vt 0.0000 0.0000
vt 0.0000 0.0000
vt 0.0000 0.0000
vt 0.0000 0.0000
vt 0.0000 0.0000
vt 0.0000 0.0000
vt 0.0000 0.0000
vt 0.0000 0.0000
vt 0.0000 0.0000
vt 0.0000 0.0000
vt 0.0000 0.0000
vt 0.0000 0.0000
vt 0.0000 0.0000
vt 0.0000 0.0000
vt 0.0000 0.0000
vt 0.0000 0.0000
vt 0.0000 0.0000
vt 0.0000 0.0000
vt 0.0000 0.0000
vt 0.0000 0.0000
vt 0.0000 0.0000
vt 0.0000 0.0000
vt 0.0000 0.0000
vt 0.0000 0.0000
vt 0.0000 0.0000
vt 0.0000 0.0000
vt 0.0000 0.0000
vt 0.0000 0.0000
vt 0.0000 0.0000
vt 0.0000 0.0000
vt 0.0000 0.0000
vt 0.0000 0.0000
vt 0.0000 0.0000
vt 0.0000 0.0000
vt 0.0000 0.0000
vt 0.0000 0.0000
vt 0.0000 0.0000
vt 0.0000 0.0000
vt 0.0000 0.0000
vt 0.0000 0.0000
vt 0.0000 0.0000
vt 0.0000 0.0000
vt 0.0000 0.0000
vt 0.0000 0.0000
vt 0.0000 0.0000
vt 0.0000 0.0000
vt 0.0000 0.0000
vt 0.0000 0.0000
vt 0.0000 0.0000
vt 0.0000 0.0000
vt 0.0000 0.0000
vt 0.0000 0.0000
vt 0.0000 0.0000
vt 0.0000 0.0000
vt 0.0000 0.0000
vt 0.0000 0.0000
vt 0.0000 0.0000
vt 0.0000 0.0000
vt 0.0000 0.0000
vt 0.0000 0.0000
vt 0.0000 0.0000
vt 0.0000 0.0000
vt 0.0000 0.0000
vt 0.0000 0.0000
vt 0.0000 0.0000
vt 0.0000 0.0000
vt 0.0000 0.0000
vt 0.0000 0.0000
vt 0.0000 0.0000
vt 0.0000 0.0000
vt 0.0000 0.0000
vt 0.0000 0.0000
vt 0.0000 0.0000
vt 0.0000 0.0000
vt 0.0000 0.0000
vt 0.0000 0.0000
vt 0.0000 0.0000
vt 0.0000 0.0000
vt 0.0000 0.0000
vt 0.0000 0.0000
vt 0.0000 0.0000
vt 0.0000 0.0000
vt 0.0000 0.0000
vt 0.0000 0.0000
vt 0.0000 0.0000
vt 0.0000 0.0000
vt 0.0000 0.0000
vt 0.0000 0.0000
vt 0.0000 0.0000
vt 0.0000 0.0000
vt 0.0000 0.0000
vt 0.0000 0.0000
vt 0.0000 0.0000
vt 0.0000 0.0000
vt 0.0000 0.0000
vt 0.0000 0.0000
vt 0.0000 0.0000
vt 0.0000 0.0000
vt 0.0000 0.0000
vt 0.0000 0.0000
vt 0.0000 0.0000
vt 0.0000 0.0000
vt 0.0000 0.0000
vt 0.0000 0.0000
vt 0.0000 0.0000
vt 0.0000 0.0000
vt 0.0000 0.0000
vt 0.0000 0.0000
vt 0.0000 0.0000
vt 0.0000 0.0000
vt 0.0000 0.0000
vt 0.0000 0.0000
vt 0.0000 0.0000
vt 0.0000 0.0000
vt 0.0000 0.0000
vt 0.0000 0.0000
vt 0.0000 0.0000
vt 0.0000 0.0000
vt 0.0000 0.0000
vt 0.0000 0.0000
vt 0.0000 0.0000
vt 0.0000 0.0000
vt 0.0000 0.0000
vt 0.0000 0.0000
vt 0.0000 0.0000
vt 0.0000 0.0000
vt 0.0000 0.0000
vt 0.0000 0.0000
vt 0.0000 0.0000
vt 0.0000 0.0000
vt 0.0000 0.0000
vt 0.0000 0.0000
vt 0.0000 0.0000
vt 0.0000 0.0000
vt 0.0000 0.0000
vt 0.0000 0.0000
vt 0.0000 0.0000
vt 0.0000 0.0000
vt 0.0000 0.0000
vt 0.0000 0.0000
vt 0.0000 0.0000
vt 0.0000 0.0000
vt 0.0000 0.0000
vt 0.0000 0.0000
vt 0.0000 0.0000
vt 0.0000 0.0000
vt 0.0000 0.0000
vt 0.0000 0.0000
vt 0.0000 0.0000
vt 0.0000 0.0000
vt 0.0000 0.0000
vt 0.0000 0.0000
vt 0.0000 0.0000
vt 0.0000 0.0000
vt 0.0000 0.0000
vt 0.0000 0.0000
vt 0.0000 0.0000
vt 0.0000 0.0000
vt 0.0000 0.0000
vt 0.0000 0.0000
vt 0.0000 0.0000
vt 0.0000 0.0000
vt 0.0000 0.0000
vt 0.0000 0.0000
vt 0.0000 0.0000
vt 0.0000 0.0000
vt 0.0000 0.0000
vt 0.0000 0.0000
vt 0.0000 0.0000
vt 0.0000 0.0000
vt 0.0000 0.0000
vt 0.0000 0.0000
vt 0.0000 0.0000
vt 0.0000 0.0000
vt 0.0000 0.0000
vt 0.0000 0.0000
vt 0.0000 0.0000
vt 0.0000 0.0000
vt 0.0000 0.0000
vt 0.0000 0.0000
vt 0.0000 0.0000
vt 0.0000 0.0000
vt 0.0000 0.0000
vt 0.0000 0.0000
vt 0.0000 0.0000
vt 0.0000 0.0000
vt 0.0000 0.0000
vt 0.0000 0.0000
vt 0.0000 0.0000
vt 0.0000 0.0000
vt 0.0000 0.0000
vt 0.0000 0.0000
vt 0.0000 0.0000
vt 0.0000 0.0000
vt 0.0000 0.0000
vt 0.0000 0.0000
vt 0.0000 0.0000
vt 0.0000 0.0000
vt 0.0000 0.0000
vt 0.0000 0.0000
vt 0.0000 0.0000
vt 0.0000 0.0000
vt 0.0000 0.0000
vt 0.0000 0.0000
vt 0.0000 0.0000
vt 0.0000 0.0000
vt 0.0000 0.0000
vt 0.0000 0.0000
vt 0.0000 0.0000
vt 0.0000 0.0000
vt 0.0000 0.0000
vt 0.0000 0.0000
vt 0.0000 0.0000
vt 0.0000 0.0000
vt 0.0000 0.0000
vt 0.0000 0.0000
vt 0.0000 0.0000
vt 0.0000 0.0000
vt 0.0000 0.0000
vt 0.0000 0.0000
vt 0.0000 0.0000
vt 0.0000 0.0000
vt 0.0000 0.0000
vt 0.0000 0.0000
vt 0.0000 0.0000
vt 0.0000 0.0000
vt 0.0000 0.0000
vt 0.0000 0.0000
vt 0.0000 0.0000
vt 0.0000 0.0000
vt 0.0000 0.0000
vt 0.0000 0.0000
vt 0.0000 0.0000
vt 0.0000 0.0000
vt 0.0000 0.0000
vt 0.0000 0.0000
vt 0.0000 0.0000
vt 0.0000 0.0000
vt 0.0000 0.0000
vt 0.0000 0.0000
vt 0.0000 0.0000
vt 0.0000 0.0000
vt 0.0000 0.0000
vt 0.0000 0.0000
vt 0.0000 0.0000
vt 0.0000 0.0000
vt 0.0000 0.0000
vt 0.0000 0.0000
vt 0.0000 0.0000
vt 0.0000 0.0000
vt 0.0000 0.0000
vt 0.0000 0.0000
vt 0.0000 0.0000
vt 0.0000 0.0000
vt 0.0000 0.0000
vt 0.0000 0.0000
vt 0.0000 0.0000
vt 0.0000 0.0000
vt 0.0000 0.0000
vt 0.0000 0.0000
vt 0.0000 0.0000
vt 0.0000 0.0000
vt 0.0000 0.0000
vt 0.0000 0.0000
vt 0.0000 0.0000
vt 0.0000 0.0000
vt 0.0000 0.0000
vt 0.0000 0.0000
vt 0.0000 0.0000
vt 0.0000 0.0000
vt 0.0000 0.0000
vt 0.0000 0.0000
vt 0.0000 0.0000
vt 0.0000 0.0000
vt 0.0000 0.0000
vt 0.0000 0.0000
vt 0.0000 0.0000
vt 0.0000 0.0000
vt 0.0000 0.0000
vt 0.0000 0.0000
vt 0.0000 0.0000
vt 0.0000 0.0000
vt 0.0000 0.0000
vt 0.0000 0.0000
vt 0.0000 0.0000
vt 0.0000 0.0000
vt 0.0000 0.0000
vt 0.0000 0.0000
vt 0.0000 0.0000
vt 0.0000 0.0000
vt 0.0000 0.0000
# 1760 texture coords

s 1
f 1/1/1 2/2/2 4/4/4 3/3/3
f 3/3/3 4/4/4 6/6/6 5/5/5
f 5/5/5 6/6/6 8/8/8 7/7/7
f 7/7/7 8/8/8 10/10/10 9/9/9
f 9/9/9 10/10/10 2/2/2 1/1/1
f 11/11/11 12/12/12 14/14/14 13/13/13
f 13/13/13 14/14/14 16/16/16 15/15/15
f 15/15/15 16/16/16 18/18/18 17/17/17
f 17/17/17 18/18/18 20/20/20 19/19/19
f 19/19/19 20/20/20 12/12/12 11/11/11
f 21/21/21 22/22/22 24/24/24 23/23/23
f 23/23/23 24/24/24 26/26/26 25/25/25
f 25/25/25 26/26/26 28/28/28 27/27/27
f 27/27/27 28/28/28 30/30/30 29/29/29
f 29/29/29 30/30/30 22/22/22 21/21/21
f 31/31/31 32/32/32 34/34/34 33/33/33
f 33/33/33 34/34/34 36/36/36 35/35/35
f 35/35/35 36/36/36 38/38/38 37/37/37
f 37/37/37 38/38/38 40/40/40 39/39/39
f 39/39/39 40/40/40 32/32/32 31/31/31
f 41/41/41 42/42/42 44/44/44 43/43/43
f 43/43/43 44/44/44 46/46/46 45/45/45
f 45/45/45 46/46/46 48/48/48 47/47/47
f 47/47/47 48/48/48 50/50/50 49/49/49
f 49/49/49 50/50/50 42/42/42 41/41/41
f 51/51/51 52/52/52 54/54/54 53/53/53
f 53/53/53 54/54/54 56/56/56 55/55/55
f 55/55/55 56/56/56 58/58/58 57/57/57
f 57/57/57 58/58/58 60/60/60 59/59/59
f 59/59/59 60/60/60 52/52/52 51/51/51
f 61/61/61 62/62/62 64/64/64 63/63/63
f 63/63/63 64/64/64 66/66/66 65/65/65
f 65/65/65 66/66/66 68/68/68 67/67/67
f 67/67/67 68/68/68 70/70/70 69/69/69
f 69/69/69 70/70/70 62/62/62 61/61/61
f 71/71/71 72/72/72 74/74/74 73/73/73
f 73/73/73 74/74/74 76/76/76 75/75/75
f 75/75/75 76/76/76 78/78/78 77/77/77
f 77/77/77 78/78/78 80/80/80 79/79/79
f 79/79/79 80/80/80 72/72/72 71/71/71
f 81/81/81 82/82/82 84/84/84 83/83/83
f 83/83/83 84/84/84 86/86/86 85/85/85
f 85/85/85 86/86/86 88/88/88 87/87/87
f 87/87/87 88/88/88 90/90/90 89/89/89
f 89/89/89 90/90/90 82/82/82 81/81/81
f 91/91/91 92/92/92 94/94/94 93/93/93
f 93/93/93 94/94/94 96/96/96 95/95/95
f 95/95/95 96/96/96 98/98/98 97/97/97
f 97/97/97 98/98/98 100/100/100 99/99/99
f 99/99/99 100/100/100 92/92/92 91/91/91
f 101/101/101 102/102/102 104/104/104 103/103/103
f 103/103/103 104/104/104 106/106/106 105/105/105
f 105/105/105 106/106/106 108/108/108 107/107/107
f 107/107/107 108/108/108 110/110/110 109/109/109
f 109/109/109 110/110/110 102/102/102 101/101/101
f 111/111/111 112/112/112 114/114/114 113/113/113
f 113/113/113 114/114/114 116/116/116 115/115/115
f 115/115/115 116/116/116 118/118/118 117/117/117
f 117/117/117 118/118/118 120/120/120 119/119/119
f 119/119/119 120/120/120 112/112/112 111/111/111
f 121/121/121 122/122/122 124/124/124 123/123/123
f 123/123/123 124/124/124 126/126/126 125/125/125
f 125/125/125 126/126/126 128/128/128 127/127/127
f 127/127/127 128/128/128 130/130/130 129/129/129
f 129/129/129 130/130/130 122/122/122 121/121/121
f 131/131/131 132/132/132 134/134/134 133/133/133
f 133/133/133 134/134/134 136/136/136 135/135/135
f 135/135/135 136/136/136 138/138/138 137/137/137
f 137/137/137 138/138/138 140/140/140 139/139/139
f 139/139/139 140/140/140 132/132/132 131/131/131
f 141/141/141 142/142/142 144/144/144 143/143/143
f 143/143/143 144/144/144 146/146/146 145/145/145
f 145/145/145 146/146/146 148/148/148 147/147/147
f 147/147/147 148/148/148 150/150/150 149/149/149
f 149/149/149 150/150/150 142/142/142 141/141/141
f 151/151/151 152/152/152 154/154/154 153/153/153
f 153/153/153 154/154/154 156/156/156 155/155/155
f 155/155/155 156/156/156 158/158/158 157/157/157
f 157/157/157 158/158/158 160/160/160 159/159/159
f 159/159/159 160/160/160 152/152/152 151/151/151
f 161/161/161 162/162/162 164/164/164 163/163/163
f 163/163/163 164/164/164 166/166/166 165/165/165
f 165/165/165 166/166/166 168/168/168 167/167/167
f 167/167/167 168/168/168 170/170/170 169/169/169
f 169/169/169 170/170/170 162/162/162 161/161/161
f 171/171/171 172/172/172 174/174/174 173/173/173
f 173/173/173 174/174/174 176/176/176 175/175/175
f 175/175/175 176/176/176 178/178/178 177/177/177
f 177/177/177 178/178/178 180/180/180 179/179/179
f 179/179/179 180/180/180 172/172/172 171/171/171
f 181/181/181 182/182/182 184/184/184 183/183/183
f 183/183/183 184/184/184 186/186/186 185/185/185
f 185/185/185 186/186/186 188/188/188 187/187/187
f 187/187/187 188/188/188 190/190/190 189/189/189
f 189/189/189 190/190/190 182/182/182 181/181/181
f 191/191/191 192/192/192 194/194/194 193/193/193
f 193/193/193 194/194/194 196/196/196 195/195/195
f 195/195/195 196/196/196 198/198/198 197/197/197
f 197/197/197 198/198/198 200/200/200 199/199/199
f 199/199/199 200/200/200 192/192/192 191/191/191
f 201/201/201 202/202/202 204/204/204 203/203/203
f 203/203/203 204/204/204 206/206/206 205/205/205
f 205/205/205 206/206/206 208/208/208 207/207/207
f 207/207/207 208/208/208 210/210/210 209/209/209
f 209/209/209 210/210/210 202/202/202 201/201/201
f 211/211/211 212/212/212 214/214/214 213/213/213
f 213/213/213 214/214/214 216/216/216 215/215/215
f 215/215/215 216/216/216 218/218/218 217/217/217
f 217/217/217 218/218/218 220/220/220 219/219/219
f 219/219/219 220/220/220 212/212/212 211/211/211
f 221/221/221 222/222/222 224/224/224 223/223/223
f 223/223/223 224/224/224 226/226/226 225/225/225
f 225/225/225 226/226/226 228/228/228 227/227/227
f 227/227/227 228/228/228 230/230/230 229/229/229
f 229/229/229 230/230/230 222/222/222 221/221/221
f 231/231/231 232/232/232 234/234/234 233/233/233
f 233/233/233 234/234/234 236/236/236 235/235/235
f 235/235/235 236/236/236 238/238/238 237/237/237
f 237/237/237 238/238/238 240/240/240 239/239/239
f 239/239/239 240/240/240 232/232/232 231/231/231
f 241/241/241 242/242/242 244/244/244 243/243/243
f 243/243/243 244/244/244 246/246/246 245/245/245
f 245/245/245 246/246/246 248/248/248 247/247/247
f 247/247/247 248/248/248 250/250/250 249/249/249
f 249/249/249 250/250/250 242/242/242 241/241/241
f 251/251/251 252/252/252 254/254/254 253/253/253
f 253/253/253 254/254/254 256/256/256 255/255/255
f 255/255/255 256/256/256 258/258/258 257/257/257
f 257/257/257 258/258/258 260/260/260 259/259/259
f 259/259/259 260/260/260 252/252/252 251/251/251
f 261/261/261 262/262/262 264/264/264 263/263/263
f 263/263/263 264/264/264 266/266/266 265/265/265
f 265/265/265 266/266/266 268/268/268 267/267/267
f 267/267/267 268/268/268 270/270/270 269/269/269
f 269/269/269 270/270/270 262/262/262 261/261/261
f 271/271/271 272/272/272 274/274/274 273/273/273
f 273/273/273 274/274/274 276/276/276 275/275/275
f 275/275/275 276/276/276 278/278/278 277/277/277
f 277/277/277 278/278/278 280/280/280 279/279/279
f 279/279/279 280/280/280 272/272/272 271/271/271
f 281/281/281 282/282/282 284/284/284 283/283/283
f 283/283/283 284/284/284 286/286/286 285/285/285
f 285/285/285 286/286/286 288/288/288 287/287/287
f 287/287/287 288/288/288 290/290/290 289/289/289
f 289/289/289 290/290/290 282/282/282 281/281/281
f 291/291/291 292/292/292 294/294/294 293/293/293
f 293/293/293 294/294/294 296/296/296 295/295/295
f 295/295/295 296/296/296 298/298/298 297/297/297
f 297/297/297 298/298/298 300/300/300 299/299/299
f 299/299/299 300/300/300 292/292/292 291/291/291
f 301/301/301 302/302/302 304/304/304 303/303/303
f 303/303/303 304/304/304 306/306/306 305/305/305
f 305/305/305 306/306/306 308/308/308 307/307/307
f 307/307/307 308/308/308 310/310/310 309/309/309
f 309/309/309 310/310/310 302/302/302 301/301/301
f 311/311/311 312/312/312 314/314/314 313/313/313
f 313/313/313 314/314/314 316/316/316 315/315/315
f 315/315/315 316/316/316 318/318/318 317/317/317
f 317/317/317 318/318/318 320/320/320 319/319/319
f 319/319/319 320/320/320 312/312/312 311/311/311
f 321/321/321 322/322/322 324/324/324 323/323/323
f 323/323/323 324/324/324 326/326/326 325/325/325
f 325/325/325 326/326/326 328/328/328 327/327/327
f 327/327/327 328/328/328 330/330/330 329/329/329
f 329/329/329 330/330/330 322/322/322 321/321/321
f 331/331/331 332/332/332 334/334/334 333/333/333
f 333/333/333 334/334/334 336/336/336 335/335/335
f 335/335/335 336/336/336 338/338/338 337/337/337
f 337/337/337 338/338/338 340/340/340 339/339/339
f 339/339/339 340/340/340 332/332/332 331/331/331
f 341/341/341 342/342/342 344/344/344 343/343/343
f 343/343/343 344/344/344 346/346/346 345/345/345
f 345/345/345 346/346/346 348/348/348 347/347/347
f 347/347/347 348/348/348 350/350/350 349/349/349
f 349/349/349 350/350/350 342/342/342 341/341/341
f 351/351/351 352/352/352 354/354/354 353/353/353
f 353/353/353 354/354/354 356/356/356 355/355/355
f 355/355/355 356/356/356 358/358/358 357/357/357
f 357/357/357 358/358/358 360/360/360 359/359/359
f 359/359/359 360/360/360 352/352/352 351/351/351
f 361/361/361 362/362/362 364/364/364 363/363/363
f 363/363/363 364/364/364 366/366/366 365/365/365
f 365/365/365 366/366/366 368/368/368 367/367/367
f 367/367/367 368/368/368 370/370/370 369/369/369
f 369/369/369 370/370/370 362/362/362 361/361/361
f 371/371/371 372/372/372 374/374/374 373/373/373
f 373/373/373 374/374/374 376/376/376 375/375/375
f 375/375/375 376/376/376 378/378/378 377/377/377
f 377/377/377 378/378/378 380/380/380 379/379/379
f 379/379/379 380/380/380 372/372/372 371/371/371
f 381/381/381 382/382/382 384/384/384 383/383/383
f 383/383/383 384/384/384 386/386/386 385/385/385
f 385/385/385 386/386/386 388/388/388 387/387/387
f 387/387/387 388/388/388 390/390/390 389/389/389
f 389/389/389 390/390/390 382/382/382 381/381/381
f 391/391/391 392/392/392 394/394/394 393/393/393
f 393/393/393 394/394/394 396/396/396 395/395/395
f 395/395/395 396/396/396 398/398/398 397/397/397
f 397/397/397 398/398/398 400/400/400 399/399/399
f 399/399/399 400/400/400 392/392/392 391/391/391
f 401/401/401 402/402/402 404/404/404 403/403/403
f 403/403/403 404/404/404 406/406/406 405/405/405
f 405/405/405 406/406/406 408/408/408 407/407/407
f 407/407/407 408/408/408 410/410/410 409/409/409
f 409/409/409 410/410/410 402/402/402 401/401/401
f 411/411/411 412/412/412 414/414/414 413/413/413
f 413/413/413 414/414/414 416/416/416 415/415/415
f 415/415/415 416/416/416 418/418/418 417/417/417
f 417/417/417 418/418/418 420/420/420 419/419/419
f 419/419/419 420/420/420 412/412/412 411/411/411
f 421/421/421 422/422/422 424/424/424 423/423/423
f 423/423/423 424/424/424 426/426/426 425/425/425
f 425/425/425 426/426/426 428/428/428 427/427/427
f 427/427/427 428/428/428 430/430/430 429/429/429
f 429/429/429 430/430/430 422/422/422 421/421/421
f 431/431/431 432/432/432 434/434/434 433/433/433
f 433/433/433 434/434/434 436/436/436 435/435/435
f 435/435/435 436/436/436 438/438/438 437/437/437
f 437/437/437 438/438/438 440/440/440 439/439/439
f 439/439/439 440/440/440 432/432/432 431/431/431
f 441/441/441 442/442/442 444/444/444 443/443/443
f 443/443/443 444/444/444 446/446/446 445/445/445
f 445/445/445 446/446/446 448/448/448 447/447/447
f 447/447/447 448/448/448 450/450/450 449/449/449
f 449/449/449 450/450/450 442/442/442 441/441/441
f 451/451/451 452/452/452 454/454/454 453/453/453
f 453/453/453 454/454/454 456/456/456 455/455/455
f 455/455/455 456/456/456 458/458/458 457/457/457
f 457/457/457 458/458/458 460/460/460 459/459/459
f 459/459/459 460/460/460 452/452/452 451/451/451
f 461/461/461 462/462/462 464/464/464 463/463/463
f 463/463/463 464/464/464 466/466/466 465/465/465
f 465/465/465 466/466/466 468/468/468 467/467/467
f 467/467/467 468/468/468 470/470/470 469/469/469
f 469/469/469 470/470/470 462/462/462 461/461/461
f 471/471/471 472/472/472 474/474/474 473/473/473
f 473/473/473 474/474/474 476/476/476 475/475/475
f 475/475/475 476/476/476 478/478/478 477/477/477
f 477/477/477 478/478/478 480/480/480 479/479/479
f 479/479/479 480/480/480 472/472/472 471/471/471
f 481/481/481 482/482/482 484/484/484 483/483/483
f 483/483/483 484/484/484 486/486/486 485/485/485
f 485/485/485 486/486/486 488/488/488 487/487/487
f 487/487/487 488/488/488 490/490/490 489/489/489
f 489/489/489 490/490/490 482/482/482 481/481/481
f 491/491/491 492/492/492 494/494/494 493/493/493
f 493/493/493 494/494/494 496/496/496 495/495/495
f 495/495/495 496/496/496 498/498/498 497/497/497
f 497/497/497 498/498/498 500/500/500 499/499/499
f 499/499/499 500/500/500 492/492/492 491/491/491
f 501/501/501 502/502/502 504/504/504 503/503/503
f 503/503/503 504/504/504 506/506/506 505/505/505
f 505/505/505 506/506/506 508/508/508 507/507/507
f 507/507/507 508/508/508 510/510/510 509/509/509
f 509/509/509 510/510/510 502/502/502 501/501/501
f 511/511/511 512/512/512 514/514/514 513/513/513
f 513/513/513 514/514/514 516/516/516 515/515/515
f 515/515/515 516/516/516 518/518/518 517/517/517
f 517/517/517 518/518/518 520/520/520 519/519/519
f 519/519/519 520/520/520 512/512/512 511/511/511
f 521/521/521 522/522/522 524/524/524 523/523/523
f 523/523/523 524/524/524 526/526/526 525/525/525
f 525/525/525 526/526/526 528/528/528 527/527/527
f 527/527/527 528/528/528 530/530/530 529/529/529
f 529/529/529 530/530/530 522/522/522 521/521/521
f 531/531/531 532/532/532 534/534/534 533/533/533
f 533/533/533 534/534/534 536/536/536 535/535/535
f 535/535/535 536/536/536 538/538/538 537/537/537
f 537/537/537 538/538/538 540/540/540 539/539/539
f 539/539/539 540/540/540 532/532/532 531/531/531
f 541/541/541 542/542/542 544/544/544 543/543/543
f 543/543/543 544/544/544 546/546/546 545/545/545
f 545/545/545 546/546/546 548/548/548 547/547/547
f 547/547/547 548/548/548 550/550/550 549/549/549
f 549/549/549 550/550/550 542/542/542 541/541/541
f 551/551/551 552/552/552 554/554/554 553/553/553
f 553/553/553 554/554/554 556/556/556 555/555/555
f 555/555/555 556/556/556 558/558/558 557/557/557
f 557/557/557 558/558/558 560/560/560 559/559/559
f 559/559/559 560/560/560 552/552/552 551/551/551
f 561/561/561 562/562/562 564/564/564 563/563/563
f 563/563/563 564/564/564 566/566/566 565/565/565
f 565/565/565 566/566/566 568/568/568 567/567/567
f 567/567/567 568/568/568 570/570/570 569/569/569
f 569/569/569 570/570/570 562/562/562 561/561/561
f 571/571/571 572/572/572 574/574/574 573/573/573
f 573/573/573 574/574/574 576/576/576 575/575/575
f 575/575/575 576/576/576 578/578/578 577/577/577
f 577/577/577 578/578/578 580/580/580 579/579/579
f 579/579/579 580/580/580 572/572/572 571/571/571
f 581/581/581 582/582/582 584/584/584 583/583/583
f 583/583/583 584/584/584 586/586/586 585/585/585
f 585/585/585 586/586/586 588/588/588 587/587/587
f 587/587/587 588/588/588 590/590/590 589/589/589
f 589/589/589 590/590/590 582/582/582 581/581/581
f 591/591/591 592/592/592 594/594/594 593/593/593
f 593/593/593 594/594/594 596/596/596 595/595/595
f 595/595/595 596/596/596 598/598/598 597/597/597
f 597/597/597 598/598/598 600/600/600 599/599/599
f 599/599/599 600/600/600 592/592/592 591/591/591
f 601/601/601 602/602/602 604/604/604 603/603/603
f 603/603/603 604/604/604 606/606/606 605/605/605
f 605/605/605 606/606/606 608/608/608 607/607/607
f 607/607/607 608/608/608 610/610/610 609/609/609
f 609/609/609 610/610/610 602/602/602 601/601/601
f 611/611/611 612/612/612 614/614/614 613/613/613
f 613/613/613 614/614/614 616/616/616 615/615/615
f 615/615/615 616/616/616 618/618/618 617/617/617
f 617/617/617 618/618/618 620/620/620 619/619/619
f 619/619/619 620/620/620 612/612/612 611/611/611
f 621/621/621 622/622/622 624/624/624 623/623/623
f 623/623/623 624/624/624 626/626/626 625/625/625
f 625/625/625 626/626/626 628/628/628 627/627/627
f 627/627/627 628/628/628 630/630/630 629/629/629
f 629/629/629 630/630/630 622/622/622 621/621/621
f 631/631/631 632/632/632 634/634/634 633/633/633
f 633/633/633 634/634/634 636/636/636 635/635/635
f 635/635/635 636/636/636 638/638/638 637/637/637
f 637/637/637 638/638/638 640/640/640 639/639/639
f 639/639/639 640/640/640 632/632/632 631/631/631
f 641/641/641 642/642/642 644/644/644 643/643/643
f 643/643/643 644/644/644 646/646/646 645/645/645
f 645/645/645 646/646/646 648/648/648 647/647/647
f 647/647/647 648/648/648 650/650/650 649/649/649
f 649/649/649 650/650/650 642/642/642 641/641/641
f 651/651/651 652/652/652 654/654/654 653/653/653
f 653/653/653 654/654/654 656/656/656 655/655/655
f 655/655/655 656/656/656 658/658/658 657/657/657
f 657/657/657 658/658/658 660/660/660 659/659/659
f 659/659/659 660/660/660 652/652/652 651/651/651
f 661/661/661 662/662/662 664/664/664 663/663/663
f 663/663/663 664/664/664 666/666/666 665/665/665
f 665/665/665 666/666/666 668/668/668 667/667/667
f 667/667/667 668/668/668 670/670/670 669/669/669
f 669/669/669 670/670/670 662/662/662 661/661/661
f 671/671/671 672/672/672 674/674/674 673/673/673
f 673/673/673 674/674/674 676/676/676 675/675/675
f 675/675/675 676/676/676 678/678/678 677/677/677
f 677/677/677 678/678/678 680/680/680 679/679/679
f 679/679/679 680/680/680 672/672/672 671/671/671
f 681/681/681 682/682/682 684/684/684 683/683/683
f 683/683/683 684/684/684 686/686/686 685/685/685
f 685/685/685 686/686/686 688/688/688 687/687/687
f 687/687/687 688/688/688 690/690/690 689/689/689
f 689/689/689 690/690/690 682/682/682 681/681/681
f 691/691/691 692/692/692 694/694/694 693/693/693
f 693/693/693 694/694/694 696/696/696 695/695/695
f 695/695/695 696/696/696 698/698/698 697/697/697
f 697/697/697 698/698/698 700/700/700 699/699/699
f 699/699/699 700/700/700 692/692/692 691/691/691
f 701/701/701 702/702/702 704/704/704 703/703/703
f 703/703/703 704/704/704 706/706/706 705/705/705
f 705/705/705 706/706/706 708/708/708 707/707/707
f 707/707/707 708/708/708 710/710/710 709/709/709
f 709/709/709 710/710/710 702/702/702 701/701/701
f 711/711/711 712/712/712 714/714/714 713/713/713
f 713/713/713 714/714/714 716/716/716 715/715/715
f 715/715/715 716/716/716 718/718/718 717/717/717
f 717/717/717 718/718/718 720/720/720 719/719/719
f 719/719/719 720/720/720 712/712/712 711/711/711
f 721/721/721 722/722/722 724/724/724 723/723/723
f 723/723/723 724/724/724 726/726/726 725/725/725
f 725/725/725 726/726/726 728/728/728 727/727/727
f 727/727/727 728/728/728 730/730/730 729/729/729
f 729/729/729 730/730/730 722/722/722 721/721/721
f 731/731/731 732/732/732 734/734/734 733/733/733
f 733/733/733 734/734/734 736/736/736 735/735/735
f 735/735/735 736/736/736 738/738/738 737/737/737
f 737/737/737 738/738/738 740/740/740 739/739/739
f 739/739/739 740/740/740 732/732/732 731/731/731
f 741/741/741 742/742/742 744/744/744 743/743/743
f 743/743/743 744/744/744 746/746/746 745/745/745
f 745/745/745 746/746/746 748/748/748 747/747/747
f 747/747/747 748/748/748 750/750/750 749/749/749
f 749/749/749 750/750/750 742/742/742 741/741/741
f 751/751/751 752/752/752 754/754/754 753/753/753
f 753/753/753 754/754/754 756/756/756 755/755/755
f 755/755/755 756/756/756 758/758/758 757/757/757
f 757/757/757 758/758/758 760/760/760 759/759/759
f 759/759/759 760/760/760 752/752/752 751/751/751
f 761/761/761 762/762/762 764/764/764 763/763/763
f 763/763/763 764/764/764 766/766/766 765/765/765
f 765/765/765 766/766/766 768/768/768 767/767/767
f 767/767/767 768/768/768 770/770/770 769/769/769
f 769/769/769 770/770/770 762/762/762 761/761/761
f 771/771/771 772/772/772 774/774/774 773/773/773
f 773/773/773 774/774/774 776/776/776 775/775/775
f 775/775/775 776/776/776 778/778/778 777/777/777
f 777/777/777 778/778/778 780/780/780 779/779/779
f 779/779/779 780/780/780 772/772/772 771/771/771
f 781/781/781 782/782/782 784/784/784 783/783/783
f 783/783/783 784/784/784 786/786/786 785/785/785
f 785/785/785 786/786/786 788/788/788 787/787/787
f 787/787/787 788/788/788 790/790/790 789/789/789
f 789/789/789 790/790/790 782/782/782 781/781/781
f 791/791/791 792/792/792 794/794/794 793/793/793
f 793/793/793 794/794/794 796/796/796 795/795/795
f 795/795/795 796/796/796 798/798/798 797/797/797
f 797/797/797 798/798/798 800/800/800 799/799/799
f 799/799/799 800/800/800 792/792/792 791/791/791
f 801/801/801 802/802/802 804/804/804 803/803/803
f 803/803/803 804/804/804 806/806/806 805/805/805
f 805/805/805 806/806/806 808/808/808 807/807/807
f 807/807/807 808/808/808 810/810/810 809/809/809
f 809/809/809 810/810/810 802/802/802 801/801/801
f 811/811/811 812/812/812 814/814/814 813/813/813
f 813/813/813 814/814/814 816/816/816 815/815/815
f 815/815/815 816/816/816 818/818/818 817/817/817
f 817/817/817 818/818/818 820/820/820 819/819/819
f 819/819/819 820/820/820 812/812/812 811/811/811
f 821/821/821 822/822/822 824/824/824 823/823/823
f 823/823/823 824/824/824 826/826/826 825/825/825
f 825/825/825 826/826/826 828/828/828 827/827/827
f 827/827/827 828/828/828 830/830/830 829/829/829
f 829/829/829 830/830/830 822/822/822 821/821/821
f 831/831/831 832/832/832 834/834/834 833/833/833
f 833/833/833 834/834/834 836/836/836 835/835/835
f 835/835/835 836/836/836 838/838/838 837/837/837
f 837/837/837 838/838/838 840/840/840 839/839/839
f 839/839/839 840/840/840 832/832/832 831/831/831
f 841/841/841 842/842/842 844/844/844 843/843/843
f 843/843/843 844/844/844 846/846/846 845/845/845
f 845/845/845 846/846/846 848/848/848 847/847/847
f 847/847/847 848/848/848 850/850/850 849/849/849
f 849/849/849 850/850/850 842/842/842 841/841/841
f 851/851/851 852/852/852 854/854/854 853/853/853
f 853/853/853 854/854/854 856/856/856 855/855/855
f 855/855/855 856/856/856 858/858/858 857/857/857
f 857/857/857 858/858/858 860/860/860 859/859/859
f 859/859/859 860/860/860 852/852/852 851/851/851
f 861/861/861 862/862/862 864/864/864 863/863/863
f 863/863/863 864/864/864 866/866/866 865/865/865
f 865/865/865 866/866/866 868/868/868 867/867/867
f 867/867/867 868/868/868 870/870/870 869/869/869
f 869/869/869 870/870/870 862/862/862 861/861/861
f 871/871/871 872/872/872 874/874/874 873/873/873
f 873/873/873 874/874/874 876/876/876 875/875/875
f 875/875/875 876/876/876 878/878/878 877/877/877
f 877/877/877 878/878/878 880/880/880 879/879/879
f 879/879/879 880/880/880 872/872/872 871/871/871
f 881/881/881 882/882/882 884/884/884 883/883/883
f 883/883/883 884/884/884 886/886/886 885/885/885
f 885/885/885 886/886/886 888/888/888 887/887/887
f 887/887/887 888/888/888 890/890/890 889/889/889
f 889/889/889 890/890/890 882/882/882 881/881/881
f 891/891/891 892/892/892 894/894/894 893/893/893
f 893/893/893 894/894/894 896/896/896 895/895/895
f 895/895/895 896/896/896 898/898/898 897/897/897
f 897/897/897 898/898/898 900/900/900 899/899/899
f 899/899/899 900/900/900 892/892/892 891/891/891
f 901/901/901 902/902/902 904/904/904 903/903/903
f 903/903/903 904/904/904 906/906/906 905/905/905
f 905/905/905 906/906/906 908/908/908 907/907/907
f 907/907/907 908/908/908 910/910/910 909/909/909
f 909/909/909 910/910/910 902/902/902 901/901/901
f 911/911/911 912/912/912 914/914/914 913/913/913
f 913/913/913 914/914/914 916/916/916 915/915/915
f 915/915/915 916/916/916 918/918/918 917/917/917
f 917/917/917 918/918/918 920/920/920 919/919/919
f 919/919/919 920/920/920 912/912/912 911/911/911
f 921/921/921 922/922/922 924/924/924 923/923/923
f 923/923/923 924/924/924 926/926/926 925/925/925
f 925/925/925 926/926/926 928/928/928 927/927/927
f 927/927/927 928/928/928 930/930/930 929/929/929
f 929/929/929 930/930/930 922/922/922 921/921/921
f 931/931/931 932/932/932 934/934/934 933/933/933
f 933/933/933 934/934/934 936/936/936 935/935/935
f 935/935/935 936/936/936 938/938/938 937/937/937
f 937/937/937 938/938/938 940/940/940 939/939/939
f 939/939/939 940/940/940 932/932/932 931/931/931
f 941/941/941 942/942/942 944/944/944 943/943/943
f 943/943/943 944/944/944 946/946/946 945/945/945
f 945/945/945 946/946/946 948/948/948 947/947/947
f 947/947/947 948/948/948 950/950/950 949/949/949
f 949/949/949 950/950/950 942/942/942 941/941/941
f 951/951/951 952/952/952 954/954/954 953/953/953
f 953/953/953 954/954/954 956/956/956 955/955/955
f 955/955/955 956/956/956 958/958/958 957/957/957
f 957/957/957 958/958/958 960/960/960 959/959/959
f 959/959/959 960/960/960 952/952/952 951/951/951
f 961/961/961 962/962/962 964/964/964 963/963/963
f 963/963/963 964/964/964 966/966/966 965/965/965
f 965/965/965 966/966/966 968/968/968 967/967/967
f 967/967/967 968/968/968 970/970/970 969/969/969
f 969/969/969 970/970/970 962/962/962 961/961/961
f 971/971/971 972/972/972 974/974/974 973/973/973
f 973/973/973 974/974/974 976/976/976 975/975/975
f 975/975/975 976/976/976 978/978/978 977/977/977
f 977/977/977 978/978/978 980/980/980 979/979/979
f 979/979/979 980/980/980 972/972/972 971/971/971
f 981/981/981 982/982/982 984/984/984 983/983/983
f 983/983/983 984/984/984 986/986/986 985/985/985
f 985/985/985 986/986/986 988/988/988 987/987/987
f 987/987/987 988/988/988 990/990/990 989/989/989
f 989/989/989 990/990/990 982/982/982 981/981/981
f 991/991/991 992/992/992 994/994/994 993/993/993
f 993/993/993 994/994/994 996/996/996 995/995/995
f 995/995/995 996/996/996 998/998/998 997/997/997
f 997/997/997 998/998/998 1000/1000/1000 999/999/999
f 999/999/999 1000/1000/1000 992/992/992 991/991/991
f 1001/1001/1001 1002/1002/1002 1004/1004/1004 1003/1003/1003
f 1003/1003/1003 1004/1004/1004 1006/1006/1006 1005/1005/1005
f 1005/1005/1005 1006/1006/1006 1008/1008/1008 1007/1007/1007
f 1007/1007/1007 1008/1008/1008 1010/1010/1010 1009/1009/1009
f 1009/1009/1009 1010/1010/1010 1002/1002/1002 1001/1001/1001
f 1011/1011/1011 1012/1012/1012 1014/1014/1014 1013/1013/1013
f 1013/1013/1013 1014/1014/1014 1016/1016/1016 1015/1015/1015
f 1015/1015/1015 1016/1016/1016 1018/1018/1018 1017/1017/1017
f 1017/1017/1017 1018/1018/1018 1020/1020/1020 1019/1019/1019
f 1019/1019/1019 1020/1020/1020 1012/1012/1012 1011/1011/1011
f 1021/1021/1021 1022/1022/1022 1024/1024/1024 1023/1023/1023
f 1023/1023/1023 1024/1024/1024 1026/1026/1026 1025/1025/1025
f 1025/1025/1025 1026/1026/1026 1028/1028/1028 1027/1027/1027
f 1027/1027/1027 1028/1028/1028 1030/1030/1030 1029/1029/1029
f 1029/1029/1029 1030/1030/1030 1022/1022/1022 1021/1021/1021
f 1031/1031/1031 1032/1032/1032 1034/1034/1034 1033/1033/1033
f 1033/1033/1033 1034/1034/1034 1036/1036/1036 1035/1035/1035
f 1035/1035/1035 1036/1036/1036 1038/1038/1038 1037/1037/1037
f 1037/1037/1037 1038/1038/1038 1040/1040/1040 1039/1039/1039
f 1039/1039/1039 1040/1040/1040 1032/1032/1032 1031/1031/1031
f 1041/1041/1041 1042/1042/1042 1044/1044/1044 1043/1043/1043
f 1043/1043/1043 1044/1044/1044 1046/1046/1046 1045/1045/1045
f 1045/1045/1045 1046/1046/1046 1048/1048/1048 1047/1047/1047
f 1047/1047/1047 1048/1048/1048 1050/1050/1050 1049/1049/1049
f 1049/1049/1049 1050/1050/1050 1042/1042/1042 1041/1041/1041
f 1051/1051/1051 1052/1052/1052 1054/1054/1054 1053/1053/1053
f 1053/1053/1053 1054/1054/1054 1056/1056/1056 1055/1055/1055
f 1055/1055/1055 1056/1056/1056 1058/1058/1058 1057/1057/1057
f 1057/1057/1057 1058/1058/1058 1060/1060/1060 1059/1059/1059
f 1059/1059/1059 1060/1060/1060 1052/1052/1052 1051/1051/1051
f 1061/1061/1061 1062/1062/1062 1064/1064/1064 1063/1063/1063
f 1063/1063/1063 1064/1064/1064 1066/1066/1066 1065/1065/1065
f 1065/1065/1065 1066/1066/1066 1068/1068/1068 1067/1067/1067
f 1067/1067/1067 1068/1068/1068 1070/1070/1070 1069/1069/1069
f 1069/1069/1069 1070/1070/1070 1062/1062/1062 1061/1061/1061
f 1071/1071/1071 1072/1072/1072 1074/1074/1074 1073/1073/1073
f 1073/1073/1073 1074/1074/1074 1076/1076/1076 1075/1075/1075
f 1075/1075/1075 1076/1076/1076 1078/1078/1078 1077/1077/1077
f 1077/1077/1077 1078/1078/1078 1080/1080/1080 1079/1079/1079
f 1079/1079/1079 1080/1080/1080 1072/1072/1072 1071/1071/1071
f 1081/1081/1081 1082/1082/1082 1084/1084/1084 1083/1083/1083
f 1083/1083/1083 1084/1084/1084 1086/1086/1086 1085/1085/1085
f 1085/1085/1085 1086/1086/1086 1088/1088/1088 1087/1087/1087
f 1087/1087/1087 1088/1088/1088 1090/1090/1090 1089/1089/1089
f 1089/1089/1089 1090/1090/1090 1082/1082/1082 1081/1081/1081
f 1091/1091/1091 1092/1092/1092 1094/1094/1094 1093/1093/1093
f 1093/1093/1093 1094/1094/1094 1096/1096/1096 1095/1095/1095
f 1095/1095/1095 1096/1096/1096 1098/1098/1098 1097/1097/1097
f 1097/1097/1097 1098/1098/1098 1100/1100/1100 1099/1099/1099
f 1099/1099/1099 1100/1100/1100 1092/1092/1092 1091/1091/1091
f 1101/1101/1101 1102/1102/1102 1104/1104/1104 1103/1103/1103
f 1103/1103/1103 1104/1104/1104 1106/1106/1106 1105/1105/1105
f 1105/1105/1105 1106/1106/1106 1108/1108/1108 1107/1107/1107
f 1107/1107/1107 1108/1108/1108 1110/1110/1110 1109/1109/1109
f 1109/1109/1109 1110/1110/1110 1102/1102/1102 1101/1101/1101
f 1111/1111/1111 1112/1112/1112 1114/1114/1114 1113/1113/1113
f 1113/1113/1113 1114/1114/1114 1116/1116/1116 1115/1115/1115
f 1115/1115/1115 1116/1116/1116 1118/1118/1118 1117/1117/1117
f 1117/1117/1117 1118/1118/1118 1120/1120/1120 1119/1119/1119
f 1119/1119/1119 1120/1120/1120 1112/1112/1112 1111/1111/1111
f 1121/1121/1121 1122/1122/1122 1124/1124/1124 1123/1123/1123
f 1123/1123/1123 1124/1124/1124 1126/1126/1126 1125/1125/1125
f 1125/1125/1125 1126/1126/1126 1128/1128/1128 1127/1127/1127
f 1127/1127/1127 1128/1128/1128 1130/1130/1130 1129/1129/1129
f 1129/1129/1129 1130/1130/1130 1122/1122/1122 1121/1121/1121
f 1131/1131/1131 1132/1132/1132 1134/1134/1134 1133/1133/1133
f 1133/1133/1133 1134/1134/1134 1136/1136/1136 1135/1135/1135
f 1135/1135/1135 1136/1136/1136 1138/1138/1138 1137/1137/1137
f 1137/1137/1137 1138/1138/1138 1140/1140/1140 1139/1139/1139
f 1139/1139/1139 1140/1140/1140 1132/1132/1132 1131/1131/1131
f 1141/1141/1141 1142/1142/1142 1144/1144/1144 1143/1143/1143
f 1143/1143/1143 1144/1144/1144 1146/1146/1146 1145/1145/1145
f 1145/1145/1145 1146/1146/1146 1148/1148/1148 1147/1147/1147
f 1147/1147/1147 1148/1148/1148 1150/1150/1150 1149/1149/1149
f 1149/1149/1149 1150/1150/1150 1142/1142/1142 1141/1141/1141
f 1151/1151/1151 1152/1152/1152 1154/1154/1154 1153/1153/1153
f 1153/1153/1153 1154/1154/1154 1156/1156/1156 1155/1155/1155
f 1155/1155/1155 1156/1156/1156 1158/1158/1158 1157/1157/1157
f 1157/1157/1157 1158/1158/1158 1160/1160/1160 1159/1159/1159
f 1159/1159/1159 1160/1160/1160 1152/1152/1152 1151/1151/1151
f 1161/1161/1161 1162/1162/1162 1164/1164/1164 1163/1163/1163
f 1163/1163/1163 1164/1164/1164 1166/1166/1166 1165/1165/1165
f 1165/1165/1165 1166/1166/1166 1168/1168/1168 1167/1167/1167
f 1167/1167/1167 1168/1168/1168 1170/1170/1170 1169/1169/1169
f 1169/1169/1169 1170/1170/1170 1162/1162/1162 1161/1161/1161
f 1171/1171/1171 1172/1172/1172 1174/1174/1174 1173/1173/1173
f 1173/1173/1173 1174/1174/1174 1176/1176/1176 1175/1175/1175
f 1175/1175/1175 1176/1176/1176 1178/1178/1178 1177/1177/1177
f 1177/1177/1177 1178/1178/1178 1180/1180/1180 1179/1179/1179
f 1179/1179/1179 1180/1180/1180 1172/1172/1172 1171/1171/1171
f 1181/1181/1181 1182/1182/1182 1184/1184/1184 1183/1183/1183
f 1183/1183/1183 1184/1184/1184 1186/1186/1186 1185/1185/1185
f 1185/1185/1185 1186/1186/1186 1188/1188/1188 1187/1187/1187
f 1187/1187/1187 1188/1188/1188 1190/1190/1190 1189/1189/1189
f 1189/1189/1189 1190/1190/1190 1182/1182/1182 1181/1181/1181
f 1191/1191/1191 1192/1192/1192 1194/1194/1194 1193/1193/1193
f 1193/1193/1193 1194/1194/1194 1196/1196/1196 1195/1195/1195
f 1195/1195/1195 1196/1196/1196 1198/1198/1198 1197/1197/1197
f 1197/1197/1197 1198/1198/1198 1200/1200/1200 1199/1199/1199
f 1199/1199/1199 1200/1200/1200 1192/1192/1192 1191/1191/1191
f 1201/1201/1201 1202/1202/1202 1204/1204/1204 1203/1203/1203
f 1203/1203/1203 1204/1204/1204 1206/1206/1206 1205/1205/1205
f 1205/1205/1205 1206/1206/1206 1208/1208/1208 1207/1207/1207
f 1207/1207/1207 1208/1208/1208 1210/1210/1210 1209/1209/1209
f 1209/1209/1209 1210/1210/1210 1202/1202/1202 1201/1201/1201
f 1211/1211/1211 1212/1212/1212 1214/1214/1214 1213/1213/1213
f 1213/1213/1213 1214/1214/1214 1216/1216/1216 1215/1215/1215
f 1215/1215/1215 1216/1216/1216 1218/1218/1218 1217/1217/1217
f 1217/1217/1217 1218/1218/1218 1220/1220/1220 1219/1219/1219
f 1219/1219/1219 1220/1220/1220 1212/1212/1212 1211/1211/1211
f 1221/1221/1221 1222/1222/1222 1224/1224/1224 1223/1223/1223
f 1223/1223/1223 1224/1224/1224 1226/1226/1226 1225/1225/1225
f 1225/1225/1225 1226/1226/1226 1228/1228/1228 1227/1227/1227
f 1227/1227/1227 1228/1228/1228 1230/1230/1230 1229/1229/1229
f 1229/1229/1229 1230/1230/1230 1222/1222/1222 1221/1221/1221
f 1231/1231/1231 1232/1232/1232 1234/1234/1234 1233/1233/1233
f 1233/1233/1233 1234/1234/1234 1236/1236/1236 1235/1235/1235
f 1235/1235/1235 1236/1236/1236 1238/1238/1238 1237/1237/1237
f 1237/1237/1237 1238/1238/1238 1240/1240/1240 1239/1239/1239
f 1239/1239/1239 1240/1240/1240 1232/1232/1232 1231/1231/1231
f 1241/1241/1241 1242/1242/1242 1244/1244/1244 1243/1243/1243
f 1243/1243/1243 1244/1244/1244 1246/1246/1246 1245/1245/1245
f 1245/1245/1245 1246/1246/1246 1248/1248/1248 1247/1247/1247
f 1247/1247/1247 1248/1248/1248 1250/1250/1250 1249/1249/1249
f 1249/1249/1249 1250/1250/1250 1242/1242/1242 1241/1241/1241
f 1251/1251/1251 1252/1252/1252 1254/1254/1254 1253/1253/1253
f 1253/1253/1253 1254/1254/1254 1256/1256/1256 1255/1255/1255
f 1255/1255/1255 1256/1256/1256 1258/1258/1258 1257/1257/1257
f 1257/1257/1257 1258/1258/1258 1260/1260/1260 1259/1259/1259
f 1259/1259/1259 1260/1260/1260 1252/1252/1252 1251/1251/1251
f 1261/1261/1261 1262/1262/1262 1264/1264/1264 1263/1263/1263
f 1263/1263/1263 1264/1264/1264 1266/1266/1266 1265/1265/1265
f 1265/1265/1265 1266/1266/1266 1268/1268/1268 1267/1267/1267
f 1267/1267/1267 1268/1268/1268 1270/1270/1270 1269/1269/1269
f 1269/1269/1269 1270/1270/1270 1262/1262/1262 1261/1261/1261
f 1271/1271/1271 1272/1272/1272 1274/1274/1274 1273/1273/1273
f 1273/1273/1273 1274/1274/1274 1276/1276/1276 1275/1275/1275
f 1275/1275/1275 1276/1276/1276 1278/1278/1278 1277/1277/1277
f 1277/1277/1277 1278/1278/1278 1280/1280/1280 1279/1279/1279
f 1279/1279/1279 1280/1280/1280 1272/1272/1272 1271/1271/1271
f 1281/1281/1281 1282/1282/1282 1284/1284/1284 1283/1283/1283
f 1283/1283/1283 1284/1284/1284 1286/1286/1286 1285/1285/1285
f 1285/1285/1285 1286/1286/1286 1288/1288/1288 1287/1287/1287
f 1287/1287/1287 1288/1288/1288 1290/1290/1290 1289/1289/1289
f 1289/1289/1289 1290/1290/1290 1282/1282/1282 1281/1281/1281
f 1291/1291/1291 1292/1292/1292 1294/1294/1294 1293/1293/1293
f 1293/1293/1293 1294/1294/1294 1296/1296/1296 1295/1295/1295
f 1295/1295/1295 1296/1296/1296 1298/1298/1298 1297/1297/1297
f 1297/1297/1297 1298/1298/1298 1300/1300/1300 1299/1299/1299
f 1299/1299/1299 1300/1300/1300 1292/1292/1292 1291/1291/1291
f 1301/1301/1301 1302/1302/1302 1304/1304/1304 1303/1303/1303
f 1303/1303/1303 1304/1304/1304 1306/1306/1306 1305/1305/1305
f 1305/1305/1305 1306/1306/1306 1308/1308/1308 1307/1307/1307
f 1307/1307/1307 1308/1308/1308 1310/1310/1310 1309/1309/1309
f 1309/1309/1309 1310/1310/1310 1302/1302/1302 1301/1301/1301
f 1311/1311/1311 1312/1312/1312 1314/1314/1314 1313/1313/1313
f 1313/1313/1313 1314/1314/1314 1316/1316/1316 1315/1315/1315
f 1315/1315/1315 1316/1316/1316 1318/1318/1318 1317/1317/1317
f 1317/1317/1317 1318/1318/1318 1320/1320/1320 1319/1319/1319
f 1319/1319/1319 1320/1320/1320 1312/1312/1312 1311/1311/1311
f 1321/1321/1321 1322/1322/1322 1324/1324/1324 1323/1323/1323
f 1323/1323/1323 1324/1324/1324 1326/1326/1326 1325/1325/1325
f 1325/1325/1325 1326/1326/1326 1328/1328/1328 1327/1327/1327
f 1327/1327/1327 1328/1328/1328 1330/1330/1330 1329/1329/1329
f 1329/1329/1329 1330/1330/1330 1322/1322/1322 1321/1321/1321
f 1331/1331/1331 1332/1332/1332 1334/1334/1334 1333/1333/1333
f 1333/1333/1333 1334/1334/1334 1336/1336/1336 1335/1335/1335
f 1335/1335/1335 1336/1336/1336 1338/1338/1338 1337/1337/1337
f 1337/1337/1337 1338/1338/1338 1340/1340/1340 1339/1339/1339
f 1339/1339/1339 1340/1340/1340 1332/1332/1332 1331/1331/1331
f 1341/1341/1341 1342/1342/1342 1344/1344/1344 1343/1343/1343
f 1343/1343/1343 1344/1344/1344 1346/1346/1346 1345/1345/1345
f 1345/1345/1345 1346/1346/1346 1348/1348/1348 1347/1347/1347
f 1347/1347/1347 1348/1348/1348 1350/1350/1350 1349/1349/1349
f 1349/1349/1349 1350/1350/1350 1342/1342/1342 1341/1341/1341
f 1351/1351/1351 1352/1352/1352 1354/1354/1354 1353/1353/1353
f 1353/1353/1353 1354/1354/1354 1356/1356/1356 1355/1355/1355
f 1355/1355/1355 1356/1356/1356 1358/1358/1358 1357/1357/1357
f 1357/1357/1357 1358/1358/1358 1360/1360/1360 1359/1359/1359
f 1359/1359/1359 1360/1360/1360 1352/1352/1352 1351/1351/1351
f 1361/1361/1361 1362/1362/1362 1364/1364/1364 1363/1363/1363
f 1363/1363/1363 1364/1364/1364 1366/1366/1366 1365/1365/1365
f 1365/1365/1365 1366/1366/1366 1368/1368/1368 1367/1367/1367
f 1367/1367/1367 1368/1368/1368 1370/1370/1370 1369/1369/1369
f 1369/1369/1369 1370/1370/1370 1362/1362/1362 1361/1361/1361
f 1371/1371/1371 1372/1372/1372 1374/1374/1374 1373/1373/1373
f 1373/1373/1373 1374/1374/1374 1376/1376/1376 1375/1375/1375
f 1375/1375/1375 1376/1376/1376 1378/1378/1378 1377/1377/1377
f 1377/1377/1377 1378/1378/1378 1380/1380/1380 1379/1379/1379
f 1379/1379/1379 1380/1380/1380 1372/1372/1372 1371/1371/1371
f 1381/1381/1381 1382/1382/1382 1384/1384/1384 1383/1383/1383
f 1383/1383/1383 1384/1384/1384 1386/1386/1386 1385/1385/1385
f 1385/1385/1385 1386/1386/1386 1388/1388/1388 1387/1387/1387
f 1387/1387/1387 1388/1388/1388 1390/1390/1390 1389/1389/1389
f 1389/1389/1389 1390/1390/1390 1382/1382/1382 1381/1381/1381
f 1391/1391/1391 1392/1392/1392 1394/1394/1394 1393/1393/1393
f 1393/1393/1393 1394/1394/1394 1396/1396/1396 1395/1395/1395
f 1395/1395/1395 1396/1396/1396 1398/1398/1398 1397/1397/1397
f 1397/1397/1397 1398/1398/1398 1400/1400/1400 1399/1399/1399
f 1399/1399/1399 1400/1400/1400 1392/1392/1392 1391/1391/1391
f 1401/1401/1401 1402/1402/1402 1404/1404/1404 1403/1403/1403
f 1403/1403/1403 1404/1404/1404 1406/1406/1406 1405/1405/1405
f 1405/1405/1405 1406/1406/1406 1408/1408/1408 1407/1407/1407
f 1407/1407/1407 1408/1408/1408 1410/1410/1410 1409/1409/1409
f 1409/1409/1409 1410/1410/1410 1402/1402/1402 1401/1401/1401
f 1411/1411/1411 1412/1412/1412 1414/1414/1414 1413/1413/1413
f 1413/1413/1413 1414/1414/1414 1416/1416/1416 1415/1415/1415
f 1415/1415/1415 1416/1416/1416 1418/1418/1418 1417/1417/1417
f 1417/1417/1417 1418/1418/1418 1420/1420/1420 1419/1419/1419
f 1419/1419/1419 1420/1420/1420 1412/1412/1412 1411/1411/1411
f 1421/1421/1421 1422/1422/1422 1424/1424/1424 1423/1423/1423
f 1423/1423/1423 1424/1424/1424 1426/1426/1426 1425/1425/1425
f 1425/1425/1425 1426/1426/1426 1428/1428/1428 1427/1427/1427
f 1427/1427/1427 1428/1428/1428 1430/1430/1430 1429/1429/1429
f 1429/1429/1429 1430/1430/1430 1422/1422/1422 1421/1421/1421
f 1431/1431/1431 1432/1432/1432 1434/1434/1434 1433/1433/1433
f 1433/1433/1433 1434/1434/1434 1436/1436/1436 1435/1435/1435
f 1435/1435/1435 1436/1436/1436 1438/1438/1438 1437/1437/1437
f 1437/1437/1437 1438/1438/1438 1440/1440/1440 1439/1439/1439
f 1439/1439/1439 1440/1440/1440 1432/1432/1432 1431/1431/1431
f 1441/1441/1441 1442/1442/1442 1444/1444/1444 1443/1443/1443
f 1443/1443/1443 1444/1444/1444 1446/1446/1446 1445/1445/1445
f 1445/1445/1445 1446/1446/1446 1448/1448/1448 1447/1447/1447
f 1447/1447/1447 1448/1448/1448 1450/1450/1450 1449/1449/1449
f 1449/1449/1449 1450/1450/1450 1442/1442/1442 1441/1441/1441
f 1451/1451/1451 1452/1452/1452 1454/1454/1454 1453/1453/1453
f 1453/1453/1453 1454/1454/1454 1456/1456/1456 1455/1455/1455
f 1455/1455/1455 1456/1456/1456 1458/1458/1458 1457/1457/1457
f 1457/1457/1457 1458/1458/1458 1460/1460/1460 1459/1459/1459
f 1459/1459/1459 1460/1460/1460 1452/1452/1452 1451/1451/1451
f 1461/1461/1461 1462/1462/1462 1464/1464/1464 1463/1463/1463
f 1463/1463/1463 1464/1464/1464 1466/1466/1466 1465/1465/1465
f 1465/1465/1465 1466/1466/1466 1468/1468/1468 1467/1467/1467
f 1467/1467/1467 1468/1468/1468 1470/1470/1470 1469/1469/1469
f 1469/1469/1469 1470/1470/1470 1462/1462/1462 1461/1461/1461
f 1471/1471/1471 1472/1472/1472 1474/1474/1474 1473/1473/1473
f 1473/1473/1473 1474/1474/1474 1476/1476/1476 1475/1475/1475
f 1475/1475/1475 1476/1476/1476 1478/1478/1478 1477/1477/1477
f 1477/1477/1477 1478/1478/1478 1480/1480/1480 1479/1479/1479
f 1479/1479/1479 1480/1480/1480 1472/1472/1472 1471/1471/1471
f 1481/1481/1481 1482/1482/1482 1484/1484/1484 1483/1483/1483
f 1483/1483/1483 1484/1484/1484 1486/1486/1486 1485/1485/1485
f 1485/1485/1485 1486/1486/1486 1488/1488/1488 1487/1487/1487
f 1487/1487/1487 1488/1488/1488 1490/1490/1490 1489/1489/1489
f 1489/1489/1489 1490/1490/1490 1482/1482/1482 1481/1481/1481
f 1491/1491/1491 1492/1492/1492 1494/1494/1494 1493/1493/1493
f 1493/1493/1493 1494/1494/1494 1496/1496/1496 1495/1495/1495
f 1495/1495/1495 1496/1496/1496 1498/1498/1498 1497/1497/1497
f 1497/1497/1497 1498/1498/1498 1500/1500/1500 1499/1499/1499
f 1499/1499/1499 1500/1500/1500 1492/1492/1492 1491/1491/1491
f 1501/1501/1501 1502/1502/1502 1504/1504/1504 1503/1503/1503
f 1503/1503/1503 1504/1504/1504 1506/1506/1506 1505/1505/1505
f 1505/1505/1505 1506/1506/1506 1508/1508/1508 1507/1507/1507
f 1507/1507/1507 1508/1508/1508 1510/1510/1510 1509/1509/1509
f 1509/1509/1509 1510/1510/1510 1502/1502/1502 1501/1501/1501
f 1511/1511/1511 1512/1512/1512 1514/1514/1514 1513/1513/1513
f 1513/1513/1513 1514/1514/1514 1516/1516/1516 1515/1515/1515
f 1515/1515/1515 1516/1516/1516 1518/1518/1518 1517/1517/1517
f 1517/1517/1517 1518/1518/1518 1520/1520/1520 1519/1519/1519
f 1519/1519/1519 1520/1520/1520 1512/1512/1512 1511/1511/1511
f 1521/1521/1521 1522/1522/1522 1524/1524/1524 1523/1523/1523
f 1523/1523/1523 1524/1524/1524 1526/1526/1526 1525/1525/1525
f 1525/1525/1525 1526/1526/1526 1528/1528/1528 1527/1527/1527
f 1527/1527/1527 1528/1528/1528 1530/1530/1530 1529/1529/1529
f 1529/1529/1529 1530/1530/1530 1522/1522/1522 1521/1521/1521
f 1531/1531/1531 1532/1532/1532 1534/1534/1534 1533/1533/1533
f 1533/1533/1533 1534/1534/1534 1536/1536/1536 1535/1535/1535
f 1535/1535/1535 1536/1536/1536 1538/1538/1538 1537/1537/1537
f 1537/1537/1537 1538/1538/1538 1540/1540/1540 1539/1539/1539
f 1539/1539/1539 1540/1540/1540 1532/1532/1532 1531/1531/1531
f 1541/1541/1541 1542/1542/1542 1544/1544/1544 1543/1543/1543
f 1543/1543/1543 1544/1544/1544 1546/1546/1546 1545/1545/1545
f 1545/1545/1545 1546/1546/1546 1548/1548/1548 1547/1547/1547
f 1547/1547/1547 1548/1548/1548 1550/1550/1550 1549/1549/1549
f 1549/1549/1549 1550/1550/1550 1542/1542/1542 1541/1541/1541
f 1551/1551/1551 1552/1552/1552 1554/1554/1554 1553/1553/1553
f 1553/1553/1553 1554/1554/1554 1556/1556/1556 1555/1555/1555
f 1555/1555/1555 1556/1556/1556 1558/1558/1558 1557/1557/1557
f 1557/1557/1557 1558/1558/1558 1560/1560/1560 1559/1559/1559
f 1559/1559/1559 1560/1560/1560 1552/1552/1552 1551/1551/1551
f 1561/1561/1561 1562/1562/1562 1564/1564/1564 1563/1563/1563
f 1563/1563/1563 1564/1564/1564 1566/1566/1566 1565/1565/1565
f 1565/1565/1565 1566/1566/1566 1568/1568/1568 1567/1567/1567
f 1567/1567/1567 1568/1568/1568 1570/1570/1570 1569/1569/1569
f 1569/1569/1569 1570/1570/1570 1562/1562/1562 1561/1561/1561
f 1571/1571/1571 1572/1572/1572 1574/1574/1574 1573/1573/1573
f 1573/1573/1573 1574/1574/1574 1576/1576/1576 1575/1575/1575
f 1575/1575/1575 1576/1576/1576 1578/1578/1578 1577/1577/1577
f 1577/1577/1577 1578/1578/1578 1580/1580/1580 1579/1579/1579
f 1579/1579/1579 1580/1580/1580 1572/1572/1572 1571/1571/1571
f 1581/1581/1581 1582/1582/1582 1584/1584/1584 1583/1583/1583
f 1583/1583/1583 1584/1584/1584 1586/1586/1586 1585/1585/1585
f 1585/1585/1585 1586/1586/1586 1588/1588/1588 1587/1587/1587
f 1587/1587/1587 1588/1588/1588 1590/1590/1590 1589/1589/1589
f 1589/1589/1589 1590/1590/1590 1582/1582/1582 1581/1581/1581
f 1591/1591/1591 1592/1592/1592 1594/1594/1594 1593/1593/1593
f 1593/1593/1593 1594/1594/1594 1596/1596/1596 1595/1595/1595
f 1595/1595/1595 1596/1596/1596 1598/1598/1598 1597/1597/1597
f 1597/1597/1597 1598/1598/1598 1600/1600/1600 1599/1599/1599
f 1599/1599/1599 1600/1600/1600 1592/1592/1592 1591/1591/1591
f 1601/1601/1601 1602/1602/1602 1604/1604/1604 1603/1603/1603
f 1603/1603/1603 1604/1604/1604 1606/1606/1606 1605/1605/1605
f 1605/1605/1605 1606/1606/1606 1608/1608/1608 1607/1607/1607
f 1607/1607/1607 1608/1608/1608 1610/1610/1610 1609/1609/1609
f 1609/1609/1609 1610/1610/1610 1602/1602/1602 1601/1601/1601
f 1611/1611/1611 1612/1612/1612 1614/1614/1614 1613/1613/1613
f 1613/1613/1613 1614/1614/1614 1616/1616/1616 1615/1615/1615
f 1615/1615/1615 1616/1616/1616 1618/1618/1618 1617/1617/1617
f 1617/1617/1617 1618/1618/1618 1620/1620/1620 1619/1619/1619
f 1619/1619/1619 1620/1620/1620 1612/1612/1612 1611/1611/1611
f 1621/1621/1621 1622/1622/1622 1624/1624/1624 1623/1623/1623
f 1623/1623/1623 1624/1624/1624 1626/1626/1626 1625/1625/1625
f 1625/1625/1625 1626/1626/1626 1628/1628/1628 1627/1627/1627
f 1627/1627/1627 1628/1628/1628 1630/1630/1630 1629/1629/1629
f 1629/1629/1629 1630/1630/1630 1622/1622/1622 1621/1621/1621
f 1631/1631/1631 1632/1632/1632 1634/1634/1634 1633/1633/1633
f 1633/1633/1633 1634/1634/1634 1636/1636/1636 1635/1635/1635
f 1635/1635/1635 1636/1636/1636 1638/1638/1638 1637/1637/1637
f 1637/1637/1637 1638/1638/1638 1640/1640/1640 1639/1639/1639
f 1639/1639/1639 1640/1640/1640 1632/1632/1632 1631/1631/1631
f 1641/1641/1641 1642/1642/1642 1644/1644/1644 1643/1643/1643
f 1643/1643/1643 1644/1644/1644 1646/1646/1646 1645/1645/1645
f 1645/1645/1645 1646/1646/1646 1648/1648/1648 1647/1647/1647
f 1647/1647/1647 1648/1648/1648 1650/1650/1650 1649/1649/1649
f 1649/1649/1649 1650/1650/1650 1642/1642/1642 1641/1641/1641
f 1651/1651/1651 1652/1652/1652 1654/1654/1654 1653/1653/1653
f 1653/1653/1653 1654/1654/1654 1656/1656/1656 1655/1655/1655
f 1655/1655/1655 1656/1656/1656 1658/1658/1658 1657/1657/1657
f 1657/1657/1657 1658/1658/1658 1660/1660/1660 1659/1659/1659
f 1659/1659/1659 1660/1660/1660 1652/1652/1652 1651/1651/1651
f 1661/1661/1661 1662/1662/1662 1664/1664/1664 1663/1663/1663
f 1663/1663/1663 1664/1664/1664 1666/1666/1666 1665/1665/1665
f 1665/1665/1665 1666/1666/1666 1668/1668/1668 1667/1667/1667
f 1667/1667/1667 1668/1668/1668 1670/1670/1670 1669/1669/1669
f 1669/1669/1669 1670/1670/1670 1662/1662/1662 1661/1661/1661
f 1671/1671/1671 1672/1672/1672 1674/1674/1674 1673/1673/1673
f 1673/1673/1673 1674/1674/1674 1676/1676/1676 1675/1675/1675
f 1675/1675/1675 1676/1676/1676 1678/1678/1678 1677/1677/1677
f 1677/1677/1677 1678/1678/1678 1680/1680/1680 1679/1679/1679
f 1679/1679/1679 1680/1680/1680 1672/1672/1672 1671/1671/1671
f 1681/1681/1681 1682/1682/1682 1684/1684/1684 1683/1683/1683
f 1683/1683/1683 1684/1684/1684 1686/1686/1686 1685/1685/1685
f 1685/1685/1685 1686/1686/1686 1688/1688/1688 1687/1687/1687
f 1687/1687/1687 1688/1688/1688 1690/1690/1690 1689/1689/1689
f 1689/1689/1689 1690/1690/1690 1682/1682/1682 1681/1681/1681
f 1691/1691/1691 1692/1692/1692 1694/1694/1694 1693/1693/1693
f 1693/1693/1693 1694/1694/1694 1696/1696/1696 1695/1695/1695
f 1695/1695/1695 1696/1696/1696 1698/1698/1698 1697/1697/1697
f 1697/1697/1697 1698/1698/1698 1700/1700/1700 1699/1699/1699
f 1699/1699/1699 1700/1700/1700 1692/1692/1692 1691/1691/1691
f 1701/1701/1701 1702/1702/1702 1704/1704/1704 1703/1703/1703
f 1703/1703/1703 1704/1704/1704 1706/1706/1706 1705/1705/1705
f 1705/1705/1705 1706/1706/1706 1708/1708/1708 1707/1707/1707
f 1707/1707/1707 1708/1708/1708 1710/1710/1710 1709/1709/1709
f 1709/1709/1709 1710/1710/1710 1702/1702/1702 1701/1701/1701
f 1711/1711/1711 1712/1712/1712 1714/1714/1714 1713/1713/1713
f 1713/1713/1713 1714/1714/1714 1716/1716/1716 1715/1715/1715
f 1715/1715/1715 1716/1716/1716 1718/1718/1718 1717/1717/1717
f 1717/1717/1717 1718/1718/1718 1720/1720/1720 1719/1719/1719
f 1719/1719/1719 1720/1720/1720 1712/1712/1712 1711/1711/1711
f 1721/1721/1721 1722/1722/1722 1724/1724/1724 1723/1723/1723
f 1723/1723/1723 1724/1724/1724 1726/1726/1726 1725/1725/1725
f 1725/1725/1725 1726/1726/1726 1728/1728/1728 1727/1727/1727
f 1727/1727/1727 1728/1728/1728 1730/1730/1730 1729/1729/1729
f 1729/1729/1729 1730/1730/1730 1722/1722/1722 1721/1721/1721
f 1731/1731/1731 1732/1732/1732 1734/1734/1734 1733/1733/1733
f 1733/1733/1733 1734/1734/1734 1736/1736/1736 1735/1735/1735
f 1735/1735/1735 1736/1736/1736 1738/1738/1738 1737/1737/1737
f 1737/1737/1737 1738/1738/1738 1740/1740/1740 1739/1739/1739
f 1739/1739/1739 1740/1740/1740 1732/1732/1732 1731/1731/1731
f 1741/1741/1741 1742/1742/1742 1744/1744/1744 1743/1743/1743
f 1743/1743/1743 1744/1744/1744 1746/1746/1746 1745/1745/1745
f 1745/1745/1745 1746/1746/1746 1748/1748/1748 1747/1747/1747
f 1747/1747/1747 1748/1748/1748 1750/1750/1750 1749/1749/1749
f 1749/1749/1749 1750/1750/1750 1742/1742/1742 1741/1741/1741
f 1751/1751/1751 1752/1752/1752 1754/1754/1754 1753/1753/1753
f 1753/1753/1753 1754/1754/1754 1756/1756/1756 1755/1755/1755
f 1755/1755/1755 1756/1756/1756 1758/1758/1758 1757/1757/1757
f 1757/1757/1757 1758/1758/1758 1760/1760/1760 1759/1759/1759
f 1759/1759/1759 1760/1760/1760 1752/1752/1752 1751/1751/1751
# 880 polygons
