# Istrorigan Megastructure Part: SYS_13_DEEPSEA_ELEVATOR_CORE
# Exported for Houdini & DCC (Units: Meters)
o SYS_13_DEEPSEA_ELEVATOR_CORE

v 12.0000 0.0000 120.0000
v 12.0000 0.0000 74.1667
v 11.4127 3.7082 120.0000
v 11.4127 3.7082 74.1667
v 9.7082 7.0534 120.0000
v 9.7082 7.0534 74.1667
v 7.0534 9.7082 120.0000
v 7.0534 9.7082 74.1667
v 3.7082 11.4127 120.0000
v 3.7082 11.4127 74.1667
v 0.0000 12.0000 120.0000
v 0.0000 12.0000 74.1667
v -3.7082 11.4127 120.0000
v -3.7082 11.4127 74.1667
v -7.0534 9.7082 120.0000
v -7.0534 9.7082 74.1667
v -9.7082 7.0534 120.0000
v -9.7082 7.0534 74.1667
v -11.4127 3.7082 120.0000
v -11.4127 3.7082 74.1667
v -12.0000 0.0000 120.0000
v -12.0000 0.0000 74.1667
v -11.4127 -3.7082 120.0000
v -11.4127 -3.7082 74.1667
v -9.7082 -7.0534 120.0000
v -9.7082 -7.0534 74.1667
v -7.0534 -9.7082 120.0000
v -7.0534 -9.7082 74.1667
v -3.7082 -11.4127 120.0000
v -3.7082 -11.4127 74.1667
v -0.0000 -12.0000 120.0000
v -0.0000 -12.0000 74.1667
v 3.7082 -11.4127 120.0000
v 3.7082 -11.4127 74.1667
v 7.0534 -9.7082 120.0000
v 7.0534 -9.7082 74.1667
v 9.7082 -7.0534 120.0000
v 9.7082 -7.0534 74.1667
v 11.4127 -3.7082 120.0000
v 11.4127 -3.7082 74.1667
v 12.0000 0.0000 74.1667
v 12.0000 0.0000 28.3333
v 11.4127 3.7082 74.1667
v 11.4127 3.7082 28.3333
v 9.7082 7.0534 74.1667
v 9.7082 7.0534 28.3333
v 7.0534 9.7082 74.1667
v 7.0534 9.7082 28.3333
v 3.7082 11.4127 74.1667
v 3.7082 11.4127 28.3333
v 0.0000 12.0000 74.1667
v 0.0000 12.0000 28.3333
v -3.7082 11.4127 74.1667
v -3.7082 11.4127 28.3333
v -7.0534 9.7082 74.1667
v -7.0534 9.7082 28.3333
v -9.7082 7.0534 74.1667
v -9.7082 7.0534 28.3333
v -11.4127 3.7082 74.1667
v -11.4127 3.7082 28.3333
v -12.0000 0.0000 74.1667
v -12.0000 0.0000 28.3333
v -11.4127 -3.7082 74.1667
v -11.4127 -3.7082 28.3333
v -9.7082 -7.0534 74.1667
v -9.7082 -7.0534 28.3333
v -7.0534 -9.7082 74.1667
v -7.0534 -9.7082 28.3333
v -3.7082 -11.4127 74.1667
v -3.7082 -11.4127 28.3333
v -0.0000 -12.0000 74.1667
v -0.0000 -12.0000 28.3333
v 3.7082 -11.4127 74.1667
v 3.7082 -11.4127 28.3333
v 7.0534 -9.7082 74.1667
v 7.0534 -9.7082 28.3333
v 9.7082 -7.0534 74.1667
v 9.7082 -7.0534 28.3333
v 11.4127 -3.7082 74.1667
v 11.4127 -3.7082 28.3333
v 12.0000 0.0000 28.3333
v 12.0000 0.0000 -17.5000
v 11.4127 3.7082 28.3333
v 11.4127 3.7082 -17.5000
v 9.7082 7.0534 28.3333
v 9.7082 7.0534 -17.5000
v 7.0534 9.7082 28.3333
v 7.0534 9.7082 -17.5000
v 3.7082 11.4127 28.3333
v 3.7082 11.4127 -17.5000
v 0.0000 12.0000 28.3333
v 0.0000 12.0000 -17.5000
v -3.7082 11.4127 28.3333
v -3.7082 11.4127 -17.5000
v -7.0534 9.7082 28.3333
v -7.0534 9.7082 -17.5000
v -9.7082 7.0534 28.3333
v -9.7082 7.0534 -17.5000
v -11.4127 3.7082 28.3333
v -11.4127 3.7082 -17.5000
v -12.0000 0.0000 28.3333
v -12.0000 0.0000 -17.5000
v -11.4127 -3.7082 28.3333
v -11.4127 -3.7082 -17.5000
v -9.7082 -7.0534 28.3333
v -9.7082 -7.0534 -17.5000
v -7.0534 -9.7082 28.3333
v -7.0534 -9.7082 -17.5000
v -3.7082 -11.4127 28.3333
v -3.7082 -11.4127 -17.5000
v -0.0000 -12.0000 28.3333
v -0.0000 -12.0000 -17.5000
v 3.7082 -11.4127 28.3333
v 3.7082 -11.4127 -17.5000
v 7.0534 -9.7082 28.3333
v 7.0534 -9.7082 -17.5000
v 9.7082 -7.0534 28.3333
v 9.7082 -7.0534 -17.5000
v 11.4127 -3.7082 28.3333
v 11.4127 -3.7082 -17.5000
v 12.0000 0.0000 -17.5000
v 12.0000 0.0000 -63.3333
v 11.4127 3.7082 -17.5000
v 11.4127 3.7082 -63.3333
v 9.7082 7.0534 -17.5000
v 9.7082 7.0534 -63.3333
v 7.0534 9.7082 -17.5000
v 7.0534 9.7082 -63.3333
v 3.7082 11.4127 -17.5000
v 3.7082 11.4127 -63.3333
v 0.0000 12.0000 -17.5000
v 0.0000 12.0000 -63.3333
v -3.7082 11.4127 -17.5000
v -3.7082 11.4127 -63.3333
v -7.0534 9.7082 -17.5000
v -7.0534 9.7082 -63.3333
v -9.7082 7.0534 -17.5000
v -9.7082 7.0534 -63.3333
v -11.4127 3.7082 -17.5000
v -11.4127 3.7082 -63.3333
v -12.0000 0.0000 -17.5000
v -12.0000 0.0000 -63.3333
v -11.4127 -3.7082 -17.5000
v -11.4127 -3.7082 -63.3333
v -9.7082 -7.0534 -17.5000
v -9.7082 -7.0534 -63.3333
v -7.0534 -9.7082 -17.5000
v -7.0534 -9.7082 -63.3333
v -3.7082 -11.4127 -17.5000
v -3.7082 -11.4127 -63.3333
v -0.0000 -12.0000 -17.5000
v -0.0000 -12.0000 -63.3333
v 3.7082 -11.4127 -17.5000
v 3.7082 -11.4127 -63.3333
v 7.0534 -9.7082 -17.5000
v 7.0534 -9.7082 -63.3333
v 9.7082 -7.0534 -17.5000
v 9.7082 -7.0534 -63.3333
v 11.4127 -3.7082 -17.5000
v 11.4127 -3.7082 -63.3333
v 12.0000 0.0000 -63.3333
v 12.0000 0.0000 -109.1667
v 11.4127 3.7082 -63.3333
v 11.4127 3.7082 -109.1667
v 9.7082 7.0534 -63.3333
v 9.7082 7.0534 -109.1667
v 7.0534 9.7082 -63.3333
v 7.0534 9.7082 -109.1667
v 3.7082 11.4127 -63.3333
v 3.7082 11.4127 -109.1667
v 0.0000 12.0000 -63.3333
v 0.0000 12.0000 -109.1667
v -3.7082 11.4127 -63.3333
v -3.7082 11.4127 -109.1667
v -7.0534 9.7082 -63.3333
v -7.0534 9.7082 -109.1667
v -9.7082 7.0534 -63.3333
v -9.7082 7.0534 -109.1667
v -11.4127 3.7082 -63.3333
v -11.4127 3.7082 -109.1667
v -12.0000 0.0000 -63.3333
v -12.0000 0.0000 -109.1667
v -11.4127 -3.7082 -63.3333
v -11.4127 -3.7082 -109.1667
v -9.7082 -7.0534 -63.3333
v -9.7082 -7.0534 -109.1667
v -7.0534 -9.7082 -63.3333
v -7.0534 -9.7082 -109.1667
v -3.7082 -11.4127 -63.3333
v -3.7082 -11.4127 -109.1667
v -0.0000 -12.0000 -63.3333
v -0.0000 -12.0000 -109.1667
v 3.7082 -11.4127 -63.3333
v 3.7082 -11.4127 -109.1667
v 7.0534 -9.7082 -63.3333
v 7.0534 -9.7082 -109.1667
v 9.7082 -7.0534 -63.3333
v 9.7082 -7.0534 -109.1667
v 11.4127 -3.7082 -63.3333
v 11.4127 -3.7082 -109.1667
v 12.0000 0.0000 -109.1667
v 12.0000 0.0000 -155.0000
v 11.4127 3.7082 -109.1667
v 11.4127 3.7082 -155.0000
v 9.7082 7.0534 -109.1667
v 9.7082 7.0534 -155.0000
v 7.0534 9.7082 -109.1667
v 7.0534 9.7082 -155.0000
v 3.7082 11.4127 -109.1667
v 3.7082 11.4127 -155.0000
v 0.0000 12.0000 -109.1667
v 0.0000 12.0000 -155.0000
v -3.7082 11.4127 -109.1667
v -3.7082 11.4127 -155.0000
v -7.0534 9.7082 -109.1667
v -7.0534 9.7082 -155.0000
v -9.7082 7.0534 -109.1667
v -9.7082 7.0534 -155.0000
v -11.4127 3.7082 -109.1667
v -11.4127 3.7082 -155.0000
v -12.0000 0.0000 -109.1667
v -12.0000 0.0000 -155.0000
v -11.4127 -3.7082 -109.1667
v -11.4127 -3.7082 -155.0000
v -9.7082 -7.0534 -109.1667
v -9.7082 -7.0534 -155.0000
v -7.0534 -9.7082 -109.1667
v -7.0534 -9.7082 -155.0000
v -3.7082 -11.4127 -109.1667
v -3.7082 -11.4127 -155.0000
v -0.0000 -12.0000 -109.1667
v -0.0000 -12.0000 -155.0000
v 3.7082 -11.4127 -109.1667
v 3.7082 -11.4127 -155.0000
v 7.0534 -9.7082 -109.1667
v 7.0534 -9.7082 -155.0000
v 9.7082 -7.0534 -109.1667
v 9.7082 -7.0534 -155.0000
v 11.4127 -3.7082 -109.1667
v 11.4127 -3.7082 -155.0000
v 12.0000 0.0000 -155.0000
v 12.0000 0.0000 -200.8333
v 11.4127 3.7082 -155.0000
v 11.4127 3.7082 -200.8333
v 9.7082 7.0534 -155.0000
v 9.7082 7.0534 -200.8333
v 7.0534 9.7082 -155.0000
v 7.0534 9.7082 -200.8333
v 3.7082 11.4127 -155.0000
v 3.7082 11.4127 -200.8333
v 0.0000 12.0000 -155.0000
v 0.0000 12.0000 -200.8333
v -3.7082 11.4127 -155.0000
v -3.7082 11.4127 -200.8333
v -7.0534 9.7082 -155.0000
v -7.0534 9.7082 -200.8333
v -9.7082 7.0534 -155.0000
v -9.7082 7.0534 -200.8333
v -11.4127 3.7082 -155.0000
v -11.4127 3.7082 -200.8333
v -12.0000 0.0000 -155.0000
v -12.0000 0.0000 -200.8333
v -11.4127 -3.7082 -155.0000
v -11.4127 -3.7082 -200.8333
v -9.7082 -7.0534 -155.0000
v -9.7082 -7.0534 -200.8333
v -7.0534 -9.7082 -155.0000
v -7.0534 -9.7082 -200.8333
v -3.7082 -11.4127 -155.0000
v -3.7082 -11.4127 -200.8333
v -0.0000 -12.0000 -155.0000
v -0.0000 -12.0000 -200.8333
v 3.7082 -11.4127 -155.0000
v 3.7082 -11.4127 -200.8333
v 7.0534 -9.7082 -155.0000
v 7.0534 -9.7082 -200.8333
v 9.7082 -7.0534 -155.0000
v 9.7082 -7.0534 -200.8333
v 11.4127 -3.7082 -155.0000
v 11.4127 -3.7082 -200.8333
v 12.0000 0.0000 -200.8333
v 12.0000 0.0000 -246.6667
v 11.4127 3.7082 -200.8333
v 11.4127 3.7082 -246.6667
v 9.7082 7.0534 -200.8333
v 9.7082 7.0534 -246.6667
v 7.0534 9.7082 -200.8333
v 7.0534 9.7082 -246.6667
v 3.7082 11.4127 -200.8333
v 3.7082 11.4127 -246.6667
v 0.0000 12.0000 -200.8333
v 0.0000 12.0000 -246.6667
v -3.7082 11.4127 -200.8333
v -3.7082 11.4127 -246.6667
v -7.0534 9.7082 -200.8333
v -7.0534 9.7082 -246.6667
v -9.7082 7.0534 -200.8333
v -9.7082 7.0534 -246.6667
v -11.4127 3.7082 -200.8333
v -11.4127 3.7082 -246.6667
v -12.0000 0.0000 -200.8333
v -12.0000 0.0000 -246.6667
v -11.4127 -3.7082 -200.8333
v -11.4127 -3.7082 -246.6667
v -9.7082 -7.0534 -200.8333
v -9.7082 -7.0534 -246.6667
v -7.0534 -9.7082 -200.8333
v -7.0534 -9.7082 -246.6667
v -3.7082 -11.4127 -200.8333
v -3.7082 -11.4127 -246.6667
v -0.0000 -12.0000 -200.8333
v -0.0000 -12.0000 -246.6667
v 3.7082 -11.4127 -200.8333
v 3.7082 -11.4127 -246.6667
v 7.0534 -9.7082 -200.8333
v 7.0534 -9.7082 -246.6667
v 9.7082 -7.0534 -200.8333
v 9.7082 -7.0534 -246.6667
v 11.4127 -3.7082 -200.8333
v 11.4127 -3.7082 -246.6667
v 12.0000 0.0000 -246.6667
v 12.0000 0.0000 -292.5000
v 11.4127 3.7082 -246.6667
v 11.4127 3.7082 -292.5000
v 9.7082 7.0534 -246.6667
v 9.7082 7.0534 -292.5000
v 7.0534 9.7082 -246.6667
v 7.0534 9.7082 -292.5000
v 3.7082 11.4127 -246.6667
v 3.7082 11.4127 -292.5000
v 0.0000 12.0000 -246.6667
v 0.0000 12.0000 -292.5000
v -3.7082 11.4127 -246.6667
v -3.7082 11.4127 -292.5000
v -7.0534 9.7082 -246.6667
v -7.0534 9.7082 -292.5000
v -9.7082 7.0534 -246.6667
v -9.7082 7.0534 -292.5000
v -11.4127 3.7082 -246.6667
v -11.4127 3.7082 -292.5000
v -12.0000 0.0000 -246.6667
v -12.0000 0.0000 -292.5000
v -11.4127 -3.7082 -246.6667
v -11.4127 -3.7082 -292.5000
v -9.7082 -7.0534 -246.6667
v -9.7082 -7.0534 -292.5000
v -7.0534 -9.7082 -246.6667
v -7.0534 -9.7082 -292.5000
v -3.7082 -11.4127 -246.6667
v -3.7082 -11.4127 -292.5000
v -0.0000 -12.0000 -246.6667
v -0.0000 -12.0000 -292.5000
v 3.7082 -11.4127 -246.6667
v 3.7082 -11.4127 -292.5000
v 7.0534 -9.7082 -246.6667
v 7.0534 -9.7082 -292.5000
v 9.7082 -7.0534 -246.6667
v 9.7082 -7.0534 -292.5000
v 11.4127 -3.7082 -246.6667
v 11.4127 -3.7082 -292.5000
v 12.0000 0.0000 -292.5000
v 12.0000 0.0000 -338.3333
v 11.4127 3.7082 -292.5000
v 11.4127 3.7082 -338.3333
v 9.7082 7.0534 -292.5000
v 9.7082 7.0534 -338.3333
v 7.0534 9.7082 -292.5000
v 7.0534 9.7082 -338.3333
v 3.7082 11.4127 -292.5000
v 3.7082 11.4127 -338.3333
v 0.0000 12.0000 -292.5000
v 0.0000 12.0000 -338.3333
v -3.7082 11.4127 -292.5000
v -3.7082 11.4127 -338.3333
v -7.0534 9.7082 -292.5000
v -7.0534 9.7082 -338.3333
v -9.7082 7.0534 -292.5000
v -9.7082 7.0534 -338.3333
v -11.4127 3.7082 -292.5000
v -11.4127 3.7082 -338.3333
v -12.0000 0.0000 -292.5000
v -12.0000 0.0000 -338.3333
v -11.4127 -3.7082 -292.5000
v -11.4127 -3.7082 -338.3333
v -9.7082 -7.0534 -292.5000
v -9.7082 -7.0534 -338.3333
v -7.0534 -9.7082 -292.5000
v -7.0534 -9.7082 -338.3333
v -3.7082 -11.4127 -292.5000
v -3.7082 -11.4127 -338.3333
v -0.0000 -12.0000 -292.5000
v -0.0000 -12.0000 -338.3333
v 3.7082 -11.4127 -292.5000
v 3.7082 -11.4127 -338.3333
v 7.0534 -9.7082 -292.5000
v 7.0534 -9.7082 -338.3333
v 9.7082 -7.0534 -292.5000
v 9.7082 -7.0534 -338.3333
v 11.4127 -3.7082 -292.5000
v 11.4127 -3.7082 -338.3333
v 12.0000 0.0000 -338.3333
v 12.0000 0.0000 -384.1667
v 11.4127 3.7082 -338.3333
v 11.4127 3.7082 -384.1667
v 9.7082 7.0534 -338.3333
v 9.7082 7.0534 -384.1667
v 7.0534 9.7082 -338.3333
v 7.0534 9.7082 -384.1667
v 3.7082 11.4127 -338.3333
v 3.7082 11.4127 -384.1667
v 0.0000 12.0000 -338.3333
v 0.0000 12.0000 -384.1667
v -3.7082 11.4127 -338.3333
v -3.7082 11.4127 -384.1667
v -7.0534 9.7082 -338.3333
v -7.0534 9.7082 -384.1667
v -9.7082 7.0534 -338.3333
v -9.7082 7.0534 -384.1667
v -11.4127 3.7082 -338.3333
v -11.4127 3.7082 -384.1667
v -12.0000 0.0000 -338.3333
v -12.0000 0.0000 -384.1667
v -11.4127 -3.7082 -338.3333
v -11.4127 -3.7082 -384.1667
v -9.7082 -7.0534 -338.3333
v -9.7082 -7.0534 -384.1667
v -7.0534 -9.7082 -338.3333
v -7.0534 -9.7082 -384.1667
v -3.7082 -11.4127 -338.3333
v -3.7082 -11.4127 -384.1667
v -0.0000 -12.0000 -338.3333
v -0.0000 -12.0000 -384.1667
v 3.7082 -11.4127 -338.3333
v 3.7082 -11.4127 -384.1667
v 7.0534 -9.7082 -338.3333
v 7.0534 -9.7082 -384.1667
v 9.7082 -7.0534 -338.3333
v 9.7082 -7.0534 -384.1667
v 11.4127 -3.7082 -338.3333
v 11.4127 -3.7082 -384.1667
v 12.0000 0.0000 -384.1667
v 12.0000 0.0000 -430.0000
v 11.4127 3.7082 -384.1667
v 11.4127 3.7082 -430.0000
v 9.7082 7.0534 -384.1667
v 9.7082 7.0534 -430.0000
v 7.0534 9.7082 -384.1667
v 7.0534 9.7082 -430.0000
v 3.7082 11.4127 -384.1667
v 3.7082 11.4127 -430.0000
v 0.0000 12.0000 -384.1667
v 0.0000 12.0000 -430.0000
v -3.7082 11.4127 -384.1667
v -3.7082 11.4127 -430.0000
v -7.0534 9.7082 -384.1667
v -7.0534 9.7082 -430.0000
v -9.7082 7.0534 -384.1667
v -9.7082 7.0534 -430.0000
v -11.4127 3.7082 -384.1667
v -11.4127 3.7082 -430.0000
v -12.0000 0.0000 -384.1667
v -12.0000 0.0000 -430.0000
v -11.4127 -3.7082 -384.1667
v -11.4127 -3.7082 -430.0000
v -9.7082 -7.0534 -384.1667
v -9.7082 -7.0534 -430.0000
v -7.0534 -9.7082 -384.1667
v -7.0534 -9.7082 -430.0000
v -3.7082 -11.4127 -384.1667
v -3.7082 -11.4127 -430.0000
v -0.0000 -12.0000 -384.1667
v -0.0000 -12.0000 -430.0000
v 3.7082 -11.4127 -384.1667
v 3.7082 -11.4127 -430.0000
v 7.0534 -9.7082 -384.1667
v 7.0534 -9.7082 -430.0000
v 9.7082 -7.0534 -384.1667
v 9.7082 -7.0534 -430.0000
v 11.4127 -3.7082 -384.1667
v 11.4127 -3.7082 -430.0000
v 12.0000 0.0000 -430.0000
v 12.0000 0.0000 -475.8333
v 11.4127 3.7082 -430.0000
v 11.4127 3.7082 -475.8333
v 9.7082 7.0534 -430.0000
v 9.7082 7.0534 -475.8333
v 7.0534 9.7082 -430.0000
v 7.0534 9.7082 -475.8333
v 3.7082 11.4127 -430.0000
v 3.7082 11.4127 -475.8333
v 0.0000 12.0000 -430.0000
v 0.0000 12.0000 -475.8333
v -3.7082 11.4127 -430.0000
v -3.7082 11.4127 -475.8333
v -7.0534 9.7082 -430.0000
v -7.0534 9.7082 -475.8333
v -9.7082 7.0534 -430.0000
v -9.7082 7.0534 -475.8333
v -11.4127 3.7082 -430.0000
v -11.4127 3.7082 -475.8333
v -12.0000 0.0000 -430.0000
v -12.0000 0.0000 -475.8333
v -11.4127 -3.7082 -430.0000
v -11.4127 -3.7082 -475.8333
v -9.7082 -7.0534 -430.0000
v -9.7082 -7.0534 -475.8333
v -7.0534 -9.7082 -430.0000
v -7.0534 -9.7082 -475.8333
v -3.7082 -11.4127 -430.0000
v -3.7082 -11.4127 -475.8333
v -0.0000 -12.0000 -430.0000
v -0.0000 -12.0000 -475.8333
v 3.7082 -11.4127 -430.0000
v 3.7082 -11.4127 -475.8333
v 7.0534 -9.7082 -430.0000
v 7.0534 -9.7082 -475.8333
v 9.7082 -7.0534 -430.0000
v 9.7082 -7.0534 -475.8333
v 11.4127 -3.7082 -430.0000
v 11.4127 -3.7082 -475.8333
v 12.0000 0.0000 -475.8333
v 12.0000 0.0000 -521.6667
v 11.4127 3.7082 -475.8333
v 11.4127 3.7082 -521.6667
v 9.7082 7.0534 -475.8333
v 9.7082 7.0534 -521.6667
v 7.0534 9.7082 -475.8333
v 7.0534 9.7082 -521.6667
v 3.7082 11.4127 -475.8333
v 3.7082 11.4127 -521.6667
v 0.0000 12.0000 -475.8333
v 0.0000 12.0000 -521.6667
v -3.7082 11.4127 -475.8333
v -3.7082 11.4127 -521.6667
v -7.0534 9.7082 -475.8333
v -7.0534 9.7082 -521.6667
v -9.7082 7.0534 -475.8333
v -9.7082 7.0534 -521.6667
v -11.4127 3.7082 -475.8333
v -11.4127 3.7082 -521.6667
v -12.0000 0.0000 -475.8333
v -12.0000 0.0000 -521.6667
v -11.4127 -3.7082 -475.8333
v -11.4127 -3.7082 -521.6667
v -9.7082 -7.0534 -475.8333
v -9.7082 -7.0534 -521.6667
v -7.0534 -9.7082 -475.8333
v -7.0534 -9.7082 -521.6667
v -3.7082 -11.4127 -475.8333
v -3.7082 -11.4127 -521.6667
v -0.0000 -12.0000 -475.8333
v -0.0000 -12.0000 -521.6667
v 3.7082 -11.4127 -475.8333
v 3.7082 -11.4127 -521.6667
v 7.0534 -9.7082 -475.8333
v 7.0534 -9.7082 -521.6667
v 9.7082 -7.0534 -475.8333
v 9.7082 -7.0534 -521.6667
v 11.4127 -3.7082 -475.8333
v 11.4127 -3.7082 -521.6667
v 12.0000 0.0000 -521.6667
v 12.0000 0.0000 -567.5000
v 11.4127 3.7082 -521.6667
v 11.4127 3.7082 -567.5000
v 9.7082 7.0534 -521.6667
v 9.7082 7.0534 -567.5000
v 7.0534 9.7082 -521.6667
v 7.0534 9.7082 -567.5000
v 3.7082 11.4127 -521.6667
v 3.7082 11.4127 -567.5000
v 0.0000 12.0000 -521.6667
v 0.0000 12.0000 -567.5000
v -3.7082 11.4127 -521.6667
v -3.7082 11.4127 -567.5000
v -7.0534 9.7082 -521.6667
v -7.0534 9.7082 -567.5000
v -9.7082 7.0534 -521.6667
v -9.7082 7.0534 -567.5000
v -11.4127 3.7082 -521.6667
v -11.4127 3.7082 -567.5000
v -12.0000 0.0000 -521.6667
v -12.0000 0.0000 -567.5000
v -11.4127 -3.7082 -521.6667
v -11.4127 -3.7082 -567.5000
v -9.7082 -7.0534 -521.6667
v -9.7082 -7.0534 -567.5000
v -7.0534 -9.7082 -521.6667
v -7.0534 -9.7082 -567.5000
v -3.7082 -11.4127 -521.6667
v -3.7082 -11.4127 -567.5000
v -0.0000 -12.0000 -521.6667
v -0.0000 -12.0000 -567.5000
v 3.7082 -11.4127 -521.6667
v 3.7082 -11.4127 -567.5000
v 7.0534 -9.7082 -521.6667
v 7.0534 -9.7082 -567.5000
v 9.7082 -7.0534 -521.6667
v 9.7082 -7.0534 -567.5000
v 11.4127 -3.7082 -521.6667
v 11.4127 -3.7082 -567.5000
v 12.0000 0.0000 -567.5000
v 12.0000 0.0000 -613.3333
v 11.4127 3.7082 -567.5000
v 11.4127 3.7082 -613.3333
v 9.7082 7.0534 -567.5000
v 9.7082 7.0534 -613.3333
v 7.0534 9.7082 -567.5000
v 7.0534 9.7082 -613.3333
v 3.7082 11.4127 -567.5000
v 3.7082 11.4127 -613.3333
v 0.0000 12.0000 -567.5000
v 0.0000 12.0000 -613.3333
v -3.7082 11.4127 -567.5000
v -3.7082 11.4127 -613.3333
v -7.0534 9.7082 -567.5000
v -7.0534 9.7082 -613.3333
v -9.7082 7.0534 -567.5000
v -9.7082 7.0534 -613.3333
v -11.4127 3.7082 -567.5000
v -11.4127 3.7082 -613.3333
v -12.0000 0.0000 -567.5000
v -12.0000 0.0000 -613.3333
v -11.4127 -3.7082 -567.5000
v -11.4127 -3.7082 -613.3333
v -9.7082 -7.0534 -567.5000
v -9.7082 -7.0534 -613.3333
v -7.0534 -9.7082 -567.5000
v -7.0534 -9.7082 -613.3333
v -3.7082 -11.4127 -567.5000
v -3.7082 -11.4127 -613.3333
v -0.0000 -12.0000 -567.5000
v -0.0000 -12.0000 -613.3333
v 3.7082 -11.4127 -567.5000
v 3.7082 -11.4127 -613.3333
v 7.0534 -9.7082 -567.5000
v 7.0534 -9.7082 -613.3333
v 9.7082 -7.0534 -567.5000
v 9.7082 -7.0534 -613.3333
v 11.4127 -3.7082 -567.5000
v 11.4127 -3.7082 -613.3333
v 12.0000 0.0000 -613.3333
v 12.0000 0.0000 -659.1667
v 11.4127 3.7082 -613.3333
v 11.4127 3.7082 -659.1667
v 9.7082 7.0534 -613.3333
v 9.7082 7.0534 -659.1667
v 7.0534 9.7082 -613.3333
v 7.0534 9.7082 -659.1667
v 3.7082 11.4127 -613.3333
v 3.7082 11.4127 -659.1667
v 0.0000 12.0000 -613.3333
v 0.0000 12.0000 -659.1667
v -3.7082 11.4127 -613.3333
v -3.7082 11.4127 -659.1667
v -7.0534 9.7082 -613.3333
v -7.0534 9.7082 -659.1667
v -9.7082 7.0534 -613.3333
v -9.7082 7.0534 -659.1667
v -11.4127 3.7082 -613.3333
v -11.4127 3.7082 -659.1667
v -12.0000 0.0000 -613.3333
v -12.0000 0.0000 -659.1667
v -11.4127 -3.7082 -613.3333
v -11.4127 -3.7082 -659.1667
v -9.7082 -7.0534 -613.3333
v -9.7082 -7.0534 -659.1667
v -7.0534 -9.7082 -613.3333
v -7.0534 -9.7082 -659.1667
v -3.7082 -11.4127 -613.3333
v -3.7082 -11.4127 -659.1667
v -0.0000 -12.0000 -613.3333
v -0.0000 -12.0000 -659.1667
v 3.7082 -11.4127 -613.3333
v 3.7082 -11.4127 -659.1667
v 7.0534 -9.7082 -613.3333
v 7.0534 -9.7082 -659.1667
v 9.7082 -7.0534 -613.3333
v 9.7082 -7.0534 -659.1667
v 11.4127 -3.7082 -613.3333
v 11.4127 -3.7082 -659.1667
v 12.0000 0.0000 -659.1667
v 12.0000 0.0000 -705.0000
v 11.4127 3.7082 -659.1667
v 11.4127 3.7082 -705.0000
v 9.7082 7.0534 -659.1667
v 9.7082 7.0534 -705.0000
v 7.0534 9.7082 -659.1667
v 7.0534 9.7082 -705.0000
v 3.7082 11.4127 -659.1667
v 3.7082 11.4127 -705.0000
v 0.0000 12.0000 -659.1667
v 0.0000 12.0000 -705.0000
v -3.7082 11.4127 -659.1667
v -3.7082 11.4127 -705.0000
v -7.0534 9.7082 -659.1667
v -7.0534 9.7082 -705.0000
v -9.7082 7.0534 -659.1667
v -9.7082 7.0534 -705.0000
v -11.4127 3.7082 -659.1667
v -11.4127 3.7082 -705.0000
v -12.0000 0.0000 -659.1667
v -12.0000 0.0000 -705.0000
v -11.4127 -3.7082 -659.1667
v -11.4127 -3.7082 -705.0000
v -9.7082 -7.0534 -659.1667
v -9.7082 -7.0534 -705.0000
v -7.0534 -9.7082 -659.1667
v -7.0534 -9.7082 -705.0000
v -3.7082 -11.4127 -659.1667
v -3.7082 -11.4127 -705.0000
v -0.0000 -12.0000 -659.1667
v -0.0000 -12.0000 -705.0000
v 3.7082 -11.4127 -659.1667
v 3.7082 -11.4127 -705.0000
v 7.0534 -9.7082 -659.1667
v 7.0534 -9.7082 -705.0000
v 9.7082 -7.0534 -659.1667
v 9.7082 -7.0534 -705.0000
v 11.4127 -3.7082 -659.1667
v 11.4127 -3.7082 -705.0000
v 12.0000 0.0000 -705.0000
v 12.0000 0.0000 -750.8333
v 11.4127 3.7082 -705.0000
v 11.4127 3.7082 -750.8333
v 9.7082 7.0534 -705.0000
v 9.7082 7.0534 -750.8333
v 7.0534 9.7082 -705.0000
v 7.0534 9.7082 -750.8333
v 3.7082 11.4127 -705.0000
v 3.7082 11.4127 -750.8333
v 0.0000 12.0000 -705.0000
v 0.0000 12.0000 -750.8333
v -3.7082 11.4127 -705.0000
v -3.7082 11.4127 -750.8333
v -7.0534 9.7082 -705.0000
v -7.0534 9.7082 -750.8333
v -9.7082 7.0534 -705.0000
v -9.7082 7.0534 -750.8333
v -11.4127 3.7082 -705.0000
v -11.4127 3.7082 -750.8333
v -12.0000 0.0000 -705.0000
v -12.0000 0.0000 -750.8333
v -11.4127 -3.7082 -705.0000
v -11.4127 -3.7082 -750.8333
v -9.7082 -7.0534 -705.0000
v -9.7082 -7.0534 -750.8333
v -7.0534 -9.7082 -705.0000
v -7.0534 -9.7082 -750.8333
v -3.7082 -11.4127 -705.0000
v -3.7082 -11.4127 -750.8333
v -0.0000 -12.0000 -705.0000
v -0.0000 -12.0000 -750.8333
v 3.7082 -11.4127 -705.0000
v 3.7082 -11.4127 -750.8333
v 7.0534 -9.7082 -705.0000
v 7.0534 -9.7082 -750.8333
v 9.7082 -7.0534 -705.0000
v 9.7082 -7.0534 -750.8333
v 11.4127 -3.7082 -705.0000
v 11.4127 -3.7082 -750.8333
v 12.0000 0.0000 -750.8333
v 12.0000 0.0000 -796.6667
v 11.4127 3.7082 -750.8333
v 11.4127 3.7082 -796.6667
v 9.7082 7.0534 -750.8333
v 9.7082 7.0534 -796.6667
v 7.0534 9.7082 -750.8333
v 7.0534 9.7082 -796.6667
v 3.7082 11.4127 -750.8333
v 3.7082 11.4127 -796.6667
v 0.0000 12.0000 -750.8333
v 0.0000 12.0000 -796.6667
v -3.7082 11.4127 -750.8333
v -3.7082 11.4127 -796.6667
v -7.0534 9.7082 -750.8333
v -7.0534 9.7082 -796.6667
v -9.7082 7.0534 -750.8333
v -9.7082 7.0534 -796.6667
v -11.4127 3.7082 -750.8333
v -11.4127 3.7082 -796.6667
v -12.0000 0.0000 -750.8333
v -12.0000 0.0000 -796.6667
v -11.4127 -3.7082 -750.8333
v -11.4127 -3.7082 -796.6667
v -9.7082 -7.0534 -750.8333
v -9.7082 -7.0534 -796.6667
v -7.0534 -9.7082 -750.8333
v -7.0534 -9.7082 -796.6667
v -3.7082 -11.4127 -750.8333
v -3.7082 -11.4127 -796.6667
v -0.0000 -12.0000 -750.8333
v -0.0000 -12.0000 -796.6667
v 3.7082 -11.4127 -750.8333
v 3.7082 -11.4127 -796.6667
v 7.0534 -9.7082 -750.8333
v 7.0534 -9.7082 -796.6667
v 9.7082 -7.0534 -750.8333
v 9.7082 -7.0534 -796.6667
v 11.4127 -3.7082 -750.8333
v 11.4127 -3.7082 -796.6667
v 12.0000 0.0000 -796.6667
v 12.0000 0.0000 -842.5000
v 11.4127 3.7082 -796.6667
v 11.4127 3.7082 -842.5000
v 9.7082 7.0534 -796.6667
v 9.7082 7.0534 -842.5000
v 7.0534 9.7082 -796.6667
v 7.0534 9.7082 -842.5000
v 3.7082 11.4127 -796.6667
v 3.7082 11.4127 -842.5000
v 0.0000 12.0000 -796.6667
v 0.0000 12.0000 -842.5000
v -3.7082 11.4127 -796.6667
v -3.7082 11.4127 -842.5000
v -7.0534 9.7082 -796.6667
v -7.0534 9.7082 -842.5000
v -9.7082 7.0534 -796.6667
v -9.7082 7.0534 -842.5000
v -11.4127 3.7082 -796.6667
v -11.4127 3.7082 -842.5000
v -12.0000 0.0000 -796.6667
v -12.0000 0.0000 -842.5000
v -11.4127 -3.7082 -796.6667
v -11.4127 -3.7082 -842.5000
v -9.7082 -7.0534 -796.6667
v -9.7082 -7.0534 -842.5000
v -7.0534 -9.7082 -796.6667
v -7.0534 -9.7082 -842.5000
v -3.7082 -11.4127 -796.6667
v -3.7082 -11.4127 -842.5000
v -0.0000 -12.0000 -796.6667
v -0.0000 -12.0000 -842.5000
v 3.7082 -11.4127 -796.6667
v 3.7082 -11.4127 -842.5000
v 7.0534 -9.7082 -796.6667
v 7.0534 -9.7082 -842.5000
v 9.7082 -7.0534 -796.6667
v 9.7082 -7.0534 -842.5000
v 11.4127 -3.7082 -796.6667
v 11.4127 -3.7082 -842.5000
v 12.0000 0.0000 -842.5000
v 12.0000 0.0000 -888.3333
v 11.4127 3.7082 -842.5000
v 11.4127 3.7082 -888.3333
v 9.7082 7.0534 -842.5000
v 9.7082 7.0534 -888.3333
v 7.0534 9.7082 -842.5000
v 7.0534 9.7082 -888.3333
v 3.7082 11.4127 -842.5000
v 3.7082 11.4127 -888.3333
v 0.0000 12.0000 -842.5000
v 0.0000 12.0000 -888.3333
v -3.7082 11.4127 -842.5000
v -3.7082 11.4127 -888.3333
v -7.0534 9.7082 -842.5000
v -7.0534 9.7082 -888.3333
v -9.7082 7.0534 -842.5000
v -9.7082 7.0534 -888.3333
v -11.4127 3.7082 -842.5000
v -11.4127 3.7082 -888.3333
v -12.0000 0.0000 -842.5000
v -12.0000 0.0000 -888.3333
v -11.4127 -3.7082 -842.5000
v -11.4127 -3.7082 -888.3333
v -9.7082 -7.0534 -842.5000
v -9.7082 -7.0534 -888.3333
v -7.0534 -9.7082 -842.5000
v -7.0534 -9.7082 -888.3333
v -3.7082 -11.4127 -842.5000
v -3.7082 -11.4127 -888.3333
v -0.0000 -12.0000 -842.5000
v -0.0000 -12.0000 -888.3333
v 3.7082 -11.4127 -842.5000
v 3.7082 -11.4127 -888.3333
v 7.0534 -9.7082 -842.5000
v 7.0534 -9.7082 -888.3333
v 9.7082 -7.0534 -842.5000
v 9.7082 -7.0534 -888.3333
v 11.4127 -3.7082 -842.5000
v 11.4127 -3.7082 -888.3333
v 12.0000 0.0000 -888.3333
v 12.0000 0.0000 -934.1667
v 11.4127 3.7082 -888.3333
v 11.4127 3.7082 -934.1667
v 9.7082 7.0534 -888.3333
v 9.7082 7.0534 -934.1667
v 7.0534 9.7082 -888.3333
v 7.0534 9.7082 -934.1667
v 3.7082 11.4127 -888.3333
v 3.7082 11.4127 -934.1667
v 0.0000 12.0000 -888.3333
v 0.0000 12.0000 -934.1667
v -3.7082 11.4127 -888.3333
v -3.7082 11.4127 -934.1667
v -7.0534 9.7082 -888.3333
v -7.0534 9.7082 -934.1667
v -9.7082 7.0534 -888.3333
v -9.7082 7.0534 -934.1667
v -11.4127 3.7082 -888.3333
v -11.4127 3.7082 -934.1667
v -12.0000 0.0000 -888.3333
v -12.0000 0.0000 -934.1667
v -11.4127 -3.7082 -888.3333
v -11.4127 -3.7082 -934.1667
v -9.7082 -7.0534 -888.3333
v -9.7082 -7.0534 -934.1667
v -7.0534 -9.7082 -888.3333
v -7.0534 -9.7082 -934.1667
v -3.7082 -11.4127 -888.3333
v -3.7082 -11.4127 -934.1667
v -0.0000 -12.0000 -888.3333
v -0.0000 -12.0000 -934.1667
v 3.7082 -11.4127 -888.3333
v 3.7082 -11.4127 -934.1667
v 7.0534 -9.7082 -888.3333
v 7.0534 -9.7082 -934.1667
v 9.7082 -7.0534 -888.3333
v 9.7082 -7.0534 -934.1667
v 11.4127 -3.7082 -888.3333
v 11.4127 -3.7082 -934.1667
v 12.0000 0.0000 -934.1667
v 12.0000 0.0000 -980.0000
v 11.4127 3.7082 -934.1667
v 11.4127 3.7082 -980.0000
v 9.7082 7.0534 -934.1667
v 9.7082 7.0534 -980.0000
v 7.0534 9.7082 -934.1667
v 7.0534 9.7082 -980.0000
v 3.7082 11.4127 -934.1667
v 3.7082 11.4127 -980.0000
v 0.0000 12.0000 -934.1667
v 0.0000 12.0000 -980.0000
v -3.7082 11.4127 -934.1667
v -3.7082 11.4127 -980.0000
v -7.0534 9.7082 -934.1667
v -7.0534 9.7082 -980.0000
v -9.7082 7.0534 -934.1667
v -9.7082 7.0534 -980.0000
v -11.4127 3.7082 -934.1667
v -11.4127 3.7082 -980.0000
v -12.0000 0.0000 -934.1667
v -12.0000 0.0000 -980.0000
v -11.4127 -3.7082 -934.1667
v -11.4127 -3.7082 -980.0000
v -9.7082 -7.0534 -934.1667
v -9.7082 -7.0534 -980.0000
v -7.0534 -9.7082 -934.1667
v -7.0534 -9.7082 -980.0000
v -3.7082 -11.4127 -934.1667
v -3.7082 -11.4127 -980.0000
v -0.0000 -12.0000 -934.1667
v -0.0000 -12.0000 -980.0000
v 3.7082 -11.4127 -934.1667
v 3.7082 -11.4127 -980.0000
v 7.0534 -9.7082 -934.1667
v 7.0534 -9.7082 -980.0000
v 9.7082 -7.0534 -934.1667
v 9.7082 -7.0534 -980.0000
v 11.4127 -3.7082 -934.1667
v 11.4127 -3.7082 -980.0000
v 25.0000 0.0000 8.0000
v 25.0000 0.0000 -8.0000
v 23.7764 7.7254 8.0000
v 23.7764 7.7254 -8.0000
v 20.2254 14.6946 8.0000
v 20.2254 14.6946 -8.0000
v 14.6946 20.2254 8.0000
v 14.6946 20.2254 -8.0000
v 7.7254 23.7764 8.0000
v 7.7254 23.7764 -8.0000
v 0.0000 25.0000 8.0000
v 0.0000 25.0000 -8.0000
v -7.7254 23.7764 8.0000
v -7.7254 23.7764 -8.0000
v -14.6946 20.2254 8.0000
v -14.6946 20.2254 -8.0000
v -20.2254 14.6946 8.0000
v -20.2254 14.6946 -8.0000
v -23.7764 7.7254 8.0000
v -23.7764 7.7254 -8.0000
v -25.0000 0.0000 8.0000
v -25.0000 0.0000 -8.0000
v -23.7764 -7.7254 8.0000
v -23.7764 -7.7254 -8.0000
v -20.2254 -14.6946 8.0000
v -20.2254 -14.6946 -8.0000
v -14.6946 -20.2254 8.0000
v -14.6946 -20.2254 -8.0000
v -7.7254 -23.7764 8.0000
v -7.7254 -23.7764 -8.0000
v -0.0000 -25.0000 8.0000
v -0.0000 -25.0000 -8.0000
v 7.7254 -23.7764 8.0000
v 7.7254 -23.7764 -8.0000
v 14.6946 -20.2254 8.0000
v 14.6946 -20.2254 -8.0000
v 20.2254 -14.6946 8.0000
v 20.2254 -14.6946 -8.0000
v 23.7764 -7.7254 8.0000
v 23.7764 -7.7254 -8.0000
v 25.0000 0.0000 -242.0000
v 25.0000 0.0000 -258.0000
v 23.7764 7.7254 -242.0000
v 23.7764 7.7254 -258.0000
v 20.2254 14.6946 -242.0000
v 20.2254 14.6946 -258.0000
v 14.6946 20.2254 -242.0000
v 14.6946 20.2254 -258.0000
v 7.7254 23.7764 -242.0000
v 7.7254 23.7764 -258.0000
v 0.0000 25.0000 -242.0000
v 0.0000 25.0000 -258.0000
v -7.7254 23.7764 -242.0000
v -7.7254 23.7764 -258.0000
v -14.6946 20.2254 -242.0000
v -14.6946 20.2254 -258.0000
v -20.2254 14.6946 -242.0000
v -20.2254 14.6946 -258.0000
v -23.7764 7.7254 -242.0000
v -23.7764 7.7254 -258.0000
v -25.0000 0.0000 -242.0000
v -25.0000 0.0000 -258.0000
v -23.7764 -7.7254 -242.0000
v -23.7764 -7.7254 -258.0000
v -20.2254 -14.6946 -242.0000
v -20.2254 -14.6946 -258.0000
v -14.6946 -20.2254 -242.0000
v -14.6946 -20.2254 -258.0000
v -7.7254 -23.7764 -242.0000
v -7.7254 -23.7764 -258.0000
v -0.0000 -25.0000 -242.0000
v -0.0000 -25.0000 -258.0000
v 7.7254 -23.7764 -242.0000
v 7.7254 -23.7764 -258.0000
v 14.6946 -20.2254 -242.0000
v 14.6946 -20.2254 -258.0000
v 20.2254 -14.6946 -242.0000
v 20.2254 -14.6946 -258.0000
v 23.7764 -7.7254 -242.0000
v 23.7764 -7.7254 -258.0000
v 25.0000 0.0000 -492.0000
v 25.0000 0.0000 -508.0000
v 23.7764 7.7254 -492.0000
v 23.7764 7.7254 -508.0000
v 20.2254 14.6946 -492.0000
v 20.2254 14.6946 -508.0000
v 14.6946 20.2254 -492.0000
v 14.6946 20.2254 -508.0000
v 7.7254 23.7764 -492.0000
v 7.7254 23.7764 -508.0000
v 0.0000 25.0000 -492.0000
v 0.0000 25.0000 -508.0000
v -7.7254 23.7764 -492.0000
v -7.7254 23.7764 -508.0000
v -14.6946 20.2254 -492.0000
v -14.6946 20.2254 -508.0000
v -20.2254 14.6946 -492.0000
v -20.2254 14.6946 -508.0000
v -23.7764 7.7254 -492.0000
v -23.7764 7.7254 -508.0000
v -25.0000 0.0000 -492.0000
v -25.0000 0.0000 -508.0000
v -23.7764 -7.7254 -492.0000
v -23.7764 -7.7254 -508.0000
v -20.2254 -14.6946 -492.0000
v -20.2254 -14.6946 -508.0000
v -14.6946 -20.2254 -492.0000
v -14.6946 -20.2254 -508.0000
v -7.7254 -23.7764 -492.0000
v -7.7254 -23.7764 -508.0000
v -0.0000 -25.0000 -492.0000
v -0.0000 -25.0000 -508.0000
v 7.7254 -23.7764 -492.0000
v 7.7254 -23.7764 -508.0000
v 14.6946 -20.2254 -492.0000
v 14.6946 -20.2254 -508.0000
v 20.2254 -14.6946 -492.0000
v 20.2254 -14.6946 -508.0000
v 23.7764 -7.7254 -492.0000
v 23.7764 -7.7254 -508.0000
v 25.0000 0.0000 -742.0000
v 25.0000 0.0000 -758.0000
v 23.7764 7.7254 -742.0000
v 23.7764 7.7254 -758.0000
v 20.2254 14.6946 -742.0000
v 20.2254 14.6946 -758.0000
v 14.6946 20.2254 -742.0000
v 14.6946 20.2254 -758.0000
v 7.7254 23.7764 -742.0000
v 7.7254 23.7764 -758.0000
v 0.0000 25.0000 -742.0000
v 0.0000 25.0000 -758.0000
v -7.7254 23.7764 -742.0000
v -7.7254 23.7764 -758.0000
v -14.6946 20.2254 -742.0000
v -14.6946 20.2254 -758.0000
v -20.2254 14.6946 -742.0000
v -20.2254 14.6946 -758.0000
v -23.7764 7.7254 -742.0000
v -23.7764 7.7254 -758.0000
v -25.0000 0.0000 -742.0000
v -25.0000 0.0000 -758.0000
v -23.7764 -7.7254 -742.0000
v -23.7764 -7.7254 -758.0000
v -20.2254 -14.6946 -742.0000
v -20.2254 -14.6946 -758.0000
v -14.6946 -20.2254 -742.0000
v -14.6946 -20.2254 -758.0000
v -7.7254 -23.7764 -742.0000
v -7.7254 -23.7764 -758.0000
v -0.0000 -25.0000 -742.0000
v -0.0000 -25.0000 -758.0000
v 7.7254 -23.7764 -742.0000
v 7.7254 -23.7764 -758.0000
v 14.6946 -20.2254 -742.0000
v 14.6946 -20.2254 -758.0000
v 20.2254 -14.6946 -742.0000
v 20.2254 -14.6946 -758.0000
v 23.7764 -7.7254 -742.0000
v 23.7764 -7.7254 -758.0000
v 25.0000 0.0000 -942.0000
v 25.0000 0.0000 -958.0000
v 23.7764 7.7254 -942.0000
v 23.7764 7.7254 -958.0000
v 20.2254 14.6946 -942.0000
v 20.2254 14.6946 -958.0000
v 14.6946 20.2254 -942.0000
v 14.6946 20.2254 -958.0000
v 7.7254 23.7764 -942.0000
v 7.7254 23.7764 -958.0000
v 0.0000 25.0000 -942.0000
v 0.0000 25.0000 -958.0000
v -7.7254 23.7764 -942.0000
v -7.7254 23.7764 -958.0000
v -14.6946 20.2254 -942.0000
v -14.6946 20.2254 -958.0000
v -20.2254 14.6946 -942.0000
v -20.2254 14.6946 -958.0000
v -23.7764 7.7254 -942.0000
v -23.7764 7.7254 -958.0000
v -25.0000 0.0000 -942.0000
v -25.0000 0.0000 -958.0000
v -23.7764 -7.7254 -942.0000
v -23.7764 -7.7254 -958.0000
v -20.2254 -14.6946 -942.0000
v -20.2254 -14.6946 -958.0000
v -14.6946 -20.2254 -942.0000
v -14.6946 -20.2254 -958.0000
v -7.7254 -23.7764 -942.0000
v -7.7254 -23.7764 -958.0000
v -0.0000 -25.0000 -942.0000
v -0.0000 -25.0000 -958.0000
v 7.7254 -23.7764 -942.0000
v 7.7254 -23.7764 -958.0000
v 14.6946 -20.2254 -942.0000
v 14.6946 -20.2254 -958.0000
v 20.2254 -14.6946 -942.0000
v 20.2254 -14.6946 -958.0000
v 23.7764 -7.7254 -942.0000
v 23.7764 -7.7254 -958.0000
# 1160 vertices

vn 0.0000 0.0000 1.0000
vn 0.0000 0.0000 1.0000
vn 0.0000 0.0000 1.0000
vn 0.0000 0.0000 1.0000
vn 0.0000 0.0000 1.0000
vn 0.0000 0.0000 1.0000
vn 0.0000 0.0000 1.0000
vn 0.0000 0.0000 1.0000
vn 0.0000 0.0000 1.0000
vn 0.0000 0.0000 1.0000
vn 0.0000 0.0000 1.0000
vn 0.0000 0.0000 1.0000
vn 0.0000 0.0000 1.0000
vn 0.0000 0.0000 1.0000
vn 0.0000 0.0000 1.0000
vn 0.0000 0.0000 1.0000
vn 0.0000 0.0000 1.0000
vn 0.0000 0.0000 1.0000
vn 0.0000 0.0000 1.0000
vn 0.0000 0.0000 1.0000
vn 0.0000 0.0000 1.0000
vn 0.0000 0.0000 1.0000
vn 0.0000 0.0000 1.0000
vn 0.0000 0.0000 1.0000
vn 0.0000 0.0000 1.0000
vn 0.0000 0.0000 1.0000
vn 0.0000 0.0000 1.0000
vn 0.0000 0.0000 1.0000
vn 0.0000 0.0000 1.0000
vn 0.0000 0.0000 1.0000
vn 0.0000 0.0000 1.0000
vn 0.0000 0.0000 1.0000
vn 0.0000 0.0000 1.0000
vn 0.0000 0.0000 1.0000
vn 0.0000 0.0000 1.0000
vn 0.0000 0.0000 1.0000
vn 0.0000 0.0000 1.0000
vn 0.0000 0.0000 1.0000
vn 0.0000 0.0000 1.0000
vn 0.0000 0.0000 1.0000
vn 0.0000 0.0000 1.0000
vn 0.0000 0.0000 1.0000
vn 0.0000 0.0000 1.0000
vn 0.0000 0.0000 1.0000
vn 0.0000 0.0000 1.0000
vn 0.0000 0.0000 1.0000
vn 0.0000 0.0000 1.0000
vn 0.0000 0.0000 1.0000
vn 0.0000 0.0000 1.0000
vn 0.0000 0.0000 1.0000
vn 0.0000 0.0000 1.0000
vn 0.0000 0.0000 1.0000
vn 0.0000 0.0000 1.0000
vn 0.0000 0.0000 1.0000
vn 0.0000 0.0000 1.0000
vn 0.0000 0.0000 1.0000
vn 0.0000 0.0000 1.0000
vn 0.0000 0.0000 1.0000
vn 0.0000 0.0000 1.0000
vn 0.0000 0.0000 1.0000
vn 0.0000 0.0000 1.0000
vn 0.0000 0.0000 1.0000
vn 0.0000 0.0000 1.0000
vn 0.0000 0.0000 1.0000
vn 0.0000 0.0000 1.0000
vn 0.0000 0.0000 1.0000
vn 0.0000 0.0000 1.0000
vn 0.0000 0.0000 1.0000
vn 0.0000 0.0000 1.0000
vn 0.0000 0.0000 1.0000
vn 0.0000 0.0000 1.0000
vn 0.0000 0.0000 1.0000
vn 0.0000 0.0000 1.0000
vn 0.0000 0.0000 1.0000
vn 0.0000 0.0000 1.0000
vn 0.0000 0.0000 1.0000
vn 0.0000 0.0000 1.0000
vn 0.0000 0.0000 1.0000
vn 0.0000 0.0000 1.0000
vn 0.0000 0.0000 1.0000
vn 0.0000 0.0000 1.0000
vn 0.0000 0.0000 1.0000
vn 0.0000 0.0000 1.0000
vn 0.0000 0.0000 1.0000
vn 0.0000 0.0000 1.0000
vn 0.0000 0.0000 1.0000
vn 0.0000 0.0000 1.0000
vn 0.0000 0.0000 1.0000
vn 0.0000 0.0000 1.0000
vn 0.0000 0.0000 1.0000
vn 0.0000 0.0000 1.0000
vn 0.0000 0.0000 1.0000
vn 0.0000 0.0000 1.0000
vn 0.0000 0.0000 1.0000
vn 0.0000 0.0000 1.0000
vn 0.0000 0.0000 1.0000
vn 0.0000 0.0000 1.0000
vn 0.0000 0.0000 1.0000
vn 0.0000 0.0000 1.0000
vn 0.0000 0.0000 1.0000
vn 0.0000 0.0000 1.0000
vn 0.0000 0.0000 1.0000
vn 0.0000 0.0000 1.0000
vn 0.0000 0.0000 1.0000
vn 0.0000 0.0000 1.0000
vn 0.0000 0.0000 1.0000
vn 0.0000 0.0000 1.0000
vn 0.0000 0.0000 1.0000
vn 0.0000 0.0000 1.0000
vn 0.0000 0.0000 1.0000
vn 0.0000 0.0000 1.0000
vn 0.0000 0.0000 1.0000
vn 0.0000 0.0000 1.0000
vn 0.0000 0.0000 1.0000
vn 0.0000 0.0000 1.0000
vn 0.0000 0.0000 1.0000
vn 0.0000 0.0000 1.0000
vn 0.0000 0.0000 1.0000
vn 0.0000 0.0000 1.0000
vn 0.0000 0.0000 1.0000
vn 0.0000 0.0000 1.0000
vn 0.0000 0.0000 1.0000
vn 0.0000 0.0000 1.0000
vn 0.0000 0.0000 1.0000
vn 0.0000 0.0000 1.0000
vn 0.0000 0.0000 1.0000
vn 0.0000 0.0000 1.0000
vn 0.0000 0.0000 1.0000
vn 0.0000 0.0000 1.0000
vn 0.0000 0.0000 1.0000
vn 0.0000 0.0000 1.0000
vn 0.0000 0.0000 1.0000
vn 0.0000 0.0000 1.0000
vn 0.0000 0.0000 1.0000
vn 0.0000 0.0000 1.0000
vn 0.0000 0.0000 1.0000
vn 0.0000 0.0000 1.0000
vn 0.0000 0.0000 1.0000
vn 0.0000 0.0000 1.0000
vn 0.0000 0.0000 1.0000
vn 0.0000 0.0000 1.0000
vn 0.0000 0.0000 1.0000
vn 0.0000 0.0000 1.0000
vn 0.0000 0.0000 1.0000
vn 0.0000 0.0000 1.0000
vn 0.0000 0.0000 1.0000
vn 0.0000 0.0000 1.0000
vn 0.0000 0.0000 1.0000
vn 0.0000 0.0000 1.0000
vn 0.0000 0.0000 1.0000
vn 0.0000 0.0000 1.0000
vn 0.0000 0.0000 1.0000
vn 0.0000 0.0000 1.0000
vn 0.0000 0.0000 1.0000
vn 0.0000 0.0000 1.0000
vn 0.0000 0.0000 1.0000
vn 0.0000 0.0000 1.0000
vn 0.0000 0.0000 1.0000
vn 0.0000 0.0000 1.0000
vn 0.0000 0.0000 1.0000
vn 0.0000 0.0000 1.0000
vn 0.0000 0.0000 1.0000
vn 0.0000 0.0000 1.0000
vn 0.0000 0.0000 1.0000
vn 0.0000 0.0000 1.0000
vn 0.0000 0.0000 1.0000
vn 0.0000 0.0000 1.0000
vn 0.0000 0.0000 1.0000
vn 0.0000 0.0000 1.0000
vn 0.0000 0.0000 1.0000
vn 0.0000 0.0000 1.0000
vn 0.0000 0.0000 1.0000
vn 0.0000 0.0000 1.0000
vn 0.0000 0.0000 1.0000
vn 0.0000 0.0000 1.0000
vn 0.0000 0.0000 1.0000
vn 0.0000 0.0000 1.0000
vn 0.0000 0.0000 1.0000
vn 0.0000 0.0000 1.0000
vn 0.0000 0.0000 1.0000
vn 0.0000 0.0000 1.0000
vn 0.0000 0.0000 1.0000
vn 0.0000 0.0000 1.0000
vn 0.0000 0.0000 1.0000
vn 0.0000 0.0000 1.0000
vn 0.0000 0.0000 1.0000
vn 0.0000 0.0000 1.0000
vn 0.0000 0.0000 1.0000
vn 0.0000 0.0000 1.0000
vn 0.0000 0.0000 1.0000
vn 0.0000 0.0000 1.0000
vn 0.0000 0.0000 1.0000
vn 0.0000 0.0000 1.0000
vn 0.0000 0.0000 1.0000
vn 0.0000 0.0000 1.0000
vn 0.0000 0.0000 1.0000
vn 0.0000 0.0000 1.0000
vn 0.0000 0.0000 1.0000
vn 0.0000 0.0000 1.0000
vn 0.0000 0.0000 1.0000
vn 0.0000 0.0000 1.0000
vn 0.0000 0.0000 1.0000
vn 0.0000 0.0000 1.0000
vn 0.0000 0.0000 1.0000
vn 0.0000 0.0000 1.0000
vn 0.0000 0.0000 1.0000
vn 0.0000 0.0000 1.0000
vn 0.0000 0.0000 1.0000
vn 0.0000 0.0000 1.0000
vn 0.0000 0.0000 1.0000
vn 0.0000 0.0000 1.0000
vn 0.0000 0.0000 1.0000
vn 0.0000 0.0000 1.0000
vn 0.0000 0.0000 1.0000
vn 0.0000 0.0000 1.0000
vn 0.0000 0.0000 1.0000
vn 0.0000 0.0000 1.0000
vn 0.0000 0.0000 1.0000
vn 0.0000 0.0000 1.0000
vn 0.0000 0.0000 1.0000
vn 0.0000 0.0000 1.0000
vn 0.0000 0.0000 1.0000
vn 0.0000 0.0000 1.0000
vn 0.0000 0.0000 1.0000
vn 0.0000 0.0000 1.0000
vn 0.0000 0.0000 1.0000
vn 0.0000 0.0000 1.0000
vn 0.0000 0.0000 1.0000
vn 0.0000 0.0000 1.0000
vn 0.0000 0.0000 1.0000
vn 0.0000 0.0000 1.0000
vn 0.0000 0.0000 1.0000
vn 0.0000 0.0000 1.0000
vn 0.0000 0.0000 1.0000
vn 0.0000 0.0000 1.0000
vn 0.0000 0.0000 1.0000
vn 0.0000 0.0000 1.0000
vn 0.0000 0.0000 1.0000
vn 0.0000 0.0000 1.0000
vn 0.0000 0.0000 1.0000
vn 0.0000 0.0000 1.0000
vn 0.0000 0.0000 1.0000
vn 0.0000 0.0000 1.0000
vn 0.0000 0.0000 1.0000
vn 0.0000 0.0000 1.0000
vn 0.0000 0.0000 1.0000
vn 0.0000 0.0000 1.0000
vn 0.0000 0.0000 1.0000
vn 0.0000 0.0000 1.0000
vn 0.0000 0.0000 1.0000
vn 0.0000 0.0000 1.0000
vn 0.0000 0.0000 1.0000
vn 0.0000 0.0000 1.0000
vn 0.0000 0.0000 1.0000
vn 0.0000 0.0000 1.0000
vn 0.0000 0.0000 1.0000
vn 0.0000 0.0000 1.0000
vn 0.0000 0.0000 1.0000
vn 0.0000 0.0000 1.0000
vn 0.0000 0.0000 1.0000
vn 0.0000 0.0000 1.0000
vn 0.0000 0.0000 1.0000
vn 0.0000 0.0000 1.0000
vn 0.0000 0.0000 1.0000
vn 0.0000 0.0000 1.0000
vn 0.0000 0.0000 1.0000
vn 0.0000 0.0000 1.0000
vn 0.0000 0.0000 1.0000
vn 0.0000 0.0000 1.0000
vn 0.0000 0.0000 1.0000
vn 0.0000 0.0000 1.0000
vn 0.0000 0.0000 1.0000
vn 0.0000 0.0000 1.0000
vn 0.0000 0.0000 1.0000
vn 0.0000 0.0000 1.0000
vn 0.0000 0.0000 1.0000
vn 0.0000 0.0000 1.0000
vn 0.0000 0.0000 1.0000
vn 0.0000 0.0000 1.0000
vn 0.0000 0.0000 1.0000
vn 0.0000 0.0000 1.0000
vn 0.0000 0.0000 1.0000
vn 0.0000 0.0000 1.0000
vn 0.0000 0.0000 1.0000
vn 0.0000 0.0000 1.0000
vn 0.0000 0.0000 1.0000
vn 0.0000 0.0000 1.0000
vn 0.0000 0.0000 1.0000
vn 0.0000 0.0000 1.0000
vn 0.0000 0.0000 1.0000
vn 0.0000 0.0000 1.0000
vn 0.0000 0.0000 1.0000
vn 0.0000 0.0000 1.0000
vn 0.0000 0.0000 1.0000
vn 0.0000 0.0000 1.0000
vn 0.0000 0.0000 1.0000
vn 0.0000 0.0000 1.0000
vn 0.0000 0.0000 1.0000
vn 0.0000 0.0000 1.0000
vn 0.0000 0.0000 1.0000
vn 0.0000 0.0000 1.0000
vn 0.0000 0.0000 1.0000
vn 0.0000 0.0000 1.0000
vn 0.0000 0.0000 1.0000
vn 0.0000 0.0000 1.0000
vn 0.0000 0.0000 1.0000
vn 0.0000 0.0000 1.0000
vn 0.0000 0.0000 1.0000
vn 0.0000 0.0000 1.0000
vn 0.0000 0.0000 1.0000
vn 0.0000 0.0000 1.0000
vn 0.0000 0.0000 1.0000
vn 0.0000 0.0000 1.0000
vn 0.0000 0.0000 1.0000
vn 0.0000 0.0000 1.0000
vn 0.0000 0.0000 1.0000
vn 0.0000 0.0000 1.0000
vn 0.0000 0.0000 1.0000
vn 0.0000 0.0000 1.0000
vn 0.0000 0.0000 1.0000
vn 0.0000 0.0000 1.0000
vn 0.0000 0.0000 1.0000
vn 0.0000 0.0000 1.0000
vn 0.0000 0.0000 1.0000
vn 0.0000 0.0000 1.0000
vn 0.0000 0.0000 1.0000
vn 0.0000 0.0000 1.0000
vn 0.0000 0.0000 1.0000
vn 0.0000 0.0000 1.0000
vn 0.0000 0.0000 1.0000
vn 0.0000 0.0000 1.0000
vn 0.0000 0.0000 1.0000
vn 0.0000 0.0000 1.0000
vn 0.0000 0.0000 1.0000
vn 0.0000 0.0000 1.0000
vn 0.0000 0.0000 1.0000
vn 0.0000 0.0000 1.0000
vn 0.0000 0.0000 1.0000
vn 0.0000 0.0000 1.0000
vn 0.0000 0.0000 1.0000
vn 0.0000 0.0000 1.0000
vn 0.0000 0.0000 1.0000
vn 0.0000 0.0000 1.0000
vn 0.0000 0.0000 1.0000
vn 0.0000 0.0000 1.0000
vn 0.0000 0.0000 1.0000
vn 0.0000 0.0000 1.0000
vn 0.0000 0.0000 1.0000
vn 0.0000 0.0000 1.0000
vn 0.0000 0.0000 1.0000
vn 0.0000 0.0000 1.0000
vn 0.0000 0.0000 1.0000
vn 0.0000 0.0000 1.0000
vn 0.0000 0.0000 1.0000
vn 0.0000 0.0000 1.0000
vn 0.0000 0.0000 1.0000
vn 0.0000 0.0000 1.0000
vn 0.0000 0.0000 1.0000
vn 0.0000 0.0000 1.0000
vn 0.0000 0.0000 1.0000
vn 0.0000 0.0000 1.0000
vn 0.0000 0.0000 1.0000
vn 0.0000 0.0000 1.0000
vn 0.0000 0.0000 1.0000
vn 0.0000 0.0000 1.0000
vn 0.0000 0.0000 1.0000
vn 0.0000 0.0000 1.0000
vn 0.0000 0.0000 1.0000
vn 0.0000 0.0000 1.0000
vn 0.0000 0.0000 1.0000
vn 0.0000 0.0000 1.0000
vn 0.0000 0.0000 1.0000
vn 0.0000 0.0000 1.0000
vn 0.0000 0.0000 1.0000
vn 0.0000 0.0000 1.0000
vn 0.0000 0.0000 1.0000
vn 0.0000 0.0000 1.0000
vn 0.0000 0.0000 1.0000
vn 0.0000 0.0000 1.0000
vn 0.0000 0.0000 1.0000
vn 0.0000 0.0000 1.0000
vn 0.0000 0.0000 1.0000
vn 0.0000 0.0000 1.0000
vn 0.0000 0.0000 1.0000
vn 0.0000 0.0000 1.0000
vn 0.0000 0.0000 1.0000
vn 0.0000 0.0000 1.0000
vn 0.0000 0.0000 1.0000
vn 0.0000 0.0000 1.0000
vn 0.0000 0.0000 1.0000
vn 0.0000 0.0000 1.0000
vn 0.0000 0.0000 1.0000
vn 0.0000 0.0000 1.0000
vn 0.0000 0.0000 1.0000
vn 0.0000 0.0000 1.0000
vn 0.0000 0.0000 1.0000
vn 0.0000 0.0000 1.0000
vn 0.0000 0.0000 1.0000
vn 0.0000 0.0000 1.0000
vn 0.0000 0.0000 1.0000
vn 0.0000 0.0000 1.0000
vn 0.0000 0.0000 1.0000
vn 0.0000 0.0000 1.0000
vn 0.0000 0.0000 1.0000
vn 0.0000 0.0000 1.0000
vn 0.0000 0.0000 1.0000
vn 0.0000 0.0000 1.0000
vn 0.0000 0.0000 1.0000
vn 0.0000 0.0000 1.0000
vn 0.0000 0.0000 1.0000
vn 0.0000 0.0000 1.0000
vn 0.0000 0.0000 1.0000
vn 0.0000 0.0000 1.0000
vn 0.0000 0.0000 1.0000
vn 0.0000 0.0000 1.0000
vn 0.0000 0.0000 1.0000
vn 0.0000 0.0000 1.0000
vn 0.0000 0.0000 1.0000
vn 0.0000 0.0000 1.0000
vn 0.0000 0.0000 1.0000
vn 0.0000 0.0000 1.0000
vn 0.0000 0.0000 1.0000
vn 0.0000 0.0000 1.0000
vn 0.0000 0.0000 1.0000
vn 0.0000 0.0000 1.0000
vn 0.0000 0.0000 1.0000
vn 0.0000 0.0000 1.0000
vn 0.0000 0.0000 1.0000
vn 0.0000 0.0000 1.0000
vn 0.0000 0.0000 1.0000
vn 0.0000 0.0000 1.0000
vn 0.0000 0.0000 1.0000
vn 0.0000 0.0000 1.0000
vn 0.0000 0.0000 1.0000
vn 0.0000 0.0000 1.0000
vn 0.0000 0.0000 1.0000
vn 0.0000 0.0000 1.0000
vn 0.0000 0.0000 1.0000
vn 0.0000 0.0000 1.0000
vn 0.0000 0.0000 1.0000
vn 0.0000 0.0000 1.0000
vn 0.0000 0.0000 1.0000
vn 0.0000 0.0000 1.0000
vn 0.0000 0.0000 1.0000
vn 0.0000 0.0000 1.0000
vn 0.0000 0.0000 1.0000
vn 0.0000 0.0000 1.0000
vn 0.0000 0.0000 1.0000
vn 0.0000 0.0000 1.0000
vn 0.0000 0.0000 1.0000
vn 0.0000 0.0000 1.0000
vn 0.0000 0.0000 1.0000
vn 0.0000 0.0000 1.0000
vn 0.0000 0.0000 1.0000
vn 0.0000 0.0000 1.0000
vn 0.0000 0.0000 1.0000
vn 0.0000 0.0000 1.0000
vn 0.0000 0.0000 1.0000
vn 0.0000 0.0000 1.0000
vn 0.0000 0.0000 1.0000
vn 0.0000 0.0000 1.0000
vn 0.0000 0.0000 1.0000
vn 0.0000 0.0000 1.0000
vn 0.0000 0.0000 1.0000
vn 0.0000 0.0000 1.0000
vn 0.0000 0.0000 1.0000
vn 0.0000 0.0000 1.0000
vn 0.0000 0.0000 1.0000
vn 0.0000 0.0000 1.0000
vn 0.0000 0.0000 1.0000
vn 0.0000 0.0000 1.0000
vn 0.0000 0.0000 1.0000
vn 0.0000 0.0000 1.0000
vn 0.0000 0.0000 1.0000
vn 0.0000 0.0000 1.0000
vn 0.0000 0.0000 1.0000
vn 0.0000 0.0000 1.0000
vn 0.0000 0.0000 1.0000
vn 0.0000 0.0000 1.0000
vn 0.0000 0.0000 1.0000
vn 0.0000 0.0000 1.0000
vn 0.0000 0.0000 1.0000
vn 0.0000 0.0000 1.0000
vn 0.0000 0.0000 1.0000
vn 0.0000 0.0000 1.0000
vn 0.0000 0.0000 1.0000
vn 0.0000 0.0000 1.0000
vn 0.0000 0.0000 1.0000
vn 0.0000 0.0000 1.0000
vn 0.0000 0.0000 1.0000
vn 0.0000 0.0000 1.0000
vn 0.0000 0.0000 1.0000
vn 0.0000 0.0000 1.0000
vn 0.0000 0.0000 1.0000
vn 0.0000 0.0000 1.0000
vn 0.0000 0.0000 1.0000
vn 0.0000 0.0000 1.0000
vn 0.0000 0.0000 1.0000
vn 0.0000 0.0000 1.0000
vn 0.0000 0.0000 1.0000
vn 0.0000 0.0000 1.0000
vn 0.0000 0.0000 1.0000
vn 0.0000 0.0000 1.0000
vn 0.0000 0.0000 1.0000
vn 0.0000 0.0000 1.0000
vn 0.0000 0.0000 1.0000
vn 0.0000 0.0000 1.0000
vn 0.0000 0.0000 1.0000
vn 0.0000 0.0000 1.0000
vn 0.0000 0.0000 1.0000
vn 0.0000 0.0000 1.0000
vn 0.0000 0.0000 1.0000
vn 0.0000 0.0000 1.0000
vn 0.0000 0.0000 1.0000
vn 0.0000 0.0000 1.0000
vn 0.0000 0.0000 1.0000
vn 0.0000 0.0000 1.0000
vn 0.0000 0.0000 1.0000
vn 0.0000 0.0000 1.0000
vn 0.0000 0.0000 1.0000
vn 0.0000 0.0000 1.0000
vn 0.0000 0.0000 1.0000
vn 0.0000 0.0000 1.0000
vn 0.0000 0.0000 1.0000
vn 0.0000 0.0000 1.0000
vn 0.0000 0.0000 1.0000
vn 0.0000 0.0000 1.0000
vn 0.0000 0.0000 1.0000
vn 0.0000 0.0000 1.0000
vn 0.0000 0.0000 1.0000
vn 0.0000 0.0000 1.0000
vn 0.0000 0.0000 1.0000
vn 0.0000 0.0000 1.0000
vn 0.0000 0.0000 1.0000
vn 0.0000 0.0000 1.0000
vn 0.0000 0.0000 1.0000
vn 0.0000 0.0000 1.0000
vn 0.0000 0.0000 1.0000
vn 0.0000 0.0000 1.0000
vn 0.0000 0.0000 1.0000
vn 0.0000 0.0000 1.0000
vn 0.0000 0.0000 1.0000
vn 0.0000 0.0000 1.0000
vn 0.0000 0.0000 1.0000
vn 0.0000 0.0000 1.0000
vn 0.0000 0.0000 1.0000
vn 0.0000 0.0000 1.0000
vn 0.0000 0.0000 1.0000
vn 0.0000 0.0000 1.0000
vn 0.0000 0.0000 1.0000
vn 0.0000 0.0000 1.0000
vn 0.0000 0.0000 1.0000
vn 0.0000 0.0000 1.0000
vn 0.0000 0.0000 1.0000
vn 0.0000 0.0000 1.0000
vn 0.0000 0.0000 1.0000
vn 0.0000 0.0000 1.0000
vn 0.0000 0.0000 1.0000
vn 0.0000 0.0000 1.0000
vn 0.0000 0.0000 1.0000
vn 0.0000 0.0000 1.0000
vn 0.0000 0.0000 1.0000
vn 0.0000 0.0000 1.0000
vn 0.0000 0.0000 1.0000
vn 0.0000 0.0000 1.0000
vn 0.0000 0.0000 1.0000
vn 0.0000 0.0000 1.0000
vn 0.0000 0.0000 1.0000
vn 0.0000 0.0000 1.0000
vn 0.0000 0.0000 1.0000
vn 0.0000 0.0000 1.0000
vn 0.0000 0.0000 1.0000
vn 0.0000 0.0000 1.0000
vn 0.0000 0.0000 1.0000
vn 0.0000 0.0000 1.0000
vn 0.0000 0.0000 1.0000
vn 0.0000 0.0000 1.0000
vn 0.0000 0.0000 1.0000
vn 0.0000 0.0000 1.0000
vn 0.0000 0.0000 1.0000
vn 0.0000 0.0000 1.0000
vn 0.0000 0.0000 1.0000
vn 0.0000 0.0000 1.0000
vn 0.0000 0.0000 1.0000
vn 0.0000 0.0000 1.0000
vn 0.0000 0.0000 1.0000
vn 0.0000 0.0000 1.0000
vn 0.0000 0.0000 1.0000
vn 0.0000 0.0000 1.0000
vn 0.0000 0.0000 1.0000
vn 0.0000 0.0000 1.0000
vn 0.0000 0.0000 1.0000
vn 0.0000 0.0000 1.0000
vn 0.0000 0.0000 1.0000
vn 0.0000 0.0000 1.0000
vn 0.0000 0.0000 1.0000
vn 0.0000 0.0000 1.0000
vn 0.0000 0.0000 1.0000
vn 0.0000 0.0000 1.0000
vn 0.0000 0.0000 1.0000
vn 0.0000 0.0000 1.0000
vn 0.0000 0.0000 1.0000
vn 0.0000 0.0000 1.0000
vn 0.0000 0.0000 1.0000
vn 0.0000 0.0000 1.0000
vn 0.0000 0.0000 1.0000
vn 0.0000 0.0000 1.0000
vn 0.0000 0.0000 1.0000
vn 0.0000 0.0000 1.0000
vn 0.0000 0.0000 1.0000
vn 0.0000 0.0000 1.0000
vn 0.0000 0.0000 1.0000
vn 0.0000 0.0000 1.0000
vn 0.0000 0.0000 1.0000
vn 0.0000 0.0000 1.0000
vn 0.0000 0.0000 1.0000
vn 0.0000 0.0000 1.0000
vn 0.0000 0.0000 1.0000
vn 0.0000 0.0000 1.0000
vn 0.0000 0.0000 1.0000
vn 0.0000 0.0000 1.0000
vn 0.0000 0.0000 1.0000
vn 0.0000 0.0000 1.0000
vn 0.0000 0.0000 1.0000
vn 0.0000 0.0000 1.0000
vn 0.0000 0.0000 1.0000
vn 0.0000 0.0000 1.0000
vn 0.0000 0.0000 1.0000
vn 0.0000 0.0000 1.0000
vn 0.0000 0.0000 1.0000
vn 0.0000 0.0000 1.0000
vn 0.0000 0.0000 1.0000
vn 0.0000 0.0000 1.0000
vn 0.0000 0.0000 1.0000
vn 0.0000 0.0000 1.0000
vn 0.0000 0.0000 1.0000
vn 0.0000 0.0000 1.0000
vn 0.0000 0.0000 1.0000
vn 0.0000 0.0000 1.0000
vn 0.0000 0.0000 1.0000
vn 0.0000 0.0000 1.0000
vn 0.0000 0.0000 1.0000
vn 0.0000 0.0000 1.0000
vn 0.0000 0.0000 1.0000
vn 0.0000 0.0000 1.0000
vn 0.0000 0.0000 1.0000
vn 0.0000 0.0000 1.0000
vn 0.0000 0.0000 1.0000
vn 0.0000 0.0000 1.0000
vn 0.0000 0.0000 1.0000
vn 0.0000 0.0000 1.0000
vn 0.0000 0.0000 1.0000
vn 0.0000 0.0000 1.0000
vn 0.0000 0.0000 1.0000
vn 0.0000 0.0000 1.0000
vn 0.0000 0.0000 1.0000
vn 0.0000 0.0000 1.0000
vn 0.0000 0.0000 1.0000
vn 0.0000 0.0000 1.0000
vn 0.0000 0.0000 1.0000
vn 0.0000 0.0000 1.0000
vn 0.0000 0.0000 1.0000
vn 0.0000 0.0000 1.0000
vn 0.0000 0.0000 1.0000
vn 0.0000 0.0000 1.0000
vn 0.0000 0.0000 1.0000
vn 0.0000 0.0000 1.0000
vn 0.0000 0.0000 1.0000
vn 0.0000 0.0000 1.0000
vn 0.0000 0.0000 1.0000
vn 0.0000 0.0000 1.0000
vn 0.0000 0.0000 1.0000
vn 0.0000 0.0000 1.0000
vn 0.0000 0.0000 1.0000
vn 0.0000 0.0000 1.0000
vn 0.0000 0.0000 1.0000
vn 0.0000 0.0000 1.0000
vn 0.0000 0.0000 1.0000
vn 0.0000 0.0000 1.0000
vn 0.0000 0.0000 1.0000
vn 0.0000 0.0000 1.0000
vn 0.0000 0.0000 1.0000
vn 0.0000 0.0000 1.0000
vn 0.0000 0.0000 1.0000
vn 0.0000 0.0000 1.0000
vn 0.0000 0.0000 1.0000
vn 0.0000 0.0000 1.0000
vn 0.0000 0.0000 1.0000
vn 0.0000 0.0000 1.0000
vn 0.0000 0.0000 1.0000
vn 0.0000 0.0000 1.0000
vn 0.0000 0.0000 1.0000
vn 0.0000 0.0000 1.0000
vn 0.0000 0.0000 1.0000
vn 0.0000 0.0000 1.0000
vn 0.0000 0.0000 1.0000
vn 0.0000 0.0000 1.0000
vn 0.0000 0.0000 1.0000
vn 0.0000 0.0000 1.0000
vn 0.0000 0.0000 1.0000
vn 0.0000 0.0000 1.0000
vn 0.0000 0.0000 1.0000
vn 0.0000 0.0000 1.0000
vn 0.0000 0.0000 1.0000
vn 0.0000 0.0000 1.0000
vn 0.0000 0.0000 1.0000
vn 0.0000 0.0000 1.0000
vn 0.0000 0.0000 1.0000
vn 0.0000 0.0000 1.0000
vn 0.0000 0.0000 1.0000
vn 0.0000 0.0000 1.0000
vn 0.0000 0.0000 1.0000
vn 0.0000 0.0000 1.0000
vn 0.0000 0.0000 1.0000
vn 0.0000 0.0000 1.0000
vn 0.0000 0.0000 1.0000
vn 0.0000 0.0000 1.0000
vn 0.0000 0.0000 1.0000
vn 0.0000 0.0000 1.0000
vn 0.0000 0.0000 1.0000
vn 0.0000 0.0000 1.0000
vn 0.0000 0.0000 1.0000
vn 0.0000 0.0000 1.0000
vn 0.0000 0.0000 1.0000
vn 0.0000 0.0000 1.0000
vn 0.0000 0.0000 1.0000
vn 0.0000 0.0000 1.0000
vn 0.0000 0.0000 1.0000
vn 0.0000 0.0000 1.0000
vn 0.0000 0.0000 1.0000
vn 0.0000 0.0000 1.0000
vn 0.0000 0.0000 1.0000
vn 0.0000 0.0000 1.0000
vn 0.0000 0.0000 1.0000
vn 0.0000 0.0000 1.0000
vn 0.0000 0.0000 1.0000
vn 0.0000 0.0000 1.0000
vn 0.0000 0.0000 1.0000
vn 0.0000 0.0000 1.0000
vn 0.0000 0.0000 1.0000
vn 0.0000 0.0000 1.0000
vn 0.0000 0.0000 1.0000
vn 0.0000 0.0000 1.0000
vn 0.0000 0.0000 1.0000
vn 0.0000 0.0000 1.0000
vn 0.0000 0.0000 1.0000
vn 0.0000 0.0000 1.0000
vn 0.0000 0.0000 1.0000
vn 0.0000 0.0000 1.0000
vn 0.0000 0.0000 1.0000
vn 0.0000 0.0000 1.0000
vn 0.0000 0.0000 1.0000
vn 0.0000 0.0000 1.0000
vn 0.0000 0.0000 1.0000
vn 0.0000 0.0000 1.0000
vn 0.0000 0.0000 1.0000
vn 0.0000 0.0000 1.0000
vn 0.0000 0.0000 1.0000
vn 0.0000 0.0000 1.0000
vn 0.0000 0.0000 1.0000
vn 0.0000 0.0000 1.0000
vn 0.0000 0.0000 1.0000
vn 0.0000 0.0000 1.0000
vn 0.0000 0.0000 1.0000
vn 0.0000 0.0000 1.0000
vn 0.0000 0.0000 1.0000
vn 0.0000 0.0000 1.0000
vn 0.0000 0.0000 1.0000
vn 0.0000 0.0000 1.0000
vn 0.0000 0.0000 1.0000
vn 0.0000 0.0000 1.0000
vn 0.0000 0.0000 1.0000
vn 0.0000 0.0000 1.0000
vn 0.0000 0.0000 1.0000
vn 0.0000 0.0000 1.0000
vn 0.0000 0.0000 1.0000
vn 0.0000 0.0000 1.0000
vn 0.0000 0.0000 1.0000
vn 0.0000 0.0000 1.0000
vn 0.0000 0.0000 1.0000
vn 0.0000 0.0000 1.0000
vn 0.0000 0.0000 1.0000
vn 0.0000 0.0000 1.0000
vn 0.0000 0.0000 1.0000
vn 0.0000 0.0000 1.0000
vn 0.0000 0.0000 1.0000
vn 0.0000 0.0000 1.0000
vn 0.0000 0.0000 1.0000
vn 0.0000 0.0000 1.0000
vn 0.0000 0.0000 1.0000
vn 0.0000 0.0000 1.0000
vn 0.0000 0.0000 1.0000
vn 0.0000 0.0000 1.0000
vn 0.0000 0.0000 1.0000
vn 0.0000 0.0000 1.0000
vn 0.0000 0.0000 1.0000
vn 0.0000 0.0000 1.0000
vn 0.0000 0.0000 1.0000
vn 0.0000 0.0000 1.0000
vn 0.0000 0.0000 1.0000
vn 0.0000 0.0000 1.0000
vn 0.0000 0.0000 1.0000
vn 0.0000 0.0000 1.0000
vn 0.0000 0.0000 1.0000
vn 0.0000 0.0000 1.0000
vn 0.0000 0.0000 1.0000
vn 0.0000 0.0000 1.0000
vn 0.0000 0.0000 1.0000
vn 0.0000 0.0000 1.0000
vn 0.0000 0.0000 1.0000
vn 0.0000 0.0000 1.0000
vn 0.0000 0.0000 1.0000
vn 0.0000 0.0000 1.0000
vn 0.0000 0.0000 1.0000
vn 0.0000 0.0000 1.0000
vn 0.0000 0.0000 1.0000
vn 0.0000 0.0000 1.0000
vn 0.0000 0.0000 1.0000
vn 0.0000 0.0000 1.0000
vn 0.0000 0.0000 1.0000
vn 0.0000 0.0000 1.0000
vn 0.0000 0.0000 1.0000
vn 0.0000 0.0000 1.0000
vn 0.0000 0.0000 1.0000
vn 0.0000 0.0000 1.0000
vn 0.0000 0.0000 1.0000
vn 0.0000 0.0000 1.0000
vn 0.0000 0.0000 1.0000
vn 0.0000 0.0000 1.0000
vn 0.0000 0.0000 1.0000
vn 0.0000 0.0000 1.0000
vn 0.0000 0.0000 1.0000
vn 0.0000 0.0000 1.0000
vn 0.0000 0.0000 1.0000
vn 0.0000 0.0000 1.0000
vn 0.0000 0.0000 1.0000
vn 0.0000 0.0000 1.0000
vn 0.0000 0.0000 1.0000
vn 0.0000 0.0000 1.0000
vn 0.0000 0.0000 1.0000
vn 0.0000 0.0000 1.0000
vn 0.0000 0.0000 1.0000
vn 0.0000 0.0000 1.0000
vn 0.0000 0.0000 1.0000
vn 0.0000 0.0000 1.0000
vn 0.0000 0.0000 1.0000
vn 0.0000 0.0000 1.0000
vn 0.0000 0.0000 1.0000
vn 0.0000 0.0000 1.0000
vn 0.0000 0.0000 1.0000
vn 0.0000 0.0000 1.0000
vn 0.0000 0.0000 1.0000
vn 0.0000 0.0000 1.0000
vn 0.0000 0.0000 1.0000
vn 0.0000 0.0000 1.0000
vn 0.0000 0.0000 1.0000
vn 0.0000 0.0000 1.0000
vn 0.0000 0.0000 1.0000
vn 0.0000 0.0000 1.0000
vn 0.0000 0.0000 1.0000
vn 0.0000 0.0000 1.0000
vn 0.0000 0.0000 1.0000
vn 0.0000 0.0000 1.0000
vn 0.0000 0.0000 1.0000
vn 0.0000 0.0000 1.0000
vn 0.0000 0.0000 1.0000
vn 0.0000 0.0000 1.0000
vn 0.0000 0.0000 1.0000
vn 0.0000 0.0000 1.0000
vn 0.0000 0.0000 1.0000
vn 0.0000 0.0000 1.0000
vn 0.0000 0.0000 1.0000
vn 0.0000 0.0000 1.0000
vn 0.0000 0.0000 1.0000
vn 0.0000 0.0000 1.0000
vn 0.0000 0.0000 1.0000
vn 0.0000 0.0000 1.0000
vn 0.0000 0.0000 1.0000
vn 0.0000 0.0000 1.0000
vn 0.0000 0.0000 1.0000
vn 0.0000 0.0000 1.0000
vn 0.0000 0.0000 1.0000
vn 0.0000 0.0000 1.0000
vn 0.0000 0.0000 1.0000
vn 0.0000 0.0000 1.0000
vn 0.0000 0.0000 1.0000
vn 0.0000 0.0000 1.0000
vn 0.0000 0.0000 1.0000
vn 0.0000 0.0000 1.0000
vn 0.0000 0.0000 1.0000
vn 0.0000 0.0000 1.0000
vn 0.0000 0.0000 1.0000
vn 0.0000 0.0000 1.0000
vn 0.0000 0.0000 1.0000
vn 0.0000 0.0000 1.0000
vn 0.0000 0.0000 1.0000
vn 0.0000 0.0000 1.0000
vn 0.0000 0.0000 1.0000
vn 0.0000 0.0000 1.0000
vn 0.0000 0.0000 1.0000
vn 0.0000 0.0000 1.0000
vn 0.0000 0.0000 1.0000
vn 0.0000 0.0000 1.0000
vn 0.0000 0.0000 1.0000
vn 0.0000 0.0000 1.0000
vn 0.0000 0.0000 1.0000
vn 0.0000 0.0000 1.0000
vn 0.0000 0.0000 1.0000
vn 0.0000 0.0000 1.0000
vn 0.0000 0.0000 1.0000
vn 0.0000 0.0000 1.0000
vn 0.0000 0.0000 1.0000
vn 0.0000 0.0000 1.0000
vn 0.0000 0.0000 1.0000
vn 0.0000 0.0000 1.0000
vn 0.0000 0.0000 1.0000
vn 0.0000 0.0000 1.0000
vn 0.0000 0.0000 1.0000
vn 0.0000 0.0000 1.0000
vn 0.0000 0.0000 1.0000
vn 0.0000 0.0000 1.0000
vn 0.0000 0.0000 1.0000
vn 0.0000 0.0000 1.0000
vn 0.0000 0.0000 1.0000
vn 0.0000 0.0000 1.0000
vn 0.0000 0.0000 1.0000
vn 0.0000 0.0000 1.0000
vn 0.0000 0.0000 1.0000
vn 0.0000 0.0000 1.0000
vn 0.0000 0.0000 1.0000
vn 0.0000 0.0000 1.0000
vn 0.0000 0.0000 1.0000
vn 0.0000 0.0000 1.0000
vn 0.0000 0.0000 1.0000
vn 0.0000 0.0000 1.0000
vn 0.0000 0.0000 1.0000
vn 0.0000 0.0000 1.0000
vn 0.0000 0.0000 1.0000
vn 0.0000 0.0000 1.0000
vn 0.0000 0.0000 1.0000
vn 0.0000 0.0000 1.0000
vn 0.0000 0.0000 1.0000
vn 0.0000 0.0000 1.0000
vn 0.0000 0.0000 1.0000
vn 0.0000 0.0000 1.0000
vn 0.0000 0.0000 1.0000
vn 0.0000 0.0000 1.0000
vn 0.0000 0.0000 1.0000
vn 0.0000 0.0000 1.0000
vn 0.0000 0.0000 1.0000
vn 0.0000 0.0000 1.0000
vn 0.0000 0.0000 1.0000
vn 0.0000 0.0000 1.0000
vn 0.0000 0.0000 1.0000
vn 0.0000 0.0000 1.0000
vn 0.0000 0.0000 1.0000
vn 0.0000 0.0000 1.0000
vn 0.0000 0.0000 1.0000
vn 0.0000 0.0000 1.0000
vn 0.0000 0.0000 1.0000
vn 0.0000 0.0000 1.0000
vn 0.0000 0.0000 1.0000
vn 0.0000 0.0000 1.0000
vn 0.0000 0.0000 1.0000
vn 0.0000 0.0000 1.0000
vn 0.0000 0.0000 1.0000
vn 0.0000 0.0000 1.0000
vn 0.0000 0.0000 1.0000
vn 0.0000 0.0000 1.0000
vn 0.0000 0.0000 1.0000
vn 0.0000 0.0000 1.0000
vn 0.0000 0.0000 1.0000
vn 0.0000 0.0000 1.0000
vn 0.0000 0.0000 1.0000
vn 0.0000 0.0000 1.0000
vn 0.0000 0.0000 1.0000
vn 0.0000 0.0000 1.0000
vn 0.0000 0.0000 1.0000
vn 0.0000 0.0000 1.0000
vn 0.0000 0.0000 1.0000
vn 0.0000 0.0000 1.0000
vn 0.0000 0.0000 1.0000
vn 0.0000 0.0000 1.0000
vn 0.0000 0.0000 1.0000
vn 0.0000 0.0000 1.0000
vn 0.0000 0.0000 1.0000
vn 0.0000 0.0000 1.0000
vn 0.0000 0.0000 1.0000
vn 0.0000 0.0000 1.0000
vn 0.0000 0.0000 1.0000
vn 0.0000 0.0000 1.0000
vn 0.0000 0.0000 1.0000
vn 0.0000 0.0000 1.0000
vn 0.0000 0.0000 1.0000
vn 0.0000 0.0000 1.0000
vn 0.0000 0.0000 1.0000
vn 0.0000 0.0000 1.0000
vn 0.0000 0.0000 1.0000
vn 0.0000 0.0000 1.0000
vn 0.0000 0.0000 1.0000
vn 0.0000 0.0000 1.0000
vn 0.0000 0.0000 1.0000
vn 0.0000 0.0000 1.0000
vn 0.0000 0.0000 1.0000
vn 0.0000 0.0000 1.0000
vn 0.0000 0.0000 1.0000
vn 0.0000 0.0000 1.0000
vn 0.0000 0.0000 1.0000
vn 0.0000 0.0000 1.0000
vn 0.0000 0.0000 1.0000
vn 0.0000 0.0000 1.0000
vn 0.0000 0.0000 1.0000
vn 0.0000 0.0000 1.0000
vn 0.0000 0.0000 1.0000
vn 0.0000 0.0000 1.0000
vn 0.0000 0.0000 1.0000
vn 0.0000 0.0000 1.0000
vn 0.0000 0.0000 1.0000
vn 0.0000 0.0000 1.0000
vn 0.0000 0.0000 1.0000
vn 0.0000 0.0000 1.0000
vn 0.0000 0.0000 1.0000
vn 0.0000 0.0000 1.0000
vn 0.0000 0.0000 1.0000
vn 0.0000 0.0000 1.0000
vn 0.0000 0.0000 1.0000
vn 0.0000 0.0000 1.0000
vn 0.0000 0.0000 1.0000
vn 0.0000 0.0000 1.0000
vn 0.0000 0.0000 1.0000
vn 0.0000 0.0000 1.0000
vn 0.0000 0.0000 1.0000
vn 0.0000 0.0000 1.0000
vn 0.0000 0.0000 1.0000
vn 0.0000 0.0000 1.0000
vn 0.0000 0.0000 1.0000
vn 0.0000 0.0000 1.0000
vn 0.0000 0.0000 1.0000
vn 0.0000 0.0000 1.0000
vn 0.0000 0.0000 1.0000
vn 0.0000 0.0000 1.0000
vn 0.0000 0.0000 1.0000
vn 0.0000 0.0000 1.0000
vn 0.0000 0.0000 1.0000
vn 0.0000 0.0000 1.0000
vn 0.0000 0.0000 1.0000
vn 0.0000 0.0000 1.0000
vn 0.0000 0.0000 1.0000
vn 0.0000 0.0000 1.0000
vn 0.0000 0.0000 1.0000
vn 0.0000 0.0000 1.0000
vn 0.0000 0.0000 1.0000
vn 0.0000 0.0000 1.0000
vn 0.0000 0.0000 1.0000
vn 0.0000 0.0000 1.0000
vn 0.0000 0.0000 1.0000
vn 0.0000 0.0000 1.0000
vn 0.0000 0.0000 1.0000
vn 0.0000 0.0000 1.0000
vn 0.0000 0.0000 1.0000
vn 0.0000 0.0000 1.0000
vn 0.0000 0.0000 1.0000
vn 0.0000 0.0000 1.0000
vn 0.0000 0.0000 1.0000
vn 0.0000 0.0000 1.0000
vn 0.0000 0.0000 1.0000
vn 0.0000 0.0000 1.0000
vn 0.0000 0.0000 1.0000
vn 0.0000 0.0000 1.0000
vn 0.0000 0.0000 1.0000
vn 0.0000 0.0000 1.0000
vn 0.0000 0.0000 1.0000
vn 0.0000 0.0000 1.0000
vn 0.0000 0.0000 1.0000
vn 0.0000 0.0000 1.0000
vn 0.0000 0.0000 1.0000
vn 0.0000 0.0000 1.0000
vn 0.0000 0.0000 1.0000
vn 0.0000 0.0000 1.0000
vn 0.0000 0.0000 1.0000
vn 0.0000 0.0000 1.0000
vn 0.0000 0.0000 1.0000
vn 0.0000 0.0000 1.0000
vn 0.0000 0.0000 1.0000
vn 0.0000 0.0000 1.0000
vn 0.0000 0.0000 1.0000
vn 0.0000 0.0000 1.0000
vn 0.0000 0.0000 1.0000
vn 0.0000 0.0000 1.0000
vn 0.0000 0.0000 1.0000
vn 0.0000 0.0000 1.0000
vn 0.0000 0.0000 1.0000
vn 0.0000 0.0000 1.0000
vn 0.0000 0.0000 1.0000
vn 0.0000 0.0000 1.0000
vn 0.0000 0.0000 1.0000
vn 0.0000 0.0000 1.0000
vn 0.0000 0.0000 1.0000
vn 0.0000 0.0000 1.0000
vn 0.0000 0.0000 1.0000
vn 0.0000 0.0000 1.0000
vn 0.0000 0.0000 1.0000
vn 0.0000 0.0000 1.0000
vn 0.0000 0.0000 1.0000
vn 0.0000 0.0000 1.0000
vn 0.0000 0.0000 1.0000
vn 0.0000 0.0000 1.0000
vn 0.0000 0.0000 1.0000
vn 0.0000 0.0000 1.0000
vn 0.0000 0.0000 1.0000
vn 0.0000 0.0000 1.0000
vn 0.0000 0.0000 1.0000
vn 0.0000 0.0000 1.0000
vn 0.0000 0.0000 1.0000
vn 0.0000 0.0000 1.0000
vn 0.0000 0.0000 1.0000
vn 0.0000 0.0000 1.0000
vn 0.0000 0.0000 1.0000
vn 0.0000 0.0000 1.0000
vn 0.0000 0.0000 1.0000
vn 0.0000 0.0000 1.0000
vn 0.0000 0.0000 1.0000
vn 0.0000 0.0000 1.0000
vn 0.0000 0.0000 1.0000
vn 0.0000 0.0000 1.0000
vn 0.0000 0.0000 1.0000
vn 0.0000 0.0000 1.0000
vn 0.0000 0.0000 1.0000
vn 0.0000 0.0000 1.0000
vn 0.0000 0.0000 1.0000
vn 0.0000 0.0000 1.0000
vn 0.0000 0.0000 1.0000
vn 0.0000 0.0000 1.0000
vn 0.0000 0.0000 1.0000
vn 0.0000 0.0000 1.0000
vn 0.0000 0.0000 1.0000
vn 0.0000 0.0000 1.0000
vn 0.0000 0.0000 1.0000
vn 0.0000 0.0000 1.0000
vn 0.0000 0.0000 1.0000
vn 0.0000 0.0000 1.0000
vn 0.0000 0.0000 1.0000
vn 0.0000 0.0000 1.0000
vn 0.0000 0.0000 1.0000
vn 0.0000 0.0000 1.0000
vn 0.0000 0.0000 1.0000
vn 0.0000 0.0000 1.0000
vn 0.0000 0.0000 1.0000
vn 0.0000 0.0000 1.0000
vn 0.0000 0.0000 1.0000
vn 0.0000 0.0000 1.0000
vn 0.0000 0.0000 1.0000
vn 0.0000 0.0000 1.0000
vn 0.0000 0.0000 1.0000
vn 0.0000 0.0000 1.0000
vn 0.0000 0.0000 1.0000
vn 0.0000 0.0000 1.0000
vn 0.0000 0.0000 1.0000
vn 0.0000 0.0000 1.0000
vn 0.0000 0.0000 1.0000
# 1160 normals

vt 0.0000 0.0000
vt 0.0000 0.0000
vt 0.0000 0.0000
vt 0.0000 0.0000
vt 0.0000 0.0000
vt 0.0000 0.0000
vt 0.0000 0.0000
vt 0.0000 0.0000
vt 0.0000 0.0000
vt 0.0000 0.0000
vt 0.0000 0.0000
vt 0.0000 0.0000
vt 0.0000 0.0000
vt 0.0000 0.0000
vt 0.0000 0.0000
vt 0.0000 0.0000
vt 0.0000 0.0000
vt 0.0000 0.0000
vt 0.0000 0.0000
vt 0.0000 0.0000
vt 0.0000 0.0000
vt 0.0000 0.0000
vt 0.0000 0.0000
vt 0.0000 0.0000
vt 0.0000 0.0000
vt 0.0000 0.0000
vt 0.0000 0.0000
vt 0.0000 0.0000
vt 0.0000 0.0000
vt 0.0000 0.0000
vt 0.0000 0.0000
vt 0.0000 0.0000
vt 0.0000 0.0000
vt 0.0000 0.0000
vt 0.0000 0.0000
vt 0.0000 0.0000
vt 0.0000 0.0000
vt 0.0000 0.0000
vt 0.0000 0.0000
vt 0.0000 0.0000
vt 0.0000 0.0000
vt 0.0000 0.0000
vt 0.0000 0.0000
vt 0.0000 0.0000
vt 0.0000 0.0000
vt 0.0000 0.0000
vt 0.0000 0.0000
vt 0.0000 0.0000
vt 0.0000 0.0000
vt 0.0000 0.0000
vt 0.0000 0.0000
vt 0.0000 0.0000
vt 0.0000 0.0000
vt 0.0000 0.0000
vt 0.0000 0.0000
vt 0.0000 0.0000
vt 0.0000 0.0000
vt 0.0000 0.0000
vt 0.0000 0.0000
vt 0.0000 0.0000
vt 0.0000 0.0000
vt 0.0000 0.0000
vt 0.0000 0.0000
vt 0.0000 0.0000
vt 0.0000 0.0000
vt 0.0000 0.0000
vt 0.0000 0.0000
vt 0.0000 0.0000
vt 0.0000 0.0000
vt 0.0000 0.0000
vt 0.0000 0.0000
vt 0.0000 0.0000
vt 0.0000 0.0000
vt 0.0000 0.0000
vt 0.0000 0.0000
vt 0.0000 0.0000
vt 0.0000 0.0000
vt 0.0000 0.0000
vt 0.0000 0.0000
vt 0.0000 0.0000
vt 0.0000 0.0000
vt 0.0000 0.0000
vt 0.0000 0.0000
vt 0.0000 0.0000
vt 0.0000 0.0000
vt 0.0000 0.0000
vt 0.0000 0.0000
vt 0.0000 0.0000
vt 0.0000 0.0000
vt 0.0000 0.0000
vt 0.0000 0.0000
vt 0.0000 0.0000
vt 0.0000 0.0000
vt 0.0000 0.0000
vt 0.0000 0.0000
vt 0.0000 0.0000
vt 0.0000 0.0000
vt 0.0000 0.0000
vt 0.0000 0.0000
vt 0.0000 0.0000
vt 0.0000 0.0000
vt 0.0000 0.0000
vt 0.0000 0.0000
vt 0.0000 0.0000
vt 0.0000 0.0000
vt 0.0000 0.0000
vt 0.0000 0.0000
vt 0.0000 0.0000
vt 0.0000 0.0000
vt 0.0000 0.0000
vt 0.0000 0.0000
vt 0.0000 0.0000
vt 0.0000 0.0000
vt 0.0000 0.0000
vt 0.0000 0.0000
vt 0.0000 0.0000
vt 0.0000 0.0000
vt 0.0000 0.0000
vt 0.0000 0.0000
vt 0.0000 0.0000
vt 0.0000 0.0000
vt 0.0000 0.0000
vt 0.0000 0.0000
vt 0.0000 0.0000
vt 0.0000 0.0000
vt 0.0000 0.0000
vt 0.0000 0.0000
vt 0.0000 0.0000
vt 0.0000 0.0000
vt 0.0000 0.0000
vt 0.0000 0.0000
vt 0.0000 0.0000
vt 0.0000 0.0000
vt 0.0000 0.0000
vt 0.0000 0.0000
vt 0.0000 0.0000
vt 0.0000 0.0000
vt 0.0000 0.0000
vt 0.0000 0.0000
vt 0.0000 0.0000
vt 0.0000 0.0000
vt 0.0000 0.0000
vt 0.0000 0.0000
vt 0.0000 0.0000
vt 0.0000 0.0000
vt 0.0000 0.0000
vt 0.0000 0.0000
vt 0.0000 0.0000
vt 0.0000 0.0000
vt 0.0000 0.0000
vt 0.0000 0.0000
vt 0.0000 0.0000
vt 0.0000 0.0000
vt 0.0000 0.0000
vt 0.0000 0.0000
vt 0.0000 0.0000
vt 0.0000 0.0000
vt 0.0000 0.0000
vt 0.0000 0.0000
vt 0.0000 0.0000
vt 0.0000 0.0000
vt 0.0000 0.0000
vt 0.0000 0.0000
vt 0.0000 0.0000
vt 0.0000 0.0000
vt 0.0000 0.0000
vt 0.0000 0.0000
vt 0.0000 0.0000
vt 0.0000 0.0000
vt 0.0000 0.0000
vt 0.0000 0.0000
vt 0.0000 0.0000
vt 0.0000 0.0000
vt 0.0000 0.0000
vt 0.0000 0.0000
vt 0.0000 0.0000
vt 0.0000 0.0000
vt 0.0000 0.0000
vt 0.0000 0.0000
vt 0.0000 0.0000
vt 0.0000 0.0000
vt 0.0000 0.0000
vt 0.0000 0.0000
vt 0.0000 0.0000
vt 0.0000 0.0000
vt 0.0000 0.0000
vt 0.0000 0.0000
vt 0.0000 0.0000
vt 0.0000 0.0000
vt 0.0000 0.0000
vt 0.0000 0.0000
vt 0.0000 0.0000
vt 0.0000 0.0000
vt 0.0000 0.0000
vt 0.0000 0.0000
vt 0.0000 0.0000
vt 0.0000 0.0000
vt 0.0000 0.0000
vt 0.0000 0.0000
vt 0.0000 0.0000
vt 0.0000 0.0000
vt 0.0000 0.0000
vt 0.0000 0.0000
vt 0.0000 0.0000
vt 0.0000 0.0000
vt 0.0000 0.0000
vt 0.0000 0.0000
vt 0.0000 0.0000
vt 0.0000 0.0000
vt 0.0000 0.0000
vt 0.0000 0.0000
vt 0.0000 0.0000
vt 0.0000 0.0000
vt 0.0000 0.0000
vt 0.0000 0.0000
vt 0.0000 0.0000
vt 0.0000 0.0000
vt 0.0000 0.0000
vt 0.0000 0.0000
vt 0.0000 0.0000
vt 0.0000 0.0000
vt 0.0000 0.0000
vt 0.0000 0.0000
vt 0.0000 0.0000
vt 0.0000 0.0000
vt 0.0000 0.0000
vt 0.0000 0.0000
vt 0.0000 0.0000
vt 0.0000 0.0000
vt 0.0000 0.0000
vt 0.0000 0.0000
vt 0.0000 0.0000
vt 0.0000 0.0000
vt 0.0000 0.0000
vt 0.0000 0.0000
vt 0.0000 0.0000
vt 0.0000 0.0000
vt 0.0000 0.0000
vt 0.0000 0.0000
vt 0.0000 0.0000
vt 0.0000 0.0000
vt 0.0000 0.0000
vt 0.0000 0.0000
vt 0.0000 0.0000
vt 0.0000 0.0000
vt 0.0000 0.0000
vt 0.0000 0.0000
vt 0.0000 0.0000
vt 0.0000 0.0000
vt 0.0000 0.0000
vt 0.0000 0.0000
vt 0.0000 0.0000
vt 0.0000 0.0000
vt 0.0000 0.0000
vt 0.0000 0.0000
vt 0.0000 0.0000
vt 0.0000 0.0000
vt 0.0000 0.0000
vt 0.0000 0.0000
vt 0.0000 0.0000
vt 0.0000 0.0000
vt 0.0000 0.0000
vt 0.0000 0.0000
vt 0.0000 0.0000
vt 0.0000 0.0000
vt 0.0000 0.0000
vt 0.0000 0.0000
vt 0.0000 0.0000
vt 0.0000 0.0000
vt 0.0000 0.0000
vt 0.0000 0.0000
vt 0.0000 0.0000
vt 0.0000 0.0000
vt 0.0000 0.0000
vt 0.0000 0.0000
vt 0.0000 0.0000
vt 0.0000 0.0000
vt 0.0000 0.0000
vt 0.0000 0.0000
vt 0.0000 0.0000
vt 0.0000 0.0000
vt 0.0000 0.0000
vt 0.0000 0.0000
vt 0.0000 0.0000
vt 0.0000 0.0000
vt 0.0000 0.0000
vt 0.0000 0.0000
vt 0.0000 0.0000
vt 0.0000 0.0000
vt 0.0000 0.0000
vt 0.0000 0.0000
vt 0.0000 0.0000
vt 0.0000 0.0000
vt 0.0000 0.0000
vt 0.0000 0.0000
vt 0.0000 0.0000
vt 0.0000 0.0000
vt 0.0000 0.0000
vt 0.0000 0.0000
vt 0.0000 0.0000
vt 0.0000 0.0000
vt 0.0000 0.0000
vt 0.0000 0.0000
vt 0.0000 0.0000
vt 0.0000 0.0000
vt 0.0000 0.0000
vt 0.0000 0.0000
vt 0.0000 0.0000
vt 0.0000 0.0000
vt 0.0000 0.0000
vt 0.0000 0.0000
vt 0.0000 0.0000
vt 0.0000 0.0000
vt 0.0000 0.0000
vt 0.0000 0.0000
vt 0.0000 0.0000
vt 0.0000 0.0000
vt 0.0000 0.0000
vt 0.0000 0.0000
vt 0.0000 0.0000
vt 0.0000 0.0000
vt 0.0000 0.0000
vt 0.0000 0.0000
vt 0.0000 0.0000
vt 0.0000 0.0000
vt 0.0000 0.0000
vt 0.0000 0.0000
vt 0.0000 0.0000
vt 0.0000 0.0000
vt 0.0000 0.0000
vt 0.0000 0.0000
vt 0.0000 0.0000
vt 0.0000 0.0000
vt 0.0000 0.0000
vt 0.0000 0.0000
vt 0.0000 0.0000
vt 0.0000 0.0000
vt 0.0000 0.0000
vt 0.0000 0.0000
vt 0.0000 0.0000
vt 0.0000 0.0000
vt 0.0000 0.0000
vt 0.0000 0.0000
vt 0.0000 0.0000
vt 0.0000 0.0000
vt 0.0000 0.0000
vt 0.0000 0.0000
vt 0.0000 0.0000
vt 0.0000 0.0000
vt 0.0000 0.0000
vt 0.0000 0.0000
vt 0.0000 0.0000
vt 0.0000 0.0000
vt 0.0000 0.0000
vt 0.0000 0.0000
vt 0.0000 0.0000
vt 0.0000 0.0000
vt 0.0000 0.0000
vt 0.0000 0.0000
vt 0.0000 0.0000
vt 0.0000 0.0000
vt 0.0000 0.0000
vt 0.0000 0.0000
vt 0.0000 0.0000
vt 0.0000 0.0000
vt 0.0000 0.0000
vt 0.0000 0.0000
vt 0.0000 0.0000
vt 0.0000 0.0000
vt 0.0000 0.0000
vt 0.0000 0.0000
vt 0.0000 0.0000
vt 0.0000 0.0000
vt 0.0000 0.0000
vt 0.0000 0.0000
vt 0.0000 0.0000
vt 0.0000 0.0000
vt 0.0000 0.0000
vt 0.0000 0.0000
vt 0.0000 0.0000
vt 0.0000 0.0000
vt 0.0000 0.0000
vt 0.0000 0.0000
vt 0.0000 0.0000
vt 0.0000 0.0000
vt 0.0000 0.0000
vt 0.0000 0.0000
vt 0.0000 0.0000
vt 0.0000 0.0000
vt 0.0000 0.0000
vt 0.0000 0.0000
vt 0.0000 0.0000
vt 0.0000 0.0000
vt 0.0000 0.0000
vt 0.0000 0.0000
vt 0.0000 0.0000
vt 0.0000 0.0000
vt 0.0000 0.0000
vt 0.0000 0.0000
vt 0.0000 0.0000
vt 0.0000 0.0000
vt 0.0000 0.0000
vt 0.0000 0.0000
vt 0.0000 0.0000
vt 0.0000 0.0000
vt 0.0000 0.0000
vt 0.0000 0.0000
vt 0.0000 0.0000
vt 0.0000 0.0000
vt 0.0000 0.0000
vt 0.0000 0.0000
vt 0.0000 0.0000
vt 0.0000 0.0000
vt 0.0000 0.0000
vt 0.0000 0.0000
vt 0.0000 0.0000
vt 0.0000 0.0000
vt 0.0000 0.0000
vt 0.0000 0.0000
vt 0.0000 0.0000
vt 0.0000 0.0000
vt 0.0000 0.0000
vt 0.0000 0.0000
vt 0.0000 0.0000
vt 0.0000 0.0000
vt 0.0000 0.0000
vt 0.0000 0.0000
vt 0.0000 0.0000
vt 0.0000 0.0000
vt 0.0000 0.0000
vt 0.0000 0.0000
vt 0.0000 0.0000
vt 0.0000 0.0000
vt 0.0000 0.0000
vt 0.0000 0.0000
vt 0.0000 0.0000
vt 0.0000 0.0000
vt 0.0000 0.0000
vt 0.0000 0.0000
vt 0.0000 0.0000
vt 0.0000 0.0000
vt 0.0000 0.0000
vt 0.0000 0.0000
vt 0.0000 0.0000
vt 0.0000 0.0000
vt 0.0000 0.0000
vt 0.0000 0.0000
vt 0.0000 0.0000
vt 0.0000 0.0000
vt 0.0000 0.0000
vt 0.0000 0.0000
vt 0.0000 0.0000
vt 0.0000 0.0000
vt 0.0000 0.0000
vt 0.0000 0.0000
vt 0.0000 0.0000
vt 0.0000 0.0000
vt 0.0000 0.0000
vt 0.0000 0.0000
vt 0.0000 0.0000
vt 0.0000 0.0000
vt 0.0000 0.0000
vt 0.0000 0.0000
vt 0.0000 0.0000
vt 0.0000 0.0000
vt 0.0000 0.0000
vt 0.0000 0.0000
vt 0.0000 0.0000
vt 0.0000 0.0000
vt 0.0000 0.0000
vt 0.0000 0.0000
vt 0.0000 0.0000
vt 0.0000 0.0000
vt 0.0000 0.0000
vt 0.0000 0.0000
vt 0.0000 0.0000
vt 0.0000 0.0000
vt 0.0000 0.0000
vt 0.0000 0.0000
vt 0.0000 0.0000
vt 0.0000 0.0000
vt 0.0000 0.0000
vt 0.0000 0.0000
vt 0.0000 0.0000
vt 0.0000 0.0000
vt 0.0000 0.0000
vt 0.0000 0.0000
vt 0.0000 0.0000
vt 0.0000 0.0000
vt 0.0000 0.0000
vt 0.0000 0.0000
vt 0.0000 0.0000
vt 0.0000 0.0000
vt 0.0000 0.0000
vt 0.0000 0.0000
vt 0.0000 0.0000
vt 0.0000 0.0000
vt 0.0000 0.0000
vt 0.0000 0.0000
vt 0.0000 0.0000
vt 0.0000 0.0000
vt 0.0000 0.0000
vt 0.0000 0.0000
vt 0.0000 0.0000
vt 0.0000 0.0000
vt 0.0000 0.0000
vt 0.0000 0.0000
vt 0.0000 0.0000
vt 0.0000 0.0000
vt 0.0000 0.0000
vt 0.0000 0.0000
vt 0.0000 0.0000
vt 0.0000 0.0000
vt 0.0000 0.0000
vt 0.0000 0.0000
vt 0.0000 0.0000
vt 0.0000 0.0000
vt 0.0000 0.0000
vt 0.0000 0.0000
vt 0.0000 0.0000
vt 0.0000 0.0000
vt 0.0000 0.0000
vt 0.0000 0.0000
vt 0.0000 0.0000
vt 0.0000 0.0000
vt 0.0000 0.0000
vt 0.0000 0.0000
vt 0.0000 0.0000
vt 0.0000 0.0000
vt 0.0000 0.0000
vt 0.0000 0.0000
vt 0.0000 0.0000
vt 0.0000 0.0000
vt 0.0000 0.0000
vt 0.0000 0.0000
vt 0.0000 0.0000
vt 0.0000 0.0000
vt 0.0000 0.0000
vt 0.0000 0.0000
vt 0.0000 0.0000
vt 0.0000 0.0000
vt 0.0000 0.0000
vt 0.0000 0.0000
vt 0.0000 0.0000
vt 0.0000 0.0000
vt 0.0000 0.0000
vt 0.0000 0.0000
vt 0.0000 0.0000
vt 0.0000 0.0000
vt 0.0000 0.0000
vt 0.0000 0.0000
vt 0.0000 0.0000
vt 0.0000 0.0000
vt 0.0000 0.0000
vt 0.0000 0.0000
vt 0.0000 0.0000
vt 0.0000 0.0000
vt 0.0000 0.0000
vt 0.0000 0.0000
vt 0.0000 0.0000
vt 0.0000 0.0000
vt 0.0000 0.0000
vt 0.0000 0.0000
vt 0.0000 0.0000
vt 0.0000 0.0000
vt 0.0000 0.0000
vt 0.0000 0.0000
vt 0.0000 0.0000
vt 0.0000 0.0000
vt 0.0000 0.0000
vt 0.0000 0.0000
vt 0.0000 0.0000
vt 0.0000 0.0000
vt 0.0000 0.0000
vt 0.0000 0.0000
vt 0.0000 0.0000
vt 0.0000 0.0000
vt 0.0000 0.0000
vt 0.0000 0.0000
vt 0.0000 0.0000
vt 0.0000 0.0000
vt 0.0000 0.0000
vt 0.0000 0.0000
vt 0.0000 0.0000
vt 0.0000 0.0000
vt 0.0000 0.0000
vt 0.0000 0.0000
vt 0.0000 0.0000
vt 0.0000 0.0000
vt 0.0000 0.0000
vt 0.0000 0.0000
vt 0.0000 0.0000
vt 0.0000 0.0000
vt 0.0000 0.0000
vt 0.0000 0.0000
vt 0.0000 0.0000
vt 0.0000 0.0000
vt 0.0000 0.0000
vt 0.0000 0.0000
vt 0.0000 0.0000
vt 0.0000 0.0000
vt 0.0000 0.0000
vt 0.0000 0.0000
vt 0.0000 0.0000
vt 0.0000 0.0000
vt 0.0000 0.0000
vt 0.0000 0.0000
vt 0.0000 0.0000
vt 0.0000 0.0000
vt 0.0000 0.0000
vt 0.0000 0.0000
vt 0.0000 0.0000
vt 0.0000 0.0000
vt 0.0000 0.0000
vt 0.0000 0.0000
vt 0.0000 0.0000
vt 0.0000 0.0000
vt 0.0000 0.0000
vt 0.0000 0.0000
vt 0.0000 0.0000
vt 0.0000 0.0000
vt 0.0000 0.0000
vt 0.0000 0.0000
vt 0.0000 0.0000
vt 0.0000 0.0000
vt 0.0000 0.0000
vt 0.0000 0.0000
vt 0.0000 0.0000
vt 0.0000 0.0000
vt 0.0000 0.0000
vt 0.0000 0.0000
vt 0.0000 0.0000
vt 0.0000 0.0000
vt 0.0000 0.0000
vt 0.0000 0.0000
vt 0.0000 0.0000
vt 0.0000 0.0000
vt 0.0000 0.0000
vt 0.0000 0.0000
vt 0.0000 0.0000
vt 0.0000 0.0000
vt 0.0000 0.0000
vt 0.0000 0.0000
vt 0.0000 0.0000
vt 0.0000 0.0000
vt 0.0000 0.0000
vt 0.0000 0.0000
vt 0.0000 0.0000
vt 0.0000 0.0000
vt 0.0000 0.0000
vt 0.0000 0.0000
vt 0.0000 0.0000
vt 0.0000 0.0000
vt 0.0000 0.0000
vt 0.0000 0.0000
vt 0.0000 0.0000
vt 0.0000 0.0000
vt 0.0000 0.0000
vt 0.0000 0.0000
vt 0.0000 0.0000
vt 0.0000 0.0000
vt 0.0000 0.0000
vt 0.0000 0.0000
vt 0.0000 0.0000
vt 0.0000 0.0000
vt 0.0000 0.0000
vt 0.0000 0.0000
vt 0.0000 0.0000
vt 0.0000 0.0000
vt 0.0000 0.0000
vt 0.0000 0.0000
vt 0.0000 0.0000
vt 0.0000 0.0000
vt 0.0000 0.0000
vt 0.0000 0.0000
vt 0.0000 0.0000
vt 0.0000 0.0000
vt 0.0000 0.0000
vt 0.0000 0.0000
vt 0.0000 0.0000
vt 0.0000 0.0000
vt 0.0000 0.0000
vt 0.0000 0.0000
vt 0.0000 0.0000
vt 0.0000 0.0000
vt 0.0000 0.0000
vt 0.0000 0.0000
vt 0.0000 0.0000
vt 0.0000 0.0000
vt 0.0000 0.0000
vt 0.0000 0.0000
vt 0.0000 0.0000
vt 0.0000 0.0000
vt 0.0000 0.0000
vt 0.0000 0.0000
vt 0.0000 0.0000
vt 0.0000 0.0000
vt 0.0000 0.0000
vt 0.0000 0.0000
vt 0.0000 0.0000
vt 0.0000 0.0000
vt 0.0000 0.0000
vt 0.0000 0.0000
vt 0.0000 0.0000
vt 0.0000 0.0000
vt 0.0000 0.0000
vt 0.0000 0.0000
vt 0.0000 0.0000
vt 0.0000 0.0000
vt 0.0000 0.0000
vt 0.0000 0.0000
vt 0.0000 0.0000
vt 0.0000 0.0000
vt 0.0000 0.0000
vt 0.0000 0.0000
vt 0.0000 0.0000
vt 0.0000 0.0000
vt 0.0000 0.0000
vt 0.0000 0.0000
vt 0.0000 0.0000
vt 0.0000 0.0000
vt 0.0000 0.0000
vt 0.0000 0.0000
vt 0.0000 0.0000
vt 0.0000 0.0000
vt 0.0000 0.0000
vt 0.0000 0.0000
vt 0.0000 0.0000
vt 0.0000 0.0000
vt 0.0000 0.0000
vt 0.0000 0.0000
vt 0.0000 0.0000
vt 0.0000 0.0000
vt 0.0000 0.0000
vt 0.0000 0.0000
vt 0.0000 0.0000
vt 0.0000 0.0000
vt 0.0000 0.0000
vt 0.0000 0.0000
vt 0.0000 0.0000
vt 0.0000 0.0000
vt 0.0000 0.0000
vt 0.0000 0.0000
vt 0.0000 0.0000
vt 0.0000 0.0000
vt 0.0000 0.0000
vt 0.0000 0.0000
vt 0.0000 0.0000
vt 0.0000 0.0000
vt 0.0000 0.0000
vt 0.0000 0.0000
vt 0.0000 0.0000
vt 0.0000 0.0000
vt 0.0000 0.0000
vt 0.0000 0.0000
vt 0.0000 0.0000
vt 0.0000 0.0000
vt 0.0000 0.0000
vt 0.0000 0.0000
vt 0.0000 0.0000
vt 0.0000 0.0000
vt 0.0000 0.0000
vt 0.0000 0.0000
vt 0.0000 0.0000
vt 0.0000 0.0000
vt 0.0000 0.0000
vt 0.0000 0.0000
vt 0.0000 0.0000
vt 0.0000 0.0000
vt 0.0000 0.0000
vt 0.0000 0.0000
vt 0.0000 0.0000
vt 0.0000 0.0000
vt 0.0000 0.0000
vt 0.0000 0.0000
vt 0.0000 0.0000
vt 0.0000 0.0000
vt 0.0000 0.0000
vt 0.0000 0.0000
vt 0.0000 0.0000
vt 0.0000 0.0000
vt 0.0000 0.0000
vt 0.0000 0.0000
vt 0.0000 0.0000
vt 0.0000 0.0000
vt 0.0000 0.0000
vt 0.0000 0.0000
vt 0.0000 0.0000
vt 0.0000 0.0000
vt 0.0000 0.0000
vt 0.0000 0.0000
vt 0.0000 0.0000
vt 0.0000 0.0000
vt 0.0000 0.0000
vt 0.0000 0.0000
vt 0.0000 0.0000
vt 0.0000 0.0000
vt 0.0000 0.0000
vt 0.0000 0.0000
vt 0.0000 0.0000
vt 0.0000 0.0000
vt 0.0000 0.0000
vt 0.0000 0.0000
vt 0.0000 0.0000
vt 0.0000 0.0000
vt 0.0000 0.0000
vt 0.0000 0.0000
vt 0.0000 0.0000
vt 0.0000 0.0000
vt 0.0000 0.0000
vt 0.0000 0.0000
vt 0.0000 0.0000
vt 0.0000 0.0000
vt 0.0000 0.0000
vt 0.0000 0.0000
vt 0.0000 0.0000
vt 0.0000 0.0000
vt 0.0000 0.0000
vt 0.0000 0.0000
vt 0.0000 0.0000
vt 0.0000 0.0000
vt 0.0000 0.0000
vt 0.0000 0.0000
vt 0.0000 0.0000
vt 0.0000 0.0000
vt 0.0000 0.0000
vt 0.0000 0.0000
vt 0.0000 0.0000
vt 0.0000 0.0000
vt 0.0000 0.0000
vt 0.0000 0.0000
vt 0.0000 0.0000
vt 0.0000 0.0000
vt 0.0000 0.0000
vt 0.0000 0.0000
vt 0.0000 0.0000
vt 0.0000 0.0000
vt 0.0000 0.0000
vt 0.0000 0.0000
vt 0.0000 0.0000
vt 0.0000 0.0000
vt 0.0000 0.0000
vt 0.0000 0.0000
vt 0.0000 0.0000
vt 0.0000 0.0000
vt 0.0000 0.0000
vt 0.0000 0.0000
vt 0.0000 0.0000
vt 0.0000 0.0000
vt 0.0000 0.0000
vt 0.0000 0.0000
vt 0.0000 0.0000
vt 0.0000 0.0000
vt 0.0000 0.0000
vt 0.0000 0.0000
vt 0.0000 0.0000
vt 0.0000 0.0000
vt 0.0000 0.0000
vt 0.0000 0.0000
vt 0.0000 0.0000
vt 0.0000 0.0000
vt 0.0000 0.0000
vt 0.0000 0.0000
vt 0.0000 0.0000
vt 0.0000 0.0000
vt 0.0000 0.0000
vt 0.0000 0.0000
vt 0.0000 0.0000
vt 0.0000 0.0000
vt 0.0000 0.0000
vt 0.0000 0.0000
vt 0.0000 0.0000
vt 0.0000 0.0000
vt 0.0000 0.0000
vt 0.0000 0.0000
vt 0.0000 0.0000
vt 0.0000 0.0000
vt 0.0000 0.0000
vt 0.0000 0.0000
vt 0.0000 0.0000
vt 0.0000 0.0000
vt 0.0000 0.0000
vt 0.0000 0.0000
vt 0.0000 0.0000
vt 0.0000 0.0000
vt 0.0000 0.0000
vt 0.0000 0.0000
vt 0.0000 0.0000
vt 0.0000 0.0000
vt 0.0000 0.0000
vt 0.0000 0.0000
vt 0.0000 0.0000
vt 0.0000 0.0000
vt 0.0000 0.0000
vt 0.0000 0.0000
vt 0.0000 0.0000
vt 0.0000 0.0000
vt 0.0000 0.0000
vt 0.0000 0.0000
vt 0.0000 0.0000
vt 0.0000 0.0000
vt 0.0000 0.0000
vt 0.0000 0.0000
vt 0.0000 0.0000
vt 0.0000 0.0000
vt 0.0000 0.0000
vt 0.0000 0.0000
vt 0.0000 0.0000
vt 0.0000 0.0000
vt 0.0000 0.0000
vt 0.0000 0.0000
vt 0.0000 0.0000
vt 0.0000 0.0000
vt 0.0000 0.0000
vt 0.0000 0.0000
vt 0.0000 0.0000
vt 0.0000 0.0000
vt 0.0000 0.0000
vt 0.0000 0.0000
vt 0.0000 0.0000
vt 0.0000 0.0000
vt 0.0000 0.0000
vt 0.0000 0.0000
vt 0.0000 0.0000
vt 0.0000 0.0000
vt 0.0000 0.0000
vt 0.0000 0.0000
vt 0.0000 0.0000
vt 0.0000 0.0000
vt 0.0000 0.0000
vt 0.0000 0.0000
vt 0.0000 0.0000
vt 0.0000 0.0000
vt 0.0000 0.0000
vt 0.0000 0.0000
vt 0.0000 0.0000
vt 0.0000 0.0000
vt 0.0000 0.0000
vt 0.0000 0.0000
vt 0.0000 0.0000
vt 0.0000 0.0000
vt 0.0000 0.0000
vt 0.0000 0.0000
vt 0.0000 0.0000
vt 0.0000 0.0000
vt 0.0000 0.0000
vt 0.0000 0.0000
vt 0.0000 0.0000
vt 0.0000 0.0000
vt 0.0000 0.0000
vt 0.0000 0.0000
vt 0.0000 0.0000
vt 0.0000 0.0000
vt 0.0000 0.0000
vt 0.0000 0.0000
vt 0.0000 0.0000
vt 0.0000 0.0000
vt 0.0000 0.0000
vt 0.0000 0.0000
vt 0.0000 0.0000
vt 0.0000 0.0000
vt 0.0000 0.0000
vt 0.0000 0.0000
vt 0.0000 0.0000
vt 0.0000 0.0000
vt 0.0000 0.0000
vt 0.0000 0.0000
vt 0.0000 0.0000
vt 0.0000 0.0000
vt 0.0000 0.0000
vt 0.0000 0.0000
vt 0.0000 0.0000
vt 0.0000 0.0000
vt 0.0000 0.0000
vt 0.0000 0.0000
vt 0.0000 0.0000
vt 0.0000 0.0000
vt 0.0000 0.0000
vt 0.0000 0.0000
vt 0.0000 0.0000
vt 0.0000 0.0000
vt 0.0000 0.0000
vt 0.0000 0.0000
vt 0.0000 0.0000
vt 0.0000 0.0000
vt 0.0000 0.0000
vt 0.0000 0.0000
vt 0.0000 0.0000
vt 0.0000 0.0000
vt 0.0000 0.0000
vt 0.0000 0.0000
vt 0.0000 0.0000
vt 0.0000 0.0000
vt 0.0000 0.0000
vt 0.0000 0.0000
vt 0.0000 0.0000
vt 0.0000 0.0000
vt 0.0000 0.0000
vt 0.0000 0.0000
vt 0.0000 0.0000
vt 0.0000 0.0000
vt 0.0000 0.0000
vt 0.0000 0.0000
vt 0.0000 0.0000
vt 0.0000 0.0000
vt 0.0000 0.0000
vt 0.0000 0.0000
vt 0.0000 0.0000
vt 0.0000 0.0000
vt 0.0000 0.0000
vt 0.0000 0.0000
vt 0.0000 0.0000
vt 0.0000 0.0000
vt 0.0000 0.0000
vt 0.0000 0.0000
vt 0.0000 0.0000
vt 0.0000 0.0000
vt 0.0000 0.0000
vt 0.0000 0.0000
vt 0.0000 0.0000
vt 0.0000 0.0000
vt 0.0000 0.0000
vt 0.0000 0.0000
vt 0.0000 0.0000
vt 0.0000 0.0000
vt 0.0000 0.0000
vt 0.0000 0.0000
vt 0.0000 0.0000
vt 0.0000 0.0000
vt 0.0000 0.0000
vt 0.0000 0.0000
vt 0.0000 0.0000
vt 0.0000 0.0000
vt 0.0000 0.0000
vt 0.0000 0.0000
vt 0.0000 0.0000
vt 0.0000 0.0000
vt 0.0000 0.0000
vt 0.0000 0.0000
vt 0.0000 0.0000
vt 0.0000 0.0000
vt 0.0000 0.0000
vt 0.0000 0.0000
vt 0.0000 0.0000
vt 0.0000 0.0000
vt 0.0000 0.0000
vt 0.0000 0.0000
vt 0.0000 0.0000
vt 0.0000 0.0000
vt 0.0000 0.0000
vt 0.0000 0.0000
vt 0.0000 0.0000
vt 0.0000 0.0000
vt 0.0000 0.0000
vt 0.0000 0.0000
vt 0.0000 0.0000
vt 0.0000 0.0000
vt 0.0000 0.0000
vt 0.0000 0.0000
vt 0.0000 0.0000
vt 0.0000 0.0000
vt 0.0000 0.0000
vt 0.0000 0.0000
vt 0.0000 0.0000
vt 0.0000 0.0000
vt 0.0000 0.0000
vt 0.0000 0.0000
vt 0.0000 0.0000
vt 0.0000 0.0000
vt 0.0000 0.0000
vt 0.0000 0.0000
vt 0.0000 0.0000
vt 0.0000 0.0000
vt 0.0000 0.0000
vt 0.0000 0.0000
vt 0.0000 0.0000
vt 0.0000 0.0000
vt 0.0000 0.0000
vt 0.0000 0.0000
vt 0.0000 0.0000
vt 0.0000 0.0000
vt 0.0000 0.0000
vt 0.0000 0.0000
vt 0.0000 0.0000
vt 0.0000 0.0000
vt 0.0000 0.0000
vt 0.0000 0.0000
vt 0.0000 0.0000
vt 0.0000 0.0000
vt 0.0000 0.0000
vt 0.0000 0.0000
vt 0.0000 0.0000
vt 0.0000 0.0000
vt 0.0000 0.0000
vt 0.0000 0.0000
vt 0.0000 0.0000
vt 0.0000 0.0000
vt 0.0000 0.0000
vt 0.0000 0.0000
vt 0.0000 0.0000
vt 0.0000 0.0000
vt 0.0000 0.0000
vt 0.0000 0.0000
vt 0.0000 0.0000
vt 0.0000 0.0000
vt 0.0000 0.0000
vt 0.0000 0.0000
vt 0.0000 0.0000
vt 0.0000 0.0000
vt 0.0000 0.0000
vt 0.0000 0.0000
vt 0.0000 0.0000
vt 0.0000 0.0000
vt 0.0000 0.0000
vt 0.0000 0.0000
vt 0.0000 0.0000
vt 0.0000 0.0000
vt 0.0000 0.0000
vt 0.0000 0.0000
vt 0.0000 0.0000
vt 0.0000 0.0000
vt 0.0000 0.0000
vt 0.0000 0.0000
vt 0.0000 0.0000
vt 0.0000 0.0000
vt 0.0000 0.0000
vt 0.0000 0.0000
vt 0.0000 0.0000
vt 0.0000 0.0000
vt 0.0000 0.0000
vt 0.0000 0.0000
vt 0.0000 0.0000
vt 0.0000 0.0000
vt 0.0000 0.0000
vt 0.0000 0.0000
vt 0.0000 0.0000
vt 0.0000 0.0000
vt 0.0000 0.0000
vt 0.0000 0.0000
vt 0.0000 0.0000
vt 0.0000 0.0000
vt 0.0000 0.0000
vt 0.0000 0.0000
vt 0.0000 0.0000
vt 0.0000 0.0000
vt 0.0000 0.0000
vt 0.0000 0.0000
vt 0.0000 0.0000
vt 0.0000 0.0000
vt 0.0000 0.0000
vt 0.0000 0.0000
vt 0.0000 0.0000
vt 0.0000 0.0000
vt 0.0000 0.0000
vt 0.0000 0.0000
vt 0.0000 0.0000
vt 0.0000 0.0000
vt 0.0000 0.0000
vt 0.0000 0.0000
vt 0.0000 0.0000
# 1160 texture coords

s 1
f 1/1/1 2/2/2 4/4/4 3/3/3
f 3/3/3 4/4/4 6/6/6 5/5/5
f 5/5/5 6/6/6 8/8/8 7/7/7
f 7/7/7 8/8/8 10/10/10 9/9/9
f 9/9/9 10/10/10 12/12/12 11/11/11
f 11/11/11 12/12/12 14/14/14 13/13/13
f 13/13/13 14/14/14 16/16/16 15/15/15
f 15/15/15 16/16/16 18/18/18 17/17/17
f 17/17/17 18/18/18 20/20/20 19/19/19
f 19/19/19 20/20/20 22/22/22 21/21/21
f 21/21/21 22/22/22 24/24/24 23/23/23
f 23/23/23 24/24/24 26/26/26 25/25/25
f 25/25/25 26/26/26 28/28/28 27/27/27
f 27/27/27 28/28/28 30/30/30 29/29/29
f 29/29/29 30/30/30 32/32/32 31/31/31
f 31/31/31 32/32/32 34/34/34 33/33/33
f 33/33/33 34/34/34 36/36/36 35/35/35
f 35/35/35 36/36/36 38/38/38 37/37/37
f 37/37/37 38/38/38 40/40/40 39/39/39
f 39/39/39 40/40/40 2/2/2 1/1/1
f 41/41/41 42/42/42 44/44/44 43/43/43
f 43/43/43 44/44/44 46/46/46 45/45/45
f 45/45/45 46/46/46 48/48/48 47/47/47
f 47/47/47 48/48/48 50/50/50 49/49/49
f 49/49/49 50/50/50 52/52/52 51/51/51
f 51/51/51 52/52/52 54/54/54 53/53/53
f 53/53/53 54/54/54 56/56/56 55/55/55
f 55/55/55 56/56/56 58/58/58 57/57/57
f 57/57/57 58/58/58 60/60/60 59/59/59
f 59/59/59 60/60/60 62/62/62 61/61/61
f 61/61/61 62/62/62 64/64/64 63/63/63
f 63/63/63 64/64/64 66/66/66 65/65/65
f 65/65/65 66/66/66 68/68/68 67/67/67
f 67/67/67 68/68/68 70/70/70 69/69/69
f 69/69/69 70/70/70 72/72/72 71/71/71
f 71/71/71 72/72/72 74/74/74 73/73/73
f 73/73/73 74/74/74 76/76/76 75/75/75
f 75/75/75 76/76/76 78/78/78 77/77/77
f 77/77/77 78/78/78 80/80/80 79/79/79
f 79/79/79 80/80/80 42/42/42 41/41/41
f 81/81/81 82/82/82 84/84/84 83/83/83
f 83/83/83 84/84/84 86/86/86 85/85/85
f 85/85/85 86/86/86 88/88/88 87/87/87
f 87/87/87 88/88/88 90/90/90 89/89/89
f 89/89/89 90/90/90 92/92/92 91/91/91
f 91/91/91 92/92/92 94/94/94 93/93/93
f 93/93/93 94/94/94 96/96/96 95/95/95
f 95/95/95 96/96/96 98/98/98 97/97/97
f 97/97/97 98/98/98 100/100/100 99/99/99
f 99/99/99 100/100/100 102/102/102 101/101/101
f 101/101/101 102/102/102 104/104/104 103/103/103
f 103/103/103 104/104/104 106/106/106 105/105/105
f 105/105/105 106/106/106 108/108/108 107/107/107
f 107/107/107 108/108/108 110/110/110 109/109/109
f 109/109/109 110/110/110 112/112/112 111/111/111
f 111/111/111 112/112/112 114/114/114 113/113/113
f 113/113/113 114/114/114 116/116/116 115/115/115
f 115/115/115 116/116/116 118/118/118 117/117/117
f 117/117/117 118/118/118 120/120/120 119/119/119
f 119/119/119 120/120/120 82/82/82 81/81/81
f 121/121/121 122/122/122 124/124/124 123/123/123
f 123/123/123 124/124/124 126/126/126 125/125/125
f 125/125/125 126/126/126 128/128/128 127/127/127
f 127/127/127 128/128/128 130/130/130 129/129/129
f 129/129/129 130/130/130 132/132/132 131/131/131
f 131/131/131 132/132/132 134/134/134 133/133/133
f 133/133/133 134/134/134 136/136/136 135/135/135
f 135/135/135 136/136/136 138/138/138 137/137/137
f 137/137/137 138/138/138 140/140/140 139/139/139
f 139/139/139 140/140/140 142/142/142 141/141/141
f 141/141/141 142/142/142 144/144/144 143/143/143
f 143/143/143 144/144/144 146/146/146 145/145/145
f 145/145/145 146/146/146 148/148/148 147/147/147
f 147/147/147 148/148/148 150/150/150 149/149/149
f 149/149/149 150/150/150 152/152/152 151/151/151
f 151/151/151 152/152/152 154/154/154 153/153/153
f 153/153/153 154/154/154 156/156/156 155/155/155
f 155/155/155 156/156/156 158/158/158 157/157/157
f 157/157/157 158/158/158 160/160/160 159/159/159
f 159/159/159 160/160/160 122/122/122 121/121/121
f 161/161/161 162/162/162 164/164/164 163/163/163
f 163/163/163 164/164/164 166/166/166 165/165/165
f 165/165/165 166/166/166 168/168/168 167/167/167
f 167/167/167 168/168/168 170/170/170 169/169/169
f 169/169/169 170/170/170 172/172/172 171/171/171
f 171/171/171 172/172/172 174/174/174 173/173/173
f 173/173/173 174/174/174 176/176/176 175/175/175
f 175/175/175 176/176/176 178/178/178 177/177/177
f 177/177/177 178/178/178 180/180/180 179/179/179
f 179/179/179 180/180/180 182/182/182 181/181/181
f 181/181/181 182/182/182 184/184/184 183/183/183
f 183/183/183 184/184/184 186/186/186 185/185/185
f 185/185/185 186/186/186 188/188/188 187/187/187
f 187/187/187 188/188/188 190/190/190 189/189/189
f 189/189/189 190/190/190 192/192/192 191/191/191
f 191/191/191 192/192/192 194/194/194 193/193/193
f 193/193/193 194/194/194 196/196/196 195/195/195
f 195/195/195 196/196/196 198/198/198 197/197/197
f 197/197/197 198/198/198 200/200/200 199/199/199
f 199/199/199 200/200/200 162/162/162 161/161/161
f 201/201/201 202/202/202 204/204/204 203/203/203
f 203/203/203 204/204/204 206/206/206 205/205/205
f 205/205/205 206/206/206 208/208/208 207/207/207
f 207/207/207 208/208/208 210/210/210 209/209/209
f 209/209/209 210/210/210 212/212/212 211/211/211
f 211/211/211 212/212/212 214/214/214 213/213/213
f 213/213/213 214/214/214 216/216/216 215/215/215
f 215/215/215 216/216/216 218/218/218 217/217/217
f 217/217/217 218/218/218 220/220/220 219/219/219
f 219/219/219 220/220/220 222/222/222 221/221/221
f 221/221/221 222/222/222 224/224/224 223/223/223
f 223/223/223 224/224/224 226/226/226 225/225/225
f 225/225/225 226/226/226 228/228/228 227/227/227
f 227/227/227 228/228/228 230/230/230 229/229/229
f 229/229/229 230/230/230 232/232/232 231/231/231
f 231/231/231 232/232/232 234/234/234 233/233/233
f 233/233/233 234/234/234 236/236/236 235/235/235
f 235/235/235 236/236/236 238/238/238 237/237/237
f 237/237/237 238/238/238 240/240/240 239/239/239
f 239/239/239 240/240/240 202/202/202 201/201/201
f 241/241/241 242/242/242 244/244/244 243/243/243
f 243/243/243 244/244/244 246/246/246 245/245/245
f 245/245/245 246/246/246 248/248/248 247/247/247
f 247/247/247 248/248/248 250/250/250 249/249/249
f 249/249/249 250/250/250 252/252/252 251/251/251
f 251/251/251 252/252/252 254/254/254 253/253/253
f 253/253/253 254/254/254 256/256/256 255/255/255
f 255/255/255 256/256/256 258/258/258 257/257/257
f 257/257/257 258/258/258 260/260/260 259/259/259
f 259/259/259 260/260/260 262/262/262 261/261/261
f 261/261/261 262/262/262 264/264/264 263/263/263
f 263/263/263 264/264/264 266/266/266 265/265/265
f 265/265/265 266/266/266 268/268/268 267/267/267
f 267/267/267 268/268/268 270/270/270 269/269/269
f 269/269/269 270/270/270 272/272/272 271/271/271
f 271/271/271 272/272/272 274/274/274 273/273/273
f 273/273/273 274/274/274 276/276/276 275/275/275
f 275/275/275 276/276/276 278/278/278 277/277/277
f 277/277/277 278/278/278 280/280/280 279/279/279
f 279/279/279 280/280/280 242/242/242 241/241/241
f 281/281/281 282/282/282 284/284/284 283/283/283
f 283/283/283 284/284/284 286/286/286 285/285/285
f 285/285/285 286/286/286 288/288/288 287/287/287
f 287/287/287 288/288/288 290/290/290 289/289/289
f 289/289/289 290/290/290 292/292/292 291/291/291
f 291/291/291 292/292/292 294/294/294 293/293/293
f 293/293/293 294/294/294 296/296/296 295/295/295
f 295/295/295 296/296/296 298/298/298 297/297/297
f 297/297/297 298/298/298 300/300/300 299/299/299
f 299/299/299 300/300/300 302/302/302 301/301/301
f 301/301/301 302/302/302 304/304/304 303/303/303
f 303/303/303 304/304/304 306/306/306 305/305/305
f 305/305/305 306/306/306 308/308/308 307/307/307
f 307/307/307 308/308/308 310/310/310 309/309/309
f 309/309/309 310/310/310 312/312/312 311/311/311
f 311/311/311 312/312/312 314/314/314 313/313/313
f 313/313/313 314/314/314 316/316/316 315/315/315
f 315/315/315 316/316/316 318/318/318 317/317/317
f 317/317/317 318/318/318 320/320/320 319/319/319
f 319/319/319 320/320/320 282/282/282 281/281/281
f 321/321/321 322/322/322 324/324/324 323/323/323
f 323/323/323 324/324/324 326/326/326 325/325/325
f 325/325/325 326/326/326 328/328/328 327/327/327
f 327/327/327 328/328/328 330/330/330 329/329/329
f 329/329/329 330/330/330 332/332/332 331/331/331
f 331/331/331 332/332/332 334/334/334 333/333/333
f 333/333/333 334/334/334 336/336/336 335/335/335
f 335/335/335 336/336/336 338/338/338 337/337/337
f 337/337/337 338/338/338 340/340/340 339/339/339
f 339/339/339 340/340/340 342/342/342 341/341/341
f 341/341/341 342/342/342 344/344/344 343/343/343
f 343/343/343 344/344/344 346/346/346 345/345/345
f 345/345/345 346/346/346 348/348/348 347/347/347
f 347/347/347 348/348/348 350/350/350 349/349/349
f 349/349/349 350/350/350 352/352/352 351/351/351
f 351/351/351 352/352/352 354/354/354 353/353/353
f 353/353/353 354/354/354 356/356/356 355/355/355
f 355/355/355 356/356/356 358/358/358 357/357/357
f 357/357/357 358/358/358 360/360/360 359/359/359
f 359/359/359 360/360/360 322/322/322 321/321/321
f 361/361/361 362/362/362 364/364/364 363/363/363
f 363/363/363 364/364/364 366/366/366 365/365/365
f 365/365/365 366/366/366 368/368/368 367/367/367
f 367/367/367 368/368/368 370/370/370 369/369/369
f 369/369/369 370/370/370 372/372/372 371/371/371
f 371/371/371 372/372/372 374/374/374 373/373/373
f 373/373/373 374/374/374 376/376/376 375/375/375
f 375/375/375 376/376/376 378/378/378 377/377/377
f 377/377/377 378/378/378 380/380/380 379/379/379
f 379/379/379 380/380/380 382/382/382 381/381/381
f 381/381/381 382/382/382 384/384/384 383/383/383
f 383/383/383 384/384/384 386/386/386 385/385/385
f 385/385/385 386/386/386 388/388/388 387/387/387
f 387/387/387 388/388/388 390/390/390 389/389/389
f 389/389/389 390/390/390 392/392/392 391/391/391
f 391/391/391 392/392/392 394/394/394 393/393/393
f 393/393/393 394/394/394 396/396/396 395/395/395
f 395/395/395 396/396/396 398/398/398 397/397/397
f 397/397/397 398/398/398 400/400/400 399/399/399
f 399/399/399 400/400/400 362/362/362 361/361/361
f 401/401/401 402/402/402 404/404/404 403/403/403
f 403/403/403 404/404/404 406/406/406 405/405/405
f 405/405/405 406/406/406 408/408/408 407/407/407
f 407/407/407 408/408/408 410/410/410 409/409/409
f 409/409/409 410/410/410 412/412/412 411/411/411
f 411/411/411 412/412/412 414/414/414 413/413/413
f 413/413/413 414/414/414 416/416/416 415/415/415
f 415/415/415 416/416/416 418/418/418 417/417/417
f 417/417/417 418/418/418 420/420/420 419/419/419
f 419/419/419 420/420/420 422/422/422 421/421/421
f 421/421/421 422/422/422 424/424/424 423/423/423
f 423/423/423 424/424/424 426/426/426 425/425/425
f 425/425/425 426/426/426 428/428/428 427/427/427
f 427/427/427 428/428/428 430/430/430 429/429/429
f 429/429/429 430/430/430 432/432/432 431/431/431
f 431/431/431 432/432/432 434/434/434 433/433/433
f 433/433/433 434/434/434 436/436/436 435/435/435
f 435/435/435 436/436/436 438/438/438 437/437/437
f 437/437/437 438/438/438 440/440/440 439/439/439
f 439/439/439 440/440/440 402/402/402 401/401/401
f 441/441/441 442/442/442 444/444/444 443/443/443
f 443/443/443 444/444/444 446/446/446 445/445/445
f 445/445/445 446/446/446 448/448/448 447/447/447
f 447/447/447 448/448/448 450/450/450 449/449/449
f 449/449/449 450/450/450 452/452/452 451/451/451
f 451/451/451 452/452/452 454/454/454 453/453/453
f 453/453/453 454/454/454 456/456/456 455/455/455
f 455/455/455 456/456/456 458/458/458 457/457/457
f 457/457/457 458/458/458 460/460/460 459/459/459
f 459/459/459 460/460/460 462/462/462 461/461/461
f 461/461/461 462/462/462 464/464/464 463/463/463
f 463/463/463 464/464/464 466/466/466 465/465/465
f 465/465/465 466/466/466 468/468/468 467/467/467
f 467/467/467 468/468/468 470/470/470 469/469/469
f 469/469/469 470/470/470 472/472/472 471/471/471
f 471/471/471 472/472/472 474/474/474 473/473/473
f 473/473/473 474/474/474 476/476/476 475/475/475
f 475/475/475 476/476/476 478/478/478 477/477/477
f 477/477/477 478/478/478 480/480/480 479/479/479
f 479/479/479 480/480/480 442/442/442 441/441/441
f 481/481/481 482/482/482 484/484/484 483/483/483
f 483/483/483 484/484/484 486/486/486 485/485/485
f 485/485/485 486/486/486 488/488/488 487/487/487
f 487/487/487 488/488/488 490/490/490 489/489/489
f 489/489/489 490/490/490 492/492/492 491/491/491
f 491/491/491 492/492/492 494/494/494 493/493/493
f 493/493/493 494/494/494 496/496/496 495/495/495
f 495/495/495 496/496/496 498/498/498 497/497/497
f 497/497/497 498/498/498 500/500/500 499/499/499
f 499/499/499 500/500/500 502/502/502 501/501/501
f 501/501/501 502/502/502 504/504/504 503/503/503
f 503/503/503 504/504/504 506/506/506 505/505/505
f 505/505/505 506/506/506 508/508/508 507/507/507
f 507/507/507 508/508/508 510/510/510 509/509/509
f 509/509/509 510/510/510 512/512/512 511/511/511
f 511/511/511 512/512/512 514/514/514 513/513/513
f 513/513/513 514/514/514 516/516/516 515/515/515
f 515/515/515 516/516/516 518/518/518 517/517/517
f 517/517/517 518/518/518 520/520/520 519/519/519
f 519/519/519 520/520/520 482/482/482 481/481/481
f 521/521/521 522/522/522 524/524/524 523/523/523
f 523/523/523 524/524/524 526/526/526 525/525/525
f 525/525/525 526/526/526 528/528/528 527/527/527
f 527/527/527 528/528/528 530/530/530 529/529/529
f 529/529/529 530/530/530 532/532/532 531/531/531
f 531/531/531 532/532/532 534/534/534 533/533/533
f 533/533/533 534/534/534 536/536/536 535/535/535
f 535/535/535 536/536/536 538/538/538 537/537/537
f 537/537/537 538/538/538 540/540/540 539/539/539
f 539/539/539 540/540/540 542/542/542 541/541/541
f 541/541/541 542/542/542 544/544/544 543/543/543
f 543/543/543 544/544/544 546/546/546 545/545/545
f 545/545/545 546/546/546 548/548/548 547/547/547
f 547/547/547 548/548/548 550/550/550 549/549/549
f 549/549/549 550/550/550 552/552/552 551/551/551
f 551/551/551 552/552/552 554/554/554 553/553/553
f 553/553/553 554/554/554 556/556/556 555/555/555
f 555/555/555 556/556/556 558/558/558 557/557/557
f 557/557/557 558/558/558 560/560/560 559/559/559
f 559/559/559 560/560/560 522/522/522 521/521/521
f 561/561/561 562/562/562 564/564/564 563/563/563
f 563/563/563 564/564/564 566/566/566 565/565/565
f 565/565/565 566/566/566 568/568/568 567/567/567
f 567/567/567 568/568/568 570/570/570 569/569/569
f 569/569/569 570/570/570 572/572/572 571/571/571
f 571/571/571 572/572/572 574/574/574 573/573/573
f 573/573/573 574/574/574 576/576/576 575/575/575
f 575/575/575 576/576/576 578/578/578 577/577/577
f 577/577/577 578/578/578 580/580/580 579/579/579
f 579/579/579 580/580/580 582/582/582 581/581/581
f 581/581/581 582/582/582 584/584/584 583/583/583
f 583/583/583 584/584/584 586/586/586 585/585/585
f 585/585/585 586/586/586 588/588/588 587/587/587
f 587/587/587 588/588/588 590/590/590 589/589/589
f 589/589/589 590/590/590 592/592/592 591/591/591
f 591/591/591 592/592/592 594/594/594 593/593/593
f 593/593/593 594/594/594 596/596/596 595/595/595
f 595/595/595 596/596/596 598/598/598 597/597/597
f 597/597/597 598/598/598 600/600/600 599/599/599
f 599/599/599 600/600/600 562/562/562 561/561/561
f 601/601/601 602/602/602 604/604/604 603/603/603
f 603/603/603 604/604/604 606/606/606 605/605/605
f 605/605/605 606/606/606 608/608/608 607/607/607
f 607/607/607 608/608/608 610/610/610 609/609/609
f 609/609/609 610/610/610 612/612/612 611/611/611
f 611/611/611 612/612/612 614/614/614 613/613/613
f 613/613/613 614/614/614 616/616/616 615/615/615
f 615/615/615 616/616/616 618/618/618 617/617/617
f 617/617/617 618/618/618 620/620/620 619/619/619
f 619/619/619 620/620/620 622/622/622 621/621/621
f 621/621/621 622/622/622 624/624/624 623/623/623
f 623/623/623 624/624/624 626/626/626 625/625/625
f 625/625/625 626/626/626 628/628/628 627/627/627
f 627/627/627 628/628/628 630/630/630 629/629/629
f 629/629/629 630/630/630 632/632/632 631/631/631
f 631/631/631 632/632/632 634/634/634 633/633/633
f 633/633/633 634/634/634 636/636/636 635/635/635
f 635/635/635 636/636/636 638/638/638 637/637/637
f 637/637/637 638/638/638 640/640/640 639/639/639
f 639/639/639 640/640/640 602/602/602 601/601/601
f 641/641/641 642/642/642 644/644/644 643/643/643
f 643/643/643 644/644/644 646/646/646 645/645/645
f 645/645/645 646/646/646 648/648/648 647/647/647
f 647/647/647 648/648/648 650/650/650 649/649/649
f 649/649/649 650/650/650 652/652/652 651/651/651
f 651/651/651 652/652/652 654/654/654 653/653/653
f 653/653/653 654/654/654 656/656/656 655/655/655
f 655/655/655 656/656/656 658/658/658 657/657/657
f 657/657/657 658/658/658 660/660/660 659/659/659
f 659/659/659 660/660/660 662/662/662 661/661/661
f 661/661/661 662/662/662 664/664/664 663/663/663
f 663/663/663 664/664/664 666/666/666 665/665/665
f 665/665/665 666/666/666 668/668/668 667/667/667
f 667/667/667 668/668/668 670/670/670 669/669/669
f 669/669/669 670/670/670 672/672/672 671/671/671
f 671/671/671 672/672/672 674/674/674 673/673/673
f 673/673/673 674/674/674 676/676/676 675/675/675
f 675/675/675 676/676/676 678/678/678 677/677/677
f 677/677/677 678/678/678 680/680/680 679/679/679
f 679/679/679 680/680/680 642/642/642 641/641/641
f 681/681/681 682/682/682 684/684/684 683/683/683
f 683/683/683 684/684/684 686/686/686 685/685/685
f 685/685/685 686/686/686 688/688/688 687/687/687
f 687/687/687 688/688/688 690/690/690 689/689/689
f 689/689/689 690/690/690 692/692/692 691/691/691
f 691/691/691 692/692/692 694/694/694 693/693/693
f 693/693/693 694/694/694 696/696/696 695/695/695
f 695/695/695 696/696/696 698/698/698 697/697/697
f 697/697/697 698/698/698 700/700/700 699/699/699
f 699/699/699 700/700/700 702/702/702 701/701/701
f 701/701/701 702/702/702 704/704/704 703/703/703
f 703/703/703 704/704/704 706/706/706 705/705/705
f 705/705/705 706/706/706 708/708/708 707/707/707
f 707/707/707 708/708/708 710/710/710 709/709/709
f 709/709/709 710/710/710 712/712/712 711/711/711
f 711/711/711 712/712/712 714/714/714 713/713/713
f 713/713/713 714/714/714 716/716/716 715/715/715
f 715/715/715 716/716/716 718/718/718 717/717/717
f 717/717/717 718/718/718 720/720/720 719/719/719
f 719/719/719 720/720/720 682/682/682 681/681/681
f 721/721/721 722/722/722 724/724/724 723/723/723
f 723/723/723 724/724/724 726/726/726 725/725/725
f 725/725/725 726/726/726 728/728/728 727/727/727
f 727/727/727 728/728/728 730/730/730 729/729/729
f 729/729/729 730/730/730 732/732/732 731/731/731
f 731/731/731 732/732/732 734/734/734 733/733/733
f 733/733/733 734/734/734 736/736/736 735/735/735
f 735/735/735 736/736/736 738/738/738 737/737/737
f 737/737/737 738/738/738 740/740/740 739/739/739
f 739/739/739 740/740/740 742/742/742 741/741/741
f 741/741/741 742/742/742 744/744/744 743/743/743
f 743/743/743 744/744/744 746/746/746 745/745/745
f 745/745/745 746/746/746 748/748/748 747/747/747
f 747/747/747 748/748/748 750/750/750 749/749/749
f 749/749/749 750/750/750 752/752/752 751/751/751
f 751/751/751 752/752/752 754/754/754 753/753/753
f 753/753/753 754/754/754 756/756/756 755/755/755
f 755/755/755 756/756/756 758/758/758 757/757/757
f 757/757/757 758/758/758 760/760/760 759/759/759
f 759/759/759 760/760/760 722/722/722 721/721/721
f 761/761/761 762/762/762 764/764/764 763/763/763
f 763/763/763 764/764/764 766/766/766 765/765/765
f 765/765/765 766/766/766 768/768/768 767/767/767
f 767/767/767 768/768/768 770/770/770 769/769/769
f 769/769/769 770/770/770 772/772/772 771/771/771
f 771/771/771 772/772/772 774/774/774 773/773/773
f 773/773/773 774/774/774 776/776/776 775/775/775
f 775/775/775 776/776/776 778/778/778 777/777/777
f 777/777/777 778/778/778 780/780/780 779/779/779
f 779/779/779 780/780/780 782/782/782 781/781/781
f 781/781/781 782/782/782 784/784/784 783/783/783
f 783/783/783 784/784/784 786/786/786 785/785/785
f 785/785/785 786/786/786 788/788/788 787/787/787
f 787/787/787 788/788/788 790/790/790 789/789/789
f 789/789/789 790/790/790 792/792/792 791/791/791
f 791/791/791 792/792/792 794/794/794 793/793/793
f 793/793/793 794/794/794 796/796/796 795/795/795
f 795/795/795 796/796/796 798/798/798 797/797/797
f 797/797/797 798/798/798 800/800/800 799/799/799
f 799/799/799 800/800/800 762/762/762 761/761/761
f 801/801/801 802/802/802 804/804/804 803/803/803
f 803/803/803 804/804/804 806/806/806 805/805/805
f 805/805/805 806/806/806 808/808/808 807/807/807
f 807/807/807 808/808/808 810/810/810 809/809/809
f 809/809/809 810/810/810 812/812/812 811/811/811
f 811/811/811 812/812/812 814/814/814 813/813/813
f 813/813/813 814/814/814 816/816/816 815/815/815
f 815/815/815 816/816/816 818/818/818 817/817/817
f 817/817/817 818/818/818 820/820/820 819/819/819
f 819/819/819 820/820/820 822/822/822 821/821/821
f 821/821/821 822/822/822 824/824/824 823/823/823
f 823/823/823 824/824/824 826/826/826 825/825/825
f 825/825/825 826/826/826 828/828/828 827/827/827
f 827/827/827 828/828/828 830/830/830 829/829/829
f 829/829/829 830/830/830 832/832/832 831/831/831
f 831/831/831 832/832/832 834/834/834 833/833/833
f 833/833/833 834/834/834 836/836/836 835/835/835
f 835/835/835 836/836/836 838/838/838 837/837/837
f 837/837/837 838/838/838 840/840/840 839/839/839
f 839/839/839 840/840/840 802/802/802 801/801/801
f 841/841/841 842/842/842 844/844/844 843/843/843
f 843/843/843 844/844/844 846/846/846 845/845/845
f 845/845/845 846/846/846 848/848/848 847/847/847
f 847/847/847 848/848/848 850/850/850 849/849/849
f 849/849/849 850/850/850 852/852/852 851/851/851
f 851/851/851 852/852/852 854/854/854 853/853/853
f 853/853/853 854/854/854 856/856/856 855/855/855
f 855/855/855 856/856/856 858/858/858 857/857/857
f 857/857/857 858/858/858 860/860/860 859/859/859
f 859/859/859 860/860/860 862/862/862 861/861/861
f 861/861/861 862/862/862 864/864/864 863/863/863
f 863/863/863 864/864/864 866/866/866 865/865/865
f 865/865/865 866/866/866 868/868/868 867/867/867
f 867/867/867 868/868/868 870/870/870 869/869/869
f 869/869/869 870/870/870 872/872/872 871/871/871
f 871/871/871 872/872/872 874/874/874 873/873/873
f 873/873/873 874/874/874 876/876/876 875/875/875
f 875/875/875 876/876/876 878/878/878 877/877/877
f 877/877/877 878/878/878 880/880/880 879/879/879
f 879/879/879 880/880/880 842/842/842 841/841/841
f 881/881/881 882/882/882 884/884/884 883/883/883
f 883/883/883 884/884/884 886/886/886 885/885/885
f 885/885/885 886/886/886 888/888/888 887/887/887
f 887/887/887 888/888/888 890/890/890 889/889/889
f 889/889/889 890/890/890 892/892/892 891/891/891
f 891/891/891 892/892/892 894/894/894 893/893/893
f 893/893/893 894/894/894 896/896/896 895/895/895
f 895/895/895 896/896/896 898/898/898 897/897/897
f 897/897/897 898/898/898 900/900/900 899/899/899
f 899/899/899 900/900/900 902/902/902 901/901/901
f 901/901/901 902/902/902 904/904/904 903/903/903
f 903/903/903 904/904/904 906/906/906 905/905/905
f 905/905/905 906/906/906 908/908/908 907/907/907
f 907/907/907 908/908/908 910/910/910 909/909/909
f 909/909/909 910/910/910 912/912/912 911/911/911
f 911/911/911 912/912/912 914/914/914 913/913/913
f 913/913/913 914/914/914 916/916/916 915/915/915
f 915/915/915 916/916/916 918/918/918 917/917/917
f 917/917/917 918/918/918 920/920/920 919/919/919
f 919/919/919 920/920/920 882/882/882 881/881/881
f 921/921/921 922/922/922 924/924/924 923/923/923
f 923/923/923 924/924/924 926/926/926 925/925/925
f 925/925/925 926/926/926 928/928/928 927/927/927
f 927/927/927 928/928/928 930/930/930 929/929/929
f 929/929/929 930/930/930 932/932/932 931/931/931
f 931/931/931 932/932/932 934/934/934 933/933/933
f 933/933/933 934/934/934 936/936/936 935/935/935
f 935/935/935 936/936/936 938/938/938 937/937/937
f 937/937/937 938/938/938 940/940/940 939/939/939
f 939/939/939 940/940/940 942/942/942 941/941/941
f 941/941/941 942/942/942 944/944/944 943/943/943
f 943/943/943 944/944/944 946/946/946 945/945/945
f 945/945/945 946/946/946 948/948/948 947/947/947
f 947/947/947 948/948/948 950/950/950 949/949/949
f 949/949/949 950/950/950 952/952/952 951/951/951
f 951/951/951 952/952/952 954/954/954 953/953/953
f 953/953/953 954/954/954 956/956/956 955/955/955
f 955/955/955 956/956/956 958/958/958 957/957/957
f 957/957/957 958/958/958 960/960/960 959/959/959
f 959/959/959 960/960/960 922/922/922 921/921/921
f 961/961/961 962/962/962 964/964/964 963/963/963
f 963/963/963 964/964/964 966/966/966 965/965/965
f 965/965/965 966/966/966 968/968/968 967/967/967
f 967/967/967 968/968/968 970/970/970 969/969/969
f 969/969/969 970/970/970 972/972/972 971/971/971
f 971/971/971 972/972/972 974/974/974 973/973/973
f 973/973/973 974/974/974 976/976/976 975/975/975
f 975/975/975 976/976/976 978/978/978 977/977/977
f 977/977/977 978/978/978 980/980/980 979/979/979
f 979/979/979 980/980/980 982/982/982 981/981/981
f 981/981/981 982/982/982 984/984/984 983/983/983
f 983/983/983 984/984/984 986/986/986 985/985/985
f 985/985/985 986/986/986 988/988/988 987/987/987
f 987/987/987 988/988/988 990/990/990 989/989/989
f 989/989/989 990/990/990 992/992/992 991/991/991
f 991/991/991 992/992/992 994/994/994 993/993/993
f 993/993/993 994/994/994 996/996/996 995/995/995
f 995/995/995 996/996/996 998/998/998 997/997/997
f 997/997/997 998/998/998 1000/1000/1000 999/999/999
f 999/999/999 1000/1000/1000 962/962/962 961/961/961
f 1001/1001/1001 1002/1002/1002 1004/1004/1004 1003/1003/1003
f 1003/1003/1003 1004/1004/1004 1006/1006/1006 1005/1005/1005
f 1005/1005/1005 1006/1006/1006 1008/1008/1008 1007/1007/1007
f 1007/1007/1007 1008/1008/1008 1010/1010/1010 1009/1009/1009
f 1009/1009/1009 1010/1010/1010 1012/1012/1012 1011/1011/1011
f 1011/1011/1011 1012/1012/1012 1014/1014/1014 1013/1013/1013
f 1013/1013/1013 1014/1014/1014 1016/1016/1016 1015/1015/1015
f 1015/1015/1015 1016/1016/1016 1018/1018/1018 1017/1017/1017
f 1017/1017/1017 1018/1018/1018 1020/1020/1020 1019/1019/1019
f 1019/1019/1019 1020/1020/1020 1022/1022/1022 1021/1021/1021
f 1021/1021/1021 1022/1022/1022 1024/1024/1024 1023/1023/1023
f 1023/1023/1023 1024/1024/1024 1026/1026/1026 1025/1025/1025
f 1025/1025/1025 1026/1026/1026 1028/1028/1028 1027/1027/1027
f 1027/1027/1027 1028/1028/1028 1030/1030/1030 1029/1029/1029
f 1029/1029/1029 1030/1030/1030 1032/1032/1032 1031/1031/1031
f 1031/1031/1031 1032/1032/1032 1034/1034/1034 1033/1033/1033
f 1033/1033/1033 1034/1034/1034 1036/1036/1036 1035/1035/1035
f 1035/1035/1035 1036/1036/1036 1038/1038/1038 1037/1037/1037
f 1037/1037/1037 1038/1038/1038 1040/1040/1040 1039/1039/1039
f 1039/1039/1039 1040/1040/1040 1002/1002/1002 1001/1001/1001
f 1041/1041/1041 1042/1042/1042 1044/1044/1044 1043/1043/1043
f 1043/1043/1043 1044/1044/1044 1046/1046/1046 1045/1045/1045
f 1045/1045/1045 1046/1046/1046 1048/1048/1048 1047/1047/1047
f 1047/1047/1047 1048/1048/1048 1050/1050/1050 1049/1049/1049
f 1049/1049/1049 1050/1050/1050 1052/1052/1052 1051/1051/1051
f 1051/1051/1051 1052/1052/1052 1054/1054/1054 1053/1053/1053
f 1053/1053/1053 1054/1054/1054 1056/1056/1056 1055/1055/1055
f 1055/1055/1055 1056/1056/1056 1058/1058/1058 1057/1057/1057
f 1057/1057/1057 1058/1058/1058 1060/1060/1060 1059/1059/1059
f 1059/1059/1059 1060/1060/1060 1062/1062/1062 1061/1061/1061
f 1061/1061/1061 1062/1062/1062 1064/1064/1064 1063/1063/1063
f 1063/1063/1063 1064/1064/1064 1066/1066/1066 1065/1065/1065
f 1065/1065/1065 1066/1066/1066 1068/1068/1068 1067/1067/1067
f 1067/1067/1067 1068/1068/1068 1070/1070/1070 1069/1069/1069
f 1069/1069/1069 1070/1070/1070 1072/1072/1072 1071/1071/1071
f 1071/1071/1071 1072/1072/1072 1074/1074/1074 1073/1073/1073
f 1073/1073/1073 1074/1074/1074 1076/1076/1076 1075/1075/1075
f 1075/1075/1075 1076/1076/1076 1078/1078/1078 1077/1077/1077
f 1077/1077/1077 1078/1078/1078 1080/1080/1080 1079/1079/1079
f 1079/1079/1079 1080/1080/1080 1042/1042/1042 1041/1041/1041
f 1081/1081/1081 1082/1082/1082 1084/1084/1084 1083/1083/1083
f 1083/1083/1083 1084/1084/1084 1086/1086/1086 1085/1085/1085
f 1085/1085/1085 1086/1086/1086 1088/1088/1088 1087/1087/1087
f 1087/1087/1087 1088/1088/1088 1090/1090/1090 1089/1089/1089
f 1089/1089/1089 1090/1090/1090 1092/1092/1092 1091/1091/1091
f 1091/1091/1091 1092/1092/1092 1094/1094/1094 1093/1093/1093
f 1093/1093/1093 1094/1094/1094 1096/1096/1096 1095/1095/1095
f 1095/1095/1095 1096/1096/1096 1098/1098/1098 1097/1097/1097
f 1097/1097/1097 1098/1098/1098 1100/1100/1100 1099/1099/1099
f 1099/1099/1099 1100/1100/1100 1102/1102/1102 1101/1101/1101
f 1101/1101/1101 1102/1102/1102 1104/1104/1104 1103/1103/1103
f 1103/1103/1103 1104/1104/1104 1106/1106/1106 1105/1105/1105
f 1105/1105/1105 1106/1106/1106 1108/1108/1108 1107/1107/1107
f 1107/1107/1107 1108/1108/1108 1110/1110/1110 1109/1109/1109
f 1109/1109/1109 1110/1110/1110 1112/1112/1112 1111/1111/1111
f 1111/1111/1111 1112/1112/1112 1114/1114/1114 1113/1113/1113
f 1113/1113/1113 1114/1114/1114 1116/1116/1116 1115/1115/1115
f 1115/1115/1115 1116/1116/1116 1118/1118/1118 1117/1117/1117
f 1117/1117/1117 1118/1118/1118 1120/1120/1120 1119/1119/1119
f 1119/1119/1119 1120/1120/1120 1082/1082/1082 1081/1081/1081
f 1121/1121/1121 1122/1122/1122 1124/1124/1124 1123/1123/1123
f 1123/1123/1123 1124/1124/1124 1126/1126/1126 1125/1125/1125
f 1125/1125/1125 1126/1126/1126 1128/1128/1128 1127/1127/1127
f 1127/1127/1127 1128/1128/1128 1130/1130/1130 1129/1129/1129
f 1129/1129/1129 1130/1130/1130 1132/1132/1132 1131/1131/1131
f 1131/1131/1131 1132/1132/1132 1134/1134/1134 1133/1133/1133
f 1133/1133/1133 1134/1134/1134 1136/1136/1136 1135/1135/1135
f 1135/1135/1135 1136/1136/1136 1138/1138/1138 1137/1137/1137
f 1137/1137/1137 1138/1138/1138 1140/1140/1140 1139/1139/1139
f 1139/1139/1139 1140/1140/1140 1142/1142/1142 1141/1141/1141
f 1141/1141/1141 1142/1142/1142 1144/1144/1144 1143/1143/1143
f 1143/1143/1143 1144/1144/1144 1146/1146/1146 1145/1145/1145
f 1145/1145/1145 1146/1146/1146 1148/1148/1148 1147/1147/1147
f 1147/1147/1147 1148/1148/1148 1150/1150/1150 1149/1149/1149
f 1149/1149/1149 1150/1150/1150 1152/1152/1152 1151/1151/1151
f 1151/1151/1151 1152/1152/1152 1154/1154/1154 1153/1153/1153
f 1153/1153/1153 1154/1154/1154 1156/1156/1156 1155/1155/1155
f 1155/1155/1155 1156/1156/1156 1158/1158/1158 1157/1157/1157
f 1157/1157/1157 1158/1158/1158 1160/1160/1160 1159/1159/1159
f 1159/1159/1159 1160/1160/1160 1122/1122/1122 1121/1121/1121
# 580 polygons
